Could not chdir to home directory /root: No such file or directory
[m[0;32;32m1970-01-01 02:54:58.16|I|2318451|lpHids [idslib] [module_process] 0013 --- abnormal_proc_alarm_callback >>> [info] debug>>process alarm [/ifs/bin/grep UCM]
[m[1;33m1970-01-01 02:54:59.873|W|143327361|lpUCM [fds.cpp:FDS_printVerInfo:64] Compiled on: Nov 24 2025 at 05:36:35
[m[1;33m1970-01-01 02:54:59.873|W|143327361|lpUCM [fds.cpp:FDS_printVerInfo:66] ********************VERSION*******************
[m[1;33m1970-01-01 02:54:59.873|W|143327361|lpUCM [fds.cpp:FDS_printVerInfo:67] Branch     : 
[m[1;33m1970-01-01 02:54:59.873|W|143327361|lpUCM [fds.cpp:FDS_printVerInfo:68] Commit Hash: 8a4f7e9a3166a94e10220e6675de38faa1ed7094
[m[1;33m1970-01-01 02:54:59.873|W|143327361|lpUCM [fds.cpp:FDS_printVerInfo:69] Commit Time: 2025-11-21 19:04:30 +0800
[m[1;33m1970-01-01 02:54:59.873|W|143327361|lpUCM [fds.cpp:FDS_printVerInfo:70] **********************************************
[m[0;32;32m1970-01-01 02:54:59.873|I|143327361|lpUCM [8650_handler.c:FDS_idhGetDescTable:44] descTable is 100be9e0, g_idhTbl is 1011d120, size = 5
[m[0;32;32m1970-01-01 02:54:59.882|I|143327361|lpUCM [fds.cpp:main:99] start upgrade by local file: /opt/data/fota/LP-ADDC050-AA_V1.02.0014F_D_20251218.icsw
[m[0;32;32m1970-01-01 02:54:59.882|I|143327361|lpUCM [upa.c:FDS_upaSetSilenceMode:236] FDS_upaSetSilenceMode
[m[0;32;32m1970-01-01 02:54:59.882|I|143327361|lpUCM IpcKeyValueClient construct
[m[1;33m1970-01-01 02:54:59.893|W|143327361|lpUCM IpcClientChannel open suc, retries: 0 
[m[0;32;32m1970-01-01 02:54:59.893|I|143327361|lpUCM IpcKeyValueClient::init ipcclient suc
[m[0;32;32m1970-01-01 02:54:59.893|I|143327361|lpUCM DbKeyValueStorage construct.
[m[0;32;32m1970-01-01 02:54:59.893|I|143327361|lpUCM DbKeyValueStorage::Init filename:/opt/data/config/appData.db, filebackname:/opt/data/config/appData.dbbak
[m[0;32;31m1970-01-01 02:54:59.897|E|143327361|lpUCM getvalue uselast sqlite3_step err:101
[m[0;32;31m1970-01-01 02:54:59.897|E|143327361|lpUCM getvalue uselast sqlite3_step err:101
[m[0;32;32m1970-01-01 02:54:59.897|I|143327361|lpUCM db backup thread begin.
[m[0;32;32m1970-01-01 02:54:59.897|I|143327361|lpUCM DbKeyValueStorage init succ.
[m[0;32;32m1970-01-01 02:54:59.898|I|143327361|lpUCM PER_storageCreate create success
[m[1;33m1970-01-01 02:54:59.898|W|2207750|lpPer DbAdapter::SetValue setvalue key: CAL_NOFEELUP_VALIDFLAG, value: 0x00 , authority: lpUCM
[m[0;32;32m1970-01-01 02:54:59.899|I|143327361|lpUCM IpcKeyValueClient deconstruct
[m[0;32;32m1970-01-01 02:55:00.899|I|143327361|lpUCM db backup thread end.
[m[0;32;32m1970-01-01 02:55:00.899|I|143327361|lpUCM DbKeyValueStorage deconstruct.
[m[0;32;32m1970-01-01 02:55:00.899|I|143327361|lpUCM PerClient deconstruct
[m[0;32;32m1970-01-01 02:55:00.899|I|143327361|lpUCM [file.c:FDS_fileMkDir:274] Directory /opt/data/fota/ already exists
[m[0;32;31m1970-01-01 02:55:00.900|E|143327361|lpUCM [img.c:FDS_imgGetVal:37] [scripts] FDS_cfgGetSubNodeByName fail 
[m[1;33m1970-01-01 02:55:00.900|W|143327361|lpUCM [dum.c:FDS_dumConvertSwtchAB:151] STUB !!!
[m[0;32;32m1970-01-01 02:55:00.900|I|143327361|lpUCM [scm.c:FDS_scmOnHandleFile:926] offset:7384
[m[1;33m1970-01-01 02:55:00.900|W|143327361|lpUCM [dum.c:FDS_dumGetProduct:98] STUB !!!
[m[1;33m1970-01-01 02:55:00.900|W|143327361|lpUCM [dum.c:FDS_dumGetProduct:141] product:LP-ADDC050-AA
[m[0;32;32m1970-01-01 02:55:00.900|I|143327361|lpUCM IpcKeyValueClient construct
[m[1;33m1970-01-01 02:55:00.900|W|143327361|lpUCM IpcClientChannel open suc, retries: 0 
[m[0;32;32m1970-01-01 02:55:00.900|I|143327361|lpUCM IpcKeyValueClient::init ipcclient suc
[m[0;32;32m1970-01-01 02:55:00.900|I|143327361|lpUCM DbKeyValueStorage construct.
[m[0;32;32m1970-01-01 02:55:00.900|I|143327361|lpUCM DbKeyValueStorage::Init filename:/opt/data/config/appData.db, filebackname:/opt/data/config/appData.dbbak
[m[0;32;31m1970-01-01 02:55:00.902|E|143327361|lpUCM getvalue uselast sqlite3_step err:101
[m[0;32;31m1970-01-01 02:55:00.902|E|143327361|lpUCM getvalue uselast sqlite3_step err:101
[m[0;32;32m1970-01-01 02:55:00.902|I|143327361|lpUCM db backup thread begin.
[m[0;32;32m1970-01-01 02:55:00.902|I|143327361|lpUCM DbKeyValueStorage init succ.
[m[0;32;32m1970-01-01 02:55:00.902|I|143327361|lpUCM PER_storageCreate create success
[m[0;32;32m1970-01-01 02:55:00.903|I|143327361|lpUCM [upa.c:FDS_upaCmpSwVersion:51] FDS_upaCmpSwVersion throuth pia 3.11.25
[m[1;33m1970-01-01 02:55:00.903|W|143327361|lpUCM [upa.c:FDS_upaCmpSwVersion:64] packect_version 1.02.0014F curversion 3.11.25 
[m[0;32;32m1970-01-01 02:55:00.903|I|143327361|lpUCM IpcKeyValueClient deconstruct
[m[0;32;32m1970-01-01 02:55:01.903|I|143327361|lpUCM db backup thread end.
[m[0;32;32m1970-01-01 02:55:01.903|I|143327361|lpUCM DbKeyValueStorage deconstruct.
[m[0;32;32m1970-01-01 02:55:01.903|I|143327361|lpUCM PerClient deconstruct
[m[0;32;31m1970-01-01 02:55:01.903|E|143327361|lpUCM [scm.c:FDS_scmSendError:143] 2208,-1,version cannot be rolled back
[m[0;32;31m1970-01-01 02:55:01.903|E|143327361|lpUCM [scm.c:FDS_scmCheckCompatibility:678] abnormal sw compatibility 
[m[0;32;31m1970-01-01 02:55:01.903|E|143327361|lpUCM [scm.c:FDS_scmOnHandleFile:930] check HW compatibility fail
[m[0;32;32m1970-01-01 02:55:01.903|I|143327361|lpUCM [scm.c:FDS_scmUpgradeFromFile:1017] handle file result:-1
[m[0;32;32m1970-01-01 02:57:11.655|I|2318451|lpHids [idslib] [module_process] 0013 --- abnormal_proc_alarm_callback >>> [info] debug>>process alarm [/ifs/bin/grep UCM]
[m[1;33m1970-01-01 02:57:13.641|W|145916041|lpUCM [fds.cpp:FDS_printVerInfo:64] Compiled on: Nov 24 2025 at 05:36:35
[m[1;33m1970-01-01 02:57:13.641|W|145916041|lpUCM [fds.cpp:FDS_printVerInfo:66] ********************VERSION*******************
[m[1;33m1970-01-01 02:57:13.641|W|145916041|lpUCM [fds.cpp:FDS_printVerInfo:67] Branch     : 
[m[1;33m1970-01-01 02:57:13.641|W|145916041|lpUCM [fds.cpp:FDS_printVerInfo:68] Commit Hash: 8a4f7e9a3166a94e10220e6675de38faa1ed7094
[m[1;33m1970-01-01 02:57:13.641|W|145916041|lpUCM [fds.cpp:FDS_printVerInfo:69] Commit Time: 2025-11-21 19:04:30 +0800
[m[1;33m1970-01-01 02:57:13.641|W|145916041|lpUCM [fds.cpp:FDS_printVerInfo:70] **********************************************
[m[0;32;32m1970-01-01 02:57:13.641|I|145916041|lpUCM [8650_handler.c:FDS_idhGetDescTable:44] descTable is 100be9e0, g_idhTbl is 1011d120, size = 5
[m[0;32;32m1970-01-01 02:57:13.648|I|145916041|lpUCM [fds.cpp:main:99] start upgrade by local file: /opt/data/fota/LP-ADDC050-AA_V1.02.0014F_D_20251218.icsw
[m[0;32;32m1970-01-01 02:57:13.648|I|145916041|lpUCM [upa.c:FDS_upaSetSilenceMode:236] FDS_upaSetSilenceMode
[m[0;32;32m1970-01-01 02:57:13.648|I|145916041|lpUCM IpcKeyValueClient construct
[m[1;33m1970-01-01 02:57:13.660|W|145916041|lpUCM IpcClientChannel open suc, retries: 0 
[m[0;32;32m1970-01-01 02:57:13.660|I|145916041|lpUCM IpcKeyValueClient::init ipcclient suc
[m[0;32;32m1970-01-01 02:57:13.660|I|145916041|lpUCM DbKeyValueStorage construct.
[m[0;32;32m1970-01-01 02:57:13.660|I|145916041|lpUCM DbKeyValueStorage::Init filename:/opt/data/config/appData.db, filebackname:/opt/data/config/appData.dbbak
[m[0;32;31m1970-01-01 02:57:13.665|E|145916041|lpUCM getvalue uselast sqlite3_step err:101
[m[0;32;31m1970-01-01 02:57:13.665|E|145916041|lpUCM getvalue uselast sqlite3_step err:101
[m[0;32;32m1970-01-01 02:57:13.665|I|145916041|lpUCM db backup thread begin.
[m[0;32;32m1970-01-01 02:57:13.665|I|145916041|lpUCM DbKeyValueStorage init succ.
[m[0;32;32m1970-01-01 02:57:13.666|I|145916041|lpUCM PER_storageCreate create success
[m[1;33m1970-01-01 02:57:13.666|W|2207750|lpPer DbAdapter::SetValue setvalue key: CAL_NOFEELUP_VALIDFLAG, value: 0x00 , authority: lpUCM
[m[0;32;32m1970-01-01 02:57:13.668|I|145916041|lpUCM IpcKeyValueClient deconstruct
[m[0;32;32m1970-01-01 02:57:14.666|I|145916041|lpUCM db backup thread end.
[m[0;32;32m1970-01-01 02:57:14.666|I|145916041|lpUCM DbKeyValueStorage deconstruct.
[m[0;32;32m1970-01-01 02:57:14.666|I|145916041|lpUCM PerClient deconstruct
[m[0;32;32m1970-01-01 02:57:14.666|I|145916041|lpUCM [file.c:FDS_fileMkDir:274] Directory /opt/data/fota/ already exists
[m[0;32;31m1970-01-01 02:57:14.667|E|145916041|lpUCM [img.c:FDS_imgGetVal:37] [scripts] FDS_cfgGetSubNodeByName fail 
[m[1;33m1970-01-01 02:57:14.667|W|145916041|lpUCM [dum.c:FDS_dumConvertSwtchAB:151] STUB !!!
[m[0;32;32m1970-01-01 02:57:14.667|I|145916041|lpUCM [scm.c:FDS_scmOnHandleFile:926] offset:7384
[m[1;33m1970-01-01 02:57:14.667|W|145916041|lpUCM [dum.c:FDS_dumGetProduct:98] STUB !!!
[m[1;33m1970-01-01 02:57:14.667|W|145916041|lpUCM [dum.c:FDS_dumGetProduct:141] product:LP-ADDC050-AA
[m[0;32;32m1970-01-01 02:57:14.667|I|145916041|lpUCM IpcKeyValueClient construct
[m[1;33m1970-01-01 02:57:14.667|W|145916041|lpUCM IpcClientChannel open suc, retries: 0 
[m[0;32;32m1970-01-01 02:57:14.667|I|145916041|lpUCM IpcKeyValueClient::init ipcclient suc
[m[0;32;32m1970-01-01 02:57:14.667|I|145916041|lpUCM DbKeyValueStorage construct.
[m[0;32;32m1970-01-01 02:57:14.667|I|145916041|lpUCM DbKeyValueStorage::Init filename:/opt/data/config/appData.db, filebackname:/opt/data/config/appData.dbbak
[m[0;32;31m1970-01-01 02:57:14.669|E|145916041|lpUCM getvalue uselast sqlite3_step err:101
[m[0;32;31m1970-01-01 02:57:14.669|E|145916041|lpUCM getvalue uselast sqlite3_step err:101
[m[0;32;32m1970-01-01 02:57:14.669|I|145916041|lpUCM db backup thread begin.
[m[0;32;32m1970-01-01 02:57:14.669|I|145916041|lpUCM DbKeyValueStorage init succ.
[m[0;32;32m1970-01-01 02:57:14.669|I|145916041|lpUCM PER_storageCreate create success
[m[0;32;32m1970-01-01 02:57:14.670|I|145916041|lpUCM [upa.c:FDS_upaCmpSwVersion:51] FDS_upaCmpSwVersion throuth pia 1.00.000
[m[1;33m1970-01-01 02:57:14.670|W|145916041|lpUCM [upa.c:FDS_upaCmpSwVersion:64] packect_version 1.02.0014F curversion 1.00.000 
[m[0;32;32m1970-01-01 02:57:14.670|I|145916041|lpUCM IpcKeyValueClient deconstruct
[m[0;32;32m1970-01-01 02:57:15.671|I|145916041|lpUCM db backup thread end.
[m[0;32;32m1970-01-01 02:57:15.671|I|145916041|lpUCM DbKeyValueStorage deconstruct.
[m[0;32;32m1970-01-01 02:57:15.671|I|145916041|lpUCM PerClient deconstruct
[m[0;32;32m1970-01-01 02:57:15.671|I|145916041|lpUCM [csm.c:FDS_csmX509ParseValueLength:397] first:0x82, bytes:2, length:0x3b7
[m[0;32;32m1970-01-01 02:57:15.671|I|145916041|lpUCM [csm.c:FDS_csmX509ParseBreadth:462] [0] T:0x30, L:0x3b7, V:111a2044
[m[0;32;32m1970-01-01 02:57:15.671|I|145916041|lpUCM [csm.c:FDS_csmX509ParseValueLength:397] first:0x82, bytes:2, length:0x29f
[m[0;32;32m1970-01-01 02:57:15.671|I|145916041|lpUCM [csm.c:FDS_csmX509ParseValueLength:397] first:0x82, bytes:2, length:0x101
[m[0;32;32m1970-01-01 02:57:15.671|I|145916041|lpUCM [csm.c:FDS_csmX509ParseBreadth:462] [0] T:0x30, L:0x29f, V:111a2048
[m[0;32;32m1970-01-01 02:57:15.671|I|145916041|lpUCM [csm.c:FDS_csmX509ParseBreadth:462] [1] T:0x30, L:0xd, V:111a22e9
[m[0;32;32m1970-01-01 02:57:15.671|I|145916041|lpUCM [csm.c:FDS_csmX509ParseBreadth:462] [2] T:0x03, L:0x101, V:111a22fa
[m[0;32;32m1970-01-01 02:57:15.671|I|145916041|lpUCM [csm.c:FDS_csmX509ParseValueLength:397] first:0x81, bytes:1, length:0x93
[m[0;32;32m1970-01-01 02:57:15.671|I|145916041|lpUCM [csm.c:FDS_csmX509ParseValueLength:397] first:0x82, bytes:2, length:0x122
[m[0;32;32m1970-01-01 02:57:15.671|I|145916041|lpUCM [csm.c:FDS_csmX509ParseBreadth:462] [0] T:0xa0, L:0x3, V:111a204a
[m[0;32;32m1970-01-01 02:57:15.671|I|145916041|lpUCM [csm.c:FDS_csmX509ParseBreadth:462] [1] T:0x02, L:0x8, V:111a204f
[m[0;32;32m1970-01-01 02:57:15.671|I|145916041|lpUCM [csm.c:FDS_csmX509ParseBreadth:462] [2] T:0x30, L:0xd, V:111a2059
[m[0;32;32m1970-01-01 02:57:15.671|I|145916041|lpUCM [csm.c:FDS_csmX509ParseBreadth:462] [3] T:0x30, L:0x6f, V:111a2068
[m[0;32;32m1970-01-01 02:57:15.671|I|145916041|lpUCM [csm.c:FDS_csmX509ParseBreadth:462] [4] T:0x30, L:0x1e, V:111a20d9
[m[0;32;32m1970-01-01 02:57:15.671|I|145916041|lpUCM [csm.c:FDS_csmX509ParseBreadth:462] [5] T:0x30, L:0x93, V:111a20fa
[m[0;32;32m1970-01-01 02:57:15.671|I|145916041|lpUCM [csm.c:FDS_csmX509ParseBreadth:462] [6] T:0x30, L:0x122, V:111a2191
[m[0;32;32m1970-01-01 02:57:15.672|I|145916041|lpUCM [verify.c:FDS_verifyX509Certificate:155] signature length:51
[m[0;32;32m1970-01-01 02:57:15.672|I|145916041|lpUCM [csm.c:FDS_csmX509ParseBreadth:462] [0] T:0x30, L:0x31, V:100bd18a
[m[0;32;32m1970-01-01 02:57:15.672|I|145916041|lpUCM [csm.c:FDS_csmX509ParseBreadth:462] [0] T:0x30, L:0xd, V:100bd18c
[m[0;32;32m1970-01-01 02:57:15.672|I|145916041|lpUCM [csm.c:FDS_csmX509ParseBreadth:462] [1] T:0x04, L:0x20, V:100bd19b
[m[0;32;32m1970-01-01 02:57:15.672|I|145916041|lpUCM [csm.c:FDS_csmGetHashFromSignature:131] outSize:32
[m[0;32;32m1970-01-01 02:57:15.672|I|145916041|lpUCM [csm.c:FDS_csmCalcCertSha256:175] size:32
[m[0;32;32m1970-01-01 02:57:15.672|I|145916041|lpUCM [verify.c:FDS_verifyX509Certificate:179] x509 certificate pass
[m[0;32;32m1970-01-01 02:57:15.672|I|145916041|lpUCM [csm.c:FDS_csmX509ParseValueLength:397] first:0x82, bytes:2, length:0x10f
[m[0;32;32m1970-01-01 02:57:15.672|I|145916041|lpUCM [csm.c:FDS_csmX509ParseBreadth:462] [0] T:0x30, L:0xd, V:111a2193
[m[0;32;32m1970-01-01 02:57:15.672|I|145916041|lpUCM [csm.c:FDS_csmX509ParseBreadth:462] [1] T:0x03, L:0x10f, V:111a21a4
[m[0;32;32m1970-01-01 02:57:15.672|I|145916041|lpUCM [csm.c:FDS_csmGetX509SubjectPublicKey:307] validBuffSize: 0x10e
[m[0;32;32m1970-01-01 02:57:15.672|I|145916041|lpUCM [csm.c:FDS_csmX509ParseValueLength:397] first:0x82, bytes:2, length:0x10a
[m[0;32;32m1970-01-01 02:57:15.672|I|145916041|lpUCM [csm.c:FDS_csmX509ParseBreadth:462] [0] T:0x30, L:0x10a, V:100bc38c
[m[0;32;32m1970-01-01 02:57:15.672|I|145916041|lpUCM [csm.c:FDS_csmX509ParseValueLength:397] first:0x82, bytes:2, length:0x101
[m[0;32;32m1970-01-01 02:57:15.672|I|145916041|lpUCM [csm.c:FDS_csmX509ParseBreadth:462] [0] T:0x02, L:0x101, V:100bc390
[m[0;32;32m1970-01-01 02:57:15.672|I|145916041|lpUCM [csm.c:FDS_csmX509ParseBreadth:462] [1] T:0x02, L:0x3, V:100bc493
[m[0;32;32m1970-01-01 02:57:15.672|I|145916041|lpUCM [csm.c:FDS_csmX509ParseBreadth:462] [0] T:0x30, L:0x31, V:100bd18a
[m[0;32;32m1970-01-01 02:57:15.672|I|145916041|lpUCM [csm.c:FDS_csmX509ParseBreadth:462] [0] T:0x30, L:0xd, V:100bd18c
[m[0;32;32m1970-01-01 02:57:15.672|I|145916041|lpUCM [csm.c:FDS_csmX509ParseBreadth:462] [1] T:0x04, L:0x20, V:100bd19b
[m[0;32;32m1970-01-01 02:57:15.672|I|145916041|lpUCM [csm.c:FDS_csmGetHashFromSignature:131] outSize:32
[m[0;32;32m1970-01-01 02:57:15.672|I|145916041|lpUCM [verify.c:FDS_verifyFirmwareSignature:242] firmware signature pass!!!
[m[0;32;32m1970-01-01 02:57:15.672|I|145916041|lpUCM [verify.c:FDS_verifyFirmwareHash:258] descFileName:/opt/data/fota/sw-description
[m[1;33m1970-01-01 02:57:15.672|W|145916041|lpUCM [verify.c:FDS_verifyFirmwareHash:303] sw-description verify success !!!
[m[1;33m1970-01-01 02:57:15.672|W|145916041|lpUCM [verify.c:FDS_verifyContext:355] verify context success !!!
[m[0;32;32m1970-01-01 02:57:15.672|I|145916041|lpUCM [scm.c:FDS_scmOnHandleFile:936] offset:7384
[m[1;33m1970-01-01 02:57:15.673|W|145916041|lpUCM [scm.c:FDS_scmScanAndVerify:395] cpucp.elf.rawgz:27881, find
[m[1;33m1970-01-01 02:57:15.673|W|145916041|lpUCM [scm.c:FDS_scmScanAndVerify:395] dspfusafw.bin.rawgz:2551637, find
[m[1;33m1970-01-01 02:57:15.689|W|145916041|lpUCM [scm.c:FDS_scmScanAndVerify:395] dspfusalib.bin.rawgz:23607954, find
[m[1;33m1970-01-01 02:57:15.822|W|145916041|lpUCM [scm.c:FDS_scmScanAndVerify:395] NON-HLOS.bin.rawgz:3926094, find
[m[1;33m1970-01-01 02:57:15.845|W|145916041|lpUCM [scm.c:FDS_scmScanAndVerify:395] xbl.elf.rawgz:2836262, find
[m[1;33m1970-01-01 02:57:15.862|W|145916041|lpUCM [scm.c:FDS_scmScanAndVerify:395] xbl_back.elf.rawgz:2836267, find
[m[1;33m1970-01-01 02:57:15.878|W|145916041|lpUCM [scm.c:FDS_scmScanAndVerify:395] xbl_config.elf.rawgz:61135, find
[m[1;33m1970-01-01 02:57:15.878|W|145916041|lpUCM [scm.c:FDS_scmScanAndVerify:395] aop.mbn.rawgz:97346, find
[m[1;33m1970-01-01 02:57:15.879|W|145916041|lpUCM [scm.c:FDS_scmScanAndVerify:395] tz.mbn.rawgz:1479427, find
[m[1;33m1970-01-01 02:57:15.887|W|145916041|lpUCM [scm.c:FDS_scmScanAndVerify:395] abl.elf.rawgz:132472, find
[m[1;33m1970-01-01 02:57:15.888|W|145916041|lpUCM [scm.c:FDS_scmScanAndVerify:395] keymint.mbn.rawgz:169353, find
[m[1;33m1970-01-01 02:57:15.889|W|145916041|lpUCM [scm.c:FDS_scmScanAndVerify:395] boot_qdrive_iosock.bin.rawgz:2917003, find
[m[1;33m1970-01-01 02:57:15.906|W|145916041|lpUCM [scm.c:FDS_scmScanAndVerify:395] devcfg_auto.mbn.rawgz:19269, find
[m[1;33m1970-01-01 02:57:15.906|W|145916041|lpUCM [scm.c:FDS_scmScanAndVerify:395] multi_image.mbn.rawgz:1996, find
[m[1;33m1970-01-01 02:57:15.906|W|145916041|lpUCM [scm.c:FDS_scmScanAndVerify:395] multi_image_qti.mbn.rawgz:1680, find
[m[1;33m1970-01-01 02:57:15.906|W|145916041|lpUCM [scm.c:FDS_scmScanAndVerify:395] imagefv.elf.rawgz:9015, find
[m[1;33m1970-01-01 02:57:15.906|W|145916041|lpUCM [scm.c:FDS_scmScanAndVerify:395] shrm.elf.rawgz:24692, find
[m[1;33m1970-01-01 02:57:15.906|W|145916041|lpUCM [scm.c:FDS_scmScanAndVerify:395] mifs_hyp_qdrive_iosock.ifs.sign.gz:3009804, find
[m[1;33m1970-01-01 02:57:15.923|W|145916041|lpUCM [scm.c:FDS_scmScanAndVerify:395] ifs2_qdrive_iosock.ifs.gz:56084447, find
[m[1;33m1970-01-01 02:57:16.243|W|145916041|lpUCM [scm.c:FDS_scmScanAndVerify:395] oem.xfs.gz:1059345025, find
[m[1;33m1970-01-01 02:57:22.275|W|145916041|lpUCM [scm.c:FDS_scmScanAndVerify:395] system.xfs.gz:173614119, find
[m[1;33m1970-01-01 02:57:23.274|W|145916041|lpUCM [scm.c:FDS_scmScanAndVerify:395] autosarsailsw1.elf:788960, find
[m[0;32;32m1970-01-01 02:57:23.281|I|145916041|lpUCM [scm.c:FDS_scmVerifyImage:344] file [autosarsailsw1.elf] calculate finalCrc :0x440E759C
[m[1;33m1970-01-01 02:57:23.281|W|145916041|lpUCM [scm.c:FDS_scmScanAndVerify:395] sailhyp.elf:755008, find
[m[0;32;32m1970-01-01 02:57:23.287|I|145916041|lpUCM [scm.c:FDS_scmVerifyImage:344] file [sailhyp.elf] calculate finalCrc :0x7EB44A18
[m[1;33m1970-01-01 02:57:23.287|W|145916041|lpUCM [scm.c:FDS_scmScanAndVerify:388] cpio end !!!
[m[1;33m1970-01-01 02:57:23.287|W|145916041|lpUCM [1] fname: cpucp.elf.rawgz
[m[1;33m1970-01-01 02:57:23.287|W|145916041|lpUCM 	provided: 1, compress:2
[m[1;33m1970-01-01 02:57:23.287|W|145916041|lpUCM 	offset: 7512,size:27881
[m[1;33m1970-01-01 02:57:23.287|W|145916041|lpUCM 	checksum: 0
[m[1;33m1970-01-01 02:57:23.287|W|145916041|lpUCM 	handlerName: raw
[m[1;33m1970-01-01 02:57:23.287|W|145916041|lpUCM 	installedPath: /
[m[1;33m1970-01-01 02:57:23.287|W|145916041|lpUCM seek: 0 splits: 0 
[m[1;33m1970-01-01 02:57:23.287|W|145916041|lpUCM 
[m[1;33m1970-01-01 02:57:23.287|W|145916041|lpUCM [2] fname: dspfusafw.bin.rawgz
[m[1;33m1970-01-01 02:57:23.287|W|145916041|lpUCM 	provided: 1, compress:2
[m[1;33m1970-01-01 02:57:23.287|W|145916041|lpUCM 	offset: 35528,size:2551637
[m[1;33m1970-01-01 02:57:23.287|W|145916041|lpUCM 	checksum: 0
[m[1;33m1970-01-01 02:57:23.287|W|145916041|lpUCM 	handlerName: raw
[m[1;33m1970-01-01 02:57:23.287|W|145916041|lpUCM 	installedPath: /
[m[1;33m1970-01-01 02:57:23.287|W|145916041|lpUCM seek: 0 splits: 0 
[m[1;33m1970-01-01 02:57:23.287|W|145916041|lpUCM 
[m[1;33m1970-01-01 02:57:23.287|W|145916041|lpUCM [3] fname: dspfusalib.bin.rawgz
[m[1;33m1970-01-01 02:57:23.287|W|145916041|lpUCM 	provided: 1, compress:2
[m[1;33m1970-01-01 02:57:23.287|W|145916041|lpUCM 	offset: 2587300,size:23607954
[m[1;33m1970-01-01 02:57:23.287|W|145916041|lpUCM 	checksum: 0
[m[1;33m1970-01-01 02:57:23.287|W|145916041|lpUCM 	handlerName: raw
[m[1;33m1970-01-01 02:57:23.287|W|145916041|lpUCM 	installedPath: /
[m[1;33m1970-01-01 02:57:23.287|W|145916041|lpUCM seek: 0 splits: 0 
[m[1;33m1970-01-01 02:57:23.287|W|145916041|lpUCM 
[m[1;33m1970-01-01 02:57:23.287|W|145916041|lpUCM [4] fname: NON-HLOS.bin.rawgz
[m[1;33m1970-01-01 02:57:23.287|W|145916041|lpUCM 	provided: 1, compress:2
[m[1;33m1970-01-01 02:57:23.287|W|145916041|lpUCM 	offset: 26195388,size:3926094
[m[1;33m1970-01-01 02:57:23.287|W|145916041|lpUCM 	checksum: 0
[m[1;33m1970-01-01 02:57:23.287|W|145916041|lpUCM 	handlerName: raw
[m[1;33m1970-01-01 02:57:23.287|W|145916041|lpUCM 	installedPath: /
[m[1;33m1970-01-01 02:57:23.287|W|145916041|lpUCM seek: 0 splits: 0 
[m[1;33m1970-01-01 02:57:23.287|W|145916041|lpUCM 
[m[1;33m1970-01-01 02:57:23.287|W|145916041|lpUCM [5] fname: xbl.elf.rawgz
[m[1;33m1970-01-01 02:57:23.287|W|145916041|lpUCM 	provided: 1, compress:2
[m[1;33m1970-01-01 02:57:23.287|W|145916041|lpUCM 	offset: 30121608,size:2836262
[m[1;33m1970-01-01 02:57:23.287|W|145916041|lpUCM 	checksum: 0
[m[1;33m1970-01-01 02:57:23.287|W|145916041|lpUCM 	handlerName: raw
[m[1;33m1970-01-01 02:57:23.287|W|145916041|lpUCM 	installedPath: /
[m[1;33m1970-01-01 02:57:23.287|W|145916041|lpUCM seek: 0 splits: 0 
[m[1;33m1970-01-01 02:57:23.287|W|145916041|lpUCM 
[m[1;33m1970-01-01 02:57:23.287|W|145916041|lpUCM [6] fname: xbl_back.elf.rawgz
[m[1;33m1970-01-01 02:57:23.287|W|145916041|lpUCM 	provided: 1, compress:2
[m[1;33m1970-01-01 02:57:23.287|W|145916041|lpUCM 	offset: 32958004,size:2836267
[m[1;33m1970-01-01 02:57:23.287|W|145916041|lpUCM 	checksum: 0
[m[1;33m1970-01-01 02:57:23.287|W|145916041|lpUCM 	handlerName: raw
[m[1;33m1970-01-01 02:57:23.287|W|145916041|lpUCM 	installedPath: /
[m[1;33m1970-01-01 02:57:23.287|W|145916041|lpUCM seek: 0 splits: 0 
[m[1;33m1970-01-01 02:57:23.287|W|145916041|lpUCM 
[m[1;33m1970-01-01 02:57:23.287|W|145916041|lpUCM [7] fname: xbl_config.elf.rawgz
[m[1;33m1970-01-01 02:57:23.287|W|145916041|lpUCM 	provided: 1, compress:2
[m[1;33m1970-01-01 02:57:23.287|W|145916041|lpUCM 	offset: 35794404,size:61135
[m[1;33m1970-01-01 02:57:23.287|W|145916041|lpUCM 	checksum: 0
[m[1;33m1970-01-01 02:57:23.287|W|145916041|lpUCM 	handlerName: raw
[m[1;33m1970-01-01 02:57:23.287|W|145916041|lpUCM 	installedPath: /
[m[1;33m1970-01-01 02:57:23.287|W|145916041|lpUCM seek: 0 splits: 0 
[m[1;33m1970-01-01 02:57:23.287|W|145916041|lpUCM 
[m[1;33m1970-01-01 02:57:23.287|W|145916041|lpUCM [8] fname: aop.mbn.rawgz
[m[1;33m1970-01-01 02:57:23.287|W|145916041|lpUCM 	provided: 1, compress:2
[m[1;33m1970-01-01 02:57:23.287|W|145916041|lpUCM 	offset: 35855664,size:97346
[m[1;33m1970-01-01 02:57:23.287|W|145916041|lpUCM 	checksum: 0
[m[1;33m1970-01-01 02:57:23.287|W|145916041|lpUCM 	handlerName: raw
[m[1;33m1970-01-01 02:57:23.287|W|145916041|lpUCM 	installedPath: /
[m[1;33m1970-01-01 02:57:23.287|W|145916041|lpUCM seek: 0 splits: 0 
[m[1;33m1970-01-01 02:57:23.287|W|145916041|lpUCM 
[m[1;33m1970-01-01 02:57:23.287|W|145916041|lpUCM [9] fname: tz.mbn.rawgz
[m[1;33m1970-01-01 02:57:23.287|W|145916041|lpUCM 	provided: 1, compress:2
[m[1;33m1970-01-01 02:57:23.287|W|145916041|lpUCM 	offset: 35953136,size:1479427
[m[1;33m1970-01-01 02:57:23.287|W|145916041|lpUCM 	checksum: 0
[m[1;33m1970-01-01 02:57:23.287|W|145916041|lpUCM 	handlerName: raw
[m[1;33m1970-01-01 02:57:23.287|W|145916041|lpUCM 	installedPath: /
[m[1;33m1970-01-01 02:57:23.287|W|145916041|lpUCM seek: 0 splits: 0 
[m[1;33m1970-01-01 02:57:23.287|W|145916041|lpUCM 
[m[1;33m1970-01-01 02:57:23.287|W|145916041|lpUCM [10] fname: abl.elf.rawgz
[m[1;33m1970-01-01 02:57:23.287|W|145916041|lpUCM 	provided: 1, compress:2
[m[1;33m1970-01-01 02:57:23.287|W|145916041|lpUCM 	offset: 37432688,size:132472
[m[1;33m1970-01-01 02:57:23.287|W|145916041|lpUCM 	checksum: 0
[m[1;33m1970-01-01 02:57:23.287|W|145916041|lpUCM 	handlerName: raw
[m[1;33m1970-01-01 02:57:23.287|W|145916041|lpUCM 	installedPath: /
[m[1;33m1970-01-01 02:57:23.287|W|145916041|lpUCM seek: 0 splits: 0 
[m[1;33m1970-01-01 02:57:23.287|W|145916041|lpUCM 
[m[1;33m1970-01-01 02:57:23.287|W|145916041|lpUCM [11] fname: keymint.mbn.rawgz
[m[1;33m1970-01-01 02:57:23.287|W|145916041|lpUCM 	provided: 1, compress:2
[m[1;33m1970-01-01 02:57:23.287|W|145916041|lpUCM 	offset: 37565288,size:169353
[m[1;33m1970-01-01 02:57:23.287|W|145916041|lpUCM 	checksum: 0
[m[1;33m1970-01-01 02:57:23.287|W|145916041|lpUCM 	handlerName: raw
[m[1;33m1970-01-01 02:57:23.287|W|145916041|lpUCM 	installedPath: /
[m[1;33m1970-01-01 02:57:23.287|W|145916041|lpUCM seek: 0 splits: 0 
[m[1;33m1970-01-01 02:57:23.287|W|145916041|lpUCM 
[m[1;33m1970-01-01 02:57:23.287|W|145916041|lpUCM [12] fname: boot_qdrive_iosock.bin.rawgz
[m[1;33m1970-01-01 02:57:23.287|W|145916041|lpUCM 	provided: 1, compress:2
[m[1;33m1970-01-01 02:57:23.287|W|145916041|lpUCM 	offset: 37734784,size:2917003
[m[1;33m1970-01-01 02:57:23.287|W|145916041|lpUCM 	checksum: 0
[m[1;33m1970-01-01 02:57:23.287|W|145916041|lpUCM 	handlerName: raw
[m[1;33m1970-01-01 02:57:23.287|W|145916041|lpUCM 	installedPath: /
[m[1;33m1970-01-01 02:57:23.287|W|145916041|lpUCM seek: 0 splits: 0 
[m[1;33m1970-01-01 02:57:23.287|W|145916041|lpUCM 
[m[1;33m1970-01-01 02:57:23.287|W|145916041|lpUCM [13] fname: devcfg_auto.mbn.rawgz
[m[1;33m1970-01-01 02:57:23.287|W|145916041|lpUCM 	provided: 1, compress:2
[m[1;33m1970-01-01 02:57:23.287|W|145916041|lpUCM 	offset: 40651920,size:19269
[m[1;33m1970-01-01 02:57:23.287|W|145916041|lpUCM 	checksum: 0
[m[1;33m1970-01-01 02:57:23.287|W|145916041|lpUCM 	handlerName: raw
[m[1;33m1970-01-01 02:57:23.287|W|145916041|lpUCM 	installedPath: /
[m[1;33m1970-01-01 02:57:23.287|W|145916041|lpUCM seek: 0 splits: 0 
[m[1;33m1970-01-01 02:57:23.287|W|145916041|lpUCM 
[m[1;33m1970-01-01 02:57:23.287|W|145916041|lpUCM [14] fname: multi_image.mbn.rawgz
[m[1;33m1970-01-01 02:57:23.287|W|145916041|lpUCM 	provided: 1, compress:2
[m[1;33m1970-01-01 02:57:23.287|W|145916041|lpUCM 	offset: 40671324,size:1996
[m[1;33m1970-01-01 02:57:23.287|W|145916041|lpUCM 	checksum: 0
[m[1;33m1970-01-01 02:57:23.287|W|145916041|lpUCM 	handlerName: raw
[m[1;33m1970-01-01 02:57:23.287|W|145916041|lpUCM 	installedPath: /
[m[1;33m1970-01-01 02:57:23.287|W|145916041|lpUCM seek: 0 splits: 0 
[m[1;33m1970-01-01 02:57:23.287|W|145916041|lpUCM 
[m[1;33m1970-01-01 02:57:23.287|W|145916041|lpUCM [15] fname: multi_image_qti.mbn.rawgz
[m[1;33m1970-01-01 02:57:23.287|W|145916041|lpUCM 	provided: 1, compress:2
[m[1;33m1970-01-01 02:57:23.287|W|145916041|lpUCM 	offset: 40673456,size:1680
[m[1;33m1970-01-01 02:57:23.287|W|145916041|lpUCM 	checksum: 0
[m[1;33m1970-01-01 02:57:23.287|W|145916041|lpUCM 	handlerName: raw
[m[1;33m1970-01-01 02:57:23.287|W|145916041|lpUCM 	installedPath: /
[m[1;33m1970-01-01 02:57:23.287|W|145916041|lpUCM seek: 0 splits: 0 
[m[1;33m1970-01-01 02:57:23.287|W|145916041|lpUCM 
[m[1;33m1970-01-01 02:57:23.287|W|145916041|lpUCM [16] fname: imagefv.elf.rawgz
[m[1;33m1970-01-01 02:57:23.287|W|145916041|lpUCM 	provided: 1, compress:2
[m[1;33m1970-01-01 02:57:23.287|W|145916041|lpUCM 	offset: 40675264,size:9015
[m[1;33m1970-01-01 02:57:23.287|W|145916041|lpUCM 	checksum: 0
[m[1;33m1970-01-01 02:57:23.287|W|145916041|lpUCM 	handlerName: raw
[m[1;33m1970-01-01 02:57:23.287|W|145916041|lpUCM 	installedPath: /
[m[1;33m1970-01-01 02:57:23.287|W|145916041|lpUCM seek: 0 splits: 0 
[m[1;33m1970-01-01 02:57:23.287|W|145916041|lpUCM 
[m[1;33m1970-01-01 02:57:23.287|W|145916041|lpUCM [17] fname: shrm.elf.rawgz
[m[1;33m1970-01-01 02:57:23.287|W|145916041|lpUCM 	provided: 1, compress:2
[m[1;33m1970-01-01 02:57:23.287|W|145916041|lpUCM 	offset: 40684408,size:24692
[m[1;33m1970-01-01 02:57:23.287|W|145916041|lpUCM 	checksum: 0
[m[1;33m1970-01-01 02:57:23.287|W|145916041|lpUCM 	handlerName: raw
[m[1;33m1970-01-01 02:57:23.287|W|145916041|lpUCM 	installedPath: /
[m[1;33m1970-01-01 02:57:23.287|W|145916041|lpUCM seek: 0 splits: 0 
[m[1;33m1970-01-01 02:57:23.287|W|145916041|lpUCM 
[m[1;33m1970-01-01 02:57:23.287|W|145916041|lpUCM [18] fname: mifs_hyp_qdrive_iosock.ifs.sign.gz
[m[1;33m1970-01-01 02:57:23.287|W|145916041|lpUCM 	provided: 1, compress:2
[m[1;33m1970-01-01 02:57:23.287|W|145916041|lpUCM 	offset: 40709248,size:3009804
[m[1;33m1970-01-01 02:57:23.287|W|145916041|lpUCM 	checksum: 0
[m[1;33m1970-01-01 02:57:23.287|W|145916041|lpUCM 	handlerName: raw
[m[1;33m1970-01-01 02:57:23.287|W|145916041|lpUCM 	installedPath: /
[m[1;33m1970-01-01 02:57:23.287|W|145916041|lpUCM seek: 0 splits: 0 
[m[1;33m1970-01-01 02:57:23.287|W|145916041|lpUCM 
[m[1;33m1970-01-01 02:57:23.287|W|145916041|lpUCM [19] fname: ifs2_qdrive_iosock.ifs.gz
[m[1;33m1970-01-01 02:57:23.287|W|145916041|lpUCM 	provided: 1, compress:2
[m[1;33m1970-01-01 02:57:23.287|W|145916041|lpUCM 	offset: 43719188,size:56084447
[m[1;33m1970-01-01 02:57:23.287|W|145916041|lpUCM 	checksum: 0
[m[1;33m1970-01-01 02:57:23.287|W|145916041|lpUCM 	handlerName: raw
[m[1;33m1970-01-01 02:57:23.287|W|145916041|lpUCM 	installedPath: /
[m[1;33m1970-01-01 02:57:23.287|W|145916041|lpUCM seek: 0 splits: 0 
[m[1;33m1970-01-01 02:57:23.287|W|145916041|lpUCM 
[m[1;33m1970-01-01 02:57:23.287|W|145916041|lpUCM [20] fname: oem.xfs.gz
[m[1;33m1970-01-01 02:57:23.287|W|145916041|lpUCM 	provided: 1, compress:2
[m[1;33m1970-01-01 02:57:23.287|W|145916041|lpUCM 	offset: 99803760,size:1059345025
[m[1;33m1970-01-01 02:57:23.287|W|145916041|lpUCM 	checksum: 0
[m[1;33m1970-01-01 02:57:23.287|W|145916041|lpUCM 	handlerName: raw
[m[1;33m1970-01-01 02:57:23.287|W|145916041|lpUCM 	installedPath: /
[m[1;33m1970-01-01 02:57:23.287|W|145916041|lpUCM seek: 0 splits: 0 
[m[1;33m1970-01-01 02:57:23.287|W|145916041|lpUCM 
[m[1;33m1970-01-01 02:57:23.287|W|145916041|lpUCM [21] fname: system.xfs.gz
[m[1;33m1970-01-01 02:57:23.287|W|145916041|lpUCM 	provided: 1, compress:2
[m[1;33m1970-01-01 02:57:23.287|W|145916041|lpUCM 	offset: 1159148912,size:173614119
[m[1;33m1970-01-01 02:57:23.287|W|145916041|lpUCM 	checksum: 0
[m[1;33m1970-01-01 02:57:23.287|W|145916041|lpUCM 	handlerName: raw
[m[1;33m1970-01-01 02:57:23.287|W|145916041|lpUCM 	installedPath: /
[m[1;33m1970-01-01 02:57:23.287|W|145916041|lpUCM seek: 0 splits: 0 
[m[1;33m1970-01-01 02:57:23.287|W|145916041|lpUCM 
[m[1;33m1970-01-01 02:57:23.287|W|145916041|lpUCM [22] fname: autosarsailsw1.elf
[m[1;33m1970-01-01 02:57:23.287|W|145916041|lpUCM 	provided: 1, compress:0
[m[1;33m1970-01-01 02:57:23.287|W|145916041|lpUCM 	offset: 1332763164,size:788960
[m[1;33m1970-01-01 02:57:23.287|W|145916041|lpUCM 	checksum: 0
[m[1;33m1970-01-01 02:57:23.287|W|145916041|lpUCM 	handlerName: sail_sw
[m[1;33m1970-01-01 02:57:23.287|W|145916041|lpUCM 	installedPath: /opt/data/fota/
[m[1;33m1970-01-01 02:57:23.287|W|145916041|lpUCM seek: 0 splits: 0 
[m[1;33m1970-01-01 02:57:23.287|W|145916041|lpUCM 
[m[1;33m1970-01-01 02:57:23.287|W|145916041|lpUCM [23] fname: sailhyp.elf
[m[1;33m1970-01-01 02:57:23.287|W|145916041|lpUCM 	provided: 1, compress:0
[m[1;33m1970-01-01 02:57:23.287|W|145916041|lpUCM 	offset: 1333552248,size:755008
[m[1;33m1970-01-01 02:57:23.287|W|145916041|lpUCM 	checksum: 0
[m[1;33m1970-01-01 02:57:23.287|W|145916041|lpUCM 	handlerName: sail_hyp
[m[1;33m1970-01-01 02:57:23.287|W|145916041|lpUCM 	installedPath: /opt/data/fota/
[m[1;33m1970-01-01 02:57:23.287|W|145916041|lpUCM seek: 0 splits: 0 
[m[1;33m1970-01-01 02:57:23.287|W|145916041|lpUCM 
[m[1;33m1970-01-01 02:57:23.287|W|145916041|lpUCM [bootChain.c:FDS_bcDiskCorrection:138] diskpart  is no label
[m[1;33m1970-01-01 02:57:23.287|W|145916041|lpUCM [bootChain.c:FDS_bcDiskCorrection:138] diskpart  is no label
[m[0;32;32m1970-01-01 02:57:23.287|I|145916041|lpUCM [scm.c:FDS_scmSaveTmpVersion:823] switchAB:1,
[m[0;32;32m1970-01-01 02:57:23.287|I|145916041|lpUCM [upa.c:FDS_upaWriteTemporaryVersion:271] FDS_upaWriteTemporaryVersion
[m[0;32;32m1970-01-01 02:57:23.287|I|145916041|lpUCM IpcKeyValueClient construct
[m[1;33m1970-01-01 02:57:23.288|W|145916041|lpUCM IpcClientChannel open suc, retries: 0 
[m[0;32;32m1970-01-01 02:57:23.288|I|145916041|lpUCM IpcKeyValueClient::init ipcclient suc
[m[0;32;32m1970-01-01 02:57:23.288|I|145916041|lpUCM DbKeyValueStorage construct.
[m[0;32;32m1970-01-01 02:57:23.288|I|145916041|lpUCM DbKeyValueStorage::Init filename:/opt/data/config/appData.db, filebackname:/opt/data/config/appData.dbbak
[m[0;32;31m1970-01-01 02:57:23.290|E|145916041|lpUCM getvalue uselast sqlite3_step err:101
[m[0;32;31m1970-01-01 02:57:23.290|E|145916041|lpUCM getvalue uselast sqlite3_step err:101
[m[0;32;32m1970-01-01 02:57:23.290|I|145916041|lpUCM db backup thread begin.
[m[0;32;32m1970-01-01 02:57:23.290|I|145916041|lpUCM DbKeyValueStorage init succ.
[m[0;32;32m1970-01-01 02:57:23.291|I|145916041|lpUCM PER_storageCreate create success
[m[1;33m1970-01-01 02:57:23.291|W|2207750|lpPer DbAdapter::SetValue setvalue key: CAL_NOFEELUP_ECUSOFNUM, value: 0x31 2e 30 32 2e 30 30 31 34 46 , authority: lpUCM
[m[1;33m1970-01-01 02:57:23.293|W|2207750|lpPer DbAdapter::SetValue setvalue key: CAL_NOFEELUP_SYSSOFNUM, value: 0x31 2e 30 32 2e 30 30 31 34 46 , authority: lpUCM
[m[0;32;32m1970-01-01 02:57:23.294|I|145916041|lpUCM IpcKeyValueClient deconstruct
[m[0;32;32m1970-01-01 02:57:24.291|I|145916041|lpUCM db backup thread end.
[m[0;32;32m1970-01-01 02:57:24.291|I|145916041|lpUCM DbKeyValueStorage deconstruct.
[m[0;32;32m1970-01-01 02:57:24.291|I|145916041|lpUCM PerClient deconstruct
[m[1;33m1970-01-01 02:57:24.291|W|145916041|lpUCM [scm.c:FDS_scmDeployImages:435] start [1st] deploy:cpucp.elf.rawgz
[m[0;32;32m1970-01-01 02:57:24.291|I|145916041|lpUCM [fds.cpp:FDS_OnLocalUpgProgress:246] total: 23, curr:1, percent:0, rop:0%
[m[0;32;32m1970-01-01 02:57:24.291|I|145916041|lpUCM [handler.c:FDS_idhFindDesc:79] find time 1, name raw, handler_name = raw
[m[0;32;32m1970-01-01 02:57:24.291|I|145916041|lpUCM [handler.c:FDS_idhFindDesc:94] find handler raw, type = 0
[m[0;32;32m1970-01-01 02:57:24.291|I|145916041|lpUCM [handler.c:FDS_idhFindDesc:79] find time 1, name raw, handler_name = raw
[m[0;32;32m1970-01-01 02:57:24.291|I|145916041|lpUCM [handler.c:FDS_idhFindDesc:94] find handler raw, type = 0
[m[0;32;32m1970-01-01 02:57:24.291|I|145916041|lpUCM [fds.cpp:FDS_OnLocalUpgProgress:246] total: 23, curr:1, percent:29, rop:1%
[m[0;32;32m1970-01-01 02:57:24.292|I|145916041|lpUCM [fds.cpp:FDS_OnLocalUpgProgress:246] total: 23, curr:1, percent:50, rop:2%
[m[0;32;32m1970-01-01 02:57:24.293|I|145916041|lpUCM [handler.c:FDS_idhExtractFile:234] CPIO extract success
[m[0;32;32m1970-01-01 02:57:24.293|I|145916041|lpUCM [fds.cpp:FDS_OnLocalUpgProgress:246] total: 23, curr:1, percent:100, rop:4%
[m[1;33m1970-01-01 02:57:24.293|W|145916041|lpUCM [scm.c:FDS_scmDeployImages:443] deploy [1st] success:cpucp.elf.rawgz
[m[1;33m1970-01-01 02:57:24.293|W|145916041|lpUCM [scm.c:FDS_scmDeployImages:435] start [2st] deploy:dspfusafw.bin.rawgz
[m[0;32;32m1970-01-01 02:57:24.293|I|145916041|lpUCM [fds.cpp:FDS_OnLocalUpgProgress:246] total: 23, curr:2, percent:0, rop:4%
[m[0;32;32m1970-01-01 02:57:24.293|I|145916041|lpUCM [handler.c:FDS_idhFindDesc:79] find time 1, name raw, handler_name = raw
[m[0;32;32m1970-01-01 02:57:24.293|I|145916041|lpUCM [handler.c:FDS_idhFindDesc:94] find handler raw, type = 0
[m[0;32;32m1970-01-01 02:57:24.293|I|145916041|lpUCM [handler.c:FDS_idhFindDesc:79] find time 1, name raw, handler_name = raw
[m[0;32;32m1970-01-01 02:57:24.293|I|145916041|lpUCM [handler.c:FDS_idhFindDesc:94] find handler raw, type = 0
[m[0;32;32m1970-01-01 02:57:24.297|I|145916041|lpUCM [fds.cpp:FDS_OnLocalUpgProgress:246] total: 23, curr:2, percent:1, rop:4%
[m[0;32;32m1970-01-01 02:57:24.298|I|145916041|lpUCM [fds.cpp:FDS_OnLocalUpgProgress:246] total: 23, curr:2, percent:2, rop:4%
[m[0;32;32m1970-01-01 02:57:24.300|I|145916041|lpUCM [fds.cpp:FDS_OnLocalUpgProgress:246] total: 23, curr:2, percent:3, rop:4%
[m[0;32;32m1970-01-01 02:57:24.303|I|145916041|lpUCM [fds.cpp:FDS_OnLocalUpgProgress:246] total: 23, curr:2, percent:4, rop:4%
[m[0;32;32m1970-01-01 02:57:24.305|I|145916041|lpUCM [fds.cpp:FDS_OnLocalUpgProgress:246] total: 23, curr:2, percent:5, rop:4%
[m[0;32;32m1970-01-01 02:57:24.307|I|145916041|lpUCM [fds.cpp:FDS_OnLocalUpgProgress:246] total: 23, curr:2, percent:6, rop:4%
[m[0;32;32m1970-01-01 02:57:24.308|I|145916041|lpUCM [fds.cpp:FDS_OnLocalUpgProgress:246] total: 23, curr:2, percent:7, rop:4%
[m[0;32;32m1970-01-01 02:57:24.310|I|145916041|lpUCM [fds.cpp:FDS_OnLocalUpgProgress:246] total: 23, curr:2, percent:8, rop:4%
[m[0;32;32m1970-01-01 02:57:24.312|I|145916041|lpUCM [fds.cpp:FDS_OnLocalUpgProgress:246] total: 23, curr:2, percent:9, rop:4%
[m[0;32;32m1970-01-01 02:57:24.314|I|145916041|lpUCM [fds.cpp:FDS_OnLocalUpgProgress:246] total: 23, curr:2, percent:10, rop:4%
[m[0;32;32m1970-01-01 02:57:24.315|I|145916041|lpUCM [fds.cpp:FDS_OnLocalUpgProgress:246] total: 23, curr:2, percent:11, rop:4%
[m[0;32;32m1970-01-01 02:57:24.317|I|145916041|lpUCM [fds.cpp:FDS_OnLocalUpgProgress:246] total: 23, curr:2, percent:12, rop:4%
[m[0;32;32m1970-01-01 02:57:24.319|I|145916041|lpUCM [fds.cpp:FDS_OnLocalUpgProgress:246] total: 23, curr:2, percent:13, rop:4%
[m[0;32;32m1970-01-01 02:57:24.328|I|145916041|lpUCM [fds.cpp:FDS_OnLocalUpgProgress:246] total: 23, curr:2, percent:14, rop:4%
[m[0;32;32m1970-01-01 02:57:24.330|I|145916041|lpUCM [fds.cpp:FDS_OnLocalUpgProgress:246] total: 23, curr:2, percent:15, rop:5%
[m[0;32;32m1970-01-01 02:57:24.331|I|145916041|lpUCM [fds.cpp:FDS_OnLocalUpgProgress:246] total: 23, curr:2, percent:16, rop:5%
[m[0;32;32m1970-01-01 02:57:24.333|I|145916041|lpUCM [fds.cpp:FDS_OnLocalUpgProgress:246] total: 23, curr:2, percent:17, rop:5%
[m[0;32;32m1970-01-01 02:57:24.335|I|145916041|lpUCM [fds.cpp:FDS_OnLocalUpgProgress:246] total: 23, curr:2, percent:18, rop:5%
[m[0;32;32m1970-01-01 02:57:24.336|I|145916041|lpUCM [fds.cpp:FDS_OnLocalUpgProgress:246] total: 23, curr:2, percent:19, rop:5%
[m[0;32;32m1970-01-01 02:57:24.338|I|145916041|lpUCM [fds.cpp:FDS_OnLocalUpgProgress:246] total: 23, curr:2, percent:20, rop:5%
[m[0;32;32m1970-01-01 02:57:24.344|I|145916041|lpUCM [fds.cpp:FDS_OnLocalUpgProgress:246] total: 23, curr:2, percent:21, rop:5%
[m[0;32;32m1970-01-01 02:57:24.346|I|145916041|lpUCM [fds.cpp:FDS_OnLocalUpgProgress:246] total: 23, curr:2, percent:22, rop:5%
[m[0;32;32m1970-01-01 02:57:24.348|I|145916041|lpUCM [fds.cpp:FDS_OnLocalUpgProgress:246] total: 23, curr:2, percent:23, rop:5%
[m[0;32;32m1970-01-01 02:57:24.352|I|145916041|lpUCM [fds.cpp:FDS_OnLocalUpgProgress:246] total: 23, curr:2, percent:24, rop:5%
[m[0;32;32m1970-01-01 02:57:24.353|I|145916041|lpUCM [fds.cpp:FDS_OnLocalUpgProgress:246] total: 23, curr:2, percent:25, rop:5%
[m[0;32;32m1970-01-01 02:57:24.356|I|145916041|lpUCM [fds.cpp:FDS_OnLocalUpgProgress:246] total: 23, curr:2, percent:26, rop:5%
[m[0;32;32m1970-01-01 02:57:24.358|I|145916041|lpUCM [fds.cpp:FDS_OnLocalUpgProgress:246] total: 23, curr:2, percent:27, rop:5%
[m[0;32;32m1970-01-01 02:57:24.360|I|145916041|lpUCM [fds.cpp:FDS_OnLocalUpgProgress:246] total: 23, curr:2, percent:28, rop:5%
[m[0;32;32m1970-01-01 02:57:24.363|I|145916041|lpUCM [fds.cpp:FDS_OnLocalUpgProgress:246] total: 23, curr:2, percent:29, rop:5%
[m[0;32;32m1970-01-01 02:57:24.365|I|145916041|lpUCM [fds.cpp:FDS_OnLocalUpgProgress:246] total: 23, curr:2, percent:30, rop:5%
[m[0;32;32m1970-01-01 02:57:24.366|I|145916041|lpUCM [fds.cpp:FDS_OnLocalUpgProgress:246] total: 23, curr:2, percent:31, rop:5%
[m[0;32;32m1970-01-01 02:57:24.368|I|145916041|lpUCM [fds.cpp:FDS_OnLocalUpgProgress:246] total: 23, curr:2, percent:32, rop:5%
[m[0;32;32m1970-01-01 02:57:24.369|I|145916041|lpUCM [fds.cpp:FDS_OnLocalUpgProgress:246] total: 23, curr:2, percent:33, rop:5%
[m[0;32;32m1970-01-01 02:57:24.371|I|145916041|lpUCM [fds.cpp:FDS_OnLocalUpgProgress:246] total: 23, curr:2, percent:34, rop:5%
[m[0;32;32m1970-01-01 02:57:24.374|I|145916041|lpUCM [fds.cpp:FDS_OnLocalUpgProgress:246] total: 23, curr:2, percent:35, rop:5%
[m[0;32;32m1970-01-01 02:57:24.376|I|145916041|lpUCM [fds.cpp:FDS_OnLocalUpgProgress:246] total: 23, curr:2, percent:36, rop:5%
[m[0;32;32m1970-01-01 02:57:24.377|I|145916041|lpUCM [fds.cpp:FDS_OnLocalUpgProgress:246] total: 23, curr:2, percent:37, rop:5%
[m[0;32;32m1970-01-01 02:57:24.379|I|145916041|lpUCM [fds.cpp:FDS_OnLocalUpgProgress:246] total: 23, curr:2, percent:38, rop:6%
[m[0;32;32m1970-01-01 02:57:24.381|I|145916041|lpUCM [fds.cpp:FDS_OnLocalUpgProgress:246] total: 23, curr:2, percent:39, rop:6%
[m[0;32;32m1970-01-01 02:57:24.382|I|145916041|lpUCM [fds.cpp:FDS_OnLocalUpgProgress:246] total: 23, curr:2, percent:40, rop:6%
[m[0;32;32m1970-01-01 02:57:24.384|I|145916041|lpUCM [fds.cpp:FDS_OnLocalUpgProgress:246] total: 23, curr:2, percent:41, rop:6%
[m[0;32;32m1970-01-01 02:57:24.386|I|145916041|lpUCM [fds.cpp:FDS_OnLocalUpgProgress:246] total: 23, curr:2, percent:42, rop:6%
[m[0;32;32m1970-01-01 02:57:24.387|I|145916041|lpUCM [fds.cpp:FDS_OnLocalUpgProgress:246] total: 23, curr:2, percent:43, rop:6%
[m[0;32;32m1970-01-01 02:57:24.389|I|145916041|lpUCM [fds.cpp:FDS_OnLocalUpgProgress:246] total: 23, curr:2, percent:44, rop:6%
[m[0;32;32m1970-01-01 02:57:24.398|I|145916041|lpUCM [fds.cpp:FDS_OnLocalUpgProgress:246] total: 23, curr:2, percent:45, rop:6%
[m[0;32;32m1970-01-01 02:57:24.401|I|145916041|lpUCM [fds.cpp:FDS_OnLocalUpgProgress:246] total: 23, curr:2, percent:46, rop:6%
[m[0;32;32m1970-01-01 02:57:24.404|I|145916041|lpUCM [fds.cpp:FDS_OnLocalUpgProgress:246] total: 23, curr:2, percent:47, rop:6%
[m[0;32;32m1970-01-01 02:57:24.406|I|145916041|lpUCM [fds.cpp:FDS_OnLocalUpgProgress:246] total: 23, curr:2, percent:48, rop:6%
[m[0;32;32m1970-01-01 02:57:24.410|I|145916041|lpUCM [fds.cpp:FDS_OnLocalUpgProgress:246] total: 23, curr:2, percent:49, rop:6%
[m[0;32;32m1970-01-01 02:57:24.411|I|145916041|lpUCM [fds.cpp:FDS_OnLocalUpgProgress:246] total: 23, curr:2, percent:50, rop:6%
[m[0;32;32m1970-01-01 02:57:24.412|I|145916041|lpUCM [handler.c:FDS_idhExtractFile:234] CPIO extract success
[m[0;32;32m1970-01-01 02:57:24.412|I|145916041|lpUCM [fds.cpp:FDS_OnLocalUpgProgress:246] total: 23, curr:2, percent:100, rop:8%
[m[1;33m1970-01-01 02:57:24.412|W|145916041|lpUCM [scm.c:FDS_scmDeployImages:443] deploy [2st] success:dspfusafw.bin.rawgz
[m[1;33m1970-01-01 02:57:24.412|W|145916041|lpUCM [scm.c:FDS_scmDeployImages:435] start [3st] deploy:dspfusalib.bin.rawgz
[m[0;32;32m1970-01-01 02:57:24.412|I|145916041|lpUCM [fds.cpp:FDS_OnLocalUpgProgress:246] total: 23, curr:3, percent:0, rop:8%
[m[0;32;32m1970-01-01 02:57:24.412|I|145916041|lpUCM [handler.c:FDS_idhFindDesc:79] find time 1, name raw, handler_name = raw
[m[0;32;32m1970-01-01 02:57:24.412|I|145916041|lpUCM [handler.c:FDS_idhFindDesc:94] find handler raw, type = 0
[m[0;32;32m1970-01-01 02:57:24.412|I|145916041|lpUCM [handler.c:FDS_idhFindDesc:79] find time 1, name raw, handler_name = raw
[m[0;32;32m1970-01-01 02:57:24.412|I|145916041|lpUCM [handler.c:FDS_idhFindDesc:94] find handler raw, type = 0
[m[0;32;32m1970-01-01 02:57:24.432|I|145916041|lpUCM [fds.cpp:FDS_OnLocalUpgProgress:246] total: 23, curr:3, percent:1, rop:8%
[m[0;32;32m1970-01-01 02:57:24.453|I|145916041|lpUCM [fds.cpp:FDS_OnLocalUpgProgress:246] total: 23, curr:3, percent:2, rop:8%
[m[0;32;32m1970-01-01 02:57:24.469|I|145916041|lpUCM [fds.cpp:FDS_OnLocalUpgProgress:246] total: 23, curr:3, percent:3, rop:8%
[m[0;32;32m1970-01-01 02:57:24.477|I|145916041|lpUCM [fds.cpp:FDS_OnLocalUpgProgress:246] total: 23, curr:3, percent:4, rop:8%
[m[0;32;32m1970-01-01 02:57:24.489|I|145916041|lpUCM [fds.cpp:FDS_OnLocalUpgProgress:246] total: 23, curr:3, percent:5, rop:8%
[m[0;32;32m1970-01-01 02:57:24.497|I|145916041|lpUCM [fds.cpp:FDS_OnLocalUpgProgress:246] total: 23, curr:3, percent:6, rop:8%
[m[0;32;32m1970-01-01 02:57:24.501|I|145916041|lpUCM [fds.cpp:FDS_OnLocalUpgProgress:246] total: 23, curr:3, percent:7, rop:9%
[m[0;32;32m1970-01-01 02:57:24.508|I|145916041|lpUCM [fds.cpp:FDS_OnLocalUpgProgress:246] total: 23, curr:3, percent:8, rop:9%
[m[0;32;32m1970-01-01 02:57:24.521|I|145916041|lpUCM [fds.cpp:FDS_OnLocalUpgProgress:246] total: 23, curr:3, percent:9, rop:9%
[m[0;32;32m1970-01-01 02:57:24.526|I|145916041|lpUCM [fds.cpp:FDS_OnLocalUpgProgress:246] total: 23, curr:3, percent:10, rop:9%
[m[0;32;32m1970-01-01 02:57:24.535|I|145916041|lpUCM [fds.cpp:FDS_OnLocalUpgProgress:246] total: 23, curr:3, percent:11, rop:9%
[m[0;32;32m1970-01-01 02:57:24.546|I|145916041|lpUCM [fds.cpp:FDS_OnLocalUpgProgress:246] total: 23, curr:3, percent:12, rop:9%
[m[0;32;32m1970-01-01 02:57:24.564|I|145916041|lpUCM [fds.cpp:FDS_OnLocalUpgProgress:246] total: 23, curr:3, percent:13, rop:9%
[m[0;32;32m1970-01-01 02:57:24.612|I|145916041|lpUCM [fds.cpp:FDS_OnLocalUpgProgress:246] total: 23, curr:3, percent:14, rop:9%
[m[0;32;32m1970-01-01 02:57:24.639|I|145916041|lpUCM [fds.cpp:FDS_OnLocalUpgProgress:246] total: 23, curr:3, percent:15, rop:9%
[m[0;32;32m1970-01-01 02:57:24.647|I|145916041|lpUCM [fds.cpp:FDS_OnLocalUpgProgress:246] total: 23, curr:3, percent:16, rop:9%
[m[0;32;32m1970-01-01 02:57:24.654|I|145916041|lpUCM [fds.cpp:FDS_OnLocalUpgProgress:246] total: 23, curr:3, percent:17, rop:9%
[m[0;32;32m1970-01-01 02:57:24.667|I|145916041|lpUCM [fds.cpp:FDS_OnLocalUpgProgress:246] total: 23, curr:3, percent:18, rop:9%
[m[0;32;32m1970-01-01 02:57:24.675|I|145916041|lpUCM [fds.cpp:FDS_OnLocalUpgProgress:246] total: 23, curr:3, percent:19, rop:9%
[m[0;32;32m1970-01-01 02:57:24.679|I|145916041|lpUCM [fds.cpp:FDS_OnLocalUpgProgress:246] total: 23, curr:3, percent:20, rop:9%
[m[0;32;32m1970-01-01 02:57:24.684|I|145916041|lpUCM [fds.cpp:FDS_OnLocalUpgProgress:246] total: 23, curr:3, percent:21, rop:9%
[m[0;32;32m1970-01-01 02:57:24.698|I|145916041|lpUCM [fds.cpp:FDS_OnLocalUpgProgress:246] total: 23, curr:3, percent:22, rop:9%
[m[0;32;32m1970-01-01 02:57:24.723|I|145916041|lpUCM [fds.cpp:FDS_OnLocalUpgProgress:246] total: 23, curr:3, percent:23, rop:9%
[m[0;32;32m1970-01-01 02:57:24.757|I|145916041|lpUCM [fds.cpp:FDS_OnLocalUpgProgress:246] total: 23, curr:3, percent:24, rop:9%
[m[0;32;32m1970-01-01 02:57:24.776|I|145916041|lpUCM [fds.cpp:FDS_OnLocalUpgProgress:246] total: 23, curr:3, percent:25, rop:9%
[m[0;32;32m1970-01-01 02:57:24.793|I|145916041|lpUCM [fds.cpp:FDS_OnLocalUpgProgress:246] total: 23, curr:3, percent:26, rop:9%
[m[0;32;32m1970-01-01 02:57:24.824|I|145916041|lpUCM [fds.cpp:FDS_OnLocalUpgProgress:246] total: 23, curr:3, percent:27, rop:9%
[m[0;32;32m1970-01-01 02:57:24.836|I|145916041|lpUCM [fds.cpp:FDS_OnLocalUpgProgress:246] total: 23, curr:3, percent:28, rop:9%
[m[0;32;32m1970-01-01 02:57:24.845|I|145916041|lpUCM [fds.cpp:FDS_OnLocalUpgProgress:246] total: 23, curr:3, percent:29, rop:9%
[m[0;32;32m1970-01-01 02:57:24.854|I|145916041|lpUCM [fds.cpp:FDS_OnLocalUpgProgress:246] total: 23, curr:3, percent:30, rop:10%
[m[0;32;32m1970-01-01 02:57:24.862|I|145916041|lpUCM [fds.cpp:FDS_OnLocalUpgProgress:246] total: 23, curr:3, percent:31, rop:10%
[m[0;32;32m1970-01-01 02:57:24.873|I|145916041|lpUCM [fds.cpp:FDS_OnLocalUpgProgress:246] total: 23, curr:3, percent:32, rop:10%
[m[0;32;32m1970-01-01 02:57:24.882|I|145916041|lpUCM [fds.cpp:FDS_OnLocalUpgProgress:246] total: 23, curr:3, percent:33, rop:10%
[m[0;32;32m1970-01-01 02:57:24.886|I|145916041|lpUCM [fds.cpp:FDS_OnLocalUpgProgress:246] total: 23, curr:3, percent:34, rop:10%
[m[0;32;32m1970-01-01 02:57:24.890|I|145916041|lpUCM [fds.cpp:FDS_OnLocalUpgProgress:246] total: 23, curr:3, percent:35, rop:10%
[m[0;32;32m1970-01-01 02:57:24.901|I|145916041|lpUCM [fds.cpp:FDS_OnLocalUpgProgress:246] total: 23, curr:3, percent:36, rop:10%
[m[0;32;32m1970-01-01 02:57:24.924|I|145916041|lpUCM [fds.cpp:FDS_OnLocalUpgProgress:246] total: 23, curr:3, percent:37, rop:10%
[m[0;32;32m1970-01-01 02:57:24.947|I|145916041|lpUCM [fds.cpp:FDS_OnLocalUpgProgress:246] total: 23, curr:3, percent:38, rop:10%
[m[0;32;32m1970-01-01 02:57:24.971|I|145916041|lpUCM [fds.cpp:FDS_OnLocalUpgProgress:246] total: 23, curr:3, percent:39, rop:10%
[m[0;32;32m1970-01-01 02:57:24.994|I|145916041|lpUCM [fds.cpp:FDS_OnLocalUpgProgress:246] total: 23, curr:3, percent:40, rop:10%
[m[0;32;32m1970-01-01 02:57:25.6|I|145916041|lpUCM [fds.cpp:FDS_OnLocalUpgProgress:246] total: 23, curr:3, percent:41, rop:10%
[m[0;32;32m1970-01-01 02:57:25.11|I|145916041|lpUCM [fds.cpp:FDS_OnLocalUpgProgress:246] total: 23, curr:3, percent:42, rop:10%
[m[0;32;32m1970-01-01 02:57:25.18|I|145916041|lpUCM [fds.cpp:FDS_OnLocalUpgProgress:246] total: 23, curr:3, percent:43, rop:10%
[m[0;32;32m1970-01-01 02:57:25.27|I|145916041|lpUCM [fds.cpp:FDS_OnLocalUpgProgress:246] total: 23, curr:3, percent:44, rop:10%
[m[0;32;32m1970-01-01 02:57:25.37|I|145916041|lpUCM [fds.cpp:FDS_OnLocalUpgProgress:246] total: 23, curr:3, percent:45, rop:10%
[m[0;32;32m1970-01-01 02:57:25.46|I|145916041|lpUCM [fds.cpp:FDS_OnLocalUpgProgress:246] total: 23, curr:3, percent:46, rop:10%
[m[0;32;32m1970-01-01 02:57:25.65|I|145916041|lpUCM [fds.cpp:FDS_OnLocalUpgProgress:246] total: 23, curr:3, percent:47, rop:10%
[m[0;32;32m1970-01-01 02:57:25.87|I|145916041|lpUCM [fds.cpp:FDS_OnLocalUpgProgress:246] total: 23, curr:3, percent:48, rop:10%
[m[0;32;32m1970-01-01 02:57:25.129|I|145916041|lpUCM [fds.cpp:FDS_OnLocalUpgProgress:246] total: 23, curr:3, percent:49, rop:10%
[m[0;32;32m1970-01-01 02:57:27.77|I|145916041|lpUCM [fds.cpp:FDS_OnLocalUpgProgress:246] total: 23, curr:3, percent:50, rop:10%
[m[0;32;32m1970-01-01 02:57:27.87|I|145916041|lpUCM [handler.c:FDS_idhExtractFile:234] CPIO extract success
[m[0;32;32m1970-01-01 02:57:27.87|I|145916041|lpUCM [fds.cpp:FDS_OnLocalUpgProgress:246] total: 23, curr:3, percent:100, rop:13%
[m[1;33m1970-01-01 02:57:27.87|W|145916041|lpUCM [scm.c:FDS_scmDeployImages:443] deploy [3st] success:dspfusalib.bin.rawgz
[m[1;33m1970-01-01 02:57:27.87|W|145916041|lpUCM [scm.c:FDS_scmDeployImages:435] start [4st] deploy:NON-HLOS.bin.rawgz
[m[0;32;32m1970-01-01 02:57:27.87|I|145916041|lpUCM [fds.cpp:FDS_OnLocalUpgProgress:246] total: 23, curr:4, percent:0, rop:13%
[m[0;32;32m1970-01-01 02:57:27.87|I|145916041|lpUCM [handler.c:FDS_idhFindDesc:79] find time 1, name raw, handler_name = raw
[m[0;32;32m1970-01-01 02:57:27.87|I|145916041|lpUCM [handler.c:FDS_idhFindDesc:94] find handler raw, type = 0
[m[0;32;32m1970-01-01 02:57:27.87|I|145916041|lpUCM [handler.c:FDS_idhFindDesc:79] find time 1, name raw, handler_name = raw
[m[0;32;32m1970-01-01 02:57:27.87|I|145916041|lpUCM [handler.c:FDS_idhFindDesc:94] find handler raw, type = 0
[m[0;32;32m1970-01-01 02:57:27.98|I|145916041|lpUCM [fds.cpp:FDS_OnLocalUpgProgress:246] total: 23, curr:4, percent:1, rop:13%
[m[0;32;32m1970-01-01 02:57:27.100|I|145916041|lpUCM [fds.cpp:FDS_OnLocalUpgProgress:246] total: 23, curr:4, percent:2, rop:13%
[m[0;32;32m1970-01-01 02:57:27.103|I|145916041|lpUCM [fds.cpp:FDS_OnLocalUpgProgress:246] total: 23, curr:4, percent:3, rop:13%
[m[0;32;32m1970-01-01 02:57:27.110|I|145916041|lpUCM [fds.cpp:FDS_OnLocalUpgProgress:246] total: 23, curr:4, percent:4, rop:13%
[m[0;32;32m1970-01-01 02:57:27.112|I|145916041|lpUCM [fds.cpp:FDS_OnLocalUpgProgress:246] total: 23, curr:4, percent:5, rop:13%
[m[0;32;32m1970-01-01 02:57:27.114|I|145916041|lpUCM [fds.cpp:FDS_OnLocalUpgProgress:246] total: 23, curr:4, percent:6, rop:13%
[m[0;32;32m1970-01-01 02:57:27.116|I|145916041|lpUCM [fds.cpp:FDS_OnLocalUpgProgress:246] total: 23, curr:4, percent:7, rop:13%
[m[0;32;32m1970-01-01 02:57:27.119|I|145916041|lpUCM [fds.cpp:FDS_OnLocalUpgProgress:246] total: 23, curr:4, percent:8, rop:13%
[m[0;32;32m1970-01-01 02:57:27.121|I|145916041|lpUCM [fds.cpp:FDS_OnLocalUpgProgress:246] total: 23, curr:4, percent:9, rop:13%
[m[0;32;32m1970-01-01 02:57:27.122|I|145916041|lpUCM [fds.cpp:FDS_OnLocalUpgProgress:246] total: 23, curr:4, percent:10, rop:13%
[m[0;32;32m1970-01-01 02:57:27.125|I|145916041|lpUCM [fds.cpp:FDS_OnLocalUpgProgress:246] total: 23, curr:4, percent:11, rop:13%
[m[0;32;32m1970-01-01 02:57:27.127|I|145916041|lpUCM [fds.cpp:FDS_OnLocalUpgProgress:246] total: 23, curr:4, percent:12, rop:13%
[m[0;32;32m1970-01-01 02:57:27.130|I|145916041|lpUCM [fds.cpp:FDS_OnLocalUpgProgress:246] total: 23, curr:4, percent:13, rop:13%
[m[0;32;32m1970-01-01 02:57:27.134|I|145916041|lpUCM [fds.cpp:FDS_OnLocalUpgProgress:246] total: 23, curr:4, percent:14, rop:13%
[m[0;32;32m1970-01-01 02:57:27.136|I|145916041|lpUCM [fds.cpp:FDS_OnLocalUpgProgress:246] total: 23, curr:4, percent:15, rop:13%
[m[0;32;32m1970-01-01 02:57:27.141|I|145916041|lpUCM [fds.cpp:FDS_OnLocalUpgProgress:246] total: 23, curr:4, percent:16, rop:13%
[m[0;32;32m1970-01-01 02:57:27.145|I|145916041|lpUCM [fds.cpp:FDS_OnLocalUpgProgress:246] total: 23, curr:4, percent:17, rop:13%
[m[0;32;32m1970-01-01 02:57:27.147|I|145916041|lpUCM [fds.cpp:FDS_OnLocalUpgProgress:246] total: 23, curr:4, percent:18, rop:13%
[m[0;32;32m1970-01-01 02:57:27.150|I|145916041|lpUCM [fds.cpp:FDS_OnLocalUpgProgress:246] total: 23, curr:4, percent:19, rop:13%
[m[0;32;32m1970-01-01 02:57:27.152|I|145916041|lpUCM [fds.cpp:FDS_OnLocalUpgProgress:246] total: 23, curr:4, percent:20, rop:13%
[m[0;32;32m1970-01-01 02:57:27.154|I|145916041|lpUCM [fds.cpp:FDS_OnLocalUpgProgress:246] total: 23, curr:4, percent:21, rop:13%
[m[0;32;32m1970-01-01 02:57:27.156|I|145916041|lpUCM [fds.cpp:FDS_OnLocalUpgProgress:246] total: 23, curr:4, percent:22, rop:14%
[m[0;32;32m1970-01-01 02:57:27.159|I|145916041|lpUCM [fds.cpp:FDS_OnLocalUpgProgress:246] total: 23, curr:4, percent:23, rop:14%
[m[0;32;32m1970-01-01 02:57:27.162|I|145916041|lpUCM [fds.cpp:FDS_OnLocalUpgProgress:246] total: 23, curr:4, percent:24, rop:14%
[m[0;32;32m1970-01-01 02:57:27.165|I|145916041|lpUCM [fds.cpp:FDS_OnLocalUpgProgress:246] total: 23, curr:4, percent:25, rop:14%
[m[0;32;32m1970-01-01 02:57:27.167|I|145916041|lpUCM [fds.cpp:FDS_OnLocalUpgProgress:246] total: 23, curr:4, percent:26, rop:14%
[m[0;32;32m1970-01-01 02:57:27.191|I|145916041|lpUCM [fds.cpp:FDS_OnLocalUpgProgress:246] total: 23, curr:4, percent:27, rop:14%
[m[0;32;32m1970-01-01 02:57:27.194|I|145916041|lpUCM [fds.cpp:FDS_OnLocalUpgProgress:246] total: 23, curr:4, percent:28, rop:14%
[m[0;32;32m1970-01-01 02:57:27.197|I|145916041|lpUCM [fds.cpp:FDS_OnLocalUpgProgress:246] total: 23, curr:4, percent:29, rop:14%
[m[0;32;32m1970-01-01 02:57:27.200|I|145916041|lpUCM [fds.cpp:FDS_OnLocalUpgProgress:246] total: 23, curr:4, percent:30, rop:14%
[m[0;32;32m1970-01-01 02:57:27.204|I|145916041|lpUCM [fds.cpp:FDS_OnLocalUpgProgress:246] total: 23, curr:4, percent:31, rop:14%
[m[0;32;32m1970-01-01 02:57:27.210|I|145916041|lpUCM [fds.cpp:FDS_OnLocalUpgProgress:246] total: 23, curr:4, percent:32, rop:14%
[m[0;32;32m1970-01-01 02:57:27.213|I|145916041|lpUCM [fds.cpp:FDS_OnLocalUpgProgress:246] total: 23, curr:4, percent:33, rop:14%
[m[0;32;32m1970-01-01 02:57:27.219|I|145916041|lpUCM [fds.cpp:FDS_OnLocalUpgProgress:246] total: 23, curr:4, percent:34, rop:14%
[m[0;32;32m1970-01-01 02:57:27.226|I|145916041|lpUCM [fds.cpp:FDS_OnLocalUpgProgress:246] total: 23, curr:4, percent:35, rop:14%
[m[0;32;32m1970-01-01 02:57:27.232|I|145916041|lpUCM [fds.cpp:FDS_OnLocalUpgProgress:246] total: 23, curr:4, percent:36, rop:14%
[m[0;32;32m1970-01-01 02:57:27.235|I|145916041|lpUCM [fds.cpp:FDS_OnLocalUpgProgress:246] total: 23, curr:4, percent:37, rop:14%
[m[0;32;32m1970-01-01 02:57:27.242|I|145916041|lpUCM [fds.cpp:FDS_OnLocalUpgProgress:246] total: 23, curr:4, percent:38, rop:14%
[m[0;32;32m1970-01-01 02:57:27.246|I|145916041|lpUCM [fds.cpp:FDS_OnLocalUpgProgress:246] total: 23, curr:4, percent:39, rop:14%
[m[0;32;32m1970-01-01 02:57:27.253|I|145916041|lpUCM [fds.cpp:FDS_OnLocalUpgProgress:246] total: 23, curr:4, percent:40, rop:14%
[m[0;32;32m1970-01-01 02:57:27.257|I|145916041|lpUCM [fds.cpp:FDS_OnLocalUpgProgress:246] total: 23, curr:4, percent:41, rop:14%
[m[0;32;32m1970-01-01 02:57:27.263|I|145916041|lpUCM [fds.cpp:FDS_OnLocalUpgProgress:246] total: 23, curr:4, percent:42, rop:14%
[m[0;32;32m1970-01-01 02:57:27.266|I|145916041|lpUCM [fds.cpp:FDS_OnLocalUpgProgress:246] total: 23, curr:4, percent:43, rop:14%
[m[0;32;32m1970-01-01 02:57:27.268|I|145916041|lpUCM [fds.cpp:FDS_OnLocalUpgProgress:246] total: 23, curr:4, percent:44, rop:14%
[m[0;32;32m1970-01-01 02:57:27.306|I|145916041|lpUCM [fds.cpp:FDS_OnLocalUpgProgress:246] total: 23, curr:4, percent:45, rop:15%
[m[0;32;32m1970-01-01 02:57:27.310|I|145916041|lpUCM [fds.cpp:FDS_OnLocalUpgProgress:246] total: 23, curr:4, percent:46, rop:15%
[m[0;32;32m1970-01-01 02:57:27.313|I|145916041|lpUCM [fds.cpp:FDS_OnLocalUpgProgress:246] total: 23, curr:4, percent:47, rop:15%
[m[0;32;32m1970-01-01 02:57:27.333|I|145916041|lpUCM [fds.cpp:FDS_OnLocalUpgProgress:246] total: 23, curr:4, percent:48, rop:15%
[m[0;32;32m1970-01-01 02:57:27.336|I|145916041|lpUCM [fds.cpp:FDS_OnLocalUpgProgress:246] total: 23, curr:4, percent:49, rop:15%
[m[0;32;32m1970-01-01 02:57:27.341|I|145916041|lpUCM [fds.cpp:FDS_OnLocalUpgProgress:246] total: 23, curr:4, percent:50, rop:15%
[m[0;32;32m1970-01-01 02:57:27.342|I|145916041|lpUCM [handler.c:FDS_idhExtractFile:234] CPIO extract success
[m[0;32;32m1970-01-01 02:57:27.342|I|145916041|lpUCM [fds.cpp:FDS_OnLocalUpgProgress:246] total: 23, curr:4, percent:100, rop:17%
[m[1;33m1970-01-01 02:57:27.342|W|145916041|lpUCM [scm.c:FDS_scmDeployImages:443] deploy [4st] success:NON-HLOS.bin.rawgz
[m[1;33m1970-01-01 02:57:27.342|W|145916041|lpUCM [scm.c:FDS_scmDeployImages:435] start [5st] deploy:xbl.elf.rawgz
[m[0;32;32m1970-01-01 02:57:27.342|I|145916041|lpUCM [fds.cpp:FDS_OnLocalUpgProgress:246] total: 23, curr:5, percent:0, rop:17%
[m[0;32;32m1970-01-01 02:57:27.342|I|145916041|lpUCM [handler.c:FDS_idhFindDesc:79] find time 1, name raw, handler_name = raw
[m[0;32;32m1970-01-01 02:57:27.342|I|145916041|lpUCM [handler.c:FDS_idhFindDesc:94] find handler raw, type = 0
[m[0;32;32m1970-01-01 02:57:27.342|I|145916041|lpUCM [handler.c:FDS_idhFindDesc:79] find time 1, name raw, handler_name = raw
[m[0;32;32m1970-01-01 02:57:27.342|I|145916041|lpUCM [handler.c:FDS_idhFindDesc:94] find handler raw, type = 0
[m[0;32;32m1970-01-01 02:57:27.360|I|145916041|lpUCM [fds.cpp:FDS_OnLocalUpgProgress:246] total: 23, curr:5, percent:1, rop:17%
[m[0;32;32m1970-01-01 02:57:27.362|I|145916041|lpUCM [fds.cpp:FDS_OnLocalUpgProgress:246] total: 23, curr:5, percent:2, rop:17%
[m[0;32;32m1970-01-01 02:57:27.364|I|145916041|lpUCM [fds.cpp:FDS_OnLocalUpgProgress:246] total: 23, curr:5, percent:3, rop:17%
[m[0;32;32m1970-01-01 02:57:27.366|I|145916041|lpUCM [fds.cpp:FDS_OnLocalUpgProgress:246] total: 23, curr:5, percent:4, rop:17%
[m[0;32;32m1970-01-01 02:57:27.368|I|145916041|lpUCM [fds.cpp:FDS_OnLocalUpgProgress:246] total: 23, curr:5, percent:5, rop:17%
[m[0;32;32m1970-01-01 02:57:27.373|I|145916041|lpUCM [fds.cpp:FDS_OnLocalUpgProgress:246] total: 23, curr:5, percent:6, rop:17%
[m[0;32;32m1970-01-01 02:57:27.375|I|145916041|lpUCM [fds.cpp:FDS_OnLocalUpgProgress:246] total: 23, curr:5, percent:7, rop:17%
[m[0;32;32m1970-01-01 02:57:27.377|I|145916041|lpUCM [fds.cpp:FDS_OnLocalUpgProgress:246] total: 23, curr:5, percent:8, rop:17%
[m[0;32;32m1970-01-01 02:57:27.378|I|145916041|lpUCM [fds.cpp:FDS_OnLocalUpgProgress:246] total: 23, curr:5, percent:9, rop:17%
[m[0;32;32m1970-01-01 02:57:27.378|I|145916041|lpUCM [fds.cpp:FDS_OnLocalUpgProgress:246] total: 23, curr:5, percent:10, rop:17%
[m[0;32;32m1970-01-01 02:57:27.379|I|145916041|lpUCM [fds.cpp:FDS_OnLocalUpgProgress:246] total: 23, curr:5, percent:11, rop:17%
[m[0;32;32m1970-01-01 02:57:27.379|I|145916041|lpUCM [fds.cpp:FDS_OnLocalUpgProgress:246] total: 23, curr:5, percent:12, rop:17%
[m[0;32;32m1970-01-01 02:57:27.380|I|145916041|lpUCM [fds.cpp:FDS_OnLocalUpgProgress:246] total: 23, curr:5, percent:13, rop:17%
[m[0;32;32m1970-01-01 02:57:27.381|I|145916041|lpUCM [fds.cpp:FDS_OnLocalUpgProgress:246] total: 23, curr:5, percent:14, rop:18%
[m[0;32;32m1970-01-01 02:57:27.381|I|145916041|lpUCM [fds.cpp:FDS_OnLocalUpgProgress:246] total: 23, curr:5, percent:15, rop:18%
[m[0;32;32m1970-01-01 02:57:27.383|I|145916041|lpUCM [fds.cpp:FDS_OnLocalUpgProgress:246] total: 23, curr:5, percent:16, rop:18%
[m[0;32;32m1970-01-01 02:57:27.383|I|145916041|lpUCM [fds.cpp:FDS_OnLocalUpgProgress:246] total: 23, curr:5, percent:17, rop:18%
[m[0;32;32m1970-01-01 02:57:27.384|I|145916041|lpUCM [fds.cpp:FDS_OnLocalUpgProgress:246] total: 23, curr:5, percent:18, rop:18%
[m[0;32;32m1970-01-01 02:57:27.385|I|145916041|lpUCM [fds.cpp:FDS_OnLocalUpgProgress:246] total: 23, curr:5, percent:19, rop:18%
[m[0;32;32m1970-01-01 02:57:27.385|I|145916041|lpUCM [fds.cpp:FDS_OnLocalUpgProgress:246] total: 23, curr:5, percent:20, rop:18%
[m[0;32;32m1970-01-01 02:57:27.386|I|145916041|lpUCM [fds.cpp:FDS_OnLocalUpgProgress:246] total: 23, curr:5, percent:21, rop:18%
[m[0;32;32m1970-01-01 02:57:27.387|I|145916041|lpUCM [fds.cpp:FDS_OnLocalUpgProgress:246] total: 23, curr:5, percent:22, rop:18%
[m[0;32;32m1970-01-01 02:57:27.387|I|145916041|lpUCM [fds.cpp:FDS_OnLocalUpgProgress:246] total: 23, curr:5, percent:23, rop:18%
[m[0;32;32m1970-01-01 02:57:27.388|I|145916041|lpUCM [fds.cpp:FDS_OnLocalUpgProgress:246] total: 23, curr:5, percent:24, rop:18%
[m[0;32;32m1970-01-01 02:57:27.388|I|145916041|lpUCM [fds.cpp:FDS_OnLocalUpgProgress:246] total: 23, curr:5, percent:25, rop:18%
[m[0;32;32m1970-01-01 02:57:27.389|I|145916041|lpUCM [fds.cpp:FDS_OnLocalUpgProgress:246] total: 23, curr:5, percent:26, rop:18%
[m[0;32;32m1970-01-01 02:57:27.390|I|145916041|lpUCM [fds.cpp:FDS_OnLocalUpgProgress:246] total: 23, curr:5, percent:27, rop:18%
[m[0;32;32m1970-01-01 02:57:27.390|I|145916041|lpUCM [fds.cpp:FDS_OnLocalUpgProgress:246] total: 23, curr:5, percent:28, rop:18%
[m[0;32;32m1970-01-01 02:57:27.391|I|145916041|lpUCM [fds.cpp:FDS_OnLocalUpgProgress:246] total: 23, curr:5, percent:29, rop:18%
[m[0;32;32m1970-01-01 02:57:27.392|I|145916041|lpUCM [fds.cpp:FDS_OnLocalUpgProgress:246] total: 23, curr:5, percent:30, rop:18%
[m[0;32;32m1970-01-01 02:57:27.392|I|145916041|lpUCM [fds.cpp:FDS_OnLocalUpgProgress:246] total: 23, curr:5, percent:31, rop:18%
[m[0;32;32m1970-01-01 02:57:27.393|I|145916041|lpUCM [fds.cpp:FDS_OnLocalUpgProgress:246] total: 23, curr:5, percent:32, rop:18%
[m[0;32;32m1970-01-01 02:57:27.394|I|145916041|lpUCM [fds.cpp:FDS_OnLocalUpgProgress:246] total: 23, curr:5, percent:33, rop:18%
[m[0;32;32m1970-01-01 02:57:27.395|I|145916041|lpUCM [fds.cpp:FDS_OnLocalUpgProgress:246] total: 23, curr:5, percent:34, rop:18%
[m[0;32;32m1970-01-01 02:57:27.396|I|145916041|lpUCM [fds.cpp:FDS_OnLocalUpgProgress:246] total: 23, curr:5, percent:35, rop:18%
[m[0;32;32m1970-01-01 02:57:27.397|I|145916041|lpUCM [fds.cpp:FDS_OnLocalUpgProgress:246] total: 23, curr:5, percent:36, rop:18%
[m[0;32;32m1970-01-01 02:57:27.397|I|145916041|lpUCM [fds.cpp:FDS_OnLocalUpgProgress:246] total: 23, curr:5, percent:37, rop:19%
[m[0;32;32m1970-01-01 02:57:27.420|I|145916041|lpUCM [fds.cpp:FDS_OnLocalUpgProgress:246] total: 23, curr:5, percent:38, rop:19%
[m[0;32;32m1970-01-01 02:57:27.421|I|145916041|lpUCM [fds.cpp:FDS_OnLocalUpgProgress:246] total: 23, curr:5, percent:39, rop:19%
[m[0;32;32m1970-01-01 02:57:27.425|I|145916041|lpUCM [fds.cpp:FDS_OnLocalUpgProgress:246] total: 23, curr:5, percent:40, rop:19%
[m[0;32;32m1970-01-01 02:57:27.426|I|145916041|lpUCM [fds.cpp:FDS_OnLocalUpgProgress:246] total: 23, curr:5, percent:41, rop:19%
[m[0;32;32m1970-01-01 02:57:27.427|I|145916041|lpUCM [fds.cpp:FDS_OnLocalUpgProgress:246] total: 23, curr:5, percent:42, rop:19%
[m[0;32;32m1970-01-01 02:57:27.429|I|145916041|lpUCM [fds.cpp:FDS_OnLocalUpgProgress:246] total: 23, curr:5, percent:43, rop:19%
[m[0;32;32m1970-01-01 02:57:27.430|I|145916041|lpUCM [fds.cpp:FDS_OnLocalUpgProgress:246] total: 23, curr:5, percent:44, rop:19%
[m[0;32;32m1970-01-01 02:57:27.430|I|145916041|lpUCM [fds.cpp:FDS_OnLocalUpgProgress:246] total: 23, curr:5, percent:45, rop:19%
[m[0;32;32m1970-01-01 02:57:27.434|I|145916041|lpUCM [fds.cpp:FDS_OnLocalUpgProgress:246] total: 23, curr:5, percent:46, rop:19%
[m[0;32;32m1970-01-01 02:57:27.436|I|145916041|lpUCM [fds.cpp:FDS_OnLocalUpgProgress:246] total: 23, curr:5, percent:47, rop:19%
[m[0;32;32m1970-01-01 02:57:27.438|I|145916041|lpUCM [fds.cpp:FDS_OnLocalUpgProgress:246] total: 23, curr:5, percent:48, rop:19%
[m[0;32;32m1970-01-01 02:57:27.439|I|145916041|lpUCM [fds.cpp:FDS_OnLocalUpgProgress:246] total: 23, curr:5, percent:49, rop:19%
[m[0;32;32m1970-01-01 02:57:27.441|I|145916041|lpUCM [fds.cpp:FDS_OnLocalUpgProgress:246] total: 23, curr:5, percent:50, rop:19%
[m[0;32;32m1970-01-01 02:57:27.441|I|145916041|lpUCM [handler.c:FDS_idhExtractFile:234] CPIO extract success
[m[0;32;32m1970-01-01 02:57:27.441|I|145916041|lpUCM [fds.cpp:FDS_OnLocalUpgProgress:246] total: 23, curr:5, percent:100, rop:21%
[m[1;33m1970-01-01 02:57:27.441|W|145916041|lpUCM [scm.c:FDS_scmDeployImages:443] deploy [5st] success:xbl.elf.rawgz
[m[1;33m1970-01-01 02:57:27.441|W|145916041|lpUCM [scm.c:FDS_scmDeployImages:435] start [6st] deploy:xbl_back.elf.rawgz
[m[0;32;32m1970-01-01 02:57:27.441|I|145916041|lpUCM [fds.cpp:FDS_OnLocalUpgProgress:246] total: 23, curr:6, percent:0, rop:21%
[m[0;32;32m1970-01-01 02:57:27.441|I|145916041|lpUCM [handler.c:FDS_idhFindDesc:79] find time 1, name raw, handler_name = raw
[m[0;32;32m1970-01-01 02:57:27.441|I|145916041|lpUCM [handler.c:FDS_idhFindDesc:94] find handler raw, type = 0
[m[0;32;32m1970-01-01 02:57:27.441|I|145916041|lpUCM [handler.c:FDS_idhFindDesc:79] find time 1, name raw, handler_name = raw
[m[0;32;32m1970-01-01 02:57:27.441|I|145916041|lpUCM [handler.c:FDS_idhFindDesc:94] find handler raw, type = 0
[m[0;32;32m1970-01-01 02:57:27.451|I|145916041|lpUCM [fds.cpp:FDS_OnLocalUpgProgress:246] total: 23, curr:6, percent:1, rop:21%
[m[0;32;32m1970-01-01 02:57:27.452|I|145916041|lpUCM [fds.cpp:FDS_OnLocalUpgProgress:246] total: 23, curr:6, percent:2, rop:21%
[m[0;32;32m1970-01-01 02:57:27.455|I|145916041|lpUCM [fds.cpp:FDS_OnLocalUpgProgress:246] total: 23, curr:6, percent:3, rop:21%
[m[0;32;32m1970-01-01 02:57:27.457|I|145916041|lpUCM [fds.cpp:FDS_OnLocalUpgProgress:246] total: 23, curr:6, percent:4, rop:21%
[m[0;32;32m1970-01-01 02:57:27.458|I|145916041|lpUCM [fds.cpp:FDS_OnLocalUpgProgress:246] total: 23, curr:6, percent:5, rop:21%
[m[0;32;32m1970-01-01 02:57:27.464|I|145916041|lpUCM [fds.cpp:FDS_OnLocalUpgProgress:246] total: 23, curr:6, percent:6, rop:22%
[m[0;32;32m1970-01-01 02:57:27.466|I|145916041|lpUCM [fds.cpp:FDS_OnLocalUpgProgress:246] total: 23, curr:6, percent:7, rop:22%
[m[0;32;32m1970-01-01 02:57:27.468|I|145916041|lpUCM [fds.cpp:FDS_OnLocalUpgProgress:246] total: 23, curr:6, percent:8, rop:22%
[m[0;32;32m1970-01-01 02:57:27.469|I|145916041|lpUCM [fds.cpp:FDS_OnLocalUpgProgress:246] total: 23, curr:6, percent:9, rop:22%
[m[0;32;32m1970-01-01 02:57:27.469|I|145916041|lpUCM [fds.cpp:FDS_OnLocalUpgProgress:246] total: 23, curr:6, percent:10, rop:22%
[m[0;32;32m1970-01-01 02:57:27.471|I|145916041|lpUCM [fds.cpp:FDS_OnLocalUpgProgress:246] total: 23, curr:6, percent:11, rop:22%
[m[0;32;32m1970-01-01 02:57:27.471|I|145916041|lpUCM [fds.cpp:FDS_OnLocalUpgProgress:246] total: 23, curr:6, percent:12, rop:22%
[m[0;32;32m1970-01-01 02:57:27.472|I|145916041|lpUCM [fds.cpp:FDS_OnLocalUpgProgress:246] total: 23, curr:6, percent:13, rop:22%
[m[0;32;32m1970-01-01 02:57:27.473|I|145916041|lpUCM [fds.cpp:FDS_OnLocalUpgProgress:246] total: 23, curr:6, percent:14, rop:22%
[m[0;32;32m1970-01-01 02:57:27.473|I|145916041|lpUCM [fds.cpp:FDS_OnLocalUpgProgress:246] total: 23, curr:6, percent:15, rop:22%
[m[0;32;32m1970-01-01 02:57:27.475|I|145916041|lpUCM [fds.cpp:FDS_OnLocalUpgProgress:246] total: 23, curr:6, percent:16, rop:22%
[m[0;32;32m1970-01-01 02:57:27.475|I|145916041|lpUCM [fds.cpp:FDS_OnLocalUpgProgress:246] total: 23, curr:6, percent:17, rop:22%
[m[0;32;32m1970-01-01 02:57:27.476|I|145916041|lpUCM [fds.cpp:FDS_OnLocalUpgProgress:246] total: 23, curr:6, percent:18, rop:22%
[m[0;32;32m1970-01-01 02:57:27.477|I|145916041|lpUCM [fds.cpp:FDS_OnLocalUpgProgress:246] total: 23, curr:6, percent:19, rop:22%
[m[0;32;32m1970-01-01 02:57:27.478|I|145916041|lpUCM [fds.cpp:FDS_OnLocalUpgProgress:246] total: 23, curr:6, percent:20, rop:22%
[m[0;32;32m1970-01-01 02:57:27.478|I|145916041|lpUCM [fds.cpp:FDS_OnLocalUpgProgress:246] total: 23, curr:6, percent:21, rop:22%
[m[0;32;32m1970-01-01 02:57:27.479|I|145916041|lpUCM [fds.cpp:FDS_OnLocalUpgProgress:246] total: 23, curr:6, percent:22, rop:22%
[m[0;32;32m1970-01-01 02:57:27.480|I|145916041|lpUCM [fds.cpp:FDS_OnLocalUpgProgress:246] total: 23, curr:6, percent:23, rop:22%
[m[0;32;32m1970-01-01 02:57:27.481|I|145916041|lpUCM [fds.cpp:FDS_OnLocalUpgProgress:246] total: 23, curr:6, percent:24, rop:22%
[m[0;32;32m1970-01-01 02:57:27.481|I|145916041|lpUCM [fds.cpp:FDS_OnLocalUpgProgress:246] total: 23, curr:6, percent:25, rop:22%
[m[0;32;32m1970-01-01 02:57:27.482|I|145916041|lpUCM [fds.cpp:FDS_OnLocalUpgProgress:246] total: 23, curr:6, percent:26, rop:22%
[m[0;32;32m1970-01-01 02:57:27.482|I|145916041|lpUCM [fds.cpp:FDS_OnLocalUpgProgress:246] total: 23, curr:6, percent:27, rop:22%
[m[0;32;32m1970-01-01 02:57:27.483|I|145916041|lpUCM [fds.cpp:FDS_OnLocalUpgProgress:246] total: 23, curr:6, percent:28, rop:22%
[m[0;32;32m1970-01-01 02:57:27.484|I|145916041|lpUCM [fds.cpp:FDS_OnLocalUpgProgress:246] total: 23, curr:6, percent:29, rop:23%
[m[0;32;32m1970-01-01 02:57:27.484|I|145916041|lpUCM [fds.cpp:FDS_OnLocalUpgProgress:246] total: 23, curr:6, percent:30, rop:23%
[m[0;32;32m1970-01-01 02:57:27.485|I|145916041|lpUCM [fds.cpp:FDS_OnLocalUpgProgress:246] total: 23, curr:6, percent:31, rop:23%
[m[0;32;32m1970-01-01 02:57:27.486|I|145916041|lpUCM [fds.cpp:FDS_OnLocalUpgProgress:246] total: 23, curr:6, percent:32, rop:23%
[m[0;32;32m1970-01-01 02:57:27.486|I|145916041|lpUCM [fds.cpp:FDS_OnLocalUpgProgress:246] total: 23, curr:6, percent:33, rop:23%
[m[0;32;32m1970-01-01 02:57:27.487|I|145916041|lpUCM [fds.cpp:FDS_OnLocalUpgProgress:246] total: 23, curr:6, percent:34, rop:23%
[m[0;32;32m1970-01-01 02:57:27.488|I|145916041|lpUCM [fds.cpp:FDS_OnLocalUpgProgress:246] total: 23, curr:6, percent:35, rop:23%
[m[0;32;32m1970-01-01 02:57:27.489|I|145916041|lpUCM [fds.cpp:FDS_OnLocalUpgProgress:246] total: 23, curr:6, percent:36, rop:23%
[m[0;32;32m1970-01-01 02:57:27.489|I|145916041|lpUCM [fds.cpp:FDS_OnLocalUpgProgress:246] total: 23, curr:6, percent:37, rop:23%
[m[0;32;32m1970-01-01 02:57:27.497|I|145916041|lpUCM [fds.cpp:FDS_OnLocalUpgProgress:246] total: 23, curr:6, percent:38, rop:23%
[m[0;32;32m1970-01-01 02:57:27.498|I|145916041|lpUCM [fds.cpp:FDS_OnLocalUpgProgress:246] total: 23, curr:6, percent:39, rop:23%
[m[0;32;32m1970-01-01 02:57:27.499|I|145916041|lpUCM [fds.cpp:FDS_OnLocalUpgProgress:246] total: 23, curr:6, percent:40, rop:23%
[m[0;32;32m1970-01-01 02:57:27.500|I|145916041|lpUCM [fds.cpp:FDS_OnLocalUpgProgress:246] total: 23, curr:6, percent:41, rop:23%
[m[0;32;32m1970-01-01 02:57:27.501|I|145916041|lpUCM [fds.cpp:FDS_OnLocalUpgProgress:246] total: 23, curr:6, percent:42, rop:23%
[m[0;32;32m1970-01-01 02:57:27.502|I|145916041|lpUCM [fds.cpp:FDS_OnLocalUpgProgress:246] total: 23, curr:6, percent:43, rop:23%
[m[0;32;32m1970-01-01 02:57:27.503|I|145916041|lpUCM [fds.cpp:FDS_OnLocalUpgProgress:246] total: 23, curr:6, percent:44, rop:23%
[m[0;32;32m1970-01-01 02:57:27.503|I|145916041|lpUCM [fds.cpp:FDS_OnLocalUpgProgress:246] total: 23, curr:6, percent:45, rop:23%
[m[0;32;32m1970-01-01 02:57:27.512|I|145916041|lpUCM [fds.cpp:FDS_OnLocalUpgProgress:246] total: 23, curr:6, percent:46, rop:23%
[m[0;32;32m1970-01-01 02:57:27.514|I|145916041|lpUCM [fds.cpp:FDS_OnLocalUpgProgress:246] total: 23, curr:6, percent:47, rop:23%
[m[0;32;32m1970-01-01 02:57:27.516|I|145916041|lpUCM [fds.cpp:FDS_OnLocalUpgProgress:246] total: 23, curr:6, percent:48, rop:23%
[m[0;32;32m1970-01-01 02:57:27.518|I|145916041|lpUCM [fds.cpp:FDS_OnLocalUpgProgress:246] total: 23, curr:6, percent:49, rop:23%
[m[0;32;32m1970-01-01 02:57:27.520|I|145916041|lpUCM [fds.cpp:FDS_OnLocalUpgProgress:246] total: 23, curr:6, percent:50, rop:23%
[m[0;32;32m1970-01-01 02:57:27.520|I|145916041|lpUCM [handler.c:FDS_idhExtractFile:234] CPIO extract success
[m[0;32;32m1970-01-01 02:57:27.520|I|145916041|lpUCM [fds.cpp:FDS_OnLocalUpgProgress:246] total: 23, curr:6, percent:100, rop:26%
[m[1;33m1970-01-01 02:57:27.520|W|145916041|lpUCM [scm.c:FDS_scmDeployImages:443] deploy [6st] success:xbl_back.elf.rawgz
[m[1;33m1970-01-01 02:57:27.520|W|145916041|lpUCM [scm.c:FDS_scmDeployImages:435] start [7st] deploy:xbl_config.elf.rawgz
[m[0;32;32m1970-01-01 02:57:27.520|I|145916041|lpUCM [fds.cpp:FDS_OnLocalUpgProgress:246] total: 23, curr:7, percent:0, rop:26%
[m[0;32;32m1970-01-01 02:57:27.520|I|145916041|lpUCM [handler.c:FDS_idhFindDesc:79] find time 1, name raw, handler_name = raw
[m[0;32;32m1970-01-01 02:57:27.520|I|145916041|lpUCM [handler.c:FDS_idhFindDesc:94] find handler raw, type = 0
[m[0;32;32m1970-01-01 02:57:27.520|I|145916041|lpUCM [handler.c:FDS_idhFindDesc:79] find time 1, name raw, handler_name = raw
[m[0;32;32m1970-01-01 02:57:27.520|I|145916041|lpUCM [handler.c:FDS_idhFindDesc:94] find handler raw, type = 0
[m[0;32;32m1970-01-01 02:57:27.520|I|145916041|lpUCM [fds.cpp:FDS_OnLocalUpgProgress:246] total: 23, curr:7, percent:13, rop:26%
[m[0;32;32m1970-01-01 02:57:27.521|I|145916041|lpUCM [fds.cpp:FDS_OnLocalUpgProgress:246] total: 23, curr:7, percent:26, rop:27%
[m[0;32;32m1970-01-01 02:57:27.522|I|145916041|lpUCM [fds.cpp:FDS_OnLocalUpgProgress:246] total: 23, curr:7, percent:40, rop:27%
[m[0;32;32m1970-01-01 02:57:27.524|I|145916041|lpUCM [fds.cpp:FDS_OnLocalUpgProgress:246] total: 23, curr:7, percent:50, rop:28%
[m[0;32;32m1970-01-01 02:57:27.525|I|145916041|lpUCM [handler.c:FDS_idhExtractFile:234] CPIO extract success
[m[0;32;32m1970-01-01 02:57:27.525|I|145916041|lpUCM [fds.cpp:FDS_OnLocalUpgProgress:246] total: 23, curr:7, percent:100, rop:30%
[m[1;33m1970-01-01 02:57:27.525|W|145916041|lpUCM [scm.c:FDS_scmDeployImages:443] deploy [7st] success:xbl_config.elf.rawgz
[m[1;33m1970-01-01 02:57:27.525|W|145916041|lpUCM [scm.c:FDS_scmDeployImages:435] start [8st] deploy:aop.mbn.rawgz
[m[0;32;32m1970-01-01 02:57:27.525|I|145916041|lpUCM [fds.cpp:FDS_OnLocalUpgProgress:246] total: 23, curr:8, percent:0, rop:30%
[m[0;32;32m1970-01-01 02:57:27.525|I|145916041|lpUCM [handler.c:FDS_idhFindDesc:79] find time 1, name raw, handler_name = raw
[m[0;32;32m1970-01-01 02:57:27.525|I|145916041|lpUCM [handler.c:FDS_idhFindDesc:94] find handler raw, type = 0
[m[0;32;32m1970-01-01 02:57:27.525|I|145916041|lpUCM [handler.c:FDS_idhFindDesc:79] find time 1, name raw, handler_name = raw
[m[0;32;32m1970-01-01 02:57:27.525|I|145916041|lpUCM [handler.c:FDS_idhFindDesc:94] find handler raw, type = 0
[m[0;32;32m1970-01-01 02:57:27.525|I|145916041|lpUCM [fds.cpp:FDS_OnLocalUpgProgress:246] total: 23, curr:8, percent:8, rop:30%
[m[0;32;32m1970-01-01 02:57:27.526|I|145916041|lpUCM [fds.cpp:FDS_OnLocalUpgProgress:246] total: 23, curr:8, percent:16, rop:31%
[m[0;32;32m1970-01-01 02:57:27.529|I|145916041|lpUCM [fds.cpp:FDS_OnLocalUpgProgress:246] total: 23, curr:8, percent:25, rop:31%
[m[0;32;32m1970-01-01 02:57:27.529|I|145916041|lpUCM [fds.cpp:FDS_OnLocalUpgProgress:246] total: 23, curr:8, percent:33, rop:31%
[m[0;32;32m1970-01-01 02:57:27.530|I|145916041|lpUCM [fds.cpp:FDS_OnLocalUpgProgress:246] total: 23, curr:8, percent:42, rop:32%
[m[0;32;32m1970-01-01 02:57:27.531|I|145916041|lpUCM [fds.cpp:FDS_OnLocalUpgProgress:246] total: 23, curr:8, percent:50, rop:32%
[m[0;32;32m1970-01-01 02:57:27.532|I|145916041|lpUCM [handler.c:FDS_idhExtractFile:234] CPIO extract success
[m[0;32;32m1970-01-01 02:57:27.532|I|145916041|lpUCM [fds.cpp:FDS_OnLocalUpgProgress:246] total: 23, curr:8, percent:100, rop:34%
[m[1;33m1970-01-01 02:57:27.532|W|145916041|lpUCM [scm.c:FDS_scmDeployImages:443] deploy [8st] success:aop.mbn.rawgz
[m[1;33m1970-01-01 02:57:27.532|W|145916041|lpUCM [scm.c:FDS_scmDeployImages:435] start [9st] deploy:tz.mbn.rawgz
[m[0;32;32m1970-01-01 02:57:27.532|I|145916041|lpUCM [fds.cpp:FDS_OnLocalUpgProgress:246] total: 23, curr:9, percent:0, rop:34%
[m[0;32;32m1970-01-01 02:57:27.532|I|145916041|lpUCM [handler.c:FDS_idhFindDesc:79] find time 1, name raw, handler_name = raw
[m[0;32;32m1970-01-01 02:57:27.532|I|145916041|lpUCM [handler.c:FDS_idhFindDesc:94] find handler raw, type = 0
[m[0;32;32m1970-01-01 02:57:27.532|I|145916041|lpUCM [handler.c:FDS_idhFindDesc:79] find time 1, name raw, handler_name = raw
[m[0;32;32m1970-01-01 02:57:27.532|I|145916041|lpUCM [handler.c:FDS_idhFindDesc:94] find handler raw, type = 0
[m[0;32;32m1970-01-01 02:57:27.533|I|145916041|lpUCM [fds.cpp:FDS_OnLocalUpgProgress:246] total: 23, curr:9, percent:1, rop:34%
[m[0;32;32m1970-01-01 02:57:27.535|I|145916041|lpUCM [fds.cpp:FDS_OnLocalUpgProgress:246] total: 23, curr:9, percent:2, rop:34%
[m[0;32;32m1970-01-01 02:57:27.538|I|145916041|lpUCM [fds.cpp:FDS_OnLocalUpgProgress:246] total: 23, curr:9, percent:3, rop:34%
[m[0;32;32m1970-01-01 02:57:27.539|I|145916041|lpUCM [fds.cpp:FDS_OnLocalUpgProgress:246] total: 23, curr:9, percent:4, rop:34%
[m[0;32;32m1970-01-01 02:57:27.541|I|145916041|lpUCM [fds.cpp:FDS_OnLocalUpgProgress:246] total: 23, curr:9, percent:5, rop:35%
[m[0;32;32m1970-01-01 02:57:27.541|I|145916041|lpUCM [fds.cpp:FDS_OnLocalUpgProgress:246] total: 23, curr:9, percent:6, rop:35%
[m[0;32;32m1970-01-01 02:57:27.542|I|145916041|lpUCM [fds.cpp:FDS_OnLocalUpgProgress:246] total: 23, curr:9, percent:7, rop:35%
[m[0;32;32m1970-01-01 02:57:27.543|I|145916041|lpUCM [fds.cpp:FDS_OnLocalUpgProgress:246] total: 23, curr:9, percent:8, rop:35%
[m[0;32;32m1970-01-01 02:57:27.545|I|145916041|lpUCM [fds.cpp:FDS_OnLocalUpgProgress:246] total: 23, curr:9, percent:9, rop:35%
[m[0;32;32m1970-01-01 02:57:27.546|I|145916041|lpUCM [fds.cpp:FDS_OnLocalUpgProgress:246] total: 23, curr:9, percent:10, rop:35%
[m[0;32;32m1970-01-01 02:57:27.546|I|145916041|lpUCM [fds.cpp:FDS_OnLocalUpgProgress:246] total: 23, curr:9, percent:11, rop:35%
[m[0;32;32m1970-01-01 02:57:27.547|I|145916041|lpUCM [fds.cpp:FDS_OnLocalUpgProgress:246] total: 23, curr:9, percent:12, rop:35%
[m[0;32;32m1970-01-01 02:57:27.548|I|145916041|lpUCM [fds.cpp:FDS_OnLocalUpgProgress:246] total: 23, curr:9, percent:13, rop:35%
[m[0;32;32m1970-01-01 02:57:27.549|I|145916041|lpUCM [fds.cpp:FDS_OnLocalUpgProgress:246] total: 23, curr:9, percent:14, rop:35%
[m[0;32;32m1970-01-01 02:57:27.550|I|145916041|lpUCM [fds.cpp:FDS_OnLocalUpgProgress:246] total: 23, curr:9, percent:15, rop:35%
[m[0;32;32m1970-01-01 02:57:27.551|I|145916041|lpUCM [fds.cpp:FDS_OnLocalUpgProgress:246] total: 23, curr:9, percent:16, rop:35%
[m[0;32;32m1970-01-01 02:57:27.552|I|145916041|lpUCM [fds.cpp:FDS_OnLocalUpgProgress:246] total: 23, curr:9, percent:17, rop:35%
[m[0;32;32m1970-01-01 02:57:27.553|I|145916041|lpUCM [fds.cpp:FDS_OnLocalUpgProgress:246] total: 23, curr:9, percent:18, rop:35%
[m[0;32;32m1970-01-01 02:57:27.554|I|145916041|lpUCM [fds.cpp:FDS_OnLocalUpgProgress:246] total: 23, curr:9, percent:19, rop:35%
[m[0;32;32m1970-01-01 02:57:27.555|I|145916041|lpUCM [fds.cpp:FDS_OnLocalUpgProgress:246] total: 23, curr:9, percent:20, rop:35%
[m[0;32;32m1970-01-01 02:57:27.559|I|145916041|lpUCM [fds.cpp:FDS_OnLocalUpgProgress:246] total: 23, curr:9, percent:21, rop:35%
[m[0;32;32m1970-01-01 02:57:27.560|I|145916041|lpUCM [fds.cpp:FDS_OnLocalUpgProgress:246] total: 23, curr:9, percent:22, rop:35%
[m[0;32;32m1970-01-01 02:57:27.563|I|145916041|lpUCM [fds.cpp:FDS_OnLocalUpgProgress:246] total: 23, curr:9, percent:23, rop:35%
[m[0;32;32m1970-01-01 02:57:27.564|I|145916041|lpUCM [fds.cpp:FDS_OnLocalUpgProgress:246] total: 23, curr:9, percent:24, rop:35%
[m[0;32;32m1970-01-01 02:57:27.565|I|145916041|lpUCM [fds.cpp:FDS_OnLocalUpgProgress:246] total: 23, curr:9, percent:25, rop:35%
[m[0;32;32m1970-01-01 02:57:27.566|I|145916041|lpUCM [fds.cpp:FDS_OnLocalUpgProgress:246] total: 23, curr:9, percent:26, rop:35%
[m[0;32;32m1970-01-01 02:57:27.569|I|145916041|lpUCM [fds.cpp:FDS_OnLocalUpgProgress:246] total: 23, curr:9, percent:27, rop:35%
[m[0;32;32m1970-01-01 02:57:27.581|I|145916041|lpUCM [fds.cpp:FDS_OnLocalUpgProgress:246] total: 23, curr:9, percent:28, rop:36%
[m[0;32;32m1970-01-01 02:57:27.583|I|145916041|lpUCM [fds.cpp:FDS_OnLocalUpgProgress:246] total: 23, curr:9, percent:29, rop:36%
[m[0;32;32m1970-01-01 02:57:27.584|I|145916041|lpUCM [fds.cpp:FDS_OnLocalUpgProgress:246] total: 23, curr:9, percent:30, rop:36%
[m[0;32;32m1970-01-01 02:57:27.584|I|145916041|lpUCM [fds.cpp:FDS_OnLocalUpgProgress:246] total: 23, curr:9, percent:31, rop:36%
[m[0;32;32m1970-01-01 02:57:27.585|I|145916041|lpUCM [fds.cpp:FDS_OnLocalUpgProgress:246] total: 23, curr:9, percent:32, rop:36%
[m[0;32;32m1970-01-01 02:57:27.586|I|145916041|lpUCM [fds.cpp:FDS_OnLocalUpgProgress:246] total: 23, curr:9, percent:33, rop:36%
[m[0;32;32m1970-01-01 02:57:27.587|I|145916041|lpUCM [fds.cpp:FDS_OnLocalUpgProgress:246] total: 23, curr:9, percent:34, rop:36%
[m[0;32;32m1970-01-01 02:57:27.588|I|145916041|lpUCM [fds.cpp:FDS_OnLocalUpgProgress:246] total: 23, curr:9, percent:35, rop:36%
[m[0;32;32m1970-01-01 02:57:27.589|I|145916041|lpUCM [fds.cpp:FDS_OnLocalUpgProgress:246] total: 23, curr:9, percent:36, rop:36%
[m[0;32;32m1970-01-01 02:57:27.590|I|145916041|lpUCM [fds.cpp:FDS_OnLocalUpgProgress:246] total: 23, curr:9, percent:37, rop:36%
[m[0;32;32m1970-01-01 02:57:27.591|I|145916041|lpUCM [fds.cpp:FDS_OnLocalUpgProgress:246] total: 23, curr:9, percent:38, rop:36%
[m[0;32;32m1970-01-01 02:57:27.592|I|145916041|lpUCM [fds.cpp:FDS_OnLocalUpgProgress:246] total: 23, curr:9, percent:39, rop:36%
[m[0;32;32m1970-01-01 02:57:27.593|I|145916041|lpUCM [fds.cpp:FDS_OnLocalUpgProgress:246] total: 23, curr:9, percent:40, rop:36%
[m[0;32;32m1970-01-01 02:57:27.595|I|145916041|lpUCM [fds.cpp:FDS_OnLocalUpgProgress:246] total: 23, curr:9, percent:41, rop:36%
[m[0;32;32m1970-01-01 02:57:27.596|I|145916041|lpUCM [fds.cpp:FDS_OnLocalUpgProgress:246] total: 23, curr:9, percent:42, rop:36%
[m[0;32;32m1970-01-01 02:57:27.597|I|145916041|lpUCM [fds.cpp:FDS_OnLocalUpgProgress:246] total: 23, curr:9, percent:43, rop:36%
[m[0;32;32m1970-01-01 02:57:27.598|I|145916041|lpUCM [fds.cpp:FDS_OnLocalUpgProgress:246] total: 23, curr:9, percent:44, rop:36%
[m[0;32;32m1970-01-01 02:57:27.600|I|145916041|lpUCM [fds.cpp:FDS_OnLocalUpgProgress:246] total: 23, curr:9, percent:45, rop:36%
[m[0;32;32m1970-01-01 02:57:27.601|I|145916041|lpUCM [fds.cpp:FDS_OnLocalUpgProgress:246] total: 23, curr:9, percent:46, rop:36%
[m[0;32;32m1970-01-01 02:57:27.601|I|145916041|lpUCM [fds.cpp:FDS_OnLocalUpgProgress:246] total: 23, curr:9, percent:47, rop:36%
[m[0;32;32m1970-01-01 02:57:27.602|I|145916041|lpUCM [fds.cpp:FDS_OnLocalUpgProgress:246] total: 23, curr:9, percent:48, rop:36%
[m[0;32;32m1970-01-01 02:57:27.603|I|145916041|lpUCM [fds.cpp:FDS_OnLocalUpgProgress:246] total: 23, curr:9, percent:49, rop:36%
[m[0;32;32m1970-01-01 02:57:27.605|I|145916041|lpUCM [fds.cpp:FDS_OnLocalUpgProgress:246] total: 23, curr:9, percent:50, rop:36%
[m[0;32;32m1970-01-01 02:57:27.605|I|145916041|lpUCM [handler.c:FDS_idhExtractFile:234] CPIO extract success
[m[0;32;32m1970-01-01 02:57:27.605|I|145916041|lpUCM [fds.cpp:FDS_OnLocalUpgProgress:246] total: 23, curr:9, percent:100, rop:39%
[m[1;33m1970-01-01 02:57:27.605|W|145916041|lpUCM [scm.c:FDS_scmDeployImages:443] deploy [9st] success:tz.mbn.rawgz
[m[1;33m1970-01-01 02:57:27.605|W|145916041|lpUCM [scm.c:FDS_scmDeployImages:435] start [10st] deploy:abl.elf.rawgz
[m[0;32;32m1970-01-01 02:57:27.605|I|145916041|lpUCM [fds.cpp:FDS_OnLocalUpgProgress:246] total: 23, curr:10, percent:0, rop:39%
[m[0;32;32m1970-01-01 02:57:27.605|I|145916041|lpUCM [handler.c:FDS_idhFindDesc:79] find time 1, name raw, handler_name = raw
[m[0;32;32m1970-01-01 02:57:27.605|I|145916041|lpUCM [handler.c:FDS_idhFindDesc:94] find handler raw, type = 0
[m[0;32;32m1970-01-01 02:57:27.605|I|145916041|lpUCM [handler.c:FDS_idhFindDesc:79] find time 1, name raw, handler_name = raw
[m[0;32;32m1970-01-01 02:57:27.605|I|145916041|lpUCM [handler.c:FDS_idhFindDesc:94] find handler raw, type = 0
[m[0;32;32m1970-01-01 02:57:27.605|I|145916041|lpUCM [fds.cpp:FDS_OnLocalUpgProgress:246] total: 23, curr:10, percent:6, rop:39%
[m[0;32;32m1970-01-01 02:57:27.606|I|145916041|lpUCM [fds.cpp:FDS_OnLocalUpgProgress:246] total: 23, curr:10, percent:12, rop:39%
[m[0;32;32m1970-01-01 02:57:27.611|I|145916041|lpUCM [fds.cpp:FDS_OnLocalUpgProgress:246] total: 23, curr:10, percent:18, rop:39%
[m[0;32;32m1970-01-01 02:57:27.612|I|145916041|lpUCM [fds.cpp:FDS_OnLocalUpgProgress:246] total: 23, curr:10, percent:24, rop:40%
[m[0;32;32m1970-01-01 02:57:27.613|I|145916041|lpUCM [fds.cpp:FDS_OnLocalUpgProgress:246] total: 23, curr:10, percent:30, rop:40%
[m[0;32;32m1970-01-01 02:57:27.613|I|145916041|lpUCM [fds.cpp:FDS_OnLocalUpgProgress:246] total: 23, curr:10, percent:37, rop:40%
[m[0;32;32m1970-01-01 02:57:27.613|I|145916041|lpUCM [fds.cpp:FDS_OnLocalUpgProgress:246] total: 23, curr:10, percent:43, rop:41%
[m[0;32;32m1970-01-01 02:57:27.613|I|145916041|lpUCM [fds.cpp:FDS_OnLocalUpgProgress:246] total: 23, curr:10, percent:49, rop:41%
[m[0;32;32m1970-01-01 02:57:27.614|I|145916041|lpUCM [fds.cpp:FDS_OnLocalUpgProgress:246] total: 23, curr:10, percent:50, rop:41%
[m[0;32;32m1970-01-01 02:57:27.615|I|145916041|lpUCM [handler.c:FDS_idhExtractFile:234] CPIO extract success
[m[0;32;32m1970-01-01 02:57:27.615|I|145916041|lpUCM [fds.cpp:FDS_OnLocalUpgProgress:246] total: 23, curr:10, percent:100, rop:43%
[m[1;33m1970-01-01 02:57:27.615|W|145916041|lpUCM [scm.c:FDS_scmDeployImages:443] deploy [10st] success:abl.elf.rawgz
[m[1;33m1970-01-01 02:57:27.615|W|145916041|lpUCM [scm.c:FDS_scmDeployImages:435] start [11st] deploy:keymint.mbn.rawgz
[m[0;32;32m1970-01-01 02:57:27.615|I|145916041|lpUCM [fds.cpp:FDS_OnLocalUpgProgress:246] total: 23, curr:11, percent:0, rop:43%
[m[0;32;32m1970-01-01 02:57:27.615|I|145916041|lpUCM [handler.c:FDS_idhFindDesc:79] find time 1, name raw, handler_name = raw
[m[0;32;32m1970-01-01 02:57:27.615|I|145916041|lpUCM [handler.c:FDS_idhFindDesc:94] find handler raw, type = 0
[m[0;32;32m1970-01-01 02:57:27.615|I|145916041|lpUCM [handler.c:FDS_idhFindDesc:79] find time 1, name raw, handler_name = raw
[m[0;32;32m1970-01-01 02:57:27.615|I|145916041|lpUCM [handler.c:FDS_idhFindDesc:94] find handler raw, type = 0
[m[0;32;32m1970-01-01 02:57:27.615|I|145916041|lpUCM [fds.cpp:FDS_OnLocalUpgProgress:246] total: 23, curr:11, percent:4, rop:43%
[m[0;32;32m1970-01-01 02:57:27.615|I|145916041|lpUCM [fds.cpp:FDS_OnLocalUpgProgress:246] total: 23, curr:11, percent:9, rop:43%
[m[0;32;32m1970-01-01 02:57:27.617|I|145916041|lpUCM [fds.cpp:FDS_OnLocalUpgProgress:246] total: 23, curr:11, percent:14, rop:44%
[m[0;32;32m1970-01-01 02:57:27.618|I|145916041|lpUCM [fds.cpp:FDS_OnLocalUpgProgress:246] total: 23, curr:11, percent:19, rop:44%
[m[0;32;32m1970-01-01 02:57:27.618|I|145916041|lpUCM [fds.cpp:FDS_OnLocalUpgProgress:246] total: 23, curr:11, percent:24, rop:44%
[m[0;32;32m1970-01-01 02:57:27.619|I|145916041|lpUCM [fds.cpp:FDS_OnLocalUpgProgress:246] total: 23, curr:11, percent:29, rop:44%
[m[0;32;32m1970-01-01 02:57:27.619|I|145916041|lpUCM [fds.cpp:FDS_OnLocalUpgProgress:246] total: 23, curr:11, percent:33, rop:44%
[m[0;32;32m1970-01-01 02:57:27.620|I|145916041|lpUCM [fds.cpp:FDS_OnLocalUpgProgress:246] total: 23, curr:11, percent:38, rop:45%
[m[0;32;32m1970-01-01 02:57:27.621|I|145916041|lpUCM [fds.cpp:FDS_OnLocalUpgProgress:246] total: 23, curr:11, percent:43, rop:45%
[m[0;32;32m1970-01-01 02:57:27.621|I|145916041|lpUCM [fds.cpp:FDS_OnLocalUpgProgress:246] total: 23, curr:11, percent:48, rop:45%
[m[0;32;32m1970-01-01 02:57:27.622|I|145916041|lpUCM [fds.cpp:FDS_OnLocalUpgProgress:246] total: 23, curr:11, percent:50, rop:45%
[m[0;32;32m1970-01-01 02:57:27.623|I|145916041|lpUCM [handler.c:FDS_idhExtractFile:234] CPIO extract success
[m[0;32;32m1970-01-01 02:57:27.623|I|145916041|lpUCM [fds.cpp:FDS_OnLocalUpgProgress:246] total: 23, curr:11, percent:100, rop:47%
[m[1;33m1970-01-01 02:57:27.623|W|145916041|lpUCM [scm.c:FDS_scmDeployImages:443] deploy [11st] success:keymint.mbn.rawgz
[m[1;33m1970-01-01 02:57:27.623|W|145916041|lpUCM [scm.c:FDS_scmDeployImages:435] start [12st] deploy:boot_qdrive_iosock.bin.rawgz
[m[0;32;32m1970-01-01 02:57:27.623|I|145916041|lpUCM [fds.cpp:FDS_OnLocalUpgProgress:246] total: 23, curr:12, percent:0, rop:47%
[m[0;32;32m1970-01-01 02:57:27.623|I|145916041|lpUCM [handler.c:FDS_idhFindDesc:79] find time 1, name raw, handler_name = raw
[m[0;32;32m1970-01-01 02:57:27.623|I|145916041|lpUCM [handler.c:FDS_idhFindDesc:94] find handler raw, type = 0
[m[0;32;32m1970-01-01 02:57:27.623|I|145916041|lpUCM [handler.c:FDS_idhFindDesc:79] find time 1, name raw, handler_name = raw
[m[0;32;32m1970-01-01 02:57:27.623|I|145916041|lpUCM [handler.c:FDS_idhFindDesc:94] find handler raw, type = 0
[m[0;32;32m1970-01-01 02:57:27.624|I|145916041|lpUCM [fds.cpp:FDS_OnLocalUpgProgress:246] total: 23, curr:12, percent:1, rop:47%
[m[0;32;32m1970-01-01 02:57:27.625|I|145916041|lpUCM [fds.cpp:FDS_OnLocalUpgProgress:246] total: 23, curr:12, percent:2, rop:47%
[m[0;32;32m1970-01-01 02:57:27.626|I|145916041|lpUCM [fds.cpp:FDS_OnLocalUpgProgress:246] total: 23, curr:12, percent:3, rop:47%
[m[0;32;32m1970-01-01 02:57:27.627|I|145916041|lpUCM [fds.cpp:FDS_OnLocalUpgProgress:246] total: 23, curr:12, percent:4, rop:48%
[m[0;32;32m1970-01-01 02:57:27.628|I|145916041|lpUCM [fds.cpp:FDS_OnLocalUpgProgress:246] total: 23, curr:12, percent:5, rop:48%
[m[0;32;32m1970-01-01 02:57:27.629|I|145916041|lpUCM [fds.cpp:FDS_OnLocalUpgProgress:246] total: 23, curr:12, percent:6, rop:48%
[m[0;32;32m1970-01-01 02:57:27.630|I|145916041|lpUCM [fds.cpp:FDS_OnLocalUpgProgress:246] total: 23, curr:12, percent:7, rop:48%
[m[0;32;32m1970-01-01 02:57:27.635|I|145916041|lpUCM [fds.cpp:FDS_OnLocalUpgProgress:246] total: 23, curr:12, percent:8, rop:48%
[m[0;32;32m1970-01-01 02:57:27.636|I|145916041|lpUCM [fds.cpp:FDS_OnLocalUpgProgress:246] total: 23, curr:12, percent:9, rop:48%
[m[0;32;32m1970-01-01 02:57:27.637|I|145916041|lpUCM [fds.cpp:FDS_OnLocalUpgProgress:246] total: 23, curr:12, percent:10, rop:48%
[m[0;32;32m1970-01-01 02:57:27.638|I|145916041|lpUCM [fds.cpp:FDS_OnLocalUpgProgress:246] total: 23, curr:12, percent:11, rop:48%
[m[0;32;32m1970-01-01 02:57:27.639|I|145916041|lpUCM [fds.cpp:FDS_OnLocalUpgProgress:246] total: 23, curr:12, percent:12, rop:48%
[m[0;32;32m1970-01-01 02:57:27.639|I|145916041|lpUCM [fds.cpp:FDS_OnLocalUpgProgress:246] total: 23, curr:12, percent:13, rop:48%
[m[0;32;32m1970-01-01 02:57:27.641|I|145916041|lpUCM [fds.cpp:FDS_OnLocalUpgProgress:246] total: 23, curr:12, percent:14, rop:48%
[m[0;32;32m1970-01-01 02:57:27.644|I|145916041|lpUCM [fds.cpp:FDS_OnLocalUpgProgress:246] total: 23, curr:12, percent:15, rop:48%
[m[0;32;32m1970-01-01 02:57:27.645|I|145916041|lpUCM [fds.cpp:FDS_OnLocalUpgProgress:246] total: 23, curr:12, percent:16, rop:48%
[m[0;32;32m1970-01-01 02:57:27.645|I|145916041|lpUCM [fds.cpp:FDS_OnLocalUpgProgress:246] total: 23, curr:12, percent:17, rop:48%
[m[0;32;32m1970-01-01 02:57:27.646|I|145916041|lpUCM [fds.cpp:FDS_OnLocalUpgProgress:246] total: 23, curr:12, percent:18, rop:48%
[m[0;32;32m1970-01-01 02:57:27.647|I|145916041|lpUCM [fds.cpp:FDS_OnLocalUpgProgress:246] total: 23, curr:12, percent:19, rop:48%
[m[0;32;32m1970-01-01 02:57:27.648|I|145916041|lpUCM [fds.cpp:FDS_OnLocalUpgProgress:246] total: 23, curr:12, percent:20, rop:48%
[m[0;32;32m1970-01-01 02:57:27.649|I|145916041|lpUCM [fds.cpp:FDS_OnLocalUpgProgress:246] total: 23, curr:12, percent:21, rop:48%
[m[0;32;32m1970-01-01 02:57:27.650|I|145916041|lpUCM [fds.cpp:FDS_OnLocalUpgProgress:246] total: 23, curr:12, percent:22, rop:48%
[m[0;32;32m1970-01-01 02:57:27.650|I|145916041|lpUCM [fds.cpp:FDS_OnLocalUpgProgress:246] total: 23, curr:12, percent:23, rop:48%
[m[0;32;32m1970-01-01 02:57:27.651|I|145916041|lpUCM [fds.cpp:FDS_OnLocalUpgProgress:246] total: 23, curr:12, percent:24, rop:48%
[m[0;32;32m1970-01-01 02:57:27.652|I|145916041|lpUCM [fds.cpp:FDS_OnLocalUpgProgress:246] total: 23, curr:12, percent:25, rop:48%
[m[0;32;32m1970-01-01 02:57:27.653|I|145916041|lpUCM [fds.cpp:FDS_OnLocalUpgProgress:246] total: 23, curr:12, percent:26, rop:48%
[m[0;32;32m1970-01-01 02:57:27.654|I|145916041|lpUCM [fds.cpp:FDS_OnLocalUpgProgress:246] total: 23, curr:12, percent:27, rop:49%
[m[0;32;32m1970-01-01 02:57:27.655|I|145916041|lpUCM [fds.cpp:FDS_OnLocalUpgProgress:246] total: 23, curr:12, percent:28, rop:49%
[m[0;32;32m1970-01-01 02:57:27.656|I|145916041|lpUCM [fds.cpp:FDS_OnLocalUpgProgress:246] total: 23, curr:12, percent:29, rop:49%
[m[0;32;32m1970-01-01 02:57:27.657|I|145916041|lpUCM [fds.cpp:FDS_OnLocalUpgProgress:246] total: 23, curr:12, percent:30, rop:49%
[m[0;32;32m1970-01-01 02:57:27.659|I|145916041|lpUCM [fds.cpp:FDS_OnLocalUpgProgress:246] total: 23, curr:12, percent:31, rop:49%
[m[0;32;32m1970-01-01 02:57:27.660|I|145916041|lpUCM [fds.cpp:FDS_OnLocalUpgProgress:246] total: 23, curr:12, percent:32, rop:49%
[m[0;32;32m1970-01-01 02:57:27.662|I|145916041|lpUCM [fds.cpp:FDS_OnLocalUpgProgress:246] total: 23, curr:12, percent:33, rop:49%
[m[0;32;32m1970-01-01 02:57:27.663|I|145916041|lpUCM [fds.cpp:FDS_OnLocalUpgProgress:246] total: 23, curr:12, percent:34, rop:49%
[m[0;32;32m1970-01-01 02:57:27.665|I|145916041|lpUCM [fds.cpp:FDS_OnLocalUpgProgress:246] total: 23, curr:12, percent:35, rop:49%
[m[0;32;32m1970-01-01 02:57:27.666|I|145916041|lpUCM [fds.cpp:FDS_OnLocalUpgProgress:246] total: 23, curr:12, percent:36, rop:49%
[m[0;32;32m1970-01-01 02:57:27.672|I|145916041|lpUCM [fds.cpp:FDS_OnLocalUpgProgress:246] total: 23, curr:12, percent:37, rop:49%
[m[0;32;32m1970-01-01 02:57:27.673|I|145916041|lpUCM [fds.cpp:FDS_OnLocalUpgProgress:246] total: 23, curr:12, percent:38, rop:49%
[m[0;32;32m1970-01-01 02:57:27.674|I|145916041|lpUCM [fds.cpp:FDS_OnLocalUpgProgress:246] total: 23, curr:12, percent:39, rop:49%
[m[0;32;32m1970-01-01 02:57:27.675|I|145916041|lpUCM [fds.cpp:FDS_OnLocalUpgProgress:246] total: 23, curr:12, percent:40, rop:49%
[m[0;32;32m1970-01-01 02:57:27.675|I|145916041|lpUCM [fds.cpp:FDS_OnLocalUpgProgress:246] total: 23, curr:12, percent:41, rop:49%
[m[0;32;32m1970-01-01 02:57:27.676|I|145916041|lpUCM [fds.cpp:FDS_OnLocalUpgProgress:246] total: 23, curr:12, percent:42, rop:49%
[m[0;32;32m1970-01-01 02:57:27.677|I|145916041|lpUCM [fds.cpp:FDS_OnLocalUpgProgress:246] total: 23, curr:12, percent:43, rop:49%
[m[0;32;32m1970-01-01 02:57:27.678|I|145916041|lpUCM [fds.cpp:FDS_OnLocalUpgProgress:246] total: 23, curr:12, percent:44, rop:49%
[m[0;32;32m1970-01-01 02:57:27.679|I|145916041|lpUCM [fds.cpp:FDS_OnLocalUpgProgress:246] total: 23, curr:12, percent:45, rop:49%
[m[0;32;32m1970-01-01 02:57:27.680|I|145916041|lpUCM [fds.cpp:FDS_OnLocalUpgProgress:246] total: 23, curr:12, percent:46, rop:49%
[m[0;32;32m1970-01-01 02:57:27.686|I|145916041|lpUCM [fds.cpp:FDS_OnLocalUpgProgress:246] total: 23, curr:12, percent:47, rop:49%
[m[0;32;32m1970-01-01 02:57:27.687|I|145916041|lpUCM [fds.cpp:FDS_OnLocalUpgProgress:246] total: 23, curr:12, percent:48, rop:49%
[m[0;32;32m1970-01-01 02:57:27.687|I|145916041|lpUCM [fds.cpp:FDS_OnLocalUpgProgress:246] total: 23, curr:12, percent:49, rop:49%
[m[0;32;32m1970-01-01 02:57:27.688|I|145916041|lpUCM [fds.cpp:FDS_OnLocalUpgProgress:246] total: 23, curr:12, percent:50, rop:50%
[m[0;32;32m1970-01-01 02:57:27.688|I|145916041|lpUCM [handler.c:FDS_idhExtractFile:234] CPIO extract success
[m[0;32;32m1970-01-01 02:57:27.688|I|145916041|lpUCM [fds.cpp:FDS_OnLocalUpgProgress:246] total: 23, curr:12, percent:100, rop:52%
[m[1;33m1970-01-01 02:57:27.688|W|145916041|lpUCM [scm.c:FDS_scmDeployImages:443] deploy [12st] success:boot_qdrive_iosock.bin.rawgz
[m[1;33m1970-01-01 02:57:27.688|W|145916041|lpUCM [scm.c:FDS_scmDeployImages:435] start [13st] deploy:devcfg_auto.mbn.rawgz
[m[0;32;32m1970-01-01 02:57:27.688|I|145916041|lpUCM [fds.cpp:FDS_OnLocalUpgProgress:246] total: 23, curr:13, percent:0, rop:52%
[m[0;32;32m1970-01-01 02:57:27.688|I|145916041|lpUCM [handler.c:FDS_idhFindDesc:79] find time 1, name raw, handler_name = raw
[m[0;32;32m1970-01-01 02:57:27.688|I|145916041|lpUCM [handler.c:FDS_idhFindDesc:94] find handler raw, type = 0
[m[0;32;32m1970-01-01 02:57:27.688|I|145916041|lpUCM [handler.c:FDS_idhFindDesc:79] find time 1, name raw, handler_name = raw
[m[0;32;32m1970-01-01 02:57:27.688|I|145916041|lpUCM [handler.c:FDS_idhFindDesc:94] find handler raw, type = 0
[m[0;32;32m1970-01-01 02:57:27.688|I|145916041|lpUCM [fds.cpp:FDS_OnLocalUpgProgress:246] total: 23, curr:13, percent:42, rop:54%
[m[0;32;32m1970-01-01 02:57:27.689|I|145916041|lpUCM [fds.cpp:FDS_OnLocalUpgProgress:246] total: 23, curr:13, percent:50, rop:54%
[m[0;32;32m1970-01-01 02:57:27.689|I|145916041|lpUCM [handler.c:FDS_idhExtractFile:234] CPIO extract success
[m[0;32;32m1970-01-01 02:57:27.689|I|145916041|lpUCM [fds.cpp:FDS_OnLocalUpgProgress:246] total: 23, curr:13, percent:100, rop:56%
[m[1;33m1970-01-01 02:57:27.689|W|145916041|lpUCM [scm.c:FDS_scmDeployImages:443] deploy [13st] success:devcfg_auto.mbn.rawgz
[m[1;33m1970-01-01 02:57:27.689|W|145916041|lpUCM [scm.c:FDS_scmDeployImages:435] start [14st] deploy:multi_image.mbn.rawgz
[m[0;32;32m1970-01-01 02:57:27.689|I|145916041|lpUCM [fds.cpp:FDS_OnLocalUpgProgress:246] total: 23, curr:14, percent:0, rop:56%
[m[0;32;32m1970-01-01 02:57:27.689|I|145916041|lpUCM [handler.c:FDS_idhFindDesc:79] find time 1, name raw, handler_name = raw
[m[0;32;32m1970-01-01 02:57:27.689|I|145916041|lpUCM [handler.c:FDS_idhFindDesc:94] find handler raw, type = 0
[m[0;32;32m1970-01-01 02:57:27.689|I|145916041|lpUCM [handler.c:FDS_idhFindDesc:79] find time 1, name raw, handler_name = raw
[m[0;32;32m1970-01-01 02:57:27.689|I|145916041|lpUCM [handler.c:FDS_idhFindDesc:94] find handler raw, type = 0
[m[0;32;32m1970-01-01 02:57:27.690|I|145916041|lpUCM [fds.cpp:FDS_OnLocalUpgProgress:246] total: 23, curr:14, percent:50, rop:58%
[m[0;32;32m1970-01-01 02:57:27.690|I|145916041|lpUCM [handler.c:FDS_idhExtractFile:234] CPIO extract success
[m[0;32;32m1970-01-01 02:57:27.690|I|145916041|lpUCM [fds.cpp:FDS_OnLocalUpgProgress:246] total: 23, curr:14, percent:100, rop:60%
[m[1;33m1970-01-01 02:57:27.690|W|145916041|lpUCM [scm.c:FDS_scmDeployImages:443] deploy [14st] success:multi_image.mbn.rawgz
[m[1;33m1970-01-01 02:57:27.690|W|145916041|lpUCM [scm.c:FDS_scmDeployImages:435] start [15st] deploy:multi_image_qti.mbn.rawgz
[m[0;32;32m1970-01-01 02:57:27.690|I|145916041|lpUCM [fds.cpp:FDS_OnLocalUpgProgress:246] total: 23, curr:15, percent:0, rop:60%
[m[0;32;32m1970-01-01 02:57:27.690|I|145916041|lpUCM [handler.c:FDS_idhFindDesc:79] find time 1, name raw, handler_name = raw
[m[0;32;32m1970-01-01 02:57:27.690|I|145916041|lpUCM [handler.c:FDS_idhFindDesc:94] find handler raw, type = 0
[m[0;32;32m1970-01-01 02:57:27.690|I|145916041|lpUCM [handler.c:FDS_idhFindDesc:79] find time 1, name raw, handler_name = raw
[m[0;32;32m1970-01-01 02:57:27.690|I|145916041|lpUCM [handler.c:FDS_idhFindDesc:94] find handler raw, type = 0
[m[0;32;32m1970-01-01 02:57:27.690|I|145916041|lpUCM [fds.cpp:FDS_OnLocalUpgProgress:246] total: 23, curr:15, percent:50, rop:63%
[m[0;32;32m1970-01-01 02:57:27.690|I|145916041|lpUCM [handler.c:FDS_idhExtractFile:234] CPIO extract success
[m[0;32;32m1970-01-01 02:57:27.690|I|145916041|lpUCM [fds.cpp:FDS_OnLocalUpgProgress:246] total: 23, curr:15, percent:100, rop:65%
[m[1;33m1970-01-01 02:57:27.690|W|145916041|lpUCM [scm.c:FDS_scmDeployImages:443] deploy [15st] success:multi_image_qti.mbn.rawgz
[m[1;33m1970-01-01 02:57:27.690|W|145916041|lpUCM [scm.c:FDS_scmDeployImages:435] start [16st] deploy:imagefv.elf.rawgz
[m[0;32;32m1970-01-01 02:57:27.690|I|145916041|lpUCM [fds.cpp:FDS_OnLocalUpgProgress:246] total: 23, curr:16, percent:0, rop:65%
[m[0;32;32m1970-01-01 02:57:27.690|I|145916041|lpUCM [handler.c:FDS_idhFindDesc:79] find time 1, name raw, handler_name = raw
[m[0;32;32m1970-01-01 02:57:27.690|I|145916041|lpUCM [handler.c:FDS_idhFindDesc:94] find handler raw, type = 0
[m[0;32;32m1970-01-01 02:57:27.690|I|145916041|lpUCM [handler.c:FDS_idhFindDesc:79] find time 1, name raw, handler_name = raw
[m[0;32;32m1970-01-01 02:57:27.690|I|145916041|lpUCM [handler.c:FDS_idhFindDesc:94] find handler raw, type = 0
[m[0;32;32m1970-01-01 02:57:27.690|I|145916041|lpUCM [fds.cpp:FDS_OnLocalUpgProgress:246] total: 23, curr:16, percent:50, rop:67%
[m[0;32;32m1970-01-01 02:57:27.690|I|145916041|lpUCM [handler.c:FDS_idhExtractFile:234] CPIO extract success
[m[0;32;32m1970-01-01 02:57:27.690|I|145916041|lpUCM [fds.cpp:FDS_OnLocalUpgProgress:246] total: 23, curr:16, percent:100, rop:69%
[m[1;33m1970-01-01 02:57:27.690|W|145916041|lpUCM [scm.c:FDS_scmDeployImages:443] deploy [16st] success:imagefv.elf.rawgz
[m[1;33m1970-01-01 02:57:27.690|W|145916041|lpUCM [scm.c:FDS_scmDeployImages:435] start [17st] deploy:shrm.elf.rawgz
[m[0;32;32m1970-01-01 02:57:27.690|I|145916041|lpUCM [fds.cpp:FDS_OnLocalUpgProgress:246] total: 23, curr:17, percent:0, rop:69%
[m[0;32;32m1970-01-01 02:57:27.690|I|145916041|lpUCM [handler.c:FDS_idhFindDesc:79] find time 1, name raw, handler_name = raw
[m[0;32;32m1970-01-01 02:57:27.690|I|145916041|lpUCM [handler.c:FDS_idhFindDesc:94] find handler raw, type = 0
[m[0;32;32m1970-01-01 02:57:27.690|I|145916041|lpUCM [handler.c:FDS_idhFindDesc:79] find time 1, name raw, handler_name = raw
[m[0;32;32m1970-01-01 02:57:27.690|I|145916041|lpUCM [handler.c:FDS_idhFindDesc:94] find handler raw, type = 0
[m[0;32;32m1970-01-01 02:57:27.690|I|145916041|lpUCM [fds.cpp:FDS_OnLocalUpgProgress:246] total: 23, curr:17, percent:33, rop:71%
[m[0;32;32m1970-01-01 02:57:27.691|I|145916041|lpUCM [fds.cpp:FDS_OnLocalUpgProgress:246] total: 23, curr:17, percent:50, rop:71%
[m[0;32;32m1970-01-01 02:57:27.691|I|145916041|lpUCM [handler.c:FDS_idhExtractFile:234] CPIO extract success
[m[0;32;32m1970-01-01 02:57:27.691|I|145916041|lpUCM [fds.cpp:FDS_OnLocalUpgProgress:246] total: 23, curr:17, percent:100, rop:73%
[m[1;33m1970-01-01 02:57:27.691|W|145916041|lpUCM [scm.c:FDS_scmDeployImages:443] deploy [17st] success:shrm.elf.rawgz
[m[1;33m1970-01-01 02:57:27.691|W|145916041|lpUCM [scm.c:FDS_scmDeployImages:435] start [18st] deploy:mifs_hyp_qdrive_iosock.ifs.sign.gz
[m[0;32;32m1970-01-01 02:57:27.691|I|145916041|lpUCM [fds.cpp:FDS_OnLocalUpgProgress:246] total: 23, curr:18, percent:0, rop:73%
[m[0;32;32m1970-01-01 02:57:27.691|I|145916041|lpUCM [handler.c:FDS_idhFindDesc:79] find time 1, name raw, handler_name = raw
[m[0;32;32m1970-01-01 02:57:27.691|I|145916041|lpUCM [handler.c:FDS_idhFindDesc:94] find handler raw, type = 0
[m[0;32;32m1970-01-01 02:57:27.691|I|145916041|lpUCM [handler.c:FDS_idhFindDesc:79] find time 1, name raw, handler_name = raw
[m[0;32;32m1970-01-01 02:57:27.691|I|145916041|lpUCM [handler.c:FDS_idhFindDesc:94] find handler raw, type = 0
[m[0;32;32m1970-01-01 02:57:27.698|I|145916041|lpUCM [fds.cpp:FDS_OnLocalUpgProgress:246] total: 23, curr:18, percent:1, rop:73%
[m[0;32;32m1970-01-01 02:57:27.700|I|145916041|lpUCM [fds.cpp:FDS_OnLocalUpgProgress:246] total: 23, curr:18, percent:2, rop:74%
[m[0;32;32m1970-01-01 02:57:27.711|I|145916041|lpUCM [fds.cpp:FDS_OnLocalUpgProgress:246] total: 23, curr:18, percent:3, rop:74%
[m[0;32;32m1970-01-01 02:57:27.713|I|145916041|lpUCM [fds.cpp:FDS_OnLocalUpgProgress:246] total: 23, curr:18, percent:4, rop:74%
[m[0;32;32m1970-01-01 02:57:27.715|I|145916041|lpUCM [fds.cpp:FDS_OnLocalUpgProgress:246] total: 23, curr:18, percent:5, rop:74%
[m[0;32;32m1970-01-01 02:57:27.717|I|145916041|lpUCM [fds.cpp:FDS_OnLocalUpgProgress:246] total: 23, curr:18, percent:6, rop:74%
[m[0;32;32m1970-01-01 02:57:27.718|I|145916041|lpUCM [fds.cpp:FDS_OnLocalUpgProgress:246] total: 23, curr:18, percent:7, rop:74%
[m[0;32;32m1970-01-01 02:57:27.720|I|145916041|lpUCM [fds.cpp:FDS_OnLocalUpgProgress:246] total: 23, curr:18, percent:8, rop:74%
[m[0;32;32m1970-01-01 02:57:27.722|I|145916041|lpUCM [fds.cpp:FDS_OnLocalUpgProgress:246] total: 23, curr:18, percent:9, rop:74%
[m[0;32;32m1970-01-01 02:57:27.724|I|145916041|lpUCM [fds.cpp:FDS_OnLocalUpgProgress:246] total: 23, curr:18, percent:10, rop:74%
[m[0;32;32m1970-01-01 02:57:27.726|I|145916041|lpUCM [fds.cpp:FDS_OnLocalUpgProgress:246] total: 23, curr:18, percent:11, rop:74%
[m[0;32;32m1970-01-01 02:57:27.730|I|145916041|lpUCM [fds.cpp:FDS_OnLocalUpgProgress:246] total: 23, curr:18, percent:12, rop:74%
[m[0;32;32m1970-01-01 02:57:27.732|I|145916041|lpUCM [fds.cpp:FDS_OnLocalUpgProgress:246] total: 23, curr:18, percent:13, rop:74%
[m[0;32;32m1970-01-01 02:57:27.734|I|145916041|lpUCM [fds.cpp:FDS_OnLocalUpgProgress:246] total: 23, curr:18, percent:14, rop:74%
[m[0;32;32m1970-01-01 02:57:27.738|I|145916041|lpUCM [fds.cpp:FDS_OnLocalUpgProgress:246] total: 23, curr:18, percent:15, rop:74%
[m[0;32;32m1970-01-01 02:57:27.740|I|145916041|lpUCM [fds.cpp:FDS_OnLocalUpgProgress:246] total: 23, curr:18, percent:16, rop:74%
[m[0;32;32m1970-01-01 02:57:27.742|I|145916041|lpUCM [fds.cpp:FDS_OnLocalUpgProgress:246] total: 23, curr:18, percent:17, rop:74%
[m[0;32;32m1970-01-01 02:57:27.744|I|145916041|lpUCM [fds.cpp:FDS_OnLocalUpgProgress:246] total: 23, curr:18, percent:18, rop:74%
[m[0;32;32m1970-01-01 02:57:27.746|I|145916041|lpUCM [fds.cpp:FDS_OnLocalUpgProgress:246] total: 23, curr:18, percent:19, rop:74%
[m[0;32;32m1970-01-01 02:57:27.749|I|145916041|lpUCM [fds.cpp:FDS_OnLocalUpgProgress:246] total: 23, curr:18, percent:20, rop:74%
[m[0;32;32m1970-01-01 02:57:27.752|I|145916041|lpUCM [fds.cpp:FDS_OnLocalUpgProgress:246] total: 23, curr:18, percent:21, rop:74%
[m[0;32;32m1970-01-01 02:57:27.753|I|145916041|lpUCM [fds.cpp:FDS_OnLocalUpgProgress:246] total: 23, curr:18, percent:22, rop:74%
[m[0;32;32m1970-01-01 02:57:27.756|I|145916041|lpUCM [fds.cpp:FDS_OnLocalUpgProgress:246] total: 23, curr:18, percent:23, rop:74%
[m[0;32;32m1970-01-01 02:57:27.758|I|145916041|lpUCM [fds.cpp:FDS_OnLocalUpgProgress:246] total: 23, curr:18, percent:24, rop:74%
[m[0;32;32m1970-01-01 02:57:27.760|I|145916041|lpUCM [fds.cpp:FDS_OnLocalUpgProgress:246] total: 23, curr:18, percent:25, rop:75%
[m[0;32;32m1970-01-01 02:57:27.764|I|145916041|lpUCM [fds.cpp:FDS_OnLocalUpgProgress:246] total: 23, curr:18, percent:26, rop:75%
[m[0;32;32m1970-01-01 02:57:27.768|I|145916041|lpUCM [fds.cpp:FDS_OnLocalUpgProgress:246] total: 23, curr:18, percent:27, rop:75%
[m[0;32;32m1970-01-01 02:57:27.770|I|145916041|lpUCM [fds.cpp:FDS_OnLocalUpgProgress:246] total: 23, curr:18, percent:28, rop:75%
[m[0;32;32m1970-01-01 02:57:27.774|I|145916041|lpUCM [fds.cpp:FDS_OnLocalUpgProgress:246] total: 23, curr:18, percent:29, rop:75%
[m[0;32;32m1970-01-01 02:57:27.779|I|145916041|lpUCM [fds.cpp:FDS_OnLocalUpgProgress:246] total: 23, curr:18, percent:30, rop:75%
[m[0;32;32m1970-01-01 02:57:27.783|I|145916041|lpUCM [fds.cpp:FDS_OnLocalUpgProgress:246] total: 23, curr:18, percent:31, rop:75%
[m[0;32;32m1970-01-01 02:57:27.798|I|145916041|lpUCM [fds.cpp:FDS_OnLocalUpgProgress:246] total: 23, curr:18, percent:32, rop:75%
[m[0;32;32m1970-01-01 02:57:27.809|I|145916041|lpUCM [fds.cpp:FDS_OnLocalUpgProgress:246] total: 23, curr:18, percent:33, rop:75%
[m[0;32;32m1970-01-01 02:57:27.813|I|145916041|lpUCM [fds.cpp:FDS_OnLocalUpgProgress:246] total: 23, curr:18, percent:34, rop:75%
[m[0;32;32m1970-01-01 02:57:27.817|I|145916041|lpUCM [fds.cpp:FDS_OnLocalUpgProgress:246] total: 23, curr:18, percent:35, rop:75%
[m[0;32;32m1970-01-01 02:57:27.828|I|145916041|lpUCM [fds.cpp:FDS_OnLocalUpgProgress:246] total: 23, curr:18, percent:36, rop:75%
[m[0;32;32m1970-01-01 02:57:27.833|I|145916041|lpUCM [fds.cpp:FDS_OnLocalUpgProgress:246] total: 23, curr:18, percent:37, rop:75%
[m[0;32;32m1970-01-01 02:57:27.840|I|145916041|lpUCM [fds.cpp:FDS_OnLocalUpgProgress:246] total: 23, curr:18, percent:38, rop:75%
[m[0;32;32m1970-01-01 02:57:27.843|I|145916041|lpUCM [fds.cpp:FDS_OnLocalUpgProgress:246] total: 23, curr:18, percent:39, rop:75%
[m[0;32;32m1970-01-01 02:57:27.845|I|145916041|lpUCM [fds.cpp:FDS_OnLocalUpgProgress:246] total: 23, curr:18, percent:40, rop:75%
[m[0;32;32m1970-01-01 02:57:27.848|I|145916041|lpUCM [fds.cpp:FDS_OnLocalUpgProgress:246] total: 23, curr:18, percent:41, rop:75%
[m[0;32;32m1970-01-01 02:57:27.850|I|145916041|lpUCM [fds.cpp:FDS_OnLocalUpgProgress:246] total: 23, curr:18, percent:42, rop:75%
[m[0;32;32m1970-01-01 02:57:27.852|I|145916041|lpUCM [fds.cpp:FDS_OnLocalUpgProgress:246] total: 23, curr:18, percent:43, rop:75%
[m[0;32;32m1970-01-01 02:57:27.854|I|145916041|lpUCM [fds.cpp:FDS_OnLocalUpgProgress:246] total: 23, curr:18, percent:44, rop:75%
[m[0;32;32m1970-01-01 02:57:27.856|I|145916041|lpUCM [fds.cpp:FDS_OnLocalUpgProgress:246] total: 23, curr:18, percent:45, rop:75%
[m[0;32;32m1970-01-01 02:57:27.859|I|145916041|lpUCM [fds.cpp:FDS_OnLocalUpgProgress:246] total: 23, curr:18, percent:46, rop:75%
[m[0;32;32m1970-01-01 02:57:27.863|I|145916041|lpUCM [fds.cpp:FDS_OnLocalUpgProgress:246] total: 23, curr:18, percent:47, rop:75%
[m[0;32;32m1970-01-01 02:57:27.867|I|145916041|lpUCM [fds.cpp:FDS_OnLocalUpgProgress:246] total: 23, curr:18, percent:48, rop:76%
[m[0;32;32m1970-01-01 02:57:27.869|I|145916041|lpUCM [fds.cpp:FDS_OnLocalUpgProgress:246] total: 23, curr:18, percent:49, rop:76%
[m[0;32;32m1970-01-01 02:57:27.871|I|145916041|lpUCM [fds.cpp:FDS_OnLocalUpgProgress:246] total: 23, curr:18, percent:50, rop:76%
[m[0;32;32m1970-01-01 02:57:27.872|I|145916041|lpUCM [handler.c:FDS_idhExtractFile:234] CPIO extract success
[m[0;32;32m1970-01-01 02:57:27.872|I|145916041|lpUCM [fds.cpp:FDS_OnLocalUpgProgress:246] total: 23, curr:18, percent:100, rop:78%
[m[1;33m1970-01-01 02:57:27.872|W|145916041|lpUCM [scm.c:FDS_scmDeployImages:443] deploy [18st] success:mifs_hyp_qdrive_iosock.ifs.sign.gz
[m[1;33m1970-01-01 02:57:27.872|W|145916041|lpUCM [scm.c:FDS_scmDeployImages:435] start [19st] deploy:ifs2_qdrive_iosock.ifs.gz
[m[0;32;32m1970-01-01 02:57:27.872|I|145916041|lpUCM [fds.cpp:FDS_OnLocalUpgProgress:246] total: 23, curr:19, percent:0, rop:78%
[m[0;32;32m1970-01-01 02:57:27.872|I|145916041|lpUCM [handler.c:FDS_idhFindDesc:79] find time 1, name raw, handler_name = raw
[m[0;32;32m1970-01-01 02:57:27.872|I|145916041|lpUCM [handler.c:FDS_idhFindDesc:94] find handler raw, type = 0
[m[0;32;32m1970-01-01 02:57:27.872|I|145916041|lpUCM [handler.c:FDS_idhFindDesc:79] find time 1, name raw, handler_name = raw
[m[0;32;32m1970-01-01 02:57:27.872|I|145916041|lpUCM [handler.c:FDS_idhFindDesc:94] find handler raw, type = 0
[m[0;32;32m1970-01-01 02:57:27.929|I|145916041|lpUCM [fds.cpp:FDS_OnLocalUpgProgress:246] total: 23, curr:19, percent:1, rop:78%
[m[0;32;32m1970-01-01 02:57:27.976|I|145916041|lpUCM [fds.cpp:FDS_OnLocalUpgProgress:246] total: 23, curr:19, percent:2, rop:78%
[m[0;32;32m1970-01-01 02:57:28.23|I|145916041|lpUCM [fds.cpp:FDS_OnLocalUpgProgress:246] total: 23, curr:19, percent:3, rop:78%
[m[0;32;32m1970-01-01 02:57:28.73|I|145916041|lpUCM [fds.cpp:FDS_OnLocalUpgProgress:246] total: 23, curr:19, percent:4, rop:78%
[m[0;32;32m1970-01-01 02:57:28.123|I|145916041|lpUCM [fds.cpp:FDS_OnLocalUpgProgress:246] total: 23, curr:19, percent:5, rop:78%
[m[0;32;32m1970-01-01 02:57:28.184|I|145916041|lpUCM [fds.cpp:FDS_OnLocalUpgProgress:246] total: 23, curr:19, percent:6, rop:78%
[m[0;32;32m1970-01-01 02:57:28.229|I|145916041|lpUCM [fds.cpp:FDS_OnLocalUpgProgress:246] total: 23, curr:19, percent:7, rop:78%
[m[0;32;32m1970-01-01 02:57:28.292|I|145916041|lpUCM [fds.cpp:FDS_OnLocalUpgProgress:246] total: 23, curr:19, percent:8, rop:78%
[m[0;32;32m1970-01-01 02:57:28.348|I|145916041|lpUCM [fds.cpp:FDS_OnLocalUpgProgress:246] total: 23, curr:19, percent:9, rop:78%
[m[0;32;32m1970-01-01 02:57:28.425|I|145916041|lpUCM [fds.cpp:FDS_OnLocalUpgProgress:246] total: 23, curr:19, percent:10, rop:78%
[m[0;32;32m1970-01-01 02:57:28.534|I|145916041|lpUCM [fds.cpp:FDS_OnLocalUpgProgress:246] total: 23, curr:19, percent:11, rop:78%
[m[0;32;32m1970-01-01 02:57:28.591|I|145916041|lpUCM [fds.cpp:FDS_OnLocalUpgProgress:246] total: 23, curr:19, percent:12, rop:78%
[m[0;32;32m1970-01-01 02:57:28.635|I|145916041|lpUCM [fds.cpp:FDS_OnLocalUpgProgress:246] total: 23, curr:19, percent:13, rop:78%
[m[0;32;32m1970-01-01 02:57:28.703|I|145916041|lpUCM [fds.cpp:FDS_OnLocalUpgProgress:246] total: 23, curr:19, percent:14, rop:78%
[m[0;32;32m1970-01-01 02:57:28.786|I|145916041|lpUCM [fds.cpp:FDS_OnLocalUpgProgress:246] total: 23, curr:19, percent:15, rop:78%
[m[0;32;32m1970-01-01 02:57:28.849|I|145916041|lpUCM [fds.cpp:FDS_OnLocalUpgProgress:246] total: 23, curr:19, percent:16, rop:78%
[m[0;32;32m1970-01-01 02:57:28.941|I|145916041|lpUCM [fds.cpp:FDS_OnLocalUpgProgress:246] total: 23, curr:19, percent:17, rop:79%
[m[0;32;32m1970-01-01 02:57:28.975|I|145916041|lpUCM [fds.cpp:FDS_OnLocalUpgProgress:246] total: 23, curr:19, percent:18, rop:79%
[m[0;32;32m1970-01-01 02:57:29.35|I|145916041|lpUCM [fds.cpp:FDS_OnLocalUpgProgress:246] total: 23, curr:19, percent:19, rop:79%
[m[0;32;32m1970-01-01 02:57:29.82|I|145916041|lpUCM [fds.cpp:FDS_OnLocalUpgProgress:246] total: 23, curr:19, percent:20, rop:79%
[m[0;32;32m1970-01-01 02:57:29.146|I|145916041|lpUCM [fds.cpp:FDS_OnLocalUpgProgress:246] total: 23, curr:19, percent:21, rop:79%
[m[0;32;32m1970-01-01 02:57:29.199|I|145916041|lpUCM [fds.cpp:FDS_OnLocalUpgProgress:246] total: 23, curr:19, percent:22, rop:79%
[m[0;32;32m1970-01-01 02:57:29.294|I|145916041|lpUCM [fds.cpp:FDS_OnLocalUpgProgress:246] total: 23, curr:19, percent:23, rop:79%
[m[0;32;32m1970-01-01 02:57:29.342|I|145916041|lpUCM [fds.cpp:FDS_OnLocalUpgProgress:246] total: 23, curr:19, percent:24, rop:79%
[m[0;32;32m1970-01-01 02:57:29.397|I|145916041|lpUCM [fds.cpp:FDS_OnLocalUpgProgress:246] total: 23, curr:19, percent:25, rop:79%
[m[0;32;32m1970-01-01 02:57:29.441|I|145916041|lpUCM [fds.cpp:FDS_OnLocalUpgProgress:246] total: 23, curr:19, percent:26, rop:79%
[m[0;32;32m1970-01-01 02:57:29.492|I|145916041|lpUCM [fds.cpp:FDS_OnLocalUpgProgress:246] total: 23, curr:19, percent:27, rop:79%
[m[0;32;32m1970-01-01 02:57:29.537|I|145916041|lpUCM [fds.cpp:FDS_OnLocalUpgProgress:246] total: 23, curr:19, percent:28, rop:79%
[m[0;32;32m1970-01-01 02:57:29.602|I|145916041|lpUCM [fds.cpp:FDS_OnLocalUpgProgress:246] total: 23, curr:19, percent:29, rop:79%
[m[0;32;32m1970-01-01 02:57:29.651|I|145916041|lpUCM [fds.cpp:FDS_OnLocalUpgProgress:246] total: 23, curr:19, percent:30, rop:79%
[m[0;32;32m1970-01-01 02:57:29.705|I|145916041|lpUCM [fds.cpp:FDS_OnLocalUpgProgress:246] total: 23, curr:19, percent:31, rop:79%
[m[0;32;32m1970-01-01 02:57:29.771|I|145916041|lpUCM [fds.cpp:FDS_OnLocalUpgProgress:246] total: 23, curr:19, percent:32, rop:79%
[m[0;32;32m1970-01-01 02:57:29.835|I|145916041|lpUCM [fds.cpp:FDS_OnLocalUpgProgress:246] total: 23, curr:19, percent:33, rop:79%
[m[0;32;32m1970-01-01 02:57:29.902|I|145916041|lpUCM [fds.cpp:FDS_OnLocalUpgProgress:246] total: 23, curr:19, percent:34, rop:79%
[m[0;32;32m1970-01-01 02:57:29.968|I|145916041|lpUCM [fds.cpp:FDS_OnLocalUpgProgress:246] total: 23, curr:19, percent:35, rop:79%
[m[0;32;32m1970-01-01 02:57:30.19|I|145916041|lpUCM [fds.cpp:FDS_OnLocalUpgProgress:246] total: 23, curr:19, percent:36, rop:79%
[m[0;32;32m1970-01-01 02:57:30.70|I|145916041|lpUCM [fds.cpp:FDS_OnLocalUpgProgress:246] total: 23, curr:19, percent:37, rop:79%
[m[0;32;32m1970-01-01 02:57:30.126|I|145916041|lpUCM [fds.cpp:FDS_OnLocalUpgProgress:246] total: 23, curr:19, percent:38, rop:79%
[m[0;32;32m1970-01-01 02:57:30.171|I|145916041|lpUCM [fds.cpp:FDS_OnLocalUpgProgress:246] total: 23, curr:19, percent:39, rop:79%
[m[0;32;32m1970-01-01 02:57:30.212|I|145916041|lpUCM [fds.cpp:FDS_OnLocalUpgProgress:246] total: 23, curr:19, percent:40, rop:80%
[m[0;32;32m1970-01-01 02:57:30.290|I|145916041|lpUCM [fds.cpp:FDS_OnLocalUpgProgress:246] total: 23, curr:19, percent:41, rop:80%
[m[0;32;32m1970-01-01 02:57:30.332|I|145916041|lpUCM [fds.cpp:FDS_OnLocalUpgProgress:246] total: 23, curr:19, percent:42, rop:80%
[m[0;32;32m1970-01-01 02:57:30.398|I|145916041|lpUCM [fds.cpp:FDS_OnLocalUpgProgress:246] total: 23, curr:19, percent:43, rop:80%
[m[0;32;32m1970-01-01 02:57:30.447|I|145916041|lpUCM [fds.cpp:FDS_OnLocalUpgProgress:246] total: 23, curr:19, percent:44, rop:80%
[m[0;32;32m1970-01-01 02:57:30.498|I|145916041|lpUCM [fds.cpp:FDS_OnLocalUpgProgress:246] total: 23, curr:19, percent:45, rop:80%
[m[0;32;32m1970-01-01 02:57:30.541|I|145916041|lpUCM [fds.cpp:FDS_OnLocalUpgProgress:246] total: 23, curr:19, percent:46, rop:80%
[m[0;32;32m1970-01-01 02:57:30.598|I|145916041|lpUCM [fds.cpp:FDS_OnLocalUpgProgress:246] total: 23, curr:19, percent:47, rop:80%
[m[0;32;32m1970-01-01 02:57:30.639|I|145916041|lpUCM [fds.cpp:FDS_OnLocalUpgProgress:246] total: 23, curr:19, percent:48, rop:80%
[m[0;32;32m1970-01-01 02:57:30.692|I|145916041|lpUCM [fds.cpp:FDS_OnLocalUpgProgress:246] total: 23, curr:19, percent:49, rop:80%
[m[0;32;32m1970-01-01 02:57:30.802|I|145916041|lpUCM [fds.cpp:FDS_OnLocalUpgProgress:246] total: 23, curr:19, percent:50, rop:80%
[m[0;32;32m1970-01-01 02:57:30.802|I|145916041|lpUCM [handler.c:FDS_idhExtractFile:234] CPIO extract success
[m[0;32;32m1970-01-01 02:57:30.802|I|145916041|lpUCM [fds.cpp:FDS_OnLocalUpgProgress:246] total: 23, curr:19, percent:100, rop:82%
[m[1;33m1970-01-01 02:57:30.802|W|145916041|lpUCM [scm.c:FDS_scmDeployImages:443] deploy [19st] success:ifs2_qdrive_iosock.ifs.gz
[m[1;33m1970-01-01 02:57:30.802|W|145916041|lpUCM [scm.c:FDS_scmDeployImages:435] start [20st] deploy:oem.xfs.gz
[m[0;32;32m1970-01-01 02:57:30.802|I|145916041|lpUCM [fds.cpp:FDS_OnLocalUpgProgress:246] total: 23, curr:20, percent:0, rop:82%
[m[0;32;32m1970-01-01 02:57:30.802|I|145916041|lpUCM [handler.c:FDS_idhFindDesc:79] find time 1, name raw, handler_name = raw
[m[0;32;32m1970-01-01 02:57:30.802|I|145916041|lpUCM [handler.c:FDS_idhFindDesc:94] find handler raw, type = 0
[m[0;32;32m1970-01-01 02:57:30.802|I|145916041|lpUCM [handler.c:FDS_idhFindDesc:79] find time 1, name raw, handler_name = raw
[m[0;32;32m1970-01-01 02:57:30.802|I|145916041|lpUCM [handler.c:FDS_idhFindDesc:94] find handler raw, type = 0
[m[0;32;32m1970-01-01 02:57:32.337|I|145916041|lpUCM [fds.cpp:FDS_OnLocalUpgProgress:246] total: 23, curr:20, percent:1, rop:82%
[m[0;32;32m1970-01-01 02:57:33.417|I|145916041|lpUCM [fds.cpp:FDS_OnLocalUpgProgress:246] total: 23, curr:20, percent:2, rop:82%
[m[0;32;32m1970-01-01 02:57:34.575|I|145916041|lpUCM [fds.cpp:FDS_OnLocalUpgProgress:246] total: 23, curr:20, percent:3, rop:82%
[m[0;32;32m1970-01-01 02:57:35.810|I|145916041|lpUCM [fds.cpp:FDS_OnLocalUpgProgress:246] total: 23, curr:20, percent:4, rop:82%
[m[0;32;32m1970-01-01 02:57:36.958|I|145916041|lpUCM [fds.cpp:FDS_OnLocalUpgProgress:246] total: 23, curr:20, percent:5, rop:82%
[m[0;32;32m1970-01-01 02:57:37.726|I|145916041|lpUCM [fds.cpp:FDS_OnLocalUpgProgress:246] total: 23, curr:20, percent:6, rop:82%
[m[0;32;32m1970-01-01 02:57:38.766|I|145916041|lpUCM [fds.cpp:FDS_OnLocalUpgProgress:246] total: 23, curr:20, percent:7, rop:82%
[m[0;32;32m1970-01-01 02:57:39.446|I|145916041|lpUCM [fds.cpp:FDS_OnLocalUpgProgress:246] total: 23, curr:20, percent:8, rop:82%
[m[0;32;32m1970-01-01 02:57:39.948|I|145916041|lpUCM [fds.cpp:FDS_OnLocalUpgProgress:246] total: 23, curr:20, percent:9, rop:83%
[m[0;32;32m1970-01-01 02:57:40.458|I|145916041|lpUCM [fds.cpp:FDS_OnLocalUpgProgress:246] total: 23, curr:20, percent:10, rop:83%
[m[0;32;32m1970-01-01 02:57:41.24|I|145916041|lpUCM [fds.cpp:FDS_OnLocalUpgProgress:246] total: 23, curr:20, percent:11, rop:83%
[m[0;32;32m1970-01-01 02:57:41.532|I|145916041|lpUCM [fds.cpp:FDS_OnLocalUpgProgress:246] total: 23, curr:20, percent:12, rop:83%
[m[0;32;32m1970-01-01 02:57:42.429|I|145916041|lpUCM [fds.cpp:FDS_OnLocalUpgProgress:246] total: 23, curr:20, percent:13, rop:83%
[m[0;32;32m1970-01-01 02:57:43.14|I|145916041|lpUCM [fds.cpp:FDS_OnLocalUpgProgress:246] total: 23, curr:20, percent:14, rop:83%
[m[0;32;32m1970-01-01 02:57:43.654|I|145916041|lpUCM [fds.cpp:FDS_OnLocalUpgProgress:246] total: 23, curr:20, percent:15, rop:83%
[m[0;32;32m1970-01-01 02:57:44.204|I|145916041|lpUCM [fds.cpp:FDS_OnLocalUpgProgress:246] total: 23, curr:20, percent:16, rop:83%
[m[0;32;32m1970-01-01 02:57:44.857|I|145916041|lpUCM [fds.cpp:FDS_OnLocalUpgProgress:246] total: 23, curr:20, percent:17, rop:83%
[m[0;32;32m1970-01-01 02:57:45.562|I|145916041|lpUCM [fds.cpp:FDS_OnLocalUpgProgress:246] total: 23, curr:20, percent:18, rop:83%
[m[0;32;32m1970-01-01 02:57:46.118|I|145916041|lpUCM [fds.cpp:FDS_OnLocalUpgProgress:246] total: 23, curr:20, percent:19, rop:83%
[m[0;32;32m1970-01-01 02:57:46.800|I|145916041|lpUCM [fds.cpp:FDS_OnLocalUpgProgress:246] total: 23, curr:20, percent:20, rop:83%
[m[0;32;32m1970-01-01 02:57:47.355|I|145916041|lpUCM [fds.cpp:FDS_OnLocalUpgProgress:246] total: 23, curr:20, percent:21, rop:83%
[m[0;32;32m1970-01-01 02:57:48.388|I|145916041|lpUCM [fds.cpp:FDS_OnLocalUpgProgress:246] total: 23, curr:20, percent:22, rop:83%
[m[0;32;32m1970-01-01 02:57:50.312|I|145916041|lpUCM [fds.cpp:FDS_OnLocalUpgProgress:246] total: 23, curr:20, percent:23, rop:83%
[m[0;32;32m1970-01-01 02:57:50.852|I|145916041|lpUCM [fds.cpp:FDS_OnLocalUpgProgress:246] total: 23, curr:20, percent:24, rop:83%
[m[0;32;32m1970-01-01 02:57:51.411|I|145916041|lpUCM [fds.cpp:FDS_OnLocalUpgProgress:246] total: 23, curr:20, percent:25, rop:83%
[m[0;32;32m1970-01-01 02:57:52.82|I|145916041|lpUCM [fds.cpp:FDS_OnLocalUpgProgress:246] total: 23, curr:20, percent:26, rop:83%
[m[0;32;32m1970-01-01 02:57:52.897|I|145916041|lpUCM [fds.cpp:FDS_OnLocalUpgProgress:246] total: 23, curr:20, percent:27, rop:83%
[m[0;32;32m1970-01-01 02:57:53.663|I|145916041|lpUCM [fds.cpp:FDS_OnLocalUpgProgress:246] total: 23, curr:20, percent:28, rop:83%
[m[0;32;32m1970-01-01 02:57:56.249|I|145916041|lpUCM [fds.cpp:FDS_OnLocalUpgProgress:246] total: 23, curr:20, percent:29, rop:83%
[m[0;32;32m1970-01-01 02:57:57.150|I|145916041|lpUCM [fds.cpp:FDS_OnLocalUpgProgress:246] total: 23, curr:20, percent:30, rop:83%
[m[0;32;32m1970-01-01 02:57:57.790|I|145916041|lpUCM [fds.cpp:FDS_OnLocalUpgProgress:246] total: 23, curr:20, percent:31, rop:83%
[m[0;32;32m1970-01-01 02:57:58.754|I|145916041|lpUCM [fds.cpp:FDS_OnLocalUpgProgress:246] total: 23, curr:20, percent:32, rop:84%
[m[0;32;32m1970-01-01 02:57:59.810|I|145916041|lpUCM [fds.cpp:FDS_OnLocalUpgProgress:246] total: 23, curr:20, percent:33, rop:84%
[m[0;32;32m1970-01-01 02:58:00.772|I|145916041|lpUCM [fds.cpp:FDS_OnLocalUpgProgress:246] total: 23, curr:20, percent:34, rop:84%
[m[0;32;32m1970-01-01 02:58:01.795|I|145916041|lpUCM [fds.cpp:FDS_OnLocalUpgProgress:246] total: 23, curr:20, percent:35, rop:84%
[m[0;32;32m1970-01-01 02:58:02.916|I|145916041|lpUCM [fds.cpp:FDS_OnLocalUpgProgress:246] total: 23, curr:20, percent:36, rop:84%
[m[0;32;32m1970-01-01 02:58:03.941|I|145916041|lpUCM [fds.cpp:FDS_OnLocalUpgProgress:246] total: 23, curr:20, percent:37, rop:84%
[m[0;32;32m1970-01-01 02:58:05.3|I|145916041|lpUCM [fds.cpp:FDS_OnLocalUpgProgress:246] total: 23, curr:20, percent:38, rop:84%
[m[0;32;32m1970-01-01 02:58:06.22|I|145916041|lpUCM [fds.cpp:FDS_OnLocalUpgProgress:246] total: 23, curr:20, percent:39, rop:84%
[m[0;32;32m1970-01-01 02:58:07.15|I|145916041|lpUCM [fds.cpp:FDS_OnLocalUpgProgress:246] total: 23, curr:20, percent:40, rop:84%
[m[0;32;32m1970-01-01 02:58:08.77|I|145916041|lpUCM [fds.cpp:FDS_OnLocalUpgProgress:246] total: 23, curr:20, percent:41, rop:84%
[m[0;32;32m1970-01-01 02:58:09.56|I|145916041|lpUCM [fds.cpp:FDS_OnLocalUpgProgress:246] total: 23, curr:20, percent:42, rop:84%
[m[0;32;32m1970-01-01 02:58:10.125|I|145916041|lpUCM [fds.cpp:FDS_OnLocalUpgProgress:246] total: 23, curr:20, percent:43, rop:84%
[m[0;32;32m1970-01-01 02:58:11.215|I|145916041|lpUCM [fds.cpp:FDS_OnLocalUpgProgress:246] total: 23, curr:20, percent:44, rop:84%
[m[0;32;32m1970-01-01 02:58:12.421|I|145916041|lpUCM [fds.cpp:FDS_OnLocalUpgProgress:246] total: 23, curr:20, percent:45, rop:84%
[m[0;32;32m1970-01-01 02:58:13.877|I|145916041|lpUCM [fds.cpp:FDS_OnLocalUpgProgress:246] total: 23, curr:20, percent:46, rop:84%
[m[0;32;32m1970-01-01 02:58:15.730|I|145916041|lpUCM [fds.cpp:FDS_OnLocalUpgProgress:246] total: 23, curr:20, percent:47, rop:84%
[m[0;32;32m1970-01-01 02:58:16.904|I|145916041|lpUCM [fds.cpp:FDS_OnLocalUpgProgress:246] total: 23, curr:20, percent:48, rop:84%
[m[0;32;32m1970-01-01 02:58:18.109|I|145916041|lpUCM [fds.cpp:FDS_OnLocalUpgProgress:246] total: 23, curr:20, percent:49, rop:84%
[m[0;32;32m1970-01-01 02:59:18.216|I|145916041|lpUCM [fds.cpp:FDS_OnLocalUpgProgress:246] total: 23, curr:20, percent:50, rop:84%
[m[0;32;32m1970-01-01 02:59:18.304|I|145916041|lpUCM [handler.c:FDS_idhExtractFile:234] CPIO extract success
[m[0;32;32m1970-01-01 02:59:18.304|I|145916041|lpUCM [fds.cpp:FDS_OnLocalUpgProgress:246] total: 23, curr:20, percent:100, rop:86%
[m[1;33m1970-01-01 02:59:18.304|W|145916041|lpUCM [scm.c:FDS_scmDeployImages:443] deploy [20st] success:oem.xfs.gz
[m[1;33m1970-01-01 02:59:18.304|W|145916041|lpUCM [scm.c:FDS_scmDeployImages:435] start [21st] deploy:system.xfs.gz
[m[0;32;32m1970-01-01 02:59:18.304|I|145916041|lpUCM [fds.cpp:FDS_OnLocalUpgProgress:246] total: 23, curr:21, percent:0, rop:86%
[m[0;32;32m1970-01-01 02:59:18.304|I|145916041|lpUCM [handler.c:FDS_idhFindDesc:79] find time 1, name raw, handler_name = raw
[m[0;32;32m1970-01-01 02:59:18.304|I|145916041|lpUCM [handler.c:FDS_idhFindDesc:94] find handler raw, type = 0
[m[0;32;32m1970-01-01 02:59:18.304|I|145916041|lpUCM [handler.c:FDS_idhFindDesc:79] find time 1, name raw, handler_name = raw
[m[0;32;32m1970-01-01 02:59:18.304|I|145916041|lpUCM [handler.c:FDS_idhFindDesc:94] find handler raw, type = 0
[m[0;32;32m1970-01-01 02:59:18.566|I|145916041|lpUCM [fds.cpp:FDS_OnLocalUpgProgress:246] total: 23, curr:21, percent:1, rop:87%
[m[0;32;32m1970-01-01 02:59:18.787|I|145916041|lpUCM [fds.cpp:FDS_OnLocalUpgProgress:246] total: 23, curr:21, percent:2, rop:87%
[m[0;32;32m1970-01-01 02:59:18.937|I|145916041|lpUCM [fds.cpp:FDS_OnLocalUpgProgress:246] total: 23, curr:21, percent:3, rop:87%
[m[0;32;32m1970-01-01 02:59:19.114|I|145916041|lpUCM [fds.cpp:FDS_OnLocalUpgProgress:246] total: 23, curr:21, percent:4, rop:87%
[m[0;32;32m1970-01-01 02:59:19.290|I|145916041|lpUCM [fds.cpp:FDS_OnLocalUpgProgress:246] total: 23, curr:21, percent:5, rop:87%
[m[0;32;32m1970-01-01 02:59:19.438|I|145916041|lpUCM [fds.cpp:FDS_OnLocalUpgProgress:246] total: 23, curr:21, percent:6, rop:87%
[m[0;32;32m1970-01-01 02:59:19.622|I|145916041|lpUCM [fds.cpp:FDS_OnLocalUpgProgress:246] total: 23, curr:21, percent:7, rop:87%
[m[0;32;32m1970-01-01 02:59:19.819|I|145916041|lpUCM [fds.cpp:FDS_OnLocalUpgProgress:246] total: 23, curr:21, percent:8, rop:87%
[m[0;32;32m1970-01-01 02:59:19.981|I|145916041|lpUCM [fds.cpp:FDS_OnLocalUpgProgress:246] total: 23, curr:21, percent:9, rop:87%
[m[0;32;32m1970-01-01 02:59:20.181|I|145916041|lpUCM [fds.cpp:FDS_OnLocalUpgProgress:246] total: 23, curr:21, percent:10, rop:87%
[m[0;32;32m1970-01-01 02:59:20.314|I|145916041|lpUCM [fds.cpp:FDS_OnLocalUpgProgress:246] total: 23, curr:21, percent:11, rop:87%
[m[0;32;32m1970-01-01 02:59:20.503|I|145916041|lpUCM [fds.cpp:FDS_OnLocalUpgProgress:246] total: 23, curr:21, percent:12, rop:87%
[m[0;32;32m1970-01-01 02:59:20.669|I|145916041|lpUCM [fds.cpp:FDS_OnLocalUpgProgress:246] total: 23, curr:21, percent:13, rop:87%
[m[0;32;32m1970-01-01 02:59:20.852|I|145916041|lpUCM [fds.cpp:FDS_OnLocalUpgProgress:246] total: 23, curr:21, percent:14, rop:87%
[m[0;32;32m1970-01-01 02:59:21.84|I|145916041|lpUCM [fds.cpp:FDS_OnLocalUpgProgress:246] total: 23, curr:21, percent:15, rop:87%
[m[0;32;32m1970-01-01 02:59:21.262|I|145916041|lpUCM [fds.cpp:FDS_OnLocalUpgProgress:246] total: 23, curr:21, percent:16, rop:87%
[m[0;32;32m1970-01-01 02:59:21.388|I|145916041|lpUCM [fds.cpp:FDS_OnLocalUpgProgress:246] total: 23, curr:21, percent:17, rop:87%
[m[0;32;32m1970-01-01 02:59:21.577|I|145916041|lpUCM [fds.cpp:FDS_OnLocalUpgProgress:246] total: 23, curr:21, percent:18, rop:87%
[m[0;32;32m1970-01-01 02:59:21.729|I|145916041|lpUCM [fds.cpp:FDS_OnLocalUpgProgress:246] total: 23, curr:21, percent:19, rop:87%
[m[0;32;32m1970-01-01 02:59:21.892|I|145916041|lpUCM [fds.cpp:FDS_OnLocalUpgProgress:246] total: 23, curr:21, percent:20, rop:87%
[m[0;32;32m1970-01-01 02:59:22.396|I|145916041|lpUCM [fds.cpp:FDS_OnLocalUpgProgress:246] total: 23, curr:21, percent:21, rop:87%
[m[0;32;32m1970-01-01 02:59:22.675|I|145916041|lpUCM [fds.cpp:FDS_OnLocalUpgProgress:246] total: 23, curr:21, percent:22, rop:87%
[m[0;32;32m1970-01-01 02:59:22.864|I|145916041|lpUCM [fds.cpp:FDS_OnLocalUpgProgress:246] total: 23, curr:21, percent:23, rop:87%
[m[0;32;32m1970-01-01 02:59:23.140|I|145916041|lpUCM [fds.cpp:FDS_OnLocalUpgProgress:246] total: 23, curr:21, percent:24, rop:88%
[m[0;32;32m1970-01-01 02:59:23.240|I|145916041|lpUCM [fds.cpp:FDS_OnLocalUpgProgress:246] total: 23, curr:21, percent:25, rop:88%
[m[0;32;32m1970-01-01 02:59:23.364|I|145916041|lpUCM [fds.cpp:FDS_OnLocalUpgProgress:246] total: 23, curr:21, percent:26, rop:88%
[m[0;32;32m1970-01-01 02:59:23.623|I|145916041|lpUCM [fds.cpp:FDS_OnLocalUpgProgress:246] total: 23, curr:21, percent:27, rop:88%
[m[0;32;32m1970-01-01 02:59:23.870|I|145916041|lpUCM [fds.cpp:FDS_OnLocalUpgProgress:246] total: 23, curr:21, percent:28, rop:88%
[m[0;32;32m1970-01-01 02:59:24.67|I|145916041|lpUCM [fds.cpp:FDS_OnLocalUpgProgress:246] total: 23, curr:21, percent:29, rop:88%
[m[0;32;32m1970-01-01 02:59:24.227|I|145916041|lpUCM [fds.cpp:FDS_OnLocalUpgProgress:246] total: 23, curr:21, percent:30, rop:88%
[m[0;32;32m1970-01-01 02:59:24.448|I|145916041|lpUCM [fds.cpp:FDS_OnLocalUpgProgress:246] total: 23, curr:21, percent:31, rop:88%
[m[0;32;32m1970-01-01 02:59:24.667|I|145916041|lpUCM [fds.cpp:FDS_OnLocalUpgProgress:246] total: 23, curr:21, percent:32, rop:88%
[m[0;32;32m1970-01-01 02:59:24.982|I|145916041|lpUCM [fds.cpp:FDS_OnLocalUpgProgress:246] total: 23, curr:21, percent:33, rop:88%
[m[0;32;32m1970-01-01 02:59:25.239|I|145916041|lpUCM [fds.cpp:FDS_OnLocalUpgProgress:246] total: 23, curr:21, percent:34, rop:88%
[m[0;32;32m1970-01-01 02:59:25.467|I|145916041|lpUCM [fds.cpp:FDS_OnLocalUpgProgress:246] total: 23, curr:21, percent:35, rop:88%
[m[0;32;32m1970-01-01 02:59:25.701|I|145916041|lpUCM [fds.cpp:FDS_OnLocalUpgProgress:246] total: 23, curr:21, percent:36, rop:88%
[m[0;32;32m1970-01-01 02:59:25.916|I|145916041|lpUCM [fds.cpp:FDS_OnLocalUpgProgress:246] total: 23, curr:21, percent:37, rop:88%
[m[0;32;32m1970-01-01 02:59:26.84|I|145916041|lpUCM [fds.cpp:FDS_OnLocalUpgProgress:246] total: 23, curr:21, percent:38, rop:88%
[m[0;32;32m1970-01-01 02:59:26.301|I|145916041|lpUCM [fds.cpp:FDS_OnLocalUpgProgress:246] total: 23, curr:21, percent:39, rop:88%
[m[0;32;32m1970-01-01 02:59:26.511|I|145916041|lpUCM [fds.cpp:FDS_OnLocalUpgProgress:246] total: 23, curr:21, percent:40, rop:88%
[m[0;32;32m1970-01-01 02:59:26.778|I|145916041|lpUCM [fds.cpp:FDS_OnLocalUpgProgress:246] total: 23, curr:21, percent:41, rop:88%
[m[0;32;32m1970-01-01 02:59:27.24|I|145916041|lpUCM [fds.cpp:FDS_OnLocalUpgProgress:246] total: 23, curr:21, percent:42, rop:88%
[m[0;32;32m1970-01-01 02:59:27.208|I|145916041|lpUCM [fds.cpp:FDS_OnLocalUpgProgress:246] total: 23, curr:21, percent:43, rop:88%
[m[0;32;32m1970-01-01 02:59:27.434|I|145916041|lpUCM [fds.cpp:FDS_OnLocalUpgProgress:246] total: 23, curr:21, percent:44, rop:88%
[m[0;32;32m1970-01-01 02:59:27.703|I|145916041|lpUCM [fds.cpp:FDS_OnLocalUpgProgress:246] total: 23, curr:21, percent:45, rop:88%
[m[0;32;32m1970-01-01 02:59:27.956|I|145916041|lpUCM [fds.cpp:FDS_OnLocalUpgProgress:246] total: 23, curr:21, percent:46, rop:88%
[m[0;32;32m1970-01-01 02:59:28.170|I|145916041|lpUCM [fds.cpp:FDS_OnLocalUpgProgress:246] total: 23, curr:21, percent:47, rop:89%
[m[0;32;32m1970-01-01 02:59:28.334|I|145916041|lpUCM [fds.cpp:FDS_OnLocalUpgProgress:246] total: 23, curr:21, percent:48, rop:89%
[m[0;32;32m1970-01-01 02:59:28.547|I|145916041|lpUCM [fds.cpp:FDS_OnLocalUpgProgress:246] total: 23, curr:21, percent:49, rop:89%
[m[0;32;32m1970-01-01 02:59:57.717|I|145916041|lpUCM [fds.cpp:FDS_OnLocalUpgProgress:246] total: 23, curr:21, percent:50, rop:89%
[m[0;32;32m1970-01-01 02:59:57.914|I|145916041|lpUCM [handler.c:FDS_idhExtractFile:234] CPIO extract success
[m[0;32;32m1970-01-01 02:59:57.914|I|145916041|lpUCM [fds.cpp:FDS_OnLocalUpgProgress:246] total: 23, curr:21, percent:100, rop:91%
[m[1;33m1970-01-01 02:59:57.914|W|145916041|lpUCM [scm.c:FDS_scmDeployImages:443] deploy [21st] success:system.xfs.gz
[m[1;33m1970-01-01 02:59:57.914|W|145916041|lpUCM [scm.c:FDS_scmDeployImages:435] start [22st] deploy:autosarsailsw1.elf
[m[0;32;32m1970-01-01 02:59:57.914|I|145916041|lpUCM [fds.cpp:FDS_OnLocalUpgProgress:246] total: 23, curr:22, percent:0, rop:91%
[m[0;32;32m1970-01-01 02:59:57.914|I|145916041|lpUCM [handler.c:FDS_idhFindDesc:79] find time 1, name sail_sw, handler_name = raw
[m[0;32;32m1970-01-01 02:59:57.914|I|145916041|lpUCM [handler.c:FDS_idhFindDesc:79] find time 2, name sail_sw, handler_name = sail_sw
[m[0;32;32m1970-01-01 02:59:57.914|I|145916041|lpUCM [handler.c:FDS_idhFindDesc:94] find handler sail_sw, type = 0
[m[0;32;32m1970-01-01 02:59:57.914|I|145916041|lpUCM [handler.c:FDS_idhFindDesc:79] find time 1, name sail_sw, handler_name = raw
[m[0;32;32m1970-01-01 02:59:57.914|I|145916041|lpUCM [handler.c:FDS_idhFindDesc:79] find time 2, name sail_sw, handler_name = sail_sw
[m[0;32;32m1970-01-01 02:59:57.914|I|145916041|lpUCM [handler.c:FDS_idhFindDesc:94] find handler sail_sw, type = 0
[m[1;33m1970-01-01 02:59:57.914|W|145916041|lpUCM [RemoteSails.cpp:FDS_idhSail:304] StartRCoreUpgrade
[m[1;33m1970-01-01 02:59:57.914|W|145916041|lpUCM [RemoteSails.cpp:SendWithRetry:185] Successfully wrote 33 bytes
[m[0;32;32m1970-01-01 02:59:58.16|I|145916041|lpUCM [RemoteSails.cpp:HandleResponse:149] HandleResponse started, buffer size: 1048
[m[0;32;32m1970-01-01 02:59:58.16|I|145916041|lpUCM [RemoteSails.cpp:HandleResponse:158] Successfully deserialized response, status: 0, result code: 0
[m[0;32;32m1970-01-01 02:59:58.16|I|145916041|lpUCM [fds.cpp:FDS_OnLocalUpgProgress:246] total: 23, curr:22, percent:12, rop:91%
[m[1;33m1970-01-01 02:59:58.16|W|145916041|lpUCM [RemoteSails.cpp:FDS_idhSail:314] SailWriteData
[m[0;32;32m1970-01-01 02:59:58.17|I|145916041|lpUCM [RemoteSails.cpp:SailWriteData:254] total data is 16384
[m[0;32;31m1970-01-01 02:59:58.17|E|145916041|lpUCM [IpccProtoMessage.cpp:SerializeParams:112] m_offset, 0
[m[1;33m1970-01-01 02:59:58.17|W|145916041|lpUCM [RemoteSails.cpp:SendWithRetry:185] Successfully wrote 1052 bytes
[m[0;32;32m1970-01-01 02:59:58.118|I|145916041|lpUCM [RemoteSails.cpp:HandleResponse:149] HandleResponse started, buffer size: 1048
[m[0;32;32m1970-01-01 02:59:58.118|I|145916041|lpUCM [RemoteSails.cpp:HandleResponse:158] Successfully deserialized response, status: 0, result code: 0
[m[0;32;31m1970-01-01 02:59:58.118|E|145916041|lpUCM [IpccProtoMessage.cpp:SerializeParams:112] m_offset, 1024
[m[1;33m1970-01-01 02:59:58.118|W|145916041|lpUCM [RemoteSails.cpp:SendWithRetry:185] Successfully wrote 1052 bytes
[m[0;32;32m1970-01-01 02:59:58.220|I|145916041|lpUCM [RemoteSails.cpp:HandleResponse:149] HandleResponse started, buffer size: 1048
[m[0;32;32m1970-01-01 02:59:58.220|I|145916041|lpUCM [RemoteSails.cpp:HandleResponse:158] Successfully deserialized response, status: 0, result code: 0
[m[0;32;31m1970-01-01 02:59:58.220|E|145916041|lpUCM [IpccProtoMessage.cpp:SerializeParams:112] m_offset, 2048
[m[1;33m1970-01-01 02:59:58.220|W|145916041|lpUCM [RemoteSails.cpp:SendWithRetry:185] Successfully wrote 1052 bytes
[m[0;32;32m1970-01-01 02:59:58.322|I|145916041|lpUCM [RemoteSails.cpp:HandleResponse:149] HandleResponse started, buffer size: 1048
[m[0;32;32m1970-01-01 02:59:58.322|I|145916041|lpUCM [RemoteSails.cpp:HandleResponse:158] Successfully deserialized response, status: 0, result code: 0
[m[0;32;31m1970-01-01 02:59:58.322|E|145916041|lpUCM [IpccProtoMessage.cpp:SerializeParams:112] m_offset, 3072
[m[1;33m1970-01-01 02:59:58.322|W|145916041|lpUCM [RemoteSails.cpp:SendWithRetry:185] Successfully wrote 1052 bytes
[m[0;32;32m1970-01-01 02:59:58.423|I|145916041|lpUCM [RemoteSails.cpp:HandleResponse:149] HandleResponse started, buffer size: 1048
[m[0;32;32m1970-01-01 02:59:58.423|I|145916041|lpUCM [RemoteSails.cpp:HandleResponse:158] Successfully deserialized response, status: 0, result code: 0
[m[0;32;31m1970-01-01 02:59:58.423|E|145916041|lpUCM [IpccProtoMessage.cpp:SerializeParams:112] m_offset, 4096
[m[1;33m1970-01-01 02:59:58.423|W|145916041|lpUCM [RemoteSails.cpp:SendWithRetry:185] Successfully wrote 1052 bytes
[m[0;32;32m1970-01-01 02:59:58.524|I|145916041|lpUCM [RemoteSails.cpp:HandleResponse:149] HandleResponse started, buffer size: 1048
[m[0;32;32m1970-01-01 02:59:58.524|I|145916041|lpUCM [RemoteSails.cpp:HandleResponse:158] Successfully deserialized response, status: 0, result code: 0
[m[0;32;31m1970-01-01 02:59:58.524|E|145916041|lpUCM [IpccProtoMessage.cpp:SerializeParams:112] m_offset, 5120
[m[1;33m1970-01-01 02:59:58.524|W|145916041|lpUCM [RemoteSails.cpp:SendWithRetry:185] Successfully wrote 1052 bytes
[m[0;32;32m1970-01-01 02:59:58.626|I|145916041|lpUCM [RemoteSails.cpp:HandleResponse:149] HandleResponse started, buffer size: 1048
[m[0;32;32m1970-01-01 02:59:58.626|I|145916041|lpUCM [RemoteSails.cpp:HandleResponse:158] Successfully deserialized response, status: 0, result code: 0
[m[0;32;31m1970-01-01 02:59:58.626|E|145916041|lpUCM [IpccProtoMessage.cpp:SerializeParams:112] m_offset, 6144
[m[1;33m1970-01-01 02:59:58.626|W|145916041|lpUCM [RemoteSails.cpp:SendWithRetry:185] Successfully wrote 1052 bytes
[m[0;32;32m1970-01-01 02:59:58.728|I|145916041|lpUCM [RemoteSails.cpp:HandleResponse:149] HandleResponse started, buffer size: 1048
[m[0;32;32m1970-01-01 02:59:58.728|I|145916041|lpUCM [RemoteSails.cpp:HandleResponse:158] Successfully deserialized response, status: 0, result code: 0
[m[0;32;31m1970-01-01 02:59:58.728|E|145916041|lpUCM [IpccProtoMessage.cpp:SerializeParams:112] m_offset, 7168
[m[1;33m1970-01-01 02:59:58.728|W|145916041|lpUCM [RemoteSails.cpp:SendWithRetry:185] Successfully wrote 1052 bytes
[m[0;32;32m1970-01-01 02:59:58.829|I|145916041|lpUCM [RemoteSails.cpp:HandleResponse:149] HandleResponse started, buffer size: 1048
[m[0;32;32m1970-01-01 02:59:58.829|I|145916041|lpUCM [RemoteSails.cpp:HandleResponse:158] Successfully deserialized response, status: 0, result code: 0
[m[0;32;31m1970-01-01 02:59:58.829|E|145916041|lpUCM [IpccProtoMessage.cpp:SerializeParams:112] m_offset, 8192
[m[1;33m1970-01-01 02:59:58.829|W|145916041|lpUCM [RemoteSails.cpp:SendWithRetry:185] Successfully wrote 1052 bytes
[m[0;32;32m1970-01-01 02:59:58.931|I|145916041|lpUCM [RemoteSails.cpp:HandleResponse:149] HandleResponse started, buffer size: 1048
[m[0;32;32m1970-01-01 02:59:58.931|I|145916041|lpUCM [RemoteSails.cpp:HandleResponse:158] Successfully deserialized response, status: 0, result code: 0
[m[0;32;31m1970-01-01 02:59:58.931|E|145916041|lpUCM [IpccProtoMessage.cpp:SerializeParams:112] m_offset, 9216
[m[1;33m1970-01-01 02:59:58.931|W|145916041|lpUCM [RemoteSails.cpp:SendWithRetry:185] Successfully wrote 1052 bytes
[m[0;32;32m1970-01-01 02:59:59.33|I|145916041|lpUCM [RemoteSails.cpp:HandleResponse:149] HandleResponse started, buffer size: 1048
[m[0;32;32m1970-01-01 02:59:59.33|I|145916041|lpUCM [RemoteSails.cpp:HandleResponse:158] Successfully deserialized response, status: 0, result code: 0
[m[0;32;31m1970-01-01 02:59:59.33|E|145916041|lpUCM [IpccProtoMessage.cpp:SerializeParams:112] m_offset, 10240
[m[1;33m1970-01-01 02:59:59.33|W|145916041|lpUCM [RemoteSails.cpp:SendWithRetry:185] Successfully wrote 1052 bytes
[m[0;32;32m1970-01-01 02:59:59.134|I|145916041|lpUCM [RemoteSails.cpp:HandleResponse:149] HandleResponse started, buffer size: 1048
[m[0;32;32m1970-01-01 02:59:59.134|I|145916041|lpUCM [RemoteSails.cpp:HandleResponse:158] Successfully deserialized response, status: 0, result code: 0
[m[0;32;31m1970-01-01 02:59:59.134|E|145916041|lpUCM [IpccProtoMessage.cpp:SerializeParams:112] m_offset, 11264
[m[1;33m1970-01-01 02:59:59.134|W|145916041|lpUCM [RemoteSails.cpp:SendWithRetry:185] Successfully wrote 1052 bytes
[m[0;32;32m1970-01-01 02:59:59.235|I|145916041|lpUCM [RemoteSails.cpp:HandleResponse:149] HandleResponse started, buffer size: 1048
[m[0;32;32m1970-01-01 02:59:59.235|I|145916041|lpUCM [RemoteSails.cpp:HandleResponse:158] Successfully deserialized response, status: 0, result code: 0
[m[0;32;31m1970-01-01 02:59:59.235|E|145916041|lpUCM [IpccProtoMessage.cpp:SerializeParams:112] m_offset, 12288
[m[1;33m1970-01-01 02:59:59.235|W|145916041|lpUCM [RemoteSails.cpp:SendWithRetry:185] Successfully wrote 1052 bytes
[m[0;32;32m1970-01-01 02:59:59.337|I|145916041|lpUCM [RemoteSails.cpp:HandleResponse:149] HandleResponse started, buffer size: 1048
[m[0;32;32m1970-01-01 02:59:59.337|I|145916041|lpUCM [RemoteSails.cpp:HandleResponse:158] Successfully deserialized response, status: 0, result code: 0
[m[0;32;31m1970-01-01 02:59:59.337|E|145916041|lpUCM [IpccProtoMessage.cpp:SerializeParams:112] m_offset, 13312
[m[1;33m1970-01-01 02:59:59.337|W|145916041|lpUCM [RemoteSails.cpp:SendWithRetry:185] Successfully wrote 1052 bytes
[m[0;32;32m1970-01-01 02:59:59.439|I|145916041|lpUCM [RemoteSails.cpp:HandleResponse:149] HandleResponse started, buffer size: 1048
[m[0;32;32m1970-01-01 02:59:59.439|I|145916041|lpUCM [RemoteSails.cpp:HandleResponse:158] Successfully deserialized response, status: 0, result code: 0
[m[0;32;31m1970-01-01 02:59:59.439|E|145916041|lpUCM [IpccProtoMessage.cpp:SerializeParams:112] m_offset, 14336
[m[1;33m1970-01-01 02:59:59.439|W|145916041|lpUCM [RemoteSails.cpp:SendWithRetry:185] Successfully wrote 1052 bytes
[m[0;32;32m1970-01-01 02:59:59.540|I|145916041|lpUCM [RemoteSails.cpp:HandleResponse:149] HandleResponse started, buffer size: 1048
[m[0;32;32m1970-01-01 02:59:59.540|I|145916041|lpUCM [RemoteSails.cpp:HandleResponse:158] Successfully deserialized response, status: 0, result code: 0
[m[0;32;31m1970-01-01 02:59:59.540|E|145916041|lpUCM [IpccProtoMessage.cpp:SerializeParams:112] m_offset, 15360
[m[1;33m1970-01-01 02:59:59.540|W|145916041|lpUCM [RemoteSails.cpp:SendWithRetry:185] Successfully wrote 1052 bytes
[m[0;32;32m1970-01-01 02:59:59.642|I|145916041|lpUCM [RemoteSails.cpp:HandleResponse:149] HandleResponse started, buffer size: 1048
[m[0;32;32m1970-01-01 02:59:59.642|I|145916041|lpUCM [RemoteSails.cpp:HandleResponse:158] Successfully deserialized response, status: 0, result code: 0
[m[0;32;32m1970-01-01 02:59:59.642|I|145916041|lpUCM [RemoteSails.cpp:SailWriteData:272] All data already trans size 16384
[m[0;32;32m1970-01-01 02:59:59.642|I|145916041|lpUCM [fds.cpp:FDS_OnLocalUpgProgress:246] total: 23, curr:22, percent:13, rop:91%
[m[0;32;32m1970-01-01 02:59:59.642|I|145916041|lpUCM [RemoteSails.cpp:SailWriteData:254] total data is 16384
[m[0;32;31m1970-01-01 02:59:59.642|E|145916041|lpUCM [IpccProtoMessage.cpp:SerializeParams:112] m_offset, 16384
[m[1;33m1970-01-01 02:59:59.642|W|145916041|lpUCM [RemoteSails.cpp:SendWithRetry:185] Successfully wrote 1052 bytes
[m[0;32;32m1970-01-01 02:59:59.743|I|145916041|lpUCM [RemoteSails.cpp:HandleResponse:149] HandleResponse started, buffer size: 1048
[m[0;32;32m1970-01-01 02:59:59.743|I|145916041|lpUCM [RemoteSails.cpp:HandleResponse:158] Successfully deserialized response, status: 0, result code: 0
[m[0;32;31m1970-01-01 02:59:59.743|E|145916041|lpUCM [IpccProtoMessage.cpp:SerializeParams:112] m_offset, 17408
[m[1;33m1970-01-01 02:59:59.743|W|145916041|lpUCM [RemoteSails.cpp:SendWithRetry:185] Successfully wrote 1052 bytes
[m[0;32;32m1970-01-01 02:59:59.844|I|145916041|lpUCM [RemoteSails.cpp:HandleResponse:149] HandleResponse started, buffer size: 1048
[m[0;32;32m1970-01-01 02:59:59.844|I|145916041|lpUCM [RemoteSails.cpp:HandleResponse:158] Successfully deserialized response, status: 0, result code: 0
[m[0;32;31m1970-01-01 02:59:59.844|E|145916041|lpUCM [IpccProtoMessage.cpp:SerializeParams:112] m_offset, 18432
[m[1;33m1970-01-01 02:59:59.844|W|145916041|lpUCM [RemoteSails.cpp:SendWithRetry:185] Successfully wrote 1052 bytes
[m[0;32;32m1970-01-01 02:59:59.946|I|145916041|lpUCM [RemoteSails.cpp:HandleResponse:149] HandleResponse started, buffer size: 1048
[m[0;32;32m1970-01-01 02:59:59.946|I|145916041|lpUCM [RemoteSails.cpp:HandleResponse:158] Successfully deserialized response, status: 0, result code: 0
[m[0;32;31m1970-01-01 02:59:59.946|E|145916041|lpUCM [IpccProtoMessage.cpp:SerializeParams:112] m_offset, 19456
[m[1;33m1970-01-01 02:59:59.946|W|145916041|lpUCM [RemoteSails.cpp:SendWithRetry:185] Successfully wrote 1052 bytes
[m[0;32;32m1970-01-01 03:00:00.47|I|145916041|lpUCM [RemoteSails.cpp:HandleResponse:149] HandleResponse started, buffer size: 1048
[m[0;32;32m1970-01-01 03:00:00.47|I|145916041|lpUCM [RemoteSails.cpp:HandleResponse:158] Successfully deserialized response, status: 0, result code: 0
[m[0;32;31m1970-01-01 03:00:00.47|E|145916041|lpUCM [IpccProtoMessage.cpp:SerializeParams:112] m_offset, 20480
[m[1;33m1970-01-01 03:00:00.47|W|145916041|lpUCM [RemoteSails.cpp:SendWithRetry:185] Successfully wrote 1052 bytes
[m[0;32;32m1970-01-01 03:00:00.148|I|145916041|lpUCM [RemoteSails.cpp:HandleResponse:149] HandleResponse started, buffer size: 1048
[m[0;32;32m1970-01-01 03:00:00.148|I|145916041|lpUCM [RemoteSails.cpp:HandleResponse:158] Successfully deserialized response, status: 0, result code: 0
[m[0;32;31m1970-01-01 03:00:00.148|E|145916041|lpUCM [IpccProtoMessage.cpp:SerializeParams:112] m_offset, 21504
[m[1;33m1970-01-01 03:00:00.148|W|145916041|lpUCM [RemoteSails.cpp:SendWithRetry:185] Successfully wrote 1052 bytes
[m[0;32;32m1970-01-01 03:00:00.249|I|145916041|lpUCM [RemoteSails.cpp:HandleResponse:149] HandleResponse started, buffer size: 1048
[m[0;32;32m1970-01-01 03:00:00.249|I|145916041|lpUCM [RemoteSails.cpp:HandleResponse:158] Successfully deserialized response, status: 0, result code: 0
[m[0;32;31m1970-01-01 03:00:00.249|E|145916041|lpUCM [IpccProtoMessage.cpp:SerializeParams:112] m_offset, 22528
[m[1;33m1970-01-01 03:00:00.249|W|145916041|lpUCM [RemoteSails.cpp:SendWithRetry:185] Successfully wrote 1052 bytes
[m[0;32;32m1970-01-01 03:00:00.351|I|145916041|lpUCM [RemoteSails.cpp:HandleResponse:149] HandleResponse started, buffer size: 1048
[m[0;32;32m1970-01-01 03:00:00.351|I|145916041|lpUCM [RemoteSails.cpp:HandleResponse:158] Successfully deserialized response, status: 0, result code: 0
[m[0;32;31m1970-01-01 03:00:00.351|E|145916041|lpUCM [IpccProtoMessage.cpp:SerializeParams:112] m_offset, 23552
[m[1;33m1970-01-01 03:00:00.351|W|145916041|lpUCM [RemoteSails.cpp:SendWithRetry:185] Successfully wrote 1052 bytes
[m[0;32;32m1970-01-01 03:00:00.452|I|145916041|lpUCM [RemoteSails.cpp:HandleResponse:149] HandleResponse started, buffer size: 1048
[m[0;32;32m1970-01-01 03:00:00.452|I|145916041|lpUCM [RemoteSails.cpp:HandleResponse:158] Successfully deserialized response, status: 0, result code: 0
[m[0;32;31m1970-01-01 03:00:00.452|E|145916041|lpUCM [IpccProtoMessage.cpp:SerializeParams:112] m_offset, 24576
[m[1;33m1970-01-01 03:00:00.452|W|145916041|lpUCM [RemoteSails.cpp:SendWithRetry:185] Successfully wrote 1052 bytes
[m[0;32;32m1970-01-01 03:00:00.554|I|145916041|lpUCM [RemoteSails.cpp:HandleResponse:149] HandleResponse started, buffer size: 1048
[m[0;32;32m1970-01-01 03:00:00.554|I|145916041|lpUCM [RemoteSails.cpp:HandleResponse:158] Successfully deserialized response, status: 0, result code: 0
[m[0;32;31m1970-01-01 03:00:00.554|E|145916041|lpUCM [IpccProtoMessage.cpp:SerializeParams:112] m_offset, 25600
[m[1;33m1970-01-01 03:00:00.554|W|145916041|lpUCM [RemoteSails.cpp:SendWithRetry:185] Successfully wrote 1052 bytes
[m[0;32;32m1970-01-01 03:00:00.656|I|145916041|lpUCM [RemoteSails.cpp:HandleResponse:149] HandleResponse started, buffer size: 1048
[m[0;32;32m1970-01-01 03:00:00.656|I|145916041|lpUCM [RemoteSails.cpp:HandleResponse:158] Successfully deserialized response, status: 0, result code: 0
[m[0;32;31m1970-01-01 03:00:00.656|E|145916041|lpUCM [IpccProtoMessage.cpp:SerializeParams:112] m_offset, 26624
[m[1;33m1970-01-01 03:00:00.656|W|145916041|lpUCM [RemoteSails.cpp:SendWithRetry:185] Successfully wrote 1052 bytes
[m[0;32;32m1970-01-01 03:00:00.757|I|145916041|lpUCM [RemoteSails.cpp:HandleResponse:149] HandleResponse started, buffer size: 1048
[m[0;32;32m1970-01-01 03:00:00.757|I|145916041|lpUCM [RemoteSails.cpp:HandleResponse:158] Successfully deserialized response, status: 0, result code: 0
[m[0;32;31m1970-01-01 03:00:00.757|E|145916041|lpUCM [IpccProtoMessage.cpp:SerializeParams:112] m_offset, 27648
[m[1;33m1970-01-01 03:00:00.757|W|145916041|lpUCM [RemoteSails.cpp:SendWithRetry:185] Successfully wrote 1052 bytes
[m[0;32;32m1970-01-01 03:00:00.858|I|145916041|lpUCM [RemoteSails.cpp:HandleResponse:149] HandleResponse started, buffer size: 1048
[m[0;32;32m1970-01-01 03:00:00.858|I|145916041|lpUCM [RemoteSails.cpp:HandleResponse:158] Successfully deserialized response, status: 0, result code: 0
[m[0;32;31m1970-01-01 03:00:00.858|E|145916041|lpUCM [IpccProtoMessage.cpp:SerializeParams:112] m_offset, 28672
[m[1;33m1970-01-01 03:00:00.858|W|145916041|lpUCM [RemoteSails.cpp:SendWithRetry:185] Successfully wrote 1052 bytes
[m[0;32;32m1970-01-01 03:00:00.960|I|145916041|lpUCM [RemoteSails.cpp:HandleResponse:149] HandleResponse started, buffer size: 1048
[m[0;32;32m1970-01-01 03:00:00.960|I|145916041|lpUCM [RemoteSails.cpp:HandleResponse:158] Successfully deserialized response, status: 0, result code: 0
[m[0;32;31m1970-01-01 03:00:00.960|E|145916041|lpUCM [IpccProtoMessage.cpp:SerializeParams:112] m_offset, 29696
[m[1;33m1970-01-01 03:00:00.960|W|145916041|lpUCM [RemoteSails.cpp:SendWithRetry:185] Successfully wrote 1052 bytes
[m[0;32;32m1970-01-01 03:00:01.61|I|145916041|lpUCM [RemoteSails.cpp:HandleResponse:149] HandleResponse started, buffer size: 1048
[m[0;32;32m1970-01-01 03:00:01.61|I|145916041|lpUCM [RemoteSails.cpp:HandleResponse:158] Successfully deserialized response, status: 0, result code: 0
[m[0;32;31m1970-01-01 03:00:01.61|E|145916041|lpUCM [IpccProtoMessage.cpp:SerializeParams:112] m_offset, 30720
[m[1;33m1970-01-01 03:00:01.61|W|145916041|lpUCM [RemoteSails.cpp:SendWithRetry:185] Successfully wrote 1052 bytes
[m[0;32;32m1970-01-01 03:00:01.162|I|145916041|lpUCM [RemoteSails.cpp:HandleResponse:149] HandleResponse started, buffer size: 1048
[m[0;32;32m1970-01-01 03:00:01.162|I|145916041|lpUCM [RemoteSails.cpp:HandleResponse:158] Successfully deserialized response, status: 0, result code: 0
[m[0;32;31m1970-01-01 03:00:01.162|E|145916041|lpUCM [IpccProtoMessage.cpp:SerializeParams:112] m_offset, 31744
[m[1;33m1970-01-01 03:00:01.162|W|145916041|lpUCM [RemoteSails.cpp:SendWithRetry:185] Successfully wrote 1052 bytes
[m[0;32;32m1970-01-01 03:00:01.264|I|145916041|lpUCM [RemoteSails.cpp:HandleResponse:149] HandleResponse started, buffer size: 1048
[m[0;32;32m1970-01-01 03:00:01.264|I|145916041|lpUCM [RemoteSails.cpp:HandleResponse:158] Successfully deserialized response, status: 0, result code: 0
[m[0;32;32m1970-01-01 03:00:01.264|I|145916041|lpUCM [RemoteSails.cpp:SailWriteData:272] All data already trans size 16384
[m[0;32;32m1970-01-01 03:00:01.264|I|145916041|lpUCM [fds.cpp:FDS_OnLocalUpgProgress:246] total: 23, curr:22, percent:14, rop:91%
[m[0;32;32m1970-01-01 03:00:01.264|I|145916041|lpUCM [RemoteSails.cpp:SailWriteData:254] total data is 16384
[m[0;32;31m1970-01-01 03:00:01.264|E|145916041|lpUCM [IpccProtoMessage.cpp:SerializeParams:112] m_offset, 32768
[m[1;33m1970-01-01 03:00:01.264|W|145916041|lpUCM [RemoteSails.cpp:SendWithRetry:185] Successfully wrote 1052 bytes
[m[0;32;32m1970-01-01 03:00:01.366|I|145916041|lpUCM [RemoteSails.cpp:HandleResponse:149] HandleResponse started, buffer size: 1048
[m[0;32;32m1970-01-01 03:00:01.366|I|145916041|lpUCM [RemoteSails.cpp:HandleResponse:158] Successfully deserialized response, status: 0, result code: 0
[m[0;32;31m1970-01-01 03:00:01.366|E|145916041|lpUCM [IpccProtoMessage.cpp:SerializeParams:112] m_offset, 33792
[m[1;33m1970-01-01 03:00:01.366|W|145916041|lpUCM [RemoteSails.cpp:SendWithRetry:185] Successfully wrote 1052 bytes
[m[0;32;32m1970-01-01 03:00:01.468|I|145916041|lpUCM [RemoteSails.cpp:HandleResponse:149] HandleResponse started, buffer size: 1048
[m[0;32;32m1970-01-01 03:00:01.468|I|145916041|lpUCM [RemoteSails.cpp:HandleResponse:158] Successfully deserialized response, status: 0, result code: 0
[m[0;32;31m1970-01-01 03:00:01.468|E|145916041|lpUCM [IpccProtoMessage.cpp:SerializeParams:112] m_offset, 34816
[m[1;33m1970-01-01 03:00:01.468|W|145916041|lpUCM [RemoteSails.cpp:SendWithRetry:185] Successfully wrote 1052 bytes
[m[0;32;32m1970-01-01 03:00:01.569|I|145916041|lpUCM [RemoteSails.cpp:HandleResponse:149] HandleResponse started, buffer size: 1048
[m[0;32;32m1970-01-01 03:00:01.569|I|145916041|lpUCM [RemoteSails.cpp:HandleResponse:158] Successfully deserialized response, status: 0, result code: 0
[m[0;32;31m1970-01-01 03:00:01.569|E|145916041|lpUCM [IpccProtoMessage.cpp:SerializeParams:112] m_offset, 35840
[m[1;33m1970-01-01 03:00:01.569|W|145916041|lpUCM [RemoteSails.cpp:SendWithRetry:185] Successfully wrote 1052 bytes
[m[0;32;32m1970-01-01 03:00:01.670|I|145916041|lpUCM [RemoteSails.cpp:HandleResponse:149] HandleResponse started, buffer size: 1048
[m[0;32;32m1970-01-01 03:00:01.670|I|145916041|lpUCM [RemoteSails.cpp:HandleResponse:158] Successfully deserialized response, status: 0, result code: 0
[m[0;32;31m1970-01-01 03:00:01.670|E|145916041|lpUCM [IpccProtoMessage.cpp:SerializeParams:112] m_offset, 36864
[m[1;33m1970-01-01 03:00:01.670|W|145916041|lpUCM [RemoteSails.cpp:SendWithRetry:185] Successfully wrote 1052 bytes
[m[0;32;32m1970-01-01 03:00:01.771|I|145916041|lpUCM [RemoteSails.cpp:HandleResponse:149] HandleResponse started, buffer size: 1048
[m[0;32;32m1970-01-01 03:00:01.771|I|145916041|lpUCM [RemoteSails.cpp:HandleResponse:158] Successfully deserialized response, status: 0, result code: 0
[m[0;32;31m1970-01-01 03:00:01.771|E|145916041|lpUCM [IpccProtoMessage.cpp:SerializeParams:112] m_offset, 37888
[m[1;33m1970-01-01 03:00:01.771|W|145916041|lpUCM [RemoteSails.cpp:SendWithRetry:185] Successfully wrote 1052 bytes
[m[0;32;32m1970-01-01 03:00:01.872|I|145916041|lpUCM [RemoteSails.cpp:HandleResponse:149] HandleResponse started, buffer size: 1048
[m[0;32;32m1970-01-01 03:00:01.872|I|145916041|lpUCM [RemoteSails.cpp:HandleResponse:158] Successfully deserialized response, status: 0, result code: 0
[m[0;32;31m1970-01-01 03:00:01.872|E|145916041|lpUCM [IpccProtoMessage.cpp:SerializeParams:112] m_offset, 38912
[m[1;33m1970-01-01 03:00:01.872|W|145916041|lpUCM [RemoteSails.cpp:SendWithRetry:185] Successfully wrote 1052 bytes
[m[0;32;32m1970-01-01 03:00:01.974|I|145916041|lpUCM [RemoteSails.cpp:HandleResponse:149] HandleResponse started, buffer size: 1048
[m[0;32;32m1970-01-01 03:00:01.974|I|145916041|lpUCM [RemoteSails.cpp:HandleResponse:158] Successfully deserialized response, status: 0, result code: 0
[m[0;32;31m1970-01-01 03:00:01.974|E|145916041|lpUCM [IpccProtoMessage.cpp:SerializeParams:112] m_offset, 39936
[m[1;33m1970-01-01 03:00:01.974|W|145916041|lpUCM [RemoteSails.cpp:SendWithRetry:185] Successfully wrote 1052 bytes
[m[0;32;32m1970-01-01 03:00:02.75|I|145916041|lpUCM [RemoteSails.cpp:HandleResponse:149] HandleResponse started, buffer size: 1048
[m[0;32;32m1970-01-01 03:00:02.75|I|145916041|lpUCM [RemoteSails.cpp:HandleResponse:158] Successfully deserialized response, status: 0, result code: 0
[m[0;32;31m1970-01-01 03:00:02.75|E|145916041|lpUCM [IpccProtoMessage.cpp:SerializeParams:112] m_offset, 40960
[m[1;33m1970-01-01 03:00:02.75|W|145916041|lpUCM [RemoteSails.cpp:SendWithRetry:185] Successfully wrote 1052 bytes
[m[0;32;32m1970-01-01 03:00:02.176|I|145916041|lpUCM [RemoteSails.cpp:HandleResponse:149] HandleResponse started, buffer size: 1048
[m[0;32;32m1970-01-01 03:00:02.176|I|145916041|lpUCM [RemoteSails.cpp:HandleResponse:158] Successfully deserialized response, status: 0, result code: 0
[m[0;32;31m1970-01-01 03:00:02.176|E|145916041|lpUCM [IpccProtoMessage.cpp:SerializeParams:112] m_offset, 41984
[m[1;33m1970-01-01 03:00:02.176|W|145916041|lpUCM [RemoteSails.cpp:SendWithRetry:185] Successfully wrote 1052 bytes
[m[0;32;32m1970-01-01 03:00:02.278|I|145916041|lpUCM [RemoteSails.cpp:HandleResponse:149] HandleResponse started, buffer size: 1048
[m[0;32;32m1970-01-01 03:00:02.278|I|145916041|lpUCM [RemoteSails.cpp:HandleResponse:158] Successfully deserialized response, status: 0, result code: 0
[m[0;32;31m1970-01-01 03:00:02.278|E|145916041|lpUCM [IpccProtoMessage.cpp:SerializeParams:112] m_offset, 43008
[m[1;33m1970-01-01 03:00:02.278|W|145916041|lpUCM [RemoteSails.cpp:SendWithRetry:185] Successfully wrote 1052 bytes
[m[0;32;32m1970-01-01 03:00:02.380|I|145916041|lpUCM [RemoteSails.cpp:HandleResponse:149] HandleResponse started, buffer size: 1048
[m[0;32;32m1970-01-01 03:00:02.380|I|145916041|lpUCM [RemoteSails.cpp:HandleResponse:158] Successfully deserialized response, status: 0, result code: 0
[m[0;32;31m1970-01-01 03:00:02.380|E|145916041|lpUCM [IpccProtoMessage.cpp:SerializeParams:112] m_offset, 44032
[m[1;33m1970-01-01 03:00:02.380|W|145916041|lpUCM [RemoteSails.cpp:SendWithRetry:185] Successfully wrote 1052 bytes
[m[0;32;32m1970-01-01 03:00:02.481|I|145916041|lpUCM [RemoteSails.cpp:HandleResponse:149] HandleResponse started, buffer size: 1048
[m[0;32;32m1970-01-01 03:00:02.481|I|145916041|lpUCM [RemoteSails.cpp:HandleResponse:158] Successfully deserialized response, status: 0, result code: 0
[m[0;32;31m1970-01-01 03:00:02.481|E|145916041|lpUCM [IpccProtoMessage.cpp:SerializeParams:112] m_offset, 45056
[m[1;33m1970-01-01 03:00:02.481|W|145916041|lpUCM [RemoteSails.cpp:SendWithRetry:185] Successfully wrote 1052 bytes
[m[0;32;32m1970-01-01 03:00:02.582|I|145916041|lpUCM [RemoteSails.cpp:HandleResponse:149] HandleResponse started, buffer size: 1048
[m[0;32;32m1970-01-01 03:00:02.582|I|145916041|lpUCM [RemoteSails.cpp:HandleResponse:158] Successfully deserialized response, status: 0, result code: 0
[m[0;32;31m1970-01-01 03:00:02.582|E|145916041|lpUCM [IpccProtoMessage.cpp:SerializeParams:112] m_offset, 46080
[m[1;33m1970-01-01 03:00:02.582|W|145916041|lpUCM [RemoteSails.cpp:SendWithRetry:185] Successfully wrote 1052 bytes
[m[0;32;32m1970-01-01 03:00:02.683|I|145916041|lpUCM [RemoteSails.cpp:HandleResponse:149] HandleResponse started, buffer size: 1048
[m[0;32;32m1970-01-01 03:00:02.683|I|145916041|lpUCM [RemoteSails.cpp:HandleResponse:158] Successfully deserialized response, status: 0, result code: 0
[m[0;32;31m1970-01-01 03:00:02.683|E|145916041|lpUCM [IpccProtoMessage.cpp:SerializeParams:112] m_offset, 47104
[m[1;33m1970-01-01 03:00:02.683|W|145916041|lpUCM [RemoteSails.cpp:SendWithRetry:185] Successfully wrote 1052 bytes
[m[0;32;32m1970-01-01 03:00:02.785|I|145916041|lpUCM [RemoteSails.cpp:HandleResponse:149] HandleResponse started, buffer size: 1048
[m[0;32;32m1970-01-01 03:00:02.785|I|145916041|lpUCM [RemoteSails.cpp:HandleResponse:158] Successfully deserialized response, status: 0, result code: 0
[m[0;32;31m1970-01-01 03:00:02.785|E|145916041|lpUCM [IpccProtoMessage.cpp:SerializeParams:112] m_offset, 48128
[m[1;33m1970-01-01 03:00:02.785|W|145916041|lpUCM [RemoteSails.cpp:SendWithRetry:185] Successfully wrote 1052 bytes
[m[0;32;32m1970-01-01 03:00:02.887|I|145916041|lpUCM [RemoteSails.cpp:HandleResponse:149] HandleResponse started, buffer size: 1048
[m[0;32;32m1970-01-01 03:00:02.887|I|145916041|lpUCM [RemoteSails.cpp:HandleResponse:158] Successfully deserialized response, status: 0, result code: 0
[m[0;32;32m1970-01-01 03:00:02.887|I|145916041|lpUCM [RemoteSails.cpp:SailWriteData:272] All data already trans size 16384
[m[0;32;32m1970-01-01 03:00:02.887|I|145916041|lpUCM [fds.cpp:FDS_OnLocalUpgProgress:246] total: 23, curr:22, percent:15, rop:91%
[m[0;32;32m1970-01-01 03:00:02.887|I|145916041|lpUCM [RemoteSails.cpp:SailWriteData:254] total data is 16384
[m[0;32;31m1970-01-01 03:00:02.887|E|145916041|lpUCM [IpccProtoMessage.cpp:SerializeParams:112] m_offset, 49152
[m[1;33m1970-01-01 03:00:02.887|W|145916041|lpUCM [RemoteSails.cpp:SendWithRetry:185] Successfully wrote 1052 bytes
[m[0;32;32m1970-01-01 03:00:02.989|I|145916041|lpUCM [RemoteSails.cpp:HandleResponse:149] HandleResponse started, buffer size: 1048
[m[0;32;32m1970-01-01 03:00:02.989|I|145916041|lpUCM [RemoteSails.cpp:HandleResponse:158] Successfully deserialized response, status: 0, result code: 0
[m[0;32;31m1970-01-01 03:00:02.989|E|145916041|lpUCM [IpccProtoMessage.cpp:SerializeParams:112] m_offset, 50176
[m[1;33m1970-01-01 03:00:02.989|W|145916041|lpUCM [RemoteSails.cpp:SendWithRetry:185] Successfully wrote 1052 bytes
[m[0;32;32m1970-01-01 03:00:03.90|I|145916041|lpUCM [RemoteSails.cpp:HandleResponse:149] HandleResponse started, buffer size: 1048
[m[0;32;32m1970-01-01 03:00:03.90|I|145916041|lpUCM [RemoteSails.cpp:HandleResponse:158] Successfully deserialized response, status: 0, result code: 0
[m[0;32;31m1970-01-01 03:00:03.90|E|145916041|lpUCM [IpccProtoMessage.cpp:SerializeParams:112] m_offset, 51200
[m[1;33m1970-01-01 03:00:03.90|W|145916041|lpUCM [RemoteSails.cpp:SendWithRetry:185] Successfully wrote 1052 bytes
[m[0;32;32m1970-01-01 03:00:03.191|I|145916041|lpUCM [RemoteSails.cpp:HandleResponse:149] HandleResponse started, buffer size: 1048
[m[0;32;32m1970-01-01 03:00:03.191|I|145916041|lpUCM [RemoteSails.cpp:HandleResponse:158] Successfully deserialized response, status: 0, result code: 0
[m[0;32;31m1970-01-01 03:00:03.191|E|145916041|lpUCM [IpccProtoMessage.cpp:SerializeParams:112] m_offset, 52224
[m[1;33m1970-01-01 03:00:03.191|W|145916041|lpUCM [RemoteSails.cpp:SendWithRetry:185] Successfully wrote 1052 bytes
[m[0;32;32m1970-01-01 03:00:03.293|I|145916041|lpUCM [RemoteSails.cpp:HandleResponse:149] HandleResponse started, buffer size: 1048
[m[0;32;32m1970-01-01 03:00:03.293|I|145916041|lpUCM [RemoteSails.cpp:HandleResponse:158] Successfully deserialized response, status: 0, result code: 0
[m[0;32;31m1970-01-01 03:00:03.293|E|145916041|lpUCM [IpccProtoMessage.cpp:SerializeParams:112] m_offset, 53248
[m[1;33m1970-01-01 03:00:03.294|W|145916041|lpUCM [RemoteSails.cpp:SendWithRetry:185] Successfully wrote 1052 bytes
[m[0;32;32m1970-01-01 03:00:03.396|I|145916041|lpUCM [RemoteSails.cpp:HandleResponse:149] HandleResponse started, buffer size: 1048
[m[0;32;32m1970-01-01 03:00:03.396|I|145916041|lpUCM [RemoteSails.cpp:HandleResponse:158] Successfully deserialized response, status: 0, result code: 0
[m[0;32;31m1970-01-01 03:00:03.396|E|145916041|lpUCM [IpccProtoMessage.cpp:SerializeParams:112] m_offset, 54272
[m[1;33m1970-01-01 03:00:03.396|W|145916041|lpUCM [RemoteSails.cpp:SendWithRetry:185] Successfully wrote 1052 bytes
[m[0;32;32m1970-01-01 03:00:03.497|I|145916041|lpUCM [RemoteSails.cpp:HandleResponse:149] HandleResponse started, buffer size: 1048
[m[0;32;32m1970-01-01 03:00:03.497|I|145916041|lpUCM [RemoteSails.cpp:HandleResponse:158] Successfully deserialized response, status: 0, result code: 0
[m[0;32;31m1970-01-01 03:00:03.497|E|145916041|lpUCM [IpccProtoMessage.cpp:SerializeParams:112] m_offset, 55296
[m[1;33m1970-01-01 03:00:03.497|W|145916041|lpUCM [RemoteSails.cpp:SendWithRetry:185] Successfully wrote 1052 bytes
[m[0;32;32m1970-01-01 03:00:03.598|I|145916041|lpUCM [RemoteSails.cpp:HandleResponse:149] HandleResponse started, buffer size: 1048
[m[0;32;32m1970-01-01 03:00:03.598|I|145916041|lpUCM [RemoteSails.cpp:HandleResponse:158] Successfully deserialized response, status: 0, result code: 0
[m[0;32;31m1970-01-01 03:00:03.598|E|145916041|lpUCM [IpccProtoMessage.cpp:SerializeParams:112] m_offset, 56320
[m[1;33m1970-01-01 03:00:03.598|W|145916041|lpUCM [RemoteSails.cpp:SendWithRetry:185] Successfully wrote 1052 bytes
[m[0;32;32m1970-01-01 03:00:03.699|I|145916041|lpUCM [RemoteSails.cpp:HandleResponse:149] HandleResponse started, buffer size: 1048
[m[0;32;32m1970-01-01 03:00:03.699|I|145916041|lpUCM [RemoteSails.cpp:HandleResponse:158] Successfully deserialized response, status: 0, result code: 0
[m[0;32;31m1970-01-01 03:00:03.699|E|145916041|lpUCM [IpccProtoMessage.cpp:SerializeParams:112] m_offset, 57344
[m[1;33m1970-01-01 03:00:03.699|W|145916041|lpUCM [RemoteSails.cpp:SendWithRetry:185] Successfully wrote 1052 bytes
[m[0;32;32m1970-01-01 03:00:03.800|I|145916041|lpUCM [RemoteSails.cpp:HandleResponse:149] HandleResponse started, buffer size: 1048
[m[0;32;32m1970-01-01 03:00:03.800|I|145916041|lpUCM [RemoteSails.cpp:HandleResponse:158] Successfully deserialized response, status: 0, result code: 0
[m[0;32;31m1970-01-01 03:00:03.800|E|145916041|lpUCM [IpccProtoMessage.cpp:SerializeParams:112] m_offset, 58368
[m[1;33m1970-01-01 03:00:03.800|W|145916041|lpUCM [RemoteSails.cpp:SendWithRetry:185] Successfully wrote 1052 bytes
[m[0;32;32m1970-01-01 03:00:03.901|I|145916041|lpUCM [RemoteSails.cpp:HandleResponse:149] HandleResponse started, buffer size: 1048
[m[0;32;32m1970-01-01 03:00:03.901|I|145916041|lpUCM [RemoteSails.cpp:HandleResponse:158] Successfully deserialized response, status: 0, result code: 0
[m[0;32;31m1970-01-01 03:00:03.901|E|145916041|lpUCM [IpccProtoMessage.cpp:SerializeParams:112] m_offset, 59392
[m[1;33m1970-01-01 03:00:03.901|W|145916041|lpUCM [RemoteSails.cpp:SendWithRetry:185] Successfully wrote 1052 bytes
[m[0;32;32m1970-01-01 03:00:04.3|I|145916041|lpUCM [RemoteSails.cpp:HandleResponse:149] HandleResponse started, buffer size: 1048
[m[0;32;32m1970-01-01 03:00:04.3|I|145916041|lpUCM [RemoteSails.cpp:HandleResponse:158] Successfully deserialized response, status: 0, result code: 0
[m[0;32;31m1970-01-01 03:00:04.3|E|145916041|lpUCM [IpccProtoMessage.cpp:SerializeParams:112] m_offset, 60416
[m[1;33m1970-01-01 03:00:04.3|W|145916041|lpUCM [RemoteSails.cpp:SendWithRetry:185] Successfully wrote 1052 bytes
[m[0;32;32m1970-01-01 03:00:04.104|I|145916041|lpUCM [RemoteSails.cpp:HandleResponse:149] HandleResponse started, buffer size: 1048
[m[0;32;32m1970-01-01 03:00:04.104|I|145916041|lpUCM [RemoteSails.cpp:HandleResponse:158] Successfully deserialized response, status: 0, result code: 0
[m[0;32;31m1970-01-01 03:00:04.104|E|145916041|lpUCM [IpccProtoMessage.cpp:SerializeParams:112] m_offset, 61440
[m[1;33m1970-01-01 03:00:04.104|W|145916041|lpUCM [RemoteSails.cpp:SendWithRetry:185] Successfully wrote 1052 bytes
[m[0;32;32m1970-01-01 03:00:04.205|I|145916041|lpUCM [RemoteSails.cpp:HandleResponse:149] HandleResponse started, buffer size: 1048
[m[0;32;32m1970-01-01 03:00:04.205|I|145916041|lpUCM [RemoteSails.cpp:HandleResponse:158] Successfully deserialized response, status: 0, result code: 0
[m[0;32;31m1970-01-01 03:00:04.205|E|145916041|lpUCM [IpccProtoMessage.cpp:SerializeParams:112] m_offset, 62464
[m[1;33m1970-01-01 03:00:04.205|W|145916041|lpUCM [RemoteSails.cpp:SendWithRetry:185] Successfully wrote 1052 bytes
[m[0;32;32m1970-01-01 03:00:04.307|I|145916041|lpUCM [RemoteSails.cpp:HandleResponse:149] HandleResponse started, buffer size: 1048
[m[0;32;32m1970-01-01 03:00:04.307|I|145916041|lpUCM [RemoteSails.cpp:HandleResponse:158] Successfully deserialized response, status: 0, result code: 0
[m[0;32;31m1970-01-01 03:00:04.307|E|145916041|lpUCM [IpccProtoMessage.cpp:SerializeParams:112] m_offset, 63488
[m[1;33m1970-01-01 03:00:04.307|W|145916041|lpUCM [RemoteSails.cpp:SendWithRetry:185] Successfully wrote 1052 bytes
[m[0;32;32m1970-01-01 03:00:04.409|I|145916041|lpUCM [RemoteSails.cpp:HandleResponse:149] HandleResponse started, buffer size: 1048
[m[0;32;32m1970-01-01 03:00:04.409|I|145916041|lpUCM [RemoteSails.cpp:HandleResponse:158] Successfully deserialized response, status: 0, result code: 0
[m[0;32;31m1970-01-01 03:00:04.409|E|145916041|lpUCM [IpccProtoMessage.cpp:SerializeParams:112] m_offset, 64512
[m[1;33m1970-01-01 03:00:04.409|W|145916041|lpUCM [RemoteSails.cpp:SendWithRetry:185] Successfully wrote 1052 bytes
[m[0;32;32m1970-01-01 03:00:04.510|I|145916041|lpUCM [RemoteSails.cpp:HandleResponse:149] HandleResponse started, buffer size: 1048
[m[0;32;32m1970-01-01 03:00:04.510|I|145916041|lpUCM [RemoteSails.cpp:HandleResponse:158] Successfully deserialized response, status: 0, result code: 0
[m[0;32;32m1970-01-01 03:00:04.510|I|145916041|lpUCM [RemoteSails.cpp:SailWriteData:272] All data already trans size 16384
[m[0;32;32m1970-01-01 03:00:04.510|I|145916041|lpUCM [fds.cpp:FDS_OnLocalUpgProgress:246] total: 23, curr:22, percent:16, rop:92%
[m[0;32;32m1970-01-01 03:00:04.510|I|145916041|lpUCM [RemoteSails.cpp:SailWriteData:254] total data is 16384
[m[0;32;31m1970-01-01 03:00:04.510|E|145916041|lpUCM [IpccProtoMessage.cpp:SerializeParams:112] m_offset, 65536
[m[1;33m1970-01-01 03:00:04.510|W|145916041|lpUCM [RemoteSails.cpp:SendWithRetry:185] Successfully wrote 1052 bytes
[m[0;32;32m1970-01-01 03:00:04.612|I|145916041|lpUCM [RemoteSails.cpp:HandleResponse:149] HandleResponse started, buffer size: 1048
[m[0;32;32m1970-01-01 03:00:04.612|I|145916041|lpUCM [RemoteSails.cpp:HandleResponse:158] Successfully deserialized response, status: 0, result code: 0
[m[0;32;31m1970-01-01 03:00:04.612|E|145916041|lpUCM [IpccProtoMessage.cpp:SerializeParams:112] m_offset, 66560
[m[1;33m1970-01-01 03:00:04.612|W|145916041|lpUCM [RemoteSails.cpp:SendWithRetry:185] Successfully wrote 1052 bytes
[m[0;32;32m1970-01-01 03:00:04.714|I|145916041|lpUCM [RemoteSails.cpp:HandleResponse:149] HandleResponse started, buffer size: 1048
[m[0;32;32m1970-01-01 03:00:04.714|I|145916041|lpUCM [RemoteSails.cpp:HandleResponse:158] Successfully deserialized response, status: 0, result code: 0
[m[0;32;31m1970-01-01 03:00:04.714|E|145916041|lpUCM [IpccProtoMessage.cpp:SerializeParams:112] m_offset, 67584
[m[1;33m1970-01-01 03:00:04.714|W|145916041|lpUCM [RemoteSails.cpp:SendWithRetry:185] Successfully wrote 1052 bytes
[m[0;32;32m1970-01-01 03:00:04.815|I|145916041|lpUCM [RemoteSails.cpp:HandleResponse:149] HandleResponse started, buffer size: 1048
[m[0;32;32m1970-01-01 03:00:04.815|I|145916041|lpUCM [RemoteSails.cpp:HandleResponse:158] Successfully deserialized response, status: 0, result code: 0
[m[0;32;31m1970-01-01 03:00:04.815|E|145916041|lpUCM [IpccProtoMessage.cpp:SerializeParams:112] m_offset, 68608
[m[1;33m1970-01-01 03:00:04.815|W|145916041|lpUCM [RemoteSails.cpp:SendWithRetry:185] Successfully wrote 1052 bytes
[m[0;32;32m1970-01-01 03:00:04.917|I|145916041|lpUCM [RemoteSails.cpp:HandleResponse:149] HandleResponse started, buffer size: 1048
[m[0;32;32m1970-01-01 03:00:04.917|I|145916041|lpUCM [RemoteSails.cpp:HandleResponse:158] Successfully deserialized response, status: 0, result code: 0
[m[0;32;31m1970-01-01 03:00:04.917|E|145916041|lpUCM [IpccProtoMessage.cpp:SerializeParams:112] m_offset, 69632
[m[1;33m1970-01-01 03:00:04.917|W|145916041|lpUCM [RemoteSails.cpp:SendWithRetry:185] Successfully wrote 1052 bytes
[m[0;32;32m1970-01-01 03:00:05.19|I|145916041|lpUCM [RemoteSails.cpp:HandleResponse:149] HandleResponse started, buffer size: 1048
[m[0;32;32m1970-01-01 03:00:05.19|I|145916041|lpUCM [RemoteSails.cpp:HandleResponse:158] Successfully deserialized response, status: 0, result code: 0
[m[0;32;31m1970-01-01 03:00:05.19|E|145916041|lpUCM [IpccProtoMessage.cpp:SerializeParams:112] m_offset, 70656
[m[1;33m1970-01-01 03:00:05.19|W|145916041|lpUCM [RemoteSails.cpp:SendWithRetry:185] Successfully wrote 1052 bytes
[m[0;32;32m1970-01-01 03:00:05.121|I|145916041|lpUCM [RemoteSails.cpp:HandleResponse:149] HandleResponse started, buffer size: 1048
[m[0;32;32m1970-01-01 03:00:05.121|I|145916041|lpUCM [RemoteSails.cpp:HandleResponse:158] Successfully deserialized response, status: 0, result code: 0
[m[0;32;31m1970-01-01 03:00:05.121|E|145916041|lpUCM [IpccProtoMessage.cpp:SerializeParams:112] m_offset, 71680
[m[1;33m1970-01-01 03:00:05.121|W|145916041|lpUCM [RemoteSails.cpp:SendWithRetry:185] Successfully wrote 1052 bytes
[m[0;32;32m1970-01-01 03:00:05.223|I|145916041|lpUCM [RemoteSails.cpp:HandleResponse:149] HandleResponse started, buffer size: 1048
[m[0;32;32m1970-01-01 03:00:05.223|I|145916041|lpUCM [RemoteSails.cpp:HandleResponse:158] Successfully deserialized response, status: 0, result code: 0
[m[0;32;31m1970-01-01 03:00:05.223|E|145916041|lpUCM [IpccProtoMessage.cpp:SerializeParams:112] m_offset, 72704
[m[1;33m1970-01-01 03:00:05.223|W|145916041|lpUCM [RemoteSails.cpp:SendWithRetry:185] Successfully wrote 1052 bytes
[m[0;32;32m1970-01-01 03:00:05.325|I|145916041|lpUCM [RemoteSails.cpp:HandleResponse:149] HandleResponse started, buffer size: 1048
[m[0;32;32m1970-01-01 03:00:05.325|I|145916041|lpUCM [RemoteSails.cpp:HandleResponse:158] Successfully deserialized response, status: 0, result code: 0
[m[0;32;31m1970-01-01 03:00:05.325|E|145916041|lpUCM [IpccProtoMessage.cpp:SerializeParams:112] m_offset, 73728
[m[1;33m1970-01-01 03:00:05.325|W|145916041|lpUCM [RemoteSails.cpp:SendWithRetry:185] Successfully wrote 1052 bytes
[m[0;32;32m1970-01-01 03:00:05.427|I|145916041|lpUCM [RemoteSails.cpp:HandleResponse:149] HandleResponse started, buffer size: 1048
[m[0;32;32m1970-01-01 03:00:05.427|I|145916041|lpUCM [RemoteSails.cpp:HandleResponse:158] Successfully deserialized response, status: 0, result code: 0
[m[0;32;31m1970-01-01 03:00:05.427|E|145916041|lpUCM [IpccProtoMessage.cpp:SerializeParams:112] m_offset, 74752
[m[1;33m1970-01-01 03:00:05.427|W|145916041|lpUCM [RemoteSails.cpp:SendWithRetry:185] Successfully wrote 1052 bytes
[m[0;32;32m1970-01-01 03:00:05.528|I|145916041|lpUCM [RemoteSails.cpp:HandleResponse:149] HandleResponse started, buffer size: 1048
[m[0;32;32m1970-01-01 03:00:05.528|I|145916041|lpUCM [RemoteSails.cpp:HandleResponse:158] Successfully deserialized response, status: 0, result code: 0
[m[0;32;31m1970-01-01 03:00:05.528|E|145916041|lpUCM [IpccProtoMessage.cpp:SerializeParams:112] m_offset, 75776
[m[1;33m1970-01-01 03:00:05.528|W|145916041|lpUCM [RemoteSails.cpp:SendWithRetry:185] Successfully wrote 1052 bytes
[m[0;32;32m1970-01-01 03:00:05.630|I|145916041|lpUCM [RemoteSails.cpp:HandleResponse:149] HandleResponse started, buffer size: 1048
[m[0;32;32m1970-01-01 03:00:05.630|I|145916041|lpUCM [RemoteSails.cpp:HandleResponse:158] Successfully deserialized response, status: 0, result code: 0
[m[0;32;31m1970-01-01 03:00:05.630|E|145916041|lpUCM [IpccProtoMessage.cpp:SerializeParams:112] m_offset, 76800
[m[1;33m1970-01-01 03:00:05.630|W|145916041|lpUCM [RemoteSails.cpp:SendWithRetry:185] Successfully wrote 1052 bytes
[m[0;32;32m1970-01-01 03:00:05.731|I|145916041|lpUCM [RemoteSails.cpp:HandleResponse:149] HandleResponse started, buffer size: 1048
[m[0;32;32m1970-01-01 03:00:05.731|I|145916041|lpUCM [RemoteSails.cpp:HandleResponse:158] Successfully deserialized response, status: 0, result code: 0
[m[0;32;31m1970-01-01 03:00:05.731|E|145916041|lpUCM [IpccProtoMessage.cpp:SerializeParams:112] m_offset, 77824
[m[1;33m1970-01-01 03:00:05.731|W|145916041|lpUCM [RemoteSails.cpp:SendWithRetry:185] Successfully wrote 1052 bytes
[m[0;32;32m1970-01-01 03:00:05.832|I|145916041|lpUCM [RemoteSails.cpp:HandleResponse:149] HandleResponse started, buffer size: 1048
[m[0;32;32m1970-01-01 03:00:05.832|I|145916041|lpUCM [RemoteSails.cpp:HandleResponse:158] Successfully deserialized response, status: 0, result code: 0
[m[0;32;31m1970-01-01 03:00:05.832|E|145916041|lpUCM [IpccProtoMessage.cpp:SerializeParams:112] m_offset, 78848
[m[1;33m1970-01-01 03:00:05.832|W|145916041|lpUCM [RemoteSails.cpp:SendWithRetry:185] Successfully wrote 1052 bytes
[m[0;32;32m1970-01-01 03:00:05.934|I|145916041|lpUCM [RemoteSails.cpp:HandleResponse:149] HandleResponse started, buffer size: 1048
[m[0;32;32m1970-01-01 03:00:05.934|I|145916041|lpUCM [RemoteSails.cpp:HandleResponse:158] Successfully deserialized response, status: 0, result code: 0
[m[0;32;31m1970-01-01 03:00:05.934|E|145916041|lpUCM [IpccProtoMessage.cpp:SerializeParams:112] m_offset, 79872
[m[1;33m1970-01-01 03:00:05.934|W|145916041|lpUCM [RemoteSails.cpp:SendWithRetry:185] Successfully wrote 1052 bytes
[m[0;32;32m1970-01-01 03:00:06.36|I|145916041|lpUCM [RemoteSails.cpp:HandleResponse:149] HandleResponse started, buffer size: 1048
[m[0;32;32m1970-01-01 03:00:06.36|I|145916041|lpUCM [RemoteSails.cpp:HandleResponse:158] Successfully deserialized response, status: 0, result code: 0
[m[0;32;31m1970-01-01 03:00:06.36|E|145916041|lpUCM [IpccProtoMessage.cpp:SerializeParams:112] m_offset, 80896
[m[1;33m1970-01-01 03:00:06.36|W|145916041|lpUCM [RemoteSails.cpp:SendWithRetry:185] Successfully wrote 1052 bytes
[m[0;32;32m1970-01-01 03:00:06.137|I|145916041|lpUCM [RemoteSails.cpp:HandleResponse:149] HandleResponse started, buffer size: 1048
[m[0;32;32m1970-01-01 03:00:06.137|I|145916041|lpUCM [RemoteSails.cpp:HandleResponse:158] Successfully deserialized response, status: 0, result code: 0
[m[0;32;32m1970-01-01 03:00:06.137|I|145916041|lpUCM [RemoteSails.cpp:SailWriteData:272] All data already trans size 16384
[m[0;32;32m1970-01-01 03:00:06.137|I|145916041|lpUCM [fds.cpp:FDS_OnLocalUpgProgress:246] total: 23, curr:22, percent:17, rop:92%
[m[0;32;32m1970-01-01 03:00:06.137|I|145916041|lpUCM [RemoteSails.cpp:SailWriteData:254] total data is 16384
[m[0;32;31m1970-01-01 03:00:06.137|E|145916041|lpUCM [IpccProtoMessage.cpp:SerializeParams:112] m_offset, 81920
[m[1;33m1970-01-01 03:00:06.137|W|145916041|lpUCM [RemoteSails.cpp:SendWithRetry:185] Successfully wrote 1052 bytes
[m[0;32;32m1970-01-01 03:00:06.238|I|145916041|lpUCM [RemoteSails.cpp:HandleResponse:149] HandleResponse started, buffer size: 1048
[m[0;32;32m1970-01-01 03:00:06.238|I|145916041|lpUCM [RemoteSails.cpp:HandleResponse:158] Successfully deserialized response, status: 0, result code: 0
[m[0;32;31m1970-01-01 03:00:06.238|E|145916041|lpUCM [IpccProtoMessage.cpp:SerializeParams:112] m_offset, 82944
[m[1;33m1970-01-01 03:00:06.238|W|145916041|lpUCM [RemoteSails.cpp:SendWithRetry:185] Successfully wrote 1052 bytes
[m[0;32;32m1970-01-01 03:00:06.339|I|145916041|lpUCM [RemoteSails.cpp:HandleResponse:149] HandleResponse started, buffer size: 1048
[m[0;32;32m1970-01-01 03:00:06.339|I|145916041|lpUCM [RemoteSails.cpp:HandleResponse:158] Successfully deserialized response, status: 0, result code: 0
[m[0;32;31m1970-01-01 03:00:06.339|E|145916041|lpUCM [IpccProtoMessage.cpp:SerializeParams:112] m_offset, 83968
[m[1;33m1970-01-01 03:00:06.339|W|145916041|lpUCM [RemoteSails.cpp:SendWithRetry:185] Successfully wrote 1052 bytes
[m[0;32;32m1970-01-01 03:00:06.440|I|145916041|lpUCM [RemoteSails.cpp:HandleResponse:149] HandleResponse started, buffer size: 1048
[m[0;32;32m1970-01-01 03:00:06.440|I|145916041|lpUCM [RemoteSails.cpp:HandleResponse:158] Successfully deserialized response, status: 0, result code: 0
[m[0;32;31m1970-01-01 03:00:06.440|E|145916041|lpUCM [IpccProtoMessage.cpp:SerializeParams:112] m_offset, 84992
[m[1;33m1970-01-01 03:00:06.440|W|145916041|lpUCM [RemoteSails.cpp:SendWithRetry:185] Successfully wrote 1052 bytes
[m[0;32;32m1970-01-01 03:00:06.542|I|145916041|lpUCM [RemoteSails.cpp:HandleResponse:149] HandleResponse started, buffer size: 1048
[m[0;32;32m1970-01-01 03:00:06.542|I|145916041|lpUCM [RemoteSails.cpp:HandleResponse:158] Successfully deserialized response, status: 0, result code: 0
[m[0;32;31m1970-01-01 03:00:06.542|E|145916041|lpUCM [IpccProtoMessage.cpp:SerializeParams:112] m_offset, 86016
[m[1;33m1970-01-01 03:00:06.542|W|145916041|lpUCM [RemoteSails.cpp:SendWithRetry:185] Successfully wrote 1052 bytes
[m[0;32;32m1970-01-01 03:00:06.644|I|145916041|lpUCM [RemoteSails.cpp:HandleResponse:149] HandleResponse started, buffer size: 1048
[m[0;32;32m1970-01-01 03:00:06.644|I|145916041|lpUCM [RemoteSails.cpp:HandleResponse:158] Successfully deserialized response, status: 0, result code: 0
[m[0;32;31m1970-01-01 03:00:06.644|E|145916041|lpUCM [IpccProtoMessage.cpp:SerializeParams:112] m_offset, 87040
[m[1;33m1970-01-01 03:00:06.644|W|145916041|lpUCM [RemoteSails.cpp:SendWithRetry:185] Successfully wrote 1052 bytes
[m[0;32;32m1970-01-01 03:00:06.745|I|145916041|lpUCM [RemoteSails.cpp:HandleResponse:149] HandleResponse started, buffer size: 1048
[m[0;32;32m1970-01-01 03:00:06.745|I|145916041|lpUCM [RemoteSails.cpp:HandleResponse:158] Successfully deserialized response, status: 0, result code: 0
[m[0;32;31m1970-01-01 03:00:06.745|E|145916041|lpUCM [IpccProtoMessage.cpp:SerializeParams:112] m_offset, 88064
[m[1;33m1970-01-01 03:00:06.745|W|145916041|lpUCM [RemoteSails.cpp:SendWithRetry:185] Successfully wrote 1052 bytes
[m[0;32;32m1970-01-01 03:00:06.846|I|145916041|lpUCM [RemoteSails.cpp:HandleResponse:149] HandleResponse started, buffer size: 1048
[m[0;32;32m1970-01-01 03:00:06.846|I|145916041|lpUCM [RemoteSails.cpp:HandleResponse:158] Successfully deserialized response, status: 0, result code: 0
[m[0;32;31m1970-01-01 03:00:06.846|E|145916041|lpUCM [IpccProtoMessage.cpp:SerializeParams:112] m_offset, 89088
[m[1;33m1970-01-01 03:00:06.846|W|145916041|lpUCM [RemoteSails.cpp:SendWithRetry:185] Successfully wrote 1052 bytes
[m[0;32;32m1970-01-01 03:00:06.947|I|145916041|lpUCM [RemoteSails.cpp:HandleResponse:149] HandleResponse started, buffer size: 1048
[m[0;32;32m1970-01-01 03:00:06.947|I|145916041|lpUCM [RemoteSails.cpp:HandleResponse:158] Successfully deserialized response, status: 0, result code: 0
[m[0;32;31m1970-01-01 03:00:06.947|E|145916041|lpUCM [IpccProtoMessage.cpp:SerializeParams:112] m_offset, 90112
[m[1;33m1970-01-01 03:00:06.947|W|145916041|lpUCM [RemoteSails.cpp:SendWithRetry:185] Successfully wrote 1052 bytes
[m[0;32;32m1970-01-01 03:00:07.48|I|145916041|lpUCM [RemoteSails.cpp:HandleResponse:149] HandleResponse started, buffer size: 1048
[m[0;32;32m1970-01-01 03:00:07.48|I|145916041|lpUCM [RemoteSails.cpp:HandleResponse:158] Successfully deserialized response, status: 0, result code: 0
[m[0;32;31m1970-01-01 03:00:07.48|E|145916041|lpUCM [IpccProtoMessage.cpp:SerializeParams:112] m_offset, 91136
[m[1;33m1970-01-01 03:00:07.48|W|145916041|lpUCM [RemoteSails.cpp:SendWithRetry:185] Successfully wrote 1052 bytes
[m[0;32;32m1970-01-01 03:00:07.150|I|145916041|lpUCM [RemoteSails.cpp:HandleResponse:149] HandleResponse started, buffer size: 1048
[m[0;32;32m1970-01-01 03:00:07.150|I|145916041|lpUCM [RemoteSails.cpp:HandleResponse:158] Successfully deserialized response, status: 0, result code: 0
[m[0;32;31m1970-01-01 03:00:07.150|E|145916041|lpUCM [IpccProtoMessage.cpp:SerializeParams:112] m_offset, 92160
[m[1;33m1970-01-01 03:00:07.150|W|145916041|lpUCM [RemoteSails.cpp:SendWithRetry:185] Successfully wrote 1052 bytes
[m[0;32;32m1970-01-01 03:00:07.251|I|145916041|lpUCM [RemoteSails.cpp:HandleResponse:149] HandleResponse started, buffer size: 1048
[m[0;32;32m1970-01-01 03:00:07.251|I|145916041|lpUCM [RemoteSails.cpp:HandleResponse:158] Successfully deserialized response, status: 0, result code: 0
[m[0;32;31m1970-01-01 03:00:07.251|E|145916041|lpUCM [IpccProtoMessage.cpp:SerializeParams:112] m_offset, 93184
[m[1;33m1970-01-01 03:00:07.251|W|145916041|lpUCM [RemoteSails.cpp:SendWithRetry:185] Successfully wrote 1052 bytes
[m[0;32;32m1970-01-01 03:00:07.353|I|145916041|lpUCM [RemoteSails.cpp:HandleResponse:149] HandleResponse started, buffer size: 1048
[m[0;32;32m1970-01-01 03:00:07.353|I|145916041|lpUCM [RemoteSails.cpp:HandleResponse:158] Successfully deserialized response, status: 0, result code: 0
[m[0;32;31m1970-01-01 03:00:07.353|E|145916041|lpUCM [IpccProtoMessage.cpp:SerializeParams:112] m_offset, 94208
[m[1;33m1970-01-01 03:00:07.353|W|145916041|lpUCM [RemoteSails.cpp:SendWithRetry:185] Successfully wrote 1052 bytes
[m[0;32;32m1970-01-01 03:00:07.455|I|145916041|lpUCM [RemoteSails.cpp:HandleResponse:149] HandleResponse started, buffer size: 1048
[m[0;32;32m1970-01-01 03:00:07.455|I|145916041|lpUCM [RemoteSails.cpp:HandleResponse:158] Successfully deserialized response, status: 0, result code: 0
[m[0;32;31m1970-01-01 03:00:07.455|E|145916041|lpUCM [IpccProtoMessage.cpp:SerializeParams:112] m_offset, 95232
[m[1;33m1970-01-01 03:00:07.455|W|145916041|lpUCM [RemoteSails.cpp:SendWithRetry:185] Successfully wrote 1052 bytes
[m[0;32;32m1970-01-01 03:00:07.557|I|145916041|lpUCM [RemoteSails.cpp:HandleResponse:149] HandleResponse started, buffer size: 1048
[m[0;32;32m1970-01-01 03:00:07.557|I|145916041|lpUCM [RemoteSails.cpp:HandleResponse:158] Successfully deserialized response, status: 0, result code: 0
[m[0;32;31m1970-01-01 03:00:07.557|E|145916041|lpUCM [IpccProtoMessage.cpp:SerializeParams:112] m_offset, 96256
[m[1;33m1970-01-01 03:00:07.557|W|145916041|lpUCM [RemoteSails.cpp:SendWithRetry:185] Successfully wrote 1052 bytes
[m[0;32;32m1970-01-01 03:00:07.659|I|145916041|lpUCM [RemoteSails.cpp:HandleResponse:149] HandleResponse started, buffer size: 1048
[m[0;32;32m1970-01-01 03:00:07.659|I|145916041|lpUCM [RemoteSails.cpp:HandleResponse:158] Successfully deserialized response, status: 0, result code: 0
[m[0;32;31m1970-01-01 03:00:07.659|E|145916041|lpUCM [IpccProtoMessage.cpp:SerializeParams:112] m_offset, 97280
[m[1;33m1970-01-01 03:00:07.659|W|145916041|lpUCM [RemoteSails.cpp:SendWithRetry:185] Successfully wrote 1052 bytes
[m[0;32;32m1970-01-01 03:00:07.760|I|145916041|lpUCM [RemoteSails.cpp:HandleResponse:149] HandleResponse started, buffer size: 1048
[m[0;32;32m1970-01-01 03:00:07.760|I|145916041|lpUCM [RemoteSails.cpp:HandleResponse:158] Successfully deserialized response, status: 0, result code: 0
[m[0;32;32m1970-01-01 03:00:07.760|I|145916041|lpUCM [RemoteSails.cpp:SailWriteData:272] All data already trans size 16384
[m[0;32;32m1970-01-01 03:00:07.760|I|145916041|lpUCM [fds.cpp:FDS_OnLocalUpgProgress:246] total: 23, curr:22, percent:18, rop:92%
[m[0;32;32m1970-01-01 03:00:07.760|I|145916041|lpUCM [RemoteSails.cpp:SailWriteData:254] total data is 16384
[m[0;32;31m1970-01-01 03:00:07.760|E|145916041|lpUCM [IpccProtoMessage.cpp:SerializeParams:112] m_offset, 98304
[m[1;33m1970-01-01 03:00:07.760|W|145916041|lpUCM [RemoteSails.cpp:SendWithRetry:185] Successfully wrote 1052 bytes
[m[0;32;32m1970-01-01 03:00:07.862|I|145916041|lpUCM [RemoteSails.cpp:HandleResponse:149] HandleResponse started, buffer size: 1048
[m[0;32;32m1970-01-01 03:00:07.862|I|145916041|lpUCM [RemoteSails.cpp:HandleResponse:158] Successfully deserialized response, status: 0, result code: 0
[m[0;32;31m1970-01-01 03:00:07.862|E|145916041|lpUCM [IpccProtoMessage.cpp:SerializeParams:112] m_offset, 99328
[m[1;33m1970-01-01 03:00:07.862|W|145916041|lpUCM [RemoteSails.cpp:SendWithRetry:185] Successfully wrote 1052 bytes
[m[0;32;32m1970-01-01 03:00:07.964|I|145916041|lpUCM [RemoteSails.cpp:HandleResponse:149] HandleResponse started, buffer size: 1048
[m[0;32;32m1970-01-01 03:00:07.964|I|145916041|lpUCM [RemoteSails.cpp:HandleResponse:158] Successfully deserialized response, status: 0, result code: 0
[m[0;32;31m1970-01-01 03:00:07.964|E|145916041|lpUCM [IpccProtoMessage.cpp:SerializeParams:112] m_offset, 100352
[m[1;33m1970-01-01 03:00:07.964|W|145916041|lpUCM [RemoteSails.cpp:SendWithRetry:185] Successfully wrote 1052 bytes
[m[0;32;32m1970-01-01 03:00:08.65|I|145916041|lpUCM [RemoteSails.cpp:HandleResponse:149] HandleResponse started, buffer size: 1048
[m[0;32;32m1970-01-01 03:00:08.65|I|145916041|lpUCM [RemoteSails.cpp:HandleResponse:158] Successfully deserialized response, status: 0, result code: 0
[m[0;32;31m1970-01-01 03:00:08.65|E|145916041|lpUCM [IpccProtoMessage.cpp:SerializeParams:112] m_offset, 101376
[m[1;33m1970-01-01 03:00:08.65|W|145916041|lpUCM [RemoteSails.cpp:SendWithRetry:185] Successfully wrote 1052 bytes
[m[0;32;32m1970-01-01 03:00:08.166|I|145916041|lpUCM [RemoteSails.cpp:HandleResponse:149] HandleResponse started, buffer size: 1048
[m[0;32;32m1970-01-01 03:00:08.166|I|145916041|lpUCM [RemoteSails.cpp:HandleResponse:158] Successfully deserialized response, status: 0, result code: 0
[m[0;32;31m1970-01-01 03:00:08.166|E|145916041|lpUCM [IpccProtoMessage.cpp:SerializeParams:112] m_offset, 102400
[m[1;33m1970-01-01 03:00:08.166|W|145916041|lpUCM [RemoteSails.cpp:SendWithRetry:185] Successfully wrote 1052 bytes
[m[0;32;32m1970-01-01 03:00:08.268|I|145916041|lpUCM [RemoteSails.cpp:HandleResponse:149] HandleResponse started, buffer size: 1048
[m[0;32;32m1970-01-01 03:00:08.268|I|145916041|lpUCM [RemoteSails.cpp:HandleResponse:158] Successfully deserialized response, status: 0, result code: 0
[m[0;32;31m1970-01-01 03:00:08.268|E|145916041|lpUCM [IpccProtoMessage.cpp:SerializeParams:112] m_offset, 103424
[m[1;33m1970-01-01 03:00:08.268|W|145916041|lpUCM [RemoteSails.cpp:SendWithRetry:185] Successfully wrote 1052 bytes
[m[0;32;32m1970-01-01 03:00:08.370|I|145916041|lpUCM [RemoteSails.cpp:HandleResponse:149] HandleResponse started, buffer size: 1048
[m[0;32;32m1970-01-01 03:00:08.370|I|145916041|lpUCM [RemoteSails.cpp:HandleResponse:158] Successfully deserialized response, status: 0, result code: 0
[m[0;32;31m1970-01-01 03:00:08.370|E|145916041|lpUCM [IpccProtoMessage.cpp:SerializeParams:112] m_offset, 104448
[m[1;33m1970-01-01 03:00:08.370|W|145916041|lpUCM [RemoteSails.cpp:SendWithRetry:185] Successfully wrote 1052 bytes
[m[0;32;32m1970-01-01 03:00:08.471|I|145916041|lpUCM [RemoteSails.cpp:HandleResponse:149] HandleResponse started, buffer size: 1048
[m[0;32;32m1970-01-01 03:00:08.471|I|145916041|lpUCM [RemoteSails.cpp:HandleResponse:158] Successfully deserialized response, status: 0, result code: 0
[m[0;32;31m1970-01-01 03:00:08.471|E|145916041|lpUCM [IpccProtoMessage.cpp:SerializeParams:112] m_offset, 105472
[m[1;33m1970-01-01 03:00:08.471|W|145916041|lpUCM [RemoteSails.cpp:SendWithRetry:185] Successfully wrote 1052 bytes
[m[0;32;32m1970-01-01 03:00:08.573|I|145916041|lpUCM [RemoteSails.cpp:HandleResponse:149] HandleResponse started, buffer size: 1048
[m[0;32;32m1970-01-01 03:00:08.573|I|145916041|lpUCM [RemoteSails.cpp:HandleResponse:158] Successfully deserialized response, status: 0, result code: 0
[m[0;32;31m1970-01-01 03:00:08.573|E|145916041|lpUCM [IpccProtoMessage.cpp:SerializeParams:112] m_offset, 106496
[m[1;33m1970-01-01 03:00:08.573|W|145916041|lpUCM [RemoteSails.cpp:SendWithRetry:185] Successfully wrote 1052 bytes
[m[0;32;32m1970-01-01 03:00:08.674|I|145916041|lpUCM [RemoteSails.cpp:HandleResponse:149] HandleResponse started, buffer size: 1048
[m[0;32;32m1970-01-01 03:00:08.674|I|145916041|lpUCM [RemoteSails.cpp:HandleResponse:158] Successfully deserialized response, status: 0, result code: 0
[m[0;32;31m1970-01-01 03:00:08.674|E|145916041|lpUCM [IpccProtoMessage.cpp:SerializeParams:112] m_offset, 107520
[m[1;33m1970-01-01 03:00:08.674|W|145916041|lpUCM [RemoteSails.cpp:SendWithRetry:185] Successfully wrote 1052 bytes
[m[0;32;32m1970-01-01 03:00:08.775|I|145916041|lpUCM [RemoteSails.cpp:HandleResponse:149] HandleResponse started, buffer size: 1048
[m[0;32;32m1970-01-01 03:00:08.775|I|145916041|lpUCM [RemoteSails.cpp:HandleResponse:158] Successfully deserialized response, status: 0, result code: 0
[m[0;32;31m1970-01-01 03:00:08.775|E|145916041|lpUCM [IpccProtoMessage.cpp:SerializeParams:112] m_offset, 108544
[m[1;33m1970-01-01 03:00:08.775|W|145916041|lpUCM [RemoteSails.cpp:SendWithRetry:185] Successfully wrote 1052 bytes
[m[0;32;32m1970-01-01 03:00:08.877|I|145916041|lpUCM [RemoteSails.cpp:HandleResponse:149] HandleResponse started, buffer size: 1048
[m[0;32;32m1970-01-01 03:00:08.877|I|145916041|lpUCM [RemoteSails.cpp:HandleResponse:158] Successfully deserialized response, status: 0, result code: 0
[m[0;32;31m1970-01-01 03:00:08.877|E|145916041|lpUCM [IpccProtoMessage.cpp:SerializeParams:112] m_offset, 109568
[m[1;33m1970-01-01 03:00:08.877|W|145916041|lpUCM [RemoteSails.cpp:SendWithRetry:185] Successfully wrote 1052 bytes
[m[0;32;32m1970-01-01 03:00:08.978|I|145916041|lpUCM [RemoteSails.cpp:HandleResponse:149] HandleResponse started, buffer size: 1048
[m[0;32;32m1970-01-01 03:00:08.978|I|145916041|lpUCM [RemoteSails.cpp:HandleResponse:158] Successfully deserialized response, status: 0, result code: 0
[m[0;32;31m1970-01-01 03:00:08.978|E|145916041|lpUCM [IpccProtoMessage.cpp:SerializeParams:112] m_offset, 110592
[m[1;33m1970-01-01 03:00:08.978|W|145916041|lpUCM [RemoteSails.cpp:SendWithRetry:185] Successfully wrote 1052 bytes
[m[0;32;32m1970-01-01 03:00:09.79|I|145916041|lpUCM [RemoteSails.cpp:HandleResponse:149] HandleResponse started, buffer size: 1048
[m[0;32;32m1970-01-01 03:00:09.79|I|145916041|lpUCM [RemoteSails.cpp:HandleResponse:158] Successfully deserialized response, status: 0, result code: 0
[m[0;32;31m1970-01-01 03:00:09.79|E|145916041|lpUCM [IpccProtoMessage.cpp:SerializeParams:112] m_offset, 111616
[m[1;33m1970-01-01 03:00:09.79|W|145916041|lpUCM [RemoteSails.cpp:SendWithRetry:185] Successfully wrote 1052 bytes
[m[0;32;32m1970-01-01 03:00:09.181|I|145916041|lpUCM [RemoteSails.cpp:HandleResponse:149] HandleResponse started, buffer size: 1048
[m[0;32;32m1970-01-01 03:00:09.181|I|145916041|lpUCM [RemoteSails.cpp:HandleResponse:158] Successfully deserialized response, status: 0, result code: 0
[m[0;32;31m1970-01-01 03:00:09.181|E|145916041|lpUCM [IpccProtoMessage.cpp:SerializeParams:112] m_offset, 112640
[m[1;33m1970-01-01 03:00:09.181|W|145916041|lpUCM [RemoteSails.cpp:SendWithRetry:185] Successfully wrote 1052 bytes
[m[0;32;32m1970-01-01 03:00:09.282|I|145916041|lpUCM [RemoteSails.cpp:HandleResponse:149] HandleResponse started, buffer size: 1048
[m[0;32;32m1970-01-01 03:00:09.282|I|145916041|lpUCM [RemoteSails.cpp:HandleResponse:158] Successfully deserialized response, status: 0, result code: 0
[m[0;32;31m1970-01-01 03:00:09.282|E|145916041|lpUCM [IpccProtoMessage.cpp:SerializeParams:112] m_offset, 113664
[m[1;33m1970-01-01 03:00:09.282|W|145916041|lpUCM [RemoteSails.cpp:SendWithRetry:185] Successfully wrote 1052 bytes
[m[0;32;32m1970-01-01 03:00:09.384|I|145916041|lpUCM [RemoteSails.cpp:HandleResponse:149] HandleResponse started, buffer size: 1048
[m[0;32;32m1970-01-01 03:00:09.384|I|145916041|lpUCM [RemoteSails.cpp:HandleResponse:158] Successfully deserialized response, status: 0, result code: 0
[m[0;32;32m1970-01-01 03:00:09.384|I|145916041|lpUCM [RemoteSails.cpp:SailWriteData:272] All data already trans size 16384
[m[0;32;32m1970-01-01 03:00:09.384|I|145916041|lpUCM [fds.cpp:FDS_OnLocalUpgProgress:246] total: 23, curr:22, percent:19, rop:92%
[m[0;32;32m1970-01-01 03:00:09.384|I|145916041|lpUCM [RemoteSails.cpp:SailWriteData:254] total data is 16384
[m[0;32;31m1970-01-01 03:00:09.384|E|145916041|lpUCM [IpccProtoMessage.cpp:SerializeParams:112] m_offset, 114688
[m[1;33m1970-01-01 03:00:09.384|W|145916041|lpUCM [RemoteSails.cpp:SendWithRetry:185] Successfully wrote 1052 bytes
[m[0;32;32m1970-01-01 03:00:09.485|I|145916041|lpUCM [RemoteSails.cpp:HandleResponse:149] HandleResponse started, buffer size: 1048
[m[0;32;32m1970-01-01 03:00:09.485|I|145916041|lpUCM [RemoteSails.cpp:HandleResponse:158] Successfully deserialized response, status: 0, result code: 0
[m[0;32;31m1970-01-01 03:00:09.485|E|145916041|lpUCM [IpccProtoMessage.cpp:SerializeParams:112] m_offset, 115712
[m[1;33m1970-01-01 03:00:09.485|W|145916041|lpUCM [RemoteSails.cpp:SendWithRetry:185] Successfully wrote 1052 bytes
[m[0;32;32m1970-01-01 03:00:09.586|I|145916041|lpUCM [RemoteSails.cpp:HandleResponse:149] HandleResponse started, buffer size: 1048
[m[0;32;32m1970-01-01 03:00:09.586|I|145916041|lpUCM [RemoteSails.cpp:HandleResponse:158] Successfully deserialized response, status: 0, result code: 0
[m[0;32;31m1970-01-01 03:00:09.586|E|145916041|lpUCM [IpccProtoMessage.cpp:SerializeParams:112] m_offset, 116736
[m[1;33m1970-01-01 03:00:09.586|W|145916041|lpUCM [RemoteSails.cpp:SendWithRetry:185] Successfully wrote 1052 bytes
[m[0;32;32m1970-01-01 03:00:09.687|I|145916041|lpUCM [RemoteSails.cpp:HandleResponse:149] HandleResponse started, buffer size: 1048
[m[0;32;32m1970-01-01 03:00:09.687|I|145916041|lpUCM [RemoteSails.cpp:HandleResponse:158] Successfully deserialized response, status: 0, result code: 0
[m[0;32;31m1970-01-01 03:00:09.687|E|145916041|lpUCM [IpccProtoMessage.cpp:SerializeParams:112] m_offset, 117760
[m[1;33m1970-01-01 03:00:09.687|W|145916041|lpUCM [RemoteSails.cpp:SendWithRetry:185] Successfully wrote 1052 bytes
[m[0;32;32m1970-01-01 03:00:09.788|I|145916041|lpUCM [RemoteSails.cpp:HandleResponse:149] HandleResponse started, buffer size: 1048
[m[0;32;32m1970-01-01 03:00:09.788|I|145916041|lpUCM [RemoteSails.cpp:HandleResponse:158] Successfully deserialized response, status: 0, result code: 0
[m[0;32;31m1970-01-01 03:00:09.788|E|145916041|lpUCM [IpccProtoMessage.cpp:SerializeParams:112] m_offset, 118784
[m[1;33m1970-01-01 03:00:09.788|W|145916041|lpUCM [RemoteSails.cpp:SendWithRetry:185] Successfully wrote 1052 bytes
[m[0;32;32m1970-01-01 03:00:09.889|I|145916041|lpUCM [RemoteSails.cpp:HandleResponse:149] HandleResponse started, buffer size: 1048
[m[0;32;32m1970-01-01 03:00:09.889|I|145916041|lpUCM [RemoteSails.cpp:HandleResponse:158] Successfully deserialized response, status: 0, result code: 0
[m[0;32;31m1970-01-01 03:00:09.889|E|145916041|lpUCM [IpccProtoMessage.cpp:SerializeParams:112] m_offset, 119808
[m[1;33m1970-01-01 03:00:09.889|W|145916041|lpUCM [RemoteSails.cpp:SendWithRetry:185] Successfully wrote 1052 bytes
[m[0;32;32m1970-01-01 03:00:09.991|I|145916041|lpUCM [RemoteSails.cpp:HandleResponse:149] HandleResponse started, buffer size: 1048
[m[0;32;32m1970-01-01 03:00:09.991|I|145916041|lpUCM [RemoteSails.cpp:HandleResponse:158] Successfully deserialized response, status: 0, result code: 0
[m[0;32;31m1970-01-01 03:00:09.991|E|145916041|lpUCM [IpccProtoMessage.cpp:SerializeParams:112] m_offset, 120832
[m[1;33m1970-01-01 03:00:09.991|W|145916041|lpUCM [RemoteSails.cpp:SendWithRetry:185] Successfully wrote 1052 bytes
[m[0;32;32m1970-01-01 03:00:10.92|I|145916041|lpUCM [RemoteSails.cpp:HandleResponse:149] HandleResponse started, buffer size: 1048
[m[0;32;32m1970-01-01 03:00:10.92|I|145916041|lpUCM [RemoteSails.cpp:HandleResponse:158] Successfully deserialized response, status: 0, result code: 0
[m[0;32;31m1970-01-01 03:00:10.92|E|145916041|lpUCM [IpccProtoMessage.cpp:SerializeParams:112] m_offset, 121856
[m[1;33m1970-01-01 03:00:10.92|W|145916041|lpUCM [RemoteSails.cpp:SendWithRetry:185] Successfully wrote 1052 bytes
[m[0;32;32m1970-01-01 03:00:10.193|I|145916041|lpUCM [RemoteSails.cpp:HandleResponse:149] HandleResponse started, buffer size: 1048
[m[0;32;32m1970-01-01 03:00:10.193|I|145916041|lpUCM [RemoteSails.cpp:HandleResponse:158] Successfully deserialized response, status: 0, result code: 0
[m[0;32;31m1970-01-01 03:00:10.193|E|145916041|lpUCM [IpccProtoMessage.cpp:SerializeParams:112] m_offset, 122880
[m[1;33m1970-01-01 03:00:10.193|W|145916041|lpUCM [RemoteSails.cpp:SendWithRetry:185] Successfully wrote 1052 bytes
[m[0;32;32m1970-01-01 03:00:10.295|I|145916041|lpUCM [RemoteSails.cpp:HandleResponse:149] HandleResponse started, buffer size: 1048
[m[0;32;32m1970-01-01 03:00:10.295|I|145916041|lpUCM [RemoteSails.cpp:HandleResponse:158] Successfully deserialized response, status: 0, result code: 0
[m[0;32;31m1970-01-01 03:00:10.295|E|145916041|lpUCM [IpccProtoMessage.cpp:SerializeParams:112] m_offset, 123904
[m[1;33m1970-01-01 03:00:10.295|W|145916041|lpUCM [RemoteSails.cpp:SendWithRetry:185] Successfully wrote 1052 bytes
[m[0;32;32m1970-01-01 03:00:10.397|I|145916041|lpUCM [RemoteSails.cpp:HandleResponse:149] HandleResponse started, buffer size: 1048
[m[0;32;32m1970-01-01 03:00:10.397|I|145916041|lpUCM [RemoteSails.cpp:HandleResponse:158] Successfully deserialized response, status: 0, result code: 0
[m[0;32;31m1970-01-01 03:00:10.397|E|145916041|lpUCM [IpccProtoMessage.cpp:SerializeParams:112] m_offset, 124928
[m[1;33m1970-01-01 03:00:10.397|W|145916041|lpUCM [RemoteSails.cpp:SendWithRetry:185] Successfully wrote 1052 bytes
[m[0;32;32m1970-01-01 03:00:10.498|I|145916041|lpUCM [RemoteSails.cpp:HandleResponse:149] HandleResponse started, buffer size: 1048
[m[0;32;32m1970-01-01 03:00:10.498|I|145916041|lpUCM [RemoteSails.cpp:HandleResponse:158] Successfully deserialized response, status: 0, result code: 0
[m[0;32;31m1970-01-01 03:00:10.498|E|145916041|lpUCM [IpccProtoMessage.cpp:SerializeParams:112] m_offset, 125952
[m[1;33m1970-01-01 03:00:10.498|W|145916041|lpUCM [RemoteSails.cpp:SendWithRetry:185] Successfully wrote 1052 bytes
[m[0;32;32m1970-01-01 03:00:10.600|I|145916041|lpUCM [RemoteSails.cpp:HandleResponse:149] HandleResponse started, buffer size: 1048
[m[0;32;32m1970-01-01 03:00:10.600|I|145916041|lpUCM [RemoteSails.cpp:HandleResponse:158] Successfully deserialized response, status: 0, result code: 0
[m[0;32;31m1970-01-01 03:00:10.600|E|145916041|lpUCM [IpccProtoMessage.cpp:SerializeParams:112] m_offset, 126976
[m[1;33m1970-01-01 03:00:10.600|W|145916041|lpUCM [RemoteSails.cpp:SendWithRetry:185] Successfully wrote 1052 bytes
[m[0;32;32m1970-01-01 03:00:10.701|I|145916041|lpUCM [RemoteSails.cpp:HandleResponse:149] HandleResponse started, buffer size: 1048
[m[0;32;32m1970-01-01 03:00:10.701|I|145916041|lpUCM [RemoteSails.cpp:HandleResponse:158] Successfully deserialized response, status: 0, result code: 0
[m[0;32;31m1970-01-01 03:00:10.701|E|145916041|lpUCM [IpccProtoMessage.cpp:SerializeParams:112] m_offset, 128000
[m[1;33m1970-01-01 03:00:10.701|W|145916041|lpUCM [RemoteSails.cpp:SendWithRetry:185] Successfully wrote 1052 bytes
[m[0;32;32m1970-01-01 03:00:10.802|I|145916041|lpUCM [RemoteSails.cpp:HandleResponse:149] HandleResponse started, buffer size: 1048
[m[0;32;32m1970-01-01 03:00:10.802|I|145916041|lpUCM [RemoteSails.cpp:HandleResponse:158] Successfully deserialized response, status: 0, result code: 0
[m[0;32;31m1970-01-01 03:00:10.802|E|145916041|lpUCM [IpccProtoMessage.cpp:SerializeParams:112] m_offset, 129024
[m[1;33m1970-01-01 03:00:10.802|W|145916041|lpUCM [RemoteSails.cpp:SendWithRetry:185] Successfully wrote 1052 bytes
[m[0;32;32m1970-01-01 03:00:10.904|I|145916041|lpUCM [RemoteSails.cpp:HandleResponse:149] HandleResponse started, buffer size: 1048
[m[0;32;32m1970-01-01 03:00:10.904|I|145916041|lpUCM [RemoteSails.cpp:HandleResponse:158] Successfully deserialized response, status: 0, result code: 0
[m[0;32;31m1970-01-01 03:00:10.904|E|145916041|lpUCM [IpccProtoMessage.cpp:SerializeParams:112] m_offset, 130048
[m[1;33m1970-01-01 03:00:10.904|W|145916041|lpUCM [RemoteSails.cpp:SendWithRetry:185] Successfully wrote 1052 bytes
[m[0;32;32m1970-01-01 03:00:11.6|I|145916041|lpUCM [RemoteSails.cpp:HandleResponse:149] HandleResponse started, buffer size: 1048
[m[0;32;32m1970-01-01 03:00:11.6|I|145916041|lpUCM [RemoteSails.cpp:HandleResponse:158] Successfully deserialized response, status: 0, result code: 0
[m[0;32;32m1970-01-01 03:00:11.6|I|145916041|lpUCM [RemoteSails.cpp:SailWriteData:272] All data already trans size 16384
[m[0;32;32m1970-01-01 03:00:11.6|I|145916041|lpUCM [fds.cpp:FDS_OnLocalUpgProgress:246] total: 23, curr:22, percent:20, rop:92%
[m[0;32;32m1970-01-01 03:00:11.6|I|145916041|lpUCM [RemoteSails.cpp:SailWriteData:254] total data is 16384
[m[0;32;31m1970-01-01 03:00:11.6|E|145916041|lpUCM [IpccProtoMessage.cpp:SerializeParams:112] m_offset, 131072
[m[1;33m1970-01-01 03:00:11.6|W|145916041|lpUCM [RemoteSails.cpp:SendWithRetry:185] Successfully wrote 1052 bytes
[m[0;32;32m1970-01-01 03:00:11.107|I|145916041|lpUCM [RemoteSails.cpp:HandleResponse:149] HandleResponse started, buffer size: 1048
[m[0;32;32m1970-01-01 03:00:11.107|I|145916041|lpUCM [RemoteSails.cpp:HandleResponse:158] Successfully deserialized response, status: 0, result code: 0
[m[0;32;31m1970-01-01 03:00:11.107|E|145916041|lpUCM [IpccProtoMessage.cpp:SerializeParams:112] m_offset, 132096
[m[1;33m1970-01-01 03:00:11.107|W|145916041|lpUCM [RemoteSails.cpp:SendWithRetry:185] Successfully wrote 1052 bytes
[m[0;32;32m1970-01-01 03:00:11.209|I|145916041|lpUCM [RemoteSails.cpp:HandleResponse:149] HandleResponse started, buffer size: 1048
[m[0;32;32m1970-01-01 03:00:11.209|I|145916041|lpUCM [RemoteSails.cpp:HandleResponse:158] Successfully deserialized response, status: 0, result code: 0
[m[0;32;31m1970-01-01 03:00:11.209|E|145916041|lpUCM [IpccProtoMessage.cpp:SerializeParams:112] m_offset, 133120
[m[1;33m1970-01-01 03:00:11.209|W|145916041|lpUCM [RemoteSails.cpp:SendWithRetry:185] Successfully wrote 1052 bytes
[m[0;32;32m1970-01-01 03:00:11.310|I|145916041|lpUCM [RemoteSails.cpp:HandleResponse:149] HandleResponse started, buffer size: 1048
[m[0;32;32m1970-01-01 03:00:11.310|I|145916041|lpUCM [RemoteSails.cpp:HandleResponse:158] Successfully deserialized response, status: 0, result code: 0
[m[0;32;31m1970-01-01 03:00:11.310|E|145916041|lpUCM [IpccProtoMessage.cpp:SerializeParams:112] m_offset, 134144
[m[1;33m1970-01-01 03:00:11.310|W|145916041|lpUCM [RemoteSails.cpp:SendWithRetry:185] Successfully wrote 1052 bytes
[m[0;32;32m1970-01-01 03:00:11.411|I|145916041|lpUCM [RemoteSails.cpp:HandleResponse:149] HandleResponse started, buffer size: 1048
[m[0;32;32m1970-01-01 03:00:11.411|I|145916041|lpUCM [RemoteSails.cpp:HandleResponse:158] Successfully deserialized response, status: 0, result code: 0
[m[0;32;31m1970-01-01 03:00:11.411|E|145916041|lpUCM [IpccProtoMessage.cpp:SerializeParams:112] m_offset, 135168
[m[1;33m1970-01-01 03:00:11.411|W|145916041|lpUCM [RemoteSails.cpp:SendWithRetry:185] Successfully wrote 1052 bytes
[m[0;32;32m1970-01-01 03:00:11.513|I|145916041|lpUCM [RemoteSails.cpp:HandleResponse:149] HandleResponse started, buffer size: 1048
[m[0;32;32m1970-01-01 03:00:11.513|I|145916041|lpUCM [RemoteSails.cpp:HandleResponse:158] Successfully deserialized response, status: 0, result code: 0
[m[0;32;31m1970-01-01 03:00:11.513|E|145916041|lpUCM [IpccProtoMessage.cpp:SerializeParams:112] m_offset, 136192
[m[1;33m1970-01-01 03:00:11.513|W|145916041|lpUCM [RemoteSails.cpp:SendWithRetry:185] Successfully wrote 1052 bytes
[m[0;32;32m1970-01-01 03:00:11.615|I|145916041|lpUCM [RemoteSails.cpp:HandleResponse:149] HandleResponse started, buffer size: 1048
[m[0;32;32m1970-01-01 03:00:11.615|I|145916041|lpUCM [RemoteSails.cpp:HandleResponse:158] Successfully deserialized response, status: 0, result code: 0
[m[0;32;31m1970-01-01 03:00:11.615|E|145916041|lpUCM [IpccProtoMessage.cpp:SerializeParams:112] m_offset, 137216
[m[1;33m1970-01-01 03:00:11.615|W|145916041|lpUCM [RemoteSails.cpp:SendWithRetry:185] Successfully wrote 1052 bytes
[m[0;32;32m1970-01-01 03:00:11.716|I|145916041|lpUCM [RemoteSails.cpp:HandleResponse:149] HandleResponse started, buffer size: 1048
[m[0;32;32m1970-01-01 03:00:11.716|I|145916041|lpUCM [RemoteSails.cpp:HandleResponse:158] Successfully deserialized response, status: 0, result code: 0
[m[0;32;31m1970-01-01 03:00:11.716|E|145916041|lpUCM [IpccProtoMessage.cpp:SerializeParams:112] m_offset, 138240
[m[1;33m1970-01-01 03:00:11.716|W|145916041|lpUCM [RemoteSails.cpp:SendWithRetry:185] Successfully wrote 1052 bytes
[m[0;32;32m1970-01-01 03:00:11.817|I|145916041|lpUCM [RemoteSails.cpp:HandleResponse:149] HandleResponse started, buffer size: 1048
[m[0;32;32m1970-01-01 03:00:11.817|I|145916041|lpUCM [RemoteSails.cpp:HandleResponse:158] Successfully deserialized response, status: 0, result code: 0
[m[0;32;31m1970-01-01 03:00:11.817|E|145916041|lpUCM [IpccProtoMessage.cpp:SerializeParams:112] m_offset, 139264
[m[1;33m1970-01-01 03:00:11.817|W|145916041|lpUCM [RemoteSails.cpp:SendWithRetry:185] Successfully wrote 1052 bytes
[m[0;32;32m1970-01-01 03:00:11.919|I|145916041|lpUCM [RemoteSails.cpp:HandleResponse:149] HandleResponse started, buffer size: 1048
[m[0;32;32m1970-01-01 03:00:11.919|I|145916041|lpUCM [RemoteSails.cpp:HandleResponse:158] Successfully deserialized response, status: 0, result code: 0
[m[0;32;31m1970-01-01 03:00:11.919|E|145916041|lpUCM [IpccProtoMessage.cpp:SerializeParams:112] m_offset, 140288
[m[1;33m1970-01-01 03:00:11.919|W|145916041|lpUCM [RemoteSails.cpp:SendWithRetry:185] Successfully wrote 1052 bytes
[m[0;32;32m1970-01-01 03:00:12.20|I|145916041|lpUCM [RemoteSails.cpp:HandleResponse:149] HandleResponse started, buffer size: 1048
[m[0;32;32m1970-01-01 03:00:12.20|I|145916041|lpUCM [RemoteSails.cpp:HandleResponse:158] Successfully deserialized response, status: 0, result code: 0
[m[0;32;31m1970-01-01 03:00:12.20|E|145916041|lpUCM [IpccProtoMessage.cpp:SerializeParams:112] m_offset, 141312
[m[1;33m1970-01-01 03:00:12.20|W|145916041|lpUCM [RemoteSails.cpp:SendWithRetry:185] Successfully wrote 1052 bytes
[m[0;32;32m1970-01-01 03:00:12.122|I|145916041|lpUCM [RemoteSails.cpp:HandleResponse:149] HandleResponse started, buffer size: 1048
[m[0;32;32m1970-01-01 03:00:12.122|I|145916041|lpUCM [RemoteSails.cpp:HandleResponse:158] Successfully deserialized response, status: 0, result code: 0
[m[0;32;31m1970-01-01 03:00:12.122|E|145916041|lpUCM [IpccProtoMessage.cpp:SerializeParams:112] m_offset, 142336
[m[1;33m1970-01-01 03:00:12.122|W|145916041|lpUCM [RemoteSails.cpp:SendWithRetry:185] Successfully wrote 1052 bytes
[m[0;32;32m1970-01-01 03:00:12.224|I|145916041|lpUCM [RemoteSails.cpp:HandleResponse:149] HandleResponse started, buffer size: 1048
[m[0;32;32m1970-01-01 03:00:12.224|I|145916041|lpUCM [RemoteSails.cpp:HandleResponse:158] Successfully deserialized response, status: 0, result code: 0
[m[0;32;31m1970-01-01 03:00:12.224|E|145916041|lpUCM [IpccProtoMessage.cpp:SerializeParams:112] m_offset, 143360
[m[1;33m1970-01-01 03:00:12.224|W|145916041|lpUCM [RemoteSails.cpp:SendWithRetry:185] Successfully wrote 1052 bytes
[m[0;32;32m1970-01-01 03:00:12.325|I|145916041|lpUCM [RemoteSails.cpp:HandleResponse:149] HandleResponse started, buffer size: 1048
[m[0;32;32m1970-01-01 03:00:12.325|I|145916041|lpUCM [RemoteSails.cpp:HandleResponse:158] Successfully deserialized response, status: 0, result code: 0
[m[0;32;31m1970-01-01 03:00:12.325|E|145916041|lpUCM [IpccProtoMessage.cpp:SerializeParams:112] m_offset, 144384
[m[1;33m1970-01-01 03:00:12.325|W|145916041|lpUCM [RemoteSails.cpp:SendWithRetry:185] Successfully wrote 1052 bytes
[m[0;32;32m1970-01-01 03:00:12.427|I|145916041|lpUCM [RemoteSails.cpp:HandleResponse:149] HandleResponse started, buffer size: 1048
[m[0;32;32m1970-01-01 03:00:12.427|I|145916041|lpUCM [RemoteSails.cpp:HandleResponse:158] Successfully deserialized response, status: 0, result code: 0
[m[0;32;31m1970-01-01 03:00:12.427|E|145916041|lpUCM [IpccProtoMessage.cpp:SerializeParams:112] m_offset, 145408
[m[1;33m1970-01-01 03:00:12.427|W|145916041|lpUCM [RemoteSails.cpp:SendWithRetry:185] Successfully wrote 1052 bytes
[m[0;32;32m1970-01-01 03:00:12.528|I|145916041|lpUCM [RemoteSails.cpp:HandleResponse:149] HandleResponse started, buffer size: 1048
[m[0;32;32m1970-01-01 03:00:12.528|I|145916041|lpUCM [RemoteSails.cpp:HandleResponse:158] Successfully deserialized response, status: 0, result code: 0
[m[0;32;31m1970-01-01 03:00:12.528|E|145916041|lpUCM [IpccProtoMessage.cpp:SerializeParams:112] m_offset, 146432
[m[1;33m1970-01-01 03:00:12.528|W|145916041|lpUCM [RemoteSails.cpp:SendWithRetry:185] Successfully wrote 1052 bytes
[m[0;32;32m1970-01-01 03:00:12.630|I|145916041|lpUCM [RemoteSails.cpp:HandleResponse:149] HandleResponse started, buffer size: 1048
[m[0;32;32m1970-01-01 03:00:12.630|I|145916041|lpUCM [RemoteSails.cpp:HandleResponse:158] Successfully deserialized response, status: 0, result code: 0
[m[0;32;32m1970-01-01 03:00:12.630|I|145916041|lpUCM [RemoteSails.cpp:SailWriteData:272] All data already trans size 16384
[m[0;32;32m1970-01-01 03:00:12.630|I|145916041|lpUCM [fds.cpp:FDS_OnLocalUpgProgress:246] total: 23, curr:22, percent:21, rop:92%
[m[0;32;32m1970-01-01 03:00:12.630|I|145916041|lpUCM [RemoteSails.cpp:SailWriteData:254] total data is 16384
[m[0;32;31m1970-01-01 03:00:12.630|E|145916041|lpUCM [IpccProtoMessage.cpp:SerializeParams:112] m_offset, 147456
[m[1;33m1970-01-01 03:00:12.630|W|145916041|lpUCM [RemoteSails.cpp:SendWithRetry:185] Successfully wrote 1052 bytes
[m[0;32;32m1970-01-01 03:00:12.732|I|145916041|lpUCM [RemoteSails.cpp:HandleResponse:149] HandleResponse started, buffer size: 1048
[m[0;32;32m1970-01-01 03:00:12.732|I|145916041|lpUCM [RemoteSails.cpp:HandleResponse:158] Successfully deserialized response, status: 0, result code: 0
[m[0;32;31m1970-01-01 03:00:12.732|E|145916041|lpUCM [IpccProtoMessage.cpp:SerializeParams:112] m_offset, 148480
[m[1;33m1970-01-01 03:00:12.732|W|145916041|lpUCM [RemoteSails.cpp:SendWithRetry:185] Successfully wrote 1052 bytes
[m[0;32;32m1970-01-01 03:00:12.833|I|145916041|lpUCM [RemoteSails.cpp:HandleResponse:149] HandleResponse started, buffer size: 1048
[m[0;32;32m1970-01-01 03:00:12.833|I|145916041|lpUCM [RemoteSails.cpp:HandleResponse:158] Successfully deserialized response, status: 0, result code: 0
[m[0;32;31m1970-01-01 03:00:12.833|E|145916041|lpUCM [IpccProtoMessage.cpp:SerializeParams:112] m_offset, 149504
[m[1;33m1970-01-01 03:00:12.833|W|145916041|lpUCM [RemoteSails.cpp:SendWithRetry:185] Successfully wrote 1052 bytes
[m[0;32;32m1970-01-01 03:00:12.935|I|145916041|lpUCM [RemoteSails.cpp:HandleResponse:149] HandleResponse started, buffer size: 1048
[m[0;32;32m1970-01-01 03:00:12.935|I|145916041|lpUCM [RemoteSails.cpp:HandleResponse:158] Successfully deserialized response, status: 0, result code: 0
[m[0;32;31m1970-01-01 03:00:12.935|E|145916041|lpUCM [IpccProtoMessage.cpp:SerializeParams:112] m_offset, 150528
[m[1;33m1970-01-01 03:00:12.935|W|145916041|lpUCM [RemoteSails.cpp:SendWithRetry:185] Successfully wrote 1052 bytes
[m[0;32;32m1970-01-01 03:00:13.36|I|145916041|lpUCM [RemoteSails.cpp:HandleResponse:149] HandleResponse started, buffer size: 1048
[m[0;32;32m1970-01-01 03:00:13.36|I|145916041|lpUCM [RemoteSails.cpp:HandleResponse:158] Successfully deserialized response, status: 0, result code: 0
[m[0;32;31m1970-01-01 03:00:13.36|E|145916041|lpUCM [IpccProtoMessage.cpp:SerializeParams:112] m_offset, 151552
[m[1;33m1970-01-01 03:00:13.36|W|145916041|lpUCM [RemoteSails.cpp:SendWithRetry:185] Successfully wrote 1052 bytes
[m[0;32;32m1970-01-01 03:00:13.137|I|145916041|lpUCM [RemoteSails.cpp:HandleResponse:149] HandleResponse started, buffer size: 1048
[m[0;32;32m1970-01-01 03:00:13.137|I|145916041|lpUCM [RemoteSails.cpp:HandleResponse:158] Successfully deserialized response, status: 0, result code: 0
[m[0;32;31m1970-01-01 03:00:13.137|E|145916041|lpUCM [IpccProtoMessage.cpp:SerializeParams:112] m_offset, 152576
[m[1;33m1970-01-01 03:00:13.137|W|145916041|lpUCM [RemoteSails.cpp:SendWithRetry:185] Successfully wrote 1052 bytes
[m[0;32;32m1970-01-01 03:00:13.238|I|145916041|lpUCM [RemoteSails.cpp:HandleResponse:149] HandleResponse started, buffer size: 1048
[m[0;32;32m1970-01-01 03:00:13.238|I|145916041|lpUCM [RemoteSails.cpp:HandleResponse:158] Successfully deserialized response, status: 0, result code: 0
[m[0;32;31m1970-01-01 03:00:13.238|E|145916041|lpUCM [IpccProtoMessage.cpp:SerializeParams:112] m_offset, 153600
[m[1;33m1970-01-01 03:00:13.238|W|145916041|lpUCM [RemoteSails.cpp:SendWithRetry:185] Successfully wrote 1052 bytes
[m[0;32;32m1970-01-01 03:00:13.340|I|145916041|lpUCM [RemoteSails.cpp:HandleResponse:149] HandleResponse started, buffer size: 1048
[m[0;32;32m1970-01-01 03:00:13.340|I|145916041|lpUCM [RemoteSails.cpp:HandleResponse:158] Successfully deserialized response, status: 0, result code: 0
[m[0;32;31m1970-01-01 03:00:13.340|E|145916041|lpUCM [IpccProtoMessage.cpp:SerializeParams:112] m_offset, 154624
[m[1;33m1970-01-01 03:00:13.340|W|145916041|lpUCM [RemoteSails.cpp:SendWithRetry:185] Successfully wrote 1052 bytes
[m[0;32;32m1970-01-01 03:00:13.442|I|145916041|lpUCM [RemoteSails.cpp:HandleResponse:149] HandleResponse started, buffer size: 1048
[m[0;32;32m1970-01-01 03:00:13.442|I|145916041|lpUCM [RemoteSails.cpp:HandleResponse:158] Successfully deserialized response, status: 0, result code: 0
[m[0;32;31m1970-01-01 03:00:13.442|E|145916041|lpUCM [IpccProtoMessage.cpp:SerializeParams:112] m_offset, 155648
[m[1;33m1970-01-01 03:00:13.442|W|145916041|lpUCM [RemoteSails.cpp:SendWithRetry:185] Successfully wrote 1052 bytes
[m[0;32;32m1970-01-01 03:00:13.543|I|145916041|lpUCM [RemoteSails.cpp:HandleResponse:149] HandleResponse started, buffer size: 1048
[m[0;32;32m1970-01-01 03:00:13.543|I|145916041|lpUCM [RemoteSails.cpp:HandleResponse:158] Successfully deserialized response, status: 0, result code: 0
[m[0;32;31m1970-01-01 03:00:13.543|E|145916041|lpUCM [IpccProtoMessage.cpp:SerializeParams:112] m_offset, 156672
[m[1;33m1970-01-01 03:00:13.543|W|145916041|lpUCM [RemoteSails.cpp:SendWithRetry:185] Successfully wrote 1052 bytes
[m[0;32;32m1970-01-01 03:00:13.644|I|145916041|lpUCM [RemoteSails.cpp:HandleResponse:149] HandleResponse started, buffer size: 1048
[m[0;32;32m1970-01-01 03:00:13.644|I|145916041|lpUCM [RemoteSails.cpp:HandleResponse:158] Successfully deserialized response, status: 0, result code: 0
[m[0;32;31m1970-01-01 03:00:13.644|E|145916041|lpUCM [IpccProtoMessage.cpp:SerializeParams:112] m_offset, 157696
[m[1;33m1970-01-01 03:00:13.644|W|145916041|lpUCM [RemoteSails.cpp:SendWithRetry:185] Successfully wrote 1052 bytes
[m[0;32;32m1970-01-01 03:00:13.745|I|145916041|lpUCM [RemoteSails.cpp:HandleResponse:149] HandleResponse started, buffer size: 1048
[m[0;32;32m1970-01-01 03:00:13.745|I|145916041|lpUCM [RemoteSails.cpp:HandleResponse:158] Successfully deserialized response, status: 0, result code: 0
[m[0;32;31m1970-01-01 03:00:13.745|E|145916041|lpUCM [IpccProtoMessage.cpp:SerializeParams:112] m_offset, 158720
[m[1;33m1970-01-01 03:00:13.745|W|145916041|lpUCM [RemoteSails.cpp:SendWithRetry:185] Successfully wrote 1052 bytes
[m[0;32;32m1970-01-01 03:00:13.846|I|145916041|lpUCM [RemoteSails.cpp:HandleResponse:149] HandleResponse started, buffer size: 1048
[m[0;32;32m1970-01-01 03:00:13.846|I|145916041|lpUCM [RemoteSails.cpp:HandleResponse:158] Successfully deserialized response, status: 0, result code: 0
[m[0;32;31m1970-01-01 03:00:13.846|E|145916041|lpUCM [IpccProtoMessage.cpp:SerializeParams:112] m_offset, 159744
[m[1;33m1970-01-01 03:00:13.846|W|145916041|lpUCM [RemoteSails.cpp:SendWithRetry:185] Successfully wrote 1052 bytes
[m[0;32;32m1970-01-01 03:00:13.948|I|145916041|lpUCM [RemoteSails.cpp:HandleResponse:149] HandleResponse started, buffer size: 1048
[m[0;32;32m1970-01-01 03:00:13.948|I|145916041|lpUCM [RemoteSails.cpp:HandleResponse:158] Successfully deserialized response, status: 0, result code: 0
[m[0;32;31m1970-01-01 03:00:13.948|E|145916041|lpUCM [IpccProtoMessage.cpp:SerializeParams:112] m_offset, 160768
[m[1;33m1970-01-01 03:00:13.948|W|145916041|lpUCM [RemoteSails.cpp:SendWithRetry:185] Successfully wrote 1052 bytes
[m[0;32;32m1970-01-01 03:00:14.50|I|145916041|lpUCM [RemoteSails.cpp:HandleResponse:149] HandleResponse started, buffer size: 1048
[m[0;32;32m1970-01-01 03:00:14.50|I|145916041|lpUCM [RemoteSails.cpp:HandleResponse:158] Successfully deserialized response, status: 0, result code: 0
[m[0;32;31m1970-01-01 03:00:14.50|E|145916041|lpUCM [IpccProtoMessage.cpp:SerializeParams:112] m_offset, 161792
[m[1;33m1970-01-01 03:00:14.50|W|145916041|lpUCM [RemoteSails.cpp:SendWithRetry:185] Successfully wrote 1052 bytes
[m[0;32;32m1970-01-01 03:00:14.151|I|145916041|lpUCM [RemoteSails.cpp:HandleResponse:149] HandleResponse started, buffer size: 1048
[m[0;32;32m1970-01-01 03:00:14.151|I|145916041|lpUCM [RemoteSails.cpp:HandleResponse:158] Successfully deserialized response, status: 0, result code: 0
[m[0;32;31m1970-01-01 03:00:14.151|E|145916041|lpUCM [IpccProtoMessage.cpp:SerializeParams:112] m_offset, 162816
[m[1;33m1970-01-01 03:00:14.151|W|145916041|lpUCM [RemoteSails.cpp:SendWithRetry:185] Successfully wrote 1052 bytes
[m[0;32;32m1970-01-01 03:00:14.253|I|145916041|lpUCM [RemoteSails.cpp:HandleResponse:149] HandleResponse started, buffer size: 1048
[m[0;32;32m1970-01-01 03:00:14.253|I|145916041|lpUCM [RemoteSails.cpp:HandleResponse:158] Successfully deserialized response, status: 0, result code: 0
[m[0;32;32m1970-01-01 03:00:14.253|I|145916041|lpUCM [RemoteSails.cpp:SailWriteData:272] All data already trans size 16384
[m[0;32;32m1970-01-01 03:00:14.253|I|145916041|lpUCM [fds.cpp:FDS_OnLocalUpgProgress:246] total: 23, curr:22, percent:22, rop:92%
[m[0;32;32m1970-01-01 03:00:14.253|I|145916041|lpUCM [RemoteSails.cpp:SailWriteData:254] total data is 16384
[m[0;32;31m1970-01-01 03:00:14.253|E|145916041|lpUCM [IpccProtoMessage.cpp:SerializeParams:112] m_offset, 163840
[m[1;33m1970-01-01 03:00:14.253|W|145916041|lpUCM [RemoteSails.cpp:SendWithRetry:185] Successfully wrote 1052 bytes
[m[0;32;32m1970-01-01 03:00:14.355|I|145916041|lpUCM [RemoteSails.cpp:HandleResponse:149] HandleResponse started, buffer size: 1048
[m[0;32;32m1970-01-01 03:00:14.355|I|145916041|lpUCM [RemoteSails.cpp:HandleResponse:158] Successfully deserialized response, status: 0, result code: 0
[m[0;32;31m1970-01-01 03:00:14.355|E|145916041|lpUCM [IpccProtoMessage.cpp:SerializeParams:112] m_offset, 164864
[m[1;33m1970-01-01 03:00:14.355|W|145916041|lpUCM [RemoteSails.cpp:SendWithRetry:185] Successfully wrote 1052 bytes
[m[0;32;32m1970-01-01 03:00:14.456|I|145916041|lpUCM [RemoteSails.cpp:HandleResponse:149] HandleResponse started, buffer size: 1048
[m[0;32;32m1970-01-01 03:00:14.456|I|145916041|lpUCM [RemoteSails.cpp:HandleResponse:158] Successfully deserialized response, status: 0, result code: 0
[m[0;32;31m1970-01-01 03:00:14.456|E|145916041|lpUCM [IpccProtoMessage.cpp:SerializeParams:112] m_offset, 165888
[m[1;33m1970-01-01 03:00:14.456|W|145916041|lpUCM [RemoteSails.cpp:SendWithRetry:185] Successfully wrote 1052 bytes
[m[0;32;32m1970-01-01 03:00:14.558|I|145916041|lpUCM [RemoteSails.cpp:HandleResponse:149] HandleResponse started, buffer size: 1048
[m[0;32;32m1970-01-01 03:00:14.558|I|145916041|lpUCM [RemoteSails.cpp:HandleResponse:158] Successfully deserialized response, status: 0, result code: 0
[m[0;32;31m1970-01-01 03:00:14.558|E|145916041|lpUCM [IpccProtoMessage.cpp:SerializeParams:112] m_offset, 166912
[m[1;33m1970-01-01 03:00:14.558|W|145916041|lpUCM [RemoteSails.cpp:SendWithRetry:185] Successfully wrote 1052 bytes
[m[0;32;32m1970-01-01 03:00:14.660|I|145916041|lpUCM [RemoteSails.cpp:HandleResponse:149] HandleResponse started, buffer size: 1048
[m[0;32;32m1970-01-01 03:00:14.660|I|145916041|lpUCM [RemoteSails.cpp:HandleResponse:158] Successfully deserialized response, status: 0, result code: 0
[m[0;32;31m1970-01-01 03:00:14.660|E|145916041|lpUCM [IpccProtoMessage.cpp:SerializeParams:112] m_offset, 167936
[m[1;33m1970-01-01 03:00:14.660|W|145916041|lpUCM [RemoteSails.cpp:SendWithRetry:185] Successfully wrote 1052 bytes
[m[0;32;32m1970-01-01 03:00:14.761|I|145916041|lpUCM [RemoteSails.cpp:HandleResponse:149] HandleResponse started, buffer size: 1048
[m[0;32;32m1970-01-01 03:00:14.761|I|145916041|lpUCM [RemoteSails.cpp:HandleResponse:158] Successfully deserialized response, status: 0, result code: 0
[m[0;32;31m1970-01-01 03:00:14.761|E|145916041|lpUCM [IpccProtoMessage.cpp:SerializeParams:112] m_offset, 168960
[m[1;33m1970-01-01 03:00:14.761|W|145916041|lpUCM [RemoteSails.cpp:SendWithRetry:185] Successfully wrote 1052 bytes
[m[0;32;32m1970-01-01 03:00:14.862|I|145916041|lpUCM [RemoteSails.cpp:HandleResponse:149] HandleResponse started, buffer size: 1048
[m[0;32;32m1970-01-01 03:00:14.862|I|145916041|lpUCM [RemoteSails.cpp:HandleResponse:158] Successfully deserialized response, status: 0, result code: 0
[m[0;32;31m1970-01-01 03:00:14.862|E|145916041|lpUCM [IpccProtoMessage.cpp:SerializeParams:112] m_offset, 169984
[m[1;33m1970-01-01 03:00:14.862|W|145916041|lpUCM [RemoteSails.cpp:SendWithRetry:185] Successfully wrote 1052 bytes
[m[0;32;32m1970-01-01 03:00:14.964|I|145916041|lpUCM [RemoteSails.cpp:HandleResponse:149] HandleResponse started, buffer size: 1048
[m[0;32;32m1970-01-01 03:00:14.964|I|145916041|lpUCM [RemoteSails.cpp:HandleResponse:158] Successfully deserialized response, status: 0, result code: 0
[m[0;32;31m1970-01-01 03:00:14.964|E|145916041|lpUCM [IpccProtoMessage.cpp:SerializeParams:112] m_offset, 171008
[m[1;33m1970-01-01 03:00:14.964|W|145916041|lpUCM [RemoteSails.cpp:SendWithRetry:185] Successfully wrote 1052 bytes
[m[0;32;32m1970-01-01 03:00:15.65|I|145916041|lpUCM [RemoteSails.cpp:HandleResponse:149] HandleResponse started, buffer size: 1048
[m[0;32;32m1970-01-01 03:00:15.65|I|145916041|lpUCM [RemoteSails.cpp:HandleResponse:158] Successfully deserialized response, status: 0, result code: 0
[m[0;32;31m1970-01-01 03:00:15.65|E|145916041|lpUCM [IpccProtoMessage.cpp:SerializeParams:112] m_offset, 172032
[m[1;33m1970-01-01 03:00:15.65|W|145916041|lpUCM [RemoteSails.cpp:SendWithRetry:185] Successfully wrote 1052 bytes
[m[0;32;32m1970-01-01 03:00:15.166|I|145916041|lpUCM [RemoteSails.cpp:HandleResponse:149] HandleResponse started, buffer size: 1048
[m[0;32;32m1970-01-01 03:00:15.166|I|145916041|lpUCM [RemoteSails.cpp:HandleResponse:158] Successfully deserialized response, status: 0, result code: 0
[m[0;32;31m1970-01-01 03:00:15.166|E|145916041|lpUCM [IpccProtoMessage.cpp:SerializeParams:112] m_offset, 173056
[m[1;33m1970-01-01 03:00:15.166|W|145916041|lpUCM [RemoteSails.cpp:SendWithRetry:185] Successfully wrote 1052 bytes
[m[0;32;32m1970-01-01 03:00:15.268|I|145916041|lpUCM [RemoteSails.cpp:HandleResponse:149] HandleResponse started, buffer size: 1048
[m[0;32;32m1970-01-01 03:00:15.268|I|145916041|lpUCM [RemoteSails.cpp:HandleResponse:158] Successfully deserialized response, status: 0, result code: 0
[m[0;32;31m1970-01-01 03:00:15.268|E|145916041|lpUCM [IpccProtoMessage.cpp:SerializeParams:112] m_offset, 174080
[m[1;33m1970-01-01 03:00:15.268|W|145916041|lpUCM [RemoteSails.cpp:SendWithRetry:185] Successfully wrote 1052 bytes
[m[0;32;32m1970-01-01 03:00:15.370|I|145916041|lpUCM [RemoteSails.cpp:HandleResponse:149] HandleResponse started, buffer size: 1048
[m[0;32;32m1970-01-01 03:00:15.370|I|145916041|lpUCM [RemoteSails.cpp:HandleResponse:158] Successfully deserialized response, status: 0, result code: 0
[m[0;32;31m1970-01-01 03:00:15.370|E|145916041|lpUCM [IpccProtoMessage.cpp:SerializeParams:112] m_offset, 175104
[m[1;33m1970-01-01 03:00:15.370|W|145916041|lpUCM [RemoteSails.cpp:SendWithRetry:185] Successfully wrote 1052 bytes
[m[0;32;32m1970-01-01 03:00:15.471|I|145916041|lpUCM [RemoteSails.cpp:HandleResponse:149] HandleResponse started, buffer size: 1048
[m[0;32;32m1970-01-01 03:00:15.471|I|145916041|lpUCM [RemoteSails.cpp:HandleResponse:158] Successfully deserialized response, status: 0, result code: 0
[m[0;32;31m1970-01-01 03:00:15.471|E|145916041|lpUCM [IpccProtoMessage.cpp:SerializeParams:112] m_offset, 176128
[m[1;33m1970-01-01 03:00:15.471|W|145916041|lpUCM [RemoteSails.cpp:SendWithRetry:185] Successfully wrote 1052 bytes
[m[0;32;32m1970-01-01 03:00:15.572|I|145916041|lpUCM [RemoteSails.cpp:HandleResponse:149] HandleResponse started, buffer size: 1048
[m[0;32;32m1970-01-01 03:00:15.572|I|145916041|lpUCM [RemoteSails.cpp:HandleResponse:158] Successfully deserialized response, status: 0, result code: 0
[m[0;32;31m1970-01-01 03:00:15.572|E|145916041|lpUCM [IpccProtoMessage.cpp:SerializeParams:112] m_offset, 177152
[m[1;33m1970-01-01 03:00:15.572|W|145916041|lpUCM [RemoteSails.cpp:SendWithRetry:185] Successfully wrote 1052 bytes
[m[0;32;32m1970-01-01 03:00:15.673|I|145916041|lpUCM [RemoteSails.cpp:HandleResponse:149] HandleResponse started, buffer size: 1048
[m[0;32;32m1970-01-01 03:00:15.673|I|145916041|lpUCM [RemoteSails.cpp:HandleResponse:158] Successfully deserialized response, status: 0, result code: 0
[m[0;32;31m1970-01-01 03:00:15.673|E|145916041|lpUCM [IpccProtoMessage.cpp:SerializeParams:112] m_offset, 178176
[m[1;33m1970-01-01 03:00:15.673|W|145916041|lpUCM [RemoteSails.cpp:SendWithRetry:185] Successfully wrote 1052 bytes
[m[0;32;32m1970-01-01 03:00:15.774|I|145916041|lpUCM [RemoteSails.cpp:HandleResponse:149] HandleResponse started, buffer size: 1048
[m[0;32;32m1970-01-01 03:00:15.774|I|145916041|lpUCM [RemoteSails.cpp:HandleResponse:158] Successfully deserialized response, status: 0, result code: 0
[m[0;32;31m1970-01-01 03:00:15.774|E|145916041|lpUCM [IpccProtoMessage.cpp:SerializeParams:112] m_offset, 179200
[m[1;33m1970-01-01 03:00:15.774|W|145916041|lpUCM [RemoteSails.cpp:SendWithRetry:185] Successfully wrote 1052 bytes
[m[0;32;32m1970-01-01 03:00:15.876|I|145916041|lpUCM [RemoteSails.cpp:HandleResponse:149] HandleResponse started, buffer size: 1048
[m[0;32;32m1970-01-01 03:00:15.876|I|145916041|lpUCM [RemoteSails.cpp:HandleResponse:158] Successfully deserialized response, status: 0, result code: 0
[m[0;32;32m1970-01-01 03:00:15.876|I|145916041|lpUCM [RemoteSails.cpp:SailWriteData:272] All data already trans size 16384
[m[0;32;32m1970-01-01 03:00:15.876|I|145916041|lpUCM [fds.cpp:FDS_OnLocalUpgProgress:246] total: 23, curr:22, percent:23, rop:92%
[m[0;32;32m1970-01-01 03:00:15.876|I|145916041|lpUCM [RemoteSails.cpp:SailWriteData:254] total data is 16384
[m[0;32;31m1970-01-01 03:00:15.876|E|145916041|lpUCM [IpccProtoMessage.cpp:SerializeParams:112] m_offset, 180224
[m[1;33m1970-01-01 03:00:15.876|W|145916041|lpUCM [RemoteSails.cpp:SendWithRetry:185] Successfully wrote 1052 bytes
[m[0;32;32m1970-01-01 03:00:15.978|I|145916041|lpUCM [RemoteSails.cpp:HandleResponse:149] HandleResponse started, buffer size: 1048
[m[0;32;32m1970-01-01 03:00:15.978|I|145916041|lpUCM [RemoteSails.cpp:HandleResponse:158] Successfully deserialized response, status: 0, result code: 0
[m[0;32;31m1970-01-01 03:00:15.978|E|145916041|lpUCM [IpccProtoMessage.cpp:SerializeParams:112] m_offset, 181248
[m[1;33m1970-01-01 03:00:15.978|W|145916041|lpUCM [RemoteSails.cpp:SendWithRetry:185] Successfully wrote 1052 bytes
[m[0;32;32m1970-01-01 03:00:16.79|I|145916041|lpUCM [RemoteSails.cpp:HandleResponse:149] HandleResponse started, buffer size: 1048
[m[0;32;32m1970-01-01 03:00:16.79|I|145916041|lpUCM [RemoteSails.cpp:HandleResponse:158] Successfully deserialized response, status: 0, result code: 0
[m[0;32;31m1970-01-01 03:00:16.79|E|145916041|lpUCM [IpccProtoMessage.cpp:SerializeParams:112] m_offset, 182272
[m[1;33m1970-01-01 03:00:16.79|W|145916041|lpUCM [RemoteSails.cpp:SendWithRetry:185] Successfully wrote 1052 bytes
[m[0;32;32m1970-01-01 03:00:16.180|I|145916041|lpUCM [RemoteSails.cpp:HandleResponse:149] HandleResponse started, buffer size: 1048
[m[0;32;32m1970-01-01 03:00:16.180|I|145916041|lpUCM [RemoteSails.cpp:HandleResponse:158] Successfully deserialized response, status: 0, result code: 0
[m[0;32;31m1970-01-01 03:00:16.180|E|145916041|lpUCM [IpccProtoMessage.cpp:SerializeParams:112] m_offset, 183296
[m[1;33m1970-01-01 03:00:16.180|W|145916041|lpUCM [RemoteSails.cpp:SendWithRetry:185] Successfully wrote 1052 bytes
[m[0;32;32m1970-01-01 03:00:16.282|I|145916041|lpUCM [RemoteSails.cpp:HandleResponse:149] HandleResponse started, buffer size: 1048
[m[0;32;32m1970-01-01 03:00:16.282|I|145916041|lpUCM [RemoteSails.cpp:HandleResponse:158] Successfully deserialized response, status: 0, result code: 0
[m[0;32;31m1970-01-01 03:00:16.282|E|145916041|lpUCM [IpccProtoMessage.cpp:SerializeParams:112] m_offset, 184320
[m[1;33m1970-01-01 03:00:16.282|W|145916041|lpUCM [RemoteSails.cpp:SendWithRetry:185] Successfully wrote 1052 bytes
[m[0;32;32m1970-01-01 03:00:16.384|I|145916041|lpUCM [RemoteSails.cpp:HandleResponse:149] HandleResponse started, buffer size: 1048
[m[0;32;32m1970-01-01 03:00:16.384|I|145916041|lpUCM [RemoteSails.cpp:HandleResponse:158] Successfully deserialized response, status: 0, result code: 0
[m[0;32;31m1970-01-01 03:00:16.384|E|145916041|lpUCM [IpccProtoMessage.cpp:SerializeParams:112] m_offset, 185344
[m[1;33m1970-01-01 03:00:16.384|W|145916041|lpUCM [RemoteSails.cpp:SendWithRetry:185] Successfully wrote 1052 bytes
[m[0;32;32m1970-01-01 03:00:16.485|I|145916041|lpUCM [RemoteSails.cpp:HandleResponse:149] HandleResponse started, buffer size: 1048
[m[0;32;32m1970-01-01 03:00:16.485|I|145916041|lpUCM [RemoteSails.cpp:HandleResponse:158] Successfully deserialized response, status: 0, result code: 0
[m[0;32;31m1970-01-01 03:00:16.485|E|145916041|lpUCM [IpccProtoMessage.cpp:SerializeParams:112] m_offset, 186368
[m[1;33m1970-01-01 03:00:16.485|W|145916041|lpUCM [RemoteSails.cpp:SendWithRetry:185] Successfully wrote 1052 bytes
[m[0;32;32m1970-01-01 03:00:16.587|I|145916041|lpUCM [RemoteSails.cpp:HandleResponse:149] HandleResponse started, buffer size: 1048
[m[0;32;32m1970-01-01 03:00:16.587|I|145916041|lpUCM [RemoteSails.cpp:HandleResponse:158] Successfully deserialized response, status: 0, result code: 0
[m[0;32;31m1970-01-01 03:00:16.587|E|145916041|lpUCM [IpccProtoMessage.cpp:SerializeParams:112] m_offset, 187392
[m[1;33m1970-01-01 03:00:16.587|W|145916041|lpUCM [RemoteSails.cpp:SendWithRetry:185] Successfully wrote 1052 bytes
[m[0;32;32m1970-01-01 03:00:16.688|I|145916041|lpUCM [RemoteSails.cpp:HandleResponse:149] HandleResponse started, buffer size: 1048
[m[0;32;32m1970-01-01 03:00:16.688|I|145916041|lpUCM [RemoteSails.cpp:HandleResponse:158] Successfully deserialized response, status: 0, result code: 0
[m[0;32;31m1970-01-01 03:00:16.688|E|145916041|lpUCM [IpccProtoMessage.cpp:SerializeParams:112] m_offset, 188416
[m[1;33m1970-01-01 03:00:16.688|W|145916041|lpUCM [RemoteSails.cpp:SendWithRetry:185] Successfully wrote 1052 bytes
[m[0;32;32m1970-01-01 03:00:16.789|I|145916041|lpUCM [RemoteSails.cpp:HandleResponse:149] HandleResponse started, buffer size: 1048
[m[0;32;32m1970-01-01 03:00:16.789|I|145916041|lpUCM [RemoteSails.cpp:HandleResponse:158] Successfully deserialized response, status: 0, result code: 0
[m[0;32;31m1970-01-01 03:00:16.789|E|145916041|lpUCM [IpccProtoMessage.cpp:SerializeParams:112] m_offset, 189440
[m[1;33m1970-01-01 03:00:16.789|W|145916041|lpUCM [RemoteSails.cpp:SendWithRetry:185] Successfully wrote 1052 bytes
[m[0;32;32m1970-01-01 03:00:16.891|I|145916041|lpUCM [RemoteSails.cpp:HandleResponse:149] HandleResponse started, buffer size: 1048
[m[0;32;32m1970-01-01 03:00:16.891|I|145916041|lpUCM [RemoteSails.cpp:HandleResponse:158] Successfully deserialized response, status: 0, result code: 0
[m[0;32;31m1970-01-01 03:00:16.891|E|145916041|lpUCM [IpccProtoMessage.cpp:SerializeParams:112] m_offset, 190464
[m[1;33m1970-01-01 03:00:16.891|W|145916041|lpUCM [RemoteSails.cpp:SendWithRetry:185] Successfully wrote 1052 bytes
[m[0;32;32m1970-01-01 03:00:16.993|I|145916041|lpUCM [RemoteSails.cpp:HandleResponse:149] HandleResponse started, buffer size: 1048
[m[0;32;32m1970-01-01 03:00:16.993|I|145916041|lpUCM [RemoteSails.cpp:HandleResponse:158] Successfully deserialized response, status: 0, result code: 0
[m[0;32;31m1970-01-01 03:00:16.993|E|145916041|lpUCM [IpccProtoMessage.cpp:SerializeParams:112] m_offset, 191488
[m[1;33m1970-01-01 03:00:16.993|W|145916041|lpUCM [RemoteSails.cpp:SendWithRetry:185] Successfully wrote 1052 bytes
[m[0;32;32m1970-01-01 03:00:17.94|I|145916041|lpUCM [RemoteSails.cpp:HandleResponse:149] HandleResponse started, buffer size: 1048
[m[0;32;32m1970-01-01 03:00:17.94|I|145916041|lpUCM [RemoteSails.cpp:HandleResponse:158] Successfully deserialized response, status: 0, result code: 0
[m[0;32;31m1970-01-01 03:00:17.94|E|145916041|lpUCM [IpccProtoMessage.cpp:SerializeParams:112] m_offset, 192512
[m[1;33m1970-01-01 03:00:17.94|W|145916041|lpUCM [RemoteSails.cpp:SendWithRetry:185] Successfully wrote 1052 bytes
[m[0;32;32m1970-01-01 03:00:17.195|I|145916041|lpUCM [RemoteSails.cpp:HandleResponse:149] HandleResponse started, buffer size: 1048
[m[0;32;32m1970-01-01 03:00:17.195|I|145916041|lpUCM [RemoteSails.cpp:HandleResponse:158] Successfully deserialized response, status: 0, result code: 0
[m[0;32;31m1970-01-01 03:00:17.195|E|145916041|lpUCM [IpccProtoMessage.cpp:SerializeParams:112] m_offset, 193536
[m[1;33m1970-01-01 03:00:17.195|W|145916041|lpUCM [RemoteSails.cpp:SendWithRetry:185] Successfully wrote 1052 bytes
[m[0;32;32m1970-01-01 03:00:17.297|I|145916041|lpUCM [RemoteSails.cpp:HandleResponse:149] HandleResponse started, buffer size: 1048
[m[0;32;32m1970-01-01 03:00:17.297|I|145916041|lpUCM [RemoteSails.cpp:HandleResponse:158] Successfully deserialized response, status: 0, result code: 0
[m[0;32;31m1970-01-01 03:00:17.297|E|145916041|lpUCM [IpccProtoMessage.cpp:SerializeParams:112] m_offset, 194560
[m[1;33m1970-01-01 03:00:17.297|W|145916041|lpUCM [RemoteSails.cpp:SendWithRetry:185] Successfully wrote 1052 bytes
[m[0;32;32m1970-01-01 03:00:17.399|I|145916041|lpUCM [RemoteSails.cpp:HandleResponse:149] HandleResponse started, buffer size: 1048
[m[0;32;32m1970-01-01 03:00:17.399|I|145916041|lpUCM [RemoteSails.cpp:HandleResponse:158] Successfully deserialized response, status: 0, result code: 0
[m[0;32;31m1970-01-01 03:00:17.399|E|145916041|lpUCM [IpccProtoMessage.cpp:SerializeParams:112] m_offset, 195584
[m[1;33m1970-01-01 03:00:17.399|W|145916041|lpUCM [RemoteSails.cpp:SendWithRetry:185] Successfully wrote 1052 bytes
[m[0;32;32m1970-01-01 03:00:17.500|I|145916041|lpUCM [RemoteSails.cpp:HandleResponse:149] HandleResponse started, buffer size: 1048
[m[0;32;32m1970-01-01 03:00:17.500|I|145916041|lpUCM [RemoteSails.cpp:HandleResponse:158] Successfully deserialized response, status: 0, result code: 0
[m[0;32;32m1970-01-01 03:00:17.500|I|145916041|lpUCM [RemoteSails.cpp:SailWriteData:272] All data already trans size 16384
[m[0;32;32m1970-01-01 03:00:17.500|I|145916041|lpUCM [fds.cpp:FDS_OnLocalUpgProgress:246] total: 23, curr:22, percent:24, rop:92%
[m[0;32;32m1970-01-01 03:00:17.500|I|145916041|lpUCM [RemoteSails.cpp:SailWriteData:254] total data is 16384
[m[0;32;31m1970-01-01 03:00:17.500|E|145916041|lpUCM [IpccProtoMessage.cpp:SerializeParams:112] m_offset, 196608
[m[1;33m1970-01-01 03:00:17.500|W|145916041|lpUCM [RemoteSails.cpp:SendWithRetry:185] Successfully wrote 1052 bytes
[m[0;32;32m1970-01-01 03:00:17.602|I|145916041|lpUCM [RemoteSails.cpp:HandleResponse:149] HandleResponse started, buffer size: 1048
[m[0;32;32m1970-01-01 03:00:17.602|I|145916041|lpUCM [RemoteSails.cpp:HandleResponse:158] Successfully deserialized response, status: 0, result code: 0
[m[0;32;31m1970-01-01 03:00:17.602|E|145916041|lpUCM [IpccProtoMessage.cpp:SerializeParams:112] m_offset, 197632
[m[1;33m1970-01-01 03:00:17.602|W|145916041|lpUCM [RemoteSails.cpp:SendWithRetry:185] Successfully wrote 1052 bytes
[m[0;32;32m1970-01-01 03:00:17.703|I|145916041|lpUCM [RemoteSails.cpp:HandleResponse:149] HandleResponse started, buffer size: 1048
[m[0;32;32m1970-01-01 03:00:17.703|I|145916041|lpUCM [RemoteSails.cpp:HandleResponse:158] Successfully deserialized response, status: 0, result code: 0
[m[0;32;31m1970-01-01 03:00:17.703|E|145916041|lpUCM [IpccProtoMessage.cpp:SerializeParams:112] m_offset, 198656
[m[1;33m1970-01-01 03:00:17.703|W|145916041|lpUCM [RemoteSails.cpp:SendWithRetry:185] Successfully wrote 1052 bytes
[m[0;32;32m1970-01-01 03:00:17.804|I|145916041|lpUCM [RemoteSails.cpp:HandleResponse:149] HandleResponse started, buffer size: 1048
[m[0;32;32m1970-01-01 03:00:17.804|I|145916041|lpUCM [RemoteSails.cpp:HandleResponse:158] Successfully deserialized response, status: 0, result code: 0
[m[0;32;31m1970-01-01 03:00:17.804|E|145916041|lpUCM [IpccProtoMessage.cpp:SerializeParams:112] m_offset, 199680
[m[1;33m1970-01-01 03:00:17.804|W|145916041|lpUCM [RemoteSails.cpp:SendWithRetry:185] Successfully wrote 1052 bytes
[m[0;32;32m1970-01-01 03:00:17.905|I|145916041|lpUCM [RemoteSails.cpp:HandleResponse:149] HandleResponse started, buffer size: 1048
[m[0;32;32m1970-01-01 03:00:17.905|I|145916041|lpUCM [RemoteSails.cpp:HandleResponse:158] Successfully deserialized response, status: 0, result code: 0
[m[0;32;31m1970-01-01 03:00:17.905|E|145916041|lpUCM [IpccProtoMessage.cpp:SerializeParams:112] m_offset, 200704
[m[1;33m1970-01-01 03:00:17.905|W|145916041|lpUCM [RemoteSails.cpp:SendWithRetry:185] Successfully wrote 1052 bytes
[m[0;32;32m1970-01-01 03:00:18.7|I|145916041|lpUCM [RemoteSails.cpp:HandleResponse:149] HandleResponse started, buffer size: 1048
[m[0;32;32m1970-01-01 03:00:18.7|I|145916041|lpUCM [RemoteSails.cpp:HandleResponse:158] Successfully deserialized response, status: 0, result code: 0
[m[0;32;31m1970-01-01 03:00:18.7|E|145916041|lpUCM [IpccProtoMessage.cpp:SerializeParams:112] m_offset, 201728
[m[1;33m1970-01-01 03:00:18.7|W|145916041|lpUCM [RemoteSails.cpp:SendWithRetry:185] Successfully wrote 1052 bytes
[m[0;32;32m1970-01-01 03:00:18.108|I|145916041|lpUCM [RemoteSails.cpp:HandleResponse:149] HandleResponse started, buffer size: 1048
[m[0;32;32m1970-01-01 03:00:18.108|I|145916041|lpUCM [RemoteSails.cpp:HandleResponse:158] Successfully deserialized response, status: 0, result code: 0
[m[0;32;31m1970-01-01 03:00:18.108|E|145916041|lpUCM [IpccProtoMessage.cpp:SerializeParams:112] m_offset, 202752
[m[1;33m1970-01-01 03:00:18.108|W|145916041|lpUCM [RemoteSails.cpp:SendWithRetry:185] Successfully wrote 1052 bytes
[m[0;32;32m1970-01-01 03:00:18.210|I|145916041|lpUCM [RemoteSails.cpp:HandleResponse:149] HandleResponse started, buffer size: 1048
[m[0;32;32m1970-01-01 03:00:18.210|I|145916041|lpUCM [RemoteSails.cpp:HandleResponse:158] Successfully deserialized response, status: 0, result code: 0
[m[0;32;31m1970-01-01 03:00:18.210|E|145916041|lpUCM [IpccProtoMessage.cpp:SerializeParams:112] m_offset, 203776
[m[1;33m1970-01-01 03:00:18.210|W|145916041|lpUCM [RemoteSails.cpp:SendWithRetry:185] Successfully wrote 1052 bytes
[m[0;32;32m1970-01-01 03:00:18.312|I|145916041|lpUCM [RemoteSails.cpp:HandleResponse:149] HandleResponse started, buffer size: 1048
[m[0;32;32m1970-01-01 03:00:18.312|I|145916041|lpUCM [RemoteSails.cpp:HandleResponse:158] Successfully deserialized response, status: 0, result code: 0
[m[0;32;31m1970-01-01 03:00:18.312|E|145916041|lpUCM [IpccProtoMessage.cpp:SerializeParams:112] m_offset, 204800
[m[1;33m1970-01-01 03:00:18.312|W|145916041|lpUCM [RemoteSails.cpp:SendWithRetry:185] Successfully wrote 1052 bytes
[m[0;32;32m1970-01-01 03:00:18.414|I|145916041|lpUCM [RemoteSails.cpp:HandleResponse:149] HandleResponse started, buffer size: 1048
[m[0;32;32m1970-01-01 03:00:18.414|I|145916041|lpUCM [RemoteSails.cpp:HandleResponse:158] Successfully deserialized response, status: 0, result code: 0
[m[0;32;31m1970-01-01 03:00:18.414|E|145916041|lpUCM [IpccProtoMessage.cpp:SerializeParams:112] m_offset, 205824
[m[1;33m1970-01-01 03:00:18.414|W|145916041|lpUCM [RemoteSails.cpp:SendWithRetry:185] Successfully wrote 1052 bytes
[m[0;32;32m1970-01-01 03:00:18.515|I|145916041|lpUCM [RemoteSails.cpp:HandleResponse:149] HandleResponse started, buffer size: 1048
[m[0;32;32m1970-01-01 03:00:18.515|I|145916041|lpUCM [RemoteSails.cpp:HandleResponse:158] Successfully deserialized response, status: 0, result code: 0
[m[0;32;31m1970-01-01 03:00:18.515|E|145916041|lpUCM [IpccProtoMessage.cpp:SerializeParams:112] m_offset, 206848
[m[1;33m1970-01-01 03:00:18.515|W|145916041|lpUCM [RemoteSails.cpp:SendWithRetry:185] Successfully wrote 1052 bytes
[m[0;32;32m1970-01-01 03:00:18.617|I|145916041|lpUCM [RemoteSails.cpp:HandleResponse:149] HandleResponse started, buffer size: 1048
[m[0;32;32m1970-01-01 03:00:18.617|I|145916041|lpUCM [RemoteSails.cpp:HandleResponse:158] Successfully deserialized response, status: 0, result code: 0
[m[0;32;31m1970-01-01 03:00:18.617|E|145916041|lpUCM [IpccProtoMessage.cpp:SerializeParams:112] m_offset, 207872
[m[1;33m1970-01-01 03:00:18.617|W|145916041|lpUCM [RemoteSails.cpp:SendWithRetry:185] Successfully wrote 1052 bytes
[m[0;32;32m1970-01-01 03:00:18.718|I|145916041|lpUCM [RemoteSails.cpp:HandleResponse:149] HandleResponse started, buffer size: 1048
[m[0;32;32m1970-01-01 03:00:18.718|I|145916041|lpUCM [RemoteSails.cpp:HandleResponse:158] Successfully deserialized response, status: 0, result code: 0
[m[0;32;31m1970-01-01 03:00:18.718|E|145916041|lpUCM [IpccProtoMessage.cpp:SerializeParams:112] m_offset, 208896
[m[1;33m1970-01-01 03:00:18.718|W|145916041|lpUCM [RemoteSails.cpp:SendWithRetry:185] Successfully wrote 1052 bytes
[m[0;32;32m1970-01-01 03:00:18.819|I|145916041|lpUCM [RemoteSails.cpp:HandleResponse:149] HandleResponse started, buffer size: 1048
[m[0;32;32m1970-01-01 03:00:18.819|I|145916041|lpUCM [RemoteSails.cpp:HandleResponse:158] Successfully deserialized response, status: 0, result code: 0
[m[0;32;31m1970-01-01 03:00:18.819|E|145916041|lpUCM [IpccProtoMessage.cpp:SerializeParams:112] m_offset, 209920
[m[1;33m1970-01-01 03:00:18.819|W|145916041|lpUCM [RemoteSails.cpp:SendWithRetry:185] Successfully wrote 1052 bytes
[m[0;32;32m1970-01-01 03:00:18.921|I|145916041|lpUCM [RemoteSails.cpp:HandleResponse:149] HandleResponse started, buffer size: 1048
[m[0;32;32m1970-01-01 03:00:18.921|I|145916041|lpUCM [RemoteSails.cpp:HandleResponse:158] Successfully deserialized response, status: 0, result code: 0
[m[0;32;31m1970-01-01 03:00:18.921|E|145916041|lpUCM [IpccProtoMessage.cpp:SerializeParams:112] m_offset, 210944
[m[1;33m1970-01-01 03:00:18.921|W|145916041|lpUCM [RemoteSails.cpp:SendWithRetry:185] Successfully wrote 1052 bytes
[m[0;32;32m1970-01-01 03:00:19.23|I|145916041|lpUCM [RemoteSails.cpp:HandleResponse:149] HandleResponse started, buffer size: 1048
[m[0;32;32m1970-01-01 03:00:19.23|I|145916041|lpUCM [RemoteSails.cpp:HandleResponse:158] Successfully deserialized response, status: 0, result code: 0
[m[0;32;31m1970-01-01 03:00:19.23|E|145916041|lpUCM [IpccProtoMessage.cpp:SerializeParams:112] m_offset, 211968
[m[1;33m1970-01-01 03:00:19.23|W|145916041|lpUCM [RemoteSails.cpp:SendWithRetry:185] Successfully wrote 1052 bytes
[m[0;32;32m1970-01-01 03:00:19.124|I|145916041|lpUCM [RemoteSails.cpp:HandleResponse:149] HandleResponse started, buffer size: 1048
[m[0;32;32m1970-01-01 03:00:19.124|I|145916041|lpUCM [RemoteSails.cpp:HandleResponse:158] Successfully deserialized response, status: 0, result code: 0
[m[0;32;32m1970-01-01 03:00:19.124|I|145916041|lpUCM [RemoteSails.cpp:SailWriteData:272] All data already trans size 16384
[m[0;32;32m1970-01-01 03:00:19.124|I|145916041|lpUCM [fds.cpp:FDS_OnLocalUpgProgress:246] total: 23, curr:22, percent:25, rop:92%
[m[0;32;32m1970-01-01 03:00:19.124|I|145916041|lpUCM [RemoteSails.cpp:SailWriteData:254] total data is 16384
[m[0;32;31m1970-01-01 03:00:19.124|E|145916041|lpUCM [IpccProtoMessage.cpp:SerializeParams:112] m_offset, 212992
[m[1;33m1970-01-01 03:00:19.124|W|145916041|lpUCM [RemoteSails.cpp:SendWithRetry:185] Successfully wrote 1052 bytes
[m[0;32;32m1970-01-01 03:00:19.226|I|145916041|lpUCM [RemoteSails.cpp:HandleResponse:149] HandleResponse started, buffer size: 1048
[m[0;32;32m1970-01-01 03:00:19.226|I|145916041|lpUCM [RemoteSails.cpp:HandleResponse:158] Successfully deserialized response, status: 0, result code: 0
[m[0;32;31m1970-01-01 03:00:19.226|E|145916041|lpUCM [IpccProtoMessage.cpp:SerializeParams:112] m_offset, 214016
[m[1;33m1970-01-01 03:00:19.226|W|145916041|lpUCM [RemoteSails.cpp:SendWithRetry:185] Successfully wrote 1052 bytes
[m[0;32;32m1970-01-01 03:00:19.327|I|145916041|lpUCM [RemoteSails.cpp:HandleResponse:149] HandleResponse started, buffer size: 1048
[m[0;32;32m1970-01-01 03:00:19.327|I|145916041|lpUCM [RemoteSails.cpp:HandleResponse:158] Successfully deserialized response, status: 0, result code: 0
[m[0;32;31m1970-01-01 03:00:19.327|E|145916041|lpUCM [IpccProtoMessage.cpp:SerializeParams:112] m_offset, 215040
[m[1;33m1970-01-01 03:00:19.327|W|145916041|lpUCM [RemoteSails.cpp:SendWithRetry:185] Successfully wrote 1052 bytes
[m[0;32;32m1970-01-01 03:00:19.429|I|145916041|lpUCM [RemoteSails.cpp:HandleResponse:149] HandleResponse started, buffer size: 1048
[m[0;32;32m1970-01-01 03:00:19.429|I|145916041|lpUCM [RemoteSails.cpp:HandleResponse:158] Successfully deserialized response, status: 0, result code: 0
[m[0;32;31m1970-01-01 03:00:19.429|E|145916041|lpUCM [IpccProtoMessage.cpp:SerializeParams:112] m_offset, 216064
[m[1;33m1970-01-01 03:00:19.429|W|145916041|lpUCM [RemoteSails.cpp:SendWithRetry:185] Successfully wrote 1052 bytes
[m[0;32;32m1970-01-01 03:00:19.531|I|145916041|lpUCM [RemoteSails.cpp:HandleResponse:149] HandleResponse started, buffer size: 1048
[m[0;32;32m1970-01-01 03:00:19.531|I|145916041|lpUCM [RemoteSails.cpp:HandleResponse:158] Successfully deserialized response, status: 0, result code: 0
[m[0;32;31m1970-01-01 03:00:19.531|E|145916041|lpUCM [IpccProtoMessage.cpp:SerializeParams:112] m_offset, 217088
[m[1;33m1970-01-01 03:00:19.531|W|145916041|lpUCM [RemoteSails.cpp:SendWithRetry:185] Successfully wrote 1052 bytes
[m[0;32;32m1970-01-01 03:00:19.632|I|145916041|lpUCM [RemoteSails.cpp:HandleResponse:149] HandleResponse started, buffer size: 1048
[m[0;32;32m1970-01-01 03:00:19.632|I|145916041|lpUCM [RemoteSails.cpp:HandleResponse:158] Successfully deserialized response, status: 0, result code: 0
[m[0;32;31m1970-01-01 03:00:19.632|E|145916041|lpUCM [IpccProtoMessage.cpp:SerializeParams:112] m_offset, 218112
[m[1;33m1970-01-01 03:00:19.632|W|145916041|lpUCM [RemoteSails.cpp:SendWithRetry:185] Successfully wrote 1052 bytes
[m[0;32;32m1970-01-01 03:00:19.733|I|145916041|lpUCM [RemoteSails.cpp:HandleResponse:149] HandleResponse started, buffer size: 1048
[m[0;32;32m1970-01-01 03:00:19.733|I|145916041|lpUCM [RemoteSails.cpp:HandleResponse:158] Successfully deserialized response, status: 0, result code: 0
[m[0;32;31m1970-01-01 03:00:19.733|E|145916041|lpUCM [IpccProtoMessage.cpp:SerializeParams:112] m_offset, 219136
[m[1;33m1970-01-01 03:00:19.733|W|145916041|lpUCM [RemoteSails.cpp:SendWithRetry:185] Successfully wrote 1052 bytes
[m[0;32;32m1970-01-01 03:00:19.834|I|145916041|lpUCM [RemoteSails.cpp:HandleResponse:149] HandleResponse started, buffer size: 1048
[m[0;32;32m1970-01-01 03:00:19.834|I|145916041|lpUCM [RemoteSails.cpp:HandleResponse:158] Successfully deserialized response, status: 0, result code: 0
[m[0;32;31m1970-01-01 03:00:19.834|E|145916041|lpUCM [IpccProtoMessage.cpp:SerializeParams:112] m_offset, 220160
[m[1;33m1970-01-01 03:00:19.834|W|145916041|lpUCM [RemoteSails.cpp:SendWithRetry:185] Successfully wrote 1052 bytes
[m[0;32;32m1970-01-01 03:00:19.936|I|145916041|lpUCM [RemoteSails.cpp:HandleResponse:149] HandleResponse started, buffer size: 1048
[m[0;32;32m1970-01-01 03:00:19.936|I|145916041|lpUCM [RemoteSails.cpp:HandleResponse:158] Successfully deserialized response, status: 0, result code: 0
[m[0;32;31m1970-01-01 03:00:19.936|E|145916041|lpUCM [IpccProtoMessage.cpp:SerializeParams:112] m_offset, 221184
[m[1;33m1970-01-01 03:00:19.936|W|145916041|lpUCM [RemoteSails.cpp:SendWithRetry:185] Successfully wrote 1052 bytes
[m[0;32;32m1970-01-01 03:00:20.38|I|145916041|lpUCM [RemoteSails.cpp:HandleResponse:149] HandleResponse started, buffer size: 1048
[m[0;32;32m1970-01-01 03:00:20.38|I|145916041|lpUCM [RemoteSails.cpp:HandleResponse:158] Successfully deserialized response, status: 0, result code: 0
[m[0;32;31m1970-01-01 03:00:20.38|E|145916041|lpUCM [IpccProtoMessage.cpp:SerializeParams:112] m_offset, 222208
[m[1;33m1970-01-01 03:00:20.38|W|145916041|lpUCM [RemoteSails.cpp:SendWithRetry:185] Successfully wrote 1052 bytes
[m[0;32;32m1970-01-01 03:00:20.139|I|145916041|lpUCM [RemoteSails.cpp:HandleResponse:149] HandleResponse started, buffer size: 1048
[m[0;32;32m1970-01-01 03:00:20.139|I|145916041|lpUCM [RemoteSails.cpp:HandleResponse:158] Successfully deserialized response, status: 0, result code: 0
[m[0;32;31m1970-01-01 03:00:20.139|E|145916041|lpUCM [IpccProtoMessage.cpp:SerializeParams:112] m_offset, 223232
[m[1;33m1970-01-01 03:00:20.139|W|145916041|lpUCM [RemoteSails.cpp:SendWithRetry:185] Successfully wrote 1052 bytes
[m[0;32;32m1970-01-01 03:00:20.241|I|145916041|lpUCM [RemoteSails.cpp:HandleResponse:149] HandleResponse started, buffer size: 1048
[m[0;32;32m1970-01-01 03:00:20.241|I|145916041|lpUCM [RemoteSails.cpp:HandleResponse:158] Successfully deserialized response, status: 0, result code: 0
[m[0;32;31m1970-01-01 03:00:20.241|E|145916041|lpUCM [IpccProtoMessage.cpp:SerializeParams:112] m_offset, 224256
[m[1;33m1970-01-01 03:00:20.241|W|145916041|lpUCM [RemoteSails.cpp:SendWithRetry:185] Successfully wrote 1052 bytes
[m[0;32;32m1970-01-01 03:00:20.343|I|145916041|lpUCM [RemoteSails.cpp:HandleResponse:149] HandleResponse started, buffer size: 1048
[m[0;32;32m1970-01-01 03:00:20.343|I|145916041|lpUCM [RemoteSails.cpp:HandleResponse:158] Successfully deserialized response, status: 0, result code: 0
[m[0;32;31m1970-01-01 03:00:20.343|E|145916041|lpUCM [IpccProtoMessage.cpp:SerializeParams:112] m_offset, 225280
[m[1;33m1970-01-01 03:00:20.343|W|145916041|lpUCM [RemoteSails.cpp:SendWithRetry:185] Successfully wrote 1052 bytes
[m[0;32;32m1970-01-01 03:00:20.444|I|145916041|lpUCM [RemoteSails.cpp:HandleResponse:149] HandleResponse started, buffer size: 1048
[m[0;32;32m1970-01-01 03:00:20.444|I|145916041|lpUCM [RemoteSails.cpp:HandleResponse:158] Successfully deserialized response, status: 0, result code: 0
[m[0;32;31m1970-01-01 03:00:20.444|E|145916041|lpUCM [IpccProtoMessage.cpp:SerializeParams:112] m_offset, 226304
[m[1;33m1970-01-01 03:00:20.444|W|145916041|lpUCM [RemoteSails.cpp:SendWithRetry:185] Successfully wrote 1052 bytes
[m[0;32;32m1970-01-01 03:00:20.546|I|145916041|lpUCM [RemoteSails.cpp:HandleResponse:149] HandleResponse started, buffer size: 1048
[m[0;32;32m1970-01-01 03:00:20.546|I|145916041|lpUCM [RemoteSails.cpp:HandleResponse:158] Successfully deserialized response, status: 0, result code: 0
[m[0;32;31m1970-01-01 03:00:20.546|E|145916041|lpUCM [IpccProtoMessage.cpp:SerializeParams:112] m_offset, 227328
[m[1;33m1970-01-01 03:00:20.546|W|145916041|lpUCM [RemoteSails.cpp:SendWithRetry:185] Successfully wrote 1052 bytes
[m[0;32;32m1970-01-01 03:00:20.648|I|145916041|lpUCM [RemoteSails.cpp:HandleResponse:149] HandleResponse started, buffer size: 1048
[m[0;32;32m1970-01-01 03:00:20.648|I|145916041|lpUCM [RemoteSails.cpp:HandleResponse:158] Successfully deserialized response, status: 0, result code: 0
[m[0;32;31m1970-01-01 03:00:20.648|E|145916041|lpUCM [IpccProtoMessage.cpp:SerializeParams:112] m_offset, 228352
[m[1;33m1970-01-01 03:00:20.648|W|145916041|lpUCM [RemoteSails.cpp:SendWithRetry:185] Successfully wrote 1052 bytes
[m[0;32;32m1970-01-01 03:00:20.749|I|145916041|lpUCM [RemoteSails.cpp:HandleResponse:149] HandleResponse started, buffer size: 1048
[m[0;32;32m1970-01-01 03:00:20.749|I|145916041|lpUCM [RemoteSails.cpp:HandleResponse:158] Successfully deserialized response, status: 0, result code: 0
[m[0;32;32m1970-01-01 03:00:20.749|I|145916041|lpUCM [RemoteSails.cpp:SailWriteData:272] All data already trans size 16384
[m[0;32;32m1970-01-01 03:00:20.749|I|145916041|lpUCM [fds.cpp:FDS_OnLocalUpgProgress:246] total: 23, curr:22, percent:26, rop:92%
[m[0;32;32m1970-01-01 03:00:20.749|I|145916041|lpUCM [RemoteSails.cpp:SailWriteData:254] total data is 16384
[m[0;32;31m1970-01-01 03:00:20.749|E|145916041|lpUCM [IpccProtoMessage.cpp:SerializeParams:112] m_offset, 229376
[m[1;33m1970-01-01 03:00:20.749|W|145916041|lpUCM [RemoteSails.cpp:SendWithRetry:185] Successfully wrote 1052 bytes
[m[0;32;32m1970-01-01 03:00:20.851|I|145916041|lpUCM [RemoteSails.cpp:HandleResponse:149] HandleResponse started, buffer size: 1048
[m[0;32;32m1970-01-01 03:00:20.851|I|145916041|lpUCM [RemoteSails.cpp:HandleResponse:158] Successfully deserialized response, status: 0, result code: 0
[m[0;32;31m1970-01-01 03:00:20.851|E|145916041|lpUCM [IpccProtoMessage.cpp:SerializeParams:112] m_offset, 230400
[m[1;33m1970-01-01 03:00:20.851|W|145916041|lpUCM [RemoteSails.cpp:SendWithRetry:185] Successfully wrote 1052 bytes
[m[0;32;32m1970-01-01 03:00:20.953|I|145916041|lpUCM [RemoteSails.cpp:HandleResponse:149] HandleResponse started, buffer size: 1048
[m[0;32;32m1970-01-01 03:00:20.953|I|145916041|lpUCM [RemoteSails.cpp:HandleResponse:158] Successfully deserialized response, status: 0, result code: 0
[m[0;32;31m1970-01-01 03:00:20.953|E|145916041|lpUCM [IpccProtoMessage.cpp:SerializeParams:112] m_offset, 231424
[m[1;33m1970-01-01 03:00:20.953|W|145916041|lpUCM [RemoteSails.cpp:SendWithRetry:185] Successfully wrote 1052 bytes
[m[0;32;32m1970-01-01 03:00:21.55|I|145916041|lpUCM [RemoteSails.cpp:HandleResponse:149] HandleResponse started, buffer size: 1048
[m[0;32;32m1970-01-01 03:00:21.55|I|145916041|lpUCM [RemoteSails.cpp:HandleResponse:158] Successfully deserialized response, status: 0, result code: 0
[m[0;32;31m1970-01-01 03:00:21.55|E|145916041|lpUCM [IpccProtoMessage.cpp:SerializeParams:112] m_offset, 232448
[m[1;33m1970-01-01 03:00:21.55|W|145916041|lpUCM [RemoteSails.cpp:SendWithRetry:185] Successfully wrote 1052 bytes
[m[0;32;32m1970-01-01 03:00:21.156|I|145916041|lpUCM [RemoteSails.cpp:HandleResponse:149] HandleResponse started, buffer size: 1048
[m[0;32;32m1970-01-01 03:00:21.156|I|145916041|lpUCM [RemoteSails.cpp:HandleResponse:158] Successfully deserialized response, status: 0, result code: 0
[m[0;32;31m1970-01-01 03:00:21.156|E|145916041|lpUCM [IpccProtoMessage.cpp:SerializeParams:112] m_offset, 233472
[m[1;33m1970-01-01 03:00:21.156|W|145916041|lpUCM [RemoteSails.cpp:SendWithRetry:185] Successfully wrote 1052 bytes
[m[0;32;32m1970-01-01 03:00:21.258|I|145916041|lpUCM [RemoteSails.cpp:HandleResponse:149] HandleResponse started, buffer size: 1048
[m[0;32;32m1970-01-01 03:00:21.258|I|145916041|lpUCM [RemoteSails.cpp:HandleResponse:158] Successfully deserialized response, status: 0, result code: 0
[m[0;32;31m1970-01-01 03:00:21.258|E|145916041|lpUCM [IpccProtoMessage.cpp:SerializeParams:112] m_offset, 234496
[m[1;33m1970-01-01 03:00:21.258|W|145916041|lpUCM [RemoteSails.cpp:SendWithRetry:185] Successfully wrote 1052 bytes
[m[0;32;32m1970-01-01 03:00:21.360|I|145916041|lpUCM [RemoteSails.cpp:HandleResponse:149] HandleResponse started, buffer size: 1048
[m[0;32;32m1970-01-01 03:00:21.360|I|145916041|lpUCM [RemoteSails.cpp:HandleResponse:158] Successfully deserialized response, status: 0, result code: 0
[m[0;32;31m1970-01-01 03:00:21.360|E|145916041|lpUCM [IpccProtoMessage.cpp:SerializeParams:112] m_offset, 235520
[m[1;33m1970-01-01 03:00:21.360|W|145916041|lpUCM [RemoteSails.cpp:SendWithRetry:185] Successfully wrote 1052 bytes
[m[0;32;32m1970-01-01 03:00:21.462|I|145916041|lpUCM [RemoteSails.cpp:HandleResponse:149] HandleResponse started, buffer size: 1048
[m[0;32;32m1970-01-01 03:00:21.462|I|145916041|lpUCM [RemoteSails.cpp:HandleResponse:158] Successfully deserialized response, status: 0, result code: 0
[m[0;32;31m1970-01-01 03:00:21.462|E|145916041|lpUCM [IpccProtoMessage.cpp:SerializeParams:112] m_offset, 236544
[m[1;33m1970-01-01 03:00:21.462|W|145916041|lpUCM [RemoteSails.cpp:SendWithRetry:185] Successfully wrote 1052 bytes
[m[0;32;32m1970-01-01 03:00:21.564|I|145916041|lpUCM [RemoteSails.cpp:HandleResponse:149] HandleResponse started, buffer size: 1048
[m[0;32;32m1970-01-01 03:00:21.564|I|145916041|lpUCM [RemoteSails.cpp:HandleResponse:158] Successfully deserialized response, status: 0, result code: 0
[m[0;32;31m1970-01-01 03:00:21.564|E|145916041|lpUCM [IpccProtoMessage.cpp:SerializeParams:112] m_offset, 237568
[m[1;33m1970-01-01 03:00:21.564|W|145916041|lpUCM [RemoteSails.cpp:SendWithRetry:185] Successfully wrote 1052 bytes
[m[0;32;32m1970-01-01 03:00:21.665|I|145916041|lpUCM [RemoteSails.cpp:HandleResponse:149] HandleResponse started, buffer size: 1048
[m[0;32;32m1970-01-01 03:00:21.665|I|145916041|lpUCM [RemoteSails.cpp:HandleResponse:158] Successfully deserialized response, status: 0, result code: 0
[m[0;32;31m1970-01-01 03:00:21.665|E|145916041|lpUCM [IpccProtoMessage.cpp:SerializeParams:112] m_offset, 238592
[m[1;33m1970-01-01 03:00:21.665|W|145916041|lpUCM [RemoteSails.cpp:SendWithRetry:185] Successfully wrote 1052 bytes
[m[0;32;32m1970-01-01 03:00:21.766|I|145916041|lpUCM [RemoteSails.cpp:HandleResponse:149] HandleResponse started, buffer size: 1048
[m[0;32;32m1970-01-01 03:00:21.766|I|145916041|lpUCM [RemoteSails.cpp:HandleResponse:158] Successfully deserialized response, status: 0, result code: 0
[m[0;32;31m1970-01-01 03:00:21.766|E|145916041|lpUCM [IpccProtoMessage.cpp:SerializeParams:112] m_offset, 239616
[m[1;33m1970-01-01 03:00:21.766|W|145916041|lpUCM [RemoteSails.cpp:SendWithRetry:185] Successfully wrote 1052 bytes
[m[0;32;32m1970-01-01 03:00:21.867|I|145916041|lpUCM [RemoteSails.cpp:HandleResponse:149] HandleResponse started, buffer size: 1048
[m[0;32;32m1970-01-01 03:00:21.867|I|145916041|lpUCM [RemoteSails.cpp:HandleResponse:158] Successfully deserialized response, status: 0, result code: 0
[m[0;32;31m1970-01-01 03:00:21.867|E|145916041|lpUCM [IpccProtoMessage.cpp:SerializeParams:112] m_offset, 240640
[m[1;33m1970-01-01 03:00:21.867|W|145916041|lpUCM [RemoteSails.cpp:SendWithRetry:185] Successfully wrote 1052 bytes
[m[0;32;32m1970-01-01 03:00:21.969|I|145916041|lpUCM [RemoteSails.cpp:HandleResponse:149] HandleResponse started, buffer size: 1048
[m[0;32;32m1970-01-01 03:00:21.969|I|145916041|lpUCM [RemoteSails.cpp:HandleResponse:158] Successfully deserialized response, status: 0, result code: 0
[m[0;32;31m1970-01-01 03:00:21.969|E|145916041|lpUCM [IpccProtoMessage.cpp:SerializeParams:112] m_offset, 241664
[m[1;33m1970-01-01 03:00:21.969|W|145916041|lpUCM [RemoteSails.cpp:SendWithRetry:185] Successfully wrote 1052 bytes
[m[0;32;32m1970-01-01 03:00:22.70|I|145916041|lpUCM [RemoteSails.cpp:HandleResponse:149] HandleResponse started, buffer size: 1048
[m[0;32;32m1970-01-01 03:00:22.70|I|145916041|lpUCM [RemoteSails.cpp:HandleResponse:158] Successfully deserialized response, status: 0, result code: 0
[m[0;32;31m1970-01-01 03:00:22.70|E|145916041|lpUCM [IpccProtoMessage.cpp:SerializeParams:112] m_offset, 242688
[m[1;33m1970-01-01 03:00:22.70|W|145916041|lpUCM [RemoteSails.cpp:SendWithRetry:185] Successfully wrote 1052 bytes
[m[0;32;32m1970-01-01 03:00:22.171|I|145916041|lpUCM [RemoteSails.cpp:HandleResponse:149] HandleResponse started, buffer size: 1048
[m[0;32;32m1970-01-01 03:00:22.171|I|145916041|lpUCM [RemoteSails.cpp:HandleResponse:158] Successfully deserialized response, status: 0, result code: 0
[m[0;32;31m1970-01-01 03:00:22.171|E|145916041|lpUCM [IpccProtoMessage.cpp:SerializeParams:112] m_offset, 243712
[m[1;33m1970-01-01 03:00:22.171|W|145916041|lpUCM [RemoteSails.cpp:SendWithRetry:185] Successfully wrote 1052 bytes
[m[0;32;32m1970-01-01 03:00:22.273|I|145916041|lpUCM [RemoteSails.cpp:HandleResponse:149] HandleResponse started, buffer size: 1048
[m[0;32;32m1970-01-01 03:00:22.273|I|145916041|lpUCM [RemoteSails.cpp:HandleResponse:158] Successfully deserialized response, status: 0, result code: 0
[m[0;32;31m1970-01-01 03:00:22.273|E|145916041|lpUCM [IpccProtoMessage.cpp:SerializeParams:112] m_offset, 244736
[m[1;33m1970-01-01 03:00:22.273|W|145916041|lpUCM [RemoteSails.cpp:SendWithRetry:185] Successfully wrote 1052 bytes
[m[0;32;32m1970-01-01 03:00:22.375|I|145916041|lpUCM [RemoteSails.cpp:HandleResponse:149] HandleResponse started, buffer size: 1048
[m[0;32;32m1970-01-01 03:00:22.375|I|145916041|lpUCM [RemoteSails.cpp:HandleResponse:158] Successfully deserialized response, status: 0, result code: 0
[m[0;32;32m1970-01-01 03:00:22.375|I|145916041|lpUCM [RemoteSails.cpp:SailWriteData:272] All data already trans size 16384
[m[0;32;32m1970-01-01 03:00:22.375|I|145916041|lpUCM [fds.cpp:FDS_OnLocalUpgProgress:246] total: 23, curr:22, percent:27, rop:92%
[m[0;32;32m1970-01-01 03:00:22.375|I|145916041|lpUCM [RemoteSails.cpp:SailWriteData:254] total data is 16384
[m[0;32;31m1970-01-01 03:00:22.375|E|145916041|lpUCM [IpccProtoMessage.cpp:SerializeParams:112] m_offset, 245760
[m[1;33m1970-01-01 03:00:22.375|W|145916041|lpUCM [RemoteSails.cpp:SendWithRetry:185] Successfully wrote 1052 bytes
[m[0;32;32m1970-01-01 03:00:22.476|I|145916041|lpUCM [RemoteSails.cpp:HandleResponse:149] HandleResponse started, buffer size: 1048
[m[0;32;32m1970-01-01 03:00:22.476|I|145916041|lpUCM [RemoteSails.cpp:HandleResponse:158] Successfully deserialized response, status: 0, result code: 0
[m[0;32;31m1970-01-01 03:00:22.476|E|145916041|lpUCM [IpccProtoMessage.cpp:SerializeParams:112] m_offset, 246784
[m[1;33m1970-01-01 03:00:22.476|W|145916041|lpUCM [RemoteSails.cpp:SendWithRetry:185] Successfully wrote 1052 bytes
[m[0;32;32m1970-01-01 03:00:22.578|I|145916041|lpUCM [RemoteSails.cpp:HandleResponse:149] HandleResponse started, buffer size: 1048
[m[0;32;32m1970-01-01 03:00:22.578|I|145916041|lpUCM [RemoteSails.cpp:HandleResponse:158] Successfully deserialized response, status: 0, result code: 0
[m[0;32;31m1970-01-01 03:00:22.578|E|145916041|lpUCM [IpccProtoMessage.cpp:SerializeParams:112] m_offset, 247808
[m[1;33m1970-01-01 03:00:22.578|W|145916041|lpUCM [RemoteSails.cpp:SendWithRetry:185] Successfully wrote 1052 bytes
[m[0;32;32m1970-01-01 03:00:22.679|I|145916041|lpUCM [RemoteSails.cpp:HandleResponse:149] HandleResponse started, buffer size: 1048
[m[0;32;32m1970-01-01 03:00:22.679|I|145916041|lpUCM [RemoteSails.cpp:HandleResponse:158] Successfully deserialized response, status: 0, result code: 0
[m[0;32;31m1970-01-01 03:00:22.679|E|145916041|lpUCM [IpccProtoMessage.cpp:SerializeParams:112] m_offset, 248832
[m[1;33m1970-01-01 03:00:22.679|W|145916041|lpUCM [RemoteSails.cpp:SendWithRetry:185] Successfully wrote 1052 bytes
[m[0;32;32m1970-01-01 03:00:22.780|I|145916041|lpUCM [RemoteSails.cpp:HandleResponse:149] HandleResponse started, buffer size: 1048
[m[0;32;32m1970-01-01 03:00:22.780|I|145916041|lpUCM [RemoteSails.cpp:HandleResponse:158] Successfully deserialized response, status: 0, result code: 0
[m[0;32;31m1970-01-01 03:00:22.780|E|145916041|lpUCM [IpccProtoMessage.cpp:SerializeParams:112] m_offset, 249856
[m[1;33m1970-01-01 03:00:22.780|W|145916041|lpUCM [RemoteSails.cpp:SendWithRetry:185] Successfully wrote 1052 bytes
[m[0;32;32m1970-01-01 03:00:22.882|I|145916041|lpUCM [RemoteSails.cpp:HandleResponse:149] HandleResponse started, buffer size: 1048
[m[0;32;32m1970-01-01 03:00:22.882|I|145916041|lpUCM [RemoteSails.cpp:HandleResponse:158] Successfully deserialized response, status: 0, result code: 0
[m[0;32;31m1970-01-01 03:00:22.882|E|145916041|lpUCM [IpccProtoMessage.cpp:SerializeParams:112] m_offset, 250880
[m[1;33m1970-01-01 03:00:22.882|W|145916041|lpUCM [RemoteSails.cpp:SendWithRetry:185] Successfully wrote 1052 bytes
[m[0;32;32m1970-01-01 03:00:22.984|I|145916041|lpUCM [RemoteSails.cpp:HandleResponse:149] HandleResponse started, buffer size: 1048
[m[0;32;32m1970-01-01 03:00:22.984|I|145916041|lpUCM [RemoteSails.cpp:HandleResponse:158] Successfully deserialized response, status: 0, result code: 0
[m[0;32;31m1970-01-01 03:00:22.984|E|145916041|lpUCM [IpccProtoMessage.cpp:SerializeParams:112] m_offset, 251904
[m[1;33m1970-01-01 03:00:22.984|W|145916041|lpUCM [RemoteSails.cpp:SendWithRetry:185] Successfully wrote 1052 bytes
[m[0;32;32m1970-01-01 03:00:23.85|I|145916041|lpUCM [RemoteSails.cpp:HandleResponse:149] HandleResponse started, buffer size: 1048
[m[0;32;32m1970-01-01 03:00:23.85|I|145916041|lpUCM [RemoteSails.cpp:HandleResponse:158] Successfully deserialized response, status: 0, result code: 0
[m[0;32;31m1970-01-01 03:00:23.85|E|145916041|lpUCM [IpccProtoMessage.cpp:SerializeParams:112] m_offset, 252928
[m[1;33m1970-01-01 03:00:23.85|W|145916041|lpUCM [RemoteSails.cpp:SendWithRetry:185] Successfully wrote 1052 bytes
[m[0;32;32m1970-01-01 03:00:23.186|I|145916041|lpUCM [RemoteSails.cpp:HandleResponse:149] HandleResponse started, buffer size: 1048
[m[0;32;32m1970-01-01 03:00:23.186|I|145916041|lpUCM [RemoteSails.cpp:HandleResponse:158] Successfully deserialized response, status: 0, result code: 0
[m[0;32;31m1970-01-01 03:00:23.186|E|145916041|lpUCM [IpccProtoMessage.cpp:SerializeParams:112] m_offset, 253952
[m[1;33m1970-01-01 03:00:23.186|W|145916041|lpUCM [RemoteSails.cpp:SendWithRetry:185] Successfully wrote 1052 bytes
[m[0;32;32m1970-01-01 03:00:23.287|I|145916041|lpUCM [RemoteSails.cpp:HandleResponse:149] HandleResponse started, buffer size: 1048
[m[0;32;32m1970-01-01 03:00:23.287|I|145916041|lpUCM [RemoteSails.cpp:HandleResponse:158] Successfully deserialized response, status: 0, result code: 0
[m[0;32;31m1970-01-01 03:00:23.287|E|145916041|lpUCM [IpccProtoMessage.cpp:SerializeParams:112] m_offset, 254976
[m[1;33m1970-01-01 03:00:23.287|W|145916041|lpUCM [RemoteSails.cpp:SendWithRetry:185] Successfully wrote 1052 bytes
[m[0;32;32m1970-01-01 03:00:23.389|I|145916041|lpUCM [RemoteSails.cpp:HandleResponse:149] HandleResponse started, buffer size: 1048
[m[0;32;32m1970-01-01 03:00:23.389|I|145916041|lpUCM [RemoteSails.cpp:HandleResponse:158] Successfully deserialized response, status: 0, result code: 0
[m[0;32;31m1970-01-01 03:00:23.389|E|145916041|lpUCM [IpccProtoMessage.cpp:SerializeParams:112] m_offset, 256000
[m[1;33m1970-01-01 03:00:23.389|W|145916041|lpUCM [RemoteSails.cpp:SendWithRetry:185] Successfully wrote 1052 bytes
[m[0;32;32m1970-01-01 03:00:23.490|I|145916041|lpUCM [RemoteSails.cpp:HandleResponse:149] HandleResponse started, buffer size: 1048
[m[0;32;32m1970-01-01 03:00:23.490|I|145916041|lpUCM [RemoteSails.cpp:HandleResponse:158] Successfully deserialized response, status: 0, result code: 0
[m[0;32;31m1970-01-01 03:00:23.490|E|145916041|lpUCM [IpccProtoMessage.cpp:SerializeParams:112] m_offset, 257024
[m[1;33m1970-01-01 03:00:23.490|W|145916041|lpUCM [RemoteSails.cpp:SendWithRetry:185] Successfully wrote 1052 bytes
[m[0;32;32m1970-01-01 03:00:23.592|I|145916041|lpUCM [RemoteSails.cpp:HandleResponse:149] HandleResponse started, buffer size: 1048
[m[0;32;32m1970-01-01 03:00:23.592|I|145916041|lpUCM [RemoteSails.cpp:HandleResponse:158] Successfully deserialized response, status: 0, result code: 0
[m[0;32;31m1970-01-01 03:00:23.592|E|145916041|lpUCM [IpccProtoMessage.cpp:SerializeParams:112] m_offset, 258048
[m[1;33m1970-01-01 03:00:23.592|W|145916041|lpUCM [RemoteSails.cpp:SendWithRetry:185] Successfully wrote 1052 bytes
[m[0;32;32m1970-01-01 03:00:23.693|I|145916041|lpUCM [RemoteSails.cpp:HandleResponse:149] HandleResponse started, buffer size: 1048
[m[0;32;32m1970-01-01 03:00:23.693|I|145916041|lpUCM [RemoteSails.cpp:HandleResponse:158] Successfully deserialized response, status: 0, result code: 0
[m[0;32;31m1970-01-01 03:00:23.693|E|145916041|lpUCM [IpccProtoMessage.cpp:SerializeParams:112] m_offset, 259072
[m[1;33m1970-01-01 03:00:23.693|W|145916041|lpUCM [RemoteSails.cpp:SendWithRetry:185] Successfully wrote 1052 bytes
[m[0;32;32m1970-01-01 03:00:23.794|I|145916041|lpUCM [RemoteSails.cpp:HandleResponse:149] HandleResponse started, buffer size: 1048
[m[0;32;32m1970-01-01 03:00:23.794|I|145916041|lpUCM [RemoteSails.cpp:HandleResponse:158] Successfully deserialized response, status: 0, result code: 0
[m[0;32;31m1970-01-01 03:00:23.794|E|145916041|lpUCM [IpccProtoMessage.cpp:SerializeParams:112] m_offset, 260096
[m[1;33m1970-01-01 03:00:23.794|W|145916041|lpUCM [RemoteSails.cpp:SendWithRetry:185] Successfully wrote 1052 bytes
[m[0;32;32m1970-01-01 03:00:23.895|I|145916041|lpUCM [RemoteSails.cpp:HandleResponse:149] HandleResponse started, buffer size: 1048
[m[0;32;32m1970-01-01 03:00:23.895|I|145916041|lpUCM [RemoteSails.cpp:HandleResponse:158] Successfully deserialized response, status: 0, result code: 0
[m[0;32;31m1970-01-01 03:00:23.895|E|145916041|lpUCM [IpccProtoMessage.cpp:SerializeParams:112] m_offset, 261120
[m[1;33m1970-01-01 03:00:23.895|W|145916041|lpUCM [RemoteSails.cpp:SendWithRetry:185] Successfully wrote 1052 bytes
[m[0;32;32m1970-01-01 03:00:23.997|I|145916041|lpUCM [RemoteSails.cpp:HandleResponse:149] HandleResponse started, buffer size: 1048
[m[0;32;32m1970-01-01 03:00:23.997|I|145916041|lpUCM [RemoteSails.cpp:HandleResponse:158] Successfully deserialized response, status: 0, result code: 0
[m[0;32;32m1970-01-01 03:00:23.997|I|145916041|lpUCM [RemoteSails.cpp:SailWriteData:272] All data already trans size 16384
[m[0;32;32m1970-01-01 03:00:23.997|I|145916041|lpUCM [fds.cpp:FDS_OnLocalUpgProgress:246] total: 23, curr:22, percent:28, rop:92%
[m[0;32;32m1970-01-01 03:00:23.997|I|145916041|lpUCM [RemoteSails.cpp:SailWriteData:254] total data is 16384
[m[0;32;31m1970-01-01 03:00:23.997|E|145916041|lpUCM [IpccProtoMessage.cpp:SerializeParams:112] m_offset, 262144
[m[1;33m1970-01-01 03:00:23.997|W|145916041|lpUCM [RemoteSails.cpp:SendWithRetry:185] Successfully wrote 1052 bytes
[m[0;32;32m1970-01-01 03:00:24.98|I|145916041|lpUCM [RemoteSails.cpp:HandleResponse:149] HandleResponse started, buffer size: 1048
[m[0;32;32m1970-01-01 03:00:24.98|I|145916041|lpUCM [RemoteSails.cpp:HandleResponse:158] Successfully deserialized response, status: 0, result code: 0
[m[0;32;31m1970-01-01 03:00:24.98|E|145916041|lpUCM [IpccProtoMessage.cpp:SerializeParams:112] m_offset, 263168
[m[1;33m1970-01-01 03:00:24.98|W|145916041|lpUCM [RemoteSails.cpp:SendWithRetry:185] Successfully wrote 1052 bytes
[m[0;32;32m1970-01-01 03:00:24.200|I|145916041|lpUCM [RemoteSails.cpp:HandleResponse:149] HandleResponse started, buffer size: 1048
[m[0;32;32m1970-01-01 03:00:24.200|I|145916041|lpUCM [RemoteSails.cpp:HandleResponse:158] Successfully deserialized response, status: 0, result code: 0
[m[0;32;31m1970-01-01 03:00:24.200|E|145916041|lpUCM [IpccProtoMessage.cpp:SerializeParams:112] m_offset, 264192
[m[1;33m1970-01-01 03:00:24.200|W|145916041|lpUCM [RemoteSails.cpp:SendWithRetry:185] Successfully wrote 1052 bytes
[m[0;32;32m1970-01-01 03:00:24.301|I|145916041|lpUCM [RemoteSails.cpp:HandleResponse:149] HandleResponse started, buffer size: 1048
[m[0;32;32m1970-01-01 03:00:24.301|I|145916041|lpUCM [RemoteSails.cpp:HandleResponse:158] Successfully deserialized response, status: 0, result code: 0
[m[0;32;31m1970-01-01 03:00:24.301|E|145916041|lpUCM [IpccProtoMessage.cpp:SerializeParams:112] m_offset, 265216
[m[1;33m1970-01-01 03:00:24.301|W|145916041|lpUCM [RemoteSails.cpp:SendWithRetry:185] Successfully wrote 1052 bytes
[m[0;32;32m1970-01-01 03:00:24.403|I|145916041|lpUCM [RemoteSails.cpp:HandleResponse:149] HandleResponse started, buffer size: 1048
[m[0;32;32m1970-01-01 03:00:24.403|I|145916041|lpUCM [RemoteSails.cpp:HandleResponse:158] Successfully deserialized response, status: 0, result code: 0
[m[0;32;31m1970-01-01 03:00:24.403|E|145916041|lpUCM [IpccProtoMessage.cpp:SerializeParams:112] m_offset, 266240
[m[1;33m1970-01-01 03:00:24.403|W|145916041|lpUCM [RemoteSails.cpp:SendWithRetry:185] Successfully wrote 1052 bytes
[m[0;32;32m1970-01-01 03:00:24.504|I|145916041|lpUCM [RemoteSails.cpp:HandleResponse:149] HandleResponse started, buffer size: 1048
[m[0;32;32m1970-01-01 03:00:24.504|I|145916041|lpUCM [RemoteSails.cpp:HandleResponse:158] Successfully deserialized response, status: 0, result code: 0
[m[0;32;31m1970-01-01 03:00:24.504|E|145916041|lpUCM [IpccProtoMessage.cpp:SerializeParams:112] m_offset, 267264
[m[1;33m1970-01-01 03:00:24.504|W|145916041|lpUCM [RemoteSails.cpp:SendWithRetry:185] Successfully wrote 1052 bytes
[m[0;32;32m1970-01-01 03:00:24.606|I|145916041|lpUCM [RemoteSails.cpp:HandleResponse:149] HandleResponse started, buffer size: 1048
[m[0;32;32m1970-01-01 03:00:24.606|I|145916041|lpUCM [RemoteSails.cpp:HandleResponse:158] Successfully deserialized response, status: 0, result code: 0
[m[0;32;31m1970-01-01 03:00:24.606|E|145916041|lpUCM [IpccProtoMessage.cpp:SerializeParams:112] m_offset, 268288
[m[1;33m1970-01-01 03:00:24.606|W|145916041|lpUCM [RemoteSails.cpp:SendWithRetry:185] Successfully wrote 1052 bytes
[m[0;32;32m1970-01-01 03:00:24.707|I|145916041|lpUCM [RemoteSails.cpp:HandleResponse:149] HandleResponse started, buffer size: 1048
[m[0;32;32m1970-01-01 03:00:24.707|I|145916041|lpUCM [RemoteSails.cpp:HandleResponse:158] Successfully deserialized response, status: 0, result code: 0
[m[0;32;31m1970-01-01 03:00:24.707|E|145916041|lpUCM [IpccProtoMessage.cpp:SerializeParams:112] m_offset, 269312
[m[1;33m1970-01-01 03:00:24.707|W|145916041|lpUCM [RemoteSails.cpp:SendWithRetry:185] Successfully wrote 1052 bytes
[m[0;32;32m1970-01-01 03:00:24.808|I|145916041|lpUCM [RemoteSails.cpp:HandleResponse:149] HandleResponse started, buffer size: 1048
[m[0;32;32m1970-01-01 03:00:24.808|I|145916041|lpUCM [RemoteSails.cpp:HandleResponse:158] Successfully deserialized response, status: 0, result code: 0
[m[0;32;31m1970-01-01 03:00:24.808|E|145916041|lpUCM [IpccProtoMessage.cpp:SerializeParams:112] m_offset, 270336
[m[1;33m1970-01-01 03:00:24.808|W|145916041|lpUCM [RemoteSails.cpp:SendWithRetry:185] Successfully wrote 1052 bytes
[m[0;32;32m1970-01-01 03:00:24.910|I|145916041|lpUCM [RemoteSails.cpp:HandleResponse:149] HandleResponse started, buffer size: 1048
[m[0;32;32m1970-01-01 03:00:24.910|I|145916041|lpUCM [RemoteSails.cpp:HandleResponse:158] Successfully deserialized response, status: 0, result code: 0
[m[0;32;31m1970-01-01 03:00:24.910|E|145916041|lpUCM [IpccProtoMessage.cpp:SerializeParams:112] m_offset, 271360
[m[1;33m1970-01-01 03:00:24.910|W|145916041|lpUCM [RemoteSails.cpp:SendWithRetry:185] Successfully wrote 1052 bytes
[m[0;32;32m1970-01-01 03:00:25.11|I|145916041|lpUCM [RemoteSails.cpp:HandleResponse:149] HandleResponse started, buffer size: 1048
[m[0;32;32m1970-01-01 03:00:25.11|I|145916041|lpUCM [RemoteSails.cpp:HandleResponse:158] Successfully deserialized response, status: 0, result code: 0
[m[0;32;31m1970-01-01 03:00:25.11|E|145916041|lpUCM [IpccProtoMessage.cpp:SerializeParams:112] m_offset, 272384
[m[1;33m1970-01-01 03:00:25.11|W|145916041|lpUCM [RemoteSails.cpp:SendWithRetry:185] Successfully wrote 1052 bytes
[m[0;32;32m1970-01-01 03:00:25.113|I|145916041|lpUCM [RemoteSails.cpp:HandleResponse:149] HandleResponse started, buffer size: 1048
[m[0;32;32m1970-01-01 03:00:25.113|I|145916041|lpUCM [RemoteSails.cpp:HandleResponse:158] Successfully deserialized response, status: 0, result code: 0
[m[0;32;31m1970-01-01 03:00:25.113|E|145916041|lpUCM [IpccProtoMessage.cpp:SerializeParams:112] m_offset, 273408
[m[1;33m1970-01-01 03:00:25.113|W|145916041|lpUCM [RemoteSails.cpp:SendWithRetry:185] Successfully wrote 1052 bytes
[m[0;32;32m1970-01-01 03:00:25.214|I|145916041|lpUCM [RemoteSails.cpp:HandleResponse:149] HandleResponse started, buffer size: 1048
[m[0;32;32m1970-01-01 03:00:25.214|I|145916041|lpUCM [RemoteSails.cpp:HandleResponse:158] Successfully deserialized response, status: 0, result code: 0
[m[0;32;31m1970-01-01 03:00:25.214|E|145916041|lpUCM [IpccProtoMessage.cpp:SerializeParams:112] m_offset, 274432
[m[1;33m1970-01-01 03:00:25.214|W|145916041|lpUCM [RemoteSails.cpp:SendWithRetry:185] Successfully wrote 1052 bytes
[m[0;32;32m1970-01-01 03:00:25.315|I|145916041|lpUCM [RemoteSails.cpp:HandleResponse:149] HandleResponse started, buffer size: 1048
[m[0;32;32m1970-01-01 03:00:25.315|I|145916041|lpUCM [RemoteSails.cpp:HandleResponse:158] Successfully deserialized response, status: 0, result code: 0
[m[0;32;31m1970-01-01 03:00:25.315|E|145916041|lpUCM [IpccProtoMessage.cpp:SerializeParams:112] m_offset, 275456
[m[1;33m1970-01-01 03:00:25.315|W|145916041|lpUCM [RemoteSails.cpp:SendWithRetry:185] Successfully wrote 1052 bytes
[m[0;32;32m1970-01-01 03:00:25.417|I|145916041|lpUCM [RemoteSails.cpp:HandleResponse:149] HandleResponse started, buffer size: 1048
[m[0;32;32m1970-01-01 03:00:25.417|I|145916041|lpUCM [RemoteSails.cpp:HandleResponse:158] Successfully deserialized response, status: 0, result code: 0
[m[0;32;31m1970-01-01 03:00:25.417|E|145916041|lpUCM [IpccProtoMessage.cpp:SerializeParams:112] m_offset, 276480
[m[1;33m1970-01-01 03:00:25.417|W|145916041|lpUCM [RemoteSails.cpp:SendWithRetry:185] Successfully wrote 1052 bytes
[m[0;32;32m1970-01-01 03:00:25.519|I|145916041|lpUCM [RemoteSails.cpp:HandleResponse:149] HandleResponse started, buffer size: 1048
[m[0;32;32m1970-01-01 03:00:25.519|I|145916041|lpUCM [RemoteSails.cpp:HandleResponse:158] Successfully deserialized response, status: 0, result code: 0
[m[0;32;31m1970-01-01 03:00:25.519|E|145916041|lpUCM [IpccProtoMessage.cpp:SerializeParams:112] m_offset, 277504
[m[1;33m1970-01-01 03:00:25.519|W|145916041|lpUCM [RemoteSails.cpp:SendWithRetry:185] Successfully wrote 1052 bytes
[m[0;32;32m1970-01-01 03:00:25.620|I|145916041|lpUCM [RemoteSails.cpp:HandleResponse:149] HandleResponse started, buffer size: 1048
[m[0;32;32m1970-01-01 03:00:25.620|I|145916041|lpUCM [RemoteSails.cpp:HandleResponse:158] Successfully deserialized response, status: 0, result code: 0
[m[0;32;32m1970-01-01 03:00:25.620|I|145916041|lpUCM [RemoteSails.cpp:SailWriteData:272] All data already trans size 16384
[m[0;32;32m1970-01-01 03:00:25.620|I|145916041|lpUCM [fds.cpp:FDS_OnLocalUpgProgress:246] total: 23, curr:22, percent:29, rop:92%
[m[0;32;32m1970-01-01 03:00:25.620|I|145916041|lpUCM [RemoteSails.cpp:SailWriteData:254] total data is 16384
[m[0;32;31m1970-01-01 03:00:25.620|E|145916041|lpUCM [IpccProtoMessage.cpp:SerializeParams:112] m_offset, 278528
[m[1;33m1970-01-01 03:00:25.620|W|145916041|lpUCM [RemoteSails.cpp:SendWithRetry:185] Successfully wrote 1052 bytes
[m[0;32;32m1970-01-01 03:00:25.722|I|145916041|lpUCM [RemoteSails.cpp:HandleResponse:149] HandleResponse started, buffer size: 1048
[m[0;32;32m1970-01-01 03:00:25.722|I|145916041|lpUCM [RemoteSails.cpp:HandleResponse:158] Successfully deserialized response, status: 0, result code: 0
[m[0;32;31m1970-01-01 03:00:25.722|E|145916041|lpUCM [IpccProtoMessage.cpp:SerializeParams:112] m_offset, 279552
[m[1;33m1970-01-01 03:00:25.722|W|145916041|lpUCM [RemoteSails.cpp:SendWithRetry:185] Successfully wrote 1052 bytes
[m[0;32;32m1970-01-01 03:00:25.823|I|145916041|lpUCM [RemoteSails.cpp:HandleResponse:149] HandleResponse started, buffer size: 1048
[m[0;32;32m1970-01-01 03:00:25.823|I|145916041|lpUCM [RemoteSails.cpp:HandleResponse:158] Successfully deserialized response, status: 0, result code: 0
[m[0;32;31m1970-01-01 03:00:25.823|E|145916041|lpUCM [IpccProtoMessage.cpp:SerializeParams:112] m_offset, 280576
[m[1;33m1970-01-01 03:00:25.823|W|145916041|lpUCM [RemoteSails.cpp:SendWithRetry:185] Successfully wrote 1052 bytes
[m[0;32;32m1970-01-01 03:00:25.925|I|145916041|lpUCM [RemoteSails.cpp:HandleResponse:149] HandleResponse started, buffer size: 1048
[m[0;32;32m1970-01-01 03:00:25.925|I|145916041|lpUCM [RemoteSails.cpp:HandleResponse:158] Successfully deserialized response, status: 0, result code: 0
[m[0;32;31m1970-01-01 03:00:25.925|E|145916041|lpUCM [IpccProtoMessage.cpp:SerializeParams:112] m_offset, 281600
[m[1;33m1970-01-01 03:00:25.925|W|145916041|lpUCM [RemoteSails.cpp:SendWithRetry:185] Successfully wrote 1052 bytes
[m[0;32;32m1970-01-01 03:00:26.27|I|145916041|lpUCM [RemoteSails.cpp:HandleResponse:149] HandleResponse started, buffer size: 1048
[m[0;32;32m1970-01-01 03:00:26.27|I|145916041|lpUCM [RemoteSails.cpp:HandleResponse:158] Successfully deserialized response, status: 0, result code: 0
[m[0;32;31m1970-01-01 03:00:26.27|E|145916041|lpUCM [IpccProtoMessage.cpp:SerializeParams:112] m_offset, 282624
[m[1;33m1970-01-01 03:00:26.27|W|145916041|lpUCM [RemoteSails.cpp:SendWithRetry:185] Successfully wrote 1052 bytes
[m[0;32;32m1970-01-01 03:00:26.128|I|145916041|lpUCM [RemoteSails.cpp:HandleResponse:149] HandleResponse started, buffer size: 1048
[m[0;32;32m1970-01-01 03:00:26.128|I|145916041|lpUCM [RemoteSails.cpp:HandleResponse:158] Successfully deserialized response, status: 0, result code: 0
[m[0;32;31m1970-01-01 03:00:26.128|E|145916041|lpUCM [IpccProtoMessage.cpp:SerializeParams:112] m_offset, 283648
[m[1;33m1970-01-01 03:00:26.128|W|145916041|lpUCM [RemoteSails.cpp:SendWithRetry:185] Successfully wrote 1052 bytes
[m[0;32;32m1970-01-01 03:00:26.230|I|145916041|lpUCM [RemoteSails.cpp:HandleResponse:149] HandleResponse started, buffer size: 1048
[m[0;32;32m1970-01-01 03:00:26.230|I|145916041|lpUCM [RemoteSails.cpp:HandleResponse:158] Successfully deserialized response, status: 0, result code: 0
[m[0;32;31m1970-01-01 03:00:26.230|E|145916041|lpUCM [IpccProtoMessage.cpp:SerializeParams:112] m_offset, 284672
[m[1;33m1970-01-01 03:00:26.230|W|145916041|lpUCM [RemoteSails.cpp:SendWithRetry:185] Successfully wrote 1052 bytes
[m[0;32;32m1970-01-01 03:00:26.331|I|145916041|lpUCM [RemoteSails.cpp:HandleResponse:149] HandleResponse started, buffer size: 1048
[m[0;32;32m1970-01-01 03:00:26.331|I|145916041|lpUCM [RemoteSails.cpp:HandleResponse:158] Successfully deserialized response, status: 0, result code: 0
[m[0;32;31m1970-01-01 03:00:26.331|E|145916041|lpUCM [IpccProtoMessage.cpp:SerializeParams:112] m_offset, 285696
[m[1;33m1970-01-01 03:00:26.331|W|145916041|lpUCM [RemoteSails.cpp:SendWithRetry:185] Successfully wrote 1052 bytes
[m[0;32;32m1970-01-01 03:00:26.432|I|145916041|lpUCM [RemoteSails.cpp:HandleResponse:149] HandleResponse started, buffer size: 1048
[m[0;32;32m1970-01-01 03:00:26.432|I|145916041|lpUCM [RemoteSails.cpp:HandleResponse:158] Successfully deserialized response, status: 0, result code: 0
[m[0;32;31m1970-01-01 03:00:26.432|E|145916041|lpUCM [IpccProtoMessage.cpp:SerializeParams:112] m_offset, 286720
[m[1;33m1970-01-01 03:00:26.432|W|145916041|lpUCM [RemoteSails.cpp:SendWithRetry:185] Successfully wrote 1052 bytes
[m[0;32;32m1970-01-01 03:00:26.533|I|145916041|lpUCM [RemoteSails.cpp:HandleResponse:149] HandleResponse started, buffer size: 1048
[m[0;32;32m1970-01-01 03:00:26.533|I|145916041|lpUCM [RemoteSails.cpp:HandleResponse:158] Successfully deserialized response, status: 0, result code: 0
[m[0;32;31m1970-01-01 03:00:26.533|E|145916041|lpUCM [IpccProtoMessage.cpp:SerializeParams:112] m_offset, 287744
[m[1;33m1970-01-01 03:00:26.533|W|145916041|lpUCM [RemoteSails.cpp:SendWithRetry:185] Successfully wrote 1052 bytes
[m[0;32;32m1970-01-01 03:00:26.634|I|145916041|lpUCM [RemoteSails.cpp:HandleResponse:149] HandleResponse started, buffer size: 1048
[m[0;32;32m1970-01-01 03:00:26.634|I|145916041|lpUCM [RemoteSails.cpp:HandleResponse:158] Successfully deserialized response, status: 0, result code: 0
[m[0;32;31m1970-01-01 03:00:26.634|E|145916041|lpUCM [IpccProtoMessage.cpp:SerializeParams:112] m_offset, 288768
[m[1;33m1970-01-01 03:00:26.634|W|145916041|lpUCM [RemoteSails.cpp:SendWithRetry:185] Successfully wrote 1052 bytes
[m[0;32;32m1970-01-01 03:00:26.736|I|145916041|lpUCM [RemoteSails.cpp:HandleResponse:149] HandleResponse started, buffer size: 1048
[m[0;32;32m1970-01-01 03:00:26.736|I|145916041|lpUCM [RemoteSails.cpp:HandleResponse:158] Successfully deserialized response, status: 0, result code: 0
[m[0;32;31m1970-01-01 03:00:26.736|E|145916041|lpUCM [IpccProtoMessage.cpp:SerializeParams:112] m_offset, 289792
[m[1;33m1970-01-01 03:00:26.736|W|145916041|lpUCM [RemoteSails.cpp:SendWithRetry:185] Successfully wrote 1052 bytes
[m[0;32;32m1970-01-01 03:00:26.837|I|145916041|lpUCM [RemoteSails.cpp:HandleResponse:149] HandleResponse started, buffer size: 1048
[m[0;32;32m1970-01-01 03:00:26.837|I|145916041|lpUCM [RemoteSails.cpp:HandleResponse:158] Successfully deserialized response, status: 0, result code: 0
[m[0;32;31m1970-01-01 03:00:26.837|E|145916041|lpUCM [IpccProtoMessage.cpp:SerializeParams:112] m_offset, 290816
[m[1;33m1970-01-01 03:00:26.837|W|145916041|lpUCM [RemoteSails.cpp:SendWithRetry:185] Successfully wrote 1052 bytes
[m[0;32;32m1970-01-01 03:00:26.939|I|145916041|lpUCM [RemoteSails.cpp:HandleResponse:149] HandleResponse started, buffer size: 1048
[m[0;32;32m1970-01-01 03:00:26.939|I|145916041|lpUCM [RemoteSails.cpp:HandleResponse:158] Successfully deserialized response, status: 0, result code: 0
[m[0;32;31m1970-01-01 03:00:26.939|E|145916041|lpUCM [IpccProtoMessage.cpp:SerializeParams:112] m_offset, 291840
[m[1;33m1970-01-01 03:00:26.939|W|145916041|lpUCM [RemoteSails.cpp:SendWithRetry:185] Successfully wrote 1052 bytes
[m[0;32;32m1970-01-01 03:00:27.40|I|145916041|lpUCM [RemoteSails.cpp:HandleResponse:149] HandleResponse started, buffer size: 1048
[m[0;32;32m1970-01-01 03:00:27.40|I|145916041|lpUCM [RemoteSails.cpp:HandleResponse:158] Successfully deserialized response, status: 0, result code: 0
[m[0;32;31m1970-01-01 03:00:27.40|E|145916041|lpUCM [IpccProtoMessage.cpp:SerializeParams:112] m_offset, 292864
[m[1;33m1970-01-01 03:00:27.40|W|145916041|lpUCM [RemoteSails.cpp:SendWithRetry:185] Successfully wrote 1052 bytes
[m[0;32;32m1970-01-01 03:00:27.142|I|145916041|lpUCM [RemoteSails.cpp:HandleResponse:149] HandleResponse started, buffer size: 1048
[m[0;32;32m1970-01-01 03:00:27.142|I|145916041|lpUCM [RemoteSails.cpp:HandleResponse:158] Successfully deserialized response, status: 0, result code: 0
[m[0;32;31m1970-01-01 03:00:27.142|E|145916041|lpUCM [IpccProtoMessage.cpp:SerializeParams:112] m_offset, 293888
[m[1;33m1970-01-01 03:00:27.142|W|145916041|lpUCM [RemoteSails.cpp:SendWithRetry:185] Successfully wrote 1052 bytes
[m[0;32;32m1970-01-01 03:00:27.243|I|145916041|lpUCM [RemoteSails.cpp:HandleResponse:149] HandleResponse started, buffer size: 1048
[m[0;32;32m1970-01-01 03:00:27.243|I|145916041|lpUCM [RemoteSails.cpp:HandleResponse:158] Successfully deserialized response, status: 0, result code: 0
[m[0;32;32m1970-01-01 03:00:27.243|I|145916041|lpUCM [RemoteSails.cpp:SailWriteData:272] All data already trans size 16384
[m[0;32;32m1970-01-01 03:00:27.243|I|145916041|lpUCM [fds.cpp:FDS_OnLocalUpgProgress:246] total: 23, curr:22, percent:30, rop:92%
[m[0;32;32m1970-01-01 03:00:27.243|I|145916041|lpUCM [RemoteSails.cpp:SailWriteData:254] total data is 16384
[m[0;32;31m1970-01-01 03:00:27.243|E|145916041|lpUCM [IpccProtoMessage.cpp:SerializeParams:112] m_offset, 294912
[m[1;33m1970-01-01 03:00:27.243|W|145916041|lpUCM [RemoteSails.cpp:SendWithRetry:185] Successfully wrote 1052 bytes
[m[0;32;32m1970-01-01 03:00:27.345|I|145916041|lpUCM [RemoteSails.cpp:HandleResponse:149] HandleResponse started, buffer size: 1048
[m[0;32;32m1970-01-01 03:00:27.345|I|145916041|lpUCM [RemoteSails.cpp:HandleResponse:158] Successfully deserialized response, status: 0, result code: 0
[m[0;32;31m1970-01-01 03:00:27.345|E|145916041|lpUCM [IpccProtoMessage.cpp:SerializeParams:112] m_offset, 295936
[m[1;33m1970-01-01 03:00:27.345|W|145916041|lpUCM [RemoteSails.cpp:SendWithRetry:185] Successfully wrote 1052 bytes
[m[0;32;32m1970-01-01 03:00:27.447|I|145916041|lpUCM [RemoteSails.cpp:HandleResponse:149] HandleResponse started, buffer size: 1048
[m[0;32;32m1970-01-01 03:00:27.447|I|145916041|lpUCM [RemoteSails.cpp:HandleResponse:158] Successfully deserialized response, status: 0, result code: 0
[m[0;32;31m1970-01-01 03:00:27.447|E|145916041|lpUCM [IpccProtoMessage.cpp:SerializeParams:112] m_offset, 296960
[m[1;33m1970-01-01 03:00:27.447|W|145916041|lpUCM [RemoteSails.cpp:SendWithRetry:185] Successfully wrote 1052 bytes
[m[0;32;32m1970-01-01 03:00:27.548|I|145916041|lpUCM [RemoteSails.cpp:HandleResponse:149] HandleResponse started, buffer size: 1048
[m[0;32;32m1970-01-01 03:00:27.548|I|145916041|lpUCM [RemoteSails.cpp:HandleResponse:158] Successfully deserialized response, status: 0, result code: 0
[m[0;32;31m1970-01-01 03:00:27.548|E|145916041|lpUCM [IpccProtoMessage.cpp:SerializeParams:112] m_offset, 297984
[m[1;33m1970-01-01 03:00:27.548|W|145916041|lpUCM [RemoteSails.cpp:SendWithRetry:185] Successfully wrote 1052 bytes
[m[0;32;32m1970-01-01 03:00:27.649|I|145916041|lpUCM [RemoteSails.cpp:HandleResponse:149] HandleResponse started, buffer size: 1048
[m[0;32;32m1970-01-01 03:00:27.649|I|145916041|lpUCM [RemoteSails.cpp:HandleResponse:158] Successfully deserialized response, status: 0, result code: 0
[m[0;32;31m1970-01-01 03:00:27.649|E|145916041|lpUCM [IpccProtoMessage.cpp:SerializeParams:112] m_offset, 299008
[m[1;33m1970-01-01 03:00:27.649|W|145916041|lpUCM [RemoteSails.cpp:SendWithRetry:185] Successfully wrote 1052 bytes
[m[0;32;32m1970-01-01 03:00:27.750|I|145916041|lpUCM [RemoteSails.cpp:HandleResponse:149] HandleResponse started, buffer size: 1048
[m[0;32;32m1970-01-01 03:00:27.750|I|145916041|lpUCM [RemoteSails.cpp:HandleResponse:158] Successfully deserialized response, status: 0, result code: 0
[m[0;32;31m1970-01-01 03:00:27.750|E|145916041|lpUCM [IpccProtoMessage.cpp:SerializeParams:112] m_offset, 300032
[m[1;33m1970-01-01 03:00:27.750|W|145916041|lpUCM [RemoteSails.cpp:SendWithRetry:185] Successfully wrote 1052 bytes
[m[0;32;32m1970-01-01 03:00:27.851|I|145916041|lpUCM [RemoteSails.cpp:HandleResponse:149] HandleResponse started, buffer size: 1048
[m[0;32;32m1970-01-01 03:00:27.851|I|145916041|lpUCM [RemoteSails.cpp:HandleResponse:158] Successfully deserialized response, status: 0, result code: 0
[m[0;32;31m1970-01-01 03:00:27.851|E|145916041|lpUCM [IpccProtoMessage.cpp:SerializeParams:112] m_offset, 301056
[m[1;33m1970-01-01 03:00:27.851|W|145916041|lpUCM [RemoteSails.cpp:SendWithRetry:185] Successfully wrote 1052 bytes
[m[0;32;32m1970-01-01 03:00:27.953|I|145916041|lpUCM [RemoteSails.cpp:HandleResponse:149] HandleResponse started, buffer size: 1048
[m[0;32;32m1970-01-01 03:00:27.953|I|145916041|lpUCM [RemoteSails.cpp:HandleResponse:158] Successfully deserialized response, status: 0, result code: 0
[m[0;32;31m1970-01-01 03:00:27.953|E|145916041|lpUCM [IpccProtoMessage.cpp:SerializeParams:112] m_offset, 302080
[m[1;33m1970-01-01 03:00:27.953|W|145916041|lpUCM [RemoteSails.cpp:SendWithRetry:185] Successfully wrote 1052 bytes
[m[0;32;32m1970-01-01 03:00:28.55|I|145916041|lpUCM [RemoteSails.cpp:HandleResponse:149] HandleResponse started, buffer size: 1048
[m[0;32;32m1970-01-01 03:00:28.55|I|145916041|lpUCM [RemoteSails.cpp:HandleResponse:158] Successfully deserialized response, status: 0, result code: 0
[m[0;32;31m1970-01-01 03:00:28.55|E|145916041|lpUCM [IpccProtoMessage.cpp:SerializeParams:112] m_offset, 303104
[m[1;33m1970-01-01 03:00:28.55|W|145916041|lpUCM [RemoteSails.cpp:SendWithRetry:185] Successfully wrote 1052 bytes
[m[0;32;32m1970-01-01 03:00:28.157|I|145916041|lpUCM [RemoteSails.cpp:HandleResponse:149] HandleResponse started, buffer size: 1048
[m[0;32;32m1970-01-01 03:00:28.157|I|145916041|lpUCM [RemoteSails.cpp:HandleResponse:158] Successfully deserialized response, status: 0, result code: 0
[m[0;32;31m1970-01-01 03:00:28.157|E|145916041|lpUCM [IpccProtoMessage.cpp:SerializeParams:112] m_offset, 304128
[m[1;33m1970-01-01 03:00:28.157|W|145916041|lpUCM [RemoteSails.cpp:SendWithRetry:185] Successfully wrote 1052 bytes
[m[0;32;32m1970-01-01 03:00:28.258|I|145916041|lpUCM [RemoteSails.cpp:HandleResponse:149] HandleResponse started, buffer size: 1048
[m[0;32;32m1970-01-01 03:00:28.258|I|145916041|lpUCM [RemoteSails.cpp:HandleResponse:158] Successfully deserialized response, status: 0, result code: 0
[m[0;32;31m1970-01-01 03:00:28.258|E|145916041|lpUCM [IpccProtoMessage.cpp:SerializeParams:112] m_offset, 305152
[m[1;33m1970-01-01 03:00:28.258|W|145916041|lpUCM [RemoteSails.cpp:SendWithRetry:185] Successfully wrote 1052 bytes
[m[0;32;32m1970-01-01 03:00:28.360|I|145916041|lpUCM [RemoteSails.cpp:HandleResponse:149] HandleResponse started, buffer size: 1048
[m[0;32;32m1970-01-01 03:00:28.360|I|145916041|lpUCM [RemoteSails.cpp:HandleResponse:158] Successfully deserialized response, status: 0, result code: 0
[m[0;32;31m1970-01-01 03:00:28.360|E|145916041|lpUCM [IpccProtoMessage.cpp:SerializeParams:112] m_offset, 306176
[m[1;33m1970-01-01 03:00:28.360|W|145916041|lpUCM [RemoteSails.cpp:SendWithRetry:185] Successfully wrote 1052 bytes
[m[0;32;32m1970-01-01 03:00:28.462|I|145916041|lpUCM [RemoteSails.cpp:HandleResponse:149] HandleResponse started, buffer size: 1048
[m[0;32;32m1970-01-01 03:00:28.462|I|145916041|lpUCM [RemoteSails.cpp:HandleResponse:158] Successfully deserialized response, status: 0, result code: 0
[m[0;32;31m1970-01-01 03:00:28.462|E|145916041|lpUCM [IpccProtoMessage.cpp:SerializeParams:112] m_offset, 307200
[m[1;33m1970-01-01 03:00:28.462|W|145916041|lpUCM [RemoteSails.cpp:SendWithRetry:185] Successfully wrote 1052 bytes
[m[0;32;32m1970-01-01 03:00:28.563|I|145916041|lpUCM [RemoteSails.cpp:HandleResponse:149] HandleResponse started, buffer size: 1048
[m[0;32;32m1970-01-01 03:00:28.563|I|145916041|lpUCM [RemoteSails.cpp:HandleResponse:158] Successfully deserialized response, status: 0, result code: 0
[m[0;32;31m1970-01-01 03:00:28.563|E|145916041|lpUCM [IpccProtoMessage.cpp:SerializeParams:112] m_offset, 308224
[m[1;33m1970-01-01 03:00:28.563|W|145916041|lpUCM [RemoteSails.cpp:SendWithRetry:185] Successfully wrote 1052 bytes
[m[0;32;32m1970-01-01 03:00:28.664|I|145916041|lpUCM [RemoteSails.cpp:HandleResponse:149] HandleResponse started, buffer size: 1048
[m[0;32;32m1970-01-01 03:00:28.664|I|145916041|lpUCM [RemoteSails.cpp:HandleResponse:158] Successfully deserialized response, status: 0, result code: 0
[m[0;32;31m1970-01-01 03:00:28.664|E|145916041|lpUCM [IpccProtoMessage.cpp:SerializeParams:112] m_offset, 309248
[m[1;33m1970-01-01 03:00:28.664|W|145916041|lpUCM [RemoteSails.cpp:SendWithRetry:185] Successfully wrote 1052 bytes
[m[0;32;32m1970-01-01 03:00:28.765|I|145916041|lpUCM [RemoteSails.cpp:HandleResponse:149] HandleResponse started, buffer size: 1048
[m[0;32;32m1970-01-01 03:00:28.765|I|145916041|lpUCM [RemoteSails.cpp:HandleResponse:158] Successfully deserialized response, status: 0, result code: 0
[m[0;32;31m1970-01-01 03:00:28.765|E|145916041|lpUCM [IpccProtoMessage.cpp:SerializeParams:112] m_offset, 310272
[m[1;33m1970-01-01 03:00:28.765|W|145916041|lpUCM [RemoteSails.cpp:SendWithRetry:185] Successfully wrote 1052 bytes
[m[0;32;32m1970-01-01 03:00:28.866|I|145916041|lpUCM [RemoteSails.cpp:HandleResponse:149] HandleResponse started, buffer size: 1048
[m[0;32;32m1970-01-01 03:00:28.866|I|145916041|lpUCM [RemoteSails.cpp:HandleResponse:158] Successfully deserialized response, status: 0, result code: 0
[m[0;32;32m1970-01-01 03:00:28.866|I|145916041|lpUCM [RemoteSails.cpp:SailWriteData:272] All data already trans size 16384
[m[0;32;32m1970-01-01 03:00:28.866|I|145916041|lpUCM [fds.cpp:FDS_OnLocalUpgProgress:246] total: 23, curr:22, percent:31, rop:92%
[m[0;32;32m1970-01-01 03:00:28.866|I|145916041|lpUCM [RemoteSails.cpp:SailWriteData:254] total data is 16384
[m[0;32;31m1970-01-01 03:00:28.866|E|145916041|lpUCM [IpccProtoMessage.cpp:SerializeParams:112] m_offset, 311296
[m[1;33m1970-01-01 03:00:28.866|W|145916041|lpUCM [RemoteSails.cpp:SendWithRetry:185] Successfully wrote 1052 bytes
[m[0;32;32m1970-01-01 03:00:28.968|I|145916041|lpUCM [RemoteSails.cpp:HandleResponse:149] HandleResponse started, buffer size: 1048
[m[0;32;32m1970-01-01 03:00:28.968|I|145916041|lpUCM [RemoteSails.cpp:HandleResponse:158] Successfully deserialized response, status: 0, result code: 0
[m[0;32;31m1970-01-01 03:00:28.968|E|145916041|lpUCM [IpccProtoMessage.cpp:SerializeParams:112] m_offset, 312320
[m[1;33m1970-01-01 03:00:28.968|W|145916041|lpUCM [RemoteSails.cpp:SendWithRetry:185] Successfully wrote 1052 bytes
[m[0;32;32m1970-01-01 03:00:29.69|I|145916041|lpUCM [RemoteSails.cpp:HandleResponse:149] HandleResponse started, buffer size: 1048
[m[0;32;32m1970-01-01 03:00:29.69|I|145916041|lpUCM [RemoteSails.cpp:HandleResponse:158] Successfully deserialized response, status: 0, result code: 0
[m[0;32;31m1970-01-01 03:00:29.69|E|145916041|lpUCM [IpccProtoMessage.cpp:SerializeParams:112] m_offset, 313344
[m[1;33m1970-01-01 03:00:29.69|W|145916041|lpUCM [RemoteSails.cpp:SendWithRetry:185] Successfully wrote 1052 bytes
[m[0;32;32m1970-01-01 03:00:29.170|I|145916041|lpUCM [RemoteSails.cpp:HandleResponse:149] HandleResponse started, buffer size: 1048
[m[0;32;32m1970-01-01 03:00:29.170|I|145916041|lpUCM [RemoteSails.cpp:HandleResponse:158] Successfully deserialized response, status: 0, result code: 0
[m[0;32;31m1970-01-01 03:00:29.170|E|145916041|lpUCM [IpccProtoMessage.cpp:SerializeParams:112] m_offset, 314368
[m[1;33m1970-01-01 03:00:29.170|W|145916041|lpUCM [RemoteSails.cpp:SendWithRetry:185] Successfully wrote 1052 bytes
[m[0;32;32m1970-01-01 03:00:29.272|I|145916041|lpUCM [RemoteSails.cpp:HandleResponse:149] HandleResponse started, buffer size: 1048
[m[0;32;32m1970-01-01 03:00:29.272|I|145916041|lpUCM [RemoteSails.cpp:HandleResponse:158] Successfully deserialized response, status: 0, result code: 0
[m[0;32;31m1970-01-01 03:00:29.272|E|145916041|lpUCM [IpccProtoMessage.cpp:SerializeParams:112] m_offset, 315392
[m[1;33m1970-01-01 03:00:29.272|W|145916041|lpUCM [RemoteSails.cpp:SendWithRetry:185] Successfully wrote 1052 bytes
[m[0;32;32m1970-01-01 03:00:29.374|I|145916041|lpUCM [RemoteSails.cpp:HandleResponse:149] HandleResponse started, buffer size: 1048
[m[0;32;32m1970-01-01 03:00:29.374|I|145916041|lpUCM [RemoteSails.cpp:HandleResponse:158] Successfully deserialized response, status: 0, result code: 0
[m[0;32;31m1970-01-01 03:00:29.374|E|145916041|lpUCM [IpccProtoMessage.cpp:SerializeParams:112] m_offset, 316416
[m[1;33m1970-01-01 03:00:29.374|W|145916041|lpUCM [RemoteSails.cpp:SendWithRetry:185] Successfully wrote 1052 bytes
[m[0;32;32m1970-01-01 03:00:29.475|I|145916041|lpUCM [RemoteSails.cpp:HandleResponse:149] HandleResponse started, buffer size: 1048
[m[0;32;32m1970-01-01 03:00:29.475|I|145916041|lpUCM [RemoteSails.cpp:HandleResponse:158] Successfully deserialized response, status: 0, result code: 0
[m[0;32;31m1970-01-01 03:00:29.475|E|145916041|lpUCM [IpccProtoMessage.cpp:SerializeParams:112] m_offset, 317440
[m[1;33m1970-01-01 03:00:29.475|W|145916041|lpUCM [RemoteSails.cpp:SendWithRetry:185] Successfully wrote 1052 bytes
[m[0;32;32m1970-01-01 03:00:29.576|I|145916041|lpUCM [RemoteSails.cpp:HandleResponse:149] HandleResponse started, buffer size: 1048
[m[0;32;32m1970-01-01 03:00:29.576|I|145916041|lpUCM [RemoteSails.cpp:HandleResponse:158] Successfully deserialized response, status: 0, result code: 0
[m[0;32;31m1970-01-01 03:00:29.576|E|145916041|lpUCM [IpccProtoMessage.cpp:SerializeParams:112] m_offset, 318464
[m[1;33m1970-01-01 03:00:29.576|W|145916041|lpUCM [RemoteSails.cpp:SendWithRetry:185] Successfully wrote 1052 bytes
[m[0;32;32m1970-01-01 03:00:29.677|I|145916041|lpUCM [RemoteSails.cpp:HandleResponse:149] HandleResponse started, buffer size: 1048
[m[0;32;32m1970-01-01 03:00:29.677|I|145916041|lpUCM [RemoteSails.cpp:HandleResponse:158] Successfully deserialized response, status: 0, result code: 0
[m[0;32;31m1970-01-01 03:00:29.677|E|145916041|lpUCM [IpccProtoMessage.cpp:SerializeParams:112] m_offset, 319488
[m[1;33m1970-01-01 03:00:29.677|W|145916041|lpUCM [RemoteSails.cpp:SendWithRetry:185] Successfully wrote 1052 bytes
[m[0;32;32m1970-01-01 03:00:29.778|I|145916041|lpUCM [RemoteSails.cpp:HandleResponse:149] HandleResponse started, buffer size: 1048
[m[0;32;32m1970-01-01 03:00:29.778|I|145916041|lpUCM [RemoteSails.cpp:HandleResponse:158] Successfully deserialized response, status: 0, result code: 0
[m[0;32;31m1970-01-01 03:00:29.778|E|145916041|lpUCM [IpccProtoMessage.cpp:SerializeParams:112] m_offset, 320512
[m[1;33m1970-01-01 03:00:29.778|W|145916041|lpUCM [RemoteSails.cpp:SendWithRetry:185] Successfully wrote 1052 bytes
[m[0;32;32m1970-01-01 03:00:29.879|I|145916041|lpUCM [RemoteSails.cpp:HandleResponse:149] HandleResponse started, buffer size: 1048
[m[0;32;32m1970-01-01 03:00:29.879|I|145916041|lpUCM [RemoteSails.cpp:HandleResponse:158] Successfully deserialized response, status: 0, result code: 0
[m[0;32;31m1970-01-01 03:00:29.879|E|145916041|lpUCM [IpccProtoMessage.cpp:SerializeParams:112] m_offset, 321536
[m[1;33m1970-01-01 03:00:29.879|W|145916041|lpUCM [RemoteSails.cpp:SendWithRetry:185] Successfully wrote 1052 bytes
[m[0;32;32m1970-01-01 03:00:29.981|I|145916041|lpUCM [RemoteSails.cpp:HandleResponse:149] HandleResponse started, buffer size: 1048
[m[0;32;32m1970-01-01 03:00:29.981|I|145916041|lpUCM [RemoteSails.cpp:HandleResponse:158] Successfully deserialized response, status: 0, result code: 0
[m[0;32;31m1970-01-01 03:00:29.981|E|145916041|lpUCM [IpccProtoMessage.cpp:SerializeParams:112] m_offset, 322560
[m[1;33m1970-01-01 03:00:29.981|W|145916041|lpUCM [RemoteSails.cpp:SendWithRetry:185] Successfully wrote 1052 bytes
[m[0;32;32m1970-01-01 03:00:30.82|I|145916041|lpUCM [RemoteSails.cpp:HandleResponse:149] HandleResponse started, buffer size: 1048
[m[0;32;32m1970-01-01 03:00:30.82|I|145916041|lpUCM [RemoteSails.cpp:HandleResponse:158] Successfully deserialized response, status: 0, result code: 0
[m[0;32;31m1970-01-01 03:00:30.82|E|145916041|lpUCM [IpccProtoMessage.cpp:SerializeParams:112] m_offset, 323584
[m[1;33m1970-01-01 03:00:30.82|W|145916041|lpUCM [RemoteSails.cpp:SendWithRetry:185] Successfully wrote 1052 bytes
[m[0;32;32m1970-01-01 03:00:30.183|I|145916041|lpUCM [RemoteSails.cpp:HandleResponse:149] HandleResponse started, buffer size: 1048
[m[0;32;32m1970-01-01 03:00:30.183|I|145916041|lpUCM [RemoteSails.cpp:HandleResponse:158] Successfully deserialized response, status: 0, result code: 0
[m[0;32;31m1970-01-01 03:00:30.183|E|145916041|lpUCM [IpccProtoMessage.cpp:SerializeParams:112] m_offset, 324608
[m[1;33m1970-01-01 03:00:30.183|W|145916041|lpUCM [RemoteSails.cpp:SendWithRetry:185] Successfully wrote 1052 bytes
[m[0;32;32m1970-01-01 03:00:30.285|I|145916041|lpUCM [RemoteSails.cpp:HandleResponse:149] HandleResponse started, buffer size: 1048
[m[0;32;32m1970-01-01 03:00:30.285|I|145916041|lpUCM [RemoteSails.cpp:HandleResponse:158] Successfully deserialized response, status: 0, result code: 0
[m[0;32;31m1970-01-01 03:00:30.285|E|145916041|lpUCM [IpccProtoMessage.cpp:SerializeParams:112] m_offset, 325632
[m[1;33m1970-01-01 03:00:30.285|W|145916041|lpUCM [RemoteSails.cpp:SendWithRetry:185] Successfully wrote 1052 bytes
[m[0;32;32m1970-01-01 03:00:30.387|I|145916041|lpUCM [RemoteSails.cpp:HandleResponse:149] HandleResponse started, buffer size: 1048
[m[0;32;32m1970-01-01 03:00:30.387|I|145916041|lpUCM [RemoteSails.cpp:HandleResponse:158] Successfully deserialized response, status: 0, result code: 0
[m[0;32;31m1970-01-01 03:00:30.387|E|145916041|lpUCM [IpccProtoMessage.cpp:SerializeParams:112] m_offset, 326656
[m[1;33m1970-01-01 03:00:30.387|W|145916041|lpUCM [RemoteSails.cpp:SendWithRetry:185] Successfully wrote 1052 bytes
[m[0;32;32m1970-01-01 03:00:30.488|I|145916041|lpUCM [RemoteSails.cpp:HandleResponse:149] HandleResponse started, buffer size: 1048
[m[0;32;32m1970-01-01 03:00:30.488|I|145916041|lpUCM [RemoteSails.cpp:HandleResponse:158] Successfully deserialized response, status: 0, result code: 0
[m[0;32;32m1970-01-01 03:00:30.488|I|145916041|lpUCM [RemoteSails.cpp:SailWriteData:272] All data already trans size 16384
[m[0;32;32m1970-01-01 03:00:30.488|I|145916041|lpUCM [fds.cpp:FDS_OnLocalUpgProgress:246] total: 23, curr:22, percent:32, rop:92%
[m[0;32;32m1970-01-01 03:00:30.488|I|145916041|lpUCM [RemoteSails.cpp:SailWriteData:254] total data is 16384
[m[0;32;31m1970-01-01 03:00:30.488|E|145916041|lpUCM [IpccProtoMessage.cpp:SerializeParams:112] m_offset, 327680
[m[1;33m1970-01-01 03:00:30.488|W|145916041|lpUCM [RemoteSails.cpp:SendWithRetry:185] Successfully wrote 1052 bytes
[m[0;32;32m1970-01-01 03:00:30.589|I|145916041|lpUCM [RemoteSails.cpp:HandleResponse:149] HandleResponse started, buffer size: 1048
[m[0;32;32m1970-01-01 03:00:30.589|I|145916041|lpUCM [RemoteSails.cpp:HandleResponse:158] Successfully deserialized response, status: 0, result code: 0
[m[0;32;31m1970-01-01 03:00:30.589|E|145916041|lpUCM [IpccProtoMessage.cpp:SerializeParams:112] m_offset, 328704
[m[1;33m1970-01-01 03:00:30.589|W|145916041|lpUCM [RemoteSails.cpp:SendWithRetry:185] Successfully wrote 1052 bytes
[m[0;32;32m1970-01-01 03:00:30.690|I|145916041|lpUCM [RemoteSails.cpp:HandleResponse:149] HandleResponse started, buffer size: 1048
[m[0;32;32m1970-01-01 03:00:30.690|I|145916041|lpUCM [RemoteSails.cpp:HandleResponse:158] Successfully deserialized response, status: 0, result code: 0
[m[0;32;31m1970-01-01 03:00:30.690|E|145916041|lpUCM [IpccProtoMessage.cpp:SerializeParams:112] m_offset, 329728
[m[1;33m1970-01-01 03:00:30.690|W|145916041|lpUCM [RemoteSails.cpp:SendWithRetry:185] Successfully wrote 1052 bytes
[m[0;32;32m1970-01-01 03:00:30.792|I|145916041|lpUCM [RemoteSails.cpp:HandleResponse:149] HandleResponse started, buffer size: 1048
[m[0;32;32m1970-01-01 03:00:30.792|I|145916041|lpUCM [RemoteSails.cpp:HandleResponse:158] Successfully deserialized response, status: 0, result code: 0
[m[0;32;31m1970-01-01 03:00:30.792|E|145916041|lpUCM [IpccProtoMessage.cpp:SerializeParams:112] m_offset, 330752
[m[1;33m1970-01-01 03:00:30.792|W|145916041|lpUCM [RemoteSails.cpp:SendWithRetry:185] Successfully wrote 1052 bytes
[m[0;32;32m1970-01-01 03:00:30.894|I|145916041|lpUCM [RemoteSails.cpp:HandleResponse:149] HandleResponse started, buffer size: 1048
[m[0;32;32m1970-01-01 03:00:30.894|I|145916041|lpUCM [RemoteSails.cpp:HandleResponse:158] Successfully deserialized response, status: 0, result code: 0
[m[0;32;31m1970-01-01 03:00:30.894|E|145916041|lpUCM [IpccProtoMessage.cpp:SerializeParams:112] m_offset, 331776
[m[1;33m1970-01-01 03:00:30.894|W|145916041|lpUCM [RemoteSails.cpp:SendWithRetry:185] Successfully wrote 1052 bytes
[m[0;32;32m1970-01-01 03:00:30.996|I|145916041|lpUCM [RemoteSails.cpp:HandleResponse:149] HandleResponse started, buffer size: 1048
[m[0;32;32m1970-01-01 03:00:30.996|I|145916041|lpUCM [RemoteSails.cpp:HandleResponse:158] Successfully deserialized response, status: 0, result code: 0
[m[0;32;31m1970-01-01 03:00:30.996|E|145916041|lpUCM [IpccProtoMessage.cpp:SerializeParams:112] m_offset, 332800
[m[1;33m1970-01-01 03:00:30.996|W|145916041|lpUCM [RemoteSails.cpp:SendWithRetry:185] Successfully wrote 1052 bytes
[m[0;32;32m1970-01-01 03:00:31.97|I|145916041|lpUCM [RemoteSails.cpp:HandleResponse:149] HandleResponse started, buffer size: 1048
[m[0;32;32m1970-01-01 03:00:31.97|I|145916041|lpUCM [RemoteSails.cpp:HandleResponse:158] Successfully deserialized response, status: 0, result code: 0
[m[0;32;31m1970-01-01 03:00:31.97|E|145916041|lpUCM [IpccProtoMessage.cpp:SerializeParams:112] m_offset, 333824
[m[1;33m1970-01-01 03:00:31.97|W|145916041|lpUCM [RemoteSails.cpp:SendWithRetry:185] Successfully wrote 1052 bytes
[m[0;32;32m1970-01-01 03:00:31.198|I|145916041|lpUCM [RemoteSails.cpp:HandleResponse:149] HandleResponse started, buffer size: 1048
[m[0;32;32m1970-01-01 03:00:31.198|I|145916041|lpUCM [RemoteSails.cpp:HandleResponse:158] Successfully deserialized response, status: 0, result code: 0
[m[0;32;31m1970-01-01 03:00:31.198|E|145916041|lpUCM [IpccProtoMessage.cpp:SerializeParams:112] m_offset, 334848
[m[1;33m1970-01-01 03:00:31.198|W|145916041|lpUCM [RemoteSails.cpp:SendWithRetry:185] Successfully wrote 1052 bytes
[m[0;32;32m1970-01-01 03:00:31.300|I|145916041|lpUCM [RemoteSails.cpp:HandleResponse:149] HandleResponse started, buffer size: 1048
[m[0;32;32m1970-01-01 03:00:31.300|I|145916041|lpUCM [RemoteSails.cpp:HandleResponse:158] Successfully deserialized response, status: 0, result code: 0
[m[0;32;31m1970-01-01 03:00:31.300|E|145916041|lpUCM [IpccProtoMessage.cpp:SerializeParams:112] m_offset, 335872
[m[1;33m1970-01-01 03:00:31.300|W|145916041|lpUCM [RemoteSails.cpp:SendWithRetry:185] Successfully wrote 1052 bytes
[m[0;32;32m1970-01-01 03:00:31.402|I|145916041|lpUCM [RemoteSails.cpp:HandleResponse:149] HandleResponse started, buffer size: 1048
[m[0;32;32m1970-01-01 03:00:31.402|I|145916041|lpUCM [RemoteSails.cpp:HandleResponse:158] Successfully deserialized response, status: 0, result code: 0
[m[0;32;31m1970-01-01 03:00:31.402|E|145916041|lpUCM [IpccProtoMessage.cpp:SerializeParams:112] m_offset, 336896
[m[1;33m1970-01-01 03:00:31.402|W|145916041|lpUCM [RemoteSails.cpp:SendWithRetry:185] Successfully wrote 1052 bytes
[m[0;32;32m1970-01-01 03:00:31.503|I|145916041|lpUCM [RemoteSails.cpp:HandleResponse:149] HandleResponse started, buffer size: 1048
[m[0;32;32m1970-01-01 03:00:31.503|I|145916041|lpUCM [RemoteSails.cpp:HandleResponse:158] Successfully deserialized response, status: 0, result code: 0
[m[0;32;31m1970-01-01 03:00:31.503|E|145916041|lpUCM [IpccProtoMessage.cpp:SerializeParams:112] m_offset, 337920
[m[1;33m1970-01-01 03:00:31.503|W|145916041|lpUCM [RemoteSails.cpp:SendWithRetry:185] Successfully wrote 1052 bytes
[m[0;32;32m1970-01-01 03:00:31.604|I|145916041|lpUCM [RemoteSails.cpp:HandleResponse:149] HandleResponse started, buffer size: 1048
[m[0;32;32m1970-01-01 03:00:31.604|I|145916041|lpUCM [RemoteSails.cpp:HandleResponse:158] Successfully deserialized response, status: 0, result code: 0
[m[0;32;31m1970-01-01 03:00:31.604|E|145916041|lpUCM [IpccProtoMessage.cpp:SerializeParams:112] m_offset, 338944
[m[1;33m1970-01-01 03:00:31.604|W|145916041|lpUCM [RemoteSails.cpp:SendWithRetry:185] Successfully wrote 1052 bytes
[m[0;32;32m1970-01-01 03:00:31.705|I|145916041|lpUCM [RemoteSails.cpp:HandleResponse:149] HandleResponse started, buffer size: 1048
[m[0;32;32m1970-01-01 03:00:31.705|I|145916041|lpUCM [RemoteSails.cpp:HandleResponse:158] Successfully deserialized response, status: 0, result code: 0
[m[0;32;31m1970-01-01 03:00:31.705|E|145916041|lpUCM [IpccProtoMessage.cpp:SerializeParams:112] m_offset, 339968
[m[1;33m1970-01-01 03:00:31.705|W|145916041|lpUCM [RemoteSails.cpp:SendWithRetry:185] Successfully wrote 1052 bytes
[m[0;32;32m1970-01-01 03:00:31.806|I|145916041|lpUCM [RemoteSails.cpp:HandleResponse:149] HandleResponse started, buffer size: 1048
[m[0;32;32m1970-01-01 03:00:31.806|I|145916041|lpUCM [RemoteSails.cpp:HandleResponse:158] Successfully deserialized response, status: 0, result code: 0
[m[0;32;31m1970-01-01 03:00:31.806|E|145916041|lpUCM [IpccProtoMessage.cpp:SerializeParams:112] m_offset, 340992
[m[1;33m1970-01-01 03:00:31.806|W|145916041|lpUCM [RemoteSails.cpp:SendWithRetry:185] Successfully wrote 1052 bytes
[m[0;32;32m1970-01-01 03:00:31.907|I|145916041|lpUCM [RemoteSails.cpp:HandleResponse:149] HandleResponse started, buffer size: 1048
[m[0;32;32m1970-01-01 03:00:31.907|I|145916041|lpUCM [RemoteSails.cpp:HandleResponse:158] Successfully deserialized response, status: 0, result code: 0
[m[0;32;31m1970-01-01 03:00:31.907|E|145916041|lpUCM [IpccProtoMessage.cpp:SerializeParams:112] m_offset, 342016
[m[1;33m1970-01-01 03:00:31.907|W|145916041|lpUCM [RemoteSails.cpp:SendWithRetry:185] Successfully wrote 1052 bytes
[m[0;32;32m1970-01-01 03:00:32.9|I|145916041|lpUCM [RemoteSails.cpp:HandleResponse:149] HandleResponse started, buffer size: 1048
[m[0;32;32m1970-01-01 03:00:32.9|I|145916041|lpUCM [RemoteSails.cpp:HandleResponse:158] Successfully deserialized response, status: 0, result code: 0
[m[0;32;31m1970-01-01 03:00:32.9|E|145916041|lpUCM [IpccProtoMessage.cpp:SerializeParams:112] m_offset, 343040
[m[1;33m1970-01-01 03:00:32.9|W|145916041|lpUCM [RemoteSails.cpp:SendWithRetry:185] Successfully wrote 1052 bytes
[m[0;32;32m1970-01-01 03:00:32.110|I|145916041|lpUCM [RemoteSails.cpp:HandleResponse:149] HandleResponse started, buffer size: 1048
[m[0;32;32m1970-01-01 03:00:32.110|I|145916041|lpUCM [RemoteSails.cpp:HandleResponse:158] Successfully deserialized response, status: 0, result code: 0
[m[0;32;32m1970-01-01 03:00:32.110|I|145916041|lpUCM [RemoteSails.cpp:SailWriteData:272] All data already trans size 16384
[m[0;32;32m1970-01-01 03:00:32.110|I|145916041|lpUCM [fds.cpp:FDS_OnLocalUpgProgress:246] total: 23, curr:22, percent:33, rop:92%
[m[0;32;32m1970-01-01 03:00:32.110|I|145916041|lpUCM [RemoteSails.cpp:SailWriteData:254] total data is 16384
[m[0;32;31m1970-01-01 03:00:32.110|E|145916041|lpUCM [IpccProtoMessage.cpp:SerializeParams:112] m_offset, 344064
[m[1;33m1970-01-01 03:00:32.110|W|145916041|lpUCM [RemoteSails.cpp:SendWithRetry:185] Successfully wrote 1052 bytes
[m[0;32;32m1970-01-01 03:00:32.211|I|145916041|lpUCM [RemoteSails.cpp:HandleResponse:149] HandleResponse started, buffer size: 1048
[m[0;32;32m1970-01-01 03:00:32.211|I|145916041|lpUCM [RemoteSails.cpp:HandleResponse:158] Successfully deserialized response, status: 0, result code: 0
[m[0;32;31m1970-01-01 03:00:32.211|E|145916041|lpUCM [IpccProtoMessage.cpp:SerializeParams:112] m_offset, 345088
[m[1;33m1970-01-01 03:00:32.211|W|145916041|lpUCM [RemoteSails.cpp:SendWithRetry:185] Successfully wrote 1052 bytes
[m[0;32;32m1970-01-01 03:00:32.313|I|145916041|lpUCM [RemoteSails.cpp:HandleResponse:149] HandleResponse started, buffer size: 1048
[m[0;32;32m1970-01-01 03:00:32.313|I|145916041|lpUCM [RemoteSails.cpp:HandleResponse:158] Successfully deserialized response, status: 0, result code: 0
[m[0;32;31m1970-01-01 03:00:32.313|E|145916041|lpUCM [IpccProtoMessage.cpp:SerializeParams:112] m_offset, 346112
[m[1;33m1970-01-01 03:00:32.313|W|145916041|lpUCM [RemoteSails.cpp:SendWithRetry:185] Successfully wrote 1052 bytes
[m[0;32;32m1970-01-01 03:00:32.414|I|145916041|lpUCM [RemoteSails.cpp:HandleResponse:149] HandleResponse started, buffer size: 1048
[m[0;32;32m1970-01-01 03:00:32.414|I|145916041|lpUCM [RemoteSails.cpp:HandleResponse:158] Successfully deserialized response, status: 0, result code: 0
[m[0;32;31m1970-01-01 03:00:32.414|E|145916041|lpUCM [IpccProtoMessage.cpp:SerializeParams:112] m_offset, 347136
[m[1;33m1970-01-01 03:00:32.414|W|145916041|lpUCM [RemoteSails.cpp:SendWithRetry:185] Successfully wrote 1052 bytes
[m[0;32;32m1970-01-01 03:00:32.516|I|145916041|lpUCM [RemoteSails.cpp:HandleResponse:149] HandleResponse started, buffer size: 1048
[m[0;32;32m1970-01-01 03:00:32.516|I|145916041|lpUCM [RemoteSails.cpp:HandleResponse:158] Successfully deserialized response, status: 0, result code: 0
[m[0;32;31m1970-01-01 03:00:32.516|E|145916041|lpUCM [IpccProtoMessage.cpp:SerializeParams:112] m_offset, 348160
[m[1;33m1970-01-01 03:00:32.516|W|145916041|lpUCM [RemoteSails.cpp:SendWithRetry:185] Successfully wrote 1052 bytes
[m[0;32;32m1970-01-01 03:00:32.617|I|145916041|lpUCM [RemoteSails.cpp:HandleResponse:149] HandleResponse started, buffer size: 1048
[m[0;32;32m1970-01-01 03:00:32.617|I|145916041|lpUCM [RemoteSails.cpp:HandleResponse:158] Successfully deserialized response, status: 0, result code: 0
[m[0;32;31m1970-01-01 03:00:32.617|E|145916041|lpUCM [IpccProtoMessage.cpp:SerializeParams:112] m_offset, 349184
[m[1;33m1970-01-01 03:00:32.617|W|145916041|lpUCM [RemoteSails.cpp:SendWithRetry:185] Successfully wrote 1052 bytes
[m[0;32;32m1970-01-01 03:00:32.719|I|145916041|lpUCM [RemoteSails.cpp:HandleResponse:149] HandleResponse started, buffer size: 1048
[m[0;32;32m1970-01-01 03:00:32.719|I|145916041|lpUCM [RemoteSails.cpp:HandleResponse:158] Successfully deserialized response, status: 0, result code: 0
[m[0;32;31m1970-01-01 03:00:32.719|E|145916041|lpUCM [IpccProtoMessage.cpp:SerializeParams:112] m_offset, 350208
[m[1;33m1970-01-01 03:00:32.719|W|145916041|lpUCM [RemoteSails.cpp:SendWithRetry:185] Successfully wrote 1052 bytes
[m[0;32;32m1970-01-01 03:00:32.820|I|145916041|lpUCM [RemoteSails.cpp:HandleResponse:149] HandleResponse started, buffer size: 1048
[m[0;32;32m1970-01-01 03:00:32.820|I|145916041|lpUCM [RemoteSails.cpp:HandleResponse:158] Successfully deserialized response, status: 0, result code: 0
[m[0;32;31m1970-01-01 03:00:32.820|E|145916041|lpUCM [IpccProtoMessage.cpp:SerializeParams:112] m_offset, 351232
[m[1;33m1970-01-01 03:00:32.820|W|145916041|lpUCM [RemoteSails.cpp:SendWithRetry:185] Successfully wrote 1052 bytes
[m[0;32;32m1970-01-01 03:00:32.922|I|145916041|lpUCM [RemoteSails.cpp:HandleResponse:149] HandleResponse started, buffer size: 1048
[m[0;32;32m1970-01-01 03:00:32.922|I|145916041|lpUCM [RemoteSails.cpp:HandleResponse:158] Successfully deserialized response, status: 0, result code: 0
[m[0;32;31m1970-01-01 03:00:32.922|E|145916041|lpUCM [IpccProtoMessage.cpp:SerializeParams:112] m_offset, 352256
[m[1;33m1970-01-01 03:00:32.922|W|145916041|lpUCM [RemoteSails.cpp:SendWithRetry:185] Successfully wrote 1052 bytes
[m[0;32;32m1970-01-01 03:00:33.24|I|145916041|lpUCM [RemoteSails.cpp:HandleResponse:149] HandleResponse started, buffer size: 1048
[m[0;32;32m1970-01-01 03:00:33.24|I|145916041|lpUCM [RemoteSails.cpp:HandleResponse:158] Successfully deserialized response, status: 0, result code: 0
[m[0;32;31m1970-01-01 03:00:33.24|E|145916041|lpUCM [IpccProtoMessage.cpp:SerializeParams:112] m_offset, 353280
[m[1;33m1970-01-01 03:00:33.24|W|145916041|lpUCM [RemoteSails.cpp:SendWithRetry:185] Successfully wrote 1052 bytes
[m[0;32;32m1970-01-01 03:00:33.125|I|145916041|lpUCM [RemoteSails.cpp:HandleResponse:149] HandleResponse started, buffer size: 1048
[m[0;32;32m1970-01-01 03:00:33.125|I|145916041|lpUCM [RemoteSails.cpp:HandleResponse:158] Successfully deserialized response, status: 0, result code: 0
[m[0;32;31m1970-01-01 03:00:33.125|E|145916041|lpUCM [IpccProtoMessage.cpp:SerializeParams:112] m_offset, 354304
[m[1;33m1970-01-01 03:00:33.125|W|145916041|lpUCM [RemoteSails.cpp:SendWithRetry:185] Successfully wrote 1052 bytes
[m[0;32;32m1970-01-01 03:00:33.227|I|145916041|lpUCM [RemoteSails.cpp:HandleResponse:149] HandleResponse started, buffer size: 1048
[m[0;32;32m1970-01-01 03:00:33.227|I|145916041|lpUCM [RemoteSails.cpp:HandleResponse:158] Successfully deserialized response, status: 0, result code: 0
[m[0;32;31m1970-01-01 03:00:33.227|E|145916041|lpUCM [IpccProtoMessage.cpp:SerializeParams:112] m_offset, 355328
[m[1;33m1970-01-01 03:00:33.227|W|145916041|lpUCM [RemoteSails.cpp:SendWithRetry:185] Successfully wrote 1052 bytes
[m[0;32;32m1970-01-01 03:00:33.329|I|145916041|lpUCM [RemoteSails.cpp:HandleResponse:149] HandleResponse started, buffer size: 1048
[m[0;32;32m1970-01-01 03:00:33.329|I|145916041|lpUCM [RemoteSails.cpp:HandleResponse:158] Successfully deserialized response, status: 0, result code: 0
[m[0;32;31m1970-01-01 03:00:33.329|E|145916041|lpUCM [IpccProtoMessage.cpp:SerializeParams:112] m_offset, 356352
[m[1;33m1970-01-01 03:00:33.329|W|145916041|lpUCM [RemoteSails.cpp:SendWithRetry:185] Successfully wrote 1052 bytes
[m[0;32;32m1970-01-01 03:00:33.431|I|145916041|lpUCM [RemoteSails.cpp:HandleResponse:149] HandleResponse started, buffer size: 1048
[m[0;32;32m1970-01-01 03:00:33.431|I|145916041|lpUCM [RemoteSails.cpp:HandleResponse:158] Successfully deserialized response, status: 0, result code: 0
[m[0;32;31m1970-01-01 03:00:33.431|E|145916041|lpUCM [IpccProtoMessage.cpp:SerializeParams:112] m_offset, 357376
[m[1;33m1970-01-01 03:00:33.431|W|145916041|lpUCM [RemoteSails.cpp:SendWithRetry:185] Successfully wrote 1052 bytes
[m[0;32;32m1970-01-01 03:00:33.532|I|145916041|lpUCM [RemoteSails.cpp:HandleResponse:149] HandleResponse started, buffer size: 1048
[m[0;32;32m1970-01-01 03:00:33.532|I|145916041|lpUCM [RemoteSails.cpp:HandleResponse:158] Successfully deserialized response, status: 0, result code: 0
[m[0;32;31m1970-01-01 03:00:33.532|E|145916041|lpUCM [IpccProtoMessage.cpp:SerializeParams:112] m_offset, 358400
[m[1;33m1970-01-01 03:00:33.532|W|145916041|lpUCM [RemoteSails.cpp:SendWithRetry:185] Successfully wrote 1052 bytes
[m[0;32;32m1970-01-01 03:00:33.634|I|145916041|lpUCM [RemoteSails.cpp:HandleResponse:149] HandleResponse started, buffer size: 1048
[m[0;32;32m1970-01-01 03:00:33.634|I|145916041|lpUCM [RemoteSails.cpp:HandleResponse:158] Successfully deserialized response, status: 0, result code: 0
[m[0;32;31m1970-01-01 03:00:33.634|E|145916041|lpUCM [IpccProtoMessage.cpp:SerializeParams:112] m_offset, 359424
[m[1;33m1970-01-01 03:00:33.634|W|145916041|lpUCM [RemoteSails.cpp:SendWithRetry:185] Successfully wrote 1052 bytes
[m[0;32;32m1970-01-01 03:00:33.735|I|145916041|lpUCM [RemoteSails.cpp:HandleResponse:149] HandleResponse started, buffer size: 1048
[m[0;32;32m1970-01-01 03:00:33.735|I|145916041|lpUCM [RemoteSails.cpp:HandleResponse:158] Successfully deserialized response, status: 0, result code: 0
[m[0;32;32m1970-01-01 03:00:33.735|I|145916041|lpUCM [RemoteSails.cpp:SailWriteData:272] All data already trans size 16384
[m[0;32;32m1970-01-01 03:00:33.735|I|145916041|lpUCM [fds.cpp:FDS_OnLocalUpgProgress:246] total: 23, curr:22, percent:34, rop:92%
[m[0;32;32m1970-01-01 03:00:33.735|I|145916041|lpUCM [RemoteSails.cpp:SailWriteData:254] total data is 16384
[m[0;32;31m1970-01-01 03:00:33.735|E|145916041|lpUCM [IpccProtoMessage.cpp:SerializeParams:112] m_offset, 360448
[m[1;33m1970-01-01 03:00:33.735|W|145916041|lpUCM [RemoteSails.cpp:SendWithRetry:185] Successfully wrote 1052 bytes
[m[0;32;32m1970-01-01 03:00:33.836|I|145916041|lpUCM [RemoteSails.cpp:HandleResponse:149] HandleResponse started, buffer size: 1048
[m[0;32;32m1970-01-01 03:00:33.836|I|145916041|lpUCM [RemoteSails.cpp:HandleResponse:158] Successfully deserialized response, status: 0, result code: 0
[m[0;32;31m1970-01-01 03:00:33.836|E|145916041|lpUCM [IpccProtoMessage.cpp:SerializeParams:112] m_offset, 361472
[m[1;33m1970-01-01 03:00:33.836|W|145916041|lpUCM [RemoteSails.cpp:SendWithRetry:185] Successfully wrote 1052 bytes
[m[0;32;32m1970-01-01 03:00:33.938|I|145916041|lpUCM [RemoteSails.cpp:HandleResponse:149] HandleResponse started, buffer size: 1048
[m[0;32;32m1970-01-01 03:00:33.938|I|145916041|lpUCM [RemoteSails.cpp:HandleResponse:158] Successfully deserialized response, status: 0, result code: 0
[m[0;32;31m1970-01-01 03:00:33.938|E|145916041|lpUCM [IpccProtoMessage.cpp:SerializeParams:112] m_offset, 362496
[m[1;33m1970-01-01 03:00:33.938|W|145916041|lpUCM [RemoteSails.cpp:SendWithRetry:185] Successfully wrote 1052 bytes
[m[0;32;32m1970-01-01 03:00:34.40|I|145916041|lpUCM [RemoteSails.cpp:HandleResponse:149] HandleResponse started, buffer size: 1048
[m[0;32;32m1970-01-01 03:00:34.40|I|145916041|lpUCM [RemoteSails.cpp:HandleResponse:158] Successfully deserialized response, status: 0, result code: 0
[m[0;32;31m1970-01-01 03:00:34.40|E|145916041|lpUCM [IpccProtoMessage.cpp:SerializeParams:112] m_offset, 363520
[m[1;33m1970-01-01 03:00:34.40|W|145916041|lpUCM [RemoteSails.cpp:SendWithRetry:185] Successfully wrote 1052 bytes
[m[0;32;32m1970-01-01 03:00:34.141|I|145916041|lpUCM [RemoteSails.cpp:HandleResponse:149] HandleResponse started, buffer size: 1048
[m[0;32;32m1970-01-01 03:00:34.141|I|145916041|lpUCM [RemoteSails.cpp:HandleResponse:158] Successfully deserialized response, status: 0, result code: 0
[m[0;32;31m1970-01-01 03:00:34.141|E|145916041|lpUCM [IpccProtoMessage.cpp:SerializeParams:112] m_offset, 364544
[m[1;33m1970-01-01 03:00:34.141|W|145916041|lpUCM [RemoteSails.cpp:SendWithRetry:185] Successfully wrote 1052 bytes
[m[0;32;32m1970-01-01 03:00:34.242|I|145916041|lpUCM [RemoteSails.cpp:HandleResponse:149] HandleResponse started, buffer size: 1048
[m[0;32;32m1970-01-01 03:00:34.242|I|145916041|lpUCM [RemoteSails.cpp:HandleResponse:158] Successfully deserialized response, status: 0, result code: 0
[m[0;32;31m1970-01-01 03:00:34.242|E|145916041|lpUCM [IpccProtoMessage.cpp:SerializeParams:112] m_offset, 365568
[m[1;33m1970-01-01 03:00:34.242|W|145916041|lpUCM [RemoteSails.cpp:SendWithRetry:185] Successfully wrote 1052 bytes
[m[0;32;32m1970-01-01 03:00:34.343|I|145916041|lpUCM [RemoteSails.cpp:HandleResponse:149] HandleResponse started, buffer size: 1048
[m[0;32;32m1970-01-01 03:00:34.343|I|145916041|lpUCM [RemoteSails.cpp:HandleResponse:158] Successfully deserialized response, status: 0, result code: 0
[m[0;32;31m1970-01-01 03:00:34.343|E|145916041|lpUCM [IpccProtoMessage.cpp:SerializeParams:112] m_offset, 366592
[m[1;33m1970-01-01 03:00:34.343|W|145916041|lpUCM [RemoteSails.cpp:SendWithRetry:185] Successfully wrote 1052 bytes
[m[0;32;32m1970-01-01 03:00:34.444|I|145916041|lpUCM [RemoteSails.cpp:HandleResponse:149] HandleResponse started, buffer size: 1048
[m[0;32;32m1970-01-01 03:00:34.444|I|145916041|lpUCM [RemoteSails.cpp:HandleResponse:158] Successfully deserialized response, status: 0, result code: 0
[m[0;32;31m1970-01-01 03:00:34.444|E|145916041|lpUCM [IpccProtoMessage.cpp:SerializeParams:112] m_offset, 367616
[m[1;33m1970-01-01 03:00:34.444|W|145916041|lpUCM [RemoteSails.cpp:SendWithRetry:185] Successfully wrote 1052 bytes
[m[0;32;32m1970-01-01 03:00:34.546|I|145916041|lpUCM [RemoteSails.cpp:HandleResponse:149] HandleResponse started, buffer size: 1048
[m[0;32;32m1970-01-01 03:00:34.546|I|145916041|lpUCM [RemoteSails.cpp:HandleResponse:158] Successfully deserialized response, status: 0, result code: 0
[m[0;32;31m1970-01-01 03:00:34.546|E|145916041|lpUCM [IpccProtoMessage.cpp:SerializeParams:112] m_offset, 368640
[m[1;33m1970-01-01 03:00:34.546|W|145916041|lpUCM [RemoteSails.cpp:SendWithRetry:185] Successfully wrote 1052 bytes
[m[0;32;32m1970-01-01 03:00:34.647|I|145916041|lpUCM [RemoteSails.cpp:HandleResponse:149] HandleResponse started, buffer size: 1048
[m[0;32;32m1970-01-01 03:00:34.647|I|145916041|lpUCM [RemoteSails.cpp:HandleResponse:158] Successfully deserialized response, status: 0, result code: 0
[m[0;32;31m1970-01-01 03:00:34.647|E|145916041|lpUCM [IpccProtoMessage.cpp:SerializeParams:112] m_offset, 369664
[m[1;33m1970-01-01 03:00:34.647|W|145916041|lpUCM [RemoteSails.cpp:SendWithRetry:185] Successfully wrote 1052 bytes
[m[0;32;32m1970-01-01 03:00:34.748|I|145916041|lpUCM [RemoteSails.cpp:HandleResponse:149] HandleResponse started, buffer size: 1048
[m[0;32;32m1970-01-01 03:00:34.748|I|145916041|lpUCM [RemoteSails.cpp:HandleResponse:158] Successfully deserialized response, status: 0, result code: 0
[m[0;32;31m1970-01-01 03:00:34.748|E|145916041|lpUCM [IpccProtoMessage.cpp:SerializeParams:112] m_offset, 370688
[m[1;33m1970-01-01 03:00:34.748|W|145916041|lpUCM [RemoteSails.cpp:SendWithRetry:185] Successfully wrote 1052 bytes
[m[0;32;32m1970-01-01 03:00:34.849|I|145916041|lpUCM [RemoteSails.cpp:HandleResponse:149] HandleResponse started, buffer size: 1048
[m[0;32;32m1970-01-01 03:00:34.849|I|145916041|lpUCM [RemoteSails.cpp:HandleResponse:158] Successfully deserialized response, status: 0, result code: 0
[m[0;32;31m1970-01-01 03:00:34.849|E|145916041|lpUCM [IpccProtoMessage.cpp:SerializeParams:112] m_offset, 371712
[m[1;33m1970-01-01 03:00:34.849|W|145916041|lpUCM [RemoteSails.cpp:SendWithRetry:185] Successfully wrote 1052 bytes
[m[0;32;32m1970-01-01 03:00:34.951|I|145916041|lpUCM [RemoteSails.cpp:HandleResponse:149] HandleResponse started, buffer size: 1048
[m[0;32;32m1970-01-01 03:00:34.951|I|145916041|lpUCM [RemoteSails.cpp:HandleResponse:158] Successfully deserialized response, status: 0, result code: 0
[m[0;32;31m1970-01-01 03:00:34.951|E|145916041|lpUCM [IpccProtoMessage.cpp:SerializeParams:112] m_offset, 372736
[m[1;33m1970-01-01 03:00:34.951|W|145916041|lpUCM [RemoteSails.cpp:SendWithRetry:185] Successfully wrote 1052 bytes
[m[0;32;32m1970-01-01 03:00:35.53|I|145916041|lpUCM [RemoteSails.cpp:HandleResponse:149] HandleResponse started, buffer size: 1048
[m[0;32;32m1970-01-01 03:00:35.53|I|145916041|lpUCM [RemoteSails.cpp:HandleResponse:158] Successfully deserialized response, status: 0, result code: 0
[m[0;32;31m1970-01-01 03:00:35.53|E|145916041|lpUCM [IpccProtoMessage.cpp:SerializeParams:112] m_offset, 373760
[m[1;33m1970-01-01 03:00:35.53|W|145916041|lpUCM [RemoteSails.cpp:SendWithRetry:185] Successfully wrote 1052 bytes
[m[0;32;32m1970-01-01 03:00:35.155|I|145916041|lpUCM [RemoteSails.cpp:HandleResponse:149] HandleResponse started, buffer size: 1048
[m[0;32;32m1970-01-01 03:00:35.155|I|145916041|lpUCM [RemoteSails.cpp:HandleResponse:158] Successfully deserialized response, status: 0, result code: 0
[m[0;32;31m1970-01-01 03:00:35.155|E|145916041|lpUCM [IpccProtoMessage.cpp:SerializeParams:112] m_offset, 374784
[m[1;33m1970-01-01 03:00:35.155|W|145916041|lpUCM [RemoteSails.cpp:SendWithRetry:185] Successfully wrote 1052 bytes
[m[0;32;32m1970-01-01 03:00:35.256|I|145916041|lpUCM [RemoteSails.cpp:HandleResponse:149] HandleResponse started, buffer size: 1048
[m[0;32;32m1970-01-01 03:00:35.256|I|145916041|lpUCM [RemoteSails.cpp:HandleResponse:158] Successfully deserialized response, status: 0, result code: 0
[m[0;32;31m1970-01-01 03:00:35.256|E|145916041|lpUCM [IpccProtoMessage.cpp:SerializeParams:112] m_offset, 375808
[m[1;33m1970-01-01 03:00:35.256|W|145916041|lpUCM [RemoteSails.cpp:SendWithRetry:185] Successfully wrote 1052 bytes
[m[0;32;32m1970-01-01 03:00:35.358|I|145916041|lpUCM [RemoteSails.cpp:HandleResponse:149] HandleResponse started, buffer size: 1048
[m[0;32;32m1970-01-01 03:00:35.358|I|145916041|lpUCM [RemoteSails.cpp:HandleResponse:158] Successfully deserialized response, status: 0, result code: 0
[m[0;32;32m1970-01-01 03:00:35.358|I|145916041|lpUCM [RemoteSails.cpp:SailWriteData:272] All data already trans size 16384
[m[0;32;32m1970-01-01 03:00:35.358|I|145916041|lpUCM [fds.cpp:FDS_OnLocalUpgProgress:246] total: 23, curr:22, percent:35, rop:92%
[m[0;32;32m1970-01-01 03:00:35.358|I|145916041|lpUCM [RemoteSails.cpp:SailWriteData:254] total data is 16384
[m[0;32;31m1970-01-01 03:00:35.358|E|145916041|lpUCM [IpccProtoMessage.cpp:SerializeParams:112] m_offset, 376832
[m[1;33m1970-01-01 03:00:35.358|W|145916041|lpUCM [RemoteSails.cpp:SendWithRetry:185] Successfully wrote 1052 bytes
[m[0;32;32m1970-01-01 03:00:35.460|I|145916041|lpUCM [RemoteSails.cpp:HandleResponse:149] HandleResponse started, buffer size: 1048
[m[0;32;32m1970-01-01 03:00:35.460|I|145916041|lpUCM [RemoteSails.cpp:HandleResponse:158] Successfully deserialized response, status: 0, result code: 0
[m[0;32;31m1970-01-01 03:00:35.460|E|145916041|lpUCM [IpccProtoMessage.cpp:SerializeParams:112] m_offset, 377856
[m[1;33m1970-01-01 03:00:35.460|W|145916041|lpUCM [RemoteSails.cpp:SendWithRetry:185] Successfully wrote 1052 bytes
[m[0;32;32m1970-01-01 03:00:35.562|I|145916041|lpUCM [RemoteSails.cpp:HandleResponse:149] HandleResponse started, buffer size: 1048
[m[0;32;32m1970-01-01 03:00:35.562|I|145916041|lpUCM [RemoteSails.cpp:HandleResponse:158] Successfully deserialized response, status: 0, result code: 0
[m[0;32;31m1970-01-01 03:00:35.562|E|145916041|lpUCM [IpccProtoMessage.cpp:SerializeParams:112] m_offset, 378880
[m[1;33m1970-01-01 03:00:35.562|W|145916041|lpUCM [RemoteSails.cpp:SendWithRetry:185] Successfully wrote 1052 bytes
[m[0;32;32m1970-01-01 03:00:35.664|I|145916041|lpUCM [RemoteSails.cpp:HandleResponse:149] HandleResponse started, buffer size: 1048
[m[0;32;32m1970-01-01 03:00:35.664|I|145916041|lpUCM [RemoteSails.cpp:HandleResponse:158] Successfully deserialized response, status: 0, result code: 0
[m[0;32;31m1970-01-01 03:00:35.664|E|145916041|lpUCM [IpccProtoMessage.cpp:SerializeParams:112] m_offset, 379904
[m[1;33m1970-01-01 03:00:35.664|W|145916041|lpUCM [RemoteSails.cpp:SendWithRetry:185] Successfully wrote 1052 bytes
[m[0;32;32m1970-01-01 03:00:35.765|I|145916041|lpUCM [RemoteSails.cpp:HandleResponse:149] HandleResponse started, buffer size: 1048
[m[0;32;32m1970-01-01 03:00:35.765|I|145916041|lpUCM [RemoteSails.cpp:HandleResponse:158] Successfully deserialized response, status: 0, result code: 0
[m[0;32;31m1970-01-01 03:00:35.765|E|145916041|lpUCM [IpccProtoMessage.cpp:SerializeParams:112] m_offset, 380928
[m[1;33m1970-01-01 03:00:35.765|W|145916041|lpUCM [RemoteSails.cpp:SendWithRetry:185] Successfully wrote 1052 bytes
[m[0;32;32m1970-01-01 03:00:35.866|I|145916041|lpUCM [RemoteSails.cpp:HandleResponse:149] HandleResponse started, buffer size: 1048
[m[0;32;32m1970-01-01 03:00:35.866|I|145916041|lpUCM [RemoteSails.cpp:HandleResponse:158] Successfully deserialized response, status: 0, result code: 0
[m[0;32;31m1970-01-01 03:00:35.866|E|145916041|lpUCM [IpccProtoMessage.cpp:SerializeParams:112] m_offset, 381952
[m[1;33m1970-01-01 03:00:35.866|W|145916041|lpUCM [RemoteSails.cpp:SendWithRetry:185] Successfully wrote 1052 bytes
[m[0;32;32m1970-01-01 03:00:35.968|I|145916041|lpUCM [RemoteSails.cpp:HandleResponse:149] HandleResponse started, buffer size: 1048
[m[0;32;32m1970-01-01 03:00:35.968|I|145916041|lpUCM [RemoteSails.cpp:HandleResponse:158] Successfully deserialized response, status: 0, result code: 0
[m[0;32;31m1970-01-01 03:00:35.968|E|145916041|lpUCM [IpccProtoMessage.cpp:SerializeParams:112] m_offset, 382976
[m[1;33m1970-01-01 03:00:35.968|W|145916041|lpUCM [RemoteSails.cpp:SendWithRetry:185] Successfully wrote 1052 bytes
[m[0;32;32m1970-01-01 03:00:36.69|I|145916041|lpUCM [RemoteSails.cpp:HandleResponse:149] HandleResponse started, buffer size: 1048
[m[0;32;32m1970-01-01 03:00:36.69|I|145916041|lpUCM [RemoteSails.cpp:HandleResponse:158] Successfully deserialized response, status: 0, result code: 0
[m[0;32;31m1970-01-01 03:00:36.69|E|145916041|lpUCM [IpccProtoMessage.cpp:SerializeParams:112] m_offset, 384000
[m[1;33m1970-01-01 03:00:36.69|W|145916041|lpUCM [RemoteSails.cpp:SendWithRetry:185] Successfully wrote 1052 bytes
[m[0;32;32m1970-01-01 03:00:36.170|I|145916041|lpUCM [RemoteSails.cpp:HandleResponse:149] HandleResponse started, buffer size: 1048
[m[0;32;32m1970-01-01 03:00:36.170|I|145916041|lpUCM [RemoteSails.cpp:HandleResponse:158] Successfully deserialized response, status: 0, result code: 0
[m[0;32;31m1970-01-01 03:00:36.170|E|145916041|lpUCM [IpccProtoMessage.cpp:SerializeParams:112] m_offset, 385024
[m[1;33m1970-01-01 03:00:36.170|W|145916041|lpUCM [RemoteSails.cpp:SendWithRetry:185] Successfully wrote 1052 bytes
[m[0;32;32m1970-01-01 03:00:36.272|I|145916041|lpUCM [RemoteSails.cpp:HandleResponse:149] HandleResponse started, buffer size: 1048
[m[0;32;32m1970-01-01 03:00:36.272|I|145916041|lpUCM [RemoteSails.cpp:HandleResponse:158] Successfully deserialized response, status: 0, result code: 0
[m[0;32;31m1970-01-01 03:00:36.272|E|145916041|lpUCM [IpccProtoMessage.cpp:SerializeParams:112] m_offset, 386048
[m[1;33m1970-01-01 03:00:36.272|W|145916041|lpUCM [RemoteSails.cpp:SendWithRetry:185] Successfully wrote 1052 bytes
[m[0;32;32m1970-01-01 03:00:36.374|I|145916041|lpUCM [RemoteSails.cpp:HandleResponse:149] HandleResponse started, buffer size: 1048
[m[0;32;32m1970-01-01 03:00:36.374|I|145916041|lpUCM [RemoteSails.cpp:HandleResponse:158] Successfully deserialized response, status: 0, result code: 0
[m[0;32;31m1970-01-01 03:00:36.374|E|145916041|lpUCM [IpccProtoMessage.cpp:SerializeParams:112] m_offset, 387072
[m[1;33m1970-01-01 03:00:36.374|W|145916041|lpUCM [RemoteSails.cpp:SendWithRetry:185] Successfully wrote 1052 bytes
[m[0;32;32m1970-01-01 03:00:36.475|I|145916041|lpUCM [RemoteSails.cpp:HandleResponse:149] HandleResponse started, buffer size: 1048
[m[0;32;32m1970-01-01 03:00:36.475|I|145916041|lpUCM [RemoteSails.cpp:HandleResponse:158] Successfully deserialized response, status: 0, result code: 0
[m[0;32;31m1970-01-01 03:00:36.475|E|145916041|lpUCM [IpccProtoMessage.cpp:SerializeParams:112] m_offset, 388096
[m[1;33m1970-01-01 03:00:36.475|W|145916041|lpUCM [RemoteSails.cpp:SendWithRetry:185] Successfully wrote 1052 bytes
[m[0;32;32m1970-01-01 03:00:36.577|I|145916041|lpUCM [RemoteSails.cpp:HandleResponse:149] HandleResponse started, buffer size: 1048
[m[0;32;32m1970-01-01 03:00:36.577|I|145916041|lpUCM [RemoteSails.cpp:HandleResponse:158] Successfully deserialized response, status: 0, result code: 0
[m[0;32;31m1970-01-01 03:00:36.577|E|145916041|lpUCM [IpccProtoMessage.cpp:SerializeParams:112] m_offset, 389120
[m[1;33m1970-01-01 03:00:36.577|W|145916041|lpUCM [RemoteSails.cpp:SendWithRetry:185] Successfully wrote 1052 bytes
[m[0;32;32m1970-01-01 03:00:36.678|I|145916041|lpUCM [RemoteSails.cpp:HandleResponse:149] HandleResponse started, buffer size: 1048
[m[0;32;32m1970-01-01 03:00:36.678|I|145916041|lpUCM [RemoteSails.cpp:HandleResponse:158] Successfully deserialized response, status: 0, result code: 0
[m[0;32;31m1970-01-01 03:00:36.678|E|145916041|lpUCM [IpccProtoMessage.cpp:SerializeParams:112] m_offset, 390144
[m[1;33m1970-01-01 03:00:36.678|W|145916041|lpUCM [RemoteSails.cpp:SendWithRetry:185] Successfully wrote 1052 bytes
[m[0;32;32m1970-01-01 03:00:36.779|I|145916041|lpUCM [RemoteSails.cpp:HandleResponse:149] HandleResponse started, buffer size: 1048
[m[0;32;32m1970-01-01 03:00:36.779|I|145916041|lpUCM [RemoteSails.cpp:HandleResponse:158] Successfully deserialized response, status: 0, result code: 0
[m[0;32;31m1970-01-01 03:00:36.779|E|145916041|lpUCM [IpccProtoMessage.cpp:SerializeParams:112] m_offset, 391168
[m[1;33m1970-01-01 03:00:36.779|W|145916041|lpUCM [RemoteSails.cpp:SendWithRetry:185] Successfully wrote 1052 bytes
[m[0;32;32m1970-01-01 03:00:36.881|I|145916041|lpUCM [RemoteSails.cpp:HandleResponse:149] HandleResponse started, buffer size: 1048
[m[0;32;32m1970-01-01 03:00:36.881|I|145916041|lpUCM [RemoteSails.cpp:HandleResponse:158] Successfully deserialized response, status: 0, result code: 0
[m[0;32;31m1970-01-01 03:00:36.881|E|145916041|lpUCM [IpccProtoMessage.cpp:SerializeParams:112] m_offset, 392192
[m[1;33m1970-01-01 03:00:36.881|W|145916041|lpUCM [RemoteSails.cpp:SendWithRetry:185] Successfully wrote 1052 bytes
[m[0;32;32m1970-01-01 03:00:36.982|I|145916041|lpUCM [RemoteSails.cpp:HandleResponse:149] HandleResponse started, buffer size: 1048
[m[0;32;32m1970-01-01 03:00:36.982|I|145916041|lpUCM [RemoteSails.cpp:HandleResponse:158] Successfully deserialized response, status: 0, result code: 0
[m[0;32;32m1970-01-01 03:00:36.982|I|145916041|lpUCM [RemoteSails.cpp:SailWriteData:272] All data already trans size 16384
[m[0;32;32m1970-01-01 03:00:36.982|I|145916041|lpUCM [fds.cpp:FDS_OnLocalUpgProgress:246] total: 23, curr:22, percent:36, rop:92%
[m[0;32;32m1970-01-01 03:00:36.982|I|145916041|lpUCM [RemoteSails.cpp:SailWriteData:254] total data is 16384
[m[0;32;31m1970-01-01 03:00:36.982|E|145916041|lpUCM [IpccProtoMessage.cpp:SerializeParams:112] m_offset, 393216
[m[1;33m1970-01-01 03:00:36.982|W|145916041|lpUCM [RemoteSails.cpp:SendWithRetry:185] Successfully wrote 1052 bytes
[m[0;32;32m1970-01-01 03:00:37.83|I|145916041|lpUCM [RemoteSails.cpp:HandleResponse:149] HandleResponse started, buffer size: 1048
[m[0;32;32m1970-01-01 03:00:37.83|I|145916041|lpUCM [RemoteSails.cpp:HandleResponse:158] Successfully deserialized response, status: 0, result code: 0
[m[0;32;31m1970-01-01 03:00:37.83|E|145916041|lpUCM [IpccProtoMessage.cpp:SerializeParams:112] m_offset, 394240
[m[1;33m1970-01-01 03:00:37.83|W|145916041|lpUCM [RemoteSails.cpp:SendWithRetry:185] Successfully wrote 1052 bytes
[m[0;32;32m1970-01-01 03:00:37.185|I|145916041|lpUCM [RemoteSails.cpp:HandleResponse:149] HandleResponse started, buffer size: 1048
[m[0;32;32m1970-01-01 03:00:37.185|I|145916041|lpUCM [RemoteSails.cpp:HandleResponse:158] Successfully deserialized response, status: 0, result code: 0
[m[0;32;31m1970-01-01 03:00:37.185|E|145916041|lpUCM [IpccProtoMessage.cpp:SerializeParams:112] m_offset, 395264
[m[1;33m1970-01-01 03:00:37.185|W|145916041|lpUCM [RemoteSails.cpp:SendWithRetry:185] Successfully wrote 1052 bytes
[m[0;32;32m1970-01-01 03:00:37.286|I|145916041|lpUCM [RemoteSails.cpp:HandleResponse:149] HandleResponse started, buffer size: 1048
[m[0;32;32m1970-01-01 03:00:37.286|I|145916041|lpUCM [RemoteSails.cpp:HandleResponse:158] Successfully deserialized response, status: 0, result code: 0
[m[0;32;31m1970-01-01 03:00:37.286|E|145916041|lpUCM [IpccProtoMessage.cpp:SerializeParams:112] m_offset, 396288
[m[1;33m1970-01-01 03:00:37.286|W|145916041|lpUCM [RemoteSails.cpp:SendWithRetry:185] Successfully wrote 1052 bytes
[m[0;32;32m1970-01-01 03:00:37.388|I|145916041|lpUCM [RemoteSails.cpp:HandleResponse:149] HandleResponse started, buffer size: 1048
[m[0;32;32m1970-01-01 03:00:37.388|I|145916041|lpUCM [RemoteSails.cpp:HandleResponse:158] Successfully deserialized response, status: 0, result code: 0
[m[0;32;31m1970-01-01 03:00:37.388|E|145916041|lpUCM [IpccProtoMessage.cpp:SerializeParams:112] m_offset, 397312
[m[1;33m1970-01-01 03:00:37.388|W|145916041|lpUCM [RemoteSails.cpp:SendWithRetry:185] Successfully wrote 1052 bytes
[m[0;32;32m1970-01-01 03:00:37.489|I|145916041|lpUCM [RemoteSails.cpp:HandleResponse:149] HandleResponse started, buffer size: 1048
[m[0;32;32m1970-01-01 03:00:37.489|I|145916041|lpUCM [RemoteSails.cpp:HandleResponse:158] Successfully deserialized response, status: 0, result code: 0
[m[0;32;31m1970-01-01 03:00:37.489|E|145916041|lpUCM [IpccProtoMessage.cpp:SerializeParams:112] m_offset, 398336
[m[1;33m1970-01-01 03:00:37.489|W|145916041|lpUCM [RemoteSails.cpp:SendWithRetry:185] Successfully wrote 1052 bytes
[m[0;32;32m1970-01-01 03:00:37.591|I|145916041|lpUCM [RemoteSails.cpp:HandleResponse:149] HandleResponse started, buffer size: 1048
[m[0;32;32m1970-01-01 03:00:37.591|I|145916041|lpUCM [RemoteSails.cpp:HandleResponse:158] Successfully deserialized response, status: 0, result code: 0
[m[0;32;31m1970-01-01 03:00:37.591|E|145916041|lpUCM [IpccProtoMessage.cpp:SerializeParams:112] m_offset, 399360
[m[1;33m1970-01-01 03:00:37.591|W|145916041|lpUCM [RemoteSails.cpp:SendWithRetry:185] Successfully wrote 1052 bytes
[m[0;32;32m1970-01-01 03:00:37.692|I|145916041|lpUCM [RemoteSails.cpp:HandleResponse:149] HandleResponse started, buffer size: 1048
[m[0;32;32m1970-01-01 03:00:37.692|I|145916041|lpUCM [RemoteSails.cpp:HandleResponse:158] Successfully deserialized response, status: 0, result code: 0
[m[0;32;31m1970-01-01 03:00:37.692|E|145916041|lpUCM [IpccProtoMessage.cpp:SerializeParams:112] m_offset, 400384
[m[1;33m1970-01-01 03:00:37.692|W|145916041|lpUCM [RemoteSails.cpp:SendWithRetry:185] Successfully wrote 1052 bytes
[m[0;32;32m1970-01-01 03:00:37.793|I|145916041|lpUCM [RemoteSails.cpp:HandleResponse:149] HandleResponse started, buffer size: 1048
[m[0;32;32m1970-01-01 03:00:37.793|I|145916041|lpUCM [RemoteSails.cpp:HandleResponse:158] Successfully deserialized response, status: 0, result code: 0
[m[0;32;31m1970-01-01 03:00:37.793|E|145916041|lpUCM [IpccProtoMessage.cpp:SerializeParams:112] m_offset, 401408
[m[1;33m1970-01-01 03:00:37.793|W|145916041|lpUCM [RemoteSails.cpp:SendWithRetry:185] Successfully wrote 1052 bytes
[m[0;32;32m1970-01-01 03:00:37.895|I|145916041|lpUCM [RemoteSails.cpp:HandleResponse:149] HandleResponse started, buffer size: 1048
[m[0;32;32m1970-01-01 03:00:37.895|I|145916041|lpUCM [RemoteSails.cpp:HandleResponse:158] Successfully deserialized response, status: 0, result code: 0
[m[0;32;31m1970-01-01 03:00:37.895|E|145916041|lpUCM [IpccProtoMessage.cpp:SerializeParams:112] m_offset, 402432
[m[1;33m1970-01-01 03:00:37.895|W|145916041|lpUCM [RemoteSails.cpp:SendWithRetry:185] Successfully wrote 1052 bytes
[m[0;32;32m1970-01-01 03:00:37.997|I|145916041|lpUCM [RemoteSails.cpp:HandleResponse:149] HandleResponse started, buffer size: 1048
[m[0;32;32m1970-01-01 03:00:37.997|I|145916041|lpUCM [RemoteSails.cpp:HandleResponse:158] Successfully deserialized response, status: 0, result code: 0
[m[0;32;31m1970-01-01 03:00:37.997|E|145916041|lpUCM [IpccProtoMessage.cpp:SerializeParams:112] m_offset, 403456
[m[1;33m1970-01-01 03:00:37.997|W|145916041|lpUCM [RemoteSails.cpp:SendWithRetry:185] Successfully wrote 1052 bytes
[m[0;32;32m1970-01-01 03:00:38.98|I|145916041|lpUCM [RemoteSails.cpp:HandleResponse:149] HandleResponse started, buffer size: 1048
[m[0;32;32m1970-01-01 03:00:38.98|I|145916041|lpUCM [RemoteSails.cpp:HandleResponse:158] Successfully deserialized response, status: 0, result code: 0
[m[0;32;31m1970-01-01 03:00:38.98|E|145916041|lpUCM [IpccProtoMessage.cpp:SerializeParams:112] m_offset, 404480
[m[1;33m1970-01-01 03:00:38.98|W|145916041|lpUCM [RemoteSails.cpp:SendWithRetry:185] Successfully wrote 1052 bytes
[m[0;32;32m1970-01-01 03:00:38.199|I|145916041|lpUCM [RemoteSails.cpp:HandleResponse:149] HandleResponse started, buffer size: 1048
[m[0;32;32m1970-01-01 03:00:38.199|I|145916041|lpUCM [RemoteSails.cpp:HandleResponse:158] Successfully deserialized response, status: 0, result code: 0
[m[0;32;31m1970-01-01 03:00:38.199|E|145916041|lpUCM [IpccProtoMessage.cpp:SerializeParams:112] m_offset, 405504
[m[1;33m1970-01-01 03:00:38.199|W|145916041|lpUCM [RemoteSails.cpp:SendWithRetry:185] Successfully wrote 1052 bytes
[m[0;32;32m1970-01-01 03:00:38.301|I|145916041|lpUCM [RemoteSails.cpp:HandleResponse:149] HandleResponse started, buffer size: 1048
[m[0;32;32m1970-01-01 03:00:38.301|I|145916041|lpUCM [RemoteSails.cpp:HandleResponse:158] Successfully deserialized response, status: 0, result code: 0
[m[0;32;31m1970-01-01 03:00:38.301|E|145916041|lpUCM [IpccProtoMessage.cpp:SerializeParams:112] m_offset, 406528
[m[1;33m1970-01-01 03:00:38.301|W|145916041|lpUCM [RemoteSails.cpp:SendWithRetry:185] Successfully wrote 1052 bytes
[m[0;32;32m1970-01-01 03:00:38.403|I|145916041|lpUCM [RemoteSails.cpp:HandleResponse:149] HandleResponse started, buffer size: 1048
[m[0;32;32m1970-01-01 03:00:38.403|I|145916041|lpUCM [RemoteSails.cpp:HandleResponse:158] Successfully deserialized response, status: 0, result code: 0
[m[0;32;31m1970-01-01 03:00:38.403|E|145916041|lpUCM [IpccProtoMessage.cpp:SerializeParams:112] m_offset, 407552
[m[1;33m1970-01-01 03:00:38.403|W|145916041|lpUCM [RemoteSails.cpp:SendWithRetry:185] Successfully wrote 1052 bytes
[m[0;32;32m1970-01-01 03:00:38.504|I|145916041|lpUCM [RemoteSails.cpp:HandleResponse:149] HandleResponse started, buffer size: 1048
[m[0;32;32m1970-01-01 03:00:38.504|I|145916041|lpUCM [RemoteSails.cpp:HandleResponse:158] Successfully deserialized response, status: 0, result code: 0
[m[0;32;31m1970-01-01 03:00:38.504|E|145916041|lpUCM [IpccProtoMessage.cpp:SerializeParams:112] m_offset, 408576
[m[1;33m1970-01-01 03:00:38.504|W|145916041|lpUCM [RemoteSails.cpp:SendWithRetry:185] Successfully wrote 1052 bytes
[m[0;32;32m1970-01-01 03:00:38.606|I|145916041|lpUCM [RemoteSails.cpp:HandleResponse:149] HandleResponse started, buffer size: 1048
[m[0;32;32m1970-01-01 03:00:38.606|I|145916041|lpUCM [RemoteSails.cpp:HandleResponse:158] Successfully deserialized response, status: 0, result code: 0
[m[0;32;32m1970-01-01 03:00:38.606|I|145916041|lpUCM [RemoteSails.cpp:SailWriteData:272] All data already trans size 16384
[m[0;32;32m1970-01-01 03:00:38.606|I|145916041|lpUCM [fds.cpp:FDS_OnLocalUpgProgress:246] total: 23, curr:22, percent:37, rop:92%
[m[0;32;32m1970-01-01 03:00:38.606|I|145916041|lpUCM [RemoteSails.cpp:SailWriteData:254] total data is 16384
[m[0;32;31m1970-01-01 03:00:38.606|E|145916041|lpUCM [IpccProtoMessage.cpp:SerializeParams:112] m_offset, 409600
[m[1;33m1970-01-01 03:00:38.606|W|145916041|lpUCM [RemoteSails.cpp:SendWithRetry:185] Successfully wrote 1052 bytes
[m[0;32;32m1970-01-01 03:00:38.707|I|145916041|lpUCM [RemoteSails.cpp:HandleResponse:149] HandleResponse started, buffer size: 1048
[m[0;32;32m1970-01-01 03:00:38.707|I|145916041|lpUCM [RemoteSails.cpp:HandleResponse:158] Successfully deserialized response, status: 0, result code: 0
[m[0;32;31m1970-01-01 03:00:38.707|E|145916041|lpUCM [IpccProtoMessage.cpp:SerializeParams:112] m_offset, 410624
[m[1;33m1970-01-01 03:00:38.707|W|145916041|lpUCM [RemoteSails.cpp:SendWithRetry:185] Successfully wrote 1052 bytes
[m[0;32;32m1970-01-01 03:00:38.808|I|145916041|lpUCM [RemoteSails.cpp:HandleResponse:149] HandleResponse started, buffer size: 1048
[m[0;32;32m1970-01-01 03:00:38.808|I|145916041|lpUCM [RemoteSails.cpp:HandleResponse:158] Successfully deserialized response, status: 0, result code: 0
[m[0;32;31m1970-01-01 03:00:38.808|E|145916041|lpUCM [IpccProtoMessage.cpp:SerializeParams:112] m_offset, 411648
[m[1;33m1970-01-01 03:00:38.808|W|145916041|lpUCM [RemoteSails.cpp:SendWithRetry:185] Successfully wrote 1052 bytes
[m[0;32;32m1970-01-01 03:00:38.910|I|145916041|lpUCM [RemoteSails.cpp:HandleResponse:149] HandleResponse started, buffer size: 1048
[m[0;32;32m1970-01-01 03:00:38.910|I|145916041|lpUCM [RemoteSails.cpp:HandleResponse:158] Successfully deserialized response, status: 0, result code: 0
[m[0;32;31m1970-01-01 03:00:38.910|E|145916041|lpUCM [IpccProtoMessage.cpp:SerializeParams:112] m_offset, 412672
[m[1;33m1970-01-01 03:00:38.910|W|145916041|lpUCM [RemoteSails.cpp:SendWithRetry:185] Successfully wrote 1052 bytes
[m[0;32;32m1970-01-01 03:00:39.11|I|145916041|lpUCM [RemoteSails.cpp:HandleResponse:149] HandleResponse started, buffer size: 1048
[m[0;32;32m1970-01-01 03:00:39.11|I|145916041|lpUCM [RemoteSails.cpp:HandleResponse:158] Successfully deserialized response, status: 0, result code: 0
[m[0;32;31m1970-01-01 03:00:39.11|E|145916041|lpUCM [IpccProtoMessage.cpp:SerializeParams:112] m_offset, 413696
[m[1;33m1970-01-01 03:00:39.11|W|145916041|lpUCM [RemoteSails.cpp:SendWithRetry:185] Successfully wrote 1052 bytes
[m[0;32;32m1970-01-01 03:00:39.112|I|145916041|lpUCM [RemoteSails.cpp:HandleResponse:149] HandleResponse started, buffer size: 1048
[m[0;32;32m1970-01-01 03:00:39.112|I|145916041|lpUCM [RemoteSails.cpp:HandleResponse:158] Successfully deserialized response, status: 0, result code: 0
[m[0;32;31m1970-01-01 03:00:39.112|E|145916041|lpUCM [IpccProtoMessage.cpp:SerializeParams:112] m_offset, 414720
[m[1;33m1970-01-01 03:00:39.112|W|145916041|lpUCM [RemoteSails.cpp:SendWithRetry:185] Successfully wrote 1052 bytes
[m[0;32;32m1970-01-01 03:00:39.214|I|145916041|lpUCM [RemoteSails.cpp:HandleResponse:149] HandleResponse started, buffer size: 1048
[m[0;32;32m1970-01-01 03:00:39.214|I|145916041|lpUCM [RemoteSails.cpp:HandleResponse:158] Successfully deserialized response, status: 0, result code: 0
[m[0;32;31m1970-01-01 03:00:39.214|E|145916041|lpUCM [IpccProtoMessage.cpp:SerializeParams:112] m_offset, 415744
[m[1;33m1970-01-01 03:00:39.214|W|145916041|lpUCM [RemoteSails.cpp:SendWithRetry:185] Successfully wrote 1052 bytes
[m[0;32;32m1970-01-01 03:00:39.316|I|145916041|lpUCM [RemoteSails.cpp:HandleResponse:149] HandleResponse started, buffer size: 1048
[m[0;32;32m1970-01-01 03:00:39.316|I|145916041|lpUCM [RemoteSails.cpp:HandleResponse:158] Successfully deserialized response, status: 0, result code: 0
[m[0;32;31m1970-01-01 03:00:39.316|E|145916041|lpUCM [IpccProtoMessage.cpp:SerializeParams:112] m_offset, 416768
[m[1;33m1970-01-01 03:00:39.316|W|145916041|lpUCM [RemoteSails.cpp:SendWithRetry:185] Successfully wrote 1052 bytes
[m[0;32;32m1970-01-01 03:00:39.417|I|145916041|lpUCM [RemoteSails.cpp:HandleResponse:149] HandleResponse started, buffer size: 1048
[m[0;32;32m1970-01-01 03:00:39.417|I|145916041|lpUCM [RemoteSails.cpp:HandleResponse:158] Successfully deserialized response, status: 0, result code: 0
[m[0;32;31m1970-01-01 03:00:39.417|E|145916041|lpUCM [IpccProtoMessage.cpp:SerializeParams:112] m_offset, 417792
[m[1;33m1970-01-01 03:00:39.417|W|145916041|lpUCM [RemoteSails.cpp:SendWithRetry:185] Successfully wrote 1052 bytes
[m[0;32;32m1970-01-01 03:00:39.518|I|145916041|lpUCM [RemoteSails.cpp:HandleResponse:149] HandleResponse started, buffer size: 1048
[m[0;32;32m1970-01-01 03:00:39.518|I|145916041|lpUCM [RemoteSails.cpp:HandleResponse:158] Successfully deserialized response, status: 0, result code: 0
[m[0;32;31m1970-01-01 03:00:39.518|E|145916041|lpUCM [IpccProtoMessage.cpp:SerializeParams:112] m_offset, 418816
[m[1;33m1970-01-01 03:00:39.518|W|145916041|lpUCM [RemoteSails.cpp:SendWithRetry:185] Successfully wrote 1052 bytes
[m[0;32;32m1970-01-01 03:00:39.620|I|145916041|lpUCM [RemoteSails.cpp:HandleResponse:149] HandleResponse started, buffer size: 1048
[m[0;32;32m1970-01-01 03:00:39.620|I|145916041|lpUCM [RemoteSails.cpp:HandleResponse:158] Successfully deserialized response, status: 0, result code: 0
[m[0;32;31m1970-01-01 03:00:39.620|E|145916041|lpUCM [IpccProtoMessage.cpp:SerializeParams:112] m_offset, 419840
[m[1;33m1970-01-01 03:00:39.620|W|145916041|lpUCM [RemoteSails.cpp:SendWithRetry:185] Successfully wrote 1052 bytes
[m[0;32;32m1970-01-01 03:00:39.721|I|145916041|lpUCM [RemoteSails.cpp:HandleResponse:149] HandleResponse started, buffer size: 1048
[m[0;32;32m1970-01-01 03:00:39.721|I|145916041|lpUCM [RemoteSails.cpp:HandleResponse:158] Successfully deserialized response, status: 0, result code: 0
[m[0;32;31m1970-01-01 03:00:39.721|E|145916041|lpUCM [IpccProtoMessage.cpp:SerializeParams:112] m_offset, 420864
[m[1;33m1970-01-01 03:00:39.721|W|145916041|lpUCM [RemoteSails.cpp:SendWithRetry:185] Successfully wrote 1052 bytes
[m[0;32;32m1970-01-01 03:00:39.822|I|145916041|lpUCM [RemoteSails.cpp:HandleResponse:149] HandleResponse started, buffer size: 1048
[m[0;32;32m1970-01-01 03:00:39.822|I|145916041|lpUCM [RemoteSails.cpp:HandleResponse:158] Successfully deserialized response, status: 0, result code: 0
[m[0;32;31m1970-01-01 03:00:39.822|E|145916041|lpUCM [IpccProtoMessage.cpp:SerializeParams:112] m_offset, 421888
[m[1;33m1970-01-01 03:00:39.822|W|145916041|lpUCM [RemoteSails.cpp:SendWithRetry:185] Successfully wrote 1052 bytes
[m[0;32;32m1970-01-01 03:00:39.924|I|145916041|lpUCM [RemoteSails.cpp:HandleResponse:149] HandleResponse started, buffer size: 1048
[m[0;32;32m1970-01-01 03:00:39.924|I|145916041|lpUCM [RemoteSails.cpp:HandleResponse:158] Successfully deserialized response, status: 0, result code: 0
[m[0;32;31m1970-01-01 03:00:39.924|E|145916041|lpUCM [IpccProtoMessage.cpp:SerializeParams:112] m_offset, 422912
[m[1;33m1970-01-01 03:00:39.924|W|145916041|lpUCM [RemoteSails.cpp:SendWithRetry:185] Successfully wrote 1052 bytes
[m[0;32;32m1970-01-01 03:00:40.27|I|145916041|lpUCM [RemoteSails.cpp:HandleResponse:149] HandleResponse started, buffer size: 1048
[m[0;32;32m1970-01-01 03:00:40.27|I|145916041|lpUCM [RemoteSails.cpp:HandleResponse:158] Successfully deserialized response, status: 0, result code: 0
[m[0;32;31m1970-01-01 03:00:40.27|E|145916041|lpUCM [IpccProtoMessage.cpp:SerializeParams:112] m_offset, 423936
[m[1;33m1970-01-01 03:00:40.27|W|145916041|lpUCM [RemoteSails.cpp:SendWithRetry:185] Successfully wrote 1052 bytes
[m[0;32;32m1970-01-01 03:00:40.128|I|145916041|lpUCM [RemoteSails.cpp:HandleResponse:149] HandleResponse started, buffer size: 1048
[m[0;32;32m1970-01-01 03:00:40.128|I|145916041|lpUCM [RemoteSails.cpp:HandleResponse:158] Successfully deserialized response, status: 0, result code: 0
[m[0;32;31m1970-01-01 03:00:40.128|E|145916041|lpUCM [IpccProtoMessage.cpp:SerializeParams:112] m_offset, 424960
[m[1;33m1970-01-01 03:00:40.128|W|145916041|lpUCM [RemoteSails.cpp:SendWithRetry:185] Successfully wrote 1052 bytes
[m[0;32;32m1970-01-01 03:00:40.229|I|145916041|lpUCM [RemoteSails.cpp:HandleResponse:149] HandleResponse started, buffer size: 1048
[m[0;32;32m1970-01-01 03:00:40.229|I|145916041|lpUCM [RemoteSails.cpp:HandleResponse:158] Successfully deserialized response, status: 0, result code: 0
[m[0;32;32m1970-01-01 03:00:40.229|I|145916041|lpUCM [RemoteSails.cpp:SailWriteData:272] All data already trans size 16384
[m[0;32;32m1970-01-01 03:00:40.229|I|145916041|lpUCM [fds.cpp:FDS_OnLocalUpgProgress:246] total: 23, curr:22, percent:38, rop:92%
[m[0;32;32m1970-01-01 03:00:40.229|I|145916041|lpUCM [RemoteSails.cpp:SailWriteData:254] total data is 16384
[m[0;32;31m1970-01-01 03:00:40.229|E|145916041|lpUCM [IpccProtoMessage.cpp:SerializeParams:112] m_offset, 425984
[m[1;33m1970-01-01 03:00:40.229|W|145916041|lpUCM [RemoteSails.cpp:SendWithRetry:185] Successfully wrote 1052 bytes
[m[0;32;32m1970-01-01 03:00:40.331|I|145916041|lpUCM [RemoteSails.cpp:HandleResponse:149] HandleResponse started, buffer size: 1048
[m[0;32;32m1970-01-01 03:00:40.331|I|145916041|lpUCM [RemoteSails.cpp:HandleResponse:158] Successfully deserialized response, status: 0, result code: 0
[m[0;32;31m1970-01-01 03:00:40.331|E|145916041|lpUCM [IpccProtoMessage.cpp:SerializeParams:112] m_offset, 427008
[m[1;33m1970-01-01 03:00:40.331|W|145916041|lpUCM [RemoteSails.cpp:SendWithRetry:185] Successfully wrote 1052 bytes
[m[0;32;32m1970-01-01 03:00:40.433|I|145916041|lpUCM [RemoteSails.cpp:HandleResponse:149] HandleResponse started, buffer size: 1048
[m[0;32;32m1970-01-01 03:00:40.433|I|145916041|lpUCM [RemoteSails.cpp:HandleResponse:158] Successfully deserialized response, status: 0, result code: 0
[m[0;32;31m1970-01-01 03:00:40.433|E|145916041|lpUCM [IpccProtoMessage.cpp:SerializeParams:112] m_offset, 428032
[m[1;33m1970-01-01 03:00:40.433|W|145916041|lpUCM [RemoteSails.cpp:SendWithRetry:185] Successfully wrote 1052 bytes
[m[0;32;32m1970-01-01 03:00:40.535|I|145916041|lpUCM [RemoteSails.cpp:HandleResponse:149] HandleResponse started, buffer size: 1048
[m[0;32;32m1970-01-01 03:00:40.535|I|145916041|lpUCM [RemoteSails.cpp:HandleResponse:158] Successfully deserialized response, status: 0, result code: 0
[m[0;32;31m1970-01-01 03:00:40.535|E|145916041|lpUCM [IpccProtoMessage.cpp:SerializeParams:112] m_offset, 429056
[m[1;33m1970-01-01 03:00:40.535|W|145916041|lpUCM [RemoteSails.cpp:SendWithRetry:185] Successfully wrote 1052 bytes
[m[0;32;32m1970-01-01 03:00:40.636|I|145916041|lpUCM [RemoteSails.cpp:HandleResponse:149] HandleResponse started, buffer size: 1048
[m[0;32;32m1970-01-01 03:00:40.636|I|145916041|lpUCM [RemoteSails.cpp:HandleResponse:158] Successfully deserialized response, status: 0, result code: 0
[m[0;32;31m1970-01-01 03:00:40.636|E|145916041|lpUCM [IpccProtoMessage.cpp:SerializeParams:112] m_offset, 430080
[m[1;33m1970-01-01 03:00:40.636|W|145916041|lpUCM [RemoteSails.cpp:SendWithRetry:185] Successfully wrote 1052 bytes
[m[0;32;32m1970-01-01 03:00:40.737|I|145916041|lpUCM [RemoteSails.cpp:HandleResponse:149] HandleResponse started, buffer size: 1048
[m[0;32;32m1970-01-01 03:00:40.737|I|145916041|lpUCM [RemoteSails.cpp:HandleResponse:158] Successfully deserialized response, status: 0, result code: 0
[m[0;32;31m1970-01-01 03:00:40.737|E|145916041|lpUCM [IpccProtoMessage.cpp:SerializeParams:112] m_offset, 431104
[m[1;33m1970-01-01 03:00:40.737|W|145916041|lpUCM [RemoteSails.cpp:SendWithRetry:185] Successfully wrote 1052 bytes
[m[0;32;32m1970-01-01 03:00:40.838|I|145916041|lpUCM [RemoteSails.cpp:HandleResponse:149] HandleResponse started, buffer size: 1048
[m[0;32;32m1970-01-01 03:00:40.838|I|145916041|lpUCM [RemoteSails.cpp:HandleResponse:158] Successfully deserialized response, status: 0, result code: 0
[m[0;32;31m1970-01-01 03:00:40.838|E|145916041|lpUCM [IpccProtoMessage.cpp:SerializeParams:112] m_offset, 432128
[m[1;33m1970-01-01 03:00:40.838|W|145916041|lpUCM [RemoteSails.cpp:SendWithRetry:185] Successfully wrote 1052 bytes
[m[0;32;32m1970-01-01 03:00:40.940|I|145916041|lpUCM [RemoteSails.cpp:HandleResponse:149] HandleResponse started, buffer size: 1048
[m[0;32;32m1970-01-01 03:00:40.940|I|145916041|lpUCM [RemoteSails.cpp:HandleResponse:158] Successfully deserialized response, status: 0, result code: 0
[m[0;32;31m1970-01-01 03:00:40.940|E|145916041|lpUCM [IpccProtoMessage.cpp:SerializeParams:112] m_offset, 433152
[m[1;33m1970-01-01 03:00:40.940|W|145916041|lpUCM [RemoteSails.cpp:SendWithRetry:185] Successfully wrote 1052 bytes
[m[0;32;32m1970-01-01 03:00:41.42|I|145916041|lpUCM [RemoteSails.cpp:HandleResponse:149] HandleResponse started, buffer size: 1048
[m[0;32;32m1970-01-01 03:00:41.42|I|145916041|lpUCM [RemoteSails.cpp:HandleResponse:158] Successfully deserialized response, status: 0, result code: 0
[m[0;32;31m1970-01-01 03:00:41.42|E|145916041|lpUCM [IpccProtoMessage.cpp:SerializeParams:112] m_offset, 434176
[m[1;33m1970-01-01 03:00:41.42|W|145916041|lpUCM [RemoteSails.cpp:SendWithRetry:185] Successfully wrote 1052 bytes
[m[0;32;32m1970-01-01 03:00:41.143|I|145916041|lpUCM [RemoteSails.cpp:HandleResponse:149] HandleResponse started, buffer size: 1048
[m[0;32;32m1970-01-01 03:00:41.143|I|145916041|lpUCM [RemoteSails.cpp:HandleResponse:158] Successfully deserialized response, status: 0, result code: 0
[m[0;32;31m1970-01-01 03:00:41.143|E|145916041|lpUCM [IpccProtoMessage.cpp:SerializeParams:112] m_offset, 435200
[m[1;33m1970-01-01 03:00:41.143|W|145916041|lpUCM [RemoteSails.cpp:SendWithRetry:185] Successfully wrote 1052 bytes
[m[0;32;32m1970-01-01 03:00:41.245|I|145916041|lpUCM [RemoteSails.cpp:HandleResponse:149] HandleResponse started, buffer size: 1048
[m[0;32;32m1970-01-01 03:00:41.245|I|145916041|lpUCM [RemoteSails.cpp:HandleResponse:158] Successfully deserialized response, status: 0, result code: 0
[m[0;32;31m1970-01-01 03:00:41.245|E|145916041|lpUCM [IpccProtoMessage.cpp:SerializeParams:112] m_offset, 436224
[m[1;33m1970-01-01 03:00:41.245|W|145916041|lpUCM [RemoteSails.cpp:SendWithRetry:185] Successfully wrote 1052 bytes
[m[0;32;32m1970-01-01 03:00:41.347|I|145916041|lpUCM [RemoteSails.cpp:HandleResponse:149] HandleResponse started, buffer size: 1048
[m[0;32;32m1970-01-01 03:00:41.347|I|145916041|lpUCM [RemoteSails.cpp:HandleResponse:158] Successfully deserialized response, status: 0, result code: 0
[m[0;32;31m1970-01-01 03:00:41.347|E|145916041|lpUCM [IpccProtoMessage.cpp:SerializeParams:112] m_offset, 437248
[m[1;33m1970-01-01 03:00:41.347|W|145916041|lpUCM [RemoteSails.cpp:SendWithRetry:185] Successfully wrote 1052 bytes
[m[0;32;32m1970-01-01 03:00:41.448|I|145916041|lpUCM [RemoteSails.cpp:HandleResponse:149] HandleResponse started, buffer size: 1048
[m[0;32;32m1970-01-01 03:00:41.448|I|145916041|lpUCM [RemoteSails.cpp:HandleResponse:158] Successfully deserialized response, status: 0, result code: 0
[m[0;32;31m1970-01-01 03:00:41.448|E|145916041|lpUCM [IpccProtoMessage.cpp:SerializeParams:112] m_offset, 438272
[m[1;33m1970-01-01 03:00:41.448|W|145916041|lpUCM [RemoteSails.cpp:SendWithRetry:185] Successfully wrote 1052 bytes
[m[0;32;32m1970-01-01 03:00:41.550|I|145916041|lpUCM [RemoteSails.cpp:HandleResponse:149] HandleResponse started, buffer size: 1048
[m[0;32;32m1970-01-01 03:00:41.550|I|145916041|lpUCM [RemoteSails.cpp:HandleResponse:158] Successfully deserialized response, status: 0, result code: 0
[m[0;32;31m1970-01-01 03:00:41.550|E|145916041|lpUCM [IpccProtoMessage.cpp:SerializeParams:112] m_offset, 439296
[m[1;33m1970-01-01 03:00:41.550|W|145916041|lpUCM [RemoteSails.cpp:SendWithRetry:185] Successfully wrote 1052 bytes
[m[0;32;32m1970-01-01 03:00:41.652|I|145916041|lpUCM [RemoteSails.cpp:HandleResponse:149] HandleResponse started, buffer size: 1048
[m[0;32;32m1970-01-01 03:00:41.652|I|145916041|lpUCM [RemoteSails.cpp:HandleResponse:158] Successfully deserialized response, status: 0, result code: 0
[m[0;32;31m1970-01-01 03:00:41.652|E|145916041|lpUCM [IpccProtoMessage.cpp:SerializeParams:112] m_offset, 440320
[m[1;33m1970-01-01 03:00:41.652|W|145916041|lpUCM [RemoteSails.cpp:SendWithRetry:185] Successfully wrote 1052 bytes
[m[0;32;32m1970-01-01 03:00:41.753|I|145916041|lpUCM [RemoteSails.cpp:HandleResponse:149] HandleResponse started, buffer size: 1048
[m[0;32;32m1970-01-01 03:00:41.753|I|145916041|lpUCM [RemoteSails.cpp:HandleResponse:158] Successfully deserialized response, status: 0, result code: 0
[m[0;32;31m1970-01-01 03:00:41.753|E|145916041|lpUCM [IpccProtoMessage.cpp:SerializeParams:112] m_offset, 441344
[m[1;33m1970-01-01 03:00:41.753|W|145916041|lpUCM [RemoteSails.cpp:SendWithRetry:185] Successfully wrote 1052 bytes
[m[0;32;32m1970-01-01 03:00:41.854|I|145916041|lpUCM [RemoteSails.cpp:HandleResponse:149] HandleResponse started, buffer size: 1048
[m[0;32;32m1970-01-01 03:00:41.854|I|145916041|lpUCM [RemoteSails.cpp:HandleResponse:158] Successfully deserialized response, status: 0, result code: 0
[m[0;32;32m1970-01-01 03:00:41.854|I|145916041|lpUCM [RemoteSails.cpp:SailWriteData:272] All data already trans size 16384
[m[0;32;32m1970-01-01 03:00:41.854|I|145916041|lpUCM [fds.cpp:FDS_OnLocalUpgProgress:246] total: 23, curr:22, percent:40, rop:93%
[m[0;32;32m1970-01-01 03:00:41.854|I|145916041|lpUCM [RemoteSails.cpp:SailWriteData:254] total data is 16384
[m[0;32;31m1970-01-01 03:00:41.854|E|145916041|lpUCM [IpccProtoMessage.cpp:SerializeParams:112] m_offset, 442368
[m[1;33m1970-01-01 03:00:41.854|W|145916041|lpUCM [RemoteSails.cpp:SendWithRetry:185] Successfully wrote 1052 bytes
[m[0;32;32m1970-01-01 03:00:41.956|I|145916041|lpUCM [RemoteSails.cpp:HandleResponse:149] HandleResponse started, buffer size: 1048
[m[0;32;32m1970-01-01 03:00:41.956|I|145916041|lpUCM [RemoteSails.cpp:HandleResponse:158] Successfully deserialized response, status: 0, result code: 0
[m[0;32;31m1970-01-01 03:00:41.956|E|145916041|lpUCM [IpccProtoMessage.cpp:SerializeParams:112] m_offset, 443392
[m[1;33m1970-01-01 03:00:41.956|W|145916041|lpUCM [RemoteSails.cpp:SendWithRetry:185] Successfully wrote 1052 bytes
[m[0;32;32m1970-01-01 03:00:42.57|I|145916041|lpUCM [RemoteSails.cpp:HandleResponse:149] HandleResponse started, buffer size: 1048
[m[0;32;32m1970-01-01 03:00:42.57|I|145916041|lpUCM [RemoteSails.cpp:HandleResponse:158] Successfully deserialized response, status: 0, result code: 0
[m[0;32;31m1970-01-01 03:00:42.57|E|145916041|lpUCM [IpccProtoMessage.cpp:SerializeParams:112] m_offset, 444416
[m[1;33m1970-01-01 03:00:42.57|W|145916041|lpUCM [RemoteSails.cpp:SendWithRetry:185] Successfully wrote 1052 bytes
[m[0;32;32m1970-01-01 03:00:42.158|I|145916041|lpUCM [RemoteSails.cpp:HandleResponse:149] HandleResponse started, buffer size: 1048
[m[0;32;32m1970-01-01 03:00:42.158|I|145916041|lpUCM [RemoteSails.cpp:HandleResponse:158] Successfully deserialized response, status: 0, result code: 0
[m[0;32;31m1970-01-01 03:00:42.158|E|145916041|lpUCM [IpccProtoMessage.cpp:SerializeParams:112] m_offset, 445440
[m[1;33m1970-01-01 03:00:42.158|W|145916041|lpUCM [RemoteSails.cpp:SendWithRetry:185] Successfully wrote 1052 bytes
[m[0;32;32m1970-01-01 03:00:42.260|I|145916041|lpUCM [RemoteSails.cpp:HandleResponse:149] HandleResponse started, buffer size: 1048
[m[0;32;32m1970-01-01 03:00:42.260|I|145916041|lpUCM [RemoteSails.cpp:HandleResponse:158] Successfully deserialized response, status: 0, result code: 0
[m[0;32;31m1970-01-01 03:00:42.260|E|145916041|lpUCM [IpccProtoMessage.cpp:SerializeParams:112] m_offset, 446464
[m[1;33m1970-01-01 03:00:42.260|W|145916041|lpUCM [RemoteSails.cpp:SendWithRetry:185] Successfully wrote 1052 bytes
[m[0;32;32m1970-01-01 03:00:42.362|I|145916041|lpUCM [RemoteSails.cpp:HandleResponse:149] HandleResponse started, buffer size: 1048
[m[0;32;32m1970-01-01 03:00:42.362|I|145916041|lpUCM [RemoteSails.cpp:HandleResponse:158] Successfully deserialized response, status: 0, result code: 0
[m[0;32;31m1970-01-01 03:00:42.362|E|145916041|lpUCM [IpccProtoMessage.cpp:SerializeParams:112] m_offset, 447488
[m[1;33m1970-01-01 03:00:42.362|W|145916041|lpUCM [RemoteSails.cpp:SendWithRetry:185] Successfully wrote 1052 bytes
[m[0;32;32m1970-01-01 03:00:42.463|I|145916041|lpUCM [RemoteSails.cpp:HandleResponse:149] HandleResponse started, buffer size: 1048
[m[0;32;32m1970-01-01 03:00:42.463|I|145916041|lpUCM [RemoteSails.cpp:HandleResponse:158] Successfully deserialized response, status: 0, result code: 0
[m[0;32;31m1970-01-01 03:00:42.463|E|145916041|lpUCM [IpccProtoMessage.cpp:SerializeParams:112] m_offset, 448512
[m[1;33m1970-01-01 03:00:42.463|W|145916041|lpUCM [RemoteSails.cpp:SendWithRetry:185] Successfully wrote 1052 bytes
[m[0;32;32m1970-01-01 03:00:42.565|I|145916041|lpUCM [RemoteSails.cpp:HandleResponse:149] HandleResponse started, buffer size: 1048
[m[0;32;32m1970-01-01 03:00:42.565|I|145916041|lpUCM [RemoteSails.cpp:HandleResponse:158] Successfully deserialized response, status: 0, result code: 0
[m[0;32;31m1970-01-01 03:00:42.565|E|145916041|lpUCM [IpccProtoMessage.cpp:SerializeParams:112] m_offset, 449536
[m[1;33m1970-01-01 03:00:42.565|W|145916041|lpUCM [RemoteSails.cpp:SendWithRetry:185] Successfully wrote 1052 bytes
[m[0;32;32m1970-01-01 03:00:42.667|I|145916041|lpUCM [RemoteSails.cpp:HandleResponse:149] HandleResponse started, buffer size: 1048
[m[0;32;32m1970-01-01 03:00:42.667|I|145916041|lpUCM [RemoteSails.cpp:HandleResponse:158] Successfully deserialized response, status: 0, result code: 0
[m[0;32;31m1970-01-01 03:00:42.667|E|145916041|lpUCM [IpccProtoMessage.cpp:SerializeParams:112] m_offset, 450560
[m[1;33m1970-01-01 03:00:42.667|W|145916041|lpUCM [RemoteSails.cpp:SendWithRetry:185] Successfully wrote 1052 bytes
[m[0;32;32m1970-01-01 03:00:42.768|I|145916041|lpUCM [RemoteSails.cpp:HandleResponse:149] HandleResponse started, buffer size: 1048
[m[0;32;32m1970-01-01 03:00:42.768|I|145916041|lpUCM [RemoteSails.cpp:HandleResponse:158] Successfully deserialized response, status: 0, result code: 0
[m[0;32;31m1970-01-01 03:00:42.768|E|145916041|lpUCM [IpccProtoMessage.cpp:SerializeParams:112] m_offset, 451584
[m[1;33m1970-01-01 03:00:42.768|W|145916041|lpUCM [RemoteSails.cpp:SendWithRetry:185] Successfully wrote 1052 bytes
[m[0;32;32m1970-01-01 03:00:42.869|I|145916041|lpUCM [RemoteSails.cpp:HandleResponse:149] HandleResponse started, buffer size: 1048
[m[0;32;32m1970-01-01 03:00:42.869|I|145916041|lpUCM [RemoteSails.cpp:HandleResponse:158] Successfully deserialized response, status: 0, result code: 0
[m[0;32;31m1970-01-01 03:00:42.869|E|145916041|lpUCM [IpccProtoMessage.cpp:SerializeParams:112] m_offset, 452608
[m[1;33m1970-01-01 03:00:42.869|W|145916041|lpUCM [RemoteSails.cpp:SendWithRetry:185] Successfully wrote 1052 bytes
[m[0;32;32m1970-01-01 03:00:42.970|I|145916041|lpUCM [RemoteSails.cpp:HandleResponse:149] HandleResponse started, buffer size: 1048
[m[0;32;32m1970-01-01 03:00:42.970|I|145916041|lpUCM [RemoteSails.cpp:HandleResponse:158] Successfully deserialized response, status: 0, result code: 0
[m[0;32;31m1970-01-01 03:00:42.970|E|145916041|lpUCM [IpccProtoMessage.cpp:SerializeParams:112] m_offset, 453632
[m[1;33m1970-01-01 03:00:42.970|W|145916041|lpUCM [RemoteSails.cpp:SendWithRetry:185] Successfully wrote 1052 bytes
[m[0;32;32m1970-01-01 03:00:43.71|I|145916041|lpUCM [RemoteSails.cpp:HandleResponse:149] HandleResponse started, buffer size: 1048
[m[0;32;32m1970-01-01 03:00:43.71|I|145916041|lpUCM [RemoteSails.cpp:HandleResponse:158] Successfully deserialized response, status: 0, result code: 0
[m[0;32;31m1970-01-01 03:00:43.71|E|145916041|lpUCM [IpccProtoMessage.cpp:SerializeParams:112] m_offset, 454656
[m[1;33m1970-01-01 03:00:43.71|W|145916041|lpUCM [RemoteSails.cpp:SendWithRetry:185] Successfully wrote 1052 bytes
[m[0;32;32m1970-01-01 03:00:43.173|I|145916041|lpUCM [RemoteSails.cpp:HandleResponse:149] HandleResponse started, buffer size: 1048
[m[0;32;32m1970-01-01 03:00:43.173|I|145916041|lpUCM [RemoteSails.cpp:HandleResponse:158] Successfully deserialized response, status: 0, result code: 0
[m[0;32;31m1970-01-01 03:00:43.173|E|145916041|lpUCM [IpccProtoMessage.cpp:SerializeParams:112] m_offset, 455680
[m[1;33m1970-01-01 03:00:43.173|W|145916041|lpUCM [RemoteSails.cpp:SendWithRetry:185] Successfully wrote 1052 bytes
[m[0;32;32m1970-01-01 03:00:43.274|I|145916041|lpUCM [RemoteSails.cpp:HandleResponse:149] HandleResponse started, buffer size: 1048
[m[0;32;32m1970-01-01 03:00:43.274|I|145916041|lpUCM [RemoteSails.cpp:HandleResponse:158] Successfully deserialized response, status: 0, result code: 0
[m[0;32;31m1970-01-01 03:00:43.274|E|145916041|lpUCM [IpccProtoMessage.cpp:SerializeParams:112] m_offset, 456704
[m[1;33m1970-01-01 03:00:43.274|W|145916041|lpUCM [RemoteSails.cpp:SendWithRetry:185] Successfully wrote 1052 bytes
[m[0;32;32m1970-01-01 03:00:43.376|I|145916041|lpUCM [RemoteSails.cpp:HandleResponse:149] HandleResponse started, buffer size: 1048
[m[0;32;32m1970-01-01 03:00:43.376|I|145916041|lpUCM [RemoteSails.cpp:HandleResponse:158] Successfully deserialized response, status: 0, result code: 0
[m[0;32;31m1970-01-01 03:00:43.376|E|145916041|lpUCM [IpccProtoMessage.cpp:SerializeParams:112] m_offset, 457728
[m[1;33m1970-01-01 03:00:43.376|W|145916041|lpUCM [RemoteSails.cpp:SendWithRetry:185] Successfully wrote 1052 bytes
[m[0;32;32m1970-01-01 03:00:43.477|I|145916041|lpUCM [RemoteSails.cpp:HandleResponse:149] HandleResponse started, buffer size: 1048
[m[0;32;32m1970-01-01 03:00:43.477|I|145916041|lpUCM [RemoteSails.cpp:HandleResponse:158] Successfully deserialized response, status: 0, result code: 0
[m[0;32;32m1970-01-01 03:00:43.477|I|145916041|lpUCM [RemoteSails.cpp:SailWriteData:272] All data already trans size 16384
[m[0;32;32m1970-01-01 03:00:43.477|I|145916041|lpUCM [fds.cpp:FDS_OnLocalUpgProgress:246] total: 23, curr:22, percent:41, rop:93%
[m[0;32;32m1970-01-01 03:00:43.477|I|145916041|lpUCM [RemoteSails.cpp:SailWriteData:254] total data is 16384
[m[0;32;31m1970-01-01 03:00:43.477|E|145916041|lpUCM [IpccProtoMessage.cpp:SerializeParams:112] m_offset, 458752
[m[1;33m1970-01-01 03:00:43.477|W|145916041|lpUCM [RemoteSails.cpp:SendWithRetry:185] Successfully wrote 1052 bytes
[m[0;32;32m1970-01-01 03:00:43.579|I|145916041|lpUCM [RemoteSails.cpp:HandleResponse:149] HandleResponse started, buffer size: 1048
[m[0;32;32m1970-01-01 03:00:43.579|I|145916041|lpUCM [RemoteSails.cpp:HandleResponse:158] Successfully deserialized response, status: 0, result code: 0
[m[0;32;31m1970-01-01 03:00:43.579|E|145916041|lpUCM [IpccProtoMessage.cpp:SerializeParams:112] m_offset, 459776
[m[1;33m1970-01-01 03:00:43.579|W|145916041|lpUCM [RemoteSails.cpp:SendWithRetry:185] Successfully wrote 1052 bytes
[m[0;32;32m1970-01-01 03:00:43.680|I|145916041|lpUCM [RemoteSails.cpp:HandleResponse:149] HandleResponse started, buffer size: 1048
[m[0;32;32m1970-01-01 03:00:43.680|I|145916041|lpUCM [RemoteSails.cpp:HandleResponse:158] Successfully deserialized response, status: 0, result code: 0
[m[0;32;31m1970-01-01 03:00:43.680|E|145916041|lpUCM [IpccProtoMessage.cpp:SerializeParams:112] m_offset, 460800
[m[1;33m1970-01-01 03:00:43.680|W|145916041|lpUCM [RemoteSails.cpp:SendWithRetry:185] Successfully wrote 1052 bytes
[m[0;32;32m1970-01-01 03:00:43.781|I|145916041|lpUCM [RemoteSails.cpp:HandleResponse:149] HandleResponse started, buffer size: 1048
[m[0;32;32m1970-01-01 03:00:43.781|I|145916041|lpUCM [RemoteSails.cpp:HandleResponse:158] Successfully deserialized response, status: 0, result code: 0
[m[0;32;31m1970-01-01 03:00:43.781|E|145916041|lpUCM [IpccProtoMessage.cpp:SerializeParams:112] m_offset, 461824
[m[1;33m1970-01-01 03:00:43.781|W|145916041|lpUCM [RemoteSails.cpp:SendWithRetry:185] Successfully wrote 1052 bytes
[m[0;32;32m1970-01-01 03:00:43.882|I|145916041|lpUCM [RemoteSails.cpp:HandleResponse:149] HandleResponse started, buffer size: 1048
[m[0;32;32m1970-01-01 03:00:43.882|I|145916041|lpUCM [RemoteSails.cpp:HandleResponse:158] Successfully deserialized response, status: 0, result code: 0
[m[0;32;31m1970-01-01 03:00:43.882|E|145916041|lpUCM [IpccProtoMessage.cpp:SerializeParams:112] m_offset, 462848
[m[1;33m1970-01-01 03:00:43.882|W|145916041|lpUCM [RemoteSails.cpp:SendWithRetry:185] Successfully wrote 1052 bytes
[m[0;32;32m1970-01-01 03:00:43.984|I|145916041|lpUCM [RemoteSails.cpp:HandleResponse:149] HandleResponse started, buffer size: 1048
[m[0;32;32m1970-01-01 03:00:43.984|I|145916041|lpUCM [RemoteSails.cpp:HandleResponse:158] Successfully deserialized response, status: 0, result code: 0
[m[0;32;31m1970-01-01 03:00:43.984|E|145916041|lpUCM [IpccProtoMessage.cpp:SerializeParams:112] m_offset, 463872
[m[1;33m1970-01-01 03:00:43.984|W|145916041|lpUCM [RemoteSails.cpp:SendWithRetry:185] Successfully wrote 1052 bytes
[m[0;32;32m1970-01-01 03:00:44.85|I|145916041|lpUCM [RemoteSails.cpp:HandleResponse:149] HandleResponse started, buffer size: 1048
[m[0;32;32m1970-01-01 03:00:44.85|I|145916041|lpUCM [RemoteSails.cpp:HandleResponse:158] Successfully deserialized response, status: 0, result code: 0
[m[0;32;31m1970-01-01 03:00:44.85|E|145916041|lpUCM [IpccProtoMessage.cpp:SerializeParams:112] m_offset, 464896
[m[1;33m1970-01-01 03:00:44.85|W|145916041|lpUCM [RemoteSails.cpp:SendWithRetry:185] Successfully wrote 1052 bytes
[m[0;32;32m1970-01-01 03:00:44.187|I|145916041|lpUCM [RemoteSails.cpp:HandleResponse:149] HandleResponse started, buffer size: 1048
[m[0;32;32m1970-01-01 03:00:44.187|I|145916041|lpUCM [RemoteSails.cpp:HandleResponse:158] Successfully deserialized response, status: 0, result code: 0
[m[0;32;31m1970-01-01 03:00:44.187|E|145916041|lpUCM [IpccProtoMessage.cpp:SerializeParams:112] m_offset, 465920
[m[1;33m1970-01-01 03:00:44.187|W|145916041|lpUCM [RemoteSails.cpp:SendWithRetry:185] Successfully wrote 1052 bytes
[m[0;32;32m1970-01-01 03:00:44.288|I|145916041|lpUCM [RemoteSails.cpp:HandleResponse:149] HandleResponse started, buffer size: 1048
[m[0;32;32m1970-01-01 03:00:44.288|I|145916041|lpUCM [RemoteSails.cpp:HandleResponse:158] Successfully deserialized response, status: 0, result code: 0
[m[0;32;31m1970-01-01 03:00:44.288|E|145916041|lpUCM [IpccProtoMessage.cpp:SerializeParams:112] m_offset, 466944
[m[1;33m1970-01-01 03:00:44.288|W|145916041|lpUCM [RemoteSails.cpp:SendWithRetry:185] Successfully wrote 1052 bytes
[m[0;32;32m1970-01-01 03:00:44.390|I|145916041|lpUCM [RemoteSails.cpp:HandleResponse:149] HandleResponse started, buffer size: 1048
[m[0;32;32m1970-01-01 03:00:44.390|I|145916041|lpUCM [RemoteSails.cpp:HandleResponse:158] Successfully deserialized response, status: 0, result code: 0
[m[0;32;31m1970-01-01 03:00:44.390|E|145916041|lpUCM [IpccProtoMessage.cpp:SerializeParams:112] m_offset, 467968
[m[1;33m1970-01-01 03:00:44.390|W|145916041|lpUCM [RemoteSails.cpp:SendWithRetry:185] Successfully wrote 1052 bytes
[m[0;32;32m1970-01-01 03:00:44.491|I|145916041|lpUCM [RemoteSails.cpp:HandleResponse:149] HandleResponse started, buffer size: 1048
[m[0;32;32m1970-01-01 03:00:44.491|I|145916041|lpUCM [RemoteSails.cpp:HandleResponse:158] Successfully deserialized response, status: 0, result code: 0
[m[0;32;31m1970-01-01 03:00:44.491|E|145916041|lpUCM [IpccProtoMessage.cpp:SerializeParams:112] m_offset, 468992
[m[1;33m1970-01-01 03:00:44.491|W|145916041|lpUCM [RemoteSails.cpp:SendWithRetry:185] Successfully wrote 1052 bytes
[m[0;32;32m1970-01-01 03:00:44.593|I|145916041|lpUCM [RemoteSails.cpp:HandleResponse:149] HandleResponse started, buffer size: 1048
[m[0;32;32m1970-01-01 03:00:44.593|I|145916041|lpUCM [RemoteSails.cpp:HandleResponse:158] Successfully deserialized response, status: 0, result code: 0
[m[0;32;31m1970-01-01 03:00:44.593|E|145916041|lpUCM [IpccProtoMessage.cpp:SerializeParams:112] m_offset, 470016
[m[1;33m1970-01-01 03:00:44.593|W|145916041|lpUCM [RemoteSails.cpp:SendWithRetry:185] Successfully wrote 1052 bytes
[m[0;32;32m1970-01-01 03:00:44.694|I|145916041|lpUCM [RemoteSails.cpp:HandleResponse:149] HandleResponse started, buffer size: 1048
[m[0;32;32m1970-01-01 03:00:44.694|I|145916041|lpUCM [RemoteSails.cpp:HandleResponse:158] Successfully deserialized response, status: 0, result code: 0
[m[0;32;31m1970-01-01 03:00:44.694|E|145916041|lpUCM [IpccProtoMessage.cpp:SerializeParams:112] m_offset, 471040
[m[1;33m1970-01-01 03:00:44.694|W|145916041|lpUCM [RemoteSails.cpp:SendWithRetry:185] Successfully wrote 1052 bytes
[m[0;32;32m1970-01-01 03:00:44.795|I|145916041|lpUCM [RemoteSails.cpp:HandleResponse:149] HandleResponse started, buffer size: 1048
[m[0;32;32m1970-01-01 03:00:44.795|I|145916041|lpUCM [RemoteSails.cpp:HandleResponse:158] Successfully deserialized response, status: 0, result code: 0
[m[0;32;31m1970-01-01 03:00:44.795|E|145916041|lpUCM [IpccProtoMessage.cpp:SerializeParams:112] m_offset, 472064
[m[1;33m1970-01-01 03:00:44.795|W|145916041|lpUCM [RemoteSails.cpp:SendWithRetry:185] Successfully wrote 1052 bytes
[m[0;32;32m1970-01-01 03:00:44.897|I|145916041|lpUCM [RemoteSails.cpp:HandleResponse:149] HandleResponse started, buffer size: 1048
[m[0;32;32m1970-01-01 03:00:44.897|I|145916041|lpUCM [RemoteSails.cpp:HandleResponse:158] Successfully deserialized response, status: 0, result code: 0
[m[0;32;31m1970-01-01 03:00:44.897|E|145916041|lpUCM [IpccProtoMessage.cpp:SerializeParams:112] m_offset, 473088
[m[1;33m1970-01-01 03:00:44.897|W|145916041|lpUCM [RemoteSails.cpp:SendWithRetry:185] Successfully wrote 1052 bytes
[m[0;32;32m1970-01-01 03:00:44.999|I|145916041|lpUCM [RemoteSails.cpp:HandleResponse:149] HandleResponse started, buffer size: 1048
[m[0;32;32m1970-01-01 03:00:44.999|I|145916041|lpUCM [RemoteSails.cpp:HandleResponse:158] Successfully deserialized response, status: 0, result code: 0
[m[0;32;31m1970-01-01 03:00:44.999|E|145916041|lpUCM [IpccProtoMessage.cpp:SerializeParams:112] m_offset, 474112
[m[1;33m1970-01-01 03:00:44.999|W|145916041|lpUCM [RemoteSails.cpp:SendWithRetry:185] Successfully wrote 1052 bytes
[m[0;32;32m1970-01-01 03:00:45.100|I|145916041|lpUCM [RemoteSails.cpp:HandleResponse:149] HandleResponse started, buffer size: 1048
[m[0;32;32m1970-01-01 03:00:45.100|I|145916041|lpUCM [RemoteSails.cpp:HandleResponse:158] Successfully deserialized response, status: 0, result code: 0
[m[0;32;32m1970-01-01 03:00:45.100|I|145916041|lpUCM [RemoteSails.cpp:SailWriteData:272] All data already trans size 16384
[m[0;32;32m1970-01-01 03:00:45.100|I|145916041|lpUCM [fds.cpp:FDS_OnLocalUpgProgress:246] total: 23, curr:22, percent:42, rop:93%
[m[0;32;32m1970-01-01 03:00:45.100|I|145916041|lpUCM [RemoteSails.cpp:SailWriteData:254] total data is 16384
[m[0;32;31m1970-01-01 03:00:45.100|E|145916041|lpUCM [IpccProtoMessage.cpp:SerializeParams:112] m_offset, 475136
[m[1;33m1970-01-01 03:00:45.100|W|145916041|lpUCM [RemoteSails.cpp:SendWithRetry:185] Successfully wrote 1052 bytes
[m[0;32;32m1970-01-01 03:00:45.202|I|145916041|lpUCM [RemoteSails.cpp:HandleResponse:149] HandleResponse started, buffer size: 1048
[m[0;32;32m1970-01-01 03:00:45.202|I|145916041|lpUCM [RemoteSails.cpp:HandleResponse:158] Successfully deserialized response, status: 0, result code: 0
[m[0;32;31m1970-01-01 03:00:45.202|E|145916041|lpUCM [IpccProtoMessage.cpp:SerializeParams:112] m_offset, 476160
[m[1;33m1970-01-01 03:00:45.202|W|145916041|lpUCM [RemoteSails.cpp:SendWithRetry:185] Successfully wrote 1052 bytes
[m[0;32;32m1970-01-01 03:00:45.303|I|145916041|lpUCM [RemoteSails.cpp:HandleResponse:149] HandleResponse started, buffer size: 1048
[m[0;32;32m1970-01-01 03:00:45.303|I|145916041|lpUCM [RemoteSails.cpp:HandleResponse:158] Successfully deserialized response, status: 0, result code: 0
[m[0;32;31m1970-01-01 03:00:45.303|E|145916041|lpUCM [IpccProtoMessage.cpp:SerializeParams:112] m_offset, 477184
[m[1;33m1970-01-01 03:00:45.303|W|145916041|lpUCM [RemoteSails.cpp:SendWithRetry:185] Successfully wrote 1052 bytes
[m[0;32;32m1970-01-01 03:00:45.405|I|145916041|lpUCM [RemoteSails.cpp:HandleResponse:149] HandleResponse started, buffer size: 1048
[m[0;32;32m1970-01-01 03:00:45.405|I|145916041|lpUCM [RemoteSails.cpp:HandleResponse:158] Successfully deserialized response, status: 0, result code: 0
[m[0;32;31m1970-01-01 03:00:45.405|E|145916041|lpUCM [IpccProtoMessage.cpp:SerializeParams:112] m_offset, 478208
[m[1;33m1970-01-01 03:00:45.405|W|145916041|lpUCM [RemoteSails.cpp:SendWithRetry:185] Successfully wrote 1052 bytes
[m[0;32;32m1970-01-01 03:00:45.506|I|145916041|lpUCM [RemoteSails.cpp:HandleResponse:149] HandleResponse started, buffer size: 1048
[m[0;32;32m1970-01-01 03:00:45.506|I|145916041|lpUCM [RemoteSails.cpp:HandleResponse:158] Successfully deserialized response, status: 0, result code: 0
[m[0;32;31m1970-01-01 03:00:45.506|E|145916041|lpUCM [IpccProtoMessage.cpp:SerializeParams:112] m_offset, 479232
[m[1;33m1970-01-01 03:00:45.506|W|145916041|lpUCM [RemoteSails.cpp:SendWithRetry:185] Successfully wrote 1052 bytes
[m[0;32;32m1970-01-01 03:00:45.608|I|145916041|lpUCM [RemoteSails.cpp:HandleResponse:149] HandleResponse started, buffer size: 1048
[m[0;32;32m1970-01-01 03:00:45.608|I|145916041|lpUCM [RemoteSails.cpp:HandleResponse:158] Successfully deserialized response, status: 0, result code: 0
[m[0;32;31m1970-01-01 03:00:45.608|E|145916041|lpUCM [IpccProtoMessage.cpp:SerializeParams:112] m_offset, 480256
[m[1;33m1970-01-01 03:00:45.608|W|145916041|lpUCM [RemoteSails.cpp:SendWithRetry:185] Successfully wrote 1052 bytes
[m[0;32;32m1970-01-01 03:00:45.710|I|145916041|lpUCM [RemoteSails.cpp:HandleResponse:149] HandleResponse started, buffer size: 1048
[m[0;32;32m1970-01-01 03:00:45.710|I|145916041|lpUCM [RemoteSails.cpp:HandleResponse:158] Successfully deserialized response, status: 0, result code: 0
[m[0;32;31m1970-01-01 03:00:45.710|E|145916041|lpUCM [IpccProtoMessage.cpp:SerializeParams:112] m_offset, 481280
[m[1;33m1970-01-01 03:00:45.710|W|145916041|lpUCM [RemoteSails.cpp:SendWithRetry:185] Successfully wrote 1052 bytes
[m[0;32;32m1970-01-01 03:00:45.811|I|145916041|lpUCM [RemoteSails.cpp:HandleResponse:149] HandleResponse started, buffer size: 1048
[m[0;32;32m1970-01-01 03:00:45.811|I|145916041|lpUCM [RemoteSails.cpp:HandleResponse:158] Successfully deserialized response, status: 0, result code: 0
[m[0;32;31m1970-01-01 03:00:45.811|E|145916041|lpUCM [IpccProtoMessage.cpp:SerializeParams:112] m_offset, 482304
[m[1;33m1970-01-01 03:00:45.811|W|145916041|lpUCM [RemoteSails.cpp:SendWithRetry:185] Successfully wrote 1052 bytes
[m[0;32;32m1970-01-01 03:00:45.913|I|145916041|lpUCM [RemoteSails.cpp:HandleResponse:149] HandleResponse started, buffer size: 1048
[m[0;32;32m1970-01-01 03:00:45.913|I|145916041|lpUCM [RemoteSails.cpp:HandleResponse:158] Successfully deserialized response, status: 0, result code: 0
[m[0;32;31m1970-01-01 03:00:45.913|E|145916041|lpUCM [IpccProtoMessage.cpp:SerializeParams:112] m_offset, 483328
[m[1;33m1970-01-01 03:00:45.913|W|145916041|lpUCM [RemoteSails.cpp:SendWithRetry:185] Successfully wrote 1052 bytes
[m[0;32;32m1970-01-01 03:00:46.15|I|145916041|lpUCM [RemoteSails.cpp:HandleResponse:149] HandleResponse started, buffer size: 1048
[m[0;32;32m1970-01-01 03:00:46.15|I|145916041|lpUCM [RemoteSails.cpp:HandleResponse:158] Successfully deserialized response, status: 0, result code: 0
[m[0;32;31m1970-01-01 03:00:46.15|E|145916041|lpUCM [IpccProtoMessage.cpp:SerializeParams:112] m_offset, 484352
[m[1;33m1970-01-01 03:00:46.15|W|145916041|lpUCM [RemoteSails.cpp:SendWithRetry:185] Successfully wrote 1052 bytes
[m[0;32;32m1970-01-01 03:00:46.116|I|145916041|lpUCM [RemoteSails.cpp:HandleResponse:149] HandleResponse started, buffer size: 1048
[m[0;32;32m1970-01-01 03:00:46.116|I|145916041|lpUCM [RemoteSails.cpp:HandleResponse:158] Successfully deserialized response, status: 0, result code: 0
[m[0;32;31m1970-01-01 03:00:46.116|E|145916041|lpUCM [IpccProtoMessage.cpp:SerializeParams:112] m_offset, 485376
[m[1;33m1970-01-01 03:00:46.116|W|145916041|lpUCM [RemoteSails.cpp:SendWithRetry:185] Successfully wrote 1052 bytes
[m[0;32;32m1970-01-01 03:00:46.218|I|145916041|lpUCM [RemoteSails.cpp:HandleResponse:149] HandleResponse started, buffer size: 1048
[m[0;32;32m1970-01-01 03:00:46.218|I|145916041|lpUCM [RemoteSails.cpp:HandleResponse:158] Successfully deserialized response, status: 0, result code: 0
[m[0;32;31m1970-01-01 03:00:46.218|E|145916041|lpUCM [IpccProtoMessage.cpp:SerializeParams:112] m_offset, 486400
[m[1;33m1970-01-01 03:00:46.218|W|145916041|lpUCM [RemoteSails.cpp:SendWithRetry:185] Successfully wrote 1052 bytes
[m[0;32;32m1970-01-01 03:00:46.320|I|145916041|lpUCM [RemoteSails.cpp:HandleResponse:149] HandleResponse started, buffer size: 1048
[m[0;32;32m1970-01-01 03:00:46.320|I|145916041|lpUCM [RemoteSails.cpp:HandleResponse:158] Successfully deserialized response, status: 0, result code: 0
[m[0;32;31m1970-01-01 03:00:46.320|E|145916041|lpUCM [IpccProtoMessage.cpp:SerializeParams:112] m_offset, 487424
[m[1;33m1970-01-01 03:00:46.320|W|145916041|lpUCM [RemoteSails.cpp:SendWithRetry:185] Successfully wrote 1052 bytes
[m[0;32;32m1970-01-01 03:00:46.421|I|145916041|lpUCM [RemoteSails.cpp:HandleResponse:149] HandleResponse started, buffer size: 1048
[m[0;32;32m1970-01-01 03:00:46.421|I|145916041|lpUCM [RemoteSails.cpp:HandleResponse:158] Successfully deserialized response, status: 0, result code: 0
[m[0;32;31m1970-01-01 03:00:46.421|E|145916041|lpUCM [IpccProtoMessage.cpp:SerializeParams:112] m_offset, 488448
[m[1;33m1970-01-01 03:00:46.421|W|145916041|lpUCM [RemoteSails.cpp:SendWithRetry:185] Successfully wrote 1052 bytes
[m[0;32;32m1970-01-01 03:00:46.523|I|145916041|lpUCM [RemoteSails.cpp:HandleResponse:149] HandleResponse started, buffer size: 1048
[m[0;32;32m1970-01-01 03:00:46.523|I|145916041|lpUCM [RemoteSails.cpp:HandleResponse:158] Successfully deserialized response, status: 0, result code: 0
[m[0;32;31m1970-01-01 03:00:46.523|E|145916041|lpUCM [IpccProtoMessage.cpp:SerializeParams:112] m_offset, 489472
[m[1;33m1970-01-01 03:00:46.523|W|145916041|lpUCM [RemoteSails.cpp:SendWithRetry:185] Successfully wrote 1052 bytes
[m[0;32;32m1970-01-01 03:00:46.624|I|145916041|lpUCM [RemoteSails.cpp:HandleResponse:149] HandleResponse started, buffer size: 1048
[m[0;32;32m1970-01-01 03:00:46.624|I|145916041|lpUCM [RemoteSails.cpp:HandleResponse:158] Successfully deserialized response, status: 0, result code: 0
[m[0;32;31m1970-01-01 03:00:46.624|E|145916041|lpUCM [IpccProtoMessage.cpp:SerializeParams:112] m_offset, 490496
[m[1;33m1970-01-01 03:00:46.624|W|145916041|lpUCM [RemoteSails.cpp:SendWithRetry:185] Successfully wrote 1052 bytes
[m[0;32;32m1970-01-01 03:00:46.725|I|145916041|lpUCM [RemoteSails.cpp:HandleResponse:149] HandleResponse started, buffer size: 1048
[m[0;32;32m1970-01-01 03:00:46.725|I|145916041|lpUCM [RemoteSails.cpp:HandleResponse:158] Successfully deserialized response, status: 0, result code: 0
[m[0;32;32m1970-01-01 03:00:46.725|I|145916041|lpUCM [RemoteSails.cpp:SailWriteData:272] All data already trans size 16384
[m[0;32;32m1970-01-01 03:00:46.725|I|145916041|lpUCM [fds.cpp:FDS_OnLocalUpgProgress:246] total: 23, curr:22, percent:43, rop:93%
[m[0;32;32m1970-01-01 03:00:46.725|I|145916041|lpUCM [RemoteSails.cpp:SailWriteData:254] total data is 16384
[m[0;32;31m1970-01-01 03:00:46.725|E|145916041|lpUCM [IpccProtoMessage.cpp:SerializeParams:112] m_offset, 491520
[m[1;33m1970-01-01 03:00:46.725|W|145916041|lpUCM [RemoteSails.cpp:SendWithRetry:185] Successfully wrote 1052 bytes
[m[0;32;32m1970-01-01 03:00:46.826|I|145916041|lpUCM [RemoteSails.cpp:HandleResponse:149] HandleResponse started, buffer size: 1048
[m[0;32;32m1970-01-01 03:00:46.826|I|145916041|lpUCM [RemoteSails.cpp:HandleResponse:158] Successfully deserialized response, status: 0, result code: 0
[m[0;32;31m1970-01-01 03:00:46.826|E|145916041|lpUCM [IpccProtoMessage.cpp:SerializeParams:112] m_offset, 492544
[m[1;33m1970-01-01 03:00:46.826|W|145916041|lpUCM [RemoteSails.cpp:SendWithRetry:185] Successfully wrote 1052 bytes
[m[0;32;32m1970-01-01 03:00:46.928|I|145916041|lpUCM [RemoteSails.cpp:HandleResponse:149] HandleResponse started, buffer size: 1048
[m[0;32;32m1970-01-01 03:00:46.928|I|145916041|lpUCM [RemoteSails.cpp:HandleResponse:158] Successfully deserialized response, status: 0, result code: 0
[m[0;32;31m1970-01-01 03:00:46.928|E|145916041|lpUCM [IpccProtoMessage.cpp:SerializeParams:112] m_offset, 493568
[m[1;33m1970-01-01 03:00:46.928|W|145916041|lpUCM [RemoteSails.cpp:SendWithRetry:185] Successfully wrote 1052 bytes
[m[0;32;32m1970-01-01 03:00:47.30|I|145916041|lpUCM [RemoteSails.cpp:HandleResponse:149] HandleResponse started, buffer size: 1048
[m[0;32;32m1970-01-01 03:00:47.30|I|145916041|lpUCM [RemoteSails.cpp:HandleResponse:158] Successfully deserialized response, status: 0, result code: 0
[m[0;32;31m1970-01-01 03:00:47.30|E|145916041|lpUCM [IpccProtoMessage.cpp:SerializeParams:112] m_offset, 494592
[m[1;33m1970-01-01 03:00:47.30|W|145916041|lpUCM [RemoteSails.cpp:SendWithRetry:185] Successfully wrote 1052 bytes
[m[0;32;32m1970-01-01 03:00:47.131|I|145916041|lpUCM [RemoteSails.cpp:HandleResponse:149] HandleResponse started, buffer size: 1048
[m[0;32;32m1970-01-01 03:00:47.131|I|145916041|lpUCM [RemoteSails.cpp:HandleResponse:158] Successfully deserialized response, status: 0, result code: 0
[m[0;32;31m1970-01-01 03:00:47.131|E|145916041|lpUCM [IpccProtoMessage.cpp:SerializeParams:112] m_offset, 495616
[m[1;33m1970-01-01 03:00:47.131|W|145916041|lpUCM [RemoteSails.cpp:SendWithRetry:185] Successfully wrote 1052 bytes
[m[0;32;32m1970-01-01 03:00:47.233|I|145916041|lpUCM [RemoteSails.cpp:HandleResponse:149] HandleResponse started, buffer size: 1048
[m[0;32;32m1970-01-01 03:00:47.233|I|145916041|lpUCM [RemoteSails.cpp:HandleResponse:158] Successfully deserialized response, status: 0, result code: 0
[m[0;32;31m1970-01-01 03:00:47.233|E|145916041|lpUCM [IpccProtoMessage.cpp:SerializeParams:112] m_offset, 496640
[m[1;33m1970-01-01 03:00:47.233|W|145916041|lpUCM [RemoteSails.cpp:SendWithRetry:185] Successfully wrote 1052 bytes
[m[0;32;32m1970-01-01 03:00:47.335|I|145916041|lpUCM [RemoteSails.cpp:HandleResponse:149] HandleResponse started, buffer size: 1048
[m[0;32;32m1970-01-01 03:00:47.335|I|145916041|lpUCM [RemoteSails.cpp:HandleResponse:158] Successfully deserialized response, status: 0, result code: 0
[m[0;32;31m1970-01-01 03:00:47.335|E|145916041|lpUCM [IpccProtoMessage.cpp:SerializeParams:112] m_offset, 497664
[m[1;33m1970-01-01 03:00:47.335|W|145916041|lpUCM [RemoteSails.cpp:SendWithRetry:185] Successfully wrote 1052 bytes
[m[0;32;32m1970-01-01 03:00:47.437|I|145916041|lpUCM [RemoteSails.cpp:HandleResponse:149] HandleResponse started, buffer size: 1048
[m[0;32;32m1970-01-01 03:00:47.437|I|145916041|lpUCM [RemoteSails.cpp:HandleResponse:158] Successfully deserialized response, status: 0, result code: 0
[m[0;32;31m1970-01-01 03:00:47.437|E|145916041|lpUCM [IpccProtoMessage.cpp:SerializeParams:112] m_offset, 498688
[m[1;33m1970-01-01 03:00:47.437|W|145916041|lpUCM [RemoteSails.cpp:SendWithRetry:185] Successfully wrote 1052 bytes
[m[0;32;32m1970-01-01 03:00:47.539|I|145916041|lpUCM [RemoteSails.cpp:HandleResponse:149] HandleResponse started, buffer size: 1048
[m[0;32;32m1970-01-01 03:00:47.539|I|145916041|lpUCM [RemoteSails.cpp:HandleResponse:158] Successfully deserialized response, status: 0, result code: 0
[m[0;32;31m1970-01-01 03:00:47.539|E|145916041|lpUCM [IpccProtoMessage.cpp:SerializeParams:112] m_offset, 499712
[m[1;33m1970-01-01 03:00:47.539|W|145916041|lpUCM [RemoteSails.cpp:SendWithRetry:185] Successfully wrote 1052 bytes
[m[0;32;32m1970-01-01 03:00:47.640|I|145916041|lpUCM [RemoteSails.cpp:HandleResponse:149] HandleResponse started, buffer size: 1048
[m[0;32;32m1970-01-01 03:00:47.640|I|145916041|lpUCM [RemoteSails.cpp:HandleResponse:158] Successfully deserialized response, status: 0, result code: 0
[m[0;32;31m1970-01-01 03:00:47.640|E|145916041|lpUCM [IpccProtoMessage.cpp:SerializeParams:112] m_offset, 500736
[m[1;33m1970-01-01 03:00:47.640|W|145916041|lpUCM [RemoteSails.cpp:SendWithRetry:185] Successfully wrote 1052 bytes
[m[0;32;32m1970-01-01 03:00:47.742|I|145916041|lpUCM [RemoteSails.cpp:HandleResponse:149] HandleResponse started, buffer size: 1048
[m[0;32;32m1970-01-01 03:00:47.742|I|145916041|lpUCM [RemoteSails.cpp:HandleResponse:158] Successfully deserialized response, status: 0, result code: 0
[m[0;32;31m1970-01-01 03:00:47.742|E|145916041|lpUCM [IpccProtoMessage.cpp:SerializeParams:112] m_offset, 501760
[m[1;33m1970-01-01 03:00:47.742|W|145916041|lpUCM [RemoteSails.cpp:SendWithRetry:185] Successfully wrote 1052 bytes
[m[0;32;32m1970-01-01 03:00:47.843|I|145916041|lpUCM [RemoteSails.cpp:HandleResponse:149] HandleResponse started, buffer size: 1048
[m[0;32;32m1970-01-01 03:00:47.843|I|145916041|lpUCM [RemoteSails.cpp:HandleResponse:158] Successfully deserialized response, status: 0, result code: 0
[m[0;32;31m1970-01-01 03:00:47.843|E|145916041|lpUCM [IpccProtoMessage.cpp:SerializeParams:112] m_offset, 502784
[m[1;33m1970-01-01 03:00:47.843|W|145916041|lpUCM [RemoteSails.cpp:SendWithRetry:185] Successfully wrote 1052 bytes
[m[0;32;32m1970-01-01 03:00:47.945|I|145916041|lpUCM [RemoteSails.cpp:HandleResponse:149] HandleResponse started, buffer size: 1048
[m[0;32;32m1970-01-01 03:00:47.945|I|145916041|lpUCM [RemoteSails.cpp:HandleResponse:158] Successfully deserialized response, status: 0, result code: 0
[m[0;32;31m1970-01-01 03:00:47.945|E|145916041|lpUCM [IpccProtoMessage.cpp:SerializeParams:112] m_offset, 503808
[m[1;33m1970-01-01 03:00:47.945|W|145916041|lpUCM [RemoteSails.cpp:SendWithRetry:185] Successfully wrote 1052 bytes
[m[0;32;32m1970-01-01 03:00:48.46|I|145916041|lpUCM [RemoteSails.cpp:HandleResponse:149] HandleResponse started, buffer size: 1048
[m[0;32;32m1970-01-01 03:00:48.46|I|145916041|lpUCM [RemoteSails.cpp:HandleResponse:158] Successfully deserialized response, status: 0, result code: 0
[m[0;32;31m1970-01-01 03:00:48.46|E|145916041|lpUCM [IpccProtoMessage.cpp:SerializeParams:112] m_offset, 504832
[m[1;33m1970-01-01 03:00:48.46|W|145916041|lpUCM [RemoteSails.cpp:SendWithRetry:185] Successfully wrote 1052 bytes
[m[0;32;32m1970-01-01 03:00:48.147|I|145916041|lpUCM [RemoteSails.cpp:HandleResponse:149] HandleResponse started, buffer size: 1048
[m[0;32;32m1970-01-01 03:00:48.147|I|145916041|lpUCM [RemoteSails.cpp:HandleResponse:158] Successfully deserialized response, status: 0, result code: 0
[m[0;32;31m1970-01-01 03:00:48.147|E|145916041|lpUCM [IpccProtoMessage.cpp:SerializeParams:112] m_offset, 505856
[m[1;33m1970-01-01 03:00:48.147|W|145916041|lpUCM [RemoteSails.cpp:SendWithRetry:185] Successfully wrote 1052 bytes
[m[0;32;32m1970-01-01 03:00:48.249|I|145916041|lpUCM [RemoteSails.cpp:HandleResponse:149] HandleResponse started, buffer size: 1048
[m[0;32;32m1970-01-01 03:00:48.249|I|145916041|lpUCM [RemoteSails.cpp:HandleResponse:158] Successfully deserialized response, status: 0, result code: 0
[m[0;32;31m1970-01-01 03:00:48.249|E|145916041|lpUCM [IpccProtoMessage.cpp:SerializeParams:112] m_offset, 506880
[m[1;33m1970-01-01 03:00:48.249|W|145916041|lpUCM [RemoteSails.cpp:SendWithRetry:185] Successfully wrote 1052 bytes
[m[0;32;32m1970-01-01 03:00:48.351|I|145916041|lpUCM [RemoteSails.cpp:HandleResponse:149] HandleResponse started, buffer size: 1048
[m[0;32;32m1970-01-01 03:00:48.351|I|145916041|lpUCM [RemoteSails.cpp:HandleResponse:158] Successfully deserialized response, status: 0, result code: 0
[m[0;32;32m1970-01-01 03:00:48.351|I|145916041|lpUCM [RemoteSails.cpp:SailWriteData:272] All data already trans size 16384
[m[0;32;32m1970-01-01 03:00:48.351|I|145916041|lpUCM [fds.cpp:FDS_OnLocalUpgProgress:246] total: 23, curr:22, percent:44, rop:93%
[m[0;32;32m1970-01-01 03:00:48.351|I|145916041|lpUCM [RemoteSails.cpp:SailWriteData:254] total data is 16384
[m[0;32;31m1970-01-01 03:00:48.351|E|145916041|lpUCM [IpccProtoMessage.cpp:SerializeParams:112] m_offset, 507904
[m[1;33m1970-01-01 03:00:48.351|W|145916041|lpUCM [RemoteSails.cpp:SendWithRetry:185] Successfully wrote 1052 bytes
[m[0;32;32m1970-01-01 03:00:48.453|I|145916041|lpUCM [RemoteSails.cpp:HandleResponse:149] HandleResponse started, buffer size: 1048
[m[0;32;32m1970-01-01 03:00:48.453|I|145916041|lpUCM [RemoteSails.cpp:HandleResponse:158] Successfully deserialized response, status: 0, result code: 0
[m[0;32;31m1970-01-01 03:00:48.453|E|145916041|lpUCM [IpccProtoMessage.cpp:SerializeParams:112] m_offset, 508928
[m[1;33m1970-01-01 03:00:48.453|W|145916041|lpUCM [RemoteSails.cpp:SendWithRetry:185] Successfully wrote 1052 bytes
[m[0;32;32m1970-01-01 03:00:48.554|I|145916041|lpUCM [RemoteSails.cpp:HandleResponse:149] HandleResponse started, buffer size: 1048
[m[0;32;32m1970-01-01 03:00:48.554|I|145916041|lpUCM [RemoteSails.cpp:HandleResponse:158] Successfully deserialized response, status: 0, result code: 0
[m[0;32;31m1970-01-01 03:00:48.554|E|145916041|lpUCM [IpccProtoMessage.cpp:SerializeParams:112] m_offset, 509952
[m[1;33m1970-01-01 03:00:48.554|W|145916041|lpUCM [RemoteSails.cpp:SendWithRetry:185] Successfully wrote 1052 bytes
[m[0;32;32m1970-01-01 03:00:48.655|I|145916041|lpUCM [RemoteSails.cpp:HandleResponse:149] HandleResponse started, buffer size: 1048
[m[0;32;32m1970-01-01 03:00:48.655|I|145916041|lpUCM [RemoteSails.cpp:HandleResponse:158] Successfully deserialized response, status: 0, result code: 0
[m[0;32;31m1970-01-01 03:00:48.655|E|145916041|lpUCM [IpccProtoMessage.cpp:SerializeParams:112] m_offset, 510976
[m[1;33m1970-01-01 03:00:48.655|W|145916041|lpUCM [RemoteSails.cpp:SendWithRetry:185] Successfully wrote 1052 bytes
[m[0;32;32m1970-01-01 03:00:48.756|I|145916041|lpUCM [RemoteSails.cpp:HandleResponse:149] HandleResponse started, buffer size: 1048
[m[0;32;32m1970-01-01 03:00:48.756|I|145916041|lpUCM [RemoteSails.cpp:HandleResponse:158] Successfully deserialized response, status: 0, result code: 0
[m[0;32;31m1970-01-01 03:00:48.756|E|145916041|lpUCM [IpccProtoMessage.cpp:SerializeParams:112] m_offset, 512000
[m[1;33m1970-01-01 03:00:48.756|W|145916041|lpUCM [RemoteSails.cpp:SendWithRetry:185] Successfully wrote 1052 bytes
[m[0;32;32m1970-01-01 03:00:48.857|I|145916041|lpUCM [RemoteSails.cpp:HandleResponse:149] HandleResponse started, buffer size: 1048
[m[0;32;32m1970-01-01 03:00:48.857|I|145916041|lpUCM [RemoteSails.cpp:HandleResponse:158] Successfully deserialized response, status: 0, result code: 0
[m[0;32;31m1970-01-01 03:00:48.857|E|145916041|lpUCM [IpccProtoMessage.cpp:SerializeParams:112] m_offset, 513024
[m[1;33m1970-01-01 03:00:48.857|W|145916041|lpUCM [RemoteSails.cpp:SendWithRetry:185] Successfully wrote 1052 bytes
[m[0;32;32m1970-01-01 03:00:48.960|I|145916041|lpUCM [RemoteSails.cpp:HandleResponse:149] HandleResponse started, buffer size: 1048
[m[0;32;32m1970-01-01 03:00:48.960|I|145916041|lpUCM [RemoteSails.cpp:HandleResponse:158] Successfully deserialized response, status: 0, result code: 0
[m[0;32;31m1970-01-01 03:00:48.960|E|145916041|lpUCM [IpccProtoMessage.cpp:SerializeParams:112] m_offset, 514048
[m[1;33m1970-01-01 03:00:48.960|W|145916041|lpUCM [RemoteSails.cpp:SendWithRetry:185] Successfully wrote 1052 bytes
[m[0;32;32m1970-01-01 03:00:49.62|I|145916041|lpUCM [RemoteSails.cpp:HandleResponse:149] HandleResponse started, buffer size: 1048
[m[0;32;32m1970-01-01 03:00:49.62|I|145916041|lpUCM [RemoteSails.cpp:HandleResponse:158] Successfully deserialized response, status: 0, result code: 0
[m[0;32;31m1970-01-01 03:00:49.62|E|145916041|lpUCM [IpccProtoMessage.cpp:SerializeParams:112] m_offset, 515072
[m[1;33m1970-01-01 03:00:49.62|W|145916041|lpUCM [RemoteSails.cpp:SendWithRetry:185] Successfully wrote 1052 bytes
[m[0;32;32m1970-01-01 03:00:49.163|I|145916041|lpUCM [RemoteSails.cpp:HandleResponse:149] HandleResponse started, buffer size: 1048
[m[0;32;32m1970-01-01 03:00:49.163|I|145916041|lpUCM [RemoteSails.cpp:HandleResponse:158] Successfully deserialized response, status: 0, result code: 0
[m[0;32;31m1970-01-01 03:00:49.163|E|145916041|lpUCM [IpccProtoMessage.cpp:SerializeParams:112] m_offset, 516096
[m[1;33m1970-01-01 03:00:49.163|W|145916041|lpUCM [RemoteSails.cpp:SendWithRetry:185] Successfully wrote 1052 bytes
[m[0;32;32m1970-01-01 03:00:49.265|I|145916041|lpUCM [RemoteSails.cpp:HandleResponse:149] HandleResponse started, buffer size: 1048
[m[0;32;32m1970-01-01 03:00:49.265|I|145916041|lpUCM [RemoteSails.cpp:HandleResponse:158] Successfully deserialized response, status: 0, result code: 0
[m[0;32;31m1970-01-01 03:00:49.265|E|145916041|lpUCM [IpccProtoMessage.cpp:SerializeParams:112] m_offset, 517120
[m[1;33m1970-01-01 03:00:49.265|W|145916041|lpUCM [RemoteSails.cpp:SendWithRetry:185] Successfully wrote 1052 bytes
[m[0;32;32m1970-01-01 03:00:49.367|I|145916041|lpUCM [RemoteSails.cpp:HandleResponse:149] HandleResponse started, buffer size: 1048
[m[0;32;32m1970-01-01 03:00:49.367|I|145916041|lpUCM [RemoteSails.cpp:HandleResponse:158] Successfully deserialized response, status: 0, result code: 0
[m[0;32;31m1970-01-01 03:00:49.367|E|145916041|lpUCM [IpccProtoMessage.cpp:SerializeParams:112] m_offset, 518144
[m[1;33m1970-01-01 03:00:49.367|W|145916041|lpUCM [RemoteSails.cpp:SendWithRetry:185] Successfully wrote 1052 bytes
[m[0;32;32m1970-01-01 03:00:49.468|I|145916041|lpUCM [RemoteSails.cpp:HandleResponse:149] HandleResponse started, buffer size: 1048
[m[0;32;32m1970-01-01 03:00:49.468|I|145916041|lpUCM [RemoteSails.cpp:HandleResponse:158] Successfully deserialized response, status: 0, result code: 0
[m[0;32;31m1970-01-01 03:00:49.468|E|145916041|lpUCM [IpccProtoMessage.cpp:SerializeParams:112] m_offset, 519168
[m[1;33m1970-01-01 03:00:49.468|W|145916041|lpUCM [RemoteSails.cpp:SendWithRetry:185] Successfully wrote 1052 bytes
[m[0;32;32m1970-01-01 03:00:49.570|I|145916041|lpUCM [RemoteSails.cpp:HandleResponse:149] HandleResponse started, buffer size: 1048
[m[0;32;32m1970-01-01 03:00:49.570|I|145916041|lpUCM [RemoteSails.cpp:HandleResponse:158] Successfully deserialized response, status: 0, result code: 0
[m[0;32;31m1970-01-01 03:00:49.570|E|145916041|lpUCM [IpccProtoMessage.cpp:SerializeParams:112] m_offset, 520192
[m[1;33m1970-01-01 03:00:49.570|W|145916041|lpUCM [RemoteSails.cpp:SendWithRetry:185] Successfully wrote 1052 bytes
[m[0;32;32m1970-01-01 03:00:49.671|I|145916041|lpUCM [RemoteSails.cpp:HandleResponse:149] HandleResponse started, buffer size: 1048
[m[0;32;32m1970-01-01 03:00:49.671|I|145916041|lpUCM [RemoteSails.cpp:HandleResponse:158] Successfully deserialized response, status: 0, result code: 0
[m[0;32;31m1970-01-01 03:00:49.671|E|145916041|lpUCM [IpccProtoMessage.cpp:SerializeParams:112] m_offset, 521216
[m[1;33m1970-01-01 03:00:49.671|W|145916041|lpUCM [RemoteSails.cpp:SendWithRetry:185] Successfully wrote 1052 bytes
[m[0;32;32m1970-01-01 03:00:49.772|I|145916041|lpUCM [RemoteSails.cpp:HandleResponse:149] HandleResponse started, buffer size: 1048
[m[0;32;32m1970-01-01 03:00:49.772|I|145916041|lpUCM [RemoteSails.cpp:HandleResponse:158] Successfully deserialized response, status: 0, result code: 0
[m[0;32;31m1970-01-01 03:00:49.772|E|145916041|lpUCM [IpccProtoMessage.cpp:SerializeParams:112] m_offset, 522240
[m[1;33m1970-01-01 03:00:49.772|W|145916041|lpUCM [RemoteSails.cpp:SendWithRetry:185] Successfully wrote 1052 bytes
[m[0;32;32m1970-01-01 03:00:49.873|I|145916041|lpUCM [RemoteSails.cpp:HandleResponse:149] HandleResponse started, buffer size: 1048
[m[0;32;32m1970-01-01 03:00:49.873|I|145916041|lpUCM [RemoteSails.cpp:HandleResponse:158] Successfully deserialized response, status: 0, result code: 0
[m[0;32;31m1970-01-01 03:00:49.873|E|145916041|lpUCM [IpccProtoMessage.cpp:SerializeParams:112] m_offset, 523264
[m[1;33m1970-01-01 03:00:49.873|W|145916041|lpUCM [RemoteSails.cpp:SendWithRetry:185] Successfully wrote 1052 bytes
[m[0;32;32m1970-01-01 03:00:49.975|I|145916041|lpUCM [RemoteSails.cpp:HandleResponse:149] HandleResponse started, buffer size: 1048
[m[0;32;32m1970-01-01 03:00:49.975|I|145916041|lpUCM [RemoteSails.cpp:HandleResponse:158] Successfully deserialized response, status: 0, result code: 0
[m[0;32;32m1970-01-01 03:00:49.975|I|145916041|lpUCM [RemoteSails.cpp:SailWriteData:272] All data already trans size 16384
[m[0;32;32m1970-01-01 03:00:49.975|I|145916041|lpUCM [fds.cpp:FDS_OnLocalUpgProgress:246] total: 23, curr:22, percent:45, rop:93%
[m[0;32;32m1970-01-01 03:00:49.975|I|145916041|lpUCM [RemoteSails.cpp:SailWriteData:254] total data is 16384
[m[0;32;31m1970-01-01 03:00:49.975|E|145916041|lpUCM [IpccProtoMessage.cpp:SerializeParams:112] m_offset, 524288
[m[1;33m1970-01-01 03:00:49.975|W|145916041|lpUCM [RemoteSails.cpp:SendWithRetry:185] Successfully wrote 1052 bytes
[m[0;32;32m1970-01-01 03:00:50.76|I|145916041|lpUCM [RemoteSails.cpp:HandleResponse:149] HandleResponse started, buffer size: 1048
[m[0;32;32m1970-01-01 03:00:50.76|I|145916041|lpUCM [RemoteSails.cpp:HandleResponse:158] Successfully deserialized response, status: 0, result code: 0
[m[0;32;31m1970-01-01 03:00:50.76|E|145916041|lpUCM [IpccProtoMessage.cpp:SerializeParams:112] m_offset, 525312
[m[1;33m1970-01-01 03:00:50.76|W|145916041|lpUCM [RemoteSails.cpp:SendWithRetry:185] Successfully wrote 1052 bytes
[m[0;32;32m1970-01-01 03:00:50.177|I|145916041|lpUCM [RemoteSails.cpp:HandleResponse:149] HandleResponse started, buffer size: 1048
[m[0;32;32m1970-01-01 03:00:50.177|I|145916041|lpUCM [RemoteSails.cpp:HandleResponse:158] Successfully deserialized response, status: 0, result code: 0
[m[0;32;31m1970-01-01 03:00:50.177|E|145916041|lpUCM [IpccProtoMessage.cpp:SerializeParams:112] m_offset, 526336
[m[1;33m1970-01-01 03:00:50.177|W|145916041|lpUCM [RemoteSails.cpp:SendWithRetry:185] Successfully wrote 1052 bytes
[m[0;32;32m1970-01-01 03:00:50.279|I|145916041|lpUCM [RemoteSails.cpp:HandleResponse:149] HandleResponse started, buffer size: 1048
[m[0;32;32m1970-01-01 03:00:50.279|I|145916041|lpUCM [RemoteSails.cpp:HandleResponse:158] Successfully deserialized response, status: 0, result code: 0
[m[0;32;31m1970-01-01 03:00:50.279|E|145916041|lpUCM [IpccProtoMessage.cpp:SerializeParams:112] m_offset, 527360
[m[1;33m1970-01-01 03:00:50.279|W|145916041|lpUCM [RemoteSails.cpp:SendWithRetry:185] Successfully wrote 1052 bytes
[m[0;32;32m1970-01-01 03:00:50.381|I|145916041|lpUCM [RemoteSails.cpp:HandleResponse:149] HandleResponse started, buffer size: 1048
[m[0;32;32m1970-01-01 03:00:50.381|I|145916041|lpUCM [RemoteSails.cpp:HandleResponse:158] Successfully deserialized response, status: 0, result code: 0
[m[0;32;31m1970-01-01 03:00:50.381|E|145916041|lpUCM [IpccProtoMessage.cpp:SerializeParams:112] m_offset, 528384
[m[1;33m1970-01-01 03:00:50.381|W|145916041|lpUCM [RemoteSails.cpp:SendWithRetry:185] Successfully wrote 1052 bytes
[m[0;32;32m1970-01-01 03:00:50.482|I|145916041|lpUCM [RemoteSails.cpp:HandleResponse:149] HandleResponse started, buffer size: 1048
[m[0;32;32m1970-01-01 03:00:50.482|I|145916041|lpUCM [RemoteSails.cpp:HandleResponse:158] Successfully deserialized response, status: 0, result code: 0
[m[0;32;31m1970-01-01 03:00:50.482|E|145916041|lpUCM [IpccProtoMessage.cpp:SerializeParams:112] m_offset, 529408
[m[1;33m1970-01-01 03:00:50.482|W|145916041|lpUCM [RemoteSails.cpp:SendWithRetry:185] Successfully wrote 1052 bytes
[m[0;32;32m1970-01-01 03:00:50.584|I|145916041|lpUCM [RemoteSails.cpp:HandleResponse:149] HandleResponse started, buffer size: 1048
[m[0;32;32m1970-01-01 03:00:50.584|I|145916041|lpUCM [RemoteSails.cpp:HandleResponse:158] Successfully deserialized response, status: 0, result code: 0
[m[0;32;31m1970-01-01 03:00:50.584|E|145916041|lpUCM [IpccProtoMessage.cpp:SerializeParams:112] m_offset, 530432
[m[1;33m1970-01-01 03:00:50.584|W|145916041|lpUCM [RemoteSails.cpp:SendWithRetry:185] Successfully wrote 1052 bytes
[m[0;32;32m1970-01-01 03:00:50.685|I|145916041|lpUCM [RemoteSails.cpp:HandleResponse:149] HandleResponse started, buffer size: 1048
[m[0;32;32m1970-01-01 03:00:50.685|I|145916041|lpUCM [RemoteSails.cpp:HandleResponse:158] Successfully deserialized response, status: 0, result code: 0
[m[0;32;31m1970-01-01 03:00:50.685|E|145916041|lpUCM [IpccProtoMessage.cpp:SerializeParams:112] m_offset, 531456
[m[1;33m1970-01-01 03:00:50.685|W|145916041|lpUCM [RemoteSails.cpp:SendWithRetry:185] Successfully wrote 1052 bytes
[m[0;32;32m1970-01-01 03:00:50.786|I|145916041|lpUCM [RemoteSails.cpp:HandleResponse:149] HandleResponse started, buffer size: 1048
[m[0;32;32m1970-01-01 03:00:50.786|I|145916041|lpUCM [RemoteSails.cpp:HandleResponse:158] Successfully deserialized response, status: 0, result code: 0
[m[0;32;31m1970-01-01 03:00:50.786|E|145916041|lpUCM [IpccProtoMessage.cpp:SerializeParams:112] m_offset, 532480
[m[1;33m1970-01-01 03:00:50.786|W|145916041|lpUCM [RemoteSails.cpp:SendWithRetry:185] Successfully wrote 1052 bytes
[m[0;32;32m1970-01-01 03:00:50.888|I|145916041|lpUCM [RemoteSails.cpp:HandleResponse:149] HandleResponse started, buffer size: 1048
[m[0;32;32m1970-01-01 03:00:50.888|I|145916041|lpUCM [RemoteSails.cpp:HandleResponse:158] Successfully deserialized response, status: 0, result code: 0
[m[0;32;31m1970-01-01 03:00:50.888|E|145916041|lpUCM [IpccProtoMessage.cpp:SerializeParams:112] m_offset, 533504
[m[1;33m1970-01-01 03:00:50.888|W|145916041|lpUCM [RemoteSails.cpp:SendWithRetry:185] Successfully wrote 1052 bytes
[m[0;32;32m1970-01-01 03:00:50.990|I|145916041|lpUCM [RemoteSails.cpp:HandleResponse:149] HandleResponse started, buffer size: 1048
[m[0;32;32m1970-01-01 03:00:50.990|I|145916041|lpUCM [RemoteSails.cpp:HandleResponse:158] Successfully deserialized response, status: 0, result code: 0
[m[0;32;31m1970-01-01 03:00:50.990|E|145916041|lpUCM [IpccProtoMessage.cpp:SerializeParams:112] m_offset, 534528
[m[1;33m1970-01-01 03:00:50.990|W|145916041|lpUCM [RemoteSails.cpp:SendWithRetry:185] Successfully wrote 1052 bytes
[m[0;32;32m1970-01-01 03:00:51.91|I|145916041|lpUCM [RemoteSails.cpp:HandleResponse:149] HandleResponse started, buffer size: 1048
[m[0;32;32m1970-01-01 03:00:51.91|I|145916041|lpUCM [RemoteSails.cpp:HandleResponse:158] Successfully deserialized response, status: 0, result code: 0
[m[0;32;31m1970-01-01 03:00:51.91|E|145916041|lpUCM [IpccProtoMessage.cpp:SerializeParams:112] m_offset, 535552
[m[1;33m1970-01-01 03:00:51.91|W|145916041|lpUCM [RemoteSails.cpp:SendWithRetry:185] Successfully wrote 1052 bytes
[m[0;32;32m1970-01-01 03:00:51.193|I|145916041|lpUCM [RemoteSails.cpp:HandleResponse:149] HandleResponse started, buffer size: 1048
[m[0;32;32m1970-01-01 03:00:51.193|I|145916041|lpUCM [RemoteSails.cpp:HandleResponse:158] Successfully deserialized response, status: 0, result code: 0
[m[0;32;31m1970-01-01 03:00:51.193|E|145916041|lpUCM [IpccProtoMessage.cpp:SerializeParams:112] m_offset, 536576
[m[1;33m1970-01-01 03:00:51.193|W|145916041|lpUCM [RemoteSails.cpp:SendWithRetry:185] Successfully wrote 1052 bytes
[m[0;32;32m1970-01-01 03:00:51.294|I|145916041|lpUCM [RemoteSails.cpp:HandleResponse:149] HandleResponse started, buffer size: 1048
[m[0;32;32m1970-01-01 03:00:51.294|I|145916041|lpUCM [RemoteSails.cpp:HandleResponse:158] Successfully deserialized response, status: 0, result code: 0
[m[0;32;31m1970-01-01 03:00:51.294|E|145916041|lpUCM [IpccProtoMessage.cpp:SerializeParams:112] m_offset, 537600
[m[1;33m1970-01-01 03:00:51.294|W|145916041|lpUCM [RemoteSails.cpp:SendWithRetry:185] Successfully wrote 1052 bytes
[m[0;32;32m1970-01-01 03:00:51.396|I|145916041|lpUCM [RemoteSails.cpp:HandleResponse:149] HandleResponse started, buffer size: 1048
[m[0;32;32m1970-01-01 03:00:51.396|I|145916041|lpUCM [RemoteSails.cpp:HandleResponse:158] Successfully deserialized response, status: 0, result code: 0
[m[0;32;31m1970-01-01 03:00:51.396|E|145916041|lpUCM [IpccProtoMessage.cpp:SerializeParams:112] m_offset, 538624
[m[1;33m1970-01-01 03:00:51.396|W|145916041|lpUCM [RemoteSails.cpp:SendWithRetry:185] Successfully wrote 1052 bytes
[m[0;32;32m1970-01-01 03:00:51.497|I|145916041|lpUCM [RemoteSails.cpp:HandleResponse:149] HandleResponse started, buffer size: 1048
[m[0;32;32m1970-01-01 03:00:51.497|I|145916041|lpUCM [RemoteSails.cpp:HandleResponse:158] Successfully deserialized response, status: 0, result code: 0
[m[0;32;31m1970-01-01 03:00:51.497|E|145916041|lpUCM [IpccProtoMessage.cpp:SerializeParams:112] m_offset, 539648
[m[1;33m1970-01-01 03:00:51.497|W|145916041|lpUCM [RemoteSails.cpp:SendWithRetry:185] Successfully wrote 1052 bytes
[m[0;32;32m1970-01-01 03:00:51.599|I|145916041|lpUCM [RemoteSails.cpp:HandleResponse:149] HandleResponse started, buffer size: 1048
[m[0;32;32m1970-01-01 03:00:51.599|I|145916041|lpUCM [RemoteSails.cpp:HandleResponse:158] Successfully deserialized response, status: 0, result code: 0
[m[0;32;32m1970-01-01 03:00:51.599|I|145916041|lpUCM [RemoteSails.cpp:SailWriteData:272] All data already trans size 16384
[m[0;32;32m1970-01-01 03:00:51.599|I|145916041|lpUCM [fds.cpp:FDS_OnLocalUpgProgress:246] total: 23, curr:22, percent:46, rop:93%
[m[0;32;32m1970-01-01 03:00:51.599|I|145916041|lpUCM [RemoteSails.cpp:SailWriteData:254] total data is 16384
[m[0;32;31m1970-01-01 03:00:51.599|E|145916041|lpUCM [IpccProtoMessage.cpp:SerializeParams:112] m_offset, 540672
[m[1;33m1970-01-01 03:00:51.599|W|145916041|lpUCM [RemoteSails.cpp:SendWithRetry:185] Successfully wrote 1052 bytes
[m[0;32;32m1970-01-01 03:00:51.700|I|145916041|lpUCM [RemoteSails.cpp:HandleResponse:149] HandleResponse started, buffer size: 1048
[m[0;32;32m1970-01-01 03:00:51.700|I|145916041|lpUCM [RemoteSails.cpp:HandleResponse:158] Successfully deserialized response, status: 0, result code: 0
[m[0;32;31m1970-01-01 03:00:51.700|E|145916041|lpUCM [IpccProtoMessage.cpp:SerializeParams:112] m_offset, 541696
[m[1;33m1970-01-01 03:00:51.700|W|145916041|lpUCM [RemoteSails.cpp:SendWithRetry:185] Successfully wrote 1052 bytes
[m[0;32;32m1970-01-01 03:00:51.801|I|145916041|lpUCM [RemoteSails.cpp:HandleResponse:149] HandleResponse started, buffer size: 1048
[m[0;32;32m1970-01-01 03:00:51.801|I|145916041|lpUCM [RemoteSails.cpp:HandleResponse:158] Successfully deserialized response, status: 0, result code: 0
[m[0;32;31m1970-01-01 03:00:51.801|E|145916041|lpUCM [IpccProtoMessage.cpp:SerializeParams:112] m_offset, 542720
[m[1;33m1970-01-01 03:00:51.801|W|145916041|lpUCM [RemoteSails.cpp:SendWithRetry:185] Successfully wrote 1052 bytes
[m[0;32;32m1970-01-01 03:00:51.902|I|145916041|lpUCM [RemoteSails.cpp:HandleResponse:149] HandleResponse started, buffer size: 1048
[m[0;32;32m1970-01-01 03:00:51.902|I|145916041|lpUCM [RemoteSails.cpp:HandleResponse:158] Successfully deserialized response, status: 0, result code: 0
[m[0;32;31m1970-01-01 03:00:51.902|E|145916041|lpUCM [IpccProtoMessage.cpp:SerializeParams:112] m_offset, 543744
[m[1;33m1970-01-01 03:00:51.902|W|145916041|lpUCM [RemoteSails.cpp:SendWithRetry:185] Successfully wrote 1052 bytes
[m[0;32;32m1970-01-01 03:00:52.4|I|145916041|lpUCM [RemoteSails.cpp:HandleResponse:149] HandleResponse started, buffer size: 1048
[m[0;32;32m1970-01-01 03:00:52.4|I|145916041|lpUCM [RemoteSails.cpp:HandleResponse:158] Successfully deserialized response, status: 0, result code: 0
[m[0;32;31m1970-01-01 03:00:52.4|E|145916041|lpUCM [IpccProtoMessage.cpp:SerializeParams:112] m_offset, 544768
[m[1;33m1970-01-01 03:00:52.4|W|145916041|lpUCM [RemoteSails.cpp:SendWithRetry:185] Successfully wrote 1052 bytes
[m[0;32;32m1970-01-01 03:00:52.105|I|145916041|lpUCM [RemoteSails.cpp:HandleResponse:149] HandleResponse started, buffer size: 1048
[m[0;32;32m1970-01-01 03:00:52.105|I|145916041|lpUCM [RemoteSails.cpp:HandleResponse:158] Successfully deserialized response, status: 0, result code: 0
[m[0;32;31m1970-01-01 03:00:52.105|E|145916041|lpUCM [IpccProtoMessage.cpp:SerializeParams:112] m_offset, 545792
[m[1;33m1970-01-01 03:00:52.105|W|145916041|lpUCM [RemoteSails.cpp:SendWithRetry:185] Successfully wrote 1052 bytes
[m[0;32;32m1970-01-01 03:00:52.206|I|145916041|lpUCM [RemoteSails.cpp:HandleResponse:149] HandleResponse started, buffer size: 1048
[m[0;32;32m1970-01-01 03:00:52.206|I|145916041|lpUCM [RemoteSails.cpp:HandleResponse:158] Successfully deserialized response, status: 0, result code: 0
[m[0;32;31m1970-01-01 03:00:52.206|E|145916041|lpUCM [IpccProtoMessage.cpp:SerializeParams:112] m_offset, 546816
[m[1;33m1970-01-01 03:00:52.206|W|145916041|lpUCM [RemoteSails.cpp:SendWithRetry:185] Successfully wrote 1052 bytes
[m[0;32;32m1970-01-01 03:00:52.308|I|145916041|lpUCM [RemoteSails.cpp:HandleResponse:149] HandleResponse started, buffer size: 1048
[m[0;32;32m1970-01-01 03:00:52.308|I|145916041|lpUCM [RemoteSails.cpp:HandleResponse:158] Successfully deserialized response, status: 0, result code: 0
[m[0;32;31m1970-01-01 03:00:52.308|E|145916041|lpUCM [IpccProtoMessage.cpp:SerializeParams:112] m_offset, 547840
[m[1;33m1970-01-01 03:00:52.308|W|145916041|lpUCM [RemoteSails.cpp:SendWithRetry:185] Successfully wrote 1052 bytes
[m[0;32;32m1970-01-01 03:00:52.410|I|145916041|lpUCM [RemoteSails.cpp:HandleResponse:149] HandleResponse started, buffer size: 1048
[m[0;32;32m1970-01-01 03:00:52.410|I|145916041|lpUCM [RemoteSails.cpp:HandleResponse:158] Successfully deserialized response, status: 0, result code: 0
[m[0;32;31m1970-01-01 03:00:52.410|E|145916041|lpUCM [IpccProtoMessage.cpp:SerializeParams:112] m_offset, 548864
[m[1;33m1970-01-01 03:00:52.410|W|145916041|lpUCM [RemoteSails.cpp:SendWithRetry:185] Successfully wrote 1052 bytes
[m[0;32;32m1970-01-01 03:00:52.512|I|145916041|lpUCM [RemoteSails.cpp:HandleResponse:149] HandleResponse started, buffer size: 1048
[m[0;32;32m1970-01-01 03:00:52.512|I|145916041|lpUCM [RemoteSails.cpp:HandleResponse:158] Successfully deserialized response, status: 0, result code: 0
[m[0;32;31m1970-01-01 03:00:52.512|E|145916041|lpUCM [IpccProtoMessage.cpp:SerializeParams:112] m_offset, 549888
[m[1;33m1970-01-01 03:00:52.512|W|145916041|lpUCM [RemoteSails.cpp:SendWithRetry:185] Successfully wrote 1052 bytes
[m[0;32;32m1970-01-01 03:00:52.614|I|145916041|lpUCM [RemoteSails.cpp:HandleResponse:149] HandleResponse started, buffer size: 1048
[m[0;32;32m1970-01-01 03:00:52.614|I|145916041|lpUCM [RemoteSails.cpp:HandleResponse:158] Successfully deserialized response, status: 0, result code: 0
[m[0;32;31m1970-01-01 03:00:52.614|E|145916041|lpUCM [IpccProtoMessage.cpp:SerializeParams:112] m_offset, 550912
[m[1;33m1970-01-01 03:00:52.614|W|145916041|lpUCM [RemoteSails.cpp:SendWithRetry:185] Successfully wrote 1052 bytes
[m[0;32;32m1970-01-01 03:00:52.716|I|145916041|lpUCM [RemoteSails.cpp:HandleResponse:149] HandleResponse started, buffer size: 1048
[m[0;32;32m1970-01-01 03:00:52.716|I|145916041|lpUCM [RemoteSails.cpp:HandleResponse:158] Successfully deserialized response, status: 0, result code: 0
[m[0;32;31m1970-01-01 03:00:52.716|E|145916041|lpUCM [IpccProtoMessage.cpp:SerializeParams:112] m_offset, 551936
[m[1;33m1970-01-01 03:00:52.716|W|145916041|lpUCM [RemoteSails.cpp:SendWithRetry:185] Successfully wrote 1052 bytes
[m[0;32;32m1970-01-01 03:00:52.817|I|145916041|lpUCM [RemoteSails.cpp:HandleResponse:149] HandleResponse started, buffer size: 1048
[m[0;32;32m1970-01-01 03:00:52.817|I|145916041|lpUCM [RemoteSails.cpp:HandleResponse:158] Successfully deserialized response, status: 0, result code: 0
[m[0;32;31m1970-01-01 03:00:52.817|E|145916041|lpUCM [IpccProtoMessage.cpp:SerializeParams:112] m_offset, 552960
[m[1;33m1970-01-01 03:00:52.817|W|145916041|lpUCM [RemoteSails.cpp:SendWithRetry:185] Successfully wrote 1052 bytes
[m[0;32;32m1970-01-01 03:00:52.919|I|145916041|lpUCM [RemoteSails.cpp:HandleResponse:149] HandleResponse started, buffer size: 1048
[m[0;32;32m1970-01-01 03:00:52.919|I|145916041|lpUCM [RemoteSails.cpp:HandleResponse:158] Successfully deserialized response, status: 0, result code: 0
[m[0;32;31m1970-01-01 03:00:52.919|E|145916041|lpUCM [IpccProtoMessage.cpp:SerializeParams:112] m_offset, 553984
[m[1;33m1970-01-01 03:00:52.919|W|145916041|lpUCM [RemoteSails.cpp:SendWithRetry:185] Successfully wrote 1052 bytes
[m[0;32;32m1970-01-01 03:00:53.20|I|145916041|lpUCM [RemoteSails.cpp:HandleResponse:149] HandleResponse started, buffer size: 1048
[m[0;32;32m1970-01-01 03:00:53.20|I|145916041|lpUCM [RemoteSails.cpp:HandleResponse:158] Successfully deserialized response, status: 0, result code: 0
[m[0;32;31m1970-01-01 03:00:53.20|E|145916041|lpUCM [IpccProtoMessage.cpp:SerializeParams:112] m_offset, 555008
[m[1;33m1970-01-01 03:00:53.20|W|145916041|lpUCM [RemoteSails.cpp:SendWithRetry:185] Successfully wrote 1052 bytes
[m[0;32;32m1970-01-01 03:00:53.122|I|145916041|lpUCM [RemoteSails.cpp:HandleResponse:149] HandleResponse started, buffer size: 1048
[m[0;32;32m1970-01-01 03:00:53.122|I|145916041|lpUCM [RemoteSails.cpp:HandleResponse:158] Successfully deserialized response, status: 0, result code: 0
[m[0;32;31m1970-01-01 03:00:53.122|E|145916041|lpUCM [IpccProtoMessage.cpp:SerializeParams:112] m_offset, 556032
[m[1;33m1970-01-01 03:00:53.122|W|145916041|lpUCM [RemoteSails.cpp:SendWithRetry:185] Successfully wrote 1052 bytes
[m[0;32;32m1970-01-01 03:00:53.224|I|145916041|lpUCM [RemoteSails.cpp:HandleResponse:149] HandleResponse started, buffer size: 1048
[m[0;32;32m1970-01-01 03:00:53.224|I|145916041|lpUCM [RemoteSails.cpp:HandleResponse:158] Successfully deserialized response, status: 0, result code: 0
[m[0;32;32m1970-01-01 03:00:53.224|I|145916041|lpUCM [RemoteSails.cpp:SailWriteData:272] All data already trans size 16384
[m[0;32;32m1970-01-01 03:00:53.224|I|145916041|lpUCM [fds.cpp:FDS_OnLocalUpgProgress:246] total: 23, curr:22, percent:47, rop:93%
[m[0;32;32m1970-01-01 03:00:53.224|I|145916041|lpUCM [RemoteSails.cpp:SailWriteData:254] total data is 16384
[m[0;32;31m1970-01-01 03:00:53.224|E|145916041|lpUCM [IpccProtoMessage.cpp:SerializeParams:112] m_offset, 557056
[m[1;33m1970-01-01 03:00:53.224|W|145916041|lpUCM [RemoteSails.cpp:SendWithRetry:185] Successfully wrote 1052 bytes
[m[0;32;32m1970-01-01 03:00:53.325|I|145916041|lpUCM [RemoteSails.cpp:HandleResponse:149] HandleResponse started, buffer size: 1048
[m[0;32;32m1970-01-01 03:00:53.325|I|145916041|lpUCM [RemoteSails.cpp:HandleResponse:158] Successfully deserialized response, status: 0, result code: 0
[m[0;32;31m1970-01-01 03:00:53.325|E|145916041|lpUCM [IpccProtoMessage.cpp:SerializeParams:112] m_offset, 558080
[m[1;33m1970-01-01 03:00:53.325|W|145916041|lpUCM [RemoteSails.cpp:SendWithRetry:185] Successfully wrote 1052 bytes
[m[0;32;32m1970-01-01 03:00:53.427|I|145916041|lpUCM [RemoteSails.cpp:HandleResponse:149] HandleResponse started, buffer size: 1048
[m[0;32;32m1970-01-01 03:00:53.427|I|145916041|lpUCM [RemoteSails.cpp:HandleResponse:158] Successfully deserialized response, status: 0, result code: 0
[m[0;32;31m1970-01-01 03:00:53.427|E|145916041|lpUCM [IpccProtoMessage.cpp:SerializeParams:112] m_offset, 559104
[m[1;33m1970-01-01 03:00:53.427|W|145916041|lpUCM [RemoteSails.cpp:SendWithRetry:185] Successfully wrote 1052 bytes
[m[0;32;32m1970-01-01 03:00:53.529|I|145916041|lpUCM [RemoteSails.cpp:HandleResponse:149] HandleResponse started, buffer size: 1048
[m[0;32;32m1970-01-01 03:00:53.529|I|145916041|lpUCM [RemoteSails.cpp:HandleResponse:158] Successfully deserialized response, status: 0, result code: 0
[m[0;32;31m1970-01-01 03:00:53.529|E|145916041|lpUCM [IpccProtoMessage.cpp:SerializeParams:112] m_offset, 560128
[m[1;33m1970-01-01 03:00:53.529|W|145916041|lpUCM [RemoteSails.cpp:SendWithRetry:185] Successfully wrote 1052 bytes
[m[0;32;32m1970-01-01 03:00:53.631|I|145916041|lpUCM [RemoteSails.cpp:HandleResponse:149] HandleResponse started, buffer size: 1048
[m[0;32;32m1970-01-01 03:00:53.631|I|145916041|lpUCM [RemoteSails.cpp:HandleResponse:158] Successfully deserialized response, status: 0, result code: 0
[m[0;32;31m1970-01-01 03:00:53.631|E|145916041|lpUCM [IpccProtoMessage.cpp:SerializeParams:112] m_offset, 561152
[m[1;33m1970-01-01 03:00:53.631|W|145916041|lpUCM [RemoteSails.cpp:SendWithRetry:185] Successfully wrote 1052 bytes
[m[0;32;32m1970-01-01 03:00:53.733|I|145916041|lpUCM [RemoteSails.cpp:HandleResponse:149] HandleResponse started, buffer size: 1048
[m[0;32;32m1970-01-01 03:00:53.733|I|145916041|lpUCM [RemoteSails.cpp:HandleResponse:158] Successfully deserialized response, status: 0, result code: 0
[m[0;32;31m1970-01-01 03:00:53.733|E|145916041|lpUCM [IpccProtoMessage.cpp:SerializeParams:112] m_offset, 562176
[m[1;33m1970-01-01 03:00:53.733|W|145916041|lpUCM [RemoteSails.cpp:SendWithRetry:185] Successfully wrote 1052 bytes
[m[0;32;32m1970-01-01 03:00:53.834|I|145916041|lpUCM [RemoteSails.cpp:HandleResponse:149] HandleResponse started, buffer size: 1048
[m[0;32;32m1970-01-01 03:00:53.834|I|145916041|lpUCM [RemoteSails.cpp:HandleResponse:158] Successfully deserialized response, status: 0, result code: 0
[m[0;32;31m1970-01-01 03:00:53.834|E|145916041|lpUCM [IpccProtoMessage.cpp:SerializeParams:112] m_offset, 563200
[m[1;33m1970-01-01 03:00:53.834|W|145916041|lpUCM [RemoteSails.cpp:SendWithRetry:185] Successfully wrote 1052 bytes
[m[0;32;32m1970-01-01 03:00:53.936|I|145916041|lpUCM [RemoteSails.cpp:HandleResponse:149] HandleResponse started, buffer size: 1048
[m[0;32;32m1970-01-01 03:00:53.936|I|145916041|lpUCM [RemoteSails.cpp:HandleResponse:158] Successfully deserialized response, status: 0, result code: 0
[m[0;32;31m1970-01-01 03:00:53.936|E|145916041|lpUCM [IpccProtoMessage.cpp:SerializeParams:112] m_offset, 564224
[m[1;33m1970-01-01 03:00:53.936|W|145916041|lpUCM [RemoteSails.cpp:SendWithRetry:185] Successfully wrote 1052 bytes
[m[0;32;32m1970-01-01 03:00:54.38|I|145916041|lpUCM [RemoteSails.cpp:HandleResponse:149] HandleResponse started, buffer size: 1048
[m[0;32;32m1970-01-01 03:00:54.38|I|145916041|lpUCM [RemoteSails.cpp:HandleResponse:158] Successfully deserialized response, status: 0, result code: 0
[m[0;32;31m1970-01-01 03:00:54.38|E|145916041|lpUCM [IpccProtoMessage.cpp:SerializeParams:112] m_offset, 565248
[m[1;33m1970-01-01 03:00:54.38|W|145916041|lpUCM [RemoteSails.cpp:SendWithRetry:185] Successfully wrote 1052 bytes
[m[0;32;32m1970-01-01 03:00:54.139|I|145916041|lpUCM [RemoteSails.cpp:HandleResponse:149] HandleResponse started, buffer size: 1048
[m[0;32;32m1970-01-01 03:00:54.139|I|145916041|lpUCM [RemoteSails.cpp:HandleResponse:158] Successfully deserialized response, status: 0, result code: 0
[m[0;32;31m1970-01-01 03:00:54.139|E|145916041|lpUCM [IpccProtoMessage.cpp:SerializeParams:112] m_offset, 566272
[m[1;33m1970-01-01 03:00:54.139|W|145916041|lpUCM [RemoteSails.cpp:SendWithRetry:185] Successfully wrote 1052 bytes
[m[0;32;32m1970-01-01 03:00:54.241|I|145916041|lpUCM [RemoteSails.cpp:HandleResponse:149] HandleResponse started, buffer size: 1048
[m[0;32;32m1970-01-01 03:00:54.241|I|145916041|lpUCM [RemoteSails.cpp:HandleResponse:158] Successfully deserialized response, status: 0, result code: 0
[m[0;32;31m1970-01-01 03:00:54.241|E|145916041|lpUCM [IpccProtoMessage.cpp:SerializeParams:112] m_offset, 567296
[m[1;33m1970-01-01 03:00:54.241|W|145916041|lpUCM [RemoteSails.cpp:SendWithRetry:185] Successfully wrote 1052 bytes
[m[0;32;32m1970-01-01 03:00:54.343|I|145916041|lpUCM [RemoteSails.cpp:HandleResponse:149] HandleResponse started, buffer size: 1048
[m[0;32;32m1970-01-01 03:00:54.343|I|145916041|lpUCM [RemoteSails.cpp:HandleResponse:158] Successfully deserialized response, status: 0, result code: 0
[m[0;32;31m1970-01-01 03:00:54.343|E|145916041|lpUCM [IpccProtoMessage.cpp:SerializeParams:112] m_offset, 568320
[m[1;33m1970-01-01 03:00:54.343|W|145916041|lpUCM [RemoteSails.cpp:SendWithRetry:185] Successfully wrote 1052 bytes
[m[0;32;32m1970-01-01 03:00:54.445|I|145916041|lpUCM [RemoteSails.cpp:HandleResponse:149] HandleResponse started, buffer size: 1048
[m[0;32;32m1970-01-01 03:00:54.445|I|145916041|lpUCM [RemoteSails.cpp:HandleResponse:158] Successfully deserialized response, status: 0, result code: 0
[m[0;32;31m1970-01-01 03:00:54.445|E|145916041|lpUCM [IpccProtoMessage.cpp:SerializeParams:112] m_offset, 569344
[m[1;33m1970-01-01 03:00:54.445|W|145916041|lpUCM [RemoteSails.cpp:SendWithRetry:185] Successfully wrote 1052 bytes
[m[0;32;32m1970-01-01 03:00:54.546|I|145916041|lpUCM [RemoteSails.cpp:HandleResponse:149] HandleResponse started, buffer size: 1048
[m[0;32;32m1970-01-01 03:00:54.546|I|145916041|lpUCM [RemoteSails.cpp:HandleResponse:158] Successfully deserialized response, status: 0, result code: 0
[m[0;32;31m1970-01-01 03:00:54.546|E|145916041|lpUCM [IpccProtoMessage.cpp:SerializeParams:112] m_offset, 570368
[m[1;33m1970-01-01 03:00:54.546|W|145916041|lpUCM [RemoteSails.cpp:SendWithRetry:185] Successfully wrote 1052 bytes
[m[0;32;32m1970-01-01 03:00:54.647|I|145916041|lpUCM [RemoteSails.cpp:HandleResponse:149] HandleResponse started, buffer size: 1048
[m[0;32;32m1970-01-01 03:00:54.647|I|145916041|lpUCM [RemoteSails.cpp:HandleResponse:158] Successfully deserialized response, status: 0, result code: 0
[m[0;32;31m1970-01-01 03:00:54.647|E|145916041|lpUCM [IpccProtoMessage.cpp:SerializeParams:112] m_offset, 571392
[m[1;33m1970-01-01 03:00:54.647|W|145916041|lpUCM [RemoteSails.cpp:SendWithRetry:185] Successfully wrote 1052 bytes
[m[0;32;32m1970-01-01 03:00:54.748|I|145916041|lpUCM [RemoteSails.cpp:HandleResponse:149] HandleResponse started, buffer size: 1048
[m[0;32;32m1970-01-01 03:00:54.748|I|145916041|lpUCM [RemoteSails.cpp:HandleResponse:158] Successfully deserialized response, status: 0, result code: 0
[m[0;32;31m1970-01-01 03:00:54.748|E|145916041|lpUCM [IpccProtoMessage.cpp:SerializeParams:112] m_offset, 572416
[m[1;33m1970-01-01 03:00:54.748|W|145916041|lpUCM [RemoteSails.cpp:SendWithRetry:185] Successfully wrote 1052 bytes
[m[0;32;32m1970-01-01 03:00:54.850|I|145916041|lpUCM [RemoteSails.cpp:HandleResponse:149] HandleResponse started, buffer size: 1048
[m[0;32;32m1970-01-01 03:00:54.850|I|145916041|lpUCM [RemoteSails.cpp:HandleResponse:158] Successfully deserialized response, status: 0, result code: 0
[m[0;32;32m1970-01-01 03:00:54.850|I|145916041|lpUCM [RemoteSails.cpp:SailWriteData:272] All data already trans size 16384
[m[0;32;32m1970-01-01 03:00:54.850|I|145916041|lpUCM [fds.cpp:FDS_OnLocalUpgProgress:246] total: 23, curr:22, percent:48, rop:93%
[m[0;32;32m1970-01-01 03:00:54.850|I|145916041|lpUCM [RemoteSails.cpp:SailWriteData:254] total data is 16384
[m[0;32;31m1970-01-01 03:00:54.850|E|145916041|lpUCM [IpccProtoMessage.cpp:SerializeParams:112] m_offset, 573440
[m[1;33m1970-01-01 03:00:54.850|W|145916041|lpUCM [RemoteSails.cpp:SendWithRetry:185] Successfully wrote 1052 bytes
[m[0;32;32m1970-01-01 03:00:54.952|I|145916041|lpUCM [RemoteSails.cpp:HandleResponse:149] HandleResponse started, buffer size: 1048
[m[0;32;32m1970-01-01 03:00:54.952|I|145916041|lpUCM [RemoteSails.cpp:HandleResponse:158] Successfully deserialized response, status: 0, result code: 0
[m[0;32;31m1970-01-01 03:00:54.952|E|145916041|lpUCM [IpccProtoMessage.cpp:SerializeParams:112] m_offset, 574464
[m[1;33m1970-01-01 03:00:54.952|W|145916041|lpUCM [RemoteSails.cpp:SendWithRetry:185] Successfully wrote 1052 bytes
[m[0;32;32m1970-01-01 03:00:55.54|I|145916041|lpUCM [RemoteSails.cpp:HandleResponse:149] HandleResponse started, buffer size: 1048
[m[0;32;32m1970-01-01 03:00:55.54|I|145916041|lpUCM [RemoteSails.cpp:HandleResponse:158] Successfully deserialized response, status: 0, result code: 0
[m[0;32;31m1970-01-01 03:00:55.54|E|145916041|lpUCM [IpccProtoMessage.cpp:SerializeParams:112] m_offset, 575488
[m[1;33m1970-01-01 03:00:55.54|W|145916041|lpUCM [RemoteSails.cpp:SendWithRetry:185] Successfully wrote 1052 bytes
[m[0;32;32m1970-01-01 03:00:55.155|I|145916041|lpUCM [RemoteSails.cpp:HandleResponse:149] HandleResponse started, buffer size: 1048
[m[0;32;32m1970-01-01 03:00:55.155|I|145916041|lpUCM [RemoteSails.cpp:HandleResponse:158] Successfully deserialized response, status: 0, result code: 0
[m[0;32;31m1970-01-01 03:00:55.155|E|145916041|lpUCM [IpccProtoMessage.cpp:SerializeParams:112] m_offset, 576512
[m[1;33m1970-01-01 03:00:55.155|W|145916041|lpUCM [RemoteSails.cpp:SendWithRetry:185] Successfully wrote 1052 bytes
[m[0;32;32m1970-01-01 03:00:55.257|I|145916041|lpUCM [RemoteSails.cpp:HandleResponse:149] HandleResponse started, buffer size: 1048
[m[0;32;32m1970-01-01 03:00:55.257|I|145916041|lpUCM [RemoteSails.cpp:HandleResponse:158] Successfully deserialized response, status: 0, result code: 0
[m[0;32;31m1970-01-01 03:00:55.257|E|145916041|lpUCM [IpccProtoMessage.cpp:SerializeParams:112] m_offset, 577536
[m[1;33m1970-01-01 03:00:55.257|W|145916041|lpUCM [RemoteSails.cpp:SendWithRetry:185] Successfully wrote 1052 bytes
[m[0;32;32m1970-01-01 03:00:55.359|I|145916041|lpUCM [RemoteSails.cpp:HandleResponse:149] HandleResponse started, buffer size: 1048
[m[0;32;32m1970-01-01 03:00:55.359|I|145916041|lpUCM [RemoteSails.cpp:HandleResponse:158] Successfully deserialized response, status: 0, result code: 0
[m[0;32;31m1970-01-01 03:00:55.359|E|145916041|lpUCM [IpccProtoMessage.cpp:SerializeParams:112] m_offset, 578560
[m[1;33m1970-01-01 03:00:55.359|W|145916041|lpUCM [RemoteSails.cpp:SendWithRetry:185] Successfully wrote 1052 bytes
[m[0;32;32m1970-01-01 03:00:55.462|I|145916041|lpUCM [RemoteSails.cpp:HandleResponse:149] HandleResponse started, buffer size: 1048
[m[0;32;32m1970-01-01 03:00:55.462|I|145916041|lpUCM [RemoteSails.cpp:HandleResponse:158] Successfully deserialized response, status: 0, result code: 0
[m[0;32;31m1970-01-01 03:00:55.462|E|145916041|lpUCM [IpccProtoMessage.cpp:SerializeParams:112] m_offset, 579584
[m[1;33m1970-01-01 03:00:55.462|W|145916041|lpUCM [RemoteSails.cpp:SendWithRetry:185] Successfully wrote 1052 bytes
[m[0;32;32m1970-01-01 03:00:55.563|I|145916041|lpUCM [RemoteSails.cpp:HandleResponse:149] HandleResponse started, buffer size: 1048
[m[0;32;32m1970-01-01 03:00:55.563|I|145916041|lpUCM [RemoteSails.cpp:HandleResponse:158] Successfully deserialized response, status: 0, result code: 0
[m[0;32;31m1970-01-01 03:00:55.563|E|145916041|lpUCM [IpccProtoMessage.cpp:SerializeParams:112] m_offset, 580608
[m[1;33m1970-01-01 03:00:55.563|W|145916041|lpUCM [RemoteSails.cpp:SendWithRetry:185] Successfully wrote 1052 bytes
[m[0;32;32m1970-01-01 03:00:55.664|I|145916041|lpUCM [RemoteSails.cpp:HandleResponse:149] HandleResponse started, buffer size: 1048
[m[0;32;32m1970-01-01 03:00:55.664|I|145916041|lpUCM [RemoteSails.cpp:HandleResponse:158] Successfully deserialized response, status: 0, result code: 0
[m[0;32;31m1970-01-01 03:00:55.664|E|145916041|lpUCM [IpccProtoMessage.cpp:SerializeParams:112] m_offset, 581632
[m[1;33m1970-01-01 03:00:55.664|W|145916041|lpUCM [RemoteSails.cpp:SendWithRetry:185] Successfully wrote 1052 bytes
[m[0;32;32m1970-01-01 03:00:55.765|I|145916041|lpUCM [RemoteSails.cpp:HandleResponse:149] HandleResponse started, buffer size: 1048
[m[0;32;32m1970-01-01 03:00:55.765|I|145916041|lpUCM [RemoteSails.cpp:HandleResponse:158] Successfully deserialized response, status: 0, result code: 0
[m[0;32;31m1970-01-01 03:00:55.765|E|145916041|lpUCM [IpccProtoMessage.cpp:SerializeParams:112] m_offset, 582656
[m[1;33m1970-01-01 03:00:55.765|W|145916041|lpUCM [RemoteSails.cpp:SendWithRetry:185] Successfully wrote 1052 bytes
[m[0;32;32m1970-01-01 03:00:55.866|I|145916041|lpUCM [RemoteSails.cpp:HandleResponse:149] HandleResponse started, buffer size: 1048
[m[0;32;32m1970-01-01 03:00:55.866|I|145916041|lpUCM [RemoteSails.cpp:HandleResponse:158] Successfully deserialized response, status: 0, result code: 0
[m[0;32;31m1970-01-01 03:00:55.866|E|145916041|lpUCM [IpccProtoMessage.cpp:SerializeParams:112] m_offset, 583680
[m[1;33m1970-01-01 03:00:55.866|W|145916041|lpUCM [RemoteSails.cpp:SendWithRetry:185] Successfully wrote 1052 bytes
[m[0;32;32m1970-01-01 03:00:55.968|I|145916041|lpUCM [RemoteSails.cpp:HandleResponse:149] HandleResponse started, buffer size: 1048
[m[0;32;32m1970-01-01 03:00:55.968|I|145916041|lpUCM [RemoteSails.cpp:HandleResponse:158] Successfully deserialized response, status: 0, result code: 0
[m[0;32;31m1970-01-01 03:00:55.968|E|145916041|lpUCM [IpccProtoMessage.cpp:SerializeParams:112] m_offset, 584704
[m[1;33m1970-01-01 03:00:55.968|W|145916041|lpUCM [RemoteSails.cpp:SendWithRetry:185] Successfully wrote 1052 bytes
[m[0;32;32m1970-01-01 03:00:56.69|I|145916041|lpUCM [RemoteSails.cpp:HandleResponse:149] HandleResponse started, buffer size: 1048
[m[0;32;32m1970-01-01 03:00:56.69|I|145916041|lpUCM [RemoteSails.cpp:HandleResponse:158] Successfully deserialized response, status: 0, result code: 0
[m[0;32;31m1970-01-01 03:00:56.69|E|145916041|lpUCM [IpccProtoMessage.cpp:SerializeParams:112] m_offset, 585728
[m[1;33m1970-01-01 03:00:56.69|W|145916041|lpUCM [RemoteSails.cpp:SendWithRetry:185] Successfully wrote 1052 bytes
[m[0;32;32m1970-01-01 03:00:56.170|I|145916041|lpUCM [RemoteSails.cpp:HandleResponse:149] HandleResponse started, buffer size: 1048
[m[0;32;32m1970-01-01 03:00:56.170|I|145916041|lpUCM [RemoteSails.cpp:HandleResponse:158] Successfully deserialized response, status: 0, result code: 0
[m[0;32;31m1970-01-01 03:00:56.170|E|145916041|lpUCM [IpccProtoMessage.cpp:SerializeParams:112] m_offset, 586752
[m[1;33m1970-01-01 03:00:56.170|W|145916041|lpUCM [RemoteSails.cpp:SendWithRetry:185] Successfully wrote 1052 bytes
[m[0;32;32m1970-01-01 03:00:56.272|I|145916041|lpUCM [RemoteSails.cpp:HandleResponse:149] HandleResponse started, buffer size: 1048
[m[0;32;32m1970-01-01 03:00:56.272|I|145916041|lpUCM [RemoteSails.cpp:HandleResponse:158] Successfully deserialized response, status: 0, result code: 0
[m[0;32;31m1970-01-01 03:00:56.272|E|145916041|lpUCM [IpccProtoMessage.cpp:SerializeParams:112] m_offset, 587776
[m[1;33m1970-01-01 03:00:56.272|W|145916041|lpUCM [RemoteSails.cpp:SendWithRetry:185] Successfully wrote 1052 bytes
[m[0;32;32m1970-01-01 03:00:56.374|I|145916041|lpUCM [RemoteSails.cpp:HandleResponse:149] HandleResponse started, buffer size: 1048
[m[0;32;32m1970-01-01 03:00:56.374|I|145916041|lpUCM [RemoteSails.cpp:HandleResponse:158] Successfully deserialized response, status: 0, result code: 0
[m[0;32;31m1970-01-01 03:00:56.374|E|145916041|lpUCM [IpccProtoMessage.cpp:SerializeParams:112] m_offset, 588800
[m[1;33m1970-01-01 03:00:56.374|W|145916041|lpUCM [RemoteSails.cpp:SendWithRetry:185] Successfully wrote 1052 bytes
[m[0;32;32m1970-01-01 03:00:56.475|I|145916041|lpUCM [RemoteSails.cpp:HandleResponse:149] HandleResponse started, buffer size: 1048
[m[0;32;32m1970-01-01 03:00:56.475|I|145916041|lpUCM [RemoteSails.cpp:HandleResponse:158] Successfully deserialized response, status: 0, result code: 0
[m[0;32;32m1970-01-01 03:00:56.475|I|145916041|lpUCM [RemoteSails.cpp:SailWriteData:272] All data already trans size 16384
[m[0;32;32m1970-01-01 03:00:56.475|I|145916041|lpUCM [fds.cpp:FDS_OnLocalUpgProgress:246] total: 23, curr:22, percent:49, rop:93%
[m[0;32;32m1970-01-01 03:00:56.475|I|145916041|lpUCM [RemoteSails.cpp:SailWriteData:254] total data is 16384
[m[0;32;31m1970-01-01 03:00:56.475|E|145916041|lpUCM [IpccProtoMessage.cpp:SerializeParams:112] m_offset, 589824
[m[1;33m1970-01-01 03:00:56.475|W|145916041|lpUCM [RemoteSails.cpp:SendWithRetry:185] Successfully wrote 1052 bytes
[m[0;32;32m1970-01-01 03:00:56.577|I|145916041|lpUCM [RemoteSails.cpp:HandleResponse:149] HandleResponse started, buffer size: 1048
[m[0;32;32m1970-01-01 03:00:56.577|I|145916041|lpUCM [RemoteSails.cpp:HandleResponse:158] Successfully deserialized response, status: 0, result code: 0
[m[0;32;31m1970-01-01 03:00:56.577|E|145916041|lpUCM [IpccProtoMessage.cpp:SerializeParams:112] m_offset, 590848
[m[1;33m1970-01-01 03:00:56.577|W|145916041|lpUCM [RemoteSails.cpp:SendWithRetry:185] Successfully wrote 1052 bytes
[m[0;32;32m1970-01-01 03:00:56.678|I|145916041|lpUCM [RemoteSails.cpp:HandleResponse:149] HandleResponse started, buffer size: 1048
[m[0;32;32m1970-01-01 03:00:56.678|I|145916041|lpUCM [RemoteSails.cpp:HandleResponse:158] Successfully deserialized response, status: 0, result code: 0
[m[0;32;31m1970-01-01 03:00:56.678|E|145916041|lpUCM [IpccProtoMessage.cpp:SerializeParams:112] m_offset, 591872
[m[1;33m1970-01-01 03:00:56.678|W|145916041|lpUCM [RemoteSails.cpp:SendWithRetry:185] Successfully wrote 1052 bytes
[m[0;32;32m1970-01-01 03:00:56.779|I|145916041|lpUCM [RemoteSails.cpp:HandleResponse:149] HandleResponse started, buffer size: 1048
[m[0;32;32m1970-01-01 03:00:56.779|I|145916041|lpUCM [RemoteSails.cpp:HandleResponse:158] Successfully deserialized response, status: 0, result code: 0
[m[0;32;31m1970-01-01 03:00:56.779|E|145916041|lpUCM [IpccProtoMessage.cpp:SerializeParams:112] m_offset, 592896
[m[1;33m1970-01-01 03:00:56.779|W|145916041|lpUCM [RemoteSails.cpp:SendWithRetry:185] Successfully wrote 1052 bytes
[m[0;32;32m1970-01-01 03:00:56.881|I|145916041|lpUCM [RemoteSails.cpp:HandleResponse:149] HandleResponse started, buffer size: 1048
[m[0;32;32m1970-01-01 03:00:56.881|I|145916041|lpUCM [RemoteSails.cpp:HandleResponse:158] Successfully deserialized response, status: 0, result code: 0
[m[0;32;31m1970-01-01 03:00:56.881|E|145916041|lpUCM [IpccProtoMessage.cpp:SerializeParams:112] m_offset, 593920
[m[1;33m1970-01-01 03:00:56.881|W|145916041|lpUCM [RemoteSails.cpp:SendWithRetry:185] Successfully wrote 1052 bytes
[m[0;32;32m1970-01-01 03:00:56.983|I|145916041|lpUCM [RemoteSails.cpp:HandleResponse:149] HandleResponse started, buffer size: 1048
[m[0;32;32m1970-01-01 03:00:56.983|I|145916041|lpUCM [RemoteSails.cpp:HandleResponse:158] Successfully deserialized response, status: 0, result code: 0
[m[0;32;31m1970-01-01 03:00:56.983|E|145916041|lpUCM [IpccProtoMessage.cpp:SerializeParams:112] m_offset, 594944
[m[1;33m1970-01-01 03:00:56.983|W|145916041|lpUCM [RemoteSails.cpp:SendWithRetry:185] Successfully wrote 1052 bytes
[m[0;32;32m1970-01-01 03:00:57.84|I|145916041|lpUCM [RemoteSails.cpp:HandleResponse:149] HandleResponse started, buffer size: 1048
[m[0;32;32m1970-01-01 03:00:57.84|I|145916041|lpUCM [RemoteSails.cpp:HandleResponse:158] Successfully deserialized response, status: 0, result code: 0
[m[0;32;31m1970-01-01 03:00:57.84|E|145916041|lpUCM [IpccProtoMessage.cpp:SerializeParams:112] m_offset, 595968
[m[1;33m1970-01-01 03:00:57.84|W|145916041|lpUCM [RemoteSails.cpp:SendWithRetry:185] Successfully wrote 1052 bytes
[m[0;32;32m1970-01-01 03:00:57.186|I|145916041|lpUCM [RemoteSails.cpp:HandleResponse:149] HandleResponse started, buffer size: 1048
[m[0;32;32m1970-01-01 03:00:57.186|I|145916041|lpUCM [RemoteSails.cpp:HandleResponse:158] Successfully deserialized response, status: 0, result code: 0
[m[0;32;31m1970-01-01 03:00:57.186|E|145916041|lpUCM [IpccProtoMessage.cpp:SerializeParams:112] m_offset, 596992
[m[1;33m1970-01-01 03:00:57.186|W|145916041|lpUCM [RemoteSails.cpp:SendWithRetry:185] Successfully wrote 1052 bytes
[m[0;32;32m1970-01-01 03:00:57.287|I|145916041|lpUCM [RemoteSails.cpp:HandleResponse:149] HandleResponse started, buffer size: 1048
[m[0;32;32m1970-01-01 03:00:57.287|I|145916041|lpUCM [RemoteSails.cpp:HandleResponse:158] Successfully deserialized response, status: 0, result code: 0
[m[0;32;31m1970-01-01 03:00:57.287|E|145916041|lpUCM [IpccProtoMessage.cpp:SerializeParams:112] m_offset, 598016
[m[1;33m1970-01-01 03:00:57.287|W|145916041|lpUCM [RemoteSails.cpp:SendWithRetry:185] Successfully wrote 1052 bytes
[m[0;32;32m1970-01-01 03:00:57.389|I|145916041|lpUCM [RemoteSails.cpp:HandleResponse:149] HandleResponse started, buffer size: 1048
[m[0;32;32m1970-01-01 03:00:57.389|I|145916041|lpUCM [RemoteSails.cpp:HandleResponse:158] Successfully deserialized response, status: 0, result code: 0
[m[0;32;31m1970-01-01 03:00:57.389|E|145916041|lpUCM [IpccProtoMessage.cpp:SerializeParams:112] m_offset, 599040
[m[1;33m1970-01-01 03:00:57.389|W|145916041|lpUCM [RemoteSails.cpp:SendWithRetry:185] Successfully wrote 1052 bytes
[m[0;32;32m1970-01-01 03:00:57.490|I|145916041|lpUCM [RemoteSails.cpp:HandleResponse:149] HandleResponse started, buffer size: 1048
[m[0;32;32m1970-01-01 03:00:57.490|I|145916041|lpUCM [RemoteSails.cpp:HandleResponse:158] Successfully deserialized response, status: 0, result code: 0
[m[0;32;31m1970-01-01 03:00:57.490|E|145916041|lpUCM [IpccProtoMessage.cpp:SerializeParams:112] m_offset, 600064
[m[1;33m1970-01-01 03:00:57.490|W|145916041|lpUCM [RemoteSails.cpp:SendWithRetry:185] Successfully wrote 1052 bytes
[m[0;32;32m1970-01-01 03:00:57.592|I|145916041|lpUCM [RemoteSails.cpp:HandleResponse:149] HandleResponse started, buffer size: 1048
[m[0;32;32m1970-01-01 03:00:57.592|I|145916041|lpUCM [RemoteSails.cpp:HandleResponse:158] Successfully deserialized response, status: 0, result code: 0
[m[0;32;31m1970-01-01 03:00:57.592|E|145916041|lpUCM [IpccProtoMessage.cpp:SerializeParams:112] m_offset, 601088
[m[1;33m1970-01-01 03:00:57.592|W|145916041|lpUCM [RemoteSails.cpp:SendWithRetry:185] Successfully wrote 1052 bytes
[m[0;32;32m1970-01-01 03:00:57.693|I|145916041|lpUCM [RemoteSails.cpp:HandleResponse:149] HandleResponse started, buffer size: 1048
[m[0;32;32m1970-01-01 03:00:57.693|I|145916041|lpUCM [RemoteSails.cpp:HandleResponse:158] Successfully deserialized response, status: 0, result code: 0
[m[0;32;31m1970-01-01 03:00:57.693|E|145916041|lpUCM [IpccProtoMessage.cpp:SerializeParams:112] m_offset, 602112
[m[1;33m1970-01-01 03:00:57.693|W|145916041|lpUCM [RemoteSails.cpp:SendWithRetry:185] Successfully wrote 1052 bytes
[m[0;32;32m1970-01-01 03:00:57.794|I|145916041|lpUCM [RemoteSails.cpp:HandleResponse:149] HandleResponse started, buffer size: 1048
[m[0;32;32m1970-01-01 03:00:57.794|I|145916041|lpUCM [RemoteSails.cpp:HandleResponse:158] Successfully deserialized response, status: 0, result code: 0
[m[0;32;31m1970-01-01 03:00:57.794|E|145916041|lpUCM [IpccProtoMessage.cpp:SerializeParams:112] m_offset, 603136
[m[1;33m1970-01-01 03:00:57.794|W|145916041|lpUCM [RemoteSails.cpp:SendWithRetry:185] Successfully wrote 1052 bytes
[m[0;32;32m1970-01-01 03:00:57.895|I|145916041|lpUCM [RemoteSails.cpp:HandleResponse:149] HandleResponse started, buffer size: 1048
[m[0;32;32m1970-01-01 03:00:57.895|I|145916041|lpUCM [RemoteSails.cpp:HandleResponse:158] Successfully deserialized response, status: 0, result code: 0
[m[0;32;31m1970-01-01 03:00:57.895|E|145916041|lpUCM [IpccProtoMessage.cpp:SerializeParams:112] m_offset, 604160
[m[1;33m1970-01-01 03:00:57.895|W|145916041|lpUCM [RemoteSails.cpp:SendWithRetry:185] Successfully wrote 1052 bytes
[m[0;32;32m1970-01-01 03:00:57.997|I|145916041|lpUCM [RemoteSails.cpp:HandleResponse:149] HandleResponse started, buffer size: 1048
[m[0;32;32m1970-01-01 03:00:57.997|I|145916041|lpUCM [RemoteSails.cpp:HandleResponse:158] Successfully deserialized response, status: 0, result code: 0
[m[0;32;31m1970-01-01 03:00:57.997|E|145916041|lpUCM [IpccProtoMessage.cpp:SerializeParams:112] m_offset, 605184
[m[1;33m1970-01-01 03:00:57.997|W|145916041|lpUCM [RemoteSails.cpp:SendWithRetry:185] Successfully wrote 1052 bytes
[m[0;32;32m1970-01-01 03:00:58.98|I|145916041|lpUCM [RemoteSails.cpp:HandleResponse:149] HandleResponse started, buffer size: 1048
[m[0;32;32m1970-01-01 03:00:58.98|I|145916041|lpUCM [RemoteSails.cpp:HandleResponse:158] Successfully deserialized response, status: 0, result code: 0
[m[0;32;32m1970-01-01 03:00:58.98|I|145916041|lpUCM [RemoteSails.cpp:SailWriteData:272] All data already trans size 16384
[m[0;32;32m1970-01-01 03:00:58.98|I|145916041|lpUCM [fds.cpp:FDS_OnLocalUpgProgress:246] total: 23, curr:22, percent:50, rop:93%
[m[0;32;32m1970-01-01 03:00:58.98|I|145916041|lpUCM [RemoteSails.cpp:SailWriteData:254] total data is 16384
[m[0;32;31m1970-01-01 03:00:58.98|E|145916041|lpUCM [IpccProtoMessage.cpp:SerializeParams:112] m_offset, 606208
[m[1;33m1970-01-01 03:00:58.98|W|145916041|lpUCM [RemoteSails.cpp:SendWithRetry:185] Successfully wrote 1052 bytes
[m[0;32;32m1970-01-01 03:00:58.200|I|145916041|lpUCM [RemoteSails.cpp:HandleResponse:149] HandleResponse started, buffer size: 1048
[m[0;32;32m1970-01-01 03:00:58.200|I|145916041|lpUCM [RemoteSails.cpp:HandleResponse:158] Successfully deserialized response, status: 0, result code: 0
[m[0;32;31m1970-01-01 03:00:58.200|E|145916041|lpUCM [IpccProtoMessage.cpp:SerializeParams:112] m_offset, 607232
[m[1;33m1970-01-01 03:00:58.200|W|145916041|lpUCM [RemoteSails.cpp:SendWithRetry:185] Successfully wrote 1052 bytes
[m[0;32;32m1970-01-01 03:00:58.301|I|145916041|lpUCM [RemoteSails.cpp:HandleResponse:149] HandleResponse started, buffer size: 1048
[m[0;32;32m1970-01-01 03:00:58.301|I|145916041|lpUCM [RemoteSails.cpp:HandleResponse:158] Successfully deserialized response, status: 0, result code: 0
[m[0;32;31m1970-01-01 03:00:58.301|E|145916041|lpUCM [IpccProtoMessage.cpp:SerializeParams:112] m_offset, 608256
[m[1;33m1970-01-01 03:00:58.301|W|145916041|lpUCM [RemoteSails.cpp:SendWithRetry:185] Successfully wrote 1052 bytes
[m[0;32;32m1970-01-01 03:00:58.403|I|145916041|lpUCM [RemoteSails.cpp:HandleResponse:149] HandleResponse started, buffer size: 1048
[m[0;32;32m1970-01-01 03:00:58.403|I|145916041|lpUCM [RemoteSails.cpp:HandleResponse:158] Successfully deserialized response, status: 0, result code: 0
[m[0;32;31m1970-01-01 03:00:58.403|E|145916041|lpUCM [IpccProtoMessage.cpp:SerializeParams:112] m_offset, 609280
[m[1;33m1970-01-01 03:00:58.403|W|145916041|lpUCM [RemoteSails.cpp:SendWithRetry:185] Successfully wrote 1052 bytes
[m[0;32;32m1970-01-01 03:00:58.504|I|145916041|lpUCM [RemoteSails.cpp:HandleResponse:149] HandleResponse started, buffer size: 1048
[m[0;32;32m1970-01-01 03:00:58.504|I|145916041|lpUCM [RemoteSails.cpp:HandleResponse:158] Successfully deserialized response, status: 0, result code: 0
[m[0;32;31m1970-01-01 03:00:58.504|E|145916041|lpUCM [IpccProtoMessage.cpp:SerializeParams:112] m_offset, 610304
[m[1;33m1970-01-01 03:00:58.504|W|145916041|lpUCM [RemoteSails.cpp:SendWithRetry:185] Successfully wrote 1052 bytes
[m[0;32;32m1970-01-01 03:00:58.606|I|145916041|lpUCM [RemoteSails.cpp:HandleResponse:149] HandleResponse started, buffer size: 1048
[m[0;32;32m1970-01-01 03:00:58.606|I|145916041|lpUCM [RemoteSails.cpp:HandleResponse:158] Successfully deserialized response, status: 0, result code: 0
[m[0;32;31m1970-01-01 03:00:58.606|E|145916041|lpUCM [IpccProtoMessage.cpp:SerializeParams:112] m_offset, 611328
[m[1;33m1970-01-01 03:00:58.606|W|145916041|lpUCM [RemoteSails.cpp:SendWithRetry:185] Successfully wrote 1052 bytes
[m[0;32;32m1970-01-01 03:00:58.707|I|145916041|lpUCM [RemoteSails.cpp:HandleResponse:149] HandleResponse started, buffer size: 1048
[m[0;32;32m1970-01-01 03:00:58.707|I|145916041|lpUCM [RemoteSails.cpp:HandleResponse:158] Successfully deserialized response, status: 0, result code: 0
[m[0;32;31m1970-01-01 03:00:58.707|E|145916041|lpUCM [IpccProtoMessage.cpp:SerializeParams:112] m_offset, 612352
[m[1;33m1970-01-01 03:00:58.707|W|145916041|lpUCM [RemoteSails.cpp:SendWithRetry:185] Successfully wrote 1052 bytes
[m[0;32;32m1970-01-01 03:00:58.808|I|145916041|lpUCM [RemoteSails.cpp:HandleResponse:149] HandleResponse started, buffer size: 1048
[m[0;32;32m1970-01-01 03:00:58.808|I|145916041|lpUCM [RemoteSails.cpp:HandleResponse:158] Successfully deserialized response, status: 0, result code: 0
[m[0;32;31m1970-01-01 03:00:58.808|E|145916041|lpUCM [IpccProtoMessage.cpp:SerializeParams:112] m_offset, 613376
[m[1;33m1970-01-01 03:00:58.808|W|145916041|lpUCM [RemoteSails.cpp:SendWithRetry:185] Successfully wrote 1052 bytes
[m[0;32;32m1970-01-01 03:00:58.910|I|145916041|lpUCM [RemoteSails.cpp:HandleResponse:149] HandleResponse started, buffer size: 1048
[m[0;32;32m1970-01-01 03:00:58.910|I|145916041|lpUCM [RemoteSails.cpp:HandleResponse:158] Successfully deserialized response, status: 0, result code: 0
[m[0;32;31m1970-01-01 03:00:58.910|E|145916041|lpUCM [IpccProtoMessage.cpp:SerializeParams:112] m_offset, 614400
[m[1;33m1970-01-01 03:00:58.910|W|145916041|lpUCM [RemoteSails.cpp:SendWithRetry:185] Successfully wrote 1052 bytes
[m[0;32;32m1970-01-01 03:00:59.12|I|145916041|lpUCM [RemoteSails.cpp:HandleResponse:149] HandleResponse started, buffer size: 1048
[m[0;32;32m1970-01-01 03:00:59.12|I|145916041|lpUCM [RemoteSails.cpp:HandleResponse:158] Successfully deserialized response, status: 0, result code: 0
[m[0;32;31m1970-01-01 03:00:59.12|E|145916041|lpUCM [IpccProtoMessage.cpp:SerializeParams:112] m_offset, 615424
[m[1;33m1970-01-01 03:00:59.12|W|145916041|lpUCM [RemoteSails.cpp:SendWithRetry:185] Successfully wrote 1052 bytes
[m[0;32;32m1970-01-01 03:00:59.114|I|145916041|lpUCM [RemoteSails.cpp:HandleResponse:149] HandleResponse started, buffer size: 1048
[m[0;32;32m1970-01-01 03:00:59.114|I|145916041|lpUCM [RemoteSails.cpp:HandleResponse:158] Successfully deserialized response, status: 0, result code: 0
[m[0;32;31m1970-01-01 03:00:59.114|E|145916041|lpUCM [IpccProtoMessage.cpp:SerializeParams:112] m_offset, 616448
[m[1;33m1970-01-01 03:00:59.114|W|145916041|lpUCM [RemoteSails.cpp:SendWithRetry:185] Successfully wrote 1052 bytes
[m[0;32;32m1970-01-01 03:00:59.215|I|145916041|lpUCM [RemoteSails.cpp:HandleResponse:149] HandleResponse started, buffer size: 1048
[m[0;32;32m1970-01-01 03:00:59.215|I|145916041|lpUCM [RemoteSails.cpp:HandleResponse:158] Successfully deserialized response, status: 0, result code: 0
[m[0;32;31m1970-01-01 03:00:59.215|E|145916041|lpUCM [IpccProtoMessage.cpp:SerializeParams:112] m_offset, 617472
[m[1;33m1970-01-01 03:00:59.215|W|145916041|lpUCM [RemoteSails.cpp:SendWithRetry:185] Successfully wrote 1052 bytes
[m[0;32;32m1970-01-01 03:00:59.316|I|145916041|lpUCM [RemoteSails.cpp:HandleResponse:149] HandleResponse started, buffer size: 1048
[m[0;32;32m1970-01-01 03:00:59.316|I|145916041|lpUCM [RemoteSails.cpp:HandleResponse:158] Successfully deserialized response, status: 0, result code: 0
[m[0;32;31m1970-01-01 03:00:59.316|E|145916041|lpUCM [IpccProtoMessage.cpp:SerializeParams:112] m_offset, 618496
[m[1;33m1970-01-01 03:00:59.316|W|145916041|lpUCM [RemoteSails.cpp:SendWithRetry:185] Successfully wrote 1052 bytes
[m[0;32;32m1970-01-01 03:00:59.417|I|145916041|lpUCM [RemoteSails.cpp:HandleResponse:149] HandleResponse started, buffer size: 1048
[m[0;32;32m1970-01-01 03:00:59.417|I|145916041|lpUCM [RemoteSails.cpp:HandleResponse:158] Successfully deserialized response, status: 0, result code: 0
[m[0;32;31m1970-01-01 03:00:59.417|E|145916041|lpUCM [IpccProtoMessage.cpp:SerializeParams:112] m_offset, 619520
[m[1;33m1970-01-01 03:00:59.417|W|145916041|lpUCM [RemoteSails.cpp:SendWithRetry:185] Successfully wrote 1052 bytes
[m[0;32;32m1970-01-01 03:00:59.519|I|145916041|lpUCM [RemoteSails.cpp:HandleResponse:149] HandleResponse started, buffer size: 1048
[m[0;32;32m1970-01-01 03:00:59.519|I|145916041|lpUCM [RemoteSails.cpp:HandleResponse:158] Successfully deserialized response, status: 0, result code: 0
[m[0;32;31m1970-01-01 03:00:59.519|E|145916041|lpUCM [IpccProtoMessage.cpp:SerializeParams:112] m_offset, 620544
[m[1;33m1970-01-01 03:00:59.519|W|145916041|lpUCM [RemoteSails.cpp:SendWithRetry:185] Successfully wrote 1052 bytes
[m[0;32;32m1970-01-01 03:00:59.620|I|145916041|lpUCM [RemoteSails.cpp:HandleResponse:149] HandleResponse started, buffer size: 1048
[m[0;32;32m1970-01-01 03:00:59.620|I|145916041|lpUCM [RemoteSails.cpp:HandleResponse:158] Successfully deserialized response, status: 0, result code: 0
[m[0;32;31m1970-01-01 03:00:59.620|E|145916041|lpUCM [IpccProtoMessage.cpp:SerializeParams:112] m_offset, 621568
[m[1;33m1970-01-01 03:00:59.620|W|145916041|lpUCM [RemoteSails.cpp:SendWithRetry:185] Successfully wrote 1052 bytes
[m[0;32;32m1970-01-01 03:00:59.722|I|145916041|lpUCM [RemoteSails.cpp:HandleResponse:149] HandleResponse started, buffer size: 1048
[m[0;32;32m1970-01-01 03:00:59.722|I|145916041|lpUCM [RemoteSails.cpp:HandleResponse:158] Successfully deserialized response, status: 0, result code: 0
[m[0;32;32m1970-01-01 03:00:59.722|I|145916041|lpUCM [RemoteSails.cpp:SailWriteData:272] All data already trans size 16384
[m[0;32;32m1970-01-01 03:00:59.722|I|145916041|lpUCM [fds.cpp:FDS_OnLocalUpgProgress:246] total: 23, curr:22, percent:51, rop:93%
[m[0;32;32m1970-01-01 03:00:59.722|I|145916041|lpUCM [RemoteSails.cpp:SailWriteData:254] total data is 16384
[m[0;32;31m1970-01-01 03:00:59.722|E|145916041|lpUCM [IpccProtoMessage.cpp:SerializeParams:112] m_offset, 622592
[m[1;33m1970-01-01 03:00:59.722|W|145916041|lpUCM [RemoteSails.cpp:SendWithRetry:185] Successfully wrote 1052 bytes
[m[0;32;32m1970-01-01 03:00:59.823|I|145916041|lpUCM [RemoteSails.cpp:HandleResponse:149] HandleResponse started, buffer size: 1048
[m[0;32;32m1970-01-01 03:00:59.823|I|145916041|lpUCM [RemoteSails.cpp:HandleResponse:158] Successfully deserialized response, status: 0, result code: 0
[m[0;32;31m1970-01-01 03:00:59.823|E|145916041|lpUCM [IpccProtoMessage.cpp:SerializeParams:112] m_offset, 623616
[m[1;33m1970-01-01 03:00:59.823|W|145916041|lpUCM [RemoteSails.cpp:SendWithRetry:185] Successfully wrote 1052 bytes
[m[0;32;32m1970-01-01 03:00:59.925|I|145916041|lpUCM [RemoteSails.cpp:HandleResponse:149] HandleResponse started, buffer size: 1048
[m[0;32;32m1970-01-01 03:00:59.925|I|145916041|lpUCM [RemoteSails.cpp:HandleResponse:158] Successfully deserialized response, status: 0, result code: 0
[m[0;32;31m1970-01-01 03:00:59.925|E|145916041|lpUCM [IpccProtoMessage.cpp:SerializeParams:112] m_offset, 624640
[m[1;33m1970-01-01 03:00:59.925|W|145916041|lpUCM [RemoteSails.cpp:SendWithRetry:185] Successfully wrote 1052 bytes
[m[0;32;32m1970-01-01 03:01:00.27|I|145916041|lpUCM [RemoteSails.cpp:HandleResponse:149] HandleResponse started, buffer size: 1048
[m[0;32;32m1970-01-01 03:01:00.27|I|145916041|lpUCM [RemoteSails.cpp:HandleResponse:158] Successfully deserialized response, status: 0, result code: 0
[m[0;32;31m1970-01-01 03:01:00.27|E|145916041|lpUCM [IpccProtoMessage.cpp:SerializeParams:112] m_offset, 625664
[m[1;33m1970-01-01 03:01:00.27|W|145916041|lpUCM [RemoteSails.cpp:SendWithRetry:185] Successfully wrote 1052 bytes
[m[0;32;32m1970-01-01 03:01:00.128|I|145916041|lpUCM [RemoteSails.cpp:HandleResponse:149] HandleResponse started, buffer size: 1048
[m[0;32;32m1970-01-01 03:01:00.128|I|145916041|lpUCM [RemoteSails.cpp:HandleResponse:158] Successfully deserialized response, status: 0, result code: 0
[m[0;32;31m1970-01-01 03:01:00.128|E|145916041|lpUCM [IpccProtoMessage.cpp:SerializeParams:112] m_offset, 626688
[m[1;33m1970-01-01 03:01:00.128|W|145916041|lpUCM [RemoteSails.cpp:SendWithRetry:185] Successfully wrote 1052 bytes
[m[0;32;32m1970-01-01 03:01:00.229|I|145916041|lpUCM [RemoteSails.cpp:HandleResponse:149] HandleResponse started, buffer size: 1048
[m[0;32;32m1970-01-01 03:01:00.229|I|145916041|lpUCM [RemoteSails.cpp:HandleResponse:158] Successfully deserialized response, status: 0, result code: 0
[m[0;32;31m1970-01-01 03:01:00.229|E|145916041|lpUCM [IpccProtoMessage.cpp:SerializeParams:112] m_offset, 627712
[m[1;33m1970-01-01 03:01:00.229|W|145916041|lpUCM [RemoteSails.cpp:SendWithRetry:185] Successfully wrote 1052 bytes
[m[0;32;32m1970-01-01 03:01:00.330|I|145916041|lpUCM [RemoteSails.cpp:HandleResponse:149] HandleResponse started, buffer size: 1048
[m[0;32;32m1970-01-01 03:01:00.330|I|145916041|lpUCM [RemoteSails.cpp:HandleResponse:158] Successfully deserialized response, status: 0, result code: 0
[m[0;32;31m1970-01-01 03:01:00.330|E|145916041|lpUCM [IpccProtoMessage.cpp:SerializeParams:112] m_offset, 628736
[m[1;33m1970-01-01 03:01:00.330|W|145916041|lpUCM [RemoteSails.cpp:SendWithRetry:185] Successfully wrote 1052 bytes
[m[0;32;32m1970-01-01 03:01:00.432|I|145916041|lpUCM [RemoteSails.cpp:HandleResponse:149] HandleResponse started, buffer size: 1048
[m[0;32;32m1970-01-01 03:01:00.432|I|145916041|lpUCM [RemoteSails.cpp:HandleResponse:158] Successfully deserialized response, status: 0, result code: 0
[m[0;32;31m1970-01-01 03:01:00.432|E|145916041|lpUCM [IpccProtoMessage.cpp:SerializeParams:112] m_offset, 629760
[m[1;33m1970-01-01 03:01:00.432|W|145916041|lpUCM [RemoteSails.cpp:SendWithRetry:185] Successfully wrote 1052 bytes
[m[0;32;32m1970-01-01 03:01:00.533|I|145916041|lpUCM [RemoteSails.cpp:HandleResponse:149] HandleResponse started, buffer size: 1048
[m[0;32;32m1970-01-01 03:01:00.533|I|145916041|lpUCM [RemoteSails.cpp:HandleResponse:158] Successfully deserialized response, status: 0, result code: 0
[m[0;32;31m1970-01-01 03:01:00.533|E|145916041|lpUCM [IpccProtoMessage.cpp:SerializeParams:112] m_offset, 630784
[m[1;33m1970-01-01 03:01:00.533|W|145916041|lpUCM [RemoteSails.cpp:SendWithRetry:185] Successfully wrote 1052 bytes
[m[0;32;32m1970-01-01 03:01:00.634|I|145916041|lpUCM [RemoteSails.cpp:HandleResponse:149] HandleResponse started, buffer size: 1048
[m[0;32;32m1970-01-01 03:01:00.634|I|145916041|lpUCM [RemoteSails.cpp:HandleResponse:158] Successfully deserialized response, status: 0, result code: 0
[m[0;32;31m1970-01-01 03:01:00.634|E|145916041|lpUCM [IpccProtoMessage.cpp:SerializeParams:112] m_offset, 631808
[m[1;33m1970-01-01 03:01:00.634|W|145916041|lpUCM [RemoteSails.cpp:SendWithRetry:185] Successfully wrote 1052 bytes
[m[0;32;32m1970-01-01 03:01:00.736|I|145916041|lpUCM [RemoteSails.cpp:HandleResponse:149] HandleResponse started, buffer size: 1048
[m[0;32;32m1970-01-01 03:01:00.736|I|145916041|lpUCM [RemoteSails.cpp:HandleResponse:158] Successfully deserialized response, status: 0, result code: 0
[m[0;32;31m1970-01-01 03:01:00.736|E|145916041|lpUCM [IpccProtoMessage.cpp:SerializeParams:112] m_offset, 632832
[m[1;33m1970-01-01 03:01:00.736|W|145916041|lpUCM [RemoteSails.cpp:SendWithRetry:185] Successfully wrote 1052 bytes
[m[0;32;32m1970-01-01 03:01:00.837|I|145916041|lpUCM [RemoteSails.cpp:HandleResponse:149] HandleResponse started, buffer size: 1048
[m[0;32;32m1970-01-01 03:01:00.837|I|145916041|lpUCM [RemoteSails.cpp:HandleResponse:158] Successfully deserialized response, status: 0, result code: 0
[m[0;32;31m1970-01-01 03:01:00.837|E|145916041|lpUCM [IpccProtoMessage.cpp:SerializeParams:112] m_offset, 633856
[m[1;33m1970-01-01 03:01:00.837|W|145916041|lpUCM [RemoteSails.cpp:SendWithRetry:185] Successfully wrote 1052 bytes
[m[0;32;32m1970-01-01 03:01:00.939|I|145916041|lpUCM [RemoteSails.cpp:HandleResponse:149] HandleResponse started, buffer size: 1048
[m[0;32;32m1970-01-01 03:01:00.939|I|145916041|lpUCM [RemoteSails.cpp:HandleResponse:158] Successfully deserialized response, status: 0, result code: 0
[m[0;32;31m1970-01-01 03:01:00.939|E|145916041|lpUCM [IpccProtoMessage.cpp:SerializeParams:112] m_offset, 634880
[m[1;33m1970-01-01 03:01:00.939|W|145916041|lpUCM [RemoteSails.cpp:SendWithRetry:185] Successfully wrote 1052 bytes
[m[0;32;32m1970-01-01 03:01:01.40|I|145916041|lpUCM [RemoteSails.cpp:HandleResponse:149] HandleResponse started, buffer size: 1048
[m[0;32;32m1970-01-01 03:01:01.40|I|145916041|lpUCM [RemoteSails.cpp:HandleResponse:158] Successfully deserialized response, status: 0, result code: 0
[m[0;32;31m1970-01-01 03:01:01.40|E|145916041|lpUCM [IpccProtoMessage.cpp:SerializeParams:112] m_offset, 635904
[m[1;33m1970-01-01 03:01:01.40|W|145916041|lpUCM [RemoteSails.cpp:SendWithRetry:185] Successfully wrote 1052 bytes
[m[0;32;32m1970-01-01 03:01:01.142|I|145916041|lpUCM [RemoteSails.cpp:HandleResponse:149] HandleResponse started, buffer size: 1048
[m[0;32;32m1970-01-01 03:01:01.142|I|145916041|lpUCM [RemoteSails.cpp:HandleResponse:158] Successfully deserialized response, status: 0, result code: 0
[m[0;32;31m1970-01-01 03:01:01.142|E|145916041|lpUCM [IpccProtoMessage.cpp:SerializeParams:112] m_offset, 636928
[m[1;33m1970-01-01 03:01:01.142|W|145916041|lpUCM [RemoteSails.cpp:SendWithRetry:185] Successfully wrote 1052 bytes
[m[0;32;32m1970-01-01 03:01:01.243|I|145916041|lpUCM [RemoteSails.cpp:HandleResponse:149] HandleResponse started, buffer size: 1048
[m[0;32;32m1970-01-01 03:01:01.243|I|145916041|lpUCM [RemoteSails.cpp:HandleResponse:158] Successfully deserialized response, status: 0, result code: 0
[m[0;32;31m1970-01-01 03:01:01.243|E|145916041|lpUCM [IpccProtoMessage.cpp:SerializeParams:112] m_offset, 637952
[m[1;33m1970-01-01 03:01:01.243|W|145916041|lpUCM [RemoteSails.cpp:SendWithRetry:185] Successfully wrote 1052 bytes
[m[0;32;32m1970-01-01 03:01:01.345|I|145916041|lpUCM [RemoteSails.cpp:HandleResponse:149] HandleResponse started, buffer size: 1048
[m[0;32;32m1970-01-01 03:01:01.345|I|145916041|lpUCM [RemoteSails.cpp:HandleResponse:158] Successfully deserialized response, status: 0, result code: 0
[m[0;32;32m1970-01-01 03:01:01.345|I|145916041|lpUCM [RemoteSails.cpp:SailWriteData:272] All data already trans size 16384
[m[0;32;32m1970-01-01 03:01:01.345|I|145916041|lpUCM [fds.cpp:FDS_OnLocalUpgProgress:246] total: 23, curr:22, percent:52, rop:93%
[m[0;32;32m1970-01-01 03:01:01.345|I|145916041|lpUCM [RemoteSails.cpp:SailWriteData:254] total data is 16384
[m[0;32;31m1970-01-01 03:01:01.345|E|145916041|lpUCM [IpccProtoMessage.cpp:SerializeParams:112] m_offset, 638976
[m[1;33m1970-01-01 03:01:01.345|W|145916041|lpUCM [RemoteSails.cpp:SendWithRetry:185] Successfully wrote 1052 bytes
[m[0;32;32m1970-01-01 03:01:01.447|I|145916041|lpUCM [RemoteSails.cpp:HandleResponse:149] HandleResponse started, buffer size: 1048
[m[0;32;32m1970-01-01 03:01:01.447|I|145916041|lpUCM [RemoteSails.cpp:HandleResponse:158] Successfully deserialized response, status: 0, result code: 0
[m[0;32;31m1970-01-01 03:01:01.447|E|145916041|lpUCM [IpccProtoMessage.cpp:SerializeParams:112] m_offset, 640000
[m[1;33m1970-01-01 03:01:01.447|W|145916041|lpUCM [RemoteSails.cpp:SendWithRetry:185] Successfully wrote 1052 bytes
[m[0;32;32m1970-01-01 03:01:01.548|I|145916041|lpUCM [RemoteSails.cpp:HandleResponse:149] HandleResponse started, buffer size: 1048
[m[0;32;32m1970-01-01 03:01:01.548|I|145916041|lpUCM [RemoteSails.cpp:HandleResponse:158] Successfully deserialized response, status: 0, result code: 0
[m[0;32;31m1970-01-01 03:01:01.548|E|145916041|lpUCM [IpccProtoMessage.cpp:SerializeParams:112] m_offset, 641024
[m[1;33m1970-01-01 03:01:01.548|W|145916041|lpUCM [RemoteSails.cpp:SendWithRetry:185] Successfully wrote 1052 bytes
[m[0;32;32m1970-01-01 03:01:01.649|I|145916041|lpUCM [RemoteSails.cpp:HandleResponse:149] HandleResponse started, buffer size: 1048
[m[0;32;32m1970-01-01 03:01:01.649|I|145916041|lpUCM [RemoteSails.cpp:HandleResponse:158] Successfully deserialized response, status: 0, result code: 0
[m[0;32;31m1970-01-01 03:01:01.649|E|145916041|lpUCM [IpccProtoMessage.cpp:SerializeParams:112] m_offset, 642048
[m[1;33m1970-01-01 03:01:01.649|W|145916041|lpUCM [RemoteSails.cpp:SendWithRetry:185] Successfully wrote 1052 bytes
[m[0;32;32m1970-01-01 03:01:01.750|I|145916041|lpUCM [RemoteSails.cpp:HandleResponse:149] HandleResponse started, buffer size: 1048
[m[0;32;32m1970-01-01 03:01:01.750|I|145916041|lpUCM [RemoteSails.cpp:HandleResponse:158] Successfully deserialized response, status: 0, result code: 0
[m[0;32;31m1970-01-01 03:01:01.750|E|145916041|lpUCM [IpccProtoMessage.cpp:SerializeParams:112] m_offset, 643072
[m[1;33m1970-01-01 03:01:01.750|W|145916041|lpUCM [RemoteSails.cpp:SendWithRetry:185] Successfully wrote 1052 bytes
[m[0;32;32m1970-01-01 03:01:01.851|I|145916041|lpUCM [RemoteSails.cpp:HandleResponse:149] HandleResponse started, buffer size: 1048
[m[0;32;32m1970-01-01 03:01:01.851|I|145916041|lpUCM [RemoteSails.cpp:HandleResponse:158] Successfully deserialized response, status: 0, result code: 0
[m[0;32;31m1970-01-01 03:01:01.851|E|145916041|lpUCM [IpccProtoMessage.cpp:SerializeParams:112] m_offset, 644096
[m[1;33m1970-01-01 03:01:01.851|W|145916041|lpUCM [RemoteSails.cpp:SendWithRetry:185] Successfully wrote 1052 bytes
[m[0;32;32m1970-01-01 03:01:01.953|I|145916041|lpUCM [RemoteSails.cpp:HandleResponse:149] HandleResponse started, buffer size: 1048
[m[0;32;32m1970-01-01 03:01:01.953|I|145916041|lpUCM [RemoteSails.cpp:HandleResponse:158] Successfully deserialized response, status: 0, result code: 0
[m[0;32;31m1970-01-01 03:01:01.953|E|145916041|lpUCM [IpccProtoMessage.cpp:SerializeParams:112] m_offset, 645120
[m[1;33m1970-01-01 03:01:01.953|W|145916041|lpUCM [RemoteSails.cpp:SendWithRetry:185] Successfully wrote 1052 bytes
[m[0;32;32m1970-01-01 03:01:02.54|I|145916041|lpUCM [RemoteSails.cpp:HandleResponse:149] HandleResponse started, buffer size: 1048
[m[0;32;32m1970-01-01 03:01:02.54|I|145916041|lpUCM [RemoteSails.cpp:HandleResponse:158] Successfully deserialized response, status: 0, result code: 0
[m[0;32;31m1970-01-01 03:01:02.54|E|145916041|lpUCM [IpccProtoMessage.cpp:SerializeParams:112] m_offset, 646144
[m[1;33m1970-01-01 03:01:02.54|W|145916041|lpUCM [RemoteSails.cpp:SendWithRetry:185] Successfully wrote 1052 bytes
[m[0;32;32m1970-01-01 03:01:02.155|I|145916041|lpUCM [RemoteSails.cpp:HandleResponse:149] HandleResponse started, buffer size: 1048
[m[0;32;32m1970-01-01 03:01:02.155|I|145916041|lpUCM [RemoteSails.cpp:HandleResponse:158] Successfully deserialized response, status: 0, result code: 0
[m[0;32;31m1970-01-01 03:01:02.155|E|145916041|lpUCM [IpccProtoMessage.cpp:SerializeParams:112] m_offset, 647168
[m[1;33m1970-01-01 03:01:02.155|W|145916041|lpUCM [RemoteSails.cpp:SendWithRetry:185] Successfully wrote 1052 bytes
[m[0;32;32m1970-01-01 03:01:02.256|I|145916041|lpUCM [RemoteSails.cpp:HandleResponse:149] HandleResponse started, buffer size: 1048
[m[0;32;32m1970-01-01 03:01:02.256|I|145916041|lpUCM [RemoteSails.cpp:HandleResponse:158] Successfully deserialized response, status: 0, result code: 0
[m[0;32;31m1970-01-01 03:01:02.256|E|145916041|lpUCM [IpccProtoMessage.cpp:SerializeParams:112] m_offset, 648192
[m[1;33m1970-01-01 03:01:02.256|W|145916041|lpUCM [RemoteSails.cpp:SendWithRetry:185] Successfully wrote 1052 bytes
[m[0;32;32m1970-01-01 03:01:02.358|I|145916041|lpUCM [RemoteSails.cpp:HandleResponse:149] HandleResponse started, buffer size: 1048
[m[0;32;32m1970-01-01 03:01:02.358|I|145916041|lpUCM [RemoteSails.cpp:HandleResponse:158] Successfully deserialized response, status: 0, result code: 0
[m[0;32;31m1970-01-01 03:01:02.358|E|145916041|lpUCM [IpccProtoMessage.cpp:SerializeParams:112] m_offset, 649216
[m[1;33m1970-01-01 03:01:02.358|W|145916041|lpUCM [RemoteSails.cpp:SendWithRetry:185] Successfully wrote 1052 bytes
[m[0;32;32m1970-01-01 03:01:02.460|I|145916041|lpUCM [RemoteSails.cpp:HandleResponse:149] HandleResponse started, buffer size: 1048
[m[0;32;32m1970-01-01 03:01:02.460|I|145916041|lpUCM [RemoteSails.cpp:HandleResponse:158] Successfully deserialized response, status: 0, result code: 0
[m[0;32;31m1970-01-01 03:01:02.460|E|145916041|lpUCM [IpccProtoMessage.cpp:SerializeParams:112] m_offset, 650240
[m[1;33m1970-01-01 03:01:02.460|W|145916041|lpUCM [RemoteSails.cpp:SendWithRetry:185] Successfully wrote 1052 bytes
[m[0;32;32m1970-01-01 03:01:02.562|I|145916041|lpUCM [RemoteSails.cpp:HandleResponse:149] HandleResponse started, buffer size: 1048
[m[0;32;32m1970-01-01 03:01:02.562|I|145916041|lpUCM [RemoteSails.cpp:HandleResponse:158] Successfully deserialized response, status: 0, result code: 0
[m[0;32;31m1970-01-01 03:01:02.562|E|145916041|lpUCM [IpccProtoMessage.cpp:SerializeParams:112] m_offset, 651264
[m[1;33m1970-01-01 03:01:02.562|W|145916041|lpUCM [RemoteSails.cpp:SendWithRetry:185] Successfully wrote 1052 bytes
[m[0;32;32m1970-01-01 03:01:02.663|I|145916041|lpUCM [RemoteSails.cpp:HandleResponse:149] HandleResponse started, buffer size: 1048
[m[0;32;32m1970-01-01 03:01:02.663|I|145916041|lpUCM [RemoteSails.cpp:HandleResponse:158] Successfully deserialized response, status: 0, result code: 0
[m[0;32;31m1970-01-01 03:01:02.663|E|145916041|lpUCM [IpccProtoMessage.cpp:SerializeParams:112] m_offset, 652288
[m[1;33m1970-01-01 03:01:02.663|W|145916041|lpUCM [RemoteSails.cpp:SendWithRetry:185] Successfully wrote 1052 bytes
[m[0;32;32m1970-01-01 03:01:02.764|I|145916041|lpUCM [RemoteSails.cpp:HandleResponse:149] HandleResponse started, buffer size: 1048
[m[0;32;32m1970-01-01 03:01:02.764|I|145916041|lpUCM [RemoteSails.cpp:HandleResponse:158] Successfully deserialized response, status: 0, result code: 0
[m[0;32;31m1970-01-01 03:01:02.764|E|145916041|lpUCM [IpccProtoMessage.cpp:SerializeParams:112] m_offset, 653312
[m[1;33m1970-01-01 03:01:02.764|W|145916041|lpUCM [RemoteSails.cpp:SendWithRetry:185] Successfully wrote 1052 bytes
[m[0;32;32m1970-01-01 03:01:02.866|I|145916041|lpUCM [RemoteSails.cpp:HandleResponse:149] HandleResponse started, buffer size: 1048
[m[0;32;32m1970-01-01 03:01:02.866|I|145916041|lpUCM [RemoteSails.cpp:HandleResponse:158] Successfully deserialized response, status: 0, result code: 0
[m[0;32;31m1970-01-01 03:01:02.866|E|145916041|lpUCM [IpccProtoMessage.cpp:SerializeParams:112] m_offset, 654336
[m[1;33m1970-01-01 03:01:02.866|W|145916041|lpUCM [RemoteSails.cpp:SendWithRetry:185] Successfully wrote 1052 bytes
[m[0;32;32m1970-01-01 03:01:02.968|I|145916041|lpUCM [RemoteSails.cpp:HandleResponse:149] HandleResponse started, buffer size: 1048
[m[0;32;32m1970-01-01 03:01:02.968|I|145916041|lpUCM [RemoteSails.cpp:HandleResponse:158] Successfully deserialized response, status: 0, result code: 0
[m[0;32;32m1970-01-01 03:01:02.968|I|145916041|lpUCM [RemoteSails.cpp:SailWriteData:272] All data already trans size 16384
[m[0;32;32m1970-01-01 03:01:02.968|I|145916041|lpUCM [fds.cpp:FDS_OnLocalUpgProgress:246] total: 23, curr:22, percent:53, rop:93%
[m[0;32;32m1970-01-01 03:01:02.968|I|145916041|lpUCM [RemoteSails.cpp:SailWriteData:254] total data is 16384
[m[0;32;31m1970-01-01 03:01:02.968|E|145916041|lpUCM [IpccProtoMessage.cpp:SerializeParams:112] m_offset, 655360
[m[1;33m1970-01-01 03:01:02.968|W|145916041|lpUCM [RemoteSails.cpp:SendWithRetry:185] Successfully wrote 1052 bytes
[m[0;32;32m1970-01-01 03:01:03.69|I|145916041|lpUCM [RemoteSails.cpp:HandleResponse:149] HandleResponse started, buffer size: 1048
[m[0;32;32m1970-01-01 03:01:03.69|I|145916041|lpUCM [RemoteSails.cpp:HandleResponse:158] Successfully deserialized response, status: 0, result code: 0
[m[0;32;31m1970-01-01 03:01:03.69|E|145916041|lpUCM [IpccProtoMessage.cpp:SerializeParams:112] m_offset, 656384
[m[1;33m1970-01-01 03:01:03.69|W|145916041|lpUCM [RemoteSails.cpp:SendWithRetry:185] Successfully wrote 1052 bytes
[m[0;32;32m1970-01-01 03:01:03.170|I|145916041|lpUCM [RemoteSails.cpp:HandleResponse:149] HandleResponse started, buffer size: 1048
[m[0;32;32m1970-01-01 03:01:03.170|I|145916041|lpUCM [RemoteSails.cpp:HandleResponse:158] Successfully deserialized response, status: 0, result code: 0
[m[0;32;31m1970-01-01 03:01:03.170|E|145916041|lpUCM [IpccProtoMessage.cpp:SerializeParams:112] m_offset, 657408
[m[1;33m1970-01-01 03:01:03.170|W|145916041|lpUCM [RemoteSails.cpp:SendWithRetry:185] Successfully wrote 1052 bytes
[m[0;32;32m1970-01-01 03:01:03.272|I|145916041|lpUCM [RemoteSails.cpp:HandleResponse:149] HandleResponse started, buffer size: 1048
[m[0;32;32m1970-01-01 03:01:03.272|I|145916041|lpUCM [RemoteSails.cpp:HandleResponse:158] Successfully deserialized response, status: 0, result code: 0
[m[0;32;31m1970-01-01 03:01:03.272|E|145916041|lpUCM [IpccProtoMessage.cpp:SerializeParams:112] m_offset, 658432
[m[1;33m1970-01-01 03:01:03.272|W|145916041|lpUCM [RemoteSails.cpp:SendWithRetry:185] Successfully wrote 1052 bytes
[m[0;32;32m1970-01-01 03:01:03.374|I|145916041|lpUCM [RemoteSails.cpp:HandleResponse:149] HandleResponse started, buffer size: 1048
[m[0;32;32m1970-01-01 03:01:03.374|I|145916041|lpUCM [RemoteSails.cpp:HandleResponse:158] Successfully deserialized response, status: 0, result code: 0
[m[0;32;31m1970-01-01 03:01:03.374|E|145916041|lpUCM [IpccProtoMessage.cpp:SerializeParams:112] m_offset, 659456
[m[1;33m1970-01-01 03:01:03.374|W|145916041|lpUCM [RemoteSails.cpp:SendWithRetry:185] Successfully wrote 1052 bytes
[m[0;32;32m1970-01-01 03:01:03.475|I|145916041|lpUCM [RemoteSails.cpp:HandleResponse:149] HandleResponse started, buffer size: 1048
[m[0;32;32m1970-01-01 03:01:03.475|I|145916041|lpUCM [RemoteSails.cpp:HandleResponse:158] Successfully deserialized response, status: 0, result code: 0
[m[0;32;31m1970-01-01 03:01:03.475|E|145916041|lpUCM [IpccProtoMessage.cpp:SerializeParams:112] m_offset, 660480
[m[1;33m1970-01-01 03:01:03.475|W|145916041|lpUCM [RemoteSails.cpp:SendWithRetry:185] Successfully wrote 1052 bytes
[m[0;32;32m1970-01-01 03:01:03.577|I|145916041|lpUCM [RemoteSails.cpp:HandleResponse:149] HandleResponse started, buffer size: 1048
[m[0;32;32m1970-01-01 03:01:03.577|I|145916041|lpUCM [RemoteSails.cpp:HandleResponse:158] Successfully deserialized response, status: 0, result code: 0
[m[0;32;31m1970-01-01 03:01:03.577|E|145916041|lpUCM [IpccProtoMessage.cpp:SerializeParams:112] m_offset, 661504
[m[1;33m1970-01-01 03:01:03.577|W|145916041|lpUCM [RemoteSails.cpp:SendWithRetry:185] Successfully wrote 1052 bytes
[m[0;32;32m1970-01-01 03:01:03.678|I|145916041|lpUCM [RemoteSails.cpp:HandleResponse:149] HandleResponse started, buffer size: 1048
[m[0;32;32m1970-01-01 03:01:03.678|I|145916041|lpUCM [RemoteSails.cpp:HandleResponse:158] Successfully deserialized response, status: 0, result code: 0
[m[0;32;31m1970-01-01 03:01:03.678|E|145916041|lpUCM [IpccProtoMessage.cpp:SerializeParams:112] m_offset, 662528
[m[1;33m1970-01-01 03:01:03.678|W|145916041|lpUCM [RemoteSails.cpp:SendWithRetry:185] Successfully wrote 1052 bytes
[m[0;32;32m1970-01-01 03:01:03.779|I|145916041|lpUCM [RemoteSails.cpp:HandleResponse:149] HandleResponse started, buffer size: 1048
[m[0;32;32m1970-01-01 03:01:03.779|I|145916041|lpUCM [RemoteSails.cpp:HandleResponse:158] Successfully deserialized response, status: 0, result code: 0
[m[0;32;31m1970-01-01 03:01:03.779|E|145916041|lpUCM [IpccProtoMessage.cpp:SerializeParams:112] m_offset, 663552
[m[1;33m1970-01-01 03:01:03.779|W|145916041|lpUCM [RemoteSails.cpp:SendWithRetry:185] Successfully wrote 1052 bytes
[m[0;32;32m1970-01-01 03:01:03.880|I|145916041|lpUCM [RemoteSails.cpp:HandleResponse:149] HandleResponse started, buffer size: 1048
[m[0;32;32m1970-01-01 03:01:03.880|I|145916041|lpUCM [RemoteSails.cpp:HandleResponse:158] Successfully deserialized response, status: 0, result code: 0
[m[0;32;31m1970-01-01 03:01:03.880|E|145916041|lpUCM [IpccProtoMessage.cpp:SerializeParams:112] m_offset, 664576
[m[1;33m1970-01-01 03:01:03.880|W|145916041|lpUCM [RemoteSails.cpp:SendWithRetry:185] Successfully wrote 1052 bytes
[m[0;32;32m1970-01-01 03:01:03.982|I|145916041|lpUCM [RemoteSails.cpp:HandleResponse:149] HandleResponse started, buffer size: 1048
[m[0;32;32m1970-01-01 03:01:03.982|I|145916041|lpUCM [RemoteSails.cpp:HandleResponse:158] Successfully deserialized response, status: 0, result code: 0
[m[0;32;31m1970-01-01 03:01:03.982|E|145916041|lpUCM [IpccProtoMessage.cpp:SerializeParams:112] m_offset, 665600
[m[1;33m1970-01-01 03:01:03.982|W|145916041|lpUCM [RemoteSails.cpp:SendWithRetry:185] Successfully wrote 1052 bytes
[m[0;32;32m1970-01-01 03:01:04.83|I|145916041|lpUCM [RemoteSails.cpp:HandleResponse:149] HandleResponse started, buffer size: 1048
[m[0;32;32m1970-01-01 03:01:04.83|I|145916041|lpUCM [RemoteSails.cpp:HandleResponse:158] Successfully deserialized response, status: 0, result code: 0
[m[0;32;31m1970-01-01 03:01:04.83|E|145916041|lpUCM [IpccProtoMessage.cpp:SerializeParams:112] m_offset, 666624
[m[1;33m1970-01-01 03:01:04.83|W|145916041|lpUCM [RemoteSails.cpp:SendWithRetry:185] Successfully wrote 1052 bytes
[m[0;32;32m1970-01-01 03:01:04.184|I|145916041|lpUCM [RemoteSails.cpp:HandleResponse:149] HandleResponse started, buffer size: 1048
[m[0;32;32m1970-01-01 03:01:04.184|I|145916041|lpUCM [RemoteSails.cpp:HandleResponse:158] Successfully deserialized response, status: 0, result code: 0
[m[0;32;31m1970-01-01 03:01:04.184|E|145916041|lpUCM [IpccProtoMessage.cpp:SerializeParams:112] m_offset, 667648
[m[1;33m1970-01-01 03:01:04.184|W|145916041|lpUCM [RemoteSails.cpp:SendWithRetry:185] Successfully wrote 1052 bytes
[m[0;32;32m1970-01-01 03:01:04.286|I|145916041|lpUCM [RemoteSails.cpp:HandleResponse:149] HandleResponse started, buffer size: 1048
[m[0;32;32m1970-01-01 03:01:04.286|I|145916041|lpUCM [RemoteSails.cpp:HandleResponse:158] Successfully deserialized response, status: 0, result code: 0
[m[0;32;31m1970-01-01 03:01:04.286|E|145916041|lpUCM [IpccProtoMessage.cpp:SerializeParams:112] m_offset, 668672
[m[1;33m1970-01-01 03:01:04.286|W|145916041|lpUCM [RemoteSails.cpp:SendWithRetry:185] Successfully wrote 1052 bytes
[m[0;32;32m1970-01-01 03:01:04.388|I|145916041|lpUCM [RemoteSails.cpp:HandleResponse:149] HandleResponse started, buffer size: 1048
[m[0;32;32m1970-01-01 03:01:04.388|I|145916041|lpUCM [RemoteSails.cpp:HandleResponse:158] Successfully deserialized response, status: 0, result code: 0
[m[0;32;31m1970-01-01 03:01:04.388|E|145916041|lpUCM [IpccProtoMessage.cpp:SerializeParams:112] m_offset, 669696
[m[1;33m1970-01-01 03:01:04.388|W|145916041|lpUCM [RemoteSails.cpp:SendWithRetry:185] Successfully wrote 1052 bytes
[m[0;32;32m1970-01-01 03:01:04.489|I|145916041|lpUCM [RemoteSails.cpp:HandleResponse:149] HandleResponse started, buffer size: 1048
[m[0;32;32m1970-01-01 03:01:04.489|I|145916041|lpUCM [RemoteSails.cpp:HandleResponse:158] Successfully deserialized response, status: 0, result code: 0
[m[0;32;31m1970-01-01 03:01:04.489|E|145916041|lpUCM [IpccProtoMessage.cpp:SerializeParams:112] m_offset, 670720
[m[1;33m1970-01-01 03:01:04.489|W|145916041|lpUCM [RemoteSails.cpp:SendWithRetry:185] Successfully wrote 1052 bytes
[m[0;32;32m1970-01-01 03:01:04.591|I|145916041|lpUCM [RemoteSails.cpp:HandleResponse:149] HandleResponse started, buffer size: 1048
[m[0;32;32m1970-01-01 03:01:04.591|I|145916041|lpUCM [RemoteSails.cpp:HandleResponse:158] Successfully deserialized response, status: 0, result code: 0
[m[0;32;32m1970-01-01 03:01:04.591|I|145916041|lpUCM [RemoteSails.cpp:SailWriteData:272] All data already trans size 16384
[m[0;32;32m1970-01-01 03:01:04.591|I|145916041|lpUCM [fds.cpp:FDS_OnLocalUpgProgress:246] total: 23, curr:22, percent:54, rop:93%
[m[0;32;32m1970-01-01 03:01:04.591|I|145916041|lpUCM [RemoteSails.cpp:SailWriteData:254] total data is 16384
[m[0;32;31m1970-01-01 03:01:04.591|E|145916041|lpUCM [IpccProtoMessage.cpp:SerializeParams:112] m_offset, 671744
[m[1;33m1970-01-01 03:01:04.591|W|145916041|lpUCM [RemoteSails.cpp:SendWithRetry:185] Successfully wrote 1052 bytes
[m[0;32;32m1970-01-01 03:01:04.692|I|145916041|lpUCM [RemoteSails.cpp:HandleResponse:149] HandleResponse started, buffer size: 1048
[m[0;32;32m1970-01-01 03:01:04.692|I|145916041|lpUCM [RemoteSails.cpp:HandleResponse:158] Successfully deserialized response, status: 0, result code: 0
[m[0;32;31m1970-01-01 03:01:04.692|E|145916041|lpUCM [IpccProtoMessage.cpp:SerializeParams:112] m_offset, 672768
[m[1;33m1970-01-01 03:01:04.692|W|145916041|lpUCM [RemoteSails.cpp:SendWithRetry:185] Successfully wrote 1052 bytes
[m[0;32;32m1970-01-01 03:01:04.793|I|145916041|lpUCM [RemoteSails.cpp:HandleResponse:149] HandleResponse started, buffer size: 1048
[m[0;32;32m1970-01-01 03:01:04.793|I|145916041|lpUCM [RemoteSails.cpp:HandleResponse:158] Successfully deserialized response, status: 0, result code: 0
[m[0;32;31m1970-01-01 03:01:04.793|E|145916041|lpUCM [IpccProtoMessage.cpp:SerializeParams:112] m_offset, 673792
[m[1;33m1970-01-01 03:01:04.793|W|145916041|lpUCM [RemoteSails.cpp:SendWithRetry:185] Successfully wrote 1052 bytes
[m[0;32;32m1970-01-01 03:01:04.895|I|145916041|lpUCM [RemoteSails.cpp:HandleResponse:149] HandleResponse started, buffer size: 1048
[m[0;32;32m1970-01-01 03:01:04.895|I|145916041|lpUCM [RemoteSails.cpp:HandleResponse:158] Successfully deserialized response, status: 0, result code: 0
[m[0;32;31m1970-01-01 03:01:04.895|E|145916041|lpUCM [IpccProtoMessage.cpp:SerializeParams:112] m_offset, 674816
[m[1;33m1970-01-01 03:01:04.895|W|145916041|lpUCM [RemoteSails.cpp:SendWithRetry:185] Successfully wrote 1052 bytes
[m[0;32;32m1970-01-01 03:01:04.997|I|145916041|lpUCM [RemoteSails.cpp:HandleResponse:149] HandleResponse started, buffer size: 1048
[m[0;32;32m1970-01-01 03:01:04.997|I|145916041|lpUCM [RemoteSails.cpp:HandleResponse:158] Successfully deserialized response, status: 0, result code: 0
[m[0;32;31m1970-01-01 03:01:04.997|E|145916041|lpUCM [IpccProtoMessage.cpp:SerializeParams:112] m_offset, 675840
[m[1;33m1970-01-01 03:01:04.997|W|145916041|lpUCM [RemoteSails.cpp:SendWithRetry:185] Successfully wrote 1052 bytes
[m[0;32;32m1970-01-01 03:01:05.98|I|145916041|lpUCM [RemoteSails.cpp:HandleResponse:149] HandleResponse started, buffer size: 1048
[m[0;32;32m1970-01-01 03:01:05.98|I|145916041|lpUCM [RemoteSails.cpp:HandleResponse:158] Successfully deserialized response, status: 0, result code: 0
[m[0;32;31m1970-01-01 03:01:05.98|E|145916041|lpUCM [IpccProtoMessage.cpp:SerializeParams:112] m_offset, 676864
[m[1;33m1970-01-01 03:01:05.98|W|145916041|lpUCM [RemoteSails.cpp:SendWithRetry:185] Successfully wrote 1052 bytes
[m[0;32;32m1970-01-01 03:01:05.199|I|145916041|lpUCM [RemoteSails.cpp:HandleResponse:149] HandleResponse started, buffer size: 1048
[m[0;32;32m1970-01-01 03:01:05.199|I|145916041|lpUCM [RemoteSails.cpp:HandleResponse:158] Successfully deserialized response, status: 0, result code: 0
[m[0;32;31m1970-01-01 03:01:05.199|E|145916041|lpUCM [IpccProtoMessage.cpp:SerializeParams:112] m_offset, 677888
[m[1;33m1970-01-01 03:01:05.199|W|145916041|lpUCM [RemoteSails.cpp:SendWithRetry:185] Successfully wrote 1052 bytes
[m[0;32;32m1970-01-01 03:01:05.301|I|145916041|lpUCM [RemoteSails.cpp:HandleResponse:149] HandleResponse started, buffer size: 1048
[m[0;32;32m1970-01-01 03:01:05.301|I|145916041|lpUCM [RemoteSails.cpp:HandleResponse:158] Successfully deserialized response, status: 0, result code: 0
[m[0;32;31m1970-01-01 03:01:05.301|E|145916041|lpUCM [IpccProtoMessage.cpp:SerializeParams:112] m_offset, 678912
[m[1;33m1970-01-01 03:01:05.301|W|145916041|lpUCM [RemoteSails.cpp:SendWithRetry:185] Successfully wrote 1052 bytes
[m[0;32;32m1970-01-01 03:01:05.403|I|145916041|lpUCM [RemoteSails.cpp:HandleResponse:149] HandleResponse started, buffer size: 1048
[m[0;32;32m1970-01-01 03:01:05.403|I|145916041|lpUCM [RemoteSails.cpp:HandleResponse:158] Successfully deserialized response, status: 0, result code: 0
[m[0;32;31m1970-01-01 03:01:05.403|E|145916041|lpUCM [IpccProtoMessage.cpp:SerializeParams:112] m_offset, 679936
[m[1;33m1970-01-01 03:01:05.403|W|145916041|lpUCM [RemoteSails.cpp:SendWithRetry:185] Successfully wrote 1052 bytes
[m[0;32;32m1970-01-01 03:01:05.504|I|145916041|lpUCM [RemoteSails.cpp:HandleResponse:149] HandleResponse started, buffer size: 1048
[m[0;32;32m1970-01-01 03:01:05.504|I|145916041|lpUCM [RemoteSails.cpp:HandleResponse:158] Successfully deserialized response, status: 0, result code: 0
[m[0;32;31m1970-01-01 03:01:05.504|E|145916041|lpUCM [IpccProtoMessage.cpp:SerializeParams:112] m_offset, 680960
[m[1;33m1970-01-01 03:01:05.504|W|145916041|lpUCM [RemoteSails.cpp:SendWithRetry:185] Successfully wrote 1052 bytes
[m[0;32;32m1970-01-01 03:01:05.606|I|145916041|lpUCM [RemoteSails.cpp:HandleResponse:149] HandleResponse started, buffer size: 1048
[m[0;32;32m1970-01-01 03:01:05.606|I|145916041|lpUCM [RemoteSails.cpp:HandleResponse:158] Successfully deserialized response, status: 0, result code: 0
[m[0;32;31m1970-01-01 03:01:05.606|E|145916041|lpUCM [IpccProtoMessage.cpp:SerializeParams:112] m_offset, 681984
[m[1;33m1970-01-01 03:01:05.606|W|145916041|lpUCM [RemoteSails.cpp:SendWithRetry:185] Successfully wrote 1052 bytes
[m[0;32;32m1970-01-01 03:01:05.707|I|145916041|lpUCM [RemoteSails.cpp:HandleResponse:149] HandleResponse started, buffer size: 1048
[m[0;32;32m1970-01-01 03:01:05.707|I|145916041|lpUCM [RemoteSails.cpp:HandleResponse:158] Successfully deserialized response, status: 0, result code: 0
[m[0;32;31m1970-01-01 03:01:05.707|E|145916041|lpUCM [IpccProtoMessage.cpp:SerializeParams:112] m_offset, 683008
[m[1;33m1970-01-01 03:01:05.707|W|145916041|lpUCM [RemoteSails.cpp:SendWithRetry:185] Successfully wrote 1052 bytes
[m[0;32;32m1970-01-01 03:01:05.808|I|145916041|lpUCM [RemoteSails.cpp:HandleResponse:149] HandleResponse started, buffer size: 1048
[m[0;32;32m1970-01-01 03:01:05.808|I|145916041|lpUCM [RemoteSails.cpp:HandleResponse:158] Successfully deserialized response, status: 0, result code: 0
[m[0;32;31m1970-01-01 03:01:05.808|E|145916041|lpUCM [IpccProtoMessage.cpp:SerializeParams:112] m_offset, 684032
[m[1;33m1970-01-01 03:01:05.808|W|145916041|lpUCM [RemoteSails.cpp:SendWithRetry:185] Successfully wrote 1052 bytes
[m[0;32;32m1970-01-01 03:01:05.910|I|145916041|lpUCM [RemoteSails.cpp:HandleResponse:149] HandleResponse started, buffer size: 1048
[m[0;32;32m1970-01-01 03:01:05.910|I|145916041|lpUCM [RemoteSails.cpp:HandleResponse:158] Successfully deserialized response, status: 0, result code: 0
[m[0;32;31m1970-01-01 03:01:05.910|E|145916041|lpUCM [IpccProtoMessage.cpp:SerializeParams:112] m_offset, 685056
[m[1;33m1970-01-01 03:01:05.910|W|145916041|lpUCM [RemoteSails.cpp:SendWithRetry:185] Successfully wrote 1052 bytes
[m[0;32;32m1970-01-01 03:01:06.12|I|145916041|lpUCM [RemoteSails.cpp:HandleResponse:149] HandleResponse started, buffer size: 1048
[m[0;32;32m1970-01-01 03:01:06.12|I|145916041|lpUCM [RemoteSails.cpp:HandleResponse:158] Successfully deserialized response, status: 0, result code: 0
[m[0;32;31m1970-01-01 03:01:06.12|E|145916041|lpUCM [IpccProtoMessage.cpp:SerializeParams:112] m_offset, 686080
[m[1;33m1970-01-01 03:01:06.12|W|145916041|lpUCM [RemoteSails.cpp:SendWithRetry:185] Successfully wrote 1052 bytes
[m[0;32;32m1970-01-01 03:01:06.113|I|145916041|lpUCM [RemoteSails.cpp:HandleResponse:149] HandleResponse started, buffer size: 1048
[m[0;32;32m1970-01-01 03:01:06.113|I|145916041|lpUCM [RemoteSails.cpp:HandleResponse:158] Successfully deserialized response, status: 0, result code: 0
[m[0;32;31m1970-01-01 03:01:06.113|E|145916041|lpUCM [IpccProtoMessage.cpp:SerializeParams:112] m_offset, 687104
[m[1;33m1970-01-01 03:01:06.113|W|145916041|lpUCM [RemoteSails.cpp:SendWithRetry:185] Successfully wrote 1052 bytes
[m[0;32;32m1970-01-01 03:01:06.214|I|145916041|lpUCM [RemoteSails.cpp:HandleResponse:149] HandleResponse started, buffer size: 1048
[m[0;32;32m1970-01-01 03:01:06.214|I|145916041|lpUCM [RemoteSails.cpp:HandleResponse:158] Successfully deserialized response, status: 0, result code: 0
[m[0;32;32m1970-01-01 03:01:06.214|I|145916041|lpUCM [RemoteSails.cpp:SailWriteData:272] All data already trans size 16384
[m[0;32;32m1970-01-01 03:01:06.214|I|145916041|lpUCM [fds.cpp:FDS_OnLocalUpgProgress:246] total: 23, curr:22, percent:55, rop:93%
[m[0;32;32m1970-01-01 03:01:06.214|I|145916041|lpUCM [RemoteSails.cpp:SailWriteData:254] total data is 16384
[m[0;32;31m1970-01-01 03:01:06.214|E|145916041|lpUCM [IpccProtoMessage.cpp:SerializeParams:112] m_offset, 688128
[m[1;33m1970-01-01 03:01:06.214|W|145916041|lpUCM [RemoteSails.cpp:SendWithRetry:185] Successfully wrote 1052 bytes
[m[0;32;32m1970-01-01 03:01:06.316|I|145916041|lpUCM [RemoteSails.cpp:HandleResponse:149] HandleResponse started, buffer size: 1048
[m[0;32;32m1970-01-01 03:01:06.316|I|145916041|lpUCM [RemoteSails.cpp:HandleResponse:158] Successfully deserialized response, status: 0, result code: 0
[m[0;32;31m1970-01-01 03:01:06.316|E|145916041|lpUCM [IpccProtoMessage.cpp:SerializeParams:112] m_offset, 689152
[m[1;33m1970-01-01 03:01:06.316|W|145916041|lpUCM [RemoteSails.cpp:SendWithRetry:185] Successfully wrote 1052 bytes
[m[0;32;32m1970-01-01 03:01:06.417|I|145916041|lpUCM [RemoteSails.cpp:HandleResponse:149] HandleResponse started, buffer size: 1048
[m[0;32;32m1970-01-01 03:01:06.417|I|145916041|lpUCM [RemoteSails.cpp:HandleResponse:158] Successfully deserialized response, status: 0, result code: 0
[m[0;32;31m1970-01-01 03:01:06.417|E|145916041|lpUCM [IpccProtoMessage.cpp:SerializeParams:112] m_offset, 690176
[m[1;33m1970-01-01 03:01:06.417|W|145916041|lpUCM [RemoteSails.cpp:SendWithRetry:185] Successfully wrote 1052 bytes
[m[0;32;32m1970-01-01 03:01:06.518|I|145916041|lpUCM [RemoteSails.cpp:HandleResponse:149] HandleResponse started, buffer size: 1048
[m[0;32;32m1970-01-01 03:01:06.518|I|145916041|lpUCM [RemoteSails.cpp:HandleResponse:158] Successfully deserialized response, status: 0, result code: 0
[m[0;32;31m1970-01-01 03:01:06.518|E|145916041|lpUCM [IpccProtoMessage.cpp:SerializeParams:112] m_offset, 691200
[m[1;33m1970-01-01 03:01:06.518|W|145916041|lpUCM [RemoteSails.cpp:SendWithRetry:185] Successfully wrote 1052 bytes
[m[0;32;32m1970-01-01 03:01:06.619|I|145916041|lpUCM [RemoteSails.cpp:HandleResponse:149] HandleResponse started, buffer size: 1048
[m[0;32;32m1970-01-01 03:01:06.619|I|145916041|lpUCM [RemoteSails.cpp:HandleResponse:158] Successfully deserialized response, status: 0, result code: 0
[m[0;32;31m1970-01-01 03:01:06.619|E|145916041|lpUCM [IpccProtoMessage.cpp:SerializeParams:112] m_offset, 692224
[m[1;33m1970-01-01 03:01:06.619|W|145916041|lpUCM [RemoteSails.cpp:SendWithRetry:185] Successfully wrote 1052 bytes
[m[0;32;32m1970-01-01 03:01:06.721|I|145916041|lpUCM [RemoteSails.cpp:HandleResponse:149] HandleResponse started, buffer size: 1048
[m[0;32;32m1970-01-01 03:01:06.721|I|145916041|lpUCM [RemoteSails.cpp:HandleResponse:158] Successfully deserialized response, status: 0, result code: 0
[m[0;32;31m1970-01-01 03:01:06.721|E|145916041|lpUCM [IpccProtoMessage.cpp:SerializeParams:112] m_offset, 693248
[m[1;33m1970-01-01 03:01:06.721|W|145916041|lpUCM [RemoteSails.cpp:SendWithRetry:185] Successfully wrote 1052 bytes
[m[0;32;32m1970-01-01 03:01:06.822|I|145916041|lpUCM [RemoteSails.cpp:HandleResponse:149] HandleResponse started, buffer size: 1048
[m[0;32;32m1970-01-01 03:01:06.822|I|145916041|lpUCM [RemoteSails.cpp:HandleResponse:158] Successfully deserialized response, status: 0, result code: 0
[m[0;32;31m1970-01-01 03:01:06.822|E|145916041|lpUCM [IpccProtoMessage.cpp:SerializeParams:112] m_offset, 694272
[m[1;33m1970-01-01 03:01:06.822|W|145916041|lpUCM [RemoteSails.cpp:SendWithRetry:185] Successfully wrote 1052 bytes
[m[0;32;32m1970-01-01 03:01:06.924|I|145916041|lpUCM [RemoteSails.cpp:HandleResponse:149] HandleResponse started, buffer size: 1048
[m[0;32;32m1970-01-01 03:01:06.924|I|145916041|lpUCM [RemoteSails.cpp:HandleResponse:158] Successfully deserialized response, status: 0, result code: 0
[m[0;32;31m1970-01-01 03:01:06.924|E|145916041|lpUCM [IpccProtoMessage.cpp:SerializeParams:112] m_offset, 695296
[m[1;33m1970-01-01 03:01:06.924|W|145916041|lpUCM [RemoteSails.cpp:SendWithRetry:185] Successfully wrote 1052 bytes
[m[0;32;32m1970-01-01 03:01:07.26|I|145916041|lpUCM [RemoteSails.cpp:HandleResponse:149] HandleResponse started, buffer size: 1048
[m[0;32;32m1970-01-01 03:01:07.26|I|145916041|lpUCM [RemoteSails.cpp:HandleResponse:158] Successfully deserialized response, status: 0, result code: 0
[m[0;32;31m1970-01-01 03:01:07.26|E|145916041|lpUCM [IpccProtoMessage.cpp:SerializeParams:112] m_offset, 696320
[m[1;33m1970-01-01 03:01:07.26|W|145916041|lpUCM [RemoteSails.cpp:SendWithRetry:185] Successfully wrote 1052 bytes
[m[0;32;32m1970-01-01 03:01:07.128|I|145916041|lpUCM [RemoteSails.cpp:HandleResponse:149] HandleResponse started, buffer size: 1048
[m[0;32;32m1970-01-01 03:01:07.128|I|145916041|lpUCM [RemoteSails.cpp:HandleResponse:158] Successfully deserialized response, status: 0, result code: 0
[m[0;32;31m1970-01-01 03:01:07.128|E|145916041|lpUCM [IpccProtoMessage.cpp:SerializeParams:112] m_offset, 697344
[m[1;33m1970-01-01 03:01:07.128|W|145916041|lpUCM [RemoteSails.cpp:SendWithRetry:185] Successfully wrote 1052 bytes
[m[0;32;32m1970-01-01 03:01:07.230|I|145916041|lpUCM [RemoteSails.cpp:HandleResponse:149] HandleResponse started, buffer size: 1048
[m[0;32;32m1970-01-01 03:01:07.230|I|145916041|lpUCM [RemoteSails.cpp:HandleResponse:158] Successfully deserialized response, status: 0, result code: 0
[m[0;32;31m1970-01-01 03:01:07.230|E|145916041|lpUCM [IpccProtoMessage.cpp:SerializeParams:112] m_offset, 698368
[m[1;33m1970-01-01 03:01:07.230|W|145916041|lpUCM [RemoteSails.cpp:SendWithRetry:185] Successfully wrote 1052 bytes
[m[0;32;32m1970-01-01 03:01:07.331|I|145916041|lpUCM [RemoteSails.cpp:HandleResponse:149] HandleResponse started, buffer size: 1048
[m[0;32;32m1970-01-01 03:01:07.331|I|145916041|lpUCM [RemoteSails.cpp:HandleResponse:158] Successfully deserialized response, status: 0, result code: 0
[m[0;32;31m1970-01-01 03:01:07.331|E|145916041|lpUCM [IpccProtoMessage.cpp:SerializeParams:112] m_offset, 699392
[m[1;33m1970-01-01 03:01:07.331|W|145916041|lpUCM [RemoteSails.cpp:SendWithRetry:185] Successfully wrote 1052 bytes
[m[0;32;32m1970-01-01 03:01:07.433|I|145916041|lpUCM [RemoteSails.cpp:HandleResponse:149] HandleResponse started, buffer size: 1048
[m[0;32;32m1970-01-01 03:01:07.433|I|145916041|lpUCM [RemoteSails.cpp:HandleResponse:158] Successfully deserialized response, status: 0, result code: 0
[m[0;32;31m1970-01-01 03:01:07.433|E|145916041|lpUCM [IpccProtoMessage.cpp:SerializeParams:112] m_offset, 700416
[m[1;33m1970-01-01 03:01:07.433|W|145916041|lpUCM [RemoteSails.cpp:SendWithRetry:185] Successfully wrote 1052 bytes
[m[0;32;32m1970-01-01 03:01:07.535|I|145916041|lpUCM [RemoteSails.cpp:HandleResponse:149] HandleResponse started, buffer size: 1048
[m[0;32;32m1970-01-01 03:01:07.535|I|145916041|lpUCM [RemoteSails.cpp:HandleResponse:158] Successfully deserialized response, status: 0, result code: 0
[m[0;32;31m1970-01-01 03:01:07.535|E|145916041|lpUCM [IpccProtoMessage.cpp:SerializeParams:112] m_offset, 701440
[m[1;33m1970-01-01 03:01:07.535|W|145916041|lpUCM [RemoteSails.cpp:SendWithRetry:185] Successfully wrote 1052 bytes
[m[0;32;32m1970-01-01 03:01:07.637|I|145916041|lpUCM [RemoteSails.cpp:HandleResponse:149] HandleResponse started, buffer size: 1048
[m[0;32;32m1970-01-01 03:01:07.637|I|145916041|lpUCM [RemoteSails.cpp:HandleResponse:158] Successfully deserialized response, status: 0, result code: 0
[m[0;32;31m1970-01-01 03:01:07.637|E|145916041|lpUCM [IpccProtoMessage.cpp:SerializeParams:112] m_offset, 702464
[m[1;33m1970-01-01 03:01:07.637|W|145916041|lpUCM [RemoteSails.cpp:SendWithRetry:185] Successfully wrote 1052 bytes
[m[0;32;32m1970-01-01 03:01:07.739|I|145916041|lpUCM [RemoteSails.cpp:HandleResponse:149] HandleResponse started, buffer size: 1048
[m[0;32;32m1970-01-01 03:01:07.739|I|145916041|lpUCM [RemoteSails.cpp:HandleResponse:158] Successfully deserialized response, status: 0, result code: 0
[m[0;32;31m1970-01-01 03:01:07.739|E|145916041|lpUCM [IpccProtoMessage.cpp:SerializeParams:112] m_offset, 703488
[m[1;33m1970-01-01 03:01:07.739|W|145916041|lpUCM [RemoteSails.cpp:SendWithRetry:185] Successfully wrote 1052 bytes
[m[0;32;32m1970-01-01 03:01:07.840|I|145916041|lpUCM [RemoteSails.cpp:HandleResponse:149] HandleResponse started, buffer size: 1048
[m[0;32;32m1970-01-01 03:01:07.840|I|145916041|lpUCM [RemoteSails.cpp:HandleResponse:158] Successfully deserialized response, status: 0, result code: 0
[m[0;32;32m1970-01-01 03:01:07.840|I|145916041|lpUCM [RemoteSails.cpp:SailWriteData:272] All data already trans size 16384
[m[0;32;32m1970-01-01 03:01:07.840|I|145916041|lpUCM [fds.cpp:FDS_OnLocalUpgProgress:246] total: 23, curr:22, percent:56, rop:93%
[m[0;32;32m1970-01-01 03:01:07.840|I|145916041|lpUCM [RemoteSails.cpp:SailWriteData:254] total data is 16384
[m[0;32;31m1970-01-01 03:01:07.840|E|145916041|lpUCM [IpccProtoMessage.cpp:SerializeParams:112] m_offset, 704512
[m[1;33m1970-01-01 03:01:07.840|W|145916041|lpUCM [RemoteSails.cpp:SendWithRetry:185] Successfully wrote 1052 bytes
[m[0;32;32m1970-01-01 03:01:07.942|I|145916041|lpUCM [RemoteSails.cpp:HandleResponse:149] HandleResponse started, buffer size: 1048
[m[0;32;32m1970-01-01 03:01:07.942|I|145916041|lpUCM [RemoteSails.cpp:HandleResponse:158] Successfully deserialized response, status: 0, result code: 0
[m[0;32;31m1970-01-01 03:01:07.942|E|145916041|lpUCM [IpccProtoMessage.cpp:SerializeParams:112] m_offset, 705536
[m[1;33m1970-01-01 03:01:07.942|W|145916041|lpUCM [RemoteSails.cpp:SendWithRetry:185] Successfully wrote 1052 bytes
[m[0;32;32m1970-01-01 03:01:08.44|I|145916041|lpUCM [RemoteSails.cpp:HandleResponse:149] HandleResponse started, buffer size: 1048
[m[0;32;32m1970-01-01 03:01:08.44|I|145916041|lpUCM [RemoteSails.cpp:HandleResponse:158] Successfully deserialized response, status: 0, result code: 0
[m[0;32;31m1970-01-01 03:01:08.44|E|145916041|lpUCM [IpccProtoMessage.cpp:SerializeParams:112] m_offset, 706560
[m[1;33m1970-01-01 03:01:08.44|W|145916041|lpUCM [RemoteSails.cpp:SendWithRetry:185] Successfully wrote 1052 bytes
[m[0;32;32m1970-01-01 03:01:08.146|I|145916041|lpUCM [RemoteSails.cpp:HandleResponse:149] HandleResponse started, buffer size: 1048
[m[0;32;32m1970-01-01 03:01:08.146|I|145916041|lpUCM [RemoteSails.cpp:HandleResponse:158] Successfully deserialized response, status: 0, result code: 0
[m[0;32;31m1970-01-01 03:01:08.146|E|145916041|lpUCM [IpccProtoMessage.cpp:SerializeParams:112] m_offset, 707584
[m[1;33m1970-01-01 03:01:08.146|W|145916041|lpUCM [RemoteSails.cpp:SendWithRetry:185] Successfully wrote 1052 bytes
[m[0;32;32m1970-01-01 03:01:08.247|I|145916041|lpUCM [RemoteSails.cpp:HandleResponse:149] HandleResponse started, buffer size: 1048
[m[0;32;32m1970-01-01 03:01:08.247|I|145916041|lpUCM [RemoteSails.cpp:HandleResponse:158] Successfully deserialized response, status: 0, result code: 0
[m[0;32;31m1970-01-01 03:01:08.247|E|145916041|lpUCM [IpccProtoMessage.cpp:SerializeParams:112] m_offset, 708608
[m[1;33m1970-01-01 03:01:08.247|W|145916041|lpUCM [RemoteSails.cpp:SendWithRetry:185] Successfully wrote 1052 bytes
[m[0;32;32m1970-01-01 03:01:08.349|I|145916041|lpUCM [RemoteSails.cpp:HandleResponse:149] HandleResponse started, buffer size: 1048
[m[0;32;32m1970-01-01 03:01:08.349|I|145916041|lpUCM [RemoteSails.cpp:HandleResponse:158] Successfully deserialized response, status: 0, result code: 0
[m[0;32;31m1970-01-01 03:01:08.349|E|145916041|lpUCM [IpccProtoMessage.cpp:SerializeParams:112] m_offset, 709632
[m[1;33m1970-01-01 03:01:08.349|W|145916041|lpUCM [RemoteSails.cpp:SendWithRetry:185] Successfully wrote 1052 bytes
[m[0;32;32m1970-01-01 03:01:08.450|I|145916041|lpUCM [RemoteSails.cpp:HandleResponse:149] HandleResponse started, buffer size: 1048
[m[0;32;32m1970-01-01 03:01:08.450|I|145916041|lpUCM [RemoteSails.cpp:HandleResponse:158] Successfully deserialized response, status: 0, result code: 0
[m[0;32;31m1970-01-01 03:01:08.450|E|145916041|lpUCM [IpccProtoMessage.cpp:SerializeParams:112] m_offset, 710656
[m[1;33m1970-01-01 03:01:08.450|W|145916041|lpUCM [RemoteSails.cpp:SendWithRetry:185] Successfully wrote 1052 bytes
[m[0;32;32m1970-01-01 03:01:08.551|I|145916041|lpUCM [RemoteSails.cpp:HandleResponse:149] HandleResponse started, buffer size: 1048
[m[0;32;32m1970-01-01 03:01:08.551|I|145916041|lpUCM [RemoteSails.cpp:HandleResponse:158] Successfully deserialized response, status: 0, result code: 0
[m[0;32;31m1970-01-01 03:01:08.551|E|145916041|lpUCM [IpccProtoMessage.cpp:SerializeParams:112] m_offset, 711680
[m[1;33m1970-01-01 03:01:08.551|W|145916041|lpUCM [RemoteSails.cpp:SendWithRetry:185] Successfully wrote 1052 bytes
[m[0;32;32m1970-01-01 03:01:08.653|I|145916041|lpUCM [RemoteSails.cpp:HandleResponse:149] HandleResponse started, buffer size: 1048
[m[0;32;32m1970-01-01 03:01:08.653|I|145916041|lpUCM [RemoteSails.cpp:HandleResponse:158] Successfully deserialized response, status: 0, result code: 0
[m[0;32;31m1970-01-01 03:01:08.653|E|145916041|lpUCM [IpccProtoMessage.cpp:SerializeParams:112] m_offset, 712704
[m[1;33m1970-01-01 03:01:08.653|W|145916041|lpUCM [RemoteSails.cpp:SendWithRetry:185] Successfully wrote 1052 bytes
[m[0;32;32m1970-01-01 03:01:08.754|I|145916041|lpUCM [RemoteSails.cpp:HandleResponse:149] HandleResponse started, buffer size: 1048
[m[0;32;32m1970-01-01 03:01:08.754|I|145916041|lpUCM [RemoteSails.cpp:HandleResponse:158] Successfully deserialized response, status: 0, result code: 0
[m[0;32;31m1970-01-01 03:01:08.754|E|145916041|lpUCM [IpccProtoMessage.cpp:SerializeParams:112] m_offset, 713728
[m[1;33m1970-01-01 03:01:08.754|W|145916041|lpUCM [RemoteSails.cpp:SendWithRetry:185] Successfully wrote 1052 bytes
[m[0;32;32m1970-01-01 03:01:08.855|I|145916041|lpUCM [RemoteSails.cpp:HandleResponse:149] HandleResponse started, buffer size: 1048
[m[0;32;32m1970-01-01 03:01:08.855|I|145916041|lpUCM [RemoteSails.cpp:HandleResponse:158] Successfully deserialized response, status: 0, result code: 0
[m[0;32;31m1970-01-01 03:01:08.855|E|145916041|lpUCM [IpccProtoMessage.cpp:SerializeParams:112] m_offset, 714752
[m[1;33m1970-01-01 03:01:08.855|W|145916041|lpUCM [RemoteSails.cpp:SendWithRetry:185] Successfully wrote 1052 bytes
[m[0;32;32m1970-01-01 03:01:08.957|I|145916041|lpUCM [RemoteSails.cpp:HandleResponse:149] HandleResponse started, buffer size: 1048
[m[0;32;32m1970-01-01 03:01:08.957|I|145916041|lpUCM [RemoteSails.cpp:HandleResponse:158] Successfully deserialized response, status: 0, result code: 0
[m[0;32;31m1970-01-01 03:01:08.957|E|145916041|lpUCM [IpccProtoMessage.cpp:SerializeParams:112] m_offset, 715776
[m[1;33m1970-01-01 03:01:08.957|W|145916041|lpUCM [RemoteSails.cpp:SendWithRetry:185] Successfully wrote 1052 bytes
[m[0;32;32m1970-01-01 03:01:09.58|I|145916041|lpUCM [RemoteSails.cpp:HandleResponse:149] HandleResponse started, buffer size: 1048
[m[0;32;32m1970-01-01 03:01:09.58|I|145916041|lpUCM [RemoteSails.cpp:HandleResponse:158] Successfully deserialized response, status: 0, result code: 0
[m[0;32;31m1970-01-01 03:01:09.58|E|145916041|lpUCM [IpccProtoMessage.cpp:SerializeParams:112] m_offset, 716800
[m[1;33m1970-01-01 03:01:09.58|W|145916041|lpUCM [RemoteSails.cpp:SendWithRetry:185] Successfully wrote 1052 bytes
[m[0;32;32m1970-01-01 03:01:09.160|I|145916041|lpUCM [RemoteSails.cpp:HandleResponse:149] HandleResponse started, buffer size: 1048
[m[0;32;32m1970-01-01 03:01:09.160|I|145916041|lpUCM [RemoteSails.cpp:HandleResponse:158] Successfully deserialized response, status: 0, result code: 0
[m[0;32;31m1970-01-01 03:01:09.160|E|145916041|lpUCM [IpccProtoMessage.cpp:SerializeParams:112] m_offset, 717824
[m[1;33m1970-01-01 03:01:09.160|W|145916041|lpUCM [RemoteSails.cpp:SendWithRetry:185] Successfully wrote 1052 bytes
[m[0;32;32m1970-01-01 03:01:09.261|I|145916041|lpUCM [RemoteSails.cpp:HandleResponse:149] HandleResponse started, buffer size: 1048
[m[0;32;32m1970-01-01 03:01:09.261|I|145916041|lpUCM [RemoteSails.cpp:HandleResponse:158] Successfully deserialized response, status: 0, result code: 0
[m[0;32;31m1970-01-01 03:01:09.261|E|145916041|lpUCM [IpccProtoMessage.cpp:SerializeParams:112] m_offset, 718848
[m[1;33m1970-01-01 03:01:09.261|W|145916041|lpUCM [RemoteSails.cpp:SendWithRetry:185] Successfully wrote 1052 bytes
[m[0;32;32m1970-01-01 03:01:09.363|I|145916041|lpUCM [RemoteSails.cpp:HandleResponse:149] HandleResponse started, buffer size: 1048
[m[0;32;32m1970-01-01 03:01:09.363|I|145916041|lpUCM [RemoteSails.cpp:HandleResponse:158] Successfully deserialized response, status: 0, result code: 0
[m[0;32;31m1970-01-01 03:01:09.363|E|145916041|lpUCM [IpccProtoMessage.cpp:SerializeParams:112] m_offset, 719872
[m[1;33m1970-01-01 03:01:09.363|W|145916041|lpUCM [RemoteSails.cpp:SendWithRetry:185] Successfully wrote 1052 bytes
[m[0;32;32m1970-01-01 03:01:09.464|I|145916041|lpUCM [RemoteSails.cpp:HandleResponse:149] HandleResponse started, buffer size: 1048
[m[0;32;32m1970-01-01 03:01:09.464|I|145916041|lpUCM [RemoteSails.cpp:HandleResponse:158] Successfully deserialized response, status: 0, result code: 0
[m[0;32;32m1970-01-01 03:01:09.464|I|145916041|lpUCM [RemoteSails.cpp:SailWriteData:272] All data already trans size 16384
[m[0;32;32m1970-01-01 03:01:09.464|I|145916041|lpUCM [fds.cpp:FDS_OnLocalUpgProgress:246] total: 23, curr:22, percent:57, rop:93%
[m[0;32;32m1970-01-01 03:01:09.464|I|145916041|lpUCM [RemoteSails.cpp:SailWriteData:254] total data is 16384
[m[0;32;31m1970-01-01 03:01:09.464|E|145916041|lpUCM [IpccProtoMessage.cpp:SerializeParams:112] m_offset, 720896
[m[1;33m1970-01-01 03:01:09.464|W|145916041|lpUCM [RemoteSails.cpp:SendWithRetry:185] Successfully wrote 1052 bytes
[m[0;32;32m1970-01-01 03:01:09.566|I|145916041|lpUCM [RemoteSails.cpp:HandleResponse:149] HandleResponse started, buffer size: 1048
[m[0;32;32m1970-01-01 03:01:09.566|I|145916041|lpUCM [RemoteSails.cpp:HandleResponse:158] Successfully deserialized response, status: 0, result code: 0
[m[0;32;31m1970-01-01 03:01:09.566|E|145916041|lpUCM [IpccProtoMessage.cpp:SerializeParams:112] m_offset, 721920
[m[1;33m1970-01-01 03:01:09.566|W|145916041|lpUCM [RemoteSails.cpp:SendWithRetry:185] Successfully wrote 1052 bytes
[m[0;32;32m1970-01-01 03:01:09.667|I|145916041|lpUCM [RemoteSails.cpp:HandleResponse:149] HandleResponse started, buffer size: 1048
[m[0;32;32m1970-01-01 03:01:09.667|I|145916041|lpUCM [RemoteSails.cpp:HandleResponse:158] Successfully deserialized response, status: 0, result code: 0
[m[0;32;31m1970-01-01 03:01:09.667|E|145916041|lpUCM [IpccProtoMessage.cpp:SerializeParams:112] m_offset, 722944
[m[1;33m1970-01-01 03:01:09.667|W|145916041|lpUCM [RemoteSails.cpp:SendWithRetry:185] Successfully wrote 1052 bytes
[m[0;32;32m1970-01-01 03:01:09.768|I|145916041|lpUCM [RemoteSails.cpp:HandleResponse:149] HandleResponse started, buffer size: 1048
[m[0;32;32m1970-01-01 03:01:09.768|I|145916041|lpUCM [RemoteSails.cpp:HandleResponse:158] Successfully deserialized response, status: 0, result code: 0
[m[0;32;31m1970-01-01 03:01:09.768|E|145916041|lpUCM [IpccProtoMessage.cpp:SerializeParams:112] m_offset, 723968
[m[1;33m1970-01-01 03:01:09.768|W|145916041|lpUCM [RemoteSails.cpp:SendWithRetry:185] Successfully wrote 1052 bytes
[m[0;32;32m1970-01-01 03:01:09.869|I|145916041|lpUCM [RemoteSails.cpp:HandleResponse:149] HandleResponse started, buffer size: 1048
[m[0;32;32m1970-01-01 03:01:09.869|I|145916041|lpUCM [RemoteSails.cpp:HandleResponse:158] Successfully deserialized response, status: 0, result code: 0
[m[0;32;31m1970-01-01 03:01:09.869|E|145916041|lpUCM [IpccProtoMessage.cpp:SerializeParams:112] m_offset, 724992
[m[1;33m1970-01-01 03:01:09.869|W|145916041|lpUCM [RemoteSails.cpp:SendWithRetry:185] Successfully wrote 1052 bytes
[m[0;32;32m1970-01-01 03:01:09.971|I|145916041|lpUCM [RemoteSails.cpp:HandleResponse:149] HandleResponse started, buffer size: 1048
[m[0;32;32m1970-01-01 03:01:09.971|I|145916041|lpUCM [RemoteSails.cpp:HandleResponse:158] Successfully deserialized response, status: 0, result code: 0
[m[0;32;31m1970-01-01 03:01:09.971|E|145916041|lpUCM [IpccProtoMessage.cpp:SerializeParams:112] m_offset, 726016
[m[1;33m1970-01-01 03:01:09.971|W|145916041|lpUCM [RemoteSails.cpp:SendWithRetry:185] Successfully wrote 1052 bytes
[m[0;32;32m1970-01-01 03:01:10.72|I|145916041|lpUCM [RemoteSails.cpp:HandleResponse:149] HandleResponse started, buffer size: 1048
[m[0;32;32m1970-01-01 03:01:10.72|I|145916041|lpUCM [RemoteSails.cpp:HandleResponse:158] Successfully deserialized response, status: 0, result code: 0
[m[0;32;31m1970-01-01 03:01:10.72|E|145916041|lpUCM [IpccProtoMessage.cpp:SerializeParams:112] m_offset, 727040
[m[1;33m1970-01-01 03:01:10.72|W|145916041|lpUCM [RemoteSails.cpp:SendWithRetry:185] Successfully wrote 1052 bytes
[m[0;32;32m1970-01-01 03:01:10.174|I|145916041|lpUCM [RemoteSails.cpp:HandleResponse:149] HandleResponse started, buffer size: 1048
[m[0;32;32m1970-01-01 03:01:10.174|I|145916041|lpUCM [RemoteSails.cpp:HandleResponse:158] Successfully deserialized response, status: 0, result code: 0
[m[0;32;31m1970-01-01 03:01:10.174|E|145916041|lpUCM [IpccProtoMessage.cpp:SerializeParams:112] m_offset, 728064
[m[1;33m1970-01-01 03:01:10.174|W|145916041|lpUCM [RemoteSails.cpp:SendWithRetry:185] Successfully wrote 1052 bytes
[m[0;32;32m1970-01-01 03:01:10.275|I|145916041|lpUCM [RemoteSails.cpp:HandleResponse:149] HandleResponse started, buffer size: 1048
[m[0;32;32m1970-01-01 03:01:10.275|I|145916041|lpUCM [RemoteSails.cpp:HandleResponse:158] Successfully deserialized response, status: 0, result code: 0
[m[0;32;31m1970-01-01 03:01:10.275|E|145916041|lpUCM [IpccProtoMessage.cpp:SerializeParams:112] m_offset, 729088
[m[1;33m1970-01-01 03:01:10.275|W|145916041|lpUCM [RemoteSails.cpp:SendWithRetry:185] Successfully wrote 1052 bytes
[m[0;32;32m1970-01-01 03:01:10.377|I|145916041|lpUCM [RemoteSails.cpp:HandleResponse:149] HandleResponse started, buffer size: 1048
[m[0;32;32m1970-01-01 03:01:10.377|I|145916041|lpUCM [RemoteSails.cpp:HandleResponse:158] Successfully deserialized response, status: 0, result code: 0
[m[0;32;31m1970-01-01 03:01:10.377|E|145916041|lpUCM [IpccProtoMessage.cpp:SerializeParams:112] m_offset, 730112
[m[1;33m1970-01-01 03:01:10.377|W|145916041|lpUCM [RemoteSails.cpp:SendWithRetry:185] Successfully wrote 1052 bytes
[m[0;32;32m1970-01-01 03:01:10.478|I|145916041|lpUCM [RemoteSails.cpp:HandleResponse:149] HandleResponse started, buffer size: 1048
[m[0;32;32m1970-01-01 03:01:10.478|I|145916041|lpUCM [RemoteSails.cpp:HandleResponse:158] Successfully deserialized response, status: 0, result code: 0
[m[0;32;31m1970-01-01 03:01:10.478|E|145916041|lpUCM [IpccProtoMessage.cpp:SerializeParams:112] m_offset, 731136
[m[1;33m1970-01-01 03:01:10.478|W|145916041|lpUCM [RemoteSails.cpp:SendWithRetry:185] Successfully wrote 1052 bytes
[m[0;32;32m1970-01-01 03:01:10.580|I|145916041|lpUCM [RemoteSails.cpp:HandleResponse:149] HandleResponse started, buffer size: 1048
[m[0;32;32m1970-01-01 03:01:10.580|I|145916041|lpUCM [RemoteSails.cpp:HandleResponse:158] Successfully deserialized response, status: 0, result code: 0
[m[0;32;31m1970-01-01 03:01:10.580|E|145916041|lpUCM [IpccProtoMessage.cpp:SerializeParams:112] m_offset, 732160
[m[1;33m1970-01-01 03:01:10.580|W|145916041|lpUCM [RemoteSails.cpp:SendWithRetry:185] Successfully wrote 1052 bytes
[m[0;32;32m1970-01-01 03:01:10.681|I|145916041|lpUCM [RemoteSails.cpp:HandleResponse:149] HandleResponse started, buffer size: 1048
[m[0;32;32m1970-01-01 03:01:10.681|I|145916041|lpUCM [RemoteSails.cpp:HandleResponse:158] Successfully deserialized response, status: 0, result code: 0
[m[0;32;31m1970-01-01 03:01:10.681|E|145916041|lpUCM [IpccProtoMessage.cpp:SerializeParams:112] m_offset, 733184
[m[1;33m1970-01-01 03:01:10.681|W|145916041|lpUCM [RemoteSails.cpp:SendWithRetry:185] Successfully wrote 1052 bytes
[m[0;32;32m1970-01-01 03:01:10.782|I|145916041|lpUCM [RemoteSails.cpp:HandleResponse:149] HandleResponse started, buffer size: 1048
[m[0;32;32m1970-01-01 03:01:10.782|I|145916041|lpUCM [RemoteSails.cpp:HandleResponse:158] Successfully deserialized response, status: 0, result code: 0
[m[0;32;31m1970-01-01 03:01:10.782|E|145916041|lpUCM [IpccProtoMessage.cpp:SerializeParams:112] m_offset, 734208
[m[1;33m1970-01-01 03:01:10.782|W|145916041|lpUCM [RemoteSails.cpp:SendWithRetry:185] Successfully wrote 1052 bytes
[m[0;32;32m1970-01-01 03:01:10.884|I|145916041|lpUCM [RemoteSails.cpp:HandleResponse:149] HandleResponse started, buffer size: 1048
[m[0;32;32m1970-01-01 03:01:10.884|I|145916041|lpUCM [RemoteSails.cpp:HandleResponse:158] Successfully deserialized response, status: 0, result code: 0
[m[0;32;31m1970-01-01 03:01:10.884|E|145916041|lpUCM [IpccProtoMessage.cpp:SerializeParams:112] m_offset, 735232
[m[1;33m1970-01-01 03:01:10.884|W|145916041|lpUCM [RemoteSails.cpp:SendWithRetry:185] Successfully wrote 1052 bytes
[m[0;32;32m1970-01-01 03:01:10.986|I|145916041|lpUCM [RemoteSails.cpp:HandleResponse:149] HandleResponse started, buffer size: 1048
[m[0;32;32m1970-01-01 03:01:10.986|I|145916041|lpUCM [RemoteSails.cpp:HandleResponse:158] Successfully deserialized response, status: 0, result code: 0
[m[0;32;31m1970-01-01 03:01:10.986|E|145916041|lpUCM [IpccProtoMessage.cpp:SerializeParams:112] m_offset, 736256
[m[1;33m1970-01-01 03:01:10.986|W|145916041|lpUCM [RemoteSails.cpp:SendWithRetry:185] Successfully wrote 1052 bytes
[m[0;32;32m1970-01-01 03:01:11.87|I|145916041|lpUCM [RemoteSails.cpp:HandleResponse:149] HandleResponse started, buffer size: 1048
[m[0;32;32m1970-01-01 03:01:11.87|I|145916041|lpUCM [RemoteSails.cpp:HandleResponse:158] Successfully deserialized response, status: 0, result code: 0
[m[0;32;32m1970-01-01 03:01:11.87|I|145916041|lpUCM [RemoteSails.cpp:SailWriteData:272] All data already trans size 16384
[m[0;32;32m1970-01-01 03:01:11.87|I|145916041|lpUCM [fds.cpp:FDS_OnLocalUpgProgress:246] total: 23, curr:22, percent:58, rop:93%
[m[0;32;32m1970-01-01 03:01:11.87|I|145916041|lpUCM [RemoteSails.cpp:SailWriteData:254] total data is 16384
[m[0;32;31m1970-01-01 03:01:11.87|E|145916041|lpUCM [IpccProtoMessage.cpp:SerializeParams:112] m_offset, 737280
[m[1;33m1970-01-01 03:01:11.87|W|145916041|lpUCM [RemoteSails.cpp:SendWithRetry:185] Successfully wrote 1052 bytes
[m[0;32;32m1970-01-01 03:01:11.188|I|145916041|lpUCM [RemoteSails.cpp:HandleResponse:149] HandleResponse started, buffer size: 1048
[m[0;32;32m1970-01-01 03:01:11.188|I|145916041|lpUCM [RemoteSails.cpp:HandleResponse:158] Successfully deserialized response, status: 0, result code: 0
[m[0;32;31m1970-01-01 03:01:11.188|E|145916041|lpUCM [IpccProtoMessage.cpp:SerializeParams:112] m_offset, 738304
[m[1;33m1970-01-01 03:01:11.188|W|145916041|lpUCM [RemoteSails.cpp:SendWithRetry:185] Successfully wrote 1052 bytes
[m[0;32;32m1970-01-01 03:01:11.290|I|145916041|lpUCM [RemoteSails.cpp:HandleResponse:149] HandleResponse started, buffer size: 1048
[m[0;32;32m1970-01-01 03:01:11.290|I|145916041|lpUCM [RemoteSails.cpp:HandleResponse:158] Successfully deserialized response, status: 0, result code: 0
[m[0;32;31m1970-01-01 03:01:11.290|E|145916041|lpUCM [IpccProtoMessage.cpp:SerializeParams:112] m_offset, 739328
[m[1;33m1970-01-01 03:01:11.290|W|145916041|lpUCM [RemoteSails.cpp:SendWithRetry:185] Successfully wrote 1052 bytes
[m[0;32;32m1970-01-01 03:01:11.392|I|145916041|lpUCM [RemoteSails.cpp:HandleResponse:149] HandleResponse started, buffer size: 1048
[m[0;32;32m1970-01-01 03:01:11.392|I|145916041|lpUCM [RemoteSails.cpp:HandleResponse:158] Successfully deserialized response, status: 0, result code: 0
[m[0;32;31m1970-01-01 03:01:11.392|E|145916041|lpUCM [IpccProtoMessage.cpp:SerializeParams:112] m_offset, 740352
[m[1;33m1970-01-01 03:01:11.392|W|145916041|lpUCM [RemoteSails.cpp:SendWithRetry:185] Successfully wrote 1052 bytes
[m[0;32;32m1970-01-01 03:01:11.493|I|145916041|lpUCM [RemoteSails.cpp:HandleResponse:149] HandleResponse started, buffer size: 1048
[m[0;32;32m1970-01-01 03:01:11.493|I|145916041|lpUCM [RemoteSails.cpp:HandleResponse:158] Successfully deserialized response, status: 0, result code: 0
[m[0;32;31m1970-01-01 03:01:11.493|E|145916041|lpUCM [IpccProtoMessage.cpp:SerializeParams:112] m_offset, 741376
[m[1;33m1970-01-01 03:01:11.493|W|145916041|lpUCM [RemoteSails.cpp:SendWithRetry:185] Successfully wrote 1052 bytes
[m[0;32;32m1970-01-01 03:01:11.595|I|145916041|lpUCM [RemoteSails.cpp:HandleResponse:149] HandleResponse started, buffer size: 1048
[m[0;32;32m1970-01-01 03:01:11.595|I|145916041|lpUCM [RemoteSails.cpp:HandleResponse:158] Successfully deserialized response, status: 0, result code: 0
[m[0;32;31m1970-01-01 03:01:11.595|E|145916041|lpUCM [IpccProtoMessage.cpp:SerializeParams:112] m_offset, 742400
[m[1;33m1970-01-01 03:01:11.595|W|145916041|lpUCM [RemoteSails.cpp:SendWithRetry:185] Successfully wrote 1052 bytes
[m[0;32;32m1970-01-01 03:01:11.696|I|145916041|lpUCM [RemoteSails.cpp:HandleResponse:149] HandleResponse started, buffer size: 1048
[m[0;32;32m1970-01-01 03:01:11.696|I|145916041|lpUCM [RemoteSails.cpp:HandleResponse:158] Successfully deserialized response, status: 0, result code: 0
[m[0;32;31m1970-01-01 03:01:11.696|E|145916041|lpUCM [IpccProtoMessage.cpp:SerializeParams:112] m_offset, 743424
[m[1;33m1970-01-01 03:01:11.696|W|145916041|lpUCM [RemoteSails.cpp:SendWithRetry:185] Successfully wrote 1052 bytes
[m[0;32;32m1970-01-01 03:01:11.797|I|145916041|lpUCM [RemoteSails.cpp:HandleResponse:149] HandleResponse started, buffer size: 1048
[m[0;32;32m1970-01-01 03:01:11.797|I|145916041|lpUCM [RemoteSails.cpp:HandleResponse:158] Successfully deserialized response, status: 0, result code: 0
[m[0;32;31m1970-01-01 03:01:11.797|E|145916041|lpUCM [IpccProtoMessage.cpp:SerializeParams:112] m_offset, 744448
[m[1;33m1970-01-01 03:01:11.797|W|145916041|lpUCM [RemoteSails.cpp:SendWithRetry:185] Successfully wrote 1052 bytes
[m[0;32;32m1970-01-01 03:01:11.898|I|145916041|lpUCM [RemoteSails.cpp:HandleResponse:149] HandleResponse started, buffer size: 1048
[m[0;32;32m1970-01-01 03:01:11.898|I|145916041|lpUCM [RemoteSails.cpp:HandleResponse:158] Successfully deserialized response, status: 0, result code: 0
[m[0;32;31m1970-01-01 03:01:11.898|E|145916041|lpUCM [IpccProtoMessage.cpp:SerializeParams:112] m_offset, 745472
[m[1;33m1970-01-01 03:01:11.898|W|145916041|lpUCM [RemoteSails.cpp:SendWithRetry:185] Successfully wrote 1052 bytes
[m[0;32;32m1970-01-01 03:01:12.0|I|145916041|lpUCM [RemoteSails.cpp:HandleResponse:149] HandleResponse started, buffer size: 1048
[m[0;32;32m1970-01-01 03:01:12.0|I|145916041|lpUCM [RemoteSails.cpp:HandleResponse:158] Successfully deserialized response, status: 0, result code: 0
[m[0;32;31m1970-01-01 03:01:12.0|E|145916041|lpUCM [IpccProtoMessage.cpp:SerializeParams:112] m_offset, 746496
[m[1;33m1970-01-01 03:01:12.0|W|145916041|lpUCM [RemoteSails.cpp:SendWithRetry:185] Successfully wrote 1052 bytes
[m[0;32;32m1970-01-01 03:01:12.101|I|145916041|lpUCM [RemoteSails.cpp:HandleResponse:149] HandleResponse started, buffer size: 1048
[m[0;32;32m1970-01-01 03:01:12.101|I|145916041|lpUCM [RemoteSails.cpp:HandleResponse:158] Successfully deserialized response, status: 0, result code: 0
[m[0;32;31m1970-01-01 03:01:12.101|E|145916041|lpUCM [IpccProtoMessage.cpp:SerializeParams:112] m_offset, 747520
[m[1;33m1970-01-01 03:01:12.101|W|145916041|lpUCM [RemoteSails.cpp:SendWithRetry:185] Successfully wrote 1052 bytes
[m[0;32;32m1970-01-01 03:01:12.202|I|145916041|lpUCM [RemoteSails.cpp:HandleResponse:149] HandleResponse started, buffer size: 1048
[m[0;32;32m1970-01-01 03:01:12.202|I|145916041|lpUCM [RemoteSails.cpp:HandleResponse:158] Successfully deserialized response, status: 0, result code: 0
[m[0;32;31m1970-01-01 03:01:12.202|E|145916041|lpUCM [IpccProtoMessage.cpp:SerializeParams:112] m_offset, 748544
[m[1;33m1970-01-01 03:01:12.202|W|145916041|lpUCM [RemoteSails.cpp:SendWithRetry:185] Successfully wrote 1052 bytes
[m[0;32;32m1970-01-01 03:01:12.304|I|145916041|lpUCM [RemoteSails.cpp:HandleResponse:149] HandleResponse started, buffer size: 1048
[m[0;32;32m1970-01-01 03:01:12.304|I|145916041|lpUCM [RemoteSails.cpp:HandleResponse:158] Successfully deserialized response, status: 0, result code: 0
[m[0;32;31m1970-01-01 03:01:12.304|E|145916041|lpUCM [IpccProtoMessage.cpp:SerializeParams:112] m_offset, 749568
[m[1;33m1970-01-01 03:01:12.304|W|145916041|lpUCM [RemoteSails.cpp:SendWithRetry:185] Successfully wrote 1052 bytes
[m[0;32;32m1970-01-01 03:01:12.406|I|145916041|lpUCM [RemoteSails.cpp:HandleResponse:149] HandleResponse started, buffer size: 1048
[m[0;32;32m1970-01-01 03:01:12.406|I|145916041|lpUCM [RemoteSails.cpp:HandleResponse:158] Successfully deserialized response, status: 0, result code: 0
[m[0;32;31m1970-01-01 03:01:12.406|E|145916041|lpUCM [IpccProtoMessage.cpp:SerializeParams:112] m_offset, 750592
[m[1;33m1970-01-01 03:01:12.406|W|145916041|lpUCM [RemoteSails.cpp:SendWithRetry:185] Successfully wrote 1052 bytes
[m[0;32;32m1970-01-01 03:01:12.507|I|145916041|lpUCM [RemoteSails.cpp:HandleResponse:149] HandleResponse started, buffer size: 1048
[m[0;32;32m1970-01-01 03:01:12.507|I|145916041|lpUCM [RemoteSails.cpp:HandleResponse:158] Successfully deserialized response, status: 0, result code: 0
[m[0;32;31m1970-01-01 03:01:12.507|E|145916041|lpUCM [IpccProtoMessage.cpp:SerializeParams:112] m_offset, 751616
[m[1;33m1970-01-01 03:01:12.507|W|145916041|lpUCM [RemoteSails.cpp:SendWithRetry:185] Successfully wrote 1052 bytes
[m[0;32;32m1970-01-01 03:01:12.609|I|145916041|lpUCM [RemoteSails.cpp:HandleResponse:149] HandleResponse started, buffer size: 1048
[m[0;32;32m1970-01-01 03:01:12.609|I|145916041|lpUCM [RemoteSails.cpp:HandleResponse:158] Successfully deserialized response, status: 0, result code: 0
[m[0;32;31m1970-01-01 03:01:12.609|E|145916041|lpUCM [IpccProtoMessage.cpp:SerializeParams:112] m_offset, 752640
[m[1;33m1970-01-01 03:01:12.609|W|145916041|lpUCM [RemoteSails.cpp:SendWithRetry:185] Successfully wrote 1052 bytes
[m[0;32;32m1970-01-01 03:01:12.710|I|145916041|lpUCM [RemoteSails.cpp:HandleResponse:149] HandleResponse started, buffer size: 1048
[m[0;32;32m1970-01-01 03:01:12.710|I|145916041|lpUCM [RemoteSails.cpp:HandleResponse:158] Successfully deserialized response, status: 0, result code: 0
[m[0;32;32m1970-01-01 03:01:12.710|I|145916041|lpUCM [RemoteSails.cpp:SailWriteData:272] All data already trans size 16384
[m[0;32;32m1970-01-01 03:01:12.710|I|145916041|lpUCM [fds.cpp:FDS_OnLocalUpgProgress:246] total: 23, curr:22, percent:59, rop:93%
[m[0;32;32m1970-01-01 03:01:12.710|I|145916041|lpUCM [RemoteSails.cpp:SailWriteData:254] total data is 16384
[m[0;32;31m1970-01-01 03:01:12.710|E|145916041|lpUCM [IpccProtoMessage.cpp:SerializeParams:112] m_offset, 753664
[m[1;33m1970-01-01 03:01:12.710|W|145916041|lpUCM [RemoteSails.cpp:SendWithRetry:185] Successfully wrote 1052 bytes
[m[0;32;32m1970-01-01 03:01:12.811|I|145916041|lpUCM [RemoteSails.cpp:HandleResponse:149] HandleResponse started, buffer size: 1048
[m[0;32;32m1970-01-01 03:01:12.811|I|145916041|lpUCM [RemoteSails.cpp:HandleResponse:158] Successfully deserialized response, status: 0, result code: 0
[m[0;32;31m1970-01-01 03:01:12.811|E|145916041|lpUCM [IpccProtoMessage.cpp:SerializeParams:112] m_offset, 754688
[m[1;33m1970-01-01 03:01:12.811|W|145916041|lpUCM [RemoteSails.cpp:SendWithRetry:185] Successfully wrote 1052 bytes
[m[0;32;32m1970-01-01 03:01:12.913|I|145916041|lpUCM [RemoteSails.cpp:HandleResponse:149] HandleResponse started, buffer size: 1048
[m[0;32;32m1970-01-01 03:01:12.913|I|145916041|lpUCM [RemoteSails.cpp:HandleResponse:158] Successfully deserialized response, status: 0, result code: 0
[m[0;32;31m1970-01-01 03:01:12.913|E|145916041|lpUCM [IpccProtoMessage.cpp:SerializeParams:112] m_offset, 755712
[m[1;33m1970-01-01 03:01:12.913|W|145916041|lpUCM [RemoteSails.cpp:SendWithRetry:185] Successfully wrote 1052 bytes
[m[0;32;32m1970-01-01 03:01:13.14|I|145916041|lpUCM [RemoteSails.cpp:HandleResponse:149] HandleResponse started, buffer size: 1048
[m[0;32;32m1970-01-01 03:01:13.14|I|145916041|lpUCM [RemoteSails.cpp:HandleResponse:158] Successfully deserialized response, status: 0, result code: 0
[m[0;32;31m1970-01-01 03:01:13.14|E|145916041|lpUCM [IpccProtoMessage.cpp:SerializeParams:112] m_offset, 756736
[m[1;33m1970-01-01 03:01:13.14|W|145916041|lpUCM [RemoteSails.cpp:SendWithRetry:185] Successfully wrote 1052 bytes
[m[0;32;32m1970-01-01 03:01:13.115|I|145916041|lpUCM [RemoteSails.cpp:HandleResponse:149] HandleResponse started, buffer size: 1048
[m[0;32;32m1970-01-01 03:01:13.115|I|145916041|lpUCM [RemoteSails.cpp:HandleResponse:158] Successfully deserialized response, status: 0, result code: 0
[m[0;32;31m1970-01-01 03:01:13.115|E|145916041|lpUCM [IpccProtoMessage.cpp:SerializeParams:112] m_offset, 757760
[m[1;33m1970-01-01 03:01:13.115|W|145916041|lpUCM [RemoteSails.cpp:SendWithRetry:185] Successfully wrote 1052 bytes
[m[0;32;32m1970-01-01 03:01:13.217|I|145916041|lpUCM [RemoteSails.cpp:HandleResponse:149] HandleResponse started, buffer size: 1048
[m[0;32;32m1970-01-01 03:01:13.217|I|145916041|lpUCM [RemoteSails.cpp:HandleResponse:158] Successfully deserialized response, status: 0, result code: 0
[m[0;32;31m1970-01-01 03:01:13.217|E|145916041|lpUCM [IpccProtoMessage.cpp:SerializeParams:112] m_offset, 758784
[m[1;33m1970-01-01 03:01:13.217|W|145916041|lpUCM [RemoteSails.cpp:SendWithRetry:185] Successfully wrote 1052 bytes
[m[0;32;32m1970-01-01 03:01:13.319|I|145916041|lpUCM [RemoteSails.cpp:HandleResponse:149] HandleResponse started, buffer size: 1048
[m[0;32;32m1970-01-01 03:01:13.319|I|145916041|lpUCM [RemoteSails.cpp:HandleResponse:158] Successfully deserialized response, status: 0, result code: 0
[m[0;32;31m1970-01-01 03:01:13.319|E|145916041|lpUCM [IpccProtoMessage.cpp:SerializeParams:112] m_offset, 759808
[m[1;33m1970-01-01 03:01:13.319|W|145916041|lpUCM [RemoteSails.cpp:SendWithRetry:185] Successfully wrote 1052 bytes
[m[0;32;32m1970-01-01 03:01:13.421|I|145916041|lpUCM [RemoteSails.cpp:HandleResponse:149] HandleResponse started, buffer size: 1048
[m[0;32;32m1970-01-01 03:01:13.421|I|145916041|lpUCM [RemoteSails.cpp:HandleResponse:158] Successfully deserialized response, status: 0, result code: 0
[m[0;32;31m1970-01-01 03:01:13.421|E|145916041|lpUCM [IpccProtoMessage.cpp:SerializeParams:112] m_offset, 760832
[m[1;33m1970-01-01 03:01:13.421|W|145916041|lpUCM [RemoteSails.cpp:SendWithRetry:185] Successfully wrote 1052 bytes
[m[0;32;32m1970-01-01 03:01:13.522|I|145916041|lpUCM [RemoteSails.cpp:HandleResponse:149] HandleResponse started, buffer size: 1048
[m[0;32;32m1970-01-01 03:01:13.522|I|145916041|lpUCM [RemoteSails.cpp:HandleResponse:158] Successfully deserialized response, status: 0, result code: 0
[m[0;32;31m1970-01-01 03:01:13.522|E|145916041|lpUCM [IpccProtoMessage.cpp:SerializeParams:112] m_offset, 761856
[m[1;33m1970-01-01 03:01:13.522|W|145916041|lpUCM [RemoteSails.cpp:SendWithRetry:185] Successfully wrote 1052 bytes
[m[0;32;32m1970-01-01 03:01:13.623|I|145916041|lpUCM [RemoteSails.cpp:HandleResponse:149] HandleResponse started, buffer size: 1048
[m[0;32;32m1970-01-01 03:01:13.623|I|145916041|lpUCM [RemoteSails.cpp:HandleResponse:158] Successfully deserialized response, status: 0, result code: 0
[m[0;32;31m1970-01-01 03:01:13.623|E|145916041|lpUCM [IpccProtoMessage.cpp:SerializeParams:112] m_offset, 762880
[m[1;33m1970-01-01 03:01:13.623|W|145916041|lpUCM [RemoteSails.cpp:SendWithRetry:185] Successfully wrote 1052 bytes
[m[0;32;32m1970-01-01 03:01:13.725|I|145916041|lpUCM [RemoteSails.cpp:HandleResponse:149] HandleResponse started, buffer size: 1048
[m[0;32;32m1970-01-01 03:01:13.725|I|145916041|lpUCM [RemoteSails.cpp:HandleResponse:158] Successfully deserialized response, status: 0, result code: 0
[m[0;32;31m1970-01-01 03:01:13.725|E|145916041|lpUCM [IpccProtoMessage.cpp:SerializeParams:112] m_offset, 763904
[m[1;33m1970-01-01 03:01:13.725|W|145916041|lpUCM [RemoteSails.cpp:SendWithRetry:185] Successfully wrote 1052 bytes
[m[0;32;32m1970-01-01 03:01:13.826|I|145916041|lpUCM [RemoteSails.cpp:HandleResponse:149] HandleResponse started, buffer size: 1048
[m[0;32;32m1970-01-01 03:01:13.826|I|145916041|lpUCM [RemoteSails.cpp:HandleResponse:158] Successfully deserialized response, status: 0, result code: 0
[m[0;32;31m1970-01-01 03:01:13.826|E|145916041|lpUCM [IpccProtoMessage.cpp:SerializeParams:112] m_offset, 764928
[m[1;33m1970-01-01 03:01:13.826|W|145916041|lpUCM [RemoteSails.cpp:SendWithRetry:185] Successfully wrote 1052 bytes
[m[0;32;32m1970-01-01 03:01:13.928|I|145916041|lpUCM [RemoteSails.cpp:HandleResponse:149] HandleResponse started, buffer size: 1048
[m[0;32;32m1970-01-01 03:01:13.928|I|145916041|lpUCM [RemoteSails.cpp:HandleResponse:158] Successfully deserialized response, status: 0, result code: 0
[m[0;32;31m1970-01-01 03:01:13.928|E|145916041|lpUCM [IpccProtoMessage.cpp:SerializeParams:112] m_offset, 765952
[m[1;33m1970-01-01 03:01:13.928|W|145916041|lpUCM [RemoteSails.cpp:SendWithRetry:185] Successfully wrote 1052 bytes
[m[0;32;32m1970-01-01 03:01:14.30|I|145916041|lpUCM [RemoteSails.cpp:HandleResponse:149] HandleResponse started, buffer size: 1048
[m[0;32;32m1970-01-01 03:01:14.30|I|145916041|lpUCM [RemoteSails.cpp:HandleResponse:158] Successfully deserialized response, status: 0, result code: 0
[m[0;32;31m1970-01-01 03:01:14.30|E|145916041|lpUCM [IpccProtoMessage.cpp:SerializeParams:112] m_offset, 766976
[m[1;33m1970-01-01 03:01:14.30|W|145916041|lpUCM [RemoteSails.cpp:SendWithRetry:185] Successfully wrote 1052 bytes
[m[0;32;32m1970-01-01 03:01:14.131|I|145916041|lpUCM [RemoteSails.cpp:HandleResponse:149] HandleResponse started, buffer size: 1048
[m[0;32;32m1970-01-01 03:01:14.131|I|145916041|lpUCM [RemoteSails.cpp:HandleResponse:158] Successfully deserialized response, status: 0, result code: 0
[m[0;32;31m1970-01-01 03:01:14.131|E|145916041|lpUCM [IpccProtoMessage.cpp:SerializeParams:112] m_offset, 768000
[m[1;33m1970-01-01 03:01:14.131|W|145916041|lpUCM [RemoteSails.cpp:SendWithRetry:185] Successfully wrote 1052 bytes
[m[0;32;32m1970-01-01 03:01:14.233|I|145916041|lpUCM [RemoteSails.cpp:HandleResponse:149] HandleResponse started, buffer size: 1048
[m[0;32;32m1970-01-01 03:01:14.233|I|145916041|lpUCM [RemoteSails.cpp:HandleResponse:158] Successfully deserialized response, status: 0, result code: 0
[m[0;32;31m1970-01-01 03:01:14.233|E|145916041|lpUCM [IpccProtoMessage.cpp:SerializeParams:112] m_offset, 769024
[m[1;33m1970-01-01 03:01:14.233|W|145916041|lpUCM [RemoteSails.cpp:SendWithRetry:185] Successfully wrote 1052 bytes
[m[0;32;32m1970-01-01 03:01:14.334|I|145916041|lpUCM [RemoteSails.cpp:HandleResponse:149] HandleResponse started, buffer size: 1048
[m[0;32;32m1970-01-01 03:01:14.334|I|145916041|lpUCM [RemoteSails.cpp:HandleResponse:158] Successfully deserialized response, status: 0, result code: 0
[m[0;32;32m1970-01-01 03:01:14.334|I|145916041|lpUCM [RemoteSails.cpp:SailWriteData:272] All data already trans size 16384
[m[0;32;32m1970-01-01 03:01:14.334|I|145916041|lpUCM [fds.cpp:FDS_OnLocalUpgProgress:246] total: 23, curr:22, percent:60, rop:93%
[m[0;32;32m1970-01-01 03:01:14.334|I|145916041|lpUCM [RemoteSails.cpp:SailWriteData:254] total data is 16384
[m[0;32;31m1970-01-01 03:01:14.334|E|145916041|lpUCM [IpccProtoMessage.cpp:SerializeParams:112] m_offset, 770048
[m[1;33m1970-01-01 03:01:14.334|W|145916041|lpUCM [RemoteSails.cpp:SendWithRetry:185] Successfully wrote 1052 bytes
[m[0;32;32m1970-01-01 03:01:14.435|I|145916041|lpUCM [RemoteSails.cpp:HandleResponse:149] HandleResponse started, buffer size: 1048
[m[0;32;32m1970-01-01 03:01:14.435|I|145916041|lpUCM [RemoteSails.cpp:HandleResponse:158] Successfully deserialized response, status: 0, result code: 0
[m[0;32;31m1970-01-01 03:01:14.435|E|145916041|lpUCM [IpccProtoMessage.cpp:SerializeParams:112] m_offset, 771072
[m[1;33m1970-01-01 03:01:14.435|W|145916041|lpUCM [RemoteSails.cpp:SendWithRetry:185] Successfully wrote 1052 bytes
[m[0;32;32m1970-01-01 03:01:14.536|I|145916041|lpUCM [RemoteSails.cpp:HandleResponse:149] HandleResponse started, buffer size: 1048
[m[0;32;32m1970-01-01 03:01:14.536|I|145916041|lpUCM [RemoteSails.cpp:HandleResponse:158] Successfully deserialized response, status: 0, result code: 0
[m[0;32;31m1970-01-01 03:01:14.536|E|145916041|lpUCM [IpccProtoMessage.cpp:SerializeParams:112] m_offset, 772096
[m[1;33m1970-01-01 03:01:14.536|W|145916041|lpUCM [RemoteSails.cpp:SendWithRetry:185] Successfully wrote 1052 bytes
[m[0;32;32m1970-01-01 03:01:14.637|I|145916041|lpUCM [RemoteSails.cpp:HandleResponse:149] HandleResponse started, buffer size: 1048
[m[0;32;32m1970-01-01 03:01:14.637|I|145916041|lpUCM [RemoteSails.cpp:HandleResponse:158] Successfully deserialized response, status: 0, result code: 0
[m[0;32;31m1970-01-01 03:01:14.637|E|145916041|lpUCM [IpccProtoMessage.cpp:SerializeParams:112] m_offset, 773120
[m[1;33m1970-01-01 03:01:14.637|W|145916041|lpUCM [RemoteSails.cpp:SendWithRetry:185] Successfully wrote 1052 bytes
[m[0;32;32m1970-01-01 03:01:14.739|I|145916041|lpUCM [RemoteSails.cpp:HandleResponse:149] HandleResponse started, buffer size: 1048
[m[0;32;32m1970-01-01 03:01:14.739|I|145916041|lpUCM [RemoteSails.cpp:HandleResponse:158] Successfully deserialized response, status: 0, result code: 0
[m[0;32;31m1970-01-01 03:01:14.739|E|145916041|lpUCM [IpccProtoMessage.cpp:SerializeParams:112] m_offset, 774144
[m[1;33m1970-01-01 03:01:14.739|W|145916041|lpUCM [RemoteSails.cpp:SendWithRetry:185] Successfully wrote 1052 bytes
[m[0;32;32m1970-01-01 03:01:14.840|I|145916041|lpUCM [RemoteSails.cpp:HandleResponse:149] HandleResponse started, buffer size: 1048
[m[0;32;32m1970-01-01 03:01:14.840|I|145916041|lpUCM [RemoteSails.cpp:HandleResponse:158] Successfully deserialized response, status: 0, result code: 0
[m[0;32;31m1970-01-01 03:01:14.840|E|145916041|lpUCM [IpccProtoMessage.cpp:SerializeParams:112] m_offset, 775168
[m[1;33m1970-01-01 03:01:14.840|W|145916041|lpUCM [RemoteSails.cpp:SendWithRetry:185] Successfully wrote 1052 bytes
[m[0;32;32m1970-01-01 03:01:14.942|I|145916041|lpUCM [RemoteSails.cpp:HandleResponse:149] HandleResponse started, buffer size: 1048
[m[0;32;32m1970-01-01 03:01:14.942|I|145916041|lpUCM [RemoteSails.cpp:HandleResponse:158] Successfully deserialized response, status: 0, result code: 0
[m[0;32;31m1970-01-01 03:01:14.942|E|145916041|lpUCM [IpccProtoMessage.cpp:SerializeParams:112] m_offset, 776192
[m[1;33m1970-01-01 03:01:14.942|W|145916041|lpUCM [RemoteSails.cpp:SendWithRetry:185] Successfully wrote 1052 bytes
[m[0;32;32m1970-01-01 03:01:15.44|I|145916041|lpUCM [RemoteSails.cpp:HandleResponse:149] HandleResponse started, buffer size: 1048
[m[0;32;32m1970-01-01 03:01:15.44|I|145916041|lpUCM [RemoteSails.cpp:HandleResponse:158] Successfully deserialized response, status: 0, result code: 0
[m[0;32;31m1970-01-01 03:01:15.44|E|145916041|lpUCM [IpccProtoMessage.cpp:SerializeParams:112] m_offset, 777216
[m[1;33m1970-01-01 03:01:15.44|W|145916041|lpUCM [RemoteSails.cpp:SendWithRetry:185] Successfully wrote 1052 bytes
[m[0;32;32m1970-01-01 03:01:15.145|I|145916041|lpUCM [RemoteSails.cpp:HandleResponse:149] HandleResponse started, buffer size: 1048
[m[0;32;32m1970-01-01 03:01:15.145|I|145916041|lpUCM [RemoteSails.cpp:HandleResponse:158] Successfully deserialized response, status: 0, result code: 0
[m[0;32;31m1970-01-01 03:01:15.145|E|145916041|lpUCM [IpccProtoMessage.cpp:SerializeParams:112] m_offset, 778240
[m[1;33m1970-01-01 03:01:15.145|W|145916041|lpUCM [RemoteSails.cpp:SendWithRetry:185] Successfully wrote 1052 bytes
[m[0;32;32m1970-01-01 03:01:15.246|I|145916041|lpUCM [RemoteSails.cpp:HandleResponse:149] HandleResponse started, buffer size: 1048
[m[0;32;32m1970-01-01 03:01:15.246|I|145916041|lpUCM [RemoteSails.cpp:HandleResponse:158] Successfully deserialized response, status: 0, result code: 0
[m[0;32;31m1970-01-01 03:01:15.246|E|145916041|lpUCM [IpccProtoMessage.cpp:SerializeParams:112] m_offset, 779264
[m[1;33m1970-01-01 03:01:15.246|W|145916041|lpUCM [RemoteSails.cpp:SendWithRetry:185] Successfully wrote 1052 bytes
[m[0;32;32m1970-01-01 03:01:15.348|I|145916041|lpUCM [RemoteSails.cpp:HandleResponse:149] HandleResponse started, buffer size: 1048
[m[0;32;32m1970-01-01 03:01:15.348|I|145916041|lpUCM [RemoteSails.cpp:HandleResponse:158] Successfully deserialized response, status: 0, result code: 0
[m[0;32;31m1970-01-01 03:01:15.348|E|145916041|lpUCM [IpccProtoMessage.cpp:SerializeParams:112] m_offset, 780288
[m[1;33m1970-01-01 03:01:15.348|W|145916041|lpUCM [RemoteSails.cpp:SendWithRetry:185] Successfully wrote 1052 bytes
[m[0;32;32m1970-01-01 03:01:15.450|I|145916041|lpUCM [RemoteSails.cpp:HandleResponse:149] HandleResponse started, buffer size: 1048
[m[0;32;32m1970-01-01 03:01:15.450|I|145916041|lpUCM [RemoteSails.cpp:HandleResponse:158] Successfully deserialized response, status: 0, result code: 0
[m[0;32;31m1970-01-01 03:01:15.450|E|145916041|lpUCM [IpccProtoMessage.cpp:SerializeParams:112] m_offset, 781312
[m[1;33m1970-01-01 03:01:15.450|W|145916041|lpUCM [RemoteSails.cpp:SendWithRetry:185] Successfully wrote 1052 bytes
[m[0;32;32m1970-01-01 03:01:15.551|I|145916041|lpUCM [RemoteSails.cpp:HandleResponse:149] HandleResponse started, buffer size: 1048
[m[0;32;32m1970-01-01 03:01:15.551|I|145916041|lpUCM [RemoteSails.cpp:HandleResponse:158] Successfully deserialized response, status: 0, result code: 0
[m[0;32;31m1970-01-01 03:01:15.551|E|145916041|lpUCM [IpccProtoMessage.cpp:SerializeParams:112] m_offset, 782336
[m[1;33m1970-01-01 03:01:15.551|W|145916041|lpUCM [RemoteSails.cpp:SendWithRetry:185] Successfully wrote 1052 bytes
[m[0;32;32m1970-01-01 03:01:15.653|I|145916041|lpUCM [RemoteSails.cpp:HandleResponse:149] HandleResponse started, buffer size: 1048
[m[0;32;32m1970-01-01 03:01:15.653|I|145916041|lpUCM [RemoteSails.cpp:HandleResponse:158] Successfully deserialized response, status: 0, result code: 0
[m[0;32;31m1970-01-01 03:01:15.653|E|145916041|lpUCM [IpccProtoMessage.cpp:SerializeParams:112] m_offset, 783360
[m[1;33m1970-01-01 03:01:15.653|W|145916041|lpUCM [RemoteSails.cpp:SendWithRetry:185] Successfully wrote 1052 bytes
[m[0;32;32m1970-01-01 03:01:15.754|I|145916041|lpUCM [RemoteSails.cpp:HandleResponse:149] HandleResponse started, buffer size: 1048
[m[0;32;32m1970-01-01 03:01:15.754|I|145916041|lpUCM [RemoteSails.cpp:HandleResponse:158] Successfully deserialized response, status: 0, result code: 0
[m[0;32;31m1970-01-01 03:01:15.754|E|145916041|lpUCM [IpccProtoMessage.cpp:SerializeParams:112] m_offset, 784384
[m[1;33m1970-01-01 03:01:15.754|W|145916041|lpUCM [RemoteSails.cpp:SendWithRetry:185] Successfully wrote 1052 bytes
[m[0;32;32m1970-01-01 03:01:15.855|I|145916041|lpUCM [RemoteSails.cpp:HandleResponse:149] HandleResponse started, buffer size: 1048
[m[0;32;32m1970-01-01 03:01:15.855|I|145916041|lpUCM [RemoteSails.cpp:HandleResponse:158] Successfully deserialized response, status: 0, result code: 0
[m[0;32;31m1970-01-01 03:01:15.855|E|145916041|lpUCM [IpccProtoMessage.cpp:SerializeParams:112] m_offset, 785408
[m[1;33m1970-01-01 03:01:15.855|W|145916041|lpUCM [RemoteSails.cpp:SendWithRetry:185] Successfully wrote 1052 bytes
[m[0;32;32m1970-01-01 03:01:15.957|I|145916041|lpUCM [RemoteSails.cpp:HandleResponse:149] HandleResponse started, buffer size: 1048
[m[0;32;32m1970-01-01 03:01:15.957|I|145916041|lpUCM [RemoteSails.cpp:HandleResponse:158] Successfully deserialized response, status: 0, result code: 0
[m[0;32;32m1970-01-01 03:01:15.957|I|145916041|lpUCM [RemoteSails.cpp:SailWriteData:272] All data already trans size 16384
[m[0;32;32m1970-01-01 03:01:15.957|I|145916041|lpUCM [fds.cpp:FDS_OnLocalUpgProgress:246] total: 23, curr:22, percent:61, rop:93%
[m[0;32;32m1970-01-01 03:01:15.957|I|145916041|lpUCM [RemoteSails.cpp:SailWriteData:254] total data is 2528
[m[0;32;31m1970-01-01 03:01:15.957|E|145916041|lpUCM [IpccProtoMessage.cpp:SerializeParams:112] m_offset, 786432
[m[1;33m1970-01-01 03:01:15.957|W|145916041|lpUCM [RemoteSails.cpp:SendWithRetry:185] Successfully wrote 1052 bytes
[m[0;32;32m1970-01-01 03:01:16.59|I|145916041|lpUCM [RemoteSails.cpp:HandleResponse:149] HandleResponse started, buffer size: 1048
[m[0;32;32m1970-01-01 03:01:16.59|I|145916041|lpUCM [RemoteSails.cpp:HandleResponse:158] Successfully deserialized response, status: 0, result code: 0
[m[0;32;31m1970-01-01 03:01:16.59|E|145916041|lpUCM [IpccProtoMessage.cpp:SerializeParams:112] m_offset, 787456
[m[1;33m1970-01-01 03:01:16.60|W|145916041|lpUCM [RemoteSails.cpp:SendWithRetry:185] Successfully wrote 1052 bytes
[m[0;32;32m1970-01-01 03:01:16.161|I|145916041|lpUCM [RemoteSails.cpp:HandleResponse:149] HandleResponse started, buffer size: 1048
[m[0;32;32m1970-01-01 03:01:16.161|I|145916041|lpUCM [RemoteSails.cpp:HandleResponse:158] Successfully deserialized response, status: 0, result code: 0
[m[0;32;31m1970-01-01 03:01:16.161|E|145916041|lpUCM [IpccProtoMessage.cpp:SerializeParams:112] m_offset, 788480
[m[1;33m1970-01-01 03:01:16.161|W|145916041|lpUCM [RemoteSails.cpp:SendWithRetry:185] Successfully wrote 508 bytes
[m[0;32;32m1970-01-01 03:01:16.263|I|145916041|lpUCM [RemoteSails.cpp:HandleResponse:149] HandleResponse started, buffer size: 1048
[m[0;32;32m1970-01-01 03:01:16.263|I|145916041|lpUCM [RemoteSails.cpp:HandleResponse:158] Successfully deserialized response, status: 0, result code: 0
[m[0;32;32m1970-01-01 03:01:16.263|I|145916041|lpUCM [RemoteSails.cpp:SailWriteData:272] All data already trans size 3072
[m[0;32;32m1970-01-01 03:01:16.263|I|145916041|lpUCM [fds.cpp:FDS_OnLocalUpgProgress:246] total: 23, curr:22, percent:62, rop:94%
[m[0;32;31m1970-01-01 03:01:16.263|E|145916041|lpUCM [RemoteSails.cpp:FDS_idhSail:324] SailWriteData Crc32Final hadl.m_crc32Ctx.crc is 0x440E759C, hadl.GetFileCrc() is 0x440E759C
[m[0;32;32m1970-01-01 03:01:16.263|I|145916041|lpUCM [fds.cpp:FDS_OnLocalUpgProgress:246] total: 23, curr:22, percent:75, rop:94%
[m[1;33m1970-01-01 03:01:16.263|W|145916041|lpUCM [RemoteSails.cpp:FDS_idhSail:332] EndRCoreUpgrade
[m[1;33m1970-01-01 03:01:16.263|W|145916041|lpUCM [RemoteSails.cpp:SendWithRetry:185] Successfully wrote 24 bytes
[m[0;32;32m1970-01-01 03:01:16.466|I|145916041|lpUCM [RemoteSails.cpp:HandleResponse:149] HandleResponse started, buffer size: 1048
[m[0;32;32m1970-01-01 03:01:16.466|I|145916041|lpUCM [RemoteSails.cpp:HandleResponse:158] Successfully deserialized response, status: 0, result code: 0
[m[0;32;32m1970-01-01 03:01:16.466|I|145916041|lpUCM [RemoteSails.cpp:FDS_idhSail:340] FDS_idhSailHyp ok
[m[0;32;32m1970-01-01 03:01:16.466|I|145916041|lpUCM [fds.cpp:FDS_OnLocalUpgProgress:246] total: 23, curr:22, percent:100, rop:95%
[m[1;33m1970-01-01 03:01:16.466|W|145916041|lpUCM [scm.c:FDS_scmDeployImages:443] deploy [22st] success:autosarsailsw1.elf
[m[1;33m1970-01-01 03:01:16.466|W|145916041|lpUCM [scm.c:FDS_scmDeployImages:435] start [23st] deploy:sailhyp.elf
[m[0;32;32m1970-01-01 03:01:16.466|I|145916041|lpUCM [fds.cpp:FDS_OnLocalUpgProgress:246] total: 23, curr:23, percent:0, rop:95%
[m[0;32;32m1970-01-01 03:01:16.466|I|145916041|lpUCM [handler.c:FDS_idhFindDesc:79] find time 1, name sail_hyp, handler_name = raw
[m[0;32;32m1970-01-01 03:01:16.466|I|145916041|lpUCM [handler.c:FDS_idhFindDesc:79] find time 2, name sail_hyp, handler_name = sail_sw
[m[0;32;32m1970-01-01 03:01:16.466|I|145916041|lpUCM [handler.c:FDS_idhFindDesc:79] find time 3, name sail_hyp, handler_name = sail_hyp
[m[0;32;32m1970-01-01 03:01:16.466|I|145916041|lpUCM [handler.c:FDS_idhFindDesc:94] find handler sail_hyp, type = 0
[m[0;32;32m1970-01-01 03:01:16.466|I|145916041|lpUCM [handler.c:FDS_idhFindDesc:79] find time 1, name sail_hyp, handler_name = raw
[m[0;32;32m1970-01-01 03:01:16.466|I|145916041|lpUCM [handler.c:FDS_idhFindDesc:79] find time 2, name sail_hyp, handler_name = sail_sw
[m[0;32;32m1970-01-01 03:01:16.466|I|145916041|lpUCM [handler.c:FDS_idhFindDesc:79] find time 3, name sail_hyp, handler_name = sail_hyp
[m[0;32;32m1970-01-01 03:01:16.466|I|145916041|lpUCM [handler.c:FDS_idhFindDesc:94] find handler sail_hyp, type = 0
[m[1;33m1970-01-01 03:01:16.466|W|145916041|lpUCM [RemoteSails.cpp:FDS_idhSail:304] StartRCoreUpgrade
[m[1;33m1970-01-01 03:01:16.466|W|145916041|lpUCM [RemoteSails.cpp:SendWithRetry:185] Successfully wrote 33 bytes
[m[0;32;32m1970-01-01 03:01:16.568|I|145916041|lpUCM [RemoteSails.cpp:HandleResponse:149] HandleResponse started, buffer size: 1048
[m[0;32;32m1970-01-01 03:01:16.568|I|145916041|lpUCM [RemoteSails.cpp:HandleResponse:158] Successfully deserialized response, status: 0, result code: 0
[m[0;32;32m1970-01-01 03:01:16.568|I|145916041|lpUCM [fds.cpp:FDS_OnLocalUpgProgress:246] total: 23, curr:23, percent:12, rop:96%
[m[1;33m1970-01-01 03:01:16.568|W|145916041|lpUCM [RemoteSails.cpp:FDS_idhSail:314] SailWriteData
[m[0;32;32m1970-01-01 03:01:16.568|I|145916041|lpUCM [RemoteSails.cpp:SailWriteData:254] total data is 16384
[m[0;32;31m1970-01-01 03:01:16.568|E|145916041|lpUCM [IpccProtoMessage.cpp:SerializeParams:112] m_offset, 0
[m[1;33m1970-01-01 03:01:16.568|W|145916041|lpUCM [RemoteSails.cpp:SendWithRetry:185] Successfully wrote 1052 bytes
[m[0;32;32m1970-01-01 03:01:16.669|I|145916041|lpUCM [RemoteSails.cpp:HandleResponse:149] HandleResponse started, buffer size: 1048
[m[0;32;32m1970-01-01 03:01:16.669|I|145916041|lpUCM [RemoteSails.cpp:HandleResponse:158] Successfully deserialized response, status: 0, result code: 0
[m[0;32;31m1970-01-01 03:01:16.669|E|145916041|lpUCM [IpccProtoMessage.cpp:SerializeParams:112] m_offset, 1024
[m[1;33m1970-01-01 03:01:16.669|W|145916041|lpUCM [RemoteSails.cpp:SendWithRetry:185] Successfully wrote 1052 bytes
[m[0;32;32m1970-01-01 03:01:16.770|I|145916041|lpUCM [RemoteSails.cpp:HandleResponse:149] HandleResponse started, buffer size: 1048
[m[0;32;32m1970-01-01 03:01:16.770|I|145916041|lpUCM [RemoteSails.cpp:HandleResponse:158] Successfully deserialized response, status: 0, result code: 0
[m[0;32;31m1970-01-01 03:01:16.770|E|145916041|lpUCM [IpccProtoMessage.cpp:SerializeParams:112] m_offset, 2048
[m[1;33m1970-01-01 03:01:16.770|W|145916041|lpUCM [RemoteSails.cpp:SendWithRetry:185] Successfully wrote 1052 bytes
[m[0;32;32m1970-01-01 03:01:16.872|I|145916041|lpUCM [RemoteSails.cpp:HandleResponse:149] HandleResponse started, buffer size: 1048
[m[0;32;32m1970-01-01 03:01:16.872|I|145916041|lpUCM [RemoteSails.cpp:HandleResponse:158] Successfully deserialized response, status: 0, result code: 0
[m[0;32;31m1970-01-01 03:01:16.872|E|145916041|lpUCM [IpccProtoMessage.cpp:SerializeParams:112] m_offset, 3072
[m[1;33m1970-01-01 03:01:16.872|W|145916041|lpUCM [RemoteSails.cpp:SendWithRetry:185] Successfully wrote 1052 bytes
[m[0;32;32m1970-01-01 03:01:16.974|I|145916041|lpUCM [RemoteSails.cpp:HandleResponse:149] HandleResponse started, buffer size: 1048
[m[0;32;32m1970-01-01 03:01:16.974|I|145916041|lpUCM [RemoteSails.cpp:HandleResponse:158] Successfully deserialized response, status: 0, result code: 0
[m[0;32;31m1970-01-01 03:01:16.974|E|145916041|lpUCM [IpccProtoMessage.cpp:SerializeParams:112] m_offset, 4096
[m[1;33m1970-01-01 03:01:16.974|W|145916041|lpUCM [RemoteSails.cpp:SendWithRetry:185] Successfully wrote 1052 bytes
[m[0;32;32m1970-01-01 03:01:17.75|I|145916041|lpUCM [RemoteSails.cpp:HandleResponse:149] HandleResponse started, buffer size: 1048
[m[0;32;32m1970-01-01 03:01:17.75|I|145916041|lpUCM [RemoteSails.cpp:HandleResponse:158] Successfully deserialized response, status: 0, result code: 0
[m[0;32;31m1970-01-01 03:01:17.75|E|145916041|lpUCM [IpccProtoMessage.cpp:SerializeParams:112] m_offset, 5120
[m[1;33m1970-01-01 03:01:17.75|W|145916041|lpUCM [RemoteSails.cpp:SendWithRetry:185] Successfully wrote 1052 bytes
[m[0;32;32m1970-01-01 03:01:17.176|I|145916041|lpUCM [RemoteSails.cpp:HandleResponse:149] HandleResponse started, buffer size: 1048
[m[0;32;32m1970-01-01 03:01:17.176|I|145916041|lpUCM [RemoteSails.cpp:HandleResponse:158] Successfully deserialized response, status: 0, result code: 0
[m[0;32;31m1970-01-01 03:01:17.176|E|145916041|lpUCM [IpccProtoMessage.cpp:SerializeParams:112] m_offset, 6144
[m[1;33m1970-01-01 03:01:17.176|W|145916041|lpUCM [RemoteSails.cpp:SendWithRetry:185] Successfully wrote 1052 bytes
[m[0;32;32m1970-01-01 03:01:17.278|I|145916041|lpUCM [RemoteSails.cpp:HandleResponse:149] HandleResponse started, buffer size: 1048
[m[0;32;32m1970-01-01 03:01:17.278|I|145916041|lpUCM [RemoteSails.cpp:HandleResponse:158] Successfully deserialized response, status: 0, result code: 0
[m[0;32;31m1970-01-01 03:01:17.278|E|145916041|lpUCM [IpccProtoMessage.cpp:SerializeParams:112] m_offset, 7168
[m[1;33m1970-01-01 03:01:17.278|W|145916041|lpUCM [RemoteSails.cpp:SendWithRetry:185] Successfully wrote 1052 bytes
[m[0;32;32m1970-01-01 03:01:17.380|I|145916041|lpUCM [RemoteSails.cpp:HandleResponse:149] HandleResponse started, buffer size: 1048
[m[0;32;32m1970-01-01 03:01:17.380|I|145916041|lpUCM [RemoteSails.cpp:HandleResponse:158] Successfully deserialized response, status: 0, result code: 0
[m[0;32;31m1970-01-01 03:01:17.380|E|145916041|lpUCM [IpccProtoMessage.cpp:SerializeParams:112] m_offset, 8192
[m[1;33m1970-01-01 03:01:17.380|W|145916041|lpUCM [RemoteSails.cpp:SendWithRetry:185] Successfully wrote 1052 bytes
[m[0;32;32m1970-01-01 03:01:17.481|I|145916041|lpUCM [RemoteSails.cpp:HandleResponse:149] HandleResponse started, buffer size: 1048
[m[0;32;32m1970-01-01 03:01:17.481|I|145916041|lpUCM [RemoteSails.cpp:HandleResponse:158] Successfully deserialized response, status: 0, result code: 0
[m[0;32;31m1970-01-01 03:01:17.481|E|145916041|lpUCM [IpccProtoMessage.cpp:SerializeParams:112] m_offset, 9216
[m[1;33m1970-01-01 03:01:17.481|W|145916041|lpUCM [RemoteSails.cpp:SendWithRetry:185] Successfully wrote 1052 bytes
[m[0;32;32m1970-01-01 03:01:17.583|I|145916041|lpUCM [RemoteSails.cpp:HandleResponse:149] HandleResponse started, buffer size: 1048
[m[0;32;32m1970-01-01 03:01:17.583|I|145916041|lpUCM [RemoteSails.cpp:HandleResponse:158] Successfully deserialized response, status: 0, result code: 0
[m[0;32;31m1970-01-01 03:01:17.583|E|145916041|lpUCM [IpccProtoMessage.cpp:SerializeParams:112] m_offset, 10240
[m[1;33m1970-01-01 03:01:17.583|W|145916041|lpUCM [RemoteSails.cpp:SendWithRetry:185] Successfully wrote 1052 bytes
[m[0;32;32m1970-01-01 03:01:17.684|I|145916041|lpUCM [RemoteSails.cpp:HandleResponse:149] HandleResponse started, buffer size: 1048
[m[0;32;32m1970-01-01 03:01:17.684|I|145916041|lpUCM [RemoteSails.cpp:HandleResponse:158] Successfully deserialized response, status: 0, result code: 0
[m[0;32;31m1970-01-01 03:01:17.684|E|145916041|lpUCM [IpccProtoMessage.cpp:SerializeParams:112] m_offset, 11264
[m[1;33m1970-01-01 03:01:17.684|W|145916041|lpUCM [RemoteSails.cpp:SendWithRetry:185] Successfully wrote 1052 bytes
[m[0;32;32m1970-01-01 03:01:17.785|I|145916041|lpUCM [RemoteSails.cpp:HandleResponse:149] HandleResponse started, buffer size: 1048
[m[0;32;32m1970-01-01 03:01:17.785|I|145916041|lpUCM [RemoteSails.cpp:HandleResponse:158] Successfully deserialized response, status: 0, result code: 0
[m[0;32;31m1970-01-01 03:01:17.785|E|145916041|lpUCM [IpccProtoMessage.cpp:SerializeParams:112] m_offset, 12288
[m[1;33m1970-01-01 03:01:17.785|W|145916041|lpUCM [RemoteSails.cpp:SendWithRetry:185] Successfully wrote 1052 bytes
[m[0;32;32m1970-01-01 03:01:17.887|I|145916041|lpUCM [RemoteSails.cpp:HandleResponse:149] HandleResponse started, buffer size: 1048
[m[0;32;32m1970-01-01 03:01:17.887|I|145916041|lpUCM [RemoteSails.cpp:HandleResponse:158] Successfully deserialized response, status: 0, result code: 0
[m[0;32;31m1970-01-01 03:01:17.887|E|145916041|lpUCM [IpccProtoMessage.cpp:SerializeParams:112] m_offset, 13312
[m[1;33m1970-01-01 03:01:17.887|W|145916041|lpUCM [RemoteSails.cpp:SendWithRetry:185] Successfully wrote 1052 bytes
[m[0;32;32m1970-01-01 03:01:17.989|I|145916041|lpUCM [RemoteSails.cpp:HandleResponse:149] HandleResponse started, buffer size: 1048
[m[0;32;32m1970-01-01 03:01:17.989|I|145916041|lpUCM [RemoteSails.cpp:HandleResponse:158] Successfully deserialized response, status: 0, result code: 0
[m[0;32;31m1970-01-01 03:01:17.989|E|145916041|lpUCM [IpccProtoMessage.cpp:SerializeParams:112] m_offset, 14336
[m[1;33m1970-01-01 03:01:17.989|W|145916041|lpUCM [RemoteSails.cpp:SendWithRetry:185] Successfully wrote 1052 bytes
[m[0;32;32m1970-01-01 03:01:18.90|I|145916041|lpUCM [RemoteSails.cpp:HandleResponse:149] HandleResponse started, buffer size: 1048
[m[0;32;32m1970-01-01 03:01:18.90|I|145916041|lpUCM [RemoteSails.cpp:HandleResponse:158] Successfully deserialized response, status: 0, result code: 0
[m[0;32;31m1970-01-01 03:01:18.90|E|145916041|lpUCM [IpccProtoMessage.cpp:SerializeParams:112] m_offset, 15360
[m[1;33m1970-01-01 03:01:18.90|W|145916041|lpUCM [RemoteSails.cpp:SendWithRetry:185] Successfully wrote 1052 bytes
[m[0;32;32m1970-01-01 03:01:18.192|I|145916041|lpUCM [RemoteSails.cpp:HandleResponse:149] HandleResponse started, buffer size: 1048
[m[0;32;32m1970-01-01 03:01:18.192|I|145916041|lpUCM [RemoteSails.cpp:HandleResponse:158] Successfully deserialized response, status: 0, result code: 0
[m[0;32;32m1970-01-01 03:01:18.192|I|145916041|lpUCM [RemoteSails.cpp:SailWriteData:272] All data already trans size 16384
[m[0;32;32m1970-01-01 03:01:18.192|I|145916041|lpUCM [fds.cpp:FDS_OnLocalUpgProgress:246] total: 23, curr:23, percent:13, rop:96%
[m[0;32;32m1970-01-01 03:01:18.192|I|145916041|lpUCM [RemoteSails.cpp:SailWriteData:254] total data is 16384
[m[0;32;31m1970-01-01 03:01:18.192|E|145916041|lpUCM [IpccProtoMessage.cpp:SerializeParams:112] m_offset, 16384
[m[1;33m1970-01-01 03:01:18.192|W|145916041|lpUCM [RemoteSails.cpp:SendWithRetry:185] Successfully wrote 1052 bytes
[m[0;32;32m1970-01-01 03:01:18.293|I|145916041|lpUCM [RemoteSails.cpp:HandleResponse:149] HandleResponse started, buffer size: 1048
[m[0;32;32m1970-01-01 03:01:18.293|I|145916041|lpUCM [RemoteSails.cpp:HandleResponse:158] Successfully deserialized response, status: 0, result code: 0
[m[0;32;31m1970-01-01 03:01:18.293|E|145916041|lpUCM [IpccProtoMessage.cpp:SerializeParams:112] m_offset, 17408
[m[1;33m1970-01-01 03:01:18.293|W|145916041|lpUCM [RemoteSails.cpp:SendWithRetry:185] Successfully wrote 1052 bytes
[m[0;32;32m1970-01-01 03:01:18.395|I|145916041|lpUCM [RemoteSails.cpp:HandleResponse:149] HandleResponse started, buffer size: 1048
[m[0;32;32m1970-01-01 03:01:18.395|I|145916041|lpUCM [RemoteSails.cpp:HandleResponse:158] Successfully deserialized response, status: 0, result code: 0
[m[0;32;31m1970-01-01 03:01:18.395|E|145916041|lpUCM [IpccProtoMessage.cpp:SerializeParams:112] m_offset, 18432
[m[1;33m1970-01-01 03:01:18.395|W|145916041|lpUCM [RemoteSails.cpp:SendWithRetry:185] Successfully wrote 1052 bytes
[m[0;32;32m1970-01-01 03:01:18.496|I|145916041|lpUCM [RemoteSails.cpp:HandleResponse:149] HandleResponse started, buffer size: 1048
[m[0;32;32m1970-01-01 03:01:18.496|I|145916041|lpUCM [RemoteSails.cpp:HandleResponse:158] Successfully deserialized response, status: 0, result code: 0
[m[0;32;31m1970-01-01 03:01:18.496|E|145916041|lpUCM [IpccProtoMessage.cpp:SerializeParams:112] m_offset, 19456
[m[1;33m1970-01-01 03:01:18.496|W|145916041|lpUCM [RemoteSails.cpp:SendWithRetry:185] Successfully wrote 1052 bytes
[m[0;32;32m1970-01-01 03:01:18.598|I|145916041|lpUCM [RemoteSails.cpp:HandleResponse:149] HandleResponse started, buffer size: 1048
[m[0;32;32m1970-01-01 03:01:18.598|I|145916041|lpUCM [RemoteSails.cpp:HandleResponse:158] Successfully deserialized response, status: 0, result code: 0
[m[0;32;31m1970-01-01 03:01:18.598|E|145916041|lpUCM [IpccProtoMessage.cpp:SerializeParams:112] m_offset, 20480
[m[1;33m1970-01-01 03:01:18.598|W|145916041|lpUCM [RemoteSails.cpp:SendWithRetry:185] Successfully wrote 1052 bytes
[m[0;32;32m1970-01-01 03:01:18.699|I|145916041|lpUCM [RemoteSails.cpp:HandleResponse:149] HandleResponse started, buffer size: 1048
[m[0;32;32m1970-01-01 03:01:18.699|I|145916041|lpUCM [RemoteSails.cpp:HandleResponse:158] Successfully deserialized response, status: 0, result code: 0
[m[0;32;31m1970-01-01 03:01:18.699|E|145916041|lpUCM [IpccProtoMessage.cpp:SerializeParams:112] m_offset, 21504
[m[1;33m1970-01-01 03:01:18.699|W|145916041|lpUCM [RemoteSails.cpp:SendWithRetry:185] Successfully wrote 1052 bytes
[m[0;32;32m1970-01-01 03:01:18.800|I|145916041|lpUCM [RemoteSails.cpp:HandleResponse:149] HandleResponse started, buffer size: 1048
[m[0;32;32m1970-01-01 03:01:18.800|I|145916041|lpUCM [RemoteSails.cpp:HandleResponse:158] Successfully deserialized response, status: 0, result code: 0
[m[0;32;31m1970-01-01 03:01:18.800|E|145916041|lpUCM [IpccProtoMessage.cpp:SerializeParams:112] m_offset, 22528
[m[1;33m1970-01-01 03:01:18.800|W|145916041|lpUCM [RemoteSails.cpp:SendWithRetry:185] Successfully wrote 1052 bytes
[m[0;32;32m1970-01-01 03:01:18.902|I|145916041|lpUCM [RemoteSails.cpp:HandleResponse:149] HandleResponse started, buffer size: 1048
[m[0;32;32m1970-01-01 03:01:18.902|I|145916041|lpUCM [RemoteSails.cpp:HandleResponse:158] Successfully deserialized response, status: 0, result code: 0
[m[0;32;31m1970-01-01 03:01:18.902|E|145916041|lpUCM [IpccProtoMessage.cpp:SerializeParams:112] m_offset, 23552
[m[1;33m1970-01-01 03:01:18.902|W|145916041|lpUCM [RemoteSails.cpp:SendWithRetry:185] Successfully wrote 1052 bytes
[m[0;32;32m1970-01-01 03:01:19.4|I|145916041|lpUCM [RemoteSails.cpp:HandleResponse:149] HandleResponse started, buffer size: 1048
[m[0;32;32m1970-01-01 03:01:19.4|I|145916041|lpUCM [RemoteSails.cpp:HandleResponse:158] Successfully deserialized response, status: 0, result code: 0
[m[0;32;31m1970-01-01 03:01:19.4|E|145916041|lpUCM [IpccProtoMessage.cpp:SerializeParams:112] m_offset, 24576
[m[1;33m1970-01-01 03:01:19.4|W|145916041|lpUCM [RemoteSails.cpp:SendWithRetry:185] Successfully wrote 1052 bytes
[m[0;32;32m1970-01-01 03:01:19.105|I|145916041|lpUCM [RemoteSails.cpp:HandleResponse:149] HandleResponse started, buffer size: 1048
[m[0;32;32m1970-01-01 03:01:19.105|I|145916041|lpUCM [RemoteSails.cpp:HandleResponse:158] Successfully deserialized response, status: 0, result code: 0
[m[0;32;31m1970-01-01 03:01:19.105|E|145916041|lpUCM [IpccProtoMessage.cpp:SerializeParams:112] m_offset, 25600
[m[1;33m1970-01-01 03:01:19.105|W|145916041|lpUCM [RemoteSails.cpp:SendWithRetry:185] Successfully wrote 1052 bytes
[m[0;32;32m1970-01-01 03:01:19.207|I|145916041|lpUCM [RemoteSails.cpp:HandleResponse:149] HandleResponse started, buffer size: 1048
[m[0;32;32m1970-01-01 03:01:19.207|I|145916041|lpUCM [RemoteSails.cpp:HandleResponse:158] Successfully deserialized response, status: 0, result code: 0
[m[0;32;31m1970-01-01 03:01:19.207|E|145916041|lpUCM [IpccProtoMessage.cpp:SerializeParams:112] m_offset, 26624
[m[1;33m1970-01-01 03:01:19.207|W|145916041|lpUCM [RemoteSails.cpp:SendWithRetry:185] Successfully wrote 1052 bytes
[m[0;32;32m1970-01-01 03:01:19.308|I|145916041|lpUCM [RemoteSails.cpp:HandleResponse:149] HandleResponse started, buffer size: 1048
[m[0;32;32m1970-01-01 03:01:19.308|I|145916041|lpUCM [RemoteSails.cpp:HandleResponse:158] Successfully deserialized response, status: 0, result code: 0
[m[0;32;31m1970-01-01 03:01:19.308|E|145916041|lpUCM [IpccProtoMessage.cpp:SerializeParams:112] m_offset, 27648
[m[1;33m1970-01-01 03:01:19.308|W|145916041|lpUCM [RemoteSails.cpp:SendWithRetry:185] Successfully wrote 1052 bytes
[m[0;32;32m1970-01-01 03:01:19.410|I|145916041|lpUCM [RemoteSails.cpp:HandleResponse:149] HandleResponse started, buffer size: 1048
[m[0;32;32m1970-01-01 03:01:19.410|I|145916041|lpUCM [RemoteSails.cpp:HandleResponse:158] Successfully deserialized response, status: 0, result code: 0
[m[0;32;31m1970-01-01 03:01:19.410|E|145916041|lpUCM [IpccProtoMessage.cpp:SerializeParams:112] m_offset, 28672
[m[1;33m1970-01-01 03:01:19.410|W|145916041|lpUCM [RemoteSails.cpp:SendWithRetry:185] Successfully wrote 1052 bytes
[m[0;32;32m1970-01-01 03:01:19.511|I|145916041|lpUCM [RemoteSails.cpp:HandleResponse:149] HandleResponse started, buffer size: 1048
[m[0;32;32m1970-01-01 03:01:19.511|I|145916041|lpUCM [RemoteSails.cpp:HandleResponse:158] Successfully deserialized response, status: 0, result code: 0
[m[0;32;31m1970-01-01 03:01:19.511|E|145916041|lpUCM [IpccProtoMessage.cpp:SerializeParams:112] m_offset, 29696
[m[1;33m1970-01-01 03:01:19.511|W|145916041|lpUCM [RemoteSails.cpp:SendWithRetry:185] Successfully wrote 1052 bytes
[m[0;32;32m1970-01-01 03:01:19.612|I|145916041|lpUCM [RemoteSails.cpp:HandleResponse:149] HandleResponse started, buffer size: 1048
[m[0;32;32m1970-01-01 03:01:19.612|I|145916041|lpUCM [RemoteSails.cpp:HandleResponse:158] Successfully deserialized response, status: 0, result code: 0
[m[0;32;31m1970-01-01 03:01:19.612|E|145916041|lpUCM [IpccProtoMessage.cpp:SerializeParams:112] m_offset, 30720
[m[1;33m1970-01-01 03:01:19.612|W|145916041|lpUCM [RemoteSails.cpp:SendWithRetry:185] Successfully wrote 1052 bytes
[m[0;32;32m1970-01-01 03:01:19.713|I|145916041|lpUCM [RemoteSails.cpp:HandleResponse:149] HandleResponse started, buffer size: 1048
[m[0;32;32m1970-01-01 03:01:19.713|I|145916041|lpUCM [RemoteSails.cpp:HandleResponse:158] Successfully deserialized response, status: 0, result code: 0
[m[0;32;31m1970-01-01 03:01:19.713|E|145916041|lpUCM [IpccProtoMessage.cpp:SerializeParams:112] m_offset, 31744
[m[1;33m1970-01-01 03:01:19.713|W|145916041|lpUCM [RemoteSails.cpp:SendWithRetry:185] Successfully wrote 1052 bytes
[m[0;32;32m1970-01-01 03:01:19.814|I|145916041|lpUCM [RemoteSails.cpp:HandleResponse:149] HandleResponse started, buffer size: 1048
[m[0;32;32m1970-01-01 03:01:19.814|I|145916041|lpUCM [RemoteSails.cpp:HandleResponse:158] Successfully deserialized response, status: 0, result code: 0
[m[0;32;32m1970-01-01 03:01:19.814|I|145916041|lpUCM [RemoteSails.cpp:SailWriteData:272] All data already trans size 16384
[m[0;32;32m1970-01-01 03:01:19.814|I|145916041|lpUCM [fds.cpp:FDS_OnLocalUpgProgress:246] total: 23, curr:23, percent:14, rop:96%
[m[0;32;32m1970-01-01 03:01:19.814|I|145916041|lpUCM [RemoteSails.cpp:SailWriteData:254] total data is 16384
[m[0;32;31m1970-01-01 03:01:19.814|E|145916041|lpUCM [IpccProtoMessage.cpp:SerializeParams:112] m_offset, 32768
[m[1;33m1970-01-01 03:01:19.814|W|145916041|lpUCM [RemoteSails.cpp:SendWithRetry:185] Successfully wrote 1052 bytes
[m[0;32;32m1970-01-01 03:01:19.916|I|145916041|lpUCM [RemoteSails.cpp:HandleResponse:149] HandleResponse started, buffer size: 1048
[m[0;32;32m1970-01-01 03:01:19.916|I|145916041|lpUCM [RemoteSails.cpp:HandleResponse:158] Successfully deserialized response, status: 0, result code: 0
[m[0;32;31m1970-01-01 03:01:19.916|E|145916041|lpUCM [IpccProtoMessage.cpp:SerializeParams:112] m_offset, 33792
[m[1;33m1970-01-01 03:01:19.916|W|145916041|lpUCM [RemoteSails.cpp:SendWithRetry:185] Successfully wrote 1052 bytes
[m[0;32;32m1970-01-01 03:01:20.17|I|145916041|lpUCM [RemoteSails.cpp:HandleResponse:149] HandleResponse started, buffer size: 1048
[m[0;32;32m1970-01-01 03:01:20.17|I|145916041|lpUCM [RemoteSails.cpp:HandleResponse:158] Successfully deserialized response, status: 0, result code: 0
[m[0;32;31m1970-01-01 03:01:20.17|E|145916041|lpUCM [IpccProtoMessage.cpp:SerializeParams:112] m_offset, 34816
[m[1;33m1970-01-01 03:01:20.17|W|145916041|lpUCM [RemoteSails.cpp:SendWithRetry:185] Successfully wrote 1052 bytes
[m[0;32;32m1970-01-01 03:01:20.119|I|145916041|lpUCM [RemoteSails.cpp:HandleResponse:149] HandleResponse started, buffer size: 1048
[m[0;32;32m1970-01-01 03:01:20.119|I|145916041|lpUCM [RemoteSails.cpp:HandleResponse:158] Successfully deserialized response, status: 0, result code: 0
[m[0;32;31m1970-01-01 03:01:20.119|E|145916041|lpUCM [IpccProtoMessage.cpp:SerializeParams:112] m_offset, 35840
[m[1;33m1970-01-01 03:01:20.119|W|145916041|lpUCM [RemoteSails.cpp:SendWithRetry:185] Successfully wrote 1052 bytes
[m[0;32;32m1970-01-01 03:01:20.220|I|145916041|lpUCM [RemoteSails.cpp:HandleResponse:149] HandleResponse started, buffer size: 1048
[m[0;32;32m1970-01-01 03:01:20.220|I|145916041|lpUCM [RemoteSails.cpp:HandleResponse:158] Successfully deserialized response, status: 0, result code: 0
[m[0;32;31m1970-01-01 03:01:20.220|E|145916041|lpUCM [IpccProtoMessage.cpp:SerializeParams:112] m_offset, 36864
[m[1;33m1970-01-01 03:01:20.220|W|145916041|lpUCM [RemoteSails.cpp:SendWithRetry:185] Successfully wrote 1052 bytes
[m[0;32;32m1970-01-01 03:01:20.321|I|145916041|lpUCM [RemoteSails.cpp:HandleResponse:149] HandleResponse started, buffer size: 1048
[m[0;32;32m1970-01-01 03:01:20.321|I|145916041|lpUCM [RemoteSails.cpp:HandleResponse:158] Successfully deserialized response, status: 0, result code: 0
[m[0;32;31m1970-01-01 03:01:20.321|E|145916041|lpUCM [IpccProtoMessage.cpp:SerializeParams:112] m_offset, 37888
[m[1;33m1970-01-01 03:01:20.321|W|145916041|lpUCM [RemoteSails.cpp:SendWithRetry:185] Successfully wrote 1052 bytes
[m[0;32;32m1970-01-01 03:01:20.422|I|145916041|lpUCM [RemoteSails.cpp:HandleResponse:149] HandleResponse started, buffer size: 1048
[m[0;32;32m1970-01-01 03:01:20.422|I|145916041|lpUCM [RemoteSails.cpp:HandleResponse:158] Successfully deserialized response, status: 0, result code: 0
[m[0;32;31m1970-01-01 03:01:20.422|E|145916041|lpUCM [IpccProtoMessage.cpp:SerializeParams:112] m_offset, 38912
[m[1;33m1970-01-01 03:01:20.422|W|145916041|lpUCM [RemoteSails.cpp:SendWithRetry:185] Successfully wrote 1052 bytes
[m[0;32;32m1970-01-01 03:01:20.524|I|145916041|lpUCM [RemoteSails.cpp:HandleResponse:149] HandleResponse started, buffer size: 1048
[m[0;32;32m1970-01-01 03:01:20.524|I|145916041|lpUCM [RemoteSails.cpp:HandleResponse:158] Successfully deserialized response, status: 0, result code: 0
[m[0;32;31m1970-01-01 03:01:20.524|E|145916041|lpUCM [IpccProtoMessage.cpp:SerializeParams:112] m_offset, 39936
[m[1;33m1970-01-01 03:01:20.524|W|145916041|lpUCM [RemoteSails.cpp:SendWithRetry:185] Successfully wrote 1052 bytes
[m[0;32;32m1970-01-01 03:01:20.625|I|145916041|lpUCM [RemoteSails.cpp:HandleResponse:149] HandleResponse started, buffer size: 1048
[m[0;32;32m1970-01-01 03:01:20.625|I|145916041|lpUCM [RemoteSails.cpp:HandleResponse:158] Successfully deserialized response, status: 0, result code: 0
[m[0;32;31m1970-01-01 03:01:20.625|E|145916041|lpUCM [IpccProtoMessage.cpp:SerializeParams:112] m_offset, 40960
[m[1;33m1970-01-01 03:01:20.625|W|145916041|lpUCM [RemoteSails.cpp:SendWithRetry:185] Successfully wrote 1052 bytes
[m[0;32;32m1970-01-01 03:01:20.727|I|145916041|lpUCM [RemoteSails.cpp:HandleResponse:149] HandleResponse started, buffer size: 1048
[m[0;32;32m1970-01-01 03:01:20.727|I|145916041|lpUCM [RemoteSails.cpp:HandleResponse:158] Successfully deserialized response, status: 0, result code: 0
[m[0;32;31m1970-01-01 03:01:20.727|E|145916041|lpUCM [IpccProtoMessage.cpp:SerializeParams:112] m_offset, 41984
[m[1;33m1970-01-01 03:01:20.727|W|145916041|lpUCM [RemoteSails.cpp:SendWithRetry:185] Successfully wrote 1052 bytes
[m[0;32;32m1970-01-01 03:01:20.828|I|145916041|lpUCM [RemoteSails.cpp:HandleResponse:149] HandleResponse started, buffer size: 1048
[m[0;32;32m1970-01-01 03:01:20.828|I|145916041|lpUCM [RemoteSails.cpp:HandleResponse:158] Successfully deserialized response, status: 0, result code: 0
[m[0;32;31m1970-01-01 03:01:20.828|E|145916041|lpUCM [IpccProtoMessage.cpp:SerializeParams:112] m_offset, 43008
[m[1;33m1970-01-01 03:01:20.828|W|145916041|lpUCM [RemoteSails.cpp:SendWithRetry:185] Successfully wrote 1052 bytes
[m[0;32;32m1970-01-01 03:01:20.930|I|145916041|lpUCM [RemoteSails.cpp:HandleResponse:149] HandleResponse started, buffer size: 1048
[m[0;32;32m1970-01-01 03:01:20.930|I|145916041|lpUCM [RemoteSails.cpp:HandleResponse:158] Successfully deserialized response, status: 0, result code: 0
[m[0;32;31m1970-01-01 03:01:20.930|E|145916041|lpUCM [IpccProtoMessage.cpp:SerializeParams:112] m_offset, 44032
[m[1;33m1970-01-01 03:01:20.930|W|145916041|lpUCM [RemoteSails.cpp:SendWithRetry:185] Successfully wrote 1052 bytes
[m[0;32;32m1970-01-01 03:01:21.31|I|145916041|lpUCM [RemoteSails.cpp:HandleResponse:149] HandleResponse started, buffer size: 1048
[m[0;32;32m1970-01-01 03:01:21.31|I|145916041|lpUCM [RemoteSails.cpp:HandleResponse:158] Successfully deserialized response, status: 0, result code: 0
[m[0;32;31m1970-01-01 03:01:21.31|E|145916041|lpUCM [IpccProtoMessage.cpp:SerializeParams:112] m_offset, 45056
[m[1;33m1970-01-01 03:01:21.31|W|145916041|lpUCM [RemoteSails.cpp:SendWithRetry:185] Successfully wrote 1052 bytes
[m[0;32;32m1970-01-01 03:01:21.133|I|145916041|lpUCM [RemoteSails.cpp:HandleResponse:149] HandleResponse started, buffer size: 1048
[m[0;32;32m1970-01-01 03:01:21.133|I|145916041|lpUCM [RemoteSails.cpp:HandleResponse:158] Successfully deserialized response, status: 0, result code: 0
[m[0;32;31m1970-01-01 03:01:21.133|E|145916041|lpUCM [IpccProtoMessage.cpp:SerializeParams:112] m_offset, 46080
[m[1;33m1970-01-01 03:01:21.133|W|145916041|lpUCM [RemoteSails.cpp:SendWithRetry:185] Successfully wrote 1052 bytes
[m[0;32;32m1970-01-01 03:01:21.234|I|145916041|lpUCM [RemoteSails.cpp:HandleResponse:149] HandleResponse started, buffer size: 1048
[m[0;32;32m1970-01-01 03:01:21.234|I|145916041|lpUCM [RemoteSails.cpp:HandleResponse:158] Successfully deserialized response, status: 0, result code: 0
[m[0;32;31m1970-01-01 03:01:21.234|E|145916041|lpUCM [IpccProtoMessage.cpp:SerializeParams:112] m_offset, 47104
[m[1;33m1970-01-01 03:01:21.234|W|145916041|lpUCM [RemoteSails.cpp:SendWithRetry:185] Successfully wrote 1052 bytes
[m[0;32;32m1970-01-01 03:01:21.335|I|145916041|lpUCM [RemoteSails.cpp:HandleResponse:149] HandleResponse started, buffer size: 1048
[m[0;32;32m1970-01-01 03:01:21.335|I|145916041|lpUCM [RemoteSails.cpp:HandleResponse:158] Successfully deserialized response, status: 0, result code: 0
[m[0;32;31m1970-01-01 03:01:21.335|E|145916041|lpUCM [IpccProtoMessage.cpp:SerializeParams:112] m_offset, 48128
[m[1;33m1970-01-01 03:01:21.335|W|145916041|lpUCM [RemoteSails.cpp:SendWithRetry:185] Successfully wrote 1052 bytes
[m[0;32;32m1970-01-01 03:01:21.436|I|145916041|lpUCM [RemoteSails.cpp:HandleResponse:149] HandleResponse started, buffer size: 1048
[m[0;32;32m1970-01-01 03:01:21.436|I|145916041|lpUCM [RemoteSails.cpp:HandleResponse:158] Successfully deserialized response, status: 0, result code: 0
[m[0;32;32m1970-01-01 03:01:21.436|I|145916041|lpUCM [RemoteSails.cpp:SailWriteData:272] All data already trans size 16384
[m[0;32;32m1970-01-01 03:01:21.436|I|145916041|lpUCM [fds.cpp:FDS_OnLocalUpgProgress:246] total: 23, curr:23, percent:15, rop:96%
[m[0;32;32m1970-01-01 03:01:21.436|I|145916041|lpUCM [RemoteSails.cpp:SailWriteData:254] total data is 16384
[m[0;32;31m1970-01-01 03:01:21.436|E|145916041|lpUCM [IpccProtoMessage.cpp:SerializeParams:112] m_offset, 49152
[m[1;33m1970-01-01 03:01:21.436|W|145916041|lpUCM [RemoteSails.cpp:SendWithRetry:185] Successfully wrote 1052 bytes
[m[0;32;32m1970-01-01 03:01:21.538|I|145916041|lpUCM [RemoteSails.cpp:HandleResponse:149] HandleResponse started, buffer size: 1048
[m[0;32;32m1970-01-01 03:01:21.538|I|145916041|lpUCM [RemoteSails.cpp:HandleResponse:158] Successfully deserialized response, status: 0, result code: 0
[m[0;32;31m1970-01-01 03:01:21.538|E|145916041|lpUCM [IpccProtoMessage.cpp:SerializeParams:112] m_offset, 50176
[m[1;33m1970-01-01 03:01:21.538|W|145916041|lpUCM [RemoteSails.cpp:SendWithRetry:185] Successfully wrote 1052 bytes
[m[0;32;32m1970-01-01 03:01:21.639|I|145916041|lpUCM [RemoteSails.cpp:HandleResponse:149] HandleResponse started, buffer size: 1048
[m[0;32;32m1970-01-01 03:01:21.639|I|145916041|lpUCM [RemoteSails.cpp:HandleResponse:158] Successfully deserialized response, status: 0, result code: 0
[m[0;32;31m1970-01-01 03:01:21.639|E|145916041|lpUCM [IpccProtoMessage.cpp:SerializeParams:112] m_offset, 51200
[m[1;33m1970-01-01 03:01:21.639|W|145916041|lpUCM [RemoteSails.cpp:SendWithRetry:185] Successfully wrote 1052 bytes
[m[0;32;32m1970-01-01 03:01:21.740|I|145916041|lpUCM [RemoteSails.cpp:HandleResponse:149] HandleResponse started, buffer size: 1048
[m[0;32;32m1970-01-01 03:01:21.740|I|145916041|lpUCM [RemoteSails.cpp:HandleResponse:158] Successfully deserialized response, status: 0, result code: 0
[m[0;32;31m1970-01-01 03:01:21.740|E|145916041|lpUCM [IpccProtoMessage.cpp:SerializeParams:112] m_offset, 52224
[m[1;33m1970-01-01 03:01:21.740|W|145916041|lpUCM [RemoteSails.cpp:SendWithRetry:185] Successfully wrote 1052 bytes
[m[0;32;32m1970-01-01 03:01:21.842|I|145916041|lpUCM [RemoteSails.cpp:HandleResponse:149] HandleResponse started, buffer size: 1048
[m[0;32;32m1970-01-01 03:01:21.842|I|145916041|lpUCM [RemoteSails.cpp:HandleResponse:158] Successfully deserialized response, status: 0, result code: 0
[m[0;32;31m1970-01-01 03:01:21.842|E|145916041|lpUCM [IpccProtoMessage.cpp:SerializeParams:112] m_offset, 53248
[m[1;33m1970-01-01 03:01:21.842|W|145916041|lpUCM [RemoteSails.cpp:SendWithRetry:185] Successfully wrote 1052 bytes
[m[0;32;32m1970-01-01 03:01:21.944|I|145916041|lpUCM [RemoteSails.cpp:HandleResponse:149] HandleResponse started, buffer size: 1048
[m[0;32;32m1970-01-01 03:01:21.944|I|145916041|lpUCM [RemoteSails.cpp:HandleResponse:158] Successfully deserialized response, status: 0, result code: 0
[m[0;32;31m1970-01-01 03:01:21.944|E|145916041|lpUCM [IpccProtoMessage.cpp:SerializeParams:112] m_offset, 54272
[m[1;33m1970-01-01 03:01:21.944|W|145916041|lpUCM [RemoteSails.cpp:SendWithRetry:185] Successfully wrote 1052 bytes
[m[0;32;32m1970-01-01 03:01:22.46|I|145916041|lpUCM [RemoteSails.cpp:HandleResponse:149] HandleResponse started, buffer size: 1048
[m[0;32;32m1970-01-01 03:01:22.46|I|145916041|lpUCM [RemoteSails.cpp:HandleResponse:158] Successfully deserialized response, status: 0, result code: 0
[m[0;32;31m1970-01-01 03:01:22.46|E|145916041|lpUCM [IpccProtoMessage.cpp:SerializeParams:112] m_offset, 55296
[m[1;33m1970-01-01 03:01:22.46|W|145916041|lpUCM [RemoteSails.cpp:SendWithRetry:185] Successfully wrote 1052 bytes
[m[0;32;32m1970-01-01 03:01:22.147|I|145916041|lpUCM [RemoteSails.cpp:HandleResponse:149] HandleResponse started, buffer size: 1048
[m[0;32;32m1970-01-01 03:01:22.147|I|145916041|lpUCM [RemoteSails.cpp:HandleResponse:158] Successfully deserialized response, status: 0, result code: 0
[m[0;32;31m1970-01-01 03:01:22.147|E|145916041|lpUCM [IpccProtoMessage.cpp:SerializeParams:112] m_offset, 56320
[m[1;33m1970-01-01 03:01:22.147|W|145916041|lpUCM [RemoteSails.cpp:SendWithRetry:185] Successfully wrote 1052 bytes
[m[0;32;32m1970-01-01 03:01:22.249|I|145916041|lpUCM [RemoteSails.cpp:HandleResponse:149] HandleResponse started, buffer size: 1048
[m[0;32;32m1970-01-01 03:01:22.249|I|145916041|lpUCM [RemoteSails.cpp:HandleResponse:158] Successfully deserialized response, status: 0, result code: 0
[m[0;32;31m1970-01-01 03:01:22.249|E|145916041|lpUCM [IpccProtoMessage.cpp:SerializeParams:112] m_offset, 57344
[m[1;33m1970-01-01 03:01:22.249|W|145916041|lpUCM [RemoteSails.cpp:SendWithRetry:185] Successfully wrote 1052 bytes
[m[0;32;32m1970-01-01 03:01:22.351|I|145916041|lpUCM [RemoteSails.cpp:HandleResponse:149] HandleResponse started, buffer size: 1048
[m[0;32;32m1970-01-01 03:01:22.351|I|145916041|lpUCM [RemoteSails.cpp:HandleResponse:158] Successfully deserialized response, status: 0, result code: 0
[m[0;32;31m1970-01-01 03:01:22.351|E|145916041|lpUCM [IpccProtoMessage.cpp:SerializeParams:112] m_offset, 58368
[m[1;33m1970-01-01 03:01:22.351|W|145916041|lpUCM [RemoteSails.cpp:SendWithRetry:185] Successfully wrote 1052 bytes
[m[0;32;32m1970-01-01 03:01:22.452|I|145916041|lpUCM [RemoteSails.cpp:HandleResponse:149] HandleResponse started, buffer size: 1048
[m[0;32;32m1970-01-01 03:01:22.452|I|145916041|lpUCM [RemoteSails.cpp:HandleResponse:158] Successfully deserialized response, status: 0, result code: 0
[m[0;32;31m1970-01-01 03:01:22.452|E|145916041|lpUCM [IpccProtoMessage.cpp:SerializeParams:112] m_offset, 59392
[m[1;33m1970-01-01 03:01:22.452|W|145916041|lpUCM [RemoteSails.cpp:SendWithRetry:185] Successfully wrote 1052 bytes
[m[0;32;32m1970-01-01 03:01:22.553|I|145916041|lpUCM [RemoteSails.cpp:HandleResponse:149] HandleResponse started, buffer size: 1048
[m[0;32;32m1970-01-01 03:01:22.553|I|145916041|lpUCM [RemoteSails.cpp:HandleResponse:158] Successfully deserialized response, status: 0, result code: 0
[m[0;32;31m1970-01-01 03:01:22.553|E|145916041|lpUCM [IpccProtoMessage.cpp:SerializeParams:112] m_offset, 60416
[m[1;33m1970-01-01 03:01:22.553|W|145916041|lpUCM [RemoteSails.cpp:SendWithRetry:185] Successfully wrote 1052 bytes
[m[0;32;32m1970-01-01 03:01:22.654|I|145916041|lpUCM [RemoteSails.cpp:HandleResponse:149] HandleResponse started, buffer size: 1048
[m[0;32;32m1970-01-01 03:01:22.654|I|145916041|lpUCM [RemoteSails.cpp:HandleResponse:158] Successfully deserialized response, status: 0, result code: 0
[m[0;32;31m1970-01-01 03:01:22.654|E|145916041|lpUCM [IpccProtoMessage.cpp:SerializeParams:112] m_offset, 61440
[m[1;33m1970-01-01 03:01:22.654|W|145916041|lpUCM [RemoteSails.cpp:SendWithRetry:185] Successfully wrote 1052 bytes
[m[0;32;32m1970-01-01 03:01:22.755|I|145916041|lpUCM [RemoteSails.cpp:HandleResponse:149] HandleResponse started, buffer size: 1048
[m[0;32;32m1970-01-01 03:01:22.755|I|145916041|lpUCM [RemoteSails.cpp:HandleResponse:158] Successfully deserialized response, status: 0, result code: 0
[m[0;32;31m1970-01-01 03:01:22.755|E|145916041|lpUCM [IpccProtoMessage.cpp:SerializeParams:112] m_offset, 62464
[m[1;33m1970-01-01 03:01:22.755|W|145916041|lpUCM [RemoteSails.cpp:SendWithRetry:185] Successfully wrote 1052 bytes
[m[0;32;32m1970-01-01 03:01:22.856|I|145916041|lpUCM [RemoteSails.cpp:HandleResponse:149] HandleResponse started, buffer size: 1048
[m[0;32;32m1970-01-01 03:01:22.856|I|145916041|lpUCM [RemoteSails.cpp:HandleResponse:158] Successfully deserialized response, status: 0, result code: 0
[m[0;32;31m1970-01-01 03:01:22.856|E|145916041|lpUCM [IpccProtoMessage.cpp:SerializeParams:112] m_offset, 63488
[m[1;33m1970-01-01 03:01:22.856|W|145916041|lpUCM [RemoteSails.cpp:SendWithRetry:185] Successfully wrote 1052 bytes
[m[0;32;32m1970-01-01 03:01:22.958|I|145916041|lpUCM [RemoteSails.cpp:HandleResponse:149] HandleResponse started, buffer size: 1048
[m[0;32;32m1970-01-01 03:01:22.958|I|145916041|lpUCM [RemoteSails.cpp:HandleResponse:158] Successfully deserialized response, status: 0, result code: 0
[m[0;32;31m1970-01-01 03:01:22.958|E|145916041|lpUCM [IpccProtoMessage.cpp:SerializeParams:112] m_offset, 64512
[m[1;33m1970-01-01 03:01:22.958|W|145916041|lpUCM [RemoteSails.cpp:SendWithRetry:185] Successfully wrote 1052 bytes
[m[0;32;32m1970-01-01 03:01:23.59|I|145916041|lpUCM [RemoteSails.cpp:HandleResponse:149] HandleResponse started, buffer size: 1048
[m[0;32;32m1970-01-01 03:01:23.59|I|145916041|lpUCM [RemoteSails.cpp:HandleResponse:158] Successfully deserialized response, status: 0, result code: 0
[m[0;32;32m1970-01-01 03:01:23.59|I|145916041|lpUCM [RemoteSails.cpp:SailWriteData:272] All data already trans size 16384
[m[0;32;32m1970-01-01 03:01:23.59|I|145916041|lpUCM [fds.cpp:FDS_OnLocalUpgProgress:246] total: 23, curr:23, percent:16, rop:96%
[m[0;32;32m1970-01-01 03:01:23.60|I|145916041|lpUCM [RemoteSails.cpp:SailWriteData:254] total data is 16384
[m[0;32;31m1970-01-01 03:01:23.60|E|145916041|lpUCM [IpccProtoMessage.cpp:SerializeParams:112] m_offset, 65536
[m[1;33m1970-01-01 03:01:23.60|W|145916041|lpUCM [RemoteSails.cpp:SendWithRetry:185] Successfully wrote 1052 bytes
[m[0;32;32m1970-01-01 03:01:23.162|I|145916041|lpUCM [RemoteSails.cpp:HandleResponse:149] HandleResponse started, buffer size: 1048
[m[0;32;32m1970-01-01 03:01:23.162|I|145916041|lpUCM [RemoteSails.cpp:HandleResponse:158] Successfully deserialized response, status: 0, result code: 0
[m[0;32;31m1970-01-01 03:01:23.162|E|145916041|lpUCM [IpccProtoMessage.cpp:SerializeParams:112] m_offset, 66560
[m[1;33m1970-01-01 03:01:23.162|W|145916041|lpUCM [RemoteSails.cpp:SendWithRetry:185] Successfully wrote 1052 bytes
[m[0;32;32m1970-01-01 03:01:23.263|I|145916041|lpUCM [RemoteSails.cpp:HandleResponse:149] HandleResponse started, buffer size: 1048
[m[0;32;32m1970-01-01 03:01:23.263|I|145916041|lpUCM [RemoteSails.cpp:HandleResponse:158] Successfully deserialized response, status: 0, result code: 0
[m[0;32;31m1970-01-01 03:01:23.263|E|145916041|lpUCM [IpccProtoMessage.cpp:SerializeParams:112] m_offset, 67584
[m[1;33m1970-01-01 03:01:23.263|W|145916041|lpUCM [RemoteSails.cpp:SendWithRetry:185] Successfully wrote 1052 bytes
[m[0;32;32m1970-01-01 03:01:23.365|I|145916041|lpUCM [RemoteSails.cpp:HandleResponse:149] HandleResponse started, buffer size: 1048
[m[0;32;32m1970-01-01 03:01:23.365|I|145916041|lpUCM [RemoteSails.cpp:HandleResponse:158] Successfully deserialized response, status: 0, result code: 0
[m[0;32;31m1970-01-01 03:01:23.365|E|145916041|lpUCM [IpccProtoMessage.cpp:SerializeParams:112] m_offset, 68608
[m[1;33m1970-01-01 03:01:23.365|W|145916041|lpUCM [RemoteSails.cpp:SendWithRetry:185] Successfully wrote 1052 bytes
[m[0;32;32m1970-01-01 03:01:23.467|I|145916041|lpUCM [RemoteSails.cpp:HandleResponse:149] HandleResponse started, buffer size: 1048
[m[0;32;32m1970-01-01 03:01:23.467|I|145916041|lpUCM [RemoteSails.cpp:HandleResponse:158] Successfully deserialized response, status: 0, result code: 0
[m[0;32;31m1970-01-01 03:01:23.467|E|145916041|lpUCM [IpccProtoMessage.cpp:SerializeParams:112] m_offset, 69632
[m[1;33m1970-01-01 03:01:23.467|W|145916041|lpUCM [RemoteSails.cpp:SendWithRetry:185] Successfully wrote 1052 bytes
[m[0;32;32m1970-01-01 03:01:23.569|I|145916041|lpUCM [RemoteSails.cpp:HandleResponse:149] HandleResponse started, buffer size: 1048
[m[0;32;32m1970-01-01 03:01:23.569|I|145916041|lpUCM [RemoteSails.cpp:HandleResponse:158] Successfully deserialized response, status: 0, result code: 0
[m[0;32;31m1970-01-01 03:01:23.569|E|145916041|lpUCM [IpccProtoMessage.cpp:SerializeParams:112] m_offset, 70656
[m[1;33m1970-01-01 03:01:23.569|W|145916041|lpUCM [RemoteSails.cpp:SendWithRetry:185] Successfully wrote 1052 bytes
[m[0;32;32m1970-01-01 03:01:23.670|I|145916041|lpUCM [RemoteSails.cpp:HandleResponse:149] HandleResponse started, buffer size: 1048
[m[0;32;32m1970-01-01 03:01:23.670|I|145916041|lpUCM [RemoteSails.cpp:HandleResponse:158] Successfully deserialized response, status: 0, result code: 0
[m[0;32;31m1970-01-01 03:01:23.670|E|145916041|lpUCM [IpccProtoMessage.cpp:SerializeParams:112] m_offset, 71680
[m[1;33m1970-01-01 03:01:23.670|W|145916041|lpUCM [RemoteSails.cpp:SendWithRetry:185] Successfully wrote 1052 bytes
[m[0;32;32m1970-01-01 03:01:23.771|I|145916041|lpUCM [RemoteSails.cpp:HandleResponse:149] HandleResponse started, buffer size: 1048
[m[0;32;32m1970-01-01 03:01:23.771|I|145916041|lpUCM [RemoteSails.cpp:HandleResponse:158] Successfully deserialized response, status: 0, result code: 0
[m[0;32;31m1970-01-01 03:01:23.771|E|145916041|lpUCM [IpccProtoMessage.cpp:SerializeParams:112] m_offset, 72704
[m[1;33m1970-01-01 03:01:23.771|W|145916041|lpUCM [RemoteSails.cpp:SendWithRetry:185] Successfully wrote 1052 bytes
[m[0;32;32m1970-01-01 03:01:23.872|I|145916041|lpUCM [RemoteSails.cpp:HandleResponse:149] HandleResponse started, buffer size: 1048
[m[0;32;32m1970-01-01 03:01:23.872|I|145916041|lpUCM [RemoteSails.cpp:HandleResponse:158] Successfully deserialized response, status: 0, result code: 0
[m[0;32;31m1970-01-01 03:01:23.872|E|145916041|lpUCM [IpccProtoMessage.cpp:SerializeParams:112] m_offset, 73728
[m[1;33m1970-01-01 03:01:23.872|W|145916041|lpUCM [RemoteSails.cpp:SendWithRetry:185] Successfully wrote 1052 bytes
[m[0;32;32m1970-01-01 03:01:23.974|I|145916041|lpUCM [RemoteSails.cpp:HandleResponse:149] HandleResponse started, buffer size: 1048
[m[0;32;32m1970-01-01 03:01:23.974|I|145916041|lpUCM [RemoteSails.cpp:HandleResponse:158] Successfully deserialized response, status: 0, result code: 0
[m[0;32;31m1970-01-01 03:01:23.974|E|145916041|lpUCM [IpccProtoMessage.cpp:SerializeParams:112] m_offset, 74752
[m[1;33m1970-01-01 03:01:23.974|W|145916041|lpUCM [RemoteSails.cpp:SendWithRetry:185] Successfully wrote 1052 bytes
[m[0;32;32m1970-01-01 03:01:24.75|I|145916041|lpUCM [RemoteSails.cpp:HandleResponse:149] HandleResponse started, buffer size: 1048
[m[0;32;32m1970-01-01 03:01:24.75|I|145916041|lpUCM [RemoteSails.cpp:HandleResponse:158] Successfully deserialized response, status: 0, result code: 0
[m[0;32;31m1970-01-01 03:01:24.75|E|145916041|lpUCM [IpccProtoMessage.cpp:SerializeParams:112] m_offset, 75776
[m[1;33m1970-01-01 03:01:24.75|W|145916041|lpUCM [RemoteSails.cpp:SendWithRetry:185] Successfully wrote 1052 bytes
[m[0;32;32m1970-01-01 03:01:24.177|I|145916041|lpUCM [RemoteSails.cpp:HandleResponse:149] HandleResponse started, buffer size: 1048
[m[0;32;32m1970-01-01 03:01:24.177|I|145916041|lpUCM [RemoteSails.cpp:HandleResponse:158] Successfully deserialized response, status: 0, result code: 0
[m[0;32;31m1970-01-01 03:01:24.177|E|145916041|lpUCM [IpccProtoMessage.cpp:SerializeParams:112] m_offset, 76800
[m[1;33m1970-01-01 03:01:24.177|W|145916041|lpUCM [RemoteSails.cpp:SendWithRetry:185] Successfully wrote 1052 bytes
[m[0;32;32m1970-01-01 03:01:24.278|I|145916041|lpUCM [RemoteSails.cpp:HandleResponse:149] HandleResponse started, buffer size: 1048
[m[0;32;32m1970-01-01 03:01:24.278|I|145916041|lpUCM [RemoteSails.cpp:HandleResponse:158] Successfully deserialized response, status: 0, result code: 0
[m[0;32;31m1970-01-01 03:01:24.278|E|145916041|lpUCM [IpccProtoMessage.cpp:SerializeParams:112] m_offset, 77824
[m[1;33m1970-01-01 03:01:24.278|W|145916041|lpUCM [RemoteSails.cpp:SendWithRetry:185] Successfully wrote 1052 bytes
[m[0;32;32m1970-01-01 03:01:24.380|I|145916041|lpUCM [RemoteSails.cpp:HandleResponse:149] HandleResponse started, buffer size: 1048
[m[0;32;32m1970-01-01 03:01:24.380|I|145916041|lpUCM [RemoteSails.cpp:HandleResponse:158] Successfully deserialized response, status: 0, result code: 0
[m[0;32;31m1970-01-01 03:01:24.380|E|145916041|lpUCM [IpccProtoMessage.cpp:SerializeParams:112] m_offset, 78848
[m[1;33m1970-01-01 03:01:24.380|W|145916041|lpUCM [RemoteSails.cpp:SendWithRetry:185] Successfully wrote 1052 bytes
[m[0;32;32m1970-01-01 03:01:24.481|I|145916041|lpUCM [RemoteSails.cpp:HandleResponse:149] HandleResponse started, buffer size: 1048
[m[0;32;32m1970-01-01 03:01:24.481|I|145916041|lpUCM [RemoteSails.cpp:HandleResponse:158] Successfully deserialized response, status: 0, result code: 0
[m[0;32;31m1970-01-01 03:01:24.481|E|145916041|lpUCM [IpccProtoMessage.cpp:SerializeParams:112] m_offset, 79872
[m[1;33m1970-01-01 03:01:24.481|W|145916041|lpUCM [RemoteSails.cpp:SendWithRetry:185] Successfully wrote 1052 bytes
[m[0;32;32m1970-01-01 03:01:24.583|I|145916041|lpUCM [RemoteSails.cpp:HandleResponse:149] HandleResponse started, buffer size: 1048
[m[0;32;32m1970-01-01 03:01:24.583|I|145916041|lpUCM [RemoteSails.cpp:HandleResponse:158] Successfully deserialized response, status: 0, result code: 0
[m[0;32;31m1970-01-01 03:01:24.583|E|145916041|lpUCM [IpccProtoMessage.cpp:SerializeParams:112] m_offset, 80896
[m[1;33m1970-01-01 03:01:24.583|W|145916041|lpUCM [RemoteSails.cpp:SendWithRetry:185] Successfully wrote 1052 bytes
[m[0;32;32m1970-01-01 03:01:24.684|I|145916041|lpUCM [RemoteSails.cpp:HandleResponse:149] HandleResponse started, buffer size: 1048
[m[0;32;32m1970-01-01 03:01:24.684|I|145916041|lpUCM [RemoteSails.cpp:HandleResponse:158] Successfully deserialized response, status: 0, result code: 0
[m[0;32;32m1970-01-01 03:01:24.684|I|145916041|lpUCM [RemoteSails.cpp:SailWriteData:272] All data already trans size 16384
[m[0;32;32m1970-01-01 03:01:24.684|I|145916041|lpUCM [fds.cpp:FDS_OnLocalUpgProgress:246] total: 23, curr:23, percent:17, rop:96%
[m[0;32;32m1970-01-01 03:01:24.684|I|145916041|lpUCM [RemoteSails.cpp:SailWriteData:254] total data is 16384
[m[0;32;31m1970-01-01 03:01:24.684|E|145916041|lpUCM [IpccProtoMessage.cpp:SerializeParams:112] m_offset, 81920
[m[1;33m1970-01-01 03:01:24.684|W|145916041|lpUCM [RemoteSails.cpp:SendWithRetry:185] Successfully wrote 1052 bytes
[m[0;32;32m1970-01-01 03:01:24.785|I|145916041|lpUCM [RemoteSails.cpp:HandleResponse:149] HandleResponse started, buffer size: 1048
[m[0;32;32m1970-01-01 03:01:24.785|I|145916041|lpUCM [RemoteSails.cpp:HandleResponse:158] Successfully deserialized response, status: 0, result code: 0
[m[0;32;31m1970-01-01 03:01:24.785|E|145916041|lpUCM [IpccProtoMessage.cpp:SerializeParams:112] m_offset, 82944
[m[1;33m1970-01-01 03:01:24.785|W|145916041|lpUCM [RemoteSails.cpp:SendWithRetry:185] Successfully wrote 1052 bytes
[m[0;32;32m1970-01-01 03:01:24.887|I|145916041|lpUCM [RemoteSails.cpp:HandleResponse:149] HandleResponse started, buffer size: 1048
[m[0;32;32m1970-01-01 03:01:24.887|I|145916041|lpUCM [RemoteSails.cpp:HandleResponse:158] Successfully deserialized response, status: 0, result code: 0
[m[0;32;31m1970-01-01 03:01:24.887|E|145916041|lpUCM [IpccProtoMessage.cpp:SerializeParams:112] m_offset, 83968
[m[1;33m1970-01-01 03:01:24.887|W|145916041|lpUCM [RemoteSails.cpp:SendWithRetry:185] Successfully wrote 1052 bytes
[m[0;32;32m1970-01-01 03:01:24.989|I|145916041|lpUCM [RemoteSails.cpp:HandleResponse:149] HandleResponse started, buffer size: 1048
[m[0;32;32m1970-01-01 03:01:24.989|I|145916041|lpUCM [RemoteSails.cpp:HandleResponse:158] Successfully deserialized response, status: 0, result code: 0
[m[0;32;31m1970-01-01 03:01:24.989|E|145916041|lpUCM [IpccProtoMessage.cpp:SerializeParams:112] m_offset, 84992
[m[1;33m1970-01-01 03:01:24.989|W|145916041|lpUCM [RemoteSails.cpp:SendWithRetry:185] Successfully wrote 1052 bytes
[m[0;32;32m1970-01-01 03:01:25.90|I|145916041|lpUCM [RemoteSails.cpp:HandleResponse:149] HandleResponse started, buffer size: 1048
[m[0;32;32m1970-01-01 03:01:25.90|I|145916041|lpUCM [RemoteSails.cpp:HandleResponse:158] Successfully deserialized response, status: 0, result code: 0
[m[0;32;31m1970-01-01 03:01:25.90|E|145916041|lpUCM [IpccProtoMessage.cpp:SerializeParams:112] m_offset, 86016
[m[1;33m1970-01-01 03:01:25.90|W|145916041|lpUCM [RemoteSails.cpp:SendWithRetry:185] Successfully wrote 1052 bytes
[m[0;32;32m1970-01-01 03:01:25.192|I|145916041|lpUCM [RemoteSails.cpp:HandleResponse:149] HandleResponse started, buffer size: 1048
[m[0;32;32m1970-01-01 03:01:25.192|I|145916041|lpUCM [RemoteSails.cpp:HandleResponse:158] Successfully deserialized response, status: 0, result code: 0
[m[0;32;31m1970-01-01 03:01:25.192|E|145916041|lpUCM [IpccProtoMessage.cpp:SerializeParams:112] m_offset, 87040
[m[1;33m1970-01-01 03:01:25.192|W|145916041|lpUCM [RemoteSails.cpp:SendWithRetry:185] Successfully wrote 1052 bytes
[m[0;32;32m1970-01-01 03:01:25.293|I|145916041|lpUCM [RemoteSails.cpp:HandleResponse:149] HandleResponse started, buffer size: 1048
[m[0;32;32m1970-01-01 03:01:25.293|I|145916041|lpUCM [RemoteSails.cpp:HandleResponse:158] Successfully deserialized response, status: 0, result code: 0
[m[0;32;31m1970-01-01 03:01:25.293|E|145916041|lpUCM [IpccProtoMessage.cpp:SerializeParams:112] m_offset, 88064
[m[1;33m1970-01-01 03:01:25.293|W|145916041|lpUCM [RemoteSails.cpp:SendWithRetry:185] Successfully wrote 1052 bytes
[m[0;32;32m1970-01-01 03:01:25.395|I|145916041|lpUCM [RemoteSails.cpp:HandleResponse:149] HandleResponse started, buffer size: 1048
[m[0;32;32m1970-01-01 03:01:25.395|I|145916041|lpUCM [RemoteSails.cpp:HandleResponse:158] Successfully deserialized response, status: 0, result code: 0
[m[0;32;31m1970-01-01 03:01:25.395|E|145916041|lpUCM [IpccProtoMessage.cpp:SerializeParams:112] m_offset, 89088
[m[1;33m1970-01-01 03:01:25.395|W|145916041|lpUCM [RemoteSails.cpp:SendWithRetry:185] Successfully wrote 1052 bytes
[m[0;32;32m1970-01-01 03:01:25.496|I|145916041|lpUCM [RemoteSails.cpp:HandleResponse:149] HandleResponse started, buffer size: 1048
[m[0;32;32m1970-01-01 03:01:25.496|I|145916041|lpUCM [RemoteSails.cpp:HandleResponse:158] Successfully deserialized response, status: 0, result code: 0
[m[0;32;31m1970-01-01 03:01:25.496|E|145916041|lpUCM [IpccProtoMessage.cpp:SerializeParams:112] m_offset, 90112
[m[1;33m1970-01-01 03:01:25.496|W|145916041|lpUCM [RemoteSails.cpp:SendWithRetry:185] Successfully wrote 1052 bytes
[m[0;32;32m1970-01-01 03:01:25.598|I|145916041|lpUCM [RemoteSails.cpp:HandleResponse:149] HandleResponse started, buffer size: 1048
[m[0;32;32m1970-01-01 03:01:25.598|I|145916041|lpUCM [RemoteSails.cpp:HandleResponse:158] Successfully deserialized response, status: 0, result code: 0
[m[0;32;31m1970-01-01 03:01:25.598|E|145916041|lpUCM [IpccProtoMessage.cpp:SerializeParams:112] m_offset, 91136
[m[1;33m1970-01-01 03:01:25.598|W|145916041|lpUCM [RemoteSails.cpp:SendWithRetry:185] Successfully wrote 1052 bytes
[m[0;32;32m1970-01-01 03:01:25.699|I|145916041|lpUCM [RemoteSails.cpp:HandleResponse:149] HandleResponse started, buffer size: 1048
[m[0;32;32m1970-01-01 03:01:25.699|I|145916041|lpUCM [RemoteSails.cpp:HandleResponse:158] Successfully deserialized response, status: 0, result code: 0
[m[0;32;31m1970-01-01 03:01:25.699|E|145916041|lpUCM [IpccProtoMessage.cpp:SerializeParams:112] m_offset, 92160
[m[1;33m1970-01-01 03:01:25.699|W|145916041|lpUCM [RemoteSails.cpp:SendWithRetry:185] Successfully wrote 1052 bytes
[m[0;32;32m1970-01-01 03:01:25.800|I|145916041|lpUCM [RemoteSails.cpp:HandleResponse:149] HandleResponse started, buffer size: 1048
[m[0;32;32m1970-01-01 03:01:25.800|I|145916041|lpUCM [RemoteSails.cpp:HandleResponse:158] Successfully deserialized response, status: 0, result code: 0
[m[0;32;31m1970-01-01 03:01:25.800|E|145916041|lpUCM [IpccProtoMessage.cpp:SerializeParams:112] m_offset, 93184
[m[1;33m1970-01-01 03:01:25.800|W|145916041|lpUCM [RemoteSails.cpp:SendWithRetry:185] Successfully wrote 1052 bytes
[m[0;32;32m1970-01-01 03:01:25.901|I|145916041|lpUCM [RemoteSails.cpp:HandleResponse:149] HandleResponse started, buffer size: 1048
[m[0;32;32m1970-01-01 03:01:25.901|I|145916041|lpUCM [RemoteSails.cpp:HandleResponse:158] Successfully deserialized response, status: 0, result code: 0
[m[0;32;31m1970-01-01 03:01:25.901|E|145916041|lpUCM [IpccProtoMessage.cpp:SerializeParams:112] m_offset, 94208
[m[1;33m1970-01-01 03:01:25.901|W|145916041|lpUCM [RemoteSails.cpp:SendWithRetry:185] Successfully wrote 1052 bytes
[m[0;32;32m1970-01-01 03:01:26.3|I|145916041|lpUCM [RemoteSails.cpp:HandleResponse:149] HandleResponse started, buffer size: 1048
[m[0;32;32m1970-01-01 03:01:26.3|I|145916041|lpUCM [RemoteSails.cpp:HandleResponse:158] Successfully deserialized response, status: 0, result code: 0
[m[0;32;31m1970-01-01 03:01:26.3|E|145916041|lpUCM [IpccProtoMessage.cpp:SerializeParams:112] m_offset, 95232
[m[1;33m1970-01-01 03:01:26.3|W|145916041|lpUCM [RemoteSails.cpp:SendWithRetry:185] Successfully wrote 1052 bytes
[m[0;32;32m1970-01-01 03:01:26.104|I|145916041|lpUCM [RemoteSails.cpp:HandleResponse:149] HandleResponse started, buffer size: 1048
[m[0;32;32m1970-01-01 03:01:26.104|I|145916041|lpUCM [RemoteSails.cpp:HandleResponse:158] Successfully deserialized response, status: 0, result code: 0
[m[0;32;31m1970-01-01 03:01:26.104|E|145916041|lpUCM [IpccProtoMessage.cpp:SerializeParams:112] m_offset, 96256
[m[1;33m1970-01-01 03:01:26.104|W|145916041|lpUCM [RemoteSails.cpp:SendWithRetry:185] Successfully wrote 1052 bytes
[m[0;32;32m1970-01-01 03:01:26.206|I|145916041|lpUCM [RemoteSails.cpp:HandleResponse:149] HandleResponse started, buffer size: 1048
[m[0;32;32m1970-01-01 03:01:26.206|I|145916041|lpUCM [RemoteSails.cpp:HandleResponse:158] Successfully deserialized response, status: 0, result code: 0
[m[0;32;31m1970-01-01 03:01:26.206|E|145916041|lpUCM [IpccProtoMessage.cpp:SerializeParams:112] m_offset, 97280
[m[1;33m1970-01-01 03:01:26.206|W|145916041|lpUCM [RemoteSails.cpp:SendWithRetry:185] Successfully wrote 1052 bytes
[m[0;32;32m1970-01-01 03:01:26.307|I|145916041|lpUCM [RemoteSails.cpp:HandleResponse:149] HandleResponse started, buffer size: 1048
[m[0;32;32m1970-01-01 03:01:26.307|I|145916041|lpUCM [RemoteSails.cpp:HandleResponse:158] Successfully deserialized response, status: 0, result code: 0
[m[0;32;32m1970-01-01 03:01:26.307|I|145916041|lpUCM [RemoteSails.cpp:SailWriteData:272] All data already trans size 16384
[m[0;32;32m1970-01-01 03:01:26.307|I|145916041|lpUCM [fds.cpp:FDS_OnLocalUpgProgress:246] total: 23, curr:23, percent:18, rop:96%
[m[0;32;32m1970-01-01 03:01:26.307|I|145916041|lpUCM [RemoteSails.cpp:SailWriteData:254] total data is 16384
[m[0;32;31m1970-01-01 03:01:26.307|E|145916041|lpUCM [IpccProtoMessage.cpp:SerializeParams:112] m_offset, 98304
[m[1;33m1970-01-01 03:01:26.307|W|145916041|lpUCM [RemoteSails.cpp:SendWithRetry:185] Successfully wrote 1052 bytes
[m[0;32;32m1970-01-01 03:01:26.409|I|145916041|lpUCM [RemoteSails.cpp:HandleResponse:149] HandleResponse started, buffer size: 1048
[m[0;32;32m1970-01-01 03:01:26.409|I|145916041|lpUCM [RemoteSails.cpp:HandleResponse:158] Successfully deserialized response, status: 0, result code: 0
[m[0;32;31m1970-01-01 03:01:26.409|E|145916041|lpUCM [IpccProtoMessage.cpp:SerializeParams:112] m_offset, 99328
[m[1;33m1970-01-01 03:01:26.409|W|145916041|lpUCM [RemoteSails.cpp:SendWithRetry:185] Successfully wrote 1052 bytes
[m[0;32;32m1970-01-01 03:01:26.510|I|145916041|lpUCM [RemoteSails.cpp:HandleResponse:149] HandleResponse started, buffer size: 1048
[m[0;32;32m1970-01-01 03:01:26.510|I|145916041|lpUCM [RemoteSails.cpp:HandleResponse:158] Successfully deserialized response, status: 0, result code: 0
[m[0;32;31m1970-01-01 03:01:26.510|E|145916041|lpUCM [IpccProtoMessage.cpp:SerializeParams:112] m_offset, 100352
[m[1;33m1970-01-01 03:01:26.510|W|145916041|lpUCM [RemoteSails.cpp:SendWithRetry:185] Successfully wrote 1052 bytes
[m[0;32;32m1970-01-01 03:01:26.611|I|145916041|lpUCM [RemoteSails.cpp:HandleResponse:149] HandleResponse started, buffer size: 1048
[m[0;32;32m1970-01-01 03:01:26.611|I|145916041|lpUCM [RemoteSails.cpp:HandleResponse:158] Successfully deserialized response, status: 0, result code: 0
[m[0;32;31m1970-01-01 03:01:26.611|E|145916041|lpUCM [IpccProtoMessage.cpp:SerializeParams:112] m_offset, 101376
[m[1;33m1970-01-01 03:01:26.611|W|145916041|lpUCM [RemoteSails.cpp:SendWithRetry:185] Successfully wrote 1052 bytes
[m[0;32;32m1970-01-01 03:01:26.713|I|145916041|lpUCM [RemoteSails.cpp:HandleResponse:149] HandleResponse started, buffer size: 1048
[m[0;32;32m1970-01-01 03:01:26.713|I|145916041|lpUCM [RemoteSails.cpp:HandleResponse:158] Successfully deserialized response, status: 0, result code: 0
[m[0;32;31m1970-01-01 03:01:26.713|E|145916041|lpUCM [IpccProtoMessage.cpp:SerializeParams:112] m_offset, 102400
[m[1;33m1970-01-01 03:01:26.713|W|145916041|lpUCM [RemoteSails.cpp:SendWithRetry:185] Successfully wrote 1052 bytes
[m[0;32;32m1970-01-01 03:01:26.814|I|145916041|lpUCM [RemoteSails.cpp:HandleResponse:149] HandleResponse started, buffer size: 1048
[m[0;32;32m1970-01-01 03:01:26.814|I|145916041|lpUCM [RemoteSails.cpp:HandleResponse:158] Successfully deserialized response, status: 0, result code: 0
[m[0;32;31m1970-01-01 03:01:26.814|E|145916041|lpUCM [IpccProtoMessage.cpp:SerializeParams:112] m_offset, 103424
[m[1;33m1970-01-01 03:01:26.814|W|145916041|lpUCM [RemoteSails.cpp:SendWithRetry:185] Successfully wrote 1052 bytes
[m[0;32;32m1970-01-01 03:01:26.916|I|145916041|lpUCM [RemoteSails.cpp:HandleResponse:149] HandleResponse started, buffer size: 1048
[m[0;32;32m1970-01-01 03:01:26.916|I|145916041|lpUCM [RemoteSails.cpp:HandleResponse:158] Successfully deserialized response, status: 0, result code: 0
[m[0;32;31m1970-01-01 03:01:26.916|E|145916041|lpUCM [IpccProtoMessage.cpp:SerializeParams:112] m_offset, 104448
[m[1;33m1970-01-01 03:01:26.916|W|145916041|lpUCM [RemoteSails.cpp:SendWithRetry:185] Successfully wrote 1052 bytes
[m[0;32;32m1970-01-01 03:01:27.17|I|145916041|lpUCM [RemoteSails.cpp:HandleResponse:149] HandleResponse started, buffer size: 1048
[m[0;32;32m1970-01-01 03:01:27.17|I|145916041|lpUCM [RemoteSails.cpp:HandleResponse:158] Successfully deserialized response, status: 0, result code: 0
[m[0;32;31m1970-01-01 03:01:27.17|E|145916041|lpUCM [IpccProtoMessage.cpp:SerializeParams:112] m_offset, 105472
[m[1;33m1970-01-01 03:01:27.17|W|145916041|lpUCM [RemoteSails.cpp:SendWithRetry:185] Successfully wrote 1052 bytes
[m[0;32;32m1970-01-01 03:01:27.118|I|145916041|lpUCM [RemoteSails.cpp:HandleResponse:149] HandleResponse started, buffer size: 1048
[m[0;32;32m1970-01-01 03:01:27.118|I|145916041|lpUCM [RemoteSails.cpp:HandleResponse:158] Successfully deserialized response, status: 0, result code: 0
[m[0;32;31m1970-01-01 03:01:27.118|E|145916041|lpUCM [IpccProtoMessage.cpp:SerializeParams:112] m_offset, 106496
[m[1;33m1970-01-01 03:01:27.118|W|145916041|lpUCM [RemoteSails.cpp:SendWithRetry:185] Successfully wrote 1052 bytes
[m[0;32;32m1970-01-01 03:01:27.219|I|145916041|lpUCM [RemoteSails.cpp:HandleResponse:149] HandleResponse started, buffer size: 1048
[m[0;32;32m1970-01-01 03:01:27.219|I|145916041|lpUCM [RemoteSails.cpp:HandleResponse:158] Successfully deserialized response, status: 0, result code: 0
[m[0;32;31m1970-01-01 03:01:27.219|E|145916041|lpUCM [IpccProtoMessage.cpp:SerializeParams:112] m_offset, 107520
[m[1;33m1970-01-01 03:01:27.219|W|145916041|lpUCM [RemoteSails.cpp:SendWithRetry:185] Successfully wrote 1052 bytes
[m[0;32;32m1970-01-01 03:01:27.321|I|145916041|lpUCM [RemoteSails.cpp:HandleResponse:149] HandleResponse started, buffer size: 1048
[m[0;32;32m1970-01-01 03:01:27.321|I|145916041|lpUCM [RemoteSails.cpp:HandleResponse:158] Successfully deserialized response, status: 0, result code: 0
[m[0;32;31m1970-01-01 03:01:27.321|E|145916041|lpUCM [IpccProtoMessage.cpp:SerializeParams:112] m_offset, 108544
[m[1;33m1970-01-01 03:01:27.321|W|145916041|lpUCM [RemoteSails.cpp:SendWithRetry:185] Successfully wrote 1052 bytes
[m[0;32;32m1970-01-01 03:01:27.422|I|145916041|lpUCM [RemoteSails.cpp:HandleResponse:149] HandleResponse started, buffer size: 1048
[m[0;32;32m1970-01-01 03:01:27.422|I|145916041|lpUCM [RemoteSails.cpp:HandleResponse:158] Successfully deserialized response, status: 0, result code: 0
[m[0;32;31m1970-01-01 03:01:27.422|E|145916041|lpUCM [IpccProtoMessage.cpp:SerializeParams:112] m_offset, 109568
[m[1;33m1970-01-01 03:01:27.422|W|145916041|lpUCM [RemoteSails.cpp:SendWithRetry:185] Successfully wrote 1052 bytes
[m[0;32;32m1970-01-01 03:01:27.524|I|145916041|lpUCM [RemoteSails.cpp:HandleResponse:149] HandleResponse started, buffer size: 1048
[m[0;32;32m1970-01-01 03:01:27.524|I|145916041|lpUCM [RemoteSails.cpp:HandleResponse:158] Successfully deserialized response, status: 0, result code: 0
[m[0;32;31m1970-01-01 03:01:27.524|E|145916041|lpUCM [IpccProtoMessage.cpp:SerializeParams:112] m_offset, 110592
[m[1;33m1970-01-01 03:01:27.524|W|145916041|lpUCM [RemoteSails.cpp:SendWithRetry:185] Successfully wrote 1052 bytes
[m[0;32;32m1970-01-01 03:01:27.626|I|145916041|lpUCM [RemoteSails.cpp:HandleResponse:149] HandleResponse started, buffer size: 1048
[m[0;32;32m1970-01-01 03:01:27.626|I|145916041|lpUCM [RemoteSails.cpp:HandleResponse:158] Successfully deserialized response, status: 0, result code: 0
[m[0;32;31m1970-01-01 03:01:27.626|E|145916041|lpUCM [IpccProtoMessage.cpp:SerializeParams:112] m_offset, 111616
[m[1;33m1970-01-01 03:01:27.626|W|145916041|lpUCM [RemoteSails.cpp:SendWithRetry:185] Successfully wrote 1052 bytes
[m[0;32;32m1970-01-01 03:01:27.728|I|145916041|lpUCM [RemoteSails.cpp:HandleResponse:149] HandleResponse started, buffer size: 1048
[m[0;32;32m1970-01-01 03:01:27.728|I|145916041|lpUCM [RemoteSails.cpp:HandleResponse:158] Successfully deserialized response, status: 0, result code: 0
[m[0;32;31m1970-01-01 03:01:27.728|E|145916041|lpUCM [IpccProtoMessage.cpp:SerializeParams:112] m_offset, 112640
[m[1;33m1970-01-01 03:01:27.728|W|145916041|lpUCM [RemoteSails.cpp:SendWithRetry:185] Successfully wrote 1052 bytes
[m[0;32;32m1970-01-01 03:01:27.829|I|145916041|lpUCM [RemoteSails.cpp:HandleResponse:149] HandleResponse started, buffer size: 1048
[m[0;32;32m1970-01-01 03:01:27.829|I|145916041|lpUCM [RemoteSails.cpp:HandleResponse:158] Successfully deserialized response, status: 0, result code: 0
[m[0;32;31m1970-01-01 03:01:27.829|E|145916041|lpUCM [IpccProtoMessage.cpp:SerializeParams:112] m_offset, 113664
[m[1;33m1970-01-01 03:01:27.829|W|145916041|lpUCM [RemoteSails.cpp:SendWithRetry:185] Successfully wrote 1052 bytes
[m[0;32;32m1970-01-01 03:01:27.931|I|145916041|lpUCM [RemoteSails.cpp:HandleResponse:149] HandleResponse started, buffer size: 1048
[m[0;32;32m1970-01-01 03:01:27.931|I|145916041|lpUCM [RemoteSails.cpp:HandleResponse:158] Successfully deserialized response, status: 0, result code: 0
[m[0;32;32m1970-01-01 03:01:27.931|I|145916041|lpUCM [RemoteSails.cpp:SailWriteData:272] All data already trans size 16384
[m[0;32;32m1970-01-01 03:01:27.931|I|145916041|lpUCM [fds.cpp:FDS_OnLocalUpgProgress:246] total: 23, curr:23, percent:19, rop:96%
[m[0;32;32m1970-01-01 03:01:27.931|I|145916041|lpUCM [RemoteSails.cpp:SailWriteData:254] total data is 16384
[m[0;32;31m1970-01-01 03:01:27.931|E|145916041|lpUCM [IpccProtoMessage.cpp:SerializeParams:112] m_offset, 114688
[m[1;33m1970-01-01 03:01:27.931|W|145916041|lpUCM [RemoteSails.cpp:SendWithRetry:185] Successfully wrote 1052 bytes
[m[0;32;32m1970-01-01 03:01:28.33|I|145916041|lpUCM [RemoteSails.cpp:HandleResponse:149] HandleResponse started, buffer size: 1048
[m[0;32;32m1970-01-01 03:01:28.33|I|145916041|lpUCM [RemoteSails.cpp:HandleResponse:158] Successfully deserialized response, status: 0, result code: 0
[m[0;32;31m1970-01-01 03:01:28.33|E|145916041|lpUCM [IpccProtoMessage.cpp:SerializeParams:112] m_offset, 115712
[m[1;33m1970-01-01 03:01:28.33|W|145916041|lpUCM [RemoteSails.cpp:SendWithRetry:185] Successfully wrote 1052 bytes
[m[0;32;32m1970-01-01 03:01:28.135|I|145916041|lpUCM [RemoteSails.cpp:HandleResponse:149] HandleResponse started, buffer size: 1048
[m[0;32;32m1970-01-01 03:01:28.135|I|145916041|lpUCM [RemoteSails.cpp:HandleResponse:158] Successfully deserialized response, status: 0, result code: 0
[m[0;32;31m1970-01-01 03:01:28.135|E|145916041|lpUCM [IpccProtoMessage.cpp:SerializeParams:112] m_offset, 116736
[m[1;33m1970-01-01 03:01:28.135|W|145916041|lpUCM [RemoteSails.cpp:SendWithRetry:185] Successfully wrote 1052 bytes
[m[0;32;32m1970-01-01 03:01:28.237|I|145916041|lpUCM [RemoteSails.cpp:HandleResponse:149] HandleResponse started, buffer size: 1048
[m[0;32;32m1970-01-01 03:01:28.237|I|145916041|lpUCM [RemoteSails.cpp:HandleResponse:158] Successfully deserialized response, status: 0, result code: 0
[m[0;32;31m1970-01-01 03:01:28.237|E|145916041|lpUCM [IpccProtoMessage.cpp:SerializeParams:112] m_offset, 117760
[m[1;33m1970-01-01 03:01:28.237|W|145916041|lpUCM [RemoteSails.cpp:SendWithRetry:185] Successfully wrote 1052 bytes
[m[0;32;32m1970-01-01 03:01:28.338|I|145916041|lpUCM [RemoteSails.cpp:HandleResponse:149] HandleResponse started, buffer size: 1048
[m[0;32;32m1970-01-01 03:01:28.338|I|145916041|lpUCM [RemoteSails.cpp:HandleResponse:158] Successfully deserialized response, status: 0, result code: 0
[m[0;32;31m1970-01-01 03:01:28.338|E|145916041|lpUCM [IpccProtoMessage.cpp:SerializeParams:112] m_offset, 118784
[m[1;33m1970-01-01 03:01:28.338|W|145916041|lpUCM [RemoteSails.cpp:SendWithRetry:185] Successfully wrote 1052 bytes
[m[0;32;32m1970-01-01 03:01:28.439|I|145916041|lpUCM [RemoteSails.cpp:HandleResponse:149] HandleResponse started, buffer size: 1048
[m[0;32;32m1970-01-01 03:01:28.439|I|145916041|lpUCM [RemoteSails.cpp:HandleResponse:158] Successfully deserialized response, status: 0, result code: 0
[m[0;32;31m1970-01-01 03:01:28.439|E|145916041|lpUCM [IpccProtoMessage.cpp:SerializeParams:112] m_offset, 119808
[m[1;33m1970-01-01 03:01:28.439|W|145916041|lpUCM [RemoteSails.cpp:SendWithRetry:185] Successfully wrote 1052 bytes
[m[0;32;32m1970-01-01 03:01:28.540|I|145916041|lpUCM [RemoteSails.cpp:HandleResponse:149] HandleResponse started, buffer size: 1048
[m[0;32;32m1970-01-01 03:01:28.540|I|145916041|lpUCM [RemoteSails.cpp:HandleResponse:158] Successfully deserialized response, status: 0, result code: 0
[m[0;32;31m1970-01-01 03:01:28.540|E|145916041|lpUCM [IpccProtoMessage.cpp:SerializeParams:112] m_offset, 120832
[m[1;33m1970-01-01 03:01:28.540|W|145916041|lpUCM [RemoteSails.cpp:SendWithRetry:185] Successfully wrote 1052 bytes
[m[0;32;32m1970-01-01 03:01:28.642|I|145916041|lpUCM [RemoteSails.cpp:HandleResponse:149] HandleResponse started, buffer size: 1048
[m[0;32;32m1970-01-01 03:01:28.642|I|145916041|lpUCM [RemoteSails.cpp:HandleResponse:158] Successfully deserialized response, status: 0, result code: 0
[m[0;32;31m1970-01-01 03:01:28.642|E|145916041|lpUCM [IpccProtoMessage.cpp:SerializeParams:112] m_offset, 121856
[m[1;33m1970-01-01 03:01:28.642|W|145916041|lpUCM [RemoteSails.cpp:SendWithRetry:185] Successfully wrote 1052 bytes
[m[0;32;32m1970-01-01 03:01:28.743|I|145916041|lpUCM [RemoteSails.cpp:HandleResponse:149] HandleResponse started, buffer size: 1048
[m[0;32;32m1970-01-01 03:01:28.743|I|145916041|lpUCM [RemoteSails.cpp:HandleResponse:158] Successfully deserialized response, status: 0, result code: 0
[m[0;32;31m1970-01-01 03:01:28.743|E|145916041|lpUCM [IpccProtoMessage.cpp:SerializeParams:112] m_offset, 122880
[m[1;33m1970-01-01 03:01:28.743|W|145916041|lpUCM [RemoteSails.cpp:SendWithRetry:185] Successfully wrote 1052 bytes
[m[0;32;32m1970-01-01 03:01:28.844|I|145916041|lpUCM [RemoteSails.cpp:HandleResponse:149] HandleResponse started, buffer size: 1048
[m[0;32;32m1970-01-01 03:01:28.844|I|145916041|lpUCM [RemoteSails.cpp:HandleResponse:158] Successfully deserialized response, status: 0, result code: 0
[m[0;32;31m1970-01-01 03:01:28.844|E|145916041|lpUCM [IpccProtoMessage.cpp:SerializeParams:112] m_offset, 123904
[m[1;33m1970-01-01 03:01:28.844|W|145916041|lpUCM [RemoteSails.cpp:SendWithRetry:185] Successfully wrote 1052 bytes
[m[0;32;32m1970-01-01 03:01:28.946|I|145916041|lpUCM [RemoteSails.cpp:HandleResponse:149] HandleResponse started, buffer size: 1048
[m[0;32;32m1970-01-01 03:01:28.946|I|145916041|lpUCM [RemoteSails.cpp:HandleResponse:158] Successfully deserialized response, status: 0, result code: 0
[m[0;32;31m1970-01-01 03:01:28.946|E|145916041|lpUCM [IpccProtoMessage.cpp:SerializeParams:112] m_offset, 124928
[m[1;33m1970-01-01 03:01:28.946|W|145916041|lpUCM [RemoteSails.cpp:SendWithRetry:185] Successfully wrote 1052 bytes
[m[0;32;32m1970-01-01 03:01:29.47|I|145916041|lpUCM [RemoteSails.cpp:HandleResponse:149] HandleResponse started, buffer size: 1048
[m[0;32;32m1970-01-01 03:01:29.47|I|145916041|lpUCM [RemoteSails.cpp:HandleResponse:158] Successfully deserialized response, status: 0, result code: 0
[m[0;32;31m1970-01-01 03:01:29.47|E|145916041|lpUCM [IpccProtoMessage.cpp:SerializeParams:112] m_offset, 125952
[m[1;33m1970-01-01 03:01:29.47|W|145916041|lpUCM [RemoteSails.cpp:SendWithRetry:185] Successfully wrote 1052 bytes
[m[0;32;32m1970-01-01 03:01:29.149|I|145916041|lpUCM [RemoteSails.cpp:HandleResponse:149] HandleResponse started, buffer size: 1048
[m[0;32;32m1970-01-01 03:01:29.149|I|145916041|lpUCM [RemoteSails.cpp:HandleResponse:158] Successfully deserialized response, status: 0, result code: 0
[m[0;32;31m1970-01-01 03:01:29.149|E|145916041|lpUCM [IpccProtoMessage.cpp:SerializeParams:112] m_offset, 126976
[m[1;33m1970-01-01 03:01:29.149|W|145916041|lpUCM [RemoteSails.cpp:SendWithRetry:185] Successfully wrote 1052 bytes
[m[0;32;32m1970-01-01 03:01:29.250|I|145916041|lpUCM [RemoteSails.cpp:HandleResponse:149] HandleResponse started, buffer size: 1048
[m[0;32;32m1970-01-01 03:01:29.250|I|145916041|lpUCM [RemoteSails.cpp:HandleResponse:158] Successfully deserialized response, status: 0, result code: 0
[m[0;32;31m1970-01-01 03:01:29.250|E|145916041|lpUCM [IpccProtoMessage.cpp:SerializeParams:112] m_offset, 128000
[m[1;33m1970-01-01 03:01:29.250|W|145916041|lpUCM [RemoteSails.cpp:SendWithRetry:185] Successfully wrote 1052 bytes
[m[0;32;32m1970-01-01 03:01:29.352|I|145916041|lpUCM [RemoteSails.cpp:HandleResponse:149] HandleResponse started, buffer size: 1048
[m[0;32;32m1970-01-01 03:01:29.352|I|145916041|lpUCM [RemoteSails.cpp:HandleResponse:158] Successfully deserialized response, status: 0, result code: 0
[m[0;32;31m1970-01-01 03:01:29.352|E|145916041|lpUCM [IpccProtoMessage.cpp:SerializeParams:112] m_offset, 129024
[m[1;33m1970-01-01 03:01:29.352|W|145916041|lpUCM [RemoteSails.cpp:SendWithRetry:185] Successfully wrote 1052 bytes
[m[0;32;32m1970-01-01 03:01:29.453|I|145916041|lpUCM [RemoteSails.cpp:HandleResponse:149] HandleResponse started, buffer size: 1048
[m[0;32;32m1970-01-01 03:01:29.453|I|145916041|lpUCM [RemoteSails.cpp:HandleResponse:158] Successfully deserialized response, status: 0, result code: 0
[m[0;32;31m1970-01-01 03:01:29.453|E|145916041|lpUCM [IpccProtoMessage.cpp:SerializeParams:112] m_offset, 130048
[m[1;33m1970-01-01 03:01:29.453|W|145916041|lpUCM [RemoteSails.cpp:SendWithRetry:185] Successfully wrote 1052 bytes
[m[0;32;32m1970-01-01 03:01:29.554|I|145916041|lpUCM [RemoteSails.cpp:HandleResponse:149] HandleResponse started, buffer size: 1048
[m[0;32;32m1970-01-01 03:01:29.554|I|145916041|lpUCM [RemoteSails.cpp:HandleResponse:158] Successfully deserialized response, status: 0, result code: 0
[m[0;32;32m1970-01-01 03:01:29.554|I|145916041|lpUCM [RemoteSails.cpp:SailWriteData:272] All data already trans size 16384
[m[0;32;32m1970-01-01 03:01:29.554|I|145916041|lpUCM [fds.cpp:FDS_OnLocalUpgProgress:246] total: 23, curr:23, percent:20, rop:96%
[m[0;32;32m1970-01-01 03:01:29.554|I|145916041|lpUCM [RemoteSails.cpp:SailWriteData:254] total data is 16384
[m[0;32;31m1970-01-01 03:01:29.554|E|145916041|lpUCM [IpccProtoMessage.cpp:SerializeParams:112] m_offset, 131072
[m[1;33m1970-01-01 03:01:29.554|W|145916041|lpUCM [RemoteSails.cpp:SendWithRetry:185] Successfully wrote 1052 bytes
[m[0;32;32m1970-01-01 03:01:29.656|I|145916041|lpUCM [RemoteSails.cpp:HandleResponse:149] HandleResponse started, buffer size: 1048
[m[0;32;32m1970-01-01 03:01:29.656|I|145916041|lpUCM [RemoteSails.cpp:HandleResponse:158] Successfully deserialized response, status: 0, result code: 0
[m[0;32;31m1970-01-01 03:01:29.656|E|145916041|lpUCM [IpccProtoMessage.cpp:SerializeParams:112] m_offset, 132096
[m[1;33m1970-01-01 03:01:29.656|W|145916041|lpUCM [RemoteSails.cpp:SendWithRetry:185] Successfully wrote 1052 bytes
[m[0;32;32m1970-01-01 03:01:29.757|I|145916041|lpUCM [RemoteSails.cpp:HandleResponse:149] HandleResponse started, buffer size: 1048
[m[0;32;32m1970-01-01 03:01:29.757|I|145916041|lpUCM [RemoteSails.cpp:HandleResponse:158] Successfully deserialized response, status: 0, result code: 0
[m[0;32;31m1970-01-01 03:01:29.757|E|145916041|lpUCM [IpccProtoMessage.cpp:SerializeParams:112] m_offset, 133120
[m[1;33m1970-01-01 03:01:29.757|W|145916041|lpUCM [RemoteSails.cpp:SendWithRetry:185] Successfully wrote 1052 bytes
[m[0;32;32m1970-01-01 03:01:29.859|I|145916041|lpUCM [RemoteSails.cpp:HandleResponse:149] HandleResponse started, buffer size: 1048
[m[0;32;32m1970-01-01 03:01:29.859|I|145916041|lpUCM [RemoteSails.cpp:HandleResponse:158] Successfully deserialized response, status: 0, result code: 0
[m[0;32;31m1970-01-01 03:01:29.859|E|145916041|lpUCM [IpccProtoMessage.cpp:SerializeParams:112] m_offset, 134144
[m[1;33m1970-01-01 03:01:29.859|W|145916041|lpUCM [RemoteSails.cpp:SendWithRetry:185] Successfully wrote 1052 bytes
[m[0;32;32m1970-01-01 03:01:29.961|I|145916041|lpUCM [RemoteSails.cpp:HandleResponse:149] HandleResponse started, buffer size: 1048
[m[0;32;32m1970-01-01 03:01:29.961|I|145916041|lpUCM [RemoteSails.cpp:HandleResponse:158] Successfully deserialized response, status: 0, result code: 0
[m[0;32;31m1970-01-01 03:01:29.961|E|145916041|lpUCM [IpccProtoMessage.cpp:SerializeParams:112] m_offset, 135168
[m[1;33m1970-01-01 03:01:29.961|W|145916041|lpUCM [RemoteSails.cpp:SendWithRetry:185] Successfully wrote 1052 bytes
[m[0;32;32m1970-01-01 03:01:30.63|I|145916041|lpUCM [RemoteSails.cpp:HandleResponse:149] HandleResponse started, buffer size: 1048
[m[0;32;32m1970-01-01 03:01:30.63|I|145916041|lpUCM [RemoteSails.cpp:HandleResponse:158] Successfully deserialized response, status: 0, result code: 0
[m[0;32;31m1970-01-01 03:01:30.63|E|145916041|lpUCM [IpccProtoMessage.cpp:SerializeParams:112] m_offset, 136192
[m[1;33m1970-01-01 03:01:30.63|W|145916041|lpUCM [RemoteSails.cpp:SendWithRetry:185] Successfully wrote 1052 bytes
[m[0;32;32m1970-01-01 03:01:30.164|I|145916041|lpUCM [RemoteSails.cpp:HandleResponse:149] HandleResponse started, buffer size: 1048
[m[0;32;32m1970-01-01 03:01:30.164|I|145916041|lpUCM [RemoteSails.cpp:HandleResponse:158] Successfully deserialized response, status: 0, result code: 0
[m[0;32;31m1970-01-01 03:01:30.164|E|145916041|lpUCM [IpccProtoMessage.cpp:SerializeParams:112] m_offset, 137216
[m[1;33m1970-01-01 03:01:30.164|W|145916041|lpUCM [RemoteSails.cpp:SendWithRetry:185] Successfully wrote 1052 bytes
[m[0;32;32m1970-01-01 03:01:30.266|I|145916041|lpUCM [RemoteSails.cpp:HandleResponse:149] HandleResponse started, buffer size: 1048
[m[0;32;32m1970-01-01 03:01:30.266|I|145916041|lpUCM [RemoteSails.cpp:HandleResponse:158] Successfully deserialized response, status: 0, result code: 0
[m[0;32;31m1970-01-01 03:01:30.266|E|145916041|lpUCM [IpccProtoMessage.cpp:SerializeParams:112] m_offset, 138240
[m[1;33m1970-01-01 03:01:30.266|W|145916041|lpUCM [RemoteSails.cpp:SendWithRetry:185] Successfully wrote 1052 bytes
[m[0;32;32m1970-01-01 03:01:30.368|I|145916041|lpUCM [RemoteSails.cpp:HandleResponse:149] HandleResponse started, buffer size: 1048
[m[0;32;32m1970-01-01 03:01:30.368|I|145916041|lpUCM [RemoteSails.cpp:HandleResponse:158] Successfully deserialized response, status: 0, result code: 0
[m[0;32;31m1970-01-01 03:01:30.368|E|145916041|lpUCM [IpccProtoMessage.cpp:SerializeParams:112] m_offset, 139264
[m[1;33m1970-01-01 03:01:30.368|W|145916041|lpUCM [RemoteSails.cpp:SendWithRetry:185] Successfully wrote 1052 bytes
[m[0;32;32m1970-01-01 03:01:30.469|I|145916041|lpUCM [RemoteSails.cpp:HandleResponse:149] HandleResponse started, buffer size: 1048
[m[0;32;32m1970-01-01 03:01:30.469|I|145916041|lpUCM [RemoteSails.cpp:HandleResponse:158] Successfully deserialized response, status: 0, result code: 0
[m[0;32;31m1970-01-01 03:01:30.469|E|145916041|lpUCM [IpccProtoMessage.cpp:SerializeParams:112] m_offset, 140288
[m[1;33m1970-01-01 03:01:30.469|W|145916041|lpUCM [RemoteSails.cpp:SendWithRetry:185] Successfully wrote 1052 bytes
[m[0;32;32m1970-01-01 03:01:30.570|I|145916041|lpUCM [RemoteSails.cpp:HandleResponse:149] HandleResponse started, buffer size: 1048
[m[0;32;32m1970-01-01 03:01:30.570|I|145916041|lpUCM [RemoteSails.cpp:HandleResponse:158] Successfully deserialized response, status: 0, result code: 0
[m[0;32;31m1970-01-01 03:01:30.570|E|145916041|lpUCM [IpccProtoMessage.cpp:SerializeParams:112] m_offset, 141312
[m[1;33m1970-01-01 03:01:30.570|W|145916041|lpUCM [RemoteSails.cpp:SendWithRetry:185] Successfully wrote 1052 bytes
[m[0;32;32m1970-01-01 03:01:30.671|I|145916041|lpUCM [RemoteSails.cpp:HandleResponse:149] HandleResponse started, buffer size: 1048
[m[0;32;32m1970-01-01 03:01:30.671|I|145916041|lpUCM [RemoteSails.cpp:HandleResponse:158] Successfully deserialized response, status: 0, result code: 0
[m[0;32;31m1970-01-01 03:01:30.671|E|145916041|lpUCM [IpccProtoMessage.cpp:SerializeParams:112] m_offset, 142336
[m[1;33m1970-01-01 03:01:30.671|W|145916041|lpUCM [RemoteSails.cpp:SendWithRetry:185] Successfully wrote 1052 bytes
[m[0;32;32m1970-01-01 03:01:30.772|I|145916041|lpUCM [RemoteSails.cpp:HandleResponse:149] HandleResponse started, buffer size: 1048
[m[0;32;32m1970-01-01 03:01:30.772|I|145916041|lpUCM [RemoteSails.cpp:HandleResponse:158] Successfully deserialized response, status: 0, result code: 0
[m[0;32;31m1970-01-01 03:01:30.772|E|145916041|lpUCM [IpccProtoMessage.cpp:SerializeParams:112] m_offset, 143360
[m[1;33m1970-01-01 03:01:30.772|W|145916041|lpUCM [RemoteSails.cpp:SendWithRetry:185] Successfully wrote 1052 bytes
[m[0;32;32m1970-01-01 03:01:30.874|I|145916041|lpUCM [RemoteSails.cpp:HandleResponse:149] HandleResponse started, buffer size: 1048
[m[0;32;32m1970-01-01 03:01:30.874|I|145916041|lpUCM [RemoteSails.cpp:HandleResponse:158] Successfully deserialized response, status: 0, result code: 0
[m[0;32;31m1970-01-01 03:01:30.874|E|145916041|lpUCM [IpccProtoMessage.cpp:SerializeParams:112] m_offset, 144384
[m[1;33m1970-01-01 03:01:30.874|W|145916041|lpUCM [RemoteSails.cpp:SendWithRetry:185] Successfully wrote 1052 bytes
[m[0;32;32m1970-01-01 03:01:30.976|I|145916041|lpUCM [RemoteSails.cpp:HandleResponse:149] HandleResponse started, buffer size: 1048
[m[0;32;32m1970-01-01 03:01:30.976|I|145916041|lpUCM [RemoteSails.cpp:HandleResponse:158] Successfully deserialized response, status: 0, result code: 0
[m[0;32;31m1970-01-01 03:01:30.976|E|145916041|lpUCM [IpccProtoMessage.cpp:SerializeParams:112] m_offset, 145408
[m[1;33m1970-01-01 03:01:30.976|W|145916041|lpUCM [RemoteSails.cpp:SendWithRetry:185] Successfully wrote 1052 bytes
[m[0;32;32m1970-01-01 03:01:31.77|I|145916041|lpUCM [RemoteSails.cpp:HandleResponse:149] HandleResponse started, buffer size: 1048
[m[0;32;32m1970-01-01 03:01:31.77|I|145916041|lpUCM [RemoteSails.cpp:HandleResponse:158] Successfully deserialized response, status: 0, result code: 0
[m[0;32;31m1970-01-01 03:01:31.77|E|145916041|lpUCM [IpccProtoMessage.cpp:SerializeParams:112] m_offset, 146432
[m[1;33m1970-01-01 03:01:31.77|W|145916041|lpUCM [RemoteSails.cpp:SendWithRetry:185] Successfully wrote 1052 bytes
[m[0;32;32m1970-01-01 03:01:31.179|I|145916041|lpUCM [RemoteSails.cpp:HandleResponse:149] HandleResponse started, buffer size: 1048
[m[0;32;32m1970-01-01 03:01:31.179|I|145916041|lpUCM [RemoteSails.cpp:HandleResponse:158] Successfully deserialized response, status: 0, result code: 0
[m[0;32;32m1970-01-01 03:01:31.179|I|145916041|lpUCM [RemoteSails.cpp:SailWriteData:272] All data already trans size 16384
[m[0;32;32m1970-01-01 03:01:31.179|I|145916041|lpUCM [fds.cpp:FDS_OnLocalUpgProgress:246] total: 23, curr:23, percent:21, rop:96%
[m[0;32;32m1970-01-01 03:01:31.179|I|145916041|lpUCM [RemoteSails.cpp:SailWriteData:254] total data is 16384
[m[0;32;31m1970-01-01 03:01:31.179|E|145916041|lpUCM [IpccProtoMessage.cpp:SerializeParams:112] m_offset, 147456
[m[1;33m1970-01-01 03:01:31.179|W|145916041|lpUCM [RemoteSails.cpp:SendWithRetry:185] Successfully wrote 1052 bytes
[m[0;32;32m1970-01-01 03:01:31.280|I|145916041|lpUCM [RemoteSails.cpp:HandleResponse:149] HandleResponse started, buffer size: 1048
[m[0;32;32m1970-01-01 03:01:31.280|I|145916041|lpUCM [RemoteSails.cpp:HandleResponse:158] Successfully deserialized response, status: 0, result code: 0
[m[0;32;31m1970-01-01 03:01:31.280|E|145916041|lpUCM [IpccProtoMessage.cpp:SerializeParams:112] m_offset, 148480
[m[1;33m1970-01-01 03:01:31.280|W|145916041|lpUCM [RemoteSails.cpp:SendWithRetry:185] Successfully wrote 1052 bytes
[m[0;32;32m1970-01-01 03:01:31.382|I|145916041|lpUCM [RemoteSails.cpp:HandleResponse:149] HandleResponse started, buffer size: 1048
[m[0;32;32m1970-01-01 03:01:31.382|I|145916041|lpUCM [RemoteSails.cpp:HandleResponse:158] Successfully deserialized response, status: 0, result code: 0
[m[0;32;31m1970-01-01 03:01:31.382|E|145916041|lpUCM [IpccProtoMessage.cpp:SerializeParams:112] m_offset, 149504
[m[1;33m1970-01-01 03:01:31.382|W|145916041|lpUCM [RemoteSails.cpp:SendWithRetry:185] Successfully wrote 1052 bytes
[m[0;32;32m1970-01-01 03:01:31.483|I|145916041|lpUCM [RemoteSails.cpp:HandleResponse:149] HandleResponse started, buffer size: 1048
[m[0;32;32m1970-01-01 03:01:31.483|I|145916041|lpUCM [RemoteSails.cpp:HandleResponse:158] Successfully deserialized response, status: 0, result code: 0
[m[0;32;31m1970-01-01 03:01:31.483|E|145916041|lpUCM [IpccProtoMessage.cpp:SerializeParams:112] m_offset, 150528
[m[1;33m1970-01-01 03:01:31.483|W|145916041|lpUCM [RemoteSails.cpp:SendWithRetry:185] Successfully wrote 1052 bytes
[m[0;32;32m1970-01-01 03:01:31.585|I|145916041|lpUCM [RemoteSails.cpp:HandleResponse:149] HandleResponse started, buffer size: 1048
[m[0;32;32m1970-01-01 03:01:31.585|I|145916041|lpUCM [RemoteSails.cpp:HandleResponse:158] Successfully deserialized response, status: 0, result code: 0
[m[0;32;31m1970-01-01 03:01:31.585|E|145916041|lpUCM [IpccProtoMessage.cpp:SerializeParams:112] m_offset, 151552
[m[1;33m1970-01-01 03:01:31.585|W|145916041|lpUCM [RemoteSails.cpp:SendWithRetry:185] Successfully wrote 1052 bytes
[m[0;32;32m1970-01-01 03:01:31.686|I|145916041|lpUCM [RemoteSails.cpp:HandleResponse:149] HandleResponse started, buffer size: 1048
[m[0;32;32m1970-01-01 03:01:31.686|I|145916041|lpUCM [RemoteSails.cpp:HandleResponse:158] Successfully deserialized response, status: 0, result code: 0
[m[0;32;31m1970-01-01 03:01:31.686|E|145916041|lpUCM [IpccProtoMessage.cpp:SerializeParams:112] m_offset, 152576
[m[1;33m1970-01-01 03:01:31.686|W|145916041|lpUCM [RemoteSails.cpp:SendWithRetry:185] Successfully wrote 1052 bytes
[m[0;32;32m1970-01-01 03:01:31.787|I|145916041|lpUCM [RemoteSails.cpp:HandleResponse:149] HandleResponse started, buffer size: 1048
[m[0;32;32m1970-01-01 03:01:31.787|I|145916041|lpUCM [RemoteSails.cpp:HandleResponse:158] Successfully deserialized response, status: 0, result code: 0
[m[0;32;31m1970-01-01 03:01:31.787|E|145916041|lpUCM [IpccProtoMessage.cpp:SerializeParams:112] m_offset, 153600
[m[1;33m1970-01-01 03:01:31.787|W|145916041|lpUCM [RemoteSails.cpp:SendWithRetry:185] Successfully wrote 1052 bytes
[m[0;32;32m1970-01-01 03:01:31.888|I|145916041|lpUCM [RemoteSails.cpp:HandleResponse:149] HandleResponse started, buffer size: 1048
[m[0;32;32m1970-01-01 03:01:31.888|I|145916041|lpUCM [RemoteSails.cpp:HandleResponse:158] Successfully deserialized response, status: 0, result code: 0
[m[0;32;31m1970-01-01 03:01:31.888|E|145916041|lpUCM [IpccProtoMessage.cpp:SerializeParams:112] m_offset, 154624
[m[1;33m1970-01-01 03:01:31.888|W|145916041|lpUCM [RemoteSails.cpp:SendWithRetry:185] Successfully wrote 1052 bytes
[m[0;32;32m1970-01-01 03:01:31.990|I|145916041|lpUCM [RemoteSails.cpp:HandleResponse:149] HandleResponse started, buffer size: 1048
[m[0;32;32m1970-01-01 03:01:31.990|I|145916041|lpUCM [RemoteSails.cpp:HandleResponse:158] Successfully deserialized response, status: 0, result code: 0
[m[0;32;31m1970-01-01 03:01:31.990|E|145916041|lpUCM [IpccProtoMessage.cpp:SerializeParams:112] m_offset, 155648
[m[1;33m1970-01-01 03:01:31.990|W|145916041|lpUCM [RemoteSails.cpp:SendWithRetry:185] Successfully wrote 1052 bytes
[m[0;32;32m1970-01-01 03:01:32.91|I|145916041|lpUCM [RemoteSails.cpp:HandleResponse:149] HandleResponse started, buffer size: 1048
[m[0;32;32m1970-01-01 03:01:32.91|I|145916041|lpUCM [RemoteSails.cpp:HandleResponse:158] Successfully deserialized response, status: 0, result code: 0
[m[0;32;31m1970-01-01 03:01:32.91|E|145916041|lpUCM [IpccProtoMessage.cpp:SerializeParams:112] m_offset, 156672
[m[1;33m1970-01-01 03:01:32.91|W|145916041|lpUCM [RemoteSails.cpp:SendWithRetry:185] Successfully wrote 1052 bytes
[m[0;32;32m1970-01-01 03:01:32.193|I|145916041|lpUCM [RemoteSails.cpp:HandleResponse:149] HandleResponse started, buffer size: 1048
[m[0;32;32m1970-01-01 03:01:32.193|I|145916041|lpUCM [RemoteSails.cpp:HandleResponse:158] Successfully deserialized response, status: 0, result code: 0
[m[0;32;31m1970-01-01 03:01:32.193|E|145916041|lpUCM [IpccProtoMessage.cpp:SerializeParams:112] m_offset, 157696
[m[1;33m1970-01-01 03:01:32.193|W|145916041|lpUCM [RemoteSails.cpp:SendWithRetry:185] Successfully wrote 1052 bytes
[m[0;32;32m1970-01-01 03:01:32.294|I|145916041|lpUCM [RemoteSails.cpp:HandleResponse:149] HandleResponse started, buffer size: 1048
[m[0;32;32m1970-01-01 03:01:32.294|I|145916041|lpUCM [RemoteSails.cpp:HandleResponse:158] Successfully deserialized response, status: 0, result code: 0
[m[0;32;31m1970-01-01 03:01:32.294|E|145916041|lpUCM [IpccProtoMessage.cpp:SerializeParams:112] m_offset, 158720
[m[1;33m1970-01-01 03:01:32.294|W|145916041|lpUCM [RemoteSails.cpp:SendWithRetry:185] Successfully wrote 1052 bytes
[m[0;32;32m1970-01-01 03:01:32.396|I|145916041|lpUCM [RemoteSails.cpp:HandleResponse:149] HandleResponse started, buffer size: 1048
[m[0;32;32m1970-01-01 03:01:32.396|I|145916041|lpUCM [RemoteSails.cpp:HandleResponse:158] Successfully deserialized response, status: 0, result code: 0
[m[0;32;31m1970-01-01 03:01:32.396|E|145916041|lpUCM [IpccProtoMessage.cpp:SerializeParams:112] m_offset, 159744
[m[1;33m1970-01-01 03:01:32.396|W|145916041|lpUCM [RemoteSails.cpp:SendWithRetry:185] Successfully wrote 1052 bytes
[m[0;32;32m1970-01-01 03:01:32.497|I|145916041|lpUCM [RemoteSails.cpp:HandleResponse:149] HandleResponse started, buffer size: 1048
[m[0;32;32m1970-01-01 03:01:32.497|I|145916041|lpUCM [RemoteSails.cpp:HandleResponse:158] Successfully deserialized response, status: 0, result code: 0
[m[0;32;31m1970-01-01 03:01:32.497|E|145916041|lpUCM [IpccProtoMessage.cpp:SerializeParams:112] m_offset, 160768
[m[1;33m1970-01-01 03:01:32.497|W|145916041|lpUCM [RemoteSails.cpp:SendWithRetry:185] Successfully wrote 1052 bytes
[m[0;32;32m1970-01-01 03:01:32.599|I|145916041|lpUCM [RemoteSails.cpp:HandleResponse:149] HandleResponse started, buffer size: 1048
[m[0;32;32m1970-01-01 03:01:32.599|I|145916041|lpUCM [RemoteSails.cpp:HandleResponse:158] Successfully deserialized response, status: 0, result code: 0
[m[0;32;31m1970-01-01 03:01:32.599|E|145916041|lpUCM [IpccProtoMessage.cpp:SerializeParams:112] m_offset, 161792
[m[1;33m1970-01-01 03:01:32.599|W|145916041|lpUCM [RemoteSails.cpp:SendWithRetry:185] Successfully wrote 1052 bytes
[m[0;32;32m1970-01-01 03:01:32.700|I|145916041|lpUCM [RemoteSails.cpp:HandleResponse:149] HandleResponse started, buffer size: 1048
[m[0;32;32m1970-01-01 03:01:32.700|I|145916041|lpUCM [RemoteSails.cpp:HandleResponse:158] Successfully deserialized response, status: 0, result code: 0
[m[0;32;31m1970-01-01 03:01:32.700|E|145916041|lpUCM [IpccProtoMessage.cpp:SerializeParams:112] m_offset, 162816
[m[1;33m1970-01-01 03:01:32.700|W|145916041|lpUCM [RemoteSails.cpp:SendWithRetry:185] Successfully wrote 1052 bytes
[m[0;32;32m1970-01-01 03:01:32.801|I|145916041|lpUCM [RemoteSails.cpp:HandleResponse:149] HandleResponse started, buffer size: 1048
[m[0;32;32m1970-01-01 03:01:32.801|I|145916041|lpUCM [RemoteSails.cpp:HandleResponse:158] Successfully deserialized response, status: 0, result code: 0
[m[0;32;32m1970-01-01 03:01:32.801|I|145916041|lpUCM [RemoteSails.cpp:SailWriteData:272] All data already trans size 16384
[m[0;32;32m1970-01-01 03:01:32.801|I|145916041|lpUCM [fds.cpp:FDS_OnLocalUpgProgress:246] total: 23, curr:23, percent:22, rop:96%
[m[0;32;32m1970-01-01 03:01:32.801|I|145916041|lpUCM [RemoteSails.cpp:SailWriteData:254] total data is 16384
[m[0;32;31m1970-01-01 03:01:32.801|E|145916041|lpUCM [IpccProtoMessage.cpp:SerializeParams:112] m_offset, 163840
[m[1;33m1970-01-01 03:01:32.801|W|145916041|lpUCM [RemoteSails.cpp:SendWithRetry:185] Successfully wrote 1052 bytes
[m[0;32;32m1970-01-01 03:01:32.903|I|145916041|lpUCM [RemoteSails.cpp:HandleResponse:149] HandleResponse started, buffer size: 1048
[m[0;32;32m1970-01-01 03:01:32.903|I|145916041|lpUCM [RemoteSails.cpp:HandleResponse:158] Successfully deserialized response, status: 0, result code: 0
[m[0;32;31m1970-01-01 03:01:32.903|E|145916041|lpUCM [IpccProtoMessage.cpp:SerializeParams:112] m_offset, 164864
[m[1;33m1970-01-01 03:01:32.903|W|145916041|lpUCM [RemoteSails.cpp:SendWithRetry:185] Successfully wrote 1052 bytes
[m[0;32;32m1970-01-01 03:01:33.5|I|145916041|lpUCM [RemoteSails.cpp:HandleResponse:149] HandleResponse started, buffer size: 1048
[m[0;32;32m1970-01-01 03:01:33.5|I|145916041|lpUCM [RemoteSails.cpp:HandleResponse:158] Successfully deserialized response, status: 0, result code: 0
[m[0;32;31m1970-01-01 03:01:33.5|E|145916041|lpUCM [IpccProtoMessage.cpp:SerializeParams:112] m_offset, 165888
[m[1;33m1970-01-01 03:01:33.5|W|145916041|lpUCM [RemoteSails.cpp:SendWithRetry:185] Successfully wrote 1052 bytes
[m[0;32;32m1970-01-01 03:01:33.106|I|145916041|lpUCM [RemoteSails.cpp:HandleResponse:149] HandleResponse started, buffer size: 1048
[m[0;32;32m1970-01-01 03:01:33.106|I|145916041|lpUCM [RemoteSails.cpp:HandleResponse:158] Successfully deserialized response, status: 0, result code: 0
[m[0;32;31m1970-01-01 03:01:33.106|E|145916041|lpUCM [IpccProtoMessage.cpp:SerializeParams:112] m_offset, 166912
[m[1;33m1970-01-01 03:01:33.106|W|145916041|lpUCM [RemoteSails.cpp:SendWithRetry:185] Successfully wrote 1052 bytes
[m[0;32;32m1970-01-01 03:01:33.207|I|145916041|lpUCM [RemoteSails.cpp:HandleResponse:149] HandleResponse started, buffer size: 1048
[m[0;32;32m1970-01-01 03:01:33.207|I|145916041|lpUCM [RemoteSails.cpp:HandleResponse:158] Successfully deserialized response, status: 0, result code: 0
[m[0;32;31m1970-01-01 03:01:33.207|E|145916041|lpUCM [IpccProtoMessage.cpp:SerializeParams:112] m_offset, 167936
[m[1;33m1970-01-01 03:01:33.207|W|145916041|lpUCM [RemoteSails.cpp:SendWithRetry:185] Successfully wrote 1052 bytes
[m[0;32;32m1970-01-01 03:01:33.309|I|145916041|lpUCM [RemoteSails.cpp:HandleResponse:149] HandleResponse started, buffer size: 1048
[m[0;32;32m1970-01-01 03:01:33.309|I|145916041|lpUCM [RemoteSails.cpp:HandleResponse:158] Successfully deserialized response, status: 0, result code: 0
[m[0;32;31m1970-01-01 03:01:33.309|E|145916041|lpUCM [IpccProtoMessage.cpp:SerializeParams:112] m_offset, 168960
[m[1;33m1970-01-01 03:01:33.309|W|145916041|lpUCM [RemoteSails.cpp:SendWithRetry:185] Successfully wrote 1052 bytes
[m[0;32;32m1970-01-01 03:01:33.410|I|145916041|lpUCM [RemoteSails.cpp:HandleResponse:149] HandleResponse started, buffer size: 1048
[m[0;32;32m1970-01-01 03:01:33.410|I|145916041|lpUCM [RemoteSails.cpp:HandleResponse:158] Successfully deserialized response, status: 0, result code: 0
[m[0;32;31m1970-01-01 03:01:33.410|E|145916041|lpUCM [IpccProtoMessage.cpp:SerializeParams:112] m_offset, 169984
[m[1;33m1970-01-01 03:01:33.410|W|145916041|lpUCM [RemoteSails.cpp:SendWithRetry:185] Successfully wrote 1052 bytes
[m[0;32;32m1970-01-01 03:01:33.512|I|145916041|lpUCM [RemoteSails.cpp:HandleResponse:149] HandleResponse started, buffer size: 1048
[m[0;32;32m1970-01-01 03:01:33.512|I|145916041|lpUCM [RemoteSails.cpp:HandleResponse:158] Successfully deserialized response, status: 0, result code: 0
[m[0;32;31m1970-01-01 03:01:33.512|E|145916041|lpUCM [IpccProtoMessage.cpp:SerializeParams:112] m_offset, 171008
[m[1;33m1970-01-01 03:01:33.512|W|145916041|lpUCM [RemoteSails.cpp:SendWithRetry:185] Successfully wrote 1052 bytes
[m[0;32;32m1970-01-01 03:01:33.613|I|145916041|lpUCM [RemoteSails.cpp:HandleResponse:149] HandleResponse started, buffer size: 1048
[m[0;32;32m1970-01-01 03:01:33.613|I|145916041|lpUCM [RemoteSails.cpp:HandleResponse:158] Successfully deserialized response, status: 0, result code: 0
[m[0;32;31m1970-01-01 03:01:33.613|E|145916041|lpUCM [IpccProtoMessage.cpp:SerializeParams:112] m_offset, 172032
[m[1;33m1970-01-01 03:01:33.613|W|145916041|lpUCM [RemoteSails.cpp:SendWithRetry:185] Successfully wrote 1052 bytes
[m[0;32;32m1970-01-01 03:01:33.715|I|145916041|lpUCM [RemoteSails.cpp:HandleResponse:149] HandleResponse started, buffer size: 1048
[m[0;32;32m1970-01-01 03:01:33.715|I|145916041|lpUCM [RemoteSails.cpp:HandleResponse:158] Successfully deserialized response, status: 0, result code: 0
[m[0;32;31m1970-01-01 03:01:33.715|E|145916041|lpUCM [IpccProtoMessage.cpp:SerializeParams:112] m_offset, 173056
[m[1;33m1970-01-01 03:01:33.715|W|145916041|lpUCM [RemoteSails.cpp:SendWithRetry:185] Successfully wrote 1052 bytes
[m[0;32;32m1970-01-01 03:01:33.816|I|145916041|lpUCM [RemoteSails.cpp:HandleResponse:149] HandleResponse started, buffer size: 1048
[m[0;32;32m1970-01-01 03:01:33.816|I|145916041|lpUCM [RemoteSails.cpp:HandleResponse:158] Successfully deserialized response, status: 0, result code: 0
[m[0;32;31m1970-01-01 03:01:33.816|E|145916041|lpUCM [IpccProtoMessage.cpp:SerializeParams:112] m_offset, 174080
[m[1;33m1970-01-01 03:01:33.816|W|145916041|lpUCM [RemoteSails.cpp:SendWithRetry:185] Successfully wrote 1052 bytes
[m[0;32;32m1970-01-01 03:01:33.918|I|145916041|lpUCM [RemoteSails.cpp:HandleResponse:149] HandleResponse started, buffer size: 1048
[m[0;32;32m1970-01-01 03:01:33.918|I|145916041|lpUCM [RemoteSails.cpp:HandleResponse:158] Successfully deserialized response, status: 0, result code: 0
[m[0;32;31m1970-01-01 03:01:33.918|E|145916041|lpUCM [IpccProtoMessage.cpp:SerializeParams:112] m_offset, 175104
[m[1;33m1970-01-01 03:01:33.918|W|145916041|lpUCM [RemoteSails.cpp:SendWithRetry:185] Successfully wrote 1052 bytes
[m[0;32;32m1970-01-01 03:01:34.19|I|145916041|lpUCM [RemoteSails.cpp:HandleResponse:149] HandleResponse started, buffer size: 1048
[m[0;32;32m1970-01-01 03:01:34.19|I|145916041|lpUCM [RemoteSails.cpp:HandleResponse:158] Successfully deserialized response, status: 0, result code: 0
[m[0;32;31m1970-01-01 03:01:34.19|E|145916041|lpUCM [IpccProtoMessage.cpp:SerializeParams:112] m_offset, 176128
[m[1;33m1970-01-01 03:01:34.19|W|145916041|lpUCM [RemoteSails.cpp:SendWithRetry:185] Successfully wrote 1052 bytes
[m[0;32;32m1970-01-01 03:01:34.121|I|145916041|lpUCM [RemoteSails.cpp:HandleResponse:149] HandleResponse started, buffer size: 1048
[m[0;32;32m1970-01-01 03:01:34.121|I|145916041|lpUCM [RemoteSails.cpp:HandleResponse:158] Successfully deserialized response, status: 0, result code: 0
[m[0;32;31m1970-01-01 03:01:34.121|E|145916041|lpUCM [IpccProtoMessage.cpp:SerializeParams:112] m_offset, 177152
[m[1;33m1970-01-01 03:01:34.121|W|145916041|lpUCM [RemoteSails.cpp:SendWithRetry:185] Successfully wrote 1052 bytes
[m[0;32;32m1970-01-01 03:01:34.222|I|145916041|lpUCM [RemoteSails.cpp:HandleResponse:149] HandleResponse started, buffer size: 1048
[m[0;32;32m1970-01-01 03:01:34.222|I|145916041|lpUCM [RemoteSails.cpp:HandleResponse:158] Successfully deserialized response, status: 0, result code: 0
[m[0;32;31m1970-01-01 03:01:34.222|E|145916041|lpUCM [IpccProtoMessage.cpp:SerializeParams:112] m_offset, 178176
[m[1;33m1970-01-01 03:01:34.222|W|145916041|lpUCM [RemoteSails.cpp:SendWithRetry:185] Successfully wrote 1052 bytes
[m[0;32;32m1970-01-01 03:01:34.323|I|145916041|lpUCM [RemoteSails.cpp:HandleResponse:149] HandleResponse started, buffer size: 1048
[m[0;32;32m1970-01-01 03:01:34.323|I|145916041|lpUCM [RemoteSails.cpp:HandleResponse:158] Successfully deserialized response, status: 0, result code: 0
[m[0;32;31m1970-01-01 03:01:34.323|E|145916041|lpUCM [IpccProtoMessage.cpp:SerializeParams:112] m_offset, 179200
[m[1;33m1970-01-01 03:01:34.323|W|145916041|lpUCM [RemoteSails.cpp:SendWithRetry:185] Successfully wrote 1052 bytes
[m[0;32;32m1970-01-01 03:01:34.424|I|145916041|lpUCM [RemoteSails.cpp:HandleResponse:149] HandleResponse started, buffer size: 1048
[m[0;32;32m1970-01-01 03:01:34.424|I|145916041|lpUCM [RemoteSails.cpp:HandleResponse:158] Successfully deserialized response, status: 0, result code: 0
[m[0;32;32m1970-01-01 03:01:34.424|I|145916041|lpUCM [RemoteSails.cpp:SailWriteData:272] All data already trans size 16384
[m[0;32;32m1970-01-01 03:01:34.424|I|145916041|lpUCM [fds.cpp:FDS_OnLocalUpgProgress:246] total: 23, curr:23, percent:23, rop:96%
[m[0;32;32m1970-01-01 03:01:34.424|I|145916041|lpUCM [RemoteSails.cpp:SailWriteData:254] total data is 16384
[m[0;32;31m1970-01-01 03:01:34.424|E|145916041|lpUCM [IpccProtoMessage.cpp:SerializeParams:112] m_offset, 180224
[m[1;33m1970-01-01 03:01:34.424|W|145916041|lpUCM [RemoteSails.cpp:SendWithRetry:185] Successfully wrote 1052 bytes
[m[0;32;32m1970-01-01 03:01:34.526|I|145916041|lpUCM [RemoteSails.cpp:HandleResponse:149] HandleResponse started, buffer size: 1048
[m[0;32;32m1970-01-01 03:01:34.526|I|145916041|lpUCM [RemoteSails.cpp:HandleResponse:158] Successfully deserialized response, status: 0, result code: 0
[m[0;32;31m1970-01-01 03:01:34.526|E|145916041|lpUCM [IpccProtoMessage.cpp:SerializeParams:112] m_offset, 181248
[m[1;33m1970-01-01 03:01:34.526|W|145916041|lpUCM [RemoteSails.cpp:SendWithRetry:185] Successfully wrote 1052 bytes
[m[0;32;32m1970-01-01 03:01:34.628|I|145916041|lpUCM [RemoteSails.cpp:HandleResponse:149] HandleResponse started, buffer size: 1048
[m[0;32;32m1970-01-01 03:01:34.628|I|145916041|lpUCM [RemoteSails.cpp:HandleResponse:158] Successfully deserialized response, status: 0, result code: 0
[m[0;32;31m1970-01-01 03:01:34.628|E|145916041|lpUCM [IpccProtoMessage.cpp:SerializeParams:112] m_offset, 182272
[m[1;33m1970-01-01 03:01:34.628|W|145916041|lpUCM [RemoteSails.cpp:SendWithRetry:185] Successfully wrote 1052 bytes
[m[0;32;32m1970-01-01 03:01:34.729|I|145916041|lpUCM [RemoteSails.cpp:HandleResponse:149] HandleResponse started, buffer size: 1048
[m[0;32;32m1970-01-01 03:01:34.729|I|145916041|lpUCM [RemoteSails.cpp:HandleResponse:158] Successfully deserialized response, status: 0, result code: 0
[m[0;32;31m1970-01-01 03:01:34.729|E|145916041|lpUCM [IpccProtoMessage.cpp:SerializeParams:112] m_offset, 183296
[m[1;33m1970-01-01 03:01:34.729|W|145916041|lpUCM [RemoteSails.cpp:SendWithRetry:185] Successfully wrote 1052 bytes
[m[0;32;32m1970-01-01 03:01:34.830|I|145916041|lpUCM [RemoteSails.cpp:HandleResponse:149] HandleResponse started, buffer size: 1048
[m[0;32;32m1970-01-01 03:01:34.830|I|145916041|lpUCM [RemoteSails.cpp:HandleResponse:158] Successfully deserialized response, status: 0, result code: 0
[m[0;32;31m1970-01-01 03:01:34.830|E|145916041|lpUCM [IpccProtoMessage.cpp:SerializeParams:112] m_offset, 184320
[m[1;33m1970-01-01 03:01:34.830|W|145916041|lpUCM [RemoteSails.cpp:SendWithRetry:185] Successfully wrote 1052 bytes
[m[0;32;32m1970-01-01 03:01:34.932|I|145916041|lpUCM [RemoteSails.cpp:HandleResponse:149] HandleResponse started, buffer size: 1048
[m[0;32;32m1970-01-01 03:01:34.932|I|145916041|lpUCM [RemoteSails.cpp:HandleResponse:158] Successfully deserialized response, status: 0, result code: 0
[m[0;32;31m1970-01-01 03:01:34.932|E|145916041|lpUCM [IpccProtoMessage.cpp:SerializeParams:112] m_offset, 185344
[m[1;33m1970-01-01 03:01:34.932|W|145916041|lpUCM [RemoteSails.cpp:SendWithRetry:185] Successfully wrote 1052 bytes
[m[0;32;32m1970-01-01 03:01:35.33|I|145916041|lpUCM [RemoteSails.cpp:HandleResponse:149] HandleResponse started, buffer size: 1048
[m[0;32;32m1970-01-01 03:01:35.33|I|145916041|lpUCM [RemoteSails.cpp:HandleResponse:158] Successfully deserialized response, status: 0, result code: 0
[m[0;32;31m1970-01-01 03:01:35.33|E|145916041|lpUCM [IpccProtoMessage.cpp:SerializeParams:112] m_offset, 186368
[m[1;33m1970-01-01 03:01:35.33|W|145916041|lpUCM [RemoteSails.cpp:SendWithRetry:185] Successfully wrote 1052 bytes
[m[0;32;32m1970-01-01 03:01:35.135|I|145916041|lpUCM [RemoteSails.cpp:HandleResponse:149] HandleResponse started, buffer size: 1048
[m[0;32;32m1970-01-01 03:01:35.135|I|145916041|lpUCM [RemoteSails.cpp:HandleResponse:158] Successfully deserialized response, status: 0, result code: 0
[m[0;32;31m1970-01-01 03:01:35.135|E|145916041|lpUCM [IpccProtoMessage.cpp:SerializeParams:112] m_offset, 187392
[m[1;33m1970-01-01 03:01:35.135|W|145916041|lpUCM [RemoteSails.cpp:SendWithRetry:185] Successfully wrote 1052 bytes
[m[0;32;32m1970-01-01 03:01:35.236|I|145916041|lpUCM [RemoteSails.cpp:HandleResponse:149] HandleResponse started, buffer size: 1048
[m[0;32;32m1970-01-01 03:01:35.236|I|145916041|lpUCM [RemoteSails.cpp:HandleResponse:158] Successfully deserialized response, status: 0, result code: 0
[m[0;32;31m1970-01-01 03:01:35.236|E|145916041|lpUCM [IpccProtoMessage.cpp:SerializeParams:112] m_offset, 188416
[m[1;33m1970-01-01 03:01:35.236|W|145916041|lpUCM [RemoteSails.cpp:SendWithRetry:185] Successfully wrote 1052 bytes
[m[0;32;32m1970-01-01 03:01:35.337|I|145916041|lpUCM [RemoteSails.cpp:HandleResponse:149] HandleResponse started, buffer size: 1048
[m[0;32;32m1970-01-01 03:01:35.337|I|145916041|lpUCM [RemoteSails.cpp:HandleResponse:158] Successfully deserialized response, status: 0, result code: 0
[m[0;32;31m1970-01-01 03:01:35.337|E|145916041|lpUCM [IpccProtoMessage.cpp:SerializeParams:112] m_offset, 189440
[m[1;33m1970-01-01 03:01:35.337|W|145916041|lpUCM [RemoteSails.cpp:SendWithRetry:185] Successfully wrote 1052 bytes
[m[0;32;32m1970-01-01 03:01:35.438|I|145916041|lpUCM [RemoteSails.cpp:HandleResponse:149] HandleResponse started, buffer size: 1048
[m[0;32;32m1970-01-01 03:01:35.438|I|145916041|lpUCM [RemoteSails.cpp:HandleResponse:158] Successfully deserialized response, status: 0, result code: 0
[m[0;32;31m1970-01-01 03:01:35.438|E|145916041|lpUCM [IpccProtoMessage.cpp:SerializeParams:112] m_offset, 190464
[m[1;33m1970-01-01 03:01:35.438|W|145916041|lpUCM [RemoteSails.cpp:SendWithRetry:185] Successfully wrote 1052 bytes
[m[0;32;32m1970-01-01 03:01:35.540|I|145916041|lpUCM [RemoteSails.cpp:HandleResponse:149] HandleResponse started, buffer size: 1048
[m[0;32;32m1970-01-01 03:01:35.540|I|145916041|lpUCM [RemoteSails.cpp:HandleResponse:158] Successfully deserialized response, status: 0, result code: 0
[m[0;32;31m1970-01-01 03:01:35.540|E|145916041|lpUCM [IpccProtoMessage.cpp:SerializeParams:112] m_offset, 191488
[m[1;33m1970-01-01 03:01:35.540|W|145916041|lpUCM [RemoteSails.cpp:SendWithRetry:185] Successfully wrote 1052 bytes
[m[0;32;32m1970-01-01 03:01:35.641|I|145916041|lpUCM [RemoteSails.cpp:HandleResponse:149] HandleResponse started, buffer size: 1048
[m[0;32;32m1970-01-01 03:01:35.641|I|145916041|lpUCM [RemoteSails.cpp:HandleResponse:158] Successfully deserialized response, status: 0, result code: 0
[m[0;32;31m1970-01-01 03:01:35.641|E|145916041|lpUCM [IpccProtoMessage.cpp:SerializeParams:112] m_offset, 192512
[m[1;33m1970-01-01 03:01:35.641|W|145916041|lpUCM [RemoteSails.cpp:SendWithRetry:185] Successfully wrote 1052 bytes
[m[0;32;32m1970-01-01 03:01:35.743|I|145916041|lpUCM [RemoteSails.cpp:HandleResponse:149] HandleResponse started, buffer size: 1048
[m[0;32;32m1970-01-01 03:01:35.743|I|145916041|lpUCM [RemoteSails.cpp:HandleResponse:158] Successfully deserialized response, status: 0, result code: 0
[m[0;32;31m1970-01-01 03:01:35.743|E|145916041|lpUCM [IpccProtoMessage.cpp:SerializeParams:112] m_offset, 193536
[m[1;33m1970-01-01 03:01:35.743|W|145916041|lpUCM [RemoteSails.cpp:SendWithRetry:185] Successfully wrote 1052 bytes
[m[0;32;32m1970-01-01 03:01:35.844|I|145916041|lpUCM [RemoteSails.cpp:HandleResponse:149] HandleResponse started, buffer size: 1048
[m[0;32;32m1970-01-01 03:01:35.844|I|145916041|lpUCM [RemoteSails.cpp:HandleResponse:158] Successfully deserialized response, status: 0, result code: 0
[m[0;32;31m1970-01-01 03:01:35.844|E|145916041|lpUCM [IpccProtoMessage.cpp:SerializeParams:112] m_offset, 194560
[m[1;33m1970-01-01 03:01:35.844|W|145916041|lpUCM [RemoteSails.cpp:SendWithRetry:185] Successfully wrote 1052 bytes
[m[0;32;32m1970-01-01 03:01:35.946|I|145916041|lpUCM [RemoteSails.cpp:HandleResponse:149] HandleResponse started, buffer size: 1048
[m[0;32;32m1970-01-01 03:01:35.946|I|145916041|lpUCM [RemoteSails.cpp:HandleResponse:158] Successfully deserialized response, status: 0, result code: 0
[m[0;32;31m1970-01-01 03:01:35.946|E|145916041|lpUCM [IpccProtoMessage.cpp:SerializeParams:112] m_offset, 195584
[m[1;33m1970-01-01 03:01:35.946|W|145916041|lpUCM [RemoteSails.cpp:SendWithRetry:185] Successfully wrote 1052 bytes
[m[0;32;32m1970-01-01 03:01:36.47|I|145916041|lpUCM [RemoteSails.cpp:HandleResponse:149] HandleResponse started, buffer size: 1048
[m[0;32;32m1970-01-01 03:01:36.47|I|145916041|lpUCM [RemoteSails.cpp:HandleResponse:158] Successfully deserialized response, status: 0, result code: 0
[m[0;32;32m1970-01-01 03:01:36.47|I|145916041|lpUCM [RemoteSails.cpp:SailWriteData:272] All data already trans size 16384
[m[0;32;32m1970-01-01 03:01:36.47|I|145916041|lpUCM [fds.cpp:FDS_OnLocalUpgProgress:246] total: 23, curr:23, percent:25, rop:96%
[m[0;32;32m1970-01-01 03:01:36.47|I|145916041|lpUCM [RemoteSails.cpp:SailWriteData:254] total data is 16384
[m[0;32;31m1970-01-01 03:01:36.47|E|145916041|lpUCM [IpccProtoMessage.cpp:SerializeParams:112] m_offset, 196608
[m[1;33m1970-01-01 03:01:36.47|W|145916041|lpUCM [RemoteSails.cpp:SendWithRetry:185] Successfully wrote 1052 bytes
[m[0;32;32m1970-01-01 03:01:36.148|I|145916041|lpUCM [RemoteSails.cpp:HandleResponse:149] HandleResponse started, buffer size: 1048
[m[0;32;32m1970-01-01 03:01:36.148|I|145916041|lpUCM [RemoteSails.cpp:HandleResponse:158] Successfully deserialized response, status: 0, result code: 0
[m[0;32;31m1970-01-01 03:01:36.148|E|145916041|lpUCM [IpccProtoMessage.cpp:SerializeParams:112] m_offset, 197632
[m[1;33m1970-01-01 03:01:36.148|W|145916041|lpUCM [RemoteSails.cpp:SendWithRetry:185] Successfully wrote 1052 bytes
[m[0;32;32m1970-01-01 03:01:36.249|I|145916041|lpUCM [RemoteSails.cpp:HandleResponse:149] HandleResponse started, buffer size: 1048
[m[0;32;32m1970-01-01 03:01:36.249|I|145916041|lpUCM [RemoteSails.cpp:HandleResponse:158] Successfully deserialized response, status: 0, result code: 0
[m[0;32;31m1970-01-01 03:01:36.249|E|145916041|lpUCM [IpccProtoMessage.cpp:SerializeParams:112] m_offset, 198656
[m[1;33m1970-01-01 03:01:36.249|W|145916041|lpUCM [RemoteSails.cpp:SendWithRetry:185] Successfully wrote 1052 bytes
[m[0;32;32m1970-01-01 03:01:36.351|I|145916041|lpUCM [RemoteSails.cpp:HandleResponse:149] HandleResponse started, buffer size: 1048
[m[0;32;32m1970-01-01 03:01:36.351|I|145916041|lpUCM [RemoteSails.cpp:HandleResponse:158] Successfully deserialized response, status: 0, result code: 0
[m[0;32;31m1970-01-01 03:01:36.351|E|145916041|lpUCM [IpccProtoMessage.cpp:SerializeParams:112] m_offset, 199680
[m[1;33m1970-01-01 03:01:36.351|W|145916041|lpUCM [RemoteSails.cpp:SendWithRetry:185] Successfully wrote 1052 bytes
[m[0;32;32m1970-01-01 03:01:36.452|I|145916041|lpUCM [RemoteSails.cpp:HandleResponse:149] HandleResponse started, buffer size: 1048
[m[0;32;32m1970-01-01 03:01:36.452|I|145916041|lpUCM [RemoteSails.cpp:HandleResponse:158] Successfully deserialized response, status: 0, result code: 0
[m[0;32;31m1970-01-01 03:01:36.452|E|145916041|lpUCM [IpccProtoMessage.cpp:SerializeParams:112] m_offset, 200704
[m[1;33m1970-01-01 03:01:36.452|W|145916041|lpUCM [RemoteSails.cpp:SendWithRetry:185] Successfully wrote 1052 bytes
[m[0;32;32m1970-01-01 03:01:36.554|I|145916041|lpUCM [RemoteSails.cpp:HandleResponse:149] HandleResponse started, buffer size: 1048
[m[0;32;32m1970-01-01 03:01:36.554|I|145916041|lpUCM [RemoteSails.cpp:HandleResponse:158] Successfully deserialized response, status: 0, result code: 0
[m[0;32;31m1970-01-01 03:01:36.554|E|145916041|lpUCM [IpccProtoMessage.cpp:SerializeParams:112] m_offset, 201728
[m[1;33m1970-01-01 03:01:36.554|W|145916041|lpUCM [RemoteSails.cpp:SendWithRetry:185] Successfully wrote 1052 bytes
[m[0;32;32m1970-01-01 03:01:36.655|I|145916041|lpUCM [RemoteSails.cpp:HandleResponse:149] HandleResponse started, buffer size: 1048
[m[0;32;32m1970-01-01 03:01:36.655|I|145916041|lpUCM [RemoteSails.cpp:HandleResponse:158] Successfully deserialized response, status: 0, result code: 0
[m[0;32;31m1970-01-01 03:01:36.655|E|145916041|lpUCM [IpccProtoMessage.cpp:SerializeParams:112] m_offset, 202752
[m[1;33m1970-01-01 03:01:36.655|W|145916041|lpUCM [RemoteSails.cpp:SendWithRetry:185] Successfully wrote 1052 bytes
[m[0;32;32m1970-01-01 03:01:36.756|I|145916041|lpUCM [RemoteSails.cpp:HandleResponse:149] HandleResponse started, buffer size: 1048
[m[0;32;32m1970-01-01 03:01:36.756|I|145916041|lpUCM [RemoteSails.cpp:HandleResponse:158] Successfully deserialized response, status: 0, result code: 0
[m[0;32;31m1970-01-01 03:01:36.756|E|145916041|lpUCM [IpccProtoMessage.cpp:SerializeParams:112] m_offset, 203776
[m[1;33m1970-01-01 03:01:36.756|W|145916041|lpUCM [RemoteSails.cpp:SendWithRetry:185] Successfully wrote 1052 bytes
[m[0;32;32m1970-01-01 03:01:36.857|I|145916041|lpUCM [RemoteSails.cpp:HandleResponse:149] HandleResponse started, buffer size: 1048
[m[0;32;32m1970-01-01 03:01:36.857|I|145916041|lpUCM [RemoteSails.cpp:HandleResponse:158] Successfully deserialized response, status: 0, result code: 0
[m[0;32;31m1970-01-01 03:01:36.857|E|145916041|lpUCM [IpccProtoMessage.cpp:SerializeParams:112] m_offset, 204800
[m[1;33m1970-01-01 03:01:36.857|W|145916041|lpUCM [RemoteSails.cpp:SendWithRetry:185] Successfully wrote 1052 bytes
[m[0;32;32m1970-01-01 03:01:36.959|I|145916041|lpUCM [RemoteSails.cpp:HandleResponse:149] HandleResponse started, buffer size: 1048
[m[0;32;32m1970-01-01 03:01:36.959|I|145916041|lpUCM [RemoteSails.cpp:HandleResponse:158] Successfully deserialized response, status: 0, result code: 0
[m[0;32;31m1970-01-01 03:01:36.959|E|145916041|lpUCM [IpccProtoMessage.cpp:SerializeParams:112] m_offset, 205824
[m[1;33m1970-01-01 03:01:36.959|W|145916041|lpUCM [RemoteSails.cpp:SendWithRetry:185] Successfully wrote 1052 bytes
[m[0;32;32m1970-01-01 03:01:37.61|I|145916041|lpUCM [RemoteSails.cpp:HandleResponse:149] HandleResponse started, buffer size: 1048
[m[0;32;32m1970-01-01 03:01:37.61|I|145916041|lpUCM [RemoteSails.cpp:HandleResponse:158] Successfully deserialized response, status: 0, result code: 0
[m[0;32;31m1970-01-01 03:01:37.61|E|145916041|lpUCM [IpccProtoMessage.cpp:SerializeParams:112] m_offset, 206848
[m[1;33m1970-01-01 03:01:37.61|W|145916041|lpUCM [RemoteSails.cpp:SendWithRetry:185] Successfully wrote 1052 bytes
[m[0;32;32m1970-01-01 03:01:37.162|I|145916041|lpUCM [RemoteSails.cpp:HandleResponse:149] HandleResponse started, buffer size: 1048
[m[0;32;32m1970-01-01 03:01:37.162|I|145916041|lpUCM [RemoteSails.cpp:HandleResponse:158] Successfully deserialized response, status: 0, result code: 0
[m[0;32;31m1970-01-01 03:01:37.162|E|145916041|lpUCM [IpccProtoMessage.cpp:SerializeParams:112] m_offset, 207872
[m[1;33m1970-01-01 03:01:37.162|W|145916041|lpUCM [RemoteSails.cpp:SendWithRetry:185] Successfully wrote 1052 bytes
[m[0;32;32m1970-01-01 03:01:37.264|I|145916041|lpUCM [RemoteSails.cpp:HandleResponse:149] HandleResponse started, buffer size: 1048
[m[0;32;32m1970-01-01 03:01:37.264|I|145916041|lpUCM [RemoteSails.cpp:HandleResponse:158] Successfully deserialized response, status: 0, result code: 0
[m[0;32;31m1970-01-01 03:01:37.264|E|145916041|lpUCM [IpccProtoMessage.cpp:SerializeParams:112] m_offset, 208896
[m[1;33m1970-01-01 03:01:37.264|W|145916041|lpUCM [RemoteSails.cpp:SendWithRetry:185] Successfully wrote 1052 bytes
[m[0;32;32m1970-01-01 03:01:37.366|I|145916041|lpUCM [RemoteSails.cpp:HandleResponse:149] HandleResponse started, buffer size: 1048
[m[0;32;32m1970-01-01 03:01:37.366|I|145916041|lpUCM [RemoteSails.cpp:HandleResponse:158] Successfully deserialized response, status: 0, result code: 0
[m[0;32;31m1970-01-01 03:01:37.366|E|145916041|lpUCM [IpccProtoMessage.cpp:SerializeParams:112] m_offset, 209920
[m[1;33m1970-01-01 03:01:37.366|W|145916041|lpUCM [RemoteSails.cpp:SendWithRetry:185] Successfully wrote 1052 bytes
[m[0;32;32m1970-01-01 03:01:37.467|I|145916041|lpUCM [RemoteSails.cpp:HandleResponse:149] HandleResponse started, buffer size: 1048
[m[0;32;32m1970-01-01 03:01:37.467|I|145916041|lpUCM [RemoteSails.cpp:HandleResponse:158] Successfully deserialized response, status: 0, result code: 0
[m[0;32;31m1970-01-01 03:01:37.467|E|145916041|lpUCM [IpccProtoMessage.cpp:SerializeParams:112] m_offset, 210944
[m[1;33m1970-01-01 03:01:37.467|W|145916041|lpUCM [RemoteSails.cpp:SendWithRetry:185] Successfully wrote 1052 bytes
[m[0;32;32m1970-01-01 03:01:37.568|I|145916041|lpUCM [RemoteSails.cpp:HandleResponse:149] HandleResponse started, buffer size: 1048
[m[0;32;32m1970-01-01 03:01:37.568|I|145916041|lpUCM [RemoteSails.cpp:HandleResponse:158] Successfully deserialized response, status: 0, result code: 0
[m[0;32;31m1970-01-01 03:01:37.568|E|145916041|lpUCM [IpccProtoMessage.cpp:SerializeParams:112] m_offset, 211968
[m[1;33m1970-01-01 03:01:37.568|W|145916041|lpUCM [RemoteSails.cpp:SendWithRetry:185] Successfully wrote 1052 bytes
[m[0;32;32m1970-01-01 03:01:37.669|I|145916041|lpUCM [RemoteSails.cpp:HandleResponse:149] HandleResponse started, buffer size: 1048
[m[0;32;32m1970-01-01 03:01:37.669|I|145916041|lpUCM [RemoteSails.cpp:HandleResponse:158] Successfully deserialized response, status: 0, result code: 0
[m[0;32;32m1970-01-01 03:01:37.669|I|145916041|lpUCM [RemoteSails.cpp:SailWriteData:272] All data already trans size 16384
[m[0;32;32m1970-01-01 03:01:37.669|I|145916041|lpUCM [fds.cpp:FDS_OnLocalUpgProgress:246] total: 23, curr:23, percent:26, rop:96%
[m[0;32;32m1970-01-01 03:01:37.669|I|145916041|lpUCM [RemoteSails.cpp:SailWriteData:254] total data is 16384
[m[0;32;31m1970-01-01 03:01:37.669|E|145916041|lpUCM [IpccProtoMessage.cpp:SerializeParams:112] m_offset, 212992
[m[1;33m1970-01-01 03:01:37.669|W|145916041|lpUCM [RemoteSails.cpp:SendWithRetry:185] Successfully wrote 1052 bytes
[m[0;32;32m1970-01-01 03:01:37.770|I|145916041|lpUCM [RemoteSails.cpp:HandleResponse:149] HandleResponse started, buffer size: 1048
[m[0;32;32m1970-01-01 03:01:37.770|I|145916041|lpUCM [RemoteSails.cpp:HandleResponse:158] Successfully deserialized response, status: 0, result code: 0
[m[0;32;31m1970-01-01 03:01:37.770|E|145916041|lpUCM [IpccProtoMessage.cpp:SerializeParams:112] m_offset, 214016
[m[1;33m1970-01-01 03:01:37.770|W|145916041|lpUCM [RemoteSails.cpp:SendWithRetry:185] Successfully wrote 1052 bytes
[m[0;32;32m1970-01-01 03:01:37.872|I|145916041|lpUCM [RemoteSails.cpp:HandleResponse:149] HandleResponse started, buffer size: 1048
[m[0;32;32m1970-01-01 03:01:37.872|I|145916041|lpUCM [RemoteSails.cpp:HandleResponse:158] Successfully deserialized response, status: 0, result code: 0
[m[0;32;31m1970-01-01 03:01:37.872|E|145916041|lpUCM [IpccProtoMessage.cpp:SerializeParams:112] m_offset, 215040
[m[1;33m1970-01-01 03:01:37.872|W|145916041|lpUCM [RemoteSails.cpp:SendWithRetry:185] Successfully wrote 1052 bytes
[m[0;32;32m1970-01-01 03:01:37.974|I|145916041|lpUCM [RemoteSails.cpp:HandleResponse:149] HandleResponse started, buffer size: 1048
[m[0;32;32m1970-01-01 03:01:37.974|I|145916041|lpUCM [RemoteSails.cpp:HandleResponse:158] Successfully deserialized response, status: 0, result code: 0
[m[0;32;31m1970-01-01 03:01:37.974|E|145916041|lpUCM [IpccProtoMessage.cpp:SerializeParams:112] m_offset, 216064
[m[1;33m1970-01-01 03:01:37.974|W|145916041|lpUCM [RemoteSails.cpp:SendWithRetry:185] Successfully wrote 1052 bytes
[m[0;32;32m1970-01-01 03:01:38.75|I|145916041|lpUCM [RemoteSails.cpp:HandleResponse:149] HandleResponse started, buffer size: 1048
[m[0;32;32m1970-01-01 03:01:38.75|I|145916041|lpUCM [RemoteSails.cpp:HandleResponse:158] Successfully deserialized response, status: 0, result code: 0
[m[0;32;31m1970-01-01 03:01:38.75|E|145916041|lpUCM [IpccProtoMessage.cpp:SerializeParams:112] m_offset, 217088
[m[1;33m1970-01-01 03:01:38.75|W|145916041|lpUCM [RemoteSails.cpp:SendWithRetry:185] Successfully wrote 1052 bytes
[m[0;32;32m1970-01-01 03:01:38.177|I|145916041|lpUCM [RemoteSails.cpp:HandleResponse:149] HandleResponse started, buffer size: 1048
[m[0;32;32m1970-01-01 03:01:38.177|I|145916041|lpUCM [RemoteSails.cpp:HandleResponse:158] Successfully deserialized response, status: 0, result code: 0
[m[0;32;31m1970-01-01 03:01:38.177|E|145916041|lpUCM [IpccProtoMessage.cpp:SerializeParams:112] m_offset, 218112
[m[1;33m1970-01-01 03:01:38.177|W|145916041|lpUCM [RemoteSails.cpp:SendWithRetry:185] Successfully wrote 1052 bytes
[m[0;32;32m1970-01-01 03:01:38.278|I|145916041|lpUCM [RemoteSails.cpp:HandleResponse:149] HandleResponse started, buffer size: 1048
[m[0;32;32m1970-01-01 03:01:38.278|I|145916041|lpUCM [RemoteSails.cpp:HandleResponse:158] Successfully deserialized response, status: 0, result code: 0
[m[0;32;31m1970-01-01 03:01:38.278|E|145916041|lpUCM [IpccProtoMessage.cpp:SerializeParams:112] m_offset, 219136
[m[1;33m1970-01-01 03:01:38.278|W|145916041|lpUCM [RemoteSails.cpp:SendWithRetry:185] Successfully wrote 1052 bytes
[m[0;32;32m1970-01-01 03:01:38.380|I|145916041|lpUCM [RemoteSails.cpp:HandleResponse:149] HandleResponse started, buffer size: 1048
[m[0;32;32m1970-01-01 03:01:38.380|I|145916041|lpUCM [RemoteSails.cpp:HandleResponse:158] Successfully deserialized response, status: 0, result code: 0
[m[0;32;31m1970-01-01 03:01:38.380|E|145916041|lpUCM [IpccProtoMessage.cpp:SerializeParams:112] m_offset, 220160
[m[1;33m1970-01-01 03:01:38.380|W|145916041|lpUCM [RemoteSails.cpp:SendWithRetry:185] Successfully wrote 1052 bytes
[m[0;32;32m1970-01-01 03:01:38.481|I|145916041|lpUCM [RemoteSails.cpp:HandleResponse:149] HandleResponse started, buffer size: 1048
[m[0;32;32m1970-01-01 03:01:38.481|I|145916041|lpUCM [RemoteSails.cpp:HandleResponse:158] Successfully deserialized response, status: 0, result code: 0
[m[0;32;31m1970-01-01 03:01:38.481|E|145916041|lpUCM [IpccProtoMessage.cpp:SerializeParams:112] m_offset, 221184
[m[1;33m1970-01-01 03:01:38.481|W|145916041|lpUCM [RemoteSails.cpp:SendWithRetry:185] Successfully wrote 1052 bytes
[m[0;32;32m1970-01-01 03:01:38.583|I|145916041|lpUCM [RemoteSails.cpp:HandleResponse:149] HandleResponse started, buffer size: 1048
[m[0;32;32m1970-01-01 03:01:38.583|I|145916041|lpUCM [RemoteSails.cpp:HandleResponse:158] Successfully deserialized response, status: 0, result code: 0
[m[0;32;31m1970-01-01 03:01:38.583|E|145916041|lpUCM [IpccProtoMessage.cpp:SerializeParams:112] m_offset, 222208
[m[1;33m1970-01-01 03:01:38.583|W|145916041|lpUCM [RemoteSails.cpp:SendWithRetry:185] Successfully wrote 1052 bytes
[m[0;32;32m1970-01-01 03:01:38.684|I|145916041|lpUCM [RemoteSails.cpp:HandleResponse:149] HandleResponse started, buffer size: 1048
[m[0;32;32m1970-01-01 03:01:38.684|I|145916041|lpUCM [RemoteSails.cpp:HandleResponse:158] Successfully deserialized response, status: 0, result code: 0
[m[0;32;31m1970-01-01 03:01:38.684|E|145916041|lpUCM [IpccProtoMessage.cpp:SerializeParams:112] m_offset, 223232
[m[1;33m1970-01-01 03:01:38.684|W|145916041|lpUCM [RemoteSails.cpp:SendWithRetry:185] Successfully wrote 1052 bytes
[m[0;32;32m1970-01-01 03:01:38.785|I|145916041|lpUCM [RemoteSails.cpp:HandleResponse:149] HandleResponse started, buffer size: 1048
[m[0;32;32m1970-01-01 03:01:38.785|I|145916041|lpUCM [RemoteSails.cpp:HandleResponse:158] Successfully deserialized response, status: 0, result code: 0
[m[0;32;31m1970-01-01 03:01:38.785|E|145916041|lpUCM [IpccProtoMessage.cpp:SerializeParams:112] m_offset, 224256
[m[1;33m1970-01-01 03:01:38.785|W|145916041|lpUCM [RemoteSails.cpp:SendWithRetry:185] Successfully wrote 1052 bytes
[m[0;32;32m1970-01-01 03:01:38.887|I|145916041|lpUCM [RemoteSails.cpp:HandleResponse:149] HandleResponse started, buffer size: 1048
[m[0;32;32m1970-01-01 03:01:38.887|I|145916041|lpUCM [RemoteSails.cpp:HandleResponse:158] Successfully deserialized response, status: 0, result code: 0
[m[0;32;31m1970-01-01 03:01:38.887|E|145916041|lpUCM [IpccProtoMessage.cpp:SerializeParams:112] m_offset, 225280
[m[1;33m1970-01-01 03:01:38.887|W|145916041|lpUCM [RemoteSails.cpp:SendWithRetry:185] Successfully wrote 1052 bytes
[m[0;32;32m1970-01-01 03:01:38.989|I|145916041|lpUCM [RemoteSails.cpp:HandleResponse:149] HandleResponse started, buffer size: 1048
[m[0;32;32m1970-01-01 03:01:38.989|I|145916041|lpUCM [RemoteSails.cpp:HandleResponse:158] Successfully deserialized response, status: 0, result code: 0
[m[0;32;31m1970-01-01 03:01:38.989|E|145916041|lpUCM [IpccProtoMessage.cpp:SerializeParams:112] m_offset, 226304
[m[1;33m1970-01-01 03:01:38.989|W|145916041|lpUCM [RemoteSails.cpp:SendWithRetry:185] Successfully wrote 1052 bytes
[m[0;32;32m1970-01-01 03:01:39.90|I|145916041|lpUCM [RemoteSails.cpp:HandleResponse:149] HandleResponse started, buffer size: 1048
[m[0;32;32m1970-01-01 03:01:39.90|I|145916041|lpUCM [RemoteSails.cpp:HandleResponse:158] Successfully deserialized response, status: 0, result code: 0
[m[0;32;31m1970-01-01 03:01:39.90|E|145916041|lpUCM [IpccProtoMessage.cpp:SerializeParams:112] m_offset, 227328
[m[1;33m1970-01-01 03:01:39.90|W|145916041|lpUCM [RemoteSails.cpp:SendWithRetry:185] Successfully wrote 1052 bytes
[m[0;32;32m1970-01-01 03:01:39.192|I|145916041|lpUCM [RemoteSails.cpp:HandleResponse:149] HandleResponse started, buffer size: 1048
[m[0;32;32m1970-01-01 03:01:39.192|I|145916041|lpUCM [RemoteSails.cpp:HandleResponse:158] Successfully deserialized response, status: 0, result code: 0
[m[0;32;31m1970-01-01 03:01:39.192|E|145916041|lpUCM [IpccProtoMessage.cpp:SerializeParams:112] m_offset, 228352
[m[1;33m1970-01-01 03:01:39.193|W|145916041|lpUCM [RemoteSails.cpp:SendWithRetry:185] Successfully wrote 1052 bytes
[m[0;32;32m1970-01-01 03:01:39.294|I|145916041|lpUCM [RemoteSails.cpp:HandleResponse:149] HandleResponse started, buffer size: 1048
[m[0;32;32m1970-01-01 03:01:39.294|I|145916041|lpUCM [RemoteSails.cpp:HandleResponse:158] Successfully deserialized response, status: 0, result code: 0
[m[0;32;32m1970-01-01 03:01:39.294|I|145916041|lpUCM [RemoteSails.cpp:SailWriteData:272] All data already trans size 16384
[m[0;32;32m1970-01-01 03:01:39.294|I|145916041|lpUCM [fds.cpp:FDS_OnLocalUpgProgress:246] total: 23, curr:23, percent:27, rop:96%
[m[0;32;32m1970-01-01 03:01:39.294|I|145916041|lpUCM [RemoteSails.cpp:SailWriteData:254] total data is 16384
[m[0;32;31m1970-01-01 03:01:39.294|E|145916041|lpUCM [IpccProtoMessage.cpp:SerializeParams:112] m_offset, 229376
[m[1;33m1970-01-01 03:01:39.294|W|145916041|lpUCM [RemoteSails.cpp:SendWithRetry:185] Successfully wrote 1052 bytes
[m[0;32;32m1970-01-01 03:01:39.396|I|145916041|lpUCM [RemoteSails.cpp:HandleResponse:149] HandleResponse started, buffer size: 1048
[m[0;32;32m1970-01-01 03:01:39.396|I|145916041|lpUCM [RemoteSails.cpp:HandleResponse:158] Successfully deserialized response, status: 0, result code: 0
[m[0;32;31m1970-01-01 03:01:39.396|E|145916041|lpUCM [IpccProtoMessage.cpp:SerializeParams:112] m_offset, 230400
[m[1;33m1970-01-01 03:01:39.396|W|145916041|lpUCM [RemoteSails.cpp:SendWithRetry:185] Successfully wrote 1052 bytes
[m[0;32;32m1970-01-01 03:01:39.497|I|145916041|lpUCM [RemoteSails.cpp:HandleResponse:149] HandleResponse started, buffer size: 1048
[m[0;32;32m1970-01-01 03:01:39.497|I|145916041|lpUCM [RemoteSails.cpp:HandleResponse:158] Successfully deserialized response, status: 0, result code: 0
[m[0;32;31m1970-01-01 03:01:39.497|E|145916041|lpUCM [IpccProtoMessage.cpp:SerializeParams:112] m_offset, 231424
[m[1;33m1970-01-01 03:01:39.497|W|145916041|lpUCM [RemoteSails.cpp:SendWithRetry:185] Successfully wrote 1052 bytes
[m[0;32;32m1970-01-01 03:01:39.599|I|145916041|lpUCM [RemoteSails.cpp:HandleResponse:149] HandleResponse started, buffer size: 1048
[m[0;32;32m1970-01-01 03:01:39.599|I|145916041|lpUCM [RemoteSails.cpp:HandleResponse:158] Successfully deserialized response, status: 0, result code: 0
[m[0;32;31m1970-01-01 03:01:39.599|E|145916041|lpUCM [IpccProtoMessage.cpp:SerializeParams:112] m_offset, 232448
[m[1;33m1970-01-01 03:01:39.599|W|145916041|lpUCM [RemoteSails.cpp:SendWithRetry:185] Successfully wrote 1052 bytes
[m[0;32;32m1970-01-01 03:01:39.700|I|145916041|lpUCM [RemoteSails.cpp:HandleResponse:149] HandleResponse started, buffer size: 1048
[m[0;32;32m1970-01-01 03:01:39.700|I|145916041|lpUCM [RemoteSails.cpp:HandleResponse:158] Successfully deserialized response, status: 0, result code: 0
[m[0;32;31m1970-01-01 03:01:39.700|E|145916041|lpUCM [IpccProtoMessage.cpp:SerializeParams:112] m_offset, 233472
[m[1;33m1970-01-01 03:01:39.700|W|145916041|lpUCM [RemoteSails.cpp:SendWithRetry:185] Successfully wrote 1052 bytes
[m[0;32;32m1970-01-01 03:01:39.801|I|145916041|lpUCM [RemoteSails.cpp:HandleResponse:149] HandleResponse started, buffer size: 1048
[m[0;32;32m1970-01-01 03:01:39.801|I|145916041|lpUCM [RemoteSails.cpp:HandleResponse:158] Successfully deserialized response, status: 0, result code: 0
[m[0;32;31m1970-01-01 03:01:39.801|E|145916041|lpUCM [IpccProtoMessage.cpp:SerializeParams:112] m_offset, 234496
[m[1;33m1970-01-01 03:01:39.801|W|145916041|lpUCM [RemoteSails.cpp:SendWithRetry:185] Successfully wrote 1052 bytes
[m[0;32;32m1970-01-01 03:01:39.903|I|145916041|lpUCM [RemoteSails.cpp:HandleResponse:149] HandleResponse started, buffer size: 1048
[m[0;32;32m1970-01-01 03:01:39.903|I|145916041|lpUCM [RemoteSails.cpp:HandleResponse:158] Successfully deserialized response, status: 0, result code: 0
[m[0;32;31m1970-01-01 03:01:39.903|E|145916041|lpUCM [IpccProtoMessage.cpp:SerializeParams:112] m_offset, 235520
[m[1;33m1970-01-01 03:01:39.903|W|145916041|lpUCM [RemoteSails.cpp:SendWithRetry:185] Successfully wrote 1052 bytes
[m[0;32;32m1970-01-01 03:01:40.5|I|145916041|lpUCM [RemoteSails.cpp:HandleResponse:149] HandleResponse started, buffer size: 1048
[m[0;32;32m1970-01-01 03:01:40.5|I|145916041|lpUCM [RemoteSails.cpp:HandleResponse:158] Successfully deserialized response, status: 0, result code: 0
[m[0;32;31m1970-01-01 03:01:40.5|E|145916041|lpUCM [IpccProtoMessage.cpp:SerializeParams:112] m_offset, 236544
[m[1;33m1970-01-01 03:01:40.5|W|145916041|lpUCM [RemoteSails.cpp:SendWithRetry:185] Successfully wrote 1052 bytes
[m[0;32;32m1970-01-01 03:01:40.106|I|145916041|lpUCM [RemoteSails.cpp:HandleResponse:149] HandleResponse started, buffer size: 1048
[m[0;32;32m1970-01-01 03:01:40.106|I|145916041|lpUCM [RemoteSails.cpp:HandleResponse:158] Successfully deserialized response, status: 0, result code: 0
[m[0;32;31m1970-01-01 03:01:40.106|E|145916041|lpUCM [IpccProtoMessage.cpp:SerializeParams:112] m_offset, 237568
[m[1;33m1970-01-01 03:01:40.106|W|145916041|lpUCM [RemoteSails.cpp:SendWithRetry:185] Successfully wrote 1052 bytes
[m[0;32;32m1970-01-01 03:01:40.207|I|145916041|lpUCM [RemoteSails.cpp:HandleResponse:149] HandleResponse started, buffer size: 1048
[m[0;32;32m1970-01-01 03:01:40.207|I|145916041|lpUCM [RemoteSails.cpp:HandleResponse:158] Successfully deserialized response, status: 0, result code: 0
[m[0;32;31m1970-01-01 03:01:40.207|E|145916041|lpUCM [IpccProtoMessage.cpp:SerializeParams:112] m_offset, 238592
[m[1;33m1970-01-01 03:01:40.207|W|145916041|lpUCM [RemoteSails.cpp:SendWithRetry:185] Successfully wrote 1052 bytes
[m[0;32;32m1970-01-01 03:01:40.309|I|145916041|lpUCM [RemoteSails.cpp:HandleResponse:149] HandleResponse started, buffer size: 1048
[m[0;32;32m1970-01-01 03:01:40.309|I|145916041|lpUCM [RemoteSails.cpp:HandleResponse:158] Successfully deserialized response, status: 0, result code: 0
[m[0;32;31m1970-01-01 03:01:40.309|E|145916041|lpUCM [IpccProtoMessage.cpp:SerializeParams:112] m_offset, 239616
[m[1;33m1970-01-01 03:01:40.309|W|145916041|lpUCM [RemoteSails.cpp:SendWithRetry:185] Successfully wrote 1052 bytes
[m[0;32;32m1970-01-01 03:01:40.410|I|145916041|lpUCM [RemoteSails.cpp:HandleResponse:149] HandleResponse started, buffer size: 1048
[m[0;32;32m1970-01-01 03:01:40.410|I|145916041|lpUCM [RemoteSails.cpp:HandleResponse:158] Successfully deserialized response, status: 0, result code: 0
[m[0;32;31m1970-01-01 03:01:40.410|E|145916041|lpUCM [IpccProtoMessage.cpp:SerializeParams:112] m_offset, 240640
[m[1;33m1970-01-01 03:01:40.410|W|145916041|lpUCM [RemoteSails.cpp:SendWithRetry:185] Successfully wrote 1052 bytes
[m[0;32;32m1970-01-01 03:01:40.512|I|145916041|lpUCM [RemoteSails.cpp:HandleResponse:149] HandleResponse started, buffer size: 1048
[m[0;32;32m1970-01-01 03:01:40.512|I|145916041|lpUCM [RemoteSails.cpp:HandleResponse:158] Successfully deserialized response, status: 0, result code: 0
[m[0;32;31m1970-01-01 03:01:40.512|E|145916041|lpUCM [IpccProtoMessage.cpp:SerializeParams:112] m_offset, 241664
[m[1;33m1970-01-01 03:01:40.512|W|145916041|lpUCM [RemoteSails.cpp:SendWithRetry:185] Successfully wrote 1052 bytes
[m[0;32;32m1970-01-01 03:01:40.613|I|145916041|lpUCM [RemoteSails.cpp:HandleResponse:149] HandleResponse started, buffer size: 1048
[m[0;32;32m1970-01-01 03:01:40.613|I|145916041|lpUCM [RemoteSails.cpp:HandleResponse:158] Successfully deserialized response, status: 0, result code: 0
[m[0;32;31m1970-01-01 03:01:40.613|E|145916041|lpUCM [IpccProtoMessage.cpp:SerializeParams:112] m_offset, 242688
[m[1;33m1970-01-01 03:01:40.613|W|145916041|lpUCM [RemoteSails.cpp:SendWithRetry:185] Successfully wrote 1052 bytes
[m[0;32;32m1970-01-01 03:01:40.714|I|145916041|lpUCM [RemoteSails.cpp:HandleResponse:149] HandleResponse started, buffer size: 1048
[m[0;32;32m1970-01-01 03:01:40.714|I|145916041|lpUCM [RemoteSails.cpp:HandleResponse:158] Successfully deserialized response, status: 0, result code: 0
[m[0;32;31m1970-01-01 03:01:40.714|E|145916041|lpUCM [IpccProtoMessage.cpp:SerializeParams:112] m_offset, 243712
[m[1;33m1970-01-01 03:01:40.714|W|145916041|lpUCM [RemoteSails.cpp:SendWithRetry:185] Successfully wrote 1052 bytes
[m[0;32;32m1970-01-01 03:01:40.815|I|145916041|lpUCM [RemoteSails.cpp:HandleResponse:149] HandleResponse started, buffer size: 1048
[m[0;32;32m1970-01-01 03:01:40.815|I|145916041|lpUCM [RemoteSails.cpp:HandleResponse:158] Successfully deserialized response, status: 0, result code: 0
[m[0;32;31m1970-01-01 03:01:40.815|E|145916041|lpUCM [IpccProtoMessage.cpp:SerializeParams:112] m_offset, 244736
[m[1;33m1970-01-01 03:01:40.815|W|145916041|lpUCM [RemoteSails.cpp:SendWithRetry:185] Successfully wrote 1052 bytes
[m[0;32;32m1970-01-01 03:01:40.917|I|145916041|lpUCM [RemoteSails.cpp:HandleResponse:149] HandleResponse started, buffer size: 1048
[m[0;32;32m1970-01-01 03:01:40.917|I|145916041|lpUCM [RemoteSails.cpp:HandleResponse:158] Successfully deserialized response, status: 0, result code: 0
[m[0;32;32m1970-01-01 03:01:40.917|I|145916041|lpUCM [RemoteSails.cpp:SailWriteData:272] All data already trans size 16384
[m[0;32;32m1970-01-01 03:01:40.917|I|145916041|lpUCM [fds.cpp:FDS_OnLocalUpgProgress:246] total: 23, curr:23, percent:28, rop:96%
[m[0;32;32m1970-01-01 03:01:40.917|I|145916041|lpUCM [RemoteSails.cpp:SailWriteData:254] total data is 16384
[m[0;32;31m1970-01-01 03:01:40.917|E|145916041|lpUCM [IpccProtoMessage.cpp:SerializeParams:112] m_offset, 245760
[m[1;33m1970-01-01 03:01:40.917|W|145916041|lpUCM [RemoteSails.cpp:SendWithRetry:185] Successfully wrote 1052 bytes
[m[0;32;32m1970-01-01 03:01:41.18|I|145916041|lpUCM [RemoteSails.cpp:HandleResponse:149] HandleResponse started, buffer size: 1048
[m[0;32;32m1970-01-01 03:01:41.18|I|145916041|lpUCM [RemoteSails.cpp:HandleResponse:158] Successfully deserialized response, status: 0, result code: 0
[m[0;32;31m1970-01-01 03:01:41.18|E|145916041|lpUCM [IpccProtoMessage.cpp:SerializeParams:112] m_offset, 246784
[m[1;33m1970-01-01 03:01:41.18|W|145916041|lpUCM [RemoteSails.cpp:SendWithRetry:185] Successfully wrote 1052 bytes
[m[0;32;32m1970-01-01 03:01:41.119|I|145916041|lpUCM [RemoteSails.cpp:HandleResponse:149] HandleResponse started, buffer size: 1048
[m[0;32;32m1970-01-01 03:01:41.119|I|145916041|lpUCM [RemoteSails.cpp:HandleResponse:158] Successfully deserialized response, status: 0, result code: 0
[m[0;32;31m1970-01-01 03:01:41.119|E|145916041|lpUCM [IpccProtoMessage.cpp:SerializeParams:112] m_offset, 247808
[m[1;33m1970-01-01 03:01:41.119|W|145916041|lpUCM [RemoteSails.cpp:SendWithRetry:185] Successfully wrote 1052 bytes
[m[0;32;32m1970-01-01 03:01:41.220|I|145916041|lpUCM [RemoteSails.cpp:HandleResponse:149] HandleResponse started, buffer size: 1048
[m[0;32;32m1970-01-01 03:01:41.220|I|145916041|lpUCM [RemoteSails.cpp:HandleResponse:158] Successfully deserialized response, status: 0, result code: 0
[m[0;32;31m1970-01-01 03:01:41.220|E|145916041|lpUCM [IpccProtoMessage.cpp:SerializeParams:112] m_offset, 248832
[m[1;33m1970-01-01 03:01:41.220|W|145916041|lpUCM [RemoteSails.cpp:SendWithRetry:185] Successfully wrote 1052 bytes
[m[0;32;32m1970-01-01 03:01:41.322|I|145916041|lpUCM [RemoteSails.cpp:HandleResponse:149] HandleResponse started, buffer size: 1048
[m[0;32;32m1970-01-01 03:01:41.322|I|145916041|lpUCM [RemoteSails.cpp:HandleResponse:158] Successfully deserialized response, status: 0, result code: 0
[m[0;32;31m1970-01-01 03:01:41.322|E|145916041|lpUCM [IpccProtoMessage.cpp:SerializeParams:112] m_offset, 249856
[m[1;33m1970-01-01 03:01:41.322|W|145916041|lpUCM [RemoteSails.cpp:SendWithRetry:185] Successfully wrote 1052 bytes
[m[0;32;32m1970-01-01 03:01:41.423|I|145916041|lpUCM [RemoteSails.cpp:HandleResponse:149] HandleResponse started, buffer size: 1048
[m[0;32;32m1970-01-01 03:01:41.423|I|145916041|lpUCM [RemoteSails.cpp:HandleResponse:158] Successfully deserialized response, status: 0, result code: 0
[m[0;32;31m1970-01-01 03:01:41.423|E|145916041|lpUCM [IpccProtoMessage.cpp:SerializeParams:112] m_offset, 250880
[m[1;33m1970-01-01 03:01:41.423|W|145916041|lpUCM [RemoteSails.cpp:SendWithRetry:185] Successfully wrote 1052 bytes
[m[0;32;32m1970-01-01 03:01:41.525|I|145916041|lpUCM [RemoteSails.cpp:HandleResponse:149] HandleResponse started, buffer size: 1048
[m[0;32;32m1970-01-01 03:01:41.525|I|145916041|lpUCM [RemoteSails.cpp:HandleResponse:158] Successfully deserialized response, status: 0, result code: 0
[m[0;32;31m1970-01-01 03:01:41.525|E|145916041|lpUCM [IpccProtoMessage.cpp:SerializeParams:112] m_offset, 251904
[m[1;33m1970-01-01 03:01:41.525|W|145916041|lpUCM [RemoteSails.cpp:SendWithRetry:185] Successfully wrote 1052 bytes
[m[0;32;32m1970-01-01 03:01:41.626|I|145916041|lpUCM [RemoteSails.cpp:HandleResponse:149] HandleResponse started, buffer size: 1048
[m[0;32;32m1970-01-01 03:01:41.626|I|145916041|lpUCM [RemoteSails.cpp:HandleResponse:158] Successfully deserialized response, status: 0, result code: 0
[m[0;32;31m1970-01-01 03:01:41.626|E|145916041|lpUCM [IpccProtoMessage.cpp:SerializeParams:112] m_offset, 252928
[m[1;33m1970-01-01 03:01:41.626|W|145916041|lpUCM [RemoteSails.cpp:SendWithRetry:185] Successfully wrote 1052 bytes
[m[0;32;32m1970-01-01 03:01:41.728|I|145916041|lpUCM [RemoteSails.cpp:HandleResponse:149] HandleResponse started, buffer size: 1048
[m[0;32;32m1970-01-01 03:01:41.728|I|145916041|lpUCM [RemoteSails.cpp:HandleResponse:158] Successfully deserialized response, status: 0, result code: 0
[m[0;32;31m1970-01-01 03:01:41.728|E|145916041|lpUCM [IpccProtoMessage.cpp:SerializeParams:112] m_offset, 253952
[m[1;33m1970-01-01 03:01:41.728|W|145916041|lpUCM [RemoteSails.cpp:SendWithRetry:185] Successfully wrote 1052 bytes
[m[0;32;32m1970-01-01 03:01:41.829|I|145916041|lpUCM [RemoteSails.cpp:HandleResponse:149] HandleResponse started, buffer size: 1048
[m[0;32;32m1970-01-01 03:01:41.829|I|145916041|lpUCM [RemoteSails.cpp:HandleResponse:158] Successfully deserialized response, status: 0, result code: 0
[m[0;32;31m1970-01-01 03:01:41.829|E|145916041|lpUCM [IpccProtoMessage.cpp:SerializeParams:112] m_offset, 254976
[m[1;33m1970-01-01 03:01:41.829|W|145916041|lpUCM [RemoteSails.cpp:SendWithRetry:185] Successfully wrote 1052 bytes
[m[0;32;32m1970-01-01 03:01:41.931|I|145916041|lpUCM [RemoteSails.cpp:HandleResponse:149] HandleResponse started, buffer size: 1048
[m[0;32;32m1970-01-01 03:01:41.931|I|145916041|lpUCM [RemoteSails.cpp:HandleResponse:158] Successfully deserialized response, status: 0, result code: 0
[m[0;32;31m1970-01-01 03:01:41.931|E|145916041|lpUCM [IpccProtoMessage.cpp:SerializeParams:112] m_offset, 256000
[m[1;33m1970-01-01 03:01:41.931|W|145916041|lpUCM [RemoteSails.cpp:SendWithRetry:185] Successfully wrote 1052 bytes
[m[0;32;32m1970-01-01 03:01:42.33|I|145916041|lpUCM [RemoteSails.cpp:HandleResponse:149] HandleResponse started, buffer size: 1048
[m[0;32;32m1970-01-01 03:01:42.33|I|145916041|lpUCM [RemoteSails.cpp:HandleResponse:158] Successfully deserialized response, status: 0, result code: 0
[m[0;32;31m1970-01-01 03:01:42.33|E|145916041|lpUCM [IpccProtoMessage.cpp:SerializeParams:112] m_offset, 257024
[m[1;33m1970-01-01 03:01:42.33|W|145916041|lpUCM [RemoteSails.cpp:SendWithRetry:185] Successfully wrote 1052 bytes
[m[0;32;32m1970-01-01 03:01:42.135|I|145916041|lpUCM [RemoteSails.cpp:HandleResponse:149] HandleResponse started, buffer size: 1048
[m[0;32;32m1970-01-01 03:01:42.135|I|145916041|lpUCM [RemoteSails.cpp:HandleResponse:158] Successfully deserialized response, status: 0, result code: 0
[m[0;32;31m1970-01-01 03:01:42.135|E|145916041|lpUCM [IpccProtoMessage.cpp:SerializeParams:112] m_offset, 258048
[m[1;33m1970-01-01 03:01:42.135|W|145916041|lpUCM [RemoteSails.cpp:SendWithRetry:185] Successfully wrote 1052 bytes
[m[0;32;32m1970-01-01 03:01:42.237|I|145916041|lpUCM [RemoteSails.cpp:HandleResponse:149] HandleResponse started, buffer size: 1048
[m[0;32;32m1970-01-01 03:01:42.237|I|145916041|lpUCM [RemoteSails.cpp:HandleResponse:158] Successfully deserialized response, status: 0, result code: 0
[m[0;32;31m1970-01-01 03:01:42.237|E|145916041|lpUCM [IpccProtoMessage.cpp:SerializeParams:112] m_offset, 259072
[m[1;33m1970-01-01 03:01:42.237|W|145916041|lpUCM [RemoteSails.cpp:SendWithRetry:185] Successfully wrote 1052 bytes
[m[0;32;32m1970-01-01 03:01:42.338|I|145916041|lpUCM [RemoteSails.cpp:HandleResponse:149] HandleResponse started, buffer size: 1048
[m[0;32;32m1970-01-01 03:01:42.338|I|145916041|lpUCM [RemoteSails.cpp:HandleResponse:158] Successfully deserialized response, status: 0, result code: 0
[m[0;32;31m1970-01-01 03:01:42.338|E|145916041|lpUCM [IpccProtoMessage.cpp:SerializeParams:112] m_offset, 260096
[m[1;33m1970-01-01 03:01:42.338|W|145916041|lpUCM [RemoteSails.cpp:SendWithRetry:185] Successfully wrote 1052 bytes
[m[0;32;32m1970-01-01 03:01:42.439|I|145916041|lpUCM [RemoteSails.cpp:HandleResponse:149] HandleResponse started, buffer size: 1048
[m[0;32;32m1970-01-01 03:01:42.439|I|145916041|lpUCM [RemoteSails.cpp:HandleResponse:158] Successfully deserialized response, status: 0, result code: 0
[m[0;32;31m1970-01-01 03:01:42.439|E|145916041|lpUCM [IpccProtoMessage.cpp:SerializeParams:112] m_offset, 261120
[m[1;33m1970-01-01 03:01:42.439|W|145916041|lpUCM [RemoteSails.cpp:SendWithRetry:185] Successfully wrote 1052 bytes
[m[0;32;32m1970-01-01 03:01:42.540|I|145916041|lpUCM [RemoteSails.cpp:HandleResponse:149] HandleResponse started, buffer size: 1048
[m[0;32;32m1970-01-01 03:01:42.540|I|145916041|lpUCM [RemoteSails.cpp:HandleResponse:158] Successfully deserialized response, status: 0, result code: 0
[m[0;32;32m1970-01-01 03:01:42.540|I|145916041|lpUCM [RemoteSails.cpp:SailWriteData:272] All data already trans size 16384
[m[0;32;32m1970-01-01 03:01:42.540|I|145916041|lpUCM [fds.cpp:FDS_OnLocalUpgProgress:246] total: 23, curr:23, percent:29, rop:96%
[m[0;32;32m1970-01-01 03:01:42.540|I|145916041|lpUCM [RemoteSails.cpp:SailWriteData:254] total data is 16384
[m[0;32;31m1970-01-01 03:01:42.540|E|145916041|lpUCM [IpccProtoMessage.cpp:SerializeParams:112] m_offset, 262144
[m[1;33m1970-01-01 03:01:42.540|W|145916041|lpUCM [RemoteSails.cpp:SendWithRetry:185] Successfully wrote 1052 bytes
[m[0;32;32m1970-01-01 03:01:42.641|I|145916041|lpUCM [RemoteSails.cpp:HandleResponse:149] HandleResponse started, buffer size: 1048
[m[0;32;32m1970-01-01 03:01:42.641|I|145916041|lpUCM [RemoteSails.cpp:HandleResponse:158] Successfully deserialized response, status: 0, result code: 0
[m[0;32;31m1970-01-01 03:01:42.641|E|145916041|lpUCM [IpccProtoMessage.cpp:SerializeParams:112] m_offset, 263168
[m[1;33m1970-01-01 03:01:42.641|W|145916041|lpUCM [RemoteSails.cpp:SendWithRetry:185] Successfully wrote 1052 bytes
[m[0;32;32m1970-01-01 03:01:42.743|I|145916041|lpUCM [RemoteSails.cpp:HandleResponse:149] HandleResponse started, buffer size: 1048
[m[0;32;32m1970-01-01 03:01:42.743|I|145916041|lpUCM [RemoteSails.cpp:HandleResponse:158] Successfully deserialized response, status: 0, result code: 0
[m[0;32;31m1970-01-01 03:01:42.743|E|145916041|lpUCM [IpccProtoMessage.cpp:SerializeParams:112] m_offset, 264192
[m[1;33m1970-01-01 03:01:42.743|W|145916041|lpUCM [RemoteSails.cpp:SendWithRetry:185] Successfully wrote 1052 bytes
[m[0;32;32m1970-01-01 03:01:42.844|I|145916041|lpUCM [RemoteSails.cpp:HandleResponse:149] HandleResponse started, buffer size: 1048
[m[0;32;32m1970-01-01 03:01:42.844|I|145916041|lpUCM [RemoteSails.cpp:HandleResponse:158] Successfully deserialized response, status: 0, result code: 0
[m[0;32;31m1970-01-01 03:01:42.844|E|145916041|lpUCM [IpccProtoMessage.cpp:SerializeParams:112] m_offset, 265216
[m[1;33m1970-01-01 03:01:42.844|W|145916041|lpUCM [RemoteSails.cpp:SendWithRetry:185] Successfully wrote 1052 bytes
[m[0;32;32m1970-01-01 03:01:42.946|I|145916041|lpUCM [RemoteSails.cpp:HandleResponse:149] HandleResponse started, buffer size: 1048
[m[0;32;32m1970-01-01 03:01:42.946|I|145916041|lpUCM [RemoteSails.cpp:HandleResponse:158] Successfully deserialized response, status: 0, result code: 0
[m[0;32;31m1970-01-01 03:01:42.946|E|145916041|lpUCM [IpccProtoMessage.cpp:SerializeParams:112] m_offset, 266240
[m[1;33m1970-01-01 03:01:42.946|W|145916041|lpUCM [RemoteSails.cpp:SendWithRetry:185] Successfully wrote 1052 bytes
[m[0;32;32m1970-01-01 03:01:43.47|I|145916041|lpUCM [RemoteSails.cpp:HandleResponse:149] HandleResponse started, buffer size: 1048
[m[0;32;32m1970-01-01 03:01:43.47|I|145916041|lpUCM [RemoteSails.cpp:HandleResponse:158] Successfully deserialized response, status: 0, result code: 0
[m[0;32;31m1970-01-01 03:01:43.47|E|145916041|lpUCM [IpccProtoMessage.cpp:SerializeParams:112] m_offset, 267264
[m[1;33m1970-01-01 03:01:43.47|W|145916041|lpUCM [RemoteSails.cpp:SendWithRetry:185] Successfully wrote 1052 bytes
[m[0;32;32m1970-01-01 03:01:43.149|I|145916041|lpUCM [RemoteSails.cpp:HandleResponse:149] HandleResponse started, buffer size: 1048
[m[0;32;32m1970-01-01 03:01:43.149|I|145916041|lpUCM [RemoteSails.cpp:HandleResponse:158] Successfully deserialized response, status: 0, result code: 0
[m[0;32;31m1970-01-01 03:01:43.149|E|145916041|lpUCM [IpccProtoMessage.cpp:SerializeParams:112] m_offset, 268288
[m[1;33m1970-01-01 03:01:43.149|W|145916041|lpUCM [RemoteSails.cpp:SendWithRetry:185] Successfully wrote 1052 bytes
[m[0;32;32m1970-01-01 03:01:43.250|I|145916041|lpUCM [RemoteSails.cpp:HandleResponse:149] HandleResponse started, buffer size: 1048
[m[0;32;32m1970-01-01 03:01:43.250|I|145916041|lpUCM [RemoteSails.cpp:HandleResponse:158] Successfully deserialized response, status: 0, result code: 0
[m[0;32;31m1970-01-01 03:01:43.250|E|145916041|lpUCM [IpccProtoMessage.cpp:SerializeParams:112] m_offset, 269312
[m[1;33m1970-01-01 03:01:43.250|W|145916041|lpUCM [RemoteSails.cpp:SendWithRetry:185] Successfully wrote 1052 bytes
[m[0;32;32m1970-01-01 03:01:43.352|I|145916041|lpUCM [RemoteSails.cpp:HandleResponse:149] HandleResponse started, buffer size: 1048
[m[0;32;32m1970-01-01 03:01:43.352|I|145916041|lpUCM [RemoteSails.cpp:HandleResponse:158] Successfully deserialized response, status: 0, result code: 0
[m[0;32;31m1970-01-01 03:01:43.352|E|145916041|lpUCM [IpccProtoMessage.cpp:SerializeParams:112] m_offset, 270336
[m[1;33m1970-01-01 03:01:43.352|W|145916041|lpUCM [RemoteSails.cpp:SendWithRetry:185] Successfully wrote 1052 bytes
[m[0;32;32m1970-01-01 03:01:43.453|I|145916041|lpUCM [RemoteSails.cpp:HandleResponse:149] HandleResponse started, buffer size: 1048
[m[0;32;32m1970-01-01 03:01:43.453|I|145916041|lpUCM [RemoteSails.cpp:HandleResponse:158] Successfully deserialized response, status: 0, result code: 0
[m[0;32;31m1970-01-01 03:01:43.453|E|145916041|lpUCM [IpccProtoMessage.cpp:SerializeParams:112] m_offset, 271360
[m[1;33m1970-01-01 03:01:43.453|W|145916041|lpUCM [RemoteSails.cpp:SendWithRetry:185] Successfully wrote 1052 bytes
[m[0;32;32m1970-01-01 03:01:43.554|I|145916041|lpUCM [RemoteSails.cpp:HandleResponse:149] HandleResponse started, buffer size: 1048
[m[0;32;32m1970-01-01 03:01:43.554|I|145916041|lpUCM [RemoteSails.cpp:HandleResponse:158] Successfully deserialized response, status: 0, result code: 0
[m[0;32;31m1970-01-01 03:01:43.554|E|145916041|lpUCM [IpccProtoMessage.cpp:SerializeParams:112] m_offset, 272384
[m[1;33m1970-01-01 03:01:43.554|W|145916041|lpUCM [RemoteSails.cpp:SendWithRetry:185] Successfully wrote 1052 bytes
[m[0;32;32m1970-01-01 03:01:43.655|I|145916041|lpUCM [RemoteSails.cpp:HandleResponse:149] HandleResponse started, buffer size: 1048
[m[0;32;32m1970-01-01 03:01:43.655|I|145916041|lpUCM [RemoteSails.cpp:HandleResponse:158] Successfully deserialized response, status: 0, result code: 0
[m[0;32;31m1970-01-01 03:01:43.655|E|145916041|lpUCM [IpccProtoMessage.cpp:SerializeParams:112] m_offset, 273408
[m[1;33m1970-01-01 03:01:43.655|W|145916041|lpUCM [RemoteSails.cpp:SendWithRetry:185] Successfully wrote 1052 bytes
[m[0;32;32m1970-01-01 03:01:43.756|I|145916041|lpUCM [RemoteSails.cpp:HandleResponse:149] HandleResponse started, buffer size: 1048
[m[0;32;32m1970-01-01 03:01:43.756|I|145916041|lpUCM [RemoteSails.cpp:HandleResponse:158] Successfully deserialized response, status: 0, result code: 0
[m[0;32;31m1970-01-01 03:01:43.756|E|145916041|lpUCM [IpccProtoMessage.cpp:SerializeParams:112] m_offset, 274432
[m[1;33m1970-01-01 03:01:43.756|W|145916041|lpUCM [RemoteSails.cpp:SendWithRetry:185] Successfully wrote 1052 bytes
[m[0;32;32m1970-01-01 03:01:43.857|I|145916041|lpUCM [RemoteSails.cpp:HandleResponse:149] HandleResponse started, buffer size: 1048
[m[0;32;32m1970-01-01 03:01:43.857|I|145916041|lpUCM [RemoteSails.cpp:HandleResponse:158] Successfully deserialized response, status: 0, result code: 0
[m[0;32;31m1970-01-01 03:01:43.857|E|145916041|lpUCM [IpccProtoMessage.cpp:SerializeParams:112] m_offset, 275456
[m[1;33m1970-01-01 03:01:43.857|W|145916041|lpUCM [RemoteSails.cpp:SendWithRetry:185] Successfully wrote 1052 bytes
[m[0;32;32m1970-01-01 03:01:43.959|I|145916041|lpUCM [RemoteSails.cpp:HandleResponse:149] HandleResponse started, buffer size: 1048
[m[0;32;32m1970-01-01 03:01:43.959|I|145916041|lpUCM [RemoteSails.cpp:HandleResponse:158] Successfully deserialized response, status: 0, result code: 0
[m[0;32;31m1970-01-01 03:01:43.959|E|145916041|lpUCM [IpccProtoMessage.cpp:SerializeParams:112] m_offset, 276480
[m[1;33m1970-01-01 03:01:43.959|W|145916041|lpUCM [RemoteSails.cpp:SendWithRetry:185] Successfully wrote 1052 bytes
[m[0;32;32m1970-01-01 03:01:44.61|I|145916041|lpUCM [RemoteSails.cpp:HandleResponse:149] HandleResponse started, buffer size: 1048
[m[0;32;32m1970-01-01 03:01:44.61|I|145916041|lpUCM [RemoteSails.cpp:HandleResponse:158] Successfully deserialized response, status: 0, result code: 0
[m[0;32;31m1970-01-01 03:01:44.61|E|145916041|lpUCM [IpccProtoMessage.cpp:SerializeParams:112] m_offset, 277504
[m[1;33m1970-01-01 03:01:44.61|W|145916041|lpUCM [RemoteSails.cpp:SendWithRetry:185] Successfully wrote 1052 bytes
[m[0;32;32m1970-01-01 03:01:44.162|I|145916041|lpUCM [RemoteSails.cpp:HandleResponse:149] HandleResponse started, buffer size: 1048
[m[0;32;32m1970-01-01 03:01:44.162|I|145916041|lpUCM [RemoteSails.cpp:HandleResponse:158] Successfully deserialized response, status: 0, result code: 0
[m[0;32;32m1970-01-01 03:01:44.162|I|145916041|lpUCM [RemoteSails.cpp:SailWriteData:272] All data already trans size 16384
[m[0;32;32m1970-01-01 03:01:44.162|I|145916041|lpUCM [fds.cpp:FDS_OnLocalUpgProgress:246] total: 23, curr:23, percent:30, rop:96%
[m[0;32;32m1970-01-01 03:01:44.162|I|145916041|lpUCM [RemoteSails.cpp:SailWriteData:254] total data is 16384
[m[0;32;31m1970-01-01 03:01:44.162|E|145916041|lpUCM [IpccProtoMessage.cpp:SerializeParams:112] m_offset, 278528
[m[1;33m1970-01-01 03:01:44.162|W|145916041|lpUCM [RemoteSails.cpp:SendWithRetry:185] Successfully wrote 1052 bytes
[m[0;32;32m1970-01-01 03:01:44.264|I|145916041|lpUCM [RemoteSails.cpp:HandleResponse:149] HandleResponse started, buffer size: 1048
[m[0;32;32m1970-01-01 03:01:44.264|I|145916041|lpUCM [RemoteSails.cpp:HandleResponse:158] Successfully deserialized response, status: 0, result code: 0
[m[0;32;31m1970-01-01 03:01:44.264|E|145916041|lpUCM [IpccProtoMessage.cpp:SerializeParams:112] m_offset, 279552
[m[1;33m1970-01-01 03:01:44.264|W|145916041|lpUCM [RemoteSails.cpp:SendWithRetry:185] Successfully wrote 1052 bytes
[m[0;32;32m1970-01-01 03:01:44.366|I|145916041|lpUCM [RemoteSails.cpp:HandleResponse:149] HandleResponse started, buffer size: 1048
[m[0;32;32m1970-01-01 03:01:44.366|I|145916041|lpUCM [RemoteSails.cpp:HandleResponse:158] Successfully deserialized response, status: 0, result code: 0
[m[0;32;31m1970-01-01 03:01:44.366|E|145916041|lpUCM [IpccProtoMessage.cpp:SerializeParams:112] m_offset, 280576
[m[1;33m1970-01-01 03:01:44.366|W|145916041|lpUCM [RemoteSails.cpp:SendWithRetry:185] Successfully wrote 1052 bytes
[m[0;32;32m1970-01-01 03:01:44.468|I|145916041|lpUCM [RemoteSails.cpp:HandleResponse:149] HandleResponse started, buffer size: 1048
[m[0;32;32m1970-01-01 03:01:44.468|I|145916041|lpUCM [RemoteSails.cpp:HandleResponse:158] Successfully deserialized response, status: 0, result code: 0
[m[0;32;31m1970-01-01 03:01:44.468|E|145916041|lpUCM [IpccProtoMessage.cpp:SerializeParams:112] m_offset, 281600
[m[1;33m1970-01-01 03:01:44.468|W|145916041|lpUCM [RemoteSails.cpp:SendWithRetry:185] Successfully wrote 1052 bytes
[m[0;32;32m1970-01-01 03:01:44.569|I|145916041|lpUCM [RemoteSails.cpp:HandleResponse:149] HandleResponse started, buffer size: 1048
[m[0;32;32m1970-01-01 03:01:44.569|I|145916041|lpUCM [RemoteSails.cpp:HandleResponse:158] Successfully deserialized response, status: 0, result code: 0
[m[0;32;31m1970-01-01 03:01:44.569|E|145916041|lpUCM [IpccProtoMessage.cpp:SerializeParams:112] m_offset, 282624
[m[1;33m1970-01-01 03:01:44.569|W|145916041|lpUCM [RemoteSails.cpp:SendWithRetry:185] Successfully wrote 1052 bytes
[m[0;32;32m1970-01-01 03:01:44.670|I|145916041|lpUCM [RemoteSails.cpp:HandleResponse:149] HandleResponse started, buffer size: 1048
[m[0;32;32m1970-01-01 03:01:44.670|I|145916041|lpUCM [RemoteSails.cpp:HandleResponse:158] Successfully deserialized response, status: 0, result code: 0
[m[0;32;31m1970-01-01 03:01:44.670|E|145916041|lpUCM [IpccProtoMessage.cpp:SerializeParams:112] m_offset, 283648
[m[1;33m1970-01-01 03:01:44.670|W|145916041|lpUCM [RemoteSails.cpp:SendWithRetry:185] Successfully wrote 1052 bytes
[m[0;32;32m1970-01-01 03:01:44.771|I|145916041|lpUCM [RemoteSails.cpp:HandleResponse:149] HandleResponse started, buffer size: 1048
[m[0;32;32m1970-01-01 03:01:44.771|I|145916041|lpUCM [RemoteSails.cpp:HandleResponse:158] Successfully deserialized response, status: 0, result code: 0
[m[0;32;31m1970-01-01 03:01:44.771|E|145916041|lpUCM [IpccProtoMessage.cpp:SerializeParams:112] m_offset, 284672
[m[1;33m1970-01-01 03:01:44.771|W|145916041|lpUCM [RemoteSails.cpp:SendWithRetry:185] Successfully wrote 1052 bytes
[m[0;32;32m1970-01-01 03:01:44.873|I|145916041|lpUCM [RemoteSails.cpp:HandleResponse:149] HandleResponse started, buffer size: 1048
[m[0;32;32m1970-01-01 03:01:44.873|I|145916041|lpUCM [RemoteSails.cpp:HandleResponse:158] Successfully deserialized response, status: 0, result code: 0
[m[0;32;31m1970-01-01 03:01:44.873|E|145916041|lpUCM [IpccProtoMessage.cpp:SerializeParams:112] m_offset, 285696
[m[1;33m1970-01-01 03:01:44.873|W|145916041|lpUCM [RemoteSails.cpp:SendWithRetry:185] Successfully wrote 1052 bytes
[m[0;32;32m1970-01-01 03:01:44.975|I|145916041|lpUCM [RemoteSails.cpp:HandleResponse:149] HandleResponse started, buffer size: 1048
[m[0;32;32m1970-01-01 03:01:44.975|I|145916041|lpUCM [RemoteSails.cpp:HandleResponse:158] Successfully deserialized response, status: 0, result code: 0
[m[0;32;31m1970-01-01 03:01:44.975|E|145916041|lpUCM [IpccProtoMessage.cpp:SerializeParams:112] m_offset, 286720
[m[1;33m1970-01-01 03:01:44.975|W|145916041|lpUCM [RemoteSails.cpp:SendWithRetry:185] Successfully wrote 1052 bytes
[m[0;32;32m1970-01-01 03:01:45.76|I|145916041|lpUCM [RemoteSails.cpp:HandleResponse:149] HandleResponse started, buffer size: 1048
[m[0;32;32m1970-01-01 03:01:45.76|I|145916041|lpUCM [RemoteSails.cpp:HandleResponse:158] Successfully deserialized response, status: 0, result code: 0
[m[0;32;31m1970-01-01 03:01:45.76|E|145916041|lpUCM [IpccProtoMessage.cpp:SerializeParams:112] m_offset, 287744
[m[1;33m1970-01-01 03:01:45.76|W|145916041|lpUCM [RemoteSails.cpp:SendWithRetry:185] Successfully wrote 1052 bytes
[m[0;32;32m1970-01-01 03:01:45.177|I|145916041|lpUCM [RemoteSails.cpp:HandleResponse:149] HandleResponse started, buffer size: 1048
[m[0;32;32m1970-01-01 03:01:45.177|I|145916041|lpUCM [RemoteSails.cpp:HandleResponse:158] Successfully deserialized response, status: 0, result code: 0
[m[0;32;31m1970-01-01 03:01:45.177|E|145916041|lpUCM [IpccProtoMessage.cpp:SerializeParams:112] m_offset, 288768
[m[1;33m1970-01-01 03:01:45.177|W|145916041|lpUCM [RemoteSails.cpp:SendWithRetry:185] Successfully wrote 1052 bytes
[m[0;32;32m1970-01-01 03:01:45.278|I|145916041|lpUCM [RemoteSails.cpp:HandleResponse:149] HandleResponse started, buffer size: 1048
[m[0;32;32m1970-01-01 03:01:45.278|I|145916041|lpUCM [RemoteSails.cpp:HandleResponse:158] Successfully deserialized response, status: 0, result code: 0
[m[0;32;31m1970-01-01 03:01:45.278|E|145916041|lpUCM [IpccProtoMessage.cpp:SerializeParams:112] m_offset, 289792
[m[1;33m1970-01-01 03:01:45.278|W|145916041|lpUCM [RemoteSails.cpp:SendWithRetry:185] Successfully wrote 1052 bytes
[m[0;32;32m1970-01-01 03:01:45.380|I|145916041|lpUCM [RemoteSails.cpp:HandleResponse:149] HandleResponse started, buffer size: 1048
[m[0;32;32m1970-01-01 03:01:45.380|I|145916041|lpUCM [RemoteSails.cpp:HandleResponse:158] Successfully deserialized response, status: 0, result code: 0
[m[0;32;31m1970-01-01 03:01:45.380|E|145916041|lpUCM [IpccProtoMessage.cpp:SerializeParams:112] m_offset, 290816
[m[1;33m1970-01-01 03:01:45.380|W|145916041|lpUCM [RemoteSails.cpp:SendWithRetry:185] Successfully wrote 1052 bytes
[m[0;32;32m1970-01-01 03:01:45.481|I|145916041|lpUCM [RemoteSails.cpp:HandleResponse:149] HandleResponse started, buffer size: 1048
[m[0;32;32m1970-01-01 03:01:45.481|I|145916041|lpUCM [RemoteSails.cpp:HandleResponse:158] Successfully deserialized response, status: 0, result code: 0
[m[0;32;31m1970-01-01 03:01:45.481|E|145916041|lpUCM [IpccProtoMessage.cpp:SerializeParams:112] m_offset, 291840
[m[1;33m1970-01-01 03:01:45.481|W|145916041|lpUCM [RemoteSails.cpp:SendWithRetry:185] Successfully wrote 1052 bytes
[m[0;32;32m1970-01-01 03:01:45.582|I|145916041|lpUCM [RemoteSails.cpp:HandleResponse:149] HandleResponse started, buffer size: 1048
[m[0;32;32m1970-01-01 03:01:45.582|I|145916041|lpUCM [RemoteSails.cpp:HandleResponse:158] Successfully deserialized response, status: 0, result code: 0
[m[0;32;31m1970-01-01 03:01:45.582|E|145916041|lpUCM [IpccProtoMessage.cpp:SerializeParams:112] m_offset, 292864
[m[1;33m1970-01-01 03:01:45.582|W|145916041|lpUCM [RemoteSails.cpp:SendWithRetry:185] Successfully wrote 1052 bytes
[m[0;32;32m1970-01-01 03:01:45.683|I|145916041|lpUCM [RemoteSails.cpp:HandleResponse:149] HandleResponse started, buffer size: 1048
[m[0;32;32m1970-01-01 03:01:45.683|I|145916041|lpUCM [RemoteSails.cpp:HandleResponse:158] Successfully deserialized response, status: 0, result code: 0
[m[0;32;31m1970-01-01 03:01:45.683|E|145916041|lpUCM [IpccProtoMessage.cpp:SerializeParams:112] m_offset, 293888
[m[1;33m1970-01-01 03:01:45.683|W|145916041|lpUCM [RemoteSails.cpp:SendWithRetry:185] Successfully wrote 1052 bytes
[m[0;32;32m1970-01-01 03:01:45.784|I|145916041|lpUCM [RemoteSails.cpp:HandleResponse:149] HandleResponse started, buffer size: 1048
[m[0;32;32m1970-01-01 03:01:45.784|I|145916041|lpUCM [RemoteSails.cpp:HandleResponse:158] Successfully deserialized response, status: 0, result code: 0
[m[0;32;32m1970-01-01 03:01:45.784|I|145916041|lpUCM [RemoteSails.cpp:SailWriteData:272] All data already trans size 16384
[m[0;32;32m1970-01-01 03:01:45.784|I|145916041|lpUCM [fds.cpp:FDS_OnLocalUpgProgress:246] total: 23, curr:23, percent:31, rop:97%
[m[0;32;32m1970-01-01 03:01:45.784|I|145916041|lpUCM [RemoteSails.cpp:SailWriteData:254] total data is 16384
[m[0;32;31m1970-01-01 03:01:45.784|E|145916041|lpUCM [IpccProtoMessage.cpp:SerializeParams:112] m_offset, 294912
[m[1;33m1970-01-01 03:01:45.784|W|145916041|lpUCM [RemoteSails.cpp:SendWithRetry:185] Successfully wrote 1052 bytes
[m[0;32;32m1970-01-01 03:01:45.885|I|145916041|lpUCM [RemoteSails.cpp:HandleResponse:149] HandleResponse started, buffer size: 1048
[m[0;32;32m1970-01-01 03:01:45.885|I|145916041|lpUCM [RemoteSails.cpp:HandleResponse:158] Successfully deserialized response, status: 0, result code: 0
[m[0;32;31m1970-01-01 03:01:45.885|E|145916041|lpUCM [IpccProtoMessage.cpp:SerializeParams:112] m_offset, 295936
[m[1;33m1970-01-01 03:01:45.885|W|145916041|lpUCM [RemoteSails.cpp:SendWithRetry:185] Successfully wrote 1052 bytes
[m[0;32;32m1970-01-01 03:01:45.987|I|145916041|lpUCM [RemoteSails.cpp:HandleResponse:149] HandleResponse started, buffer size: 1048
[m[0;32;32m1970-01-01 03:01:45.987|I|145916041|lpUCM [RemoteSails.cpp:HandleResponse:158] Successfully deserialized response, status: 0, result code: 0
[m[0;32;31m1970-01-01 03:01:45.987|E|145916041|lpUCM [IpccProtoMessage.cpp:SerializeParams:112] m_offset, 296960
[m[1;33m1970-01-01 03:01:45.987|W|145916041|lpUCM [RemoteSails.cpp:SendWithRetry:185] Successfully wrote 1052 bytes
[m[0;32;32m1970-01-01 03:01:46.88|I|145916041|lpUCM [RemoteSails.cpp:HandleResponse:149] HandleResponse started, buffer size: 1048
[m[0;32;32m1970-01-01 03:01:46.88|I|145916041|lpUCM [RemoteSails.cpp:HandleResponse:158] Successfully deserialized response, status: 0, result code: 0
[m[0;32;31m1970-01-01 03:01:46.88|E|145916041|lpUCM [IpccProtoMessage.cpp:SerializeParams:112] m_offset, 297984
[m[1;33m1970-01-01 03:01:46.88|W|145916041|lpUCM [RemoteSails.cpp:SendWithRetry:185] Successfully wrote 1052 bytes
[m[0;32;32m1970-01-01 03:01:46.190|I|145916041|lpUCM [RemoteSails.cpp:HandleResponse:149] HandleResponse started, buffer size: 1048
[m[0;32;32m1970-01-01 03:01:46.190|I|145916041|lpUCM [RemoteSails.cpp:HandleResponse:158] Successfully deserialized response, status: 0, result code: 0
[m[0;32;31m1970-01-01 03:01:46.190|E|145916041|lpUCM [IpccProtoMessage.cpp:SerializeParams:112] m_offset, 299008
[m[1;33m1970-01-01 03:01:46.190|W|145916041|lpUCM [RemoteSails.cpp:SendWithRetry:185] Successfully wrote 1052 bytes
[m[0;32;32m1970-01-01 03:01:46.291|I|145916041|lpUCM [RemoteSails.cpp:HandleResponse:149] HandleResponse started, buffer size: 1048
[m[0;32;32m1970-01-01 03:01:46.291|I|145916041|lpUCM [RemoteSails.cpp:HandleResponse:158] Successfully deserialized response, status: 0, result code: 0
[m[0;32;31m1970-01-01 03:01:46.291|E|145916041|lpUCM [IpccProtoMessage.cpp:SerializeParams:112] m_offset, 300032
[m[1;33m1970-01-01 03:01:46.291|W|145916041|lpUCM [RemoteSails.cpp:SendWithRetry:185] Successfully wrote 1052 bytes
[m[0;32;32m1970-01-01 03:01:46.393|I|145916041|lpUCM [RemoteSails.cpp:HandleResponse:149] HandleResponse started, buffer size: 1048
[m[0;32;32m1970-01-01 03:01:46.393|I|145916041|lpUCM [RemoteSails.cpp:HandleResponse:158] Successfully deserialized response, status: 0, result code: 0
[m[0;32;31m1970-01-01 03:01:46.393|E|145916041|lpUCM [IpccProtoMessage.cpp:SerializeParams:112] m_offset, 301056
[m[1;33m1970-01-01 03:01:46.393|W|145916041|lpUCM [RemoteSails.cpp:SendWithRetry:185] Successfully wrote 1052 bytes
[m[0;32;32m1970-01-01 03:01:46.494|I|145916041|lpUCM [RemoteSails.cpp:HandleResponse:149] HandleResponse started, buffer size: 1048
[m[0;32;32m1970-01-01 03:01:46.494|I|145916041|lpUCM [RemoteSails.cpp:HandleResponse:158] Successfully deserialized response, status: 0, result code: 0
[m[0;32;31m1970-01-01 03:01:46.494|E|145916041|lpUCM [IpccProtoMessage.cpp:SerializeParams:112] m_offset, 302080
[m[1;33m1970-01-01 03:01:46.494|W|145916041|lpUCM [RemoteSails.cpp:SendWithRetry:185] Successfully wrote 1052 bytes
[m[0;32;32m1970-01-01 03:01:46.596|I|145916041|lpUCM [RemoteSails.cpp:HandleResponse:149] HandleResponse started, buffer size: 1048
[m[0;32;32m1970-01-01 03:01:46.596|I|145916041|lpUCM [RemoteSails.cpp:HandleResponse:158] Successfully deserialized response, status: 0, result code: 0
[m[0;32;31m1970-01-01 03:01:46.596|E|145916041|lpUCM [IpccProtoMessage.cpp:SerializeParams:112] m_offset, 303104
[m[1;33m1970-01-01 03:01:46.596|W|145916041|lpUCM [RemoteSails.cpp:SendWithRetry:185] Successfully wrote 1052 bytes
[m[0;32;32m1970-01-01 03:01:46.697|I|145916041|lpUCM [RemoteSails.cpp:HandleResponse:149] HandleResponse started, buffer size: 1048
[m[0;32;32m1970-01-01 03:01:46.697|I|145916041|lpUCM [RemoteSails.cpp:HandleResponse:158] Successfully deserialized response, status: 0, result code: 0
[m[0;32;31m1970-01-01 03:01:46.697|E|145916041|lpUCM [IpccProtoMessage.cpp:SerializeParams:112] m_offset, 304128
[m[1;33m1970-01-01 03:01:46.697|W|145916041|lpUCM [RemoteSails.cpp:SendWithRetry:185] Successfully wrote 1052 bytes
[m[0;32;32m1970-01-01 03:01:46.798|I|145916041|lpUCM [RemoteSails.cpp:HandleResponse:149] HandleResponse started, buffer size: 1048
[m[0;32;32m1970-01-01 03:01:46.798|I|145916041|lpUCM [RemoteSails.cpp:HandleResponse:158] Successfully deserialized response, status: 0, result code: 0
[m[0;32;31m1970-01-01 03:01:46.798|E|145916041|lpUCM [IpccProtoMessage.cpp:SerializeParams:112] m_offset, 305152
[m[1;33m1970-01-01 03:01:46.798|W|145916041|lpUCM [RemoteSails.cpp:SendWithRetry:185] Successfully wrote 1052 bytes
[m[0;32;32m1970-01-01 03:01:46.900|I|145916041|lpUCM [RemoteSails.cpp:HandleResponse:149] HandleResponse started, buffer size: 1048
[m[0;32;32m1970-01-01 03:01:46.900|I|145916041|lpUCM [RemoteSails.cpp:HandleResponse:158] Successfully deserialized response, status: 0, result code: 0
[m[0;32;31m1970-01-01 03:01:46.900|E|145916041|lpUCM [IpccProtoMessage.cpp:SerializeParams:112] m_offset, 306176
[m[1;33m1970-01-01 03:01:46.900|W|145916041|lpUCM [RemoteSails.cpp:SendWithRetry:185] Successfully wrote 1052 bytes
[m[0;32;32m1970-01-01 03:01:47.2|I|145916041|lpUCM [RemoteSails.cpp:HandleResponse:149] HandleResponse started, buffer size: 1048
[m[0;32;32m1970-01-01 03:01:47.2|I|145916041|lpUCM [RemoteSails.cpp:HandleResponse:158] Successfully deserialized response, status: 0, result code: 0
[m[0;32;31m1970-01-01 03:01:47.2|E|145916041|lpUCM [IpccProtoMessage.cpp:SerializeParams:112] m_offset, 307200
[m[1;33m1970-01-01 03:01:47.2|W|145916041|lpUCM [RemoteSails.cpp:SendWithRetry:185] Successfully wrote 1052 bytes
[m[0;32;32m1970-01-01 03:01:47.103|I|145916041|lpUCM [RemoteSails.cpp:HandleResponse:149] HandleResponse started, buffer size: 1048
[m[0;32;32m1970-01-01 03:01:47.103|I|145916041|lpUCM [RemoteSails.cpp:HandleResponse:158] Successfully deserialized response, status: 0, result code: 0
[m[0;32;31m1970-01-01 03:01:47.103|E|145916041|lpUCM [IpccProtoMessage.cpp:SerializeParams:112] m_offset, 308224
[m[1;33m1970-01-01 03:01:47.103|W|145916041|lpUCM [RemoteSails.cpp:SendWithRetry:185] Successfully wrote 1052 bytes
[m[0;32;32m1970-01-01 03:01:47.205|I|145916041|lpUCM [RemoteSails.cpp:HandleResponse:149] HandleResponse started, buffer size: 1048
[m[0;32;32m1970-01-01 03:01:47.205|I|145916041|lpUCM [RemoteSails.cpp:HandleResponse:158] Successfully deserialized response, status: 0, result code: 0
[m[0;32;31m1970-01-01 03:01:47.205|E|145916041|lpUCM [IpccProtoMessage.cpp:SerializeParams:112] m_offset, 309248
[m[1;33m1970-01-01 03:01:47.205|W|145916041|lpUCM [RemoteSails.cpp:SendWithRetry:185] Successfully wrote 1052 bytes
[m[0;32;32m1970-01-01 03:01:47.306|I|145916041|lpUCM [RemoteSails.cpp:HandleResponse:149] HandleResponse started, buffer size: 1048
[m[0;32;32m1970-01-01 03:01:47.306|I|145916041|lpUCM [RemoteSails.cpp:HandleResponse:158] Successfully deserialized response, status: 0, result code: 0
[m[0;32;31m1970-01-01 03:01:47.306|E|145916041|lpUCM [IpccProtoMessage.cpp:SerializeParams:112] m_offset, 310272
[m[1;33m1970-01-01 03:01:47.306|W|145916041|lpUCM [RemoteSails.cpp:SendWithRetry:185] Successfully wrote 1052 bytes
[m[0;32;32m1970-01-01 03:01:47.408|I|145916041|lpUCM [RemoteSails.cpp:HandleResponse:149] HandleResponse started, buffer size: 1048
[m[0;32;32m1970-01-01 03:01:47.408|I|145916041|lpUCM [RemoteSails.cpp:HandleResponse:158] Successfully deserialized response, status: 0, result code: 0
[m[0;32;32m1970-01-01 03:01:47.408|I|145916041|lpUCM [RemoteSails.cpp:SailWriteData:272] All data already trans size 16384
[m[0;32;32m1970-01-01 03:01:47.408|I|145916041|lpUCM [fds.cpp:FDS_OnLocalUpgProgress:246] total: 23, curr:23, percent:32, rop:97%
[m[0;32;32m1970-01-01 03:01:47.408|I|145916041|lpUCM [RemoteSails.cpp:SailWriteData:254] total data is 16384
[m[0;32;31m1970-01-01 03:01:47.408|E|145916041|lpUCM [IpccProtoMessage.cpp:SerializeParams:112] m_offset, 311296
[m[1;33m1970-01-01 03:01:47.408|W|145916041|lpUCM [RemoteSails.cpp:SendWithRetry:185] Successfully wrote 1052 bytes
[m[0;32;32m1970-01-01 03:01:47.510|I|145916041|lpUCM [RemoteSails.cpp:HandleResponse:149] HandleResponse started, buffer size: 1048
[m[0;32;32m1970-01-01 03:01:47.510|I|145916041|lpUCM [RemoteSails.cpp:HandleResponse:158] Successfully deserialized response, status: 0, result code: 0
[m[0;32;31m1970-01-01 03:01:47.510|E|145916041|lpUCM [IpccProtoMessage.cpp:SerializeParams:112] m_offset, 312320
[m[1;33m1970-01-01 03:01:47.510|W|145916041|lpUCM [RemoteSails.cpp:SendWithRetry:185] Successfully wrote 1052 bytes
[m[0;32;32m1970-01-01 03:01:47.612|I|145916041|lpUCM [RemoteSails.cpp:HandleResponse:149] HandleResponse started, buffer size: 1048
[m[0;32;32m1970-01-01 03:01:47.612|I|145916041|lpUCM [RemoteSails.cpp:HandleResponse:158] Successfully deserialized response, status: 0, result code: 0
[m[0;32;31m1970-01-01 03:01:47.612|E|145916041|lpUCM [IpccProtoMessage.cpp:SerializeParams:112] m_offset, 313344
[m[1;33m1970-01-01 03:01:47.612|W|145916041|lpUCM [RemoteSails.cpp:SendWithRetry:185] Successfully wrote 1052 bytes
[m[0;32;32m1970-01-01 03:01:47.714|I|145916041|lpUCM [RemoteSails.cpp:HandleResponse:149] HandleResponse started, buffer size: 1048
[m[0;32;32m1970-01-01 03:01:47.714|I|145916041|lpUCM [RemoteSails.cpp:HandleResponse:158] Successfully deserialized response, status: 0, result code: 0
[m[0;32;31m1970-01-01 03:01:47.714|E|145916041|lpUCM [IpccProtoMessage.cpp:SerializeParams:112] m_offset, 314368
[m[1;33m1970-01-01 03:01:47.714|W|145916041|lpUCM [RemoteSails.cpp:SendWithRetry:185] Successfully wrote 1052 bytes
[m[0;32;32m1970-01-01 03:01:47.815|I|145916041|lpUCM [RemoteSails.cpp:HandleResponse:149] HandleResponse started, buffer size: 1048
[m[0;32;32m1970-01-01 03:01:47.815|I|145916041|lpUCM [RemoteSails.cpp:HandleResponse:158] Successfully deserialized response, status: 0, result code: 0
[m[0;32;31m1970-01-01 03:01:47.815|E|145916041|lpUCM [IpccProtoMessage.cpp:SerializeParams:112] m_offset, 315392
[m[1;33m1970-01-01 03:01:47.815|W|145916041|lpUCM [RemoteSails.cpp:SendWithRetry:185] Successfully wrote 1052 bytes
[m[0;32;32m1970-01-01 03:01:47.917|I|145916041|lpUCM [RemoteSails.cpp:HandleResponse:149] HandleResponse started, buffer size: 1048
[m[0;32;32m1970-01-01 03:01:47.917|I|145916041|lpUCM [RemoteSails.cpp:HandleResponse:158] Successfully deserialized response, status: 0, result code: 0
[m[0;32;31m1970-01-01 03:01:47.917|E|145916041|lpUCM [IpccProtoMessage.cpp:SerializeParams:112] m_offset, 316416
[m[1;33m1970-01-01 03:01:47.917|W|145916041|lpUCM [RemoteSails.cpp:SendWithRetry:185] Successfully wrote 1052 bytes
[m[0;32;32m1970-01-01 03:01:48.18|I|145916041|lpUCM [RemoteSails.cpp:HandleResponse:149] HandleResponse started, buffer size: 1048
[m[0;32;32m1970-01-01 03:01:48.18|I|145916041|lpUCM [RemoteSails.cpp:HandleResponse:158] Successfully deserialized response, status: 0, result code: 0
[m[0;32;31m1970-01-01 03:01:48.18|E|145916041|lpUCM [IpccProtoMessage.cpp:SerializeParams:112] m_offset, 317440
[m[1;33m1970-01-01 03:01:48.18|W|145916041|lpUCM [RemoteSails.cpp:SendWithRetry:185] Successfully wrote 1052 bytes
[m[0;32;32m1970-01-01 03:01:48.119|I|145916041|lpUCM [RemoteSails.cpp:HandleResponse:149] HandleResponse started, buffer size: 1048
[m[0;32;32m1970-01-01 03:01:48.119|I|145916041|lpUCM [RemoteSails.cpp:HandleResponse:158] Successfully deserialized response, status: 0, result code: 0
[m[0;32;31m1970-01-01 03:01:48.119|E|145916041|lpUCM [IpccProtoMessage.cpp:SerializeParams:112] m_offset, 318464
[m[1;33m1970-01-01 03:01:48.119|W|145916041|lpUCM [RemoteSails.cpp:SendWithRetry:185] Successfully wrote 1052 bytes
[m[0;32;32m1970-01-01 03:01:48.220|I|145916041|lpUCM [RemoteSails.cpp:HandleResponse:149] HandleResponse started, buffer size: 1048
[m[0;32;32m1970-01-01 03:01:48.220|I|145916041|lpUCM [RemoteSails.cpp:HandleResponse:158] Successfully deserialized response, status: 0, result code: 0
[m[0;32;31m1970-01-01 03:01:48.220|E|145916041|lpUCM [IpccProtoMessage.cpp:SerializeParams:112] m_offset, 319488
[m[1;33m1970-01-01 03:01:48.220|W|145916041|lpUCM [RemoteSails.cpp:SendWithRetry:185] Successfully wrote 1052 bytes
[m[0;32;32m1970-01-01 03:01:48.322|I|145916041|lpUCM [RemoteSails.cpp:HandleResponse:149] HandleResponse started, buffer size: 1048
[m[0;32;32m1970-01-01 03:01:48.322|I|145916041|lpUCM [RemoteSails.cpp:HandleResponse:158] Successfully deserialized response, status: 0, result code: 0
[m[0;32;31m1970-01-01 03:01:48.322|E|145916041|lpUCM [IpccProtoMessage.cpp:SerializeParams:112] m_offset, 320512
[m[1;33m1970-01-01 03:01:48.322|W|145916041|lpUCM [RemoteSails.cpp:SendWithRetry:185] Successfully wrote 1052 bytes
[m[0;32;32m1970-01-01 03:01:48.423|I|145916041|lpUCM [RemoteSails.cpp:HandleResponse:149] HandleResponse started, buffer size: 1048
[m[0;32;32m1970-01-01 03:01:48.423|I|145916041|lpUCM [RemoteSails.cpp:HandleResponse:158] Successfully deserialized response, status: 0, result code: 0
[m[0;32;31m1970-01-01 03:01:48.423|E|145916041|lpUCM [IpccProtoMessage.cpp:SerializeParams:112] m_offset, 321536
[m[1;33m1970-01-01 03:01:48.423|W|145916041|lpUCM [RemoteSails.cpp:SendWithRetry:185] Successfully wrote 1052 bytes
[m[0;32;32m1970-01-01 03:01:48.525|I|145916041|lpUCM [RemoteSails.cpp:HandleResponse:149] HandleResponse started, buffer size: 1048
[m[0;32;32m1970-01-01 03:01:48.525|I|145916041|lpUCM [RemoteSails.cpp:HandleResponse:158] Successfully deserialized response, status: 0, result code: 0
[m[0;32;31m1970-01-01 03:01:48.525|E|145916041|lpUCM [IpccProtoMessage.cpp:SerializeParams:112] m_offset, 322560
[m[1;33m1970-01-01 03:01:48.525|W|145916041|lpUCM [RemoteSails.cpp:SendWithRetry:185] Successfully wrote 1052 bytes
[m[0;32;32m1970-01-01 03:01:48.627|I|145916041|lpUCM [RemoteSails.cpp:HandleResponse:149] HandleResponse started, buffer size: 1048
[m[0;32;32m1970-01-01 03:01:48.627|I|145916041|lpUCM [RemoteSails.cpp:HandleResponse:158] Successfully deserialized response, status: 0, result code: 0
[m[0;32;31m1970-01-01 03:01:48.627|E|145916041|lpUCM [IpccProtoMessage.cpp:SerializeParams:112] m_offset, 323584
[m[1;33m1970-01-01 03:01:48.627|W|145916041|lpUCM [RemoteSails.cpp:SendWithRetry:185] Successfully wrote 1052 bytes
[m[0;32;32m1970-01-01 03:01:48.729|I|145916041|lpUCM [RemoteSails.cpp:HandleResponse:149] HandleResponse started, buffer size: 1048
[m[0;32;32m1970-01-01 03:01:48.729|I|145916041|lpUCM [RemoteSails.cpp:HandleResponse:158] Successfully deserialized response, status: 0, result code: 0
[m[0;32;31m1970-01-01 03:01:48.729|E|145916041|lpUCM [IpccProtoMessage.cpp:SerializeParams:112] m_offset, 324608
[m[1;33m1970-01-01 03:01:48.729|W|145916041|lpUCM [RemoteSails.cpp:SendWithRetry:185] Successfully wrote 1052 bytes
[m[0;32;32m1970-01-01 03:01:48.830|I|145916041|lpUCM [RemoteSails.cpp:HandleResponse:149] HandleResponse started, buffer size: 1048
[m[0;32;32m1970-01-01 03:01:48.830|I|145916041|lpUCM [RemoteSails.cpp:HandleResponse:158] Successfully deserialized response, status: 0, result code: 0
[m[0;32;31m1970-01-01 03:01:48.830|E|145916041|lpUCM [IpccProtoMessage.cpp:SerializeParams:112] m_offset, 325632
[m[1;33m1970-01-01 03:01:48.830|W|145916041|lpUCM [RemoteSails.cpp:SendWithRetry:185] Successfully wrote 1052 bytes
[m[0;32;32m1970-01-01 03:01:48.932|I|145916041|lpUCM [RemoteSails.cpp:HandleResponse:149] HandleResponse started, buffer size: 1048
[m[0;32;32m1970-01-01 03:01:48.932|I|145916041|lpUCM [RemoteSails.cpp:HandleResponse:158] Successfully deserialized response, status: 0, result code: 0
[m[0;32;31m1970-01-01 03:01:48.932|E|145916041|lpUCM [IpccProtoMessage.cpp:SerializeParams:112] m_offset, 326656
[m[1;33m1970-01-01 03:01:48.932|W|145916041|lpUCM [RemoteSails.cpp:SendWithRetry:185] Successfully wrote 1052 bytes
[m[0;32;32m1970-01-01 03:01:49.34|I|145916041|lpUCM [RemoteSails.cpp:HandleResponse:149] HandleResponse started, buffer size: 1048
[m[0;32;32m1970-01-01 03:01:49.34|I|145916041|lpUCM [RemoteSails.cpp:HandleResponse:158] Successfully deserialized response, status: 0, result code: 0
[m[0;32;32m1970-01-01 03:01:49.34|I|145916041|lpUCM [RemoteSails.cpp:SailWriteData:272] All data already trans size 16384
[m[0;32;32m1970-01-01 03:01:49.34|I|145916041|lpUCM [fds.cpp:FDS_OnLocalUpgProgress:246] total: 23, curr:23, percent:33, rop:97%
[m[0;32;32m1970-01-01 03:01:49.34|I|145916041|lpUCM [RemoteSails.cpp:SailWriteData:254] total data is 16384
[m[0;32;31m1970-01-01 03:01:49.34|E|145916041|lpUCM [IpccProtoMessage.cpp:SerializeParams:112] m_offset, 327680
[m[1;33m1970-01-01 03:01:49.34|W|145916041|lpUCM [RemoteSails.cpp:SendWithRetry:185] Successfully wrote 1052 bytes
[m[0;32;32m1970-01-01 03:01:49.136|I|145916041|lpUCM [RemoteSails.cpp:HandleResponse:149] HandleResponse started, buffer size: 1048
[m[0;32;32m1970-01-01 03:01:49.136|I|145916041|lpUCM [RemoteSails.cpp:HandleResponse:158] Successfully deserialized response, status: 0, result code: 0
[m[0;32;31m1970-01-01 03:01:49.136|E|145916041|lpUCM [IpccProtoMessage.cpp:SerializeParams:112] m_offset, 328704
[m[1;33m1970-01-01 03:01:49.136|W|145916041|lpUCM [RemoteSails.cpp:SendWithRetry:185] Successfully wrote 1052 bytes
[m[0;32;32m1970-01-01 03:01:49.237|I|145916041|lpUCM [RemoteSails.cpp:HandleResponse:149] HandleResponse started, buffer size: 1048
[m[0;32;32m1970-01-01 03:01:49.237|I|145916041|lpUCM [RemoteSails.cpp:HandleResponse:158] Successfully deserialized response, status: 0, result code: 0
[m[0;32;31m1970-01-01 03:01:49.237|E|145916041|lpUCM [IpccProtoMessage.cpp:SerializeParams:112] m_offset, 329728
[m[1;33m1970-01-01 03:01:49.237|W|145916041|lpUCM [RemoteSails.cpp:SendWithRetry:185] Successfully wrote 1052 bytes
[m[0;32;32m1970-01-01 03:01:49.338|I|145916041|lpUCM [RemoteSails.cpp:HandleResponse:149] HandleResponse started, buffer size: 1048
[m[0;32;32m1970-01-01 03:01:49.338|I|145916041|lpUCM [RemoteSails.cpp:HandleResponse:158] Successfully deserialized response, status: 0, result code: 0
[m[0;32;31m1970-01-01 03:01:49.338|E|145916041|lpUCM [IpccProtoMessage.cpp:SerializeParams:112] m_offset, 330752
[m[1;33m1970-01-01 03:01:49.338|W|145916041|lpUCM [RemoteSails.cpp:SendWithRetry:185] Successfully wrote 1052 bytes
[m[0;32;32m1970-01-01 03:01:49.439|I|145916041|lpUCM [RemoteSails.cpp:HandleResponse:149] HandleResponse started, buffer size: 1048
[m[0;32;32m1970-01-01 03:01:49.439|I|145916041|lpUCM [RemoteSails.cpp:HandleResponse:158] Successfully deserialized response, status: 0, result code: 0
[m[0;32;31m1970-01-01 03:01:49.439|E|145916041|lpUCM [IpccProtoMessage.cpp:SerializeParams:112] m_offset, 331776
[m[1;33m1970-01-01 03:01:49.439|W|145916041|lpUCM [RemoteSails.cpp:SendWithRetry:185] Successfully wrote 1052 bytes
[m[0;32;32m1970-01-01 03:01:49.540|I|145916041|lpUCM [RemoteSails.cpp:HandleResponse:149] HandleResponse started, buffer size: 1048
[m[0;32;32m1970-01-01 03:01:49.540|I|145916041|lpUCM [RemoteSails.cpp:HandleResponse:158] Successfully deserialized response, status: 0, result code: 0
[m[0;32;31m1970-01-01 03:01:49.540|E|145916041|lpUCM [IpccProtoMessage.cpp:SerializeParams:112] m_offset, 332800
[m[1;33m1970-01-01 03:01:49.540|W|145916041|lpUCM [RemoteSails.cpp:SendWithRetry:185] Successfully wrote 1052 bytes
[m[0;32;32m1970-01-01 03:01:49.641|I|145916041|lpUCM [RemoteSails.cpp:HandleResponse:149] HandleResponse started, buffer size: 1048
[m[0;32;32m1970-01-01 03:01:49.641|I|145916041|lpUCM [RemoteSails.cpp:HandleResponse:158] Successfully deserialized response, status: 0, result code: 0
[m[0;32;31m1970-01-01 03:01:49.641|E|145916041|lpUCM [IpccProtoMessage.cpp:SerializeParams:112] m_offset, 333824
[m[1;33m1970-01-01 03:01:49.641|W|145916041|lpUCM [RemoteSails.cpp:SendWithRetry:185] Successfully wrote 1052 bytes
[m[0;32;32m1970-01-01 03:01:49.742|I|145916041|lpUCM [RemoteSails.cpp:HandleResponse:149] HandleResponse started, buffer size: 1048
[m[0;32;32m1970-01-01 03:01:49.742|I|145916041|lpUCM [RemoteSails.cpp:HandleResponse:158] Successfully deserialized response, status: 0, result code: 0
[m[0;32;31m1970-01-01 03:01:49.742|E|145916041|lpUCM [IpccProtoMessage.cpp:SerializeParams:112] m_offset, 334848
[m[1;33m1970-01-01 03:01:49.742|W|145916041|lpUCM [RemoteSails.cpp:SendWithRetry:185] Successfully wrote 1052 bytes
[m[0;32;32m1970-01-01 03:01:49.843|I|145916041|lpUCM [RemoteSails.cpp:HandleResponse:149] HandleResponse started, buffer size: 1048
[m[0;32;32m1970-01-01 03:01:49.843|I|145916041|lpUCM [RemoteSails.cpp:HandleResponse:158] Successfully deserialized response, status: 0, result code: 0
[m[0;32;31m1970-01-01 03:01:49.843|E|145916041|lpUCM [IpccProtoMessage.cpp:SerializeParams:112] m_offset, 335872
[m[1;33m1970-01-01 03:01:49.843|W|145916041|lpUCM [RemoteSails.cpp:SendWithRetry:185] Successfully wrote 1052 bytes
[m[0;32;32m1970-01-01 03:01:49.945|I|145916041|lpUCM [RemoteSails.cpp:HandleResponse:149] HandleResponse started, buffer size: 1048
[m[0;32;32m1970-01-01 03:01:49.945|I|145916041|lpUCM [RemoteSails.cpp:HandleResponse:158] Successfully deserialized response, status: 0, result code: 0
[m[0;32;31m1970-01-01 03:01:49.945|E|145916041|lpUCM [IpccProtoMessage.cpp:SerializeParams:112] m_offset, 336896
[m[1;33m1970-01-01 03:01:49.945|W|145916041|lpUCM [RemoteSails.cpp:SendWithRetry:185] Successfully wrote 1052 bytes
[m[0;32;32m1970-01-01 03:01:50.47|I|145916041|lpUCM [RemoteSails.cpp:HandleResponse:149] HandleResponse started, buffer size: 1048
[m[0;32;32m1970-01-01 03:01:50.47|I|145916041|lpUCM [RemoteSails.cpp:HandleResponse:158] Successfully deserialized response, status: 0, result code: 0
[m[0;32;31m1970-01-01 03:01:50.47|E|145916041|lpUCM [IpccProtoMessage.cpp:SerializeParams:112] m_offset, 337920
[m[1;33m1970-01-01 03:01:50.47|W|145916041|lpUCM [RemoteSails.cpp:SendWithRetry:185] Successfully wrote 1052 bytes
[m[0;32;32m1970-01-01 03:01:50.148|I|145916041|lpUCM [RemoteSails.cpp:HandleResponse:149] HandleResponse started, buffer size: 1048
[m[0;32;32m1970-01-01 03:01:50.148|I|145916041|lpUCM [RemoteSails.cpp:HandleResponse:158] Successfully deserialized response, status: 0, result code: 0
[m[0;32;31m1970-01-01 03:01:50.148|E|145916041|lpUCM [IpccProtoMessage.cpp:SerializeParams:112] m_offset, 338944
[m[1;33m1970-01-01 03:01:50.148|W|145916041|lpUCM [RemoteSails.cpp:SendWithRetry:185] Successfully wrote 1052 bytes
[m[0;32;32m1970-01-01 03:01:50.250|I|145916041|lpUCM [RemoteSails.cpp:HandleResponse:149] HandleResponse started, buffer size: 1048
[m[0;32;32m1970-01-01 03:01:50.250|I|145916041|lpUCM [RemoteSails.cpp:HandleResponse:158] Successfully deserialized response, status: 0, result code: 0
[m[0;32;31m1970-01-01 03:01:50.250|E|145916041|lpUCM [IpccProtoMessage.cpp:SerializeParams:112] m_offset, 339968
[m[1;33m1970-01-01 03:01:50.250|W|145916041|lpUCM [RemoteSails.cpp:SendWithRetry:185] Successfully wrote 1052 bytes
[m[0;32;32m1970-01-01 03:01:50.352|I|145916041|lpUCM [RemoteSails.cpp:HandleResponse:149] HandleResponse started, buffer size: 1048
[m[0;32;32m1970-01-01 03:01:50.352|I|145916041|lpUCM [RemoteSails.cpp:HandleResponse:158] Successfully deserialized response, status: 0, result code: 0
[m[0;32;31m1970-01-01 03:01:50.352|E|145916041|lpUCM [IpccProtoMessage.cpp:SerializeParams:112] m_offset, 340992
[m[1;33m1970-01-01 03:01:50.352|W|145916041|lpUCM [RemoteSails.cpp:SendWithRetry:185] Successfully wrote 1052 bytes
[m[0;32;32m1970-01-01 03:01:50.454|I|145916041|lpUCM [RemoteSails.cpp:HandleResponse:149] HandleResponse started, buffer size: 1048
[m[0;32;32m1970-01-01 03:01:50.454|I|145916041|lpUCM [RemoteSails.cpp:HandleResponse:158] Successfully deserialized response, status: 0, result code: 0
[m[0;32;31m1970-01-01 03:01:50.454|E|145916041|lpUCM [IpccProtoMessage.cpp:SerializeParams:112] m_offset, 342016
[m[1;33m1970-01-01 03:01:50.454|W|145916041|lpUCM [RemoteSails.cpp:SendWithRetry:185] Successfully wrote 1052 bytes
[m[0;32;32m1970-01-01 03:01:50.556|I|145916041|lpUCM [RemoteSails.cpp:HandleResponse:149] HandleResponse started, buffer size: 1048
[m[0;32;32m1970-01-01 03:01:50.556|I|145916041|lpUCM [RemoteSails.cpp:HandleResponse:158] Successfully deserialized response, status: 0, result code: 0
[m[0;32;31m1970-01-01 03:01:50.556|E|145916041|lpUCM [IpccProtoMessage.cpp:SerializeParams:112] m_offset, 343040
[m[1;33m1970-01-01 03:01:50.556|W|145916041|lpUCM [RemoteSails.cpp:SendWithRetry:185] Successfully wrote 1052 bytes
[m[0;32;32m1970-01-01 03:01:50.657|I|145916041|lpUCM [RemoteSails.cpp:HandleResponse:149] HandleResponse started, buffer size: 1048
[m[0;32;32m1970-01-01 03:01:50.657|I|145916041|lpUCM [RemoteSails.cpp:HandleResponse:158] Successfully deserialized response, status: 0, result code: 0
[m[0;32;32m1970-01-01 03:01:50.657|I|145916041|lpUCM [RemoteSails.cpp:SailWriteData:272] All data already trans size 16384
[m[0;32;32m1970-01-01 03:01:50.657|I|145916041|lpUCM [fds.cpp:FDS_OnLocalUpgProgress:246] total: 23, curr:23, percent:34, rop:97%
[m[0;32;32m1970-01-01 03:01:50.657|I|145916041|lpUCM [RemoteSails.cpp:SailWriteData:254] total data is 16384
[m[0;32;31m1970-01-01 03:01:50.657|E|145916041|lpUCM [IpccProtoMessage.cpp:SerializeParams:112] m_offset, 344064
[m[1;33m1970-01-01 03:01:50.657|W|145916041|lpUCM [RemoteSails.cpp:SendWithRetry:185] Successfully wrote 1052 bytes
[m[0;32;32m1970-01-01 03:01:50.758|I|145916041|lpUCM [RemoteSails.cpp:HandleResponse:149] HandleResponse started, buffer size: 1048
[m[0;32;32m1970-01-01 03:01:50.758|I|145916041|lpUCM [RemoteSails.cpp:HandleResponse:158] Successfully deserialized response, status: 0, result code: 0
[m[0;32;31m1970-01-01 03:01:50.758|E|145916041|lpUCM [IpccProtoMessage.cpp:SerializeParams:112] m_offset, 345088
[m[1;33m1970-01-01 03:01:50.758|W|145916041|lpUCM [RemoteSails.cpp:SendWithRetry:185] Successfully wrote 1052 bytes
[m[0;32;32m1970-01-01 03:01:50.859|I|145916041|lpUCM [RemoteSails.cpp:HandleResponse:149] HandleResponse started, buffer size: 1048
[m[0;32;32m1970-01-01 03:01:50.859|I|145916041|lpUCM [RemoteSails.cpp:HandleResponse:158] Successfully deserialized response, status: 0, result code: 0
[m[0;32;31m1970-01-01 03:01:50.859|E|145916041|lpUCM [IpccProtoMessage.cpp:SerializeParams:112] m_offset, 346112
[m[1;33m1970-01-01 03:01:50.859|W|145916041|lpUCM [RemoteSails.cpp:SendWithRetry:185] Successfully wrote 1052 bytes
[m[0;32;32m1970-01-01 03:01:50.961|I|145916041|lpUCM [RemoteSails.cpp:HandleResponse:149] HandleResponse started, buffer size: 1048
[m[0;32;32m1970-01-01 03:01:50.961|I|145916041|lpUCM [RemoteSails.cpp:HandleResponse:158] Successfully deserialized response, status: 0, result code: 0
[m[0;32;31m1970-01-01 03:01:50.961|E|145916041|lpUCM [IpccProtoMessage.cpp:SerializeParams:112] m_offset, 347136
[m[1;33m1970-01-01 03:01:50.961|W|145916041|lpUCM [RemoteSails.cpp:SendWithRetry:185] Successfully wrote 1052 bytes
[m[0;32;32m1970-01-01 03:01:51.62|I|145916041|lpUCM [RemoteSails.cpp:HandleResponse:149] HandleResponse started, buffer size: 1048
[m[0;32;32m1970-01-01 03:01:51.62|I|145916041|lpUCM [RemoteSails.cpp:HandleResponse:158] Successfully deserialized response, status: 0, result code: 0
[m[0;32;31m1970-01-01 03:01:51.62|E|145916041|lpUCM [IpccProtoMessage.cpp:SerializeParams:112] m_offset, 348160
[m[1;33m1970-01-01 03:01:51.62|W|145916041|lpUCM [RemoteSails.cpp:SendWithRetry:185] Successfully wrote 1052 bytes
[m[0;32;32m1970-01-01 03:01:51.164|I|145916041|lpUCM [RemoteSails.cpp:HandleResponse:149] HandleResponse started, buffer size: 1048
[m[0;32;32m1970-01-01 03:01:51.164|I|145916041|lpUCM [RemoteSails.cpp:HandleResponse:158] Successfully deserialized response, status: 0, result code: 0
[m[0;32;31m1970-01-01 03:01:51.164|E|145916041|lpUCM [IpccProtoMessage.cpp:SerializeParams:112] m_offset, 349184
[m[1;33m1970-01-01 03:01:51.164|W|145916041|lpUCM [RemoteSails.cpp:SendWithRetry:185] Successfully wrote 1052 bytes
[m[0;32;32m1970-01-01 03:01:51.265|I|145916041|lpUCM [RemoteSails.cpp:HandleResponse:149] HandleResponse started, buffer size: 1048
[m[0;32;32m1970-01-01 03:01:51.265|I|145916041|lpUCM [RemoteSails.cpp:HandleResponse:158] Successfully deserialized response, status: 0, result code: 0
[m[0;32;31m1970-01-01 03:01:51.265|E|145916041|lpUCM [IpccProtoMessage.cpp:SerializeParams:112] m_offset, 350208
[m[1;33m1970-01-01 03:01:51.265|W|145916041|lpUCM [RemoteSails.cpp:SendWithRetry:185] Successfully wrote 1052 bytes
[m[0;32;32m1970-01-01 03:01:51.367|I|145916041|lpUCM [RemoteSails.cpp:HandleResponse:149] HandleResponse started, buffer size: 1048
[m[0;32;32m1970-01-01 03:01:51.367|I|145916041|lpUCM [RemoteSails.cpp:HandleResponse:158] Successfully deserialized response, status: 0, result code: 0
[m[0;32;31m1970-01-01 03:01:51.367|E|145916041|lpUCM [IpccProtoMessage.cpp:SerializeParams:112] m_offset, 351232
[m[1;33m1970-01-01 03:01:51.367|W|145916041|lpUCM [RemoteSails.cpp:SendWithRetry:185] Successfully wrote 1052 bytes
[m[0;32;32m1970-01-01 03:01:51.468|I|145916041|lpUCM [RemoteSails.cpp:HandleResponse:149] HandleResponse started, buffer size: 1048
[m[0;32;32m1970-01-01 03:01:51.468|I|145916041|lpUCM [RemoteSails.cpp:HandleResponse:158] Successfully deserialized response, status: 0, result code: 0
[m[0;32;31m1970-01-01 03:01:51.468|E|145916041|lpUCM [IpccProtoMessage.cpp:SerializeParams:112] m_offset, 352256
[m[1;33m1970-01-01 03:01:51.468|W|145916041|lpUCM [RemoteSails.cpp:SendWithRetry:185] Successfully wrote 1052 bytes
[m[0;32;32m1970-01-01 03:01:51.569|I|145916041|lpUCM [RemoteSails.cpp:HandleResponse:149] HandleResponse started, buffer size: 1048
[m[0;32;32m1970-01-01 03:01:51.569|I|145916041|lpUCM [RemoteSails.cpp:HandleResponse:158] Successfully deserialized response, status: 0, result code: 0
[m[0;32;31m1970-01-01 03:01:51.569|E|145916041|lpUCM [IpccProtoMessage.cpp:SerializeParams:112] m_offset, 353280
[m[1;33m1970-01-01 03:01:51.569|W|145916041|lpUCM [RemoteSails.cpp:SendWithRetry:185] Successfully wrote 1052 bytes
[m[0;32;32m1970-01-01 03:01:51.670|I|145916041|lpUCM [RemoteSails.cpp:HandleResponse:149] HandleResponse started, buffer size: 1048
[m[0;32;32m1970-01-01 03:01:51.670|I|145916041|lpUCM [RemoteSails.cpp:HandleResponse:158] Successfully deserialized response, status: 0, result code: 0
[m[0;32;31m1970-01-01 03:01:51.670|E|145916041|lpUCM [IpccProtoMessage.cpp:SerializeParams:112] m_offset, 354304
[m[1;33m1970-01-01 03:01:51.670|W|145916041|lpUCM [RemoteSails.cpp:SendWithRetry:185] Successfully wrote 1052 bytes
[m[0;32;32m1970-01-01 03:01:51.771|I|145916041|lpUCM [RemoteSails.cpp:HandleResponse:149] HandleResponse started, buffer size: 1048
[m[0;32;32m1970-01-01 03:01:51.771|I|145916041|lpUCM [RemoteSails.cpp:HandleResponse:158] Successfully deserialized response, status: 0, result code: 0
[m[0;32;31m1970-01-01 03:01:51.771|E|145916041|lpUCM [IpccProtoMessage.cpp:SerializeParams:112] m_offset, 355328
[m[1;33m1970-01-01 03:01:51.771|W|145916041|lpUCM [RemoteSails.cpp:SendWithRetry:185] Successfully wrote 1052 bytes
[m[0;32;32m1970-01-01 03:01:51.873|I|145916041|lpUCM [RemoteSails.cpp:HandleResponse:149] HandleResponse started, buffer size: 1048
[m[0;32;32m1970-01-01 03:01:51.873|I|145916041|lpUCM [RemoteSails.cpp:HandleResponse:158] Successfully deserialized response, status: 0, result code: 0
[m[0;32;31m1970-01-01 03:01:51.873|E|145916041|lpUCM [IpccProtoMessage.cpp:SerializeParams:112] m_offset, 356352
[m[1;33m1970-01-01 03:01:51.873|W|145916041|lpUCM [RemoteSails.cpp:SendWithRetry:185] Successfully wrote 1052 bytes
[m[0;32;32m1970-01-01 03:01:51.975|I|145916041|lpUCM [RemoteSails.cpp:HandleResponse:149] HandleResponse started, buffer size: 1048
[m[0;32;32m1970-01-01 03:01:51.975|I|145916041|lpUCM [RemoteSails.cpp:HandleResponse:158] Successfully deserialized response, status: 0, result code: 0
[m[0;32;31m1970-01-01 03:01:51.975|E|145916041|lpUCM [IpccProtoMessage.cpp:SerializeParams:112] m_offset, 357376
[m[1;33m1970-01-01 03:01:51.975|W|145916041|lpUCM [RemoteSails.cpp:SendWithRetry:185] Successfully wrote 1052 bytes
[m[0;32;32m1970-01-01 03:01:52.76|I|145916041|lpUCM [RemoteSails.cpp:HandleResponse:149] HandleResponse started, buffer size: 1048
[m[0;32;32m1970-01-01 03:01:52.76|I|145916041|lpUCM [RemoteSails.cpp:HandleResponse:158] Successfully deserialized response, status: 0, result code: 0
[m[0;32;31m1970-01-01 03:01:52.76|E|145916041|lpUCM [IpccProtoMessage.cpp:SerializeParams:112] m_offset, 358400
[m[1;33m1970-01-01 03:01:52.76|W|145916041|lpUCM [RemoteSails.cpp:SendWithRetry:185] Successfully wrote 1052 bytes
[m[0;32;32m1970-01-01 03:01:52.177|I|145916041|lpUCM [RemoteSails.cpp:HandleResponse:149] HandleResponse started, buffer size: 1048
[m[0;32;32m1970-01-01 03:01:52.177|I|145916041|lpUCM [RemoteSails.cpp:HandleResponse:158] Successfully deserialized response, status: 0, result code: 0
[m[0;32;31m1970-01-01 03:01:52.177|E|145916041|lpUCM [IpccProtoMessage.cpp:SerializeParams:112] m_offset, 359424
[m[1;33m1970-01-01 03:01:52.177|W|145916041|lpUCM [RemoteSails.cpp:SendWithRetry:185] Successfully wrote 1052 bytes
[m[0;32;32m1970-01-01 03:01:52.279|I|145916041|lpUCM [RemoteSails.cpp:HandleResponse:149] HandleResponse started, buffer size: 1048
[m[0;32;32m1970-01-01 03:01:52.279|I|145916041|lpUCM [RemoteSails.cpp:HandleResponse:158] Successfully deserialized response, status: 0, result code: 0
[m[0;32;32m1970-01-01 03:01:52.279|I|145916041|lpUCM [RemoteSails.cpp:SailWriteData:272] All data already trans size 16384
[m[0;32;32m1970-01-01 03:01:52.279|I|145916041|lpUCM [fds.cpp:FDS_OnLocalUpgProgress:246] total: 23, curr:23, percent:35, rop:97%
[m[0;32;32m1970-01-01 03:01:52.279|I|145916041|lpUCM [RemoteSails.cpp:SailWriteData:254] total data is 16384
[m[0;32;31m1970-01-01 03:01:52.279|E|145916041|lpUCM [IpccProtoMessage.cpp:SerializeParams:112] m_offset, 360448
[m[1;33m1970-01-01 03:01:52.279|W|145916041|lpUCM [RemoteSails.cpp:SendWithRetry:185] Successfully wrote 1052 bytes
[m[0;32;32m1970-01-01 03:01:52.381|I|145916041|lpUCM [RemoteSails.cpp:HandleResponse:149] HandleResponse started, buffer size: 1048
[m[0;32;32m1970-01-01 03:01:52.381|I|145916041|lpUCM [RemoteSails.cpp:HandleResponse:158] Successfully deserialized response, status: 0, result code: 0
[m[0;32;31m1970-01-01 03:01:52.381|E|145916041|lpUCM [IpccProtoMessage.cpp:SerializeParams:112] m_offset, 361472
[m[1;33m1970-01-01 03:01:52.381|W|145916041|lpUCM [RemoteSails.cpp:SendWithRetry:185] Successfully wrote 1052 bytes
[m[0;32;32m1970-01-01 03:01:52.482|I|145916041|lpUCM [RemoteSails.cpp:HandleResponse:149] HandleResponse started, buffer size: 1048
[m[0;32;32m1970-01-01 03:01:52.482|I|145916041|lpUCM [RemoteSails.cpp:HandleResponse:158] Successfully deserialized response, status: 0, result code: 0
[m[0;32;31m1970-01-01 03:01:52.482|E|145916041|lpUCM [IpccProtoMessage.cpp:SerializeParams:112] m_offset, 362496
[m[1;33m1970-01-01 03:01:52.482|W|145916041|lpUCM [RemoteSails.cpp:SendWithRetry:185] Successfully wrote 1052 bytes
[m[0;32;32m1970-01-01 03:01:52.583|I|145916041|lpUCM [RemoteSails.cpp:HandleResponse:149] HandleResponse started, buffer size: 1048
[m[0;32;32m1970-01-01 03:01:52.583|I|145916041|lpUCM [RemoteSails.cpp:HandleResponse:158] Successfully deserialized response, status: 0, result code: 0
[m[0;32;31m1970-01-01 03:01:52.583|E|145916041|lpUCM [IpccProtoMessage.cpp:SerializeParams:112] m_offset, 363520
[m[1;33m1970-01-01 03:01:52.583|W|145916041|lpUCM [RemoteSails.cpp:SendWithRetry:185] Successfully wrote 1052 bytes
[m[0;32;32m1970-01-01 03:01:52.684|I|145916041|lpUCM [RemoteSails.cpp:HandleResponse:149] HandleResponse started, buffer size: 1048
[m[0;32;32m1970-01-01 03:01:52.684|I|145916041|lpUCM [RemoteSails.cpp:HandleResponse:158] Successfully deserialized response, status: 0, result code: 0
[m[0;32;31m1970-01-01 03:01:52.684|E|145916041|lpUCM [IpccProtoMessage.cpp:SerializeParams:112] m_offset, 364544
[m[1;33m1970-01-01 03:01:52.684|W|145916041|lpUCM [RemoteSails.cpp:SendWithRetry:185] Successfully wrote 1052 bytes
[m[0;32;32m1970-01-01 03:01:52.786|I|145916041|lpUCM [RemoteSails.cpp:HandleResponse:149] HandleResponse started, buffer size: 1048
[m[0;32;32m1970-01-01 03:01:52.786|I|145916041|lpUCM [RemoteSails.cpp:HandleResponse:158] Successfully deserialized response, status: 0, result code: 0
[m[0;32;31m1970-01-01 03:01:52.786|E|145916041|lpUCM [IpccProtoMessage.cpp:SerializeParams:112] m_offset, 365568
[m[1;33m1970-01-01 03:01:52.786|W|145916041|lpUCM [RemoteSails.cpp:SendWithRetry:185] Successfully wrote 1052 bytes
[m[0;32;32m1970-01-01 03:01:52.888|I|145916041|lpUCM [RemoteSails.cpp:HandleResponse:149] HandleResponse started, buffer size: 1048
[m[0;32;32m1970-01-01 03:01:52.888|I|145916041|lpUCM [RemoteSails.cpp:HandleResponse:158] Successfully deserialized response, status: 0, result code: 0
[m[0;32;31m1970-01-01 03:01:52.888|E|145916041|lpUCM [IpccProtoMessage.cpp:SerializeParams:112] m_offset, 366592
[m[1;33m1970-01-01 03:01:52.888|W|145916041|lpUCM [RemoteSails.cpp:SendWithRetry:185] Successfully wrote 1052 bytes
[m[0;32;32m1970-01-01 03:01:52.990|I|145916041|lpUCM [RemoteSails.cpp:HandleResponse:149] HandleResponse started, buffer size: 1048
[m[0;32;32m1970-01-01 03:01:52.990|I|145916041|lpUCM [RemoteSails.cpp:HandleResponse:158] Successfully deserialized response, status: 0, result code: 0
[m[0;32;31m1970-01-01 03:01:52.990|E|145916041|lpUCM [IpccProtoMessage.cpp:SerializeParams:112] m_offset, 367616
[m[1;33m1970-01-01 03:01:52.990|W|145916041|lpUCM [RemoteSails.cpp:SendWithRetry:185] Successfully wrote 1052 bytes
[m[0;32;32m1970-01-01 03:01:53.91|I|145916041|lpUCM [RemoteSails.cpp:HandleResponse:149] HandleResponse started, buffer size: 1048
[m[0;32;32m1970-01-01 03:01:53.91|I|145916041|lpUCM [RemoteSails.cpp:HandleResponse:158] Successfully deserialized response, status: 0, result code: 0
[m[0;32;31m1970-01-01 03:01:53.91|E|145916041|lpUCM [IpccProtoMessage.cpp:SerializeParams:112] m_offset, 368640
[m[1;33m1970-01-01 03:01:53.91|W|145916041|lpUCM [RemoteSails.cpp:SendWithRetry:185] Successfully wrote 1052 bytes
[m[0;32;32m1970-01-01 03:01:53.192|I|145916041|lpUCM [RemoteSails.cpp:HandleResponse:149] HandleResponse started, buffer size: 1048
[m[0;32;32m1970-01-01 03:01:53.192|I|145916041|lpUCM [RemoteSails.cpp:HandleResponse:158] Successfully deserialized response, status: 0, result code: 0
[m[0;32;31m1970-01-01 03:01:53.192|E|145916041|lpUCM [IpccProtoMessage.cpp:SerializeParams:112] m_offset, 369664
[m[1;33m1970-01-01 03:01:53.192|W|145916041|lpUCM [RemoteSails.cpp:SendWithRetry:185] Successfully wrote 1052 bytes
[m[0;32;32m1970-01-01 03:01:53.294|I|145916041|lpUCM [RemoteSails.cpp:HandleResponse:149] HandleResponse started, buffer size: 1048
[m[0;32;32m1970-01-01 03:01:53.294|I|145916041|lpUCM [RemoteSails.cpp:HandleResponse:158] Successfully deserialized response, status: 0, result code: 0
[m[0;32;31m1970-01-01 03:01:53.294|E|145916041|lpUCM [IpccProtoMessage.cpp:SerializeParams:112] m_offset, 370688
[m[1;33m1970-01-01 03:01:53.294|W|145916041|lpUCM [RemoteSails.cpp:SendWithRetry:185] Successfully wrote 1052 bytes
[m[0;32;32m1970-01-01 03:01:53.396|I|145916041|lpUCM [RemoteSails.cpp:HandleResponse:149] HandleResponse started, buffer size: 1048
[m[0;32;32m1970-01-01 03:01:53.396|I|145916041|lpUCM [RemoteSails.cpp:HandleResponse:158] Successfully deserialized response, status: 0, result code: 0
[m[0;32;31m1970-01-01 03:01:53.396|E|145916041|lpUCM [IpccProtoMessage.cpp:SerializeParams:112] m_offset, 371712
[m[1;33m1970-01-01 03:01:53.396|W|145916041|lpUCM [RemoteSails.cpp:SendWithRetry:185] Successfully wrote 1052 bytes
[m[0;32;32m1970-01-01 03:01:53.497|I|145916041|lpUCM [RemoteSails.cpp:HandleResponse:149] HandleResponse started, buffer size: 1048
[m[0;32;32m1970-01-01 03:01:53.497|I|145916041|lpUCM [RemoteSails.cpp:HandleResponse:158] Successfully deserialized response, status: 0, result code: 0
[m[0;32;31m1970-01-01 03:01:53.497|E|145916041|lpUCM [IpccProtoMessage.cpp:SerializeParams:112] m_offset, 372736
[m[1;33m1970-01-01 03:01:53.497|W|145916041|lpUCM [RemoteSails.cpp:SendWithRetry:185] Successfully wrote 1052 bytes
[m[0;32;32m1970-01-01 03:01:53.598|I|145916041|lpUCM [RemoteSails.cpp:HandleResponse:149] HandleResponse started, buffer size: 1048
[m[0;32;32m1970-01-01 03:01:53.598|I|145916041|lpUCM [RemoteSails.cpp:HandleResponse:158] Successfully deserialized response, status: 0, result code: 0
[m[0;32;31m1970-01-01 03:01:53.598|E|145916041|lpUCM [IpccProtoMessage.cpp:SerializeParams:112] m_offset, 373760
[m[1;33m1970-01-01 03:01:53.598|W|145916041|lpUCM [RemoteSails.cpp:SendWithRetry:185] Successfully wrote 1052 bytes
[m[0;32;32m1970-01-01 03:01:53.699|I|145916041|lpUCM [RemoteSails.cpp:HandleResponse:149] HandleResponse started, buffer size: 1048
[m[0;32;32m1970-01-01 03:01:53.699|I|145916041|lpUCM [RemoteSails.cpp:HandleResponse:158] Successfully deserialized response, status: 0, result code: 0
[m[0;32;31m1970-01-01 03:01:53.699|E|145916041|lpUCM [IpccProtoMessage.cpp:SerializeParams:112] m_offset, 374784
[m[1;33m1970-01-01 03:01:53.699|W|145916041|lpUCM [RemoteSails.cpp:SendWithRetry:185] Successfully wrote 1052 bytes
[m[0;32;32m1970-01-01 03:01:53.800|I|145916041|lpUCM [RemoteSails.cpp:HandleResponse:149] HandleResponse started, buffer size: 1048
[m[0;32;32m1970-01-01 03:01:53.800|I|145916041|lpUCM [RemoteSails.cpp:HandleResponse:158] Successfully deserialized response, status: 0, result code: 0
[m[0;32;31m1970-01-01 03:01:53.800|E|145916041|lpUCM [IpccProtoMessage.cpp:SerializeParams:112] m_offset, 375808
[m[1;33m1970-01-01 03:01:53.800|W|145916041|lpUCM [RemoteSails.cpp:SendWithRetry:185] Successfully wrote 1052 bytes
[m[0;32;32m1970-01-01 03:01:53.901|I|145916041|lpUCM [RemoteSails.cpp:HandleResponse:149] HandleResponse started, buffer size: 1048
[m[0;32;32m1970-01-01 03:01:53.901|I|145916041|lpUCM [RemoteSails.cpp:HandleResponse:158] Successfully deserialized response, status: 0, result code: 0
[m[0;32;32m1970-01-01 03:01:53.901|I|145916041|lpUCM [RemoteSails.cpp:SailWriteData:272] All data already trans size 16384
[m[0;32;32m1970-01-01 03:01:53.901|I|145916041|lpUCM [fds.cpp:FDS_OnLocalUpgProgress:246] total: 23, curr:23, percent:36, rop:97%
[m[0;32;32m1970-01-01 03:01:53.901|I|145916041|lpUCM [RemoteSails.cpp:SailWriteData:254] total data is 16384
[m[0;32;31m1970-01-01 03:01:53.901|E|145916041|lpUCM [IpccProtoMessage.cpp:SerializeParams:112] m_offset, 376832
[m[1;33m1970-01-01 03:01:53.901|W|145916041|lpUCM [RemoteSails.cpp:SendWithRetry:185] Successfully wrote 1052 bytes
[m[0;32;32m1970-01-01 03:01:54.3|I|145916041|lpUCM [RemoteSails.cpp:HandleResponse:149] HandleResponse started, buffer size: 1048
[m[0;32;32m1970-01-01 03:01:54.3|I|145916041|lpUCM [RemoteSails.cpp:HandleResponse:158] Successfully deserialized response, status: 0, result code: 0
[m[0;32;31m1970-01-01 03:01:54.3|E|145916041|lpUCM [IpccProtoMessage.cpp:SerializeParams:112] m_offset, 377856
[m[1;33m1970-01-01 03:01:54.3|W|145916041|lpUCM [RemoteSails.cpp:SendWithRetry:185] Successfully wrote 1052 bytes
[m[0;32;32m1970-01-01 03:01:54.104|I|145916041|lpUCM [RemoteSails.cpp:HandleResponse:149] HandleResponse started, buffer size: 1048
[m[0;32;32m1970-01-01 03:01:54.104|I|145916041|lpUCM [RemoteSails.cpp:HandleResponse:158] Successfully deserialized response, status: 0, result code: 0
[m[0;32;31m1970-01-01 03:01:54.104|E|145916041|lpUCM [IpccProtoMessage.cpp:SerializeParams:112] m_offset, 378880
[m[1;33m1970-01-01 03:01:54.104|W|145916041|lpUCM [RemoteSails.cpp:SendWithRetry:185] Successfully wrote 1052 bytes
[m[0;32;32m1970-01-01 03:01:54.206|I|145916041|lpUCM [RemoteSails.cpp:HandleResponse:149] HandleResponse started, buffer size: 1048
[m[0;32;32m1970-01-01 03:01:54.206|I|145916041|lpUCM [RemoteSails.cpp:HandleResponse:158] Successfully deserialized response, status: 0, result code: 0
[m[0;32;31m1970-01-01 03:01:54.206|E|145916041|lpUCM [IpccProtoMessage.cpp:SerializeParams:112] m_offset, 379904
[m[1;33m1970-01-01 03:01:54.206|W|145916041|lpUCM [RemoteSails.cpp:SendWithRetry:185] Successfully wrote 1052 bytes
[m[0;32;32m1970-01-01 03:01:54.307|I|145916041|lpUCM [RemoteSails.cpp:HandleResponse:149] HandleResponse started, buffer size: 1048
[m[0;32;32m1970-01-01 03:01:54.307|I|145916041|lpUCM [RemoteSails.cpp:HandleResponse:158] Successfully deserialized response, status: 0, result code: 0
[m[0;32;31m1970-01-01 03:01:54.307|E|145916041|lpUCM [IpccProtoMessage.cpp:SerializeParams:112] m_offset, 380928
[m[1;33m1970-01-01 03:01:54.307|W|145916041|lpUCM [RemoteSails.cpp:SendWithRetry:185] Successfully wrote 1052 bytes
[m[0;32;32m1970-01-01 03:01:54.409|I|145916041|lpUCM [RemoteSails.cpp:HandleResponse:149] HandleResponse started, buffer size: 1048
[m[0;32;32m1970-01-01 03:01:54.409|I|145916041|lpUCM [RemoteSails.cpp:HandleResponse:158] Successfully deserialized response, status: 0, result code: 0
[m[0;32;31m1970-01-01 03:01:54.409|E|145916041|lpUCM [IpccProtoMessage.cpp:SerializeParams:112] m_offset, 381952
[m[1;33m1970-01-01 03:01:54.409|W|145916041|lpUCM [RemoteSails.cpp:SendWithRetry:185] Successfully wrote 1052 bytes
[m[0;32;32m1970-01-01 03:01:54.510|I|145916041|lpUCM [RemoteSails.cpp:HandleResponse:149] HandleResponse started, buffer size: 1048
[m[0;32;32m1970-01-01 03:01:54.510|I|145916041|lpUCM [RemoteSails.cpp:HandleResponse:158] Successfully deserialized response, status: 0, result code: 0
[m[0;32;31m1970-01-01 03:01:54.510|E|145916041|lpUCM [IpccProtoMessage.cpp:SerializeParams:112] m_offset, 382976
[m[1;33m1970-01-01 03:01:54.510|W|145916041|lpUCM [RemoteSails.cpp:SendWithRetry:185] Successfully wrote 1052 bytes
[m[0;32;32m1970-01-01 03:01:54.611|I|145916041|lpUCM [RemoteSails.cpp:HandleResponse:149] HandleResponse started, buffer size: 1048
[m[0;32;32m1970-01-01 03:01:54.611|I|145916041|lpUCM [RemoteSails.cpp:HandleResponse:158] Successfully deserialized response, status: 0, result code: 0
[m[0;32;31m1970-01-01 03:01:54.611|E|145916041|lpUCM [IpccProtoMessage.cpp:SerializeParams:112] m_offset, 384000
[m[1;33m1970-01-01 03:01:54.611|W|145916041|lpUCM [RemoteSails.cpp:SendWithRetry:185] Successfully wrote 1052 bytes
[m[0;32;32m1970-01-01 03:01:54.713|I|145916041|lpUCM [RemoteSails.cpp:HandleResponse:149] HandleResponse started, buffer size: 1048
[m[0;32;32m1970-01-01 03:01:54.713|I|145916041|lpUCM [RemoteSails.cpp:HandleResponse:158] Successfully deserialized response, status: 0, result code: 0
[m[0;32;31m1970-01-01 03:01:54.713|E|145916041|lpUCM [IpccProtoMessage.cpp:SerializeParams:112] m_offset, 385024
[m[1;33m1970-01-01 03:01:54.713|W|145916041|lpUCM [RemoteSails.cpp:SendWithRetry:185] Successfully wrote 1052 bytes
[m[0;32;32m1970-01-01 03:01:54.814|I|145916041|lpUCM [RemoteSails.cpp:HandleResponse:149] HandleResponse started, buffer size: 1048
[m[0;32;32m1970-01-01 03:01:54.814|I|145916041|lpUCM [RemoteSails.cpp:HandleResponse:158] Successfully deserialized response, status: 0, result code: 0
[m[0;32;31m1970-01-01 03:01:54.814|E|145916041|lpUCM [IpccProtoMessage.cpp:SerializeParams:112] m_offset, 386048
[m[1;33m1970-01-01 03:01:54.814|W|145916041|lpUCM [RemoteSails.cpp:SendWithRetry:185] Successfully wrote 1052 bytes
[m[0;32;32m1970-01-01 03:01:54.916|I|145916041|lpUCM [RemoteSails.cpp:HandleResponse:149] HandleResponse started, buffer size: 1048
[m[0;32;32m1970-01-01 03:01:54.916|I|145916041|lpUCM [RemoteSails.cpp:HandleResponse:158] Successfully deserialized response, status: 0, result code: 0
[m[0;32;31m1970-01-01 03:01:54.916|E|145916041|lpUCM [IpccProtoMessage.cpp:SerializeParams:112] m_offset, 387072
[m[1;33m1970-01-01 03:01:54.916|W|145916041|lpUCM [RemoteSails.cpp:SendWithRetry:185] Successfully wrote 1052 bytes
[m[0;32;32m1970-01-01 03:01:55.18|I|145916041|lpUCM [RemoteSails.cpp:HandleResponse:149] HandleResponse started, buffer size: 1048
[m[0;32;32m1970-01-01 03:01:55.18|I|145916041|lpUCM [RemoteSails.cpp:HandleResponse:158] Successfully deserialized response, status: 0, result code: 0
[m[0;32;31m1970-01-01 03:01:55.18|E|145916041|lpUCM [IpccProtoMessage.cpp:SerializeParams:112] m_offset, 388096
[m[1;33m1970-01-01 03:01:55.18|W|145916041|lpUCM [RemoteSails.cpp:SendWithRetry:185] Successfully wrote 1052 bytes
[m[0;32;32m1970-01-01 03:01:55.119|I|145916041|lpUCM [RemoteSails.cpp:HandleResponse:149] HandleResponse started, buffer size: 1048
[m[0;32;32m1970-01-01 03:01:55.119|I|145916041|lpUCM [RemoteSails.cpp:HandleResponse:158] Successfully deserialized response, status: 0, result code: 0
[m[0;32;31m1970-01-01 03:01:55.119|E|145916041|lpUCM [IpccProtoMessage.cpp:SerializeParams:112] m_offset, 389120
[m[1;33m1970-01-01 03:01:55.119|W|145916041|lpUCM [RemoteSails.cpp:SendWithRetry:185] Successfully wrote 1052 bytes
[m[0;32;32m1970-01-01 03:01:55.220|I|145916041|lpUCM [RemoteSails.cpp:HandleResponse:149] HandleResponse started, buffer size: 1048
[m[0;32;32m1970-01-01 03:01:55.220|I|145916041|lpUCM [RemoteSails.cpp:HandleResponse:158] Successfully deserialized response, status: 0, result code: 0
[m[0;32;31m1970-01-01 03:01:55.220|E|145916041|lpUCM [IpccProtoMessage.cpp:SerializeParams:112] m_offset, 390144
[m[1;33m1970-01-01 03:01:55.220|W|145916041|lpUCM [RemoteSails.cpp:SendWithRetry:185] Successfully wrote 1052 bytes
[m[0;32;32m1970-01-01 03:01:55.322|I|145916041|lpUCM [RemoteSails.cpp:HandleResponse:149] HandleResponse started, buffer size: 1048
[m[0;32;32m1970-01-01 03:01:55.322|I|145916041|lpUCM [RemoteSails.cpp:HandleResponse:158] Successfully deserialized response, status: 0, result code: 0
[m[0;32;31m1970-01-01 03:01:55.322|E|145916041|lpUCM [IpccProtoMessage.cpp:SerializeParams:112] m_offset, 391168
[m[1;33m1970-01-01 03:01:55.322|W|145916041|lpUCM [RemoteSails.cpp:SendWithRetry:185] Successfully wrote 1052 bytes
[m[0;32;32m1970-01-01 03:01:55.423|I|145916041|lpUCM [RemoteSails.cpp:HandleResponse:149] HandleResponse started, buffer size: 1048
[m[0;32;32m1970-01-01 03:01:55.423|I|145916041|lpUCM [RemoteSails.cpp:HandleResponse:158] Successfully deserialized response, status: 0, result code: 0
[m[0;32;31m1970-01-01 03:01:55.423|E|145916041|lpUCM [IpccProtoMessage.cpp:SerializeParams:112] m_offset, 392192
[m[1;33m1970-01-01 03:01:55.423|W|145916041|lpUCM [RemoteSails.cpp:SendWithRetry:185] Successfully wrote 1052 bytes
[m[0;32;32m1970-01-01 03:01:55.525|I|145916041|lpUCM [RemoteSails.cpp:HandleResponse:149] HandleResponse started, buffer size: 1048
[m[0;32;32m1970-01-01 03:01:55.525|I|145916041|lpUCM [RemoteSails.cpp:HandleResponse:158] Successfully deserialized response, status: 0, result code: 0
[m[0;32;32m1970-01-01 03:01:55.525|I|145916041|lpUCM [RemoteSails.cpp:SailWriteData:272] All data already trans size 16384
[m[0;32;32m1970-01-01 03:01:55.525|I|145916041|lpUCM [fds.cpp:FDS_OnLocalUpgProgress:246] total: 23, curr:23, percent:38, rop:97%
[m[0;32;32m1970-01-01 03:01:55.525|I|145916041|lpUCM [RemoteSails.cpp:SailWriteData:254] total data is 16384
[m[0;32;31m1970-01-01 03:01:55.525|E|145916041|lpUCM [IpccProtoMessage.cpp:SerializeParams:112] m_offset, 393216
[m[1;33m1970-01-01 03:01:55.525|W|145916041|lpUCM [RemoteSails.cpp:SendWithRetry:185] Successfully wrote 1052 bytes
[m[0;32;32m1970-01-01 03:01:55.627|I|145916041|lpUCM [RemoteSails.cpp:HandleResponse:149] HandleResponse started, buffer size: 1048
[m[0;32;32m1970-01-01 03:01:55.627|I|145916041|lpUCM [RemoteSails.cpp:HandleResponse:158] Successfully deserialized response, status: 0, result code: 0
[m[0;32;31m1970-01-01 03:01:55.627|E|145916041|lpUCM [IpccProtoMessage.cpp:SerializeParams:112] m_offset, 394240
[m[1;33m1970-01-01 03:01:55.627|W|145916041|lpUCM [RemoteSails.cpp:SendWithRetry:185] Successfully wrote 1052 bytes
[m[0;32;32m1970-01-01 03:01:55.728|I|145916041|lpUCM [RemoteSails.cpp:HandleResponse:149] HandleResponse started, buffer size: 1048
[m[0;32;32m1970-01-01 03:01:55.728|I|145916041|lpUCM [RemoteSails.cpp:HandleResponse:158] Successfully deserialized response, status: 0, result code: 0
[m[0;32;31m1970-01-01 03:01:55.728|E|145916041|lpUCM [IpccProtoMessage.cpp:SerializeParams:112] m_offset, 395264
[m[1;33m1970-01-01 03:01:55.728|W|145916041|lpUCM [RemoteSails.cpp:SendWithRetry:185] Successfully wrote 1052 bytes
[m[0;32;32m1970-01-01 03:01:55.829|I|145916041|lpUCM [RemoteSails.cpp:HandleResponse:149] HandleResponse started, buffer size: 1048
[m[0;32;32m1970-01-01 03:01:55.829|I|145916041|lpUCM [RemoteSails.cpp:HandleResponse:158] Successfully deserialized response, status: 0, result code: 0
[m[0;32;31m1970-01-01 03:01:55.829|E|145916041|lpUCM [IpccProtoMessage.cpp:SerializeParams:112] m_offset, 396288
[m[1;33m1970-01-01 03:01:55.829|W|145916041|lpUCM [RemoteSails.cpp:SendWithRetry:185] Successfully wrote 1052 bytes
[m[0;32;32m1970-01-01 03:01:55.931|I|145916041|lpUCM [RemoteSails.cpp:HandleResponse:149] HandleResponse started, buffer size: 1048
[m[0;32;32m1970-01-01 03:01:55.931|I|145916041|lpUCM [RemoteSails.cpp:HandleResponse:158] Successfully deserialized response, status: 0, result code: 0
[m[0;32;31m1970-01-01 03:01:55.931|E|145916041|lpUCM [IpccProtoMessage.cpp:SerializeParams:112] m_offset, 397312
[m[1;33m1970-01-01 03:01:55.931|W|145916041|lpUCM [RemoteSails.cpp:SendWithRetry:185] Successfully wrote 1052 bytes
[m[0;32;32m1970-01-01 03:01:56.32|I|145916041|lpUCM [RemoteSails.cpp:HandleResponse:149] HandleResponse started, buffer size: 1048
[m[0;32;32m1970-01-01 03:01:56.32|I|145916041|lpUCM [RemoteSails.cpp:HandleResponse:158] Successfully deserialized response, status: 0, result code: 0
[m[0;32;31m1970-01-01 03:01:56.32|E|145916041|lpUCM [IpccProtoMessage.cpp:SerializeParams:112] m_offset, 398336
[m[1;33m1970-01-01 03:01:56.32|W|145916041|lpUCM [RemoteSails.cpp:SendWithRetry:185] Successfully wrote 1052 bytes
[m[0;32;32m1970-01-01 03:01:56.134|I|145916041|lpUCM [RemoteSails.cpp:HandleResponse:149] HandleResponse started, buffer size: 1048
[m[0;32;32m1970-01-01 03:01:56.134|I|145916041|lpUCM [RemoteSails.cpp:HandleResponse:158] Successfully deserialized response, status: 0, result code: 0
[m[0;32;31m1970-01-01 03:01:56.134|E|145916041|lpUCM [IpccProtoMessage.cpp:SerializeParams:112] m_offset, 399360
[m[1;33m1970-01-01 03:01:56.134|W|145916041|lpUCM [RemoteSails.cpp:SendWithRetry:185] Successfully wrote 1052 bytes
[m[0;32;32m1970-01-01 03:01:56.235|I|145916041|lpUCM [RemoteSails.cpp:HandleResponse:149] HandleResponse started, buffer size: 1048
[m[0;32;32m1970-01-01 03:01:56.235|I|145916041|lpUCM [RemoteSails.cpp:HandleResponse:158] Successfully deserialized response, status: 0, result code: 0
[m[0;32;31m1970-01-01 03:01:56.235|E|145916041|lpUCM [IpccProtoMessage.cpp:SerializeParams:112] m_offset, 400384
[m[1;33m1970-01-01 03:01:56.235|W|145916041|lpUCM [RemoteSails.cpp:SendWithRetry:185] Successfully wrote 1052 bytes
[m[0;32;32m1970-01-01 03:01:56.336|I|145916041|lpUCM [RemoteSails.cpp:HandleResponse:149] HandleResponse started, buffer size: 1048
[m[0;32;32m1970-01-01 03:01:56.336|I|145916041|lpUCM [RemoteSails.cpp:HandleResponse:158] Successfully deserialized response, status: 0, result code: 0
[m[0;32;31m1970-01-01 03:01:56.336|E|145916041|lpUCM [IpccProtoMessage.cpp:SerializeParams:112] m_offset, 401408
[m[1;33m1970-01-01 03:01:56.336|W|145916041|lpUCM [RemoteSails.cpp:SendWithRetry:185] Successfully wrote 1052 bytes
[m[0;32;32m1970-01-01 03:01:56.437|I|145916041|lpUCM [RemoteSails.cpp:HandleResponse:149] HandleResponse started, buffer size: 1048
[m[0;32;32m1970-01-01 03:01:56.437|I|145916041|lpUCM [RemoteSails.cpp:HandleResponse:158] Successfully deserialized response, status: 0, result code: 0
[m[0;32;31m1970-01-01 03:01:56.437|E|145916041|lpUCM [IpccProtoMessage.cpp:SerializeParams:112] m_offset, 402432
[m[1;33m1970-01-01 03:01:56.437|W|145916041|lpUCM [RemoteSails.cpp:SendWithRetry:185] Successfully wrote 1052 bytes
[m[0;32;32m1970-01-01 03:01:56.539|I|145916041|lpUCM [RemoteSails.cpp:HandleResponse:149] HandleResponse started, buffer size: 1048
[m[0;32;32m1970-01-01 03:01:56.539|I|145916041|lpUCM [RemoteSails.cpp:HandleResponse:158] Successfully deserialized response, status: 0, result code: 0
[m[0;32;31m1970-01-01 03:01:56.539|E|145916041|lpUCM [IpccProtoMessage.cpp:SerializeParams:112] m_offset, 403456
[m[1;33m1970-01-01 03:01:56.539|W|145916041|lpUCM [RemoteSails.cpp:SendWithRetry:185] Successfully wrote 1052 bytes
[m[0;32;32m1970-01-01 03:01:56.640|I|145916041|lpUCM [RemoteSails.cpp:HandleResponse:149] HandleResponse started, buffer size: 1048
[m[0;32;32m1970-01-01 03:01:56.640|I|145916041|lpUCM [RemoteSails.cpp:HandleResponse:158] Successfully deserialized response, status: 0, result code: 0
[m[0;32;31m1970-01-01 03:01:56.640|E|145916041|lpUCM [IpccProtoMessage.cpp:SerializeParams:112] m_offset, 404480
[m[1;33m1970-01-01 03:01:56.640|W|145916041|lpUCM [RemoteSails.cpp:SendWithRetry:185] Successfully wrote 1052 bytes
[m[0;32;32m1970-01-01 03:01:56.741|I|145916041|lpUCM [RemoteSails.cpp:HandleResponse:149] HandleResponse started, buffer size: 1048
[m[0;32;32m1970-01-01 03:01:56.741|I|145916041|lpUCM [RemoteSails.cpp:HandleResponse:158] Successfully deserialized response, status: 0, result code: 0
[m[0;32;31m1970-01-01 03:01:56.741|E|145916041|lpUCM [IpccProtoMessage.cpp:SerializeParams:112] m_offset, 405504
[m[1;33m1970-01-01 03:01:56.741|W|145916041|lpUCM [RemoteSails.cpp:SendWithRetry:185] Successfully wrote 1052 bytes
[m[0;32;32m1970-01-01 03:01:56.842|I|145916041|lpUCM [RemoteSails.cpp:HandleResponse:149] HandleResponse started, buffer size: 1048
[m[0;32;32m1970-01-01 03:01:56.842|I|145916041|lpUCM [RemoteSails.cpp:HandleResponse:158] Successfully deserialized response, status: 0, result code: 0
[m[0;32;31m1970-01-01 03:01:56.842|E|145916041|lpUCM [IpccProtoMessage.cpp:SerializeParams:112] m_offset, 406528
[m[1;33m1970-01-01 03:01:56.842|W|145916041|lpUCM [RemoteSails.cpp:SendWithRetry:185] Successfully wrote 1052 bytes
[m[0;32;32m1970-01-01 03:01:56.944|I|145916041|lpUCM [RemoteSails.cpp:HandleResponse:149] HandleResponse started, buffer size: 1048
[m[0;32;32m1970-01-01 03:01:56.944|I|145916041|lpUCM [RemoteSails.cpp:HandleResponse:158] Successfully deserialized response, status: 0, result code: 0
[m[0;32;31m1970-01-01 03:01:56.944|E|145916041|lpUCM [IpccProtoMessage.cpp:SerializeParams:112] m_offset, 407552
[m[1;33m1970-01-01 03:01:56.944|W|145916041|lpUCM [RemoteSails.cpp:SendWithRetry:185] Successfully wrote 1052 bytes
[m[0;32;32m1970-01-01 03:01:57.45|I|145916041|lpUCM [RemoteSails.cpp:HandleResponse:149] HandleResponse started, buffer size: 1048
[m[0;32;32m1970-01-01 03:01:57.45|I|145916041|lpUCM [RemoteSails.cpp:HandleResponse:158] Successfully deserialized response, status: 0, result code: 0
[m[0;32;31m1970-01-01 03:01:57.45|E|145916041|lpUCM [IpccProtoMessage.cpp:SerializeParams:112] m_offset, 408576
[m[1;33m1970-01-01 03:01:57.45|W|145916041|lpUCM [RemoteSails.cpp:SendWithRetry:185] Successfully wrote 1052 bytes
[m[0;32;32m1970-01-01 03:01:57.147|I|145916041|lpUCM [RemoteSails.cpp:HandleResponse:149] HandleResponse started, buffer size: 1048
[m[0;32;32m1970-01-01 03:01:57.147|I|145916041|lpUCM [RemoteSails.cpp:HandleResponse:158] Successfully deserialized response, status: 0, result code: 0
[m[0;32;32m1970-01-01 03:01:57.147|I|145916041|lpUCM [RemoteSails.cpp:SailWriteData:272] All data already trans size 16384
[m[0;32;32m1970-01-01 03:01:57.147|I|145916041|lpUCM [fds.cpp:FDS_OnLocalUpgProgress:246] total: 23, curr:23, percent:39, rop:97%
[m[0;32;32m1970-01-01 03:01:57.147|I|145916041|lpUCM [RemoteSails.cpp:SailWriteData:254] total data is 16384
[m[0;32;31m1970-01-01 03:01:57.147|E|145916041|lpUCM [IpccProtoMessage.cpp:SerializeParams:112] m_offset, 409600
[m[1;33m1970-01-01 03:01:57.147|W|145916041|lpUCM [RemoteSails.cpp:SendWithRetry:185] Successfully wrote 1052 bytes
[m[0;32;32m1970-01-01 03:01:57.248|I|145916041|lpUCM [RemoteSails.cpp:HandleResponse:149] HandleResponse started, buffer size: 1048
[m[0;32;32m1970-01-01 03:01:57.248|I|145916041|lpUCM [RemoteSails.cpp:HandleResponse:158] Successfully deserialized response, status: 0, result code: 0
[m[0;32;31m1970-01-01 03:01:57.248|E|145916041|lpUCM [IpccProtoMessage.cpp:SerializeParams:112] m_offset, 410624
[m[1;33m1970-01-01 03:01:57.248|W|145916041|lpUCM [RemoteSails.cpp:SendWithRetry:185] Successfully wrote 1052 bytes
[m[0;32;32m1970-01-01 03:01:57.350|I|145916041|lpUCM [RemoteSails.cpp:HandleResponse:149] HandleResponse started, buffer size: 1048
[m[0;32;32m1970-01-01 03:01:57.350|I|145916041|lpUCM [RemoteSails.cpp:HandleResponse:158] Successfully deserialized response, status: 0, result code: 0
[m[0;32;31m1970-01-01 03:01:57.350|E|145916041|lpUCM [IpccProtoMessage.cpp:SerializeParams:112] m_offset, 411648
[m[1;33m1970-01-01 03:01:57.350|W|145916041|lpUCM [RemoteSails.cpp:SendWithRetry:185] Successfully wrote 1052 bytes
[m[0;32;32m1970-01-01 03:01:57.452|I|145916041|lpUCM [RemoteSails.cpp:HandleResponse:149] HandleResponse started, buffer size: 1048
[m[0;32;32m1970-01-01 03:01:57.452|I|145916041|lpUCM [RemoteSails.cpp:HandleResponse:158] Successfully deserialized response, status: 0, result code: 0
[m[0;32;31m1970-01-01 03:01:57.452|E|145916041|lpUCM [IpccProtoMessage.cpp:SerializeParams:112] m_offset, 412672
[m[1;33m1970-01-01 03:01:57.452|W|145916041|lpUCM [RemoteSails.cpp:SendWithRetry:185] Successfully wrote 1052 bytes
[m[0;32;32m1970-01-01 03:01:57.554|I|145916041|lpUCM [RemoteSails.cpp:HandleResponse:149] HandleResponse started, buffer size: 1048
[m[0;32;32m1970-01-01 03:01:57.554|I|145916041|lpUCM [RemoteSails.cpp:HandleResponse:158] Successfully deserialized response, status: 0, result code: 0
[m[0;32;31m1970-01-01 03:01:57.554|E|145916041|lpUCM [IpccProtoMessage.cpp:SerializeParams:112] m_offset, 413696
[m[1;33m1970-01-01 03:01:57.554|W|145916041|lpUCM [RemoteSails.cpp:SendWithRetry:185] Successfully wrote 1052 bytes
[m[0;32;32m1970-01-01 03:01:57.655|I|145916041|lpUCM [RemoteSails.cpp:HandleResponse:149] HandleResponse started, buffer size: 1048
[m[0;32;32m1970-01-01 03:01:57.655|I|145916041|lpUCM [RemoteSails.cpp:HandleResponse:158] Successfully deserialized response, status: 0, result code: 0
[m[0;32;31m1970-01-01 03:01:57.655|E|145916041|lpUCM [IpccProtoMessage.cpp:SerializeParams:112] m_offset, 414720
[m[1;33m1970-01-01 03:01:57.655|W|145916041|lpUCM [RemoteSails.cpp:SendWithRetry:185] Successfully wrote 1052 bytes
[m[0;32;32m1970-01-01 03:01:57.756|I|145916041|lpUCM [RemoteSails.cpp:HandleResponse:149] HandleResponse started, buffer size: 1048
[m[0;32;32m1970-01-01 03:01:57.756|I|145916041|lpUCM [RemoteSails.cpp:HandleResponse:158] Successfully deserialized response, status: 0, result code: 0
[m[0;32;31m1970-01-01 03:01:57.756|E|145916041|lpUCM [IpccProtoMessage.cpp:SerializeParams:112] m_offset, 415744
[m[1;33m1970-01-01 03:01:57.756|W|145916041|lpUCM [RemoteSails.cpp:SendWithRetry:185] Successfully wrote 1052 bytes
[m[0;32;32m1970-01-01 03:01:57.858|I|145916041|lpUCM [RemoteSails.cpp:HandleResponse:149] HandleResponse started, buffer size: 1048
[m[0;32;32m1970-01-01 03:01:57.858|I|145916041|lpUCM [RemoteSails.cpp:HandleResponse:158] Successfully deserialized response, status: 0, result code: 0
[m[0;32;31m1970-01-01 03:01:57.858|E|145916041|lpUCM [IpccProtoMessage.cpp:SerializeParams:112] m_offset, 416768
[m[1;33m1970-01-01 03:01:57.858|W|145916041|lpUCM [RemoteSails.cpp:SendWithRetry:185] Successfully wrote 1052 bytes
[m[0;32;32m1970-01-01 03:01:57.960|I|145916041|lpUCM [RemoteSails.cpp:HandleResponse:149] HandleResponse started, buffer size: 1048
[m[0;32;32m1970-01-01 03:01:57.960|I|145916041|lpUCM [RemoteSails.cpp:HandleResponse:158] Successfully deserialized response, status: 0, result code: 0
[m[0;32;31m1970-01-01 03:01:57.960|E|145916041|lpUCM [IpccProtoMessage.cpp:SerializeParams:112] m_offset, 417792
[m[1;33m1970-01-01 03:01:57.960|W|145916041|lpUCM [RemoteSails.cpp:SendWithRetry:185] Successfully wrote 1052 bytes
[m[0;32;32m1970-01-01 03:01:58.62|I|145916041|lpUCM [RemoteSails.cpp:HandleResponse:149] HandleResponse started, buffer size: 1048
[m[0;32;32m1970-01-01 03:01:58.62|I|145916041|lpUCM [RemoteSails.cpp:HandleResponse:158] Successfully deserialized response, status: 0, result code: 0
[m[0;32;31m1970-01-01 03:01:58.62|E|145916041|lpUCM [IpccProtoMessage.cpp:SerializeParams:112] m_offset, 418816
[m[1;33m1970-01-01 03:01:58.62|W|145916041|lpUCM [RemoteSails.cpp:SendWithRetry:185] Successfully wrote 1052 bytes
[m[0;32;32m1970-01-01 03:01:58.163|I|145916041|lpUCM [RemoteSails.cpp:HandleResponse:149] HandleResponse started, buffer size: 1048
[m[0;32;32m1970-01-01 03:01:58.163|I|145916041|lpUCM [RemoteSails.cpp:HandleResponse:158] Successfully deserialized response, status: 0, result code: 0
[m[0;32;31m1970-01-01 03:01:58.163|E|145916041|lpUCM [IpccProtoMessage.cpp:SerializeParams:112] m_offset, 419840
[m[1;33m1970-01-01 03:01:58.163|W|145916041|lpUCM [RemoteSails.cpp:SendWithRetry:185] Successfully wrote 1052 bytes
[m[0;32;32m1970-01-01 03:01:58.265|I|145916041|lpUCM [RemoteSails.cpp:HandleResponse:149] HandleResponse started, buffer size: 1048
[m[0;32;32m1970-01-01 03:01:58.265|I|145916041|lpUCM [RemoteSails.cpp:HandleResponse:158] Successfully deserialized response, status: 0, result code: 0
[m[0;32;31m1970-01-01 03:01:58.265|E|145916041|lpUCM [IpccProtoMessage.cpp:SerializeParams:112] m_offset, 420864
[m[1;33m1970-01-01 03:01:58.265|W|145916041|lpUCM [RemoteSails.cpp:SendWithRetry:185] Successfully wrote 1052 bytes
[m[0;32;32m1970-01-01 03:01:58.367|I|145916041|lpUCM [RemoteSails.cpp:HandleResponse:149] HandleResponse started, buffer size: 1048
[m[0;32;32m1970-01-01 03:01:58.367|I|145916041|lpUCM [RemoteSails.cpp:HandleResponse:158] Successfully deserialized response, status: 0, result code: 0
[m[0;32;31m1970-01-01 03:01:58.367|E|145916041|lpUCM [IpccProtoMessage.cpp:SerializeParams:112] m_offset, 421888
[m[1;33m1970-01-01 03:01:58.367|W|145916041|lpUCM [RemoteSails.cpp:SendWithRetry:185] Successfully wrote 1052 bytes
[m[0;32;32m1970-01-01 03:01:58.468|I|145916041|lpUCM [RemoteSails.cpp:HandleResponse:149] HandleResponse started, buffer size: 1048
[m[0;32;32m1970-01-01 03:01:58.468|I|145916041|lpUCM [RemoteSails.cpp:HandleResponse:158] Successfully deserialized response, status: 0, result code: 0
[m[0;32;31m1970-01-01 03:01:58.468|E|145916041|lpUCM [IpccProtoMessage.cpp:SerializeParams:112] m_offset, 422912
[m[1;33m1970-01-01 03:01:58.468|W|145916041|lpUCM [RemoteSails.cpp:SendWithRetry:185] Successfully wrote 1052 bytes
[m[0;32;32m1970-01-01 03:01:58.570|I|145916041|lpUCM [RemoteSails.cpp:HandleResponse:149] HandleResponse started, buffer size: 1048
[m[0;32;32m1970-01-01 03:01:58.570|I|145916041|lpUCM [RemoteSails.cpp:HandleResponse:158] Successfully deserialized response, status: 0, result code: 0
[m[0;32;31m1970-01-01 03:01:58.570|E|145916041|lpUCM [IpccProtoMessage.cpp:SerializeParams:112] m_offset, 423936
[m[1;33m1970-01-01 03:01:58.570|W|145916041|lpUCM [RemoteSails.cpp:SendWithRetry:185] Successfully wrote 1052 bytes
[m[0;32;32m1970-01-01 03:01:58.671|I|145916041|lpUCM [RemoteSails.cpp:HandleResponse:149] HandleResponse started, buffer size: 1048
[m[0;32;32m1970-01-01 03:01:58.671|I|145916041|lpUCM [RemoteSails.cpp:HandleResponse:158] Successfully deserialized response, status: 0, result code: 0
[m[0;32;31m1970-01-01 03:01:58.671|E|145916041|lpUCM [IpccProtoMessage.cpp:SerializeParams:112] m_offset, 424960
[m[1;33m1970-01-01 03:01:58.671|W|145916041|lpUCM [RemoteSails.cpp:SendWithRetry:185] Successfully wrote 1052 bytes
[m[0;32;32m1970-01-01 03:01:58.772|I|145916041|lpUCM [RemoteSails.cpp:HandleResponse:149] HandleResponse started, buffer size: 1048
[m[0;32;32m1970-01-01 03:01:58.772|I|145916041|lpUCM [RemoteSails.cpp:HandleResponse:158] Successfully deserialized response, status: 0, result code: 0
[m[0;32;32m1970-01-01 03:01:58.772|I|145916041|lpUCM [RemoteSails.cpp:SailWriteData:272] All data already trans size 16384
[m[0;32;32m1970-01-01 03:01:58.772|I|145916041|lpUCM [fds.cpp:FDS_OnLocalUpgProgress:246] total: 23, curr:23, percent:40, rop:97%
[m[0;32;32m1970-01-01 03:01:58.772|I|145916041|lpUCM [RemoteSails.cpp:SailWriteData:254] total data is 16384
[m[0;32;31m1970-01-01 03:01:58.772|E|145916041|lpUCM [IpccProtoMessage.cpp:SerializeParams:112] m_offset, 425984
[m[1;33m1970-01-01 03:01:58.772|W|145916041|lpUCM [RemoteSails.cpp:SendWithRetry:185] Successfully wrote 1052 bytes
[m[0;32;32m1970-01-01 03:01:58.874|I|145916041|lpUCM [RemoteSails.cpp:HandleResponse:149] HandleResponse started, buffer size: 1048
[m[0;32;32m1970-01-01 03:01:58.874|I|145916041|lpUCM [RemoteSails.cpp:HandleResponse:158] Successfully deserialized response, status: 0, result code: 0
[m[0;32;31m1970-01-01 03:01:58.874|E|145916041|lpUCM [IpccProtoMessage.cpp:SerializeParams:112] m_offset, 427008
[m[1;33m1970-01-01 03:01:58.874|W|145916041|lpUCM [RemoteSails.cpp:SendWithRetry:185] Successfully wrote 1052 bytes
[m[0;32;32m1970-01-01 03:01:58.976|I|145916041|lpUCM [RemoteSails.cpp:HandleResponse:149] HandleResponse started, buffer size: 1048
[m[0;32;32m1970-01-01 03:01:58.976|I|145916041|lpUCM [RemoteSails.cpp:HandleResponse:158] Successfully deserialized response, status: 0, result code: 0
[m[0;32;31m1970-01-01 03:01:58.976|E|145916041|lpUCM [IpccProtoMessage.cpp:SerializeParams:112] m_offset, 428032
[m[1;33m1970-01-01 03:01:58.976|W|145916041|lpUCM [RemoteSails.cpp:SendWithRetry:185] Successfully wrote 1052 bytes
[m[0;32;32m1970-01-01 03:01:59.77|I|145916041|lpUCM [RemoteSails.cpp:HandleResponse:149] HandleResponse started, buffer size: 1048
[m[0;32;32m1970-01-01 03:01:59.77|I|145916041|lpUCM [RemoteSails.cpp:HandleResponse:158] Successfully deserialized response, status: 0, result code: 0
[m[0;32;31m1970-01-01 03:01:59.77|E|145916041|lpUCM [IpccProtoMessage.cpp:SerializeParams:112] m_offset, 429056
[m[1;33m1970-01-01 03:01:59.77|W|145916041|lpUCM [RemoteSails.cpp:SendWithRetry:185] Successfully wrote 1052 bytes
[m[0;32;32m1970-01-01 03:01:59.178|I|145916041|lpUCM [RemoteSails.cpp:HandleResponse:149] HandleResponse started, buffer size: 1048
[m[0;32;32m1970-01-01 03:01:59.178|I|145916041|lpUCM [RemoteSails.cpp:HandleResponse:158] Successfully deserialized response, status: 0, result code: 0
[m[0;32;31m1970-01-01 03:01:59.178|E|145916041|lpUCM [IpccProtoMessage.cpp:SerializeParams:112] m_offset, 430080
[m[1;33m1970-01-01 03:01:59.178|W|145916041|lpUCM [RemoteSails.cpp:SendWithRetry:185] Successfully wrote 1052 bytes
[m[0;32;32m1970-01-01 03:01:59.280|I|145916041|lpUCM [RemoteSails.cpp:HandleResponse:149] HandleResponse started, buffer size: 1048
[m[0;32;32m1970-01-01 03:01:59.280|I|145916041|lpUCM [RemoteSails.cpp:HandleResponse:158] Successfully deserialized response, status: 0, result code: 0
[m[0;32;31m1970-01-01 03:01:59.280|E|145916041|lpUCM [IpccProtoMessage.cpp:SerializeParams:112] m_offset, 431104
[m[1;33m1970-01-01 03:01:59.280|W|145916041|lpUCM [RemoteSails.cpp:SendWithRetry:185] Successfully wrote 1052 bytes
[m[0;32;32m1970-01-01 03:01:59.382|I|145916041|lpUCM [RemoteSails.cpp:HandleResponse:149] HandleResponse started, buffer size: 1048
[m[0;32;32m1970-01-01 03:01:59.382|I|145916041|lpUCM [RemoteSails.cpp:HandleResponse:158] Successfully deserialized response, status: 0, result code: 0
[m[0;32;31m1970-01-01 03:01:59.382|E|145916041|lpUCM [IpccProtoMessage.cpp:SerializeParams:112] m_offset, 432128
[m[1;33m1970-01-01 03:01:59.382|W|145916041|lpUCM [RemoteSails.cpp:SendWithRetry:185] Successfully wrote 1052 bytes
[m[0;32;32m1970-01-01 03:01:59.483|I|145916041|lpUCM [RemoteSails.cpp:HandleResponse:149] HandleResponse started, buffer size: 1048
[m[0;32;32m1970-01-01 03:01:59.483|I|145916041|lpUCM [RemoteSails.cpp:HandleResponse:158] Successfully deserialized response, status: 0, result code: 0
[m[0;32;31m1970-01-01 03:01:59.483|E|145916041|lpUCM [IpccProtoMessage.cpp:SerializeParams:112] m_offset, 433152
[m[1;33m1970-01-01 03:01:59.483|W|145916041|lpUCM [RemoteSails.cpp:SendWithRetry:185] Successfully wrote 1052 bytes
[m[0;32;32m1970-01-01 03:01:59.585|I|145916041|lpUCM [RemoteSails.cpp:HandleResponse:149] HandleResponse started, buffer size: 1048
[m[0;32;32m1970-01-01 03:01:59.585|I|145916041|lpUCM [RemoteSails.cpp:HandleResponse:158] Successfully deserialized response, status: 0, result code: 0
[m[0;32;31m1970-01-01 03:01:59.585|E|145916041|lpUCM [IpccProtoMessage.cpp:SerializeParams:112] m_offset, 434176
[m[1;33m1970-01-01 03:01:59.585|W|145916041|lpUCM [RemoteSails.cpp:SendWithRetry:185] Successfully wrote 1052 bytes
[m[0;32;32m1970-01-01 03:01:59.686|I|145916041|lpUCM [RemoteSails.cpp:HandleResponse:149] HandleResponse started, buffer size: 1048
[m[0;32;32m1970-01-01 03:01:59.686|I|145916041|lpUCM [RemoteSails.cpp:HandleResponse:158] Successfully deserialized response, status: 0, result code: 0
[m[0;32;31m1970-01-01 03:01:59.686|E|145916041|lpUCM [IpccProtoMessage.cpp:SerializeParams:112] m_offset, 435200
[m[1;33m1970-01-01 03:01:59.686|W|145916041|lpUCM [RemoteSails.cpp:SendWithRetry:185] Successfully wrote 1052 bytes
[m[0;32;32m1970-01-01 03:01:59.787|I|145916041|lpUCM [RemoteSails.cpp:HandleResponse:149] HandleResponse started, buffer size: 1048
[m[0;32;32m1970-01-01 03:01:59.787|I|145916041|lpUCM [RemoteSails.cpp:HandleResponse:158] Successfully deserialized response, status: 0, result code: 0
[m[0;32;31m1970-01-01 03:01:59.787|E|145916041|lpUCM [IpccProtoMessage.cpp:SerializeParams:112] m_offset, 436224
[m[1;33m1970-01-01 03:01:59.787|W|145916041|lpUCM [RemoteSails.cpp:SendWithRetry:185] Successfully wrote 1052 bytes
[m[0;32;32m1970-01-01 03:01:59.888|I|145916041|lpUCM [RemoteSails.cpp:HandleResponse:149] HandleResponse started, buffer size: 1048
[m[0;32;32m1970-01-01 03:01:59.888|I|145916041|lpUCM [RemoteSails.cpp:HandleResponse:158] Successfully deserialized response, status: 0, result code: 0
[m[0;32;31m1970-01-01 03:01:59.888|E|145916041|lpUCM [IpccProtoMessage.cpp:SerializeParams:112] m_offset, 437248
[m[1;33m1970-01-01 03:01:59.888|W|145916041|lpUCM [RemoteSails.cpp:SendWithRetry:185] Successfully wrote 1052 bytes
[m[0;32;32m1970-01-01 03:01:59.990|I|145916041|lpUCM [RemoteSails.cpp:HandleResponse:149] HandleResponse started, buffer size: 1048
[m[0;32;32m1970-01-01 03:01:59.990|I|145916041|lpUCM [RemoteSails.cpp:HandleResponse:158] Successfully deserialized response, status: 0, result code: 0
[m[0;32;31m1970-01-01 03:01:59.990|E|145916041|lpUCM [IpccProtoMessage.cpp:SerializeParams:112] m_offset, 438272
[m[1;33m1970-01-01 03:01:59.990|W|145916041|lpUCM [RemoteSails.cpp:SendWithRetry:185] Successfully wrote 1052 bytes
[m[0;32;32m1970-01-01 03:02:00.91|I|145916041|lpUCM [RemoteSails.cpp:HandleResponse:149] HandleResponse started, buffer size: 1048
[m[0;32;32m1970-01-01 03:02:00.91|I|145916041|lpUCM [RemoteSails.cpp:HandleResponse:158] Successfully deserialized response, status: 0, result code: 0
[m[0;32;31m1970-01-01 03:02:00.91|E|145916041|lpUCM [IpccProtoMessage.cpp:SerializeParams:112] m_offset, 439296
[m[1;33m1970-01-01 03:02:00.91|W|145916041|lpUCM [RemoteSails.cpp:SendWithRetry:185] Successfully wrote 1052 bytes
[m[0;32;32m1970-01-01 03:02:00.193|I|145916041|lpUCM [RemoteSails.cpp:HandleResponse:149] HandleResponse started, buffer size: 1048
[m[0;32;32m1970-01-01 03:02:00.193|I|145916041|lpUCM [RemoteSails.cpp:HandleResponse:158] Successfully deserialized response, status: 0, result code: 0
[m[0;32;31m1970-01-01 03:02:00.193|E|145916041|lpUCM [IpccProtoMessage.cpp:SerializeParams:112] m_offset, 440320
[m[1;33m1970-01-01 03:02:00.193|W|145916041|lpUCM [RemoteSails.cpp:SendWithRetry:185] Successfully wrote 1052 bytes
[m[0;32;32m1970-01-01 03:02:00.294|I|145916041|lpUCM [RemoteSails.cpp:HandleResponse:149] HandleResponse started, buffer size: 1048
[m[0;32;32m1970-01-01 03:02:00.294|I|145916041|lpUCM [RemoteSails.cpp:HandleResponse:158] Successfully deserialized response, status: 0, result code: 0
[m[0;32;31m1970-01-01 03:02:00.294|E|145916041|lpUCM [IpccProtoMessage.cpp:SerializeParams:112] m_offset, 441344
[m[1;33m1970-01-01 03:02:00.294|W|145916041|lpUCM [RemoteSails.cpp:SendWithRetry:185] Successfully wrote 1052 bytes
[m[0;32;32m1970-01-01 03:02:00.396|I|145916041|lpUCM [RemoteSails.cpp:HandleResponse:149] HandleResponse started, buffer size: 1048
[m[0;32;32m1970-01-01 03:02:00.396|I|145916041|lpUCM [RemoteSails.cpp:HandleResponse:158] Successfully deserialized response, status: 0, result code: 0
[m[0;32;32m1970-01-01 03:02:00.396|I|145916041|lpUCM [RemoteSails.cpp:SailWriteData:272] All data already trans size 16384
[m[0;32;32m1970-01-01 03:02:00.396|I|145916041|lpUCM [fds.cpp:FDS_OnLocalUpgProgress:246] total: 23, curr:23, percent:41, rop:97%
[m[0;32;32m1970-01-01 03:02:00.396|I|145916041|lpUCM [RemoteSails.cpp:SailWriteData:254] total data is 16384
[m[0;32;31m1970-01-01 03:02:00.396|E|145916041|lpUCM [IpccProtoMessage.cpp:SerializeParams:112] m_offset, 442368
[m[1;33m1970-01-01 03:02:00.396|W|145916041|lpUCM [RemoteSails.cpp:SendWithRetry:185] Successfully wrote 1052 bytes
[m[0;32;32m1970-01-01 03:02:00.497|I|145916041|lpUCM [RemoteSails.cpp:HandleResponse:149] HandleResponse started, buffer size: 1048
[m[0;32;32m1970-01-01 03:02:00.497|I|145916041|lpUCM [RemoteSails.cpp:HandleResponse:158] Successfully deserialized response, status: 0, result code: 0
[m[0;32;31m1970-01-01 03:02:00.497|E|145916041|lpUCM [IpccProtoMessage.cpp:SerializeParams:112] m_offset, 443392
[m[1;33m1970-01-01 03:02:00.497|W|145916041|lpUCM [RemoteSails.cpp:SendWithRetry:185] Successfully wrote 1052 bytes
[m[0;32;32m1970-01-01 03:02:00.599|I|145916041|lpUCM [RemoteSails.cpp:HandleResponse:149] HandleResponse started, buffer size: 1048
[m[0;32;32m1970-01-01 03:02:00.599|I|145916041|lpUCM [RemoteSails.cpp:HandleResponse:158] Successfully deserialized response, status: 0, result code: 0
[m[0;32;31m1970-01-01 03:02:00.599|E|145916041|lpUCM [IpccProtoMessage.cpp:SerializeParams:112] m_offset, 444416
[m[1;33m1970-01-01 03:02:00.599|W|145916041|lpUCM [RemoteSails.cpp:SendWithRetry:185] Successfully wrote 1052 bytes
[m[0;32;32m1970-01-01 03:02:00.700|I|145916041|lpUCM [RemoteSails.cpp:HandleResponse:149] HandleResponse started, buffer size: 1048
[m[0;32;32m1970-01-01 03:02:00.700|I|145916041|lpUCM [RemoteSails.cpp:HandleResponse:158] Successfully deserialized response, status: 0, result code: 0
[m[0;32;31m1970-01-01 03:02:00.700|E|145916041|lpUCM [IpccProtoMessage.cpp:SerializeParams:112] m_offset, 445440
[m[1;33m1970-01-01 03:02:00.700|W|145916041|lpUCM [RemoteSails.cpp:SendWithRetry:185] Successfully wrote 1052 bytes
[m[0;32;32m1970-01-01 03:02:00.801|I|145916041|lpUCM [RemoteSails.cpp:HandleResponse:149] HandleResponse started, buffer size: 1048
[m[0;32;32m1970-01-01 03:02:00.801|I|145916041|lpUCM [RemoteSails.cpp:HandleResponse:158] Successfully deserialized response, status: 0, result code: 0
[m[0;32;31m1970-01-01 03:02:00.801|E|145916041|lpUCM [IpccProtoMessage.cpp:SerializeParams:112] m_offset, 446464
[m[1;33m1970-01-01 03:02:00.801|W|145916041|lpUCM [RemoteSails.cpp:SendWithRetry:185] Successfully wrote 1052 bytes
[m[0;32;32m1970-01-01 03:02:00.903|I|145916041|lpUCM [RemoteSails.cpp:HandleResponse:149] HandleResponse started, buffer size: 1048
[m[0;32;32m1970-01-01 03:02:00.903|I|145916041|lpUCM [RemoteSails.cpp:HandleResponse:158] Successfully deserialized response, status: 0, result code: 0
[m[0;32;31m1970-01-01 03:02:00.903|E|145916041|lpUCM [IpccProtoMessage.cpp:SerializeParams:112] m_offset, 447488
[m[1;33m1970-01-01 03:02:00.903|W|145916041|lpUCM [RemoteSails.cpp:SendWithRetry:185] Successfully wrote 1052 bytes
[m[0;32;32m1970-01-01 03:02:01.5|I|145916041|lpUCM [RemoteSails.cpp:HandleResponse:149] HandleResponse started, buffer size: 1048
[m[0;32;32m1970-01-01 03:02:01.5|I|145916041|lpUCM [RemoteSails.cpp:HandleResponse:158] Successfully deserialized response, status: 0, result code: 0
[m[0;32;31m1970-01-01 03:02:01.5|E|145916041|lpUCM [IpccProtoMessage.cpp:SerializeParams:112] m_offset, 448512
[m[1;33m1970-01-01 03:02:01.5|W|145916041|lpUCM [RemoteSails.cpp:SendWithRetry:185] Successfully wrote 1052 bytes
[m[0;32;32m1970-01-01 03:02:01.106|I|145916041|lpUCM [RemoteSails.cpp:HandleResponse:149] HandleResponse started, buffer size: 1048
[m[0;32;32m1970-01-01 03:02:01.106|I|145916041|lpUCM [RemoteSails.cpp:HandleResponse:158] Successfully deserialized response, status: 0, result code: 0
[m[0;32;31m1970-01-01 03:02:01.106|E|145916041|lpUCM [IpccProtoMessage.cpp:SerializeParams:112] m_offset, 449536
[m[1;33m1970-01-01 03:02:01.106|W|145916041|lpUCM [RemoteSails.cpp:SendWithRetry:185] Successfully wrote 1052 bytes
[m[0;32;32m1970-01-01 03:02:01.207|I|145916041|lpUCM [RemoteSails.cpp:HandleResponse:149] HandleResponse started, buffer size: 1048
[m[0;32;32m1970-01-01 03:02:01.207|I|145916041|lpUCM [RemoteSails.cpp:HandleResponse:158] Successfully deserialized response, status: 0, result code: 0
[m[0;32;31m1970-01-01 03:02:01.207|E|145916041|lpUCM [IpccProtoMessage.cpp:SerializeParams:112] m_offset, 450560
[m[1;33m1970-01-01 03:02:01.207|W|145916041|lpUCM [RemoteSails.cpp:SendWithRetry:185] Successfully wrote 1052 bytes
[m[0;32;32m1970-01-01 03:02:01.308|I|145916041|lpUCM [RemoteSails.cpp:HandleResponse:149] HandleResponse started, buffer size: 1048
[m[0;32;32m1970-01-01 03:02:01.308|I|145916041|lpUCM [RemoteSails.cpp:HandleResponse:158] Successfully deserialized response, status: 0, result code: 0
[m[0;32;31m1970-01-01 03:02:01.308|E|145916041|lpUCM [IpccProtoMessage.cpp:SerializeParams:112] m_offset, 451584
[m[1;33m1970-01-01 03:02:01.308|W|145916041|lpUCM [RemoteSails.cpp:SendWithRetry:185] Successfully wrote 1052 bytes
[m[0;32;32m1970-01-01 03:02:01.410|I|145916041|lpUCM [RemoteSails.cpp:HandleResponse:149] HandleResponse started, buffer size: 1048
[m[0;32;32m1970-01-01 03:02:01.410|I|145916041|lpUCM [RemoteSails.cpp:HandleResponse:158] Successfully deserialized response, status: 0, result code: 0
[m[0;32;31m1970-01-01 03:02:01.410|E|145916041|lpUCM [IpccProtoMessage.cpp:SerializeParams:112] m_offset, 452608
[m[1;33m1970-01-01 03:02:01.410|W|145916041|lpUCM [RemoteSails.cpp:SendWithRetry:185] Successfully wrote 1052 bytes
[m[0;32;32m1970-01-01 03:02:01.511|I|145916041|lpUCM [RemoteSails.cpp:HandleResponse:149] HandleResponse started, buffer size: 1048
[m[0;32;32m1970-01-01 03:02:01.511|I|145916041|lpUCM [RemoteSails.cpp:HandleResponse:158] Successfully deserialized response, status: 0, result code: 0
[m[0;32;31m1970-01-01 03:02:01.511|E|145916041|lpUCM [IpccProtoMessage.cpp:SerializeParams:112] m_offset, 453632
[m[1;33m1970-01-01 03:02:01.511|W|145916041|lpUCM [RemoteSails.cpp:SendWithRetry:185] Successfully wrote 1052 bytes
[m[0;32;32m1970-01-01 03:02:01.612|I|145916041|lpUCM [RemoteSails.cpp:HandleResponse:149] HandleResponse started, buffer size: 1048
[m[0;32;32m1970-01-01 03:02:01.612|I|145916041|lpUCM [RemoteSails.cpp:HandleResponse:158] Successfully deserialized response, status: 0, result code: 0
[m[0;32;31m1970-01-01 03:02:01.612|E|145916041|lpUCM [IpccProtoMessage.cpp:SerializeParams:112] m_offset, 454656
[m[1;33m1970-01-01 03:02:01.612|W|145916041|lpUCM [RemoteSails.cpp:SendWithRetry:185] Successfully wrote 1052 bytes
[m[0;32;32m1970-01-01 03:02:01.714|I|145916041|lpUCM [RemoteSails.cpp:HandleResponse:149] HandleResponse started, buffer size: 1048
[m[0;32;32m1970-01-01 03:02:01.714|I|145916041|lpUCM [RemoteSails.cpp:HandleResponse:158] Successfully deserialized response, status: 0, result code: 0
[m[0;32;31m1970-01-01 03:02:01.714|E|145916041|lpUCM [IpccProtoMessage.cpp:SerializeParams:112] m_offset, 455680
[m[1;33m1970-01-01 03:02:01.714|W|145916041|lpUCM [RemoteSails.cpp:SendWithRetry:185] Successfully wrote 1052 bytes
[m[0;32;32m1970-01-01 03:02:01.815|I|145916041|lpUCM [RemoteSails.cpp:HandleResponse:149] HandleResponse started, buffer size: 1048
[m[0;32;32m1970-01-01 03:02:01.815|I|145916041|lpUCM [RemoteSails.cpp:HandleResponse:158] Successfully deserialized response, status: 0, result code: 0
[m[0;32;31m1970-01-01 03:02:01.815|E|145916041|lpUCM [IpccProtoMessage.cpp:SerializeParams:112] m_offset, 456704
[m[1;33m1970-01-01 03:02:01.815|W|145916041|lpUCM [RemoteSails.cpp:SendWithRetry:185] Successfully wrote 1052 bytes
[m[0;32;32m1970-01-01 03:02:01.917|I|145916041|lpUCM [RemoteSails.cpp:HandleResponse:149] HandleResponse started, buffer size: 1048
[m[0;32;32m1970-01-01 03:02:01.917|I|145916041|lpUCM [RemoteSails.cpp:HandleResponse:158] Successfully deserialized response, status: 0, result code: 0
[m[0;32;31m1970-01-01 03:02:01.917|E|145916041|lpUCM [IpccProtoMessage.cpp:SerializeParams:112] m_offset, 457728
[m[1;33m1970-01-01 03:02:01.917|W|145916041|lpUCM [RemoteSails.cpp:SendWithRetry:185] Successfully wrote 1052 bytes
[m[0;32;32m1970-01-01 03:02:02.18|I|145916041|lpUCM [RemoteSails.cpp:HandleResponse:149] HandleResponse started, buffer size: 1048
[m[0;32;32m1970-01-01 03:02:02.18|I|145916041|lpUCM [RemoteSails.cpp:HandleResponse:158] Successfully deserialized response, status: 0, result code: 0
[m[0;32;32m1970-01-01 03:02:02.18|I|145916041|lpUCM [RemoteSails.cpp:SailWriteData:272] All data already trans size 16384
[m[0;32;32m1970-01-01 03:02:02.18|I|145916041|lpUCM [fds.cpp:FDS_OnLocalUpgProgress:246] total: 23, curr:23, percent:42, rop:97%
[m[0;32;32m1970-01-01 03:02:02.18|I|145916041|lpUCM [RemoteSails.cpp:SailWriteData:254] total data is 16384
[m[0;32;31m1970-01-01 03:02:02.18|E|145916041|lpUCM [IpccProtoMessage.cpp:SerializeParams:112] m_offset, 458752
[m[1;33m1970-01-01 03:02:02.18|W|145916041|lpUCM [RemoteSails.cpp:SendWithRetry:185] Successfully wrote 1052 bytes
[m[0;32;32m1970-01-01 03:02:02.119|I|145916041|lpUCM [RemoteSails.cpp:HandleResponse:149] HandleResponse started, buffer size: 1048
[m[0;32;32m1970-01-01 03:02:02.119|I|145916041|lpUCM [RemoteSails.cpp:HandleResponse:158] Successfully deserialized response, status: 0, result code: 0
[m[0;32;31m1970-01-01 03:02:02.119|E|145916041|lpUCM [IpccProtoMessage.cpp:SerializeParams:112] m_offset, 459776
[m[1;33m1970-01-01 03:02:02.119|W|145916041|lpUCM [RemoteSails.cpp:SendWithRetry:185] Successfully wrote 1052 bytes
[m[0;32;32m1970-01-01 03:02:02.220|I|145916041|lpUCM [RemoteSails.cpp:HandleResponse:149] HandleResponse started, buffer size: 1048
[m[0;32;32m1970-01-01 03:02:02.220|I|145916041|lpUCM [RemoteSails.cpp:HandleResponse:158] Successfully deserialized response, status: 0, result code: 0
[m[0;32;31m1970-01-01 03:02:02.220|E|145916041|lpUCM [IpccProtoMessage.cpp:SerializeParams:112] m_offset, 460800
[m[1;33m1970-01-01 03:02:02.220|W|145916041|lpUCM [RemoteSails.cpp:SendWithRetry:185] Successfully wrote 1052 bytes
[m[0;32;32m1970-01-01 03:02:02.321|I|145916041|lpUCM [RemoteSails.cpp:HandleResponse:149] HandleResponse started, buffer size: 1048
[m[0;32;32m1970-01-01 03:02:02.321|I|145916041|lpUCM [RemoteSails.cpp:HandleResponse:158] Successfully deserialized response, status: 0, result code: 0
[m[0;32;31m1970-01-01 03:02:02.321|E|145916041|lpUCM [IpccProtoMessage.cpp:SerializeParams:112] m_offset, 461824
[m[1;33m1970-01-01 03:02:02.321|W|145916041|lpUCM [RemoteSails.cpp:SendWithRetry:185] Successfully wrote 1052 bytes
[m[0;32;32m1970-01-01 03:02:02.422|I|145916041|lpUCM [RemoteSails.cpp:HandleResponse:149] HandleResponse started, buffer size: 1048
[m[0;32;32m1970-01-01 03:02:02.422|I|145916041|lpUCM [RemoteSails.cpp:HandleResponse:158] Successfully deserialized response, status: 0, result code: 0
[m[0;32;31m1970-01-01 03:02:02.422|E|145916041|lpUCM [IpccProtoMessage.cpp:SerializeParams:112] m_offset, 462848
[m[1;33m1970-01-01 03:02:02.422|W|145916041|lpUCM [RemoteSails.cpp:SendWithRetry:185] Successfully wrote 1052 bytes
[m[0;32;32m1970-01-01 03:02:02.524|I|145916041|lpUCM [RemoteSails.cpp:HandleResponse:149] HandleResponse started, buffer size: 1048
[m[0;32;32m1970-01-01 03:02:02.524|I|145916041|lpUCM [RemoteSails.cpp:HandleResponse:158] Successfully deserialized response, status: 0, result code: 0
[m[0;32;31m1970-01-01 03:02:02.524|E|145916041|lpUCM [IpccProtoMessage.cpp:SerializeParams:112] m_offset, 463872
[m[1;33m1970-01-01 03:02:02.524|W|145916041|lpUCM [RemoteSails.cpp:SendWithRetry:185] Successfully wrote 1052 bytes
[m[0;32;32m1970-01-01 03:02:02.626|I|145916041|lpUCM [RemoteSails.cpp:HandleResponse:149] HandleResponse started, buffer size: 1048
[m[0;32;32m1970-01-01 03:02:02.626|I|145916041|lpUCM [RemoteSails.cpp:HandleResponse:158] Successfully deserialized response, status: 0, result code: 0
[m[0;32;31m1970-01-01 03:02:02.626|E|145916041|lpUCM [IpccProtoMessage.cpp:SerializeParams:112] m_offset, 464896
[m[1;33m1970-01-01 03:02:02.626|W|145916041|lpUCM [RemoteSails.cpp:SendWithRetry:185] Successfully wrote 1052 bytes
[m[0;32;32m1970-01-01 03:02:02.727|I|145916041|lpUCM [RemoteSails.cpp:HandleResponse:149] HandleResponse started, buffer size: 1048
[m[0;32;32m1970-01-01 03:02:02.727|I|145916041|lpUCM [RemoteSails.cpp:HandleResponse:158] Successfully deserialized response, status: 0, result code: 0
[m[0;32;31m1970-01-01 03:02:02.727|E|145916041|lpUCM [IpccProtoMessage.cpp:SerializeParams:112] m_offset, 465920
[m[1;33m1970-01-01 03:02:02.727|W|145916041|lpUCM [RemoteSails.cpp:SendWithRetry:185] Successfully wrote 1052 bytes
[m[0;32;32m1970-01-01 03:02:02.828|I|145916041|lpUCM [RemoteSails.cpp:HandleResponse:149] HandleResponse started, buffer size: 1048
[m[0;32;32m1970-01-01 03:02:02.828|I|145916041|lpUCM [RemoteSails.cpp:HandleResponse:158] Successfully deserialized response, status: 0, result code: 0
[m[0;32;31m1970-01-01 03:02:02.828|E|145916041|lpUCM [IpccProtoMessage.cpp:SerializeParams:112] m_offset, 466944
[m[1;33m1970-01-01 03:02:02.828|W|145916041|lpUCM [RemoteSails.cpp:SendWithRetry:185] Successfully wrote 1052 bytes
[m[0;32;32m1970-01-01 03:02:02.930|I|145916041|lpUCM [RemoteSails.cpp:HandleResponse:149] HandleResponse started, buffer size: 1048
[m[0;32;32m1970-01-01 03:02:02.930|I|145916041|lpUCM [RemoteSails.cpp:HandleResponse:158] Successfully deserialized response, status: 0, result code: 0
[m[0;32;31m1970-01-01 03:02:02.930|E|145916041|lpUCM [IpccProtoMessage.cpp:SerializeParams:112] m_offset, 467968
[m[1;33m1970-01-01 03:02:02.930|W|145916041|lpUCM [RemoteSails.cpp:SendWithRetry:185] Successfully wrote 1052 bytes
[m[0;32;32m1970-01-01 03:02:03.31|I|145916041|lpUCM [RemoteSails.cpp:HandleResponse:149] HandleResponse started, buffer size: 1048
[m[0;32;32m1970-01-01 03:02:03.31|I|145916041|lpUCM [RemoteSails.cpp:HandleResponse:158] Successfully deserialized response, status: 0, result code: 0
[m[0;32;31m1970-01-01 03:02:03.31|E|145916041|lpUCM [IpccProtoMessage.cpp:SerializeParams:112] m_offset, 468992
[m[1;33m1970-01-01 03:02:03.31|W|145916041|lpUCM [RemoteSails.cpp:SendWithRetry:185] Successfully wrote 1052 bytes
[m[0;32;32m1970-01-01 03:02:03.132|I|145916041|lpUCM [RemoteSails.cpp:HandleResponse:149] HandleResponse started, buffer size: 1048
[m[0;32;32m1970-01-01 03:02:03.132|I|145916041|lpUCM [RemoteSails.cpp:HandleResponse:158] Successfully deserialized response, status: 0, result code: 0
[m[0;32;31m1970-01-01 03:02:03.132|E|145916041|lpUCM [IpccProtoMessage.cpp:SerializeParams:112] m_offset, 470016
[m[1;33m1970-01-01 03:02:03.132|W|145916041|lpUCM [RemoteSails.cpp:SendWithRetry:185] Successfully wrote 1052 bytes
[m[0;32;32m1970-01-01 03:02:03.234|I|145916041|lpUCM [RemoteSails.cpp:HandleResponse:149] HandleResponse started, buffer size: 1048
[m[0;32;32m1970-01-01 03:02:03.234|I|145916041|lpUCM [RemoteSails.cpp:HandleResponse:158] Successfully deserialized response, status: 0, result code: 0
[m[0;32;31m1970-01-01 03:02:03.234|E|145916041|lpUCM [IpccProtoMessage.cpp:SerializeParams:112] m_offset, 471040
[m[1;33m1970-01-01 03:02:03.234|W|145916041|lpUCM [RemoteSails.cpp:SendWithRetry:185] Successfully wrote 1052 bytes
[m[0;32;32m1970-01-01 03:02:03.335|I|145916041|lpUCM [RemoteSails.cpp:HandleResponse:149] HandleResponse started, buffer size: 1048
[m[0;32;32m1970-01-01 03:02:03.335|I|145916041|lpUCM [RemoteSails.cpp:HandleResponse:158] Successfully deserialized response, status: 0, result code: 0
[m[0;32;31m1970-01-01 03:02:03.335|E|145916041|lpUCM [IpccProtoMessage.cpp:SerializeParams:112] m_offset, 472064
[m[1;33m1970-01-01 03:02:03.335|W|145916041|lpUCM [RemoteSails.cpp:SendWithRetry:185] Successfully wrote 1052 bytes
[m[0;32;32m1970-01-01 03:02:03.436|I|145916041|lpUCM [RemoteSails.cpp:HandleResponse:149] HandleResponse started, buffer size: 1048
[m[0;32;32m1970-01-01 03:02:03.436|I|145916041|lpUCM [RemoteSails.cpp:HandleResponse:158] Successfully deserialized response, status: 0, result code: 0
[m[0;32;31m1970-01-01 03:02:03.436|E|145916041|lpUCM [IpccProtoMessage.cpp:SerializeParams:112] m_offset, 473088
[m[1;33m1970-01-01 03:02:03.436|W|145916041|lpUCM [RemoteSails.cpp:SendWithRetry:185] Successfully wrote 1052 bytes
[m[0;32;32m1970-01-01 03:02:03.538|I|145916041|lpUCM [RemoteSails.cpp:HandleResponse:149] HandleResponse started, buffer size: 1048
[m[0;32;32m1970-01-01 03:02:03.538|I|145916041|lpUCM [RemoteSails.cpp:HandleResponse:158] Successfully deserialized response, status: 0, result code: 0
[m[0;32;31m1970-01-01 03:02:03.538|E|145916041|lpUCM [IpccProtoMessage.cpp:SerializeParams:112] m_offset, 474112
[m[1;33m1970-01-01 03:02:03.538|W|145916041|lpUCM [RemoteSails.cpp:SendWithRetry:185] Successfully wrote 1052 bytes
[m[0;32;32m1970-01-01 03:02:03.639|I|145916041|lpUCM [RemoteSails.cpp:HandleResponse:149] HandleResponse started, buffer size: 1048
[m[0;32;32m1970-01-01 03:02:03.639|I|145916041|lpUCM [RemoteSails.cpp:HandleResponse:158] Successfully deserialized response, status: 0, result code: 0
[m[0;32;32m1970-01-01 03:02:03.639|I|145916041|lpUCM [RemoteSails.cpp:SailWriteData:272] All data already trans size 16384
[m[0;32;32m1970-01-01 03:02:03.639|I|145916041|lpUCM [fds.cpp:FDS_OnLocalUpgProgress:246] total: 23, curr:23, percent:43, rop:97%
[m[0;32;32m1970-01-01 03:02:03.639|I|145916041|lpUCM [RemoteSails.cpp:SailWriteData:254] total data is 16384
[m[0;32;31m1970-01-01 03:02:03.639|E|145916041|lpUCM [IpccProtoMessage.cpp:SerializeParams:112] m_offset, 475136
[m[1;33m1970-01-01 03:02:03.639|W|145916041|lpUCM [RemoteSails.cpp:SendWithRetry:185] Successfully wrote 1052 bytes
[m[0;32;32m1970-01-01 03:02:03.741|I|145916041|lpUCM [RemoteSails.cpp:HandleResponse:149] HandleResponse started, buffer size: 1048
[m[0;32;32m1970-01-01 03:02:03.741|I|145916041|lpUCM [RemoteSails.cpp:HandleResponse:158] Successfully deserialized response, status: 0, result code: 0
[m[0;32;31m1970-01-01 03:02:03.741|E|145916041|lpUCM [IpccProtoMessage.cpp:SerializeParams:112] m_offset, 476160
[m[1;33m1970-01-01 03:02:03.741|W|145916041|lpUCM [RemoteSails.cpp:SendWithRetry:185] Successfully wrote 1052 bytes
[m[0;32;32m1970-01-01 03:02:03.842|I|145916041|lpUCM [RemoteSails.cpp:HandleResponse:149] HandleResponse started, buffer size: 1048
[m[0;32;32m1970-01-01 03:02:03.842|I|145916041|lpUCM [RemoteSails.cpp:HandleResponse:158] Successfully deserialized response, status: 0, result code: 0
[m[0;32;31m1970-01-01 03:02:03.842|E|145916041|lpUCM [IpccProtoMessage.cpp:SerializeParams:112] m_offset, 477184
[m[1;33m1970-01-01 03:02:03.842|W|145916041|lpUCM [RemoteSails.cpp:SendWithRetry:185] Successfully wrote 1052 bytes
[m[0;32;32m1970-01-01 03:02:03.944|I|145916041|lpUCM [RemoteSails.cpp:HandleResponse:149] HandleResponse started, buffer size: 1048
[m[0;32;32m1970-01-01 03:02:03.944|I|145916041|lpUCM [RemoteSails.cpp:HandleResponse:158] Successfully deserialized response, status: 0, result code: 0
[m[0;32;31m1970-01-01 03:02:03.944|E|145916041|lpUCM [IpccProtoMessage.cpp:SerializeParams:112] m_offset, 478208
[m[1;33m1970-01-01 03:02:03.944|W|145916041|lpUCM [RemoteSails.cpp:SendWithRetry:185] Successfully wrote 1052 bytes
[m[0;32;32m1970-01-01 03:02:04.46|I|145916041|lpUCM [RemoteSails.cpp:HandleResponse:149] HandleResponse started, buffer size: 1048
[m[0;32;32m1970-01-01 03:02:04.46|I|145916041|lpUCM [RemoteSails.cpp:HandleResponse:158] Successfully deserialized response, status: 0, result code: 0
[m[0;32;31m1970-01-01 03:02:04.46|E|145916041|lpUCM [IpccProtoMessage.cpp:SerializeParams:112] m_offset, 479232
[m[1;33m1970-01-01 03:02:04.46|W|145916041|lpUCM [RemoteSails.cpp:SendWithRetry:185] Successfully wrote 1052 bytes
[m[0;32;32m1970-01-01 03:02:04.148|I|145916041|lpUCM [RemoteSails.cpp:HandleResponse:149] HandleResponse started, buffer size: 1048
[m[0;32;32m1970-01-01 03:02:04.148|I|145916041|lpUCM [RemoteSails.cpp:HandleResponse:158] Successfully deserialized response, status: 0, result code: 0
[m[0;32;31m1970-01-01 03:02:04.148|E|145916041|lpUCM [IpccProtoMessage.cpp:SerializeParams:112] m_offset, 480256
[m[1;33m1970-01-01 03:02:04.148|W|145916041|lpUCM [RemoteSails.cpp:SendWithRetry:185] Successfully wrote 1052 bytes
[m[0;32;32m1970-01-01 03:02:04.249|I|145916041|lpUCM [RemoteSails.cpp:HandleResponse:149] HandleResponse started, buffer size: 1048
[m[0;32;32m1970-01-01 03:02:04.249|I|145916041|lpUCM [RemoteSails.cpp:HandleResponse:158] Successfully deserialized response, status: 0, result code: 0
[m[0;32;31m1970-01-01 03:02:04.249|E|145916041|lpUCM [IpccProtoMessage.cpp:SerializeParams:112] m_offset, 481280
[m[1;33m1970-01-01 03:02:04.249|W|145916041|lpUCM [RemoteSails.cpp:SendWithRetry:185] Successfully wrote 1052 bytes
[m[0;32;32m1970-01-01 03:02:04.351|I|145916041|lpUCM [RemoteSails.cpp:HandleResponse:149] HandleResponse started, buffer size: 1048
[m[0;32;32m1970-01-01 03:02:04.351|I|145916041|lpUCM [RemoteSails.cpp:HandleResponse:158] Successfully deserialized response, status: 0, result code: 0
[m[0;32;31m1970-01-01 03:02:04.351|E|145916041|lpUCM [IpccProtoMessage.cpp:SerializeParams:112] m_offset, 482304
[m[1;33m1970-01-01 03:02:04.351|W|145916041|lpUCM [RemoteSails.cpp:SendWithRetry:185] Successfully wrote 1052 bytes
[m[0;32;32m1970-01-01 03:02:04.452|I|145916041|lpUCM [RemoteSails.cpp:HandleResponse:149] HandleResponse started, buffer size: 1048
[m[0;32;32m1970-01-01 03:02:04.452|I|145916041|lpUCM [RemoteSails.cpp:HandleResponse:158] Successfully deserialized response, status: 0, result code: 0
[m[0;32;31m1970-01-01 03:02:04.452|E|145916041|lpUCM [IpccProtoMessage.cpp:SerializeParams:112] m_offset, 483328
[m[1;33m1970-01-01 03:02:04.452|W|145916041|lpUCM [RemoteSails.cpp:SendWithRetry:185] Successfully wrote 1052 bytes
[m[0;32;32m1970-01-01 03:02:04.553|I|145916041|lpUCM [RemoteSails.cpp:HandleResponse:149] HandleResponse started, buffer size: 1048
[m[0;32;32m1970-01-01 03:02:04.553|I|145916041|lpUCM [RemoteSails.cpp:HandleResponse:158] Successfully deserialized response, status: 0, result code: 0
[m[0;32;31m1970-01-01 03:02:04.553|E|145916041|lpUCM [IpccProtoMessage.cpp:SerializeParams:112] m_offset, 484352
[m[1;33m1970-01-01 03:02:04.553|W|145916041|lpUCM [RemoteSails.cpp:SendWithRetry:185] Successfully wrote 1052 bytes
[m[0;32;32m1970-01-01 03:02:04.654|I|145916041|lpUCM [RemoteSails.cpp:HandleResponse:149] HandleResponse started, buffer size: 1048
[m[0;32;32m1970-01-01 03:02:04.654|I|145916041|lpUCM [RemoteSails.cpp:HandleResponse:158] Successfully deserialized response, status: 0, result code: 0
[m[0;32;31m1970-01-01 03:02:04.654|E|145916041|lpUCM [IpccProtoMessage.cpp:SerializeParams:112] m_offset, 485376
[m[1;33m1970-01-01 03:02:04.654|W|145916041|lpUCM [RemoteSails.cpp:SendWithRetry:185] Successfully wrote 1052 bytes
[m[0;32;32m1970-01-01 03:02:04.755|I|145916041|lpUCM [RemoteSails.cpp:HandleResponse:149] HandleResponse started, buffer size: 1048
[m[0;32;32m1970-01-01 03:02:04.755|I|145916041|lpUCM [RemoteSails.cpp:HandleResponse:158] Successfully deserialized response, status: 0, result code: 0
[m[0;32;31m1970-01-01 03:02:04.755|E|145916041|lpUCM [IpccProtoMessage.cpp:SerializeParams:112] m_offset, 486400
[m[1;33m1970-01-01 03:02:04.755|W|145916041|lpUCM [RemoteSails.cpp:SendWithRetry:185] Successfully wrote 1052 bytes
[m[0;32;32m1970-01-01 03:02:04.857|I|145916041|lpUCM [RemoteSails.cpp:HandleResponse:149] HandleResponse started, buffer size: 1048
[m[0;32;32m1970-01-01 03:02:04.857|I|145916041|lpUCM [RemoteSails.cpp:HandleResponse:158] Successfully deserialized response, status: 0, result code: 0
[m[0;32;31m1970-01-01 03:02:04.857|E|145916041|lpUCM [IpccProtoMessage.cpp:SerializeParams:112] m_offset, 487424
[m[1;33m1970-01-01 03:02:04.857|W|145916041|lpUCM [RemoteSails.cpp:SendWithRetry:185] Successfully wrote 1052 bytes
[m[0;32;32m1970-01-01 03:02:04.959|I|145916041|lpUCM [RemoteSails.cpp:HandleResponse:149] HandleResponse started, buffer size: 1048
[m[0;32;32m1970-01-01 03:02:04.959|I|145916041|lpUCM [RemoteSails.cpp:HandleResponse:158] Successfully deserialized response, status: 0, result code: 0
[m[0;32;31m1970-01-01 03:02:04.959|E|145916041|lpUCM [IpccProtoMessage.cpp:SerializeParams:112] m_offset, 488448
[m[1;33m1970-01-01 03:02:04.959|W|145916041|lpUCM [RemoteSails.cpp:SendWithRetry:185] Successfully wrote 1052 bytes
[m[0;32;32m1970-01-01 03:02:05.61|I|145916041|lpUCM [RemoteSails.cpp:HandleResponse:149] HandleResponse started, buffer size: 1048
[m[0;32;32m1970-01-01 03:02:05.61|I|145916041|lpUCM [RemoteSails.cpp:HandleResponse:158] Successfully deserialized response, status: 0, result code: 0
[m[0;32;31m1970-01-01 03:02:05.61|E|145916041|lpUCM [IpccProtoMessage.cpp:SerializeParams:112] m_offset, 489472
[m[1;33m1970-01-01 03:02:05.61|W|145916041|lpUCM [RemoteSails.cpp:SendWithRetry:185] Successfully wrote 1052 bytes
[m[0;32;32m1970-01-01 03:02:05.163|I|145916041|lpUCM [RemoteSails.cpp:HandleResponse:149] HandleResponse started, buffer size: 1048
[m[0;32;32m1970-01-01 03:02:05.163|I|145916041|lpUCM [RemoteSails.cpp:HandleResponse:158] Successfully deserialized response, status: 0, result code: 0
[m[0;32;31m1970-01-01 03:02:05.163|E|145916041|lpUCM [IpccProtoMessage.cpp:SerializeParams:112] m_offset, 490496
[m[1;33m1970-01-01 03:02:05.163|W|145916041|lpUCM [RemoteSails.cpp:SendWithRetry:185] Successfully wrote 1052 bytes
[m[0;32;32m1970-01-01 03:02:05.264|I|145916041|lpUCM [RemoteSails.cpp:HandleResponse:149] HandleResponse started, buffer size: 1048
[m[0;32;32m1970-01-01 03:02:05.264|I|145916041|lpUCM [RemoteSails.cpp:HandleResponse:158] Successfully deserialized response, status: 0, result code: 0
[m[0;32;32m1970-01-01 03:02:05.264|I|145916041|lpUCM [RemoteSails.cpp:SailWriteData:272] All data already trans size 16384
[m[0;32;32m1970-01-01 03:02:05.264|I|145916041|lpUCM [fds.cpp:FDS_OnLocalUpgProgress:246] total: 23, curr:23, percent:44, rop:97%
[m[0;32;32m1970-01-01 03:02:05.264|I|145916041|lpUCM [RemoteSails.cpp:SailWriteData:254] total data is 16384
[m[0;32;31m1970-01-01 03:02:05.264|E|145916041|lpUCM [IpccProtoMessage.cpp:SerializeParams:112] m_offset, 491520
[m[1;33m1970-01-01 03:02:05.264|W|145916041|lpUCM [RemoteSails.cpp:SendWithRetry:185] Successfully wrote 1052 bytes
[m[0;32;32m1970-01-01 03:02:05.366|I|145916041|lpUCM [RemoteSails.cpp:HandleResponse:149] HandleResponse started, buffer size: 1048
[m[0;32;32m1970-01-01 03:02:05.366|I|145916041|lpUCM [RemoteSails.cpp:HandleResponse:158] Successfully deserialized response, status: 0, result code: 0
[m[0;32;31m1970-01-01 03:02:05.366|E|145916041|lpUCM [IpccProtoMessage.cpp:SerializeParams:112] m_offset, 492544
[m[1;33m1970-01-01 03:02:05.366|W|145916041|lpUCM [RemoteSails.cpp:SendWithRetry:185] Successfully wrote 1052 bytes
[m[0;32;32m1970-01-01 03:02:05.467|I|145916041|lpUCM [RemoteSails.cpp:HandleResponse:149] HandleResponse started, buffer size: 1048
[m[0;32;32m1970-01-01 03:02:05.467|I|145916041|lpUCM [RemoteSails.cpp:HandleResponse:158] Successfully deserialized response, status: 0, result code: 0
[m[0;32;31m1970-01-01 03:02:05.467|E|145916041|lpUCM [IpccProtoMessage.cpp:SerializeParams:112] m_offset, 493568
[m[1;33m1970-01-01 03:02:05.467|W|145916041|lpUCM [RemoteSails.cpp:SendWithRetry:185] Successfully wrote 1052 bytes
[m[0;32;32m1970-01-01 03:02:05.569|I|145916041|lpUCM [RemoteSails.cpp:HandleResponse:149] HandleResponse started, buffer size: 1048
[m[0;32;32m1970-01-01 03:02:05.569|I|145916041|lpUCM [RemoteSails.cpp:HandleResponse:158] Successfully deserialized response, status: 0, result code: 0
[m[0;32;31m1970-01-01 03:02:05.569|E|145916041|lpUCM [IpccProtoMessage.cpp:SerializeParams:112] m_offset, 494592
[m[1;33m1970-01-01 03:02:05.569|W|145916041|lpUCM [RemoteSails.cpp:SendWithRetry:185] Successfully wrote 1052 bytes
[m[0;32;32m1970-01-01 03:02:05.670|I|145916041|lpUCM [RemoteSails.cpp:HandleResponse:149] HandleResponse started, buffer size: 1048
[m[0;32;32m1970-01-01 03:02:05.670|I|145916041|lpUCM [RemoteSails.cpp:HandleResponse:158] Successfully deserialized response, status: 0, result code: 0
[m[0;32;31m1970-01-01 03:02:05.670|E|145916041|lpUCM [IpccProtoMessage.cpp:SerializeParams:112] m_offset, 495616
[m[1;33m1970-01-01 03:02:05.670|W|145916041|lpUCM [RemoteSails.cpp:SendWithRetry:185] Successfully wrote 1052 bytes
[m[0;32;32m1970-01-01 03:02:05.771|I|145916041|lpUCM [RemoteSails.cpp:HandleResponse:149] HandleResponse started, buffer size: 1048
[m[0;32;32m1970-01-01 03:02:05.771|I|145916041|lpUCM [RemoteSails.cpp:HandleResponse:158] Successfully deserialized response, status: 0, result code: 0
[m[0;32;31m1970-01-01 03:02:05.771|E|145916041|lpUCM [IpccProtoMessage.cpp:SerializeParams:112] m_offset, 496640
[m[1;33m1970-01-01 03:02:05.771|W|145916041|lpUCM [RemoteSails.cpp:SendWithRetry:185] Successfully wrote 1052 bytes
[m[0;32;32m1970-01-01 03:02:05.873|I|145916041|lpUCM [RemoteSails.cpp:HandleResponse:149] HandleResponse started, buffer size: 1048
[m[0;32;32m1970-01-01 03:02:05.873|I|145916041|lpUCM [RemoteSails.cpp:HandleResponse:158] Successfully deserialized response, status: 0, result code: 0
[m[0;32;31m1970-01-01 03:02:05.873|E|145916041|lpUCM [IpccProtoMessage.cpp:SerializeParams:112] m_offset, 497664
[m[1;33m1970-01-01 03:02:05.873|W|145916041|lpUCM [RemoteSails.cpp:SendWithRetry:185] Successfully wrote 1052 bytes
[m[0;32;32m1970-01-01 03:02:05.975|I|145916041|lpUCM [RemoteSails.cpp:HandleResponse:149] HandleResponse started, buffer size: 1048
[m[0;32;32m1970-01-01 03:02:05.975|I|145916041|lpUCM [RemoteSails.cpp:HandleResponse:158] Successfully deserialized response, status: 0, result code: 0
[m[0;32;31m1970-01-01 03:02:05.975|E|145916041|lpUCM [IpccProtoMessage.cpp:SerializeParams:112] m_offset, 498688
[m[1;33m1970-01-01 03:02:05.975|W|145916041|lpUCM [RemoteSails.cpp:SendWithRetry:185] Successfully wrote 1052 bytes
[m[0;32;32m1970-01-01 03:02:06.76|I|145916041|lpUCM [RemoteSails.cpp:HandleResponse:149] HandleResponse started, buffer size: 1048
[m[0;32;32m1970-01-01 03:02:06.76|I|145916041|lpUCM [RemoteSails.cpp:HandleResponse:158] Successfully deserialized response, status: 0, result code: 0
[m[0;32;31m1970-01-01 03:02:06.76|E|145916041|lpUCM [IpccProtoMessage.cpp:SerializeParams:112] m_offset, 499712
[m[1;33m1970-01-01 03:02:06.76|W|145916041|lpUCM [RemoteSails.cpp:SendWithRetry:185] Successfully wrote 1052 bytes
[m[0;32;32m1970-01-01 03:02:06.178|I|145916041|lpUCM [RemoteSails.cpp:HandleResponse:149] HandleResponse started, buffer size: 1048
[m[0;32;32m1970-01-01 03:02:06.178|I|145916041|lpUCM [RemoteSails.cpp:HandleResponse:158] Successfully deserialized response, status: 0, result code: 0
[m[0;32;31m1970-01-01 03:02:06.178|E|145916041|lpUCM [IpccProtoMessage.cpp:SerializeParams:112] m_offset, 500736
[m[1;33m1970-01-01 03:02:06.178|W|145916041|lpUCM [RemoteSails.cpp:SendWithRetry:185] Successfully wrote 1052 bytes
[m[0;32;32m1970-01-01 03:02:06.279|I|145916041|lpUCM [RemoteSails.cpp:HandleResponse:149] HandleResponse started, buffer size: 1048
[m[0;32;32m1970-01-01 03:02:06.279|I|145916041|lpUCM [RemoteSails.cpp:HandleResponse:158] Successfully deserialized response, status: 0, result code: 0
[m[0;32;31m1970-01-01 03:02:06.279|E|145916041|lpUCM [IpccProtoMessage.cpp:SerializeParams:112] m_offset, 501760
[m[1;33m1970-01-01 03:02:06.279|W|145916041|lpUCM [RemoteSails.cpp:SendWithRetry:185] Successfully wrote 1052 bytes
[m[0;32;32m1970-01-01 03:02:06.381|I|145916041|lpUCM [RemoteSails.cpp:HandleResponse:149] HandleResponse started, buffer size: 1048
[m[0;32;32m1970-01-01 03:02:06.381|I|145916041|lpUCM [RemoteSails.cpp:HandleResponse:158] Successfully deserialized response, status: 0, result code: 0
[m[0;32;31m1970-01-01 03:02:06.381|E|145916041|lpUCM [IpccProtoMessage.cpp:SerializeParams:112] m_offset, 502784
[m[1;33m1970-01-01 03:02:06.381|W|145916041|lpUCM [RemoteSails.cpp:SendWithRetry:185] Successfully wrote 1052 bytes
[m[0;32;32m1970-01-01 03:02:06.482|I|145916041|lpUCM [RemoteSails.cpp:HandleResponse:149] HandleResponse started, buffer size: 1048
[m[0;32;32m1970-01-01 03:02:06.482|I|145916041|lpUCM [RemoteSails.cpp:HandleResponse:158] Successfully deserialized response, status: 0, result code: 0
[m[0;32;31m1970-01-01 03:02:06.482|E|145916041|lpUCM [IpccProtoMessage.cpp:SerializeParams:112] m_offset, 503808
[m[1;33m1970-01-01 03:02:06.482|W|145916041|lpUCM [RemoteSails.cpp:SendWithRetry:185] Successfully wrote 1052 bytes
[m[0;32;32m1970-01-01 03:02:06.584|I|145916041|lpUCM [RemoteSails.cpp:HandleResponse:149] HandleResponse started, buffer size: 1048
[m[0;32;32m1970-01-01 03:02:06.584|I|145916041|lpUCM [RemoteSails.cpp:HandleResponse:158] Successfully deserialized response, status: 0, result code: 0
[m[0;32;31m1970-01-01 03:02:06.584|E|145916041|lpUCM [IpccProtoMessage.cpp:SerializeParams:112] m_offset, 504832
[m[1;33m1970-01-01 03:02:06.584|W|145916041|lpUCM [RemoteSails.cpp:SendWithRetry:185] Successfully wrote 1052 bytes
[m[0;32;32m1970-01-01 03:02:06.685|I|145916041|lpUCM [RemoteSails.cpp:HandleResponse:149] HandleResponse started, buffer size: 1048
[m[0;32;32m1970-01-01 03:02:06.685|I|145916041|lpUCM [RemoteSails.cpp:HandleResponse:158] Successfully deserialized response, status: 0, result code: 0
[m[0;32;31m1970-01-01 03:02:06.685|E|145916041|lpUCM [IpccProtoMessage.cpp:SerializeParams:112] m_offset, 505856
[m[1;33m1970-01-01 03:02:06.685|W|145916041|lpUCM [RemoteSails.cpp:SendWithRetry:185] Successfully wrote 1052 bytes
[m[0;32;32m1970-01-01 03:02:06.786|I|145916041|lpUCM [RemoteSails.cpp:HandleResponse:149] HandleResponse started, buffer size: 1048
[m[0;32;32m1970-01-01 03:02:06.786|I|145916041|lpUCM [RemoteSails.cpp:HandleResponse:158] Successfully deserialized response, status: 0, result code: 0
[m[0;32;31m1970-01-01 03:02:06.786|E|145916041|lpUCM [IpccProtoMessage.cpp:SerializeParams:112] m_offset, 506880
[m[1;33m1970-01-01 03:02:06.786|W|145916041|lpUCM [RemoteSails.cpp:SendWithRetry:185] Successfully wrote 1052 bytes
[m[0;32;32m1970-01-01 03:02:06.888|I|145916041|lpUCM [RemoteSails.cpp:HandleResponse:149] HandleResponse started, buffer size: 1048
[m[0;32;32m1970-01-01 03:02:06.888|I|145916041|lpUCM [RemoteSails.cpp:HandleResponse:158] Successfully deserialized response, status: 0, result code: 0
[m[0;32;32m1970-01-01 03:02:06.888|I|145916041|lpUCM [RemoteSails.cpp:SailWriteData:272] All data already trans size 16384
[m[0;32;32m1970-01-01 03:02:06.888|I|145916041|lpUCM [fds.cpp:FDS_OnLocalUpgProgress:246] total: 23, curr:23, percent:45, rop:97%
[m[0;32;32m1970-01-01 03:02:06.888|I|145916041|lpUCM [RemoteSails.cpp:SailWriteData:254] total data is 16384
[m[0;32;31m1970-01-01 03:02:06.888|E|145916041|lpUCM [IpccProtoMessage.cpp:SerializeParams:112] m_offset, 507904
[m[1;33m1970-01-01 03:02:06.888|W|145916041|lpUCM [RemoteSails.cpp:SendWithRetry:185] Successfully wrote 1052 bytes
[m[0;32;32m1970-01-01 03:02:06.990|I|145916041|lpUCM [RemoteSails.cpp:HandleResponse:149] HandleResponse started, buffer size: 1048
[m[0;32;32m1970-01-01 03:02:06.990|I|145916041|lpUCM [RemoteSails.cpp:HandleResponse:158] Successfully deserialized response, status: 0, result code: 0
[m[0;32;31m1970-01-01 03:02:06.990|E|145916041|lpUCM [IpccProtoMessage.cpp:SerializeParams:112] m_offset, 508928
[m[1;33m1970-01-01 03:02:06.990|W|145916041|lpUCM [RemoteSails.cpp:SendWithRetry:185] Successfully wrote 1052 bytes
[m[0;32;32m1970-01-01 03:02:07.91|I|145916041|lpUCM [RemoteSails.cpp:HandleResponse:149] HandleResponse started, buffer size: 1048
[m[0;32;32m1970-01-01 03:02:07.91|I|145916041|lpUCM [RemoteSails.cpp:HandleResponse:158] Successfully deserialized response, status: 0, result code: 0
[m[0;32;31m1970-01-01 03:02:07.91|E|145916041|lpUCM [IpccProtoMessage.cpp:SerializeParams:112] m_offset, 509952
[m[1;33m1970-01-01 03:02:07.91|W|145916041|lpUCM [RemoteSails.cpp:SendWithRetry:185] Successfully wrote 1052 bytes
[m[0;32;32m1970-01-01 03:02:07.192|I|145916041|lpUCM [RemoteSails.cpp:HandleResponse:149] HandleResponse started, buffer size: 1048
[m[0;32;32m1970-01-01 03:02:07.192|I|145916041|lpUCM [RemoteSails.cpp:HandleResponse:158] Successfully deserialized response, status: 0, result code: 0
[m[0;32;31m1970-01-01 03:02:07.192|E|145916041|lpUCM [IpccProtoMessage.cpp:SerializeParams:112] m_offset, 510976
[m[1;33m1970-01-01 03:02:07.192|W|145916041|lpUCM [RemoteSails.cpp:SendWithRetry:185] Successfully wrote 1052 bytes
[m[0;32;32m1970-01-01 03:02:07.294|I|145916041|lpUCM [RemoteSails.cpp:HandleResponse:149] HandleResponse started, buffer size: 1048
[m[0;32;32m1970-01-01 03:02:07.294|I|145916041|lpUCM [RemoteSails.cpp:HandleResponse:158] Successfully deserialized response, status: 0, result code: 0
[m[0;32;31m1970-01-01 03:02:07.294|E|145916041|lpUCM [IpccProtoMessage.cpp:SerializeParams:112] m_offset, 512000
[m[1;33m1970-01-01 03:02:07.294|W|145916041|lpUCM [RemoteSails.cpp:SendWithRetry:185] Successfully wrote 1052 bytes
[m[0;32;32m1970-01-01 03:02:07.396|I|145916041|lpUCM [RemoteSails.cpp:HandleResponse:149] HandleResponse started, buffer size: 1048
[m[0;32;32m1970-01-01 03:02:07.396|I|145916041|lpUCM [RemoteSails.cpp:HandleResponse:158] Successfully deserialized response, status: 0, result code: 0
[m[0;32;31m1970-01-01 03:02:07.396|E|145916041|lpUCM [IpccProtoMessage.cpp:SerializeParams:112] m_offset, 513024
[m[1;33m1970-01-01 03:02:07.396|W|145916041|lpUCM [RemoteSails.cpp:SendWithRetry:185] Successfully wrote 1052 bytes
[m[0;32;32m1970-01-01 03:02:07.497|I|145916041|lpUCM [RemoteSails.cpp:HandleResponse:149] HandleResponse started, buffer size: 1048
[m[0;32;32m1970-01-01 03:02:07.497|I|145916041|lpUCM [RemoteSails.cpp:HandleResponse:158] Successfully deserialized response, status: 0, result code: 0
[m[0;32;31m1970-01-01 03:02:07.497|E|145916041|lpUCM [IpccProtoMessage.cpp:SerializeParams:112] m_offset, 514048
[m[1;33m1970-01-01 03:02:07.497|W|145916041|lpUCM [RemoteSails.cpp:SendWithRetry:185] Successfully wrote 1052 bytes
[m[0;32;32m1970-01-01 03:02:07.599|I|145916041|lpUCM [RemoteSails.cpp:HandleResponse:149] HandleResponse started, buffer size: 1048
[m[0;32;32m1970-01-01 03:02:07.599|I|145916041|lpUCM [RemoteSails.cpp:HandleResponse:158] Successfully deserialized response, status: 0, result code: 0
[m[0;32;31m1970-01-01 03:02:07.599|E|145916041|lpUCM [IpccProtoMessage.cpp:SerializeParams:112] m_offset, 515072
[m[1;33m1970-01-01 03:02:07.599|W|145916041|lpUCM [RemoteSails.cpp:SendWithRetry:185] Successfully wrote 1052 bytes
[m[0;32;32m1970-01-01 03:02:07.700|I|145916041|lpUCM [RemoteSails.cpp:HandleResponse:149] HandleResponse started, buffer size: 1048
[m[0;32;32m1970-01-01 03:02:07.700|I|145916041|lpUCM [RemoteSails.cpp:HandleResponse:158] Successfully deserialized response, status: 0, result code: 0
[m[0;32;31m1970-01-01 03:02:07.700|E|145916041|lpUCM [IpccProtoMessage.cpp:SerializeParams:112] m_offset, 516096
[m[1;33m1970-01-01 03:02:07.700|W|145916041|lpUCM [RemoteSails.cpp:SendWithRetry:185] Successfully wrote 1052 bytes
[m[0;32;32m1970-01-01 03:02:07.801|I|145916041|lpUCM [RemoteSails.cpp:HandleResponse:149] HandleResponse started, buffer size: 1048
[m[0;32;32m1970-01-01 03:02:07.801|I|145916041|lpUCM [RemoteSails.cpp:HandleResponse:158] Successfully deserialized response, status: 0, result code: 0
[m[0;32;31m1970-01-01 03:02:07.801|E|145916041|lpUCM [IpccProtoMessage.cpp:SerializeParams:112] m_offset, 517120
[m[1;33m1970-01-01 03:02:07.801|W|145916041|lpUCM [RemoteSails.cpp:SendWithRetry:185] Successfully wrote 1052 bytes
[m[0;32;32m1970-01-01 03:02:07.902|I|145916041|lpUCM [RemoteSails.cpp:HandleResponse:149] HandleResponse started, buffer size: 1048
[m[0;32;32m1970-01-01 03:02:07.902|I|145916041|lpUCM [RemoteSails.cpp:HandleResponse:158] Successfully deserialized response, status: 0, result code: 0
[m[0;32;31m1970-01-01 03:02:07.902|E|145916041|lpUCM [IpccProtoMessage.cpp:SerializeParams:112] m_offset, 518144
[m[1;33m1970-01-01 03:02:07.902|W|145916041|lpUCM [RemoteSails.cpp:SendWithRetry:185] Successfully wrote 1052 bytes
[m[0;32;32m1970-01-01 03:02:08.4|I|145916041|lpUCM [RemoteSails.cpp:HandleResponse:149] HandleResponse started, buffer size: 1048
[m[0;32;32m1970-01-01 03:02:08.4|I|145916041|lpUCM [RemoteSails.cpp:HandleResponse:158] Successfully deserialized response, status: 0, result code: 0
[m[0;32;31m1970-01-01 03:02:08.4|E|145916041|lpUCM [IpccProtoMessage.cpp:SerializeParams:112] m_offset, 519168
[m[1;33m1970-01-01 03:02:08.4|W|145916041|lpUCM [RemoteSails.cpp:SendWithRetry:185] Successfully wrote 1052 bytes
[m[0;32;32m1970-01-01 03:02:08.105|I|145916041|lpUCM [RemoteSails.cpp:HandleResponse:149] HandleResponse started, buffer size: 1048
[m[0;32;32m1970-01-01 03:02:08.105|I|145916041|lpUCM [RemoteSails.cpp:HandleResponse:158] Successfully deserialized response, status: 0, result code: 0
[m[0;32;31m1970-01-01 03:02:08.105|E|145916041|lpUCM [IpccProtoMessage.cpp:SerializeParams:112] m_offset, 520192
[m[1;33m1970-01-01 03:02:08.105|W|145916041|lpUCM [RemoteSails.cpp:SendWithRetry:185] Successfully wrote 1052 bytes
[m[0;32;32m1970-01-01 03:02:08.206|I|145916041|lpUCM [RemoteSails.cpp:HandleResponse:149] HandleResponse started, buffer size: 1048
[m[0;32;32m1970-01-01 03:02:08.206|I|145916041|lpUCM [RemoteSails.cpp:HandleResponse:158] Successfully deserialized response, status: 0, result code: 0
[m[0;32;31m1970-01-01 03:02:08.206|E|145916041|lpUCM [IpccProtoMessage.cpp:SerializeParams:112] m_offset, 521216
[m[1;33m1970-01-01 03:02:08.206|W|145916041|lpUCM [RemoteSails.cpp:SendWithRetry:185] Successfully wrote 1052 bytes
[m[0;32;32m1970-01-01 03:02:08.308|I|145916041|lpUCM [RemoteSails.cpp:HandleResponse:149] HandleResponse started, buffer size: 1048
[m[0;32;32m1970-01-01 03:02:08.308|I|145916041|lpUCM [RemoteSails.cpp:HandleResponse:158] Successfully deserialized response, status: 0, result code: 0
[m[0;32;31m1970-01-01 03:02:08.308|E|145916041|lpUCM [IpccProtoMessage.cpp:SerializeParams:112] m_offset, 522240
[m[1;33m1970-01-01 03:02:08.308|W|145916041|lpUCM [RemoteSails.cpp:SendWithRetry:185] Successfully wrote 1052 bytes
[m[0;32;32m1970-01-01 03:02:08.410|I|145916041|lpUCM [RemoteSails.cpp:HandleResponse:149] HandleResponse started, buffer size: 1048
[m[0;32;32m1970-01-01 03:02:08.410|I|145916041|lpUCM [RemoteSails.cpp:HandleResponse:158] Successfully deserialized response, status: 0, result code: 0
[m[0;32;31m1970-01-01 03:02:08.410|E|145916041|lpUCM [IpccProtoMessage.cpp:SerializeParams:112] m_offset, 523264
[m[1;33m1970-01-01 03:02:08.410|W|145916041|lpUCM [RemoteSails.cpp:SendWithRetry:185] Successfully wrote 1052 bytes
[m[0;32;32m1970-01-01 03:02:08.512|I|145916041|lpUCM [RemoteSails.cpp:HandleResponse:149] HandleResponse started, buffer size: 1048
[m[0;32;32m1970-01-01 03:02:08.512|I|145916041|lpUCM [RemoteSails.cpp:HandleResponse:158] Successfully deserialized response, status: 0, result code: 0
[m[0;32;32m1970-01-01 03:02:08.512|I|145916041|lpUCM [RemoteSails.cpp:SailWriteData:272] All data already trans size 16384
[m[0;32;32m1970-01-01 03:02:08.512|I|145916041|lpUCM [fds.cpp:FDS_OnLocalUpgProgress:246] total: 23, curr:23, percent:46, rop:97%
[m[0;32;32m1970-01-01 03:02:08.512|I|145916041|lpUCM [RemoteSails.cpp:SailWriteData:254] total data is 16384
[m[0;32;31m1970-01-01 03:02:08.512|E|145916041|lpUCM [IpccProtoMessage.cpp:SerializeParams:112] m_offset, 524288
[m[1;33m1970-01-01 03:02:08.512|W|145916041|lpUCM [RemoteSails.cpp:SendWithRetry:185] Successfully wrote 1052 bytes
[m[0;32;32m1970-01-01 03:02:08.614|I|145916041|lpUCM [RemoteSails.cpp:HandleResponse:149] HandleResponse started, buffer size: 1048
[m[0;32;32m1970-01-01 03:02:08.614|I|145916041|lpUCM [RemoteSails.cpp:HandleResponse:158] Successfully deserialized response, status: 0, result code: 0
[m[0;32;31m1970-01-01 03:02:08.614|E|145916041|lpUCM [IpccProtoMessage.cpp:SerializeParams:112] m_offset, 525312
[m[1;33m1970-01-01 03:02:08.614|W|145916041|lpUCM [RemoteSails.cpp:SendWithRetry:185] Successfully wrote 1052 bytes
[m[0;32;32m1970-01-01 03:02:08.715|I|145916041|lpUCM [RemoteSails.cpp:HandleResponse:149] HandleResponse started, buffer size: 1048
[m[0;32;32m1970-01-01 03:02:08.715|I|145916041|lpUCM [RemoteSails.cpp:HandleResponse:158] Successfully deserialized response, status: 0, result code: 0
[m[0;32;31m1970-01-01 03:02:08.715|E|145916041|lpUCM [IpccProtoMessage.cpp:SerializeParams:112] m_offset, 526336
[m[1;33m1970-01-01 03:02:08.715|W|145916041|lpUCM [RemoteSails.cpp:SendWithRetry:185] Successfully wrote 1052 bytes
[m[0;32;32m1970-01-01 03:02:08.816|I|145916041|lpUCM [RemoteSails.cpp:HandleResponse:149] HandleResponse started, buffer size: 1048
[m[0;32;32m1970-01-01 03:02:08.816|I|145916041|lpUCM [RemoteSails.cpp:HandleResponse:158] Successfully deserialized response, status: 0, result code: 0
[m[0;32;31m1970-01-01 03:02:08.816|E|145916041|lpUCM [IpccProtoMessage.cpp:SerializeParams:112] m_offset, 527360
[m[1;33m1970-01-01 03:02:08.816|W|145916041|lpUCM [RemoteSails.cpp:SendWithRetry:185] Successfully wrote 1052 bytes
[m[0;32;32m1970-01-01 03:02:08.918|I|145916041|lpUCM [RemoteSails.cpp:HandleResponse:149] HandleResponse started, buffer size: 1048
[m[0;32;32m1970-01-01 03:02:08.918|I|145916041|lpUCM [RemoteSails.cpp:HandleResponse:158] Successfully deserialized response, status: 0, result code: 0
[m[0;32;31m1970-01-01 03:02:08.918|E|145916041|lpUCM [IpccProtoMessage.cpp:SerializeParams:112] m_offset, 528384
[m[1;33m1970-01-01 03:02:08.918|W|145916041|lpUCM [RemoteSails.cpp:SendWithRetry:185] Successfully wrote 1052 bytes
[m[0;32;32m1970-01-01 03:02:09.19|I|145916041|lpUCM [RemoteSails.cpp:HandleResponse:149] HandleResponse started, buffer size: 1048
[m[0;32;32m1970-01-01 03:02:09.19|I|145916041|lpUCM [RemoteSails.cpp:HandleResponse:158] Successfully deserialized response, status: 0, result code: 0
[m[0;32;31m1970-01-01 03:02:09.19|E|145916041|lpUCM [IpccProtoMessage.cpp:SerializeParams:112] m_offset, 529408
[m[1;33m1970-01-01 03:02:09.19|W|145916041|lpUCM [RemoteSails.cpp:SendWithRetry:185] Successfully wrote 1052 bytes
[m[0;32;32m1970-01-01 03:02:09.121|I|145916041|lpUCM [RemoteSails.cpp:HandleResponse:149] HandleResponse started, buffer size: 1048
[m[0;32;32m1970-01-01 03:02:09.121|I|145916041|lpUCM [RemoteSails.cpp:HandleResponse:158] Successfully deserialized response, status: 0, result code: 0
[m[0;32;31m1970-01-01 03:02:09.121|E|145916041|lpUCM [IpccProtoMessage.cpp:SerializeParams:112] m_offset, 530432
[m[1;33m1970-01-01 03:02:09.121|W|145916041|lpUCM [RemoteSails.cpp:SendWithRetry:185] Successfully wrote 1052 bytes
[m[0;32;32m1970-01-01 03:02:09.222|I|145916041|lpUCM [RemoteSails.cpp:HandleResponse:149] HandleResponse started, buffer size: 1048
[m[0;32;32m1970-01-01 03:02:09.222|I|145916041|lpUCM [RemoteSails.cpp:HandleResponse:158] Successfully deserialized response, status: 0, result code: 0
[m[0;32;31m1970-01-01 03:02:09.222|E|145916041|lpUCM [IpccProtoMessage.cpp:SerializeParams:112] m_offset, 531456
[m[1;33m1970-01-01 03:02:09.222|W|145916041|lpUCM [RemoteSails.cpp:SendWithRetry:185] Successfully wrote 1052 bytes
[m[0;32;32m1970-01-01 03:02:09.323|I|145916041|lpUCM [RemoteSails.cpp:HandleResponse:149] HandleResponse started, buffer size: 1048
[m[0;32;32m1970-01-01 03:02:09.323|I|145916041|lpUCM [RemoteSails.cpp:HandleResponse:158] Successfully deserialized response, status: 0, result code: 0
[m[0;32;31m1970-01-01 03:02:09.323|E|145916041|lpUCM [IpccProtoMessage.cpp:SerializeParams:112] m_offset, 532480
[m[1;33m1970-01-01 03:02:09.323|W|145916041|lpUCM [RemoteSails.cpp:SendWithRetry:185] Successfully wrote 1052 bytes
[m[0;32;32m1970-01-01 03:02:09.424|I|145916041|lpUCM [RemoteSails.cpp:HandleResponse:149] HandleResponse started, buffer size: 1048
[m[0;32;32m1970-01-01 03:02:09.424|I|145916041|lpUCM [RemoteSails.cpp:HandleResponse:158] Successfully deserialized response, status: 0, result code: 0
[m[0;32;31m1970-01-01 03:02:09.424|E|145916041|lpUCM [IpccProtoMessage.cpp:SerializeParams:112] m_offset, 533504
[m[1;33m1970-01-01 03:02:09.424|W|145916041|lpUCM [RemoteSails.cpp:SendWithRetry:185] Successfully wrote 1052 bytes
[m[0;32;32m1970-01-01 03:02:09.525|I|145916041|lpUCM [RemoteSails.cpp:HandleResponse:149] HandleResponse started, buffer size: 1048
[m[0;32;32m1970-01-01 03:02:09.525|I|145916041|lpUCM [RemoteSails.cpp:HandleResponse:158] Successfully deserialized response, status: 0, result code: 0
[m[0;32;31m1970-01-01 03:02:09.525|E|145916041|lpUCM [IpccProtoMessage.cpp:SerializeParams:112] m_offset, 534528
[m[1;33m1970-01-01 03:02:09.525|W|145916041|lpUCM [RemoteSails.cpp:SendWithRetry:185] Successfully wrote 1052 bytes
[m[0;32;32m1970-01-01 03:02:09.627|I|145916041|lpUCM [RemoteSails.cpp:HandleResponse:149] HandleResponse started, buffer size: 1048
[m[0;32;32m1970-01-01 03:02:09.627|I|145916041|lpUCM [RemoteSails.cpp:HandleResponse:158] Successfully deserialized response, status: 0, result code: 0
[m[0;32;31m1970-01-01 03:02:09.627|E|145916041|lpUCM [IpccProtoMessage.cpp:SerializeParams:112] m_offset, 535552
[m[1;33m1970-01-01 03:02:09.627|W|145916041|lpUCM [RemoteSails.cpp:SendWithRetry:185] Successfully wrote 1052 bytes
[m[0;32;32m1970-01-01 03:02:09.729|I|145916041|lpUCM [RemoteSails.cpp:HandleResponse:149] HandleResponse started, buffer size: 1048
[m[0;32;32m1970-01-01 03:02:09.729|I|145916041|lpUCM [RemoteSails.cpp:HandleResponse:158] Successfully deserialized response, status: 0, result code: 0
[m[0;32;31m1970-01-01 03:02:09.729|E|145916041|lpUCM [IpccProtoMessage.cpp:SerializeParams:112] m_offset, 536576
[m[1;33m1970-01-01 03:02:09.729|W|145916041|lpUCM [RemoteSails.cpp:SendWithRetry:185] Successfully wrote 1052 bytes
[m[0;32;32m1970-01-01 03:02:09.830|I|145916041|lpUCM [RemoteSails.cpp:HandleResponse:149] HandleResponse started, buffer size: 1048
[m[0;32;32m1970-01-01 03:02:09.830|I|145916041|lpUCM [RemoteSails.cpp:HandleResponse:158] Successfully deserialized response, status: 0, result code: 0
[m[0;32;31m1970-01-01 03:02:09.830|E|145916041|lpUCM [IpccProtoMessage.cpp:SerializeParams:112] m_offset, 537600
[m[1;33m1970-01-01 03:02:09.830|W|145916041|lpUCM [RemoteSails.cpp:SendWithRetry:185] Successfully wrote 1052 bytes
[m[0;32;32m1970-01-01 03:02:09.932|I|145916041|lpUCM [RemoteSails.cpp:HandleResponse:149] HandleResponse started, buffer size: 1048
[m[0;32;32m1970-01-01 03:02:09.932|I|145916041|lpUCM [RemoteSails.cpp:HandleResponse:158] Successfully deserialized response, status: 0, result code: 0
[m[0;32;31m1970-01-01 03:02:09.932|E|145916041|lpUCM [IpccProtoMessage.cpp:SerializeParams:112] m_offset, 538624
[m[1;33m1970-01-01 03:02:09.932|W|145916041|lpUCM [RemoteSails.cpp:SendWithRetry:185] Successfully wrote 1052 bytes
[m[0;32;32m1970-01-01 03:02:10.33|I|145916041|lpUCM [RemoteSails.cpp:HandleResponse:149] HandleResponse started, buffer size: 1048
[m[0;32;32m1970-01-01 03:02:10.33|I|145916041|lpUCM [RemoteSails.cpp:HandleResponse:158] Successfully deserialized response, status: 0, result code: 0
[m[0;32;31m1970-01-01 03:02:10.33|E|145916041|lpUCM [IpccProtoMessage.cpp:SerializeParams:112] m_offset, 539648
[m[1;33m1970-01-01 03:02:10.33|W|145916041|lpUCM [RemoteSails.cpp:SendWithRetry:185] Successfully wrote 1052 bytes
[m[0;32;32m1970-01-01 03:02:10.134|I|145916041|lpUCM [RemoteSails.cpp:HandleResponse:149] HandleResponse started, buffer size: 1048
[m[0;32;32m1970-01-01 03:02:10.134|I|145916041|lpUCM [RemoteSails.cpp:HandleResponse:158] Successfully deserialized response, status: 0, result code: 0
[m[0;32;32m1970-01-01 03:02:10.134|I|145916041|lpUCM [RemoteSails.cpp:SailWriteData:272] All data already trans size 16384
[m[0;32;32m1970-01-01 03:02:10.134|I|145916041|lpUCM [fds.cpp:FDS_OnLocalUpgProgress:246] total: 23, curr:23, percent:47, rop:97%
[m[0;32;32m1970-01-01 03:02:10.134|I|145916041|lpUCM [RemoteSails.cpp:SailWriteData:254] total data is 16384
[m[0;32;31m1970-01-01 03:02:10.134|E|145916041|lpUCM [IpccProtoMessage.cpp:SerializeParams:112] m_offset, 540672
[m[1;33m1970-01-01 03:02:10.134|W|145916041|lpUCM [RemoteSails.cpp:SendWithRetry:185] Successfully wrote 1052 bytes
[m[0;32;32m1970-01-01 03:02:10.235|I|145916041|lpUCM [RemoteSails.cpp:HandleResponse:149] HandleResponse started, buffer size: 1048
[m[0;32;32m1970-01-01 03:02:10.235|I|145916041|lpUCM [RemoteSails.cpp:HandleResponse:158] Successfully deserialized response, status: 0, result code: 0
[m[0;32;31m1970-01-01 03:02:10.235|E|145916041|lpUCM [IpccProtoMessage.cpp:SerializeParams:112] m_offset, 541696
[m[1;33m1970-01-01 03:02:10.235|W|145916041|lpUCM [RemoteSails.cpp:SendWithRetry:185] Successfully wrote 1052 bytes
[m[0;32;32m1970-01-01 03:02:10.337|I|145916041|lpUCM [RemoteSails.cpp:HandleResponse:149] HandleResponse started, buffer size: 1048
[m[0;32;32m1970-01-01 03:02:10.337|I|145916041|lpUCM [RemoteSails.cpp:HandleResponse:158] Successfully deserialized response, status: 0, result code: 0
[m[0;32;31m1970-01-01 03:02:10.337|E|145916041|lpUCM [IpccProtoMessage.cpp:SerializeParams:112] m_offset, 542720
[m[1;33m1970-01-01 03:02:10.337|W|145916041|lpUCM [RemoteSails.cpp:SendWithRetry:185] Successfully wrote 1052 bytes
[m[0;32;32m1970-01-01 03:02:10.438|I|145916041|lpUCM [RemoteSails.cpp:HandleResponse:149] HandleResponse started, buffer size: 1048
[m[0;32;32m1970-01-01 03:02:10.438|I|145916041|lpUCM [RemoteSails.cpp:HandleResponse:158] Successfully deserialized response, status: 0, result code: 0
[m[0;32;31m1970-01-01 03:02:10.438|E|145916041|lpUCM [IpccProtoMessage.cpp:SerializeParams:112] m_offset, 543744
[m[1;33m1970-01-01 03:02:10.438|W|145916041|lpUCM [RemoteSails.cpp:SendWithRetry:185] Successfully wrote 1052 bytes
[m[0;32;32m1970-01-01 03:02:10.540|I|145916041|lpUCM [RemoteSails.cpp:HandleResponse:149] HandleResponse started, buffer size: 1048
[m[0;32;32m1970-01-01 03:02:10.540|I|145916041|lpUCM [RemoteSails.cpp:HandleResponse:158] Successfully deserialized response, status: 0, result code: 0
[m[0;32;31m1970-01-01 03:02:10.540|E|145916041|lpUCM [IpccProtoMessage.cpp:SerializeParams:112] m_offset, 544768
[m[1;33m1970-01-01 03:02:10.540|W|145916041|lpUCM [RemoteSails.cpp:SendWithRetry:185] Successfully wrote 1052 bytes
[m[0;32;32m1970-01-01 03:02:10.642|I|145916041|lpUCM [RemoteSails.cpp:HandleResponse:149] HandleResponse started, buffer size: 1048
[m[0;32;32m1970-01-01 03:02:10.642|I|145916041|lpUCM [RemoteSails.cpp:HandleResponse:158] Successfully deserialized response, status: 0, result code: 0
[m[0;32;31m1970-01-01 03:02:10.642|E|145916041|lpUCM [IpccProtoMessage.cpp:SerializeParams:112] m_offset, 545792
[m[1;33m1970-01-01 03:02:10.642|W|145916041|lpUCM [RemoteSails.cpp:SendWithRetry:185] Successfully wrote 1052 bytes
[m[0;32;32m1970-01-01 03:02:10.743|I|145916041|lpUCM [RemoteSails.cpp:HandleResponse:149] HandleResponse started, buffer size: 1048
[m[0;32;32m1970-01-01 03:02:10.743|I|145916041|lpUCM [RemoteSails.cpp:HandleResponse:158] Successfully deserialized response, status: 0, result code: 0
[m[0;32;31m1970-01-01 03:02:10.743|E|145916041|lpUCM [IpccProtoMessage.cpp:SerializeParams:112] m_offset, 546816
[m[1;33m1970-01-01 03:02:10.743|W|145916041|lpUCM [RemoteSails.cpp:SendWithRetry:185] Successfully wrote 1052 bytes
[m[0;32;32m1970-01-01 03:02:10.844|I|145916041|lpUCM [RemoteSails.cpp:HandleResponse:149] HandleResponse started, buffer size: 1048
[m[0;32;32m1970-01-01 03:02:10.844|I|145916041|lpUCM [RemoteSails.cpp:HandleResponse:158] Successfully deserialized response, status: 0, result code: 0
[m[0;32;31m1970-01-01 03:02:10.844|E|145916041|lpUCM [IpccProtoMessage.cpp:SerializeParams:112] m_offset, 547840
[m[1;33m1970-01-01 03:02:10.844|W|145916041|lpUCM [RemoteSails.cpp:SendWithRetry:185] Successfully wrote 1052 bytes
[m[0;32;32m1970-01-01 03:02:10.946|I|145916041|lpUCM [RemoteSails.cpp:HandleResponse:149] HandleResponse started, buffer size: 1048
[m[0;32;32m1970-01-01 03:02:10.946|I|145916041|lpUCM [RemoteSails.cpp:HandleResponse:158] Successfully deserialized response, status: 0, result code: 0
[m[0;32;31m1970-01-01 03:02:10.946|E|145916041|lpUCM [IpccProtoMessage.cpp:SerializeParams:112] m_offset, 548864
[m[1;33m1970-01-01 03:02:10.946|W|145916041|lpUCM [RemoteSails.cpp:SendWithRetry:185] Successfully wrote 1052 bytes
[m[0;32;32m1970-01-01 03:02:11.47|I|145916041|lpUCM [RemoteSails.cpp:HandleResponse:149] HandleResponse started, buffer size: 1048
[m[0;32;32m1970-01-01 03:02:11.47|I|145916041|lpUCM [RemoteSails.cpp:HandleResponse:158] Successfully deserialized response, status: 0, result code: 0
[m[0;32;31m1970-01-01 03:02:11.47|E|145916041|lpUCM [IpccProtoMessage.cpp:SerializeParams:112] m_offset, 549888
[m[1;33m1970-01-01 03:02:11.47|W|145916041|lpUCM [RemoteSails.cpp:SendWithRetry:185] Successfully wrote 1052 bytes
[m[0;32;32m1970-01-01 03:02:11.149|I|145916041|lpUCM [RemoteSails.cpp:HandleResponse:149] HandleResponse started, buffer size: 1048
[m[0;32;32m1970-01-01 03:02:11.149|I|145916041|lpUCM [RemoteSails.cpp:HandleResponse:158] Successfully deserialized response, status: 0, result code: 0
[m[0;32;31m1970-01-01 03:02:11.149|E|145916041|lpUCM [IpccProtoMessage.cpp:SerializeParams:112] m_offset, 550912
[m[1;33m1970-01-01 03:02:11.149|W|145916041|lpUCM [RemoteSails.cpp:SendWithRetry:185] Successfully wrote 1052 bytes
[m[0;32;32m1970-01-01 03:02:11.250|I|145916041|lpUCM [RemoteSails.cpp:HandleResponse:149] HandleResponse started, buffer size: 1048
[m[0;32;32m1970-01-01 03:02:11.250|I|145916041|lpUCM [RemoteSails.cpp:HandleResponse:158] Successfully deserialized response, status: 0, result code: 0
[m[0;32;31m1970-01-01 03:02:11.250|E|145916041|lpUCM [IpccProtoMessage.cpp:SerializeParams:112] m_offset, 551936
[m[1;33m1970-01-01 03:02:11.250|W|145916041|lpUCM [RemoteSails.cpp:SendWithRetry:185] Successfully wrote 1052 bytes
[m[0;32;32m1970-01-01 03:02:11.352|I|145916041|lpUCM [RemoteSails.cpp:HandleResponse:149] HandleResponse started, buffer size: 1048
[m[0;32;32m1970-01-01 03:02:11.352|I|145916041|lpUCM [RemoteSails.cpp:HandleResponse:158] Successfully deserialized response, status: 0, result code: 0
[m[0;32;31m1970-01-01 03:02:11.352|E|145916041|lpUCM [IpccProtoMessage.cpp:SerializeParams:112] m_offset, 552960
[m[1;33m1970-01-01 03:02:11.352|W|145916041|lpUCM [RemoteSails.cpp:SendWithRetry:185] Successfully wrote 1052 bytes
[m[0;32;32m1970-01-01 03:02:11.453|I|145916041|lpUCM [RemoteSails.cpp:HandleResponse:149] HandleResponse started, buffer size: 1048
[m[0;32;32m1970-01-01 03:02:11.453|I|145916041|lpUCM [RemoteSails.cpp:HandleResponse:158] Successfully deserialized response, status: 0, result code: 0
[m[0;32;31m1970-01-01 03:02:11.453|E|145916041|lpUCM [IpccProtoMessage.cpp:SerializeParams:112] m_offset, 553984
[m[1;33m1970-01-01 03:02:11.453|W|145916041|lpUCM [RemoteSails.cpp:SendWithRetry:185] Successfully wrote 1052 bytes
[m[0;32;32m1970-01-01 03:02:11.554|I|145916041|lpUCM [RemoteSails.cpp:HandleResponse:149] HandleResponse started, buffer size: 1048
[m[0;32;32m1970-01-01 03:02:11.554|I|145916041|lpUCM [RemoteSails.cpp:HandleResponse:158] Successfully deserialized response, status: 0, result code: 0
[m[0;32;31m1970-01-01 03:02:11.554|E|145916041|lpUCM [IpccProtoMessage.cpp:SerializeParams:112] m_offset, 555008
[m[1;33m1970-01-01 03:02:11.554|W|145916041|lpUCM [RemoteSails.cpp:SendWithRetry:185] Successfully wrote 1052 bytes
[m[0;32;32m1970-01-01 03:02:11.655|I|145916041|lpUCM [RemoteSails.cpp:HandleResponse:149] HandleResponse started, buffer size: 1048
[m[0;32;32m1970-01-01 03:02:11.655|I|145916041|lpUCM [RemoteSails.cpp:HandleResponse:158] Successfully deserialized response, status: 0, result code: 0
[m[0;32;31m1970-01-01 03:02:11.655|E|145916041|lpUCM [IpccProtoMessage.cpp:SerializeParams:112] m_offset, 556032
[m[1;33m1970-01-01 03:02:11.655|W|145916041|lpUCM [RemoteSails.cpp:SendWithRetry:185] Successfully wrote 1052 bytes
[m[0;32;32m1970-01-01 03:02:11.756|I|145916041|lpUCM [RemoteSails.cpp:HandleResponse:149] HandleResponse started, buffer size: 1048
[m[0;32;32m1970-01-01 03:02:11.756|I|145916041|lpUCM [RemoteSails.cpp:HandleResponse:158] Successfully deserialized response, status: 0, result code: 0
[m[0;32;32m1970-01-01 03:02:11.756|I|145916041|lpUCM [RemoteSails.cpp:SailWriteData:272] All data already trans size 16384
[m[0;32;32m1970-01-01 03:02:11.756|I|145916041|lpUCM [fds.cpp:FDS_OnLocalUpgProgress:246] total: 23, curr:23, percent:48, rop:97%
[m[0;32;32m1970-01-01 03:02:11.756|I|145916041|lpUCM [RemoteSails.cpp:SailWriteData:254] total data is 16384
[m[0;32;31m1970-01-01 03:02:11.756|E|145916041|lpUCM [IpccProtoMessage.cpp:SerializeParams:112] m_offset, 557056
[m[1;33m1970-01-01 03:02:11.756|W|145916041|lpUCM [RemoteSails.cpp:SendWithRetry:185] Successfully wrote 1052 bytes
[m[0;32;32m1970-01-01 03:02:11.857|I|145916041|lpUCM [RemoteSails.cpp:HandleResponse:149] HandleResponse started, buffer size: 1048
[m[0;32;32m1970-01-01 03:02:11.857|I|145916041|lpUCM [RemoteSails.cpp:HandleResponse:158] Successfully deserialized response, status: 0, result code: 0
[m[0;32;31m1970-01-01 03:02:11.857|E|145916041|lpUCM [IpccProtoMessage.cpp:SerializeParams:112] m_offset, 558080
[m[1;33m1970-01-01 03:02:11.857|W|145916041|lpUCM [RemoteSails.cpp:SendWithRetry:185] Successfully wrote 1052 bytes
[m[0;32;32m1970-01-01 03:02:11.959|I|145916041|lpUCM [RemoteSails.cpp:HandleResponse:149] HandleResponse started, buffer size: 1048
[m[0;32;32m1970-01-01 03:02:11.959|I|145916041|lpUCM [RemoteSails.cpp:HandleResponse:158] Successfully deserialized response, status: 0, result code: 0
[m[0;32;31m1970-01-01 03:02:11.959|E|145916041|lpUCM [IpccProtoMessage.cpp:SerializeParams:112] m_offset, 559104
[m[1;33m1970-01-01 03:02:11.959|W|145916041|lpUCM [RemoteSails.cpp:SendWithRetry:185] Successfully wrote 1052 bytes
[m[0;32;32m1970-01-01 03:02:12.61|I|145916041|lpUCM [RemoteSails.cpp:HandleResponse:149] HandleResponse started, buffer size: 1048
[m[0;32;32m1970-01-01 03:02:12.61|I|145916041|lpUCM [RemoteSails.cpp:HandleResponse:158] Successfully deserialized response, status: 0, result code: 0
[m[0;32;31m1970-01-01 03:02:12.61|E|145916041|lpUCM [IpccProtoMessage.cpp:SerializeParams:112] m_offset, 560128
[m[1;33m1970-01-01 03:02:12.61|W|145916041|lpUCM [RemoteSails.cpp:SendWithRetry:185] Successfully wrote 1052 bytes
[m[0;32;32m1970-01-01 03:02:12.162|I|145916041|lpUCM [RemoteSails.cpp:HandleResponse:149] HandleResponse started, buffer size: 1048
[m[0;32;32m1970-01-01 03:02:12.162|I|145916041|lpUCM [RemoteSails.cpp:HandleResponse:158] Successfully deserialized response, status: 0, result code: 0
[m[0;32;31m1970-01-01 03:02:12.162|E|145916041|lpUCM [IpccProtoMessage.cpp:SerializeParams:112] m_offset, 561152
[m[1;33m1970-01-01 03:02:12.162|W|145916041|lpUCM [RemoteSails.cpp:SendWithRetry:185] Successfully wrote 1052 bytes
[m[0;32;32m1970-01-01 03:02:12.264|I|145916041|lpUCM [RemoteSails.cpp:HandleResponse:149] HandleResponse started, buffer size: 1048
[m[0;32;32m1970-01-01 03:02:12.264|I|145916041|lpUCM [RemoteSails.cpp:HandleResponse:158] Successfully deserialized response, status: 0, result code: 0
[m[0;32;31m1970-01-01 03:02:12.264|E|145916041|lpUCM [IpccProtoMessage.cpp:SerializeParams:112] m_offset, 562176
[m[1;33m1970-01-01 03:02:12.264|W|145916041|lpUCM [RemoteSails.cpp:SendWithRetry:185] Successfully wrote 1052 bytes
[m[0;32;32m1970-01-01 03:02:12.366|I|145916041|lpUCM [RemoteSails.cpp:HandleResponse:149] HandleResponse started, buffer size: 1048
[m[0;32;32m1970-01-01 03:02:12.366|I|145916041|lpUCM [RemoteSails.cpp:HandleResponse:158] Successfully deserialized response, status: 0, result code: 0
[m[0;32;31m1970-01-01 03:02:12.366|E|145916041|lpUCM [IpccProtoMessage.cpp:SerializeParams:112] m_offset, 563200
[m[1;33m1970-01-01 03:02:12.366|W|145916041|lpUCM [RemoteSails.cpp:SendWithRetry:185] Successfully wrote 1052 bytes
[m[0;32;32m1970-01-01 03:02:12.467|I|145916041|lpUCM [RemoteSails.cpp:HandleResponse:149] HandleResponse started, buffer size: 1048
[m[0;32;32m1970-01-01 03:02:12.467|I|145916041|lpUCM [RemoteSails.cpp:HandleResponse:158] Successfully deserialized response, status: 0, result code: 0
[m[0;32;31m1970-01-01 03:02:12.467|E|145916041|lpUCM [IpccProtoMessage.cpp:SerializeParams:112] m_offset, 564224
[m[1;33m1970-01-01 03:02:12.467|W|145916041|lpUCM [RemoteSails.cpp:SendWithRetry:185] Successfully wrote 1052 bytes
[m[0;32;32m1970-01-01 03:02:12.569|I|145916041|lpUCM [RemoteSails.cpp:HandleResponse:149] HandleResponse started, buffer size: 1048
[m[0;32;32m1970-01-01 03:02:12.569|I|145916041|lpUCM [RemoteSails.cpp:HandleResponse:158] Successfully deserialized response, status: 0, result code: 0
[m[0;32;31m1970-01-01 03:02:12.569|E|145916041|lpUCM [IpccProtoMessage.cpp:SerializeParams:112] m_offset, 565248
[m[1;33m1970-01-01 03:02:12.569|W|145916041|lpUCM [RemoteSails.cpp:SendWithRetry:185] Successfully wrote 1052 bytes
[m[0;32;32m1970-01-01 03:02:12.670|I|145916041|lpUCM [RemoteSails.cpp:HandleResponse:149] HandleResponse started, buffer size: 1048
[m[0;32;32m1970-01-01 03:02:12.670|I|145916041|lpUCM [RemoteSails.cpp:HandleResponse:158] Successfully deserialized response, status: 0, result code: 0
[m[0;32;31m1970-01-01 03:02:12.670|E|145916041|lpUCM [IpccProtoMessage.cpp:SerializeParams:112] m_offset, 566272
[m[1;33m1970-01-01 03:02:12.670|W|145916041|lpUCM [RemoteSails.cpp:SendWithRetry:185] Successfully wrote 1052 bytes
[m[0;32;32m1970-01-01 03:02:12.771|I|145916041|lpUCM [RemoteSails.cpp:HandleResponse:149] HandleResponse started, buffer size: 1048
[m[0;32;32m1970-01-01 03:02:12.771|I|145916041|lpUCM [RemoteSails.cpp:HandleResponse:158] Successfully deserialized response, status: 0, result code: 0
[m[0;32;31m1970-01-01 03:02:12.771|E|145916041|lpUCM [IpccProtoMessage.cpp:SerializeParams:112] m_offset, 567296
[m[1;33m1970-01-01 03:02:12.771|W|145916041|lpUCM [RemoteSails.cpp:SendWithRetry:185] Successfully wrote 1052 bytes
[m[0;32;32m1970-01-01 03:02:12.873|I|145916041|lpUCM [RemoteSails.cpp:HandleResponse:149] HandleResponse started, buffer size: 1048
[m[0;32;32m1970-01-01 03:02:12.873|I|145916041|lpUCM [RemoteSails.cpp:HandleResponse:158] Successfully deserialized response, status: 0, result code: 0
[m[0;32;31m1970-01-01 03:02:12.873|E|145916041|lpUCM [IpccProtoMessage.cpp:SerializeParams:112] m_offset, 568320
[m[1;33m1970-01-01 03:02:12.873|W|145916041|lpUCM [RemoteSails.cpp:SendWithRetry:185] Successfully wrote 1052 bytes
[m[0;32;32m1970-01-01 03:02:12.975|I|145916041|lpUCM [RemoteSails.cpp:HandleResponse:149] HandleResponse started, buffer size: 1048
[m[0;32;32m1970-01-01 03:02:12.975|I|145916041|lpUCM [RemoteSails.cpp:HandleResponse:158] Successfully deserialized response, status: 0, result code: 0
[m[0;32;31m1970-01-01 03:02:12.975|E|145916041|lpUCM [IpccProtoMessage.cpp:SerializeParams:112] m_offset, 569344
[m[1;33m1970-01-01 03:02:12.975|W|145916041|lpUCM [RemoteSails.cpp:SendWithRetry:185] Successfully wrote 1052 bytes
[m[0;32;32m1970-01-01 03:02:13.76|I|145916041|lpUCM [RemoteSails.cpp:HandleResponse:149] HandleResponse started, buffer size: 1048
[m[0;32;32m1970-01-01 03:02:13.76|I|145916041|lpUCM [RemoteSails.cpp:HandleResponse:158] Successfully deserialized response, status: 0, result code: 0
[m[0;32;31m1970-01-01 03:02:13.76|E|145916041|lpUCM [IpccProtoMessage.cpp:SerializeParams:112] m_offset, 570368
[m[1;33m1970-01-01 03:02:13.76|W|145916041|lpUCM [RemoteSails.cpp:SendWithRetry:185] Successfully wrote 1052 bytes
[m[0;32;32m1970-01-01 03:02:13.177|I|145916041|lpUCM [RemoteSails.cpp:HandleResponse:149] HandleResponse started, buffer size: 1048
[m[0;32;32m1970-01-01 03:02:13.177|I|145916041|lpUCM [RemoteSails.cpp:HandleResponse:158] Successfully deserialized response, status: 0, result code: 0
[m[0;32;31m1970-01-01 03:02:13.177|E|145916041|lpUCM [IpccProtoMessage.cpp:SerializeParams:112] m_offset, 571392
[m[1;33m1970-01-01 03:02:13.177|W|145916041|lpUCM [RemoteSails.cpp:SendWithRetry:185] Successfully wrote 1052 bytes
[m[0;32;32m1970-01-01 03:02:13.278|I|145916041|lpUCM [RemoteSails.cpp:HandleResponse:149] HandleResponse started, buffer size: 1048
[m[0;32;32m1970-01-01 03:02:13.278|I|145916041|lpUCM [RemoteSails.cpp:HandleResponse:158] Successfully deserialized response, status: 0, result code: 0
[m[0;32;31m1970-01-01 03:02:13.278|E|145916041|lpUCM [IpccProtoMessage.cpp:SerializeParams:112] m_offset, 572416
[m[1;33m1970-01-01 03:02:13.278|W|145916041|lpUCM [RemoteSails.cpp:SendWithRetry:185] Successfully wrote 1052 bytes
[m[0;32;32m1970-01-01 03:02:13.380|I|145916041|lpUCM [RemoteSails.cpp:HandleResponse:149] HandleResponse started, buffer size: 1048
[m[0;32;32m1970-01-01 03:02:13.380|I|145916041|lpUCM [RemoteSails.cpp:HandleResponse:158] Successfully deserialized response, status: 0, result code: 0
[m[0;32;32m1970-01-01 03:02:13.380|I|145916041|lpUCM [RemoteSails.cpp:SailWriteData:272] All data already trans size 16384
[m[0;32;32m1970-01-01 03:02:13.380|I|145916041|lpUCM [fds.cpp:FDS_OnLocalUpgProgress:246] total: 23, curr:23, percent:49, rop:97%
[m[0;32;32m1970-01-01 03:02:13.380|I|145916041|lpUCM [RemoteSails.cpp:SailWriteData:254] total data is 16384
[m[0;32;31m1970-01-01 03:02:13.380|E|145916041|lpUCM [IpccProtoMessage.cpp:SerializeParams:112] m_offset, 573440
[m[1;33m1970-01-01 03:02:13.380|W|145916041|lpUCM [RemoteSails.cpp:SendWithRetry:185] Successfully wrote 1052 bytes
[m[0;32;32m1970-01-01 03:02:13.481|I|145916041|lpUCM [RemoteSails.cpp:HandleResponse:149] HandleResponse started, buffer size: 1048
[m[0;32;32m1970-01-01 03:02:13.481|I|145916041|lpUCM [RemoteSails.cpp:HandleResponse:158] Successfully deserialized response, status: 0, result code: 0
[m[0;32;31m1970-01-01 03:02:13.481|E|145916041|lpUCM [IpccProtoMessage.cpp:SerializeParams:112] m_offset, 574464
[m[1;33m1970-01-01 03:02:13.481|W|145916041|lpUCM [RemoteSails.cpp:SendWithRetry:185] Successfully wrote 1052 bytes
[m[0;32;32m1970-01-01 03:02:13.582|I|145916041|lpUCM [RemoteSails.cpp:HandleResponse:149] HandleResponse started, buffer size: 1048
[m[0;32;32m1970-01-01 03:02:13.582|I|145916041|lpUCM [RemoteSails.cpp:HandleResponse:158] Successfully deserialized response, status: 0, result code: 0
[m[0;32;31m1970-01-01 03:02:13.582|E|145916041|lpUCM [IpccProtoMessage.cpp:SerializeParams:112] m_offset, 575488
[m[1;33m1970-01-01 03:02:13.582|W|145916041|lpUCM [RemoteSails.cpp:SendWithRetry:185] Successfully wrote 1052 bytes
[m[0;32;32m1970-01-01 03:02:13.684|I|145916041|lpUCM [RemoteSails.cpp:HandleResponse:149] HandleResponse started, buffer size: 1048
[m[0;32;32m1970-01-01 03:02:13.684|I|145916041|lpUCM [RemoteSails.cpp:HandleResponse:158] Successfully deserialized response, status: 0, result code: 0
[m[0;32;31m1970-01-01 03:02:13.684|E|145916041|lpUCM [IpccProtoMessage.cpp:SerializeParams:112] m_offset, 576512
[m[1;33m1970-01-01 03:02:13.684|W|145916041|lpUCM [RemoteSails.cpp:SendWithRetry:185] Successfully wrote 1052 bytes
[m[0;32;32m1970-01-01 03:02:13.785|I|145916041|lpUCM [RemoteSails.cpp:HandleResponse:149] HandleResponse started, buffer size: 1048
[m[0;32;32m1970-01-01 03:02:13.785|I|145916041|lpUCM [RemoteSails.cpp:HandleResponse:158] Successfully deserialized response, status: 0, result code: 0
[m[0;32;31m1970-01-01 03:02:13.785|E|145916041|lpUCM [IpccProtoMessage.cpp:SerializeParams:112] m_offset, 577536
[m[1;33m1970-01-01 03:02:13.785|W|145916041|lpUCM [RemoteSails.cpp:SendWithRetry:185] Successfully wrote 1052 bytes
[m[0;32;32m1970-01-01 03:02:13.887|I|145916041|lpUCM [RemoteSails.cpp:HandleResponse:149] HandleResponse started, buffer size: 1048
[m[0;32;32m1970-01-01 03:02:13.887|I|145916041|lpUCM [RemoteSails.cpp:HandleResponse:158] Successfully deserialized response, status: 0, result code: 0
[m[0;32;31m1970-01-01 03:02:13.887|E|145916041|lpUCM [IpccProtoMessage.cpp:SerializeParams:112] m_offset, 578560
[m[1;33m1970-01-01 03:02:13.887|W|145916041|lpUCM [RemoteSails.cpp:SendWithRetry:185] Successfully wrote 1052 bytes
[m[0;32;32m1970-01-01 03:02:13.989|I|145916041|lpUCM [RemoteSails.cpp:HandleResponse:149] HandleResponse started, buffer size: 1048
[m[0;32;32m1970-01-01 03:02:13.989|I|145916041|lpUCM [RemoteSails.cpp:HandleResponse:158] Successfully deserialized response, status: 0, result code: 0
[m[0;32;31m1970-01-01 03:02:13.989|E|145916041|lpUCM [IpccProtoMessage.cpp:SerializeParams:112] m_offset, 579584
[m[1;33m1970-01-01 03:02:13.989|W|145916041|lpUCM [RemoteSails.cpp:SendWithRetry:185] Successfully wrote 1052 bytes
[m[0;32;32m1970-01-01 03:02:14.90|I|145916041|lpUCM [RemoteSails.cpp:HandleResponse:149] HandleResponse started, buffer size: 1048
[m[0;32;32m1970-01-01 03:02:14.90|I|145916041|lpUCM [RemoteSails.cpp:HandleResponse:158] Successfully deserialized response, status: 0, result code: 0
[m[0;32;31m1970-01-01 03:02:14.90|E|145916041|lpUCM [IpccProtoMessage.cpp:SerializeParams:112] m_offset, 580608
[m[1;33m1970-01-01 03:02:14.90|W|145916041|lpUCM [RemoteSails.cpp:SendWithRetry:185] Successfully wrote 1052 bytes
[m[0;32;32m1970-01-01 03:02:14.192|I|145916041|lpUCM [RemoteSails.cpp:HandleResponse:149] HandleResponse started, buffer size: 1048
[m[0;32;32m1970-01-01 03:02:14.192|I|145916041|lpUCM [RemoteSails.cpp:HandleResponse:158] Successfully deserialized response, status: 0, result code: 0
[m[0;32;31m1970-01-01 03:02:14.192|E|145916041|lpUCM [IpccProtoMessage.cpp:SerializeParams:112] m_offset, 581632
[m[1;33m1970-01-01 03:02:14.192|W|145916041|lpUCM [RemoteSails.cpp:SendWithRetry:185] Successfully wrote 1052 bytes
[m[0;32;32m1970-01-01 03:02:14.294|I|145916041|lpUCM [RemoteSails.cpp:HandleResponse:149] HandleResponse started, buffer size: 1048
[m[0;32;32m1970-01-01 03:02:14.294|I|145916041|lpUCM [RemoteSails.cpp:HandleResponse:158] Successfully deserialized response, status: 0, result code: 0
[m[0;32;31m1970-01-01 03:02:14.294|E|145916041|lpUCM [IpccProtoMessage.cpp:SerializeParams:112] m_offset, 582656
[m[1;33m1970-01-01 03:02:14.294|W|145916041|lpUCM [RemoteSails.cpp:SendWithRetry:185] Successfully wrote 1052 bytes
[m[0;32;32m1970-01-01 03:02:14.396|I|145916041|lpUCM [RemoteSails.cpp:HandleResponse:149] HandleResponse started, buffer size: 1048
[m[0;32;32m1970-01-01 03:02:14.396|I|145916041|lpUCM [RemoteSails.cpp:HandleResponse:158] Successfully deserialized response, status: 0, result code: 0
[m[0;32;31m1970-01-01 03:02:14.396|E|145916041|lpUCM [IpccProtoMessage.cpp:SerializeParams:112] m_offset, 583680
[m[1;33m1970-01-01 03:02:14.396|W|145916041|lpUCM [RemoteSails.cpp:SendWithRetry:185] Successfully wrote 1052 bytes
[m[0;32;32m1970-01-01 03:02:14.497|I|145916041|lpUCM [RemoteSails.cpp:HandleResponse:149] HandleResponse started, buffer size: 1048
[m[0;32;32m1970-01-01 03:02:14.497|I|145916041|lpUCM [RemoteSails.cpp:HandleResponse:158] Successfully deserialized response, status: 0, result code: 0
[m[0;32;31m1970-01-01 03:02:14.497|E|145916041|lpUCM [IpccProtoMessage.cpp:SerializeParams:112] m_offset, 584704
[m[1;33m1970-01-01 03:02:14.497|W|145916041|lpUCM [RemoteSails.cpp:SendWithRetry:185] Successfully wrote 1052 bytes
[m[0;32;32m1970-01-01 03:02:14.599|I|145916041|lpUCM [RemoteSails.cpp:HandleResponse:149] HandleResponse started, buffer size: 1048
[m[0;32;32m1970-01-01 03:02:14.599|I|145916041|lpUCM [RemoteSails.cpp:HandleResponse:158] Successfully deserialized response, status: 0, result code: 0
[m[0;32;31m1970-01-01 03:02:14.599|E|145916041|lpUCM [IpccProtoMessage.cpp:SerializeParams:112] m_offset, 585728
[m[1;33m1970-01-01 03:02:14.599|W|145916041|lpUCM [RemoteSails.cpp:SendWithRetry:185] Successfully wrote 1052 bytes
[m[0;32;32m1970-01-01 03:02:14.700|I|145916041|lpUCM [RemoteSails.cpp:HandleResponse:149] HandleResponse started, buffer size: 1048
[m[0;32;32m1970-01-01 03:02:14.700|I|145916041|lpUCM [RemoteSails.cpp:HandleResponse:158] Successfully deserialized response, status: 0, result code: 0
[m[0;32;31m1970-01-01 03:02:14.700|E|145916041|lpUCM [IpccProtoMessage.cpp:SerializeParams:112] m_offset, 586752
[m[1;33m1970-01-01 03:02:14.700|W|145916041|lpUCM [RemoteSails.cpp:SendWithRetry:185] Successfully wrote 1052 bytes
[m[0;32;32m1970-01-01 03:02:14.801|I|145916041|lpUCM [RemoteSails.cpp:HandleResponse:149] HandleResponse started, buffer size: 1048
[m[0;32;32m1970-01-01 03:02:14.801|I|145916041|lpUCM [RemoteSails.cpp:HandleResponse:158] Successfully deserialized response, status: 0, result code: 0
[m[0;32;31m1970-01-01 03:02:14.801|E|145916041|lpUCM [IpccProtoMessage.cpp:SerializeParams:112] m_offset, 587776
[m[1;33m1970-01-01 03:02:14.801|W|145916041|lpUCM [RemoteSails.cpp:SendWithRetry:185] Successfully wrote 1052 bytes
[m[0;32;32m1970-01-01 03:02:14.903|I|145916041|lpUCM [RemoteSails.cpp:HandleResponse:149] HandleResponse started, buffer size: 1048
[m[0;32;32m1970-01-01 03:02:14.903|I|145916041|lpUCM [RemoteSails.cpp:HandleResponse:158] Successfully deserialized response, status: 0, result code: 0
[m[0;32;31m1970-01-01 03:02:14.903|E|145916041|lpUCM [IpccProtoMessage.cpp:SerializeParams:112] m_offset, 588800
[m[1;33m1970-01-01 03:02:14.903|W|145916041|lpUCM [RemoteSails.cpp:SendWithRetry:185] Successfully wrote 1052 bytes
[m[0;32;32m1970-01-01 03:02:15.5|I|145916041|lpUCM [RemoteSails.cpp:HandleResponse:149] HandleResponse started, buffer size: 1048
[m[0;32;32m1970-01-01 03:02:15.5|I|145916041|lpUCM [RemoteSails.cpp:HandleResponse:158] Successfully deserialized response, status: 0, result code: 0
[m[0;32;32m1970-01-01 03:02:15.5|I|145916041|lpUCM [RemoteSails.cpp:SailWriteData:272] All data already trans size 16384
[m[0;32;32m1970-01-01 03:02:15.5|I|145916041|lpUCM [fds.cpp:FDS_OnLocalUpgProgress:246] total: 23, curr:23, percent:51, rop:97%
[m[0;32;32m1970-01-01 03:02:15.5|I|145916041|lpUCM [RemoteSails.cpp:SailWriteData:254] total data is 16384
[m[0;32;31m1970-01-01 03:02:15.5|E|145916041|lpUCM [IpccProtoMessage.cpp:SerializeParams:112] m_offset, 589824
[m[1;33m1970-01-01 03:02:15.5|W|145916041|lpUCM [RemoteSails.cpp:SendWithRetry:185] Successfully wrote 1052 bytes
[m[0;32;32m1970-01-01 03:02:15.106|I|145916041|lpUCM [RemoteSails.cpp:HandleResponse:149] HandleResponse started, buffer size: 1048
[m[0;32;32m1970-01-01 03:02:15.106|I|145916041|lpUCM [RemoteSails.cpp:HandleResponse:158] Successfully deserialized response, status: 0, result code: 0
[m[0;32;31m1970-01-01 03:02:15.106|E|145916041|lpUCM [IpccProtoMessage.cpp:SerializeParams:112] m_offset, 590848
[m[1;33m1970-01-01 03:02:15.106|W|145916041|lpUCM [RemoteSails.cpp:SendWithRetry:185] Successfully wrote 1052 bytes
[m[0;32;32m1970-01-01 03:02:15.207|I|145916041|lpUCM [RemoteSails.cpp:HandleResponse:149] HandleResponse started, buffer size: 1048
[m[0;32;32m1970-01-01 03:02:15.207|I|145916041|lpUCM [RemoteSails.cpp:HandleResponse:158] Successfully deserialized response, status: 0, result code: 0
[m[0;32;31m1970-01-01 03:02:15.207|E|145916041|lpUCM [IpccProtoMessage.cpp:SerializeParams:112] m_offset, 591872
[m[1;33m1970-01-01 03:02:15.207|W|145916041|lpUCM [RemoteSails.cpp:SendWithRetry:185] Successfully wrote 1052 bytes
[m[0;32;32m1970-01-01 03:02:15.309|I|145916041|lpUCM [RemoteSails.cpp:HandleResponse:149] HandleResponse started, buffer size: 1048
[m[0;32;32m1970-01-01 03:02:15.309|I|145916041|lpUCM [RemoteSails.cpp:HandleResponse:158] Successfully deserialized response, status: 0, result code: 0
[m[0;32;31m1970-01-01 03:02:15.309|E|145916041|lpUCM [IpccProtoMessage.cpp:SerializeParams:112] m_offset, 592896
[m[1;33m1970-01-01 03:02:15.309|W|145916041|lpUCM [RemoteSails.cpp:SendWithRetry:185] Successfully wrote 1052 bytes
[m[0;32;32m1970-01-01 03:02:15.410|I|145916041|lpUCM [RemoteSails.cpp:HandleResponse:149] HandleResponse started, buffer size: 1048
[m[0;32;32m1970-01-01 03:02:15.410|I|145916041|lpUCM [RemoteSails.cpp:HandleResponse:158] Successfully deserialized response, status: 0, result code: 0
[m[0;32;31m1970-01-01 03:02:15.410|E|145916041|lpUCM [IpccProtoMessage.cpp:SerializeParams:112] m_offset, 593920
[m[1;33m1970-01-01 03:02:15.410|W|145916041|lpUCM [RemoteSails.cpp:SendWithRetry:185] Successfully wrote 1052 bytes
[m[0;32;32m1970-01-01 03:02:15.512|I|145916041|lpUCM [RemoteSails.cpp:HandleResponse:149] HandleResponse started, buffer size: 1048
[m[0;32;32m1970-01-01 03:02:15.512|I|145916041|lpUCM [RemoteSails.cpp:HandleResponse:158] Successfully deserialized response, status: 0, result code: 0
[m[0;32;31m1970-01-01 03:02:15.512|E|145916041|lpUCM [IpccProtoMessage.cpp:SerializeParams:112] m_offset, 594944
[m[1;33m1970-01-01 03:02:15.512|W|145916041|lpUCM [RemoteSails.cpp:SendWithRetry:185] Successfully wrote 1052 bytes
[m[0;32;32m1970-01-01 03:02:15.613|I|145916041|lpUCM [RemoteSails.cpp:HandleResponse:149] HandleResponse started, buffer size: 1048
[m[0;32;32m1970-01-01 03:02:15.613|I|145916041|lpUCM [RemoteSails.cpp:HandleResponse:158] Successfully deserialized response, status: 0, result code: 0
[m[0;32;31m1970-01-01 03:02:15.613|E|145916041|lpUCM [IpccProtoMessage.cpp:SerializeParams:112] m_offset, 595968
[m[1;33m1970-01-01 03:02:15.613|W|145916041|lpUCM [RemoteSails.cpp:SendWithRetry:185] Successfully wrote 1052 bytes
[m[0;32;32m1970-01-01 03:02:15.714|I|145916041|lpUCM [RemoteSails.cpp:HandleResponse:149] HandleResponse started, buffer size: 1048
[m[0;32;32m1970-01-01 03:02:15.714|I|145916041|lpUCM [RemoteSails.cpp:HandleResponse:158] Successfully deserialized response, status: 0, result code: 0
[m[0;32;31m1970-01-01 03:02:15.714|E|145916041|lpUCM [IpccProtoMessage.cpp:SerializeParams:112] m_offset, 596992
[m[1;33m1970-01-01 03:02:15.714|W|145916041|lpUCM [RemoteSails.cpp:SendWithRetry:185] Successfully wrote 1052 bytes
[m[0;32;32m1970-01-01 03:02:15.815|I|145916041|lpUCM [RemoteSails.cpp:HandleResponse:149] HandleResponse started, buffer size: 1048
[m[0;32;32m1970-01-01 03:02:15.815|I|145916041|lpUCM [RemoteSails.cpp:HandleResponse:158] Successfully deserialized response, status: 0, result code: 0
[m[0;32;31m1970-01-01 03:02:15.815|E|145916041|lpUCM [IpccProtoMessage.cpp:SerializeParams:112] m_offset, 598016
[m[1;33m1970-01-01 03:02:15.815|W|145916041|lpUCM [RemoteSails.cpp:SendWithRetry:185] Successfully wrote 1052 bytes
[m[0;32;32m1970-01-01 03:02:15.917|I|145916041|lpUCM [RemoteSails.cpp:HandleResponse:149] HandleResponse started, buffer size: 1048
[m[0;32;32m1970-01-01 03:02:15.917|I|145916041|lpUCM [RemoteSails.cpp:HandleResponse:158] Successfully deserialized response, status: 0, result code: 0
[m[0;32;31m1970-01-01 03:02:15.917|E|145916041|lpUCM [IpccProtoMessage.cpp:SerializeParams:112] m_offset, 599040
[m[1;33m1970-01-01 03:02:15.917|W|145916041|lpUCM [RemoteSails.cpp:SendWithRetry:185] Successfully wrote 1052 bytes
[m[0;32;32m1970-01-01 03:02:16.18|I|145916041|lpUCM [RemoteSails.cpp:HandleResponse:149] HandleResponse started, buffer size: 1048
[m[0;32;32m1970-01-01 03:02:16.18|I|145916041|lpUCM [RemoteSails.cpp:HandleResponse:158] Successfully deserialized response, status: 0, result code: 0
[m[0;32;31m1970-01-01 03:02:16.18|E|145916041|lpUCM [IpccProtoMessage.cpp:SerializeParams:112] m_offset, 600064
[m[1;33m1970-01-01 03:02:16.18|W|145916041|lpUCM [RemoteSails.cpp:SendWithRetry:185] Successfully wrote 1052 bytes
[m[0;32;32m1970-01-01 03:02:16.120|I|145916041|lpUCM [RemoteSails.cpp:HandleResponse:149] HandleResponse started, buffer size: 1048
[m[0;32;32m1970-01-01 03:02:16.120|I|145916041|lpUCM [RemoteSails.cpp:HandleResponse:158] Successfully deserialized response, status: 0, result code: 0
[m[0;32;31m1970-01-01 03:02:16.120|E|145916041|lpUCM [IpccProtoMessage.cpp:SerializeParams:112] m_offset, 601088
[m[1;33m1970-01-01 03:02:16.120|W|145916041|lpUCM [RemoteSails.cpp:SendWithRetry:185] Successfully wrote 1052 bytes
[m[0;32;32m1970-01-01 03:02:16.221|I|145916041|lpUCM [RemoteSails.cpp:HandleResponse:149] HandleResponse started, buffer size: 1048
[m[0;32;32m1970-01-01 03:02:16.221|I|145916041|lpUCM [RemoteSails.cpp:HandleResponse:158] Successfully deserialized response, status: 0, result code: 0
[m[0;32;31m1970-01-01 03:02:16.221|E|145916041|lpUCM [IpccProtoMessage.cpp:SerializeParams:112] m_offset, 602112
[m[1;33m1970-01-01 03:02:16.221|W|145916041|lpUCM [RemoteSails.cpp:SendWithRetry:185] Successfully wrote 1052 bytes
[m[0;32;32m1970-01-01 03:02:16.322|I|145916041|lpUCM [RemoteSails.cpp:HandleResponse:149] HandleResponse started, buffer size: 1048
[m[0;32;32m1970-01-01 03:02:16.322|I|145916041|lpUCM [RemoteSails.cpp:HandleResponse:158] Successfully deserialized response, status: 0, result code: 0
[m[0;32;31m1970-01-01 03:02:16.322|E|145916041|lpUCM [IpccProtoMessage.cpp:SerializeParams:112] m_offset, 603136
[m[1;33m1970-01-01 03:02:16.322|W|145916041|lpUCM [RemoteSails.cpp:SendWithRetry:185] Successfully wrote 1052 bytes
[m[0;32;32m1970-01-01 03:02:16.423|I|145916041|lpUCM [RemoteSails.cpp:HandleResponse:149] HandleResponse started, buffer size: 1048
[m[0;32;32m1970-01-01 03:02:16.423|I|145916041|lpUCM [RemoteSails.cpp:HandleResponse:158] Successfully deserialized response, status: 0, result code: 0
[m[0;32;31m1970-01-01 03:02:16.423|E|145916041|lpUCM [IpccProtoMessage.cpp:SerializeParams:112] m_offset, 604160
[m[1;33m1970-01-01 03:02:16.423|W|145916041|lpUCM [RemoteSails.cpp:SendWithRetry:185] Successfully wrote 1052 bytes
[m[0;32;32m1970-01-01 03:02:16.525|I|145916041|lpUCM [RemoteSails.cpp:HandleResponse:149] HandleResponse started, buffer size: 1048
[m[0;32;32m1970-01-01 03:02:16.525|I|145916041|lpUCM [RemoteSails.cpp:HandleResponse:158] Successfully deserialized response, status: 0, result code: 0
[m[0;32;31m1970-01-01 03:02:16.525|E|145916041|lpUCM [IpccProtoMessage.cpp:SerializeParams:112] m_offset, 605184
[m[1;33m1970-01-01 03:02:16.525|W|145916041|lpUCM [RemoteSails.cpp:SendWithRetry:185] Successfully wrote 1052 bytes
[m[0;32;32m1970-01-01 03:02:16.626|I|145916041|lpUCM [RemoteSails.cpp:HandleResponse:149] HandleResponse started, buffer size: 1048
[m[0;32;32m1970-01-01 03:02:16.626|I|145916041|lpUCM [RemoteSails.cpp:HandleResponse:158] Successfully deserialized response, status: 0, result code: 0
[m[0;32;32m1970-01-01 03:02:16.626|I|145916041|lpUCM [RemoteSails.cpp:SailWriteData:272] All data already trans size 16384
[m[0;32;32m1970-01-01 03:02:16.626|I|145916041|lpUCM [fds.cpp:FDS_OnLocalUpgProgress:246] total: 23, curr:23, percent:52, rop:97%
[m[0;32;32m1970-01-01 03:02:16.626|I|145916041|lpUCM [RemoteSails.cpp:SailWriteData:254] total data is 16384
[m[0;32;31m1970-01-01 03:02:16.626|E|145916041|lpUCM [IpccProtoMessage.cpp:SerializeParams:112] m_offset, 606208
[m[1;33m1970-01-01 03:02:16.626|W|145916041|lpUCM [RemoteSails.cpp:SendWithRetry:185] Successfully wrote 1052 bytes
[m[0;32;32m1970-01-01 03:02:16.728|I|145916041|lpUCM [RemoteSails.cpp:HandleResponse:149] HandleResponse started, buffer size: 1048
[m[0;32;32m1970-01-01 03:02:16.728|I|145916041|lpUCM [RemoteSails.cpp:HandleResponse:158] Successfully deserialized response, status: 0, result code: 0
[m[0;32;31m1970-01-01 03:02:16.728|E|145916041|lpUCM [IpccProtoMessage.cpp:SerializeParams:112] m_offset, 607232
[m[1;33m1970-01-01 03:02:16.728|W|145916041|lpUCM [RemoteSails.cpp:SendWithRetry:185] Successfully wrote 1052 bytes
[m[0;32;32m1970-01-01 03:02:16.829|I|145916041|lpUCM [RemoteSails.cpp:HandleResponse:149] HandleResponse started, buffer size: 1048
[m[0;32;32m1970-01-01 03:02:16.829|I|145916041|lpUCM [RemoteSails.cpp:HandleResponse:158] Successfully deserialized response, status: 0, result code: 0
[m[0;32;31m1970-01-01 03:02:16.829|E|145916041|lpUCM [IpccProtoMessage.cpp:SerializeParams:112] m_offset, 608256
[m[1;33m1970-01-01 03:02:16.829|W|145916041|lpUCM [RemoteSails.cpp:SendWithRetry:185] Successfully wrote 1052 bytes
[m[0;32;32m1970-01-01 03:02:16.931|I|145916041|lpUCM [RemoteSails.cpp:HandleResponse:149] HandleResponse started, buffer size: 1048
[m[0;32;32m1970-01-01 03:02:16.931|I|145916041|lpUCM [RemoteSails.cpp:HandleResponse:158] Successfully deserialized response, status: 0, result code: 0
[m[0;32;31m1970-01-01 03:02:16.931|E|145916041|lpUCM [IpccProtoMessage.cpp:SerializeParams:112] m_offset, 609280
[m[1;33m1970-01-01 03:02:16.931|W|145916041|lpUCM [RemoteSails.cpp:SendWithRetry:185] Successfully wrote 1052 bytes
[m[0;32;32m1970-01-01 03:02:17.33|I|145916041|lpUCM [RemoteSails.cpp:HandleResponse:149] HandleResponse started, buffer size: 1048
[m[0;32;32m1970-01-01 03:02:17.33|I|145916041|lpUCM [RemoteSails.cpp:HandleResponse:158] Successfully deserialized response, status: 0, result code: 0
[m[0;32;31m1970-01-01 03:02:17.33|E|145916041|lpUCM [IpccProtoMessage.cpp:SerializeParams:112] m_offset, 610304
[m[1;33m1970-01-01 03:02:17.33|W|145916041|lpUCM [RemoteSails.cpp:SendWithRetry:185] Successfully wrote 1052 bytes
[m[0;32;32m1970-01-01 03:02:17.135|I|145916041|lpUCM [RemoteSails.cpp:HandleResponse:149] HandleResponse started, buffer size: 1048
[m[0;32;32m1970-01-01 03:02:17.135|I|145916041|lpUCM [RemoteSails.cpp:HandleResponse:158] Successfully deserialized response, status: 0, result code: 0
[m[0;32;31m1970-01-01 03:02:17.135|E|145916041|lpUCM [IpccProtoMessage.cpp:SerializeParams:112] m_offset, 611328
[m[1;33m1970-01-01 03:02:17.135|W|145916041|lpUCM [RemoteSails.cpp:SendWithRetry:185] Successfully wrote 1052 bytes
[m[0;32;32m1970-01-01 03:02:17.237|I|145916041|lpUCM [RemoteSails.cpp:HandleResponse:149] HandleResponse started, buffer size: 1048
[m[0;32;32m1970-01-01 03:02:17.237|I|145916041|lpUCM [RemoteSails.cpp:HandleResponse:158] Successfully deserialized response, status: 0, result code: 0
[m[0;32;31m1970-01-01 03:02:17.237|E|145916041|lpUCM [IpccProtoMessage.cpp:SerializeParams:112] m_offset, 612352
[m[1;33m1970-01-01 03:02:17.237|W|145916041|lpUCM [RemoteSails.cpp:SendWithRetry:185] Successfully wrote 1052 bytes
[m[0;32;32m1970-01-01 03:02:17.338|I|145916041|lpUCM [RemoteSails.cpp:HandleResponse:149] HandleResponse started, buffer size: 1048
[m[0;32;32m1970-01-01 03:02:17.338|I|145916041|lpUCM [RemoteSails.cpp:HandleResponse:158] Successfully deserialized response, status: 0, result code: 0
[m[0;32;31m1970-01-01 03:02:17.338|E|145916041|lpUCM [IpccProtoMessage.cpp:SerializeParams:112] m_offset, 613376
[m[1;33m1970-01-01 03:02:17.338|W|145916041|lpUCM [RemoteSails.cpp:SendWithRetry:185] Successfully wrote 1052 bytes
[m[0;32;32m1970-01-01 03:02:17.439|I|145916041|lpUCM [RemoteSails.cpp:HandleResponse:149] HandleResponse started, buffer size: 1048
[m[0;32;32m1970-01-01 03:02:17.439|I|145916041|lpUCM [RemoteSails.cpp:HandleResponse:158] Successfully deserialized response, status: 0, result code: 0
[m[0;32;31m1970-01-01 03:02:17.439|E|145916041|lpUCM [IpccProtoMessage.cpp:SerializeParams:112] m_offset, 614400
[m[1;33m1970-01-01 03:02:17.439|W|145916041|lpUCM [RemoteSails.cpp:SendWithRetry:185] Successfully wrote 1052 bytes
[m[0;32;32m1970-01-01 03:02:17.540|I|145916041|lpUCM [RemoteSails.cpp:HandleResponse:149] HandleResponse started, buffer size: 1048
[m[0;32;32m1970-01-01 03:02:17.540|I|145916041|lpUCM [RemoteSails.cpp:HandleResponse:158] Successfully deserialized response, status: 0, result code: 0
[m[0;32;31m1970-01-01 03:02:17.540|E|145916041|lpUCM [IpccProtoMessage.cpp:SerializeParams:112] m_offset, 615424
[m[1;33m1970-01-01 03:02:17.540|W|145916041|lpUCM [RemoteSails.cpp:SendWithRetry:185] Successfully wrote 1052 bytes
[m[0;32;32m1970-01-01 03:02:17.641|I|145916041|lpUCM [RemoteSails.cpp:HandleResponse:149] HandleResponse started, buffer size: 1048
[m[0;32;32m1970-01-01 03:02:17.641|I|145916041|lpUCM [RemoteSails.cpp:HandleResponse:158] Successfully deserialized response, status: 0, result code: 0
[m[0;32;31m1970-01-01 03:02:17.641|E|145916041|lpUCM [IpccProtoMessage.cpp:SerializeParams:112] m_offset, 616448
[m[1;33m1970-01-01 03:02:17.641|W|145916041|lpUCM [RemoteSails.cpp:SendWithRetry:185] Successfully wrote 1052 bytes
[m[0;32;32m1970-01-01 03:02:17.743|I|145916041|lpUCM [RemoteSails.cpp:HandleResponse:149] HandleResponse started, buffer size: 1048
[m[0;32;32m1970-01-01 03:02:17.743|I|145916041|lpUCM [RemoteSails.cpp:HandleResponse:158] Successfully deserialized response, status: 0, result code: 0
[m[0;32;31m1970-01-01 03:02:17.743|E|145916041|lpUCM [IpccProtoMessage.cpp:SerializeParams:112] m_offset, 617472
[m[1;33m1970-01-01 03:02:17.743|W|145916041|lpUCM [RemoteSails.cpp:SendWithRetry:185] Successfully wrote 1052 bytes
[m[0;32;32m1970-01-01 03:02:17.844|I|145916041|lpUCM [RemoteSails.cpp:HandleResponse:149] HandleResponse started, buffer size: 1048
[m[0;32;32m1970-01-01 03:02:17.844|I|145916041|lpUCM [RemoteSails.cpp:HandleResponse:158] Successfully deserialized response, status: 0, result code: 0
[m[0;32;31m1970-01-01 03:02:17.844|E|145916041|lpUCM [IpccProtoMessage.cpp:SerializeParams:112] m_offset, 618496
[m[1;33m1970-01-01 03:02:17.844|W|145916041|lpUCM [RemoteSails.cpp:SendWithRetry:185] Successfully wrote 1052 bytes
[m[0;32;32m1970-01-01 03:02:17.946|I|145916041|lpUCM [RemoteSails.cpp:HandleResponse:149] HandleResponse started, buffer size: 1048
[m[0;32;32m1970-01-01 03:02:17.946|I|145916041|lpUCM [RemoteSails.cpp:HandleResponse:158] Successfully deserialized response, status: 0, result code: 0
[m[0;32;31m1970-01-01 03:02:17.946|E|145916041|lpUCM [IpccProtoMessage.cpp:SerializeParams:112] m_offset, 619520
[m[1;33m1970-01-01 03:02:17.946|W|145916041|lpUCM [RemoteSails.cpp:SendWithRetry:185] Successfully wrote 1052 bytes
[m[0;32;32m1970-01-01 03:02:18.48|I|145916041|lpUCM [RemoteSails.cpp:HandleResponse:149] HandleResponse started, buffer size: 1048
[m[0;32;32m1970-01-01 03:02:18.48|I|145916041|lpUCM [RemoteSails.cpp:HandleResponse:158] Successfully deserialized response, status: 0, result code: 0
[m[0;32;31m1970-01-01 03:02:18.48|E|145916041|lpUCM [IpccProtoMessage.cpp:SerializeParams:112] m_offset, 620544
[m[1;33m1970-01-01 03:02:18.48|W|145916041|lpUCM [RemoteSails.cpp:SendWithRetry:185] Successfully wrote 1052 bytes
[m[0;32;32m1970-01-01 03:02:18.149|I|145916041|lpUCM [RemoteSails.cpp:HandleResponse:149] HandleResponse started, buffer size: 1048
[m[0;32;32m1970-01-01 03:02:18.149|I|145916041|lpUCM [RemoteSails.cpp:HandleResponse:158] Successfully deserialized response, status: 0, result code: 0
[m[0;32;31m1970-01-01 03:02:18.149|E|145916041|lpUCM [IpccProtoMessage.cpp:SerializeParams:112] m_offset, 621568
[m[1;33m1970-01-01 03:02:18.149|W|145916041|lpUCM [RemoteSails.cpp:SendWithRetry:185] Successfully wrote 1052 bytes
[m[0;32;32m1970-01-01 03:02:18.250|I|145916041|lpUCM [RemoteSails.cpp:HandleResponse:149] HandleResponse started, buffer size: 1048
[m[0;32;32m1970-01-01 03:02:18.250|I|145916041|lpUCM [RemoteSails.cpp:HandleResponse:158] Successfully deserialized response, status: 0, result code: 0
[m[0;32;32m1970-01-01 03:02:18.250|I|145916041|lpUCM [RemoteSails.cpp:SailWriteData:272] All data already trans size 16384
[m[0;32;32m1970-01-01 03:02:18.250|I|145916041|lpUCM [fds.cpp:FDS_OnLocalUpgProgress:246] total: 23, curr:23, percent:53, rop:97%
[m[0;32;32m1970-01-01 03:02:18.250|I|145916041|lpUCM [RemoteSails.cpp:SailWriteData:254] total data is 16384
[m[0;32;31m1970-01-01 03:02:18.250|E|145916041|lpUCM [IpccProtoMessage.cpp:SerializeParams:112] m_offset, 622592
[m[1;33m1970-01-01 03:02:18.250|W|145916041|lpUCM [RemoteSails.cpp:SendWithRetry:185] Successfully wrote 1052 bytes
[m[0;32;32m1970-01-01 03:02:18.352|I|145916041|lpUCM [RemoteSails.cpp:HandleResponse:149] HandleResponse started, buffer size: 1048
[m[0;32;32m1970-01-01 03:02:18.352|I|145916041|lpUCM [RemoteSails.cpp:HandleResponse:158] Successfully deserialized response, status: 0, result code: 0
[m[0;32;31m1970-01-01 03:02:18.352|E|145916041|lpUCM [IpccProtoMessage.cpp:SerializeParams:112] m_offset, 623616
[m[1;33m1970-01-01 03:02:18.352|W|145916041|lpUCM [RemoteSails.cpp:SendWithRetry:185] Successfully wrote 1052 bytes
[m[0;32;32m1970-01-01 03:02:18.453|I|145916041|lpUCM [RemoteSails.cpp:HandleResponse:149] HandleResponse started, buffer size: 1048
[m[0;32;32m1970-01-01 03:02:18.453|I|145916041|lpUCM [RemoteSails.cpp:HandleResponse:158] Successfully deserialized response, status: 0, result code: 0
[m[0;32;31m1970-01-01 03:02:18.453|E|145916041|lpUCM [IpccProtoMessage.cpp:SerializeParams:112] m_offset, 624640
[m[1;33m1970-01-01 03:02:18.453|W|145916041|lpUCM [RemoteSails.cpp:SendWithRetry:185] Successfully wrote 1052 bytes
[m[0;32;32m1970-01-01 03:02:18.555|I|145916041|lpUCM [RemoteSails.cpp:HandleResponse:149] HandleResponse started, buffer size: 1048
[m[0;32;32m1970-01-01 03:02:18.555|I|145916041|lpUCM [RemoteSails.cpp:HandleResponse:158] Successfully deserialized response, status: 0, result code: 0
[m[0;32;31m1970-01-01 03:02:18.555|E|145916041|lpUCM [IpccProtoMessage.cpp:SerializeParams:112] m_offset, 625664
[m[1;33m1970-01-01 03:02:18.555|W|145916041|lpUCM [RemoteSails.cpp:SendWithRetry:185] Successfully wrote 1052 bytes
[m[0;32;32m1970-01-01 03:02:18.656|I|145916041|lpUCM [RemoteSails.cpp:HandleResponse:149] HandleResponse started, buffer size: 1048
[m[0;32;32m1970-01-01 03:02:18.656|I|145916041|lpUCM [RemoteSails.cpp:HandleResponse:158] Successfully deserialized response, status: 0, result code: 0
[m[0;32;31m1970-01-01 03:02:18.656|E|145916041|lpUCM [IpccProtoMessage.cpp:SerializeParams:112] m_offset, 626688
[m[1;33m1970-01-01 03:02:18.656|W|145916041|lpUCM [RemoteSails.cpp:SendWithRetry:185] Successfully wrote 1052 bytes
[m[0;32;32m1970-01-01 03:02:18.757|I|145916041|lpUCM [RemoteSails.cpp:HandleResponse:149] HandleResponse started, buffer size: 1048
[m[0;32;32m1970-01-01 03:02:18.757|I|145916041|lpUCM [RemoteSails.cpp:HandleResponse:158] Successfully deserialized response, status: 0, result code: 0
[m[0;32;31m1970-01-01 03:02:18.757|E|145916041|lpUCM [IpccProtoMessage.cpp:SerializeParams:112] m_offset, 627712
[m[1;33m1970-01-01 03:02:18.757|W|145916041|lpUCM [RemoteSails.cpp:SendWithRetry:185] Successfully wrote 1052 bytes
[m[0;32;32m1970-01-01 03:02:18.859|I|145916041|lpUCM [RemoteSails.cpp:HandleResponse:149] HandleResponse started, buffer size: 1048
[m[0;32;32m1970-01-01 03:02:18.859|I|145916041|lpUCM [RemoteSails.cpp:HandleResponse:158] Successfully deserialized response, status: 0, result code: 0
[m[0;32;31m1970-01-01 03:02:18.859|E|145916041|lpUCM [IpccProtoMessage.cpp:SerializeParams:112] m_offset, 628736
[m[1;33m1970-01-01 03:02:18.859|W|145916041|lpUCM [RemoteSails.cpp:SendWithRetry:185] Successfully wrote 1052 bytes
[m[0;32;32m1970-01-01 03:02:18.961|I|145916041|lpUCM [RemoteSails.cpp:HandleResponse:149] HandleResponse started, buffer size: 1048
[m[0;32;32m1970-01-01 03:02:18.961|I|145916041|lpUCM [RemoteSails.cpp:HandleResponse:158] Successfully deserialized response, status: 0, result code: 0
[m[0;32;31m1970-01-01 03:02:18.961|E|145916041|lpUCM [IpccProtoMessage.cpp:SerializeParams:112] m_offset, 629760
[m[1;33m1970-01-01 03:02:18.961|W|145916041|lpUCM [RemoteSails.cpp:SendWithRetry:185] Successfully wrote 1052 bytes
[m[0;32;32m1970-01-01 03:02:19.62|I|145916041|lpUCM [RemoteSails.cpp:HandleResponse:149] HandleResponse started, buffer size: 1048
[m[0;32;32m1970-01-01 03:02:19.62|I|145916041|lpUCM [RemoteSails.cpp:HandleResponse:158] Successfully deserialized response, status: 0, result code: 0
[m[0;32;31m1970-01-01 03:02:19.62|E|145916041|lpUCM [IpccProtoMessage.cpp:SerializeParams:112] m_offset, 630784
[m[1;33m1970-01-01 03:02:19.62|W|145916041|lpUCM [RemoteSails.cpp:SendWithRetry:185] Successfully wrote 1052 bytes
[m[0;32;32m1970-01-01 03:02:19.164|I|145916041|lpUCM [RemoteSails.cpp:HandleResponse:149] HandleResponse started, buffer size: 1048
[m[0;32;32m1970-01-01 03:02:19.164|I|145916041|lpUCM [RemoteSails.cpp:HandleResponse:158] Successfully deserialized response, status: 0, result code: 0
[m[0;32;31m1970-01-01 03:02:19.164|E|145916041|lpUCM [IpccProtoMessage.cpp:SerializeParams:112] m_offset, 631808
[m[1;33m1970-01-01 03:02:19.164|W|145916041|lpUCM [RemoteSails.cpp:SendWithRetry:185] Successfully wrote 1052 bytes
[m[0;32;32m1970-01-01 03:02:19.265|I|145916041|lpUCM [RemoteSails.cpp:HandleResponse:149] HandleResponse started, buffer size: 1048
[m[0;32;32m1970-01-01 03:02:19.265|I|145916041|lpUCM [RemoteSails.cpp:HandleResponse:158] Successfully deserialized response, status: 0, result code: 0
[m[0;32;31m1970-01-01 03:02:19.265|E|145916041|lpUCM [IpccProtoMessage.cpp:SerializeParams:112] m_offset, 632832
[m[1;33m1970-01-01 03:02:19.265|W|145916041|lpUCM [RemoteSails.cpp:SendWithRetry:185] Successfully wrote 1052 bytes
[m[0;32;32m1970-01-01 03:02:19.367|I|145916041|lpUCM [RemoteSails.cpp:HandleResponse:149] HandleResponse started, buffer size: 1048
[m[0;32;32m1970-01-01 03:02:19.367|I|145916041|lpUCM [RemoteSails.cpp:HandleResponse:158] Successfully deserialized response, status: 0, result code: 0
[m[0;32;31m1970-01-01 03:02:19.367|E|145916041|lpUCM [IpccProtoMessage.cpp:SerializeParams:112] m_offset, 633856
[m[1;33m1970-01-01 03:02:19.367|W|145916041|lpUCM [RemoteSails.cpp:SendWithRetry:185] Successfully wrote 1052 bytes
[m[0;32;32m1970-01-01 03:02:19.468|I|145916041|lpUCM [RemoteSails.cpp:HandleResponse:149] HandleResponse started, buffer size: 1048
[m[0;32;32m1970-01-01 03:02:19.468|I|145916041|lpUCM [RemoteSails.cpp:HandleResponse:158] Successfully deserialized response, status: 0, result code: 0
[m[0;32;31m1970-01-01 03:02:19.468|E|145916041|lpUCM [IpccProtoMessage.cpp:SerializeParams:112] m_offset, 634880
[m[1;33m1970-01-01 03:02:19.468|W|145916041|lpUCM [RemoteSails.cpp:SendWithRetry:185] Successfully wrote 1052 bytes
[m[0;32;32m1970-01-01 03:02:19.570|I|145916041|lpUCM [RemoteSails.cpp:HandleResponse:149] HandleResponse started, buffer size: 1048
[m[0;32;32m1970-01-01 03:02:19.570|I|145916041|lpUCM [RemoteSails.cpp:HandleResponse:158] Successfully deserialized response, status: 0, result code: 0
[m[0;32;31m1970-01-01 03:02:19.570|E|145916041|lpUCM [IpccProtoMessage.cpp:SerializeParams:112] m_offset, 635904
[m[1;33m1970-01-01 03:02:19.570|W|145916041|lpUCM [RemoteSails.cpp:SendWithRetry:185] Successfully wrote 1052 bytes
[m[0;32;32m1970-01-01 03:02:19.671|I|145916041|lpUCM [RemoteSails.cpp:HandleResponse:149] HandleResponse started, buffer size: 1048
[m[0;32;32m1970-01-01 03:02:19.671|I|145916041|lpUCM [RemoteSails.cpp:HandleResponse:158] Successfully deserialized response, status: 0, result code: 0
[m[0;32;31m1970-01-01 03:02:19.671|E|145916041|lpUCM [IpccProtoMessage.cpp:SerializeParams:112] m_offset, 636928
[m[1;33m1970-01-01 03:02:19.671|W|145916041|lpUCM [RemoteSails.cpp:SendWithRetry:185] Successfully wrote 1052 bytes
[m[0;32;32m1970-01-01 03:02:19.772|I|145916041|lpUCM [RemoteSails.cpp:HandleResponse:149] HandleResponse started, buffer size: 1048
[m[0;32;32m1970-01-01 03:02:19.772|I|145916041|lpUCM [RemoteSails.cpp:HandleResponse:158] Successfully deserialized response, status: 0, result code: 0
[m[0;32;31m1970-01-01 03:02:19.772|E|145916041|lpUCM [IpccProtoMessage.cpp:SerializeParams:112] m_offset, 637952
[m[1;33m1970-01-01 03:02:19.772|W|145916041|lpUCM [RemoteSails.cpp:SendWithRetry:185] Successfully wrote 1052 bytes
[m[0;32;32m1970-01-01 03:02:19.873|I|145916041|lpUCM [RemoteSails.cpp:HandleResponse:149] HandleResponse started, buffer size: 1048
[m[0;32;32m1970-01-01 03:02:19.873|I|145916041|lpUCM [RemoteSails.cpp:HandleResponse:158] Successfully deserialized response, status: 0, result code: 0
[m[0;32;32m1970-01-01 03:02:19.873|I|145916041|lpUCM [RemoteSails.cpp:SailWriteData:272] All data already trans size 16384
[m[0;32;32m1970-01-01 03:02:19.873|I|145916041|lpUCM [fds.cpp:FDS_OnLocalUpgProgress:246] total: 23, curr:23, percent:54, rop:98%
[m[0;32;32m1970-01-01 03:02:19.873|I|145916041|lpUCM [RemoteSails.cpp:SailWriteData:254] total data is 16384
[m[0;32;31m1970-01-01 03:02:19.873|E|145916041|lpUCM [IpccProtoMessage.cpp:SerializeParams:112] m_offset, 638976
[m[1;33m1970-01-01 03:02:19.873|W|145916041|lpUCM [RemoteSails.cpp:SendWithRetry:185] Successfully wrote 1052 bytes
[m[0;32;32m1970-01-01 03:02:19.975|I|145916041|lpUCM [RemoteSails.cpp:HandleResponse:149] HandleResponse started, buffer size: 1048
[m[0;32;32m1970-01-01 03:02:19.975|I|145916041|lpUCM [RemoteSails.cpp:HandleResponse:158] Successfully deserialized response, status: 0, result code: 0
[m[0;32;31m1970-01-01 03:02:19.975|E|145916041|lpUCM [IpccProtoMessage.cpp:SerializeParams:112] m_offset, 640000
[m[1;33m1970-01-01 03:02:19.975|W|145916041|lpUCM [RemoteSails.cpp:SendWithRetry:185] Successfully wrote 1052 bytes
[m[0;32;32m1970-01-01 03:02:20.76|I|145916041|lpUCM [RemoteSails.cpp:HandleResponse:149] HandleResponse started, buffer size: 1048
[m[0;32;32m1970-01-01 03:02:20.76|I|145916041|lpUCM [RemoteSails.cpp:HandleResponse:158] Successfully deserialized response, status: 0, result code: 0
[m[0;32;31m1970-01-01 03:02:20.76|E|145916041|lpUCM [IpccProtoMessage.cpp:SerializeParams:112] m_offset, 641024
[m[1;33m1970-01-01 03:02:20.76|W|145916041|lpUCM [RemoteSails.cpp:SendWithRetry:185] Successfully wrote 1052 bytes
[m[0;32;32m1970-01-01 03:02:20.177|I|145916041|lpUCM [RemoteSails.cpp:HandleResponse:149] HandleResponse started, buffer size: 1048
[m[0;32;32m1970-01-01 03:02:20.177|I|145916041|lpUCM [RemoteSails.cpp:HandleResponse:158] Successfully deserialized response, status: 0, result code: 0
[m[0;32;31m1970-01-01 03:02:20.177|E|145916041|lpUCM [IpccProtoMessage.cpp:SerializeParams:112] m_offset, 642048
[m[1;33m1970-01-01 03:02:20.177|W|145916041|lpUCM [RemoteSails.cpp:SendWithRetry:185] Successfully wrote 1052 bytes
[m[0;32;32m1970-01-01 03:02:20.279|I|145916041|lpUCM [RemoteSails.cpp:HandleResponse:149] HandleResponse started, buffer size: 1048
[m[0;32;32m1970-01-01 03:02:20.279|I|145916041|lpUCM [RemoteSails.cpp:HandleResponse:158] Successfully deserialized response, status: 0, result code: 0
[m[0;32;31m1970-01-01 03:02:20.279|E|145916041|lpUCM [IpccProtoMessage.cpp:SerializeParams:112] m_offset, 643072
[m[1;33m1970-01-01 03:02:20.279|W|145916041|lpUCM [RemoteSails.cpp:SendWithRetry:185] Successfully wrote 1052 bytes
[m[0;32;32m1970-01-01 03:02:20.380|I|145916041|lpUCM [RemoteSails.cpp:HandleResponse:149] HandleResponse started, buffer size: 1048
[m[0;32;32m1970-01-01 03:02:20.380|I|145916041|lpUCM [RemoteSails.cpp:HandleResponse:158] Successfully deserialized response, status: 0, result code: 0
[m[0;32;31m1970-01-01 03:02:20.380|E|145916041|lpUCM [IpccProtoMessage.cpp:SerializeParams:112] m_offset, 644096
[m[1;33m1970-01-01 03:02:20.380|W|145916041|lpUCM [RemoteSails.cpp:SendWithRetry:185] Successfully wrote 1052 bytes
[m[0;32;32m1970-01-01 03:02:20.482|I|145916041|lpUCM [RemoteSails.cpp:HandleResponse:149] HandleResponse started, buffer size: 1048
[m[0;32;32m1970-01-01 03:02:20.482|I|145916041|lpUCM [RemoteSails.cpp:HandleResponse:158] Successfully deserialized response, status: 0, result code: 0
[m[0;32;31m1970-01-01 03:02:20.482|E|145916041|lpUCM [IpccProtoMessage.cpp:SerializeParams:112] m_offset, 645120
[m[1;33m1970-01-01 03:02:20.482|W|145916041|lpUCM [RemoteSails.cpp:SendWithRetry:185] Successfully wrote 1052 bytes
[m[0;32;32m1970-01-01 03:02:20.584|I|145916041|lpUCM [RemoteSails.cpp:HandleResponse:149] HandleResponse started, buffer size: 1048
[m[0;32;32m1970-01-01 03:02:20.584|I|145916041|lpUCM [RemoteSails.cpp:HandleResponse:158] Successfully deserialized response, status: 0, result code: 0
[m[0;32;31m1970-01-01 03:02:20.584|E|145916041|lpUCM [IpccProtoMessage.cpp:SerializeParams:112] m_offset, 646144
[m[1;33m1970-01-01 03:02:20.584|W|145916041|lpUCM [RemoteSails.cpp:SendWithRetry:185] Successfully wrote 1052 bytes
[m[0;32;32m1970-01-01 03:02:20.685|I|145916041|lpUCM [RemoteSails.cpp:HandleResponse:149] HandleResponse started, buffer size: 1048
[m[0;32;32m1970-01-01 03:02:20.685|I|145916041|lpUCM [RemoteSails.cpp:HandleResponse:158] Successfully deserialized response, status: 0, result code: 0
[m[0;32;31m1970-01-01 03:02:20.685|E|145916041|lpUCM [IpccProtoMessage.cpp:SerializeParams:112] m_offset, 647168
[m[1;33m1970-01-01 03:02:20.685|W|145916041|lpUCM [RemoteSails.cpp:SendWithRetry:185] Successfully wrote 1052 bytes
[m[0;32;32m1970-01-01 03:02:20.786|I|145916041|lpUCM [RemoteSails.cpp:HandleResponse:149] HandleResponse started, buffer size: 1048
[m[0;32;32m1970-01-01 03:02:20.786|I|145916041|lpUCM [RemoteSails.cpp:HandleResponse:158] Successfully deserialized response, status: 0, result code: 0
[m[0;32;31m1970-01-01 03:02:20.786|E|145916041|lpUCM [IpccProtoMessage.cpp:SerializeParams:112] m_offset, 648192
[m[1;33m1970-01-01 03:02:20.786|W|145916041|lpUCM [RemoteSails.cpp:SendWithRetry:185] Successfully wrote 1052 bytes
[m[0;32;32m1970-01-01 03:02:20.888|I|145916041|lpUCM [RemoteSails.cpp:HandleResponse:149] HandleResponse started, buffer size: 1048
[m[0;32;32m1970-01-01 03:02:20.888|I|145916041|lpUCM [RemoteSails.cpp:HandleResponse:158] Successfully deserialized response, status: 0, result code: 0
[m[0;32;31m1970-01-01 03:02:20.888|E|145916041|lpUCM [IpccProtoMessage.cpp:SerializeParams:112] m_offset, 649216
[m[1;33m1970-01-01 03:02:20.888|W|145916041|lpUCM [RemoteSails.cpp:SendWithRetry:185] Successfully wrote 1052 bytes
[m[0;32;32m1970-01-01 03:02:20.990|I|145916041|lpUCM [RemoteSails.cpp:HandleResponse:149] HandleResponse started, buffer size: 1048
[m[0;32;32m1970-01-01 03:02:20.990|I|145916041|lpUCM [RemoteSails.cpp:HandleResponse:158] Successfully deserialized response, status: 0, result code: 0
[m[0;32;31m1970-01-01 03:02:20.990|E|145916041|lpUCM [IpccProtoMessage.cpp:SerializeParams:112] m_offset, 650240
[m[1;33m1970-01-01 03:02:20.990|W|145916041|lpUCM [RemoteSails.cpp:SendWithRetry:185] Successfully wrote 1052 bytes
[m[0;32;32m1970-01-01 03:02:21.91|I|145916041|lpUCM [RemoteSails.cpp:HandleResponse:149] HandleResponse started, buffer size: 1048
[m[0;32;32m1970-01-01 03:02:21.91|I|145916041|lpUCM [RemoteSails.cpp:HandleResponse:158] Successfully deserialized response, status: 0, result code: 0
[m[0;32;31m1970-01-01 03:02:21.91|E|145916041|lpUCM [IpccProtoMessage.cpp:SerializeParams:112] m_offset, 651264
[m[1;33m1970-01-01 03:02:21.91|W|145916041|lpUCM [RemoteSails.cpp:SendWithRetry:185] Successfully wrote 1052 bytes
[m[0;32;32m1970-01-01 03:02:21.193|I|145916041|lpUCM [RemoteSails.cpp:HandleResponse:149] HandleResponse started, buffer size: 1048
[m[0;32;32m1970-01-01 03:02:21.193|I|145916041|lpUCM [RemoteSails.cpp:HandleResponse:158] Successfully deserialized response, status: 0, result code: 0
[m[0;32;31m1970-01-01 03:02:21.193|E|145916041|lpUCM [IpccProtoMessage.cpp:SerializeParams:112] m_offset, 652288
[m[1;33m1970-01-01 03:02:21.193|W|145916041|lpUCM [RemoteSails.cpp:SendWithRetry:185] Successfully wrote 1052 bytes
[m[0;32;32m1970-01-01 03:02:21.294|I|145916041|lpUCM [RemoteSails.cpp:HandleResponse:149] HandleResponse started, buffer size: 1048
[m[0;32;32m1970-01-01 03:02:21.294|I|145916041|lpUCM [RemoteSails.cpp:HandleResponse:158] Successfully deserialized response, status: 0, result code: 0
[m[0;32;31m1970-01-01 03:02:21.294|E|145916041|lpUCM [IpccProtoMessage.cpp:SerializeParams:112] m_offset, 653312
[m[1;33m1970-01-01 03:02:21.294|W|145916041|lpUCM [RemoteSails.cpp:SendWithRetry:185] Successfully wrote 1052 bytes
[m[0;32;32m1970-01-01 03:02:21.396|I|145916041|lpUCM [RemoteSails.cpp:HandleResponse:149] HandleResponse started, buffer size: 1048
[m[0;32;32m1970-01-01 03:02:21.396|I|145916041|lpUCM [RemoteSails.cpp:HandleResponse:158] Successfully deserialized response, status: 0, result code: 0
[m[0;32;31m1970-01-01 03:02:21.396|E|145916041|lpUCM [IpccProtoMessage.cpp:SerializeParams:112] m_offset, 654336
[m[1;33m1970-01-01 03:02:21.396|W|145916041|lpUCM [RemoteSails.cpp:SendWithRetry:185] Successfully wrote 1052 bytes
[m[0;32;32m1970-01-01 03:02:21.497|I|145916041|lpUCM [RemoteSails.cpp:HandleResponse:149] HandleResponse started, buffer size: 1048
[m[0;32;32m1970-01-01 03:02:21.497|I|145916041|lpUCM [RemoteSails.cpp:HandleResponse:158] Successfully deserialized response, status: 0, result code: 0
[m[0;32;32m1970-01-01 03:02:21.497|I|145916041|lpUCM [RemoteSails.cpp:SailWriteData:272] All data already trans size 16384
[m[0;32;32m1970-01-01 03:02:21.497|I|145916041|lpUCM [fds.cpp:FDS_OnLocalUpgProgress:246] total: 23, curr:23, percent:55, rop:98%
[m[0;32;32m1970-01-01 03:02:21.497|I|145916041|lpUCM [RemoteSails.cpp:SailWriteData:254] total data is 16384
[m[0;32;31m1970-01-01 03:02:21.497|E|145916041|lpUCM [IpccProtoMessage.cpp:SerializeParams:112] m_offset, 655360
[m[1;33m1970-01-01 03:02:21.497|W|145916041|lpUCM [RemoteSails.cpp:SendWithRetry:185] Successfully wrote 1052 bytes
[m[0;32;32m1970-01-01 03:02:21.599|I|145916041|lpUCM [RemoteSails.cpp:HandleResponse:149] HandleResponse started, buffer size: 1048
[m[0;32;32m1970-01-01 03:02:21.599|I|145916041|lpUCM [RemoteSails.cpp:HandleResponse:158] Successfully deserialized response, status: 0, result code: 0
[m[0;32;31m1970-01-01 03:02:21.599|E|145916041|lpUCM [IpccProtoMessage.cpp:SerializeParams:112] m_offset, 656384
[m[1;33m1970-01-01 03:02:21.599|W|145916041|lpUCM [RemoteSails.cpp:SendWithRetry:185] Successfully wrote 1052 bytes
[m[0;32;32m1970-01-01 03:02:21.700|I|145916041|lpUCM [RemoteSails.cpp:HandleResponse:149] HandleResponse started, buffer size: 1048
[m[0;32;32m1970-01-01 03:02:21.700|I|145916041|lpUCM [RemoteSails.cpp:HandleResponse:158] Successfully deserialized response, status: 0, result code: 0
[m[0;32;31m1970-01-01 03:02:21.700|E|145916041|lpUCM [IpccProtoMessage.cpp:SerializeParams:112] m_offset, 657408
[m[1;33m1970-01-01 03:02:21.700|W|145916041|lpUCM [RemoteSails.cpp:SendWithRetry:185] Successfully wrote 1052 bytes
[m[0;32;32m1970-01-01 03:02:21.801|I|145916041|lpUCM [RemoteSails.cpp:HandleResponse:149] HandleResponse started, buffer size: 1048
[m[0;32;32m1970-01-01 03:02:21.801|I|145916041|lpUCM [RemoteSails.cpp:HandleResponse:158] Successfully deserialized response, status: 0, result code: 0
[m[0;32;31m1970-01-01 03:02:21.801|E|145916041|lpUCM [IpccProtoMessage.cpp:SerializeParams:112] m_offset, 658432
[m[1;33m1970-01-01 03:02:21.801|W|145916041|lpUCM [RemoteSails.cpp:SendWithRetry:185] Successfully wrote 1052 bytes
[m[0;32;32m1970-01-01 03:02:21.903|I|145916041|lpUCM [RemoteSails.cpp:HandleResponse:149] HandleResponse started, buffer size: 1048
[m[0;32;32m1970-01-01 03:02:21.903|I|145916041|lpUCM [RemoteSails.cpp:HandleResponse:158] Successfully deserialized response, status: 0, result code: 0
[m[0;32;31m1970-01-01 03:02:21.903|E|145916041|lpUCM [IpccProtoMessage.cpp:SerializeParams:112] m_offset, 659456
[m[1;33m1970-01-01 03:02:21.903|W|145916041|lpUCM [RemoteSails.cpp:SendWithRetry:185] Successfully wrote 1052 bytes
[m[0;32;32m1970-01-01 03:02:22.5|I|145916041|lpUCM [RemoteSails.cpp:HandleResponse:149] HandleResponse started, buffer size: 1048
[m[0;32;32m1970-01-01 03:02:22.5|I|145916041|lpUCM [RemoteSails.cpp:HandleResponse:158] Successfully deserialized response, status: 0, result code: 0
[m[0;32;31m1970-01-01 03:02:22.5|E|145916041|lpUCM [IpccProtoMessage.cpp:SerializeParams:112] m_offset, 660480
[m[1;33m1970-01-01 03:02:22.5|W|145916041|lpUCM [RemoteSails.cpp:SendWithRetry:185] Successfully wrote 1052 bytes
[m[0;32;32m1970-01-01 03:02:22.106|I|145916041|lpUCM [RemoteSails.cpp:HandleResponse:149] HandleResponse started, buffer size: 1048
[m[0;32;32m1970-01-01 03:02:22.106|I|145916041|lpUCM [RemoteSails.cpp:HandleResponse:158] Successfully deserialized response, status: 0, result code: 0
[m[0;32;31m1970-01-01 03:02:22.106|E|145916041|lpUCM [IpccProtoMessage.cpp:SerializeParams:112] m_offset, 661504
[m[1;33m1970-01-01 03:02:22.106|W|145916041|lpUCM [RemoteSails.cpp:SendWithRetry:185] Successfully wrote 1052 bytes
[m[0;32;32m1970-01-01 03:02:22.208|I|145916041|lpUCM [RemoteSails.cpp:HandleResponse:149] HandleResponse started, buffer size: 1048
[m[0;32;32m1970-01-01 03:02:22.208|I|145916041|lpUCM [RemoteSails.cpp:HandleResponse:158] Successfully deserialized response, status: 0, result code: 0
[m[0;32;31m1970-01-01 03:02:22.208|E|145916041|lpUCM [IpccProtoMessage.cpp:SerializeParams:112] m_offset, 662528
[m[1;33m1970-01-01 03:02:22.208|W|145916041|lpUCM [RemoteSails.cpp:SendWithRetry:185] Successfully wrote 1052 bytes
[m[0;32;32m1970-01-01 03:02:22.310|I|145916041|lpUCM [RemoteSails.cpp:HandleResponse:149] HandleResponse started, buffer size: 1048
[m[0;32;32m1970-01-01 03:02:22.310|I|145916041|lpUCM [RemoteSails.cpp:HandleResponse:158] Successfully deserialized response, status: 0, result code: 0
[m[0;32;31m1970-01-01 03:02:22.310|E|145916041|lpUCM [IpccProtoMessage.cpp:SerializeParams:112] m_offset, 663552
[m[1;33m1970-01-01 03:02:22.310|W|145916041|lpUCM [RemoteSails.cpp:SendWithRetry:185] Successfully wrote 1052 bytes
[m[0;32;32m1970-01-01 03:02:22.411|I|145916041|lpUCM [RemoteSails.cpp:HandleResponse:149] HandleResponse started, buffer size: 1048
[m[0;32;32m1970-01-01 03:02:22.411|I|145916041|lpUCM [RemoteSails.cpp:HandleResponse:158] Successfully deserialized response, status: 0, result code: 0
[m[0;32;31m1970-01-01 03:02:22.411|E|145916041|lpUCM [IpccProtoMessage.cpp:SerializeParams:112] m_offset, 664576
[m[1;33m1970-01-01 03:02:22.411|W|145916041|lpUCM [RemoteSails.cpp:SendWithRetry:185] Successfully wrote 1052 bytes
[m[0;32;32m1970-01-01 03:02:22.512|I|145916041|lpUCM [RemoteSails.cpp:HandleResponse:149] HandleResponse started, buffer size: 1048
[m[0;32;32m1970-01-01 03:02:22.512|I|145916041|lpUCM [RemoteSails.cpp:HandleResponse:158] Successfully deserialized response, status: 0, result code: 0
[m[0;32;31m1970-01-01 03:02:22.512|E|145916041|lpUCM [IpccProtoMessage.cpp:SerializeParams:112] m_offset, 665600
[m[1;33m1970-01-01 03:02:22.512|W|145916041|lpUCM [RemoteSails.cpp:SendWithRetry:185] Successfully wrote 1052 bytes
[m[0;32;32m1970-01-01 03:02:22.613|I|145916041|lpUCM [RemoteSails.cpp:HandleResponse:149] HandleResponse started, buffer size: 1048
[m[0;32;32m1970-01-01 03:02:22.613|I|145916041|lpUCM [RemoteSails.cpp:HandleResponse:158] Successfully deserialized response, status: 0, result code: 0
[m[0;32;31m1970-01-01 03:02:22.613|E|145916041|lpUCM [IpccProtoMessage.cpp:SerializeParams:112] m_offset, 666624
[m[1;33m1970-01-01 03:02:22.613|W|145916041|lpUCM [RemoteSails.cpp:SendWithRetry:185] Successfully wrote 1052 bytes
[m[0;32;32m1970-01-01 03:02:22.715|I|145916041|lpUCM [RemoteSails.cpp:HandleResponse:149] HandleResponse started, buffer size: 1048
[m[0;32;32m1970-01-01 03:02:22.715|I|145916041|lpUCM [RemoteSails.cpp:HandleResponse:158] Successfully deserialized response, status: 0, result code: 0
[m[0;32;31m1970-01-01 03:02:22.715|E|145916041|lpUCM [IpccProtoMessage.cpp:SerializeParams:112] m_offset, 667648
[m[1;33m1970-01-01 03:02:22.715|W|145916041|lpUCM [RemoteSails.cpp:SendWithRetry:185] Successfully wrote 1052 bytes
[m[0;32;32m1970-01-01 03:02:22.816|I|145916041|lpUCM [RemoteSails.cpp:HandleResponse:149] HandleResponse started, buffer size: 1048
[m[0;32;32m1970-01-01 03:02:22.816|I|145916041|lpUCM [RemoteSails.cpp:HandleResponse:158] Successfully deserialized response, status: 0, result code: 0
[m[0;32;31m1970-01-01 03:02:22.816|E|145916041|lpUCM [IpccProtoMessage.cpp:SerializeParams:112] m_offset, 668672
[m[1;33m1970-01-01 03:02:22.816|W|145916041|lpUCM [RemoteSails.cpp:SendWithRetry:185] Successfully wrote 1052 bytes
[m[0;32;32m1970-01-01 03:02:22.918|I|145916041|lpUCM [RemoteSails.cpp:HandleResponse:149] HandleResponse started, buffer size: 1048
[m[0;32;32m1970-01-01 03:02:22.918|I|145916041|lpUCM [RemoteSails.cpp:HandleResponse:158] Successfully deserialized response, status: 0, result code: 0
[m[0;32;31m1970-01-01 03:02:22.918|E|145916041|lpUCM [IpccProtoMessage.cpp:SerializeParams:112] m_offset, 669696
[m[1;33m1970-01-01 03:02:22.918|W|145916041|lpUCM [RemoteSails.cpp:SendWithRetry:185] Successfully wrote 1052 bytes
[m[0;32;32m1970-01-01 03:02:23.20|I|145916041|lpUCM [RemoteSails.cpp:HandleResponse:149] HandleResponse started, buffer size: 1048
[m[0;32;32m1970-01-01 03:02:23.20|I|145916041|lpUCM [RemoteSails.cpp:HandleResponse:158] Successfully deserialized response, status: 0, result code: 0
[m[0;32;31m1970-01-01 03:02:23.20|E|145916041|lpUCM [IpccProtoMessage.cpp:SerializeParams:112] m_offset, 670720
[m[1;33m1970-01-01 03:02:23.20|W|145916041|lpUCM [RemoteSails.cpp:SendWithRetry:185] Successfully wrote 1052 bytes
[m[0;32;32m1970-01-01 03:02:23.121|I|145916041|lpUCM [RemoteSails.cpp:HandleResponse:149] HandleResponse started, buffer size: 1048
[m[0;32;32m1970-01-01 03:02:23.121|I|145916041|lpUCM [RemoteSails.cpp:HandleResponse:158] Successfully deserialized response, status: 0, result code: 0
[m[0;32;32m1970-01-01 03:02:23.121|I|145916041|lpUCM [RemoteSails.cpp:SailWriteData:272] All data already trans size 16384
[m[0;32;32m1970-01-01 03:02:23.121|I|145916041|lpUCM [fds.cpp:FDS_OnLocalUpgProgress:246] total: 23, curr:23, percent:56, rop:98%
[m[0;32;32m1970-01-01 03:02:23.121|I|145916041|lpUCM [RemoteSails.cpp:SailWriteData:254] total data is 16384
[m[0;32;31m1970-01-01 03:02:23.121|E|145916041|lpUCM [IpccProtoMessage.cpp:SerializeParams:112] m_offset, 671744
[m[1;33m1970-01-01 03:02:23.121|W|145916041|lpUCM [RemoteSails.cpp:SendWithRetry:185] Successfully wrote 1052 bytes
[m[0;32;32m1970-01-01 03:02:23.223|I|145916041|lpUCM [RemoteSails.cpp:HandleResponse:149] HandleResponse started, buffer size: 1048
[m[0;32;32m1970-01-01 03:02:23.223|I|145916041|lpUCM [RemoteSails.cpp:HandleResponse:158] Successfully deserialized response, status: 0, result code: 0
[m[0;32;31m1970-01-01 03:02:23.223|E|145916041|lpUCM [IpccProtoMessage.cpp:SerializeParams:112] m_offset, 672768
[m[1;33m1970-01-01 03:02:23.223|W|145916041|lpUCM [RemoteSails.cpp:SendWithRetry:185] Successfully wrote 1052 bytes
[m[0;32;32m1970-01-01 03:02:23.325|I|145916041|lpUCM [RemoteSails.cpp:HandleResponse:149] HandleResponse started, buffer size: 1048
[m[0;32;32m1970-01-01 03:02:23.325|I|145916041|lpUCM [RemoteSails.cpp:HandleResponse:158] Successfully deserialized response, status: 0, result code: 0
[m[0;32;31m1970-01-01 03:02:23.325|E|145916041|lpUCM [IpccProtoMessage.cpp:SerializeParams:112] m_offset, 673792
[m[1;33m1970-01-01 03:02:23.326|W|145916041|lpUCM [RemoteSails.cpp:SendWithRetry:185] Successfully wrote 1052 bytes
[m[0;32;32m1970-01-01 03:02:23.428|I|145916041|lpUCM [RemoteSails.cpp:HandleResponse:149] HandleResponse started, buffer size: 1048
[m[0;32;32m1970-01-01 03:02:23.428|I|145916041|lpUCM [RemoteSails.cpp:HandleResponse:158] Successfully deserialized response, status: 0, result code: 0
[m[0;32;31m1970-01-01 03:02:23.428|E|145916041|lpUCM [IpccProtoMessage.cpp:SerializeParams:112] m_offset, 674816
[m[1;33m1970-01-01 03:02:23.428|W|145916041|lpUCM [RemoteSails.cpp:SendWithRetry:185] Successfully wrote 1052 bytes
[m[0;32;32m1970-01-01 03:02:23.530|I|145916041|lpUCM [RemoteSails.cpp:HandleResponse:149] HandleResponse started, buffer size: 1048
[m[0;32;32m1970-01-01 03:02:23.530|I|145916041|lpUCM [RemoteSails.cpp:HandleResponse:158] Successfully deserialized response, status: 0, result code: 0
[m[0;32;31m1970-01-01 03:02:23.530|E|145916041|lpUCM [IpccProtoMessage.cpp:SerializeParams:112] m_offset, 675840
[m[1;33m1970-01-01 03:02:23.530|W|145916041|lpUCM [RemoteSails.cpp:SendWithRetry:185] Successfully wrote 1052 bytes
[m[0;32;32m1970-01-01 03:02:23.631|I|145916041|lpUCM [RemoteSails.cpp:HandleResponse:149] HandleResponse started, buffer size: 1048
[m[0;32;32m1970-01-01 03:02:23.631|I|145916041|lpUCM [RemoteSails.cpp:HandleResponse:158] Successfully deserialized response, status: 0, result code: 0
[m[0;32;31m1970-01-01 03:02:23.631|E|145916041|lpUCM [IpccProtoMessage.cpp:SerializeParams:112] m_offset, 676864
[m[1;33m1970-01-01 03:02:23.631|W|145916041|lpUCM [RemoteSails.cpp:SendWithRetry:185] Successfully wrote 1052 bytes
[m[0;32;32m1970-01-01 03:02:23.732|I|145916041|lpUCM [RemoteSails.cpp:HandleResponse:149] HandleResponse started, buffer size: 1048
[m[0;32;32m1970-01-01 03:02:23.732|I|145916041|lpUCM [RemoteSails.cpp:HandleResponse:158] Successfully deserialized response, status: 0, result code: 0
[m[0;32;31m1970-01-01 03:02:23.732|E|145916041|lpUCM [IpccProtoMessage.cpp:SerializeParams:112] m_offset, 677888
[m[1;33m1970-01-01 03:02:23.732|W|145916041|lpUCM [RemoteSails.cpp:SendWithRetry:185] Successfully wrote 1052 bytes
[m[0;32;32m1970-01-01 03:02:23.833|I|145916041|lpUCM [RemoteSails.cpp:HandleResponse:149] HandleResponse started, buffer size: 1048
[m[0;32;32m1970-01-01 03:02:23.833|I|145916041|lpUCM [RemoteSails.cpp:HandleResponse:158] Successfully deserialized response, status: 0, result code: 0
[m[0;32;31m1970-01-01 03:02:23.833|E|145916041|lpUCM [IpccProtoMessage.cpp:SerializeParams:112] m_offset, 678912
[m[1;33m1970-01-01 03:02:23.833|W|145916041|lpUCM [RemoteSails.cpp:SendWithRetry:185] Successfully wrote 1052 bytes
[m[0;32;32m1970-01-01 03:02:23.935|I|145916041|lpUCM [RemoteSails.cpp:HandleResponse:149] HandleResponse started, buffer size: 1048
[m[0;32;32m1970-01-01 03:02:23.935|I|145916041|lpUCM [RemoteSails.cpp:HandleResponse:158] Successfully deserialized response, status: 0, result code: 0
[m[0;32;31m1970-01-01 03:02:23.935|E|145916041|lpUCM [IpccProtoMessage.cpp:SerializeParams:112] m_offset, 679936
[m[1;33m1970-01-01 03:02:23.935|W|145916041|lpUCM [RemoteSails.cpp:SendWithRetry:185] Successfully wrote 1052 bytes
[m[0;32;32m1970-01-01 03:02:24.37|I|145916041|lpUCM [RemoteSails.cpp:HandleResponse:149] HandleResponse started, buffer size: 1048
[m[0;32;32m1970-01-01 03:02:24.37|I|145916041|lpUCM [RemoteSails.cpp:HandleResponse:158] Successfully deserialized response, status: 0, result code: 0
[m[0;32;31m1970-01-01 03:02:24.37|E|145916041|lpUCM [IpccProtoMessage.cpp:SerializeParams:112] m_offset, 680960
[m[1;33m1970-01-01 03:02:24.37|W|145916041|lpUCM [RemoteSails.cpp:SendWithRetry:185] Successfully wrote 1052 bytes
[m[0;32;32m1970-01-01 03:02:24.138|I|145916041|lpUCM [RemoteSails.cpp:HandleResponse:149] HandleResponse started, buffer size: 1048
[m[0;32;32m1970-01-01 03:02:24.138|I|145916041|lpUCM [RemoteSails.cpp:HandleResponse:158] Successfully deserialized response, status: 0, result code: 0
[m[0;32;31m1970-01-01 03:02:24.138|E|145916041|lpUCM [IpccProtoMessage.cpp:SerializeParams:112] m_offset, 681984
[m[1;33m1970-01-01 03:02:24.138|W|145916041|lpUCM [RemoteSails.cpp:SendWithRetry:185] Successfully wrote 1052 bytes
[m[0;32;32m1970-01-01 03:02:24.239|I|145916041|lpUCM [RemoteSails.cpp:HandleResponse:149] HandleResponse started, buffer size: 1048
[m[0;32;32m1970-01-01 03:02:24.239|I|145916041|lpUCM [RemoteSails.cpp:HandleResponse:158] Successfully deserialized response, status: 0, result code: 0
[m[0;32;31m1970-01-01 03:02:24.239|E|145916041|lpUCM [IpccProtoMessage.cpp:SerializeParams:112] m_offset, 683008
[m[1;33m1970-01-01 03:02:24.239|W|145916041|lpUCM [RemoteSails.cpp:SendWithRetry:185] Successfully wrote 1052 bytes
[m[0;32;32m1970-01-01 03:02:24.341|I|145916041|lpUCM [RemoteSails.cpp:HandleResponse:149] HandleResponse started, buffer size: 1048
[m[0;32;32m1970-01-01 03:02:24.341|I|145916041|lpUCM [RemoteSails.cpp:HandleResponse:158] Successfully deserialized response, status: 0, result code: 0
[m[0;32;31m1970-01-01 03:02:24.341|E|145916041|lpUCM [IpccProtoMessage.cpp:SerializeParams:112] m_offset, 684032
[m[1;33m1970-01-01 03:02:24.341|W|145916041|lpUCM [RemoteSails.cpp:SendWithRetry:185] Successfully wrote 1052 bytes
[m[0;32;32m1970-01-01 03:02:24.442|I|145916041|lpUCM [RemoteSails.cpp:HandleResponse:149] HandleResponse started, buffer size: 1048
[m[0;32;32m1970-01-01 03:02:24.442|I|145916041|lpUCM [RemoteSails.cpp:HandleResponse:158] Successfully deserialized response, status: 0, result code: 0
[m[0;32;31m1970-01-01 03:02:24.442|E|145916041|lpUCM [IpccProtoMessage.cpp:SerializeParams:112] m_offset, 685056
[m[1;33m1970-01-01 03:02:24.442|W|145916041|lpUCM [RemoteSails.cpp:SendWithRetry:185] Successfully wrote 1052 bytes
[m[0;32;32m1970-01-01 03:02:24.543|I|145916041|lpUCM [RemoteSails.cpp:HandleResponse:149] HandleResponse started, buffer size: 1048
[m[0;32;32m1970-01-01 03:02:24.543|I|145916041|lpUCM [RemoteSails.cpp:HandleResponse:158] Successfully deserialized response, status: 0, result code: 0
[m[0;32;31m1970-01-01 03:02:24.543|E|145916041|lpUCM [IpccProtoMessage.cpp:SerializeParams:112] m_offset, 686080
[m[1;33m1970-01-01 03:02:24.543|W|145916041|lpUCM [RemoteSails.cpp:SendWithRetry:185] Successfully wrote 1052 bytes
[m[0;32;32m1970-01-01 03:02:24.644|I|145916041|lpUCM [RemoteSails.cpp:HandleResponse:149] HandleResponse started, buffer size: 1048
[m[0;32;32m1970-01-01 03:02:24.644|I|145916041|lpUCM [RemoteSails.cpp:HandleResponse:158] Successfully deserialized response, status: 0, result code: 0
[m[0;32;31m1970-01-01 03:02:24.644|E|145916041|lpUCM [IpccProtoMessage.cpp:SerializeParams:112] m_offset, 687104
[m[1;33m1970-01-01 03:02:24.644|W|145916041|lpUCM [RemoteSails.cpp:SendWithRetry:185] Successfully wrote 1052 bytes
[m[0;32;32m1970-01-01 03:02:24.746|I|145916041|lpUCM [RemoteSails.cpp:HandleResponse:149] HandleResponse started, buffer size: 1048
[m[0;32;32m1970-01-01 03:02:24.746|I|145916041|lpUCM [RemoteSails.cpp:HandleResponse:158] Successfully deserialized response, status: 0, result code: 0
[m[0;32;32m1970-01-01 03:02:24.746|I|145916041|lpUCM [RemoteSails.cpp:SailWriteData:272] All data already trans size 16384
[m[0;32;32m1970-01-01 03:02:24.746|I|145916041|lpUCM [fds.cpp:FDS_OnLocalUpgProgress:246] total: 23, curr:23, percent:57, rop:98%
[m[0;32;32m1970-01-01 03:02:24.746|I|145916041|lpUCM [RemoteSails.cpp:SailWriteData:254] total data is 16384
[m[0;32;31m1970-01-01 03:02:24.746|E|145916041|lpUCM [IpccProtoMessage.cpp:SerializeParams:112] m_offset, 688128
[m[1;33m1970-01-01 03:02:24.746|W|145916041|lpUCM [RemoteSails.cpp:SendWithRetry:185] Successfully wrote 1052 bytes
[m[0;32;32m1970-01-01 03:02:24.847|I|145916041|lpUCM [RemoteSails.cpp:HandleResponse:149] HandleResponse started, buffer size: 1048
[m[0;32;32m1970-01-01 03:02:24.847|I|145916041|lpUCM [RemoteSails.cpp:HandleResponse:158] Successfully deserialized response, status: 0, result code: 0
[m[0;32;31m1970-01-01 03:02:24.847|E|145916041|lpUCM [IpccProtoMessage.cpp:SerializeParams:112] m_offset, 689152
[m[1;33m1970-01-01 03:02:24.847|W|145916041|lpUCM [RemoteSails.cpp:SendWithRetry:185] Successfully wrote 1052 bytes
[m[0;32;32m1970-01-01 03:02:24.949|I|145916041|lpUCM [RemoteSails.cpp:HandleResponse:149] HandleResponse started, buffer size: 1048
[m[0;32;32m1970-01-01 03:02:24.949|I|145916041|lpUCM [RemoteSails.cpp:HandleResponse:158] Successfully deserialized response, status: 0, result code: 0
[m[0;32;31m1970-01-01 03:02:24.949|E|145916041|lpUCM [IpccProtoMessage.cpp:SerializeParams:112] m_offset, 690176
[m[1;33m1970-01-01 03:02:24.949|W|145916041|lpUCM [RemoteSails.cpp:SendWithRetry:185] Successfully wrote 1052 bytes
[m[0;32;32m1970-01-01 03:02:25.51|I|145916041|lpUCM [RemoteSails.cpp:HandleResponse:149] HandleResponse started, buffer size: 1048
[m[0;32;32m1970-01-01 03:02:25.51|I|145916041|lpUCM [RemoteSails.cpp:HandleResponse:158] Successfully deserialized response, status: 0, result code: 0
[m[0;32;31m1970-01-01 03:02:25.51|E|145916041|lpUCM [IpccProtoMessage.cpp:SerializeParams:112] m_offset, 691200
[m[1;33m1970-01-01 03:02:25.51|W|145916041|lpUCM [RemoteSails.cpp:SendWithRetry:185] Successfully wrote 1052 bytes
[m[0;32;32m1970-01-01 03:02:25.152|I|145916041|lpUCM [RemoteSails.cpp:HandleResponse:149] HandleResponse started, buffer size: 1048
[m[0;32;32m1970-01-01 03:02:25.152|I|145916041|lpUCM [RemoteSails.cpp:HandleResponse:158] Successfully deserialized response, status: 0, result code: 0
[m[0;32;31m1970-01-01 03:02:25.152|E|145916041|lpUCM [IpccProtoMessage.cpp:SerializeParams:112] m_offset, 692224
[m[1;33m1970-01-01 03:02:25.152|W|145916041|lpUCM [RemoteSails.cpp:SendWithRetry:185] Successfully wrote 1052 bytes
[m[0;32;32m1970-01-01 03:02:25.254|I|145916041|lpUCM [RemoteSails.cpp:HandleResponse:149] HandleResponse started, buffer size: 1048
[m[0;32;32m1970-01-01 03:02:25.254|I|145916041|lpUCM [RemoteSails.cpp:HandleResponse:158] Successfully deserialized response, status: 0, result code: 0
[m[0;32;31m1970-01-01 03:02:25.254|E|145916041|lpUCM [IpccProtoMessage.cpp:SerializeParams:112] m_offset, 693248
[m[1;33m1970-01-01 03:02:25.254|W|145916041|lpUCM [RemoteSails.cpp:SendWithRetry:185] Successfully wrote 1052 bytes
[m[0;32;32m1970-01-01 03:02:25.356|I|145916041|lpUCM [RemoteSails.cpp:HandleResponse:149] HandleResponse started, buffer size: 1048
[m[0;32;32m1970-01-01 03:02:25.356|I|145916041|lpUCM [RemoteSails.cpp:HandleResponse:158] Successfully deserialized response, status: 0, result code: 0
[m[0;32;31m1970-01-01 03:02:25.356|E|145916041|lpUCM [IpccProtoMessage.cpp:SerializeParams:112] m_offset, 694272
[m[1;33m1970-01-01 03:02:25.356|W|145916041|lpUCM [RemoteSails.cpp:SendWithRetry:185] Successfully wrote 1052 bytes
[m[0;32;32m1970-01-01 03:02:25.457|I|145916041|lpUCM [RemoteSails.cpp:HandleResponse:149] HandleResponse started, buffer size: 1048
[m[0;32;32m1970-01-01 03:02:25.457|I|145916041|lpUCM [RemoteSails.cpp:HandleResponse:158] Successfully deserialized response, status: 0, result code: 0
[m[0;32;31m1970-01-01 03:02:25.457|E|145916041|lpUCM [IpccProtoMessage.cpp:SerializeParams:112] m_offset, 695296
[m[1;33m1970-01-01 03:02:25.457|W|145916041|lpUCM [RemoteSails.cpp:SendWithRetry:185] Successfully wrote 1052 bytes
[m[0;32;32m1970-01-01 03:02:25.559|I|145916041|lpUCM [RemoteSails.cpp:HandleResponse:149] HandleResponse started, buffer size: 1048
[m[0;32;32m1970-01-01 03:02:25.559|I|145916041|lpUCM [RemoteSails.cpp:HandleResponse:158] Successfully deserialized response, status: 0, result code: 0
[m[0;32;31m1970-01-01 03:02:25.559|E|145916041|lpUCM [IpccProtoMessage.cpp:SerializeParams:112] m_offset, 696320
[m[1;33m1970-01-01 03:02:25.559|W|145916041|lpUCM [RemoteSails.cpp:SendWithRetry:185] Successfully wrote 1052 bytes
[m[0;32;32m1970-01-01 03:02:25.661|I|145916041|lpUCM [RemoteSails.cpp:HandleResponse:149] HandleResponse started, buffer size: 1048
[m[0;32;32m1970-01-01 03:02:25.661|I|145916041|lpUCM [RemoteSails.cpp:HandleResponse:158] Successfully deserialized response, status: 0, result code: 0
[m[0;32;31m1970-01-01 03:02:25.661|E|145916041|lpUCM [IpccProtoMessage.cpp:SerializeParams:112] m_offset, 697344
[m[1;33m1970-01-01 03:02:25.661|W|145916041|lpUCM [RemoteSails.cpp:SendWithRetry:185] Successfully wrote 1052 bytes
[m[0;32;32m1970-01-01 03:02:25.762|I|145916041|lpUCM [RemoteSails.cpp:HandleResponse:149] HandleResponse started, buffer size: 1048
[m[0;32;32m1970-01-01 03:02:25.762|I|145916041|lpUCM [RemoteSails.cpp:HandleResponse:158] Successfully deserialized response, status: 0, result code: 0
[m[0;32;31m1970-01-01 03:02:25.762|E|145916041|lpUCM [IpccProtoMessage.cpp:SerializeParams:112] m_offset, 698368
[m[1;33m1970-01-01 03:02:25.762|W|145916041|lpUCM [RemoteSails.cpp:SendWithRetry:185] Successfully wrote 1052 bytes
[m[0;32;32m1970-01-01 03:02:25.863|I|145916041|lpUCM [RemoteSails.cpp:HandleResponse:149] HandleResponse started, buffer size: 1048
[m[0;32;32m1970-01-01 03:02:25.863|I|145916041|lpUCM [RemoteSails.cpp:HandleResponse:158] Successfully deserialized response, status: 0, result code: 0
[m[0;32;31m1970-01-01 03:02:25.863|E|145916041|lpUCM [IpccProtoMessage.cpp:SerializeParams:112] m_offset, 699392
[m[1;33m1970-01-01 03:02:25.863|W|145916041|lpUCM [RemoteSails.cpp:SendWithRetry:185] Successfully wrote 1052 bytes
[m[0;32;32m1970-01-01 03:02:25.965|I|145916041|lpUCM [RemoteSails.cpp:HandleResponse:149] HandleResponse started, buffer size: 1048
[m[0;32;32m1970-01-01 03:02:25.965|I|145916041|lpUCM [RemoteSails.cpp:HandleResponse:158] Successfully deserialized response, status: 0, result code: 0
[m[0;32;31m1970-01-01 03:02:25.965|E|145916041|lpUCM [IpccProtoMessage.cpp:SerializeParams:112] m_offset, 700416
[m[1;33m1970-01-01 03:02:25.965|W|145916041|lpUCM [RemoteSails.cpp:SendWithRetry:185] Successfully wrote 1052 bytes
[m[0;32;32m1970-01-01 03:02:26.66|I|145916041|lpUCM [RemoteSails.cpp:HandleResponse:149] HandleResponse started, buffer size: 1048
[m[0;32;32m1970-01-01 03:02:26.66|I|145916041|lpUCM [RemoteSails.cpp:HandleResponse:158] Successfully deserialized response, status: 0, result code: 0
[m[0;32;31m1970-01-01 03:02:26.66|E|145916041|lpUCM [IpccProtoMessage.cpp:SerializeParams:112] m_offset, 701440
[m[1;33m1970-01-01 03:02:26.66|W|145916041|lpUCM [RemoteSails.cpp:SendWithRetry:185] Successfully wrote 1052 bytes
[m[0;32;32m1970-01-01 03:02:26.167|I|145916041|lpUCM [RemoteSails.cpp:HandleResponse:149] HandleResponse started, buffer size: 1048
[m[0;32;32m1970-01-01 03:02:26.167|I|145916041|lpUCM [RemoteSails.cpp:HandleResponse:158] Successfully deserialized response, status: 0, result code: 0
[m[0;32;31m1970-01-01 03:02:26.167|E|145916041|lpUCM [IpccProtoMessage.cpp:SerializeParams:112] m_offset, 702464
[m[1;33m1970-01-01 03:02:26.167|W|145916041|lpUCM [RemoteSails.cpp:SendWithRetry:185] Successfully wrote 1052 bytes
[m[0;32;32m1970-01-01 03:02:26.269|I|145916041|lpUCM [RemoteSails.cpp:HandleResponse:149] HandleResponse started, buffer size: 1048
[m[0;32;32m1970-01-01 03:02:26.269|I|145916041|lpUCM [RemoteSails.cpp:HandleResponse:158] Successfully deserialized response, status: 0, result code: 0
[m[0;32;31m1970-01-01 03:02:26.269|E|145916041|lpUCM [IpccProtoMessage.cpp:SerializeParams:112] m_offset, 703488
[m[1;33m1970-01-01 03:02:26.269|W|145916041|lpUCM [RemoteSails.cpp:SendWithRetry:185] Successfully wrote 1052 bytes
[m[0;32;32m1970-01-01 03:02:26.371|I|145916041|lpUCM [RemoteSails.cpp:HandleResponse:149] HandleResponse started, buffer size: 1048
[m[0;32;32m1970-01-01 03:02:26.371|I|145916041|lpUCM [RemoteSails.cpp:HandleResponse:158] Successfully deserialized response, status: 0, result code: 0
[m[0;32;32m1970-01-01 03:02:26.371|I|145916041|lpUCM [RemoteSails.cpp:SailWriteData:272] All data already trans size 16384
[m[0;32;32m1970-01-01 03:02:26.371|I|145916041|lpUCM [fds.cpp:FDS_OnLocalUpgProgress:246] total: 23, curr:23, percent:58, rop:98%
[m[0;32;32m1970-01-01 03:02:26.371|I|145916041|lpUCM [RemoteSails.cpp:SailWriteData:254] total data is 16384
[m[0;32;31m1970-01-01 03:02:26.371|E|145916041|lpUCM [IpccProtoMessage.cpp:SerializeParams:112] m_offset, 704512
[m[1;33m1970-01-01 03:02:26.371|W|145916041|lpUCM [RemoteSails.cpp:SendWithRetry:185] Successfully wrote 1052 bytes
[m[0;32;32m1970-01-01 03:02:26.472|I|145916041|lpUCM [RemoteSails.cpp:HandleResponse:149] HandleResponse started, buffer size: 1048
[m[0;32;32m1970-01-01 03:02:26.472|I|145916041|lpUCM [RemoteSails.cpp:HandleResponse:158] Successfully deserialized response, status: 0, result code: 0
[m[0;32;31m1970-01-01 03:02:26.472|E|145916041|lpUCM [IpccProtoMessage.cpp:SerializeParams:112] m_offset, 705536
[m[1;33m1970-01-01 03:02:26.472|W|145916041|lpUCM [RemoteSails.cpp:SendWithRetry:185] Successfully wrote 1052 bytes
[m[0;32;32m1970-01-01 03:02:26.574|I|145916041|lpUCM [RemoteSails.cpp:HandleResponse:149] HandleResponse started, buffer size: 1048
[m[0;32;32m1970-01-01 03:02:26.574|I|145916041|lpUCM [RemoteSails.cpp:HandleResponse:158] Successfully deserialized response, status: 0, result code: 0
[m[0;32;31m1970-01-01 03:02:26.574|E|145916041|lpUCM [IpccProtoMessage.cpp:SerializeParams:112] m_offset, 706560
[m[1;33m1970-01-01 03:02:26.574|W|145916041|lpUCM [RemoteSails.cpp:SendWithRetry:185] Successfully wrote 1052 bytes
[m[0;32;32m1970-01-01 03:02:26.675|I|145916041|lpUCM [RemoteSails.cpp:HandleResponse:149] HandleResponse started, buffer size: 1048
[m[0;32;32m1970-01-01 03:02:26.675|I|145916041|lpUCM [RemoteSails.cpp:HandleResponse:158] Successfully deserialized response, status: 0, result code: 0
[m[0;32;31m1970-01-01 03:02:26.675|E|145916041|lpUCM [IpccProtoMessage.cpp:SerializeParams:112] m_offset, 707584
[m[1;33m1970-01-01 03:02:26.675|W|145916041|lpUCM [RemoteSails.cpp:SendWithRetry:185] Successfully wrote 1052 bytes
[m[0;32;32m1970-01-01 03:02:26.776|I|145916041|lpUCM [RemoteSails.cpp:HandleResponse:149] HandleResponse started, buffer size: 1048
[m[0;32;32m1970-01-01 03:02:26.776|I|145916041|lpUCM [RemoteSails.cpp:HandleResponse:158] Successfully deserialized response, status: 0, result code: 0
[m[0;32;31m1970-01-01 03:02:26.776|E|145916041|lpUCM [IpccProtoMessage.cpp:SerializeParams:112] m_offset, 708608
[m[1;33m1970-01-01 03:02:26.776|W|145916041|lpUCM [RemoteSails.cpp:SendWithRetry:185] Successfully wrote 1052 bytes
[m[0;32;32m1970-01-01 03:02:26.878|I|145916041|lpUCM [RemoteSails.cpp:HandleResponse:149] HandleResponse started, buffer size: 1048
[m[0;32;32m1970-01-01 03:02:26.878|I|145916041|lpUCM [RemoteSails.cpp:HandleResponse:158] Successfully deserialized response, status: 0, result code: 0
[m[0;32;31m1970-01-01 03:02:26.878|E|145916041|lpUCM [IpccProtoMessage.cpp:SerializeParams:112] m_offset, 709632
[m[1;33m1970-01-01 03:02:26.878|W|145916041|lpUCM [RemoteSails.cpp:SendWithRetry:185] Successfully wrote 1052 bytes
[m[0;32;32m1970-01-01 03:02:26.980|I|145916041|lpUCM [RemoteSails.cpp:HandleResponse:149] HandleResponse started, buffer size: 1048
[m[0;32;32m1970-01-01 03:02:26.980|I|145916041|lpUCM [RemoteSails.cpp:HandleResponse:158] Successfully deserialized response, status: 0, result code: 0
[m[0;32;31m1970-01-01 03:02:26.980|E|145916041|lpUCM [IpccProtoMessage.cpp:SerializeParams:112] m_offset, 710656
[m[1;33m1970-01-01 03:02:26.980|W|145916041|lpUCM [RemoteSails.cpp:SendWithRetry:185] Successfully wrote 1052 bytes
[m[0;32;32m1970-01-01 03:02:27.81|I|145916041|lpUCM [RemoteSails.cpp:HandleResponse:149] HandleResponse started, buffer size: 1048
[m[0;32;32m1970-01-01 03:02:27.81|I|145916041|lpUCM [RemoteSails.cpp:HandleResponse:158] Successfully deserialized response, status: 0, result code: 0
[m[0;32;31m1970-01-01 03:02:27.81|E|145916041|lpUCM [IpccProtoMessage.cpp:SerializeParams:112] m_offset, 711680
[m[1;33m1970-01-01 03:02:27.81|W|145916041|lpUCM [RemoteSails.cpp:SendWithRetry:185] Successfully wrote 1052 bytes
[m[0;32;32m1970-01-01 03:02:27.182|I|145916041|lpUCM [RemoteSails.cpp:HandleResponse:149] HandleResponse started, buffer size: 1048
[m[0;32;32m1970-01-01 03:02:27.182|I|145916041|lpUCM [RemoteSails.cpp:HandleResponse:158] Successfully deserialized response, status: 0, result code: 0
[m[0;32;31m1970-01-01 03:02:27.182|E|145916041|lpUCM [IpccProtoMessage.cpp:SerializeParams:112] m_offset, 712704
[m[1;33m1970-01-01 03:02:27.182|W|145916041|lpUCM [RemoteSails.cpp:SendWithRetry:185] Successfully wrote 1052 bytes
[m[0;32;32m1970-01-01 03:02:27.284|I|145916041|lpUCM [RemoteSails.cpp:HandleResponse:149] HandleResponse started, buffer size: 1048
[m[0;32;32m1970-01-01 03:02:27.284|I|145916041|lpUCM [RemoteSails.cpp:HandleResponse:158] Successfully deserialized response, status: 0, result code: 0
[m[0;32;31m1970-01-01 03:02:27.284|E|145916041|lpUCM [IpccProtoMessage.cpp:SerializeParams:112] m_offset, 713728
[m[1;33m1970-01-01 03:02:27.284|W|145916041|lpUCM [RemoteSails.cpp:SendWithRetry:185] Successfully wrote 1052 bytes
[m[0;32;32m1970-01-01 03:02:27.386|I|145916041|lpUCM [RemoteSails.cpp:HandleResponse:149] HandleResponse started, buffer size: 1048
[m[0;32;32m1970-01-01 03:02:27.386|I|145916041|lpUCM [RemoteSails.cpp:HandleResponse:158] Successfully deserialized response, status: 0, result code: 0
[m[0;32;31m1970-01-01 03:02:27.386|E|145916041|lpUCM [IpccProtoMessage.cpp:SerializeParams:112] m_offset, 714752
[m[1;33m1970-01-01 03:02:27.386|W|145916041|lpUCM [RemoteSails.cpp:SendWithRetry:185] Successfully wrote 1052 bytes
[m[0;32;32m1970-01-01 03:02:27.487|I|145916041|lpUCM [RemoteSails.cpp:HandleResponse:149] HandleResponse started, buffer size: 1048
[m[0;32;32m1970-01-01 03:02:27.487|I|145916041|lpUCM [RemoteSails.cpp:HandleResponse:158] Successfully deserialized response, status: 0, result code: 0
[m[0;32;31m1970-01-01 03:02:27.487|E|145916041|lpUCM [IpccProtoMessage.cpp:SerializeParams:112] m_offset, 715776
[m[1;33m1970-01-01 03:02:27.487|W|145916041|lpUCM [RemoteSails.cpp:SendWithRetry:185] Successfully wrote 1052 bytes
[m[0;32;32m1970-01-01 03:02:27.589|I|145916041|lpUCM [RemoteSails.cpp:HandleResponse:149] HandleResponse started, buffer size: 1048
[m[0;32;32m1970-01-01 03:02:27.589|I|145916041|lpUCM [RemoteSails.cpp:HandleResponse:158] Successfully deserialized response, status: 0, result code: 0
[m[0;32;31m1970-01-01 03:02:27.589|E|145916041|lpUCM [IpccProtoMessage.cpp:SerializeParams:112] m_offset, 716800
[m[1;33m1970-01-01 03:02:27.589|W|145916041|lpUCM [RemoteSails.cpp:SendWithRetry:185] Successfully wrote 1052 bytes
[m[0;32;32m1970-01-01 03:02:27.690|I|145916041|lpUCM [RemoteSails.cpp:HandleResponse:149] HandleResponse started, buffer size: 1048
[m[0;32;32m1970-01-01 03:02:27.690|I|145916041|lpUCM [RemoteSails.cpp:HandleResponse:158] Successfully deserialized response, status: 0, result code: 0
[m[0;32;31m1970-01-01 03:02:27.690|E|145916041|lpUCM [IpccProtoMessage.cpp:SerializeParams:112] m_offset, 717824
[m[1;33m1970-01-01 03:02:27.690|W|145916041|lpUCM [RemoteSails.cpp:SendWithRetry:185] Successfully wrote 1052 bytes
[m[0;32;32m1970-01-01 03:02:27.791|I|145916041|lpUCM [RemoteSails.cpp:HandleResponse:149] HandleResponse started, buffer size: 1048
[m[0;32;32m1970-01-01 03:02:27.791|I|145916041|lpUCM [RemoteSails.cpp:HandleResponse:158] Successfully deserialized response, status: 0, result code: 0
[m[0;32;31m1970-01-01 03:02:27.791|E|145916041|lpUCM [IpccProtoMessage.cpp:SerializeParams:112] m_offset, 718848
[m[1;33m1970-01-01 03:02:27.791|W|145916041|lpUCM [RemoteSails.cpp:SendWithRetry:185] Successfully wrote 1052 bytes
[m[0;32;32m1970-01-01 03:02:27.893|I|145916041|lpUCM [RemoteSails.cpp:HandleResponse:149] HandleResponse started, buffer size: 1048
[m[0;32;32m1970-01-01 03:02:27.893|I|145916041|lpUCM [RemoteSails.cpp:HandleResponse:158] Successfully deserialized response, status: 0, result code: 0
[m[0;32;31m1970-01-01 03:02:27.893|E|145916041|lpUCM [IpccProtoMessage.cpp:SerializeParams:112] m_offset, 719872
[m[1;33m1970-01-01 03:02:27.893|W|145916041|lpUCM [RemoteSails.cpp:SendWithRetry:185] Successfully wrote 1052 bytes
[m[0;32;32m1970-01-01 03:02:27.995|I|145916041|lpUCM [RemoteSails.cpp:HandleResponse:149] HandleResponse started, buffer size: 1048
[m[0;32;32m1970-01-01 03:02:27.995|I|145916041|lpUCM [RemoteSails.cpp:HandleResponse:158] Successfully deserialized response, status: 0, result code: 0
[m[0;32;32m1970-01-01 03:02:27.995|I|145916041|lpUCM [RemoteSails.cpp:SailWriteData:272] All data already trans size 16384
[m[0;32;32m1970-01-01 03:02:27.995|I|145916041|lpUCM [fds.cpp:FDS_OnLocalUpgProgress:246] total: 23, curr:23, percent:59, rop:98%
[m[0;32;32m1970-01-01 03:02:27.995|I|145916041|lpUCM [RemoteSails.cpp:SailWriteData:254] total data is 16384
[m[0;32;31m1970-01-01 03:02:27.995|E|145916041|lpUCM [IpccProtoMessage.cpp:SerializeParams:112] m_offset, 720896
[m[1;33m1970-01-01 03:02:27.995|W|145916041|lpUCM [RemoteSails.cpp:SendWithRetry:185] Successfully wrote 1052 bytes
[m[0;32;32m1970-01-01 03:02:28.96|I|145916041|lpUCM [RemoteSails.cpp:HandleResponse:149] HandleResponse started, buffer size: 1048
[m[0;32;32m1970-01-01 03:02:28.96|I|145916041|lpUCM [RemoteSails.cpp:HandleResponse:158] Successfully deserialized response, status: 0, result code: 0
[m[0;32;31m1970-01-01 03:02:28.96|E|145916041|lpUCM [IpccProtoMessage.cpp:SerializeParams:112] m_offset, 721920
[m[1;33m1970-01-01 03:02:28.96|W|145916041|lpUCM [RemoteSails.cpp:SendWithRetry:185] Successfully wrote 1052 bytes
[m[0;32;32m1970-01-01 03:02:28.198|I|145916041|lpUCM [RemoteSails.cpp:HandleResponse:149] HandleResponse started, buffer size: 1048
[m[0;32;32m1970-01-01 03:02:28.198|I|145916041|lpUCM [RemoteSails.cpp:HandleResponse:158] Successfully deserialized response, status: 0, result code: 0
[m[0;32;31m1970-01-01 03:02:28.198|E|145916041|lpUCM [IpccProtoMessage.cpp:SerializeParams:112] m_offset, 722944
[m[1;33m1970-01-01 03:02:28.198|W|145916041|lpUCM [RemoteSails.cpp:SendWithRetry:185] Successfully wrote 1052 bytes
[m[0;32;32m1970-01-01 03:02:28.299|I|145916041|lpUCM [RemoteSails.cpp:HandleResponse:149] HandleResponse started, buffer size: 1048
[m[0;32;32m1970-01-01 03:02:28.299|I|145916041|lpUCM [RemoteSails.cpp:HandleResponse:158] Successfully deserialized response, status: 0, result code: 0
[m[0;32;31m1970-01-01 03:02:28.299|E|145916041|lpUCM [IpccProtoMessage.cpp:SerializeParams:112] m_offset, 723968
[m[1;33m1970-01-01 03:02:28.299|W|145916041|lpUCM [RemoteSails.cpp:SendWithRetry:185] Successfully wrote 1052 bytes
[m[0;32;32m1970-01-01 03:02:28.401|I|145916041|lpUCM [RemoteSails.cpp:HandleResponse:149] HandleResponse started, buffer size: 1048
[m[0;32;32m1970-01-01 03:02:28.401|I|145916041|lpUCM [RemoteSails.cpp:HandleResponse:158] Successfully deserialized response, status: 0, result code: 0
[m[0;32;31m1970-01-01 03:02:28.401|E|145916041|lpUCM [IpccProtoMessage.cpp:SerializeParams:112] m_offset, 724992
[m[1;33m1970-01-01 03:02:28.401|W|145916041|lpUCM [RemoteSails.cpp:SendWithRetry:185] Successfully wrote 1052 bytes
[m[0;32;32m1970-01-01 03:02:28.502|I|145916041|lpUCM [RemoteSails.cpp:HandleResponse:149] HandleResponse started, buffer size: 1048
[m[0;32;32m1970-01-01 03:02:28.502|I|145916041|lpUCM [RemoteSails.cpp:HandleResponse:158] Successfully deserialized response, status: 0, result code: 0
[m[0;32;31m1970-01-01 03:02:28.502|E|145916041|lpUCM [IpccProtoMessage.cpp:SerializeParams:112] m_offset, 726016
[m[1;33m1970-01-01 03:02:28.502|W|145916041|lpUCM [RemoteSails.cpp:SendWithRetry:185] Successfully wrote 1052 bytes
[m[0;32;32m1970-01-01 03:02:28.604|I|145916041|lpUCM [RemoteSails.cpp:HandleResponse:149] HandleResponse started, buffer size: 1048
[m[0;32;32m1970-01-01 03:02:28.604|I|145916041|lpUCM [RemoteSails.cpp:HandleResponse:158] Successfully deserialized response, status: 0, result code: 0
[m[0;32;31m1970-01-01 03:02:28.604|E|145916041|lpUCM [IpccProtoMessage.cpp:SerializeParams:112] m_offset, 727040
[m[1;33m1970-01-01 03:02:28.604|W|145916041|lpUCM [RemoteSails.cpp:SendWithRetry:185] Successfully wrote 1052 bytes
[m[0;32;32m1970-01-01 03:02:28.705|I|145916041|lpUCM [RemoteSails.cpp:HandleResponse:149] HandleResponse started, buffer size: 1048
[m[0;32;32m1970-01-01 03:02:28.705|I|145916041|lpUCM [RemoteSails.cpp:HandleResponse:158] Successfully deserialized response, status: 0, result code: 0
[m[0;32;31m1970-01-01 03:02:28.705|E|145916041|lpUCM [IpccProtoMessage.cpp:SerializeParams:112] m_offset, 728064
[m[1;33m1970-01-01 03:02:28.705|W|145916041|lpUCM [RemoteSails.cpp:SendWithRetry:185] Successfully wrote 1052 bytes
[m[0;32;32m1970-01-01 03:02:28.806|I|145916041|lpUCM [RemoteSails.cpp:HandleResponse:149] HandleResponse started, buffer size: 1048
[m[0;32;32m1970-01-01 03:02:28.806|I|145916041|lpUCM [RemoteSails.cpp:HandleResponse:158] Successfully deserialized response, status: 0, result code: 0
[m[0;32;31m1970-01-01 03:02:28.806|E|145916041|lpUCM [IpccProtoMessage.cpp:SerializeParams:112] m_offset, 729088
[m[1;33m1970-01-01 03:02:28.806|W|145916041|lpUCM [RemoteSails.cpp:SendWithRetry:185] Successfully wrote 1052 bytes
[m[0;32;32m1970-01-01 03:02:28.908|I|145916041|lpUCM [RemoteSails.cpp:HandleResponse:149] HandleResponse started, buffer size: 1048
[m[0;32;32m1970-01-01 03:02:28.908|I|145916041|lpUCM [RemoteSails.cpp:HandleResponse:158] Successfully deserialized response, status: 0, result code: 0
[m[0;32;31m1970-01-01 03:02:28.908|E|145916041|lpUCM [IpccProtoMessage.cpp:SerializeParams:112] m_offset, 730112
[m[1;33m1970-01-01 03:02:28.908|W|145916041|lpUCM [RemoteSails.cpp:SendWithRetry:185] Successfully wrote 1052 bytes
[m[0;32;32m1970-01-01 03:02:29.10|I|145916041|lpUCM [RemoteSails.cpp:HandleResponse:149] HandleResponse started, buffer size: 1048
[m[0;32;32m1970-01-01 03:02:29.10|I|145916041|lpUCM [RemoteSails.cpp:HandleResponse:158] Successfully deserialized response, status: 0, result code: 0
[m[0;32;31m1970-01-01 03:02:29.10|E|145916041|lpUCM [IpccProtoMessage.cpp:SerializeParams:112] m_offset, 731136
[m[1;33m1970-01-01 03:02:29.10|W|145916041|lpUCM [RemoteSails.cpp:SendWithRetry:185] Successfully wrote 1052 bytes
[m[0;32;32m1970-01-01 03:02:29.112|I|145916041|lpUCM [RemoteSails.cpp:HandleResponse:149] HandleResponse started, buffer size: 1048
[m[0;32;32m1970-01-01 03:02:29.112|I|145916041|lpUCM [RemoteSails.cpp:HandleResponse:158] Successfully deserialized response, status: 0, result code: 0
[m[0;32;31m1970-01-01 03:02:29.112|E|145916041|lpUCM [IpccProtoMessage.cpp:SerializeParams:112] m_offset, 732160
[m[1;33m1970-01-01 03:02:29.112|W|145916041|lpUCM [RemoteSails.cpp:SendWithRetry:185] Successfully wrote 1052 bytes
[m[0;32;32m1970-01-01 03:02:29.213|I|145916041|lpUCM [RemoteSails.cpp:HandleResponse:149] HandleResponse started, buffer size: 1048
[m[0;32;32m1970-01-01 03:02:29.213|I|145916041|lpUCM [RemoteSails.cpp:HandleResponse:158] Successfully deserialized response, status: 0, result code: 0
[m[0;32;31m1970-01-01 03:02:29.213|E|145916041|lpUCM [IpccProtoMessage.cpp:SerializeParams:112] m_offset, 733184
[m[1;33m1970-01-01 03:02:29.213|W|145916041|lpUCM [RemoteSails.cpp:SendWithRetry:185] Successfully wrote 1052 bytes
[m[0;32;32m1970-01-01 03:02:29.315|I|145916041|lpUCM [RemoteSails.cpp:HandleResponse:149] HandleResponse started, buffer size: 1048
[m[0;32;32m1970-01-01 03:02:29.315|I|145916041|lpUCM [RemoteSails.cpp:HandleResponse:158] Successfully deserialized response, status: 0, result code: 0
[m[0;32;31m1970-01-01 03:02:29.315|E|145916041|lpUCM [IpccProtoMessage.cpp:SerializeParams:112] m_offset, 734208
[m[1;33m1970-01-01 03:02:29.315|W|145916041|lpUCM [RemoteSails.cpp:SendWithRetry:185] Successfully wrote 1052 bytes
[m[0;32;32m1970-01-01 03:02:29.416|I|145916041|lpUCM [RemoteSails.cpp:HandleResponse:149] HandleResponse started, buffer size: 1048
[m[0;32;32m1970-01-01 03:02:29.416|I|145916041|lpUCM [RemoteSails.cpp:HandleResponse:158] Successfully deserialized response, status: 0, result code: 0
[m[0;32;31m1970-01-01 03:02:29.416|E|145916041|lpUCM [IpccProtoMessage.cpp:SerializeParams:112] m_offset, 735232
[m[1;33m1970-01-01 03:02:29.416|W|145916041|lpUCM [RemoteSails.cpp:SendWithRetry:185] Successfully wrote 1052 bytes
[m[0;32;32m1970-01-01 03:02:29.517|I|145916041|lpUCM [RemoteSails.cpp:HandleResponse:149] HandleResponse started, buffer size: 1048
[m[0;32;32m1970-01-01 03:02:29.517|I|145916041|lpUCM [RemoteSails.cpp:HandleResponse:158] Successfully deserialized response, status: 0, result code: 0
[m[0;32;31m1970-01-01 03:02:29.517|E|145916041|lpUCM [IpccProtoMessage.cpp:SerializeParams:112] m_offset, 736256
[m[1;33m1970-01-01 03:02:29.517|W|145916041|lpUCM [RemoteSails.cpp:SendWithRetry:185] Successfully wrote 1052 bytes
[m[0;32;32m1970-01-01 03:02:29.618|I|145916041|lpUCM [RemoteSails.cpp:HandleResponse:149] HandleResponse started, buffer size: 1048
[m[0;32;32m1970-01-01 03:02:29.618|I|145916041|lpUCM [RemoteSails.cpp:HandleResponse:158] Successfully deserialized response, status: 0, result code: 0
[m[0;32;32m1970-01-01 03:02:29.618|I|145916041|lpUCM [RemoteSails.cpp:SailWriteData:272] All data already trans size 16384
[m[0;32;32m1970-01-01 03:02:29.618|I|145916041|lpUCM [fds.cpp:FDS_OnLocalUpgProgress:246] total: 23, curr:23, percent:60, rop:98%
[m[0;32;32m1970-01-01 03:02:29.618|I|145916041|lpUCM [RemoteSails.cpp:SailWriteData:254] total data is 16384
[m[0;32;31m1970-01-01 03:02:29.618|E|145916041|lpUCM [IpccProtoMessage.cpp:SerializeParams:112] m_offset, 737280
[m[1;33m1970-01-01 03:02:29.618|W|145916041|lpUCM [RemoteSails.cpp:SendWithRetry:185] Successfully wrote 1052 bytes
[m[0;32;32m1970-01-01 03:02:29.720|I|145916041|lpUCM [RemoteSails.cpp:HandleResponse:149] HandleResponse started, buffer size: 1048
[m[0;32;32m1970-01-01 03:02:29.720|I|145916041|lpUCM [RemoteSails.cpp:HandleResponse:158] Successfully deserialized response, status: 0, result code: 0
[m[0;32;31m1970-01-01 03:02:29.720|E|145916041|lpUCM [IpccProtoMessage.cpp:SerializeParams:112] m_offset, 738304
[m[1;33m1970-01-01 03:02:29.720|W|145916041|lpUCM [RemoteSails.cpp:SendWithRetry:185] Successfully wrote 1052 bytes
[m[0;32;32m1970-01-01 03:02:29.821|I|145916041|lpUCM [RemoteSails.cpp:HandleResponse:149] HandleResponse started, buffer size: 1048
[m[0;32;32m1970-01-01 03:02:29.821|I|145916041|lpUCM [RemoteSails.cpp:HandleResponse:158] Successfully deserialized response, status: 0, result code: 0
[m[0;32;31m1970-01-01 03:02:29.821|E|145916041|lpUCM [IpccProtoMessage.cpp:SerializeParams:112] m_offset, 739328
[m[1;33m1970-01-01 03:02:29.821|W|145916041|lpUCM [RemoteSails.cpp:SendWithRetry:185] Successfully wrote 1052 bytes
[m[0;32;32m1970-01-01 03:02:29.923|I|145916041|lpUCM [RemoteSails.cpp:HandleResponse:149] HandleResponse started, buffer size: 1048
[m[0;32;32m1970-01-01 03:02:29.923|I|145916041|lpUCM [RemoteSails.cpp:HandleResponse:158] Successfully deserialized response, status: 0, result code: 0
[m[0;32;31m1970-01-01 03:02:29.923|E|145916041|lpUCM [IpccProtoMessage.cpp:SerializeParams:112] m_offset, 740352
[m[1;33m1970-01-01 03:02:29.923|W|145916041|lpUCM [RemoteSails.cpp:SendWithRetry:185] Successfully wrote 1052 bytes
[m[0;32;32m1970-01-01 03:02:30.25|I|145916041|lpUCM [RemoteSails.cpp:HandleResponse:149] HandleResponse started, buffer size: 1048
[m[0;32;32m1970-01-01 03:02:30.25|I|145916041|lpUCM [RemoteSails.cpp:HandleResponse:158] Successfully deserialized response, status: 0, result code: 0
[m[0;32;31m1970-01-01 03:02:30.25|E|145916041|lpUCM [IpccProtoMessage.cpp:SerializeParams:112] m_offset, 741376
[m[1;33m1970-01-01 03:02:30.26|W|145916041|lpUCM [RemoteSails.cpp:SendWithRetry:185] Successfully wrote 1052 bytes
[m[0;32;32m1970-01-01 03:02:30.127|I|145916041|lpUCM [RemoteSails.cpp:HandleResponse:149] HandleResponse started, buffer size: 1048
[m[0;32;32m1970-01-01 03:02:30.127|I|145916041|lpUCM [RemoteSails.cpp:HandleResponse:158] Successfully deserialized response, status: 0, result code: 0
[m[0;32;31m1970-01-01 03:02:30.127|E|145916041|lpUCM [IpccProtoMessage.cpp:SerializeParams:112] m_offset, 742400
[m[1;33m1970-01-01 03:02:30.127|W|145916041|lpUCM [RemoteSails.cpp:SendWithRetry:185] Successfully wrote 1052 bytes
[m[0;32;32m1970-01-01 03:02:30.228|I|145916041|lpUCM [RemoteSails.cpp:HandleResponse:149] HandleResponse started, buffer size: 1048
[m[0;32;32m1970-01-01 03:02:30.228|I|145916041|lpUCM [RemoteSails.cpp:HandleResponse:158] Successfully deserialized response, status: 0, result code: 0
[m[0;32;31m1970-01-01 03:02:30.228|E|145916041|lpUCM [IpccProtoMessage.cpp:SerializeParams:112] m_offset, 743424
[m[1;33m1970-01-01 03:02:30.228|W|145916041|lpUCM [RemoteSails.cpp:SendWithRetry:185] Successfully wrote 1052 bytes
[m[0;32;32m1970-01-01 03:02:30.330|I|145916041|lpUCM [RemoteSails.cpp:HandleResponse:149] HandleResponse started, buffer size: 1048
[m[0;32;32m1970-01-01 03:02:30.330|I|145916041|lpUCM [RemoteSails.cpp:HandleResponse:158] Successfully deserialized response, status: 0, result code: 0
[m[0;32;31m1970-01-01 03:02:30.330|E|145916041|lpUCM [IpccProtoMessage.cpp:SerializeParams:112] m_offset, 744448
[m[1;33m1970-01-01 03:02:30.330|W|145916041|lpUCM [RemoteSails.cpp:SendWithRetry:185] Successfully wrote 1052 bytes
[m[0;32;32m1970-01-01 03:02:30.431|I|145916041|lpUCM [RemoteSails.cpp:HandleResponse:149] HandleResponse started, buffer size: 1048
[m[0;32;32m1970-01-01 03:02:30.431|I|145916041|lpUCM [RemoteSails.cpp:HandleResponse:158] Successfully deserialized response, status: 0, result code: 0
[m[0;32;31m1970-01-01 03:02:30.431|E|145916041|lpUCM [IpccProtoMessage.cpp:SerializeParams:112] m_offset, 745472
[m[1;33m1970-01-01 03:02:30.431|W|145916041|lpUCM [RemoteSails.cpp:SendWithRetry:185] Successfully wrote 1052 bytes
[m[0;32;32m1970-01-01 03:02:30.533|I|145916041|lpUCM [RemoteSails.cpp:HandleResponse:149] HandleResponse started, buffer size: 1048
[m[0;32;32m1970-01-01 03:02:30.533|I|145916041|lpUCM [RemoteSails.cpp:HandleResponse:158] Successfully deserialized response, status: 0, result code: 0
[m[0;32;31m1970-01-01 03:02:30.533|E|145916041|lpUCM [IpccProtoMessage.cpp:SerializeParams:112] m_offset, 746496
[m[1;33m1970-01-01 03:02:30.533|W|145916041|lpUCM [RemoteSails.cpp:SendWithRetry:185] Successfully wrote 1052 bytes
[m[0;32;32m1970-01-01 03:02:30.634|I|145916041|lpUCM [RemoteSails.cpp:HandleResponse:149] HandleResponse started, buffer size: 1048
[m[0;32;32m1970-01-01 03:02:30.634|I|145916041|lpUCM [RemoteSails.cpp:HandleResponse:158] Successfully deserialized response, status: 0, result code: 0
[m[0;32;31m1970-01-01 03:02:30.634|E|145916041|lpUCM [IpccProtoMessage.cpp:SerializeParams:112] m_offset, 747520
[m[1;33m1970-01-01 03:02:30.634|W|145916041|lpUCM [RemoteSails.cpp:SendWithRetry:185] Successfully wrote 1052 bytes
[m[0;32;32m1970-01-01 03:02:30.736|I|145916041|lpUCM [RemoteSails.cpp:HandleResponse:149] HandleResponse started, buffer size: 1048
[m[0;32;32m1970-01-01 03:02:30.736|I|145916041|lpUCM [RemoteSails.cpp:HandleResponse:158] Successfully deserialized response, status: 0, result code: 0
[m[0;32;31m1970-01-01 03:02:30.736|E|145916041|lpUCM [IpccProtoMessage.cpp:SerializeParams:112] m_offset, 748544
[m[1;33m1970-01-01 03:02:30.736|W|145916041|lpUCM [RemoteSails.cpp:SendWithRetry:185] Successfully wrote 1052 bytes
[m[0;32;32m1970-01-01 03:02:30.837|I|145916041|lpUCM [RemoteSails.cpp:HandleResponse:149] HandleResponse started, buffer size: 1048
[m[0;32;32m1970-01-01 03:02:30.837|I|145916041|lpUCM [RemoteSails.cpp:HandleResponse:158] Successfully deserialized response, status: 0, result code: 0
[m[0;32;31m1970-01-01 03:02:30.837|E|145916041|lpUCM [IpccProtoMessage.cpp:SerializeParams:112] m_offset, 749568
[m[1;33m1970-01-01 03:02:30.837|W|145916041|lpUCM [RemoteSails.cpp:SendWithRetry:185] Successfully wrote 1052 bytes
[m[0;32;32m1970-01-01 03:02:30.939|I|145916041|lpUCM [RemoteSails.cpp:HandleResponse:149] HandleResponse started, buffer size: 1048
[m[0;32;32m1970-01-01 03:02:30.939|I|145916041|lpUCM [RemoteSails.cpp:HandleResponse:158] Successfully deserialized response, status: 0, result code: 0
[m[0;32;31m1970-01-01 03:02:30.939|E|145916041|lpUCM [IpccProtoMessage.cpp:SerializeParams:112] m_offset, 750592
[m[1;33m1970-01-01 03:02:30.939|W|145916041|lpUCM [RemoteSails.cpp:SendWithRetry:185] Successfully wrote 1052 bytes
[m[0;32;32m1970-01-01 03:02:31.40|I|145916041|lpUCM [RemoteSails.cpp:HandleResponse:149] HandleResponse started, buffer size: 1048
[m[0;32;32m1970-01-01 03:02:31.40|I|145916041|lpUCM [RemoteSails.cpp:HandleResponse:158] Successfully deserialized response, status: 0, result code: 0
[m[0;32;31m1970-01-01 03:02:31.40|E|145916041|lpUCM [IpccProtoMessage.cpp:SerializeParams:112] m_offset, 751616
[m[1;33m1970-01-01 03:02:31.40|W|145916041|lpUCM [RemoteSails.cpp:SendWithRetry:185] Successfully wrote 1052 bytes
[m[0;32;32m1970-01-01 03:02:31.141|I|145916041|lpUCM [RemoteSails.cpp:HandleResponse:149] HandleResponse started, buffer size: 1048
[m[0;32;32m1970-01-01 03:02:31.141|I|145916041|lpUCM [RemoteSails.cpp:HandleResponse:158] Successfully deserialized response, status: 0, result code: 0
[m[0;32;31m1970-01-01 03:02:31.141|E|145916041|lpUCM [IpccProtoMessage.cpp:SerializeParams:112] m_offset, 752640
[m[1;33m1970-01-01 03:02:31.141|W|145916041|lpUCM [RemoteSails.cpp:SendWithRetry:185] Successfully wrote 1052 bytes
[m[0;32;32m1970-01-01 03:02:31.243|I|145916041|lpUCM [RemoteSails.cpp:HandleResponse:149] HandleResponse started, buffer size: 1048
[m[0;32;32m1970-01-01 03:02:31.243|I|145916041|lpUCM [RemoteSails.cpp:HandleResponse:158] Successfully deserialized response, status: 0, result code: 0
[m[0;32;32m1970-01-01 03:02:31.243|I|145916041|lpUCM [RemoteSails.cpp:SailWriteData:272] All data already trans size 16384
[m[0;32;32m1970-01-01 03:02:31.243|I|145916041|lpUCM [fds.cpp:FDS_OnLocalUpgProgress:246] total: 23, curr:23, percent:61, rop:98%
[m[0;32;32m1970-01-01 03:02:31.243|I|145916041|lpUCM [RemoteSails.cpp:SailWriteData:254] total data is 1344
[m[0;32;31m1970-01-01 03:02:31.243|E|145916041|lpUCM [IpccProtoMessage.cpp:SerializeParams:112] m_offset, 753664
[m[1;33m1970-01-01 03:02:31.243|W|145916041|lpUCM [RemoteSails.cpp:SendWithRetry:185] Successfully wrote 1052 bytes
[m[0;32;32m1970-01-01 03:02:31.344|I|145916041|lpUCM [RemoteSails.cpp:HandleResponse:149] HandleResponse started, buffer size: 1048
[m[0;32;32m1970-01-01 03:02:31.344|I|145916041|lpUCM [RemoteSails.cpp:HandleResponse:158] Successfully deserialized response, status: 0, result code: 0
[m[0;32;31m1970-01-01 03:02:31.344|E|145916041|lpUCM [IpccProtoMessage.cpp:SerializeParams:112] m_offset, 754688
[m[1;33m1970-01-01 03:02:31.344|W|145916041|lpUCM [RemoteSails.cpp:SendWithRetry:185] Successfully wrote 348 bytes
[m[0;32;32m1970-01-01 03:02:31.445|I|145916041|lpUCM [RemoteSails.cpp:HandleResponse:149] HandleResponse started, buffer size: 1048
[m[0;32;32m1970-01-01 03:02:31.445|I|145916041|lpUCM [RemoteSails.cpp:HandleResponse:158] Successfully deserialized response, status: 0, result code: 0
[m[0;32;32m1970-01-01 03:02:31.445|I|145916041|lpUCM [RemoteSails.cpp:SailWriteData:272] All data already trans size 2048
[m[0;32;32m1970-01-01 03:02:31.445|I|145916041|lpUCM [fds.cpp:FDS_OnLocalUpgProgress:246] total: 23, curr:23, percent:62, rop:98%
[m[0;32;31m1970-01-01 03:02:31.445|E|145916041|lpUCM [RemoteSails.cpp:FDS_idhSail:324] SailWriteData Crc32Final hadl.m_crc32Ctx.crc is 0x7EB44A18, hadl.GetFileCrc() is 0x7EB44A18
[m[0;32;32m1970-01-01 03:02:31.445|I|145916041|lpUCM [fds.cpp:FDS_OnLocalUpgProgress:246] total: 23, curr:23, percent:75, rop:98%
[m[1;33m1970-01-01 03:02:31.445|W|145916041|lpUCM [RemoteSails.cpp:FDS_idhSail:332] EndRCoreUpgrade
[m[1;33m1970-01-01 03:02:31.445|W|145916041|lpUCM [RemoteSails.cpp:SendWithRetry:185] Successfully wrote 24 bytes
[m[0;32;32m1970-01-01 03:02:31.648|I|145916041|lpUCM [RemoteSails.cpp:HandleResponse:149] HandleResponse started, buffer size: 1048
[m[0;32;32m1970-01-01 03:02:31.648|I|145916041|lpUCM [RemoteSails.cpp:HandleResponse:158] Successfully deserialized response, status: 0, result code: 0
[m[0;32;32m1970-01-01 03:02:31.648|I|145916041|lpUCM [RemoteSails.cpp:FDS_idhSail:340] FDS_idhSailHyp ok
[m[0;32;32m1970-01-01 03:02:31.648|I|145916041|lpUCM [fds.cpp:FDS_OnLocalUpgProgress:246] total: 23, curr:23, percent:100, rop:100%
[m[1;33m1970-01-01 03:02:31.648|W|145916041|lpUCM [scm.c:FDS_scmDeployImages:443] deploy [23st] success:sailhyp.elf
[m[0;32;32m1970-01-01 03:02:31.648|I|145916041|lpUCM [fds.cpp:FDS_OnLocalUpgProgress:246] total: 23, curr:24, percent:0, rop:100%
[m[1;33m1970-01-01 03:02:31.648|W|145916041|lpUCM [scm.c:FDS_scmOnHandleFile:969] upgMode: 0, switchAB:1,
[m[0;32;32m1970-01-01 03:02:31.648|I|145916041|lpUCM [bootChain.c:FDS_bcGetMode:78] current bank is 0
[m[1;33m1970-01-01 03:02:31.648|W|145916041|lpUCM [RemoteSails.cpp:SendWithRetry:185] Successfully wrote 24 bytes
[m[0;32;32m1970-01-01 03:02:32.54|I|145916041|lpUCM [RemoteSails.cpp:HandleResponse:149] HandleResponse started, buffer size: 1048
[m[0;32;32m1970-01-01 03:02:32.54|I|145916041|lpUCM [RemoteSails.cpp:HandleResponse:158] Successfully deserialized response, status: 0, result code: 0
[m[0;32;32m1970-01-01 03:02:32.65|I|145916041|lpUCM IpcKeyValueClient construct
[m[1;33m1970-01-01 03:02:32.65|W|145916041|lpUCM IpcClientChannel open suc, retries: 0 
[m[0;32;32m1970-01-01 03:02:32.65|I|145916041|lpUCM IpcKeyValueClient::init ipcclient suc
[m[0;32;32m1970-01-01 03:02:32.65|I|145916041|lpUCM DbKeyValueStorage construct.
[m[0;32;32m1970-01-01 03:02:32.65|I|145916041|lpUCM DbKeyValueStorage::Init filename:/opt/data/config/appData.db, filebackname:/opt/data/config/appData.dbbak
[m[0;32;31m1970-01-01 03:02:32.68|E|145916041|lpUCM getvalue uselast sqlite3_step err:101
[m[0;32;31m1970-01-01 03:02:32.68|E|145916041|lpUCM getvalue uselast sqlite3_step err:101
[m[0;32;32m1970-01-01 03:02:32.68|I|145916041|lpUCM db backup thread begin.
[m[0;32;32m1970-01-01 03:02:32.68|I|145916041|lpUCM DbKeyValueStorage init succ.
[m[0;32;32m1970-01-01 03:02:32.69|I|145916041|lpUCM PER_storageCreate create success
[m[1;33m1970-01-01 03:02:32.70|W|145916041|lpUCM [upa.c:FDS_upaWriteVersion:104] last version info: version: 1.00.000, date : 20251220.
[m[0;32;32m1970-01-01 03:02:32.71|I|145916041|lpUCM [strUtil.cpp:FDS_strToBCD:290] Get date: 197011
[m[1;33m1970-01-01 03:02:32.71|W|145916041|lpUCM [upa.c:FDS_upaWriteVersion:120] new version info: version: 1.02.0014F, date:197011.
[m[1;33m1970-01-01 03:02:32.71|W|2207750|lpPer DbAdapter::SetValue setvalue key: EOL_CARFACTORY_ECU_SOFTWARE_VERSION, value: 0x31 2e 30 32 2e 30 30 31 34 46 , authority: lpUCM
[m[1;33m1970-01-01 03:02:32.72|W|145916041|lpUCM [upa.c:FDS_upaWriteVersion:131] new version info:1.02.0014F date : 197011, has been successfully updated.
[m[1;33m1970-01-01 03:02:32.72|W|2207750|lpPer DbAdapter::SetValue setvalue key: EOL_SUPPLIER_ECU_SOFTWARE_VERSION, value: 0x31 2e 30 32 2e 30 30 31 34 46 , authority: lpUCM
[m[1;33m1970-01-01 03:02:32.73|W|2207750|lpPer DbAdapter::SetValue setvalue key: EOL_PROGRAMMING_DATA, value: 0x19 70 01 01 , authority: lpUCM
[m[0;32;32m1970-01-01 03:02:32.75|I|145916041|lpUCM [upa.c:FDS_upaWriteVersion:166] programTimes 20
[m[1;33m1970-01-01 03:02:32.75|W|2207750|lpPer DbAdapter::SetValue setvalue key: EOL_PROGRAMMING_TIMES, value: 0x14 00 , authority: lpUCM