Could not chdir to home directory /root: No such file or directory
[m[0;32;32m2025-12-20 10:48:40.382|I|2228344|lpHids [idslib] [module_process] 0013 --- abnormal_proc_alarm_callback >>> [info] debug>>process alarm [/ifs/bin/grep UCM]
[m[1;33m2025-12-20 10:48:42.168|W|805740677|lpUCM [fds.cpp:FDS_printVerInfo:66] Compiled on: Dec 14 2025 at 08:20:30
[m[1;33m2025-12-20 10:48:42.168|W|805740677|lpUCM [fds.cpp:FDS_printVerInfo:68] ********************VERSION*******************
[m[1;33m2025-12-20 10:48:42.168|W|805740677|lpUCM [fds.cpp:FDS_printVerInfo:69] Branch     : 
[m[1;33m2025-12-20 10:48:42.168|W|805740677|lpUCM [fds.cpp:FDS_printVerInfo:70] Commit Hash: 411de96ef3abeecd7d723a680d3d8a6518ab7531
[m[1;33m2025-12-20 10:48:42.168|W|805740677|lpUCM [fds.cpp:FDS_printVerInfo:71] Commit Time: 2025-12-11 15:50:30 +0800
[m[1;33m2025-12-20 10:48:42.168|W|805740677|lpUCM [fds.cpp:FDS_printVerInfo:72] **********************************************
[m[0;32;32m2025-12-20 10:48:42.168|I|805740677|lpUCM [8650_handler.c:FDS_idhGetDescTable:44] descTable is 100be9a0, g_idhTbl is 1011f0e0, size = 5
[m[0;32;32m2025-12-20 10:48:42.176|I|805740677|lpUCM [fds.cpp:main:101] start upgrade by local file: /opt/data/fota/LP-ADDC050-AA_V3.11.25_D_20251125.icsw
[m[0;32;32m2025-12-20 10:48:42.176|I|805740677|lpUCM [upa.c:FDS_upaSetSilenceMode:236] FDS_upaSetSilenceMode
[m[0;32;32m2025-12-20 10:48:42.176|I|805740677|lpUCM IpcKeyValueClient construct
[m[1;33m2025-12-20 10:48:42.187|W|805740677|lpUCM IpcClientChannel open suc, retries: 0 
[m[0;32;32m2025-12-20 10:48:42.187|I|805740677|lpUCM IpcKeyValueClient::init ipcclient suc
[m[0;32;32m2025-12-20 10:48:42.189|I|805740677|lpUCM PER_storageCreate create success
[m[1;33m2025-12-20 10:48:42.189|W|2166853|lpPer DbAdapter::SetValue setvalue key: CAL_NOFEELUP_VALIDFLAG, value: 0x00 , authority: lpUCM
[m[0;32;32m2025-12-20 10:48:42.191|I|805740677|lpUCM IpcKeyValueClient deconstruct
[m[0;32;32m2025-12-20 10:48:42.191|I|805740677|lpUCM PerClient deconstruct
[m[0;32;32m2025-12-20 10:48:42.192|I|805740677|lpUCM [file.c:FDS_fileMkDir:274] Directory /opt/data/fota/ already exists
[m[0;32;31m2025-12-20 10:48:42.194|E|805740677|lpUCM [img.c:FDS_imgGetVal:37] [scripts] FDS_cfgGetSubNodeByName fail 
[m[1;33m2025-12-20 10:48:42.194|W|805740677|lpUCM [dum.c:FDS_dumConvertSwtchAB:151] STUB !!!
[m[0;32;32m2025-12-20 10:48:42.194|I|805740677|lpUCM [scm.c:FDS_scmOnHandleFile:926] offset:7376
[m[1;33m2025-12-20 10:48:42.194|W|805740677|lpUCM [dum.c:FDS_dumGetProduct:98] STUB !!!
[m[1;33m2025-12-20 10:48:42.194|W|805740677|lpUCM [dum.c:FDS_dumGetProduct:141] product:LP-ADDC050-AA
[m[0;32;32m2025-12-20 10:48:42.194|I|805740677|lpUCM IpcKeyValueClient construct
[m[1;33m2025-12-20 10:48:42.194|W|805740677|lpUCM IpcClientChannel open suc, retries: 0 
[m[0;32;32m2025-12-20 10:48:42.194|I|805740677|lpUCM IpcKeyValueClient::init ipcclient suc
[m[0;32;32m2025-12-20 10:48:42.195|I|805740677|lpUCM PER_storageCreate create success
[m[0;32;32m2025-12-20 10:48:42.195|I|805740677|lpUCM [upa.c:FDS_upaCmpSwVersion:51] FDS_upaCmpSwVersion throuth pia 1.01.0072
[m[1;33m2025-12-20 10:48:42.195|W|805740677|lpUCM [upa.c:FDS_upaCmpSwVersion:64] packect_version 3.11.25 curversion 1.01.0072 
[m[0;32;32m2025-12-20 10:48:42.195|I|805740677|lpUCM IpcKeyValueClient deconstruct
[m[0;32;32m2025-12-20 10:48:42.195|I|805740677|lpUCM PerClient deconstruct
[m[0;32;32m2025-12-20 10:48:42.196|I|805740677|lpUCM [csm.c:FDS_csmX509ParseValueLength:397] first:0x82, bytes:2, length:0x3b5
[m[0;32;32m2025-12-20 10:48:42.196|I|805740677|lpUCM [csm.c:FDS_csmX509ParseBreadth:462] [0] T:0x30, L:0x3b5, V:11185254
[m[0;32;32m2025-12-20 10:48:42.196|I|805740677|lpUCM [csm.c:FDS_csmX509ParseValueLength:397] first:0x82, bytes:2, length:0x29d
[m[0;32;32m2025-12-20 10:48:42.196|I|805740677|lpUCM [csm.c:FDS_csmX509ParseValueLength:397] first:0x82, bytes:2, length:0x101
[m[0;32;32m2025-12-20 10:48:42.196|I|805740677|lpUCM [csm.c:FDS_csmX509ParseBreadth:462] [0] T:0x30, L:0x29d, V:11185258
[m[0;32;32m2025-12-20 10:48:42.196|I|805740677|lpUCM [csm.c:FDS_csmX509ParseBreadth:462] [1] T:0x30, L:0xd, V:111854f7
[m[0;32;32m2025-12-20 10:48:42.196|I|805740677|lpUCM [csm.c:FDS_csmX509ParseBreadth:462] [2] T:0x03, L:0x101, V:11185508
[m[0;32;32m2025-12-20 10:48:42.196|I|805740677|lpUCM [csm.c:FDS_csmX509ParseValueLength:397] first:0x81, bytes:1, length:0x93
[m[0;32;32m2025-12-20 10:48:42.196|I|805740677|lpUCM [csm.c:FDS_csmX509ParseValueLength:397] first:0x82, bytes:2, length:0x122
[m[0;32;32m2025-12-20 10:48:42.196|I|805740677|lpUCM [csm.c:FDS_csmX509ParseBreadth:462] [0] T:0xa0, L:0x3, V:1118525a
[m[0;32;32m2025-12-20 10:48:42.196|I|805740677|lpUCM [csm.c:FDS_csmX509ParseBreadth:462] [1] T:0x02, L:0x6, V:1118525f
[m[0;32;32m2025-12-20 10:48:42.196|I|805740677|lpUCM [csm.c:FDS_csmX509ParseBreadth:462] [2] T:0x30, L:0xd, V:11185267
[m[0;32;32m2025-12-20 10:48:42.196|I|805740677|lpUCM [csm.c:FDS_csmX509ParseBreadth:462] [3] T:0x30, L:0x6f, V:11185276
[m[0;32;32m2025-12-20 10:48:42.196|I|805740677|lpUCM [csm.c:FDS_csmX509ParseBreadth:462] [4] T:0x30, L:0x1e, V:111852e7
[m[0;32;32m2025-12-20 10:48:42.196|I|805740677|lpUCM [csm.c:FDS_csmX509ParseBreadth:462] [5] T:0x30, L:0x93, V:11185308
[m[0;32;32m2025-12-20 10:48:42.196|I|805740677|lpUCM [csm.c:FDS_csmX509ParseBreadth:462] [6] T:0x30, L:0x122, V:1118539f
[m[0;32;32m2025-12-20 10:48:42.196|I|805740677|lpUCM [verify.c:FDS_verifyX509Certificate:155] signature length:51
[m[0;32;32m2025-12-20 10:48:42.196|I|805740677|lpUCM [csm.c:FDS_csmX509ParseBreadth:462] [0] T:0x30, L:0x31, V:100bd14a
[m[0;32;32m2025-12-20 10:48:42.196|I|805740677|lpUCM [csm.c:FDS_csmX509ParseBreadth:462] [0] T:0x30, L:0xd, V:100bd14c
[m[0;32;32m2025-12-20 10:48:42.196|I|805740677|lpUCM [csm.c:FDS_csmX509ParseBreadth:462] [1] T:0x04, L:0x20, V:100bd15b
[m[0;32;32m2025-12-20 10:48:42.196|I|805740677|lpUCM [csm.c:FDS_csmGetHashFromSignature:131] outSize:32
[m[0;32;32m2025-12-20 10:48:42.196|I|805740677|lpUCM [csm.c:FDS_csmCalcCertSha256:175] size:32
[m[0;32;32m2025-12-20 10:48:42.196|I|805740677|lpUCM [verify.c:FDS_verifyX509Certificate:179] x509 certificate pass
[m[0;32;32m2025-12-20 10:48:42.196|I|805740677|lpUCM [csm.c:FDS_csmX509ParseValueLength:397] first:0x82, bytes:2, length:0x10f
[m[0;32;32m2025-12-20 10:48:42.196|I|805740677|lpUCM [csm.c:FDS_csmX509ParseBreadth:462] [0] T:0x30, L:0xd, V:111853a1
[m[0;32;32m2025-12-20 10:48:42.196|I|805740677|lpUCM [csm.c:FDS_csmX509ParseBreadth:462] [1] T:0x03, L:0x10f, V:111853b2
[m[0;32;32m2025-12-20 10:48:42.196|I|805740677|lpUCM [csm.c:FDS_csmGetX509SubjectPublicKey:307] validBuffSize: 0x10e
[m[0;32;32m2025-12-20 10:48:42.196|I|805740677|lpUCM [csm.c:FDS_csmX509ParseValueLength:397] first:0x82, bytes:2, length:0x10a
[m[0;32;32m2025-12-20 10:48:42.196|I|805740677|lpUCM [csm.c:FDS_csmX509ParseBreadth:462] [0] T:0x30, L:0x10a, V:100bc34c
[m[0;32;32m2025-12-20 10:48:42.196|I|805740677|lpUCM [csm.c:FDS_csmX509ParseValueLength:397] first:0x82, bytes:2, length:0x101
[m[0;32;32m2025-12-20 10:48:42.196|I|805740677|lpUCM [csm.c:FDS_csmX509ParseBreadth:462] [0] T:0x02, L:0x101, V:100bc350
[m[0;32;32m2025-12-20 10:48:42.196|I|805740677|lpUCM [csm.c:FDS_csmX509ParseBreadth:462] [1] T:0x02, L:0x3, V:100bc453
[m[0;32;32m2025-12-20 10:48:42.197|I|805740677|lpUCM [csm.c:FDS_csmX509ParseBreadth:462] [0] T:0x30, L:0x31, V:100bd14a
[m[0;32;32m2025-12-20 10:48:42.197|I|805740677|lpUCM [csm.c:FDS_csmX509ParseBreadth:462] [0] T:0x30, L:0xd, V:100bd14c
[m[0;32;32m2025-12-20 10:48:42.197|I|805740677|lpUCM [csm.c:FDS_csmX509ParseBreadth:462] [1] T:0x04, L:0x20, V:100bd15b
[m[0;32;32m2025-12-20 10:48:42.197|I|805740677|lpUCM [csm.c:FDS_csmGetHashFromSignature:131] outSize:32
[m[0;32;32m2025-12-20 10:48:42.197|I|805740677|lpUCM [verify.c:FDS_verifyFirmwareSignature:242] firmware signature pass!!!
[m[0;32;32m2025-12-20 10:48:42.197|I|805740677|lpUCM [verify.c:FDS_verifyFirmwareHash:258] descFileName:/opt/data/fota/sw-description
[m[1;33m2025-12-20 10:48:42.197|W|805740677|lpUCM [verify.c:FDS_verifyFirmwareHash:303] sw-description verify success !!!
[m[1;33m2025-12-20 10:48:42.197|W|805740677|lpUCM [verify.c:FDS_verifyContext:355] verify context success !!!
[m[0;32;32m2025-12-20 10:48:42.197|I|805740677|lpUCM [scm.c:FDS_scmOnHandleFile:936] offset:7376
[m[1;33m2025-12-20 10:48:42.197|W|805740677|lpUCM [scm.c:FDS_scmScanAndVerify:395] cpucp.elf.rawgz:27879, find
[m[1;33m2025-12-20 10:48:42.197|W|805740677|lpUCM [scm.c:FDS_scmScanAndVerify:395] dspfusafw.bin.rawgz:2551646, find
[m[1;33m2025-12-20 10:48:42.213|W|805740677|lpUCM [scm.c:FDS_scmScanAndVerify:395] dspfusalib.bin.rawgz:23607954, find
[m[1;33m2025-12-20 10:48:42.346|W|805740677|lpUCM [scm.c:FDS_scmScanAndVerify:395] NON-HLOS.bin.rawgz:3926109, find
[m[1;33m2025-12-20 10:48:42.369|W|805740677|lpUCM [scm.c:FDS_scmScanAndVerify:395] xbl.elf.rawgz:2836257, find
[m[1;33m2025-12-20 10:48:42.385|W|805740677|lpUCM [scm.c:FDS_scmScanAndVerify:395] xbl_back.elf.rawgz:2836262, find
[m[1;33m2025-12-20 10:48:42.401|W|805740677|lpUCM [scm.c:FDS_scmScanAndVerify:395] xbl_config.elf.rawgz:61137, find
[m[1;33m2025-12-20 10:48:42.402|W|805740677|lpUCM [scm.c:FDS_scmScanAndVerify:395] aop.mbn.rawgz:97342, find
[m[1;33m2025-12-20 10:48:42.403|W|805740677|lpUCM [scm.c:FDS_scmScanAndVerify:395] tz.mbn.rawgz:1479431, find
[m[1;33m2025-12-20 10:48:42.411|W|805740677|lpUCM [scm.c:FDS_scmScanAndVerify:395] abl.elf.rawgz:132472, find
[m[1;33m2025-12-20 10:48:42.412|W|805740677|lpUCM [scm.c:FDS_scmScanAndVerify:395] keymint.mbn.rawgz:169353, find
[m[1;33m2025-12-20 10:48:42.413|W|805740677|lpUCM [scm.c:FDS_scmScanAndVerify:395] boot_qdrive_iosock.bin.rawgz:2917502, find
[m[1;33m2025-12-20 10:48:42.430|W|805740677|lpUCM [scm.c:FDS_scmScanAndVerify:395] devcfg_auto.mbn.rawgz:19254, find
[m[1;33m2025-12-20 10:48:42.430|W|805740677|lpUCM [scm.c:FDS_scmScanAndVerify:395] multi_image.mbn.rawgz:2001, find
[m[1;33m2025-12-20 10:48:42.430|W|805740677|lpUCM [scm.c:FDS_scmScanAndVerify:395] multi_image_qti.mbn.rawgz:1680, find
[m[1;33m2025-12-20 10:48:42.430|W|805740677|lpUCM [scm.c:FDS_scmScanAndVerify:395] imagefv.elf.rawgz:9013, find
[m[1;33m2025-12-20 10:48:42.430|W|805740677|lpUCM [scm.c:FDS_scmScanAndVerify:395] shrm.elf.rawgz:24690, find
[m[1;33m2025-12-20 10:48:42.431|W|805740677|lpUCM [scm.c:FDS_scmScanAndVerify:395] mifs_hyp_qdrive_iosock.ifs.sign.gz:3009803, find
[m[1;33m2025-12-20 10:48:42.448|W|805740677|lpUCM [scm.c:FDS_scmScanAndVerify:395] ifs2_qdrive_iosock.ifs.gz:56429788, find
[m[1;33m2025-12-20 10:48:42.773|W|805740677|lpUCM [scm.c:FDS_scmScanAndVerify:395] oem.xfs.gz:508600964, find
[m[1;33m2025-12-20 10:48:45.704|W|805740677|lpUCM [scm.c:FDS_scmScanAndVerify:395] system.xfs.gz:173131703, find
[m[1;33m2025-12-20 10:48:46.699|W|805740677|lpUCM [scm.c:FDS_scmScanAndVerify:395] autosarsailsw1.elf:771872, find
[m[0;32;32m2025-12-20 10:48:46.706|I|805740677|lpUCM [scm.c:FDS_scmVerifyImage:344] file [autosarsailsw1.elf] calculate finalCrc :0x5E943AFF
[m[1;33m2025-12-20 10:48:46.706|W|805740677|lpUCM [scm.c:FDS_scmScanAndVerify:395] sailhyp.elf:755008, find
[m[0;32;32m2025-12-20 10:48:46.715|I|805740677|lpUCM [scm.c:FDS_scmVerifyImage:344] file [sailhyp.elf] calculate finalCrc :0xF9CC880A
[m[1;33m2025-12-20 10:48:46.716|W|805740677|lpUCM [scm.c:FDS_scmScanAndVerify:388] cpio end !!!
[m[1;33m2025-12-20 10:48:46.716|W|805740677|lpUCM [1] fname: cpucp.elf.rawgz
[m[1;33m2025-12-20 10:48:46.716|W|805740677|lpUCM 	provided: 1, compress:2
[m[1;33m2025-12-20 10:48:46.716|W|805740677|lpUCM 	offset: 7504,size:27879
[m[1;33m2025-12-20 10:48:46.716|W|805740677|lpUCM 	checksum: 0
[m[1;33m2025-12-20 10:48:46.716|W|805740677|lpUCM 	handlerName: raw
[m[1;33m2025-12-20 10:48:46.716|W|805740677|lpUCM 	installedPath: /
[m[1;33m2025-12-20 10:48:46.716|W|805740677|lpUCM seek: 0 splits: 0 
[m[1;33m2025-12-20 10:48:46.716|W|805740677|lpUCM 
[m[1;33m2025-12-20 10:48:46.716|W|805740677|lpUCM [2] fname: dspfusafw.bin.rawgz
[m[1;33m2025-12-20 10:48:46.716|W|805740677|lpUCM 	provided: 1, compress:2
[m[1;33m2025-12-20 10:48:46.716|W|805740677|lpUCM 	offset: 35516,size:2551646
[m[1;33m2025-12-20 10:48:46.716|W|805740677|lpUCM 	checksum: 0
[m[1;33m2025-12-20 10:48:46.716|W|805740677|lpUCM 	handlerName: raw
[m[1;33m2025-12-20 10:48:46.716|W|805740677|lpUCM 	installedPath: /
[m[1;33m2025-12-20 10:48:46.716|W|805740677|lpUCM seek: 0 splits: 0 
[m[1;33m2025-12-20 10:48:46.716|W|805740677|lpUCM 
[m[1;33m2025-12-20 10:48:46.716|W|805740677|lpUCM [3] fname: dspfusalib.bin.rawgz
[m[1;33m2025-12-20 10:48:46.716|W|805740677|lpUCM 	provided: 1, compress:2
[m[1;33m2025-12-20 10:48:46.716|W|805740677|lpUCM 	offset: 2587296,size:23607954
[m[1;33m2025-12-20 10:48:46.716|W|805740677|lpUCM 	checksum: 0
[m[1;33m2025-12-20 10:48:46.716|W|805740677|lpUCM 	handlerName: raw
[m[1;33m2025-12-20 10:48:46.716|W|805740677|lpUCM 	installedPath: /
[m[1;33m2025-12-20 10:48:46.716|W|805740677|lpUCM seek: 0 splits: 0 
[m[1;33m2025-12-20 10:48:46.716|W|805740677|lpUCM 
[m[1;33m2025-12-20 10:48:46.716|W|805740677|lpUCM [4] fname: NON-HLOS.bin.rawgz
[m[1;33m2025-12-20 10:48:46.716|W|805740677|lpUCM 	provided: 1, compress:2
[m[1;33m2025-12-20 10:48:46.716|W|805740677|lpUCM 	offset: 26195384,size:3926109
[m[1;33m2025-12-20 10:48:46.716|W|805740677|lpUCM 	checksum: 0
[m[1;33m2025-12-20 10:48:46.716|W|805740677|lpUCM 	handlerName: raw
[m[1;33m2025-12-20 10:48:46.716|W|805740677|lpUCM 	installedPath: /
[m[1;33m2025-12-20 10:48:46.716|W|805740677|lpUCM seek: 0 splits: 0 
[m[1;33m2025-12-20 10:48:46.716|W|805740677|lpUCM 
[m[1;33m2025-12-20 10:48:46.716|W|805740677|lpUCM [5] fname: xbl.elf.rawgz
[m[1;33m2025-12-20 10:48:46.716|W|805740677|lpUCM 	provided: 1, compress:2
[m[1;33m2025-12-20 10:48:46.716|W|805740677|lpUCM 	offset: 30121620,size:2836257
[m[1;33m2025-12-20 10:48:46.716|W|805740677|lpUCM 	checksum: 0
[m[1;33m2025-12-20 10:48:46.716|W|805740677|lpUCM 	handlerName: raw
[m[1;33m2025-12-20 10:48:46.716|W|805740677|lpUCM 	installedPath: /
[m[1;33m2025-12-20 10:48:46.716|W|805740677|lpUCM seek: 0 splits: 0 
[m[1;33m2025-12-20 10:48:46.716|W|805740677|lpUCM 
[m[1;33m2025-12-20 10:48:46.716|W|805740677|lpUCM [6] fname: xbl_back.elf.rawgz
[m[1;33m2025-12-20 10:48:46.716|W|805740677|lpUCM 	provided: 1, compress:2
[m[1;33m2025-12-20 10:48:46.716|W|805740677|lpUCM 	offset: 32958012,size:2836262
[m[1;33m2025-12-20 10:48:46.716|W|805740677|lpUCM 	checksum: 0
[m[1;33m2025-12-20 10:48:46.716|W|805740677|lpUCM 	handlerName: raw
[m[1;33m2025-12-20 10:48:46.716|W|805740677|lpUCM 	installedPath: /
[m[1;33m2025-12-20 10:48:46.716|W|805740677|lpUCM seek: 0 splits: 0 
[m[1;33m2025-12-20 10:48:46.716|W|805740677|lpUCM 
[m[1;33m2025-12-20 10:48:46.716|W|805740677|lpUCM [7] fname: xbl_config.elf.rawgz
[m[1;33m2025-12-20 10:48:46.716|W|805740677|lpUCM 	provided: 1, compress:2
[m[1;33m2025-12-20 10:48:46.716|W|805740677|lpUCM 	offset: 35794408,size:61137
[m[1;33m2025-12-20 10:48:46.716|W|805740677|lpUCM 	checksum: 0
[m[1;33m2025-12-20 10:48:46.716|W|805740677|lpUCM 	handlerName: raw
[m[1;33m2025-12-20 10:48:46.716|W|805740677|lpUCM 	installedPath: /
[m[1;33m2025-12-20 10:48:46.716|W|805740677|lpUCM seek: 0 splits: 0 
[m[1;33m2025-12-20 10:48:46.716|W|805740677|lpUCM 
[m[1;33m2025-12-20 10:48:46.716|W|805740677|lpUCM [8] fname: aop.mbn.rawgz
[m[1;33m2025-12-20 10:48:46.716|W|805740677|lpUCM 	provided: 1, compress:2
[m[1;33m2025-12-20 10:48:46.716|W|805740677|lpUCM 	offset: 35855672,size:97342
[m[1;33m2025-12-20 10:48:46.716|W|805740677|lpUCM 	checksum: 0
[m[1;33m2025-12-20 10:48:46.716|W|805740677|lpUCM 	handlerName: raw
[m[1;33m2025-12-20 10:48:46.716|W|805740677|lpUCM 	installedPath: /
[m[1;33m2025-12-20 10:48:46.716|W|805740677|lpUCM seek: 0 splits: 0 
[m[1;33m2025-12-20 10:48:46.716|W|805740677|lpUCM 
[m[1;33m2025-12-20 10:48:46.716|W|805740677|lpUCM [9] fname: tz.mbn.rawgz
[m[1;33m2025-12-20 10:48:46.716|W|805740677|lpUCM 	provided: 1, compress:2
[m[1;33m2025-12-20 10:48:46.716|W|805740677|lpUCM 	offset: 35953140,size:1479431
[m[1;33m2025-12-20 10:48:46.716|W|805740677|lpUCM 	checksum: 0
[m[1;33m2025-12-20 10:48:46.716|W|805740677|lpUCM 	handlerName: raw
[m[1;33m2025-12-20 10:48:46.716|W|805740677|lpUCM 	installedPath: /
[m[1;33m2025-12-20 10:48:46.716|W|805740677|lpUCM seek: 0 splits: 0 
[m[1;33m2025-12-20 10:48:46.716|W|805740677|lpUCM 
[m[1;33m2025-12-20 10:48:46.716|W|805740677|lpUCM [10] fname: abl.elf.rawgz
[m[1;33m2025-12-20 10:48:46.716|W|805740677|lpUCM 	provided: 1, compress:2
[m[1;33m2025-12-20 10:48:46.716|W|805740677|lpUCM 	offset: 37432696,size:132472
[m[1;33m2025-12-20 10:48:46.716|W|805740677|lpUCM 	checksum: 0
[m[1;33m2025-12-20 10:48:46.716|W|805740677|lpUCM 	handlerName: raw
[m[1;33m2025-12-20 10:48:46.716|W|805740677|lpUCM 	installedPath: /
[m[1;33m2025-12-20 10:48:46.716|W|805740677|lpUCM seek: 0 splits: 0 
[m[1;33m2025-12-20 10:48:46.716|W|805740677|lpUCM 
[m[1;33m2025-12-20 10:48:46.716|W|805740677|lpUCM [11] fname: keymint.mbn.rawgz
[m[1;33m2025-12-20 10:48:46.716|W|805740677|lpUCM 	provided: 1, compress:2
[m[1;33m2025-12-20 10:48:46.716|W|805740677|lpUCM 	offset: 37565296,size:169353
[m[1;33m2025-12-20 10:48:46.716|W|805740677|lpUCM 	checksum: 0
[m[1;33m2025-12-20 10:48:46.716|W|805740677|lpUCM 	handlerName: raw
[m[1;33m2025-12-20 10:48:46.716|W|805740677|lpUCM 	installedPath: /
[m[1;33m2025-12-20 10:48:46.716|W|805740677|lpUCM seek: 0 splits: 0 
[m[1;33m2025-12-20 10:48:46.716|W|805740677|lpUCM 
[m[1;33m2025-12-20 10:48:46.716|W|805740677|lpUCM [12] fname: boot_qdrive_iosock.bin.rawgz
[m[1;33m2025-12-20 10:48:46.716|W|805740677|lpUCM 	provided: 1, compress:2
[m[1;33m2025-12-20 10:48:46.716|W|805740677|lpUCM 	offset: 37734792,size:2917502
[m[1;33m2025-12-20 10:48:46.716|W|805740677|lpUCM 	checksum: 0
[m[1;33m2025-12-20 10:48:46.716|W|805740677|lpUCM 	handlerName: raw
[m[1;33m2025-12-20 10:48:46.716|W|805740677|lpUCM 	installedPath: /
[m[1;33m2025-12-20 10:48:46.716|W|805740677|lpUCM seek: 0 splits: 0 
[m[1;33m2025-12-20 10:48:46.716|W|805740677|lpUCM 
[m[1;33m2025-12-20 10:48:46.716|W|805740677|lpUCM [13] fname: devcfg_auto.mbn.rawgz
[m[1;33m2025-12-20 10:48:46.716|W|805740677|lpUCM 	provided: 1, compress:2
[m[1;33m2025-12-20 10:48:46.716|W|805740677|lpUCM 	offset: 40652428,size:19254
[m[1;33m2025-12-20 10:48:46.716|W|805740677|lpUCM 	checksum: 0
[m[1;33m2025-12-20 10:48:46.716|W|805740677|lpUCM 	handlerName: raw
[m[1;33m2025-12-20 10:48:46.716|W|805740677|lpUCM 	installedPath: /
[m[1;33m2025-12-20 10:48:46.716|W|805740677|lpUCM seek: 0 splits: 0 
[m[1;33m2025-12-20 10:48:46.716|W|805740677|lpUCM 
[m[1;33m2025-12-20 10:48:46.716|W|805740677|lpUCM [14] fname: multi_image.mbn.rawgz
[m[1;33m2025-12-20 10:48:46.716|W|805740677|lpUCM 	provided: 1, compress:2
[m[1;33m2025-12-20 10:48:46.716|W|805740677|lpUCM 	offset: 40671816,size:2001
[m[1;33m2025-12-20 10:48:46.716|W|805740677|lpUCM 	checksum: 0
[m[1;33m2025-12-20 10:48:46.716|W|805740677|lpUCM 	handlerName: raw
[m[1;33m2025-12-20 10:48:46.716|W|805740677|lpUCM 	installedPath: /
[m[1;33m2025-12-20 10:48:46.716|W|805740677|lpUCM seek: 0 splits: 0 
[m[1;33m2025-12-20 10:48:46.716|W|805740677|lpUCM 
[m[1;33m2025-12-20 10:48:46.716|W|805740677|lpUCM [15] fname: multi_image_qti.mbn.rawgz
[m[1;33m2025-12-20 10:48:46.716|W|805740677|lpUCM 	provided: 1, compress:2
[m[1;33m2025-12-20 10:48:46.716|W|805740677|lpUCM 	offset: 40673956,size:1680
[m[1;33m2025-12-20 10:48:46.716|W|805740677|lpUCM 	checksum: 0
[m[1;33m2025-12-20 10:48:46.716|W|805740677|lpUCM 	handlerName: raw
[m[1;33m2025-12-20 10:48:46.716|W|805740677|lpUCM 	installedPath: /
[m[1;33m2025-12-20 10:48:46.716|W|805740677|lpUCM seek: 0 splits: 0 
[m[1;33m2025-12-20 10:48:46.716|W|805740677|lpUCM 
[m[1;33m2025-12-20 10:48:46.716|W|805740677|lpUCM [16] fname: imagefv.elf.rawgz
[m[1;33m2025-12-20 10:48:46.716|W|805740677|lpUCM 	provided: 1, compress:2
[m[1;33m2025-12-20 10:48:46.716|W|805740677|lpUCM 	offset: 40675764,size:9013
[m[1;33m2025-12-20 10:48:46.716|W|805740677|lpUCM 	checksum: 0
[m[1;33m2025-12-20 10:48:46.716|W|805740677|lpUCM 	handlerName: raw
[m[1;33m2025-12-20 10:48:46.716|W|805740677|lpUCM 	installedPath: /
[m[1;33m2025-12-20 10:48:46.716|W|805740677|lpUCM seek: 0 splits: 0 
[m[1;33m2025-12-20 10:48:46.716|W|805740677|lpUCM 
[m[1;33m2025-12-20 10:48:46.716|W|805740677|lpUCM [17] fname: shrm.elf.rawgz
[m[1;33m2025-12-20 10:48:46.716|W|805740677|lpUCM 	provided: 1, compress:2
[m[1;33m2025-12-20 10:48:46.716|W|805740677|lpUCM 	offset: 40684908,size:24690
[m[1;33m2025-12-20 10:48:46.716|W|805740677|lpUCM 	checksum: 0
[m[1;33m2025-12-20 10:48:46.716|W|805740677|lpUCM 	handlerName: raw
[m[1;33m2025-12-20 10:48:46.716|W|805740677|lpUCM 	installedPath: /
[m[1;33m2025-12-20 10:48:46.717|W|805740677|lpUCM seek: 0 splits: 0 
[m[1;33m2025-12-20 10:48:46.717|W|805740677|lpUCM 
[m[1;33m2025-12-20 10:48:46.717|W|805740677|lpUCM [18] fname: mifs_hyp_qdrive_iosock.ifs.sign.gz
[m[1;33m2025-12-20 10:48:46.717|W|805740677|lpUCM 	provided: 1, compress:2
[m[1;33m2025-12-20 10:48:46.717|W|805740677|lpUCM 	offset: 40709748,size:3009803
[m[1;33m2025-12-20 10:48:46.717|W|805740677|lpUCM 	checksum: 0
[m[1;33m2025-12-20 10:48:46.717|W|805740677|lpUCM 	handlerName: raw
[m[1;33m2025-12-20 10:48:46.717|W|805740677|lpUCM 	installedPath: /
[m[1;33m2025-12-20 10:48:46.717|W|805740677|lpUCM seek: 0 splits: 0 
[m[1;33m2025-12-20 10:48:46.717|W|805740677|lpUCM 
[m[1;33m2025-12-20 10:48:46.717|W|805740677|lpUCM [19] fname: ifs2_qdrive_iosock.ifs.gz
[m[1;33m2025-12-20 10:48:46.717|W|805740677|lpUCM 	provided: 1, compress:2
[m[1;33m2025-12-20 10:48:46.717|W|805740677|lpUCM 	offset: 43719688,size:56429788
[m[1;33m2025-12-20 10:48:46.717|W|805740677|lpUCM 	checksum: 0
[m[1;33m2025-12-20 10:48:46.717|W|805740677|lpUCM 	handlerName: raw
[m[1;33m2025-12-20 10:48:46.717|W|805740677|lpUCM 	installedPath: /
[m[1;33m2025-12-20 10:48:46.717|W|805740677|lpUCM seek: 0 splits: 0 
[m[1;33m2025-12-20 10:48:46.717|W|805740677|lpUCM 
[m[1;33m2025-12-20 10:48:46.717|W|805740677|lpUCM [20] fname: oem.xfs.gz
[m[1;33m2025-12-20 10:48:46.717|W|805740677|lpUCM 	provided: 1, compress:2
[m[1;33m2025-12-20 10:48:46.717|W|805740677|lpUCM 	offset: 100149600,size:508600964
[m[1;33m2025-12-20 10:48:46.717|W|805740677|lpUCM 	checksum: 0
[m[1;33m2025-12-20 10:48:46.717|W|805740677|lpUCM 	handlerName: raw
[m[1;33m2025-12-20 10:48:46.717|W|805740677|lpUCM 	installedPath: /
[m[1;33m2025-12-20 10:48:46.717|W|805740677|lpUCM seek: 0 splits: 0 
[m[1;33m2025-12-20 10:48:46.717|W|805740677|lpUCM 
[m[1;33m2025-12-20 10:48:46.717|W|805740677|lpUCM [21] fname: system.xfs.gz
[m[1;33m2025-12-20 10:48:46.717|W|805740677|lpUCM 	provided: 1, compress:2
[m[1;33m2025-12-20 10:48:46.717|W|805740677|lpUCM 	offset: 608750688,size:173131703
[m[1;33m2025-12-20 10:48:46.717|W|805740677|lpUCM 	checksum: 0
[m[1;33m2025-12-20 10:48:46.717|W|805740677|lpUCM 	handlerName: raw
[m[1;33m2025-12-20 10:48:46.717|W|805740677|lpUCM 	installedPath: /
[m[1;33m2025-12-20 10:48:46.717|W|805740677|lpUCM seek: 0 splits: 0 
[m[1;33m2025-12-20 10:48:46.717|W|805740677|lpUCM 
[m[1;33m2025-12-20 10:48:46.717|W|805740677|lpUCM [22] fname: autosarsailsw1.elf
[m[1;33m2025-12-20 10:48:46.717|W|805740677|lpUCM 	provided: 1, compress:0
[m[1;33m2025-12-20 10:48:46.717|W|805740677|lpUCM 	offset: 781882524,size:771872
[m[1;33m2025-12-20 10:48:46.717|W|805740677|lpUCM 	checksum: 0
[m[1;33m2025-12-20 10:48:46.717|W|805740677|lpUCM 	handlerName: sail_sw
[m[1;33m2025-12-20 10:48:46.717|W|805740677|lpUCM 	installedPath: /opt/data/fota/
[m[1;33m2025-12-20 10:48:46.717|W|805740677|lpUCM seek: 0 splits: 0 
[m[1;33m2025-12-20 10:48:46.717|W|805740677|lpUCM 
[m[1;33m2025-12-20 10:48:46.717|W|805740677|lpUCM [23] fname: sailhyp.elf
[m[1;33m2025-12-20 10:48:46.717|W|805740677|lpUCM 	provided: 1, compress:0
[m[1;33m2025-12-20 10:48:46.717|W|805740677|lpUCM 	offset: 782654520,size:755008
[m[1;33m2025-12-20 10:48:46.717|W|805740677|lpUCM 	checksum: 0
[m[1;33m2025-12-20 10:48:46.717|W|805740677|lpUCM 	handlerName: sail_hyp
[m[1;33m2025-12-20 10:48:46.717|W|805740677|lpUCM 	installedPath: /opt/data/fota/
[m[1;33m2025-12-20 10:48:46.717|W|805740677|lpUCM seek: 0 splits: 0 
[m[1;33m2025-12-20 10:48:46.717|W|805740677|lpUCM 
[m[1;33m2025-12-20 10:48:46.717|W|805740677|lpUCM [bootChain.c:FDS_bcDiskCorrection:138] diskpart  is no label
[m[1;33m2025-12-20 10:48:46.717|W|805740677|lpUCM [bootChain.c:FDS_bcDiskCorrection:138] diskpart  is no label
[m[0;32;32m2025-12-20 10:48:46.717|I|805740677|lpUCM [scm.c:FDS_scmSaveTmpVersion:823] switchAB:1,
[m[0;32;32m2025-12-20 10:48:46.717|I|805740677|lpUCM [upa.c:FDS_upaWriteTemporaryVersion:271] FDS_upaWriteTemporaryVersion
[m[0;32;32m2025-12-20 10:48:46.717|I|805740677|lpUCM IpcKeyValueClient construct
[m[1;33m2025-12-20 10:48:46.717|W|805740677|lpUCM IpcClientChannel open suc, retries: 0 
[m[0;32;32m2025-12-20 10:48:46.717|I|805740677|lpUCM IpcKeyValueClient::init ipcclient suc
[m[0;32;32m2025-12-20 10:48:46.718|I|805740677|lpUCM PER_storageCreate create success
[m[1;33m2025-12-20 10:48:46.718|W|2166853|lpPer DbAdapter::SetValue setvalue key: CAL_NOFEELUP_ECUSOFNUM, value: 0x33 2e 31 31 2e 32 35 00 00 00 , authority: lpUCM
[m[1;33m2025-12-20 10:48:46.719|W|2166853|lpPer DbAdapter::SetValue setvalue key: CAL_NOFEELUP_SYSSOFNUM, value: 0x33 2e 31 31 2e 32 35 00 00 00 , authority: lpUCM
[m[0;32;32m2025-12-20 10:48:46.720|I|805740677|lpUCM IpcKeyValueClient deconstruct
[m[0;32;32m2025-12-20 10:48:46.720|I|805740677|lpUCM PerClient deconstruct
[m[1;33m2025-12-20 10:48:46.720|W|805740677|lpUCM [scm.c:FDS_scmDeployImages:435] start [1st] deploy:cpucp.elf.rawgz
[m[0;32;32m2025-12-20 10:48:46.720|I|805740677|lpUCM [fds.cpp:FDS_OnLocalUpgProgress:248] total: 23, curr:1, percent:0, rop:0%
[m[0;32;32m2025-12-20 10:48:46.720|I|805740677|lpUCM [handler.c:FDS_idhFindDesc:79] find time 1, name raw, handler_name = raw
[m[0;32;32m2025-12-20 10:48:46.720|I|805740677|lpUCM [handler.c:FDS_idhFindDesc:94] find handler raw, type = 0
[m[0;32;32m2025-12-20 10:48:46.720|I|805740677|lpUCM [handler.c:FDS_idhFindDesc:79] find time 1, name raw, handler_name = raw
[m[0;32;32m2025-12-20 10:48:46.720|I|805740677|lpUCM [handler.c:FDS_idhFindDesc:94] find handler raw, type = 0
[m[0;32;32m2025-12-20 10:48:46.721|I|805740677|lpUCM [fds.cpp:FDS_OnLocalUpgProgress:248] total: 23, curr:1, percent:29, rop:1%
[m[0;32;32m2025-12-20 10:48:46.723|I|805740677|lpUCM [fds.cpp:FDS_OnLocalUpgProgress:248] total: 23, curr:1, percent:50, rop:2%
[m[0;32;32m2025-12-20 10:48:46.723|I|805740677|lpUCM [handler.c:FDS_idhExtractFile:234] CPIO extract success
[m[0;32;32m2025-12-20 10:48:46.724|I|805740677|lpUCM [fds.cpp:FDS_OnLocalUpgProgress:248] total: 23, curr:1, percent:100, rop:4%
[m[1;33m2025-12-20 10:48:46.724|W|805740677|lpUCM [scm.c:FDS_scmDeployImages:443] deploy [1st] success:cpucp.elf.rawgz
[m[1;33m2025-12-20 10:48:46.724|W|805740677|lpUCM [scm.c:FDS_scmDeployImages:435] start [2st] deploy:dspfusafw.bin.rawgz
[m[0;32;32m2025-12-20 10:48:46.724|I|805740677|lpUCM [fds.cpp:FDS_OnLocalUpgProgress:248] total: 23, curr:2, percent:0, rop:4%
[m[0;32;32m2025-12-20 10:48:46.724|I|805740677|lpUCM [handler.c:FDS_idhFindDesc:79] find time 1, name raw, handler_name = raw
[m[0;32;32m2025-12-20 10:48:46.724|I|805740677|lpUCM [handler.c:FDS_idhFindDesc:94] find handler raw, type = 0
[m[0;32;32m2025-12-20 10:48:46.724|I|805740677|lpUCM [handler.c:FDS_idhFindDesc:79] find time 1, name raw, handler_name = raw
[m[0;32;32m2025-12-20 10:48:46.724|I|805740677|lpUCM [handler.c:FDS_idhFindDesc:94] find handler raw, type = 0
[m[0;32;32m2025-12-20 10:48:46.728|I|805740677|lpUCM [fds.cpp:FDS_OnLocalUpgProgress:248] total: 23, curr:2, percent:1, rop:4%
[m[0;32;32m2025-12-20 10:48:46.729|I|805740677|lpUCM [fds.cpp:FDS_OnLocalUpgProgress:248] total: 23, curr:2, percent:2, rop:4%
[m[0;32;32m2025-12-20 10:48:46.731|I|805740677|lpUCM [fds.cpp:FDS_OnLocalUpgProgress:248] total: 23, curr:2, percent:3, rop:4%
[m[0;32;32m2025-12-20 10:48:46.740|I|805740677|lpUCM [fds.cpp:FDS_OnLocalUpgProgress:248] total: 23, curr:2, percent:4, rop:4%
[m[0;32;32m2025-12-20 10:48:46.741|I|805740677|lpUCM [fds.cpp:FDS_OnLocalUpgProgress:248] total: 23, curr:2, percent:5, rop:4%
[m[0;32;32m2025-12-20 10:48:46.742|I|805740677|lpUCM [fds.cpp:FDS_OnLocalUpgProgress:248] total: 23, curr:2, percent:6, rop:4%
[m[0;32;32m2025-12-20 10:48:46.743|I|805740677|lpUCM [fds.cpp:FDS_OnLocalUpgProgress:248] total: 23, curr:2, percent:7, rop:4%
[m[0;32;32m2025-12-20 10:48:46.745|I|805740677|lpUCM [fds.cpp:FDS_OnLocalUpgProgress:248] total: 23, curr:2, percent:8, rop:4%
[m[0;32;32m2025-12-20 10:48:46.747|I|805740677|lpUCM [fds.cpp:FDS_OnLocalUpgProgress:248] total: 23, curr:2, percent:9, rop:4%
[m[0;32;32m2025-12-20 10:48:46.748|I|805740677|lpUCM [fds.cpp:FDS_OnLocalUpgProgress:248] total: 23, curr:2, percent:10, rop:4%
[m[0;32;32m2025-12-20 10:48:46.750|I|805740677|lpUCM [fds.cpp:FDS_OnLocalUpgProgress:248] total: 23, curr:2, percent:11, rop:4%
[m[0;32;32m2025-12-20 10:48:46.751|I|805740677|lpUCM [fds.cpp:FDS_OnLocalUpgProgress:248] total: 23, curr:2, percent:12, rop:4%
[m[0;32;32m2025-12-20 10:48:46.753|I|805740677|lpUCM [fds.cpp:FDS_OnLocalUpgProgress:248] total: 23, curr:2, percent:13, rop:4%
[m[0;32;32m2025-12-20 10:48:46.755|I|805740677|lpUCM [fds.cpp:FDS_OnLocalUpgProgress:248] total: 23, curr:2, percent:14, rop:4%
[m[0;32;32m2025-12-20 10:48:46.756|I|805740677|lpUCM [fds.cpp:FDS_OnLocalUpgProgress:248] total: 23, curr:2, percent:15, rop:5%
[m[0;32;32m2025-12-20 10:48:46.758|I|805740677|lpUCM [fds.cpp:FDS_OnLocalUpgProgress:248] total: 23, curr:2, percent:16, rop:5%
[m[0;32;32m2025-12-20 10:48:46.759|I|805740677|lpUCM [fds.cpp:FDS_OnLocalUpgProgress:248] total: 23, curr:2, percent:17, rop:5%
[m[0;32;32m2025-12-20 10:48:46.761|I|805740677|lpUCM [fds.cpp:FDS_OnLocalUpgProgress:248] total: 23, curr:2, percent:18, rop:5%
[m[0;32;32m2025-12-20 10:48:46.762|I|805740677|lpUCM [fds.cpp:FDS_OnLocalUpgProgress:248] total: 23, curr:2, percent:19, rop:5%
[m[0;32;32m2025-12-20 10:48:46.763|I|805740677|lpUCM [fds.cpp:FDS_OnLocalUpgProgress:248] total: 23, curr:2, percent:20, rop:5%
[m[0;32;32m2025-12-20 10:48:46.765|I|805740677|lpUCM [fds.cpp:FDS_OnLocalUpgProgress:248] total: 23, curr:2, percent:21, rop:5%
[m[0;32;32m2025-12-20 10:48:46.767|I|805740677|lpUCM [fds.cpp:FDS_OnLocalUpgProgress:248] total: 23, curr:2, percent:22, rop:5%
[m[0;32;32m2025-12-20 10:48:46.770|I|805740677|lpUCM [fds.cpp:FDS_OnLocalUpgProgress:248] total: 23, curr:2, percent:23, rop:5%
[m[0;32;32m2025-12-20 10:48:46.774|I|805740677|lpUCM [fds.cpp:FDS_OnLocalUpgProgress:248] total: 23, curr:2, percent:24, rop:5%
[m[0;32;32m2025-12-20 10:48:46.775|I|805740677|lpUCM [fds.cpp:FDS_OnLocalUpgProgress:248] total: 23, curr:2, percent:25, rop:5%
[m[0;32;32m2025-12-20 10:48:46.778|I|805740677|lpUCM [fds.cpp:FDS_OnLocalUpgProgress:248] total: 23, curr:2, percent:26, rop:5%
[m[0;32;32m2025-12-20 10:48:46.779|I|805740677|lpUCM [fds.cpp:FDS_OnLocalUpgProgress:248] total: 23, curr:2, percent:27, rop:5%
[m[0;32;32m2025-12-20 10:48:46.780|I|805740677|lpUCM [fds.cpp:FDS_OnLocalUpgProgress:248] total: 23, curr:2, percent:28, rop:5%
[m[0;32;32m2025-12-20 10:48:46.782|I|805740677|lpUCM [fds.cpp:FDS_OnLocalUpgProgress:248] total: 23, curr:2, percent:29, rop:5%
[m[0;32;32m2025-12-20 10:48:46.784|I|805740677|lpUCM [fds.cpp:FDS_OnLocalUpgProgress:248] total: 23, curr:2, percent:30, rop:5%
[m[0;32;32m2025-12-20 10:48:46.785|I|805740677|lpUCM [fds.cpp:FDS_OnLocalUpgProgress:248] total: 23, curr:2, percent:31, rop:5%
[m[0;32;32m2025-12-20 10:48:46.787|I|805740677|lpUCM [fds.cpp:FDS_OnLocalUpgProgress:248] total: 23, curr:2, percent:32, rop:5%
[m[0;32;32m2025-12-20 10:48:46.789|I|805740677|lpUCM [fds.cpp:FDS_OnLocalUpgProgress:248] total: 23, curr:2, percent:33, rop:5%
[m[0;32;32m2025-12-20 10:48:46.790|I|805740677|lpUCM [fds.cpp:FDS_OnLocalUpgProgress:248] total: 23, curr:2, percent:34, rop:5%
[m[0;32;32m2025-12-20 10:48:46.792|I|805740677|lpUCM [fds.cpp:FDS_OnLocalUpgProgress:248] total: 23, curr:2, percent:35, rop:5%
[m[0;32;32m2025-12-20 10:48:46.793|I|805740677|lpUCM [fds.cpp:FDS_OnLocalUpgProgress:248] total: 23, curr:2, percent:36, rop:5%
[m[0;32;32m2025-12-20 10:48:46.794|I|805740677|lpUCM [fds.cpp:FDS_OnLocalUpgProgress:248] total: 23, curr:2, percent:37, rop:5%
[m[0;32;32m2025-12-20 10:48:46.796|I|805740677|lpUCM [fds.cpp:FDS_OnLocalUpgProgress:248] total: 23, curr:2, percent:38, rop:6%
[m[0;32;32m2025-12-20 10:48:46.797|I|805740677|lpUCM [fds.cpp:FDS_OnLocalUpgProgress:248] total: 23, curr:2, percent:39, rop:6%
[m[0;32;32m2025-12-20 10:48:46.799|I|805740677|lpUCM [fds.cpp:FDS_OnLocalUpgProgress:248] total: 23, curr:2, percent:40, rop:6%
[m[0;32;32m2025-12-20 10:48:46.800|I|805740677|lpUCM [fds.cpp:FDS_OnLocalUpgProgress:248] total: 23, curr:2, percent:41, rop:6%
[m[0;32;32m2025-12-20 10:48:46.802|I|805740677|lpUCM [fds.cpp:FDS_OnLocalUpgProgress:248] total: 23, curr:2, percent:42, rop:6%
[m[0;32;32m2025-12-20 10:48:46.803|I|805740677|lpUCM [fds.cpp:FDS_OnLocalUpgProgress:248] total: 23, curr:2, percent:43, rop:6%
[m[0;32;32m2025-12-20 10:48:46.805|I|805740677|lpUCM [fds.cpp:FDS_OnLocalUpgProgress:248] total: 23, curr:2, percent:44, rop:6%
[m[0;32;32m2025-12-20 10:48:46.806|I|805740677|lpUCM [fds.cpp:FDS_OnLocalUpgProgress:248] total: 23, curr:2, percent:45, rop:6%
[m[0;32;32m2025-12-20 10:48:46.809|I|805740677|lpUCM [fds.cpp:FDS_OnLocalUpgProgress:248] total: 23, curr:2, percent:46, rop:6%
[m[0;32;32m2025-12-20 10:48:46.820|I|805740677|lpUCM [fds.cpp:FDS_OnLocalUpgProgress:248] total: 23, curr:2, percent:47, rop:6%
[m[0;32;32m2025-12-20 10:48:46.823|I|805740677|lpUCM [fds.cpp:FDS_OnLocalUpgProgress:248] total: 23, curr:2, percent:48, rop:6%
[m[0;32;32m2025-12-20 10:48:46.827|I|805740677|lpUCM [fds.cpp:FDS_OnLocalUpgProgress:248] total: 23, curr:2, percent:49, rop:6%
[m[0;32;32m2025-12-20 10:48:46.829|I|805740677|lpUCM [fds.cpp:FDS_OnLocalUpgProgress:248] total: 23, curr:2, percent:50, rop:6%
[m[0;32;32m2025-12-20 10:48:46.829|I|805740677|lpUCM [handler.c:FDS_idhExtractFile:234] CPIO extract success
[m[0;32;32m2025-12-20 10:48:46.829|I|805740677|lpUCM [fds.cpp:FDS_OnLocalUpgProgress:248] total: 23, curr:2, percent:100, rop:8%
[m[1;33m2025-12-20 10:48:46.829|W|805740677|lpUCM [scm.c:FDS_scmDeployImages:443] deploy [2st] success:dspfusafw.bin.rawgz
[m[1;33m2025-12-20 10:48:46.829|W|805740677|lpUCM [scm.c:FDS_scmDeployImages:435] start [3st] deploy:dspfusalib.bin.rawgz
[m[0;32;32m2025-12-20 10:48:46.829|I|805740677|lpUCM [fds.cpp:FDS_OnLocalUpgProgress:248] total: 23, curr:3, percent:0, rop:8%
[m[0;32;32m2025-12-20 10:48:46.829|I|805740677|lpUCM [handler.c:FDS_idhFindDesc:79] find time 1, name raw, handler_name = raw
[m[0;32;32m2025-12-20 10:48:46.829|I|805740677|lpUCM [handler.c:FDS_idhFindDesc:94] find handler raw, type = 0
[m[0;32;32m2025-12-20 10:48:46.829|I|805740677|lpUCM [handler.c:FDS_idhFindDesc:79] find time 1, name raw, handler_name = raw
[m[0;32;32m2025-12-20 10:48:46.829|I|805740677|lpUCM [handler.c:FDS_idhFindDesc:94] find handler raw, type = 0
[m[0;32;32m2025-12-20 10:48:46.856|I|805740677|lpUCM [fds.cpp:FDS_OnLocalUpgProgress:248] total: 23, curr:3, percent:1, rop:8%
[m[0;32;32m2025-12-20 10:48:46.872|I|805740677|lpUCM [fds.cpp:FDS_OnLocalUpgProgress:248] total: 23, curr:3, percent:2, rop:8%
[m[0;32;32m2025-12-20 10:48:46.885|I|805740677|lpUCM [fds.cpp:FDS_OnLocalUpgProgress:248] total: 23, curr:3, percent:3, rop:8%
[m[0;32;32m2025-12-20 10:48:46.900|I|805740677|lpUCM [fds.cpp:FDS_OnLocalUpgProgress:248] total: 23, curr:3, percent:4, rop:8%
[m[0;32;32m2025-12-20 10:48:46.905|I|805740677|lpUCM [fds.cpp:FDS_OnLocalUpgProgress:248] total: 23, curr:3, percent:5, rop:8%
[m[0;32;32m2025-12-20 10:48:46.915|I|805740677|lpUCM [fds.cpp:FDS_OnLocalUpgProgress:248] total: 23, curr:3, percent:6, rop:8%
[m[0;32;32m2025-12-20 10:48:46.921|I|805740677|lpUCM [fds.cpp:FDS_OnLocalUpgProgress:248] total: 23, curr:3, percent:7, rop:9%
[m[0;32;32m2025-12-20 10:48:46.929|I|805740677|lpUCM [fds.cpp:FDS_OnLocalUpgProgress:248] total: 23, curr:3, percent:8, rop:9%
[m[0;32;32m2025-12-20 10:48:46.941|I|805740677|lpUCM [fds.cpp:FDS_OnLocalUpgProgress:248] total: 23, curr:3, percent:9, rop:9%
[m[0;32;32m2025-12-20 10:48:46.951|I|805740677|lpUCM [fds.cpp:FDS_OnLocalUpgProgress:248] total: 23, curr:3, percent:10, rop:9%
[m[0;32;32m2025-12-20 10:48:46.959|I|805740677|lpUCM [fds.cpp:FDS_OnLocalUpgProgress:248] total: 23, curr:3, percent:11, rop:9%
[m[0;32;32m2025-12-20 10:48:46.974|I|805740677|lpUCM [fds.cpp:FDS_OnLocalUpgProgress:248] total: 23, curr:3, percent:12, rop:9%
[m[0;32;32m2025-12-20 10:48:46.993|I|805740677|lpUCM [fds.cpp:FDS_OnLocalUpgProgress:248] total: 23, curr:3, percent:13, rop:9%
[m[0;32;32m2025-12-20 10:48:47.33|I|805740677|lpUCM [fds.cpp:FDS_OnLocalUpgProgress:248] total: 23, curr:3, percent:14, rop:9%
[m[0;32;32m2025-12-20 10:48:47.59|I|805740677|lpUCM [fds.cpp:FDS_OnLocalUpgProgress:248] total: 23, curr:3, percent:15, rop:9%
[m[0;32;32m2025-12-20 10:48:47.71|I|805740677|lpUCM [fds.cpp:FDS_OnLocalUpgProgress:248] total: 23, curr:3, percent:16, rop:9%
[m[0;32;32m2025-12-20 10:48:47.76|I|805740677|lpUCM [fds.cpp:FDS_OnLocalUpgProgress:248] total: 23, curr:3, percent:17, rop:9%
[m[0;32;32m2025-12-20 10:48:47.80|I|805740677|lpUCM [fds.cpp:FDS_OnLocalUpgProgress:248] total: 23, curr:3, percent:18, rop:9%
[m[0;32;32m2025-12-20 10:48:47.91|I|805740677|lpUCM [fds.cpp:FDS_OnLocalUpgProgress:248] total: 23, curr:3, percent:19, rop:9%
[m[0;32;32m2025-12-20 10:48:47.99|I|805740677|lpUCM [fds.cpp:FDS_OnLocalUpgProgress:248] total: 23, curr:3, percent:20, rop:9%
[m[0;32;32m2025-12-20 10:48:47.103|I|805740677|lpUCM [fds.cpp:FDS_OnLocalUpgProgress:248] total: 23, curr:3, percent:21, rop:9%
[m[0;32;32m2025-12-20 10:48:47.118|I|805740677|lpUCM [fds.cpp:FDS_OnLocalUpgProgress:248] total: 23, curr:3, percent:22, rop:9%
[m[0;32;32m2025-12-20 10:48:47.137|I|805740677|lpUCM [fds.cpp:FDS_OnLocalUpgProgress:248] total: 23, curr:3, percent:23, rop:9%
[m[0;32;32m2025-12-20 10:48:47.184|I|805740677|lpUCM [fds.cpp:FDS_OnLocalUpgProgress:248] total: 23, curr:3, percent:24, rop:9%
[m[0;32;32m2025-12-20 10:48:47.206|I|805740677|lpUCM [fds.cpp:FDS_OnLocalUpgProgress:248] total: 23, curr:3, percent:25, rop:9%
[m[0;32;32m2025-12-20 10:48:47.230|I|805740677|lpUCM [fds.cpp:FDS_OnLocalUpgProgress:248] total: 23, curr:3, percent:26, rop:9%
[m[0;32;32m2025-12-20 10:48:47.245|I|805740677|lpUCM [fds.cpp:FDS_OnLocalUpgProgress:248] total: 23, curr:3, percent:27, rop:9%
[m[0;32;32m2025-12-20 10:48:47.260|I|805740677|lpUCM [fds.cpp:FDS_OnLocalUpgProgress:248] total: 23, curr:3, percent:28, rop:9%
[m[0;32;32m2025-12-20 10:48:47.274|I|805740677|lpUCM [fds.cpp:FDS_OnLocalUpgProgress:248] total: 23, curr:3, percent:29, rop:9%
[m[0;32;32m2025-12-20 10:48:47.283|I|805740677|lpUCM [fds.cpp:FDS_OnLocalUpgProgress:248] total: 23, curr:3, percent:30, rop:10%
[m[0;32;32m2025-12-20 10:48:47.293|I|805740677|lpUCM [fds.cpp:FDS_OnLocalUpgProgress:248] total: 23, curr:3, percent:31, rop:10%
[m[0;32;32m2025-12-20 10:48:47.297|I|805740677|lpUCM [fds.cpp:FDS_OnLocalUpgProgress:248] total: 23, curr:3, percent:32, rop:10%
[m[0;32;32m2025-12-20 10:48:47.301|I|805740677|lpUCM [fds.cpp:FDS_OnLocalUpgProgress:248] total: 23, curr:3, percent:33, rop:10%
[m[0;32;32m2025-12-20 10:48:47.309|I|805740677|lpUCM [fds.cpp:FDS_OnLocalUpgProgress:248] total: 23, curr:3, percent:34, rop:10%
[m[0;32;32m2025-12-20 10:48:47.314|I|805740677|lpUCM [fds.cpp:FDS_OnLocalUpgProgress:248] total: 23, curr:3, percent:35, rop:10%
[m[0;32;32m2025-12-20 10:48:47.324|I|805740677|lpUCM [fds.cpp:FDS_OnLocalUpgProgress:248] total: 23, curr:3, percent:36, rop:10%
[m[0;32;32m2025-12-20 10:48:47.343|I|805740677|lpUCM [fds.cpp:FDS_OnLocalUpgProgress:248] total: 23, curr:3, percent:37, rop:10%
[m[0;32;32m2025-12-20 10:48:47.365|I|805740677|lpUCM [fds.cpp:FDS_OnLocalUpgProgress:248] total: 23, curr:3, percent:38, rop:10%
[m[0;32;32m2025-12-20 10:48:47.401|I|805740677|lpUCM [fds.cpp:FDS_OnLocalUpgProgress:248] total: 23, curr:3, percent:39, rop:10%
[m[0;32;32m2025-12-20 10:48:47.421|I|805740677|lpUCM [fds.cpp:FDS_OnLocalUpgProgress:248] total: 23, curr:3, percent:40, rop:10%
[m[0;32;32m2025-12-20 10:48:47.429|I|805740677|lpUCM [fds.cpp:FDS_OnLocalUpgProgress:248] total: 23, curr:3, percent:41, rop:10%
[m[0;32;32m2025-12-20 10:48:47.437|I|805740677|lpUCM [fds.cpp:FDS_OnLocalUpgProgress:248] total: 23, curr:3, percent:42, rop:10%
[m[0;32;32m2025-12-20 10:48:47.451|I|805740677|lpUCM [fds.cpp:FDS_OnLocalUpgProgress:248] total: 23, curr:3, percent:43, rop:10%
[m[0;32;32m2025-12-20 10:48:47.466|I|805740677|lpUCM [fds.cpp:FDS_OnLocalUpgProgress:248] total: 23, curr:3, percent:44, rop:10%
[m[0;32;32m2025-12-20 10:48:47.472|I|805740677|lpUCM [fds.cpp:FDS_OnLocalUpgProgress:248] total: 23, curr:3, percent:45, rop:10%
[m[0;32;32m2025-12-20 10:48:47.477|I|805740677|lpUCM [fds.cpp:FDS_OnLocalUpgProgress:248] total: 23, curr:3, percent:46, rop:10%
[m[0;32;32m2025-12-20 10:48:47.500|I|805740677|lpUCM [fds.cpp:FDS_OnLocalUpgProgress:248] total: 23, curr:3, percent:47, rop:10%
[m[0;32;32m2025-12-20 10:48:47.530|I|805740677|lpUCM [fds.cpp:FDS_OnLocalUpgProgress:248] total: 23, curr:3, percent:48, rop:10%
[m[0;32;32m2025-12-20 10:48:47.562|I|805740677|lpUCM [fds.cpp:FDS_OnLocalUpgProgress:248] total: 23, curr:3, percent:49, rop:10%
[m[0;32;32m2025-12-20 10:48:49.644|I|805740677|lpUCM [fds.cpp:FDS_OnLocalUpgProgress:248] total: 23, curr:3, percent:50, rop:10%
[m[0;32;32m2025-12-20 10:48:49.656|I|805740677|lpUCM [handler.c:FDS_idhExtractFile:234] CPIO extract success
[m[0;32;32m2025-12-20 10:48:49.656|I|805740677|lpUCM [fds.cpp:FDS_OnLocalUpgProgress:248] total: 23, curr:3, percent:100, rop:13%
[m[1;33m2025-12-20 10:48:49.656|W|805740677|lpUCM [scm.c:FDS_scmDeployImages:443] deploy [3st] success:dspfusalib.bin.rawgz
[m[1;33m2025-12-20 10:48:49.656|W|805740677|lpUCM [scm.c:FDS_scmDeployImages:435] start [4st] deploy:NON-HLOS.bin.rawgz
[m[0;32;32m2025-12-20 10:48:49.656|I|805740677|lpUCM [fds.cpp:FDS_OnLocalUpgProgress:248] total: 23, curr:4, percent:0, rop:13%
[m[0;32;32m2025-12-20 10:48:49.656|I|805740677|lpUCM [handler.c:FDS_idhFindDesc:79] find time 1, name raw, handler_name = raw
[m[0;32;32m2025-12-20 10:48:49.656|I|805740677|lpUCM [handler.c:FDS_idhFindDesc:94] find handler raw, type = 0
[m[0;32;32m2025-12-20 10:48:49.656|I|805740677|lpUCM [handler.c:FDS_idhFindDesc:79] find time 1, name raw, handler_name = raw
[m[0;32;32m2025-12-20 10:48:49.656|I|805740677|lpUCM [handler.c:FDS_idhFindDesc:94] find handler raw, type = 0
[m[0;32;32m2025-12-20 10:48:49.674|I|805740677|lpUCM [fds.cpp:FDS_OnLocalUpgProgress:248] total: 23, curr:4, percent:1, rop:13%
[m[0;32;32m2025-12-20 10:48:49.677|I|805740677|lpUCM [fds.cpp:FDS_OnLocalUpgProgress:248] total: 23, curr:4, percent:2, rop:13%
[m[0;32;32m2025-12-20 10:48:49.686|I|805740677|lpUCM [fds.cpp:FDS_OnLocalUpgProgress:248] total: 23, curr:4, percent:3, rop:13%
[m[0;32;32m2025-12-20 10:48:49.688|I|805740677|lpUCM [fds.cpp:FDS_OnLocalUpgProgress:248] total: 23, curr:4, percent:4, rop:13%
[m[0;32;32m2025-12-20 10:48:49.690|I|805740677|lpUCM [fds.cpp:FDS_OnLocalUpgProgress:248] total: 23, curr:4, percent:5, rop:13%
[m[0;32;32m2025-12-20 10:48:49.693|I|805740677|lpUCM [fds.cpp:FDS_OnLocalUpgProgress:248] total: 23, curr:4, percent:6, rop:13%
[m[0;32;32m2025-12-20 10:48:49.695|I|805740677|lpUCM [fds.cpp:FDS_OnLocalUpgProgress:248] total: 23, curr:4, percent:7, rop:13%
[m[0;32;32m2025-12-20 10:48:49.698|I|805740677|lpUCM [fds.cpp:FDS_OnLocalUpgProgress:248] total: 23, curr:4, percent:8, rop:13%
[m[0;32;32m2025-12-20 10:48:49.700|I|805740677|lpUCM [fds.cpp:FDS_OnLocalUpgProgress:248] total: 23, curr:4, percent:9, rop:13%
[m[0;32;32m2025-12-20 10:48:49.701|I|805740677|lpUCM [fds.cpp:FDS_OnLocalUpgProgress:248] total: 23, curr:4, percent:10, rop:13%
[m[0;32;32m2025-12-20 10:48:49.703|I|805740677|lpUCM [fds.cpp:FDS_OnLocalUpgProgress:248] total: 23, curr:4, percent:11, rop:13%
[m[0;32;32m2025-12-20 10:48:49.706|I|805740677|lpUCM [fds.cpp:FDS_OnLocalUpgProgress:248] total: 23, curr:4, percent:12, rop:13%
[m[0;32;32m2025-12-20 10:48:49.708|I|805740677|lpUCM [fds.cpp:FDS_OnLocalUpgProgress:248] total: 23, curr:4, percent:13, rop:13%
[m[0;32;32m2025-12-20 10:48:49.715|I|805740677|lpUCM [fds.cpp:FDS_OnLocalUpgProgress:248] total: 23, curr:4, percent:14, rop:13%
[m[0;32;32m2025-12-20 10:48:49.719|I|805740677|lpUCM [fds.cpp:FDS_OnLocalUpgProgress:248] total: 23, curr:4, percent:15, rop:13%
[m[0;32;32m2025-12-20 10:48:49.730|I|805740677|lpUCM [fds.cpp:FDS_OnLocalUpgProgress:248] total: 23, curr:4, percent:16, rop:13%
[m[0;32;32m2025-12-20 10:48:49.734|I|805740677|lpUCM [fds.cpp:FDS_OnLocalUpgProgress:248] total: 23, curr:4, percent:17, rop:13%
[m[0;32;32m2025-12-20 10:48:49.737|I|805740677|lpUCM [fds.cpp:FDS_OnLocalUpgProgress:248] total: 23, curr:4, percent:18, rop:13%
[m[0;32;32m2025-12-20 10:48:49.740|I|805740677|lpUCM [fds.cpp:FDS_OnLocalUpgProgress:248] total: 23, curr:4, percent:19, rop:13%
[m[0;32;32m2025-12-20 10:48:49.742|I|805740677|lpUCM [fds.cpp:FDS_OnLocalUpgProgress:248] total: 23, curr:4, percent:20, rop:13%
[m[0;32;32m2025-12-20 10:48:49.745|I|805740677|lpUCM [fds.cpp:FDS_OnLocalUpgProgress:248] total: 23, curr:4, percent:21, rop:13%
[m[0;32;32m2025-12-20 10:48:49.748|I|805740677|lpUCM [fds.cpp:FDS_OnLocalUpgProgress:248] total: 23, curr:4, percent:22, rop:14%
[m[0;32;32m2025-12-20 10:48:49.752|I|805740677|lpUCM [fds.cpp:FDS_OnLocalUpgProgress:248] total: 23, curr:4, percent:23, rop:14%
[m[0;32;32m2025-12-20 10:48:49.755|I|805740677|lpUCM [fds.cpp:FDS_OnLocalUpgProgress:248] total: 23, curr:4, percent:24, rop:14%
[m[0;32;32m2025-12-20 10:48:49.757|I|805740677|lpUCM [fds.cpp:FDS_OnLocalUpgProgress:248] total: 23, curr:4, percent:25, rop:14%
[m[0;32;32m2025-12-20 10:48:49.760|I|805740677|lpUCM [fds.cpp:FDS_OnLocalUpgProgress:248] total: 23, curr:4, percent:26, rop:14%
[m[0;32;32m2025-12-20 10:48:49.768|I|805740677|lpUCM [fds.cpp:FDS_OnLocalUpgProgress:248] total: 23, curr:4, percent:27, rop:14%
[m[0;32;32m2025-12-20 10:48:49.771|I|805740677|lpUCM [fds.cpp:FDS_OnLocalUpgProgress:248] total: 23, curr:4, percent:28, rop:14%
[m[0;32;32m2025-12-20 10:48:49.774|I|805740677|lpUCM [fds.cpp:FDS_OnLocalUpgProgress:248] total: 23, curr:4, percent:29, rop:14%
[m[0;32;32m2025-12-20 10:48:49.777|I|805740677|lpUCM [fds.cpp:FDS_OnLocalUpgProgress:248] total: 23, curr:4, percent:30, rop:14%
[m[0;32;32m2025-12-20 10:48:49.781|I|805740677|lpUCM [fds.cpp:FDS_OnLocalUpgProgress:248] total: 23, curr:4, percent:31, rop:14%
[m[0;32;32m2025-12-20 10:48:49.788|I|805740677|lpUCM [fds.cpp:FDS_OnLocalUpgProgress:248] total: 23, curr:4, percent:32, rop:14%
[m[0;32;32m2025-12-20 10:48:49.792|I|805740677|lpUCM [fds.cpp:FDS_OnLocalUpgProgress:248] total: 23, curr:4, percent:33, rop:14%
[m[0;32;32m2025-12-20 10:48:49.799|I|805740677|lpUCM [fds.cpp:FDS_OnLocalUpgProgress:248] total: 23, curr:4, percent:34, rop:14%
[m[0;32;32m2025-12-20 10:48:49.807|I|805740677|lpUCM [fds.cpp:FDS_OnLocalUpgProgress:248] total: 23, curr:4, percent:35, rop:14%
[m[0;32;32m2025-12-20 10:48:49.812|I|805740677|lpUCM [fds.cpp:FDS_OnLocalUpgProgress:248] total: 23, curr:4, percent:36, rop:14%
[m[0;32;32m2025-12-20 10:48:49.815|I|805740677|lpUCM [fds.cpp:FDS_OnLocalUpgProgress:248] total: 23, curr:4, percent:37, rop:14%
[m[0;32;32m2025-12-20 10:48:49.823|I|805740677|lpUCM [fds.cpp:FDS_OnLocalUpgProgress:248] total: 23, curr:4, percent:38, rop:14%
[m[0;32;32m2025-12-20 10:48:49.831|I|805740677|lpUCM [fds.cpp:FDS_OnLocalUpgProgress:248] total: 23, curr:4, percent:39, rop:14%
[m[0;32;32m2025-12-20 10:48:49.835|I|805740677|lpUCM [fds.cpp:FDS_OnLocalUpgProgress:248] total: 23, curr:4, percent:40, rop:14%
[m[0;32;32m2025-12-20 10:48:49.839|I|805740677|lpUCM [fds.cpp:FDS_OnLocalUpgProgress:248] total: 23, curr:4, percent:41, rop:14%
[m[0;32;32m2025-12-20 10:48:49.845|I|805740677|lpUCM [fds.cpp:FDS_OnLocalUpgProgress:248] total: 23, curr:4, percent:42, rop:14%
[m[0;32;32m2025-12-20 10:48:49.847|I|805740677|lpUCM [fds.cpp:FDS_OnLocalUpgProgress:248] total: 23, curr:4, percent:43, rop:14%
[m[0;32;32m2025-12-20 10:48:49.850|I|805740677|lpUCM [fds.cpp:FDS_OnLocalUpgProgress:248] total: 23, curr:4, percent:44, rop:14%
[m[0;32;32m2025-12-20 10:48:49.893|I|805740677|lpUCM [fds.cpp:FDS_OnLocalUpgProgress:248] total: 23, curr:4, percent:45, rop:15%
[m[0;32;32m2025-12-20 10:48:49.896|I|805740677|lpUCM [fds.cpp:FDS_OnLocalUpgProgress:248] total: 23, curr:4, percent:46, rop:15%
[m[0;32;32m2025-12-20 10:48:49.900|I|805740677|lpUCM [fds.cpp:FDS_OnLocalUpgProgress:248] total: 23, curr:4, percent:47, rop:15%
[m[0;32;32m2025-12-20 10:48:49.921|I|805740677|lpUCM [fds.cpp:FDS_OnLocalUpgProgress:248] total: 23, curr:4, percent:48, rop:15%
[m[0;32;32m2025-12-20 10:48:49.926|I|805740677|lpUCM [fds.cpp:FDS_OnLocalUpgProgress:248] total: 23, curr:4, percent:49, rop:15%
[m[0;32;32m2025-12-20 10:48:49.930|I|805740677|lpUCM [fds.cpp:FDS_OnLocalUpgProgress:248] total: 23, curr:4, percent:50, rop:15%
[m[0;32;32m2025-12-20 10:48:49.931|I|805740677|lpUCM [handler.c:FDS_idhExtractFile:234] CPIO extract success
[m[0;32;32m2025-12-20 10:48:49.931|I|805740677|lpUCM [fds.cpp:FDS_OnLocalUpgProgress:248] total: 23, curr:4, percent:100, rop:17%
[m[1;33m2025-12-20 10:48:49.931|W|805740677|lpUCM [scm.c:FDS_scmDeployImages:443] deploy [4st] success:NON-HLOS.bin.rawgz
[m[1;33m2025-12-20 10:48:49.931|W|805740677|lpUCM [scm.c:FDS_scmDeployImages:435] start [5st] deploy:xbl.elf.rawgz
[m[0;32;32m2025-12-20 10:48:49.931|I|805740677|lpUCM [fds.cpp:FDS_OnLocalUpgProgress:248] total: 23, curr:5, percent:0, rop:17%
[m[0;32;32m2025-12-20 10:48:49.931|I|805740677|lpUCM [handler.c:FDS_idhFindDesc:79] find time 1, name raw, handler_name = raw
[m[0;32;32m2025-12-20 10:48:49.931|I|805740677|lpUCM [handler.c:FDS_idhFindDesc:94] find handler raw, type = 0
[m[0;32;32m2025-12-20 10:48:49.931|I|805740677|lpUCM [handler.c:FDS_idhFindDesc:79] find time 1, name raw, handler_name = raw
[m[0;32;32m2025-12-20 10:48:49.931|I|805740677|lpUCM [handler.c:FDS_idhFindDesc:94] find handler raw, type = 0
[m[0;32;32m2025-12-20 10:48:49.948|I|805740677|lpUCM [fds.cpp:FDS_OnLocalUpgProgress:248] total: 23, curr:5, percent:1, rop:17%
[m[0;32;32m2025-12-20 10:48:49.950|I|805740677|lpUCM [fds.cpp:FDS_OnLocalUpgProgress:248] total: 23, curr:5, percent:2, rop:17%
[m[0;32;32m2025-12-20 10:48:49.952|I|805740677|lpUCM [fds.cpp:FDS_OnLocalUpgProgress:248] total: 23, curr:5, percent:3, rop:17%
[m[0;32;32m2025-12-20 10:48:49.954|I|805740677|lpUCM [fds.cpp:FDS_OnLocalUpgProgress:248] total: 23, curr:5, percent:4, rop:17%
[m[0;32;32m2025-12-20 10:48:49.955|I|805740677|lpUCM [fds.cpp:FDS_OnLocalUpgProgress:248] total: 23, curr:5, percent:5, rop:17%
[m[0;32;32m2025-12-20 10:48:49.963|I|805740677|lpUCM [fds.cpp:FDS_OnLocalUpgProgress:248] total: 23, curr:5, percent:6, rop:17%
[m[0;32;32m2025-12-20 10:48:49.965|I|805740677|lpUCM [fds.cpp:FDS_OnLocalUpgProgress:248] total: 23, curr:5, percent:7, rop:17%
[m[0;32;32m2025-12-20 10:48:49.968|I|805740677|lpUCM [fds.cpp:FDS_OnLocalUpgProgress:248] total: 23, curr:5, percent:8, rop:17%
[m[0;32;32m2025-12-20 10:48:49.968|I|805740677|lpUCM [fds.cpp:FDS_OnLocalUpgProgress:248] total: 23, curr:5, percent:9, rop:17%
[m[0;32;32m2025-12-20 10:48:49.969|I|805740677|lpUCM [fds.cpp:FDS_OnLocalUpgProgress:248] total: 23, curr:5, percent:10, rop:17%
[m[0;32;32m2025-12-20 10:48:49.970|I|805740677|lpUCM [fds.cpp:FDS_OnLocalUpgProgress:248] total: 23, curr:5, percent:11, rop:17%
[m[0;32;32m2025-12-20 10:48:49.970|I|805740677|lpUCM [fds.cpp:FDS_OnLocalUpgProgress:248] total: 23, curr:5, percent:12, rop:17%
[m[0;32;32m2025-12-20 10:48:49.971|I|805740677|lpUCM [fds.cpp:FDS_OnLocalUpgProgress:248] total: 23, curr:5, percent:13, rop:17%
[m[0;32;32m2025-12-20 10:48:49.972|I|805740677|lpUCM [fds.cpp:FDS_OnLocalUpgProgress:248] total: 23, curr:5, percent:14, rop:18%
[m[0;32;32m2025-12-20 10:48:49.972|I|805740677|lpUCM [fds.cpp:FDS_OnLocalUpgProgress:248] total: 23, curr:5, percent:15, rop:18%
[m[0;32;32m2025-12-20 10:48:49.973|I|805740677|lpUCM [fds.cpp:FDS_OnLocalUpgProgress:248] total: 23, curr:5, percent:16, rop:18%
[m[0;32;32m2025-12-20 10:48:49.974|I|805740677|lpUCM [fds.cpp:FDS_OnLocalUpgProgress:248] total: 23, curr:5, percent:17, rop:18%
[m[0;32;32m2025-12-20 10:48:49.975|I|805740677|lpUCM [fds.cpp:FDS_OnLocalUpgProgress:248] total: 23, curr:5, percent:18, rop:18%
[m[0;32;32m2025-12-20 10:48:49.976|I|805740677|lpUCM [fds.cpp:FDS_OnLocalUpgProgress:248] total: 23, curr:5, percent:19, rop:18%
[m[0;32;32m2025-12-20 10:48:49.977|I|805740677|lpUCM [fds.cpp:FDS_OnLocalUpgProgress:248] total: 23, curr:5, percent:20, rop:18%
[m[0;32;32m2025-12-20 10:48:49.977|I|805740677|lpUCM [fds.cpp:FDS_OnLocalUpgProgress:248] total: 23, curr:5, percent:21, rop:18%
[m[0;32;32m2025-12-20 10:48:49.978|I|805740677|lpUCM [fds.cpp:FDS_OnLocalUpgProgress:248] total: 23, curr:5, percent:22, rop:18%
[m[0;32;32m2025-12-20 10:48:49.978|I|805740677|lpUCM [fds.cpp:FDS_OnLocalUpgProgress:248] total: 23, curr:5, percent:23, rop:18%
[m[0;32;32m2025-12-20 10:48:49.979|I|805740677|lpUCM [fds.cpp:FDS_OnLocalUpgProgress:248] total: 23, curr:5, percent:24, rop:18%
[m[0;32;32m2025-12-20 10:48:49.980|I|805740677|lpUCM [fds.cpp:FDS_OnLocalUpgProgress:248] total: 23, curr:5, percent:25, rop:18%
[m[0;32;32m2025-12-20 10:48:49.980|I|805740677|lpUCM [fds.cpp:FDS_OnLocalUpgProgress:248] total: 23, curr:5, percent:26, rop:18%
[m[0;32;32m2025-12-20 10:48:49.981|I|805740677|lpUCM [fds.cpp:FDS_OnLocalUpgProgress:248] total: 23, curr:5, percent:27, rop:18%
[m[0;32;32m2025-12-20 10:48:49.981|I|805740677|lpUCM [fds.cpp:FDS_OnLocalUpgProgress:248] total: 23, curr:5, percent:28, rop:18%
[m[0;32;32m2025-12-20 10:48:49.982|I|805740677|lpUCM [fds.cpp:FDS_OnLocalUpgProgress:248] total: 23, curr:5, percent:29, rop:18%
[m[0;32;32m2025-12-20 10:48:49.984|I|805740677|lpUCM [fds.cpp:FDS_OnLocalUpgProgress:248] total: 23, curr:5, percent:30, rop:18%
[m[0;32;32m2025-12-20 10:48:49.985|I|805740677|lpUCM [fds.cpp:FDS_OnLocalUpgProgress:248] total: 23, curr:5, percent:31, rop:18%
[m[0;32;32m2025-12-20 10:48:49.986|I|805740677|lpUCM [fds.cpp:FDS_OnLocalUpgProgress:248] total: 23, curr:5, percent:32, rop:18%
[m[0;32;32m2025-12-20 10:48:49.987|I|805740677|lpUCM [fds.cpp:FDS_OnLocalUpgProgress:248] total: 23, curr:5, percent:33, rop:18%
[m[0;32;32m2025-12-20 10:48:49.988|I|805740677|lpUCM [fds.cpp:FDS_OnLocalUpgProgress:248] total: 23, curr:5, percent:34, rop:18%
[m[0;32;32m2025-12-20 10:48:49.989|I|805740677|lpUCM [fds.cpp:FDS_OnLocalUpgProgress:248] total: 23, curr:5, percent:35, rop:18%
[m[0;32;32m2025-12-20 10:48:49.990|I|805740677|lpUCM [fds.cpp:FDS_OnLocalUpgProgress:248] total: 23, curr:5, percent:36, rop:18%
[m[0;32;32m2025-12-20 10:48:49.990|I|805740677|lpUCM [fds.cpp:FDS_OnLocalUpgProgress:248] total: 23, curr:5, percent:37, rop:19%
[m[0;32;32m2025-12-20 10:48:50.7|I|805740677|lpUCM [fds.cpp:FDS_OnLocalUpgProgress:248] total: 23, curr:5, percent:38, rop:19%
[m[0;32;32m2025-12-20 10:48:50.8|I|805740677|lpUCM [fds.cpp:FDS_OnLocalUpgProgress:248] total: 23, curr:5, percent:39, rop:19%
[m[0;32;32m2025-12-20 10:48:50.9|I|805740677|lpUCM [fds.cpp:FDS_OnLocalUpgProgress:248] total: 23, curr:5, percent:40, rop:19%
[m[0;32;32m2025-12-20 10:48:50.9|I|805740677|lpUCM [fds.cpp:FDS_OnLocalUpgProgress:248] total: 23, curr:5, percent:41, rop:19%
[m[0;32;32m2025-12-20 10:48:50.10|I|805740677|lpUCM [fds.cpp:FDS_OnLocalUpgProgress:248] total: 23, curr:5, percent:42, rop:19%
[m[0;32;32m2025-12-20 10:48:50.11|I|805740677|lpUCM [fds.cpp:FDS_OnLocalUpgProgress:248] total: 23, curr:5, percent:43, rop:19%
[m[0;32;32m2025-12-20 10:48:50.12|I|805740677|lpUCM [fds.cpp:FDS_OnLocalUpgProgress:248] total: 23, curr:5, percent:44, rop:19%
[m[0;32;32m2025-12-20 10:48:50.12|I|805740677|lpUCM [fds.cpp:FDS_OnLocalUpgProgress:248] total: 23, curr:5, percent:45, rop:19%
[m[0;32;32m2025-12-20 10:48:50.16|I|805740677|lpUCM [fds.cpp:FDS_OnLocalUpgProgress:248] total: 23, curr:5, percent:46, rop:19%
[m[0;32;32m2025-12-20 10:48:50.19|I|805740677|lpUCM [fds.cpp:FDS_OnLocalUpgProgress:248] total: 23, curr:5, percent:47, rop:19%
[m[0;32;32m2025-12-20 10:48:50.21|I|805740677|lpUCM [fds.cpp:FDS_OnLocalUpgProgress:248] total: 23, curr:5, percent:48, rop:19%
[m[0;32;32m2025-12-20 10:48:50.22|I|805740677|lpUCM [fds.cpp:FDS_OnLocalUpgProgress:248] total: 23, curr:5, percent:49, rop:19%
[m[0;32;32m2025-12-20 10:48:50.24|I|805740677|lpUCM [fds.cpp:FDS_OnLocalUpgProgress:248] total: 23, curr:5, percent:50, rop:19%
[m[0;32;32m2025-12-20 10:48:50.24|I|805740677|lpUCM [handler.c:FDS_idhExtractFile:234] CPIO extract success
[m[0;32;32m2025-12-20 10:48:50.24|I|805740677|lpUCM [fds.cpp:FDS_OnLocalUpgProgress:248] total: 23, curr:5, percent:100, rop:21%
[m[1;33m2025-12-20 10:48:50.24|W|805740677|lpUCM [scm.c:FDS_scmDeployImages:443] deploy [5st] success:xbl.elf.rawgz
[m[1;33m2025-12-20 10:48:50.24|W|805740677|lpUCM [scm.c:FDS_scmDeployImages:435] start [6st] deploy:xbl_back.elf.rawgz
[m[0;32;32m2025-12-20 10:48:50.24|I|805740677|lpUCM [fds.cpp:FDS_OnLocalUpgProgress:248] total: 23, curr:6, percent:0, rop:21%
[m[0;32;32m2025-12-20 10:48:50.24|I|805740677|lpUCM [handler.c:FDS_idhFindDesc:79] find time 1, name raw, handler_name = raw
[m[0;32;32m2025-12-20 10:48:50.24|I|805740677|lpUCM [handler.c:FDS_idhFindDesc:94] find handler raw, type = 0
[m[0;32;32m2025-12-20 10:48:50.24|I|805740677|lpUCM [handler.c:FDS_idhFindDesc:79] find time 1, name raw, handler_name = raw
[m[0;32;32m2025-12-20 10:48:50.24|I|805740677|lpUCM [handler.c:FDS_idhFindDesc:94] find handler raw, type = 0
[m[0;32;32m2025-12-20 10:48:50.37|I|805740677|lpUCM [fds.cpp:FDS_OnLocalUpgProgress:248] total: 23, curr:6, percent:1, rop:21%
[m[0;32;32m2025-12-20 10:48:50.38|I|805740677|lpUCM [fds.cpp:FDS_OnLocalUpgProgress:248] total: 23, curr:6, percent:2, rop:21%
[m[0;32;32m2025-12-20 10:48:50.40|I|805740677|lpUCM [fds.cpp:FDS_OnLocalUpgProgress:248] total: 23, curr:6, percent:3, rop:21%
[m[0;32;32m2025-12-20 10:48:50.41|I|805740677|lpUCM [fds.cpp:FDS_OnLocalUpgProgress:248] total: 23, curr:6, percent:4, rop:21%
[m[0;32;32m2025-12-20 10:48:50.43|I|805740677|lpUCM [fds.cpp:FDS_OnLocalUpgProgress:248] total: 23, curr:6, percent:5, rop:21%
[m[0;32;32m2025-12-20 10:48:50.45|I|805740677|lpUCM [fds.cpp:FDS_OnLocalUpgProgress:248] total: 23, curr:6, percent:6, rop:22%
[m[0;32;32m2025-12-20 10:48:50.46|I|805740677|lpUCM [fds.cpp:FDS_OnLocalUpgProgress:248] total: 23, curr:6, percent:7, rop:22%
[m[0;32;32m2025-12-20 10:48:50.48|I|805740677|lpUCM [fds.cpp:FDS_OnLocalUpgProgress:248] total: 23, curr:6, percent:8, rop:22%
[m[0;32;32m2025-12-20 10:48:50.49|I|805740677|lpUCM [fds.cpp:FDS_OnLocalUpgProgress:248] total: 23, curr:6, percent:9, rop:22%
[m[0;32;32m2025-12-20 10:48:50.50|I|805740677|lpUCM [fds.cpp:FDS_OnLocalUpgProgress:248] total: 23, curr:6, percent:10, rop:22%
[m[0;32;32m2025-12-20 10:48:50.51|I|805740677|lpUCM [fds.cpp:FDS_OnLocalUpgProgress:248] total: 23, curr:6, percent:11, rop:22%
[m[0;32;32m2025-12-20 10:48:50.51|I|805740677|lpUCM [fds.cpp:FDS_OnLocalUpgProgress:248] total: 23, curr:6, percent:12, rop:22%
[m[0;32;32m2025-12-20 10:48:50.52|I|805740677|lpUCM [fds.cpp:FDS_OnLocalUpgProgress:248] total: 23, curr:6, percent:13, rop:22%
[m[0;32;32m2025-12-20 10:48:50.53|I|805740677|lpUCM [fds.cpp:FDS_OnLocalUpgProgress:248] total: 23, curr:6, percent:14, rop:22%
[m[0;32;32m2025-12-20 10:48:50.54|I|805740677|lpUCM [fds.cpp:FDS_OnLocalUpgProgress:248] total: 23, curr:6, percent:15, rop:22%
[m[0;32;32m2025-12-20 10:48:50.55|I|805740677|lpUCM [fds.cpp:FDS_OnLocalUpgProgress:248] total: 23, curr:6, percent:16, rop:22%
[m[0;32;32m2025-12-20 10:48:50.55|I|805740677|lpUCM [fds.cpp:FDS_OnLocalUpgProgress:248] total: 23, curr:6, percent:17, rop:22%
[m[0;32;32m2025-12-20 10:48:50.56|I|805740677|lpUCM [fds.cpp:FDS_OnLocalUpgProgress:248] total: 23, curr:6, percent:18, rop:22%
[m[0;32;32m2025-12-20 10:48:50.57|I|805740677|lpUCM [fds.cpp:FDS_OnLocalUpgProgress:248] total: 23, curr:6, percent:19, rop:22%
[m[0;32;32m2025-12-20 10:48:50.58|I|805740677|lpUCM [fds.cpp:FDS_OnLocalUpgProgress:248] total: 23, curr:6, percent:20, rop:22%
[m[0;32;32m2025-12-20 10:48:50.59|I|805740677|lpUCM [fds.cpp:FDS_OnLocalUpgProgress:248] total: 23, curr:6, percent:21, rop:22%
[m[0;32;32m2025-12-20 10:48:50.60|I|805740677|lpUCM [fds.cpp:FDS_OnLocalUpgProgress:248] total: 23, curr:6, percent:22, rop:22%
[m[0;32;32m2025-12-20 10:48:50.60|I|805740677|lpUCM [fds.cpp:FDS_OnLocalUpgProgress:248] total: 23, curr:6, percent:23, rop:22%
[m[0;32;32m2025-12-20 10:48:50.61|I|805740677|lpUCM [fds.cpp:FDS_OnLocalUpgProgress:248] total: 23, curr:6, percent:24, rop:22%
[m[0;32;32m2025-12-20 10:48:50.62|I|805740677|lpUCM [fds.cpp:FDS_OnLocalUpgProgress:248] total: 23, curr:6, percent:25, rop:22%
[m[0;32;32m2025-12-20 10:48:50.62|I|805740677|lpUCM [fds.cpp:FDS_OnLocalUpgProgress:248] total: 23, curr:6, percent:26, rop:22%
[m[0;32;32m2025-12-20 10:48:50.63|I|805740677|lpUCM [fds.cpp:FDS_OnLocalUpgProgress:248] total: 23, curr:6, percent:27, rop:22%
[m[0;32;32m2025-12-20 10:48:50.63|I|805740677|lpUCM [fds.cpp:FDS_OnLocalUpgProgress:248] total: 23, curr:6, percent:28, rop:22%
[m[0;32;32m2025-12-20 10:48:50.64|I|805740677|lpUCM [fds.cpp:FDS_OnLocalUpgProgress:248] total: 23, curr:6, percent:29, rop:23%
[m[0;32;32m2025-12-20 10:48:50.65|I|805740677|lpUCM [fds.cpp:FDS_OnLocalUpgProgress:248] total: 23, curr:6, percent:30, rop:23%
[m[0;32;32m2025-12-20 10:48:50.66|I|805740677|lpUCM [fds.cpp:FDS_OnLocalUpgProgress:248] total: 23, curr:6, percent:31, rop:23%
[m[0;32;32m2025-12-20 10:48:50.67|I|805740677|lpUCM [fds.cpp:FDS_OnLocalUpgProgress:248] total: 23, curr:6, percent:32, rop:23%
[m[0;32;32m2025-12-20 10:48:50.68|I|805740677|lpUCM [fds.cpp:FDS_OnLocalUpgProgress:248] total: 23, curr:6, percent:33, rop:23%
[m[0;32;32m2025-12-20 10:48:50.69|I|805740677|lpUCM [fds.cpp:FDS_OnLocalUpgProgress:248] total: 23, curr:6, percent:34, rop:23%
[m[0;32;32m2025-12-20 10:48:50.69|I|805740677|lpUCM [fds.cpp:FDS_OnLocalUpgProgress:248] total: 23, curr:6, percent:35, rop:23%
[m[0;32;32m2025-12-20 10:48:50.70|I|805740677|lpUCM [fds.cpp:FDS_OnLocalUpgProgress:248] total: 23, curr:6, percent:36, rop:23%
[m[0;32;32m2025-12-20 10:48:50.71|I|805740677|lpUCM [fds.cpp:FDS_OnLocalUpgProgress:248] total: 23, curr:6, percent:37, rop:23%
[m[0;32;32m2025-12-20 10:48:50.81|I|805740677|lpUCM [fds.cpp:FDS_OnLocalUpgProgress:248] total: 23, curr:6, percent:38, rop:23%
[m[0;32;32m2025-12-20 10:48:50.82|I|805740677|lpUCM [fds.cpp:FDS_OnLocalUpgProgress:248] total: 23, curr:6, percent:39, rop:23%
[m[0;32;32m2025-12-20 10:48:50.83|I|805740677|lpUCM [fds.cpp:FDS_OnLocalUpgProgress:248] total: 23, curr:6, percent:40, rop:23%
[m[0;32;32m2025-12-20 10:48:50.84|I|805740677|lpUCM [fds.cpp:FDS_OnLocalUpgProgress:248] total: 23, curr:6, percent:41, rop:23%
[m[0;32;32m2025-12-20 10:48:50.84|I|805740677|lpUCM [fds.cpp:FDS_OnLocalUpgProgress:248] total: 23, curr:6, percent:42, rop:23%
[m[0;32;32m2025-12-20 10:48:50.85|I|805740677|lpUCM [fds.cpp:FDS_OnLocalUpgProgress:248] total: 23, curr:6, percent:43, rop:23%
[m[0;32;32m2025-12-20 10:48:50.86|I|805740677|lpUCM [fds.cpp:FDS_OnLocalUpgProgress:248] total: 23, curr:6, percent:44, rop:23%
[m[0;32;32m2025-12-20 10:48:50.87|I|805740677|lpUCM [fds.cpp:FDS_OnLocalUpgProgress:248] total: 23, curr:6, percent:45, rop:23%
[m[0;32;32m2025-12-20 10:48:50.92|I|805740677|lpUCM [fds.cpp:FDS_OnLocalUpgProgress:248] total: 23, curr:6, percent:46, rop:23%
[m[0;32;32m2025-12-20 10:48:50.94|I|805740677|lpUCM [fds.cpp:FDS_OnLocalUpgProgress:248] total: 23, curr:6, percent:47, rop:23%
[m[0;32;32m2025-12-20 10:48:50.96|I|805740677|lpUCM [fds.cpp:FDS_OnLocalUpgProgress:248] total: 23, curr:6, percent:48, rop:23%
[m[0;32;32m2025-12-20 10:48:50.97|I|805740677|lpUCM [fds.cpp:FDS_OnLocalUpgProgress:248] total: 23, curr:6, percent:49, rop:23%
[m[0;32;32m2025-12-20 10:48:50.99|I|805740677|lpUCM [fds.cpp:FDS_OnLocalUpgProgress:248] total: 23, curr:6, percent:50, rop:23%
[m[0;32;32m2025-12-20 10:48:50.99|I|805740677|lpUCM [handler.c:FDS_idhExtractFile:234] CPIO extract success
[m[0;32;32m2025-12-20 10:48:50.99|I|805740677|lpUCM [fds.cpp:FDS_OnLocalUpgProgress:248] total: 23, curr:6, percent:100, rop:26%
[m[1;33m2025-12-20 10:48:50.99|W|805740677|lpUCM [scm.c:FDS_scmDeployImages:443] deploy [6st] success:xbl_back.elf.rawgz
[m[1;33m2025-12-20 10:48:50.99|W|805740677|lpUCM [scm.c:FDS_scmDeployImages:435] start [7st] deploy:xbl_config.elf.rawgz
[m[0;32;32m2025-12-20 10:48:50.99|I|805740677|lpUCM [fds.cpp:FDS_OnLocalUpgProgress:248] total: 23, curr:7, percent:0, rop:26%
[m[0;32;32m2025-12-20 10:48:50.99|I|805740677|lpUCM [handler.c:FDS_idhFindDesc:79] find time 1, name raw, handler_name = raw
[m[0;32;32m2025-12-20 10:48:50.99|I|805740677|lpUCM [handler.c:FDS_idhFindDesc:94] find handler raw, type = 0
[m[0;32;32m2025-12-20 10:48:50.99|I|805740677|lpUCM [handler.c:FDS_idhFindDesc:79] find time 1, name raw, handler_name = raw
[m[0;32;32m2025-12-20 10:48:50.99|I|805740677|lpUCM [handler.c:FDS_idhFindDesc:94] find handler raw, type = 0
[m[0;32;32m2025-12-20 10:48:50.99|I|805740677|lpUCM [fds.cpp:FDS_OnLocalUpgProgress:248] total: 23, curr:7, percent:13, rop:26%
[m[0;32;32m2025-12-20 10:48:50.100|I|805740677|lpUCM [fds.cpp:FDS_OnLocalUpgProgress:248] total: 23, curr:7, percent:26, rop:27%
[m[0;32;32m2025-12-20 10:48:50.115|I|805740677|lpUCM [fds.cpp:FDS_OnLocalUpgProgress:248] total: 23, curr:7, percent:40, rop:27%
[m[0;32;32m2025-12-20 10:48:50.117|I|805740677|lpUCM [fds.cpp:FDS_OnLocalUpgProgress:248] total: 23, curr:7, percent:50, rop:28%
[m[0;32;32m2025-12-20 10:48:50.118|I|805740677|lpUCM [handler.c:FDS_idhExtractFile:234] CPIO extract success
[m[0;32;32m2025-12-20 10:48:50.118|I|805740677|lpUCM [fds.cpp:FDS_OnLocalUpgProgress:248] total: 23, curr:7, percent:100, rop:30%
[m[1;33m2025-12-20 10:48:50.118|W|805740677|lpUCM [scm.c:FDS_scmDeployImages:443] deploy [7st] success:xbl_config.elf.rawgz
[m[1;33m2025-12-20 10:48:50.118|W|805740677|lpUCM [scm.c:FDS_scmDeployImages:435] start [8st] deploy:aop.mbn.rawgz
[m[0;32;32m2025-12-20 10:48:50.118|I|805740677|lpUCM [fds.cpp:FDS_OnLocalUpgProgress:248] total: 23, curr:8, percent:0, rop:30%
[m[0;32;32m2025-12-20 10:48:50.118|I|805740677|lpUCM [handler.c:FDS_idhFindDesc:79] find time 1, name raw, handler_name = raw
[m[0;32;32m2025-12-20 10:48:50.118|I|805740677|lpUCM [handler.c:FDS_idhFindDesc:94] find handler raw, type = 0
[m[0;32;32m2025-12-20 10:48:50.118|I|805740677|lpUCM [handler.c:FDS_idhFindDesc:79] find time 1, name raw, handler_name = raw
[m[0;32;32m2025-12-20 10:48:50.118|I|805740677|lpUCM [handler.c:FDS_idhFindDesc:94] find handler raw, type = 0
[m[0;32;32m2025-12-20 10:48:50.118|I|805740677|lpUCM [fds.cpp:FDS_OnLocalUpgProgress:248] total: 23, curr:8, percent:8, rop:30%
[m[0;32;32m2025-12-20 10:48:50.119|I|805740677|lpUCM [fds.cpp:FDS_OnLocalUpgProgress:248] total: 23, curr:8, percent:16, rop:31%
[m[0;32;32m2025-12-20 10:48:50.120|I|805740677|lpUCM [fds.cpp:FDS_OnLocalUpgProgress:248] total: 23, curr:8, percent:25, rop:31%
[m[0;32;32m2025-12-20 10:48:50.120|I|805740677|lpUCM [fds.cpp:FDS_OnLocalUpgProgress:248] total: 23, curr:8, percent:33, rop:31%
[m[0;32;32m2025-12-20 10:48:50.121|I|805740677|lpUCM [fds.cpp:FDS_OnLocalUpgProgress:248] total: 23, curr:8, percent:42, rop:32%
[m[0;32;32m2025-12-20 10:48:50.122|I|805740677|lpUCM [fds.cpp:FDS_OnLocalUpgProgress:248] total: 23, curr:8, percent:50, rop:32%
[m[0;32;32m2025-12-20 10:48:50.122|I|805740677|lpUCM [handler.c:FDS_idhExtractFile:234] CPIO extract success
[m[0;32;32m2025-12-20 10:48:50.122|I|805740677|lpUCM [fds.cpp:FDS_OnLocalUpgProgress:248] total: 23, curr:8, percent:100, rop:34%
[m[1;33m2025-12-20 10:48:50.122|W|805740677|lpUCM [scm.c:FDS_scmDeployImages:443] deploy [8st] success:aop.mbn.rawgz
[m[1;33m2025-12-20 10:48:50.122|W|805740677|lpUCM [scm.c:FDS_scmDeployImages:435] start [9st] deploy:tz.mbn.rawgz
[m[0;32;32m2025-12-20 10:48:50.122|I|805740677|lpUCM [fds.cpp:FDS_OnLocalUpgProgress:248] total: 23, curr:9, percent:0, rop:34%
[m[0;32;32m2025-12-20 10:48:50.122|I|805740677|lpUCM [handler.c:FDS_idhFindDesc:79] find time 1, name raw, handler_name = raw
[m[0;32;32m2025-12-20 10:48:50.122|I|805740677|lpUCM [handler.c:FDS_idhFindDesc:94] find handler raw, type = 0
[m[0;32;32m2025-12-20 10:48:50.122|I|805740677|lpUCM [handler.c:FDS_idhFindDesc:79] find time 1, name raw, handler_name = raw
[m[0;32;32m2025-12-20 10:48:50.122|I|805740677|lpUCM [handler.c:FDS_idhFindDesc:94] find handler raw, type = 0
[m[0;32;32m2025-12-20 10:48:50.124|I|805740677|lpUCM [fds.cpp:FDS_OnLocalUpgProgress:248] total: 23, curr:9, percent:1, rop:34%
[m[0;32;32m2025-12-20 10:48:50.125|I|805740677|lpUCM [fds.cpp:FDS_OnLocalUpgProgress:248] total: 23, curr:9, percent:2, rop:34%
[m[0;32;32m2025-12-20 10:48:50.128|I|805740677|lpUCM [fds.cpp:FDS_OnLocalUpgProgress:248] total: 23, curr:9, percent:3, rop:34%
[m[0;32;32m2025-12-20 10:48:50.129|I|805740677|lpUCM [fds.cpp:FDS_OnLocalUpgProgress:248] total: 23, curr:9, percent:4, rop:34%
[m[0;32;32m2025-12-20 10:48:50.130|I|805740677|lpUCM [fds.cpp:FDS_OnLocalUpgProgress:248] total: 23, curr:9, percent:5, rop:35%
[m[0;32;32m2025-12-20 10:48:50.130|I|805740677|lpUCM [fds.cpp:FDS_OnLocalUpgProgress:248] total: 23, curr:9, percent:6, rop:35%
[m[0;32;32m2025-12-20 10:48:50.132|I|805740677|lpUCM [fds.cpp:FDS_OnLocalUpgProgress:248] total: 23, curr:9, percent:7, rop:35%
[m[0;32;32m2025-12-20 10:48:50.133|I|805740677|lpUCM [fds.cpp:FDS_OnLocalUpgProgress:248] total: 23, curr:9, percent:8, rop:35%
[m[0;32;32m2025-12-20 10:48:50.133|I|805740677|lpUCM [fds.cpp:FDS_OnLocalUpgProgress:248] total: 23, curr:9, percent:9, rop:35%
[m[0;32;32m2025-12-20 10:48:50.134|I|805740677|lpUCM [fds.cpp:FDS_OnLocalUpgProgress:248] total: 23, curr:9, percent:10, rop:35%
[m[0;32;32m2025-12-20 10:48:50.135|I|805740677|lpUCM [fds.cpp:FDS_OnLocalUpgProgress:248] total: 23, curr:9, percent:11, rop:35%
[m[0;32;32m2025-12-20 10:48:50.136|I|805740677|lpUCM [fds.cpp:FDS_OnLocalUpgProgress:248] total: 23, curr:9, percent:12, rop:35%
[m[0;32;32m2025-12-20 10:48:50.137|I|805740677|lpUCM [fds.cpp:FDS_OnLocalUpgProgress:248] total: 23, curr:9, percent:13, rop:35%
[m[0;32;32m2025-12-20 10:48:50.142|I|805740677|lpUCM [fds.cpp:FDS_OnLocalUpgProgress:248] total: 23, curr:9, percent:14, rop:35%
[m[0;32;32m2025-12-20 10:48:50.144|I|805740677|lpUCM [fds.cpp:FDS_OnLocalUpgProgress:248] total: 23, curr:9, percent:15, rop:35%
[m[0;32;32m2025-12-20 10:48:50.144|I|805740677|lpUCM [fds.cpp:FDS_OnLocalUpgProgress:248] total: 23, curr:9, percent:16, rop:35%
[m[0;32;32m2025-12-20 10:48:50.145|I|805740677|lpUCM [fds.cpp:FDS_OnLocalUpgProgress:248] total: 23, curr:9, percent:17, rop:35%
[m[0;32;32m2025-12-20 10:48:50.146|I|805740677|lpUCM [fds.cpp:FDS_OnLocalUpgProgress:248] total: 23, curr:9, percent:18, rop:35%
[m[0;32;32m2025-12-20 10:48:50.147|I|805740677|lpUCM [fds.cpp:FDS_OnLocalUpgProgress:248] total: 23, curr:9, percent:19, rop:35%
[m[0;32;32m2025-12-20 10:48:50.149|I|805740677|lpUCM [fds.cpp:FDS_OnLocalUpgProgress:248] total: 23, curr:9, percent:20, rop:35%
[m[0;32;32m2025-12-20 10:48:50.149|I|805740677|lpUCM [fds.cpp:FDS_OnLocalUpgProgress:248] total: 23, curr:9, percent:21, rop:35%
[m[0;32;32m2025-12-20 10:48:50.151|I|805740677|lpUCM [fds.cpp:FDS_OnLocalUpgProgress:248] total: 23, curr:9, percent:22, rop:35%
[m[0;32;32m2025-12-20 10:48:50.152|I|805740677|lpUCM [fds.cpp:FDS_OnLocalUpgProgress:248] total: 23, curr:9, percent:23, rop:35%
[m[0;32;32m2025-12-20 10:48:50.153|I|805740677|lpUCM [fds.cpp:FDS_OnLocalUpgProgress:248] total: 23, curr:9, percent:24, rop:35%
[m[0;32;32m2025-12-20 10:48:50.155|I|805740677|lpUCM [fds.cpp:FDS_OnLocalUpgProgress:248] total: 23, curr:9, percent:25, rop:35%
[m[0;32;32m2025-12-20 10:48:50.156|I|805740677|lpUCM [fds.cpp:FDS_OnLocalUpgProgress:248] total: 23, curr:9, percent:26, rop:35%
[m[0;32;32m2025-12-20 10:48:50.159|I|805740677|lpUCM [fds.cpp:FDS_OnLocalUpgProgress:248] total: 23, curr:9, percent:27, rop:35%
[m[0;32;32m2025-12-20 10:48:50.170|I|805740677|lpUCM [fds.cpp:FDS_OnLocalUpgProgress:248] total: 23, curr:9, percent:28, rop:36%
[m[0;32;32m2025-12-20 10:48:50.172|I|805740677|lpUCM [fds.cpp:FDS_OnLocalUpgProgress:248] total: 23, curr:9, percent:29, rop:36%
[m[0;32;32m2025-12-20 10:48:50.173|I|805740677|lpUCM [fds.cpp:FDS_OnLocalUpgProgress:248] total: 23, curr:9, percent:30, rop:36%
[m[0;32;32m2025-12-20 10:48:50.174|I|805740677|lpUCM [fds.cpp:FDS_OnLocalUpgProgress:248] total: 23, curr:9, percent:31, rop:36%
[m[0;32;32m2025-12-20 10:48:50.175|I|805740677|lpUCM [fds.cpp:FDS_OnLocalUpgProgress:248] total: 23, curr:9, percent:32, rop:36%
[m[0;32;32m2025-12-20 10:48:50.176|I|805740677|lpUCM [fds.cpp:FDS_OnLocalUpgProgress:248] total: 23, curr:9, percent:33, rop:36%
[m[0;32;32m2025-12-20 10:48:50.177|I|805740677|lpUCM [fds.cpp:FDS_OnLocalUpgProgress:248] total: 23, curr:9, percent:34, rop:36%
[m[0;32;32m2025-12-20 10:48:50.178|I|805740677|lpUCM [fds.cpp:FDS_OnLocalUpgProgress:248] total: 23, curr:9, percent:35, rop:36%
[m[0;32;32m2025-12-20 10:48:50.179|I|805740677|lpUCM [fds.cpp:FDS_OnLocalUpgProgress:248] total: 23, curr:9, percent:36, rop:36%
[m[0;32;32m2025-12-20 10:48:50.179|I|805740677|lpUCM [fds.cpp:FDS_OnLocalUpgProgress:248] total: 23, curr:9, percent:37, rop:36%
[m[0;32;32m2025-12-20 10:48:50.180|I|805740677|lpUCM [fds.cpp:FDS_OnLocalUpgProgress:248] total: 23, curr:9, percent:38, rop:36%
[m[0;32;32m2025-12-20 10:48:50.182|I|805740677|lpUCM [fds.cpp:FDS_OnLocalUpgProgress:248] total: 23, curr:9, percent:39, rop:36%
[m[0;32;32m2025-12-20 10:48:50.183|I|805740677|lpUCM [fds.cpp:FDS_OnLocalUpgProgress:248] total: 23, curr:9, percent:40, rop:36%
[m[0;32;32m2025-12-20 10:48:50.184|I|805740677|lpUCM [fds.cpp:FDS_OnLocalUpgProgress:248] total: 23, curr:9, percent:41, rop:36%
[m[0;32;32m2025-12-20 10:48:50.185|I|805740677|lpUCM [fds.cpp:FDS_OnLocalUpgProgress:248] total: 23, curr:9, percent:42, rop:36%
[m[0;32;32m2025-12-20 10:48:50.187|I|805740677|lpUCM [fds.cpp:FDS_OnLocalUpgProgress:248] total: 23, curr:9, percent:43, rop:36%
[m[0;32;32m2025-12-20 10:48:50.189|I|805740677|lpUCM [fds.cpp:FDS_OnLocalUpgProgress:248] total: 23, curr:9, percent:44, rop:36%
[m[0;32;32m2025-12-20 10:48:50.190|I|805740677|lpUCM [fds.cpp:FDS_OnLocalUpgProgress:248] total: 23, curr:9, percent:45, rop:36%
[m[0;32;32m2025-12-20 10:48:50.191|I|805740677|lpUCM [fds.cpp:FDS_OnLocalUpgProgress:248] total: 23, curr:9, percent:46, rop:36%
[m[0;32;32m2025-12-20 10:48:50.192|I|805740677|lpUCM [fds.cpp:FDS_OnLocalUpgProgress:248] total: 23, curr:9, percent:47, rop:36%
[m[0;32;32m2025-12-20 10:48:50.193|I|805740677|lpUCM [fds.cpp:FDS_OnLocalUpgProgress:248] total: 23, curr:9, percent:48, rop:36%
[m[0;32;32m2025-12-20 10:48:50.194|I|805740677|lpUCM [fds.cpp:FDS_OnLocalUpgProgress:248] total: 23, curr:9, percent:49, rop:36%
[m[0;32;32m2025-12-20 10:48:50.195|I|805740677|lpUCM [fds.cpp:FDS_OnLocalUpgProgress:248] total: 23, curr:9, percent:50, rop:36%
[m[0;32;32m2025-12-20 10:48:50.196|I|805740677|lpUCM [handler.c:FDS_idhExtractFile:234] CPIO extract success
[m[0;32;32m2025-12-20 10:48:50.196|I|805740677|lpUCM [fds.cpp:FDS_OnLocalUpgProgress:248] total: 23, curr:9, percent:100, rop:39%
[m[1;33m2025-12-20 10:48:50.196|W|805740677|lpUCM [scm.c:FDS_scmDeployImages:443] deploy [9st] success:tz.mbn.rawgz
[m[1;33m2025-12-20 10:48:50.196|W|805740677|lpUCM [scm.c:FDS_scmDeployImages:435] start [10st] deploy:abl.elf.rawgz
[m[0;32;32m2025-12-20 10:48:50.196|I|805740677|lpUCM [fds.cpp:FDS_OnLocalUpgProgress:248] total: 23, curr:10, percent:0, rop:39%
[m[0;32;32m2025-12-20 10:48:50.196|I|805740677|lpUCM [handler.c:FDS_idhFindDesc:79] find time 1, name raw, handler_name = raw
[m[0;32;32m2025-12-20 10:48:50.196|I|805740677|lpUCM [handler.c:FDS_idhFindDesc:94] find handler raw, type = 0
[m[0;32;32m2025-12-20 10:48:50.196|I|805740677|lpUCM [handler.c:FDS_idhFindDesc:79] find time 1, name raw, handler_name = raw
[m[0;32;32m2025-12-20 10:48:50.196|I|805740677|lpUCM [handler.c:FDS_idhFindDesc:94] find handler raw, type = 0
[m[0;32;32m2025-12-20 10:48:50.196|I|805740677|lpUCM [fds.cpp:FDS_OnLocalUpgProgress:248] total: 23, curr:10, percent:6, rop:39%
[m[0;32;32m2025-12-20 10:48:50.197|I|805740677|lpUCM [fds.cpp:FDS_OnLocalUpgProgress:248] total: 23, curr:10, percent:12, rop:39%
[m[0;32;32m2025-12-20 10:48:50.204|I|805740677|lpUCM [fds.cpp:FDS_OnLocalUpgProgress:248] total: 23, curr:10, percent:18, rop:39%
[m[0;32;32m2025-12-20 10:48:50.204|I|805740677|lpUCM [fds.cpp:FDS_OnLocalUpgProgress:248] total: 23, curr:10, percent:24, rop:40%
[m[0;32;32m2025-12-20 10:48:50.204|I|805740677|lpUCM [fds.cpp:FDS_OnLocalUpgProgress:248] total: 23, curr:10, percent:30, rop:40%
[m[0;32;32m2025-12-20 10:48:50.204|I|805740677|lpUCM [fds.cpp:FDS_OnLocalUpgProgress:248] total: 23, curr:10, percent:37, rop:40%
[m[0;32;32m2025-12-20 10:48:50.204|I|805740677|lpUCM [fds.cpp:FDS_OnLocalUpgProgress:248] total: 23, curr:10, percent:43, rop:41%
[m[0;32;32m2025-12-20 10:48:50.205|I|805740677|lpUCM [fds.cpp:FDS_OnLocalUpgProgress:248] total: 23, curr:10, percent:49, rop:41%
[m[0;32;32m2025-12-20 10:48:50.205|I|805740677|lpUCM [fds.cpp:FDS_OnLocalUpgProgress:248] total: 23, curr:10, percent:50, rop:41%
[m[0;32;32m2025-12-20 10:48:50.206|I|805740677|lpUCM [handler.c:FDS_idhExtractFile:234] CPIO extract success
[m[0;32;32m2025-12-20 10:48:50.206|I|805740677|lpUCM [fds.cpp:FDS_OnLocalUpgProgress:248] total: 23, curr:10, percent:100, rop:43%
[m[1;33m2025-12-20 10:48:50.206|W|805740677|lpUCM [scm.c:FDS_scmDeployImages:443] deploy [10st] success:abl.elf.rawgz
[m[1;33m2025-12-20 10:48:50.206|W|805740677|lpUCM [scm.c:FDS_scmDeployImages:435] start [11st] deploy:keymint.mbn.rawgz
[m[0;32;32m2025-12-20 10:48:50.206|I|805740677|lpUCM [fds.cpp:FDS_OnLocalUpgProgress:248] total: 23, curr:11, percent:0, rop:43%
[m[0;32;32m2025-12-20 10:48:50.206|I|805740677|lpUCM [handler.c:FDS_idhFindDesc:79] find time 1, name raw, handler_name = raw
[m[0;32;32m2025-12-20 10:48:50.206|I|805740677|lpUCM [handler.c:FDS_idhFindDesc:94] find handler raw, type = 0
[m[0;32;32m2025-12-20 10:48:50.206|I|805740677|lpUCM [handler.c:FDS_idhFindDesc:79] find time 1, name raw, handler_name = raw
[m[0;32;32m2025-12-20 10:48:50.206|I|805740677|lpUCM [handler.c:FDS_idhFindDesc:94] find handler raw, type = 0
[m[0;32;32m2025-12-20 10:48:50.206|I|805740677|lpUCM [fds.cpp:FDS_OnLocalUpgProgress:248] total: 23, curr:11, percent:4, rop:43%
[m[0;32;32m2025-12-20 10:48:50.207|I|805740677|lpUCM [fds.cpp:FDS_OnLocalUpgProgress:248] total: 23, curr:11, percent:9, rop:43%
[m[0;32;32m2025-12-20 10:48:50.208|I|805740677|lpUCM [fds.cpp:FDS_OnLocalUpgProgress:248] total: 23, curr:11, percent:14, rop:44%
[m[0;32;32m2025-12-20 10:48:50.209|I|805740677|lpUCM [fds.cpp:FDS_OnLocalUpgProgress:248] total: 23, curr:11, percent:19, rop:44%
[m[0;32;32m2025-12-20 10:48:50.210|I|805740677|lpUCM [fds.cpp:FDS_OnLocalUpgProgress:248] total: 23, curr:11, percent:24, rop:44%
[m[0;32;32m2025-12-20 10:48:50.210|I|805740677|lpUCM [fds.cpp:FDS_OnLocalUpgProgress:248] total: 23, curr:11, percent:29, rop:44%
[m[0;32;32m2025-12-20 10:48:50.211|I|805740677|lpUCM [fds.cpp:FDS_OnLocalUpgProgress:248] total: 23, curr:11, percent:33, rop:44%
[m[0;32;32m2025-12-20 10:48:50.211|I|805740677|lpUCM [fds.cpp:FDS_OnLocalUpgProgress:248] total: 23, curr:11, percent:38, rop:45%
[m[0;32;32m2025-12-20 10:48:50.212|I|805740677|lpUCM [fds.cpp:FDS_OnLocalUpgProgress:248] total: 23, curr:11, percent:43, rop:45%
[m[0;32;32m2025-12-20 10:48:50.213|I|805740677|lpUCM [fds.cpp:FDS_OnLocalUpgProgress:248] total: 23, curr:11, percent:48, rop:45%
[m[0;32;32m2025-12-20 10:48:50.213|I|805740677|lpUCM [fds.cpp:FDS_OnLocalUpgProgress:248] total: 23, curr:11, percent:50, rop:45%
[m[0;32;32m2025-12-20 10:48:50.214|I|805740677|lpUCM [handler.c:FDS_idhExtractFile:234] CPIO extract success
[m[0;32;32m2025-12-20 10:48:50.214|I|805740677|lpUCM [fds.cpp:FDS_OnLocalUpgProgress:248] total: 23, curr:11, percent:100, rop:47%
[m[1;33m2025-12-20 10:48:50.214|W|805740677|lpUCM [scm.c:FDS_scmDeployImages:443] deploy [11st] success:keymint.mbn.rawgz
[m[1;33m2025-12-20 10:48:50.214|W|805740677|lpUCM [scm.c:FDS_scmDeployImages:435] start [12st] deploy:boot_qdrive_iosock.bin.rawgz
[m[0;32;32m2025-12-20 10:48:50.214|I|805740677|lpUCM [fds.cpp:FDS_OnLocalUpgProgress:248] total: 23, curr:12, percent:0, rop:47%
[m[0;32;32m2025-12-20 10:48:50.214|I|805740677|lpUCM [handler.c:FDS_idhFindDesc:79] find time 1, name raw, handler_name = raw
[m[0;32;32m2025-12-20 10:48:50.214|I|805740677|lpUCM [handler.c:FDS_idhFindDesc:94] find handler raw, type = 0
[m[0;32;32m2025-12-20 10:48:50.214|I|805740677|lpUCM [handler.c:FDS_idhFindDesc:79] find time 1, name raw, handler_name = raw
[m[0;32;32m2025-12-20 10:48:50.214|I|805740677|lpUCM [handler.c:FDS_idhFindDesc:94] find handler raw, type = 0
[m[0;32;32m2025-12-20 10:48:50.215|I|805740677|lpUCM [fds.cpp:FDS_OnLocalUpgProgress:248] total: 23, curr:12, percent:1, rop:47%
[m[0;32;32m2025-12-20 10:48:50.216|I|805740677|lpUCM [fds.cpp:FDS_OnLocalUpgProgress:248] total: 23, curr:12, percent:2, rop:47%
[m[0;32;32m2025-12-20 10:48:50.218|I|805740677|lpUCM [fds.cpp:FDS_OnLocalUpgProgress:248] total: 23, curr:12, percent:3, rop:47%
[m[0;32;32m2025-12-20 10:48:50.219|I|805740677|lpUCM [fds.cpp:FDS_OnLocalUpgProgress:248] total: 23, curr:12, percent:4, rop:48%
[m[0;32;32m2025-12-20 10:48:50.219|I|805740677|lpUCM [fds.cpp:FDS_OnLocalUpgProgress:248] total: 23, curr:12, percent:5, rop:48%
[m[0;32;32m2025-12-20 10:48:50.221|I|805740677|lpUCM [fds.cpp:FDS_OnLocalUpgProgress:248] total: 23, curr:12, percent:6, rop:48%
[m[0;32;32m2025-12-20 10:48:50.226|I|805740677|lpUCM [fds.cpp:FDS_OnLocalUpgProgress:248] total: 23, curr:12, percent:7, rop:48%
[m[0;32;32m2025-12-20 10:48:50.226|I|805740677|lpUCM [fds.cpp:FDS_OnLocalUpgProgress:248] total: 23, curr:12, percent:8, rop:48%
[m[0;32;32m2025-12-20 10:48:50.228|I|805740677|lpUCM [fds.cpp:FDS_OnLocalUpgProgress:248] total: 23, curr:12, percent:9, rop:48%
[m[0;32;32m2025-12-20 10:48:50.229|I|805740677|lpUCM [fds.cpp:FDS_OnLocalUpgProgress:248] total: 23, curr:12, percent:10, rop:48%
[m[0;32;32m2025-12-20 10:48:50.230|I|805740677|lpUCM [fds.cpp:FDS_OnLocalUpgProgress:248] total: 23, curr:12, percent:11, rop:48%
[m[0;32;32m2025-12-20 10:48:50.230|I|805740677|lpUCM [fds.cpp:FDS_OnLocalUpgProgress:248] total: 23, curr:12, percent:12, rop:48%
[m[0;32;32m2025-12-20 10:48:50.234|I|805740677|lpUCM [fds.cpp:FDS_OnLocalUpgProgress:248] total: 23, curr:12, percent:13, rop:48%
[m[0;32;32m2025-12-20 10:48:50.235|I|805740677|lpUCM [fds.cpp:FDS_OnLocalUpgProgress:248] total: 23, curr:12, percent:14, rop:48%
[m[0;32;32m2025-12-20 10:48:50.236|I|805740677|lpUCM [fds.cpp:FDS_OnLocalUpgProgress:248] total: 23, curr:12, percent:15, rop:48%
[m[0;32;32m2025-12-20 10:48:50.237|I|805740677|lpUCM [fds.cpp:FDS_OnLocalUpgProgress:248] total: 23, curr:12, percent:16, rop:48%
[m[0;32;32m2025-12-20 10:48:50.238|I|805740677|lpUCM [fds.cpp:FDS_OnLocalUpgProgress:248] total: 23, curr:12, percent:17, rop:48%
[m[0;32;32m2025-12-20 10:48:50.239|I|805740677|lpUCM [fds.cpp:FDS_OnLocalUpgProgress:248] total: 23, curr:12, percent:18, rop:48%
[m[0;32;32m2025-12-20 10:48:50.240|I|805740677|lpUCM [fds.cpp:FDS_OnLocalUpgProgress:248] total: 23, curr:12, percent:19, rop:48%
[m[0;32;32m2025-12-20 10:48:50.241|I|805740677|lpUCM [fds.cpp:FDS_OnLocalUpgProgress:248] total: 23, curr:12, percent:20, rop:48%
[m[0;32;32m2025-12-20 10:48:50.242|I|805740677|lpUCM [fds.cpp:FDS_OnLocalUpgProgress:248] total: 23, curr:12, percent:21, rop:48%
[m[0;32;32m2025-12-20 10:48:50.242|I|805740677|lpUCM [fds.cpp:FDS_OnLocalUpgProgress:248] total: 23, curr:12, percent:22, rop:48%
[m[0;32;32m2025-12-20 10:48:50.243|I|805740677|lpUCM [fds.cpp:FDS_OnLocalUpgProgress:248] total: 23, curr:12, percent:23, rop:48%
[m[0;32;32m2025-12-20 10:48:50.244|I|805740677|lpUCM [fds.cpp:FDS_OnLocalUpgProgress:248] total: 23, curr:12, percent:24, rop:48%
[m[0;32;32m2025-12-20 10:48:50.245|I|805740677|lpUCM [fds.cpp:FDS_OnLocalUpgProgress:248] total: 23, curr:12, percent:25, rop:48%
[m[0;32;32m2025-12-20 10:48:50.246|I|805740677|lpUCM [fds.cpp:FDS_OnLocalUpgProgress:248] total: 23, curr:12, percent:26, rop:48%
[m[0;32;32m2025-12-20 10:48:50.247|I|805740677|lpUCM [fds.cpp:FDS_OnLocalUpgProgress:248] total: 23, curr:12, percent:27, rop:49%
[m[0;32;32m2025-12-20 10:48:50.247|I|805740677|lpUCM [fds.cpp:FDS_OnLocalUpgProgress:248] total: 23, curr:12, percent:28, rop:49%
[m[0;32;32m2025-12-20 10:48:50.248|I|805740677|lpUCM [fds.cpp:FDS_OnLocalUpgProgress:248] total: 23, curr:12, percent:29, rop:49%
[m[0;32;32m2025-12-20 10:48:50.250|I|805740677|lpUCM [fds.cpp:FDS_OnLocalUpgProgress:248] total: 23, curr:12, percent:30, rop:49%
[m[0;32;32m2025-12-20 10:48:50.252|I|805740677|lpUCM [fds.cpp:FDS_OnLocalUpgProgress:248] total: 23, curr:12, percent:31, rop:49%
[m[0;32;32m2025-12-20 10:48:50.254|I|805740677|lpUCM [fds.cpp:FDS_OnLocalUpgProgress:248] total: 23, curr:12, percent:32, rop:49%
[m[0;32;32m2025-12-20 10:48:50.255|I|805740677|lpUCM [fds.cpp:FDS_OnLocalUpgProgress:248] total: 23, curr:12, percent:33, rop:49%
[m[0;32;32m2025-12-20 10:48:50.256|I|805740677|lpUCM [fds.cpp:FDS_OnLocalUpgProgress:248] total: 23, curr:12, percent:34, rop:49%
[m[0;32;32m2025-12-20 10:48:50.257|I|805740677|lpUCM [fds.cpp:FDS_OnLocalUpgProgress:248] total: 23, curr:12, percent:35, rop:49%
[m[0;32;32m2025-12-20 10:48:50.260|I|805740677|lpUCM [fds.cpp:FDS_OnLocalUpgProgress:248] total: 23, curr:12, percent:36, rop:49%
[m[0;32;32m2025-12-20 10:48:50.265|I|805740677|lpUCM [fds.cpp:FDS_OnLocalUpgProgress:248] total: 23, curr:12, percent:37, rop:49%
[m[0;32;32m2025-12-20 10:48:50.266|I|805740677|lpUCM [fds.cpp:FDS_OnLocalUpgProgress:248] total: 23, curr:12, percent:38, rop:49%
[m[0;32;32m2025-12-20 10:48:50.267|I|805740677|lpUCM [fds.cpp:FDS_OnLocalUpgProgress:248] total: 23, curr:12, percent:39, rop:49%
[m[0;32;32m2025-12-20 10:48:50.268|I|805740677|lpUCM [fds.cpp:FDS_OnLocalUpgProgress:248] total: 23, curr:12, percent:40, rop:49%
[m[0;32;32m2025-12-20 10:48:50.269|I|805740677|lpUCM [fds.cpp:FDS_OnLocalUpgProgress:248] total: 23, curr:12, percent:41, rop:49%
[m[0;32;32m2025-12-20 10:48:50.270|I|805740677|lpUCM [fds.cpp:FDS_OnLocalUpgProgress:248] total: 23, curr:12, percent:42, rop:49%
[m[0;32;32m2025-12-20 10:48:50.271|I|805740677|lpUCM [fds.cpp:FDS_OnLocalUpgProgress:248] total: 23, curr:12, percent:43, rop:49%
[m[0;32;32m2025-12-20 10:48:50.272|I|805740677|lpUCM [fds.cpp:FDS_OnLocalUpgProgress:248] total: 23, curr:12, percent:44, rop:49%
[m[0;32;32m2025-12-20 10:48:50.274|I|805740677|lpUCM [fds.cpp:FDS_OnLocalUpgProgress:248] total: 23, curr:12, percent:45, rop:49%
[m[0;32;32m2025-12-20 10:48:50.274|I|805740677|lpUCM [fds.cpp:FDS_OnLocalUpgProgress:248] total: 23, curr:12, percent:46, rop:49%
[m[0;32;32m2025-12-20 10:48:50.275|I|805740677|lpUCM [fds.cpp:FDS_OnLocalUpgProgress:248] total: 23, curr:12, percent:47, rop:49%
[m[0;32;32m2025-12-20 10:48:50.285|I|805740677|lpUCM [fds.cpp:FDS_OnLocalUpgProgress:248] total: 23, curr:12, percent:48, rop:49%
[m[0;32;32m2025-12-20 10:48:50.285|I|805740677|lpUCM [fds.cpp:FDS_OnLocalUpgProgress:248] total: 23, curr:12, percent:49, rop:49%
[m[0;32;32m2025-12-20 10:48:50.286|I|805740677|lpUCM [fds.cpp:FDS_OnLocalUpgProgress:248] total: 23, curr:12, percent:50, rop:50%
[m[0;32;32m2025-12-20 10:48:50.287|I|805740677|lpUCM [handler.c:FDS_idhExtractFile:234] CPIO extract success
[m[0;32;32m2025-12-20 10:48:50.287|I|805740677|lpUCM [fds.cpp:FDS_OnLocalUpgProgress:248] total: 23, curr:12, percent:100, rop:52%
[m[1;33m2025-12-20 10:48:50.287|W|805740677|lpUCM [scm.c:FDS_scmDeployImages:443] deploy [12st] success:boot_qdrive_iosock.bin.rawgz
[m[1;33m2025-12-20 10:48:50.287|W|805740677|lpUCM [scm.c:FDS_scmDeployImages:435] start [13st] deploy:devcfg_auto.mbn.rawgz
[m[0;32;32m2025-12-20 10:48:50.287|I|805740677|lpUCM [fds.cpp:FDS_OnLocalUpgProgress:248] total: 23, curr:13, percent:0, rop:52%
[m[0;32;32m2025-12-20 10:48:50.287|I|805740677|lpUCM [handler.c:FDS_idhFindDesc:79] find time 1, name raw, handler_name = raw
[m[0;32;32m2025-12-20 10:48:50.287|I|805740677|lpUCM [handler.c:FDS_idhFindDesc:94] find handler raw, type = 0
[m[0;32;32m2025-12-20 10:48:50.287|I|805740677|lpUCM [handler.c:FDS_idhFindDesc:79] find time 1, name raw, handler_name = raw
[m[0;32;32m2025-12-20 10:48:50.287|I|805740677|lpUCM [handler.c:FDS_idhFindDesc:94] find handler raw, type = 0
[m[0;32;32m2025-12-20 10:48:50.288|I|805740677|lpUCM [fds.cpp:FDS_OnLocalUpgProgress:248] total: 23, curr:13, percent:42, rop:54%
[m[0;32;32m2025-12-20 10:48:50.288|I|805740677|lpUCM [fds.cpp:FDS_OnLocalUpgProgress:248] total: 23, curr:13, percent:50, rop:54%
[m[0;32;32m2025-12-20 10:48:50.288|I|805740677|lpUCM [handler.c:FDS_idhExtractFile:234] CPIO extract success
[m[0;32;32m2025-12-20 10:48:50.288|I|805740677|lpUCM [fds.cpp:FDS_OnLocalUpgProgress:248] total: 23, curr:13, percent:100, rop:56%
[m[1;33m2025-12-20 10:48:50.288|W|805740677|lpUCM [scm.c:FDS_scmDeployImages:443] deploy [13st] success:devcfg_auto.mbn.rawgz
[m[1;33m2025-12-20 10:48:50.288|W|805740677|lpUCM [scm.c:FDS_scmDeployImages:435] start [14st] deploy:multi_image.mbn.rawgz
[m[0;32;32m2025-12-20 10:48:50.288|I|805740677|lpUCM [fds.cpp:FDS_OnLocalUpgProgress:248] total: 23, curr:14, percent:0, rop:56%
[m[0;32;32m2025-12-20 10:48:50.288|I|805740677|lpUCM [handler.c:FDS_idhFindDesc:79] find time 1, name raw, handler_name = raw
[m[0;32;32m2025-12-20 10:48:50.288|I|805740677|lpUCM [handler.c:FDS_idhFindDesc:94] find handler raw, type = 0
[m[0;32;32m2025-12-20 10:48:50.288|I|805740677|lpUCM [handler.c:FDS_idhFindDesc:79] find time 1, name raw, handler_name = raw
[m[0;32;32m2025-12-20 10:48:50.288|I|805740677|lpUCM [handler.c:FDS_idhFindDesc:94] find handler raw, type = 0
[m[0;32;32m2025-12-20 10:48:50.289|I|805740677|lpUCM [fds.cpp:FDS_OnLocalUpgProgress:248] total: 23, curr:14, percent:50, rop:58%
[m[0;32;32m2025-12-20 10:48:50.289|I|805740677|lpUCM [handler.c:FDS_idhExtractFile:234] CPIO extract success
[m[0;32;32m2025-12-20 10:48:50.289|I|805740677|lpUCM [fds.cpp:FDS_OnLocalUpgProgress:248] total: 23, curr:14, percent:100, rop:60%
[m[1;33m2025-12-20 10:48:50.289|W|805740677|lpUCM [scm.c:FDS_scmDeployImages:443] deploy [14st] success:multi_image.mbn.rawgz
[m[1;33m2025-12-20 10:48:50.289|W|805740677|lpUCM [scm.c:FDS_scmDeployImages:435] start [15st] deploy:multi_image_qti.mbn.rawgz
[m[0;32;32m2025-12-20 10:48:50.289|I|805740677|lpUCM [fds.cpp:FDS_OnLocalUpgProgress:248] total: 23, curr:15, percent:0, rop:60%
[m[0;32;32m2025-12-20 10:48:50.289|I|805740677|lpUCM [handler.c:FDS_idhFindDesc:79] find time 1, name raw, handler_name = raw
[m[0;32;32m2025-12-20 10:48:50.289|I|805740677|lpUCM [handler.c:FDS_idhFindDesc:94] find handler raw, type = 0
[m[0;32;32m2025-12-20 10:48:50.289|I|805740677|lpUCM [handler.c:FDS_idhFindDesc:79] find time 1, name raw, handler_name = raw
[m[0;32;32m2025-12-20 10:48:50.289|I|805740677|lpUCM [handler.c:FDS_idhFindDesc:94] find handler raw, type = 0
[m[0;32;32m2025-12-20 10:48:50.290|I|805740677|lpUCM [fds.cpp:FDS_OnLocalUpgProgress:248] total: 23, curr:15, percent:50, rop:63%
[m[0;32;32m2025-12-20 10:48:50.290|I|805740677|lpUCM [handler.c:FDS_idhExtractFile:234] CPIO extract success
[m[0;32;32m2025-12-20 10:48:50.290|I|805740677|lpUCM [fds.cpp:FDS_OnLocalUpgProgress:248] total: 23, curr:15, percent:100, rop:65%
[m[1;33m2025-12-20 10:48:50.290|W|805740677|lpUCM [scm.c:FDS_scmDeployImages:443] deploy [15st] success:multi_image_qti.mbn.rawgz
[m[1;33m2025-12-20 10:48:50.290|W|805740677|lpUCM [scm.c:FDS_scmDeployImages:435] start [16st] deploy:imagefv.elf.rawgz
[m[0;32;32m2025-12-20 10:48:50.290|I|805740677|lpUCM [fds.cpp:FDS_OnLocalUpgProgress:248] total: 23, curr:16, percent:0, rop:65%
[m[0;32;32m2025-12-20 10:48:50.290|I|805740677|lpUCM [handler.c:FDS_idhFindDesc:79] find time 1, name raw, handler_name = raw
[m[0;32;32m2025-12-20 10:48:50.290|I|805740677|lpUCM [handler.c:FDS_idhFindDesc:94] find handler raw, type = 0
[m[0;32;32m2025-12-20 10:48:50.290|I|805740677|lpUCM [handler.c:FDS_idhFindDesc:79] find time 1, name raw, handler_name = raw
[m[0;32;32m2025-12-20 10:48:50.290|I|805740677|lpUCM [handler.c:FDS_idhFindDesc:94] find handler raw, type = 0
[m[0;32;32m2025-12-20 10:48:50.290|I|805740677|lpUCM [fds.cpp:FDS_OnLocalUpgProgress:248] total: 23, curr:16, percent:50, rop:67%
[m[0;32;32m2025-12-20 10:48:50.290|I|805740677|lpUCM [handler.c:FDS_idhExtractFile:234] CPIO extract success
[m[0;32;32m2025-12-20 10:48:50.290|I|805740677|lpUCM [fds.cpp:FDS_OnLocalUpgProgress:248] total: 23, curr:16, percent:100, rop:69%
[m[1;33m2025-12-20 10:48:50.290|W|805740677|lpUCM [scm.c:FDS_scmDeployImages:443] deploy [16st] success:imagefv.elf.rawgz
[m[1;33m2025-12-20 10:48:50.290|W|805740677|lpUCM [scm.c:FDS_scmDeployImages:435] start [17st] deploy:shrm.elf.rawgz
[m[0;32;32m2025-12-20 10:48:50.290|I|805740677|lpUCM [fds.cpp:FDS_OnLocalUpgProgress:248] total: 23, curr:17, percent:0, rop:69%
[m[0;32;32m2025-12-20 10:48:50.291|I|805740677|lpUCM [handler.c:FDS_idhFindDesc:79] find time 1, name raw, handler_name = raw
[m[0;32;32m2025-12-20 10:48:50.291|I|805740677|lpUCM [handler.c:FDS_idhFindDesc:94] find handler raw, type = 0
[m[0;32;32m2025-12-20 10:48:50.291|I|805740677|lpUCM [handler.c:FDS_idhFindDesc:79] find time 1, name raw, handler_name = raw
[m[0;32;32m2025-12-20 10:48:50.291|I|805740677|lpUCM [handler.c:FDS_idhFindDesc:94] find handler raw, type = 0
[m[0;32;32m2025-12-20 10:48:50.291|I|805740677|lpUCM [fds.cpp:FDS_OnLocalUpgProgress:248] total: 23, curr:17, percent:33, rop:71%
[m[0;32;32m2025-12-20 10:48:50.292|I|805740677|lpUCM [fds.cpp:FDS_OnLocalUpgProgress:248] total: 23, curr:17, percent:50, rop:71%
[m[0;32;32m2025-12-20 10:48:50.292|I|805740677|lpUCM [handler.c:FDS_idhExtractFile:234] CPIO extract success
[m[0;32;32m2025-12-20 10:48:50.292|I|805740677|lpUCM [fds.cpp:FDS_OnLocalUpgProgress:248] total: 23, curr:17, percent:100, rop:73%
[m[1;33m2025-12-20 10:48:50.292|W|805740677|lpUCM [scm.c:FDS_scmDeployImages:443] deploy [17st] success:shrm.elf.rawgz
[m[1;33m2025-12-20 10:48:50.292|W|805740677|lpUCM [scm.c:FDS_scmDeployImages:435] start [18st] deploy:mifs_hyp_qdrive_iosock.ifs.sign.gz
[m[0;32;32m2025-12-20 10:48:50.292|I|805740677|lpUCM [fds.cpp:FDS_OnLocalUpgProgress:248] total: 23, curr:18, percent:0, rop:73%
[m[0;32;32m2025-12-20 10:48:50.292|I|805740677|lpUCM [handler.c:FDS_idhFindDesc:79] find time 1, name raw, handler_name = raw
[m[0;32;32m2025-12-20 10:48:50.292|I|805740677|lpUCM [handler.c:FDS_idhFindDesc:94] find handler raw, type = 0
[m[0;32;32m2025-12-20 10:48:50.292|I|805740677|lpUCM [handler.c:FDS_idhFindDesc:79] find time 1, name raw, handler_name = raw
[m[0;32;32m2025-12-20 10:48:50.292|I|805740677|lpUCM [handler.c:FDS_idhFindDesc:94] find handler raw, type = 0
[m[0;32;32m2025-12-20 10:48:50.300|I|805740677|lpUCM [fds.cpp:FDS_OnLocalUpgProgress:248] total: 23, curr:18, percent:1, rop:73%
[m[0;32;32m2025-12-20 10:48:50.302|I|805740677|lpUCM [fds.cpp:FDS_OnLocalUpgProgress:248] total: 23, curr:18, percent:2, rop:74%
[m[0;32;32m2025-12-20 10:48:50.309|I|805740677|lpUCM [fds.cpp:FDS_OnLocalUpgProgress:248] total: 23, curr:18, percent:3, rop:74%
[m[0;32;32m2025-12-20 10:48:50.312|I|805740677|lpUCM [fds.cpp:FDS_OnLocalUpgProgress:248] total: 23, curr:18, percent:4, rop:74%
[m[0;32;32m2025-12-20 10:48:50.314|I|805740677|lpUCM [fds.cpp:FDS_OnLocalUpgProgress:248] total: 23, curr:18, percent:5, rop:74%
[m[0;32;32m2025-12-20 10:48:50.317|I|805740677|lpUCM [fds.cpp:FDS_OnLocalUpgProgress:248] total: 23, curr:18, percent:6, rop:74%
[m[0;32;32m2025-12-20 10:48:50.318|I|805740677|lpUCM [fds.cpp:FDS_OnLocalUpgProgress:248] total: 23, curr:18, percent:7, rop:74%
[m[0;32;32m2025-12-20 10:48:50.321|I|805740677|lpUCM [fds.cpp:FDS_OnLocalUpgProgress:248] total: 23, curr:18, percent:8, rop:74%
[m[0;32;32m2025-12-20 10:48:50.324|I|805740677|lpUCM [fds.cpp:FDS_OnLocalUpgProgress:248] total: 23, curr:18, percent:9, rop:74%
[m[0;32;32m2025-12-20 10:48:50.326|I|805740677|lpUCM [fds.cpp:FDS_OnLocalUpgProgress:248] total: 23, curr:18, percent:10, rop:74%
[m[0;32;32m2025-12-20 10:48:50.328|I|805740677|lpUCM [fds.cpp:FDS_OnLocalUpgProgress:248] total: 23, curr:18, percent:11, rop:74%
[m[0;32;32m2025-12-20 10:48:50.332|I|805740677|lpUCM [fds.cpp:FDS_OnLocalUpgProgress:248] total: 23, curr:18, percent:12, rop:74%
[m[0;32;32m2025-12-20 10:48:50.334|I|805740677|lpUCM [fds.cpp:FDS_OnLocalUpgProgress:248] total: 23, curr:18, percent:13, rop:74%
[m[0;32;32m2025-12-20 10:48:50.336|I|805740677|lpUCM [fds.cpp:FDS_OnLocalUpgProgress:248] total: 23, curr:18, percent:14, rop:74%
[m[0;32;32m2025-12-20 10:48:50.343|I|805740677|lpUCM [fds.cpp:FDS_OnLocalUpgProgress:248] total: 23, curr:18, percent:15, rop:74%
[m[0;32;32m2025-12-20 10:48:50.345|I|805740677|lpUCM [fds.cpp:FDS_OnLocalUpgProgress:248] total: 23, curr:18, percent:16, rop:74%
[m[0;32;32m2025-12-20 10:48:50.347|I|805740677|lpUCM [fds.cpp:FDS_OnLocalUpgProgress:248] total: 23, curr:18, percent:17, rop:74%
[m[0;32;32m2025-12-20 10:48:50.350|I|805740677|lpUCM [fds.cpp:FDS_OnLocalUpgProgress:248] total: 23, curr:18, percent:18, rop:74%
[m[0;32;32m2025-12-20 10:48:50.352|I|805740677|lpUCM [fds.cpp:FDS_OnLocalUpgProgress:248] total: 23, curr:18, percent:19, rop:74%
[m[0;32;32m2025-12-20 10:48:50.356|I|805740677|lpUCM [fds.cpp:FDS_OnLocalUpgProgress:248] total: 23, curr:18, percent:20, rop:74%
[m[0;32;32m2025-12-20 10:48:50.359|I|805740677|lpUCM [fds.cpp:FDS_OnLocalUpgProgress:248] total: 23, curr:18, percent:21, rop:74%
[m[0;32;32m2025-12-20 10:48:50.360|I|805740677|lpUCM [fds.cpp:FDS_OnLocalUpgProgress:248] total: 23, curr:18, percent:22, rop:74%
[m[0;32;32m2025-12-20 10:48:50.363|I|805740677|lpUCM [fds.cpp:FDS_OnLocalUpgProgress:248] total: 23, curr:18, percent:23, rop:74%
[m[0;32;32m2025-12-20 10:48:50.365|I|805740677|lpUCM [fds.cpp:FDS_OnLocalUpgProgress:248] total: 23, curr:18, percent:24, rop:74%
[m[0;32;32m2025-12-20 10:48:50.369|I|805740677|lpUCM [fds.cpp:FDS_OnLocalUpgProgress:248] total: 23, curr:18, percent:25, rop:75%
[m[0;32;32m2025-12-20 10:48:50.372|I|805740677|lpUCM [fds.cpp:FDS_OnLocalUpgProgress:248] total: 23, curr:18, percent:26, rop:75%
[m[0;32;32m2025-12-20 10:48:50.375|I|805740677|lpUCM [fds.cpp:FDS_OnLocalUpgProgress:248] total: 23, curr:18, percent:27, rop:75%
[m[0;32;32m2025-12-20 10:48:50.377|I|805740677|lpUCM [fds.cpp:FDS_OnLocalUpgProgress:248] total: 23, curr:18, percent:28, rop:75%
[m[0;32;32m2025-12-20 10:48:50.381|I|805740677|lpUCM [fds.cpp:FDS_OnLocalUpgProgress:248] total: 23, curr:18, percent:29, rop:75%
[m[0;32;32m2025-12-20 10:48:50.388|I|805740677|lpUCM [fds.cpp:FDS_OnLocalUpgProgress:248] total: 23, curr:18, percent:30, rop:75%
[m[0;32;32m2025-12-20 10:48:50.392|I|805740677|lpUCM [fds.cpp:FDS_OnLocalUpgProgress:248] total: 23, curr:18, percent:31, rop:75%
[m[0;32;32m2025-12-20 10:48:50.408|I|805740677|lpUCM [fds.cpp:FDS_OnLocalUpgProgress:248] total: 23, curr:18, percent:32, rop:75%
[m[0;32;32m2025-12-20 10:48:50.420|I|805740677|lpUCM [fds.cpp:FDS_OnLocalUpgProgress:248] total: 23, curr:18, percent:33, rop:75%
[m[0;32;32m2025-12-20 10:48:50.423|I|805740677|lpUCM [fds.cpp:FDS_OnLocalUpgProgress:248] total: 23, curr:18, percent:34, rop:75%
[m[0;32;32m2025-12-20 10:48:50.428|I|805740677|lpUCM [fds.cpp:FDS_OnLocalUpgProgress:248] total: 23, curr:18, percent:35, rop:75%
[m[0;32;32m2025-12-20 10:48:50.433|I|805740677|lpUCM [fds.cpp:FDS_OnLocalUpgProgress:248] total: 23, curr:18, percent:36, rop:75%
[m[0;32;32m2025-12-20 10:48:50.437|I|805740677|lpUCM [fds.cpp:FDS_OnLocalUpgProgress:248] total: 23, curr:18, percent:37, rop:75%
[m[0;32;32m2025-12-20 10:48:50.441|I|805740677|lpUCM [fds.cpp:FDS_OnLocalUpgProgress:248] total: 23, curr:18, percent:38, rop:75%
[m[0;32;32m2025-12-20 10:48:50.444|I|805740677|lpUCM [fds.cpp:FDS_OnLocalUpgProgress:248] total: 23, curr:18, percent:39, rop:75%
[m[0;32;32m2025-12-20 10:48:50.447|I|805740677|lpUCM [fds.cpp:FDS_OnLocalUpgProgress:248] total: 23, curr:18, percent:40, rop:75%
[m[0;32;32m2025-12-20 10:48:50.452|I|805740677|lpUCM [fds.cpp:FDS_OnLocalUpgProgress:248] total: 23, curr:18, percent:41, rop:75%
[m[0;32;32m2025-12-20 10:48:50.454|I|805740677|lpUCM [fds.cpp:FDS_OnLocalUpgProgress:248] total: 23, curr:18, percent:42, rop:75%
[m[0;32;32m2025-12-20 10:48:50.457|I|805740677|lpUCM [fds.cpp:FDS_OnLocalUpgProgress:248] total: 23, curr:18, percent:43, rop:75%
[m[0;32;32m2025-12-20 10:48:50.459|I|805740677|lpUCM [fds.cpp:FDS_OnLocalUpgProgress:248] total: 23, curr:18, percent:44, rop:75%
[m[0;32;32m2025-12-20 10:48:50.461|I|805740677|lpUCM [fds.cpp:FDS_OnLocalUpgProgress:248] total: 23, curr:18, percent:45, rop:75%
[m[0;32;32m2025-12-20 10:48:50.464|I|805740677|lpUCM [fds.cpp:FDS_OnLocalUpgProgress:248] total: 23, curr:18, percent:46, rop:75%
[m[0;32;32m2025-12-20 10:48:50.468|I|805740677|lpUCM [fds.cpp:FDS_OnLocalUpgProgress:248] total: 23, curr:18, percent:47, rop:75%
[m[0;32;32m2025-12-20 10:48:50.481|I|805740677|lpUCM [fds.cpp:FDS_OnLocalUpgProgress:248] total: 23, curr:18, percent:48, rop:76%
[m[0;32;32m2025-12-20 10:48:50.484|I|805740677|lpUCM [fds.cpp:FDS_OnLocalUpgProgress:248] total: 23, curr:18, percent:49, rop:76%
[m[0;32;32m2025-12-20 10:48:50.486|I|805740677|lpUCM [fds.cpp:FDS_OnLocalUpgProgress:248] total: 23, curr:18, percent:50, rop:76%
[m[0;32;32m2025-12-20 10:48:50.486|I|805740677|lpUCM [handler.c:FDS_idhExtractFile:234] CPIO extract success
[m[0;32;32m2025-12-20 10:48:50.487|I|805740677|lpUCM [fds.cpp:FDS_OnLocalUpgProgress:248] total: 23, curr:18, percent:100, rop:78%
[m[1;33m2025-12-20 10:48:50.487|W|805740677|lpUCM [scm.c:FDS_scmDeployImages:443] deploy [18st] success:mifs_hyp_qdrive_iosock.ifs.sign.gz
[m[1;33m2025-12-20 10:48:50.487|W|805740677|lpUCM [scm.c:FDS_scmDeployImages:435] start [19st] deploy:ifs2_qdrive_iosock.ifs.gz
[m[0;32;32m2025-12-20 10:48:50.487|I|805740677|lpUCM [fds.cpp:FDS_OnLocalUpgProgress:248] total: 23, curr:19, percent:0, rop:78%
[m[0;32;32m2025-12-20 10:48:50.487|I|805740677|lpUCM [handler.c:FDS_idhFindDesc:79] find time 1, name raw, handler_name = raw
[m[0;32;32m2025-12-20 10:48:50.487|I|805740677|lpUCM [handler.c:FDS_idhFindDesc:94] find handler raw, type = 0
[m[0;32;32m2025-12-20 10:48:50.487|I|805740677|lpUCM [handler.c:FDS_idhFindDesc:79] find time 1, name raw, handler_name = raw
[m[0;32;32m2025-12-20 10:48:50.487|I|805740677|lpUCM [handler.c:FDS_idhFindDesc:94] find handler raw, type = 0
[m[0;32;32m2025-12-20 10:48:50.540|I|805740677|lpUCM [fds.cpp:FDS_OnLocalUpgProgress:248] total: 23, curr:19, percent:1, rop:78%
[m[0;32;32m2025-12-20 10:48:50.594|I|805740677|lpUCM [fds.cpp:FDS_OnLocalUpgProgress:248] total: 23, curr:19, percent:2, rop:78%
[m[0;32;32m2025-12-20 10:48:50.645|I|805740677|lpUCM [fds.cpp:FDS_OnLocalUpgProgress:248] total: 23, curr:19, percent:3, rop:78%
[m[0;32;32m2025-12-20 10:48:50.701|I|805740677|lpUCM [fds.cpp:FDS_OnLocalUpgProgress:248] total: 23, curr:19, percent:4, rop:78%
[m[0;32;32m2025-12-20 10:48:50.757|I|805740677|lpUCM [fds.cpp:FDS_OnLocalUpgProgress:248] total: 23, curr:19, percent:5, rop:78%
[m[0;32;32m2025-12-20 10:48:50.795|I|805740677|lpUCM [fds.cpp:FDS_OnLocalUpgProgress:248] total: 23, curr:19, percent:6, rop:78%
[m[0;32;32m2025-12-20 10:48:50.852|I|805740677|lpUCM [fds.cpp:FDS_OnLocalUpgProgress:248] total: 23, curr:19, percent:7, rop:78%
[m[0;32;32m2025-12-20 10:48:50.903|I|805740677|lpUCM [fds.cpp:FDS_OnLocalUpgProgress:248] total: 23, curr:19, percent:8, rop:78%
[m[0;32;32m2025-12-20 10:48:50.978|I|805740677|lpUCM [fds.cpp:FDS_OnLocalUpgProgress:248] total: 23, curr:19, percent:9, rop:78%
[m[0;32;32m2025-12-20 10:48:51.44|I|805740677|lpUCM [fds.cpp:FDS_OnLocalUpgProgress:248] total: 23, curr:19, percent:10, rop:78%
[m[0;32;32m2025-12-20 10:48:51.153|I|805740677|lpUCM [fds.cpp:FDS_OnLocalUpgProgress:248] total: 23, curr:19, percent:11, rop:78%
[m[0;32;32m2025-12-20 10:48:51.239|I|805740677|lpUCM [fds.cpp:FDS_OnLocalUpgProgress:248] total: 23, curr:19, percent:12, rop:78%
[m[0;32;32m2025-12-20 10:48:51.284|I|805740677|lpUCM [fds.cpp:FDS_OnLocalUpgProgress:248] total: 23, curr:19, percent:13, rop:78%
[m[0;32;32m2025-12-20 10:48:51.341|I|805740677|lpUCM [fds.cpp:FDS_OnLocalUpgProgress:248] total: 23, curr:19, percent:14, rop:78%
[m[0;32;32m2025-12-20 10:48:51.410|I|805740677|lpUCM [fds.cpp:FDS_OnLocalUpgProgress:248] total: 23, curr:19, percent:15, rop:78%
[m[0;32;32m2025-12-20 10:48:51.499|I|805740677|lpUCM [fds.cpp:FDS_OnLocalUpgProgress:248] total: 23, curr:19, percent:16, rop:78%
[m[0;32;32m2025-12-20 10:48:51.588|I|805740677|lpUCM [fds.cpp:FDS_OnLocalUpgProgress:248] total: 23, curr:19, percent:17, rop:79%
[m[0;32;32m2025-12-20 10:48:51.631|I|805740677|lpUCM [fds.cpp:FDS_OnLocalUpgProgress:248] total: 23, curr:19, percent:18, rop:79%
[m[0;32;32m2025-12-20 10:48:51.679|I|805740677|lpUCM [fds.cpp:FDS_OnLocalUpgProgress:248] total: 23, curr:19, percent:19, rop:79%
[m[0;32;32m2025-12-20 10:48:51.736|I|805740677|lpUCM [fds.cpp:FDS_OnLocalUpgProgress:248] total: 23, curr:19, percent:20, rop:79%
[m[0;32;32m2025-12-20 10:48:51.794|I|805740677|lpUCM [fds.cpp:FDS_OnLocalUpgProgress:248] total: 23, curr:19, percent:21, rop:79%
[m[0;32;32m2025-12-20 10:48:51.863|I|805740677|lpUCM [fds.cpp:FDS_OnLocalUpgProgress:248] total: 23, curr:19, percent:22, rop:79%
[m[0;32;32m2025-12-20 10:48:51.937|I|805740677|lpUCM [fds.cpp:FDS_OnLocalUpgProgress:248] total: 23, curr:19, percent:23, rop:79%
[m[0;32;32m2025-12-20 10:48:52.6|I|805740677|lpUCM [fds.cpp:FDS_OnLocalUpgProgress:248] total: 23, curr:19, percent:24, rop:79%
[m[0;32;32m2025-12-20 10:48:52.61|I|805740677|lpUCM [fds.cpp:FDS_OnLocalUpgProgress:248] total: 23, curr:19, percent:25, rop:79%
[m[0;32;32m2025-12-20 10:48:52.113|I|805740677|lpUCM [fds.cpp:FDS_OnLocalUpgProgress:248] total: 23, curr:19, percent:26, rop:79%
[m[0;32;32m2025-12-20 10:48:52.163|I|805740677|lpUCM [fds.cpp:FDS_OnLocalUpgProgress:248] total: 23, curr:19, percent:27, rop:79%
[m[0;32;32m2025-12-20 10:48:52.206|I|805740677|lpUCM [fds.cpp:FDS_OnLocalUpgProgress:248] total: 23, curr:19, percent:28, rop:79%
[m[0;32;32m2025-12-20 10:48:52.272|I|805740677|lpUCM [fds.cpp:FDS_OnLocalUpgProgress:248] total: 23, curr:19, percent:29, rop:79%
[m[0;32;32m2025-12-20 10:48:52.317|I|805740677|lpUCM [fds.cpp:FDS_OnLocalUpgProgress:248] total: 23, curr:19, percent:30, rop:79%
[m[0;32;32m2025-12-20 10:48:52.380|I|805740677|lpUCM [fds.cpp:FDS_OnLocalUpgProgress:248] total: 23, curr:19, percent:31, rop:79%
[m[0;32;32m2025-12-20 10:48:52.452|I|805740677|lpUCM [fds.cpp:FDS_OnLocalUpgProgress:248] total: 23, curr:19, percent:32, rop:79%
[m[0;32;32m2025-12-20 10:48:52.523|I|805740677|lpUCM [fds.cpp:FDS_OnLocalUpgProgress:248] total: 23, curr:19, percent:33, rop:79%
[m[0;32;32m2025-12-20 10:48:52.596|I|805740677|lpUCM [fds.cpp:FDS_OnLocalUpgProgress:248] total: 23, curr:19, percent:34, rop:79%
[m[0;32;32m2025-12-20 10:48:52.666|I|805740677|lpUCM [fds.cpp:FDS_OnLocalUpgProgress:248] total: 23, curr:19, percent:35, rop:79%
[m[0;32;32m2025-12-20 10:48:52.710|I|805740677|lpUCM [fds.cpp:FDS_OnLocalUpgProgress:248] total: 23, curr:19, percent:36, rop:79%
[m[0;32;32m2025-12-20 10:48:52.779|I|805740677|lpUCM [fds.cpp:FDS_OnLocalUpgProgress:248] total: 23, curr:19, percent:37, rop:79%
[m[0;32;32m2025-12-20 10:48:52.831|I|805740677|lpUCM [fds.cpp:FDS_OnLocalUpgProgress:248] total: 23, curr:19, percent:38, rop:79%
[m[0;32;32m2025-12-20 10:48:52.890|I|805740677|lpUCM [fds.cpp:FDS_OnLocalUpgProgress:248] total: 23, curr:19, percent:39, rop:79%
[m[0;32;32m2025-12-20 10:48:52.945|I|805740677|lpUCM [fds.cpp:FDS_OnLocalUpgProgress:248] total: 23, curr:19, percent:40, rop:80%
[m[0;32;32m2025-12-20 10:48:52.994|I|805740677|lpUCM [fds.cpp:FDS_OnLocalUpgProgress:248] total: 23, curr:19, percent:41, rop:80%
[m[0;32;32m2025-12-20 10:48:53.63|I|805740677|lpUCM [fds.cpp:FDS_OnLocalUpgProgress:248] total: 23, curr:19, percent:42, rop:80%
[m[0;32;32m2025-12-20 10:48:53.128|I|805740677|lpUCM [fds.cpp:FDS_OnLocalUpgProgress:248] total: 23, curr:19, percent:43, rop:80%
[m[0;32;32m2025-12-20 10:48:53.188|I|805740677|lpUCM [fds.cpp:FDS_OnLocalUpgProgress:248] total: 23, curr:19, percent:44, rop:80%
[m[0;32;32m2025-12-20 10:48:53.244|I|805740677|lpUCM [fds.cpp:FDS_OnLocalUpgProgress:248] total: 23, curr:19, percent:45, rop:80%
[m[0;32;32m2025-12-20 10:48:53.311|I|805740677|lpUCM [fds.cpp:FDS_OnLocalUpgProgress:248] total: 23, curr:19, percent:46, rop:80%
[m[0;32;32m2025-12-20 10:48:53.351|I|805740677|lpUCM [fds.cpp:FDS_OnLocalUpgProgress:248] total: 23, curr:19, percent:47, rop:80%
[m[0;32;32m2025-12-20 10:48:53.408|I|805740677|lpUCM [fds.cpp:FDS_OnLocalUpgProgress:248] total: 23, curr:19, percent:48, rop:80%
[m[0;32;32m2025-12-20 10:48:53.459|I|805740677|lpUCM [fds.cpp:FDS_OnLocalUpgProgress:248] total: 23, curr:19, percent:49, rop:80%
[m[0;32;32m2025-12-20 10:48:53.577|I|805740677|lpUCM [fds.cpp:FDS_OnLocalUpgProgress:248] total: 23, curr:19, percent:50, rop:80%
[m[0;32;32m2025-12-20 10:48:53.578|I|805740677|lpUCM [handler.c:FDS_idhExtractFile:234] CPIO extract success
[m[0;32;32m2025-12-20 10:48:53.578|I|805740677|lpUCM [fds.cpp:FDS_OnLocalUpgProgress:248] total: 23, curr:19, percent:100, rop:82%
[m[1;33m2025-12-20 10:48:53.578|W|805740677|lpUCM [scm.c:FDS_scmDeployImages:443] deploy [19st] success:ifs2_qdrive_iosock.ifs.gz
[m[1;33m2025-12-20 10:48:53.578|W|805740677|lpUCM [scm.c:FDS_scmDeployImages:435] start [20st] deploy:oem.xfs.gz
[m[0;32;32m2025-12-20 10:48:53.578|I|805740677|lpUCM [fds.cpp:FDS_OnLocalUpgProgress:248] total: 23, curr:20, percent:0, rop:82%
[m[0;32;32m2025-12-20 10:48:53.578|I|805740677|lpUCM [handler.c:FDS_idhFindDesc:79] find time 1, name raw, handler_name = raw
[m[0;32;32m2025-12-20 10:48:53.578|I|805740677|lpUCM [handler.c:FDS_idhFindDesc:94] find handler raw, type = 0
[m[0;32;32m2025-12-20 10:48:53.578|I|805740677|lpUCM [handler.c:FDS_idhFindDesc:79] find time 1, name raw, handler_name = raw
[m[0;32;32m2025-12-20 10:48:53.578|I|805740677|lpUCM [handler.c:FDS_idhFindDesc:94] find handler raw, type = 0
[m[0;32;32m2025-12-20 10:48:54.290|I|805740677|lpUCM [fds.cpp:FDS_OnLocalUpgProgress:248] total: 23, curr:20, percent:1, rop:82%
[m[0;32;32m2025-12-20 10:48:54.793|I|805740677|lpUCM [fds.cpp:FDS_OnLocalUpgProgress:248] total: 23, curr:20, percent:2, rop:82%
[m[0;32;32m2025-12-20 10:48:55.344|I|805740677|lpUCM [fds.cpp:FDS_OnLocalUpgProgress:248] total: 23, curr:20, percent:3, rop:82%
[m[0;32;32m2025-12-20 10:48:55.846|I|805740677|lpUCM [fds.cpp:FDS_OnLocalUpgProgress:248] total: 23, curr:20, percent:4, rop:82%
[m[0;32;32m2025-12-20 10:48:56.311|I|805740677|lpUCM [fds.cpp:FDS_OnLocalUpgProgress:248] total: 23, curr:20, percent:5, rop:82%
[m[0;32;32m2025-12-20 10:48:56.782|I|805740677|lpUCM [fds.cpp:FDS_OnLocalUpgProgress:248] total: 23, curr:20, percent:6, rop:82%
[m[0;32;32m2025-12-20 10:48:57.286|I|805740677|lpUCM [fds.cpp:FDS_OnLocalUpgProgress:248] total: 23, curr:20, percent:7, rop:82%
[m[0;32;32m2025-12-20 10:48:57.780|I|805740677|lpUCM [fds.cpp:FDS_OnLocalUpgProgress:248] total: 23, curr:20, percent:8, rop:82%
[m[0;32;32m2025-12-20 10:48:58.356|I|805740677|lpUCM [fds.cpp:FDS_OnLocalUpgProgress:248] total: 23, curr:20, percent:9, rop:83%
[m[0;32;32m2025-12-20 10:48:58.912|I|805740677|lpUCM [fds.cpp:FDS_OnLocalUpgProgress:248] total: 23, curr:20, percent:10, rop:83%
[m[0;32;32m2025-12-20 10:48:59.433|I|805740677|lpUCM [fds.cpp:FDS_OnLocalUpgProgress:248] total: 23, curr:20, percent:11, rop:83%
[m[0;32;32m2025-12-20 10:48:59.961|I|805740677|lpUCM [fds.cpp:FDS_OnLocalUpgProgress:248] total: 23, curr:20, percent:12, rop:83%
[m[0;32;32m2025-12-20 10:49:00.442|I|805740677|lpUCM [fds.cpp:FDS_OnLocalUpgProgress:248] total: 23, curr:20, percent:13, rop:83%
[m[0;32;32m2025-12-20 10:49:01.11|I|805740677|lpUCM [fds.cpp:FDS_OnLocalUpgProgress:248] total: 23, curr:20, percent:14, rop:83%
[m[0;32;32m2025-12-20 10:49:01.525|I|805740677|lpUCM [fds.cpp:FDS_OnLocalUpgProgress:248] total: 23, curr:20, percent:15, rop:83%
[m[0;32;32m2025-12-20 10:49:02.6|I|805740677|lpUCM [fds.cpp:FDS_OnLocalUpgProgress:248] total: 23, curr:20, percent:16, rop:83%
[m[0;32;32m2025-12-20 10:49:02.526|I|805740677|lpUCM [fds.cpp:FDS_OnLocalUpgProgress:248] total: 23, curr:20, percent:17, rop:83%
[m[0;32;32m2025-12-20 10:49:03.19|I|805740677|lpUCM [fds.cpp:FDS_OnLocalUpgProgress:248] total: 23, curr:20, percent:18, rop:83%
[m[0;32;32m2025-12-20 10:49:03.539|I|805740677|lpUCM [fds.cpp:FDS_OnLocalUpgProgress:248] total: 23, curr:20, percent:19, rop:83%
[m[0;32;32m2025-12-20 10:49:04.390|I|805740677|lpUCM [fds.cpp:FDS_OnLocalUpgProgress:248] total: 23, curr:20, percent:20, rop:83%
[m[0;32;32m2025-12-20 10:49:05.4|I|805740677|lpUCM [fds.cpp:FDS_OnLocalUpgProgress:248] total: 23, curr:20, percent:21, rop:83%
[m[0;32;32m2025-12-20 10:49:05.646|I|805740677|lpUCM [fds.cpp:FDS_OnLocalUpgProgress:248] total: 23, curr:20, percent:22, rop:83%
[m[0;32;32m2025-12-20 10:49:06.138|I|805740677|lpUCM [fds.cpp:FDS_OnLocalUpgProgress:248] total: 23, curr:20, percent:23, rop:83%
[m[0;32;32m2025-12-20 10:49:06.606|I|805740677|lpUCM [fds.cpp:FDS_OnLocalUpgProgress:248] total: 23, curr:20, percent:24, rop:83%
[m[0;32;32m2025-12-20 10:49:07.170|I|805740677|lpUCM [fds.cpp:FDS_OnLocalUpgProgress:248] total: 23, curr:20, percent:25, rop:83%
[m[0;32;32m2025-12-20 10:49:07.441|I|805740677|lpUCM [fds.cpp:FDS_OnLocalUpgProgress:248] total: 23, curr:20, percent:26, rop:83%
[m[0;32;32m2025-12-20 10:49:07.834|I|805740677|lpUCM [fds.cpp:FDS_OnLocalUpgProgress:248] total: 23, curr:20, percent:27, rop:83%
[m[0;32;32m2025-12-20 10:49:08.320|I|805740677|lpUCM [fds.cpp:FDS_OnLocalUpgProgress:248] total: 23, curr:20, percent:28, rop:83%
[m[0;32;32m2025-12-20 10:49:08.941|I|805740677|lpUCM [fds.cpp:FDS_OnLocalUpgProgress:248] total: 23, curr:20, percent:29, rop:83%
[m[0;32;32m2025-12-20 10:49:09.426|I|805740677|lpUCM [fds.cpp:FDS_OnLocalUpgProgress:248] total: 23, curr:20, percent:30, rop:83%
[m[0;32;32m2025-12-20 10:49:09.909|I|805740677|lpUCM [fds.cpp:FDS_OnLocalUpgProgress:248] total: 23, curr:20, percent:31, rop:83%
[m[0;32;32m2025-12-20 10:49:10.418|I|805740677|lpUCM [fds.cpp:FDS_OnLocalUpgProgress:248] total: 23, curr:20, percent:32, rop:84%
[m[0;32;32m2025-12-20 10:49:10.909|I|805740677|lpUCM [fds.cpp:FDS_OnLocalUpgProgress:248] total: 23, curr:20, percent:33, rop:84%
[m[0;32;32m2025-12-20 10:49:11.410|I|805740677|lpUCM [fds.cpp:FDS_OnLocalUpgProgress:248] total: 23, curr:20, percent:34, rop:84%
[m[0;32;32m2025-12-20 10:49:11.944|I|805740677|lpUCM [fds.cpp:FDS_OnLocalUpgProgress:248] total: 23, curr:20, percent:35, rop:84%
[m[0;32;32m2025-12-20 10:49:12.433|I|805740677|lpUCM [fds.cpp:FDS_OnLocalUpgProgress:248] total: 23, curr:20, percent:36, rop:84%
[m[0;32;32m2025-12-20 10:49:12.926|I|805740677|lpUCM [fds.cpp:FDS_OnLocalUpgProgress:248] total: 23, curr:20, percent:37, rop:84%
[m[0;32;32m2025-12-20 10:49:13.558|I|805740677|lpUCM [fds.cpp:FDS_OnLocalUpgProgress:248] total: 23, curr:20, percent:38, rop:84%
[m[0;32;32m2025-12-20 10:49:14.53|I|805740677|lpUCM [fds.cpp:FDS_OnLocalUpgProgress:248] total: 23, curr:20, percent:39, rop:84%
[m[0;32;32m2025-12-20 10:49:14.610|I|805740677|lpUCM [fds.cpp:FDS_OnLocalUpgProgress:248] total: 23, curr:20, percent:40, rop:84%
[m[0;32;32m2025-12-20 10:49:15.289|I|805740677|lpUCM [fds.cpp:FDS_OnLocalUpgProgress:248] total: 23, curr:20, percent:41, rop:84%
[m[0;32;32m2025-12-20 10:49:15.879|I|805740677|lpUCM [fds.cpp:FDS_OnLocalUpgProgress:248] total: 23, curr:20, percent:42, rop:84%
[m[0;32;32m2025-12-20 10:49:16.439|I|805740677|lpUCM [fds.cpp:FDS_OnLocalUpgProgress:248] total: 23, curr:20, percent:43, rop:84%
[m[0;32;32m2025-12-20 10:49:16.939|I|805740677|lpUCM [fds.cpp:FDS_OnLocalUpgProgress:248] total: 23, curr:20, percent:44, rop:84%
[m[0;32;32m2025-12-20 10:49:17.541|I|805740677|lpUCM [fds.cpp:FDS_OnLocalUpgProgress:248] total: 23, curr:20, percent:45, rop:84%
[m[0;32;32m2025-12-20 10:49:18.132|I|805740677|lpUCM [fds.cpp:FDS_OnLocalUpgProgress:248] total: 23, curr:20, percent:46, rop:84%
[m[0;32;32m2025-12-20 10:49:18.707|I|805740677|lpUCM [fds.cpp:FDS_OnLocalUpgProgress:248] total: 23, curr:20, percent:47, rop:84%
[m[0;32;32m2025-12-20 10:49:19.274|I|805740677|lpUCM [fds.cpp:FDS_OnLocalUpgProgress:248] total: 23, curr:20, percent:48, rop:84%
[m[0;32;32m2025-12-20 10:49:19.840|I|805740677|lpUCM [fds.cpp:FDS_OnLocalUpgProgress:248] total: 23, curr:20, percent:49, rop:84%
[m[0;32;32m2025-12-20 10:50:33.838|I|805740677|lpUCM [fds.cpp:FDS_OnLocalUpgProgress:248] total: 23, curr:20, percent:50, rop:84%
[m[0;32;32m2025-12-20 10:50:33.974|I|805740677|lpUCM [handler.c:FDS_idhExtractFile:234] CPIO extract success
[m[0;32;32m2025-12-20 10:50:33.974|I|805740677|lpUCM [fds.cpp:FDS_OnLocalUpgProgress:248] total: 23, curr:20, percent:100, rop:86%
[m[1;33m2025-12-20 10:50:33.974|W|805740677|lpUCM [scm.c:FDS_scmDeployImages:443] deploy [20st] success:oem.xfs.gz
[m[1;33m2025-12-20 10:50:33.974|W|805740677|lpUCM [scm.c:FDS_scmDeployImages:435] start [21st] deploy:system.xfs.gz
[m[0;32;32m2025-12-20 10:50:33.974|I|805740677|lpUCM [fds.cpp:FDS_OnLocalUpgProgress:248] total: 23, curr:21, percent:0, rop:86%
[m[0;32;32m2025-12-20 10:50:33.974|I|805740677|lpUCM [handler.c:FDS_idhFindDesc:79] find time 1, name raw, handler_name = raw
[m[0;32;32m2025-12-20 10:50:33.974|I|805740677|lpUCM [handler.c:FDS_idhFindDesc:94] find handler raw, type = 0
[m[0;32;32m2025-12-20 10:50:33.974|I|805740677|lpUCM [handler.c:FDS_idhFindDesc:79] find time 1, name raw, handler_name = raw
[m[0;32;32m2025-12-20 10:50:33.974|I|805740677|lpUCM [handler.c:FDS_idhFindDesc:94] find handler raw, type = 0
[m[0;32;32m2025-12-20 10:50:34.279|I|805740677|lpUCM [fds.cpp:FDS_OnLocalUpgProgress:248] total: 23, curr:21, percent:1, rop:87%
[m[0;32;32m2025-12-20 10:50:34.508|I|805740677|lpUCM [fds.cpp:FDS_OnLocalUpgProgress:248] total: 23, curr:21, percent:2, rop:87%
[m[0;32;32m2025-12-20 10:50:34.697|I|805740677|lpUCM [fds.cpp:FDS_OnLocalUpgProgress:248] total: 23, curr:21, percent:3, rop:87%
[m[0;32;32m2025-12-20 10:50:34.866|I|805740677|lpUCM [fds.cpp:FDS_OnLocalUpgProgress:248] total: 23, curr:21, percent:4, rop:87%
[m[0;32;32m2025-12-20 10:50:35.2|I|805740677|lpUCM [fds.cpp:FDS_OnLocalUpgProgress:248] total: 23, curr:21, percent:5, rop:87%
[m[0;32;32m2025-12-20 10:50:35.178|I|805740677|lpUCM [fds.cpp:FDS_OnLocalUpgProgress:248] total: 23, curr:21, percent:6, rop:87%
[m[0;32;32m2025-12-20 10:50:35.379|I|805740677|lpUCM [fds.cpp:FDS_OnLocalUpgProgress:248] total: 23, curr:21, percent:7, rop:87%
[m[0;32;32m2025-12-20 10:50:35.580|I|805740677|lpUCM [fds.cpp:FDS_OnLocalUpgProgress:248] total: 23, curr:21, percent:8, rop:87%
[m[0;32;32m2025-12-20 10:50:35.763|I|805740677|lpUCM [fds.cpp:FDS_OnLocalUpgProgress:248] total: 23, curr:21, percent:9, rop:87%
[m[0;32;32m2025-12-20 10:50:36.11|I|805740677|lpUCM [fds.cpp:FDS_OnLocalUpgProgress:248] total: 23, curr:21, percent:10, rop:87%
[m[0;32;32m2025-12-20 10:50:36.147|I|805740677|lpUCM [fds.cpp:FDS_OnLocalUpgProgress:248] total: 23, curr:21, percent:11, rop:87%
[m[0;32;32m2025-12-20 10:50:36.324|I|805740677|lpUCM [fds.cpp:FDS_OnLocalUpgProgress:248] total: 23, curr:21, percent:12, rop:87%
[m[0;32;32m2025-12-20 10:50:36.504|I|805740677|lpUCM [fds.cpp:FDS_OnLocalUpgProgress:248] total: 23, curr:21, percent:13, rop:87%
[m[0;32;32m2025-12-20 10:50:36.687|I|805740677|lpUCM [fds.cpp:FDS_OnLocalUpgProgress:248] total: 23, curr:21, percent:14, rop:87%
[m[0;32;32m2025-12-20 10:50:36.906|I|805740677|lpUCM [fds.cpp:FDS_OnLocalUpgProgress:248] total: 23, curr:21, percent:15, rop:87%
[m[0;32;32m2025-12-20 10:50:37.89|I|805740677|lpUCM [fds.cpp:FDS_OnLocalUpgProgress:248] total: 23, curr:21, percent:16, rop:87%
[m[0;32;32m2025-12-20 10:50:37.217|I|805740677|lpUCM [fds.cpp:FDS_OnLocalUpgProgress:248] total: 23, curr:21, percent:17, rop:87%
[m[0;32;32m2025-12-20 10:50:37.395|I|805740677|lpUCM [fds.cpp:FDS_OnLocalUpgProgress:248] total: 23, curr:21, percent:18, rop:87%
[m[0;32;32m2025-12-20 10:50:37.530|I|805740677|lpUCM [fds.cpp:FDS_OnLocalUpgProgress:248] total: 23, curr:21, percent:19, rop:87%
[m[0;32;32m2025-12-20 10:50:37.725|I|805740677|lpUCM [fds.cpp:FDS_OnLocalUpgProgress:248] total: 23, curr:21, percent:20, rop:87%
[m[0;32;32m2025-12-20 10:50:38.271|I|805740677|lpUCM [fds.cpp:FDS_OnLocalUpgProgress:248] total: 23, curr:21, percent:21, rop:87%
[m[0;32;32m2025-12-20 10:50:38.563|I|805740677|lpUCM [fds.cpp:FDS_OnLocalUpgProgress:248] total: 23, curr:21, percent:22, rop:87%
[m[0;32;32m2025-12-20 10:50:38.759|I|805740677|lpUCM [fds.cpp:FDS_OnLocalUpgProgress:248] total: 23, curr:21, percent:23, rop:87%
[m[0;32;32m2025-12-20 10:50:39.57|I|805740677|lpUCM [fds.cpp:FDS_OnLocalUpgProgress:248] total: 23, curr:21, percent:24, rop:88%
[m[0;32;32m2025-12-20 10:50:39.130|I|805740677|lpUCM [fds.cpp:FDS_OnLocalUpgProgress:248] total: 23, curr:21, percent:25, rop:88%
[m[0;32;32m2025-12-20 10:50:39.293|I|805740677|lpUCM [fds.cpp:FDS_OnLocalUpgProgress:248] total: 23, curr:21, percent:26, rop:88%
[m[0;32;32m2025-12-20 10:50:39.554|I|805740677|lpUCM [fds.cpp:FDS_OnLocalUpgProgress:248] total: 23, curr:21, percent:27, rop:88%
[m[0;32;32m2025-12-20 10:50:39.783|I|805740677|lpUCM [fds.cpp:FDS_OnLocalUpgProgress:248] total: 23, curr:21, percent:28, rop:88%
[m[0;32;32m2025-12-20 10:50:40.18|I|805740677|lpUCM [fds.cpp:FDS_OnLocalUpgProgress:248] total: 23, curr:21, percent:29, rop:88%
[m[0;32;32m2025-12-20 10:50:40.202|I|805740677|lpUCM [fds.cpp:FDS_OnLocalUpgProgress:248] total: 23, curr:21, percent:30, rop:88%
[m[0;32;32m2025-12-20 10:50:40.411|I|805740677|lpUCM [fds.cpp:FDS_OnLocalUpgProgress:248] total: 23, curr:21, percent:31, rop:88%
[m[0;32;32m2025-12-20 10:50:40.655|I|805740677|lpUCM [fds.cpp:FDS_OnLocalUpgProgress:248] total: 23, curr:21, percent:32, rop:88%
[m[0;32;32m2025-12-20 10:50:41.10|I|805740677|lpUCM [fds.cpp:FDS_OnLocalUpgProgress:248] total: 23, curr:21, percent:33, rop:88%
[m[0;32;32m2025-12-20 10:50:41.255|I|805740677|lpUCM [fds.cpp:FDS_OnLocalUpgProgress:248] total: 23, curr:21, percent:34, rop:88%
[m[0;32;32m2025-12-20 10:50:41.522|I|805740677|lpUCM [fds.cpp:FDS_OnLocalUpgProgress:248] total: 23, curr:21, percent:35, rop:88%
[m[0;32;32m2025-12-20 10:50:41.763|I|805740677|lpUCM [fds.cpp:FDS_OnLocalUpgProgress:248] total: 23, curr:21, percent:36, rop:88%
[m[0;32;32m2025-12-20 10:50:41.954|I|805740677|lpUCM [fds.cpp:FDS_OnLocalUpgProgress:248] total: 23, curr:21, percent:37, rop:88%
[m[0;32;32m2025-12-20 10:50:42.140|I|805740677|lpUCM [fds.cpp:FDS_OnLocalUpgProgress:248] total: 23, curr:21, percent:38, rop:88%
[m[0;32;32m2025-12-20 10:50:42.362|I|805740677|lpUCM [fds.cpp:FDS_OnLocalUpgProgress:248] total: 23, curr:21, percent:39, rop:88%
[m[0;32;32m2025-12-20 10:50:42.655|I|805740677|lpUCM [fds.cpp:FDS_OnLocalUpgProgress:248] total: 23, curr:21, percent:40, rop:88%
[m[0;32;32m2025-12-20 10:50:42.912|I|805740677|lpUCM [fds.cpp:FDS_OnLocalUpgProgress:248] total: 23, curr:21, percent:41, rop:88%
[m[0;32;32m2025-12-20 10:50:43.154|I|805740677|lpUCM [fds.cpp:FDS_OnLocalUpgProgress:248] total: 23, curr:21, percent:42, rop:88%
[m[0;32;32m2025-12-20 10:50:43.343|I|805740677|lpUCM [fds.cpp:FDS_OnLocalUpgProgress:248] total: 23, curr:21, percent:43, rop:88%
[m[0;32;32m2025-12-20 10:50:43.582|I|805740677|lpUCM [fds.cpp:FDS_OnLocalUpgProgress:248] total: 23, curr:21, percent:44, rop:88%
[m[0;32;32m2025-12-20 10:50:43.797|I|805740677|lpUCM [fds.cpp:FDS_OnLocalUpgProgress:248] total: 23, curr:21, percent:45, rop:88%
[m[0;32;32m2025-12-20 10:50:44.89|I|805740677|lpUCM [fds.cpp:FDS_OnLocalUpgProgress:248] total: 23, curr:21, percent:46, rop:88%
[m[0;32;32m2025-12-20 10:50:44.328|I|805740677|lpUCM [fds.cpp:FDS_OnLocalUpgProgress:248] total: 23, curr:21, percent:47, rop:89%
[m[0;32;32m2025-12-20 10:50:44.502|I|805740677|lpUCM [fds.cpp:FDS_OnLocalUpgProgress:248] total: 23, curr:21, percent:48, rop:89%
[m[0;32;32m2025-12-20 10:50:44.737|I|805740677|lpUCM [fds.cpp:FDS_OnLocalUpgProgress:248] total: 23, curr:21, percent:49, rop:89%
[m[0;32;32m2025-12-20 10:51:14.820|I|805740677|lpUCM [fds.cpp:FDS_OnLocalUpgProgress:248] total: 23, curr:21, percent:50, rop:89%
[m[0;32;32m2025-12-20 10:51:14.842|I|805740677|lpUCM [handler.c:FDS_idhExtractFile:234] CPIO extract success
[m[0;32;32m2025-12-20 10:51:14.842|I|805740677|lpUCM [fds.cpp:FDS_OnLocalUpgProgress:248] total: 23, curr:21, percent:100, rop:91%
[m[1;33m2025-12-20 10:51:14.842|W|805740677|lpUCM [scm.c:FDS_scmDeployImages:443] deploy [21st] success:system.xfs.gz
[m[1;33m2025-12-20 10:51:14.842|W|805740677|lpUCM [scm.c:FDS_scmDeployImages:435] start [22st] deploy:autosarsailsw1.elf
[m[0;32;32m2025-12-20 10:51:14.842|I|805740677|lpUCM [fds.cpp:FDS_OnLocalUpgProgress:248] total: 23, curr:22, percent:0, rop:91%
[m[0;32;32m2025-12-20 10:51:14.842|I|805740677|lpUCM [handler.c:FDS_idhFindDesc:79] find time 1, name sail_sw, handler_name = raw
[m[0;32;32m2025-12-20 10:51:14.842|I|805740677|lpUCM [handler.c:FDS_idhFindDesc:79] find time 2, name sail_sw, handler_name = sail_sw
[m[0;32;32m2025-12-20 10:51:14.842|I|805740677|lpUCM [handler.c:FDS_idhFindDesc:94] find handler sail_sw, type = 0
[m[0;32;32m2025-12-20 10:51:14.842|I|805740677|lpUCM [handler.c:FDS_idhFindDesc:79] find time 1, name sail_sw, handler_name = raw
[m[0;32;32m2025-12-20 10:51:14.842|I|805740677|lpUCM [handler.c:FDS_idhFindDesc:79] find time 2, name sail_sw, handler_name = sail_sw
[m[0;32;32m2025-12-20 10:51:14.842|I|805740677|lpUCM [handler.c:FDS_idhFindDesc:94] find handler sail_sw, type = 0
[m[1;33m2025-12-20 10:51:14.842|W|805740677|lpUCM [RemoteSails.cpp:FDS_idhSail:304] StartRCoreUpgrade
[m[1;33m2025-12-20 10:51:14.842|W|805740677|lpUCM [RemoteSails.cpp:SendWithRetry:185] Successfully wrote 33 bytes
[m[0;32;32m2025-12-20 10:51:14.845|I|805740677|lpUCM [RemoteSails.cpp:HandleResponse:149] HandleResponse started, buffer size: 1048
[m[0;32;32m2025-12-20 10:51:14.845|I|805740677|lpUCM [RemoteSails.cpp:HandleResponse:158] Successfully deserialized response, status: 0, result code: 0
[m[0;32;32m2025-12-20 10:51:14.845|I|805740677|lpUCM [fds.cpp:FDS_OnLocalUpgProgress:248] total: 23, curr:22, percent:12, rop:91%
[m[1;33m2025-12-20 10:51:14.845|W|805740677|lpUCM [RemoteSails.cpp:FDS_idhSail:314] SailWriteData
[m[0;32;32m2025-12-20 10:51:14.845|I|805740677|lpUCM [RemoteSails.cpp:SailWriteData:254] total data is 16384
[m[0;32;31m2025-12-20 10:51:14.845|E|805740677|lpUCM [IpccProtoMessage.cpp:SerializeParams:112] m_offset, 0
[m[1;33m2025-12-20 10:51:14.845|W|805740677|lpUCM [RemoteSails.cpp:SendWithRetry:185] Successfully wrote 1052 bytes
[m[0;32;32m2025-12-20 10:51:14.876|I|805740677|lpUCM [RemoteSails.cpp:HandleResponse:149] HandleResponse started, buffer size: 1048
[m[0;32;32m2025-12-20 10:51:14.876|I|805740677|lpUCM [RemoteSails.cpp:HandleResponse:158] Successfully deserialized response, status: 0, result code: 0
[m[0;32;31m2025-12-20 10:51:14.876|E|805740677|lpUCM [IpccProtoMessage.cpp:SerializeParams:112] m_offset, 1024
[m[1;33m2025-12-20 10:51:14.876|W|805740677|lpUCM [RemoteSails.cpp:SendWithRetry:185] Successfully wrote 1052 bytes
[m[0;32;32m2025-12-20 10:51:14.879|I|805740677|lpUCM [RemoteSails.cpp:HandleResponse:149] HandleResponse started, buffer size: 1048
[m[0;32;32m2025-12-20 10:51:14.879|I|805740677|lpUCM [RemoteSails.cpp:HandleResponse:158] Successfully deserialized response, status: 0, result code: 0
[m[0;32;31m2025-12-20 10:51:14.879|E|805740677|lpUCM [IpccProtoMessage.cpp:SerializeParams:112] m_offset, 2048
[m[1;33m2025-12-20 10:51:14.879|W|805740677|lpUCM [RemoteSails.cpp:SendWithRetry:185] Successfully wrote 1052 bytes
[m[0;32;32m2025-12-20 10:51:14.886|I|805740677|lpUCM [RemoteSails.cpp:HandleResponse:149] HandleResponse started, buffer size: 1048
[m[0;32;32m2025-12-20 10:51:14.886|I|805740677|lpUCM [RemoteSails.cpp:HandleResponse:158] Successfully deserialized response, status: 0, result code: 0
[m[0;32;31m2025-12-20 10:51:14.886|E|805740677|lpUCM [IpccProtoMessage.cpp:SerializeParams:112] m_offset, 3072
[m[1;33m2025-12-20 10:51:14.886|W|805740677|lpUCM [RemoteSails.cpp:SendWithRetry:185] Successfully wrote 1052 bytes
[m[0;32;32m2025-12-20 10:51:14.890|I|805740677|lpUCM [RemoteSails.cpp:HandleResponse:149] HandleResponse started, buffer size: 1048
[m[0;32;32m2025-12-20 10:51:14.890|I|805740677|lpUCM [RemoteSails.cpp:HandleResponse:158] Successfully deserialized response, status: 0, result code: 0
[m[0;32;31m2025-12-20 10:51:14.890|E|805740677|lpUCM [IpccProtoMessage.cpp:SerializeParams:112] m_offset, 4096
[m[1;33m2025-12-20 10:51:14.890|W|805740677|lpUCM [RemoteSails.cpp:SendWithRetry:185] Successfully wrote 1052 bytes
[m[0;32;32m2025-12-20 10:51:14.923|I|805740677|lpUCM [RemoteSails.cpp:HandleResponse:149] HandleResponse started, buffer size: 1048
[m[0;32;32m2025-12-20 10:51:14.923|I|805740677|lpUCM [RemoteSails.cpp:HandleResponse:158] Successfully deserialized response, status: 0, result code: 0
[m[0;32;31m2025-12-20 10:51:14.923|E|805740677|lpUCM [IpccProtoMessage.cpp:SerializeParams:112] m_offset, 5120
[m[1;33m2025-12-20 10:51:14.923|W|805740677|lpUCM [RemoteSails.cpp:SendWithRetry:185] Successfully wrote 1052 bytes
[m[0;32;32m2025-12-20 10:51:14.926|I|805740677|lpUCM [RemoteSails.cpp:HandleResponse:149] HandleResponse started, buffer size: 1048
[m[0;32;32m2025-12-20 10:51:14.926|I|805740677|lpUCM [RemoteSails.cpp:HandleResponse:158] Successfully deserialized response, status: 0, result code: 0
[m[0;32;31m2025-12-20 10:51:14.926|E|805740677|lpUCM [IpccProtoMessage.cpp:SerializeParams:112] m_offset, 6144
[m[1;33m2025-12-20 10:51:14.926|W|805740677|lpUCM [RemoteSails.cpp:SendWithRetry:185] Successfully wrote 1052 bytes
[m[0;32;32m2025-12-20 10:51:14.929|I|805740677|lpUCM [RemoteSails.cpp:HandleResponse:149] HandleResponse started, buffer size: 1048
[m[0;32;32m2025-12-20 10:51:14.929|I|805740677|lpUCM [RemoteSails.cpp:HandleResponse:158] Successfully deserialized response, status: 0, result code: 0
[m[0;32;31m2025-12-20 10:51:14.929|E|805740677|lpUCM [IpccProtoMessage.cpp:SerializeParams:112] m_offset, 7168
[m[1;33m2025-12-20 10:51:14.929|W|805740677|lpUCM [RemoteSails.cpp:SendWithRetry:185] Successfully wrote 1052 bytes
[m[0;32;32m2025-12-20 10:51:14.935|I|805740677|lpUCM [RemoteSails.cpp:HandleResponse:149] HandleResponse started, buffer size: 1048
[m[0;32;32m2025-12-20 10:51:14.935|I|805740677|lpUCM [RemoteSails.cpp:HandleResponse:158] Successfully deserialized response, status: 0, result code: 0
[m[0;32;31m2025-12-20 10:51:14.935|E|805740677|lpUCM [IpccProtoMessage.cpp:SerializeParams:112] m_offset, 8192
[m[1;33m2025-12-20 10:51:14.935|W|805740677|lpUCM [RemoteSails.cpp:SendWithRetry:185] Successfully wrote 1052 bytes
[m[0;32;32m2025-12-20 10:51:14.965|I|805740677|lpUCM [RemoteSails.cpp:HandleResponse:149] HandleResponse started, buffer size: 1048
[m[0;32;32m2025-12-20 10:51:14.965|I|805740677|lpUCM [RemoteSails.cpp:HandleResponse:158] Successfully deserialized response, status: 0, result code: 0
[m[0;32;31m2025-12-20 10:51:14.965|E|805740677|lpUCM [IpccProtoMessage.cpp:SerializeParams:112] m_offset, 9216
[m[1;33m2025-12-20 10:51:14.965|W|805740677|lpUCM [RemoteSails.cpp:SendWithRetry:185] Successfully wrote 1052 bytes
[m[0;32;32m2025-12-20 10:51:14.969|I|805740677|lpUCM [RemoteSails.cpp:HandleResponse:149] HandleResponse started, buffer size: 1048
[m[0;32;32m2025-12-20 10:51:14.969|I|805740677|lpUCM [RemoteSails.cpp:HandleResponse:158] Successfully deserialized response, status: 0, result code: 0
[m[0;32;31m2025-12-20 10:51:14.969|E|805740677|lpUCM [IpccProtoMessage.cpp:SerializeParams:112] m_offset, 10240
[m[1;33m2025-12-20 10:51:14.969|W|805740677|lpUCM [RemoteSails.cpp:SendWithRetry:185] Successfully wrote 1052 bytes
[m[0;32;32m2025-12-20 10:51:14.972|I|805740677|lpUCM [RemoteSails.cpp:HandleResponse:149] HandleResponse started, buffer size: 1048
[m[0;32;32m2025-12-20 10:51:14.972|I|805740677|lpUCM [RemoteSails.cpp:HandleResponse:158] Successfully deserialized response, status: 0, result code: 0
[m[0;32;31m2025-12-20 10:51:14.972|E|805740677|lpUCM [IpccProtoMessage.cpp:SerializeParams:112] m_offset, 11264
[m[1;33m2025-12-20 10:51:14.972|W|805740677|lpUCM [RemoteSails.cpp:SendWithRetry:185] Successfully wrote 1052 bytes
[m[0;32;32m2025-12-20 10:51:14.975|I|805740677|lpUCM [RemoteSails.cpp:HandleResponse:149] HandleResponse started, buffer size: 1048
[m[0;32;32m2025-12-20 10:51:14.975|I|805740677|lpUCM [RemoteSails.cpp:HandleResponse:158] Successfully deserialized response, status: 0, result code: 0
[m[0;32;31m2025-12-20 10:51:14.975|E|805740677|lpUCM [IpccProtoMessage.cpp:SerializeParams:112] m_offset, 12288
[m[1;33m2025-12-20 10:51:14.975|W|805740677|lpUCM [RemoteSails.cpp:SendWithRetry:185] Successfully wrote 1052 bytes
[m[0;32;32m2025-12-20 10:51:15.5|I|805740677|lpUCM [RemoteSails.cpp:HandleResponse:149] HandleResponse started, buffer size: 1048
[m[0;32;32m2025-12-20 10:51:15.5|I|805740677|lpUCM [RemoteSails.cpp:HandleResponse:158] Successfully deserialized response, status: 0, result code: 0
[m[0;32;31m2025-12-20 10:51:15.5|E|805740677|lpUCM [IpccProtoMessage.cpp:SerializeParams:112] m_offset, 13312
[m[1;33m2025-12-20 10:51:15.5|W|805740677|lpUCM [RemoteSails.cpp:SendWithRetry:185] Successfully wrote 1052 bytes
[m[0;32;32m2025-12-20 10:51:15.8|I|805740677|lpUCM [RemoteSails.cpp:HandleResponse:149] HandleResponse started, buffer size: 1048
[m[0;32;32m2025-12-20 10:51:15.8|I|805740677|lpUCM [RemoteSails.cpp:HandleResponse:158] Successfully deserialized response, status: 0, result code: 0
[m[0;32;31m2025-12-20 10:51:15.8|E|805740677|lpUCM [IpccProtoMessage.cpp:SerializeParams:112] m_offset, 14336
[m[1;33m2025-12-20 10:51:15.8|W|805740677|lpUCM [RemoteSails.cpp:SendWithRetry:185] Successfully wrote 1052 bytes
[m[0;32;32m2025-12-20 10:51:15.12|I|805740677|lpUCM [RemoteSails.cpp:HandleResponse:149] HandleResponse started, buffer size: 1048
[m[0;32;32m2025-12-20 10:51:15.12|I|805740677|lpUCM [RemoteSails.cpp:HandleResponse:158] Successfully deserialized response, status: 0, result code: 0
[m[0;32;31m2025-12-20 10:51:15.12|E|805740677|lpUCM [IpccProtoMessage.cpp:SerializeParams:112] m_offset, 15360
[m[1;33m2025-12-20 10:51:15.12|W|805740677|lpUCM [RemoteSails.cpp:SendWithRetry:185] Successfully wrote 1052 bytes
[m[0;32;32m2025-12-20 10:51:15.15|I|805740677|lpUCM [RemoteSails.cpp:HandleResponse:149] HandleResponse started, buffer size: 1048
[m[0;32;32m2025-12-20 10:51:15.15|I|805740677|lpUCM [RemoteSails.cpp:HandleResponse:158] Successfully deserialized response, status: 0, result code: 0
[m[0;32;32m2025-12-20 10:51:15.15|I|805740677|lpUCM [RemoteSails.cpp:SailWriteData:272] All data already trans size 16384
[m[0;32;32m2025-12-20 10:51:15.15|I|805740677|lpUCM [fds.cpp:FDS_OnLocalUpgProgress:248] total: 23, curr:22, percent:13, rop:91%
[m[0;32;32m2025-12-20 10:51:15.15|I|805740677|lpUCM [RemoteSails.cpp:SailWriteData:254] total data is 16384
[m[0;32;31m2025-12-20 10:51:15.15|E|805740677|lpUCM [IpccProtoMessage.cpp:SerializeParams:112] m_offset, 16384
[m[1;33m2025-12-20 10:51:15.15|W|805740677|lpUCM [RemoteSails.cpp:SendWithRetry:185] Successfully wrote 1052 bytes
[m[0;32;32m2025-12-20 10:51:15.44|I|805740677|lpUCM [RemoteSails.cpp:HandleResponse:149] HandleResponse started, buffer size: 1048
[m[0;32;32m2025-12-20 10:51:15.44|I|805740677|lpUCM [RemoteSails.cpp:HandleResponse:158] Successfully deserialized response, status: 0, result code: 0
[m[0;32;31m2025-12-20 10:51:15.44|E|805740677|lpUCM [IpccProtoMessage.cpp:SerializeParams:112] m_offset, 17408
[m[1;33m2025-12-20 10:51:15.44|W|805740677|lpUCM [RemoteSails.cpp:SendWithRetry:185] Successfully wrote 1052 bytes
[m[0;32;32m2025-12-20 10:51:15.47|I|805740677|lpUCM [RemoteSails.cpp:HandleResponse:149] HandleResponse started, buffer size: 1048
[m[0;32;32m2025-12-20 10:51:15.47|I|805740677|lpUCM [RemoteSails.cpp:HandleResponse:158] Successfully deserialized response, status: 0, result code: 0
[m[0;32;31m2025-12-20 10:51:15.47|E|805740677|lpUCM [IpccProtoMessage.cpp:SerializeParams:112] m_offset, 18432
[m[1;33m2025-12-20 10:51:15.47|W|805740677|lpUCM [RemoteSails.cpp:SendWithRetry:185] Successfully wrote 1052 bytes
[m[0;32;32m2025-12-20 10:51:15.50|I|805740677|lpUCM [RemoteSails.cpp:HandleResponse:149] HandleResponse started, buffer size: 1048
[m[0;32;32m2025-12-20 10:51:15.50|I|805740677|lpUCM [RemoteSails.cpp:HandleResponse:158] Successfully deserialized response, status: 0, result code: 0
[m[0;32;31m2025-12-20 10:51:15.50|E|805740677|lpUCM [IpccProtoMessage.cpp:SerializeParams:112] m_offset, 19456
[m[1;33m2025-12-20 10:51:15.50|W|805740677|lpUCM [RemoteSails.cpp:SendWithRetry:185] Successfully wrote 1052 bytes
[m[0;32;32m2025-12-20 10:51:15.57|I|805740677|lpUCM [RemoteSails.cpp:HandleResponse:149] HandleResponse started, buffer size: 1048
[m[0;32;32m2025-12-20 10:51:15.57|I|805740677|lpUCM [RemoteSails.cpp:HandleResponse:158] Successfully deserialized response, status: 0, result code: 0
[m[0;32;31m2025-12-20 10:51:15.57|E|805740677|lpUCM [IpccProtoMessage.cpp:SerializeParams:112] m_offset, 20480
[m[1;33m2025-12-20 10:51:15.57|W|805740677|lpUCM [RemoteSails.cpp:SendWithRetry:185] Successfully wrote 1052 bytes
[m[0;32;32m2025-12-20 10:51:15.88|I|805740677|lpUCM [RemoteSails.cpp:HandleResponse:149] HandleResponse started, buffer size: 1048
[m[0;32;32m2025-12-20 10:51:15.88|I|805740677|lpUCM [RemoteSails.cpp:HandleResponse:158] Successfully deserialized response, status: 0, result code: 0
[m[0;32;31m2025-12-20 10:51:15.88|E|805740677|lpUCM [IpccProtoMessage.cpp:SerializeParams:112] m_offset, 21504
[m[1;33m2025-12-20 10:51:15.88|W|805740677|lpUCM [RemoteSails.cpp:SendWithRetry:185] Successfully wrote 1052 bytes
[m[0;32;32m2025-12-20 10:51:15.91|I|805740677|lpUCM [RemoteSails.cpp:HandleResponse:149] HandleResponse started, buffer size: 1048
[m[0;32;32m2025-12-20 10:51:15.91|I|805740677|lpUCM [RemoteSails.cpp:HandleResponse:158] Successfully deserialized response, status: 0, result code: 0
[m[0;32;31m2025-12-20 10:51:15.91|E|805740677|lpUCM [IpccProtoMessage.cpp:SerializeParams:112] m_offset, 22528
[m[1;33m2025-12-20 10:51:15.91|W|805740677|lpUCM [RemoteSails.cpp:SendWithRetry:185] Successfully wrote 1052 bytes
[m[0;32;32m2025-12-20 10:51:15.95|I|805740677|lpUCM [RemoteSails.cpp:HandleResponse:149] HandleResponse started, buffer size: 1048
[m[0;32;32m2025-12-20 10:51:15.95|I|805740677|lpUCM [RemoteSails.cpp:HandleResponse:158] Successfully deserialized response, status: 0, result code: 0
[m[0;32;31m2025-12-20 10:51:15.95|E|805740677|lpUCM [IpccProtoMessage.cpp:SerializeParams:112] m_offset, 23552
[m[1;33m2025-12-20 10:51:15.95|W|805740677|lpUCM [RemoteSails.cpp:SendWithRetry:185] Successfully wrote 1052 bytes
[m[0;32;32m2025-12-20 10:51:15.99|I|805740677|lpUCM [RemoteSails.cpp:HandleResponse:149] HandleResponse started, buffer size: 1048
[m[0;32;32m2025-12-20 10:51:15.99|I|805740677|lpUCM [RemoteSails.cpp:HandleResponse:158] Successfully deserialized response, status: 0, result code: 0
[m[0;32;31m2025-12-20 10:51:15.99|E|805740677|lpUCM [IpccProtoMessage.cpp:SerializeParams:112] m_offset, 24576
[m[1;33m2025-12-20 10:51:15.99|W|805740677|lpUCM [RemoteSails.cpp:SendWithRetry:185] Successfully wrote 1052 bytes
[m[0;32;32m2025-12-20 10:51:15.130|I|805740677|lpUCM [RemoteSails.cpp:HandleResponse:149] HandleResponse started, buffer size: 1048
[m[0;32;32m2025-12-20 10:51:15.130|I|805740677|lpUCM [RemoteSails.cpp:HandleResponse:158] Successfully deserialized response, status: 0, result code: 0
[m[0;32;31m2025-12-20 10:51:15.130|E|805740677|lpUCM [IpccProtoMessage.cpp:SerializeParams:112] m_offset, 25600
[m[1;33m2025-12-20 10:51:15.130|W|805740677|lpUCM [RemoteSails.cpp:SendWithRetry:185] Successfully wrote 1052 bytes
[m[0;32;32m2025-12-20 10:51:15.133|I|805740677|lpUCM [RemoteSails.cpp:HandleResponse:149] HandleResponse started, buffer size: 1048
[m[0;32;32m2025-12-20 10:51:15.133|I|805740677|lpUCM [RemoteSails.cpp:HandleResponse:158] Successfully deserialized response, status: 0, result code: 0
[m[0;32;31m2025-12-20 10:51:15.133|E|805740677|lpUCM [IpccProtoMessage.cpp:SerializeParams:112] m_offset, 26624
[m[1;33m2025-12-20 10:51:15.133|W|805740677|lpUCM [RemoteSails.cpp:SendWithRetry:185] Successfully wrote 1052 bytes
[m[0;32;32m2025-12-20 10:51:15.136|I|805740677|lpUCM [RemoteSails.cpp:HandleResponse:149] HandleResponse started, buffer size: 1048
[m[0;32;32m2025-12-20 10:51:15.136|I|805740677|lpUCM [RemoteSails.cpp:HandleResponse:158] Successfully deserialized response, status: 0, result code: 0
[m[0;32;31m2025-12-20 10:51:15.136|E|805740677|lpUCM [IpccProtoMessage.cpp:SerializeParams:112] m_offset, 27648
[m[1;33m2025-12-20 10:51:15.136|W|805740677|lpUCM [RemoteSails.cpp:SendWithRetry:185] Successfully wrote 1052 bytes
[m[0;32;32m2025-12-20 10:51:15.139|I|805740677|lpUCM [RemoteSails.cpp:HandleResponse:149] HandleResponse started, buffer size: 1048
[m[0;32;32m2025-12-20 10:51:15.139|I|805740677|lpUCM [RemoteSails.cpp:HandleResponse:158] Successfully deserialized response, status: 0, result code: 0
[m[0;32;31m2025-12-20 10:51:15.139|E|805740677|lpUCM [IpccProtoMessage.cpp:SerializeParams:112] m_offset, 28672
[m[1;33m2025-12-20 10:51:15.139|W|805740677|lpUCM [RemoteSails.cpp:SendWithRetry:185] Successfully wrote 1052 bytes
[m[0;32;32m2025-12-20 10:51:15.169|I|805740677|lpUCM [RemoteSails.cpp:HandleResponse:149] HandleResponse started, buffer size: 1048
[m[0;32;32m2025-12-20 10:51:15.169|I|805740677|lpUCM [RemoteSails.cpp:HandleResponse:158] Successfully deserialized response, status: 0, result code: 0
[m[0;32;31m2025-12-20 10:51:15.169|E|805740677|lpUCM [IpccProtoMessage.cpp:SerializeParams:112] m_offset, 29696
[m[1;33m2025-12-20 10:51:15.169|W|805740677|lpUCM [RemoteSails.cpp:SendWithRetry:185] Successfully wrote 1052 bytes
[m[0;32;32m2025-12-20 10:51:15.175|I|805740677|lpUCM [RemoteSails.cpp:HandleResponse:149] HandleResponse started, buffer size: 1048
[m[0;32;32m2025-12-20 10:51:15.175|I|805740677|lpUCM [RemoteSails.cpp:HandleResponse:158] Successfully deserialized response, status: 0, result code: 0
[m[0;32;31m2025-12-20 10:51:15.175|E|805740677|lpUCM [IpccProtoMessage.cpp:SerializeParams:112] m_offset, 30720
[m[1;33m2025-12-20 10:51:15.175|W|805740677|lpUCM [RemoteSails.cpp:SendWithRetry:185] Successfully wrote 1052 bytes
[m[0;32;32m2025-12-20 10:51:15.178|I|805740677|lpUCM [RemoteSails.cpp:HandleResponse:149] HandleResponse started, buffer size: 1048
[m[0;32;32m2025-12-20 10:51:15.178|I|805740677|lpUCM [RemoteSails.cpp:HandleResponse:158] Successfully deserialized response, status: 0, result code: 0
[m[0;32;31m2025-12-20 10:51:15.178|E|805740677|lpUCM [IpccProtoMessage.cpp:SerializeParams:112] m_offset, 31744
[m[1;33m2025-12-20 10:51:15.178|W|805740677|lpUCM [RemoteSails.cpp:SendWithRetry:185] Successfully wrote 1052 bytes
[m[0;32;32m2025-12-20 10:51:15.181|I|805740677|lpUCM [RemoteSails.cpp:HandleResponse:149] HandleResponse started, buffer size: 1048
[m[0;32;32m2025-12-20 10:51:15.181|I|805740677|lpUCM [RemoteSails.cpp:HandleResponse:158] Successfully deserialized response, status: 0, result code: 0
[m[0;32;32m2025-12-20 10:51:15.181|I|805740677|lpUCM [RemoteSails.cpp:SailWriteData:272] All data already trans size 16384
[m[0;32;32m2025-12-20 10:51:15.181|I|805740677|lpUCM [fds.cpp:FDS_OnLocalUpgProgress:248] total: 23, curr:22, percent:14, rop:91%
[m[0;32;32m2025-12-20 10:51:15.181|I|805740677|lpUCM [RemoteSails.cpp:SailWriteData:254] total data is 16384
[m[0;32;31m2025-12-20 10:51:15.181|E|805740677|lpUCM [IpccProtoMessage.cpp:SerializeParams:112] m_offset, 32768
[m[1;33m2025-12-20 10:51:15.181|W|805740677|lpUCM [RemoteSails.cpp:SendWithRetry:185] Successfully wrote 1052 bytes
[m[0;32;32m2025-12-20 10:51:15.214|I|805740677|lpUCM [RemoteSails.cpp:HandleResponse:149] HandleResponse started, buffer size: 1048
[m[0;32;32m2025-12-20 10:51:15.214|I|805740677|lpUCM [RemoteSails.cpp:HandleResponse:158] Successfully deserialized response, status: 0, result code: 0
[m[0;32;31m2025-12-20 10:51:15.214|E|805740677|lpUCM [IpccProtoMessage.cpp:SerializeParams:112] m_offset, 33792
[m[1;33m2025-12-20 10:51:15.214|W|805740677|lpUCM [RemoteSails.cpp:SendWithRetry:185] Successfully wrote 1052 bytes
[m[0;32;32m2025-12-20 10:51:15.217|I|805740677|lpUCM [RemoteSails.cpp:HandleResponse:149] HandleResponse started, buffer size: 1048
[m[0;32;32m2025-12-20 10:51:15.217|I|805740677|lpUCM [RemoteSails.cpp:HandleResponse:158] Successfully deserialized response, status: 0, result code: 0
[m[0;32;31m2025-12-20 10:51:15.217|E|805740677|lpUCM [IpccProtoMessage.cpp:SerializeParams:112] m_offset, 34816
[m[1;33m2025-12-20 10:51:15.217|W|805740677|lpUCM [RemoteSails.cpp:SendWithRetry:185] Successfully wrote 1052 bytes
[m[0;32;32m2025-12-20 10:51:15.220|I|805740677|lpUCM [RemoteSails.cpp:HandleResponse:149] HandleResponse started, buffer size: 1048
[m[0;32;32m2025-12-20 10:51:15.220|I|805740677|lpUCM [RemoteSails.cpp:HandleResponse:158] Successfully deserialized response, status: 0, result code: 0
[m[0;32;31m2025-12-20 10:51:15.220|E|805740677|lpUCM [IpccProtoMessage.cpp:SerializeParams:112] m_offset, 35840
[m[1;33m2025-12-20 10:51:15.220|W|805740677|lpUCM [RemoteSails.cpp:SendWithRetry:185] Successfully wrote 1052 bytes
[m[0;32;32m2025-12-20 10:51:15.226|I|805740677|lpUCM [RemoteSails.cpp:HandleResponse:149] HandleResponse started, buffer size: 1048
[m[0;32;32m2025-12-20 10:51:15.226|I|805740677|lpUCM [RemoteSails.cpp:HandleResponse:158] Successfully deserialized response, status: 0, result code: 0
[m[0;32;31m2025-12-20 10:51:15.226|E|805740677|lpUCM [IpccProtoMessage.cpp:SerializeParams:112] m_offset, 36864
[m[1;33m2025-12-20 10:51:15.226|W|805740677|lpUCM [RemoteSails.cpp:SendWithRetry:185] Successfully wrote 1052 bytes
[m[0;32;32m2025-12-20 10:51:15.259|I|805740677|lpUCM [RemoteSails.cpp:HandleResponse:149] HandleResponse started, buffer size: 1048
[m[0;32;32m2025-12-20 10:51:15.259|I|805740677|lpUCM [RemoteSails.cpp:HandleResponse:158] Successfully deserialized response, status: 0, result code: 0
[m[0;32;31m2025-12-20 10:51:15.259|E|805740677|lpUCM [IpccProtoMessage.cpp:SerializeParams:112] m_offset, 37888
[m[1;33m2025-12-20 10:51:15.259|W|805740677|lpUCM [RemoteSails.cpp:SendWithRetry:185] Successfully wrote 1052 bytes
[m[0;32;32m2025-12-20 10:51:15.262|I|805740677|lpUCM [RemoteSails.cpp:HandleResponse:149] HandleResponse started, buffer size: 1048
[m[0;32;32m2025-12-20 10:51:15.262|I|805740677|lpUCM [RemoteSails.cpp:HandleResponse:158] Successfully deserialized response, status: 0, result code: 0
[m[0;32;31m2025-12-20 10:51:15.262|E|805740677|lpUCM [IpccProtoMessage.cpp:SerializeParams:112] m_offset, 38912
[m[1;33m2025-12-20 10:51:15.262|W|805740677|lpUCM [RemoteSails.cpp:SendWithRetry:185] Successfully wrote 1052 bytes
[m[0;32;32m2025-12-20 10:51:15.266|I|805740677|lpUCM [RemoteSails.cpp:HandleResponse:149] HandleResponse started, buffer size: 1048
[m[0;32;32m2025-12-20 10:51:15.266|I|805740677|lpUCM [RemoteSails.cpp:HandleResponse:158] Successfully deserialized response, status: 0, result code: 0
[m[0;32;31m2025-12-20 10:51:15.266|E|805740677|lpUCM [IpccProtoMessage.cpp:SerializeParams:112] m_offset, 39936
[m[1;33m2025-12-20 10:51:15.266|W|805740677|lpUCM [RemoteSails.cpp:SendWithRetry:185] Successfully wrote 1052 bytes
[m[0;32;32m2025-12-20 10:51:15.269|I|805740677|lpUCM [RemoteSails.cpp:HandleResponse:149] HandleResponse started, buffer size: 1048
[m[0;32;32m2025-12-20 10:51:15.269|I|805740677|lpUCM [RemoteSails.cpp:HandleResponse:158] Successfully deserialized response, status: 0, result code: 0
[m[0;32;31m2025-12-20 10:51:15.269|E|805740677|lpUCM [IpccProtoMessage.cpp:SerializeParams:112] m_offset, 40960
[m[1;33m2025-12-20 10:51:15.269|W|805740677|lpUCM [RemoteSails.cpp:SendWithRetry:185] Successfully wrote 1052 bytes
[m[0;32;32m2025-12-20 10:51:15.300|I|805740677|lpUCM [RemoteSails.cpp:HandleResponse:149] HandleResponse started, buffer size: 1048
[m[0;32;32m2025-12-20 10:51:15.300|I|805740677|lpUCM [RemoteSails.cpp:HandleResponse:158] Successfully deserialized response, status: 0, result code: 0
[m[0;32;31m2025-12-20 10:51:15.300|E|805740677|lpUCM [IpccProtoMessage.cpp:SerializeParams:112] m_offset, 41984
[m[1;33m2025-12-20 10:51:15.300|W|805740677|lpUCM [RemoteSails.cpp:SendWithRetry:185] Successfully wrote 1052 bytes
[m[0;32;32m2025-12-20 10:51:15.304|I|805740677|lpUCM [RemoteSails.cpp:HandleResponse:149] HandleResponse started, buffer size: 1048
[m[0;32;32m2025-12-20 10:51:15.304|I|805740677|lpUCM [RemoteSails.cpp:HandleResponse:158] Successfully deserialized response, status: 0, result code: 0
[m[0;32;31m2025-12-20 10:51:15.304|E|805740677|lpUCM [IpccProtoMessage.cpp:SerializeParams:112] m_offset, 43008
[m[1;33m2025-12-20 10:51:15.304|W|805740677|lpUCM [RemoteSails.cpp:SendWithRetry:185] Successfully wrote 1052 bytes
[m[0;32;32m2025-12-20 10:51:15.307|I|805740677|lpUCM [RemoteSails.cpp:HandleResponse:149] HandleResponse started, buffer size: 1048
[m[0;32;32m2025-12-20 10:51:15.307|I|805740677|lpUCM [RemoteSails.cpp:HandleResponse:158] Successfully deserialized response, status: 0, result code: 0
[m[0;32;31m2025-12-20 10:51:15.307|E|805740677|lpUCM [IpccProtoMessage.cpp:SerializeParams:112] m_offset, 44032
[m[1;33m2025-12-20 10:51:15.307|W|805740677|lpUCM [RemoteSails.cpp:SendWithRetry:185] Successfully wrote 1052 bytes
[m[0;32;32m2025-12-20 10:51:15.310|I|805740677|lpUCM [RemoteSails.cpp:HandleResponse:149] HandleResponse started, buffer size: 1048
[m[0;32;32m2025-12-20 10:51:15.310|I|805740677|lpUCM [RemoteSails.cpp:HandleResponse:158] Successfully deserialized response, status: 0, result code: 0
[m[0;32;31m2025-12-20 10:51:15.310|E|805740677|lpUCM [IpccProtoMessage.cpp:SerializeParams:112] m_offset, 45056
[m[1;33m2025-12-20 10:51:15.310|W|805740677|lpUCM [RemoteSails.cpp:SendWithRetry:185] Successfully wrote 1052 bytes
[m[0;32;32m2025-12-20 10:51:15.340|I|805740677|lpUCM [RemoteSails.cpp:HandleResponse:149] HandleResponse started, buffer size: 1048
[m[0;32;32m2025-12-20 10:51:15.340|I|805740677|lpUCM [RemoteSails.cpp:HandleResponse:158] Successfully deserialized response, status: 0, result code: 0
[m[0;32;31m2025-12-20 10:51:15.340|E|805740677|lpUCM [IpccProtoMessage.cpp:SerializeParams:112] m_offset, 46080
[m[1;33m2025-12-20 10:51:15.340|W|805740677|lpUCM [RemoteSails.cpp:SendWithRetry:185] Successfully wrote 1052 bytes
[m[0;32;32m2025-12-20 10:51:15.346|I|805740677|lpUCM [RemoteSails.cpp:HandleResponse:149] HandleResponse started, buffer size: 1048
[m[0;32;32m2025-12-20 10:51:15.346|I|805740677|lpUCM [RemoteSails.cpp:HandleResponse:158] Successfully deserialized response, status: 0, result code: 0
[m[0;32;31m2025-12-20 10:51:15.346|E|805740677|lpUCM [IpccProtoMessage.cpp:SerializeParams:112] m_offset, 47104
[m[1;33m2025-12-20 10:51:15.346|W|805740677|lpUCM [RemoteSails.cpp:SendWithRetry:185] Successfully wrote 1052 bytes
[m[0;32;32m2025-12-20 10:51:15.349|I|805740677|lpUCM [RemoteSails.cpp:HandleResponse:149] HandleResponse started, buffer size: 1048
[m[0;32;32m2025-12-20 10:51:15.349|I|805740677|lpUCM [RemoteSails.cpp:HandleResponse:158] Successfully deserialized response, status: 0, result code: 0
[m[0;32;31m2025-12-20 10:51:15.349|E|805740677|lpUCM [IpccProtoMessage.cpp:SerializeParams:112] m_offset, 48128
[m[1;33m2025-12-20 10:51:15.349|W|805740677|lpUCM [RemoteSails.cpp:SendWithRetry:185] Successfully wrote 1052 bytes
[m[0;32;32m2025-12-20 10:51:15.352|I|805740677|lpUCM [RemoteSails.cpp:HandleResponse:149] HandleResponse started, buffer size: 1048
[m[0;32;32m2025-12-20 10:51:15.352|I|805740677|lpUCM [RemoteSails.cpp:HandleResponse:158] Successfully deserialized response, status: 0, result code: 0
[m[0;32;32m2025-12-20 10:51:15.352|I|805740677|lpUCM [RemoteSails.cpp:SailWriteData:272] All data already trans size 16384
[m[0;32;32m2025-12-20 10:51:15.352|I|805740677|lpUCM [fds.cpp:FDS_OnLocalUpgProgress:248] total: 23, curr:22, percent:15, rop:91%
[m[0;32;32m2025-12-20 10:51:15.352|I|805740677|lpUCM [RemoteSails.cpp:SailWriteData:254] total data is 16384
[m[0;32;31m2025-12-20 10:51:15.352|E|805740677|lpUCM [IpccProtoMessage.cpp:SerializeParams:112] m_offset, 49152
[m[1;33m2025-12-20 10:51:15.352|W|805740677|lpUCM [RemoteSails.cpp:SendWithRetry:185] Successfully wrote 1052 bytes
[m[0;32;32m2025-12-20 10:51:15.385|I|805740677|lpUCM [RemoteSails.cpp:HandleResponse:149] HandleResponse started, buffer size: 1048
[m[0;32;32m2025-12-20 10:51:15.385|I|805740677|lpUCM [RemoteSails.cpp:HandleResponse:158] Successfully deserialized response, status: 0, result code: 0
[m[0;32;31m2025-12-20 10:51:15.385|E|805740677|lpUCM [IpccProtoMessage.cpp:SerializeParams:112] m_offset, 50176
[m[1;33m2025-12-20 10:51:15.385|W|805740677|lpUCM [RemoteSails.cpp:SendWithRetry:185] Successfully wrote 1052 bytes
[m[0;32;32m2025-12-20 10:51:15.388|I|805740677|lpUCM [RemoteSails.cpp:HandleResponse:149] HandleResponse started, buffer size: 1048
[m[0;32;32m2025-12-20 10:51:15.388|I|805740677|lpUCM [RemoteSails.cpp:HandleResponse:158] Successfully deserialized response, status: 0, result code: 0
[m[0;32;31m2025-12-20 10:51:15.388|E|805740677|lpUCM [IpccProtoMessage.cpp:SerializeParams:112] m_offset, 51200
[m[1;33m2025-12-20 10:51:15.388|W|805740677|lpUCM [RemoteSails.cpp:SendWithRetry:185] Successfully wrote 1052 bytes
[m[0;32;32m2025-12-20 10:51:15.391|I|805740677|lpUCM [RemoteSails.cpp:HandleResponse:149] HandleResponse started, buffer size: 1048
[m[0;32;32m2025-12-20 10:51:15.391|I|805740677|lpUCM [RemoteSails.cpp:HandleResponse:158] Successfully deserialized response, status: 0, result code: 0
[m[0;32;31m2025-12-20 10:51:15.391|E|805740677|lpUCM [IpccProtoMessage.cpp:SerializeParams:112] m_offset, 52224
[m[1;33m2025-12-20 10:51:15.391|W|805740677|lpUCM [RemoteSails.cpp:SendWithRetry:185] Successfully wrote 1052 bytes
[m[0;32;32m2025-12-20 10:51:15.394|I|805740677|lpUCM [RemoteSails.cpp:HandleResponse:149] HandleResponse started, buffer size: 1048
[m[0;32;32m2025-12-20 10:51:15.394|I|805740677|lpUCM [RemoteSails.cpp:HandleResponse:158] Successfully deserialized response, status: 0, result code: 0
[m[0;32;31m2025-12-20 10:51:15.394|E|805740677|lpUCM [IpccProtoMessage.cpp:SerializeParams:112] m_offset, 53248
[m[1;33m2025-12-20 10:51:15.394|W|805740677|lpUCM [RemoteSails.cpp:SendWithRetry:185] Successfully wrote 1052 bytes
[m[0;32;32m2025-12-20 10:51:15.424|I|805740677|lpUCM [RemoteSails.cpp:HandleResponse:149] HandleResponse started, buffer size: 1048
[m[0;32;32m2025-12-20 10:51:15.424|I|805740677|lpUCM [RemoteSails.cpp:HandleResponse:158] Successfully deserialized response, status: 0, result code: 0
[m[0;32;31m2025-12-20 10:51:15.424|E|805740677|lpUCM [IpccProtoMessage.cpp:SerializeParams:112] m_offset, 54272
[m[1;33m2025-12-20 10:51:15.424|W|805740677|lpUCM [RemoteSails.cpp:SendWithRetry:185] Successfully wrote 1052 bytes
[m[0;32;32m2025-12-20 10:51:15.428|I|805740677|lpUCM [RemoteSails.cpp:HandleResponse:149] HandleResponse started, buffer size: 1048
[m[0;32;32m2025-12-20 10:51:15.428|I|805740677|lpUCM [RemoteSails.cpp:HandleResponse:158] Successfully deserialized response, status: 0, result code: 0
[m[0;32;31m2025-12-20 10:51:15.428|E|805740677|lpUCM [IpccProtoMessage.cpp:SerializeParams:112] m_offset, 55296
[m[1;33m2025-12-20 10:51:15.428|W|805740677|lpUCM [RemoteSails.cpp:SendWithRetry:185] Successfully wrote 1052 bytes
[m[0;32;32m2025-12-20 10:51:15.431|I|805740677|lpUCM [RemoteSails.cpp:HandleResponse:149] HandleResponse started, buffer size: 1048
[m[0;32;32m2025-12-20 10:51:15.431|I|805740677|lpUCM [RemoteSails.cpp:HandleResponse:158] Successfully deserialized response, status: 0, result code: 0
[m[0;32;31m2025-12-20 10:51:15.431|E|805740677|lpUCM [IpccProtoMessage.cpp:SerializeParams:112] m_offset, 56320
[m[1;33m2025-12-20 10:51:15.431|W|805740677|lpUCM [RemoteSails.cpp:SendWithRetry:185] Successfully wrote 1052 bytes
[m[0;32;32m2025-12-20 10:51:15.434|I|805740677|lpUCM [RemoteSails.cpp:HandleResponse:149] HandleResponse started, buffer size: 1048
[m[0;32;32m2025-12-20 10:51:15.434|I|805740677|lpUCM [RemoteSails.cpp:HandleResponse:158] Successfully deserialized response, status: 0, result code: 0
[m[0;32;31m2025-12-20 10:51:15.434|E|805740677|lpUCM [IpccProtoMessage.cpp:SerializeParams:112] m_offset, 57344
[m[1;33m2025-12-20 10:51:15.434|W|805740677|lpUCM [RemoteSails.cpp:SendWithRetry:185] Successfully wrote 1052 bytes
[m[0;32;32m2025-12-20 10:51:15.463|I|805740677|lpUCM [RemoteSails.cpp:HandleResponse:149] HandleResponse started, buffer size: 1048
[m[0;32;32m2025-12-20 10:51:15.463|I|805740677|lpUCM [RemoteSails.cpp:HandleResponse:158] Successfully deserialized response, status: 0, result code: 0
[m[0;32;31m2025-12-20 10:51:15.463|E|805740677|lpUCM [IpccProtoMessage.cpp:SerializeParams:112] m_offset, 58368
[m[1;33m2025-12-20 10:51:15.463|W|805740677|lpUCM [RemoteSails.cpp:SendWithRetry:185] Successfully wrote 1052 bytes
[m[0;32;32m2025-12-20 10:51:15.466|I|805740677|lpUCM [RemoteSails.cpp:HandleResponse:149] HandleResponse started, buffer size: 1048
[m[0;32;32m2025-12-20 10:51:15.466|I|805740677|lpUCM [RemoteSails.cpp:HandleResponse:158] Successfully deserialized response, status: 0, result code: 0
[m[0;32;31m2025-12-20 10:51:15.466|E|805740677|lpUCM [IpccProtoMessage.cpp:SerializeParams:112] m_offset, 59392
[m[1;33m2025-12-20 10:51:15.466|W|805740677|lpUCM [RemoteSails.cpp:SendWithRetry:185] Successfully wrote 1052 bytes
[m[0;32;32m2025-12-20 10:51:15.470|I|805740677|lpUCM [RemoteSails.cpp:HandleResponse:149] HandleResponse started, buffer size: 1048
[m[0;32;32m2025-12-20 10:51:15.470|I|805740677|lpUCM [RemoteSails.cpp:HandleResponse:158] Successfully deserialized response, status: 0, result code: 0
[m[0;32;31m2025-12-20 10:51:15.470|E|805740677|lpUCM [IpccProtoMessage.cpp:SerializeParams:112] m_offset, 60416
[m[1;33m2025-12-20 10:51:15.470|W|805740677|lpUCM [RemoteSails.cpp:SendWithRetry:185] Successfully wrote 1052 bytes
[m[0;32;32m2025-12-20 10:51:15.473|I|805740677|lpUCM [RemoteSails.cpp:HandleResponse:149] HandleResponse started, buffer size: 1048
[m[0;32;32m2025-12-20 10:51:15.473|I|805740677|lpUCM [RemoteSails.cpp:HandleResponse:158] Successfully deserialized response, status: 0, result code: 0
[m[0;32;31m2025-12-20 10:51:15.473|E|805740677|lpUCM [IpccProtoMessage.cpp:SerializeParams:112] m_offset, 61440
[m[1;33m2025-12-20 10:51:15.473|W|805740677|lpUCM [RemoteSails.cpp:SendWithRetry:185] Successfully wrote 1052 bytes
[m[0;32;32m2025-12-20 10:51:15.501|I|805740677|lpUCM [RemoteSails.cpp:HandleResponse:149] HandleResponse started, buffer size: 1048
[m[0;32;32m2025-12-20 10:51:15.501|I|805740677|lpUCM [RemoteSails.cpp:HandleResponse:158] Successfully deserialized response, status: 0, result code: 0
[m[0;32;31m2025-12-20 10:51:15.501|E|805740677|lpUCM [IpccProtoMessage.cpp:SerializeParams:112] m_offset, 62464
[m[1;33m2025-12-20 10:51:15.501|W|805740677|lpUCM [RemoteSails.cpp:SendWithRetry:185] Successfully wrote 1052 bytes
[m[0;32;32m2025-12-20 10:51:15.504|I|805740677|lpUCM [RemoteSails.cpp:HandleResponse:149] HandleResponse started, buffer size: 1048
[m[0;32;32m2025-12-20 10:51:15.504|I|805740677|lpUCM [RemoteSails.cpp:HandleResponse:158] Successfully deserialized response, status: 0, result code: 0
[m[0;32;31m2025-12-20 10:51:15.504|E|805740677|lpUCM [IpccProtoMessage.cpp:SerializeParams:112] m_offset, 63488
[m[1;33m2025-12-20 10:51:15.504|W|805740677|lpUCM [RemoteSails.cpp:SendWithRetry:185] Successfully wrote 1052 bytes
[m[0;32;32m2025-12-20 10:51:15.507|I|805740677|lpUCM [RemoteSails.cpp:HandleResponse:149] HandleResponse started, buffer size: 1048
[m[0;32;32m2025-12-20 10:51:15.507|I|805740677|lpUCM [RemoteSails.cpp:HandleResponse:158] Successfully deserialized response, status: 0, result code: 0
[m[0;32;31m2025-12-20 10:51:15.507|E|805740677|lpUCM [IpccProtoMessage.cpp:SerializeParams:112] m_offset, 64512
[m[1;33m2025-12-20 10:51:15.507|W|805740677|lpUCM [RemoteSails.cpp:SendWithRetry:185] Successfully wrote 1052 bytes
[m[0;32;32m2025-12-20 10:51:15.510|I|805740677|lpUCM [RemoteSails.cpp:HandleResponse:149] HandleResponse started, buffer size: 1048
[m[0;32;32m2025-12-20 10:51:15.510|I|805740677|lpUCM [RemoteSails.cpp:HandleResponse:158] Successfully deserialized response, status: 0, result code: 0
[m[0;32;32m2025-12-20 10:51:15.510|I|805740677|lpUCM [RemoteSails.cpp:SailWriteData:272] All data already trans size 16384
[m[0;32;32m2025-12-20 10:51:15.510|I|805740677|lpUCM [fds.cpp:FDS_OnLocalUpgProgress:248] total: 23, curr:22, percent:16, rop:92%
[m[0;32;32m2025-12-20 10:51:15.510|I|805740677|lpUCM [RemoteSails.cpp:SailWriteData:254] total data is 16384
[m[0;32;31m2025-12-20 10:51:15.510|E|805740677|lpUCM [IpccProtoMessage.cpp:SerializeParams:112] m_offset, 65536
[m[1;33m2025-12-20 10:51:15.510|W|805740677|lpUCM [RemoteSails.cpp:SendWithRetry:185] Successfully wrote 1052 bytes
[m[0;32;32m2025-12-20 10:51:15.541|I|805740677|lpUCM [RemoteSails.cpp:HandleResponse:149] HandleResponse started, buffer size: 1048
[m[0;32;32m2025-12-20 10:51:15.541|I|805740677|lpUCM [RemoteSails.cpp:HandleResponse:158] Successfully deserialized response, status: 0, result code: 0
[m[0;32;31m2025-12-20 10:51:15.541|E|805740677|lpUCM [IpccProtoMessage.cpp:SerializeParams:112] m_offset, 66560
[m[1;33m2025-12-20 10:51:15.541|W|805740677|lpUCM [RemoteSails.cpp:SendWithRetry:185] Successfully wrote 1052 bytes
[m[0;32;32m2025-12-20 10:51:15.547|I|805740677|lpUCM [RemoteSails.cpp:HandleResponse:149] HandleResponse started, buffer size: 1048
[m[0;32;32m2025-12-20 10:51:15.547|I|805740677|lpUCM [RemoteSails.cpp:HandleResponse:158] Successfully deserialized response, status: 0, result code: 0
[m[0;32;31m2025-12-20 10:51:15.547|E|805740677|lpUCM [IpccProtoMessage.cpp:SerializeParams:112] m_offset, 67584
[m[1;33m2025-12-20 10:51:15.547|W|805740677|lpUCM [RemoteSails.cpp:SendWithRetry:185] Successfully wrote 1052 bytes
[m[0;32;32m2025-12-20 10:51:15.550|I|805740677|lpUCM [RemoteSails.cpp:HandleResponse:149] HandleResponse started, buffer size: 1048
[m[0;32;32m2025-12-20 10:51:15.550|I|805740677|lpUCM [RemoteSails.cpp:HandleResponse:158] Successfully deserialized response, status: 0, result code: 0
[m[0;32;31m2025-12-20 10:51:15.550|E|805740677|lpUCM [IpccProtoMessage.cpp:SerializeParams:112] m_offset, 68608
[m[1;33m2025-12-20 10:51:15.550|W|805740677|lpUCM [RemoteSails.cpp:SendWithRetry:185] Successfully wrote 1052 bytes
[m[0;32;32m2025-12-20 10:51:15.556|I|805740677|lpUCM [RemoteSails.cpp:HandleResponse:149] HandleResponse started, buffer size: 1048
[m[0;32;32m2025-12-20 10:51:15.556|I|805740677|lpUCM [RemoteSails.cpp:HandleResponse:158] Successfully deserialized response, status: 0, result code: 0
[m[0;32;31m2025-12-20 10:51:15.556|E|805740677|lpUCM [IpccProtoMessage.cpp:SerializeParams:112] m_offset, 69632
[m[1;33m2025-12-20 10:51:15.556|W|805740677|lpUCM [RemoteSails.cpp:SendWithRetry:185] Successfully wrote 1052 bytes
[m[0;32;32m2025-12-20 10:51:15.586|I|805740677|lpUCM [RemoteSails.cpp:HandleResponse:149] HandleResponse started, buffer size: 1048
[m[0;32;32m2025-12-20 10:51:15.586|I|805740677|lpUCM [RemoteSails.cpp:HandleResponse:158] Successfully deserialized response, status: 0, result code: 0
[m[0;32;31m2025-12-20 10:51:15.586|E|805740677|lpUCM [IpccProtoMessage.cpp:SerializeParams:112] m_offset, 70656
[m[1;33m2025-12-20 10:51:15.586|W|805740677|lpUCM [RemoteSails.cpp:SendWithRetry:185] Successfully wrote 1052 bytes
[m[0;32;32m2025-12-20 10:51:15.589|I|805740677|lpUCM [RemoteSails.cpp:HandleResponse:149] HandleResponse started, buffer size: 1048
[m[0;32;32m2025-12-20 10:51:15.589|I|805740677|lpUCM [RemoteSails.cpp:HandleResponse:158] Successfully deserialized response, status: 0, result code: 0
[m[0;32;31m2025-12-20 10:51:15.589|E|805740677|lpUCM [IpccProtoMessage.cpp:SerializeParams:112] m_offset, 71680
[m[1;33m2025-12-20 10:51:15.589|W|805740677|lpUCM [RemoteSails.cpp:SendWithRetry:185] Successfully wrote 1052 bytes
[m[0;32;32m2025-12-20 10:51:15.592|I|805740677|lpUCM [RemoteSails.cpp:HandleResponse:149] HandleResponse started, buffer size: 1048
[m[0;32;32m2025-12-20 10:51:15.592|I|805740677|lpUCM [RemoteSails.cpp:HandleResponse:158] Successfully deserialized response, status: 0, result code: 0
[m[0;32;31m2025-12-20 10:51:15.592|E|805740677|lpUCM [IpccProtoMessage.cpp:SerializeParams:112] m_offset, 72704
[m[1;33m2025-12-20 10:51:15.592|W|805740677|lpUCM [RemoteSails.cpp:SendWithRetry:185] Successfully wrote 1052 bytes
[m[0;32;32m2025-12-20 10:51:15.595|I|805740677|lpUCM [RemoteSails.cpp:HandleResponse:149] HandleResponse started, buffer size: 1048
[m[0;32;32m2025-12-20 10:51:15.595|I|805740677|lpUCM [RemoteSails.cpp:HandleResponse:158] Successfully deserialized response, status: 0, result code: 0
[m[0;32;31m2025-12-20 10:51:15.595|E|805740677|lpUCM [IpccProtoMessage.cpp:SerializeParams:112] m_offset, 73728
[m[1;33m2025-12-20 10:51:15.595|W|805740677|lpUCM [RemoteSails.cpp:SendWithRetry:185] Successfully wrote 1052 bytes
[m[0;32;32m2025-12-20 10:51:15.625|I|805740677|lpUCM [RemoteSails.cpp:HandleResponse:149] HandleResponse started, buffer size: 1048
[m[0;32;32m2025-12-20 10:51:15.625|I|805740677|lpUCM [RemoteSails.cpp:HandleResponse:158] Successfully deserialized response, status: 0, result code: 0
[m[0;32;31m2025-12-20 10:51:15.625|E|805740677|lpUCM [IpccProtoMessage.cpp:SerializeParams:112] m_offset, 74752
[m[1;33m2025-12-20 10:51:15.625|W|805740677|lpUCM [RemoteSails.cpp:SendWithRetry:185] Successfully wrote 1052 bytes
[m[0;32;32m2025-12-20 10:51:15.628|I|805740677|lpUCM [RemoteSails.cpp:HandleResponse:149] HandleResponse started, buffer size: 1048
[m[0;32;32m2025-12-20 10:51:15.628|I|805740677|lpUCM [RemoteSails.cpp:HandleResponse:158] Successfully deserialized response, status: 0, result code: 0
[m[0;32;31m2025-12-20 10:51:15.628|E|805740677|lpUCM [IpccProtoMessage.cpp:SerializeParams:112] m_offset, 75776
[m[1;33m2025-12-20 10:51:15.628|W|805740677|lpUCM [RemoteSails.cpp:SendWithRetry:185] Successfully wrote 1052 bytes
[m[0;32;32m2025-12-20 10:51:15.631|I|805740677|lpUCM [RemoteSails.cpp:HandleResponse:149] HandleResponse started, buffer size: 1048
[m[0;32;32m2025-12-20 10:51:15.631|I|805740677|lpUCM [RemoteSails.cpp:HandleResponse:158] Successfully deserialized response, status: 0, result code: 0
[m[0;32;31m2025-12-20 10:51:15.631|E|805740677|lpUCM [IpccProtoMessage.cpp:SerializeParams:112] m_offset, 76800
[m[1;33m2025-12-20 10:51:15.631|W|805740677|lpUCM [RemoteSails.cpp:SendWithRetry:185] Successfully wrote 1052 bytes
[m[0;32;32m2025-12-20 10:51:15.637|I|805740677|lpUCM [RemoteSails.cpp:HandleResponse:149] HandleResponse started, buffer size: 1048
[m[0;32;32m2025-12-20 10:51:15.637|I|805740677|lpUCM [RemoteSails.cpp:HandleResponse:158] Successfully deserialized response, status: 0, result code: 0
[m[0;32;31m2025-12-20 10:51:15.637|E|805740677|lpUCM [IpccProtoMessage.cpp:SerializeParams:112] m_offset, 77824
[m[1;33m2025-12-20 10:51:15.637|W|805740677|lpUCM [RemoteSails.cpp:SendWithRetry:185] Successfully wrote 1052 bytes
[m[0;32;32m2025-12-20 10:51:15.667|I|805740677|lpUCM [RemoteSails.cpp:HandleResponse:149] HandleResponse started, buffer size: 1048
[m[0;32;32m2025-12-20 10:51:15.667|I|805740677|lpUCM [RemoteSails.cpp:HandleResponse:158] Successfully deserialized response, status: 0, result code: 0
[m[0;32;31m2025-12-20 10:51:15.667|E|805740677|lpUCM [IpccProtoMessage.cpp:SerializeParams:112] m_offset, 78848
[m[1;33m2025-12-20 10:51:15.667|W|805740677|lpUCM [RemoteSails.cpp:SendWithRetry:185] Successfully wrote 1052 bytes
[m[0;32;32m2025-12-20 10:51:15.671|I|805740677|lpUCM [RemoteSails.cpp:HandleResponse:149] HandleResponse started, buffer size: 1048
[m[0;32;32m2025-12-20 10:51:15.671|I|805740677|lpUCM [RemoteSails.cpp:HandleResponse:158] Successfully deserialized response, status: 0, result code: 0
[m[0;32;31m2025-12-20 10:51:15.671|E|805740677|lpUCM [IpccProtoMessage.cpp:SerializeParams:112] m_offset, 79872
[m[1;33m2025-12-20 10:51:15.671|W|805740677|lpUCM [RemoteSails.cpp:SendWithRetry:185] Successfully wrote 1052 bytes
[m[0;32;32m2025-12-20 10:51:15.678|I|805740677|lpUCM [RemoteSails.cpp:HandleResponse:149] HandleResponse started, buffer size: 1048
[m[0;32;32m2025-12-20 10:51:15.678|I|805740677|lpUCM [RemoteSails.cpp:HandleResponse:158] Successfully deserialized response, status: 0, result code: 0
[m[0;32;31m2025-12-20 10:51:15.678|E|805740677|lpUCM [IpccProtoMessage.cpp:SerializeParams:112] m_offset, 80896
[m[1;33m2025-12-20 10:51:15.678|W|805740677|lpUCM [RemoteSails.cpp:SendWithRetry:185] Successfully wrote 1052 bytes
[m[0;32;32m2025-12-20 10:51:15.681|I|805740677|lpUCM [RemoteSails.cpp:HandleResponse:149] HandleResponse started, buffer size: 1048
[m[0;32;32m2025-12-20 10:51:15.681|I|805740677|lpUCM [RemoteSails.cpp:HandleResponse:158] Successfully deserialized response, status: 0, result code: 0
[m[0;32;32m2025-12-20 10:51:15.681|I|805740677|lpUCM [RemoteSails.cpp:SailWriteData:272] All data already trans size 16384
[m[0;32;32m2025-12-20 10:51:15.681|I|805740677|lpUCM [fds.cpp:FDS_OnLocalUpgProgress:248] total: 23, curr:22, percent:17, rop:92%
[m[0;32;32m2025-12-20 10:51:15.681|I|805740677|lpUCM [RemoteSails.cpp:SailWriteData:254] total data is 16384
[m[0;32;31m2025-12-20 10:51:15.681|E|805740677|lpUCM [IpccProtoMessage.cpp:SerializeParams:112] m_offset, 81920
[m[1;33m2025-12-20 10:51:15.681|W|805740677|lpUCM [RemoteSails.cpp:SendWithRetry:185] Successfully wrote 1052 bytes
[m[0;32;32m2025-12-20 10:51:15.712|I|805740677|lpUCM [RemoteSails.cpp:HandleResponse:149] HandleResponse started, buffer size: 1048
[m[0;32;32m2025-12-20 10:51:15.712|I|805740677|lpUCM [RemoteSails.cpp:HandleResponse:158] Successfully deserialized response, status: 0, result code: 0
[m[0;32;31m2025-12-20 10:51:15.712|E|805740677|lpUCM [IpccProtoMessage.cpp:SerializeParams:112] m_offset, 82944
[m[1;33m2025-12-20 10:51:15.712|W|805740677|lpUCM [RemoteSails.cpp:SendWithRetry:185] Successfully wrote 1052 bytes
[m[0;32;32m2025-12-20 10:51:15.715|I|805740677|lpUCM [RemoteSails.cpp:HandleResponse:149] HandleResponse started, buffer size: 1048
[m[0;32;32m2025-12-20 10:51:15.715|I|805740677|lpUCM [RemoteSails.cpp:HandleResponse:158] Successfully deserialized response, status: 0, result code: 0
[m[0;32;31m2025-12-20 10:51:15.715|E|805740677|lpUCM [IpccProtoMessage.cpp:SerializeParams:112] m_offset, 83968
[m[1;33m2025-12-20 10:51:15.715|W|805740677|lpUCM [RemoteSails.cpp:SendWithRetry:185] Successfully wrote 1052 bytes
[m[0;32;32m2025-12-20 10:51:15.718|I|805740677|lpUCM [RemoteSails.cpp:HandleResponse:149] HandleResponse started, buffer size: 1048
[m[0;32;32m2025-12-20 10:51:15.718|I|805740677|lpUCM [RemoteSails.cpp:HandleResponse:158] Successfully deserialized response, status: 0, result code: 0
[m[0;32;31m2025-12-20 10:51:15.718|E|805740677|lpUCM [IpccProtoMessage.cpp:SerializeParams:112] m_offset, 84992
[m[1;33m2025-12-20 10:51:15.718|W|805740677|lpUCM [RemoteSails.cpp:SendWithRetry:185] Successfully wrote 1052 bytes
[m[0;32;32m2025-12-20 10:51:15.721|I|805740677|lpUCM [RemoteSails.cpp:HandleResponse:149] HandleResponse started, buffer size: 1048
[m[0;32;32m2025-12-20 10:51:15.721|I|805740677|lpUCM [RemoteSails.cpp:HandleResponse:158] Successfully deserialized response, status: 0, result code: 0
[m[0;32;31m2025-12-20 10:51:15.721|E|805740677|lpUCM [IpccProtoMessage.cpp:SerializeParams:112] m_offset, 86016
[m[1;33m2025-12-20 10:51:15.721|W|805740677|lpUCM [RemoteSails.cpp:SendWithRetry:185] Successfully wrote 1052 bytes
[m[0;32;32m2025-12-20 10:51:15.751|I|805740677|lpUCM [RemoteSails.cpp:HandleResponse:149] HandleResponse started, buffer size: 1048
[m[0;32;32m2025-12-20 10:51:15.751|I|805740677|lpUCM [RemoteSails.cpp:HandleResponse:158] Successfully deserialized response, status: 0, result code: 0
[m[0;32;31m2025-12-20 10:51:15.751|E|805740677|lpUCM [IpccProtoMessage.cpp:SerializeParams:112] m_offset, 87040
[m[1;33m2025-12-20 10:51:15.751|W|805740677|lpUCM [RemoteSails.cpp:SendWithRetry:185] Successfully wrote 1052 bytes
[m[0;32;32m2025-12-20 10:51:15.754|I|805740677|lpUCM [RemoteSails.cpp:HandleResponse:149] HandleResponse started, buffer size: 1048
[m[0;32;32m2025-12-20 10:51:15.754|I|805740677|lpUCM [RemoteSails.cpp:HandleResponse:158] Successfully deserialized response, status: 0, result code: 0
[m[0;32;31m2025-12-20 10:51:15.754|E|805740677|lpUCM [IpccProtoMessage.cpp:SerializeParams:112] m_offset, 88064
[m[1;33m2025-12-20 10:51:15.754|W|805740677|lpUCM [RemoteSails.cpp:SendWithRetry:185] Successfully wrote 1052 bytes
[m[0;32;32m2025-12-20 10:51:15.757|I|805740677|lpUCM [RemoteSails.cpp:HandleResponse:149] HandleResponse started, buffer size: 1048
[m[0;32;32m2025-12-20 10:51:15.757|I|805740677|lpUCM [RemoteSails.cpp:HandleResponse:158] Successfully deserialized response, status: 0, result code: 0
[m[0;32;31m2025-12-20 10:51:15.757|E|805740677|lpUCM [IpccProtoMessage.cpp:SerializeParams:112] m_offset, 89088
[m[1;33m2025-12-20 10:51:15.757|W|805740677|lpUCM [RemoteSails.cpp:SendWithRetry:185] Successfully wrote 1052 bytes
[m[0;32;32m2025-12-20 10:51:15.760|I|805740677|lpUCM [RemoteSails.cpp:HandleResponse:149] HandleResponse started, buffer size: 1048
[m[0;32;32m2025-12-20 10:51:15.760|I|805740677|lpUCM [RemoteSails.cpp:HandleResponse:158] Successfully deserialized response, status: 0, result code: 0
[m[0;32;31m2025-12-20 10:51:15.760|E|805740677|lpUCM [IpccProtoMessage.cpp:SerializeParams:112] m_offset, 90112
[m[1;33m2025-12-20 10:51:15.760|W|805740677|lpUCM [RemoteSails.cpp:SendWithRetry:185] Successfully wrote 1052 bytes
[m[0;32;32m2025-12-20 10:51:15.793|I|805740677|lpUCM [RemoteSails.cpp:HandleResponse:149] HandleResponse started, buffer size: 1048
[m[0;32;32m2025-12-20 10:51:15.793|I|805740677|lpUCM [RemoteSails.cpp:HandleResponse:158] Successfully deserialized response, status: 0, result code: 0
[m[0;32;31m2025-12-20 10:51:15.793|E|805740677|lpUCM [IpccProtoMessage.cpp:SerializeParams:112] m_offset, 91136
[m[1;33m2025-12-20 10:51:15.793|W|805740677|lpUCM [RemoteSails.cpp:SendWithRetry:185] Successfully wrote 1052 bytes
[m[0;32;32m2025-12-20 10:51:15.796|I|805740677|lpUCM [RemoteSails.cpp:HandleResponse:149] HandleResponse started, buffer size: 1048
[m[0;32;32m2025-12-20 10:51:15.796|I|805740677|lpUCM [RemoteSails.cpp:HandleResponse:158] Successfully deserialized response, status: 0, result code: 0
[m[0;32;31m2025-12-20 10:51:15.796|E|805740677|lpUCM [IpccProtoMessage.cpp:SerializeParams:112] m_offset, 92160
[m[1;33m2025-12-20 10:51:15.796|W|805740677|lpUCM [RemoteSails.cpp:SendWithRetry:185] Successfully wrote 1052 bytes
[m[0;32;32m2025-12-20 10:51:15.799|I|805740677|lpUCM [RemoteSails.cpp:HandleResponse:149] HandleResponse started, buffer size: 1048
[m[0;32;32m2025-12-20 10:51:15.799|I|805740677|lpUCM [RemoteSails.cpp:HandleResponse:158] Successfully deserialized response, status: 0, result code: 0
[m[0;32;31m2025-12-20 10:51:15.799|E|805740677|lpUCM [IpccProtoMessage.cpp:SerializeParams:112] m_offset, 93184
[m[1;33m2025-12-20 10:51:15.799|W|805740677|lpUCM [RemoteSails.cpp:SendWithRetry:185] Successfully wrote 1052 bytes
[m[0;32;32m2025-12-20 10:51:15.803|I|805740677|lpUCM [RemoteSails.cpp:HandleResponse:149] HandleResponse started, buffer size: 1048
[m[0;32;32m2025-12-20 10:51:15.803|I|805740677|lpUCM [RemoteSails.cpp:HandleResponse:158] Successfully deserialized response, status: 0, result code: 0
[m[0;32;31m2025-12-20 10:51:15.803|E|805740677|lpUCM [IpccProtoMessage.cpp:SerializeParams:112] m_offset, 94208
[m[1;33m2025-12-20 10:51:15.803|W|805740677|lpUCM [RemoteSails.cpp:SendWithRetry:185] Successfully wrote 1052 bytes
[m[0;32;32m2025-12-20 10:51:15.832|I|805740677|lpUCM [RemoteSails.cpp:HandleResponse:149] HandleResponse started, buffer size: 1048
[m[0;32;32m2025-12-20 10:51:15.832|I|805740677|lpUCM [RemoteSails.cpp:HandleResponse:158] Successfully deserialized response, status: 0, result code: 0
[m[0;32;31m2025-12-20 10:51:15.832|E|805740677|lpUCM [IpccProtoMessage.cpp:SerializeParams:112] m_offset, 95232
[m[1;33m2025-12-20 10:51:15.832|W|805740677|lpUCM [RemoteSails.cpp:SendWithRetry:185] Successfully wrote 1052 bytes
[m[0;32;32m2025-12-20 10:51:15.836|I|805740677|lpUCM [RemoteSails.cpp:HandleResponse:149] HandleResponse started, buffer size: 1048
[m[0;32;32m2025-12-20 10:51:15.836|I|805740677|lpUCM [RemoteSails.cpp:HandleResponse:158] Successfully deserialized response, status: 0, result code: 0
[m[0;32;31m2025-12-20 10:51:15.836|E|805740677|lpUCM [IpccProtoMessage.cpp:SerializeParams:112] m_offset, 96256
[m[1;33m2025-12-20 10:51:15.836|W|805740677|lpUCM [RemoteSails.cpp:SendWithRetry:185] Successfully wrote 1052 bytes
[m[0;32;32m2025-12-20 10:51:15.839|I|805740677|lpUCM [RemoteSails.cpp:HandleResponse:149] HandleResponse started, buffer size: 1048
[m[0;32;32m2025-12-20 10:51:15.839|I|805740677|lpUCM [RemoteSails.cpp:HandleResponse:158] Successfully deserialized response, status: 0, result code: 0
[m[0;32;31m2025-12-20 10:51:15.839|E|805740677|lpUCM [IpccProtoMessage.cpp:SerializeParams:112] m_offset, 97280
[m[1;33m2025-12-20 10:51:15.839|W|805740677|lpUCM [RemoteSails.cpp:SendWithRetry:185] Successfully wrote 1052 bytes
[m[0;32;32m2025-12-20 10:51:15.843|I|805740677|lpUCM [RemoteSails.cpp:HandleResponse:149] HandleResponse started, buffer size: 1048
[m[0;32;32m2025-12-20 10:51:15.843|I|805740677|lpUCM [RemoteSails.cpp:HandleResponse:158] Successfully deserialized response, status: 0, result code: 0
[m[0;32;32m2025-12-20 10:51:15.843|I|805740677|lpUCM [RemoteSails.cpp:SailWriteData:272] All data already trans size 16384
[m[0;32;32m2025-12-20 10:51:15.843|I|805740677|lpUCM [fds.cpp:FDS_OnLocalUpgProgress:248] total: 23, curr:22, percent:18, rop:92%
[m[0;32;32m2025-12-20 10:51:15.843|I|805740677|lpUCM [RemoteSails.cpp:SailWriteData:254] total data is 16384
[m[0;32;31m2025-12-20 10:51:15.843|E|805740677|lpUCM [IpccProtoMessage.cpp:SerializeParams:112] m_offset, 98304
[m[1;33m2025-12-20 10:51:15.843|W|805740677|lpUCM [RemoteSails.cpp:SendWithRetry:185] Successfully wrote 1052 bytes
[m[0;32;32m2025-12-20 10:51:15.873|I|805740677|lpUCM [RemoteSails.cpp:HandleResponse:149] HandleResponse started, buffer size: 1048
[m[0;32;32m2025-12-20 10:51:15.873|I|805740677|lpUCM [RemoteSails.cpp:HandleResponse:158] Successfully deserialized response, status: 0, result code: 0
[m[0;32;31m2025-12-20 10:51:15.873|E|805740677|lpUCM [IpccProtoMessage.cpp:SerializeParams:112] m_offset, 99328
[m[1;33m2025-12-20 10:51:15.873|W|805740677|lpUCM [RemoteSails.cpp:SendWithRetry:185] Successfully wrote 1052 bytes
[m[0;32;32m2025-12-20 10:51:15.877|I|805740677|lpUCM [RemoteSails.cpp:HandleResponse:149] HandleResponse started, buffer size: 1048
[m[0;32;32m2025-12-20 10:51:15.877|I|805740677|lpUCM [RemoteSails.cpp:HandleResponse:158] Successfully deserialized response, status: 0, result code: 0
[m[0;32;31m2025-12-20 10:51:15.877|E|805740677|lpUCM [IpccProtoMessage.cpp:SerializeParams:112] m_offset, 100352
[m[1;33m2025-12-20 10:51:15.877|W|805740677|lpUCM [RemoteSails.cpp:SendWithRetry:185] Successfully wrote 1052 bytes
[m[0;32;32m2025-12-20 10:51:15.881|I|805740677|lpUCM [RemoteSails.cpp:HandleResponse:149] HandleResponse started, buffer size: 1048
[m[0;32;32m2025-12-20 10:51:15.881|I|805740677|lpUCM [RemoteSails.cpp:HandleResponse:158] Successfully deserialized response, status: 0, result code: 0
[m[0;32;31m2025-12-20 10:51:15.881|E|805740677|lpUCM [IpccProtoMessage.cpp:SerializeParams:112] m_offset, 101376
[m[1;33m2025-12-20 10:51:15.881|W|805740677|lpUCM [RemoteSails.cpp:SendWithRetry:185] Successfully wrote 1052 bytes
[m[0;32;32m2025-12-20 10:51:15.884|I|805740677|lpUCM [RemoteSails.cpp:HandleResponse:149] HandleResponse started, buffer size: 1048
[m[0;32;32m2025-12-20 10:51:15.884|I|805740677|lpUCM [RemoteSails.cpp:HandleResponse:158] Successfully deserialized response, status: 0, result code: 0
[m[0;32;31m2025-12-20 10:51:15.884|E|805740677|lpUCM [IpccProtoMessage.cpp:SerializeParams:112] m_offset, 102400
[m[1;33m2025-12-20 10:51:15.884|W|805740677|lpUCM [RemoteSails.cpp:SendWithRetry:185] Successfully wrote 1052 bytes
[m[0;32;32m2025-12-20 10:51:15.916|I|805740677|lpUCM [RemoteSails.cpp:HandleResponse:149] HandleResponse started, buffer size: 1048
[m[0;32;32m2025-12-20 10:51:15.916|I|805740677|lpUCM [RemoteSails.cpp:HandleResponse:158] Successfully deserialized response, status: 0, result code: 0
[m[0;32;31m2025-12-20 10:51:15.916|E|805740677|lpUCM [IpccProtoMessage.cpp:SerializeParams:112] m_offset, 103424
[m[1;33m2025-12-20 10:51:15.916|W|805740677|lpUCM [RemoteSails.cpp:SendWithRetry:185] Successfully wrote 1052 bytes
[m[0;32;32m2025-12-20 10:51:15.919|I|805740677|lpUCM [RemoteSails.cpp:HandleResponse:149] HandleResponse started, buffer size: 1048
[m[0;32;32m2025-12-20 10:51:15.919|I|805740677|lpUCM [RemoteSails.cpp:HandleResponse:158] Successfully deserialized response, status: 0, result code: 0
[m[0;32;31m2025-12-20 10:51:15.919|E|805740677|lpUCM [IpccProtoMessage.cpp:SerializeParams:112] m_offset, 104448
[m[1;33m2025-12-20 10:51:15.919|W|805740677|lpUCM [RemoteSails.cpp:SendWithRetry:185] Successfully wrote 1052 bytes
[m[0;32;32m2025-12-20 10:51:15.925|I|805740677|lpUCM [RemoteSails.cpp:HandleResponse:149] HandleResponse started, buffer size: 1048
[m[0;32;32m2025-12-20 10:51:15.925|I|805740677|lpUCM [RemoteSails.cpp:HandleResponse:158] Successfully deserialized response, status: 0, result code: 0
[m[0;32;31m2025-12-20 10:51:15.925|E|805740677|lpUCM [IpccProtoMessage.cpp:SerializeParams:112] m_offset, 105472
[m[1;33m2025-12-20 10:51:15.925|W|805740677|lpUCM [RemoteSails.cpp:SendWithRetry:185] Successfully wrote 1052 bytes
[m[0;32;32m2025-12-20 10:51:15.928|I|805740677|lpUCM [RemoteSails.cpp:HandleResponse:149] HandleResponse started, buffer size: 1048
[m[0;32;32m2025-12-20 10:51:15.928|I|805740677|lpUCM [RemoteSails.cpp:HandleResponse:158] Successfully deserialized response, status: 0, result code: 0
[m[0;32;31m2025-12-20 10:51:15.928|E|805740677|lpUCM [IpccProtoMessage.cpp:SerializeParams:112] m_offset, 106496
[m[1;33m2025-12-20 10:51:15.928|W|805740677|lpUCM [RemoteSails.cpp:SendWithRetry:185] Successfully wrote 1052 bytes
[m[0;32;32m2025-12-20 10:51:15.958|I|805740677|lpUCM [RemoteSails.cpp:HandleResponse:149] HandleResponse started, buffer size: 1048
[m[0;32;32m2025-12-20 10:51:15.958|I|805740677|lpUCM [RemoteSails.cpp:HandleResponse:158] Successfully deserialized response, status: 0, result code: 0
[m[0;32;31m2025-12-20 10:51:15.958|E|805740677|lpUCM [IpccProtoMessage.cpp:SerializeParams:112] m_offset, 107520
[m[1;33m2025-12-20 10:51:15.958|W|805740677|lpUCM [RemoteSails.cpp:SendWithRetry:185] Successfully wrote 1052 bytes
[m[0;32;32m2025-12-20 10:51:15.961|I|805740677|lpUCM [RemoteSails.cpp:HandleResponse:149] HandleResponse started, buffer size: 1048
[m[0;32;32m2025-12-20 10:51:15.961|I|805740677|lpUCM [RemoteSails.cpp:HandleResponse:158] Successfully deserialized response, status: 0, result code: 0
[m[0;32;31m2025-12-20 10:51:15.961|E|805740677|lpUCM [IpccProtoMessage.cpp:SerializeParams:112] m_offset, 108544
[m[1;33m2025-12-20 10:51:15.961|W|805740677|lpUCM [RemoteSails.cpp:SendWithRetry:185] Successfully wrote 1052 bytes
[m[0;32;32m2025-12-20 10:51:15.964|I|805740677|lpUCM [RemoteSails.cpp:HandleResponse:149] HandleResponse started, buffer size: 1048
[m[0;32;32m2025-12-20 10:51:15.964|I|805740677|lpUCM [RemoteSails.cpp:HandleResponse:158] Successfully deserialized response, status: 0, result code: 0
[m[0;32;31m2025-12-20 10:51:15.964|E|805740677|lpUCM [IpccProtoMessage.cpp:SerializeParams:112] m_offset, 109568
[m[1;33m2025-12-20 10:51:15.964|W|805740677|lpUCM [RemoteSails.cpp:SendWithRetry:185] Successfully wrote 1052 bytes
[m[0;32;32m2025-12-20 10:51:15.967|I|805740677|lpUCM [RemoteSails.cpp:HandleResponse:149] HandleResponse started, buffer size: 1048
[m[0;32;32m2025-12-20 10:51:15.967|I|805740677|lpUCM [RemoteSails.cpp:HandleResponse:158] Successfully deserialized response, status: 0, result code: 0
[m[0;32;31m2025-12-20 10:51:15.967|E|805740677|lpUCM [IpccProtoMessage.cpp:SerializeParams:112] m_offset, 110592
[m[1;33m2025-12-20 10:51:15.967|W|805740677|lpUCM [RemoteSails.cpp:SendWithRetry:185] Successfully wrote 1052 bytes
[m[0;32;32m2025-12-20 10:51:15.996|I|805740677|lpUCM [RemoteSails.cpp:HandleResponse:149] HandleResponse started, buffer size: 1048
[m[0;32;32m2025-12-20 10:51:15.996|I|805740677|lpUCM [RemoteSails.cpp:HandleResponse:158] Successfully deserialized response, status: 0, result code: 0
[m[0;32;31m2025-12-20 10:51:15.996|E|805740677|lpUCM [IpccProtoMessage.cpp:SerializeParams:112] m_offset, 111616
[m[1;33m2025-12-20 10:51:15.996|W|805740677|lpUCM [RemoteSails.cpp:SendWithRetry:185] Successfully wrote 1052 bytes
[m[0;32;32m2025-12-20 10:51:16.0|I|805740677|lpUCM [RemoteSails.cpp:HandleResponse:149] HandleResponse started, buffer size: 1048
[m[0;32;32m2025-12-20 10:51:16.0|I|805740677|lpUCM [RemoteSails.cpp:HandleResponse:158] Successfully deserialized response, status: 0, result code: 0
[m[0;32;31m2025-12-20 10:51:16.0|E|805740677|lpUCM [IpccProtoMessage.cpp:SerializeParams:112] m_offset, 112640
[m[1;33m2025-12-20 10:51:16.0|W|805740677|lpUCM [RemoteSails.cpp:SendWithRetry:185] Successfully wrote 1052 bytes
[m[0;32;32m2025-12-20 10:51:16.6|I|805740677|lpUCM [RemoteSails.cpp:HandleResponse:149] HandleResponse started, buffer size: 1048
[m[0;32;32m2025-12-20 10:51:16.6|I|805740677|lpUCM [RemoteSails.cpp:HandleResponse:158] Successfully deserialized response, status: 0, result code: 0
[m[0;32;31m2025-12-20 10:51:16.6|E|805740677|lpUCM [IpccProtoMessage.cpp:SerializeParams:112] m_offset, 113664
[m[1;33m2025-12-20 10:51:16.6|W|805740677|lpUCM [RemoteSails.cpp:SendWithRetry:185] Successfully wrote 1052 bytes
[m[0;32;32m2025-12-20 10:51:16.10|I|805740677|lpUCM [RemoteSails.cpp:HandleResponse:149] HandleResponse started, buffer size: 1048
[m[0;32;32m2025-12-20 10:51:16.10|I|805740677|lpUCM [RemoteSails.cpp:HandleResponse:158] Successfully deserialized response, status: 0, result code: 0
[m[0;32;32m2025-12-20 10:51:16.10|I|805740677|lpUCM [RemoteSails.cpp:SailWriteData:272] All data already trans size 16384
[m[0;32;32m2025-12-20 10:51:16.10|I|805740677|lpUCM [fds.cpp:FDS_OnLocalUpgProgress:248] total: 23, curr:22, percent:19, rop:92%
[m[0;32;32m2025-12-20 10:51:16.10|I|805740677|lpUCM [RemoteSails.cpp:SailWriteData:254] total data is 16384
[m[0;32;31m2025-12-20 10:51:16.10|E|805740677|lpUCM [IpccProtoMessage.cpp:SerializeParams:112] m_offset, 114688
[m[1;33m2025-12-20 10:51:16.10|W|805740677|lpUCM [RemoteSails.cpp:SendWithRetry:185] Successfully wrote 1052 bytes
[m[0;32;32m2025-12-20 10:51:16.43|I|805740677|lpUCM [RemoteSails.cpp:HandleResponse:149] HandleResponse started, buffer size: 1048
[m[0;32;32m2025-12-20 10:51:16.43|I|805740677|lpUCM [RemoteSails.cpp:HandleResponse:158] Successfully deserialized response, status: 0, result code: 0
[m[0;32;31m2025-12-20 10:51:16.43|E|805740677|lpUCM [IpccProtoMessage.cpp:SerializeParams:112] m_offset, 115712
[m[1;33m2025-12-20 10:51:16.43|W|805740677|lpUCM [RemoteSails.cpp:SendWithRetry:185] Successfully wrote 1052 bytes
[m[0;32;32m2025-12-20 10:51:16.47|I|805740677|lpUCM [RemoteSails.cpp:HandleResponse:149] HandleResponse started, buffer size: 1048
[m[0;32;32m2025-12-20 10:51:16.47|I|805740677|lpUCM [RemoteSails.cpp:HandleResponse:158] Successfully deserialized response, status: 0, result code: 0
[m[0;32;31m2025-12-20 10:51:16.47|E|805740677|lpUCM [IpccProtoMessage.cpp:SerializeParams:112] m_offset, 116736
[m[1;33m2025-12-20 10:51:16.47|W|805740677|lpUCM [RemoteSails.cpp:SendWithRetry:185] Successfully wrote 1052 bytes
[m[0;32;32m2025-12-20 10:51:16.50|I|805740677|lpUCM [RemoteSails.cpp:HandleResponse:149] HandleResponse started, buffer size: 1048
[m[0;32;32m2025-12-20 10:51:16.50|I|805740677|lpUCM [RemoteSails.cpp:HandleResponse:158] Successfully deserialized response, status: 0, result code: 0
[m[0;32;31m2025-12-20 10:51:16.50|E|805740677|lpUCM [IpccProtoMessage.cpp:SerializeParams:112] m_offset, 117760
[m[1;33m2025-12-20 10:51:16.50|W|805740677|lpUCM [RemoteSails.cpp:SendWithRetry:185] Successfully wrote 1052 bytes
[m[0;32;32m2025-12-20 10:51:16.57|I|805740677|lpUCM [RemoteSails.cpp:HandleResponse:149] HandleResponse started, buffer size: 1048
[m[0;32;32m2025-12-20 10:51:16.57|I|805740677|lpUCM [RemoteSails.cpp:HandleResponse:158] Successfully deserialized response, status: 0, result code: 0
[m[0;32;31m2025-12-20 10:51:16.57|E|805740677|lpUCM [IpccProtoMessage.cpp:SerializeParams:112] m_offset, 118784
[m[1;33m2025-12-20 10:51:16.57|W|805740677|lpUCM [RemoteSails.cpp:SendWithRetry:185] Successfully wrote 1052 bytes
[m[0;32;32m2025-12-20 10:51:16.86|I|805740677|lpUCM [RemoteSails.cpp:HandleResponse:149] HandleResponse started, buffer size: 1048
[m[0;32;32m2025-12-20 10:51:16.86|I|805740677|lpUCM [RemoteSails.cpp:HandleResponse:158] Successfully deserialized response, status: 0, result code: 0
[m[0;32;31m2025-12-20 10:51:16.86|E|805740677|lpUCM [IpccProtoMessage.cpp:SerializeParams:112] m_offset, 119808
[m[1;33m2025-12-20 10:51:16.86|W|805740677|lpUCM [RemoteSails.cpp:SendWithRetry:185] Successfully wrote 1052 bytes
[m[0;32;32m2025-12-20 10:51:16.89|I|805740677|lpUCM [RemoteSails.cpp:HandleResponse:149] HandleResponse started, buffer size: 1048
[m[0;32;32m2025-12-20 10:51:16.89|I|805740677|lpUCM [RemoteSails.cpp:HandleResponse:158] Successfully deserialized response, status: 0, result code: 0
[m[0;32;31m2025-12-20 10:51:16.89|E|805740677|lpUCM [IpccProtoMessage.cpp:SerializeParams:112] m_offset, 120832
[m[1;33m2025-12-20 10:51:16.89|W|805740677|lpUCM [RemoteSails.cpp:SendWithRetry:185] Successfully wrote 1052 bytes
[m[0;32;32m2025-12-20 10:51:16.93|I|805740677|lpUCM [RemoteSails.cpp:HandleResponse:149] HandleResponse started, buffer size: 1048
[m[0;32;32m2025-12-20 10:51:16.93|I|805740677|lpUCM [RemoteSails.cpp:HandleResponse:158] Successfully deserialized response, status: 0, result code: 0
[m[0;32;31m2025-12-20 10:51:16.93|E|805740677|lpUCM [IpccProtoMessage.cpp:SerializeParams:112] m_offset, 121856
[m[1;33m2025-12-20 10:51:16.93|W|805740677|lpUCM [RemoteSails.cpp:SendWithRetry:185] Successfully wrote 1052 bytes
[m[0;32;32m2025-12-20 10:51:16.97|I|805740677|lpUCM [RemoteSails.cpp:HandleResponse:149] HandleResponse started, buffer size: 1048
[m[0;32;32m2025-12-20 10:51:16.97|I|805740677|lpUCM [RemoteSails.cpp:HandleResponse:158] Successfully deserialized response, status: 0, result code: 0
[m[0;32;31m2025-12-20 10:51:16.97|E|805740677|lpUCM [IpccProtoMessage.cpp:SerializeParams:112] m_offset, 122880
[m[1;33m2025-12-20 10:51:16.97|W|805740677|lpUCM [RemoteSails.cpp:SendWithRetry:185] Successfully wrote 1052 bytes
[m[0;32;32m2025-12-20 10:51:16.129|I|805740677|lpUCM [RemoteSails.cpp:HandleResponse:149] HandleResponse started, buffer size: 1048
[m[0;32;32m2025-12-20 10:51:16.129|I|805740677|lpUCM [RemoteSails.cpp:HandleResponse:158] Successfully deserialized response, status: 0, result code: 0
[m[0;32;31m2025-12-20 10:51:16.129|E|805740677|lpUCM [IpccProtoMessage.cpp:SerializeParams:112] m_offset, 123904
[m[1;33m2025-12-20 10:51:16.129|W|805740677|lpUCM [RemoteSails.cpp:SendWithRetry:185] Successfully wrote 1052 bytes
[m[0;32;32m2025-12-20 10:51:16.135|I|805740677|lpUCM [RemoteSails.cpp:HandleResponse:149] HandleResponse started, buffer size: 1048
[m[0;32;32m2025-12-20 10:51:16.135|I|805740677|lpUCM [RemoteSails.cpp:HandleResponse:158] Successfully deserialized response, status: 0, result code: 0
[m[0;32;31m2025-12-20 10:51:16.135|E|805740677|lpUCM [IpccProtoMessage.cpp:SerializeParams:112] m_offset, 124928
[m[1;33m2025-12-20 10:51:16.135|W|805740677|lpUCM [RemoteSails.cpp:SendWithRetry:185] Successfully wrote 1052 bytes
[m[0;32;32m2025-12-20 10:51:16.138|I|805740677|lpUCM [RemoteSails.cpp:HandleResponse:149] HandleResponse started, buffer size: 1048
[m[0;32;32m2025-12-20 10:51:16.138|I|805740677|lpUCM [RemoteSails.cpp:HandleResponse:158] Successfully deserialized response, status: 0, result code: 0
[m[0;32;31m2025-12-20 10:51:16.138|E|805740677|lpUCM [IpccProtoMessage.cpp:SerializeParams:112] m_offset, 125952
[m[1;33m2025-12-20 10:51:16.138|W|805740677|lpUCM [RemoteSails.cpp:SendWithRetry:185] Successfully wrote 1052 bytes
[m[0;32;32m2025-12-20 10:51:16.141|I|805740677|lpUCM [RemoteSails.cpp:HandleResponse:149] HandleResponse started, buffer size: 1048
[m[0;32;32m2025-12-20 10:51:16.141|I|805740677|lpUCM [RemoteSails.cpp:HandleResponse:158] Successfully deserialized response, status: 0, result code: 0
[m[0;32;31m2025-12-20 10:51:16.141|E|805740677|lpUCM [IpccProtoMessage.cpp:SerializeParams:112] m_offset, 126976
[m[1;33m2025-12-20 10:51:16.141|W|805740677|lpUCM [RemoteSails.cpp:SendWithRetry:185] Successfully wrote 1052 bytes
[m[0;32;32m2025-12-20 10:51:16.174|I|805740677|lpUCM [RemoteSails.cpp:HandleResponse:149] HandleResponse started, buffer size: 1048
[m[0;32;32m2025-12-20 10:51:16.174|I|805740677|lpUCM [RemoteSails.cpp:HandleResponse:158] Successfully deserialized response, status: 0, result code: 0
[m[0;32;31m2025-12-20 10:51:16.174|E|805740677|lpUCM [IpccProtoMessage.cpp:SerializeParams:112] m_offset, 128000
[m[1;33m2025-12-20 10:51:16.174|W|805740677|lpUCM [RemoteSails.cpp:SendWithRetry:185] Successfully wrote 1052 bytes
[m[0;32;32m2025-12-20 10:51:16.177|I|805740677|lpUCM [RemoteSails.cpp:HandleResponse:149] HandleResponse started, buffer size: 1048
[m[0;32;32m2025-12-20 10:51:16.177|I|805740677|lpUCM [RemoteSails.cpp:HandleResponse:158] Successfully deserialized response, status: 0, result code: 0
[m[0;32;31m2025-12-20 10:51:16.177|E|805740677|lpUCM [IpccProtoMessage.cpp:SerializeParams:112] m_offset, 129024
[m[1;33m2025-12-20 10:51:16.177|W|805740677|lpUCM [RemoteSails.cpp:SendWithRetry:185] Successfully wrote 1052 bytes
[m[0;32;32m2025-12-20 10:51:16.180|I|805740677|lpUCM [RemoteSails.cpp:HandleResponse:149] HandleResponse started, buffer size: 1048
[m[0;32;32m2025-12-20 10:51:16.180|I|805740677|lpUCM [RemoteSails.cpp:HandleResponse:158] Successfully deserialized response, status: 0, result code: 0
[m[0;32;31m2025-12-20 10:51:16.180|E|805740677|lpUCM [IpccProtoMessage.cpp:SerializeParams:112] m_offset, 130048
[m[1;33m2025-12-20 10:51:16.180|W|805740677|lpUCM [RemoteSails.cpp:SendWithRetry:185] Successfully wrote 1052 bytes
[m[0;32;32m2025-12-20 10:51:16.186|I|805740677|lpUCM [RemoteSails.cpp:HandleResponse:149] HandleResponse started, buffer size: 1048
[m[0;32;32m2025-12-20 10:51:16.186|I|805740677|lpUCM [RemoteSails.cpp:HandleResponse:158] Successfully deserialized response, status: 0, result code: 0
[m[0;32;32m2025-12-20 10:51:16.186|I|805740677|lpUCM [RemoteSails.cpp:SailWriteData:272] All data already trans size 16384
[m[0;32;32m2025-12-20 10:51:16.186|I|805740677|lpUCM [fds.cpp:FDS_OnLocalUpgProgress:248] total: 23, curr:22, percent:20, rop:92%
[m[0;32;32m2025-12-20 10:51:16.186|I|805740677|lpUCM [RemoteSails.cpp:SailWriteData:254] total data is 16384
[m[0;32;31m2025-12-20 10:51:16.186|E|805740677|lpUCM [IpccProtoMessage.cpp:SerializeParams:112] m_offset, 131072
[m[1;33m2025-12-20 10:51:16.186|W|805740677|lpUCM [RemoteSails.cpp:SendWithRetry:185] Successfully wrote 1052 bytes
[m[0;32;32m2025-12-20 10:51:16.216|I|805740677|lpUCM [RemoteSails.cpp:HandleResponse:149] HandleResponse started, buffer size: 1048
[m[0;32;32m2025-12-20 10:51:16.216|I|805740677|lpUCM [RemoteSails.cpp:HandleResponse:158] Successfully deserialized response, status: 0, result code: 0
[m[0;32;31m2025-12-20 10:51:16.216|E|805740677|lpUCM [IpccProtoMessage.cpp:SerializeParams:112] m_offset, 132096
[m[1;33m2025-12-20 10:51:16.216|W|805740677|lpUCM [RemoteSails.cpp:SendWithRetry:185] Successfully wrote 1052 bytes
[m[0;32;32m2025-12-20 10:51:16.219|I|805740677|lpUCM [RemoteSails.cpp:HandleResponse:149] HandleResponse started, buffer size: 1048
[m[0;32;32m2025-12-20 10:51:16.219|I|805740677|lpUCM [RemoteSails.cpp:HandleResponse:158] Successfully deserialized response, status: 0, result code: 0
[m[0;32;31m2025-12-20 10:51:16.219|E|805740677|lpUCM [IpccProtoMessage.cpp:SerializeParams:112] m_offset, 133120
[m[1;33m2025-12-20 10:51:16.219|W|805740677|lpUCM [RemoteSails.cpp:SendWithRetry:185] Successfully wrote 1052 bytes
[m[0;32;32m2025-12-20 10:51:16.222|I|805740677|lpUCM [RemoteSails.cpp:HandleResponse:149] HandleResponse started, buffer size: 1048
[m[0;32;32m2025-12-20 10:51:16.222|I|805740677|lpUCM [RemoteSails.cpp:HandleResponse:158] Successfully deserialized response, status: 0, result code: 0
[m[0;32;31m2025-12-20 10:51:16.222|E|805740677|lpUCM [IpccProtoMessage.cpp:SerializeParams:112] m_offset, 134144
[m[1;33m2025-12-20 10:51:16.222|W|805740677|lpUCM [RemoteSails.cpp:SendWithRetry:185] Successfully wrote 1052 bytes
[m[0;32;32m2025-12-20 10:51:16.226|I|805740677|lpUCM [RemoteSails.cpp:HandleResponse:149] HandleResponse started, buffer size: 1048
[m[0;32;32m2025-12-20 10:51:16.226|I|805740677|lpUCM [RemoteSails.cpp:HandleResponse:158] Successfully deserialized response, status: 0, result code: 0
[m[0;32;31m2025-12-20 10:51:16.226|E|805740677|lpUCM [IpccProtoMessage.cpp:SerializeParams:112] m_offset, 135168
[m[1;33m2025-12-20 10:51:16.226|W|805740677|lpUCM [RemoteSails.cpp:SendWithRetry:185] Successfully wrote 1052 bytes
[m[0;32;32m2025-12-20 10:51:16.256|I|805740677|lpUCM [RemoteSails.cpp:HandleResponse:149] HandleResponse started, buffer size: 1048
[m[0;32;32m2025-12-20 10:51:16.256|I|805740677|lpUCM [RemoteSails.cpp:HandleResponse:158] Successfully deserialized response, status: 0, result code: 0
[m[0;32;31m2025-12-20 10:51:16.256|E|805740677|lpUCM [IpccProtoMessage.cpp:SerializeParams:112] m_offset, 136192
[m[1;33m2025-12-20 10:51:16.256|W|805740677|lpUCM [RemoteSails.cpp:SendWithRetry:185] Successfully wrote 1052 bytes
[m[0;32;32m2025-12-20 10:51:16.260|I|805740677|lpUCM [RemoteSails.cpp:HandleResponse:149] HandleResponse started, buffer size: 1048
[m[0;32;32m2025-12-20 10:51:16.260|I|805740677|lpUCM [RemoteSails.cpp:HandleResponse:158] Successfully deserialized response, status: 0, result code: 0
[m[0;32;31m2025-12-20 10:51:16.260|E|805740677|lpUCM [IpccProtoMessage.cpp:SerializeParams:112] m_offset, 137216
[m[1;33m2025-12-20 10:51:16.260|W|805740677|lpUCM [RemoteSails.cpp:SendWithRetry:185] Successfully wrote 1052 bytes
[m[0;32;32m2025-12-20 10:51:16.267|I|805740677|lpUCM [RemoteSails.cpp:HandleResponse:149] HandleResponse started, buffer size: 1048
[m[0;32;32m2025-12-20 10:51:16.267|I|805740677|lpUCM [RemoteSails.cpp:HandleResponse:158] Successfully deserialized response, status: 0, result code: 0
[m[0;32;31m2025-12-20 10:51:16.267|E|805740677|lpUCM [IpccProtoMessage.cpp:SerializeParams:112] m_offset, 138240
[m[1;33m2025-12-20 10:51:16.267|W|805740677|lpUCM [RemoteSails.cpp:SendWithRetry:185] Successfully wrote 1052 bytes
[m[0;32;32m2025-12-20 10:51:16.270|I|805740677|lpUCM [RemoteSails.cpp:HandleResponse:149] HandleResponse started, buffer size: 1048
[m[0;32;32m2025-12-20 10:51:16.270|I|805740677|lpUCM [RemoteSails.cpp:HandleResponse:158] Successfully deserialized response, status: 0, result code: 0
[m[0;32;31m2025-12-20 10:51:16.270|E|805740677|lpUCM [IpccProtoMessage.cpp:SerializeParams:112] m_offset, 139264
[m[1;33m2025-12-20 10:51:16.270|W|805740677|lpUCM [RemoteSails.cpp:SendWithRetry:185] Successfully wrote 1052 bytes
[m[0;32;32m2025-12-20 10:51:16.303|I|805740677|lpUCM [RemoteSails.cpp:HandleResponse:149] HandleResponse started, buffer size: 1048
[m[0;32;32m2025-12-20 10:51:16.303|I|805740677|lpUCM [RemoteSails.cpp:HandleResponse:158] Successfully deserialized response, status: 0, result code: 0
[m[0;32;31m2025-12-20 10:51:16.303|E|805740677|lpUCM [IpccProtoMessage.cpp:SerializeParams:112] m_offset, 140288
[m[1;33m2025-12-20 10:51:16.303|W|805740677|lpUCM [RemoteSails.cpp:SendWithRetry:185] Successfully wrote 1052 bytes
[m[0;32;32m2025-12-20 10:51:16.306|I|805740677|lpUCM [RemoteSails.cpp:HandleResponse:149] HandleResponse started, buffer size: 1048
[m[0;32;32m2025-12-20 10:51:16.306|I|805740677|lpUCM [RemoteSails.cpp:HandleResponse:158] Successfully deserialized response, status: 0, result code: 0
[m[0;32;31m2025-12-20 10:51:16.306|E|805740677|lpUCM [IpccProtoMessage.cpp:SerializeParams:112] m_offset, 141312
[m[1;33m2025-12-20 10:51:16.306|W|805740677|lpUCM [RemoteSails.cpp:SendWithRetry:185] Successfully wrote 1052 bytes
[m[0;32;32m2025-12-20 10:51:16.309|I|805740677|lpUCM [RemoteSails.cpp:HandleResponse:149] HandleResponse started, buffer size: 1048
[m[0;32;32m2025-12-20 10:51:16.309|I|805740677|lpUCM [RemoteSails.cpp:HandleResponse:158] Successfully deserialized response, status: 0, result code: 0
[m[0;32;31m2025-12-20 10:51:16.309|E|805740677|lpUCM [IpccProtoMessage.cpp:SerializeParams:112] m_offset, 142336
[m[1;33m2025-12-20 10:51:16.309|W|805740677|lpUCM [RemoteSails.cpp:SendWithRetry:185] Successfully wrote 1052 bytes
[m[0;32;32m2025-12-20 10:51:16.315|I|805740677|lpUCM [RemoteSails.cpp:HandleResponse:149] HandleResponse started, buffer size: 1048
[m[0;32;32m2025-12-20 10:51:16.315|I|805740677|lpUCM [RemoteSails.cpp:HandleResponse:158] Successfully deserialized response, status: 0, result code: 0
[m[0;32;31m2025-12-20 10:51:16.315|E|805740677|lpUCM [IpccProtoMessage.cpp:SerializeParams:112] m_offset, 143360
[m[1;33m2025-12-20 10:51:16.315|W|805740677|lpUCM [RemoteSails.cpp:SendWithRetry:185] Successfully wrote 1052 bytes
[m[0;32;32m2025-12-20 10:51:16.345|I|805740677|lpUCM [RemoteSails.cpp:HandleResponse:149] HandleResponse started, buffer size: 1048
[m[0;32;32m2025-12-20 10:51:16.345|I|805740677|lpUCM [RemoteSails.cpp:HandleResponse:158] Successfully deserialized response, status: 0, result code: 0
[m[0;32;31m2025-12-20 10:51:16.345|E|805740677|lpUCM [IpccProtoMessage.cpp:SerializeParams:112] m_offset, 144384
[m[1;33m2025-12-20 10:51:16.345|W|805740677|lpUCM [RemoteSails.cpp:SendWithRetry:185] Successfully wrote 1052 bytes
[m[0;32;32m2025-12-20 10:51:16.348|I|805740677|lpUCM [RemoteSails.cpp:HandleResponse:149] HandleResponse started, buffer size: 1048
[m[0;32;32m2025-12-20 10:51:16.348|I|805740677|lpUCM [RemoteSails.cpp:HandleResponse:158] Successfully deserialized response, status: 0, result code: 0
[m[0;32;31m2025-12-20 10:51:16.348|E|805740677|lpUCM [IpccProtoMessage.cpp:SerializeParams:112] m_offset, 145408
[m[1;33m2025-12-20 10:51:16.348|W|805740677|lpUCM [RemoteSails.cpp:SendWithRetry:185] Successfully wrote 1052 bytes
[m[0;32;32m2025-12-20 10:51:16.351|I|805740677|lpUCM [RemoteSails.cpp:HandleResponse:149] HandleResponse started, buffer size: 1048
[m[0;32;32m2025-12-20 10:51:16.351|I|805740677|lpUCM [RemoteSails.cpp:HandleResponse:158] Successfully deserialized response, status: 0, result code: 0
[m[0;32;31m2025-12-20 10:51:16.351|E|805740677|lpUCM [IpccProtoMessage.cpp:SerializeParams:112] m_offset, 146432
[m[1;33m2025-12-20 10:51:16.351|W|805740677|lpUCM [RemoteSails.cpp:SendWithRetry:185] Successfully wrote 1052 bytes
[m[0;32;32m2025-12-20 10:51:16.354|I|805740677|lpUCM [RemoteSails.cpp:HandleResponse:149] HandleResponse started, buffer size: 1048
[m[0;32;32m2025-12-20 10:51:16.354|I|805740677|lpUCM [RemoteSails.cpp:HandleResponse:158] Successfully deserialized response, status: 0, result code: 0
[m[0;32;32m2025-12-20 10:51:16.354|I|805740677|lpUCM [RemoteSails.cpp:SailWriteData:272] All data already trans size 16384
[m[0;32;32m2025-12-20 10:51:16.354|I|805740677|lpUCM [fds.cpp:FDS_OnLocalUpgProgress:248] total: 23, curr:22, percent:21, rop:92%
[m[0;32;32m2025-12-20 10:51:16.354|I|805740677|lpUCM [RemoteSails.cpp:SailWriteData:254] total data is 16384
[m[0;32;31m2025-12-20 10:51:16.354|E|805740677|lpUCM [IpccProtoMessage.cpp:SerializeParams:112] m_offset, 147456
[m[1;33m2025-12-20 10:51:16.354|W|805740677|lpUCM [RemoteSails.cpp:SendWithRetry:185] Successfully wrote 1052 bytes
[m[0;32;32m2025-12-20 10:51:16.384|I|805740677|lpUCM [RemoteSails.cpp:HandleResponse:149] HandleResponse started, buffer size: 1048
[m[0;32;32m2025-12-20 10:51:16.384|I|805740677|lpUCM [RemoteSails.cpp:HandleResponse:158] Successfully deserialized response, status: 0, result code: 0
[m[0;32;31m2025-12-20 10:51:16.384|E|805740677|lpUCM [IpccProtoMessage.cpp:SerializeParams:112] m_offset, 148480
[m[1;33m2025-12-20 10:51:16.384|W|805740677|lpUCM [RemoteSails.cpp:SendWithRetry:185] Successfully wrote 1052 bytes
[m[0;32;32m2025-12-20 10:51:16.387|I|805740677|lpUCM [RemoteSails.cpp:HandleResponse:149] HandleResponse started, buffer size: 1048
[m[0;32;32m2025-12-20 10:51:16.387|I|805740677|lpUCM [RemoteSails.cpp:HandleResponse:158] Successfully deserialized response, status: 0, result code: 0
[m[0;32;31m2025-12-20 10:51:16.387|E|805740677|lpUCM [IpccProtoMessage.cpp:SerializeParams:112] m_offset, 149504
[m[1;33m2025-12-20 10:51:16.387|W|805740677|lpUCM [RemoteSails.cpp:SendWithRetry:185] Successfully wrote 1052 bytes
[m[0;32;32m2025-12-20 10:51:16.390|I|805740677|lpUCM [RemoteSails.cpp:HandleResponse:149] HandleResponse started, buffer size: 1048
[m[0;32;32m2025-12-20 10:51:16.390|I|805740677|lpUCM [RemoteSails.cpp:HandleResponse:158] Successfully deserialized response, status: 0, result code: 0
[m[0;32;31m2025-12-20 10:51:16.390|E|805740677|lpUCM [IpccProtoMessage.cpp:SerializeParams:112] m_offset, 150528
[m[1;33m2025-12-20 10:51:16.390|W|805740677|lpUCM [RemoteSails.cpp:SendWithRetry:185] Successfully wrote 1052 bytes
[m[0;32;32m2025-12-20 10:51:16.396|I|805740677|lpUCM [RemoteSails.cpp:HandleResponse:149] HandleResponse started, buffer size: 1048
[m[0;32;32m2025-12-20 10:51:16.396|I|805740677|lpUCM [RemoteSails.cpp:HandleResponse:158] Successfully deserialized response, status: 0, result code: 0
[m[0;32;31m2025-12-20 10:51:16.396|E|805740677|lpUCM [IpccProtoMessage.cpp:SerializeParams:112] m_offset, 151552
[m[1;33m2025-12-20 10:51:16.396|W|805740677|lpUCM [RemoteSails.cpp:SendWithRetry:185] Successfully wrote 1052 bytes
[m[0;32;32m2025-12-20 10:51:16.426|I|805740677|lpUCM [RemoteSails.cpp:HandleResponse:149] HandleResponse started, buffer size: 1048
[m[0;32;32m2025-12-20 10:51:16.426|I|805740677|lpUCM [RemoteSails.cpp:HandleResponse:158] Successfully deserialized response, status: 0, result code: 0
[m[0;32;31m2025-12-20 10:51:16.426|E|805740677|lpUCM [IpccProtoMessage.cpp:SerializeParams:112] m_offset, 152576
[m[1;33m2025-12-20 10:51:16.426|W|805740677|lpUCM [RemoteSails.cpp:SendWithRetry:185] Successfully wrote 1052 bytes
[m[0;32;32m2025-12-20 10:51:16.429|I|805740677|lpUCM [RemoteSails.cpp:HandleResponse:149] HandleResponse started, buffer size: 1048
[m[0;32;32m2025-12-20 10:51:16.429|I|805740677|lpUCM [RemoteSails.cpp:HandleResponse:158] Successfully deserialized response, status: 0, result code: 0
[m[0;32;31m2025-12-20 10:51:16.429|E|805740677|lpUCM [IpccProtoMessage.cpp:SerializeParams:112] m_offset, 153600
[m[1;33m2025-12-20 10:51:16.429|W|805740677|lpUCM [RemoteSails.cpp:SendWithRetry:185] Successfully wrote 1052 bytes
[m[0;32;32m2025-12-20 10:51:16.435|I|805740677|lpUCM [RemoteSails.cpp:HandleResponse:149] HandleResponse started, buffer size: 1048
[m[0;32;32m2025-12-20 10:51:16.435|I|805740677|lpUCM [RemoteSails.cpp:HandleResponse:158] Successfully deserialized response, status: 0, result code: 0
[m[0;32;31m2025-12-20 10:51:16.435|E|805740677|lpUCM [IpccProtoMessage.cpp:SerializeParams:112] m_offset, 154624
[m[1;33m2025-12-20 10:51:16.435|W|805740677|lpUCM [RemoteSails.cpp:SendWithRetry:185] Successfully wrote 1052 bytes
[m[0;32;32m2025-12-20 10:51:16.438|I|805740677|lpUCM [RemoteSails.cpp:HandleResponse:149] HandleResponse started, buffer size: 1048
[m[0;32;32m2025-12-20 10:51:16.438|I|805740677|lpUCM [RemoteSails.cpp:HandleResponse:158] Successfully deserialized response, status: 0, result code: 0
[m[0;32;31m2025-12-20 10:51:16.438|E|805740677|lpUCM [IpccProtoMessage.cpp:SerializeParams:112] m_offset, 155648
[m[1;33m2025-12-20 10:51:16.438|W|805740677|lpUCM [RemoteSails.cpp:SendWithRetry:185] Successfully wrote 1052 bytes
[m[0;32;32m2025-12-20 10:51:16.466|I|805740677|lpUCM [RemoteSails.cpp:HandleResponse:149] HandleResponse started, buffer size: 1048
[m[0;32;32m2025-12-20 10:51:16.466|I|805740677|lpUCM [RemoteSails.cpp:HandleResponse:158] Successfully deserialized response, status: 0, result code: 0
[m[0;32;31m2025-12-20 10:51:16.466|E|805740677|lpUCM [IpccProtoMessage.cpp:SerializeParams:112] m_offset, 156672
[m[1;33m2025-12-20 10:51:16.466|W|805740677|lpUCM [RemoteSails.cpp:SendWithRetry:185] Successfully wrote 1052 bytes
[m[0;32;32m2025-12-20 10:51:16.470|I|805740677|lpUCM [RemoteSails.cpp:HandleResponse:149] HandleResponse started, buffer size: 1048
[m[0;32;32m2025-12-20 10:51:16.470|I|805740677|lpUCM [RemoteSails.cpp:HandleResponse:158] Successfully deserialized response, status: 0, result code: 0
[m[0;32;31m2025-12-20 10:51:16.470|E|805740677|lpUCM [IpccProtoMessage.cpp:SerializeParams:112] m_offset, 157696
[m[1;33m2025-12-20 10:51:16.470|W|805740677|lpUCM [RemoteSails.cpp:SendWithRetry:185] Successfully wrote 1052 bytes
[m[0;32;32m2025-12-20 10:51:16.477|I|805740677|lpUCM [RemoteSails.cpp:HandleResponse:149] HandleResponse started, buffer size: 1048
[m[0;32;32m2025-12-20 10:51:16.477|I|805740677|lpUCM [RemoteSails.cpp:HandleResponse:158] Successfully deserialized response, status: 0, result code: 0
[m[0;32;31m2025-12-20 10:51:16.477|E|805740677|lpUCM [IpccProtoMessage.cpp:SerializeParams:112] m_offset, 158720
[m[1;33m2025-12-20 10:51:16.477|W|805740677|lpUCM [RemoteSails.cpp:SendWithRetry:185] Successfully wrote 1052 bytes
[m[0;32;32m2025-12-20 10:51:16.480|I|805740677|lpUCM [RemoteSails.cpp:HandleResponse:149] HandleResponse started, buffer size: 1048
[m[0;32;32m2025-12-20 10:51:16.480|I|805740677|lpUCM [RemoteSails.cpp:HandleResponse:158] Successfully deserialized response, status: 0, result code: 0
[m[0;32;31m2025-12-20 10:51:16.480|E|805740677|lpUCM [IpccProtoMessage.cpp:SerializeParams:112] m_offset, 159744
[m[1;33m2025-12-20 10:51:16.480|W|805740677|lpUCM [RemoteSails.cpp:SendWithRetry:185] Successfully wrote 1052 bytes
[m[0;32;32m2025-12-20 10:51:16.513|I|805740677|lpUCM [RemoteSails.cpp:HandleResponse:149] HandleResponse started, buffer size: 1048
[m[0;32;32m2025-12-20 10:51:16.513|I|805740677|lpUCM [RemoteSails.cpp:HandleResponse:158] Successfully deserialized response, status: 0, result code: 0
[m[0;32;31m2025-12-20 10:51:16.513|E|805740677|lpUCM [IpccProtoMessage.cpp:SerializeParams:112] m_offset, 160768
[m[1;33m2025-12-20 10:51:16.513|W|805740677|lpUCM [RemoteSails.cpp:SendWithRetry:185] Successfully wrote 1052 bytes
[m[0;32;32m2025-12-20 10:51:16.516|I|805740677|lpUCM [RemoteSails.cpp:HandleResponse:149] HandleResponse started, buffer size: 1048
[m[0;32;32m2025-12-20 10:51:16.516|I|805740677|lpUCM [RemoteSails.cpp:HandleResponse:158] Successfully deserialized response, status: 0, result code: 0
[m[0;32;31m2025-12-20 10:51:16.516|E|805740677|lpUCM [IpccProtoMessage.cpp:SerializeParams:112] m_offset, 161792
[m[1;33m2025-12-20 10:51:16.516|W|805740677|lpUCM [RemoteSails.cpp:SendWithRetry:185] Successfully wrote 1052 bytes
[m[0;32;32m2025-12-20 10:51:16.520|I|805740677|lpUCM [RemoteSails.cpp:HandleResponse:149] HandleResponse started, buffer size: 1048
[m[0;32;32m2025-12-20 10:51:16.520|I|805740677|lpUCM [RemoteSails.cpp:HandleResponse:158] Successfully deserialized response, status: 0, result code: 0
[m[0;32;31m2025-12-20 10:51:16.520|E|805740677|lpUCM [IpccProtoMessage.cpp:SerializeParams:112] m_offset, 162816
[m[1;33m2025-12-20 10:51:16.520|W|805740677|lpUCM [RemoteSails.cpp:SendWithRetry:185] Successfully wrote 1052 bytes
[m[0;32;32m2025-12-20 10:51:16.527|I|805740677|lpUCM [RemoteSails.cpp:HandleResponse:149] HandleResponse started, buffer size: 1048
[m[0;32;32m2025-12-20 10:51:16.527|I|805740677|lpUCM [RemoteSails.cpp:HandleResponse:158] Successfully deserialized response, status: 0, result code: 0
[m[0;32;32m2025-12-20 10:51:16.527|I|805740677|lpUCM [RemoteSails.cpp:SailWriteData:272] All data already trans size 16384
[m[0;32;32m2025-12-20 10:51:16.527|I|805740677|lpUCM [fds.cpp:FDS_OnLocalUpgProgress:248] total: 23, curr:22, percent:22, rop:92%
[m[0;32;32m2025-12-20 10:51:16.527|I|805740677|lpUCM [RemoteSails.cpp:SailWriteData:254] total data is 16384
[m[0;32;31m2025-12-20 10:51:16.527|E|805740677|lpUCM [IpccProtoMessage.cpp:SerializeParams:112] m_offset, 163840
[m[1;33m2025-12-20 10:51:16.527|W|805740677|lpUCM [RemoteSails.cpp:SendWithRetry:185] Successfully wrote 1052 bytes
[m[0;32;32m2025-12-20 10:51:16.557|I|805740677|lpUCM [RemoteSails.cpp:HandleResponse:149] HandleResponse started, buffer size: 1048
[m[0;32;32m2025-12-20 10:51:16.557|I|805740677|lpUCM [RemoteSails.cpp:HandleResponse:158] Successfully deserialized response, status: 0, result code: 0
[m[0;32;31m2025-12-20 10:51:16.557|E|805740677|lpUCM [IpccProtoMessage.cpp:SerializeParams:112] m_offset, 164864
[m[1;33m2025-12-20 10:51:16.557|W|805740677|lpUCM [RemoteSails.cpp:SendWithRetry:185] Successfully wrote 1052 bytes
[m[0;32;32m2025-12-20 10:51:16.560|I|805740677|lpUCM [RemoteSails.cpp:HandleResponse:149] HandleResponse started, buffer size: 1048
[m[0;32;32m2025-12-20 10:51:16.560|I|805740677|lpUCM [RemoteSails.cpp:HandleResponse:158] Successfully deserialized response, status: 0, result code: 0
[m[0;32;31m2025-12-20 10:51:16.560|E|805740677|lpUCM [IpccProtoMessage.cpp:SerializeParams:112] m_offset, 165888
[m[1;33m2025-12-20 10:51:16.560|W|805740677|lpUCM [RemoteSails.cpp:SendWithRetry:185] Successfully wrote 1052 bytes
[m[0;32;32m2025-12-20 10:51:16.563|I|805740677|lpUCM [RemoteSails.cpp:HandleResponse:149] HandleResponse started, buffer size: 1048
[m[0;32;32m2025-12-20 10:51:16.563|I|805740677|lpUCM [RemoteSails.cpp:HandleResponse:158] Successfully deserialized response, status: 0, result code: 0
[m[0;32;31m2025-12-20 10:51:16.563|E|805740677|lpUCM [IpccProtoMessage.cpp:SerializeParams:112] m_offset, 166912
[m[1;33m2025-12-20 10:51:16.563|W|805740677|lpUCM [RemoteSails.cpp:SendWithRetry:185] Successfully wrote 1052 bytes
[m[0;32;32m2025-12-20 10:51:16.566|I|805740677|lpUCM [RemoteSails.cpp:HandleResponse:149] HandleResponse started, buffer size: 1048
[m[0;32;32m2025-12-20 10:51:16.566|I|805740677|lpUCM [RemoteSails.cpp:HandleResponse:158] Successfully deserialized response, status: 0, result code: 0
[m[0;32;31m2025-12-20 10:51:16.566|E|805740677|lpUCM [IpccProtoMessage.cpp:SerializeParams:112] m_offset, 167936
[m[1;33m2025-12-20 10:51:16.566|W|805740677|lpUCM [RemoteSails.cpp:SendWithRetry:185] Successfully wrote 1052 bytes
[m[0;32;32m2025-12-20 10:51:16.596|I|805740677|lpUCM [RemoteSails.cpp:HandleResponse:149] HandleResponse started, buffer size: 1048
[m[0;32;32m2025-12-20 10:51:16.596|I|805740677|lpUCM [RemoteSails.cpp:HandleResponse:158] Successfully deserialized response, status: 0, result code: 0
[m[0;32;31m2025-12-20 10:51:16.596|E|805740677|lpUCM [IpccProtoMessage.cpp:SerializeParams:112] m_offset, 168960
[m[1;33m2025-12-20 10:51:16.596|W|805740677|lpUCM [RemoteSails.cpp:SendWithRetry:185] Successfully wrote 1052 bytes
[m[0;32;32m2025-12-20 10:51:16.599|I|805740677|lpUCM [RemoteSails.cpp:HandleResponse:149] HandleResponse started, buffer size: 1048
[m[0;32;32m2025-12-20 10:51:16.599|I|805740677|lpUCM [RemoteSails.cpp:HandleResponse:158] Successfully deserialized response, status: 0, result code: 0
[m[0;32;31m2025-12-20 10:51:16.599|E|805740677|lpUCM [IpccProtoMessage.cpp:SerializeParams:112] m_offset, 169984
[m[1;33m2025-12-20 10:51:16.599|W|805740677|lpUCM [RemoteSails.cpp:SendWithRetry:185] Successfully wrote 1052 bytes
[m[0;32;32m2025-12-20 10:51:16.602|I|805740677|lpUCM [RemoteSails.cpp:HandleResponse:149] HandleResponse started, buffer size: 1048
[m[0;32;32m2025-12-20 10:51:16.602|I|805740677|lpUCM [RemoteSails.cpp:HandleResponse:158] Successfully deserialized response, status: 0, result code: 0
[m[0;32;31m2025-12-20 10:51:16.602|E|805740677|lpUCM [IpccProtoMessage.cpp:SerializeParams:112] m_offset, 171008
[m[1;33m2025-12-20 10:51:16.602|W|805740677|lpUCM [RemoteSails.cpp:SendWithRetry:185] Successfully wrote 1052 bytes
[m[0;32;32m2025-12-20 10:51:16.605|I|805740677|lpUCM [RemoteSails.cpp:HandleResponse:149] HandleResponse started, buffer size: 1048
[m[0;32;32m2025-12-20 10:51:16.605|I|805740677|lpUCM [RemoteSails.cpp:HandleResponse:158] Successfully deserialized response, status: 0, result code: 0
[m[0;32;31m2025-12-20 10:51:16.605|E|805740677|lpUCM [IpccProtoMessage.cpp:SerializeParams:112] m_offset, 172032
[m[1;33m2025-12-20 10:51:16.605|W|805740677|lpUCM [RemoteSails.cpp:SendWithRetry:185] Successfully wrote 1052 bytes
[m[0;32;32m2025-12-20 10:51:16.636|I|805740677|lpUCM [RemoteSails.cpp:HandleResponse:149] HandleResponse started, buffer size: 1048
[m[0;32;32m2025-12-20 10:51:16.636|I|805740677|lpUCM [RemoteSails.cpp:HandleResponse:158] Successfully deserialized response, status: 0, result code: 0
[m[0;32;31m2025-12-20 10:51:16.636|E|805740677|lpUCM [IpccProtoMessage.cpp:SerializeParams:112] m_offset, 173056
[m[1;33m2025-12-20 10:51:16.636|W|805740677|lpUCM [RemoteSails.cpp:SendWithRetry:185] Successfully wrote 1052 bytes
[m[0;32;32m2025-12-20 10:51:16.639|I|805740677|lpUCM [RemoteSails.cpp:HandleResponse:149] HandleResponse started, buffer size: 1048
[m[0;32;32m2025-12-20 10:51:16.639|I|805740677|lpUCM [RemoteSails.cpp:HandleResponse:158] Successfully deserialized response, status: 0, result code: 0
[m[0;32;31m2025-12-20 10:51:16.639|E|805740677|lpUCM [IpccProtoMessage.cpp:SerializeParams:112] m_offset, 174080
[m[1;33m2025-12-20 10:51:16.639|W|805740677|lpUCM [RemoteSails.cpp:SendWithRetry:185] Successfully wrote 1052 bytes
[m[0;32;32m2025-12-20 10:51:16.643|I|805740677|lpUCM [RemoteSails.cpp:HandleResponse:149] HandleResponse started, buffer size: 1048
[m[0;32;32m2025-12-20 10:51:16.643|I|805740677|lpUCM [RemoteSails.cpp:HandleResponse:158] Successfully deserialized response, status: 0, result code: 0
[m[0;32;31m2025-12-20 10:51:16.643|E|805740677|lpUCM [IpccProtoMessage.cpp:SerializeParams:112] m_offset, 175104
[m[1;33m2025-12-20 10:51:16.643|W|805740677|lpUCM [RemoteSails.cpp:SendWithRetry:185] Successfully wrote 1052 bytes
[m[0;32;32m2025-12-20 10:51:16.646|I|805740677|lpUCM [RemoteSails.cpp:HandleResponse:149] HandleResponse started, buffer size: 1048
[m[0;32;32m2025-12-20 10:51:16.646|I|805740677|lpUCM [RemoteSails.cpp:HandleResponse:158] Successfully deserialized response, status: 0, result code: 0
[m[0;32;31m2025-12-20 10:51:16.646|E|805740677|lpUCM [IpccProtoMessage.cpp:SerializeParams:112] m_offset, 176128
[m[1;33m2025-12-20 10:51:16.646|W|805740677|lpUCM [RemoteSails.cpp:SendWithRetry:185] Successfully wrote 1052 bytes
[m[0;32;32m2025-12-20 10:51:16.675|I|805740677|lpUCM [RemoteSails.cpp:HandleResponse:149] HandleResponse started, buffer size: 1048
[m[0;32;32m2025-12-20 10:51:16.675|I|805740677|lpUCM [RemoteSails.cpp:HandleResponse:158] Successfully deserialized response, status: 0, result code: 0
[m[0;32;31m2025-12-20 10:51:16.675|E|805740677|lpUCM [IpccProtoMessage.cpp:SerializeParams:112] m_offset, 177152
[m[1;33m2025-12-20 10:51:16.675|W|805740677|lpUCM [RemoteSails.cpp:SendWithRetry:185] Successfully wrote 1052 bytes
[m[0;32;32m2025-12-20 10:51:16.679|I|805740677|lpUCM [RemoteSails.cpp:HandleResponse:149] HandleResponse started, buffer size: 1048
[m[0;32;32m2025-12-20 10:51:16.679|I|805740677|lpUCM [RemoteSails.cpp:HandleResponse:158] Successfully deserialized response, status: 0, result code: 0
[m[0;32;31m2025-12-20 10:51:16.679|E|805740677|lpUCM [IpccProtoMessage.cpp:SerializeParams:112] m_offset, 178176
[m[1;33m2025-12-20 10:51:16.679|W|805740677|lpUCM [RemoteSails.cpp:SendWithRetry:185] Successfully wrote 1052 bytes
[m[0;32;32m2025-12-20 10:51:16.685|I|805740677|lpUCM [RemoteSails.cpp:HandleResponse:149] HandleResponse started, buffer size: 1048
[m[0;32;32m2025-12-20 10:51:16.685|I|805740677|lpUCM [RemoteSails.cpp:HandleResponse:158] Successfully deserialized response, status: 0, result code: 0
[m[0;32;31m2025-12-20 10:51:16.685|E|805740677|lpUCM [IpccProtoMessage.cpp:SerializeParams:112] m_offset, 179200
[m[1;33m2025-12-20 10:51:16.685|W|805740677|lpUCM [RemoteSails.cpp:SendWithRetry:185] Successfully wrote 1052 bytes
[m[0;32;32m2025-12-20 10:51:16.689|I|805740677|lpUCM [RemoteSails.cpp:HandleResponse:149] HandleResponse started, buffer size: 1048
[m[0;32;32m2025-12-20 10:51:16.689|I|805740677|lpUCM [RemoteSails.cpp:HandleResponse:158] Successfully deserialized response, status: 0, result code: 0
[m[0;32;32m2025-12-20 10:51:16.689|I|805740677|lpUCM [RemoteSails.cpp:SailWriteData:272] All data already trans size 16384
[m[0;32;32m2025-12-20 10:51:16.689|I|805740677|lpUCM [fds.cpp:FDS_OnLocalUpgProgress:248] total: 23, curr:22, percent:23, rop:92%
[m[0;32;32m2025-12-20 10:51:16.689|I|805740677|lpUCM [RemoteSails.cpp:SailWriteData:254] total data is 16384
[m[0;32;31m2025-12-20 10:51:16.689|E|805740677|lpUCM [IpccProtoMessage.cpp:SerializeParams:112] m_offset, 180224
[m[1;33m2025-12-20 10:51:16.689|W|805740677|lpUCM [RemoteSails.cpp:SendWithRetry:185] Successfully wrote 1052 bytes
[m[0;32;32m2025-12-20 10:51:16.720|I|805740677|lpUCM [RemoteSails.cpp:HandleResponse:149] HandleResponse started, buffer size: 1048
[m[0;32;32m2025-12-20 10:51:16.720|I|805740677|lpUCM [RemoteSails.cpp:HandleResponse:158] Successfully deserialized response, status: 0, result code: 0
[m[0;32;31m2025-12-20 10:51:16.720|E|805740677|lpUCM [IpccProtoMessage.cpp:SerializeParams:112] m_offset, 181248
[m[1;33m2025-12-20 10:51:16.720|W|805740677|lpUCM [RemoteSails.cpp:SendWithRetry:185] Successfully wrote 1052 bytes
[m[0;32;32m2025-12-20 10:51:16.726|I|805740677|lpUCM [RemoteSails.cpp:HandleResponse:149] HandleResponse started, buffer size: 1048
[m[0;32;32m2025-12-20 10:51:16.726|I|805740677|lpUCM [RemoteSails.cpp:HandleResponse:158] Successfully deserialized response, status: 0, result code: 0
[m[0;32;31m2025-12-20 10:51:16.726|E|805740677|lpUCM [IpccProtoMessage.cpp:SerializeParams:112] m_offset, 182272
[m[1;33m2025-12-20 10:51:16.726|W|805740677|lpUCM [RemoteSails.cpp:SendWithRetry:185] Successfully wrote 1052 bytes
[m[0;32;32m2025-12-20 10:51:16.729|I|805740677|lpUCM [RemoteSails.cpp:HandleResponse:149] HandleResponse started, buffer size: 1048
[m[0;32;32m2025-12-20 10:51:16.729|I|805740677|lpUCM [RemoteSails.cpp:HandleResponse:158] Successfully deserialized response, status: 0, result code: 0
[m[0;32;31m2025-12-20 10:51:16.729|E|805740677|lpUCM [IpccProtoMessage.cpp:SerializeParams:112] m_offset, 183296
[m[1;33m2025-12-20 10:51:16.729|W|805740677|lpUCM [RemoteSails.cpp:SendWithRetry:185] Successfully wrote 1052 bytes
[m[0;32;32m2025-12-20 10:51:16.735|I|805740677|lpUCM [RemoteSails.cpp:HandleResponse:149] HandleResponse started, buffer size: 1048
[m[0;32;32m2025-12-20 10:51:16.735|I|805740677|lpUCM [RemoteSails.cpp:HandleResponse:158] Successfully deserialized response, status: 0, result code: 0
[m[0;32;31m2025-12-20 10:51:16.735|E|805740677|lpUCM [IpccProtoMessage.cpp:SerializeParams:112] m_offset, 184320
[m[1;33m2025-12-20 10:51:16.735|W|805740677|lpUCM [RemoteSails.cpp:SendWithRetry:185] Successfully wrote 1052 bytes
[m[0;32;32m2025-12-20 10:51:16.765|I|805740677|lpUCM [RemoteSails.cpp:HandleResponse:149] HandleResponse started, buffer size: 1048
[m[0;32;32m2025-12-20 10:51:16.765|I|805740677|lpUCM [RemoteSails.cpp:HandleResponse:158] Successfully deserialized response, status: 0, result code: 0
[m[0;32;31m2025-12-20 10:51:16.765|E|805740677|lpUCM [IpccProtoMessage.cpp:SerializeParams:112] m_offset, 185344
[m[1;33m2025-12-20 10:51:16.765|W|805740677|lpUCM [RemoteSails.cpp:SendWithRetry:185] Successfully wrote 1052 bytes
[m[0;32;32m2025-12-20 10:51:16.768|I|805740677|lpUCM [RemoteSails.cpp:HandleResponse:149] HandleResponse started, buffer size: 1048
[m[0;32;32m2025-12-20 10:51:16.768|I|805740677|lpUCM [RemoteSails.cpp:HandleResponse:158] Successfully deserialized response, status: 0, result code: 0
[m[0;32;31m2025-12-20 10:51:16.768|E|805740677|lpUCM [IpccProtoMessage.cpp:SerializeParams:112] m_offset, 186368
[m[1;33m2025-12-20 10:51:16.768|W|805740677|lpUCM [RemoteSails.cpp:SendWithRetry:185] Successfully wrote 1052 bytes
[m[0;32;32m2025-12-20 10:51:16.771|I|805740677|lpUCM [RemoteSails.cpp:HandleResponse:149] HandleResponse started, buffer size: 1048
[m[0;32;32m2025-12-20 10:51:16.771|I|805740677|lpUCM [RemoteSails.cpp:HandleResponse:158] Successfully deserialized response, status: 0, result code: 0
[m[0;32;31m2025-12-20 10:51:16.771|E|805740677|lpUCM [IpccProtoMessage.cpp:SerializeParams:112] m_offset, 187392
[m[1;33m2025-12-20 10:51:16.771|W|805740677|lpUCM [RemoteSails.cpp:SendWithRetry:185] Successfully wrote 1052 bytes
[m[0;32;32m2025-12-20 10:51:16.777|I|805740677|lpUCM [RemoteSails.cpp:HandleResponse:149] HandleResponse started, buffer size: 1048
[m[0;32;32m2025-12-20 10:51:16.777|I|805740677|lpUCM [RemoteSails.cpp:HandleResponse:158] Successfully deserialized response, status: 0, result code: 0
[m[0;32;31m2025-12-20 10:51:16.777|E|805740677|lpUCM [IpccProtoMessage.cpp:SerializeParams:112] m_offset, 188416
[m[1;33m2025-12-20 10:51:16.777|W|805740677|lpUCM [RemoteSails.cpp:SendWithRetry:185] Successfully wrote 1052 bytes
[m[0;32;32m2025-12-20 10:51:16.807|I|805740677|lpUCM [RemoteSails.cpp:HandleResponse:149] HandleResponse started, buffer size: 1048
[m[0;32;32m2025-12-20 10:51:16.807|I|805740677|lpUCM [RemoteSails.cpp:HandleResponse:158] Successfully deserialized response, status: 0, result code: 0
[m[0;32;31m2025-12-20 10:51:16.807|E|805740677|lpUCM [IpccProtoMessage.cpp:SerializeParams:112] m_offset, 189440
[m[1;33m2025-12-20 10:51:16.807|W|805740677|lpUCM [RemoteSails.cpp:SendWithRetry:185] Successfully wrote 1052 bytes
[m[0;32;32m2025-12-20 10:51:16.810|I|805740677|lpUCM [RemoteSails.cpp:HandleResponse:149] HandleResponse started, buffer size: 1048
[m[0;32;32m2025-12-20 10:51:16.810|I|805740677|lpUCM [RemoteSails.cpp:HandleResponse:158] Successfully deserialized response, status: 0, result code: 0
[m[0;32;31m2025-12-20 10:51:16.810|E|805740677|lpUCM [IpccProtoMessage.cpp:SerializeParams:112] m_offset, 190464
[m[1;33m2025-12-20 10:51:16.810|W|805740677|lpUCM [RemoteSails.cpp:SendWithRetry:185] Successfully wrote 1052 bytes
[m[0;32;32m2025-12-20 10:51:16.816|I|805740677|lpUCM [RemoteSails.cpp:HandleResponse:149] HandleResponse started, buffer size: 1048
[m[0;32;32m2025-12-20 10:51:16.816|I|805740677|lpUCM [RemoteSails.cpp:HandleResponse:158] Successfully deserialized response, status: 0, result code: 0
[m[0;32;31m2025-12-20 10:51:16.816|E|805740677|lpUCM [IpccProtoMessage.cpp:SerializeParams:112] m_offset, 191488
[m[1;33m2025-12-20 10:51:16.816|W|805740677|lpUCM [RemoteSails.cpp:SendWithRetry:185] Successfully wrote 1052 bytes
[m[0;32;32m2025-12-20 10:51:16.819|I|805740677|lpUCM [RemoteSails.cpp:HandleResponse:149] HandleResponse started, buffer size: 1048
[m[0;32;32m2025-12-20 10:51:16.819|I|805740677|lpUCM [RemoteSails.cpp:HandleResponse:158] Successfully deserialized response, status: 0, result code: 0
[m[0;32;31m2025-12-20 10:51:16.819|E|805740677|lpUCM [IpccProtoMessage.cpp:SerializeParams:112] m_offset, 192512
[m[1;33m2025-12-20 10:51:16.819|W|805740677|lpUCM [RemoteSails.cpp:SendWithRetry:185] Successfully wrote 1052 bytes
[m[0;32;32m2025-12-20 10:51:16.853|I|805740677|lpUCM [RemoteSails.cpp:HandleResponse:149] HandleResponse started, buffer size: 1048
[m[0;32;32m2025-12-20 10:51:16.853|I|805740677|lpUCM [RemoteSails.cpp:HandleResponse:158] Successfully deserialized response, status: 0, result code: 0
[m[0;32;31m2025-12-20 10:51:16.853|E|805740677|lpUCM [IpccProtoMessage.cpp:SerializeParams:112] m_offset, 193536
[m[1;33m2025-12-20 10:51:16.853|W|805740677|lpUCM [RemoteSails.cpp:SendWithRetry:185] Successfully wrote 1052 bytes
[m[0;32;32m2025-12-20 10:51:16.857|I|805740677|lpUCM [RemoteSails.cpp:HandleResponse:149] HandleResponse started, buffer size: 1048
[m[0;32;32m2025-12-20 10:51:16.857|I|805740677|lpUCM [RemoteSails.cpp:HandleResponse:158] Successfully deserialized response, status: 0, result code: 0
[m[0;32;31m2025-12-20 10:51:16.857|E|805740677|lpUCM [IpccProtoMessage.cpp:SerializeParams:112] m_offset, 194560
[m[1;33m2025-12-20 10:51:16.857|W|805740677|lpUCM [RemoteSails.cpp:SendWithRetry:185] Successfully wrote 1052 bytes
[m[0;32;32m2025-12-20 10:51:16.860|I|805740677|lpUCM [RemoteSails.cpp:HandleResponse:149] HandleResponse started, buffer size: 1048
[m[0;32;32m2025-12-20 10:51:16.860|I|805740677|lpUCM [RemoteSails.cpp:HandleResponse:158] Successfully deserialized response, status: 0, result code: 0
[m[0;32;31m2025-12-20 10:51:16.860|E|805740677|lpUCM [IpccProtoMessage.cpp:SerializeParams:112] m_offset, 195584
[m[1;33m2025-12-20 10:51:16.860|W|805740677|lpUCM [RemoteSails.cpp:SendWithRetry:185] Successfully wrote 1052 bytes
[m[0;32;32m2025-12-20 10:51:16.867|I|805740677|lpUCM [RemoteSails.cpp:HandleResponse:149] HandleResponse started, buffer size: 1048
[m[0;32;32m2025-12-20 10:51:16.867|I|805740677|lpUCM [RemoteSails.cpp:HandleResponse:158] Successfully deserialized response, status: 0, result code: 0
[m[0;32;32m2025-12-20 10:51:16.867|I|805740677|lpUCM [RemoteSails.cpp:SailWriteData:272] All data already trans size 16384
[m[0;32;32m2025-12-20 10:51:16.867|I|805740677|lpUCM [fds.cpp:FDS_OnLocalUpgProgress:248] total: 23, curr:22, percent:24, rop:92%
[m[0;32;32m2025-12-20 10:51:16.867|I|805740677|lpUCM [RemoteSails.cpp:SailWriteData:254] total data is 16384
[m[0;32;31m2025-12-20 10:51:16.867|E|805740677|lpUCM [IpccProtoMessage.cpp:SerializeParams:112] m_offset, 196608
[m[1;33m2025-12-20 10:51:16.867|W|805740677|lpUCM [RemoteSails.cpp:SendWithRetry:185] Successfully wrote 1052 bytes
[m[0;32;32m2025-12-20 10:51:16.899|I|805740677|lpUCM [RemoteSails.cpp:HandleResponse:149] HandleResponse started, buffer size: 1048
[m[0;32;32m2025-12-20 10:51:16.899|I|805740677|lpUCM [RemoteSails.cpp:HandleResponse:158] Successfully deserialized response, status: 0, result code: 0
[m[0;32;31m2025-12-20 10:51:16.899|E|805740677|lpUCM [IpccProtoMessage.cpp:SerializeParams:112] m_offset, 197632
[m[1;33m2025-12-20 10:51:16.899|W|805740677|lpUCM [RemoteSails.cpp:SendWithRetry:185] Successfully wrote 1052 bytes
[m[0;32;32m2025-12-20 10:51:16.903|I|805740677|lpUCM [RemoteSails.cpp:HandleResponse:149] HandleResponse started, buffer size: 1048
[m[0;32;32m2025-12-20 10:51:16.903|I|805740677|lpUCM [RemoteSails.cpp:HandleResponse:158] Successfully deserialized response, status: 0, result code: 0
[m[0;32;31m2025-12-20 10:51:16.903|E|805740677|lpUCM [IpccProtoMessage.cpp:SerializeParams:112] m_offset, 198656
[m[1;33m2025-12-20 10:51:16.903|W|805740677|lpUCM [RemoteSails.cpp:SendWithRetry:185] Successfully wrote 1052 bytes
[m[0;32;32m2025-12-20 10:51:16.906|I|805740677|lpUCM [RemoteSails.cpp:HandleResponse:149] HandleResponse started, buffer size: 1048
[m[0;32;32m2025-12-20 10:51:16.906|I|805740677|lpUCM [RemoteSails.cpp:HandleResponse:158] Successfully deserialized response, status: 0, result code: 0
[m[0;32;31m2025-12-20 10:51:16.906|E|805740677|lpUCM [IpccProtoMessage.cpp:SerializeParams:112] m_offset, 199680
[m[1;33m2025-12-20 10:51:16.906|W|805740677|lpUCM [RemoteSails.cpp:SendWithRetry:185] Successfully wrote 1052 bytes
[m[0;32;32m2025-12-20 10:51:16.909|I|805740677|lpUCM [RemoteSails.cpp:HandleResponse:149] HandleResponse started, buffer size: 1048
[m[0;32;32m2025-12-20 10:51:16.909|I|805740677|lpUCM [RemoteSails.cpp:HandleResponse:158] Successfully deserialized response, status: 0, result code: 0
[m[0;32;31m2025-12-20 10:51:16.909|E|805740677|lpUCM [IpccProtoMessage.cpp:SerializeParams:112] m_offset, 200704
[m[1;33m2025-12-20 10:51:16.909|W|805740677|lpUCM [RemoteSails.cpp:SendWithRetry:185] Successfully wrote 1052 bytes
[m[0;32;32m2025-12-20 10:51:16.939|I|805740677|lpUCM [RemoteSails.cpp:HandleResponse:149] HandleResponse started, buffer size: 1048
[m[0;32;32m2025-12-20 10:51:16.939|I|805740677|lpUCM [RemoteSails.cpp:HandleResponse:158] Successfully deserialized response, status: 0, result code: 0
[m[0;32;31m2025-12-20 10:51:16.939|E|805740677|lpUCM [IpccProtoMessage.cpp:SerializeParams:112] m_offset, 201728
[m[1;33m2025-12-20 10:51:16.939|W|805740677|lpUCM [RemoteSails.cpp:SendWithRetry:185] Successfully wrote 1052 bytes
[m[0;32;32m2025-12-20 10:51:16.945|I|805740677|lpUCM [RemoteSails.cpp:HandleResponse:149] HandleResponse started, buffer size: 1048
[m[0;32;32m2025-12-20 10:51:16.945|I|805740677|lpUCM [RemoteSails.cpp:HandleResponse:158] Successfully deserialized response, status: 0, result code: 0
[m[0;32;31m2025-12-20 10:51:16.945|E|805740677|lpUCM [IpccProtoMessage.cpp:SerializeParams:112] m_offset, 202752
[m[1;33m2025-12-20 10:51:16.945|W|805740677|lpUCM [RemoteSails.cpp:SendWithRetry:185] Successfully wrote 1052 bytes
[m[0;32;32m2025-12-20 10:51:16.948|I|805740677|lpUCM [RemoteSails.cpp:HandleResponse:149] HandleResponse started, buffer size: 1048
[m[0;32;32m2025-12-20 10:51:16.948|I|805740677|lpUCM [RemoteSails.cpp:HandleResponse:158] Successfully deserialized response, status: 0, result code: 0
[m[0;32;31m2025-12-20 10:51:16.948|E|805740677|lpUCM [IpccProtoMessage.cpp:SerializeParams:112] m_offset, 203776
[m[1;33m2025-12-20 10:51:16.948|W|805740677|lpUCM [RemoteSails.cpp:SendWithRetry:185] Successfully wrote 1052 bytes
[m[0;32;32m2025-12-20 10:51:16.951|I|805740677|lpUCM [RemoteSails.cpp:HandleResponse:149] HandleResponse started, buffer size: 1048
[m[0;32;32m2025-12-20 10:51:16.951|I|805740677|lpUCM [RemoteSails.cpp:HandleResponse:158] Successfully deserialized response, status: 0, result code: 0
[m[0;32;31m2025-12-20 10:51:16.951|E|805740677|lpUCM [IpccProtoMessage.cpp:SerializeParams:112] m_offset, 204800
[m[1;33m2025-12-20 10:51:16.951|W|805740677|lpUCM [RemoteSails.cpp:SendWithRetry:185] Successfully wrote 1052 bytes
[m[0;32;32m2025-12-20 10:51:16.982|I|805740677|lpUCM [RemoteSails.cpp:HandleResponse:149] HandleResponse started, buffer size: 1048
[m[0;32;32m2025-12-20 10:51:16.982|I|805740677|lpUCM [RemoteSails.cpp:HandleResponse:158] Successfully deserialized response, status: 0, result code: 0
[m[0;32;31m2025-12-20 10:51:16.982|E|805740677|lpUCM [IpccProtoMessage.cpp:SerializeParams:112] m_offset, 205824
[m[1;33m2025-12-20 10:51:16.982|W|805740677|lpUCM [RemoteSails.cpp:SendWithRetry:185] Successfully wrote 1052 bytes
[m[0;32;32m2025-12-20 10:51:16.987|I|805740677|lpUCM [RemoteSails.cpp:HandleResponse:149] HandleResponse started, buffer size: 1048
[m[0;32;32m2025-12-20 10:51:16.987|I|805740677|lpUCM [RemoteSails.cpp:HandleResponse:158] Successfully deserialized response, status: 0, result code: 0
[m[0;32;31m2025-12-20 10:51:16.987|E|805740677|lpUCM [IpccProtoMessage.cpp:SerializeParams:112] m_offset, 206848
[m[1;33m2025-12-20 10:51:16.987|W|805740677|lpUCM [RemoteSails.cpp:SendWithRetry:185] Successfully wrote 1052 bytes
[m[0;32;32m2025-12-20 10:51:16.990|I|805740677|lpUCM [RemoteSails.cpp:HandleResponse:149] HandleResponse started, buffer size: 1048
[m[0;32;32m2025-12-20 10:51:16.990|I|805740677|lpUCM [RemoteSails.cpp:HandleResponse:158] Successfully deserialized response, status: 0, result code: 0
[m[0;32;31m2025-12-20 10:51:16.990|E|805740677|lpUCM [IpccProtoMessage.cpp:SerializeParams:112] m_offset, 207872
[m[1;33m2025-12-20 10:51:16.990|W|805740677|lpUCM [RemoteSails.cpp:SendWithRetry:185] Successfully wrote 1052 bytes
[m[0;32;32m2025-12-20 10:51:16.993|I|805740677|lpUCM [RemoteSails.cpp:HandleResponse:149] HandleResponse started, buffer size: 1048
[m[0;32;32m2025-12-20 10:51:16.993|I|805740677|lpUCM [RemoteSails.cpp:HandleResponse:158] Successfully deserialized response, status: 0, result code: 0
[m[0;32;31m2025-12-20 10:51:16.993|E|805740677|lpUCM [IpccProtoMessage.cpp:SerializeParams:112] m_offset, 208896
[m[1;33m2025-12-20 10:51:16.993|W|805740677|lpUCM [RemoteSails.cpp:SendWithRetry:185] Successfully wrote 1052 bytes
[m[0;32;32m2025-12-20 10:51:17.26|I|805740677|lpUCM [RemoteSails.cpp:HandleResponse:149] HandleResponse started, buffer size: 1048
[m[0;32;32m2025-12-20 10:51:17.26|I|805740677|lpUCM [RemoteSails.cpp:HandleResponse:158] Successfully deserialized response, status: 0, result code: 0
[m[0;32;31m2025-12-20 10:51:17.26|E|805740677|lpUCM [IpccProtoMessage.cpp:SerializeParams:112] m_offset, 209920
[m[1;33m2025-12-20 10:51:17.26|W|805740677|lpUCM [RemoteSails.cpp:SendWithRetry:185] Successfully wrote 1052 bytes
[m[0;32;32m2025-12-20 10:51:17.29|I|805740677|lpUCM [RemoteSails.cpp:HandleResponse:149] HandleResponse started, buffer size: 1048
[m[0;32;32m2025-12-20 10:51:17.29|I|805740677|lpUCM [RemoteSails.cpp:HandleResponse:158] Successfully deserialized response, status: 0, result code: 0
[m[0;32;31m2025-12-20 10:51:17.29|E|805740677|lpUCM [IpccProtoMessage.cpp:SerializeParams:112] m_offset, 210944
[m[1;33m2025-12-20 10:51:17.29|W|805740677|lpUCM [RemoteSails.cpp:SendWithRetry:185] Successfully wrote 1052 bytes
[m[0;32;32m2025-12-20 10:51:17.33|I|805740677|lpUCM [RemoteSails.cpp:HandleResponse:149] HandleResponse started, buffer size: 1048
[m[0;32;32m2025-12-20 10:51:17.33|I|805740677|lpUCM [RemoteSails.cpp:HandleResponse:158] Successfully deserialized response, status: 0, result code: 0
[m[0;32;31m2025-12-20 10:51:17.33|E|805740677|lpUCM [IpccProtoMessage.cpp:SerializeParams:112] m_offset, 211968
[m[1;33m2025-12-20 10:51:17.33|W|805740677|lpUCM [RemoteSails.cpp:SendWithRetry:185] Successfully wrote 1052 bytes
[m[0;32;32m2025-12-20 10:51:17.37|I|805740677|lpUCM [RemoteSails.cpp:HandleResponse:149] HandleResponse started, buffer size: 1048
[m[0;32;32m2025-12-20 10:51:17.37|I|805740677|lpUCM [RemoteSails.cpp:HandleResponse:158] Successfully deserialized response, status: 0, result code: 0
[m[0;32;32m2025-12-20 10:51:17.37|I|805740677|lpUCM [RemoteSails.cpp:SailWriteData:272] All data already trans size 16384
[m[0;32;32m2025-12-20 10:51:17.37|I|805740677|lpUCM [fds.cpp:FDS_OnLocalUpgProgress:248] total: 23, curr:22, percent:25, rop:92%
[m[0;32;32m2025-12-20 10:51:17.37|I|805740677|lpUCM [RemoteSails.cpp:SailWriteData:254] total data is 16384
[m[0;32;31m2025-12-20 10:51:17.37|E|805740677|lpUCM [IpccProtoMessage.cpp:SerializeParams:112] m_offset, 212992
[m[1;33m2025-12-20 10:51:17.37|W|805740677|lpUCM [RemoteSails.cpp:SendWithRetry:185] Successfully wrote 1052 bytes
[m[0;32;32m2025-12-20 10:51:17.64|I|805740677|lpUCM [RemoteSails.cpp:HandleResponse:149] HandleResponse started, buffer size: 1048
[m[0;32;32m2025-12-20 10:51:17.64|I|805740677|lpUCM [RemoteSails.cpp:HandleResponse:158] Successfully deserialized response, status: 0, result code: 0
[m[0;32;31m2025-12-20 10:51:17.64|E|805740677|lpUCM [IpccProtoMessage.cpp:SerializeParams:112] m_offset, 214016
[m[1;33m2025-12-20 10:51:17.64|W|805740677|lpUCM [RemoteSails.cpp:SendWithRetry:185] Successfully wrote 1052 bytes
[m[0;32;32m2025-12-20 10:51:17.67|I|805740677|lpUCM [RemoteSails.cpp:HandleResponse:149] HandleResponse started, buffer size: 1048
[m[0;32;32m2025-12-20 10:51:17.67|I|805740677|lpUCM [RemoteSails.cpp:HandleResponse:158] Successfully deserialized response, status: 0, result code: 0
[m[0;32;31m2025-12-20 10:51:17.67|E|805740677|lpUCM [IpccProtoMessage.cpp:SerializeParams:112] m_offset, 215040
[m[1;33m2025-12-20 10:51:17.67|W|805740677|lpUCM [RemoteSails.cpp:SendWithRetry:185] Successfully wrote 1052 bytes
[m[0;32;32m2025-12-20 10:51:17.71|I|805740677|lpUCM [RemoteSails.cpp:HandleResponse:149] HandleResponse started, buffer size: 1048
[m[0;32;32m2025-12-20 10:51:17.71|I|805740677|lpUCM [RemoteSails.cpp:HandleResponse:158] Successfully deserialized response, status: 0, result code: 0
[m[0;32;31m2025-12-20 10:51:17.71|E|805740677|lpUCM [IpccProtoMessage.cpp:SerializeParams:112] m_offset, 216064
[m[1;33m2025-12-20 10:51:17.71|W|805740677|lpUCM [RemoteSails.cpp:SendWithRetry:185] Successfully wrote 1052 bytes
[m[0;32;32m2025-12-20 10:51:17.75|I|805740677|lpUCM [RemoteSails.cpp:HandleResponse:149] HandleResponse started, buffer size: 1048
[m[0;32;32m2025-12-20 10:51:17.75|I|805740677|lpUCM [RemoteSails.cpp:HandleResponse:158] Successfully deserialized response, status: 0, result code: 0
[m[0;32;31m2025-12-20 10:51:17.75|E|805740677|lpUCM [IpccProtoMessage.cpp:SerializeParams:112] m_offset, 217088
[m[1;33m2025-12-20 10:51:17.75|W|805740677|lpUCM [RemoteSails.cpp:SendWithRetry:185] Successfully wrote 1052 bytes
[m[0;32;32m2025-12-20 10:51:17.107|I|805740677|lpUCM [RemoteSails.cpp:HandleResponse:149] HandleResponse started, buffer size: 1048
[m[0;32;32m2025-12-20 10:51:17.107|I|805740677|lpUCM [RemoteSails.cpp:HandleResponse:158] Successfully deserialized response, status: 0, result code: 0
[m[0;32;31m2025-12-20 10:51:17.107|E|805740677|lpUCM [IpccProtoMessage.cpp:SerializeParams:112] m_offset, 218112
[m[1;33m2025-12-20 10:51:17.107|W|805740677|lpUCM [RemoteSails.cpp:SendWithRetry:185] Successfully wrote 1052 bytes
[m[0;32;32m2025-12-20 10:51:17.110|I|805740677|lpUCM [RemoteSails.cpp:HandleResponse:149] HandleResponse started, buffer size: 1048
[m[0;32;32m2025-12-20 10:51:17.110|I|805740677|lpUCM [RemoteSails.cpp:HandleResponse:158] Successfully deserialized response, status: 0, result code: 0
[m[0;32;31m2025-12-20 10:51:17.110|E|805740677|lpUCM [IpccProtoMessage.cpp:SerializeParams:112] m_offset, 219136
[m[1;33m2025-12-20 10:51:17.110|W|805740677|lpUCM [RemoteSails.cpp:SendWithRetry:185] Successfully wrote 1052 bytes
[m[0;32;32m2025-12-20 10:51:17.116|I|805740677|lpUCM [RemoteSails.cpp:HandleResponse:149] HandleResponse started, buffer size: 1048
[m[0;32;32m2025-12-20 10:51:17.116|I|805740677|lpUCM [RemoteSails.cpp:HandleResponse:158] Successfully deserialized response, status: 0, result code: 0
[m[0;32;31m2025-12-20 10:51:17.116|E|805740677|lpUCM [IpccProtoMessage.cpp:SerializeParams:112] m_offset, 220160
[m[1;33m2025-12-20 10:51:17.116|W|805740677|lpUCM [RemoteSails.cpp:SendWithRetry:185] Successfully wrote 1052 bytes
[m[0;32;32m2025-12-20 10:51:17.119|I|805740677|lpUCM [RemoteSails.cpp:HandleResponse:149] HandleResponse started, buffer size: 1048
[m[0;32;32m2025-12-20 10:51:17.119|I|805740677|lpUCM [RemoteSails.cpp:HandleResponse:158] Successfully deserialized response, status: 0, result code: 0
[m[0;32;31m2025-12-20 10:51:17.119|E|805740677|lpUCM [IpccProtoMessage.cpp:SerializeParams:112] m_offset, 221184
[m[1;33m2025-12-20 10:51:17.119|W|805740677|lpUCM [RemoteSails.cpp:SendWithRetry:185] Successfully wrote 1052 bytes
[m[0;32;32m2025-12-20 10:51:17.149|I|805740677|lpUCM [RemoteSails.cpp:HandleResponse:149] HandleResponse started, buffer size: 1048
[m[0;32;32m2025-12-20 10:51:17.149|I|805740677|lpUCM [RemoteSails.cpp:HandleResponse:158] Successfully deserialized response, status: 0, result code: 0
[m[0;32;31m2025-12-20 10:51:17.149|E|805740677|lpUCM [IpccProtoMessage.cpp:SerializeParams:112] m_offset, 222208
[m[1;33m2025-12-20 10:51:17.149|W|805740677|lpUCM [RemoteSails.cpp:SendWithRetry:185] Successfully wrote 1052 bytes
[m[0;32;32m2025-12-20 10:51:17.152|I|805740677|lpUCM [RemoteSails.cpp:HandleResponse:149] HandleResponse started, buffer size: 1048
[m[0;32;32m2025-12-20 10:51:17.152|I|805740677|lpUCM [RemoteSails.cpp:HandleResponse:158] Successfully deserialized response, status: 0, result code: 0
[m[0;32;31m2025-12-20 10:51:17.152|E|805740677|lpUCM [IpccProtoMessage.cpp:SerializeParams:112] m_offset, 223232
[m[1;33m2025-12-20 10:51:17.152|W|805740677|lpUCM [RemoteSails.cpp:SendWithRetry:185] Successfully wrote 1052 bytes
[m[0;32;32m2025-12-20 10:51:17.158|I|805740677|lpUCM [RemoteSails.cpp:HandleResponse:149] HandleResponse started, buffer size: 1048
[m[0;32;32m2025-12-20 10:51:17.158|I|805740677|lpUCM [RemoteSails.cpp:HandleResponse:158] Successfully deserialized response, status: 0, result code: 0
[m[0;32;31m2025-12-20 10:51:17.158|E|805740677|lpUCM [IpccProtoMessage.cpp:SerializeParams:112] m_offset, 224256
[m[1;33m2025-12-20 10:51:17.158|W|805740677|lpUCM [RemoteSails.cpp:SendWithRetry:185] Successfully wrote 1052 bytes
[m[0;32;32m2025-12-20 10:51:17.161|I|805740677|lpUCM [RemoteSails.cpp:HandleResponse:149] HandleResponse started, buffer size: 1048
[m[0;32;32m2025-12-20 10:51:17.161|I|805740677|lpUCM [RemoteSails.cpp:HandleResponse:158] Successfully deserialized response, status: 0, result code: 0
[m[0;32;31m2025-12-20 10:51:17.161|E|805740677|lpUCM [IpccProtoMessage.cpp:SerializeParams:112] m_offset, 225280
[m[1;33m2025-12-20 10:51:17.161|W|805740677|lpUCM [RemoteSails.cpp:SendWithRetry:185] Successfully wrote 1052 bytes
[m[0;32;32m2025-12-20 10:51:17.191|I|805740677|lpUCM [RemoteSails.cpp:HandleResponse:149] HandleResponse started, buffer size: 1048
[m[0;32;32m2025-12-20 10:51:17.191|I|805740677|lpUCM [RemoteSails.cpp:HandleResponse:158] Successfully deserialized response, status: 0, result code: 0
[m[0;32;31m2025-12-20 10:51:17.191|E|805740677|lpUCM [IpccProtoMessage.cpp:SerializeParams:112] m_offset, 226304
[m[1;33m2025-12-20 10:51:17.191|W|805740677|lpUCM [RemoteSails.cpp:SendWithRetry:185] Successfully wrote 1052 bytes
[m[0;32;32m2025-12-20 10:51:17.194|I|805740677|lpUCM [RemoteSails.cpp:HandleResponse:149] HandleResponse started, buffer size: 1048
[m[0;32;32m2025-12-20 10:51:17.194|I|805740677|lpUCM [RemoteSails.cpp:HandleResponse:158] Successfully deserialized response, status: 0, result code: 0
[m[0;32;31m2025-12-20 10:51:17.194|E|805740677|lpUCM [IpccProtoMessage.cpp:SerializeParams:112] m_offset, 227328
[m[1;33m2025-12-20 10:51:17.194|W|805740677|lpUCM [RemoteSails.cpp:SendWithRetry:185] Successfully wrote 1052 bytes
[m[0;32;32m2025-12-20 10:51:17.197|I|805740677|lpUCM [RemoteSails.cpp:HandleResponse:149] HandleResponse started, buffer size: 1048
[m[0;32;32m2025-12-20 10:51:17.197|I|805740677|lpUCM [RemoteSails.cpp:HandleResponse:158] Successfully deserialized response, status: 0, result code: 0
[m[0;32;31m2025-12-20 10:51:17.197|E|805740677|lpUCM [IpccProtoMessage.cpp:SerializeParams:112] m_offset, 228352
[m[1;33m2025-12-20 10:51:17.197|W|805740677|lpUCM [RemoteSails.cpp:SendWithRetry:185] Successfully wrote 1052 bytes
[m[0;32;32m2025-12-20 10:51:17.200|I|805740677|lpUCM [RemoteSails.cpp:HandleResponse:149] HandleResponse started, buffer size: 1048
[m[0;32;32m2025-12-20 10:51:17.200|I|805740677|lpUCM [RemoteSails.cpp:HandleResponse:158] Successfully deserialized response, status: 0, result code: 0
[m[0;32;32m2025-12-20 10:51:17.200|I|805740677|lpUCM [RemoteSails.cpp:SailWriteData:272] All data already trans size 16384
[m[0;32;32m2025-12-20 10:51:17.200|I|805740677|lpUCM [fds.cpp:FDS_OnLocalUpgProgress:248] total: 23, curr:22, percent:26, rop:92%
[m[0;32;32m2025-12-20 10:51:17.200|I|805740677|lpUCM [RemoteSails.cpp:SailWriteData:254] total data is 16384
[m[0;32;31m2025-12-20 10:51:17.200|E|805740677|lpUCM [IpccProtoMessage.cpp:SerializeParams:112] m_offset, 229376
[m[1;33m2025-12-20 10:51:17.200|W|805740677|lpUCM [RemoteSails.cpp:SendWithRetry:185] Successfully wrote 1052 bytes
[m[0;32;32m2025-12-20 10:51:17.233|I|805740677|lpUCM [RemoteSails.cpp:HandleResponse:149] HandleResponse started, buffer size: 1048
[m[0;32;32m2025-12-20 10:51:17.233|I|805740677|lpUCM [RemoteSails.cpp:HandleResponse:158] Successfully deserialized response, status: 0, result code: 0
[m[0;32;31m2025-12-20 10:51:17.233|E|805740677|lpUCM [IpccProtoMessage.cpp:SerializeParams:112] m_offset, 230400
[m[1;33m2025-12-20 10:51:17.233|W|805740677|lpUCM [RemoteSails.cpp:SendWithRetry:185] Successfully wrote 1052 bytes
[m[0;32;32m2025-12-20 10:51:17.236|I|805740677|lpUCM [RemoteSails.cpp:HandleResponse:149] HandleResponse started, buffer size: 1048
[m[0;32;32m2025-12-20 10:51:17.236|I|805740677|lpUCM [RemoteSails.cpp:HandleResponse:158] Successfully deserialized response, status: 0, result code: 0
[m[0;32;31m2025-12-20 10:51:17.236|E|805740677|lpUCM [IpccProtoMessage.cpp:SerializeParams:112] m_offset, 231424
[m[1;33m2025-12-20 10:51:17.236|W|805740677|lpUCM [RemoteSails.cpp:SendWithRetry:185] Successfully wrote 1052 bytes
[m[0;32;32m2025-12-20 10:51:17.239|I|805740677|lpUCM [RemoteSails.cpp:HandleResponse:149] HandleResponse started, buffer size: 1048
[m[0;32;32m2025-12-20 10:51:17.239|I|805740677|lpUCM [RemoteSails.cpp:HandleResponse:158] Successfully deserialized response, status: 0, result code: 0
[m[0;32;31m2025-12-20 10:51:17.239|E|805740677|lpUCM [IpccProtoMessage.cpp:SerializeParams:112] m_offset, 232448
[m[1;33m2025-12-20 10:51:17.239|W|805740677|lpUCM [RemoteSails.cpp:SendWithRetry:185] Successfully wrote 1052 bytes
[m[0;32;32m2025-12-20 10:51:17.245|I|805740677|lpUCM [RemoteSails.cpp:HandleResponse:149] HandleResponse started, buffer size: 1048
[m[0;32;32m2025-12-20 10:51:17.245|I|805740677|lpUCM [RemoteSails.cpp:HandleResponse:158] Successfully deserialized response, status: 0, result code: 0
[m[0;32;31m2025-12-20 10:51:17.245|E|805740677|lpUCM [IpccProtoMessage.cpp:SerializeParams:112] m_offset, 233472
[m[1;33m2025-12-20 10:51:17.245|W|805740677|lpUCM [RemoteSails.cpp:SendWithRetry:185] Successfully wrote 1052 bytes
[m[0;32;32m2025-12-20 10:51:17.275|I|805740677|lpUCM [RemoteSails.cpp:HandleResponse:149] HandleResponse started, buffer size: 1048
[m[0;32;32m2025-12-20 10:51:17.275|I|805740677|lpUCM [RemoteSails.cpp:HandleResponse:158] Successfully deserialized response, status: 0, result code: 0
[m[0;32;31m2025-12-20 10:51:17.275|E|805740677|lpUCM [IpccProtoMessage.cpp:SerializeParams:112] m_offset, 234496
[m[1;33m2025-12-20 10:51:17.275|W|805740677|lpUCM [RemoteSails.cpp:SendWithRetry:185] Successfully wrote 1052 bytes
[m[0;32;32m2025-12-20 10:51:17.279|I|805740677|lpUCM [RemoteSails.cpp:HandleResponse:149] HandleResponse started, buffer size: 1048
[m[0;32;32m2025-12-20 10:51:17.279|I|805740677|lpUCM [RemoteSails.cpp:HandleResponse:158] Successfully deserialized response, status: 0, result code: 0
[m[0;32;31m2025-12-20 10:51:17.279|E|805740677|lpUCM [IpccProtoMessage.cpp:SerializeParams:112] m_offset, 235520
[m[1;33m2025-12-20 10:51:17.279|W|805740677|lpUCM [RemoteSails.cpp:SendWithRetry:185] Successfully wrote 1052 bytes
[m[0;32;32m2025-12-20 10:51:17.285|I|805740677|lpUCM [RemoteSails.cpp:HandleResponse:149] HandleResponse started, buffer size: 1048
[m[0;32;32m2025-12-20 10:51:17.285|I|805740677|lpUCM [RemoteSails.cpp:HandleResponse:158] Successfully deserialized response, status: 0, result code: 0
[m[0;32;31m2025-12-20 10:51:17.285|E|805740677|lpUCM [IpccProtoMessage.cpp:SerializeParams:112] m_offset, 236544
[m[1;33m2025-12-20 10:51:17.285|W|805740677|lpUCM [RemoteSails.cpp:SendWithRetry:185] Successfully wrote 1052 bytes
[m[0;32;32m2025-12-20 10:51:17.289|I|805740677|lpUCM [RemoteSails.cpp:HandleResponse:149] HandleResponse started, buffer size: 1048
[m[0;32;32m2025-12-20 10:51:17.289|I|805740677|lpUCM [RemoteSails.cpp:HandleResponse:158] Successfully deserialized response, status: 0, result code: 0
[m[0;32;31m2025-12-20 10:51:17.289|E|805740677|lpUCM [IpccProtoMessage.cpp:SerializeParams:112] m_offset, 237568
[m[1;33m2025-12-20 10:51:17.289|W|805740677|lpUCM [RemoteSails.cpp:SendWithRetry:185] Successfully wrote 1052 bytes
[m[0;32;32m2025-12-20 10:51:17.321|I|805740677|lpUCM [RemoteSails.cpp:HandleResponse:149] HandleResponse started, buffer size: 1048
[m[0;32;32m2025-12-20 10:51:17.321|I|805740677|lpUCM [RemoteSails.cpp:HandleResponse:158] Successfully deserialized response, status: 0, result code: 0
[m[0;32;31m2025-12-20 10:51:17.321|E|805740677|lpUCM [IpccProtoMessage.cpp:SerializeParams:112] m_offset, 238592
[m[1;33m2025-12-20 10:51:17.321|W|805740677|lpUCM [RemoteSails.cpp:SendWithRetry:185] Successfully wrote 1052 bytes
[m[0;32;32m2025-12-20 10:51:17.324|I|805740677|lpUCM [RemoteSails.cpp:HandleResponse:149] HandleResponse started, buffer size: 1048
[m[0;32;32m2025-12-20 10:51:17.324|I|805740677|lpUCM [RemoteSails.cpp:HandleResponse:158] Successfully deserialized response, status: 0, result code: 0
[m[0;32;31m2025-12-20 10:51:17.324|E|805740677|lpUCM [IpccProtoMessage.cpp:SerializeParams:112] m_offset, 239616
[m[1;33m2025-12-20 10:51:17.324|W|805740677|lpUCM [RemoteSails.cpp:SendWithRetry:185] Successfully wrote 1052 bytes
[m[0;32;32m2025-12-20 10:51:17.327|I|805740677|lpUCM [RemoteSails.cpp:HandleResponse:149] HandleResponse started, buffer size: 1048
[m[0;32;32m2025-12-20 10:51:17.327|I|805740677|lpUCM [RemoteSails.cpp:HandleResponse:158] Successfully deserialized response, status: 0, result code: 0
[m[0;32;31m2025-12-20 10:51:17.327|E|805740677|lpUCM [IpccProtoMessage.cpp:SerializeParams:112] m_offset, 240640
[m[1;33m2025-12-20 10:51:17.327|W|805740677|lpUCM [RemoteSails.cpp:SendWithRetry:185] Successfully wrote 1052 bytes
[m[0;32;32m2025-12-20 10:51:17.330|I|805740677|lpUCM [RemoteSails.cpp:HandleResponse:149] HandleResponse started, buffer size: 1048
[m[0;32;32m2025-12-20 10:51:17.330|I|805740677|lpUCM [RemoteSails.cpp:HandleResponse:158] Successfully deserialized response, status: 0, result code: 0
[m[0;32;31m2025-12-20 10:51:17.330|E|805740677|lpUCM [IpccProtoMessage.cpp:SerializeParams:112] m_offset, 241664
[m[1;33m2025-12-20 10:51:17.330|W|805740677|lpUCM [RemoteSails.cpp:SendWithRetry:185] Successfully wrote 1052 bytes
[m[0;32;32m2025-12-20 10:51:17.363|I|805740677|lpUCM [RemoteSails.cpp:HandleResponse:149] HandleResponse started, buffer size: 1048
[m[0;32;32m2025-12-20 10:51:17.363|I|805740677|lpUCM [RemoteSails.cpp:HandleResponse:158] Successfully deserialized response, status: 0, result code: 0
[m[0;32;31m2025-12-20 10:51:17.363|E|805740677|lpUCM [IpccProtoMessage.cpp:SerializeParams:112] m_offset, 242688
[m[1;33m2025-12-20 10:51:17.363|W|805740677|lpUCM [RemoteSails.cpp:SendWithRetry:185] Successfully wrote 1052 bytes
[m[0;32;32m2025-12-20 10:51:17.366|I|805740677|lpUCM [RemoteSails.cpp:HandleResponse:149] HandleResponse started, buffer size: 1048
[m[0;32;32m2025-12-20 10:51:17.366|I|805740677|lpUCM [RemoteSails.cpp:HandleResponse:158] Successfully deserialized response, status: 0, result code: 0
[m[0;32;31m2025-12-20 10:51:17.366|E|805740677|lpUCM [IpccProtoMessage.cpp:SerializeParams:112] m_offset, 243712
[m[1;33m2025-12-20 10:51:17.366|W|805740677|lpUCM [RemoteSails.cpp:SendWithRetry:185] Successfully wrote 1052 bytes
[m[0;32;32m2025-12-20 10:51:17.369|I|805740677|lpUCM [RemoteSails.cpp:HandleResponse:149] HandleResponse started, buffer size: 1048
[m[0;32;32m2025-12-20 10:51:17.369|I|805740677|lpUCM [RemoteSails.cpp:HandleResponse:158] Successfully deserialized response, status: 0, result code: 0
[m[0;32;31m2025-12-20 10:51:17.369|E|805740677|lpUCM [IpccProtoMessage.cpp:SerializeParams:112] m_offset, 244736
[m[1;33m2025-12-20 10:51:17.369|W|805740677|lpUCM [RemoteSails.cpp:SendWithRetry:185] Successfully wrote 1052 bytes
[m[0;32;32m2025-12-20 10:51:17.375|I|805740677|lpUCM [RemoteSails.cpp:HandleResponse:149] HandleResponse started, buffer size: 1048
[m[0;32;32m2025-12-20 10:51:17.375|I|805740677|lpUCM [RemoteSails.cpp:HandleResponse:158] Successfully deserialized response, status: 0, result code: 0
[m[0;32;32m2025-12-20 10:51:17.375|I|805740677|lpUCM [RemoteSails.cpp:SailWriteData:272] All data already trans size 16384
[m[0;32;32m2025-12-20 10:51:17.375|I|805740677|lpUCM [fds.cpp:FDS_OnLocalUpgProgress:248] total: 23, curr:22, percent:27, rop:92%
[m[0;32;32m2025-12-20 10:51:17.375|I|805740677|lpUCM [RemoteSails.cpp:SailWriteData:254] total data is 16384
[m[0;32;31m2025-12-20 10:51:17.375|E|805740677|lpUCM [IpccProtoMessage.cpp:SerializeParams:112] m_offset, 245760
[m[1;33m2025-12-20 10:51:17.375|W|805740677|lpUCM [RemoteSails.cpp:SendWithRetry:185] Successfully wrote 1052 bytes
[m[0;32;32m2025-12-20 10:51:17.406|I|805740677|lpUCM [RemoteSails.cpp:HandleResponse:149] HandleResponse started, buffer size: 1048
[m[0;32;32m2025-12-20 10:51:17.406|I|805740677|lpUCM [RemoteSails.cpp:HandleResponse:158] Successfully deserialized response, status: 0, result code: 0
[m[0;32;31m2025-12-20 10:51:17.406|E|805740677|lpUCM [IpccProtoMessage.cpp:SerializeParams:112] m_offset, 246784
[m[1;33m2025-12-20 10:51:17.406|W|805740677|lpUCM [RemoteSails.cpp:SendWithRetry:185] Successfully wrote 1052 bytes
[m[0;32;32m2025-12-20 10:51:17.410|I|805740677|lpUCM [RemoteSails.cpp:HandleResponse:149] HandleResponse started, buffer size: 1048
[m[0;32;32m2025-12-20 10:51:17.410|I|805740677|lpUCM [RemoteSails.cpp:HandleResponse:158] Successfully deserialized response, status: 0, result code: 0
[m[0;32;31m2025-12-20 10:51:17.410|E|805740677|lpUCM [IpccProtoMessage.cpp:SerializeParams:112] m_offset, 247808
[m[1;33m2025-12-20 10:51:17.410|W|805740677|lpUCM [RemoteSails.cpp:SendWithRetry:185] Successfully wrote 1052 bytes
[m[0;32;32m2025-12-20 10:51:17.414|I|805740677|lpUCM [RemoteSails.cpp:HandleResponse:149] HandleResponse started, buffer size: 1048
[m[0;32;32m2025-12-20 10:51:17.414|I|805740677|lpUCM [RemoteSails.cpp:HandleResponse:158] Successfully deserialized response, status: 0, result code: 0
[m[0;32;31m2025-12-20 10:51:17.414|E|805740677|lpUCM [IpccProtoMessage.cpp:SerializeParams:112] m_offset, 248832
[m[1;33m2025-12-20 10:51:17.414|W|805740677|lpUCM [RemoteSails.cpp:SendWithRetry:185] Successfully wrote 1052 bytes
[m[0;32;32m2025-12-20 10:51:17.417|I|805740677|lpUCM [RemoteSails.cpp:HandleResponse:149] HandleResponse started, buffer size: 1048
[m[0;32;32m2025-12-20 10:51:17.417|I|805740677|lpUCM [RemoteSails.cpp:HandleResponse:158] Successfully deserialized response, status: 0, result code: 0
[m[0;32;31m2025-12-20 10:51:17.417|E|805740677|lpUCM [IpccProtoMessage.cpp:SerializeParams:112] m_offset, 249856
[m[1;33m2025-12-20 10:51:17.417|W|805740677|lpUCM [RemoteSails.cpp:SendWithRetry:185] Successfully wrote 1052 bytes
[m[0;32;32m2025-12-20 10:51:17.449|I|805740677|lpUCM [RemoteSails.cpp:HandleResponse:149] HandleResponse started, buffer size: 1048
[m[0;32;32m2025-12-20 10:51:17.449|I|805740677|lpUCM [RemoteSails.cpp:HandleResponse:158] Successfully deserialized response, status: 0, result code: 0
[m[0;32;31m2025-12-20 10:51:17.449|E|805740677|lpUCM [IpccProtoMessage.cpp:SerializeParams:112] m_offset, 250880
[m[1;33m2025-12-20 10:51:17.449|W|805740677|lpUCM [RemoteSails.cpp:SendWithRetry:185] Successfully wrote 1052 bytes
[m[0;32;32m2025-12-20 10:51:17.455|I|805740677|lpUCM [RemoteSails.cpp:HandleResponse:149] HandleResponse started, buffer size: 1048
[m[0;32;32m2025-12-20 10:51:17.455|I|805740677|lpUCM [RemoteSails.cpp:HandleResponse:158] Successfully deserialized response, status: 0, result code: 0
[m[0;32;31m2025-12-20 10:51:17.455|E|805740677|lpUCM [IpccProtoMessage.cpp:SerializeParams:112] m_offset, 251904
[m[1;33m2025-12-20 10:51:17.455|W|805740677|lpUCM [RemoteSails.cpp:SendWithRetry:185] Successfully wrote 1052 bytes
[m[0;32;32m2025-12-20 10:51:17.459|I|805740677|lpUCM [RemoteSails.cpp:HandleResponse:149] HandleResponse started, buffer size: 1048
[m[0;32;32m2025-12-20 10:51:17.459|I|805740677|lpUCM [RemoteSails.cpp:HandleResponse:158] Successfully deserialized response, status: 0, result code: 0
[m[0;32;31m2025-12-20 10:51:17.459|E|805740677|lpUCM [IpccProtoMessage.cpp:SerializeParams:112] m_offset, 252928
[m[1;33m2025-12-20 10:51:17.459|W|805740677|lpUCM [RemoteSails.cpp:SendWithRetry:185] Successfully wrote 1052 bytes
[m[0;32;32m2025-12-20 10:51:17.463|I|805740677|lpUCM [RemoteSails.cpp:HandleResponse:149] HandleResponse started, buffer size: 1048
[m[0;32;32m2025-12-20 10:51:17.463|I|805740677|lpUCM [RemoteSails.cpp:HandleResponse:158] Successfully deserialized response, status: 0, result code: 0
[m[0;32;31m2025-12-20 10:51:17.463|E|805740677|lpUCM [IpccProtoMessage.cpp:SerializeParams:112] m_offset, 253952
[m[1;33m2025-12-20 10:51:17.463|W|805740677|lpUCM [RemoteSails.cpp:SendWithRetry:185] Successfully wrote 1052 bytes
[m[0;32;32m2025-12-20 10:51:17.494|I|805740677|lpUCM [RemoteSails.cpp:HandleResponse:149] HandleResponse started, buffer size: 1048
[m[0;32;32m2025-12-20 10:51:17.494|I|805740677|lpUCM [RemoteSails.cpp:HandleResponse:158] Successfully deserialized response, status: 0, result code: 0
[m[0;32;31m2025-12-20 10:51:17.494|E|805740677|lpUCM [IpccProtoMessage.cpp:SerializeParams:112] m_offset, 254976
[m[1;33m2025-12-20 10:51:17.494|W|805740677|lpUCM [RemoteSails.cpp:SendWithRetry:185] Successfully wrote 1052 bytes
[m[0;32;32m2025-12-20 10:51:17.498|I|805740677|lpUCM [RemoteSails.cpp:HandleResponse:149] HandleResponse started, buffer size: 1048
[m[0;32;32m2025-12-20 10:51:17.498|I|805740677|lpUCM [RemoteSails.cpp:HandleResponse:158] Successfully deserialized response, status: 0, result code: 0
[m[0;32;31m2025-12-20 10:51:17.498|E|805740677|lpUCM [IpccProtoMessage.cpp:SerializeParams:112] m_offset, 256000
[m[1;33m2025-12-20 10:51:17.498|W|805740677|lpUCM [RemoteSails.cpp:SendWithRetry:185] Successfully wrote 1052 bytes
[m[0;32;32m2025-12-20 10:51:17.501|I|805740677|lpUCM [RemoteSails.cpp:HandleResponse:149] HandleResponse started, buffer size: 1048
[m[0;32;32m2025-12-20 10:51:17.501|I|805740677|lpUCM [RemoteSails.cpp:HandleResponse:158] Successfully deserialized response, status: 0, result code: 0
[m[0;32;31m2025-12-20 10:51:17.501|E|805740677|lpUCM [IpccProtoMessage.cpp:SerializeParams:112] m_offset, 257024
[m[1;33m2025-12-20 10:51:17.501|W|805740677|lpUCM [RemoteSails.cpp:SendWithRetry:185] Successfully wrote 1052 bytes
[m[0;32;32m2025-12-20 10:51:17.504|I|805740677|lpUCM [RemoteSails.cpp:HandleResponse:149] HandleResponse started, buffer size: 1048
[m[0;32;32m2025-12-20 10:51:17.504|I|805740677|lpUCM [RemoteSails.cpp:HandleResponse:158] Successfully deserialized response, status: 0, result code: 0
[m[0;32;31m2025-12-20 10:51:17.504|E|805740677|lpUCM [IpccProtoMessage.cpp:SerializeParams:112] m_offset, 258048
[m[1;33m2025-12-20 10:51:17.504|W|805740677|lpUCM [RemoteSails.cpp:SendWithRetry:185] Successfully wrote 1052 bytes
[m[0;32;32m2025-12-20 10:51:17.535|I|805740677|lpUCM [RemoteSails.cpp:HandleResponse:149] HandleResponse started, buffer size: 1048
[m[0;32;32m2025-12-20 10:51:17.535|I|805740677|lpUCM [RemoteSails.cpp:HandleResponse:158] Successfully deserialized response, status: 0, result code: 0
[m[0;32;31m2025-12-20 10:51:17.535|E|805740677|lpUCM [IpccProtoMessage.cpp:SerializeParams:112] m_offset, 259072
[m[1;33m2025-12-20 10:51:17.535|W|805740677|lpUCM [RemoteSails.cpp:SendWithRetry:185] Successfully wrote 1052 bytes
[m[0;32;32m2025-12-20 10:51:17.538|I|805740677|lpUCM [RemoteSails.cpp:HandleResponse:149] HandleResponse started, buffer size: 1048
[m[0;32;32m2025-12-20 10:51:17.538|I|805740677|lpUCM [RemoteSails.cpp:HandleResponse:158] Successfully deserialized response, status: 0, result code: 0
[m[0;32;31m2025-12-20 10:51:17.538|E|805740677|lpUCM [IpccProtoMessage.cpp:SerializeParams:112] m_offset, 260096
[m[1;33m2025-12-20 10:51:17.538|W|805740677|lpUCM [RemoteSails.cpp:SendWithRetry:185] Successfully wrote 1052 bytes
[m[0;32;32m2025-12-20 10:51:17.541|I|805740677|lpUCM [RemoteSails.cpp:HandleResponse:149] HandleResponse started, buffer size: 1048
[m[0;32;32m2025-12-20 10:51:17.541|I|805740677|lpUCM [RemoteSails.cpp:HandleResponse:158] Successfully deserialized response, status: 0, result code: 0
[m[0;32;31m2025-12-20 10:51:17.541|E|805740677|lpUCM [IpccProtoMessage.cpp:SerializeParams:112] m_offset, 261120
[m[1;33m2025-12-20 10:51:17.541|W|805740677|lpUCM [RemoteSails.cpp:SendWithRetry:185] Successfully wrote 1052 bytes
[m[0;32;32m2025-12-20 10:51:17.544|I|805740677|lpUCM [RemoteSails.cpp:HandleResponse:149] HandleResponse started, buffer size: 1048
[m[0;32;32m2025-12-20 10:51:17.544|I|805740677|lpUCM [RemoteSails.cpp:HandleResponse:158] Successfully deserialized response, status: 0, result code: 0
[m[0;32;32m2025-12-20 10:51:17.544|I|805740677|lpUCM [RemoteSails.cpp:SailWriteData:272] All data already trans size 16384
[m[0;32;32m2025-12-20 10:51:17.544|I|805740677|lpUCM [fds.cpp:FDS_OnLocalUpgProgress:248] total: 23, curr:22, percent:28, rop:92%
[m[0;32;32m2025-12-20 10:51:17.544|I|805740677|lpUCM [RemoteSails.cpp:SailWriteData:254] total data is 16384
[m[0;32;31m2025-12-20 10:51:17.544|E|805740677|lpUCM [IpccProtoMessage.cpp:SerializeParams:112] m_offset, 262144
[m[1;33m2025-12-20 10:51:17.544|W|805740677|lpUCM [RemoteSails.cpp:SendWithRetry:185] Successfully wrote 1052 bytes
[m[0;32;32m2025-12-20 10:51:17.574|I|805740677|lpUCM [RemoteSails.cpp:HandleResponse:149] HandleResponse started, buffer size: 1048
[m[0;32;32m2025-12-20 10:51:17.574|I|805740677|lpUCM [RemoteSails.cpp:HandleResponse:158] Successfully deserialized response, status: 0, result code: 0
[m[0;32;31m2025-12-20 10:51:17.574|E|805740677|lpUCM [IpccProtoMessage.cpp:SerializeParams:112] m_offset, 263168
[m[1;33m2025-12-20 10:51:17.574|W|805740677|lpUCM [RemoteSails.cpp:SendWithRetry:185] Successfully wrote 1052 bytes
[m[0;32;32m2025-12-20 10:51:17.577|I|805740677|lpUCM [RemoteSails.cpp:HandleResponse:149] HandleResponse started, buffer size: 1048
[m[0;32;32m2025-12-20 10:51:17.577|I|805740677|lpUCM [RemoteSails.cpp:HandleResponse:158] Successfully deserialized response, status: 0, result code: 0
[m[0;32;31m2025-12-20 10:51:17.577|E|805740677|lpUCM [IpccProtoMessage.cpp:SerializeParams:112] m_offset, 264192
[m[1;33m2025-12-20 10:51:17.577|W|805740677|lpUCM [RemoteSails.cpp:SendWithRetry:185] Successfully wrote 1052 bytes
[m[0;32;32m2025-12-20 10:51:17.580|I|805740677|lpUCM [RemoteSails.cpp:HandleResponse:149] HandleResponse started, buffer size: 1048
[m[0;32;32m2025-12-20 10:51:17.580|I|805740677|lpUCM [RemoteSails.cpp:HandleResponse:158] Successfully deserialized response, status: 0, result code: 0
[m[0;32;31m2025-12-20 10:51:17.580|E|805740677|lpUCM [IpccProtoMessage.cpp:SerializeParams:112] m_offset, 265216
[m[1;33m2025-12-20 10:51:17.580|W|805740677|lpUCM [RemoteSails.cpp:SendWithRetry:185] Successfully wrote 1052 bytes
[m[0;32;32m2025-12-20 10:51:17.586|I|805740677|lpUCM [RemoteSails.cpp:HandleResponse:149] HandleResponse started, buffer size: 1048
[m[0;32;32m2025-12-20 10:51:17.586|I|805740677|lpUCM [RemoteSails.cpp:HandleResponse:158] Successfully deserialized response, status: 0, result code: 0
[m[0;32;31m2025-12-20 10:51:17.586|E|805740677|lpUCM [IpccProtoMessage.cpp:SerializeParams:112] m_offset, 266240
[m[1;33m2025-12-20 10:51:17.586|W|805740677|lpUCM [RemoteSails.cpp:SendWithRetry:185] Successfully wrote 1052 bytes
[m[0;32;32m2025-12-20 10:51:17.619|I|805740677|lpUCM [RemoteSails.cpp:HandleResponse:149] HandleResponse started, buffer size: 1048
[m[0;32;32m2025-12-20 10:51:17.619|I|805740677|lpUCM [RemoteSails.cpp:HandleResponse:158] Successfully deserialized response, status: 0, result code: 0
[m[0;32;31m2025-12-20 10:51:17.619|E|805740677|lpUCM [IpccProtoMessage.cpp:SerializeParams:112] m_offset, 267264
[m[1;33m2025-12-20 10:51:17.619|W|805740677|lpUCM [RemoteSails.cpp:SendWithRetry:185] Successfully wrote 1052 bytes
[m[0;32;32m2025-12-20 10:51:17.625|I|805740677|lpUCM [RemoteSails.cpp:HandleResponse:149] HandleResponse started, buffer size: 1048
[m[0;32;32m2025-12-20 10:51:17.625|I|805740677|lpUCM [RemoteSails.cpp:HandleResponse:158] Successfully deserialized response, status: 0, result code: 0
[m[0;32;31m2025-12-20 10:51:17.625|E|805740677|lpUCM [IpccProtoMessage.cpp:SerializeParams:112] m_offset, 268288
[m[1;33m2025-12-20 10:51:17.625|W|805740677|lpUCM [RemoteSails.cpp:SendWithRetry:185] Successfully wrote 1052 bytes
[m[0;32;32m2025-12-20 10:51:17.628|I|805740677|lpUCM [RemoteSails.cpp:HandleResponse:149] HandleResponse started, buffer size: 1048
[m[0;32;32m2025-12-20 10:51:17.628|I|805740677|lpUCM [RemoteSails.cpp:HandleResponse:158] Successfully deserialized response, status: 0, result code: 0
[m[0;32;31m2025-12-20 10:51:17.628|E|805740677|lpUCM [IpccProtoMessage.cpp:SerializeParams:112] m_offset, 269312
[m[1;33m2025-12-20 10:51:17.628|W|805740677|lpUCM [RemoteSails.cpp:SendWithRetry:185] Successfully wrote 1052 bytes
[m[0;32;32m2025-12-20 10:51:17.631|I|805740677|lpUCM [RemoteSails.cpp:HandleResponse:149] HandleResponse started, buffer size: 1048
[m[0;32;32m2025-12-20 10:51:17.631|I|805740677|lpUCM [RemoteSails.cpp:HandleResponse:158] Successfully deserialized response, status: 0, result code: 0
[m[0;32;31m2025-12-20 10:51:17.631|E|805740677|lpUCM [IpccProtoMessage.cpp:SerializeParams:112] m_offset, 270336
[m[1;33m2025-12-20 10:51:17.631|W|805740677|lpUCM [RemoteSails.cpp:SendWithRetry:185] Successfully wrote 1052 bytes
[m[0;32;32m2025-12-20 10:51:17.664|I|805740677|lpUCM [RemoteSails.cpp:HandleResponse:149] HandleResponse started, buffer size: 1048
[m[0;32;32m2025-12-20 10:51:17.664|I|805740677|lpUCM [RemoteSails.cpp:HandleResponse:158] Successfully deserialized response, status: 0, result code: 0
[m[0;32;31m2025-12-20 10:51:17.664|E|805740677|lpUCM [IpccProtoMessage.cpp:SerializeParams:112] m_offset, 271360
[m[1;33m2025-12-20 10:51:17.664|W|805740677|lpUCM [RemoteSails.cpp:SendWithRetry:185] Successfully wrote 1052 bytes
[m[0;32;32m2025-12-20 10:51:17.667|I|805740677|lpUCM [RemoteSails.cpp:HandleResponse:149] HandleResponse started, buffer size: 1048
[m[0;32;32m2025-12-20 10:51:17.667|I|805740677|lpUCM [RemoteSails.cpp:HandleResponse:158] Successfully deserialized response, status: 0, result code: 0
[m[0;32;31m2025-12-20 10:51:17.667|E|805740677|lpUCM [IpccProtoMessage.cpp:SerializeParams:112] m_offset, 272384
[m[1;33m2025-12-20 10:51:17.667|W|805740677|lpUCM [RemoteSails.cpp:SendWithRetry:185] Successfully wrote 1052 bytes
[m[0;32;32m2025-12-20 10:51:17.671|I|805740677|lpUCM [RemoteSails.cpp:HandleResponse:149] HandleResponse started, buffer size: 1048
[m[0;32;32m2025-12-20 10:51:17.671|I|805740677|lpUCM [RemoteSails.cpp:HandleResponse:158] Successfully deserialized response, status: 0, result code: 0
[m[0;32;31m2025-12-20 10:51:17.671|E|805740677|lpUCM [IpccProtoMessage.cpp:SerializeParams:112] m_offset, 273408
[m[1;33m2025-12-20 10:51:17.671|W|805740677|lpUCM [RemoteSails.cpp:SendWithRetry:185] Successfully wrote 1052 bytes
[m[0;32;32m2025-12-20 10:51:17.678|I|805740677|lpUCM [RemoteSails.cpp:HandleResponse:149] HandleResponse started, buffer size: 1048
[m[0;32;32m2025-12-20 10:51:17.678|I|805740677|lpUCM [RemoteSails.cpp:HandleResponse:158] Successfully deserialized response, status: 0, result code: 0
[m[0;32;31m2025-12-20 10:51:17.678|E|805740677|lpUCM [IpccProtoMessage.cpp:SerializeParams:112] m_offset, 274432
[m[1;33m2025-12-20 10:51:17.678|W|805740677|lpUCM [RemoteSails.cpp:SendWithRetry:185] Successfully wrote 1052 bytes
[m[0;32;32m2025-12-20 10:51:17.710|I|805740677|lpUCM [RemoteSails.cpp:HandleResponse:149] HandleResponse started, buffer size: 1048
[m[0;32;32m2025-12-20 10:51:17.710|I|805740677|lpUCM [RemoteSails.cpp:HandleResponse:158] Successfully deserialized response, status: 0, result code: 0
[m[0;32;31m2025-12-20 10:51:17.710|E|805740677|lpUCM [IpccProtoMessage.cpp:SerializeParams:112] m_offset, 275456
[m[1;33m2025-12-20 10:51:17.710|W|805740677|lpUCM [RemoteSails.cpp:SendWithRetry:185] Successfully wrote 1052 bytes
[m[0;32;32m2025-12-20 10:51:17.716|I|805740677|lpUCM [RemoteSails.cpp:HandleResponse:149] HandleResponse started, buffer size: 1048
[m[0;32;32m2025-12-20 10:51:17.716|I|805740677|lpUCM [RemoteSails.cpp:HandleResponse:158] Successfully deserialized response, status: 0, result code: 0
[m[0;32;31m2025-12-20 10:51:17.716|E|805740677|lpUCM [IpccProtoMessage.cpp:SerializeParams:112] m_offset, 276480
[m[1;33m2025-12-20 10:51:17.716|W|805740677|lpUCM [RemoteSails.cpp:SendWithRetry:185] Successfully wrote 1052 bytes
[m[0;32;32m2025-12-20 10:51:17.719|I|805740677|lpUCM [RemoteSails.cpp:HandleResponse:149] HandleResponse started, buffer size: 1048
[m[0;32;32m2025-12-20 10:51:17.719|I|805740677|lpUCM [RemoteSails.cpp:HandleResponse:158] Successfully deserialized response, status: 0, result code: 0
[m[0;32;31m2025-12-20 10:51:17.719|E|805740677|lpUCM [IpccProtoMessage.cpp:SerializeParams:112] m_offset, 277504
[m[1;33m2025-12-20 10:51:17.719|W|805740677|lpUCM [RemoteSails.cpp:SendWithRetry:185] Successfully wrote 1052 bytes
[m[0;32;32m2025-12-20 10:51:17.725|I|805740677|lpUCM [RemoteSails.cpp:HandleResponse:149] HandleResponse started, buffer size: 1048
[m[0;32;32m2025-12-20 10:51:17.725|I|805740677|lpUCM [RemoteSails.cpp:HandleResponse:158] Successfully deserialized response, status: 0, result code: 0
[m[0;32;32m2025-12-20 10:51:17.725|I|805740677|lpUCM [RemoteSails.cpp:SailWriteData:272] All data already trans size 16384
[m[0;32;32m2025-12-20 10:51:17.725|I|805740677|lpUCM [fds.cpp:FDS_OnLocalUpgProgress:248] total: 23, curr:22, percent:30, rop:92%
[m[0;32;32m2025-12-20 10:51:17.725|I|805740677|lpUCM [RemoteSails.cpp:SailWriteData:254] total data is 16384
[m[0;32;31m2025-12-20 10:51:17.725|E|805740677|lpUCM [IpccProtoMessage.cpp:SerializeParams:112] m_offset, 278528
[m[1;33m2025-12-20 10:51:17.725|W|805740677|lpUCM [RemoteSails.cpp:SendWithRetry:185] Successfully wrote 1052 bytes
[m[0;32;32m2025-12-20 10:51:17.755|I|805740677|lpUCM [RemoteSails.cpp:HandleResponse:149] HandleResponse started, buffer size: 1048
[m[0;32;32m2025-12-20 10:51:17.755|I|805740677|lpUCM [RemoteSails.cpp:HandleResponse:158] Successfully deserialized response, status: 0, result code: 0
[m[0;32;31m2025-12-20 10:51:17.755|E|805740677|lpUCM [IpccProtoMessage.cpp:SerializeParams:112] m_offset, 279552
[m[1;33m2025-12-20 10:51:17.755|W|805740677|lpUCM [RemoteSails.cpp:SendWithRetry:185] Successfully wrote 1052 bytes
[m[0;32;32m2025-12-20 10:51:17.758|I|805740677|lpUCM [RemoteSails.cpp:HandleResponse:149] HandleResponse started, buffer size: 1048
[m[0;32;32m2025-12-20 10:51:17.758|I|805740677|lpUCM [RemoteSails.cpp:HandleResponse:158] Successfully deserialized response, status: 0, result code: 0
[m[0;32;31m2025-12-20 10:51:17.758|E|805740677|lpUCM [IpccProtoMessage.cpp:SerializeParams:112] m_offset, 280576
[m[1;33m2025-12-20 10:51:17.758|W|805740677|lpUCM [RemoteSails.cpp:SendWithRetry:185] Successfully wrote 1052 bytes
[m[0;32;32m2025-12-20 10:51:17.761|I|805740677|lpUCM [RemoteSails.cpp:HandleResponse:149] HandleResponse started, buffer size: 1048
[m[0;32;32m2025-12-20 10:51:17.761|I|805740677|lpUCM [RemoteSails.cpp:HandleResponse:158] Successfully deserialized response, status: 0, result code: 0
[m[0;32;31m2025-12-20 10:51:17.761|E|805740677|lpUCM [IpccProtoMessage.cpp:SerializeParams:112] m_offset, 281600
[m[1;33m2025-12-20 10:51:17.761|W|805740677|lpUCM [RemoteSails.cpp:SendWithRetry:185] Successfully wrote 1052 bytes
[m[0;32;32m2025-12-20 10:51:17.764|I|805740677|lpUCM [RemoteSails.cpp:HandleResponse:149] HandleResponse started, buffer size: 1048
[m[0;32;32m2025-12-20 10:51:17.764|I|805740677|lpUCM [RemoteSails.cpp:HandleResponse:158] Successfully deserialized response, status: 0, result code: 0
[m[0;32;31m2025-12-20 10:51:17.764|E|805740677|lpUCM [IpccProtoMessage.cpp:SerializeParams:112] m_offset, 282624
[m[1;33m2025-12-20 10:51:17.764|W|805740677|lpUCM [RemoteSails.cpp:SendWithRetry:185] Successfully wrote 1052 bytes
[m[0;32;32m2025-12-20 10:51:17.794|I|805740677|lpUCM [RemoteSails.cpp:HandleResponse:149] HandleResponse started, buffer size: 1048
[m[0;32;32m2025-12-20 10:51:17.794|I|805740677|lpUCM [RemoteSails.cpp:HandleResponse:158] Successfully deserialized response, status: 0, result code: 0
[m[0;32;31m2025-12-20 10:51:17.794|E|805740677|lpUCM [IpccProtoMessage.cpp:SerializeParams:112] m_offset, 283648
[m[1;33m2025-12-20 10:51:17.794|W|805740677|lpUCM [RemoteSails.cpp:SendWithRetry:185] Successfully wrote 1052 bytes
[m[0;32;32m2025-12-20 10:51:17.797|I|805740677|lpUCM [RemoteSails.cpp:HandleResponse:149] HandleResponse started, buffer size: 1048
[m[0;32;32m2025-12-20 10:51:17.797|I|805740677|lpUCM [RemoteSails.cpp:HandleResponse:158] Successfully deserialized response, status: 0, result code: 0
[m[0;32;31m2025-12-20 10:51:17.797|E|805740677|lpUCM [IpccProtoMessage.cpp:SerializeParams:112] m_offset, 284672
[m[1;33m2025-12-20 10:51:17.797|W|805740677|lpUCM [RemoteSails.cpp:SendWithRetry:185] Successfully wrote 1052 bytes
[m[0;32;32m2025-12-20 10:51:17.800|I|805740677|lpUCM [RemoteSails.cpp:HandleResponse:149] HandleResponse started, buffer size: 1048
[m[0;32;32m2025-12-20 10:51:17.800|I|805740677|lpUCM [RemoteSails.cpp:HandleResponse:158] Successfully deserialized response, status: 0, result code: 0
[m[0;32;31m2025-12-20 10:51:17.800|E|805740677|lpUCM [IpccProtoMessage.cpp:SerializeParams:112] m_offset, 285696
[m[1;33m2025-12-20 10:51:17.800|W|805740677|lpUCM [RemoteSails.cpp:SendWithRetry:185] Successfully wrote 1052 bytes
[m[0;32;32m2025-12-20 10:51:17.808|I|805740677|lpUCM [RemoteSails.cpp:HandleResponse:149] HandleResponse started, buffer size: 1048
[m[0;32;32m2025-12-20 10:51:17.808|I|805740677|lpUCM [RemoteSails.cpp:HandleResponse:158] Successfully deserialized response, status: 0, result code: 0
[m[0;32;31m2025-12-20 10:51:17.808|E|805740677|lpUCM [IpccProtoMessage.cpp:SerializeParams:112] m_offset, 286720
[m[1;33m2025-12-20 10:51:17.808|W|805740677|lpUCM [RemoteSails.cpp:SendWithRetry:185] Successfully wrote 1052 bytes
[m[0;32;32m2025-12-20 10:51:17.839|I|805740677|lpUCM [RemoteSails.cpp:HandleResponse:149] HandleResponse started, buffer size: 1048
[m[0;32;32m2025-12-20 10:51:17.839|I|805740677|lpUCM [RemoteSails.cpp:HandleResponse:158] Successfully deserialized response, status: 0, result code: 0
[m[0;32;31m2025-12-20 10:51:17.839|E|805740677|lpUCM [IpccProtoMessage.cpp:SerializeParams:112] m_offset, 287744
[m[1;33m2025-12-20 10:51:17.839|W|805740677|lpUCM [RemoteSails.cpp:SendWithRetry:185] Successfully wrote 1052 bytes
[m[0;32;32m2025-12-20 10:51:17.842|I|805740677|lpUCM [RemoteSails.cpp:HandleResponse:149] HandleResponse started, buffer size: 1048
[m[0;32;32m2025-12-20 10:51:17.842|I|805740677|lpUCM [RemoteSails.cpp:HandleResponse:158] Successfully deserialized response, status: 0, result code: 0
[m[0;32;31m2025-12-20 10:51:17.842|E|805740677|lpUCM [IpccProtoMessage.cpp:SerializeParams:112] m_offset, 288768
[m[1;33m2025-12-20 10:51:17.842|W|805740677|lpUCM [RemoteSails.cpp:SendWithRetry:185] Successfully wrote 1052 bytes
[m[0;32;32m2025-12-20 10:51:17.846|I|805740677|lpUCM [RemoteSails.cpp:HandleResponse:149] HandleResponse started, buffer size: 1048
[m[0;32;32m2025-12-20 10:51:17.846|I|805740677|lpUCM [RemoteSails.cpp:HandleResponse:158] Successfully deserialized response, status: 0, result code: 0
[m[0;32;31m2025-12-20 10:51:17.846|E|805740677|lpUCM [IpccProtoMessage.cpp:SerializeParams:112] m_offset, 289792
[m[1;33m2025-12-20 10:51:17.846|W|805740677|lpUCM [RemoteSails.cpp:SendWithRetry:185] Successfully wrote 1052 bytes
[m[0;32;32m2025-12-20 10:51:17.849|I|805740677|lpUCM [RemoteSails.cpp:HandleResponse:149] HandleResponse started, buffer size: 1048
[m[0;32;32m2025-12-20 10:51:17.849|I|805740677|lpUCM [RemoteSails.cpp:HandleResponse:158] Successfully deserialized response, status: 0, result code: 0
[m[0;32;31m2025-12-20 10:51:17.849|E|805740677|lpUCM [IpccProtoMessage.cpp:SerializeParams:112] m_offset, 290816
[m[1;33m2025-12-20 10:51:17.849|W|805740677|lpUCM [RemoteSails.cpp:SendWithRetry:185] Successfully wrote 1052 bytes
[m[0;32;32m2025-12-20 10:51:17.879|I|805740677|lpUCM [RemoteSails.cpp:HandleResponse:149] HandleResponse started, buffer size: 1048
[m[0;32;32m2025-12-20 10:51:17.879|I|805740677|lpUCM [RemoteSails.cpp:HandleResponse:158] Successfully deserialized response, status: 0, result code: 0
[m[0;32;31m2025-12-20 10:51:17.879|E|805740677|lpUCM [IpccProtoMessage.cpp:SerializeParams:112] m_offset, 291840
[m[1;33m2025-12-20 10:51:17.879|W|805740677|lpUCM [RemoteSails.cpp:SendWithRetry:185] Successfully wrote 1052 bytes
[m[0;32;32m2025-12-20 10:51:17.885|I|805740677|lpUCM [RemoteSails.cpp:HandleResponse:149] HandleResponse started, buffer size: 1048
[m[0;32;32m2025-12-20 10:51:17.885|I|805740677|lpUCM [RemoteSails.cpp:HandleResponse:158] Successfully deserialized response, status: 0, result code: 0
[m[0;32;31m2025-12-20 10:51:17.885|E|805740677|lpUCM [IpccProtoMessage.cpp:SerializeParams:112] m_offset, 292864
[m[1;33m2025-12-20 10:51:17.885|W|805740677|lpUCM [RemoteSails.cpp:SendWithRetry:185] Successfully wrote 1052 bytes
[m[0;32;32m2025-12-20 10:51:17.888|I|805740677|lpUCM [RemoteSails.cpp:HandleResponse:149] HandleResponse started, buffer size: 1048
[m[0;32;32m2025-12-20 10:51:17.888|I|805740677|lpUCM [RemoteSails.cpp:HandleResponse:158] Successfully deserialized response, status: 0, result code: 0
[m[0;32;31m2025-12-20 10:51:17.888|E|805740677|lpUCM [IpccProtoMessage.cpp:SerializeParams:112] m_offset, 293888
[m[1;33m2025-12-20 10:51:17.888|W|805740677|lpUCM [RemoteSails.cpp:SendWithRetry:185] Successfully wrote 1052 bytes
[m[0;32;32m2025-12-20 10:51:17.892|I|805740677|lpUCM [RemoteSails.cpp:HandleResponse:149] HandleResponse started, buffer size: 1048
[m[0;32;32m2025-12-20 10:51:17.892|I|805740677|lpUCM [RemoteSails.cpp:HandleResponse:158] Successfully deserialized response, status: 0, result code: 0
[m[0;32;32m2025-12-20 10:51:17.892|I|805740677|lpUCM [RemoteSails.cpp:SailWriteData:272] All data already trans size 16384
[m[0;32;32m2025-12-20 10:51:17.892|I|805740677|lpUCM [fds.cpp:FDS_OnLocalUpgProgress:248] total: 23, curr:22, percent:31, rop:92%
[m[0;32;32m2025-12-20 10:51:17.892|I|805740677|lpUCM [RemoteSails.cpp:SailWriteData:254] total data is 16384
[m[0;32;31m2025-12-20 10:51:17.892|E|805740677|lpUCM [IpccProtoMessage.cpp:SerializeParams:112] m_offset, 294912
[m[1;33m2025-12-20 10:51:17.892|W|805740677|lpUCM [RemoteSails.cpp:SendWithRetry:185] Successfully wrote 1052 bytes
[m[0;32;32m2025-12-20 10:51:17.924|I|805740677|lpUCM [RemoteSails.cpp:HandleResponse:149] HandleResponse started, buffer size: 1048
[m[0;32;32m2025-12-20 10:51:17.924|I|805740677|lpUCM [RemoteSails.cpp:HandleResponse:158] Successfully deserialized response, status: 0, result code: 0
[m[0;32;31m2025-12-20 10:51:17.924|E|805740677|lpUCM [IpccProtoMessage.cpp:SerializeParams:112] m_offset, 295936
[m[1;33m2025-12-20 10:51:17.924|W|805740677|lpUCM [RemoteSails.cpp:SendWithRetry:185] Successfully wrote 1052 bytes
[m[0;32;32m2025-12-20 10:51:17.927|I|805740677|lpUCM [RemoteSails.cpp:HandleResponse:149] HandleResponse started, buffer size: 1048
[m[0;32;32m2025-12-20 10:51:17.927|I|805740677|lpUCM [RemoteSails.cpp:HandleResponse:158] Successfully deserialized response, status: 0, result code: 0
[m[0;32;31m2025-12-20 10:51:17.927|E|805740677|lpUCM [IpccProtoMessage.cpp:SerializeParams:112] m_offset, 296960
[m[1;33m2025-12-20 10:51:17.927|W|805740677|lpUCM [RemoteSails.cpp:SendWithRetry:185] Successfully wrote 1052 bytes
[m[0;32;32m2025-12-20 10:51:17.930|I|805740677|lpUCM [RemoteSails.cpp:HandleResponse:149] HandleResponse started, buffer size: 1048
[m[0;32;32m2025-12-20 10:51:17.930|I|805740677|lpUCM [RemoteSails.cpp:HandleResponse:158] Successfully deserialized response, status: 0, result code: 0
[m[0;32;31m2025-12-20 10:51:17.930|E|805740677|lpUCM [IpccProtoMessage.cpp:SerializeParams:112] m_offset, 297984
[m[1;33m2025-12-20 10:51:17.930|W|805740677|lpUCM [RemoteSails.cpp:SendWithRetry:185] Successfully wrote 1052 bytes
[m[0;32;32m2025-12-20 10:51:17.936|I|805740677|lpUCM [RemoteSails.cpp:HandleResponse:149] HandleResponse started, buffer size: 1048
[m[0;32;32m2025-12-20 10:51:17.936|I|805740677|lpUCM [RemoteSails.cpp:HandleResponse:158] Successfully deserialized response, status: 0, result code: 0
[m[0;32;31m2025-12-20 10:51:17.936|E|805740677|lpUCM [IpccProtoMessage.cpp:SerializeParams:112] m_offset, 299008
[m[1;33m2025-12-20 10:51:17.936|W|805740677|lpUCM [RemoteSails.cpp:SendWithRetry:185] Successfully wrote 1052 bytes
[m[0;32;32m2025-12-20 10:51:17.966|I|805740677|lpUCM [RemoteSails.cpp:HandleResponse:149] HandleResponse started, buffer size: 1048
[m[0;32;32m2025-12-20 10:51:17.966|I|805740677|lpUCM [RemoteSails.cpp:HandleResponse:158] Successfully deserialized response, status: 0, result code: 0
[m[0;32;31m2025-12-20 10:51:17.966|E|805740677|lpUCM [IpccProtoMessage.cpp:SerializeParams:112] m_offset, 300032
[m[1;33m2025-12-20 10:51:17.966|W|805740677|lpUCM [RemoteSails.cpp:SendWithRetry:185] Successfully wrote 1052 bytes
[m[0;32;32m2025-12-20 10:51:17.970|I|805740677|lpUCM [RemoteSails.cpp:HandleResponse:149] HandleResponse started, buffer size: 1048
[m[0;32;32m2025-12-20 10:51:17.970|I|805740677|lpUCM [RemoteSails.cpp:HandleResponse:158] Successfully deserialized response, status: 0, result code: 0
[m[0;32;31m2025-12-20 10:51:17.970|E|805740677|lpUCM [IpccProtoMessage.cpp:SerializeParams:112] m_offset, 301056
[m[1;33m2025-12-20 10:51:17.970|W|805740677|lpUCM [RemoteSails.cpp:SendWithRetry:185] Successfully wrote 1052 bytes
[m[0;32;32m2025-12-20 10:51:17.974|I|805740677|lpUCM [RemoteSails.cpp:HandleResponse:149] HandleResponse started, buffer size: 1048
[m[0;32;32m2025-12-20 10:51:17.974|I|805740677|lpUCM [RemoteSails.cpp:HandleResponse:158] Successfully deserialized response, status: 0, result code: 0
[m[0;32;31m2025-12-20 10:51:17.974|E|805740677|lpUCM [IpccProtoMessage.cpp:SerializeParams:112] m_offset, 302080
[m[1;33m2025-12-20 10:51:17.974|W|805740677|lpUCM [RemoteSails.cpp:SendWithRetry:185] Successfully wrote 1052 bytes
[m[0;32;32m2025-12-20 10:51:17.977|I|805740677|lpUCM [RemoteSails.cpp:HandleResponse:149] HandleResponse started, buffer size: 1048
[m[0;32;32m2025-12-20 10:51:17.977|I|805740677|lpUCM [RemoteSails.cpp:HandleResponse:158] Successfully deserialized response, status: 0, result code: 0
[m[0;32;31m2025-12-20 10:51:17.977|E|805740677|lpUCM [IpccProtoMessage.cpp:SerializeParams:112] m_offset, 303104
[m[1;33m2025-12-20 10:51:17.977|W|805740677|lpUCM [RemoteSails.cpp:SendWithRetry:185] Successfully wrote 1052 bytes
[m[0;32;32m2025-12-20 10:51:18.8|I|805740677|lpUCM [RemoteSails.cpp:HandleResponse:149] HandleResponse started, buffer size: 1048
[m[0;32;32m2025-12-20 10:51:18.8|I|805740677|lpUCM [RemoteSails.cpp:HandleResponse:158] Successfully deserialized response, status: 0, result code: 0
[m[0;32;31m2025-12-20 10:51:18.8|E|805740677|lpUCM [IpccProtoMessage.cpp:SerializeParams:112] m_offset, 304128
[m[1;33m2025-12-20 10:51:18.8|W|805740677|lpUCM [RemoteSails.cpp:SendWithRetry:185] Successfully wrote 1052 bytes
[m[0;32;32m2025-12-20 10:51:18.12|I|805740677|lpUCM [RemoteSails.cpp:HandleResponse:149] HandleResponse started, buffer size: 1048
[m[0;32;32m2025-12-20 10:51:18.12|I|805740677|lpUCM [RemoteSails.cpp:HandleResponse:158] Successfully deserialized response, status: 0, result code: 0
[m[0;32;31m2025-12-20 10:51:18.12|E|805740677|lpUCM [IpccProtoMessage.cpp:SerializeParams:112] m_offset, 305152
[m[1;33m2025-12-20 10:51:18.12|W|805740677|lpUCM [RemoteSails.cpp:SendWithRetry:185] Successfully wrote 1052 bytes
[m[0;32;32m2025-12-20 10:51:18.15|I|805740677|lpUCM [RemoteSails.cpp:HandleResponse:149] HandleResponse started, buffer size: 1048
[m[0;32;32m2025-12-20 10:51:18.15|I|805740677|lpUCM [RemoteSails.cpp:HandleResponse:158] Successfully deserialized response, status: 0, result code: 0
[m[0;32;31m2025-12-20 10:51:18.15|E|805740677|lpUCM [IpccProtoMessage.cpp:SerializeParams:112] m_offset, 306176
[m[1;33m2025-12-20 10:51:18.15|W|805740677|lpUCM [RemoteSails.cpp:SendWithRetry:185] Successfully wrote 1052 bytes
[m[0;32;32m2025-12-20 10:51:18.18|I|805740677|lpUCM [RemoteSails.cpp:HandleResponse:149] HandleResponse started, buffer size: 1048
[m[0;32;32m2025-12-20 10:51:18.18|I|805740677|lpUCM [RemoteSails.cpp:HandleResponse:158] Successfully deserialized response, status: 0, result code: 0
[m[0;32;31m2025-12-20 10:51:18.18|E|805740677|lpUCM [IpccProtoMessage.cpp:SerializeParams:112] m_offset, 307200
[m[1;33m2025-12-20 10:51:18.18|W|805740677|lpUCM [RemoteSails.cpp:SendWithRetry:185] Successfully wrote 1052 bytes
[m[0;32;32m2025-12-20 10:51:18.47|I|805740677|lpUCM [RemoteSails.cpp:HandleResponse:149] HandleResponse started, buffer size: 1048
[m[0;32;32m2025-12-20 10:51:18.47|I|805740677|lpUCM [RemoteSails.cpp:HandleResponse:158] Successfully deserialized response, status: 0, result code: 0
[m[0;32;31m2025-12-20 10:51:18.47|E|805740677|lpUCM [IpccProtoMessage.cpp:SerializeParams:112] m_offset, 308224
[m[1;33m2025-12-20 10:51:18.47|W|805740677|lpUCM [RemoteSails.cpp:SendWithRetry:185] Successfully wrote 1052 bytes
[m[0;32;32m2025-12-20 10:51:18.50|I|805740677|lpUCM [RemoteSails.cpp:HandleResponse:149] HandleResponse started, buffer size: 1048
[m[0;32;32m2025-12-20 10:51:18.50|I|805740677|lpUCM [RemoteSails.cpp:HandleResponse:158] Successfully deserialized response, status: 0, result code: 0
[m[0;32;31m2025-12-20 10:51:18.50|E|805740677|lpUCM [IpccProtoMessage.cpp:SerializeParams:112] m_offset, 309248
[m[1;33m2025-12-20 10:51:18.50|W|805740677|lpUCM [RemoteSails.cpp:SendWithRetry:185] Successfully wrote 1052 bytes
[m[0;32;32m2025-12-20 10:51:18.57|I|805740677|lpUCM [RemoteSails.cpp:HandleResponse:149] HandleResponse started, buffer size: 1048
[m[0;32;32m2025-12-20 10:51:18.57|I|805740677|lpUCM [RemoteSails.cpp:HandleResponse:158] Successfully deserialized response, status: 0, result code: 0
[m[0;32;31m2025-12-20 10:51:18.57|E|805740677|lpUCM [IpccProtoMessage.cpp:SerializeParams:112] m_offset, 310272
[m[1;33m2025-12-20 10:51:18.57|W|805740677|lpUCM [RemoteSails.cpp:SendWithRetry:185] Successfully wrote 1052 bytes
[m[0;32;32m2025-12-20 10:51:18.60|I|805740677|lpUCM [RemoteSails.cpp:HandleResponse:149] HandleResponse started, buffer size: 1048
[m[0;32;32m2025-12-20 10:51:18.60|I|805740677|lpUCM [RemoteSails.cpp:HandleResponse:158] Successfully deserialized response, status: 0, result code: 0
[m[0;32;32m2025-12-20 10:51:18.60|I|805740677|lpUCM [RemoteSails.cpp:SailWriteData:272] All data already trans size 16384
[m[0;32;32m2025-12-20 10:51:18.60|I|805740677|lpUCM [fds.cpp:FDS_OnLocalUpgProgress:248] total: 23, curr:22, percent:32, rop:92%
[m[0;32;32m2025-12-20 10:51:18.60|I|805740677|lpUCM [RemoteSails.cpp:SailWriteData:254] total data is 16384
[m[0;32;31m2025-12-20 10:51:18.60|E|805740677|lpUCM [IpccProtoMessage.cpp:SerializeParams:112] m_offset, 311296
[m[1;33m2025-12-20 10:51:18.60|W|805740677|lpUCM [RemoteSails.cpp:SendWithRetry:185] Successfully wrote 1052 bytes
[m[0;32;32m2025-12-20 10:51:18.92|I|805740677|lpUCM [RemoteSails.cpp:HandleResponse:149] HandleResponse started, buffer size: 1048
[m[0;32;32m2025-12-20 10:51:18.92|I|805740677|lpUCM [RemoteSails.cpp:HandleResponse:158] Successfully deserialized response, status: 0, result code: 0
[m[0;32;31m2025-12-20 10:51:18.92|E|805740677|lpUCM [IpccProtoMessage.cpp:SerializeParams:112] m_offset, 312320
[m[1;33m2025-12-20 10:51:18.92|W|805740677|lpUCM [RemoteSails.cpp:SendWithRetry:185] Successfully wrote 1052 bytes
[m[0;32;32m2025-12-20 10:51:18.96|I|805740677|lpUCM [RemoteSails.cpp:HandleResponse:149] HandleResponse started, buffer size: 1048
[m[0;32;32m2025-12-20 10:51:18.96|I|805740677|lpUCM [RemoteSails.cpp:HandleResponse:158] Successfully deserialized response, status: 0, result code: 0
[m[0;32;31m2025-12-20 10:51:18.96|E|805740677|lpUCM [IpccProtoMessage.cpp:SerializeParams:112] m_offset, 313344
[m[1;33m2025-12-20 10:51:18.96|W|805740677|lpUCM [RemoteSails.cpp:SendWithRetry:185] Successfully wrote 1052 bytes
[m[0;32;32m2025-12-20 10:51:18.99|I|805740677|lpUCM [RemoteSails.cpp:HandleResponse:149] HandleResponse started, buffer size: 1048
[m[0;32;32m2025-12-20 10:51:18.99|I|805740677|lpUCM [RemoteSails.cpp:HandleResponse:158] Successfully deserialized response, status: 0, result code: 0
[m[0;32;31m2025-12-20 10:51:18.99|E|805740677|lpUCM [IpccProtoMessage.cpp:SerializeParams:112] m_offset, 314368
[m[1;33m2025-12-20 10:51:18.99|W|805740677|lpUCM [RemoteSails.cpp:SendWithRetry:185] Successfully wrote 1052 bytes
[m[0;32;32m2025-12-20 10:51:18.103|I|805740677|lpUCM [RemoteSails.cpp:HandleResponse:149] HandleResponse started, buffer size: 1048
[m[0;32;32m2025-12-20 10:51:18.103|I|805740677|lpUCM [RemoteSails.cpp:HandleResponse:158] Successfully deserialized response, status: 0, result code: 0
[m[0;32;31m2025-12-20 10:51:18.103|E|805740677|lpUCM [IpccProtoMessage.cpp:SerializeParams:112] m_offset, 315392
[m[1;33m2025-12-20 10:51:18.103|W|805740677|lpUCM [RemoteSails.cpp:SendWithRetry:185] Successfully wrote 1052 bytes
[m[0;32;32m2025-12-20 10:51:18.133|I|805740677|lpUCM [RemoteSails.cpp:HandleResponse:149] HandleResponse started, buffer size: 1048
[m[0;32;32m2025-12-20 10:51:18.133|I|805740677|lpUCM [RemoteSails.cpp:HandleResponse:158] Successfully deserialized response, status: 0, result code: 0
[m[0;32;31m2025-12-20 10:51:18.133|E|805740677|lpUCM [IpccProtoMessage.cpp:SerializeParams:112] m_offset, 316416
[m[1;33m2025-12-20 10:51:18.133|W|805740677|lpUCM [RemoteSails.cpp:SendWithRetry:185] Successfully wrote 1052 bytes
[m[0;32;32m2025-12-20 10:51:18.136|I|805740677|lpUCM [RemoteSails.cpp:HandleResponse:149] HandleResponse started, buffer size: 1048
[m[0;32;32m2025-12-20 10:51:18.136|I|805740677|lpUCM [RemoteSails.cpp:HandleResponse:158] Successfully deserialized response, status: 0, result code: 0
[m[0;32;31m2025-12-20 10:51:18.136|E|805740677|lpUCM [IpccProtoMessage.cpp:SerializeParams:112] m_offset, 317440
[m[1;33m2025-12-20 10:51:18.136|W|805740677|lpUCM [RemoteSails.cpp:SendWithRetry:185] Successfully wrote 1052 bytes
[m[0;32;32m2025-12-20 10:51:18.139|I|805740677|lpUCM [RemoteSails.cpp:HandleResponse:149] HandleResponse started, buffer size: 1048
[m[0;32;32m2025-12-20 10:51:18.139|I|805740677|lpUCM [RemoteSails.cpp:HandleResponse:158] Successfully deserialized response, status: 0, result code: 0
[m[0;32;31m2025-12-20 10:51:18.139|E|805740677|lpUCM [IpccProtoMessage.cpp:SerializeParams:112] m_offset, 318464
[m[1;33m2025-12-20 10:51:18.139|W|805740677|lpUCM [RemoteSails.cpp:SendWithRetry:185] Successfully wrote 1052 bytes
[m[0;32;32m2025-12-20 10:51:18.145|I|805740677|lpUCM [RemoteSails.cpp:HandleResponse:149] HandleResponse started, buffer size: 1048
[m[0;32;32m2025-12-20 10:51:18.145|I|805740677|lpUCM [RemoteSails.cpp:HandleResponse:158] Successfully deserialized response, status: 0, result code: 0
[m[0;32;31m2025-12-20 10:51:18.145|E|805740677|lpUCM [IpccProtoMessage.cpp:SerializeParams:112] m_offset, 319488
[m[1;33m2025-12-20 10:51:18.145|W|805740677|lpUCM [RemoteSails.cpp:SendWithRetry:185] Successfully wrote 1052 bytes
[m[0;32;32m2025-12-20 10:51:18.178|I|805740677|lpUCM [RemoteSails.cpp:HandleResponse:149] HandleResponse started, buffer size: 1048
[m[0;32;32m2025-12-20 10:51:18.178|I|805740677|lpUCM [RemoteSails.cpp:HandleResponse:158] Successfully deserialized response, status: 0, result code: 0
[m[0;32;31m2025-12-20 10:51:18.178|E|805740677|lpUCM [IpccProtoMessage.cpp:SerializeParams:112] m_offset, 320512
[m[1;33m2025-12-20 10:51:18.178|W|805740677|lpUCM [RemoteSails.cpp:SendWithRetry:185] Successfully wrote 1052 bytes
[m[0;32;32m2025-12-20 10:51:18.181|I|805740677|lpUCM [RemoteSails.cpp:HandleResponse:149] HandleResponse started, buffer size: 1048
[m[0;32;32m2025-12-20 10:51:18.181|I|805740677|lpUCM [RemoteSails.cpp:HandleResponse:158] Successfully deserialized response, status: 0, result code: 0
[m[0;32;31m2025-12-20 10:51:18.181|E|805740677|lpUCM [IpccProtoMessage.cpp:SerializeParams:112] m_offset, 321536
[m[1;33m2025-12-20 10:51:18.181|W|805740677|lpUCM [RemoteSails.cpp:SendWithRetry:185] Successfully wrote 1052 bytes
[m[0;32;32m2025-12-20 10:51:18.184|I|805740677|lpUCM [RemoteSails.cpp:HandleResponse:149] HandleResponse started, buffer size: 1048
[m[0;32;32m2025-12-20 10:51:18.184|I|805740677|lpUCM [RemoteSails.cpp:HandleResponse:158] Successfully deserialized response, status: 0, result code: 0
[m[0;32;31m2025-12-20 10:51:18.184|E|805740677|lpUCM [IpccProtoMessage.cpp:SerializeParams:112] m_offset, 322560
[m[1;33m2025-12-20 10:51:18.184|W|805740677|lpUCM [RemoteSails.cpp:SendWithRetry:185] Successfully wrote 1052 bytes
[m[0;32;32m2025-12-20 10:51:18.187|I|805740677|lpUCM [RemoteSails.cpp:HandleResponse:149] HandleResponse started, buffer size: 1048
[m[0;32;32m2025-12-20 10:51:18.187|I|805740677|lpUCM [RemoteSails.cpp:HandleResponse:158] Successfully deserialized response, status: 0, result code: 0
[m[0;32;31m2025-12-20 10:51:18.187|E|805740677|lpUCM [IpccProtoMessage.cpp:SerializeParams:112] m_offset, 323584
[m[1;33m2025-12-20 10:51:18.187|W|805740677|lpUCM [RemoteSails.cpp:SendWithRetry:185] Successfully wrote 1052 bytes
[m[0;32;32m2025-12-20 10:51:18.217|I|805740677|lpUCM [RemoteSails.cpp:HandleResponse:149] HandleResponse started, buffer size: 1048
[m[0;32;32m2025-12-20 10:51:18.217|I|805740677|lpUCM [RemoteSails.cpp:HandleResponse:158] Successfully deserialized response, status: 0, result code: 0
[m[0;32;31m2025-12-20 10:51:18.217|E|805740677|lpUCM [IpccProtoMessage.cpp:SerializeParams:112] m_offset, 324608
[m[1;33m2025-12-20 10:51:18.217|W|805740677|lpUCM [RemoteSails.cpp:SendWithRetry:185] Successfully wrote 1052 bytes
[m[0;32;32m2025-12-20 10:51:18.221|I|805740677|lpUCM [RemoteSails.cpp:HandleResponse:149] HandleResponse started, buffer size: 1048
[m[0;32;32m2025-12-20 10:51:18.221|I|805740677|lpUCM [RemoteSails.cpp:HandleResponse:158] Successfully deserialized response, status: 0, result code: 0
[m[0;32;31m2025-12-20 10:51:18.221|E|805740677|lpUCM [IpccProtoMessage.cpp:SerializeParams:112] m_offset, 325632
[m[1;33m2025-12-20 10:51:18.221|W|805740677|lpUCM [RemoteSails.cpp:SendWithRetry:185] Successfully wrote 1052 bytes
[m[0;32;32m2025-12-20 10:51:18.225|I|805740677|lpUCM [RemoteSails.cpp:HandleResponse:149] HandleResponse started, buffer size: 1048
[m[0;32;32m2025-12-20 10:51:18.225|I|805740677|lpUCM [RemoteSails.cpp:HandleResponse:158] Successfully deserialized response, status: 0, result code: 0
[m[0;32;31m2025-12-20 10:51:18.225|E|805740677|lpUCM [IpccProtoMessage.cpp:SerializeParams:112] m_offset, 326656
[m[1;33m2025-12-20 10:51:18.225|W|805740677|lpUCM [RemoteSails.cpp:SendWithRetry:185] Successfully wrote 1052 bytes
[m[0;32;32m2025-12-20 10:51:18.228|I|805740677|lpUCM [RemoteSails.cpp:HandleResponse:149] HandleResponse started, buffer size: 1048
[m[0;32;32m2025-12-20 10:51:18.228|I|805740677|lpUCM [RemoteSails.cpp:HandleResponse:158] Successfully deserialized response, status: 0, result code: 0
[m[0;32;32m2025-12-20 10:51:18.228|I|805740677|lpUCM [RemoteSails.cpp:SailWriteData:272] All data already trans size 16384
[m[0;32;32m2025-12-20 10:51:18.228|I|805740677|lpUCM [fds.cpp:FDS_OnLocalUpgProgress:248] total: 23, curr:22, percent:33, rop:92%
[m[0;32;32m2025-12-20 10:51:18.228|I|805740677|lpUCM [RemoteSails.cpp:SailWriteData:254] total data is 16384
[m[0;32;31m2025-12-20 10:51:18.228|E|805740677|lpUCM [IpccProtoMessage.cpp:SerializeParams:112] m_offset, 327680
[m[1;33m2025-12-20 10:51:18.228|W|805740677|lpUCM [RemoteSails.cpp:SendWithRetry:185] Successfully wrote 1052 bytes
[m[0;32;32m2025-12-20 10:51:18.259|I|805740677|lpUCM [RemoteSails.cpp:HandleResponse:149] HandleResponse started, buffer size: 1048
[m[0;32;32m2025-12-20 10:51:18.259|I|805740677|lpUCM [RemoteSails.cpp:HandleResponse:158] Successfully deserialized response, status: 0, result code: 0
[m[0;32;31m2025-12-20 10:51:18.259|E|805740677|lpUCM [IpccProtoMessage.cpp:SerializeParams:112] m_offset, 328704
[m[1;33m2025-12-20 10:51:18.259|W|805740677|lpUCM [RemoteSails.cpp:SendWithRetry:185] Successfully wrote 1052 bytes
[m[0;32;32m2025-12-20 10:51:18.262|I|805740677|lpUCM [RemoteSails.cpp:HandleResponse:149] HandleResponse started, buffer size: 1048
[m[0;32;32m2025-12-20 10:51:18.262|I|805740677|lpUCM [RemoteSails.cpp:HandleResponse:158] Successfully deserialized response, status: 0, result code: 0
[m[0;32;31m2025-12-20 10:51:18.262|E|805740677|lpUCM [IpccProtoMessage.cpp:SerializeParams:112] m_offset, 329728
[m[1;33m2025-12-20 10:51:18.262|W|805740677|lpUCM [RemoteSails.cpp:SendWithRetry:185] Successfully wrote 1052 bytes
[m[0;32;32m2025-12-20 10:51:18.266|I|805740677|lpUCM [RemoteSails.cpp:HandleResponse:149] HandleResponse started, buffer size: 1048
[m[0;32;32m2025-12-20 10:51:18.266|I|805740677|lpUCM [RemoteSails.cpp:HandleResponse:158] Successfully deserialized response, status: 0, result code: 0
[m[0;32;31m2025-12-20 10:51:18.266|E|805740677|lpUCM [IpccProtoMessage.cpp:SerializeParams:112] m_offset, 330752
[m[1;33m2025-12-20 10:51:18.266|W|805740677|lpUCM [RemoteSails.cpp:SendWithRetry:185] Successfully wrote 1052 bytes
[m[0;32;32m2025-12-20 10:51:18.269|I|805740677|lpUCM [RemoteSails.cpp:HandleResponse:149] HandleResponse started, buffer size: 1048
[m[0;32;32m2025-12-20 10:51:18.269|I|805740677|lpUCM [RemoteSails.cpp:HandleResponse:158] Successfully deserialized response, status: 0, result code: 0
[m[0;32;31m2025-12-20 10:51:18.269|E|805740677|lpUCM [IpccProtoMessage.cpp:SerializeParams:112] m_offset, 331776
[m[1;33m2025-12-20 10:51:18.269|W|805740677|lpUCM [RemoteSails.cpp:SendWithRetry:185] Successfully wrote 1052 bytes
[m[0;32;32m2025-12-20 10:51:18.300|I|805740677|lpUCM [RemoteSails.cpp:HandleResponse:149] HandleResponse started, buffer size: 1048
[m[0;32;32m2025-12-20 10:51:18.300|I|805740677|lpUCM [RemoteSails.cpp:HandleResponse:158] Successfully deserialized response, status: 0, result code: 0
[m[0;32;31m2025-12-20 10:51:18.300|E|805740677|lpUCM [IpccProtoMessage.cpp:SerializeParams:112] m_offset, 332800
[m[1;33m2025-12-20 10:51:18.300|W|805740677|lpUCM [RemoteSails.cpp:SendWithRetry:185] Successfully wrote 1052 bytes
[m[0;32;32m2025-12-20 10:51:18.307|I|805740677|lpUCM [RemoteSails.cpp:HandleResponse:149] HandleResponse started, buffer size: 1048
[m[0;32;32m2025-12-20 10:51:18.307|I|805740677|lpUCM [RemoteSails.cpp:HandleResponse:158] Successfully deserialized response, status: 0, result code: 0
[m[0;32;31m2025-12-20 10:51:18.307|E|805740677|lpUCM [IpccProtoMessage.cpp:SerializeParams:112] m_offset, 333824
[m[1;33m2025-12-20 10:51:18.307|W|805740677|lpUCM [RemoteSails.cpp:SendWithRetry:185] Successfully wrote 1052 bytes
[m[0;32;32m2025-12-20 10:51:18.310|I|805740677|lpUCM [RemoteSails.cpp:HandleResponse:149] HandleResponse started, buffer size: 1048
[m[0;32;32m2025-12-20 10:51:18.310|I|805740677|lpUCM [RemoteSails.cpp:HandleResponse:158] Successfully deserialized response, status: 0, result code: 0
[m[0;32;31m2025-12-20 10:51:18.310|E|805740677|lpUCM [IpccProtoMessage.cpp:SerializeParams:112] m_offset, 334848
[m[1;33m2025-12-20 10:51:18.310|W|805740677|lpUCM [RemoteSails.cpp:SendWithRetry:185] Successfully wrote 1052 bytes
[m[0;32;32m2025-12-20 10:51:18.313|I|805740677|lpUCM [RemoteSails.cpp:HandleResponse:149] HandleResponse started, buffer size: 1048
[m[0;32;32m2025-12-20 10:51:18.313|I|805740677|lpUCM [RemoteSails.cpp:HandleResponse:158] Successfully deserialized response, status: 0, result code: 0
[m[0;32;31m2025-12-20 10:51:18.313|E|805740677|lpUCM [IpccProtoMessage.cpp:SerializeParams:112] m_offset, 335872
[m[1;33m2025-12-20 10:51:18.313|W|805740677|lpUCM [RemoteSails.cpp:SendWithRetry:185] Successfully wrote 1052 bytes
[m[0;32;32m2025-12-20 10:51:18.343|I|805740677|lpUCM [RemoteSails.cpp:HandleResponse:149] HandleResponse started, buffer size: 1048
[m[0;32;32m2025-12-20 10:51:18.343|I|805740677|lpUCM [RemoteSails.cpp:HandleResponse:158] Successfully deserialized response, status: 0, result code: 0
[m[0;32;31m2025-12-20 10:51:18.343|E|805740677|lpUCM [IpccProtoMessage.cpp:SerializeParams:112] m_offset, 336896
[m[1;33m2025-12-20 10:51:18.343|W|805740677|lpUCM [RemoteSails.cpp:SendWithRetry:185] Successfully wrote 1052 bytes
[m[0;32;32m2025-12-20 10:51:18.346|I|805740677|lpUCM [RemoteSails.cpp:HandleResponse:149] HandleResponse started, buffer size: 1048
[m[0;32;32m2025-12-20 10:51:18.346|I|805740677|lpUCM [RemoteSails.cpp:HandleResponse:158] Successfully deserialized response, status: 0, result code: 0
[m[0;32;31m2025-12-20 10:51:18.346|E|805740677|lpUCM [IpccProtoMessage.cpp:SerializeParams:112] m_offset, 337920
[m[1;33m2025-12-20 10:51:18.346|W|805740677|lpUCM [RemoteSails.cpp:SendWithRetry:185] Successfully wrote 1052 bytes
[m[0;32;32m2025-12-20 10:51:18.349|I|805740677|lpUCM [RemoteSails.cpp:HandleResponse:149] HandleResponse started, buffer size: 1048
[m[0;32;32m2025-12-20 10:51:18.349|I|805740677|lpUCM [RemoteSails.cpp:HandleResponse:158] Successfully deserialized response, status: 0, result code: 0
[m[0;32;31m2025-12-20 10:51:18.349|E|805740677|lpUCM [IpccProtoMessage.cpp:SerializeParams:112] m_offset, 338944
[m[1;33m2025-12-20 10:51:18.349|W|805740677|lpUCM [RemoteSails.cpp:SendWithRetry:185] Successfully wrote 1052 bytes
[m[0;32;32m2025-12-20 10:51:18.352|I|805740677|lpUCM [RemoteSails.cpp:HandleResponse:149] HandleResponse started, buffer size: 1048
[m[0;32;32m2025-12-20 10:51:18.352|I|805740677|lpUCM [RemoteSails.cpp:HandleResponse:158] Successfully deserialized response, status: 0, result code: 0
[m[0;32;31m2025-12-20 10:51:18.352|E|805740677|lpUCM [IpccProtoMessage.cpp:SerializeParams:112] m_offset, 339968
[m[1;33m2025-12-20 10:51:18.352|W|805740677|lpUCM [RemoteSails.cpp:SendWithRetry:185] Successfully wrote 1052 bytes
[m[0;32;32m2025-12-20 10:51:18.379|I|805740677|lpUCM [RemoteSails.cpp:HandleResponse:149] HandleResponse started, buffer size: 1048
[m[0;32;32m2025-12-20 10:51:18.379|I|805740677|lpUCM [RemoteSails.cpp:HandleResponse:158] Successfully deserialized response, status: 0, result code: 0
[m[0;32;31m2025-12-20 10:51:18.379|E|805740677|lpUCM [IpccProtoMessage.cpp:SerializeParams:112] m_offset, 340992
[m[1;33m2025-12-20 10:51:18.379|W|805740677|lpUCM [RemoteSails.cpp:SendWithRetry:185] Successfully wrote 1052 bytes
[m[0;32;32m2025-12-20 10:51:18.385|I|805740677|lpUCM [RemoteSails.cpp:HandleResponse:149] HandleResponse started, buffer size: 1048
[m[0;32;32m2025-12-20 10:51:18.385|I|805740677|lpUCM [RemoteSails.cpp:HandleResponse:158] Successfully deserialized response, status: 0, result code: 0
[m[0;32;31m2025-12-20 10:51:18.385|E|805740677|lpUCM [IpccProtoMessage.cpp:SerializeParams:112] m_offset, 342016
[m[1;33m2025-12-20 10:51:18.385|W|805740677|lpUCM [RemoteSails.cpp:SendWithRetry:185] Successfully wrote 1052 bytes
[m[0;32;32m2025-12-20 10:51:18.388|I|805740677|lpUCM [RemoteSails.cpp:HandleResponse:149] HandleResponse started, buffer size: 1048
[m[0;32;32m2025-12-20 10:51:18.388|I|805740677|lpUCM [RemoteSails.cpp:HandleResponse:158] Successfully deserialized response, status: 0, result code: 0
[m[0;32;31m2025-12-20 10:51:18.388|E|805740677|lpUCM [IpccProtoMessage.cpp:SerializeParams:112] m_offset, 343040
[m[1;33m2025-12-20 10:51:18.388|W|805740677|lpUCM [RemoteSails.cpp:SendWithRetry:185] Successfully wrote 1052 bytes
[m[0;32;32m2025-12-20 10:51:18.391|I|805740677|lpUCM [RemoteSails.cpp:HandleResponse:149] HandleResponse started, buffer size: 1048
[m[0;32;32m2025-12-20 10:51:18.391|I|805740677|lpUCM [RemoteSails.cpp:HandleResponse:158] Successfully deserialized response, status: 0, result code: 0
[m[0;32;32m2025-12-20 10:51:18.391|I|805740677|lpUCM [RemoteSails.cpp:SailWriteData:272] All data already trans size 16384
[m[0;32;32m2025-12-20 10:51:18.391|I|805740677|lpUCM [fds.cpp:FDS_OnLocalUpgProgress:248] total: 23, curr:22, percent:34, rop:92%
[m[0;32;32m2025-12-20 10:51:18.391|I|805740677|lpUCM [RemoteSails.cpp:SailWriteData:254] total data is 16384
[m[0;32;31m2025-12-20 10:51:18.391|E|805740677|lpUCM [IpccProtoMessage.cpp:SerializeParams:112] m_offset, 344064
[m[1;33m2025-12-20 10:51:18.391|W|805740677|lpUCM [RemoteSails.cpp:SendWithRetry:185] Successfully wrote 1052 bytes
[m[0;32;32m2025-12-20 10:51:18.424|I|805740677|lpUCM [RemoteSails.cpp:HandleResponse:149] HandleResponse started, buffer size: 1048
[m[0;32;32m2025-12-20 10:51:18.424|I|805740677|lpUCM [RemoteSails.cpp:HandleResponse:158] Successfully deserialized response, status: 0, result code: 0
[m[0;32;31m2025-12-20 10:51:18.424|E|805740677|lpUCM [IpccProtoMessage.cpp:SerializeParams:112] m_offset, 345088
[m[1;33m2025-12-20 10:51:18.424|W|805740677|lpUCM [RemoteSails.cpp:SendWithRetry:185] Successfully wrote 1052 bytes
[m[0;32;32m2025-12-20 10:51:18.427|I|805740677|lpUCM [RemoteSails.cpp:HandleResponse:149] HandleResponse started, buffer size: 1048
[m[0;32;32m2025-12-20 10:51:18.427|I|805740677|lpUCM [RemoteSails.cpp:HandleResponse:158] Successfully deserialized response, status: 0, result code: 0
[m[0;32;31m2025-12-20 10:51:18.427|E|805740677|lpUCM [IpccProtoMessage.cpp:SerializeParams:112] m_offset, 346112
[m[1;33m2025-12-20 10:51:18.427|W|805740677|lpUCM [RemoteSails.cpp:SendWithRetry:185] Successfully wrote 1052 bytes
[m[0;32;32m2025-12-20 10:51:18.430|I|805740677|lpUCM [RemoteSails.cpp:HandleResponse:149] HandleResponse started, buffer size: 1048
[m[0;32;32m2025-12-20 10:51:18.430|I|805740677|lpUCM [RemoteSails.cpp:HandleResponse:158] Successfully deserialized response, status: 0, result code: 0
[m[0;32;31m2025-12-20 10:51:18.430|E|805740677|lpUCM [IpccProtoMessage.cpp:SerializeParams:112] m_offset, 347136
[m[1;33m2025-12-20 10:51:18.430|W|805740677|lpUCM [RemoteSails.cpp:SendWithRetry:185] Successfully wrote 1052 bytes
[m[0;32;32m2025-12-20 10:51:18.433|I|805740677|lpUCM [RemoteSails.cpp:HandleResponse:149] HandleResponse started, buffer size: 1048
[m[0;32;32m2025-12-20 10:51:18.433|I|805740677|lpUCM [RemoteSails.cpp:HandleResponse:158] Successfully deserialized response, status: 0, result code: 0
[m[0;32;31m2025-12-20 10:51:18.433|E|805740677|lpUCM [IpccProtoMessage.cpp:SerializeParams:112] m_offset, 348160
[m[1;33m2025-12-20 10:51:18.433|W|805740677|lpUCM [RemoteSails.cpp:SendWithRetry:185] Successfully wrote 1052 bytes
[m[0;32;32m2025-12-20 10:51:18.465|I|805740677|lpUCM [RemoteSails.cpp:HandleResponse:149] HandleResponse started, buffer size: 1048
[m[0;32;32m2025-12-20 10:51:18.465|I|805740677|lpUCM [RemoteSails.cpp:HandleResponse:158] Successfully deserialized response, status: 0, result code: 0
[m[0;32;31m2025-12-20 10:51:18.465|E|805740677|lpUCM [IpccProtoMessage.cpp:SerializeParams:112] m_offset, 349184
[m[1;33m2025-12-20 10:51:18.465|W|805740677|lpUCM [RemoteSails.cpp:SendWithRetry:185] Successfully wrote 1052 bytes
[m[0;32;32m2025-12-20 10:51:18.469|I|805740677|lpUCM [RemoteSails.cpp:HandleResponse:149] HandleResponse started, buffer size: 1048
[m[0;32;32m2025-12-20 10:51:18.469|I|805740677|lpUCM [RemoteSails.cpp:HandleResponse:158] Successfully deserialized response, status: 0, result code: 0
[m[0;32;31m2025-12-20 10:51:18.469|E|805740677|lpUCM [IpccProtoMessage.cpp:SerializeParams:112] m_offset, 350208
[m[1;33m2025-12-20 10:51:18.469|W|805740677|lpUCM [RemoteSails.cpp:SendWithRetry:185] Successfully wrote 1052 bytes
[m[0;32;32m2025-12-20 10:51:18.473|I|805740677|lpUCM [RemoteSails.cpp:HandleResponse:149] HandleResponse started, buffer size: 1048
[m[0;32;32m2025-12-20 10:51:18.473|I|805740677|lpUCM [RemoteSails.cpp:HandleResponse:158] Successfully deserialized response, status: 0, result code: 0
[m[0;32;31m2025-12-20 10:51:18.473|E|805740677|lpUCM [IpccProtoMessage.cpp:SerializeParams:112] m_offset, 351232
[m[1;33m2025-12-20 10:51:18.473|W|805740677|lpUCM [RemoteSails.cpp:SendWithRetry:185] Successfully wrote 1052 bytes
[m[0;32;32m2025-12-20 10:51:18.477|I|805740677|lpUCM [RemoteSails.cpp:HandleResponse:149] HandleResponse started, buffer size: 1048
[m[0;32;32m2025-12-20 10:51:18.477|I|805740677|lpUCM [RemoteSails.cpp:HandleResponse:158] Successfully deserialized response, status: 0, result code: 0
[m[0;32;31m2025-12-20 10:51:18.477|E|805740677|lpUCM [IpccProtoMessage.cpp:SerializeParams:112] m_offset, 352256
[m[1;33m2025-12-20 10:51:18.477|W|805740677|lpUCM [RemoteSails.cpp:SendWithRetry:185] Successfully wrote 1052 bytes
[m[0;32;32m2025-12-20 10:51:18.505|I|805740677|lpUCM [RemoteSails.cpp:HandleResponse:149] HandleResponse started, buffer size: 1048
[m[0;32;32m2025-12-20 10:51:18.505|I|805740677|lpUCM [RemoteSails.cpp:HandleResponse:158] Successfully deserialized response, status: 0, result code: 0
[m[0;32;31m2025-12-20 10:51:18.505|E|805740677|lpUCM [IpccProtoMessage.cpp:SerializeParams:112] m_offset, 353280
[m[1;33m2025-12-20 10:51:18.505|W|805740677|lpUCM [RemoteSails.cpp:SendWithRetry:185] Successfully wrote 1052 bytes
[m[0;32;32m2025-12-20 10:51:18.508|I|805740677|lpUCM [RemoteSails.cpp:HandleResponse:149] HandleResponse started, buffer size: 1048
[m[0;32;32m2025-12-20 10:51:18.508|I|805740677|lpUCM [RemoteSails.cpp:HandleResponse:158] Successfully deserialized response, status: 0, result code: 0
[m[0;32;31m2025-12-20 10:51:18.508|E|805740677|lpUCM [IpccProtoMessage.cpp:SerializeParams:112] m_offset, 354304
[m[1;33m2025-12-20 10:51:18.508|W|805740677|lpUCM [RemoteSails.cpp:SendWithRetry:185] Successfully wrote 1052 bytes
[m[0;32;32m2025-12-20 10:51:18.512|I|805740677|lpUCM [RemoteSails.cpp:HandleResponse:149] HandleResponse started, buffer size: 1048
[m[0;32;32m2025-12-20 10:51:18.512|I|805740677|lpUCM [RemoteSails.cpp:HandleResponse:158] Successfully deserialized response, status: 0, result code: 0
[m[0;32;31m2025-12-20 10:51:18.512|E|805740677|lpUCM [IpccProtoMessage.cpp:SerializeParams:112] m_offset, 355328
[m[1;33m2025-12-20 10:51:18.512|W|805740677|lpUCM [RemoteSails.cpp:SendWithRetry:185] Successfully wrote 1052 bytes
[m[0;32;32m2025-12-20 10:51:18.515|I|805740677|lpUCM [RemoteSails.cpp:HandleResponse:149] HandleResponse started, buffer size: 1048
[m[0;32;32m2025-12-20 10:51:18.515|I|805740677|lpUCM [RemoteSails.cpp:HandleResponse:158] Successfully deserialized response, status: 0, result code: 0
[m[0;32;31m2025-12-20 10:51:18.515|E|805740677|lpUCM [IpccProtoMessage.cpp:SerializeParams:112] m_offset, 356352
[m[1;33m2025-12-20 10:51:18.515|W|805740677|lpUCM [RemoteSails.cpp:SendWithRetry:185] Successfully wrote 1052 bytes
[m[0;32;32m2025-12-20 10:51:18.547|I|805740677|lpUCM [RemoteSails.cpp:HandleResponse:149] HandleResponse started, buffer size: 1048
[m[0;32;32m2025-12-20 10:51:18.547|I|805740677|lpUCM [RemoteSails.cpp:HandleResponse:158] Successfully deserialized response, status: 0, result code: 0
[m[0;32;31m2025-12-20 10:51:18.547|E|805740677|lpUCM [IpccProtoMessage.cpp:SerializeParams:112] m_offset, 357376
[m[1;33m2025-12-20 10:51:18.547|W|805740677|lpUCM [RemoteSails.cpp:SendWithRetry:185] Successfully wrote 1052 bytes
[m[0;32;32m2025-12-20 10:51:18.550|I|805740677|lpUCM [RemoteSails.cpp:HandleResponse:149] HandleResponse started, buffer size: 1048
[m[0;32;32m2025-12-20 10:51:18.550|I|805740677|lpUCM [RemoteSails.cpp:HandleResponse:158] Successfully deserialized response, status: 0, result code: 0
[m[0;32;31m2025-12-20 10:51:18.550|E|805740677|lpUCM [IpccProtoMessage.cpp:SerializeParams:112] m_offset, 358400
[m[1;33m2025-12-20 10:51:18.550|W|805740677|lpUCM [RemoteSails.cpp:SendWithRetry:185] Successfully wrote 1052 bytes
[m[0;32;32m2025-12-20 10:51:18.556|I|805740677|lpUCM [RemoteSails.cpp:HandleResponse:149] HandleResponse started, buffer size: 1048
[m[0;32;32m2025-12-20 10:51:18.556|I|805740677|lpUCM [RemoteSails.cpp:HandleResponse:158] Successfully deserialized response, status: 0, result code: 0
[m[0;32;31m2025-12-20 10:51:18.556|E|805740677|lpUCM [IpccProtoMessage.cpp:SerializeParams:112] m_offset, 359424
[m[1;33m2025-12-20 10:51:18.556|W|805740677|lpUCM [RemoteSails.cpp:SendWithRetry:185] Successfully wrote 1052 bytes
[m[0;32;32m2025-12-20 10:51:18.559|I|805740677|lpUCM [RemoteSails.cpp:HandleResponse:149] HandleResponse started, buffer size: 1048
[m[0;32;32m2025-12-20 10:51:18.559|I|805740677|lpUCM [RemoteSails.cpp:HandleResponse:158] Successfully deserialized response, status: 0, result code: 0
[m[0;32;32m2025-12-20 10:51:18.559|I|805740677|lpUCM [RemoteSails.cpp:SailWriteData:272] All data already trans size 16384
[m[0;32;32m2025-12-20 10:51:18.559|I|805740677|lpUCM [fds.cpp:FDS_OnLocalUpgProgress:248] total: 23, curr:22, percent:35, rop:92%
[m[0;32;32m2025-12-20 10:51:18.559|I|805740677|lpUCM [RemoteSails.cpp:SailWriteData:254] total data is 16384
[m[0;32;31m2025-12-20 10:51:18.559|E|805740677|lpUCM [IpccProtoMessage.cpp:SerializeParams:112] m_offset, 360448
[m[1;33m2025-12-20 10:51:18.559|W|805740677|lpUCM [RemoteSails.cpp:SendWithRetry:185] Successfully wrote 1052 bytes
[m[0;32;32m2025-12-20 10:51:18.589|I|805740677|lpUCM [RemoteSails.cpp:HandleResponse:149] HandleResponse started, buffer size: 1048
[m[0;32;32m2025-12-20 10:51:18.589|I|805740677|lpUCM [RemoteSails.cpp:HandleResponse:158] Successfully deserialized response, status: 0, result code: 0
[m[0;32;31m2025-12-20 10:51:18.589|E|805740677|lpUCM [IpccProtoMessage.cpp:SerializeParams:112] m_offset, 361472
[m[1;33m2025-12-20 10:51:18.589|W|805740677|lpUCM [RemoteSails.cpp:SendWithRetry:185] Successfully wrote 1052 bytes
[m[0;32;32m2025-12-20 10:51:18.592|I|805740677|lpUCM [RemoteSails.cpp:HandleResponse:149] HandleResponse started, buffer size: 1048
[m[0;32;32m2025-12-20 10:51:18.592|I|805740677|lpUCM [RemoteSails.cpp:HandleResponse:158] Successfully deserialized response, status: 0, result code: 0
[m[0;32;31m2025-12-20 10:51:18.592|E|805740677|lpUCM [IpccProtoMessage.cpp:SerializeParams:112] m_offset, 362496
[m[1;33m2025-12-20 10:51:18.592|W|805740677|lpUCM [RemoteSails.cpp:SendWithRetry:185] Successfully wrote 1052 bytes
[m[0;32;32m2025-12-20 10:51:18.595|I|805740677|lpUCM [RemoteSails.cpp:HandleResponse:149] HandleResponse started, buffer size: 1048
[m[0;32;32m2025-12-20 10:51:18.595|I|805740677|lpUCM [RemoteSails.cpp:HandleResponse:158] Successfully deserialized response, status: 0, result code: 0
[m[0;32;31m2025-12-20 10:51:18.595|E|805740677|lpUCM [IpccProtoMessage.cpp:SerializeParams:112] m_offset, 363520
[m[1;33m2025-12-20 10:51:18.595|W|805740677|lpUCM [RemoteSails.cpp:SendWithRetry:185] Successfully wrote 1052 bytes
[m[0;32;32m2025-12-20 10:51:18.598|I|805740677|lpUCM [RemoteSails.cpp:HandleResponse:149] HandleResponse started, buffer size: 1048
[m[0;32;32m2025-12-20 10:51:18.598|I|805740677|lpUCM [RemoteSails.cpp:HandleResponse:158] Successfully deserialized response, status: 0, result code: 0
[m[0;32;31m2025-12-20 10:51:18.598|E|805740677|lpUCM [IpccProtoMessage.cpp:SerializeParams:112] m_offset, 364544
[m[1;33m2025-12-20 10:51:18.598|W|805740677|lpUCM [RemoteSails.cpp:SendWithRetry:185] Successfully wrote 1052 bytes
[m[0;32;32m2025-12-20 10:51:18.629|I|805740677|lpUCM [RemoteSails.cpp:HandleResponse:149] HandleResponse started, buffer size: 1048
[m[0;32;32m2025-12-20 10:51:18.629|I|805740677|lpUCM [RemoteSails.cpp:HandleResponse:158] Successfully deserialized response, status: 0, result code: 0
[m[0;32;31m2025-12-20 10:51:18.629|E|805740677|lpUCM [IpccProtoMessage.cpp:SerializeParams:112] m_offset, 365568
[m[1;33m2025-12-20 10:51:18.629|W|805740677|lpUCM [RemoteSails.cpp:SendWithRetry:185] Successfully wrote 1052 bytes
[m[0;32;32m2025-12-20 10:51:18.633|I|805740677|lpUCM [RemoteSails.cpp:HandleResponse:149] HandleResponse started, buffer size: 1048
[m[0;32;32m2025-12-20 10:51:18.633|I|805740677|lpUCM [RemoteSails.cpp:HandleResponse:158] Successfully deserialized response, status: 0, result code: 0
[m[0;32;31m2025-12-20 10:51:18.633|E|805740677|lpUCM [IpccProtoMessage.cpp:SerializeParams:112] m_offset, 366592
[m[1;33m2025-12-20 10:51:18.633|W|805740677|lpUCM [RemoteSails.cpp:SendWithRetry:185] Successfully wrote 1052 bytes
[m[0;32;32m2025-12-20 10:51:18.637|I|805740677|lpUCM [RemoteSails.cpp:HandleResponse:149] HandleResponse started, buffer size: 1048
[m[0;32;32m2025-12-20 10:51:18.637|I|805740677|lpUCM [RemoteSails.cpp:HandleResponse:158] Successfully deserialized response, status: 0, result code: 0
[m[0;32;31m2025-12-20 10:51:18.637|E|805740677|lpUCM [IpccProtoMessage.cpp:SerializeParams:112] m_offset, 367616
[m[1;33m2025-12-20 10:51:18.637|W|805740677|lpUCM [RemoteSails.cpp:SendWithRetry:185] Successfully wrote 1052 bytes
[m[0;32;32m2025-12-20 10:51:18.640|I|805740677|lpUCM [RemoteSails.cpp:HandleResponse:149] HandleResponse started, buffer size: 1048
[m[0;32;32m2025-12-20 10:51:18.640|I|805740677|lpUCM [RemoteSails.cpp:HandleResponse:158] Successfully deserialized response, status: 0, result code: 0
[m[0;32;31m2025-12-20 10:51:18.640|E|805740677|lpUCM [IpccProtoMessage.cpp:SerializeParams:112] m_offset, 368640
[m[1;33m2025-12-20 10:51:18.640|W|805740677|lpUCM [RemoteSails.cpp:SendWithRetry:185] Successfully wrote 1052 bytes
[m[0;32;32m2025-12-20 10:51:18.669|I|805740677|lpUCM [RemoteSails.cpp:HandleResponse:149] HandleResponse started, buffer size: 1048
[m[0;32;32m2025-12-20 10:51:18.669|I|805740677|lpUCM [RemoteSails.cpp:HandleResponse:158] Successfully deserialized response, status: 0, result code: 0
[m[0;32;31m2025-12-20 10:51:18.669|E|805740677|lpUCM [IpccProtoMessage.cpp:SerializeParams:112] m_offset, 369664
[m[1;33m2025-12-20 10:51:18.669|W|805740677|lpUCM [RemoteSails.cpp:SendWithRetry:185] Successfully wrote 1052 bytes
[m[0;32;32m2025-12-20 10:51:18.673|I|805740677|lpUCM [RemoteSails.cpp:HandleResponse:149] HandleResponse started, buffer size: 1048
[m[0;32;32m2025-12-20 10:51:18.673|I|805740677|lpUCM [RemoteSails.cpp:HandleResponse:158] Successfully deserialized response, status: 0, result code: 0
[m[0;32;31m2025-12-20 10:51:18.673|E|805740677|lpUCM [IpccProtoMessage.cpp:SerializeParams:112] m_offset, 370688
[m[1;33m2025-12-20 10:51:18.673|W|805740677|lpUCM [RemoteSails.cpp:SendWithRetry:185] Successfully wrote 1052 bytes
[m[0;32;32m2025-12-20 10:51:18.677|I|805740677|lpUCM [RemoteSails.cpp:HandleResponse:149] HandleResponse started, buffer size: 1048
[m[0;32;32m2025-12-20 10:51:18.677|I|805740677|lpUCM [RemoteSails.cpp:HandleResponse:158] Successfully deserialized response, status: 0, result code: 0
[m[0;32;31m2025-12-20 10:51:18.677|E|805740677|lpUCM [IpccProtoMessage.cpp:SerializeParams:112] m_offset, 371712
[m[1;33m2025-12-20 10:51:18.677|W|805740677|lpUCM [RemoteSails.cpp:SendWithRetry:185] Successfully wrote 1052 bytes
[m[0;32;32m2025-12-20 10:51:18.680|I|805740677|lpUCM [RemoteSails.cpp:HandleResponse:149] HandleResponse started, buffer size: 1048
[m[0;32;32m2025-12-20 10:51:18.680|I|805740677|lpUCM [RemoteSails.cpp:HandleResponse:158] Successfully deserialized response, status: 0, result code: 0
[m[0;32;31m2025-12-20 10:51:18.680|E|805740677|lpUCM [IpccProtoMessage.cpp:SerializeParams:112] m_offset, 372736
[m[1;33m2025-12-20 10:51:18.680|W|805740677|lpUCM [RemoteSails.cpp:SendWithRetry:185] Successfully wrote 1052 bytes
[m[0;32;32m2025-12-20 10:51:18.709|I|805740677|lpUCM [RemoteSails.cpp:HandleResponse:149] HandleResponse started, buffer size: 1048
[m[0;32;32m2025-12-20 10:51:18.709|I|805740677|lpUCM [RemoteSails.cpp:HandleResponse:158] Successfully deserialized response, status: 0, result code: 0
[m[0;32;31m2025-12-20 10:51:18.709|E|805740677|lpUCM [IpccProtoMessage.cpp:SerializeParams:112] m_offset, 373760
[m[1;33m2025-12-20 10:51:18.709|W|805740677|lpUCM [RemoteSails.cpp:SendWithRetry:185] Successfully wrote 1052 bytes
[m[0;32;32m2025-12-20 10:51:18.715|I|805740677|lpUCM [RemoteSails.cpp:HandleResponse:149] HandleResponse started, buffer size: 1048
[m[0;32;32m2025-12-20 10:51:18.715|I|805740677|lpUCM [RemoteSails.cpp:HandleResponse:158] Successfully deserialized response, status: 0, result code: 0
[m[0;32;31m2025-12-20 10:51:18.715|E|805740677|lpUCM [IpccProtoMessage.cpp:SerializeParams:112] m_offset, 374784
[m[1;33m2025-12-20 10:51:18.715|W|805740677|lpUCM [RemoteSails.cpp:SendWithRetry:185] Successfully wrote 1052 bytes
[m[0;32;32m2025-12-20 10:51:18.718|I|805740677|lpUCM [RemoteSails.cpp:HandleResponse:149] HandleResponse started, buffer size: 1048
[m[0;32;32m2025-12-20 10:51:18.718|I|805740677|lpUCM [RemoteSails.cpp:HandleResponse:158] Successfully deserialized response, status: 0, result code: 0
[m[0;32;31m2025-12-20 10:51:18.718|E|805740677|lpUCM [IpccProtoMessage.cpp:SerializeParams:112] m_offset, 375808
[m[1;33m2025-12-20 10:51:18.718|W|805740677|lpUCM [RemoteSails.cpp:SendWithRetry:185] Successfully wrote 1052 bytes
[m[0;32;32m2025-12-20 10:51:18.721|I|805740677|lpUCM [RemoteSails.cpp:HandleResponse:149] HandleResponse started, buffer size: 1048
[m[0;32;32m2025-12-20 10:51:18.721|I|805740677|lpUCM [RemoteSails.cpp:HandleResponse:158] Successfully deserialized response, status: 0, result code: 0
[m[0;32;32m2025-12-20 10:51:18.721|I|805740677|lpUCM [RemoteSails.cpp:SailWriteData:272] All data already trans size 16384
[m[0;32;32m2025-12-20 10:51:18.721|I|805740677|lpUCM [fds.cpp:FDS_OnLocalUpgProgress:248] total: 23, curr:22, percent:36, rop:92%
[m[0;32;32m2025-12-20 10:51:18.721|I|805740677|lpUCM [RemoteSails.cpp:SailWriteData:254] total data is 16384
[m[0;32;31m2025-12-20 10:51:18.721|E|805740677|lpUCM [IpccProtoMessage.cpp:SerializeParams:112] m_offset, 376832
[m[1;33m2025-12-20 10:51:18.721|W|805740677|lpUCM [RemoteSails.cpp:SendWithRetry:185] Successfully wrote 1052 bytes
[m[0;32;32m2025-12-20 10:51:18.754|I|805740677|lpUCM [RemoteSails.cpp:HandleResponse:149] HandleResponse started, buffer size: 1048
[m[0;32;32m2025-12-20 10:51:18.754|I|805740677|lpUCM [RemoteSails.cpp:HandleResponse:158] Successfully deserialized response, status: 0, result code: 0
[m[0;32;31m2025-12-20 10:51:18.754|E|805740677|lpUCM [IpccProtoMessage.cpp:SerializeParams:112] m_offset, 377856
[m[1;33m2025-12-20 10:51:18.754|W|805740677|lpUCM [RemoteSails.cpp:SendWithRetry:185] Successfully wrote 1052 bytes
[m[0;32;32m2025-12-20 10:51:18.757|I|805740677|lpUCM [RemoteSails.cpp:HandleResponse:149] HandleResponse started, buffer size: 1048
[m[0;32;32m2025-12-20 10:51:18.757|I|805740677|lpUCM [RemoteSails.cpp:HandleResponse:158] Successfully deserialized response, status: 0, result code: 0
[m[0;32;31m2025-12-20 10:51:18.757|E|805740677|lpUCM [IpccProtoMessage.cpp:SerializeParams:112] m_offset, 378880
[m[1;33m2025-12-20 10:51:18.757|W|805740677|lpUCM [RemoteSails.cpp:SendWithRetry:185] Successfully wrote 1052 bytes
[m[0;32;32m2025-12-20 10:51:18.760|I|805740677|lpUCM [RemoteSails.cpp:HandleResponse:149] HandleResponse started, buffer size: 1048
[m[0;32;32m2025-12-20 10:51:18.760|I|805740677|lpUCM [RemoteSails.cpp:HandleResponse:158] Successfully deserialized response, status: 0, result code: 0
[m[0;32;31m2025-12-20 10:51:18.760|E|805740677|lpUCM [IpccProtoMessage.cpp:SerializeParams:112] m_offset, 379904
[m[1;33m2025-12-20 10:51:18.760|W|805740677|lpUCM [RemoteSails.cpp:SendWithRetry:185] Successfully wrote 1052 bytes
[m[0;32;32m2025-12-20 10:51:18.766|I|805740677|lpUCM [RemoteSails.cpp:HandleResponse:149] HandleResponse started, buffer size: 1048
[m[0;32;32m2025-12-20 10:51:18.766|I|805740677|lpUCM [RemoteSails.cpp:HandleResponse:158] Successfully deserialized response, status: 0, result code: 0
[m[0;32;31m2025-12-20 10:51:18.766|E|805740677|lpUCM [IpccProtoMessage.cpp:SerializeParams:112] m_offset, 380928
[m[1;33m2025-12-20 10:51:18.766|W|805740677|lpUCM [RemoteSails.cpp:SendWithRetry:185] Successfully wrote 1052 bytes
[m[0;32;32m2025-12-20 10:51:18.796|I|805740677|lpUCM [RemoteSails.cpp:HandleResponse:149] HandleResponse started, buffer size: 1048
[m[0;32;32m2025-12-20 10:51:18.796|I|805740677|lpUCM [RemoteSails.cpp:HandleResponse:158] Successfully deserialized response, status: 0, result code: 0
[m[0;32;31m2025-12-20 10:51:18.796|E|805740677|lpUCM [IpccProtoMessage.cpp:SerializeParams:112] m_offset, 381952
[m[1;33m2025-12-20 10:51:18.796|W|805740677|lpUCM [RemoteSails.cpp:SendWithRetry:185] Successfully wrote 1052 bytes
[m[0;32;32m2025-12-20 10:51:18.799|I|805740677|lpUCM [RemoteSails.cpp:HandleResponse:149] HandleResponse started, buffer size: 1048
[m[0;32;32m2025-12-20 10:51:18.799|I|805740677|lpUCM [RemoteSails.cpp:HandleResponse:158] Successfully deserialized response, status: 0, result code: 0
[m[0;32;31m2025-12-20 10:51:18.799|E|805740677|lpUCM [IpccProtoMessage.cpp:SerializeParams:112] m_offset, 382976
[m[1;33m2025-12-20 10:51:18.799|W|805740677|lpUCM [RemoteSails.cpp:SendWithRetry:185] Successfully wrote 1052 bytes
[m[0;32;32m2025-12-20 10:51:18.805|I|805740677|lpUCM [RemoteSails.cpp:HandleResponse:149] HandleResponse started, buffer size: 1048
[m[0;32;32m2025-12-20 10:51:18.805|I|805740677|lpUCM [RemoteSails.cpp:HandleResponse:158] Successfully deserialized response, status: 0, result code: 0
[m[0;32;31m2025-12-20 10:51:18.805|E|805740677|lpUCM [IpccProtoMessage.cpp:SerializeParams:112] m_offset, 384000
[m[1;33m2025-12-20 10:51:18.805|W|805740677|lpUCM [RemoteSails.cpp:SendWithRetry:185] Successfully wrote 1052 bytes
[m[0;32;32m2025-12-20 10:51:18.808|I|805740677|lpUCM [RemoteSails.cpp:HandleResponse:149] HandleResponse started, buffer size: 1048
[m[0;32;32m2025-12-20 10:51:18.808|I|805740677|lpUCM [RemoteSails.cpp:HandleResponse:158] Successfully deserialized response, status: 0, result code: 0
[m[0;32;31m2025-12-20 10:51:18.808|E|805740677|lpUCM [IpccProtoMessage.cpp:SerializeParams:112] m_offset, 385024
[m[1;33m2025-12-20 10:51:18.808|W|805740677|lpUCM [RemoteSails.cpp:SendWithRetry:185] Successfully wrote 1052 bytes
[m[0;32;32m2025-12-20 10:51:18.838|I|805740677|lpUCM [RemoteSails.cpp:HandleResponse:149] HandleResponse started, buffer size: 1048
[m[0;32;32m2025-12-20 10:51:18.838|I|805740677|lpUCM [RemoteSails.cpp:HandleResponse:158] Successfully deserialized response, status: 0, result code: 0
[m[0;32;31m2025-12-20 10:51:18.838|E|805740677|lpUCM [IpccProtoMessage.cpp:SerializeParams:112] m_offset, 386048
[m[1;33m2025-12-20 10:51:18.838|W|805740677|lpUCM [RemoteSails.cpp:SendWithRetry:185] Successfully wrote 1052 bytes
[m[0;32;32m2025-12-20 10:51:18.841|I|805740677|lpUCM [RemoteSails.cpp:HandleResponse:149] HandleResponse started, buffer size: 1048
[m[0;32;32m2025-12-20 10:51:18.841|I|805740677|lpUCM [RemoteSails.cpp:HandleResponse:158] Successfully deserialized response, status: 0, result code: 0
[m[0;32;31m2025-12-20 10:51:18.841|E|805740677|lpUCM [IpccProtoMessage.cpp:SerializeParams:112] m_offset, 387072
[m[1;33m2025-12-20 10:51:18.841|W|805740677|lpUCM [RemoteSails.cpp:SendWithRetry:185] Successfully wrote 1052 bytes
[m[0;32;32m2025-12-20 10:51:18.844|I|805740677|lpUCM [RemoteSails.cpp:HandleResponse:149] HandleResponse started, buffer size: 1048
[m[0;32;32m2025-12-20 10:51:18.844|I|805740677|lpUCM [RemoteSails.cpp:HandleResponse:158] Successfully deserialized response, status: 0, result code: 0
[m[0;32;31m2025-12-20 10:51:18.844|E|805740677|lpUCM [IpccProtoMessage.cpp:SerializeParams:112] m_offset, 388096
[m[1;33m2025-12-20 10:51:18.844|W|805740677|lpUCM [RemoteSails.cpp:SendWithRetry:185] Successfully wrote 1052 bytes
[m[0;32;32m2025-12-20 10:51:18.847|I|805740677|lpUCM [RemoteSails.cpp:HandleResponse:149] HandleResponse started, buffer size: 1048
[m[0;32;32m2025-12-20 10:51:18.847|I|805740677|lpUCM [RemoteSails.cpp:HandleResponse:158] Successfully deserialized response, status: 0, result code: 0
[m[0;32;31m2025-12-20 10:51:18.847|E|805740677|lpUCM [IpccProtoMessage.cpp:SerializeParams:112] m_offset, 389120
[m[1;33m2025-12-20 10:51:18.847|W|805740677|lpUCM [RemoteSails.cpp:SendWithRetry:185] Successfully wrote 1052 bytes
[m[0;32;32m2025-12-20 10:51:18.877|I|805740677|lpUCM [RemoteSails.cpp:HandleResponse:149] HandleResponse started, buffer size: 1048
[m[0;32;32m2025-12-20 10:51:18.877|I|805740677|lpUCM [RemoteSails.cpp:HandleResponse:158] Successfully deserialized response, status: 0, result code: 0
[m[0;32;31m2025-12-20 10:51:18.877|E|805740677|lpUCM [IpccProtoMessage.cpp:SerializeParams:112] m_offset, 390144
[m[1;33m2025-12-20 10:51:18.877|W|805740677|lpUCM [RemoteSails.cpp:SendWithRetry:185] Successfully wrote 1052 bytes
[m[0;32;32m2025-12-20 10:51:18.881|I|805740677|lpUCM [RemoteSails.cpp:HandleResponse:149] HandleResponse started, buffer size: 1048
[m[0;32;32m2025-12-20 10:51:18.881|I|805740677|lpUCM [RemoteSails.cpp:HandleResponse:158] Successfully deserialized response, status: 0, result code: 0
[m[0;32;31m2025-12-20 10:51:18.881|E|805740677|lpUCM [IpccProtoMessage.cpp:SerializeParams:112] m_offset, 391168
[m[1;33m2025-12-20 10:51:18.881|W|805740677|lpUCM [RemoteSails.cpp:SendWithRetry:185] Successfully wrote 1052 bytes
[m[0;32;32m2025-12-20 10:51:18.884|I|805740677|lpUCM [RemoteSails.cpp:HandleResponse:149] HandleResponse started, buffer size: 1048
[m[0;32;32m2025-12-20 10:51:18.884|I|805740677|lpUCM [RemoteSails.cpp:HandleResponse:158] Successfully deserialized response, status: 0, result code: 0
[m[0;32;31m2025-12-20 10:51:18.884|E|805740677|lpUCM [IpccProtoMessage.cpp:SerializeParams:112] m_offset, 392192
[m[1;33m2025-12-20 10:51:18.884|W|805740677|lpUCM [RemoteSails.cpp:SendWithRetry:185] Successfully wrote 1052 bytes
[m[0;32;32m2025-12-20 10:51:18.887|I|805740677|lpUCM [RemoteSails.cpp:HandleResponse:149] HandleResponse started, buffer size: 1048
[m[0;32;32m2025-12-20 10:51:18.887|I|805740677|lpUCM [RemoteSails.cpp:HandleResponse:158] Successfully deserialized response, status: 0, result code: 0
[m[0;32;32m2025-12-20 10:51:18.887|I|805740677|lpUCM [RemoteSails.cpp:SailWriteData:272] All data already trans size 16384
[m[0;32;32m2025-12-20 10:51:18.887|I|805740677|lpUCM [fds.cpp:FDS_OnLocalUpgProgress:248] total: 23, curr:22, percent:37, rop:92%
[m[0;32;32m2025-12-20 10:51:18.887|I|805740677|lpUCM [RemoteSails.cpp:SailWriteData:254] total data is 16384
[m[0;32;31m2025-12-20 10:51:18.887|E|805740677|lpUCM [IpccProtoMessage.cpp:SerializeParams:112] m_offset, 393216
[m[1;33m2025-12-20 10:51:18.887|W|805740677|lpUCM [RemoteSails.cpp:SendWithRetry:185] Successfully wrote 1052 bytes
[m[0;32;32m2025-12-20 10:51:18.920|I|805740677|lpUCM [RemoteSails.cpp:HandleResponse:149] HandleResponse started, buffer size: 1048
[m[0;32;32m2025-12-20 10:51:18.920|I|805740677|lpUCM [RemoteSails.cpp:HandleResponse:158] Successfully deserialized response, status: 0, result code: 0
[m[0;32;31m2025-12-20 10:51:18.920|E|805740677|lpUCM [IpccProtoMessage.cpp:SerializeParams:112] m_offset, 394240
[m[1;33m2025-12-20 10:51:18.920|W|805740677|lpUCM [RemoteSails.cpp:SendWithRetry:185] Successfully wrote 1052 bytes
[m[0;32;32m2025-12-20 10:51:18.927|I|805740677|lpUCM [RemoteSails.cpp:HandleResponse:149] HandleResponse started, buffer size: 1048
[m[0;32;32m2025-12-20 10:51:18.927|I|805740677|lpUCM [RemoteSails.cpp:HandleResponse:158] Successfully deserialized response, status: 0, result code: 0
[m[0;32;31m2025-12-20 10:51:18.927|E|805740677|lpUCM [IpccProtoMessage.cpp:SerializeParams:112] m_offset, 395264
[m[1;33m2025-12-20 10:51:18.927|W|805740677|lpUCM [RemoteSails.cpp:SendWithRetry:185] Successfully wrote 1052 bytes
[m[0;32;32m2025-12-20 10:51:18.930|I|805740677|lpUCM [RemoteSails.cpp:HandleResponse:149] HandleResponse started, buffer size: 1048
[m[0;32;32m2025-12-20 10:51:18.930|I|805740677|lpUCM [RemoteSails.cpp:HandleResponse:158] Successfully deserialized response, status: 0, result code: 0
[m[0;32;31m2025-12-20 10:51:18.930|E|805740677|lpUCM [IpccProtoMessage.cpp:SerializeParams:112] m_offset, 396288
[m[1;33m2025-12-20 10:51:18.930|W|805740677|lpUCM [RemoteSails.cpp:SendWithRetry:185] Successfully wrote 1052 bytes
[m[0;32;32m2025-12-20 10:51:18.936|I|805740677|lpUCM [RemoteSails.cpp:HandleResponse:149] HandleResponse started, buffer size: 1048
[m[0;32;32m2025-12-20 10:51:18.936|I|805740677|lpUCM [RemoteSails.cpp:HandleResponse:158] Successfully deserialized response, status: 0, result code: 0
[m[0;32;31m2025-12-20 10:51:18.936|E|805740677|lpUCM [IpccProtoMessage.cpp:SerializeParams:112] m_offset, 397312
[m[1;33m2025-12-20 10:51:18.936|W|805740677|lpUCM [RemoteSails.cpp:SendWithRetry:185] Successfully wrote 1052 bytes
[m[0;32;32m2025-12-20 10:51:18.966|I|805740677|lpUCM [RemoteSails.cpp:HandleResponse:149] HandleResponse started, buffer size: 1048
[m[0;32;32m2025-12-20 10:51:18.966|I|805740677|lpUCM [RemoteSails.cpp:HandleResponse:158] Successfully deserialized response, status: 0, result code: 0
[m[0;32;31m2025-12-20 10:51:18.966|E|805740677|lpUCM [IpccProtoMessage.cpp:SerializeParams:112] m_offset, 398336
[m[1;33m2025-12-20 10:51:18.966|W|805740677|lpUCM [RemoteSails.cpp:SendWithRetry:185] Successfully wrote 1052 bytes
[m[0;32;32m2025-12-20 10:51:18.969|I|805740677|lpUCM [RemoteSails.cpp:HandleResponse:149] HandleResponse started, buffer size: 1048
[m[0;32;32m2025-12-20 10:51:18.969|I|805740677|lpUCM [RemoteSails.cpp:HandleResponse:158] Successfully deserialized response, status: 0, result code: 0
[m[0;32;31m2025-12-20 10:51:18.969|E|805740677|lpUCM [IpccProtoMessage.cpp:SerializeParams:112] m_offset, 399360
[m[1;33m2025-12-20 10:51:18.969|W|805740677|lpUCM [RemoteSails.cpp:SendWithRetry:185] Successfully wrote 1052 bytes
[m[0;32;32m2025-12-20 10:51:18.977|I|805740677|lpUCM [RemoteSails.cpp:HandleResponse:149] HandleResponse started, buffer size: 1048
[m[0;32;32m2025-12-20 10:51:18.977|I|805740677|lpUCM [RemoteSails.cpp:HandleResponse:158] Successfully deserialized response, status: 0, result code: 0
[m[0;32;31m2025-12-20 10:51:18.977|E|805740677|lpUCM [IpccProtoMessage.cpp:SerializeParams:112] m_offset, 400384
[m[1;33m2025-12-20 10:51:18.977|W|805740677|lpUCM [RemoteSails.cpp:SendWithRetry:185] Successfully wrote 1052 bytes
[m[0;32;32m2025-12-20 10:51:18.981|I|805740677|lpUCM [RemoteSails.cpp:HandleResponse:149] HandleResponse started, buffer size: 1048
[m[0;32;32m2025-12-20 10:51:18.981|I|805740677|lpUCM [RemoteSails.cpp:HandleResponse:158] Successfully deserialized response, status: 0, result code: 0
[m[0;32;31m2025-12-20 10:51:18.981|E|805740677|lpUCM [IpccProtoMessage.cpp:SerializeParams:112] m_offset, 401408
[m[1;33m2025-12-20 10:51:18.981|W|805740677|lpUCM [RemoteSails.cpp:SendWithRetry:185] Successfully wrote 1052 bytes
[m[0;32;32m2025-12-20 10:51:19.15|I|805740677|lpUCM [RemoteSails.cpp:HandleResponse:149] HandleResponse started, buffer size: 1048
[m[0;32;32m2025-12-20 10:51:19.15|I|805740677|lpUCM [RemoteSails.cpp:HandleResponse:158] Successfully deserialized response, status: 0, result code: 0
[m[0;32;31m2025-12-20 10:51:19.15|E|805740677|lpUCM [IpccProtoMessage.cpp:SerializeParams:112] m_offset, 402432
[m[1;33m2025-12-20 10:51:19.15|W|805740677|lpUCM [RemoteSails.cpp:SendWithRetry:185] Successfully wrote 1052 bytes
[m[0;32;32m2025-12-20 10:51:19.18|I|805740677|lpUCM [RemoteSails.cpp:HandleResponse:149] HandleResponse started, buffer size: 1048
[m[0;32;32m2025-12-20 10:51:19.18|I|805740677|lpUCM [RemoteSails.cpp:HandleResponse:158] Successfully deserialized response, status: 0, result code: 0
[m[0;32;31m2025-12-20 10:51:19.18|E|805740677|lpUCM [IpccProtoMessage.cpp:SerializeParams:112] m_offset, 403456
[m[1;33m2025-12-20 10:51:19.18|W|805740677|lpUCM [RemoteSails.cpp:SendWithRetry:185] Successfully wrote 1052 bytes
[m[0;32;32m2025-12-20 10:51:19.21|I|805740677|lpUCM [RemoteSails.cpp:HandleResponse:149] HandleResponse started, buffer size: 1048
[m[0;32;32m2025-12-20 10:51:19.21|I|805740677|lpUCM [RemoteSails.cpp:HandleResponse:158] Successfully deserialized response, status: 0, result code: 0
[m[0;32;31m2025-12-20 10:51:19.21|E|805740677|lpUCM [IpccProtoMessage.cpp:SerializeParams:112] m_offset, 404480
[m[1;33m2025-12-20 10:51:19.21|W|805740677|lpUCM [RemoteSails.cpp:SendWithRetry:185] Successfully wrote 1052 bytes
[m[0;32;32m2025-12-20 10:51:19.25|I|805740677|lpUCM [RemoteSails.cpp:HandleResponse:149] HandleResponse started, buffer size: 1048
[m[0;32;32m2025-12-20 10:51:19.25|I|805740677|lpUCM [RemoteSails.cpp:HandleResponse:158] Successfully deserialized response, status: 0, result code: 0
[m[0;32;31m2025-12-20 10:51:19.25|E|805740677|lpUCM [IpccProtoMessage.cpp:SerializeParams:112] m_offset, 405504
[m[1;33m2025-12-20 10:51:19.25|W|805740677|lpUCM [RemoteSails.cpp:SendWithRetry:185] Successfully wrote 1052 bytes
[m[0;32;32m2025-12-20 10:51:19.55|I|805740677|lpUCM [RemoteSails.cpp:HandleResponse:149] HandleResponse started, buffer size: 1048
[m[0;32;32m2025-12-20 10:51:19.55|I|805740677|lpUCM [RemoteSails.cpp:HandleResponse:158] Successfully deserialized response, status: 0, result code: 0
[m[0;32;31m2025-12-20 10:51:19.55|E|805740677|lpUCM [IpccProtoMessage.cpp:SerializeParams:112] m_offset, 406528
[m[1;33m2025-12-20 10:51:19.55|W|805740677|lpUCM [RemoteSails.cpp:SendWithRetry:185] Successfully wrote 1052 bytes
[m[0;32;32m2025-12-20 10:51:19.59|I|805740677|lpUCM [RemoteSails.cpp:HandleResponse:149] HandleResponse started, buffer size: 1048
[m[0;32;32m2025-12-20 10:51:19.59|I|805740677|lpUCM [RemoteSails.cpp:HandleResponse:158] Successfully deserialized response, status: 0, result code: 0
[m[0;32;31m2025-12-20 10:51:19.59|E|805740677|lpUCM [IpccProtoMessage.cpp:SerializeParams:112] m_offset, 407552
[m[1;33m2025-12-20 10:51:19.59|W|805740677|lpUCM [RemoteSails.cpp:SendWithRetry:185] Successfully wrote 1052 bytes
[m[0;32;32m2025-12-20 10:51:19.63|I|805740677|lpUCM [RemoteSails.cpp:HandleResponse:149] HandleResponse started, buffer size: 1048
[m[0;32;32m2025-12-20 10:51:19.63|I|805740677|lpUCM [RemoteSails.cpp:HandleResponse:158] Successfully deserialized response, status: 0, result code: 0
[m[0;32;31m2025-12-20 10:51:19.63|E|805740677|lpUCM [IpccProtoMessage.cpp:SerializeParams:112] m_offset, 408576
[m[1;33m2025-12-20 10:51:19.63|W|805740677|lpUCM [RemoteSails.cpp:SendWithRetry:185] Successfully wrote 1052 bytes
[m[0;32;32m2025-12-20 10:51:19.67|I|805740677|lpUCM [RemoteSails.cpp:HandleResponse:149] HandleResponse started, buffer size: 1048
[m[0;32;32m2025-12-20 10:51:19.67|I|805740677|lpUCM [RemoteSails.cpp:HandleResponse:158] Successfully deserialized response, status: 0, result code: 0
[m[0;32;32m2025-12-20 10:51:19.67|I|805740677|lpUCM [RemoteSails.cpp:SailWriteData:272] All data already trans size 16384
[m[0;32;32m2025-12-20 10:51:19.67|I|805740677|lpUCM [fds.cpp:FDS_OnLocalUpgProgress:248] total: 23, curr:22, percent:38, rop:92%
[m[0;32;32m2025-12-20 10:51:19.67|I|805740677|lpUCM [RemoteSails.cpp:SailWriteData:254] total data is 16384
[m[0;32;31m2025-12-20 10:51:19.67|E|805740677|lpUCM [IpccProtoMessage.cpp:SerializeParams:112] m_offset, 409600
[m[1;33m2025-12-20 10:51:19.67|W|805740677|lpUCM [RemoteSails.cpp:SendWithRetry:185] Successfully wrote 1052 bytes
[m[0;32;32m2025-12-20 10:51:19.97|I|805740677|lpUCM [RemoteSails.cpp:HandleResponse:149] HandleResponse started, buffer size: 1048
[m[0;32;32m2025-12-20 10:51:19.97|I|805740677|lpUCM [RemoteSails.cpp:HandleResponse:158] Successfully deserialized response, status: 0, result code: 0
[m[0;32;31m2025-12-20 10:51:19.97|E|805740677|lpUCM [IpccProtoMessage.cpp:SerializeParams:112] m_offset, 410624
[m[1;33m2025-12-20 10:51:19.97|W|805740677|lpUCM [RemoteSails.cpp:SendWithRetry:185] Successfully wrote 1052 bytes
[m[0;32;32m2025-12-20 10:51:19.100|I|805740677|lpUCM [RemoteSails.cpp:HandleResponse:149] HandleResponse started, buffer size: 1048
[m[0;32;32m2025-12-20 10:51:19.100|I|805740677|lpUCM [RemoteSails.cpp:HandleResponse:158] Successfully deserialized response, status: 0, result code: 0
[m[0;32;31m2025-12-20 10:51:19.100|E|805740677|lpUCM [IpccProtoMessage.cpp:SerializeParams:112] m_offset, 411648
[m[1;33m2025-12-20 10:51:19.100|W|805740677|lpUCM [RemoteSails.cpp:SendWithRetry:185] Successfully wrote 1052 bytes
[m[0;32;32m2025-12-20 10:51:19.104|I|805740677|lpUCM [RemoteSails.cpp:HandleResponse:149] HandleResponse started, buffer size: 1048
[m[0;32;32m2025-12-20 10:51:19.104|I|805740677|lpUCM [RemoteSails.cpp:HandleResponse:158] Successfully deserialized response, status: 0, result code: 0
[m[0;32;31m2025-12-20 10:51:19.104|E|805740677|lpUCM [IpccProtoMessage.cpp:SerializeParams:112] m_offset, 412672
[m[1;33m2025-12-20 10:51:19.104|W|805740677|lpUCM [RemoteSails.cpp:SendWithRetry:185] Successfully wrote 1052 bytes
[m[0;32;32m2025-12-20 10:51:19.107|I|805740677|lpUCM [RemoteSails.cpp:HandleResponse:149] HandleResponse started, buffer size: 1048
[m[0;32;32m2025-12-20 10:51:19.107|I|805740677|lpUCM [RemoteSails.cpp:HandleResponse:158] Successfully deserialized response, status: 0, result code: 0
[m[0;32;31m2025-12-20 10:51:19.107|E|805740677|lpUCM [IpccProtoMessage.cpp:SerializeParams:112] m_offset, 413696
[m[1;33m2025-12-20 10:51:19.107|W|805740677|lpUCM [RemoteSails.cpp:SendWithRetry:185] Successfully wrote 1052 bytes
[m[0;32;32m2025-12-20 10:51:19.143|I|805740677|lpUCM [RemoteSails.cpp:HandleResponse:149] HandleResponse started, buffer size: 1048
[m[0;32;32m2025-12-20 10:51:19.143|I|805740677|lpUCM [RemoteSails.cpp:HandleResponse:158] Successfully deserialized response, status: 0, result code: 0
[m[0;32;31m2025-12-20 10:51:19.143|E|805740677|lpUCM [IpccProtoMessage.cpp:SerializeParams:112] m_offset, 414720
[m[1;33m2025-12-20 10:51:19.143|W|805740677|lpUCM [RemoteSails.cpp:SendWithRetry:185] Successfully wrote 1052 bytes
[m[0;32;32m2025-12-20 10:51:19.146|I|805740677|lpUCM [RemoteSails.cpp:HandleResponse:149] HandleResponse started, buffer size: 1048
[m[0;32;32m2025-12-20 10:51:19.146|I|805740677|lpUCM [RemoteSails.cpp:HandleResponse:158] Successfully deserialized response, status: 0, result code: 0
[m[0;32;31m2025-12-20 10:51:19.146|E|805740677|lpUCM [IpccProtoMessage.cpp:SerializeParams:112] m_offset, 415744
[m[1;33m2025-12-20 10:51:19.146|W|805740677|lpUCM [RemoteSails.cpp:SendWithRetry:185] Successfully wrote 1052 bytes
[m[0;32;32m2025-12-20 10:51:19.149|I|805740677|lpUCM [RemoteSails.cpp:HandleResponse:149] HandleResponse started, buffer size: 1048
[m[0;32;32m2025-12-20 10:51:19.149|I|805740677|lpUCM [RemoteSails.cpp:HandleResponse:158] Successfully deserialized response, status: 0, result code: 0
[m[0;32;31m2025-12-20 10:51:19.149|E|805740677|lpUCM [IpccProtoMessage.cpp:SerializeParams:112] m_offset, 416768
[m[1;33m2025-12-20 10:51:19.149|W|805740677|lpUCM [RemoteSails.cpp:SendWithRetry:185] Successfully wrote 1052 bytes
[m[0;32;32m2025-12-20 10:51:19.155|I|805740677|lpUCM [RemoteSails.cpp:HandleResponse:149] HandleResponse started, buffer size: 1048
[m[0;32;32m2025-12-20 10:51:19.155|I|805740677|lpUCM [RemoteSails.cpp:HandleResponse:158] Successfully deserialized response, status: 0, result code: 0
[m[0;32;31m2025-12-20 10:51:19.155|E|805740677|lpUCM [IpccProtoMessage.cpp:SerializeParams:112] m_offset, 417792
[m[1;33m2025-12-20 10:51:19.155|W|805740677|lpUCM [RemoteSails.cpp:SendWithRetry:185] Successfully wrote 1052 bytes
[m[0;32;32m2025-12-20 10:51:19.185|I|805740677|lpUCM [RemoteSails.cpp:HandleResponse:149] HandleResponse started, buffer size: 1048
[m[0;32;32m2025-12-20 10:51:19.185|I|805740677|lpUCM [RemoteSails.cpp:HandleResponse:158] Successfully deserialized response, status: 0, result code: 0
[m[0;32;31m2025-12-20 10:51:19.185|E|805740677|lpUCM [IpccProtoMessage.cpp:SerializeParams:112] m_offset, 418816
[m[1;33m2025-12-20 10:51:19.185|W|805740677|lpUCM [RemoteSails.cpp:SendWithRetry:185] Successfully wrote 1052 bytes
[m[0;32;32m2025-12-20 10:51:19.188|I|805740677|lpUCM [RemoteSails.cpp:HandleResponse:149] HandleResponse started, buffer size: 1048
[m[0;32;32m2025-12-20 10:51:19.188|I|805740677|lpUCM [RemoteSails.cpp:HandleResponse:158] Successfully deserialized response, status: 0, result code: 0
[m[0;32;31m2025-12-20 10:51:19.188|E|805740677|lpUCM [IpccProtoMessage.cpp:SerializeParams:112] m_offset, 419840
[m[1;33m2025-12-20 10:51:19.188|W|805740677|lpUCM [RemoteSails.cpp:SendWithRetry:185] Successfully wrote 1052 bytes
[m[0;32;32m2025-12-20 10:51:19.191|I|805740677|lpUCM [RemoteSails.cpp:HandleResponse:149] HandleResponse started, buffer size: 1048
[m[0;32;32m2025-12-20 10:51:19.191|I|805740677|lpUCM [RemoteSails.cpp:HandleResponse:158] Successfully deserialized response, status: 0, result code: 0
[m[0;32;31m2025-12-20 10:51:19.191|E|805740677|lpUCM [IpccProtoMessage.cpp:SerializeParams:112] m_offset, 420864
[m[1;33m2025-12-20 10:51:19.191|W|805740677|lpUCM [RemoteSails.cpp:SendWithRetry:185] Successfully wrote 1052 bytes
[m[0;32;32m2025-12-20 10:51:19.194|I|805740677|lpUCM [RemoteSails.cpp:HandleResponse:149] HandleResponse started, buffer size: 1048
[m[0;32;32m2025-12-20 10:51:19.194|I|805740677|lpUCM [RemoteSails.cpp:HandleResponse:158] Successfully deserialized response, status: 0, result code: 0
[m[0;32;31m2025-12-20 10:51:19.194|E|805740677|lpUCM [IpccProtoMessage.cpp:SerializeParams:112] m_offset, 421888
[m[1;33m2025-12-20 10:51:19.194|W|805740677|lpUCM [RemoteSails.cpp:SendWithRetry:185] Successfully wrote 1052 bytes
[m[0;32;32m2025-12-20 10:51:19.224|I|805740677|lpUCM [RemoteSails.cpp:HandleResponse:149] HandleResponse started, buffer size: 1048
[m[0;32;32m2025-12-20 10:51:19.224|I|805740677|lpUCM [RemoteSails.cpp:HandleResponse:158] Successfully deserialized response, status: 0, result code: 0
[m[0;32;31m2025-12-20 10:51:19.224|E|805740677|lpUCM [IpccProtoMessage.cpp:SerializeParams:112] m_offset, 422912
[m[1;33m2025-12-20 10:51:19.224|W|805740677|lpUCM [RemoteSails.cpp:SendWithRetry:185] Successfully wrote 1052 bytes
[m[0;32;32m2025-12-20 10:51:19.227|I|805740677|lpUCM [RemoteSails.cpp:HandleResponse:149] HandleResponse started, buffer size: 1048
[m[0;32;32m2025-12-20 10:51:19.227|I|805740677|lpUCM [RemoteSails.cpp:HandleResponse:158] Successfully deserialized response, status: 0, result code: 0
[m[0;32;31m2025-12-20 10:51:19.227|E|805740677|lpUCM [IpccProtoMessage.cpp:SerializeParams:112] m_offset, 423936
[m[1;33m2025-12-20 10:51:19.227|W|805740677|lpUCM [RemoteSails.cpp:SendWithRetry:185] Successfully wrote 1052 bytes
[m[0;32;32m2025-12-20 10:51:19.230|I|805740677|lpUCM [RemoteSails.cpp:HandleResponse:149] HandleResponse started, buffer size: 1048
[m[0;32;32m2025-12-20 10:51:19.230|I|805740677|lpUCM [RemoteSails.cpp:HandleResponse:158] Successfully deserialized response, status: 0, result code: 0
[m[0;32;31m2025-12-20 10:51:19.230|E|805740677|lpUCM [IpccProtoMessage.cpp:SerializeParams:112] m_offset, 424960
[m[1;33m2025-12-20 10:51:19.230|W|805740677|lpUCM [RemoteSails.cpp:SendWithRetry:185] Successfully wrote 1052 bytes
[m[0;32;32m2025-12-20 10:51:19.236|I|805740677|lpUCM [RemoteSails.cpp:HandleResponse:149] HandleResponse started, buffer size: 1048
[m[0;32;32m2025-12-20 10:51:19.236|I|805740677|lpUCM [RemoteSails.cpp:HandleResponse:158] Successfully deserialized response, status: 0, result code: 0
[m[0;32;32m2025-12-20 10:51:19.236|I|805740677|lpUCM [RemoteSails.cpp:SailWriteData:272] All data already trans size 16384
[m[0;32;32m2025-12-20 10:51:19.236|I|805740677|lpUCM [fds.cpp:FDS_OnLocalUpgProgress:248] total: 23, curr:22, percent:39, rop:93%
[m[0;32;32m2025-12-20 10:51:19.236|I|805740677|lpUCM [RemoteSails.cpp:SailWriteData:254] total data is 16384
[m[0;32;31m2025-12-20 10:51:19.236|E|805740677|lpUCM [IpccProtoMessage.cpp:SerializeParams:112] m_offset, 425984
[m[1;33m2025-12-20 10:51:19.236|W|805740677|lpUCM [RemoteSails.cpp:SendWithRetry:185] Successfully wrote 1052 bytes
[m[0;32;32m2025-12-20 10:51:19.270|I|805740677|lpUCM [RemoteSails.cpp:HandleResponse:149] HandleResponse started, buffer size: 1048
[m[0;32;32m2025-12-20 10:51:19.270|I|805740677|lpUCM [RemoteSails.cpp:HandleResponse:158] Successfully deserialized response, status: 0, result code: 0
[m[0;32;31m2025-12-20 10:51:19.270|E|805740677|lpUCM [IpccProtoMessage.cpp:SerializeParams:112] m_offset, 427008
[m[1;33m2025-12-20 10:51:19.270|W|805740677|lpUCM [RemoteSails.cpp:SendWithRetry:185] Successfully wrote 1052 bytes
[m[0;32;32m2025-12-20 10:51:19.274|I|805740677|lpUCM [RemoteSails.cpp:HandleResponse:149] HandleResponse started, buffer size: 1048
[m[0;32;32m2025-12-20 10:51:19.274|I|805740677|lpUCM [RemoteSails.cpp:HandleResponse:158] Successfully deserialized response, status: 0, result code: 0
[m[0;32;31m2025-12-20 10:51:19.274|E|805740677|lpUCM [IpccProtoMessage.cpp:SerializeParams:112] m_offset, 428032
[m[1;33m2025-12-20 10:51:19.274|W|805740677|lpUCM [RemoteSails.cpp:SendWithRetry:185] Successfully wrote 1052 bytes
[m[0;32;32m2025-12-20 10:51:19.278|I|805740677|lpUCM [RemoteSails.cpp:HandleResponse:149] HandleResponse started, buffer size: 1048
[m[0;32;32m2025-12-20 10:51:19.278|I|805740677|lpUCM [RemoteSails.cpp:HandleResponse:158] Successfully deserialized response, status: 0, result code: 0
[m[0;32;31m2025-12-20 10:51:19.278|E|805740677|lpUCM [IpccProtoMessage.cpp:SerializeParams:112] m_offset, 429056
[m[1;33m2025-12-20 10:51:19.278|W|805740677|lpUCM [RemoteSails.cpp:SendWithRetry:185] Successfully wrote 1052 bytes
[m[0;32;32m2025-12-20 10:51:19.282|I|805740677|lpUCM [RemoteSails.cpp:HandleResponse:149] HandleResponse started, buffer size: 1048
[m[0;32;32m2025-12-20 10:51:19.282|I|805740677|lpUCM [RemoteSails.cpp:HandleResponse:158] Successfully deserialized response, status: 0, result code: 0
[m[0;32;31m2025-12-20 10:51:19.282|E|805740677|lpUCM [IpccProtoMessage.cpp:SerializeParams:112] m_offset, 430080
[m[1;33m2025-12-20 10:51:19.282|W|805740677|lpUCM [RemoteSails.cpp:SendWithRetry:185] Successfully wrote 1052 bytes
[m[0;32;32m2025-12-20 10:51:19.313|I|805740677|lpUCM [RemoteSails.cpp:HandleResponse:149] HandleResponse started, buffer size: 1048
[m[0;32;32m2025-12-20 10:51:19.313|I|805740677|lpUCM [RemoteSails.cpp:HandleResponse:158] Successfully deserialized response, status: 0, result code: 0
[m[0;32;31m2025-12-20 10:51:19.313|E|805740677|lpUCM [IpccProtoMessage.cpp:SerializeParams:112] m_offset, 431104
[m[1;33m2025-12-20 10:51:19.313|W|805740677|lpUCM [RemoteSails.cpp:SendWithRetry:185] Successfully wrote 1052 bytes
[m[0;32;32m2025-12-20 10:51:19.316|I|805740677|lpUCM [RemoteSails.cpp:HandleResponse:149] HandleResponse started, buffer size: 1048
[m[0;32;32m2025-12-20 10:51:19.316|I|805740677|lpUCM [RemoteSails.cpp:HandleResponse:158] Successfully deserialized response, status: 0, result code: 0
[m[0;32;31m2025-12-20 10:51:19.316|E|805740677|lpUCM [IpccProtoMessage.cpp:SerializeParams:112] m_offset, 432128
[m[1;33m2025-12-20 10:51:19.316|W|805740677|lpUCM [RemoteSails.cpp:SendWithRetry:185] Successfully wrote 1052 bytes
[m[0;32;32m2025-12-20 10:51:19.319|I|805740677|lpUCM [RemoteSails.cpp:HandleResponse:149] HandleResponse started, buffer size: 1048
[m[0;32;32m2025-12-20 10:51:19.319|I|805740677|lpUCM [RemoteSails.cpp:HandleResponse:158] Successfully deserialized response, status: 0, result code: 0
[m[0;32;31m2025-12-20 10:51:19.319|E|805740677|lpUCM [IpccProtoMessage.cpp:SerializeParams:112] m_offset, 433152
[m[1;33m2025-12-20 10:51:19.319|W|805740677|lpUCM [RemoteSails.cpp:SendWithRetry:185] Successfully wrote 1052 bytes
[m[0;32;32m2025-12-20 10:51:19.325|I|805740677|lpUCM [RemoteSails.cpp:HandleResponse:149] HandleResponse started, buffer size: 1048
[m[0;32;32m2025-12-20 10:51:19.325|I|805740677|lpUCM [RemoteSails.cpp:HandleResponse:158] Successfully deserialized response, status: 0, result code: 0
[m[0;32;31m2025-12-20 10:51:19.325|E|805740677|lpUCM [IpccProtoMessage.cpp:SerializeParams:112] m_offset, 434176
[m[1;33m2025-12-20 10:51:19.325|W|805740677|lpUCM [RemoteSails.cpp:SendWithRetry:185] Successfully wrote 1052 bytes
[m[0;32;32m2025-12-20 10:51:19.355|I|805740677|lpUCM [RemoteSails.cpp:HandleResponse:149] HandleResponse started, buffer size: 1048
[m[0;32;32m2025-12-20 10:51:19.355|I|805740677|lpUCM [RemoteSails.cpp:HandleResponse:158] Successfully deserialized response, status: 0, result code: 0
[m[0;32;31m2025-12-20 10:51:19.355|E|805740677|lpUCM [IpccProtoMessage.cpp:SerializeParams:112] m_offset, 435200
[m[1;33m2025-12-20 10:51:19.355|W|805740677|lpUCM [RemoteSails.cpp:SendWithRetry:185] Successfully wrote 1052 bytes
[m[0;32;32m2025-12-20 10:51:19.358|I|805740677|lpUCM [RemoteSails.cpp:HandleResponse:149] HandleResponse started, buffer size: 1048
[m[0;32;32m2025-12-20 10:51:19.358|I|805740677|lpUCM [RemoteSails.cpp:HandleResponse:158] Successfully deserialized response, status: 0, result code: 0
[m[0;32;31m2025-12-20 10:51:19.358|E|805740677|lpUCM [IpccProtoMessage.cpp:SerializeParams:112] m_offset, 436224
[m[1;33m2025-12-20 10:51:19.358|W|805740677|lpUCM [RemoteSails.cpp:SendWithRetry:185] Successfully wrote 1052 bytes
[m[0;32;32m2025-12-20 10:51:19.361|I|805740677|lpUCM [RemoteSails.cpp:HandleResponse:149] HandleResponse started, buffer size: 1048
[m[0;32;32m2025-12-20 10:51:19.361|I|805740677|lpUCM [RemoteSails.cpp:HandleResponse:158] Successfully deserialized response, status: 0, result code: 0
[m[0;32;31m2025-12-20 10:51:19.361|E|805740677|lpUCM [IpccProtoMessage.cpp:SerializeParams:112] m_offset, 437248
[m[1;33m2025-12-20 10:51:19.361|W|805740677|lpUCM [RemoteSails.cpp:SendWithRetry:185] Successfully wrote 1052 bytes
[m[0;32;32m2025-12-20 10:51:19.364|I|805740677|lpUCM [RemoteSails.cpp:HandleResponse:149] HandleResponse started, buffer size: 1048
[m[0;32;32m2025-12-20 10:51:19.364|I|805740677|lpUCM [RemoteSails.cpp:HandleResponse:158] Successfully deserialized response, status: 0, result code: 0
[m[0;32;31m2025-12-20 10:51:19.364|E|805740677|lpUCM [IpccProtoMessage.cpp:SerializeParams:112] m_offset, 438272
[m[1;33m2025-12-20 10:51:19.364|W|805740677|lpUCM [RemoteSails.cpp:SendWithRetry:185] Successfully wrote 1052 bytes
[m[0;32;32m2025-12-20 10:51:19.394|I|805740677|lpUCM [RemoteSails.cpp:HandleResponse:149] HandleResponse started, buffer size: 1048
[m[0;32;32m2025-12-20 10:51:19.394|I|805740677|lpUCM [RemoteSails.cpp:HandleResponse:158] Successfully deserialized response, status: 0, result code: 0
[m[0;32;31m2025-12-20 10:51:19.394|E|805740677|lpUCM [IpccProtoMessage.cpp:SerializeParams:112] m_offset, 439296
[m[1;33m2025-12-20 10:51:19.394|W|805740677|lpUCM [RemoteSails.cpp:SendWithRetry:185] Successfully wrote 1052 bytes
[m[0;32;32m2025-12-20 10:51:19.397|I|805740677|lpUCM [RemoteSails.cpp:HandleResponse:149] HandleResponse started, buffer size: 1048
[m[0;32;32m2025-12-20 10:51:19.397|I|805740677|lpUCM [RemoteSails.cpp:HandleResponse:158] Successfully deserialized response, status: 0, result code: 0
[m[0;32;31m2025-12-20 10:51:19.397|E|805740677|lpUCM [IpccProtoMessage.cpp:SerializeParams:112] m_offset, 440320
[m[1;33m2025-12-20 10:51:19.397|W|805740677|lpUCM [RemoteSails.cpp:SendWithRetry:185] Successfully wrote 1052 bytes
[m[0;32;32m2025-12-20 10:51:19.400|I|805740677|lpUCM [RemoteSails.cpp:HandleResponse:149] HandleResponse started, buffer size: 1048
[m[0;32;32m2025-12-20 10:51:19.400|I|805740677|lpUCM [RemoteSails.cpp:HandleResponse:158] Successfully deserialized response, status: 0, result code: 0
[m[0;32;31m2025-12-20 10:51:19.400|E|805740677|lpUCM [IpccProtoMessage.cpp:SerializeParams:112] m_offset, 441344
[m[1;33m2025-12-20 10:51:19.400|W|805740677|lpUCM [RemoteSails.cpp:SendWithRetry:185] Successfully wrote 1052 bytes
[m[0;32;32m2025-12-20 10:51:19.404|I|805740677|lpUCM [RemoteSails.cpp:HandleResponse:149] HandleResponse started, buffer size: 1048
[m[0;32;32m2025-12-20 10:51:19.404|I|805740677|lpUCM [RemoteSails.cpp:HandleResponse:158] Successfully deserialized response, status: 0, result code: 0
[m[0;32;32m2025-12-20 10:51:19.404|I|805740677|lpUCM [RemoteSails.cpp:SailWriteData:272] All data already trans size 16384
[m[0;32;32m2025-12-20 10:51:19.404|I|805740677|lpUCM [fds.cpp:FDS_OnLocalUpgProgress:248] total: 23, curr:22, percent:40, rop:93%
[m[0;32;32m2025-12-20 10:51:19.404|I|805740677|lpUCM [RemoteSails.cpp:SailWriteData:254] total data is 16384
[m[0;32;31m2025-12-20 10:51:19.404|E|805740677|lpUCM [IpccProtoMessage.cpp:SerializeParams:112] m_offset, 442368
[m[1;33m2025-12-20 10:51:19.404|W|805740677|lpUCM [RemoteSails.cpp:SendWithRetry:185] Successfully wrote 1052 bytes
[m[0;32;32m2025-12-20 10:51:19.436|I|805740677|lpUCM [RemoteSails.cpp:HandleResponse:149] HandleResponse started, buffer size: 1048
[m[0;32;32m2025-12-20 10:51:19.436|I|805740677|lpUCM [RemoteSails.cpp:HandleResponse:158] Successfully deserialized response, status: 0, result code: 0
[m[0;32;31m2025-12-20 10:51:19.436|E|805740677|lpUCM [IpccProtoMessage.cpp:SerializeParams:112] m_offset, 443392
[m[1;33m2025-12-20 10:51:19.436|W|805740677|lpUCM [RemoteSails.cpp:SendWithRetry:185] Successfully wrote 1052 bytes
[m[0;32;32m2025-12-20 10:51:19.440|I|805740677|lpUCM [RemoteSails.cpp:HandleResponse:149] HandleResponse started, buffer size: 1048
[m[0;32;32m2025-12-20 10:51:19.440|I|805740677|lpUCM [RemoteSails.cpp:HandleResponse:158] Successfully deserialized response, status: 0, result code: 0
[m[0;32;31m2025-12-20 10:51:19.440|E|805740677|lpUCM [IpccProtoMessage.cpp:SerializeParams:112] m_offset, 444416
[m[1;33m2025-12-20 10:51:19.440|W|805740677|lpUCM [RemoteSails.cpp:SendWithRetry:185] Successfully wrote 1052 bytes
[m[0;32;32m2025-12-20 10:51:19.444|I|805740677|lpUCM [RemoteSails.cpp:HandleResponse:149] HandleResponse started, buffer size: 1048
[m[0;32;32m2025-12-20 10:51:19.444|I|805740677|lpUCM [RemoteSails.cpp:HandleResponse:158] Successfully deserialized response, status: 0, result code: 0
[m[0;32;31m2025-12-20 10:51:19.444|E|805740677|lpUCM [IpccProtoMessage.cpp:SerializeParams:112] m_offset, 445440
[m[1;33m2025-12-20 10:51:19.444|W|805740677|lpUCM [RemoteSails.cpp:SendWithRetry:185] Successfully wrote 1052 bytes
[m[0;32;32m2025-12-20 10:51:19.447|I|805740677|lpUCM [RemoteSails.cpp:HandleResponse:149] HandleResponse started, buffer size: 1048
[m[0;32;32m2025-12-20 10:51:19.447|I|805740677|lpUCM [RemoteSails.cpp:HandleResponse:158] Successfully deserialized response, status: 0, result code: 0
[m[0;32;31m2025-12-20 10:51:19.447|E|805740677|lpUCM [IpccProtoMessage.cpp:SerializeParams:112] m_offset, 446464
[m[1;33m2025-12-20 10:51:19.447|W|805740677|lpUCM [RemoteSails.cpp:SendWithRetry:185] Successfully wrote 1052 bytes
[m[0;32;32m2025-12-20 10:51:19.477|I|805740677|lpUCM [RemoteSails.cpp:HandleResponse:149] HandleResponse started, buffer size: 1048
[m[0;32;32m2025-12-20 10:51:19.477|I|805740677|lpUCM [RemoteSails.cpp:HandleResponse:158] Successfully deserialized response, status: 0, result code: 0
[m[0;32;31m2025-12-20 10:51:19.477|E|805740677|lpUCM [IpccProtoMessage.cpp:SerializeParams:112] m_offset, 447488
[m[1;33m2025-12-20 10:51:19.477|W|805740677|lpUCM [RemoteSails.cpp:SendWithRetry:185] Successfully wrote 1052 bytes
[m[0;32;32m2025-12-20 10:51:19.480|I|805740677|lpUCM [RemoteSails.cpp:HandleResponse:149] HandleResponse started, buffer size: 1048
[m[0;32;32m2025-12-20 10:51:19.480|I|805740677|lpUCM [RemoteSails.cpp:HandleResponse:158] Successfully deserialized response, status: 0, result code: 0
[m[0;32;31m2025-12-20 10:51:19.480|E|805740677|lpUCM [IpccProtoMessage.cpp:SerializeParams:112] m_offset, 448512
[m[1;33m2025-12-20 10:51:19.480|W|805740677|lpUCM [RemoteSails.cpp:SendWithRetry:185] Successfully wrote 1052 bytes
[m[0;32;32m2025-12-20 10:51:19.487|I|805740677|lpUCM [RemoteSails.cpp:HandleResponse:149] HandleResponse started, buffer size: 1048
[m[0;32;32m2025-12-20 10:51:19.487|I|805740677|lpUCM [RemoteSails.cpp:HandleResponse:158] Successfully deserialized response, status: 0, result code: 0
[m[0;32;31m2025-12-20 10:51:19.487|E|805740677|lpUCM [IpccProtoMessage.cpp:SerializeParams:112] m_offset, 449536
[m[1;33m2025-12-20 10:51:19.487|W|805740677|lpUCM [RemoteSails.cpp:SendWithRetry:185] Successfully wrote 1052 bytes
[m[0;32;32m2025-12-20 10:51:19.490|I|805740677|lpUCM [RemoteSails.cpp:HandleResponse:149] HandleResponse started, buffer size: 1048
[m[0;32;32m2025-12-20 10:51:19.490|I|805740677|lpUCM [RemoteSails.cpp:HandleResponse:158] Successfully deserialized response, status: 0, result code: 0
[m[0;32;31m2025-12-20 10:51:19.490|E|805740677|lpUCM [IpccProtoMessage.cpp:SerializeParams:112] m_offset, 450560
[m[1;33m2025-12-20 10:51:19.490|W|805740677|lpUCM [RemoteSails.cpp:SendWithRetry:185] Successfully wrote 1052 bytes
[m[0;32;32m2025-12-20 10:51:19.520|I|805740677|lpUCM [RemoteSails.cpp:HandleResponse:149] HandleResponse started, buffer size: 1048
[m[0;32;32m2025-12-20 10:51:19.520|I|805740677|lpUCM [RemoteSails.cpp:HandleResponse:158] Successfully deserialized response, status: 0, result code: 0
[m[0;32;31m2025-12-20 10:51:19.520|E|805740677|lpUCM [IpccProtoMessage.cpp:SerializeParams:112] m_offset, 451584
[m[1;33m2025-12-20 10:51:19.520|W|805740677|lpUCM [RemoteSails.cpp:SendWithRetry:185] Successfully wrote 1052 bytes
[m[0;32;32m2025-12-20 10:51:19.524|I|805740677|lpUCM [RemoteSails.cpp:HandleResponse:149] HandleResponse started, buffer size: 1048
[m[0;32;32m2025-12-20 10:51:19.524|I|805740677|lpUCM [RemoteSails.cpp:HandleResponse:158] Successfully deserialized response, status: 0, result code: 0
[m[0;32;31m2025-12-20 10:51:19.524|E|805740677|lpUCM [IpccProtoMessage.cpp:SerializeParams:112] m_offset, 452608
[m[1;33m2025-12-20 10:51:19.524|W|805740677|lpUCM [RemoteSails.cpp:SendWithRetry:185] Successfully wrote 1052 bytes
[m[0;32;32m2025-12-20 10:51:19.528|I|805740677|lpUCM [RemoteSails.cpp:HandleResponse:149] HandleResponse started, buffer size: 1048
[m[0;32;32m2025-12-20 10:51:19.528|I|805740677|lpUCM [RemoteSails.cpp:HandleResponse:158] Successfully deserialized response, status: 0, result code: 0
[m[0;32;31m2025-12-20 10:51:19.528|E|805740677|lpUCM [IpccProtoMessage.cpp:SerializeParams:112] m_offset, 453632
[m[1;33m2025-12-20 10:51:19.528|W|805740677|lpUCM [RemoteSails.cpp:SendWithRetry:185] Successfully wrote 1052 bytes
[m[0;32;32m2025-12-20 10:51:19.531|I|805740677|lpUCM [RemoteSails.cpp:HandleResponse:149] HandleResponse started, buffer size: 1048
[m[0;32;32m2025-12-20 10:51:19.531|I|805740677|lpUCM [RemoteSails.cpp:HandleResponse:158] Successfully deserialized response, status: 0, result code: 0
[m[0;32;31m2025-12-20 10:51:19.531|E|805740677|lpUCM [IpccProtoMessage.cpp:SerializeParams:112] m_offset, 454656
[m[1;33m2025-12-20 10:51:19.531|W|805740677|lpUCM [RemoteSails.cpp:SendWithRetry:185] Successfully wrote 1052 bytes
[m[0;32;32m2025-12-20 10:51:19.561|I|805740677|lpUCM [RemoteSails.cpp:HandleResponse:149] HandleResponse started, buffer size: 1048
[m[0;32;32m2025-12-20 10:51:19.561|I|805740677|lpUCM [RemoteSails.cpp:HandleResponse:158] Successfully deserialized response, status: 0, result code: 0
[m[0;32;31m2025-12-20 10:51:19.561|E|805740677|lpUCM [IpccProtoMessage.cpp:SerializeParams:112] m_offset, 455680
[m[1;33m2025-12-20 10:51:19.561|W|805740677|lpUCM [RemoteSails.cpp:SendWithRetry:185] Successfully wrote 1052 bytes
[m[0;32;32m2025-12-20 10:51:19.564|I|805740677|lpUCM [RemoteSails.cpp:HandleResponse:149] HandleResponse started, buffer size: 1048
[m[0;32;32m2025-12-20 10:51:19.564|I|805740677|lpUCM [RemoteSails.cpp:HandleResponse:158] Successfully deserialized response, status: 0, result code: 0
[m[0;32;31m2025-12-20 10:51:19.564|E|805740677|lpUCM [IpccProtoMessage.cpp:SerializeParams:112] m_offset, 456704
[m[1;33m2025-12-20 10:51:19.564|W|805740677|lpUCM [RemoteSails.cpp:SendWithRetry:185] Successfully wrote 1052 bytes
[m[0;32;32m2025-12-20 10:51:19.567|I|805740677|lpUCM [RemoteSails.cpp:HandleResponse:149] HandleResponse started, buffer size: 1048
[m[0;32;32m2025-12-20 10:51:19.567|I|805740677|lpUCM [RemoteSails.cpp:HandleResponse:158] Successfully deserialized response, status: 0, result code: 0
[m[0;32;31m2025-12-20 10:51:19.567|E|805740677|lpUCM [IpccProtoMessage.cpp:SerializeParams:112] m_offset, 457728
[m[1;33m2025-12-20 10:51:19.567|W|805740677|lpUCM [RemoteSails.cpp:SendWithRetry:185] Successfully wrote 1052 bytes
[m[0;32;32m2025-12-20 10:51:19.570|I|805740677|lpUCM [RemoteSails.cpp:HandleResponse:149] HandleResponse started, buffer size: 1048
[m[0;32;32m2025-12-20 10:51:19.570|I|805740677|lpUCM [RemoteSails.cpp:HandleResponse:158] Successfully deserialized response, status: 0, result code: 0
[m[0;32;32m2025-12-20 10:51:19.570|I|805740677|lpUCM [RemoteSails.cpp:SailWriteData:272] All data already trans size 16384
[m[0;32;32m2025-12-20 10:51:19.570|I|805740677|lpUCM [fds.cpp:FDS_OnLocalUpgProgress:248] total: 23, curr:22, percent:41, rop:93%
[m[0;32;32m2025-12-20 10:51:19.570|I|805740677|lpUCM [RemoteSails.cpp:SailWriteData:254] total data is 16384
[m[0;32;31m2025-12-20 10:51:19.570|E|805740677|lpUCM [IpccProtoMessage.cpp:SerializeParams:112] m_offset, 458752
[m[1;33m2025-12-20 10:51:19.570|W|805740677|lpUCM [RemoteSails.cpp:SendWithRetry:185] Successfully wrote 1052 bytes
[m[0;32;32m2025-12-20 10:51:19.600|I|805740677|lpUCM [RemoteSails.cpp:HandleResponse:149] HandleResponse started, buffer size: 1048
[m[0;32;32m2025-12-20 10:51:19.600|I|805740677|lpUCM [RemoteSails.cpp:HandleResponse:158] Successfully deserialized response, status: 0, result code: 0
[m[0;32;31m2025-12-20 10:51:19.600|E|805740677|lpUCM [IpccProtoMessage.cpp:SerializeParams:112] m_offset, 459776
[m[1;33m2025-12-20 10:51:19.600|W|805740677|lpUCM [RemoteSails.cpp:SendWithRetry:185] Successfully wrote 1052 bytes
[m[0;32;32m2025-12-20 10:51:19.606|I|805740677|lpUCM [RemoteSails.cpp:HandleResponse:149] HandleResponse started, buffer size: 1048
[m[0;32;32m2025-12-20 10:51:19.606|I|805740677|lpUCM [RemoteSails.cpp:HandleResponse:158] Successfully deserialized response, status: 0, result code: 0
[m[0;32;31m2025-12-20 10:51:19.606|E|805740677|lpUCM [IpccProtoMessage.cpp:SerializeParams:112] m_offset, 460800
[m[1;33m2025-12-20 10:51:19.606|W|805740677|lpUCM [RemoteSails.cpp:SendWithRetry:185] Successfully wrote 1052 bytes
[m[0;32;32m2025-12-20 10:51:19.609|I|805740677|lpUCM [RemoteSails.cpp:HandleResponse:149] HandleResponse started, buffer size: 1048
[m[0;32;32m2025-12-20 10:51:19.609|I|805740677|lpUCM [RemoteSails.cpp:HandleResponse:158] Successfully deserialized response, status: 0, result code: 0
[m[0;32;31m2025-12-20 10:51:19.609|E|805740677|lpUCM [IpccProtoMessage.cpp:SerializeParams:112] m_offset, 461824
[m[1;33m2025-12-20 10:51:19.609|W|805740677|lpUCM [RemoteSails.cpp:SendWithRetry:185] Successfully wrote 1052 bytes
[m[0;32;32m2025-12-20 10:51:19.612|I|805740677|lpUCM [RemoteSails.cpp:HandleResponse:149] HandleResponse started, buffer size: 1048
[m[0;32;32m2025-12-20 10:51:19.612|I|805740677|lpUCM [RemoteSails.cpp:HandleResponse:158] Successfully deserialized response, status: 0, result code: 0
[m[0;32;31m2025-12-20 10:51:19.612|E|805740677|lpUCM [IpccProtoMessage.cpp:SerializeParams:112] m_offset, 462848
[m[1;33m2025-12-20 10:51:19.612|W|805740677|lpUCM [RemoteSails.cpp:SendWithRetry:185] Successfully wrote 1052 bytes
[m[0;32;32m2025-12-20 10:51:19.648|I|805740677|lpUCM [RemoteSails.cpp:HandleResponse:149] HandleResponse started, buffer size: 1048
[m[0;32;32m2025-12-20 10:51:19.648|I|805740677|lpUCM [RemoteSails.cpp:HandleResponse:158] Successfully deserialized response, status: 0, result code: 0
[m[0;32;31m2025-12-20 10:51:19.648|E|805740677|lpUCM [IpccProtoMessage.cpp:SerializeParams:112] m_offset, 463872
[m[1;33m2025-12-20 10:51:19.648|W|805740677|lpUCM [RemoteSails.cpp:SendWithRetry:185] Successfully wrote 1052 bytes
[m[0;32;32m2025-12-20 10:51:19.652|I|805740677|lpUCM [RemoteSails.cpp:HandleResponse:149] HandleResponse started, buffer size: 1048
[m[0;32;32m2025-12-20 10:51:19.652|I|805740677|lpUCM [RemoteSails.cpp:HandleResponse:158] Successfully deserialized response, status: 0, result code: 0
[m[0;32;31m2025-12-20 10:51:19.652|E|805740677|lpUCM [IpccProtoMessage.cpp:SerializeParams:112] m_offset, 464896
[m[1;33m2025-12-20 10:51:19.652|W|805740677|lpUCM [RemoteSails.cpp:SendWithRetry:185] Successfully wrote 1052 bytes
[m[0;32;32m2025-12-20 10:51:19.655|I|805740677|lpUCM [RemoteSails.cpp:HandleResponse:149] HandleResponse started, buffer size: 1048
[m[0;32;32m2025-12-20 10:51:19.655|I|805740677|lpUCM [RemoteSails.cpp:HandleResponse:158] Successfully deserialized response, status: 0, result code: 0
[m[0;32;31m2025-12-20 10:51:19.655|E|805740677|lpUCM [IpccProtoMessage.cpp:SerializeParams:112] m_offset, 465920
[m[1;33m2025-12-20 10:51:19.655|W|805740677|lpUCM [RemoteSails.cpp:SendWithRetry:185] Successfully wrote 1052 bytes
[m[0;32;32m2025-12-20 10:51:19.659|I|805740677|lpUCM [RemoteSails.cpp:HandleResponse:149] HandleResponse started, buffer size: 1048
[m[0;32;32m2025-12-20 10:51:19.659|I|805740677|lpUCM [RemoteSails.cpp:HandleResponse:158] Successfully deserialized response, status: 0, result code: 0
[m[0;32;31m2025-12-20 10:51:19.659|E|805740677|lpUCM [IpccProtoMessage.cpp:SerializeParams:112] m_offset, 466944
[m[1;33m2025-12-20 10:51:19.659|W|805740677|lpUCM [RemoteSails.cpp:SendWithRetry:185] Successfully wrote 1052 bytes
[m[0;32;32m2025-12-20 10:51:19.688|I|805740677|lpUCM [RemoteSails.cpp:HandleResponse:149] HandleResponse started, buffer size: 1048
[m[0;32;32m2025-12-20 10:51:19.688|I|805740677|lpUCM [RemoteSails.cpp:HandleResponse:158] Successfully deserialized response, status: 0, result code: 0
[m[0;32;31m2025-12-20 10:51:19.688|E|805740677|lpUCM [IpccProtoMessage.cpp:SerializeParams:112] m_offset, 467968
[m[1;33m2025-12-20 10:51:19.688|W|805740677|lpUCM [RemoteSails.cpp:SendWithRetry:185] Successfully wrote 1052 bytes
[m[0;32;32m2025-12-20 10:51:19.692|I|805740677|lpUCM [RemoteSails.cpp:HandleResponse:149] HandleResponse started, buffer size: 1048
[m[0;32;32m2025-12-20 10:51:19.692|I|805740677|lpUCM [RemoteSails.cpp:HandleResponse:158] Successfully deserialized response, status: 0, result code: 0
[m[0;32;31m2025-12-20 10:51:19.692|E|805740677|lpUCM [IpccProtoMessage.cpp:SerializeParams:112] m_offset, 468992
[m[1;33m2025-12-20 10:51:19.692|W|805740677|lpUCM [RemoteSails.cpp:SendWithRetry:185] Successfully wrote 1052 bytes
[m[0;32;32m2025-12-20 10:51:19.695|I|805740677|lpUCM [RemoteSails.cpp:HandleResponse:149] HandleResponse started, buffer size: 1048
[m[0;32;32m2025-12-20 10:51:19.695|I|805740677|lpUCM [RemoteSails.cpp:HandleResponse:158] Successfully deserialized response, status: 0, result code: 0
[m[0;32;31m2025-12-20 10:51:19.695|E|805740677|lpUCM [IpccProtoMessage.cpp:SerializeParams:112] m_offset, 470016
[m[1;33m2025-12-20 10:51:19.695|W|805740677|lpUCM [RemoteSails.cpp:SendWithRetry:185] Successfully wrote 1052 bytes
[m[0;32;32m2025-12-20 10:51:19.699|I|805740677|lpUCM [RemoteSails.cpp:HandleResponse:149] HandleResponse started, buffer size: 1048
[m[0;32;32m2025-12-20 10:51:19.699|I|805740677|lpUCM [RemoteSails.cpp:HandleResponse:158] Successfully deserialized response, status: 0, result code: 0
[m[0;32;31m2025-12-20 10:51:19.699|E|805740677|lpUCM [IpccProtoMessage.cpp:SerializeParams:112] m_offset, 471040
[m[1;33m2025-12-20 10:51:19.699|W|805740677|lpUCM [RemoteSails.cpp:SendWithRetry:185] Successfully wrote 1052 bytes
[m[0;32;32m2025-12-20 10:51:19.730|I|805740677|lpUCM [RemoteSails.cpp:HandleResponse:149] HandleResponse started, buffer size: 1048
[m[0;32;32m2025-12-20 10:51:19.730|I|805740677|lpUCM [RemoteSails.cpp:HandleResponse:158] Successfully deserialized response, status: 0, result code: 0
[m[0;32;31m2025-12-20 10:51:19.730|E|805740677|lpUCM [IpccProtoMessage.cpp:SerializeParams:112] m_offset, 472064
[m[1;33m2025-12-20 10:51:19.730|W|805740677|lpUCM [RemoteSails.cpp:SendWithRetry:185] Successfully wrote 1052 bytes
[m[0;32;32m2025-12-20 10:51:19.736|I|805740677|lpUCM [RemoteSails.cpp:HandleResponse:149] HandleResponse started, buffer size: 1048
[m[0;32;32m2025-12-20 10:51:19.736|I|805740677|lpUCM [RemoteSails.cpp:HandleResponse:158] Successfully deserialized response, status: 0, result code: 0
[m[0;32;31m2025-12-20 10:51:19.736|E|805740677|lpUCM [IpccProtoMessage.cpp:SerializeParams:112] m_offset, 473088
[m[1;33m2025-12-20 10:51:19.736|W|805740677|lpUCM [RemoteSails.cpp:SendWithRetry:185] Successfully wrote 1052 bytes
[m[0;32;32m2025-12-20 10:51:19.739|I|805740677|lpUCM [RemoteSails.cpp:HandleResponse:149] HandleResponse started, buffer size: 1048
[m[0;32;32m2025-12-20 10:51:19.739|I|805740677|lpUCM [RemoteSails.cpp:HandleResponse:158] Successfully deserialized response, status: 0, result code: 0
[m[0;32;31m2025-12-20 10:51:19.739|E|805740677|lpUCM [IpccProtoMessage.cpp:SerializeParams:112] m_offset, 474112
[m[1;33m2025-12-20 10:51:19.739|W|805740677|lpUCM [RemoteSails.cpp:SendWithRetry:185] Successfully wrote 1052 bytes
[m[0;32;32m2025-12-20 10:51:19.745|I|805740677|lpUCM [RemoteSails.cpp:HandleResponse:149] HandleResponse started, buffer size: 1048
[m[0;32;32m2025-12-20 10:51:19.745|I|805740677|lpUCM [RemoteSails.cpp:HandleResponse:158] Successfully deserialized response, status: 0, result code: 0
[m[0;32;32m2025-12-20 10:51:19.745|I|805740677|lpUCM [RemoteSails.cpp:SailWriteData:272] All data already trans size 16384
[m[0;32;32m2025-12-20 10:51:19.745|I|805740677|lpUCM [fds.cpp:FDS_OnLocalUpgProgress:248] total: 23, curr:22, percent:42, rop:93%
[m[0;32;32m2025-12-20 10:51:19.745|I|805740677|lpUCM [RemoteSails.cpp:SailWriteData:254] total data is 16384
[m[0;32;31m2025-12-20 10:51:19.745|E|805740677|lpUCM [IpccProtoMessage.cpp:SerializeParams:112] m_offset, 475136
[m[1;33m2025-12-20 10:51:19.745|W|805740677|lpUCM [RemoteSails.cpp:SendWithRetry:185] Successfully wrote 1052 bytes
[m[0;32;32m2025-12-20 10:51:19.775|I|805740677|lpUCM [RemoteSails.cpp:HandleResponse:149] HandleResponse started, buffer size: 1048
[m[0;32;32m2025-12-20 10:51:19.775|I|805740677|lpUCM [RemoteSails.cpp:HandleResponse:158] Successfully deserialized response, status: 0, result code: 0
[m[0;32;31m2025-12-20 10:51:19.775|E|805740677|lpUCM [IpccProtoMessage.cpp:SerializeParams:112] m_offset, 476160
[m[1;33m2025-12-20 10:51:19.775|W|805740677|lpUCM [RemoteSails.cpp:SendWithRetry:185] Successfully wrote 1052 bytes
[m[0;32;32m2025-12-20 10:51:19.778|I|805740677|lpUCM [RemoteSails.cpp:HandleResponse:149] HandleResponse started, buffer size: 1048
[m[0;32;32m2025-12-20 10:51:19.778|I|805740677|lpUCM [RemoteSails.cpp:HandleResponse:158] Successfully deserialized response, status: 0, result code: 0
[m[0;32;31m2025-12-20 10:51:19.778|E|805740677|lpUCM [IpccProtoMessage.cpp:SerializeParams:112] m_offset, 477184
[m[1;33m2025-12-20 10:51:19.778|W|805740677|lpUCM [RemoteSails.cpp:SendWithRetry:185] Successfully wrote 1052 bytes
[m[0;32;32m2025-12-20 10:51:19.781|I|805740677|lpUCM [RemoteSails.cpp:HandleResponse:149] HandleResponse started, buffer size: 1048
[m[0;32;32m2025-12-20 10:51:19.781|I|805740677|lpUCM [RemoteSails.cpp:HandleResponse:158] Successfully deserialized response, status: 0, result code: 0
[m[0;32;31m2025-12-20 10:51:19.781|E|805740677|lpUCM [IpccProtoMessage.cpp:SerializeParams:112] m_offset, 478208
[m[1;33m2025-12-20 10:51:19.781|W|805740677|lpUCM [RemoteSails.cpp:SendWithRetry:185] Successfully wrote 1052 bytes
[m[0;32;32m2025-12-20 10:51:19.784|I|805740677|lpUCM [RemoteSails.cpp:HandleResponse:149] HandleResponse started, buffer size: 1048
[m[0;32;32m2025-12-20 10:51:19.784|I|805740677|lpUCM [RemoteSails.cpp:HandleResponse:158] Successfully deserialized response, status: 0, result code: 0
[m[0;32;31m2025-12-20 10:51:19.784|E|805740677|lpUCM [IpccProtoMessage.cpp:SerializeParams:112] m_offset, 479232
[m[1;33m2025-12-20 10:51:19.784|W|805740677|lpUCM [RemoteSails.cpp:SendWithRetry:185] Successfully wrote 1052 bytes
[m[0;32;32m2025-12-20 10:51:19.819|I|805740677|lpUCM [RemoteSails.cpp:HandleResponse:149] HandleResponse started, buffer size: 1048
[m[0;32;32m2025-12-20 10:51:19.819|I|805740677|lpUCM [RemoteSails.cpp:HandleResponse:158] Successfully deserialized response, status: 0, result code: 0
[m[0;32;31m2025-12-20 10:51:19.819|E|805740677|lpUCM [IpccProtoMessage.cpp:SerializeParams:112] m_offset, 480256
[m[1;33m2025-12-20 10:51:19.819|W|805740677|lpUCM [RemoteSails.cpp:SendWithRetry:185] Successfully wrote 1052 bytes
[m[0;32;32m2025-12-20 10:51:19.825|I|805740677|lpUCM [RemoteSails.cpp:HandleResponse:149] HandleResponse started, buffer size: 1048
[m[0;32;32m2025-12-20 10:51:19.825|I|805740677|lpUCM [RemoteSails.cpp:HandleResponse:158] Successfully deserialized response, status: 0, result code: 0
[m[0;32;31m2025-12-20 10:51:19.825|E|805740677|lpUCM [IpccProtoMessage.cpp:SerializeParams:112] m_offset, 481280
[m[1;33m2025-12-20 10:51:19.825|W|805740677|lpUCM [RemoteSails.cpp:SendWithRetry:185] Successfully wrote 1052 bytes
[m[0;32;32m2025-12-20 10:51:19.829|I|805740677|lpUCM [RemoteSails.cpp:HandleResponse:149] HandleResponse started, buffer size: 1048
[m[0;32;32m2025-12-20 10:51:19.829|I|805740677|lpUCM [RemoteSails.cpp:HandleResponse:158] Successfully deserialized response, status: 0, result code: 0
[m[0;32;31m2025-12-20 10:51:19.829|E|805740677|lpUCM [IpccProtoMessage.cpp:SerializeParams:112] m_offset, 482304
[m[1;33m2025-12-20 10:51:19.829|W|805740677|lpUCM [RemoteSails.cpp:SendWithRetry:185] Successfully wrote 1052 bytes
[m[0;32;32m2025-12-20 10:51:19.833|I|805740677|lpUCM [RemoteSails.cpp:HandleResponse:149] HandleResponse started, buffer size: 1048
[m[0;32;32m2025-12-20 10:51:19.833|I|805740677|lpUCM [RemoteSails.cpp:HandleResponse:158] Successfully deserialized response, status: 0, result code: 0
[m[0;32;31m2025-12-20 10:51:19.833|E|805740677|lpUCM [IpccProtoMessage.cpp:SerializeParams:112] m_offset, 483328
[m[1;33m2025-12-20 10:51:19.833|W|805740677|lpUCM [RemoteSails.cpp:SendWithRetry:185] Successfully wrote 1052 bytes
[m[0;32;32m2025-12-20 10:51:19.863|I|805740677|lpUCM [RemoteSails.cpp:HandleResponse:149] HandleResponse started, buffer size: 1048
[m[0;32;32m2025-12-20 10:51:19.863|I|805740677|lpUCM [RemoteSails.cpp:HandleResponse:158] Successfully deserialized response, status: 0, result code: 0
[m[0;32;31m2025-12-20 10:51:19.863|E|805740677|lpUCM [IpccProtoMessage.cpp:SerializeParams:112] m_offset, 484352
[m[1;33m2025-12-20 10:51:19.863|W|805740677|lpUCM [RemoteSails.cpp:SendWithRetry:185] Successfully wrote 1052 bytes
[m[0;32;32m2025-12-20 10:51:19.867|I|805740677|lpUCM [RemoteSails.cpp:HandleResponse:149] HandleResponse started, buffer size: 1048
[m[0;32;32m2025-12-20 10:51:19.867|I|805740677|lpUCM [RemoteSails.cpp:HandleResponse:158] Successfully deserialized response, status: 0, result code: 0
[m[0;32;31m2025-12-20 10:51:19.867|E|805740677|lpUCM [IpccProtoMessage.cpp:SerializeParams:112] m_offset, 485376
[m[1;33m2025-12-20 10:51:19.867|W|805740677|lpUCM [RemoteSails.cpp:SendWithRetry:185] Successfully wrote 1052 bytes
[m[0;32;32m2025-12-20 10:51:19.871|I|805740677|lpUCM [RemoteSails.cpp:HandleResponse:149] HandleResponse started, buffer size: 1048
[m[0;32;32m2025-12-20 10:51:19.871|I|805740677|lpUCM [RemoteSails.cpp:HandleResponse:158] Successfully deserialized response, status: 0, result code: 0
[m[0;32;31m2025-12-20 10:51:19.871|E|805740677|lpUCM [IpccProtoMessage.cpp:SerializeParams:112] m_offset, 486400
[m[1;33m2025-12-20 10:51:19.871|W|805740677|lpUCM [RemoteSails.cpp:SendWithRetry:185] Successfully wrote 1052 bytes
[m[0;32;32m2025-12-20 10:51:19.877|I|805740677|lpUCM [RemoteSails.cpp:HandleResponse:149] HandleResponse started, buffer size: 1048
[m[0;32;32m2025-12-20 10:51:19.877|I|805740677|lpUCM [RemoteSails.cpp:HandleResponse:158] Successfully deserialized response, status: 0, result code: 0
[m[0;32;31m2025-12-20 10:51:19.877|E|805740677|lpUCM [IpccProtoMessage.cpp:SerializeParams:112] m_offset, 487424
[m[1;33m2025-12-20 10:51:19.877|W|805740677|lpUCM [RemoteSails.cpp:SendWithRetry:185] Successfully wrote 1052 bytes
[m[0;32;32m2025-12-20 10:51:19.911|I|805740677|lpUCM [RemoteSails.cpp:HandleResponse:149] HandleResponse started, buffer size: 1048
[m[0;32;32m2025-12-20 10:51:19.911|I|805740677|lpUCM [RemoteSails.cpp:HandleResponse:158] Successfully deserialized response, status: 0, result code: 0
[m[0;32;31m2025-12-20 10:51:19.911|E|805740677|lpUCM [IpccProtoMessage.cpp:SerializeParams:112] m_offset, 488448
[m[1;33m2025-12-20 10:51:19.911|W|805740677|lpUCM [RemoteSails.cpp:SendWithRetry:185] Successfully wrote 1052 bytes
[m[0;32;32m2025-12-20 10:51:19.914|I|805740677|lpUCM [RemoteSails.cpp:HandleResponse:149] HandleResponse started, buffer size: 1048
[m[0;32;32m2025-12-20 10:51:19.914|I|805740677|lpUCM [RemoteSails.cpp:HandleResponse:158] Successfully deserialized response, status: 0, result code: 0
[m[0;32;31m2025-12-20 10:51:19.914|E|805740677|lpUCM [IpccProtoMessage.cpp:SerializeParams:112] m_offset, 489472
[m[1;33m2025-12-20 10:51:19.914|W|805740677|lpUCM [RemoteSails.cpp:SendWithRetry:185] Successfully wrote 1052 bytes
[m[0;32;32m2025-12-20 10:51:19.917|I|805740677|lpUCM [RemoteSails.cpp:HandleResponse:149] HandleResponse started, buffer size: 1048
[m[0;32;32m2025-12-20 10:51:19.917|I|805740677|lpUCM [RemoteSails.cpp:HandleResponse:158] Successfully deserialized response, status: 0, result code: 0
[m[0;32;31m2025-12-20 10:51:19.917|E|805740677|lpUCM [IpccProtoMessage.cpp:SerializeParams:112] m_offset, 490496
[m[1;33m2025-12-20 10:51:19.917|W|805740677|lpUCM [RemoteSails.cpp:SendWithRetry:185] Successfully wrote 1052 bytes
[m[0;32;32m2025-12-20 10:51:19.920|I|805740677|lpUCM [RemoteSails.cpp:HandleResponse:149] HandleResponse started, buffer size: 1048
[m[0;32;32m2025-12-20 10:51:19.920|I|805740677|lpUCM [RemoteSails.cpp:HandleResponse:158] Successfully deserialized response, status: 0, result code: 0
[m[0;32;32m2025-12-20 10:51:19.920|I|805740677|lpUCM [RemoteSails.cpp:SailWriteData:272] All data already trans size 16384
[m[0;32;32m2025-12-20 10:51:19.920|I|805740677|lpUCM [fds.cpp:FDS_OnLocalUpgProgress:248] total: 23, curr:22, percent:43, rop:93%
[m[0;32;32m2025-12-20 10:51:19.920|I|805740677|lpUCM [RemoteSails.cpp:SailWriteData:254] total data is 16384
[m[0;32;31m2025-12-20 10:51:19.920|E|805740677|lpUCM [IpccProtoMessage.cpp:SerializeParams:112] m_offset, 491520
[m[1;33m2025-12-20 10:51:19.920|W|805740677|lpUCM [RemoteSails.cpp:SendWithRetry:185] Successfully wrote 1052 bytes
[m[0;32;32m2025-12-20 10:51:19.953|I|805740677|lpUCM [RemoteSails.cpp:HandleResponse:149] HandleResponse started, buffer size: 1048
[m[0;32;32m2025-12-20 10:51:19.953|I|805740677|lpUCM [RemoteSails.cpp:HandleResponse:158] Successfully deserialized response, status: 0, result code: 0
[m[0;32;31m2025-12-20 10:51:19.953|E|805740677|lpUCM [IpccProtoMessage.cpp:SerializeParams:112] m_offset, 492544
[m[1;33m2025-12-20 10:51:19.953|W|805740677|lpUCM [RemoteSails.cpp:SendWithRetry:185] Successfully wrote 1052 bytes
[m[0;32;32m2025-12-20 10:51:19.956|I|805740677|lpUCM [RemoteSails.cpp:HandleResponse:149] HandleResponse started, buffer size: 1048
[m[0;32;32m2025-12-20 10:51:19.956|I|805740677|lpUCM [RemoteSails.cpp:HandleResponse:158] Successfully deserialized response, status: 0, result code: 0
[m[0;32;31m2025-12-20 10:51:19.956|E|805740677|lpUCM [IpccProtoMessage.cpp:SerializeParams:112] m_offset, 493568
[m[1;33m2025-12-20 10:51:19.956|W|805740677|lpUCM [RemoteSails.cpp:SendWithRetry:185] Successfully wrote 1052 bytes
[m[0;32;32m2025-12-20 10:51:19.959|I|805740677|lpUCM [RemoteSails.cpp:HandleResponse:149] HandleResponse started, buffer size: 1048
[m[0;32;32m2025-12-20 10:51:19.959|I|805740677|lpUCM [RemoteSails.cpp:HandleResponse:158] Successfully deserialized response, status: 0, result code: 0
[m[0;32;31m2025-12-20 10:51:19.959|E|805740677|lpUCM [IpccProtoMessage.cpp:SerializeParams:112] m_offset, 494592
[m[1;33m2025-12-20 10:51:19.959|W|805740677|lpUCM [RemoteSails.cpp:SendWithRetry:185] Successfully wrote 1052 bytes
[m[0;32;32m2025-12-20 10:51:19.962|I|805740677|lpUCM [RemoteSails.cpp:HandleResponse:149] HandleResponse started, buffer size: 1048
[m[0;32;32m2025-12-20 10:51:19.962|I|805740677|lpUCM [RemoteSails.cpp:HandleResponse:158] Successfully deserialized response, status: 0, result code: 0
[m[0;32;31m2025-12-20 10:51:19.962|E|805740677|lpUCM [IpccProtoMessage.cpp:SerializeParams:112] m_offset, 495616
[m[1;33m2025-12-20 10:51:19.962|W|805740677|lpUCM [RemoteSails.cpp:SendWithRetry:185] Successfully wrote 1052 bytes
[m[0;32;32m2025-12-20 10:51:19.993|I|805740677|lpUCM [RemoteSails.cpp:HandleResponse:149] HandleResponse started, buffer size: 1048
[m[0;32;32m2025-12-20 10:51:19.993|I|805740677|lpUCM [RemoteSails.cpp:HandleResponse:158] Successfully deserialized response, status: 0, result code: 0
[m[0;32;31m2025-12-20 10:51:19.993|E|805740677|lpUCM [IpccProtoMessage.cpp:SerializeParams:112] m_offset, 496640
[m[1;33m2025-12-20 10:51:19.993|W|805740677|lpUCM [RemoteSails.cpp:SendWithRetry:185] Successfully wrote 1052 bytes
[m[0;32;32m2025-12-20 10:51:19.997|I|805740677|lpUCM [RemoteSails.cpp:HandleResponse:149] HandleResponse started, buffer size: 1048
[m[0;32;32m2025-12-20 10:51:19.997|I|805740677|lpUCM [RemoteSails.cpp:HandleResponse:158] Successfully deserialized response, status: 0, result code: 0
[m[0;32;31m2025-12-20 10:51:19.997|E|805740677|lpUCM [IpccProtoMessage.cpp:SerializeParams:112] m_offset, 497664
[m[1;33m2025-12-20 10:51:19.997|W|805740677|lpUCM [RemoteSails.cpp:SendWithRetry:185] Successfully wrote 1052 bytes
[m[0;32;32m2025-12-20 10:51:20.0|I|805740677|lpUCM [RemoteSails.cpp:HandleResponse:149] HandleResponse started, buffer size: 1048
[m[0;32;32m2025-12-20 10:51:20.0|I|805740677|lpUCM [RemoteSails.cpp:HandleResponse:158] Successfully deserialized response, status: 0, result code: 0
[m[0;32;31m2025-12-20 10:51:20.0|E|805740677|lpUCM [IpccProtoMessage.cpp:SerializeParams:112] m_offset, 498688
[m[1;33m2025-12-20 10:51:20.0|W|805740677|lpUCM [RemoteSails.cpp:SendWithRetry:185] Successfully wrote 1052 bytes
[m[0;32;32m2025-12-20 10:51:20.3|I|805740677|lpUCM [RemoteSails.cpp:HandleResponse:149] HandleResponse started, buffer size: 1048
[m[0;32;32m2025-12-20 10:51:20.3|I|805740677|lpUCM [RemoteSails.cpp:HandleResponse:158] Successfully deserialized response, status: 0, result code: 0
[m[0;32;31m2025-12-20 10:51:20.3|E|805740677|lpUCM [IpccProtoMessage.cpp:SerializeParams:112] m_offset, 499712
[m[1;33m2025-12-20 10:51:20.3|W|805740677|lpUCM [RemoteSails.cpp:SendWithRetry:185] Successfully wrote 1052 bytes
[m[0;32;32m2025-12-20 10:51:20.33|I|805740677|lpUCM [RemoteSails.cpp:HandleResponse:149] HandleResponse started, buffer size: 1048
[m[0;32;32m2025-12-20 10:51:20.33|I|805740677|lpUCM [RemoteSails.cpp:HandleResponse:158] Successfully deserialized response, status: 0, result code: 0
[m[0;32;31m2025-12-20 10:51:20.33|E|805740677|lpUCM [IpccProtoMessage.cpp:SerializeParams:112] m_offset, 500736
[m[1;33m2025-12-20 10:51:20.33|W|805740677|lpUCM [RemoteSails.cpp:SendWithRetry:185] Successfully wrote 1052 bytes
[m[0;32;32m2025-12-20 10:51:20.36|I|805740677|lpUCM [RemoteSails.cpp:HandleResponse:149] HandleResponse started, buffer size: 1048
[m[0;32;32m2025-12-20 10:51:20.36|I|805740677|lpUCM [RemoteSails.cpp:HandleResponse:158] Successfully deserialized response, status: 0, result code: 0
[m[0;32;31m2025-12-20 10:51:20.36|E|805740677|lpUCM [IpccProtoMessage.cpp:SerializeParams:112] m_offset, 501760
[m[1;33m2025-12-20 10:51:20.36|W|805740677|lpUCM [RemoteSails.cpp:SendWithRetry:185] Successfully wrote 1052 bytes
[m[0;32;32m2025-12-20 10:51:20.39|I|805740677|lpUCM [RemoteSails.cpp:HandleResponse:149] HandleResponse started, buffer size: 1048
[m[0;32;32m2025-12-20 10:51:20.39|I|805740677|lpUCM [RemoteSails.cpp:HandleResponse:158] Successfully deserialized response, status: 0, result code: 0
[m[0;32;31m2025-12-20 10:51:20.39|E|805740677|lpUCM [IpccProtoMessage.cpp:SerializeParams:112] m_offset, 502784
[m[1;33m2025-12-20 10:51:20.39|W|805740677|lpUCM [RemoteSails.cpp:SendWithRetry:185] Successfully wrote 1052 bytes
[m[0;32;32m2025-12-20 10:51:20.42|I|805740677|lpUCM [RemoteSails.cpp:HandleResponse:149] HandleResponse started, buffer size: 1048
[m[0;32;32m2025-12-20 10:51:20.42|I|805740677|lpUCM [RemoteSails.cpp:HandleResponse:158] Successfully deserialized response, status: 0, result code: 0
[m[0;32;31m2025-12-20 10:51:20.42|E|805740677|lpUCM [IpccProtoMessage.cpp:SerializeParams:112] m_offset, 503808
[m[1;33m2025-12-20 10:51:20.42|W|805740677|lpUCM [RemoteSails.cpp:SendWithRetry:185] Successfully wrote 1052 bytes
[m[0;32;32m2025-12-20 10:51:20.74|I|805740677|lpUCM [RemoteSails.cpp:HandleResponse:149] HandleResponse started, buffer size: 1048
[m[0;32;32m2025-12-20 10:51:20.74|I|805740677|lpUCM [RemoteSails.cpp:HandleResponse:158] Successfully deserialized response, status: 0, result code: 0
[m[0;32;31m2025-12-20 10:51:20.74|E|805740677|lpUCM [IpccProtoMessage.cpp:SerializeParams:112] m_offset, 504832
[m[1;33m2025-12-20 10:51:20.74|W|805740677|lpUCM [RemoteSails.cpp:SendWithRetry:185] Successfully wrote 1052 bytes
[m[0;32;32m2025-12-20 10:51:20.78|I|805740677|lpUCM [RemoteSails.cpp:HandleResponse:149] HandleResponse started, buffer size: 1048
[m[0;32;32m2025-12-20 10:51:20.78|I|805740677|lpUCM [RemoteSails.cpp:HandleResponse:158] Successfully deserialized response, status: 0, result code: 0
[m[0;32;31m2025-12-20 10:51:20.78|E|805740677|lpUCM [IpccProtoMessage.cpp:SerializeParams:112] m_offset, 505856
[m[1;33m2025-12-20 10:51:20.78|W|805740677|lpUCM [RemoteSails.cpp:SendWithRetry:185] Successfully wrote 1052 bytes
[m[0;32;32m2025-12-20 10:51:20.81|I|805740677|lpUCM [RemoteSails.cpp:HandleResponse:149] HandleResponse started, buffer size: 1048
[m[0;32;32m2025-12-20 10:51:20.81|I|805740677|lpUCM [RemoteSails.cpp:HandleResponse:158] Successfully deserialized response, status: 0, result code: 0
[m[0;32;31m2025-12-20 10:51:20.81|E|805740677|lpUCM [IpccProtoMessage.cpp:SerializeParams:112] m_offset, 506880
[m[1;33m2025-12-20 10:51:20.81|W|805740677|lpUCM [RemoteSails.cpp:SendWithRetry:185] Successfully wrote 1052 bytes
[m[0;32;32m2025-12-20 10:51:20.84|I|805740677|lpUCM [RemoteSails.cpp:HandleResponse:149] HandleResponse started, buffer size: 1048
[m[0;32;32m2025-12-20 10:51:20.84|I|805740677|lpUCM [RemoteSails.cpp:HandleResponse:158] Successfully deserialized response, status: 0, result code: 0
[m[0;32;32m2025-12-20 10:51:20.84|I|805740677|lpUCM [RemoteSails.cpp:SailWriteData:272] All data already trans size 16384
[m[0;32;32m2025-12-20 10:51:20.84|I|805740677|lpUCM [fds.cpp:FDS_OnLocalUpgProgress:248] total: 23, curr:22, percent:44, rop:93%
[m[0;32;32m2025-12-20 10:51:20.84|I|805740677|lpUCM [RemoteSails.cpp:SailWriteData:254] total data is 16384
[m[0;32;31m2025-12-20 10:51:20.84|E|805740677|lpUCM [IpccProtoMessage.cpp:SerializeParams:112] m_offset, 507904
[m[1;33m2025-12-20 10:51:20.84|W|805740677|lpUCM [RemoteSails.cpp:SendWithRetry:185] Successfully wrote 1052 bytes
[m[0;32;32m2025-12-20 10:51:20.116|I|805740677|lpUCM [RemoteSails.cpp:HandleResponse:149] HandleResponse started, buffer size: 1048
[m[0;32;32m2025-12-20 10:51:20.116|I|805740677|lpUCM [RemoteSails.cpp:HandleResponse:158] Successfully deserialized response, status: 0, result code: 0
[m[0;32;31m2025-12-20 10:51:20.116|E|805740677|lpUCM [IpccProtoMessage.cpp:SerializeParams:112] m_offset, 508928
[m[1;33m2025-12-20 10:51:20.116|W|805740677|lpUCM [RemoteSails.cpp:SendWithRetry:185] Successfully wrote 1052 bytes
[m[0;32;32m2025-12-20 10:51:20.119|I|805740677|lpUCM [RemoteSails.cpp:HandleResponse:149] HandleResponse started, buffer size: 1048
[m[0;32;32m2025-12-20 10:51:20.119|I|805740677|lpUCM [RemoteSails.cpp:HandleResponse:158] Successfully deserialized response, status: 0, result code: 0
[m[0;32;31m2025-12-20 10:51:20.119|E|805740677|lpUCM [IpccProtoMessage.cpp:SerializeParams:112] m_offset, 509952
[m[1;33m2025-12-20 10:51:20.119|W|805740677|lpUCM [RemoteSails.cpp:SendWithRetry:185] Successfully wrote 1052 bytes
[m[0;32;32m2025-12-20 10:51:20.122|I|805740677|lpUCM [RemoteSails.cpp:HandleResponse:149] HandleResponse started, buffer size: 1048
[m[0;32;32m2025-12-20 10:51:20.122|I|805740677|lpUCM [RemoteSails.cpp:HandleResponse:158] Successfully deserialized response, status: 0, result code: 0
[m[0;32;31m2025-12-20 10:51:20.122|E|805740677|lpUCM [IpccProtoMessage.cpp:SerializeParams:112] m_offset, 510976
[m[1;33m2025-12-20 10:51:20.122|W|805740677|lpUCM [RemoteSails.cpp:SendWithRetry:185] Successfully wrote 1052 bytes
[m[0;32;32m2025-12-20 10:51:20.125|I|805740677|lpUCM [RemoteSails.cpp:HandleResponse:149] HandleResponse started, buffer size: 1048
[m[0;32;32m2025-12-20 10:51:20.125|I|805740677|lpUCM [RemoteSails.cpp:HandleResponse:158] Successfully deserialized response, status: 0, result code: 0
[m[0;32;31m2025-12-20 10:51:20.125|E|805740677|lpUCM [IpccProtoMessage.cpp:SerializeParams:112] m_offset, 512000
[m[1;33m2025-12-20 10:51:20.125|W|805740677|lpUCM [RemoteSails.cpp:SendWithRetry:185] Successfully wrote 1052 bytes
[m[0;32;32m2025-12-20 10:51:20.158|I|805740677|lpUCM [RemoteSails.cpp:HandleResponse:149] HandleResponse started, buffer size: 1048
[m[0;32;32m2025-12-20 10:51:20.158|I|805740677|lpUCM [RemoteSails.cpp:HandleResponse:158] Successfully deserialized response, status: 0, result code: 0
[m[0;32;31m2025-12-20 10:51:20.158|E|805740677|lpUCM [IpccProtoMessage.cpp:SerializeParams:112] m_offset, 513024
[m[1;33m2025-12-20 10:51:20.158|W|805740677|lpUCM [RemoteSails.cpp:SendWithRetry:185] Successfully wrote 1052 bytes
[m[0;32;32m2025-12-20 10:51:20.161|I|805740677|lpUCM [RemoteSails.cpp:HandleResponse:149] HandleResponse started, buffer size: 1048
[m[0;32;32m2025-12-20 10:51:20.161|I|805740677|lpUCM [RemoteSails.cpp:HandleResponse:158] Successfully deserialized response, status: 0, result code: 0
[m[0;32;31m2025-12-20 10:51:20.161|E|805740677|lpUCM [IpccProtoMessage.cpp:SerializeParams:112] m_offset, 514048
[m[1;33m2025-12-20 10:51:20.161|W|805740677|lpUCM [RemoteSails.cpp:SendWithRetry:185] Successfully wrote 1052 bytes
[m[0;32;32m2025-12-20 10:51:20.164|I|805740677|lpUCM [RemoteSails.cpp:HandleResponse:149] HandleResponse started, buffer size: 1048
[m[0;32;32m2025-12-20 10:51:20.164|I|805740677|lpUCM [RemoteSails.cpp:HandleResponse:158] Successfully deserialized response, status: 0, result code: 0
[m[0;32;31m2025-12-20 10:51:20.164|E|805740677|lpUCM [IpccProtoMessage.cpp:SerializeParams:112] m_offset, 515072
[m[1;33m2025-12-20 10:51:20.164|W|805740677|lpUCM [RemoteSails.cpp:SendWithRetry:185] Successfully wrote 1052 bytes
[m[0;32;32m2025-12-20 10:51:20.167|I|805740677|lpUCM [RemoteSails.cpp:HandleResponse:149] HandleResponse started, buffer size: 1048
[m[0;32;32m2025-12-20 10:51:20.167|I|805740677|lpUCM [RemoteSails.cpp:HandleResponse:158] Successfully deserialized response, status: 0, result code: 0
[m[0;32;31m2025-12-20 10:51:20.167|E|805740677|lpUCM [IpccProtoMessage.cpp:SerializeParams:112] m_offset, 516096
[m[1;33m2025-12-20 10:51:20.167|W|805740677|lpUCM [RemoteSails.cpp:SendWithRetry:185] Successfully wrote 1052 bytes
[m[0;32;32m2025-12-20 10:51:20.200|I|805740677|lpUCM [RemoteSails.cpp:HandleResponse:149] HandleResponse started, buffer size: 1048
[m[0;32;32m2025-12-20 10:51:20.200|I|805740677|lpUCM [RemoteSails.cpp:HandleResponse:158] Successfully deserialized response, status: 0, result code: 0
[m[0;32;31m2025-12-20 10:51:20.200|E|805740677|lpUCM [IpccProtoMessage.cpp:SerializeParams:112] m_offset, 517120
[m[1;33m2025-12-20 10:51:20.200|W|805740677|lpUCM [RemoteSails.cpp:SendWithRetry:185] Successfully wrote 1052 bytes
[m[0;32;32m2025-12-20 10:51:20.204|I|805740677|lpUCM [RemoteSails.cpp:HandleResponse:149] HandleResponse started, buffer size: 1048
[m[0;32;32m2025-12-20 10:51:20.204|I|805740677|lpUCM [RemoteSails.cpp:HandleResponse:158] Successfully deserialized response, status: 0, result code: 0
[m[0;32;31m2025-12-20 10:51:20.204|E|805740677|lpUCM [IpccProtoMessage.cpp:SerializeParams:112] m_offset, 518144
[m[1;33m2025-12-20 10:51:20.204|W|805740677|lpUCM [RemoteSails.cpp:SendWithRetry:185] Successfully wrote 1052 bytes
[m[0;32;32m2025-12-20 10:51:20.208|I|805740677|lpUCM [RemoteSails.cpp:HandleResponse:149] HandleResponse started, buffer size: 1048
[m[0;32;32m2025-12-20 10:51:20.208|I|805740677|lpUCM [RemoteSails.cpp:HandleResponse:158] Successfully deserialized response, status: 0, result code: 0
[m[0;32;31m2025-12-20 10:51:20.208|E|805740677|lpUCM [IpccProtoMessage.cpp:SerializeParams:112] m_offset, 519168
[m[1;33m2025-12-20 10:51:20.208|W|805740677|lpUCM [RemoteSails.cpp:SendWithRetry:185] Successfully wrote 1052 bytes
[m[0;32;32m2025-12-20 10:51:20.212|I|805740677|lpUCM [RemoteSails.cpp:HandleResponse:149] HandleResponse started, buffer size: 1048
[m[0;32;32m2025-12-20 10:51:20.212|I|805740677|lpUCM [RemoteSails.cpp:HandleResponse:158] Successfully deserialized response, status: 0, result code: 0
[m[0;32;31m2025-12-20 10:51:20.212|E|805740677|lpUCM [IpccProtoMessage.cpp:SerializeParams:112] m_offset, 520192
[m[1;33m2025-12-20 10:51:20.212|W|805740677|lpUCM [RemoteSails.cpp:SendWithRetry:185] Successfully wrote 1052 bytes
[m[0;32;32m2025-12-20 10:51:20.243|I|805740677|lpUCM [RemoteSails.cpp:HandleResponse:149] HandleResponse started, buffer size: 1048
[m[0;32;32m2025-12-20 10:51:20.243|I|805740677|lpUCM [RemoteSails.cpp:HandleResponse:158] Successfully deserialized response, status: 0, result code: 0
[m[0;32;31m2025-12-20 10:51:20.243|E|805740677|lpUCM [IpccProtoMessage.cpp:SerializeParams:112] m_offset, 521216
[m[1;33m2025-12-20 10:51:20.243|W|805740677|lpUCM [RemoteSails.cpp:SendWithRetry:185] Successfully wrote 1052 bytes
[m[0;32;32m2025-12-20 10:51:20.246|I|805740677|lpUCM [RemoteSails.cpp:HandleResponse:149] HandleResponse started, buffer size: 1048
[m[0;32;32m2025-12-20 10:51:20.246|I|805740677|lpUCM [RemoteSails.cpp:HandleResponse:158] Successfully deserialized response, status: 0, result code: 0
[m[0;32;31m2025-12-20 10:51:20.246|E|805740677|lpUCM [IpccProtoMessage.cpp:SerializeParams:112] m_offset, 522240
[m[1;33m2025-12-20 10:51:20.246|W|805740677|lpUCM [RemoteSails.cpp:SendWithRetry:185] Successfully wrote 1052 bytes
[m[0;32;32m2025-12-20 10:51:20.249|I|805740677|lpUCM [RemoteSails.cpp:HandleResponse:149] HandleResponse started, buffer size: 1048
[m[0;32;32m2025-12-20 10:51:20.249|I|805740677|lpUCM [RemoteSails.cpp:HandleResponse:158] Successfully deserialized response, status: 0, result code: 0
[m[0;32;31m2025-12-20 10:51:20.249|E|805740677|lpUCM [IpccProtoMessage.cpp:SerializeParams:112] m_offset, 523264
[m[1;33m2025-12-20 10:51:20.249|W|805740677|lpUCM [RemoteSails.cpp:SendWithRetry:185] Successfully wrote 1052 bytes
[m[0;32;32m2025-12-20 10:51:20.253|I|805740677|lpUCM [RemoteSails.cpp:HandleResponse:149] HandleResponse started, buffer size: 1048
[m[0;32;32m2025-12-20 10:51:20.253|I|805740677|lpUCM [RemoteSails.cpp:HandleResponse:158] Successfully deserialized response, status: 0, result code: 0
[m[0;32;32m2025-12-20 10:51:20.253|I|805740677|lpUCM [RemoteSails.cpp:SailWriteData:272] All data already trans size 16384
[m[0;32;32m2025-12-20 10:51:20.253|I|805740677|lpUCM [fds.cpp:FDS_OnLocalUpgProgress:248] total: 23, curr:22, percent:45, rop:93%
[m[0;32;32m2025-12-20 10:51:20.253|I|805740677|lpUCM [RemoteSails.cpp:SailWriteData:254] total data is 16384
[m[0;32;31m2025-12-20 10:51:20.253|E|805740677|lpUCM [IpccProtoMessage.cpp:SerializeParams:112] m_offset, 524288
[m[1;33m2025-12-20 10:51:20.253|W|805740677|lpUCM [RemoteSails.cpp:SendWithRetry:185] Successfully wrote 1052 bytes
[m[0;32;32m2025-12-20 10:51:20.289|I|805740677|lpUCM [RemoteSails.cpp:HandleResponse:149] HandleResponse started, buffer size: 1048
[m[0;32;32m2025-12-20 10:51:20.289|I|805740677|lpUCM [RemoteSails.cpp:HandleResponse:158] Successfully deserialized response, status: 0, result code: 0
[m[0;32;31m2025-12-20 10:51:20.289|E|805740677|lpUCM [IpccProtoMessage.cpp:SerializeParams:112] m_offset, 525312
[m[1;33m2025-12-20 10:51:20.289|W|805740677|lpUCM [RemoteSails.cpp:SendWithRetry:185] Successfully wrote 1052 bytes
[m[0;32;32m2025-12-20 10:51:20.293|I|805740677|lpUCM [RemoteSails.cpp:HandleResponse:149] HandleResponse started, buffer size: 1048
[m[0;32;32m2025-12-20 10:51:20.293|I|805740677|lpUCM [RemoteSails.cpp:HandleResponse:158] Successfully deserialized response, status: 0, result code: 0
[m[0;32;31m2025-12-20 10:51:20.293|E|805740677|lpUCM [IpccProtoMessage.cpp:SerializeParams:112] m_offset, 526336
[m[1;33m2025-12-20 10:51:20.293|W|805740677|lpUCM [RemoteSails.cpp:SendWithRetry:185] Successfully wrote 1052 bytes
[m[0;32;32m2025-12-20 10:51:20.296|I|805740677|lpUCM [RemoteSails.cpp:HandleResponse:149] HandleResponse started, buffer size: 1048
[m[0;32;32m2025-12-20 10:51:20.296|I|805740677|lpUCM [RemoteSails.cpp:HandleResponse:158] Successfully deserialized response, status: 0, result code: 0
[m[0;32;31m2025-12-20 10:51:20.296|E|805740677|lpUCM [IpccProtoMessage.cpp:SerializeParams:112] m_offset, 527360
[m[1;33m2025-12-20 10:51:20.296|W|805740677|lpUCM [RemoteSails.cpp:SendWithRetry:185] Successfully wrote 1052 bytes
[m[0;32;32m2025-12-20 10:51:20.300|I|805740677|lpUCM [RemoteSails.cpp:HandleResponse:149] HandleResponse started, buffer size: 1048
[m[0;32;32m2025-12-20 10:51:20.300|I|805740677|lpUCM [RemoteSails.cpp:HandleResponse:158] Successfully deserialized response, status: 0, result code: 0
[m[0;32;31m2025-12-20 10:51:20.300|E|805740677|lpUCM [IpccProtoMessage.cpp:SerializeParams:112] m_offset, 528384
[m[1;33m2025-12-20 10:51:20.300|W|805740677|lpUCM [RemoteSails.cpp:SendWithRetry:185] Successfully wrote 1052 bytes
[m[0;32;32m2025-12-20 10:51:20.330|I|805740677|lpUCM [RemoteSails.cpp:HandleResponse:149] HandleResponse started, buffer size: 1048
[m[0;32;32m2025-12-20 10:51:20.330|I|805740677|lpUCM [RemoteSails.cpp:HandleResponse:158] Successfully deserialized response, status: 0, result code: 0
[m[0;32;31m2025-12-20 10:51:20.330|E|805740677|lpUCM [IpccProtoMessage.cpp:SerializeParams:112] m_offset, 529408
[m[1;33m2025-12-20 10:51:20.330|W|805740677|lpUCM [RemoteSails.cpp:SendWithRetry:185] Successfully wrote 1052 bytes
[m[0;32;32m2025-12-20 10:51:20.333|I|805740677|lpUCM [RemoteSails.cpp:HandleResponse:149] HandleResponse started, buffer size: 1048
[m[0;32;32m2025-12-20 10:51:20.333|I|805740677|lpUCM [RemoteSails.cpp:HandleResponse:158] Successfully deserialized response, status: 0, result code: 0
[m[0;32;31m2025-12-20 10:51:20.333|E|805740677|lpUCM [IpccProtoMessage.cpp:SerializeParams:112] m_offset, 530432
[m[1;33m2025-12-20 10:51:20.333|W|805740677|lpUCM [RemoteSails.cpp:SendWithRetry:185] Successfully wrote 1052 bytes
[m[0;32;32m2025-12-20 10:51:20.336|I|805740677|lpUCM [RemoteSails.cpp:HandleResponse:149] HandleResponse started, buffer size: 1048
[m[0;32;32m2025-12-20 10:51:20.336|I|805740677|lpUCM [RemoteSails.cpp:HandleResponse:158] Successfully deserialized response, status: 0, result code: 0
[m[0;32;31m2025-12-20 10:51:20.336|E|805740677|lpUCM [IpccProtoMessage.cpp:SerializeParams:112] m_offset, 531456
[m[1;33m2025-12-20 10:51:20.336|W|805740677|lpUCM [RemoteSails.cpp:SendWithRetry:185] Successfully wrote 1052 bytes
[m[0;32;32m2025-12-20 10:51:20.339|I|805740677|lpUCM [RemoteSails.cpp:HandleResponse:149] HandleResponse started, buffer size: 1048
[m[0;32;32m2025-12-20 10:51:20.339|I|805740677|lpUCM [RemoteSails.cpp:HandleResponse:158] Successfully deserialized response, status: 0, result code: 0
[m[0;32;31m2025-12-20 10:51:20.339|E|805740677|lpUCM [IpccProtoMessage.cpp:SerializeParams:112] m_offset, 532480
[m[1;33m2025-12-20 10:51:20.339|W|805740677|lpUCM [RemoteSails.cpp:SendWithRetry:185] Successfully wrote 1052 bytes
[m[0;32;32m2025-12-20 10:51:20.369|I|805740677|lpUCM [RemoteSails.cpp:HandleResponse:149] HandleResponse started, buffer size: 1048
[m[0;32;32m2025-12-20 10:51:20.369|I|805740677|lpUCM [RemoteSails.cpp:HandleResponse:158] Successfully deserialized response, status: 0, result code: 0
[m[0;32;31m2025-12-20 10:51:20.369|E|805740677|lpUCM [IpccProtoMessage.cpp:SerializeParams:112] m_offset, 533504
[m[1;33m2025-12-20 10:51:20.369|W|805740677|lpUCM [RemoteSails.cpp:SendWithRetry:185] Successfully wrote 1052 bytes
[m[0;32;32m2025-12-20 10:51:20.375|I|805740677|lpUCM [RemoteSails.cpp:HandleResponse:149] HandleResponse started, buffer size: 1048
[m[0;32;32m2025-12-20 10:51:20.375|I|805740677|lpUCM [RemoteSails.cpp:HandleResponse:158] Successfully deserialized response, status: 0, result code: 0
[m[0;32;31m2025-12-20 10:51:20.375|E|805740677|lpUCM [IpccProtoMessage.cpp:SerializeParams:112] m_offset, 534528
[m[1;33m2025-12-20 10:51:20.375|W|805740677|lpUCM [RemoteSails.cpp:SendWithRetry:185] Successfully wrote 1052 bytes
[m[0;32;32m2025-12-20 10:51:20.378|I|805740677|lpUCM [RemoteSails.cpp:HandleResponse:149] HandleResponse started, buffer size: 1048
[m[0;32;32m2025-12-20 10:51:20.378|I|805740677|lpUCM [RemoteSails.cpp:HandleResponse:158] Successfully deserialized response, status: 0, result code: 0
[m[0;32;31m2025-12-20 10:51:20.378|E|805740677|lpUCM [IpccProtoMessage.cpp:SerializeParams:112] m_offset, 535552
[m[1;33m2025-12-20 10:51:20.378|W|805740677|lpUCM [RemoteSails.cpp:SendWithRetry:185] Successfully wrote 1052 bytes
[m[0;32;32m2025-12-20 10:51:20.381|I|805740677|lpUCM [RemoteSails.cpp:HandleResponse:149] HandleResponse started, buffer size: 1048
[m[0;32;32m2025-12-20 10:51:20.381|I|805740677|lpUCM [RemoteSails.cpp:HandleResponse:158] Successfully deserialized response, status: 0, result code: 0
[m[0;32;31m2025-12-20 10:51:20.381|E|805740677|lpUCM [IpccProtoMessage.cpp:SerializeParams:112] m_offset, 536576
[m[1;33m2025-12-20 10:51:20.381|W|805740677|lpUCM [RemoteSails.cpp:SendWithRetry:185] Successfully wrote 1052 bytes
[m[0;32;32m2025-12-20 10:51:20.414|I|805740677|lpUCM [RemoteSails.cpp:HandleResponse:149] HandleResponse started, buffer size: 1048
[m[0;32;32m2025-12-20 10:51:20.414|I|805740677|lpUCM [RemoteSails.cpp:HandleResponse:158] Successfully deserialized response, status: 0, result code: 0
[m[0;32;31m2025-12-20 10:51:20.414|E|805740677|lpUCM [IpccProtoMessage.cpp:SerializeParams:112] m_offset, 537600
[m[1;33m2025-12-20 10:51:20.414|W|805740677|lpUCM [RemoteSails.cpp:SendWithRetry:185] Successfully wrote 1052 bytes
[m[0;32;32m2025-12-20 10:51:20.417|I|805740677|lpUCM [RemoteSails.cpp:HandleResponse:149] HandleResponse started, buffer size: 1048
[m[0;32;32m2025-12-20 10:51:20.417|I|805740677|lpUCM [RemoteSails.cpp:HandleResponse:158] Successfully deserialized response, status: 0, result code: 0
[m[0;32;31m2025-12-20 10:51:20.417|E|805740677|lpUCM [IpccProtoMessage.cpp:SerializeParams:112] m_offset, 538624
[m[1;33m2025-12-20 10:51:20.417|W|805740677|lpUCM [RemoteSails.cpp:SendWithRetry:185] Successfully wrote 1052 bytes
[m[0;32;32m2025-12-20 10:51:20.420|I|805740677|lpUCM [RemoteSails.cpp:HandleResponse:149] HandleResponse started, buffer size: 1048
[m[0;32;32m2025-12-20 10:51:20.420|I|805740677|lpUCM [RemoteSails.cpp:HandleResponse:158] Successfully deserialized response, status: 0, result code: 0
[m[0;32;31m2025-12-20 10:51:20.420|E|805740677|lpUCM [IpccProtoMessage.cpp:SerializeParams:112] m_offset, 539648
[m[1;33m2025-12-20 10:51:20.420|W|805740677|lpUCM [RemoteSails.cpp:SendWithRetry:185] Successfully wrote 1052 bytes
[m[0;32;32m2025-12-20 10:51:20.426|I|805740677|lpUCM [RemoteSails.cpp:HandleResponse:149] HandleResponse started, buffer size: 1048
[m[0;32;32m2025-12-20 10:51:20.426|I|805740677|lpUCM [RemoteSails.cpp:HandleResponse:158] Successfully deserialized response, status: 0, result code: 0
[m[0;32;32m2025-12-20 10:51:20.426|I|805740677|lpUCM [RemoteSails.cpp:SailWriteData:272] All data already trans size 16384
[m[0;32;32m2025-12-20 10:51:20.426|I|805740677|lpUCM [fds.cpp:FDS_OnLocalUpgProgress:248] total: 23, curr:22, percent:47, rop:93%
[m[0;32;32m2025-12-20 10:51:20.426|I|805740677|lpUCM [RemoteSails.cpp:SailWriteData:254] total data is 16384
[m[0;32;31m2025-12-20 10:51:20.426|E|805740677|lpUCM [IpccProtoMessage.cpp:SerializeParams:112] m_offset, 540672
[m[1;33m2025-12-20 10:51:20.426|W|805740677|lpUCM [RemoteSails.cpp:SendWithRetry:185] Successfully wrote 1052 bytes
[m[0;32;32m2025-12-20 10:51:20.455|I|805740677|lpUCM [RemoteSails.cpp:HandleResponse:149] HandleResponse started, buffer size: 1048
[m[0;32;32m2025-12-20 10:51:20.455|I|805740677|lpUCM [RemoteSails.cpp:HandleResponse:158] Successfully deserialized response, status: 0, result code: 0
[m[0;32;31m2025-12-20 10:51:20.455|E|805740677|lpUCM [IpccProtoMessage.cpp:SerializeParams:112] m_offset, 541696
[m[1;33m2025-12-20 10:51:20.455|W|805740677|lpUCM [RemoteSails.cpp:SendWithRetry:185] Successfully wrote 1052 bytes
[m[0;32;32m2025-12-20 10:51:20.458|I|805740677|lpUCM [RemoteSails.cpp:HandleResponse:149] HandleResponse started, buffer size: 1048
[m[0;32;32m2025-12-20 10:51:20.458|I|805740677|lpUCM [RemoteSails.cpp:HandleResponse:158] Successfully deserialized response, status: 0, result code: 0
[m[0;32;31m2025-12-20 10:51:20.458|E|805740677|lpUCM [IpccProtoMessage.cpp:SerializeParams:112] m_offset, 542720
[m[1;33m2025-12-20 10:51:20.458|W|805740677|lpUCM [RemoteSails.cpp:SendWithRetry:185] Successfully wrote 1052 bytes
[m[0;32;32m2025-12-20 10:51:20.462|I|805740677|lpUCM [RemoteSails.cpp:HandleResponse:149] HandleResponse started, buffer size: 1048
[m[0;32;32m2025-12-20 10:51:20.462|I|805740677|lpUCM [RemoteSails.cpp:HandleResponse:158] Successfully deserialized response, status: 0, result code: 0
[m[0;32;31m2025-12-20 10:51:20.462|E|805740677|lpUCM [IpccProtoMessage.cpp:SerializeParams:112] m_offset, 543744
[m[1;33m2025-12-20 10:51:20.462|W|805740677|lpUCM [RemoteSails.cpp:SendWithRetry:185] Successfully wrote 1052 bytes
[m[0;32;32m2025-12-20 10:51:20.465|I|805740677|lpUCM [RemoteSails.cpp:HandleResponse:149] HandleResponse started, buffer size: 1048
[m[0;32;32m2025-12-20 10:51:20.465|I|805740677|lpUCM [RemoteSails.cpp:HandleResponse:158] Successfully deserialized response, status: 0, result code: 0
[m[0;32;31m2025-12-20 10:51:20.465|E|805740677|lpUCM [IpccProtoMessage.cpp:SerializeParams:112] m_offset, 544768
[m[1;33m2025-12-20 10:51:20.465|W|805740677|lpUCM [RemoteSails.cpp:SendWithRetry:185] Successfully wrote 1052 bytes
[m[0;32;32m2025-12-20 10:51:20.496|I|805740677|lpUCM [RemoteSails.cpp:HandleResponse:149] HandleResponse started, buffer size: 1048
[m[0;32;32m2025-12-20 10:51:20.496|I|805740677|lpUCM [RemoteSails.cpp:HandleResponse:158] Successfully deserialized response, status: 0, result code: 0
[m[0;32;31m2025-12-20 10:51:20.496|E|805740677|lpUCM [IpccProtoMessage.cpp:SerializeParams:112] m_offset, 545792
[m[1;33m2025-12-20 10:51:20.496|W|805740677|lpUCM [RemoteSails.cpp:SendWithRetry:185] Successfully wrote 1052 bytes
[m[0;32;32m2025-12-20 10:51:20.499|I|805740677|lpUCM [RemoteSails.cpp:HandleResponse:149] HandleResponse started, buffer size: 1048
[m[0;32;32m2025-12-20 10:51:20.499|I|805740677|lpUCM [RemoteSails.cpp:HandleResponse:158] Successfully deserialized response, status: 0, result code: 0
[m[0;32;31m2025-12-20 10:51:20.499|E|805740677|lpUCM [IpccProtoMessage.cpp:SerializeParams:112] m_offset, 546816
[m[1;33m2025-12-20 10:51:20.499|W|805740677|lpUCM [RemoteSails.cpp:SendWithRetry:185] Successfully wrote 1052 bytes
[m[0;32;32m2025-12-20 10:51:20.503|I|805740677|lpUCM [RemoteSails.cpp:HandleResponse:149] HandleResponse started, buffer size: 1048
[m[0;32;32m2025-12-20 10:51:20.503|I|805740677|lpUCM [RemoteSails.cpp:HandleResponse:158] Successfully deserialized response, status: 0, result code: 0
[m[0;32;31m2025-12-20 10:51:20.503|E|805740677|lpUCM [IpccProtoMessage.cpp:SerializeParams:112] m_offset, 547840
[m[1;33m2025-12-20 10:51:20.503|W|805740677|lpUCM [RemoteSails.cpp:SendWithRetry:185] Successfully wrote 1052 bytes
[m[0;32;32m2025-12-20 10:51:20.506|I|805740677|lpUCM [RemoteSails.cpp:HandleResponse:149] HandleResponse started, buffer size: 1048
[m[0;32;32m2025-12-20 10:51:20.506|I|805740677|lpUCM [RemoteSails.cpp:HandleResponse:158] Successfully deserialized response, status: 0, result code: 0
[m[0;32;31m2025-12-20 10:51:20.506|E|805740677|lpUCM [IpccProtoMessage.cpp:SerializeParams:112] m_offset, 548864
[m[1;33m2025-12-20 10:51:20.506|W|805740677|lpUCM [RemoteSails.cpp:SendWithRetry:185] Successfully wrote 1052 bytes
[m[0;32;32m2025-12-20 10:51:20.539|I|805740677|lpUCM [RemoteSails.cpp:HandleResponse:149] HandleResponse started, buffer size: 1048
[m[0;32;32m2025-12-20 10:51:20.539|I|805740677|lpUCM [RemoteSails.cpp:HandleResponse:158] Successfully deserialized response, status: 0, result code: 0
[m[0;32;31m2025-12-20 10:51:20.539|E|805740677|lpUCM [IpccProtoMessage.cpp:SerializeParams:112] m_offset, 549888
[m[1;33m2025-12-20 10:51:20.539|W|805740677|lpUCM [RemoteSails.cpp:SendWithRetry:185] Successfully wrote 1052 bytes
[m[0;32;32m2025-12-20 10:51:20.542|I|805740677|lpUCM [RemoteSails.cpp:HandleResponse:149] HandleResponse started, buffer size: 1048
[m[0;32;32m2025-12-20 10:51:20.542|I|805740677|lpUCM [RemoteSails.cpp:HandleResponse:158] Successfully deserialized response, status: 0, result code: 0
[m[0;32;31m2025-12-20 10:51:20.542|E|805740677|lpUCM [IpccProtoMessage.cpp:SerializeParams:112] m_offset, 550912
[m[1;33m2025-12-20 10:51:20.542|W|805740677|lpUCM [RemoteSails.cpp:SendWithRetry:185] Successfully wrote 1052 bytes
[m[0;32;32m2025-12-20 10:51:20.545|I|805740677|lpUCM [RemoteSails.cpp:HandleResponse:149] HandleResponse started, buffer size: 1048
[m[0;32;32m2025-12-20 10:51:20.545|I|805740677|lpUCM [RemoteSails.cpp:HandleResponse:158] Successfully deserialized response, status: 0, result code: 0
[m[0;32;31m2025-12-20 10:51:20.545|E|805740677|lpUCM [IpccProtoMessage.cpp:SerializeParams:112] m_offset, 551936
[m[1;33m2025-12-20 10:51:20.545|W|805740677|lpUCM [RemoteSails.cpp:SendWithRetry:185] Successfully wrote 1052 bytes
[m[0;32;32m2025-12-20 10:51:20.548|I|805740677|lpUCM [RemoteSails.cpp:HandleResponse:149] HandleResponse started, buffer size: 1048
[m[0;32;32m2025-12-20 10:51:20.548|I|805740677|lpUCM [RemoteSails.cpp:HandleResponse:158] Successfully deserialized response, status: 0, result code: 0
[m[0;32;31m2025-12-20 10:51:20.548|E|805740677|lpUCM [IpccProtoMessage.cpp:SerializeParams:112] m_offset, 552960
[m[1;33m2025-12-20 10:51:20.548|W|805740677|lpUCM [RemoteSails.cpp:SendWithRetry:185] Successfully wrote 1052 bytes
[m[0;32;32m2025-12-20 10:51:20.578|I|805740677|lpUCM [RemoteSails.cpp:HandleResponse:149] HandleResponse started, buffer size: 1048
[m[0;32;32m2025-12-20 10:51:20.578|I|805740677|lpUCM [RemoteSails.cpp:HandleResponse:158] Successfully deserialized response, status: 0, result code: 0
[m[0;32;31m2025-12-20 10:51:20.578|E|805740677|lpUCM [IpccProtoMessage.cpp:SerializeParams:112] m_offset, 553984
[m[1;33m2025-12-20 10:51:20.578|W|805740677|lpUCM [RemoteSails.cpp:SendWithRetry:185] Successfully wrote 1052 bytes
[m[0;32;32m2025-12-20 10:51:20.581|I|805740677|lpUCM [RemoteSails.cpp:HandleResponse:149] HandleResponse started, buffer size: 1048
[m[0;32;32m2025-12-20 10:51:20.581|I|805740677|lpUCM [RemoteSails.cpp:HandleResponse:158] Successfully deserialized response, status: 0, result code: 0
[m[0;32;31m2025-12-20 10:51:20.581|E|805740677|lpUCM [IpccProtoMessage.cpp:SerializeParams:112] m_offset, 555008
[m[1;33m2025-12-20 10:51:20.581|W|805740677|lpUCM [RemoteSails.cpp:SendWithRetry:185] Successfully wrote 1052 bytes
[m[0;32;32m2025-12-20 10:51:20.584|I|805740677|lpUCM [RemoteSails.cpp:HandleResponse:149] HandleResponse started, buffer size: 1048
[m[0;32;32m2025-12-20 10:51:20.584|I|805740677|lpUCM [RemoteSails.cpp:HandleResponse:158] Successfully deserialized response, status: 0, result code: 0
[m[0;32;31m2025-12-20 10:51:20.584|E|805740677|lpUCM [IpccProtoMessage.cpp:SerializeParams:112] m_offset, 556032
[m[1;33m2025-12-20 10:51:20.584|W|805740677|lpUCM [RemoteSails.cpp:SendWithRetry:185] Successfully wrote 1052 bytes
[m[0;32;32m2025-12-20 10:51:20.587|I|805740677|lpUCM [RemoteSails.cpp:HandleResponse:149] HandleResponse started, buffer size: 1048
[m[0;32;32m2025-12-20 10:51:20.587|I|805740677|lpUCM [RemoteSails.cpp:HandleResponse:158] Successfully deserialized response, status: 0, result code: 0
[m[0;32;32m2025-12-20 10:51:20.587|I|805740677|lpUCM [RemoteSails.cpp:SailWriteData:272] All data already trans size 16384
[m[0;32;32m2025-12-20 10:51:20.587|I|805740677|lpUCM [fds.cpp:FDS_OnLocalUpgProgress:248] total: 23, curr:22, percent:48, rop:93%
[m[0;32;32m2025-12-20 10:51:20.587|I|805740677|lpUCM [RemoteSails.cpp:SailWriteData:254] total data is 16384
[m[0;32;31m2025-12-20 10:51:20.587|E|805740677|lpUCM [IpccProtoMessage.cpp:SerializeParams:112] m_offset, 557056
[m[1;33m2025-12-20 10:51:20.587|W|805740677|lpUCM [RemoteSails.cpp:SendWithRetry:185] Successfully wrote 1052 bytes
[m[0;32;32m2025-12-20 10:51:20.618|I|805740677|lpUCM [RemoteSails.cpp:HandleResponse:149] HandleResponse started, buffer size: 1048
[m[0;32;32m2025-12-20 10:51:20.618|I|805740677|lpUCM [RemoteSails.cpp:HandleResponse:158] Successfully deserialized response, status: 0, result code: 0
[m[0;32;31m2025-12-20 10:51:20.618|E|805740677|lpUCM [IpccProtoMessage.cpp:SerializeParams:112] m_offset, 558080
[m[1;33m2025-12-20 10:51:20.618|W|805740677|lpUCM [RemoteSails.cpp:SendWithRetry:185] Successfully wrote 1052 bytes
[m[0;32;32m2025-12-20 10:51:20.621|I|805740677|lpUCM [RemoteSails.cpp:HandleResponse:149] HandleResponse started, buffer size: 1048
[m[0;32;32m2025-12-20 10:51:20.621|I|805740677|lpUCM [RemoteSails.cpp:HandleResponse:158] Successfully deserialized response, status: 0, result code: 0
[m[0;32;31m2025-12-20 10:51:20.621|E|805740677|lpUCM [IpccProtoMessage.cpp:SerializeParams:112] m_offset, 559104
[m[1;33m2025-12-20 10:51:20.621|W|805740677|lpUCM [RemoteSails.cpp:SendWithRetry:185] Successfully wrote 1052 bytes
[m[0;32;32m2025-12-20 10:51:20.625|I|805740677|lpUCM [RemoteSails.cpp:HandleResponse:149] HandleResponse started, buffer size: 1048
[m[0;32;32m2025-12-20 10:51:20.625|I|805740677|lpUCM [RemoteSails.cpp:HandleResponse:158] Successfully deserialized response, status: 0, result code: 0
[m[0;32;31m2025-12-20 10:51:20.625|E|805740677|lpUCM [IpccProtoMessage.cpp:SerializeParams:112] m_offset, 560128
[m[1;33m2025-12-20 10:51:20.625|W|805740677|lpUCM [RemoteSails.cpp:SendWithRetry:185] Successfully wrote 1052 bytes
[m[0;32;32m2025-12-20 10:51:20.629|I|805740677|lpUCM [RemoteSails.cpp:HandleResponse:149] HandleResponse started, buffer size: 1048
[m[0;32;32m2025-12-20 10:51:20.629|I|805740677|lpUCM [RemoteSails.cpp:HandleResponse:158] Successfully deserialized response, status: 0, result code: 0
[m[0;32;31m2025-12-20 10:51:20.629|E|805740677|lpUCM [IpccProtoMessage.cpp:SerializeParams:112] m_offset, 561152
[m[1;33m2025-12-20 10:51:20.629|W|805740677|lpUCM [RemoteSails.cpp:SendWithRetry:185] Successfully wrote 1052 bytes
[m[0;32;32m2025-12-20 10:51:20.657|I|805740677|lpUCM [RemoteSails.cpp:HandleResponse:149] HandleResponse started, buffer size: 1048
[m[0;32;32m2025-12-20 10:51:20.657|I|805740677|lpUCM [RemoteSails.cpp:HandleResponse:158] Successfully deserialized response, status: 0, result code: 0
[m[0;32;31m2025-12-20 10:51:20.657|E|805740677|lpUCM [IpccProtoMessage.cpp:SerializeParams:112] m_offset, 562176
[m[1;33m2025-12-20 10:51:20.657|W|805740677|lpUCM [RemoteSails.cpp:SendWithRetry:185] Successfully wrote 1052 bytes
[m[0;32;32m2025-12-20 10:51:20.660|I|805740677|lpUCM [RemoteSails.cpp:HandleResponse:149] HandleResponse started, buffer size: 1048
[m[0;32;32m2025-12-20 10:51:20.660|I|805740677|lpUCM [RemoteSails.cpp:HandleResponse:158] Successfully deserialized response, status: 0, result code: 0
[m[0;32;31m2025-12-20 10:51:20.660|E|805740677|lpUCM [IpccProtoMessage.cpp:SerializeParams:112] m_offset, 563200
[m[1;33m2025-12-20 10:51:20.660|W|805740677|lpUCM [RemoteSails.cpp:SendWithRetry:185] Successfully wrote 1052 bytes
[m[0;32;32m2025-12-20 10:51:20.667|I|805740677|lpUCM [RemoteSails.cpp:HandleResponse:149] HandleResponse started, buffer size: 1048
[m[0;32;32m2025-12-20 10:51:20.667|I|805740677|lpUCM [RemoteSails.cpp:HandleResponse:158] Successfully deserialized response, status: 0, result code: 0
[m[0;32;31m2025-12-20 10:51:20.667|E|805740677|lpUCM [IpccProtoMessage.cpp:SerializeParams:112] m_offset, 564224
[m[1;33m2025-12-20 10:51:20.667|W|805740677|lpUCM [RemoteSails.cpp:SendWithRetry:185] Successfully wrote 1052 bytes
[m[0;32;32m2025-12-20 10:51:20.671|I|805740677|lpUCM [RemoteSails.cpp:HandleResponse:149] HandleResponse started, buffer size: 1048
[m[0;32;32m2025-12-20 10:51:20.671|I|805740677|lpUCM [RemoteSails.cpp:HandleResponse:158] Successfully deserialized response, status: 0, result code: 0
[m[0;32;31m2025-12-20 10:51:20.671|E|805740677|lpUCM [IpccProtoMessage.cpp:SerializeParams:112] m_offset, 565248
[m[1;33m2025-12-20 10:51:20.671|W|805740677|lpUCM [RemoteSails.cpp:SendWithRetry:185] Successfully wrote 1052 bytes
[m[0;32;32m2025-12-20 10:51:20.705|I|805740677|lpUCM [RemoteSails.cpp:HandleResponse:149] HandleResponse started, buffer size: 1048
[m[0;32;32m2025-12-20 10:51:20.705|I|805740677|lpUCM [RemoteSails.cpp:HandleResponse:158] Successfully deserialized response, status: 0, result code: 0
[m[0;32;31m2025-12-20 10:51:20.705|E|805740677|lpUCM [IpccProtoMessage.cpp:SerializeParams:112] m_offset, 566272
[m[1;33m2025-12-20 10:51:20.705|W|805740677|lpUCM [RemoteSails.cpp:SendWithRetry:185] Successfully wrote 1052 bytes
[m[0;32;32m2025-12-20 10:51:20.708|I|805740677|lpUCM [RemoteSails.cpp:HandleResponse:149] HandleResponse started, buffer size: 1048
[m[0;32;32m2025-12-20 10:51:20.708|I|805740677|lpUCM [RemoteSails.cpp:HandleResponse:158] Successfully deserialized response, status: 0, result code: 0
[m[0;32;31m2025-12-20 10:51:20.708|E|805740677|lpUCM [IpccProtoMessage.cpp:SerializeParams:112] m_offset, 567296
[m[1;33m2025-12-20 10:51:20.708|W|805740677|lpUCM [RemoteSails.cpp:SendWithRetry:185] Successfully wrote 1052 bytes
[m[0;32;32m2025-12-20 10:51:20.711|I|805740677|lpUCM [RemoteSails.cpp:HandleResponse:149] HandleResponse started, buffer size: 1048
[m[0;32;32m2025-12-20 10:51:20.711|I|805740677|lpUCM [RemoteSails.cpp:HandleResponse:158] Successfully deserialized response, status: 0, result code: 0
[m[0;32;31m2025-12-20 10:51:20.711|E|805740677|lpUCM [IpccProtoMessage.cpp:SerializeParams:112] m_offset, 568320
[m[1;33m2025-12-20 10:51:20.711|W|805740677|lpUCM [RemoteSails.cpp:SendWithRetry:185] Successfully wrote 1052 bytes
[m[0;32;32m2025-12-20 10:51:20.714|I|805740677|lpUCM [RemoteSails.cpp:HandleResponse:149] HandleResponse started, buffer size: 1048
[m[0;32;32m2025-12-20 10:51:20.714|I|805740677|lpUCM [RemoteSails.cpp:HandleResponse:158] Successfully deserialized response, status: 0, result code: 0
[m[0;32;31m2025-12-20 10:51:20.714|E|805740677|lpUCM [IpccProtoMessage.cpp:SerializeParams:112] m_offset, 569344
[m[1;33m2025-12-20 10:51:20.714|W|805740677|lpUCM [RemoteSails.cpp:SendWithRetry:185] Successfully wrote 1052 bytes
[m[0;32;32m2025-12-20 10:51:20.744|I|805740677|lpUCM [RemoteSails.cpp:HandleResponse:149] HandleResponse started, buffer size: 1048
[m[0;32;32m2025-12-20 10:51:20.744|I|805740677|lpUCM [RemoteSails.cpp:HandleResponse:158] Successfully deserialized response, status: 0, result code: 0
[m[0;32;31m2025-12-20 10:51:20.744|E|805740677|lpUCM [IpccProtoMessage.cpp:SerializeParams:112] m_offset, 570368
[m[1;33m2025-12-20 10:51:20.744|W|805740677|lpUCM [RemoteSails.cpp:SendWithRetry:185] Successfully wrote 1052 bytes
[m[0;32;32m2025-12-20 10:51:20.747|I|805740677|lpUCM [RemoteSails.cpp:HandleResponse:149] HandleResponse started, buffer size: 1048
[m[0;32;32m2025-12-20 10:51:20.747|I|805740677|lpUCM [RemoteSails.cpp:HandleResponse:158] Successfully deserialized response, status: 0, result code: 0
[m[0;32;31m2025-12-20 10:51:20.747|E|805740677|lpUCM [IpccProtoMessage.cpp:SerializeParams:112] m_offset, 571392
[m[1;33m2025-12-20 10:51:20.747|W|805740677|lpUCM [RemoteSails.cpp:SendWithRetry:185] Successfully wrote 1052 bytes
[m[0;32;32m2025-12-20 10:51:20.750|I|805740677|lpUCM [RemoteSails.cpp:HandleResponse:149] HandleResponse started, buffer size: 1048
[m[0;32;32m2025-12-20 10:51:20.750|I|805740677|lpUCM [RemoteSails.cpp:HandleResponse:158] Successfully deserialized response, status: 0, result code: 0
[m[0;32;31m2025-12-20 10:51:20.750|E|805740677|lpUCM [IpccProtoMessage.cpp:SerializeParams:112] m_offset, 572416
[m[1;33m2025-12-20 10:51:20.750|W|805740677|lpUCM [RemoteSails.cpp:SendWithRetry:185] Successfully wrote 1052 bytes
[m[0;32;32m2025-12-20 10:51:20.756|I|805740677|lpUCM [RemoteSails.cpp:HandleResponse:149] HandleResponse started, buffer size: 1048
[m[0;32;32m2025-12-20 10:51:20.756|I|805740677|lpUCM [RemoteSails.cpp:HandleResponse:158] Successfully deserialized response, status: 0, result code: 0
[m[0;32;32m2025-12-20 10:51:20.756|I|805740677|lpUCM [RemoteSails.cpp:SailWriteData:272] All data already trans size 16384
[m[0;32;32m2025-12-20 10:51:20.756|I|805740677|lpUCM [fds.cpp:FDS_OnLocalUpgProgress:248] total: 23, curr:22, percent:49, rop:93%
[m[0;32;32m2025-12-20 10:51:20.756|I|805740677|lpUCM [RemoteSails.cpp:SailWriteData:254] total data is 16384
[m[0;32;31m2025-12-20 10:51:20.756|E|805740677|lpUCM [IpccProtoMessage.cpp:SerializeParams:112] m_offset, 573440
[m[1;33m2025-12-20 10:51:20.756|W|805740677|lpUCM [RemoteSails.cpp:SendWithRetry:185] Successfully wrote 1052 bytes
[m[0;32;32m2025-12-20 10:51:20.786|I|805740677|lpUCM [RemoteSails.cpp:HandleResponse:149] HandleResponse started, buffer size: 1048
[m[0;32;32m2025-12-20 10:51:20.786|I|805740677|lpUCM [RemoteSails.cpp:HandleResponse:158] Successfully deserialized response, status: 0, result code: 0
[m[0;32;31m2025-12-20 10:51:20.786|E|805740677|lpUCM [IpccProtoMessage.cpp:SerializeParams:112] m_offset, 574464
[m[1;33m2025-12-20 10:51:20.786|W|805740677|lpUCM [RemoteSails.cpp:SendWithRetry:185] Successfully wrote 1052 bytes
[m[0;32;32m2025-12-20 10:51:20.789|I|805740677|lpUCM [RemoteSails.cpp:HandleResponse:149] HandleResponse started, buffer size: 1048
[m[0;32;32m2025-12-20 10:51:20.789|I|805740677|lpUCM [RemoteSails.cpp:HandleResponse:158] Successfully deserialized response, status: 0, result code: 0
[m[0;32;31m2025-12-20 10:51:20.789|E|805740677|lpUCM [IpccProtoMessage.cpp:SerializeParams:112] m_offset, 575488
[m[1;33m2025-12-20 10:51:20.789|W|805740677|lpUCM [RemoteSails.cpp:SendWithRetry:185] Successfully wrote 1052 bytes
[m[0;32;32m2025-12-20 10:51:20.795|I|805740677|lpUCM [RemoteSails.cpp:HandleResponse:149] HandleResponse started, buffer size: 1048
[m[0;32;32m2025-12-20 10:51:20.795|I|805740677|lpUCM [RemoteSails.cpp:HandleResponse:158] Successfully deserialized response, status: 0, result code: 0
[m[0;32;31m2025-12-20 10:51:20.795|E|805740677|lpUCM [IpccProtoMessage.cpp:SerializeParams:112] m_offset, 576512
[m[1;33m2025-12-20 10:51:20.795|W|805740677|lpUCM [RemoteSails.cpp:SendWithRetry:185] Successfully wrote 1052 bytes
[m[0;32;32m2025-12-20 10:51:20.798|I|805740677|lpUCM [RemoteSails.cpp:HandleResponse:149] HandleResponse started, buffer size: 1048
[m[0;32;32m2025-12-20 10:51:20.798|I|805740677|lpUCM [RemoteSails.cpp:HandleResponse:158] Successfully deserialized response, status: 0, result code: 0
[m[0;32;31m2025-12-20 10:51:20.798|E|805740677|lpUCM [IpccProtoMessage.cpp:SerializeParams:112] m_offset, 577536
[m[1;33m2025-12-20 10:51:20.798|W|805740677|lpUCM [RemoteSails.cpp:SendWithRetry:185] Successfully wrote 1052 bytes
[m[0;32;32m2025-12-20 10:51:20.828|I|805740677|lpUCM [RemoteSails.cpp:HandleResponse:149] HandleResponse started, buffer size: 1048
[m[0;32;32m2025-12-20 10:51:20.828|I|805740677|lpUCM [RemoteSails.cpp:HandleResponse:158] Successfully deserialized response, status: 0, result code: 0
[m[0;32;31m2025-12-20 10:51:20.828|E|805740677|lpUCM [IpccProtoMessage.cpp:SerializeParams:112] m_offset, 578560
[m[1;33m2025-12-20 10:51:20.828|W|805740677|lpUCM [RemoteSails.cpp:SendWithRetry:185] Successfully wrote 1052 bytes
[m[0;32;32m2025-12-20 10:51:20.831|I|805740677|lpUCM [RemoteSails.cpp:HandleResponse:149] HandleResponse started, buffer size: 1048
[m[0;32;32m2025-12-20 10:51:20.831|I|805740677|lpUCM [RemoteSails.cpp:HandleResponse:158] Successfully deserialized response, status: 0, result code: 0
[m[0;32;31m2025-12-20 10:51:20.831|E|805740677|lpUCM [IpccProtoMessage.cpp:SerializeParams:112] m_offset, 579584
[m[1;33m2025-12-20 10:51:20.831|W|805740677|lpUCM [RemoteSails.cpp:SendWithRetry:185] Successfully wrote 1052 bytes
[m[0;32;32m2025-12-20 10:51:20.834|I|805740677|lpUCM [RemoteSails.cpp:HandleResponse:149] HandleResponse started, buffer size: 1048
[m[0;32;32m2025-12-20 10:51:20.834|I|805740677|lpUCM [RemoteSails.cpp:HandleResponse:158] Successfully deserialized response, status: 0, result code: 0
[m[0;32;31m2025-12-20 10:51:20.834|E|805740677|lpUCM [IpccProtoMessage.cpp:SerializeParams:112] m_offset, 580608
[m[1;33m2025-12-20 10:51:20.834|W|805740677|lpUCM [RemoteSails.cpp:SendWithRetry:185] Successfully wrote 1052 bytes
[m[0;32;32m2025-12-20 10:51:20.837|I|805740677|lpUCM [RemoteSails.cpp:HandleResponse:149] HandleResponse started, buffer size: 1048
[m[0;32;32m2025-12-20 10:51:20.837|I|805740677|lpUCM [RemoteSails.cpp:HandleResponse:158] Successfully deserialized response, status: 0, result code: 0
[m[0;32;31m2025-12-20 10:51:20.837|E|805740677|lpUCM [IpccProtoMessage.cpp:SerializeParams:112] m_offset, 581632
[m[1;33m2025-12-20 10:51:20.837|W|805740677|lpUCM [RemoteSails.cpp:SendWithRetry:185] Successfully wrote 1052 bytes
[m[0;32;32m2025-12-20 10:51:20.867|I|805740677|lpUCM [RemoteSails.cpp:HandleResponse:149] HandleResponse started, buffer size: 1048
[m[0;32;32m2025-12-20 10:51:20.867|I|805740677|lpUCM [RemoteSails.cpp:HandleResponse:158] Successfully deserialized response, status: 0, result code: 0
[m[0;32;31m2025-12-20 10:51:20.867|E|805740677|lpUCM [IpccProtoMessage.cpp:SerializeParams:112] m_offset, 582656
[m[1;33m2025-12-20 10:51:20.867|W|805740677|lpUCM [RemoteSails.cpp:SendWithRetry:185] Successfully wrote 1052 bytes
[m[0;32;32m2025-12-20 10:51:20.871|I|805740677|lpUCM [RemoteSails.cpp:HandleResponse:149] HandleResponse started, buffer size: 1048
[m[0;32;32m2025-12-20 10:51:20.871|I|805740677|lpUCM [RemoteSails.cpp:HandleResponse:158] Successfully deserialized response, status: 0, result code: 0
[m[0;32;31m2025-12-20 10:51:20.871|E|805740677|lpUCM [IpccProtoMessage.cpp:SerializeParams:112] m_offset, 583680
[m[1;33m2025-12-20 10:51:20.871|W|805740677|lpUCM [RemoteSails.cpp:SendWithRetry:185] Successfully wrote 1052 bytes
[m[0;32;32m2025-12-20 10:51:20.878|I|805740677|lpUCM [RemoteSails.cpp:HandleResponse:149] HandleResponse started, buffer size: 1048
[m[0;32;32m2025-12-20 10:51:20.878|I|805740677|lpUCM [RemoteSails.cpp:HandleResponse:158] Successfully deserialized response, status: 0, result code: 0
[m[0;32;31m2025-12-20 10:51:20.878|E|805740677|lpUCM [IpccProtoMessage.cpp:SerializeParams:112] m_offset, 584704
[m[1;33m2025-12-20 10:51:20.878|W|805740677|lpUCM [RemoteSails.cpp:SendWithRetry:185] Successfully wrote 1052 bytes
[m[0;32;32m2025-12-20 10:51:20.881|I|805740677|lpUCM [RemoteSails.cpp:HandleResponse:149] HandleResponse started, buffer size: 1048
[m[0;32;32m2025-12-20 10:51:20.881|I|805740677|lpUCM [RemoteSails.cpp:HandleResponse:158] Successfully deserialized response, status: 0, result code: 0
[m[0;32;31m2025-12-20 10:51:20.881|E|805740677|lpUCM [IpccProtoMessage.cpp:SerializeParams:112] m_offset, 585728
[m[1;33m2025-12-20 10:51:20.881|W|805740677|lpUCM [RemoteSails.cpp:SendWithRetry:185] Successfully wrote 1052 bytes
[m[0;32;32m2025-12-20 10:51:20.911|I|805740677|lpUCM [RemoteSails.cpp:HandleResponse:149] HandleResponse started, buffer size: 1048
[m[0;32;32m2025-12-20 10:51:20.911|I|805740677|lpUCM [RemoteSails.cpp:HandleResponse:158] Successfully deserialized response, status: 0, result code: 0
[m[0;32;31m2025-12-20 10:51:20.911|E|805740677|lpUCM [IpccProtoMessage.cpp:SerializeParams:112] m_offset, 586752
[m[1;33m2025-12-20 10:51:20.911|W|805740677|lpUCM [RemoteSails.cpp:SendWithRetry:185] Successfully wrote 1052 bytes
[m[0;32;32m2025-12-20 10:51:20.914|I|805740677|lpUCM [RemoteSails.cpp:HandleResponse:149] HandleResponse started, buffer size: 1048
[m[0;32;32m2025-12-20 10:51:20.914|I|805740677|lpUCM [RemoteSails.cpp:HandleResponse:158] Successfully deserialized response, status: 0, result code: 0
[m[0;32;31m2025-12-20 10:51:20.914|E|805740677|lpUCM [IpccProtoMessage.cpp:SerializeParams:112] m_offset, 587776
[m[1;33m2025-12-20 10:51:20.914|W|805740677|lpUCM [RemoteSails.cpp:SendWithRetry:185] Successfully wrote 1052 bytes
[m[0;32;32m2025-12-20 10:51:20.917|I|805740677|lpUCM [RemoteSails.cpp:HandleResponse:149] HandleResponse started, buffer size: 1048
[m[0;32;32m2025-12-20 10:51:20.917|I|805740677|lpUCM [RemoteSails.cpp:HandleResponse:158] Successfully deserialized response, status: 0, result code: 0
[m[0;32;31m2025-12-20 10:51:20.917|E|805740677|lpUCM [IpccProtoMessage.cpp:SerializeParams:112] m_offset, 588800
[m[1;33m2025-12-20 10:51:20.917|W|805740677|lpUCM [RemoteSails.cpp:SendWithRetry:185] Successfully wrote 1052 bytes
[m[0;32;32m2025-12-20 10:51:20.920|I|805740677|lpUCM [RemoteSails.cpp:HandleResponse:149] HandleResponse started, buffer size: 1048
[m[0;32;32m2025-12-20 10:51:20.920|I|805740677|lpUCM [RemoteSails.cpp:HandleResponse:158] Successfully deserialized response, status: 0, result code: 0
[m[0;32;32m2025-12-20 10:51:20.920|I|805740677|lpUCM [RemoteSails.cpp:SailWriteData:272] All data already trans size 16384
[m[0;32;32m2025-12-20 10:51:20.920|I|805740677|lpUCM [fds.cpp:FDS_OnLocalUpgProgress:248] total: 23, curr:22, percent:50, rop:93%
[m[0;32;32m2025-12-20 10:51:20.920|I|805740677|lpUCM [RemoteSails.cpp:SailWriteData:254] total data is 16384
[m[0;32;31m2025-12-20 10:51:20.920|E|805740677|lpUCM [IpccProtoMessage.cpp:SerializeParams:112] m_offset, 589824
[m[1;33m2025-12-20 10:51:20.920|W|805740677|lpUCM [RemoteSails.cpp:SendWithRetry:185] Successfully wrote 1052 bytes
[m[0;32;32m2025-12-20 10:51:20.953|I|805740677|lpUCM [RemoteSails.cpp:HandleResponse:149] HandleResponse started, buffer size: 1048
[m[0;32;32m2025-12-20 10:51:20.953|I|805740677|lpUCM [RemoteSails.cpp:HandleResponse:158] Successfully deserialized response, status: 0, result code: 0
[m[0;32;31m2025-12-20 10:51:20.953|E|805740677|lpUCM [IpccProtoMessage.cpp:SerializeParams:112] m_offset, 590848
[m[1;33m2025-12-20 10:51:20.953|W|805740677|lpUCM [RemoteSails.cpp:SendWithRetry:185] Successfully wrote 1052 bytes
[m[0;32;32m2025-12-20 10:51:20.956|I|805740677|lpUCM [RemoteSails.cpp:HandleResponse:149] HandleResponse started, buffer size: 1048
[m[0;32;32m2025-12-20 10:51:20.956|I|805740677|lpUCM [RemoteSails.cpp:HandleResponse:158] Successfully deserialized response, status: 0, result code: 0
[m[0;32;31m2025-12-20 10:51:20.956|E|805740677|lpUCM [IpccProtoMessage.cpp:SerializeParams:112] m_offset, 591872
[m[1;33m2025-12-20 10:51:20.956|W|805740677|lpUCM [RemoteSails.cpp:SendWithRetry:185] Successfully wrote 1052 bytes
[m[0;32;32m2025-12-20 10:51:20.959|I|805740677|lpUCM [RemoteSails.cpp:HandleResponse:149] HandleResponse started, buffer size: 1048
[m[0;32;32m2025-12-20 10:51:20.959|I|805740677|lpUCM [RemoteSails.cpp:HandleResponse:158] Successfully deserialized response, status: 0, result code: 0
[m[0;32;31m2025-12-20 10:51:20.959|E|805740677|lpUCM [IpccProtoMessage.cpp:SerializeParams:112] m_offset, 592896
[m[1;33m2025-12-20 10:51:20.959|W|805740677|lpUCM [RemoteSails.cpp:SendWithRetry:185] Successfully wrote 1052 bytes
[m[0;32;32m2025-12-20 10:51:20.965|I|805740677|lpUCM [RemoteSails.cpp:HandleResponse:149] HandleResponse started, buffer size: 1048
[m[0;32;32m2025-12-20 10:51:20.965|I|805740677|lpUCM [RemoteSails.cpp:HandleResponse:158] Successfully deserialized response, status: 0, result code: 0
[m[0;32;31m2025-12-20 10:51:20.965|E|805740677|lpUCM [IpccProtoMessage.cpp:SerializeParams:112] m_offset, 593920
[m[1;33m2025-12-20 10:51:20.965|W|805740677|lpUCM [RemoteSails.cpp:SendWithRetry:185] Successfully wrote 1052 bytes
[m[0;32;32m2025-12-20 10:51:20.997|I|805740677|lpUCM [RemoteSails.cpp:HandleResponse:149] HandleResponse started, buffer size: 1048
[m[0;32;32m2025-12-20 10:51:20.997|I|805740677|lpUCM [RemoteSails.cpp:HandleResponse:158] Successfully deserialized response, status: 0, result code: 0
[m[0;32;31m2025-12-20 10:51:20.997|E|805740677|lpUCM [IpccProtoMessage.cpp:SerializeParams:112] m_offset, 594944
[m[1;33m2025-12-20 10:51:20.997|W|805740677|lpUCM [RemoteSails.cpp:SendWithRetry:185] Successfully wrote 1052 bytes
[m[0;32;32m2025-12-20 10:51:21.0|I|805740677|lpUCM [RemoteSails.cpp:HandleResponse:149] HandleResponse started, buffer size: 1048
[m[0;32;32m2025-12-20 10:51:21.0|I|805740677|lpUCM [RemoteSails.cpp:HandleResponse:158] Successfully deserialized response, status: 0, result code: 0
[m[0;32;31m2025-12-20 10:51:21.0|E|805740677|lpUCM [IpccProtoMessage.cpp:SerializeParams:112] m_offset, 595968
[m[1;33m2025-12-20 10:51:21.0|W|805740677|lpUCM [RemoteSails.cpp:SendWithRetry:185] Successfully wrote 1052 bytes
[m[0;32;32m2025-12-20 10:51:21.3|I|805740677|lpUCM [RemoteSails.cpp:HandleResponse:149] HandleResponse started, buffer size: 1048
[m[0;32;32m2025-12-20 10:51:21.3|I|805740677|lpUCM [RemoteSails.cpp:HandleResponse:158] Successfully deserialized response, status: 0, result code: 0
[m[0;32;31m2025-12-20 10:51:21.3|E|805740677|lpUCM [IpccProtoMessage.cpp:SerializeParams:112] m_offset, 596992
[m[1;33m2025-12-20 10:51:21.3|W|805740677|lpUCM [RemoteSails.cpp:SendWithRetry:185] Successfully wrote 1052 bytes
[m[0;32;32m2025-12-20 10:51:21.6|I|805740677|lpUCM [RemoteSails.cpp:HandleResponse:149] HandleResponse started, buffer size: 1048
[m[0;32;32m2025-12-20 10:51:21.6|I|805740677|lpUCM [RemoteSails.cpp:HandleResponse:158] Successfully deserialized response, status: 0, result code: 0
[m[0;32;31m2025-12-20 10:51:21.6|E|805740677|lpUCM [IpccProtoMessage.cpp:SerializeParams:112] m_offset, 598016
[m[1;33m2025-12-20 10:51:21.6|W|805740677|lpUCM [RemoteSails.cpp:SendWithRetry:185] Successfully wrote 1052 bytes
[m[0;32;32m2025-12-20 10:51:21.37|I|805740677|lpUCM [RemoteSails.cpp:HandleResponse:149] HandleResponse started, buffer size: 1048
[m[0;32;32m2025-12-20 10:51:21.37|I|805740677|lpUCM [RemoteSails.cpp:HandleResponse:158] Successfully deserialized response, status: 0, result code: 0
[m[0;32;31m2025-12-20 10:51:21.37|E|805740677|lpUCM [IpccProtoMessage.cpp:SerializeParams:112] m_offset, 599040
[m[1;33m2025-12-20 10:51:21.37|W|805740677|lpUCM [RemoteSails.cpp:SendWithRetry:185] Successfully wrote 1052 bytes
[m[0;32;32m2025-12-20 10:51:21.40|I|805740677|lpUCM [RemoteSails.cpp:HandleResponse:149] HandleResponse started, buffer size: 1048
[m[0;32;32m2025-12-20 10:51:21.40|I|805740677|lpUCM [RemoteSails.cpp:HandleResponse:158] Successfully deserialized response, status: 0, result code: 0
[m[0;32;31m2025-12-20 10:51:21.40|E|805740677|lpUCM [IpccProtoMessage.cpp:SerializeParams:112] m_offset, 600064
[m[1;33m2025-12-20 10:51:21.40|W|805740677|lpUCM [RemoteSails.cpp:SendWithRetry:185] Successfully wrote 1052 bytes
[m[0;32;32m2025-12-20 10:51:21.44|I|805740677|lpUCM [RemoteSails.cpp:HandleResponse:149] HandleResponse started, buffer size: 1048
[m[0;32;32m2025-12-20 10:51:21.44|I|805740677|lpUCM [RemoteSails.cpp:HandleResponse:158] Successfully deserialized response, status: 0, result code: 0
[m[0;32;31m2025-12-20 10:51:21.44|E|805740677|lpUCM [IpccProtoMessage.cpp:SerializeParams:112] m_offset, 601088
[m[1;33m2025-12-20 10:51:21.44|W|805740677|lpUCM [RemoteSails.cpp:SendWithRetry:185] Successfully wrote 1052 bytes
[m[0;32;32m2025-12-20 10:51:21.47|I|805740677|lpUCM [RemoteSails.cpp:HandleResponse:149] HandleResponse started, buffer size: 1048
[m[0;32;32m2025-12-20 10:51:21.47|I|805740677|lpUCM [RemoteSails.cpp:HandleResponse:158] Successfully deserialized response, status: 0, result code: 0
[m[0;32;31m2025-12-20 10:51:21.47|E|805740677|lpUCM [IpccProtoMessage.cpp:SerializeParams:112] m_offset, 602112
[m[1;33m2025-12-20 10:51:21.47|W|805740677|lpUCM [RemoteSails.cpp:SendWithRetry:185] Successfully wrote 1052 bytes
[m[0;32;32m2025-12-20 10:51:21.76|I|805740677|lpUCM [RemoteSails.cpp:HandleResponse:149] HandleResponse started, buffer size: 1048
[m[0;32;32m2025-12-20 10:51:21.76|I|805740677|lpUCM [RemoteSails.cpp:HandleResponse:158] Successfully deserialized response, status: 0, result code: 0
[m[0;32;31m2025-12-20 10:51:21.76|E|805740677|lpUCM [IpccProtoMessage.cpp:SerializeParams:112] m_offset, 603136
[m[1;33m2025-12-20 10:51:21.76|W|805740677|lpUCM [RemoteSails.cpp:SendWithRetry:185] Successfully wrote 1052 bytes
[m[0;32;32m2025-12-20 10:51:21.80|I|805740677|lpUCM [RemoteSails.cpp:HandleResponse:149] HandleResponse started, buffer size: 1048
[m[0;32;32m2025-12-20 10:51:21.80|I|805740677|lpUCM [RemoteSails.cpp:HandleResponse:158] Successfully deserialized response, status: 0, result code: 0
[m[0;32;31m2025-12-20 10:51:21.80|E|805740677|lpUCM [IpccProtoMessage.cpp:SerializeParams:112] m_offset, 604160
[m[1;33m2025-12-20 10:51:21.80|W|805740677|lpUCM [RemoteSails.cpp:SendWithRetry:185] Successfully wrote 1052 bytes
[m[0;32;32m2025-12-20 10:51:21.87|I|805740677|lpUCM [RemoteSails.cpp:HandleResponse:149] HandleResponse started, buffer size: 1048
[m[0;32;32m2025-12-20 10:51:21.87|I|805740677|lpUCM [RemoteSails.cpp:HandleResponse:158] Successfully deserialized response, status: 0, result code: 0
[m[0;32;31m2025-12-20 10:51:21.87|E|805740677|lpUCM [IpccProtoMessage.cpp:SerializeParams:112] m_offset, 605184
[m[1;33m2025-12-20 10:51:21.87|W|805740677|lpUCM [RemoteSails.cpp:SendWithRetry:185] Successfully wrote 1052 bytes
[m[0;32;32m2025-12-20 10:51:21.91|I|805740677|lpUCM [RemoteSails.cpp:HandleResponse:149] HandleResponse started, buffer size: 1048
[m[0;32;32m2025-12-20 10:51:21.91|I|805740677|lpUCM [RemoteSails.cpp:HandleResponse:158] Successfully deserialized response, status: 0, result code: 0
[m[0;32;32m2025-12-20 10:51:21.91|I|805740677|lpUCM [RemoteSails.cpp:SailWriteData:272] All data already trans size 16384
[m[0;32;32m2025-12-20 10:51:21.91|I|805740677|lpUCM [fds.cpp:FDS_OnLocalUpgProgress:248] total: 23, curr:22, percent:51, rop:93%
[m[0;32;32m2025-12-20 10:51:21.91|I|805740677|lpUCM [RemoteSails.cpp:SailWriteData:254] total data is 16384
[m[0;32;31m2025-12-20 10:51:21.91|E|805740677|lpUCM [IpccProtoMessage.cpp:SerializeParams:112] m_offset, 606208
[m[1;33m2025-12-20 10:51:21.91|W|805740677|lpUCM [RemoteSails.cpp:SendWithRetry:185] Successfully wrote 1052 bytes
[m[0;32;32m2025-12-20 10:51:21.120|I|805740677|lpUCM [RemoteSails.cpp:HandleResponse:149] HandleResponse started, buffer size: 1048
[m[0;32;32m2025-12-20 10:51:21.120|I|805740677|lpUCM [RemoteSails.cpp:HandleResponse:158] Successfully deserialized response, status: 0, result code: 0
[m[0;32;31m2025-12-20 10:51:21.120|E|805740677|lpUCM [IpccProtoMessage.cpp:SerializeParams:112] m_offset, 607232
[m[1;33m2025-12-20 10:51:21.120|W|805740677|lpUCM [RemoteSails.cpp:SendWithRetry:185] Successfully wrote 1052 bytes
[m[0;32;32m2025-12-20 10:51:21.123|I|805740677|lpUCM [RemoteSails.cpp:HandleResponse:149] HandleResponse started, buffer size: 1048
[m[0;32;32m2025-12-20 10:51:21.123|I|805740677|lpUCM [RemoteSails.cpp:HandleResponse:158] Successfully deserialized response, status: 0, result code: 0
[m[0;32;31m2025-12-20 10:51:21.123|E|805740677|lpUCM [IpccProtoMessage.cpp:SerializeParams:112] m_offset, 608256
[m[1;33m2025-12-20 10:51:21.123|W|805740677|lpUCM [RemoteSails.cpp:SendWithRetry:185] Successfully wrote 1052 bytes
[m[0;32;32m2025-12-20 10:51:21.126|I|805740677|lpUCM [RemoteSails.cpp:HandleResponse:149] HandleResponse started, buffer size: 1048
[m[0;32;32m2025-12-20 10:51:21.126|I|805740677|lpUCM [RemoteSails.cpp:HandleResponse:158] Successfully deserialized response, status: 0, result code: 0
[m[0;32;31m2025-12-20 10:51:21.126|E|805740677|lpUCM [IpccProtoMessage.cpp:SerializeParams:112] m_offset, 609280
[m[1;33m2025-12-20 10:51:21.126|W|805740677|lpUCM [RemoteSails.cpp:SendWithRetry:185] Successfully wrote 1052 bytes
[m[0;32;32m2025-12-20 10:51:21.129|I|805740677|lpUCM [RemoteSails.cpp:HandleResponse:149] HandleResponse started, buffer size: 1048
[m[0;32;32m2025-12-20 10:51:21.129|I|805740677|lpUCM [RemoteSails.cpp:HandleResponse:158] Successfully deserialized response, status: 0, result code: 0
[m[0;32;31m2025-12-20 10:51:21.129|E|805740677|lpUCM [IpccProtoMessage.cpp:SerializeParams:112] m_offset, 610304
[m[1;33m2025-12-20 10:51:21.129|W|805740677|lpUCM [RemoteSails.cpp:SendWithRetry:185] Successfully wrote 1052 bytes
[m[0;32;32m2025-12-20 10:51:21.162|I|805740677|lpUCM [RemoteSails.cpp:HandleResponse:149] HandleResponse started, buffer size: 1048
[m[0;32;32m2025-12-20 10:51:21.162|I|805740677|lpUCM [RemoteSails.cpp:HandleResponse:158] Successfully deserialized response, status: 0, result code: 0
[m[0;32;31m2025-12-20 10:51:21.162|E|805740677|lpUCM [IpccProtoMessage.cpp:SerializeParams:112] m_offset, 611328
[m[1;33m2025-12-20 10:51:21.162|W|805740677|lpUCM [RemoteSails.cpp:SendWithRetry:185] Successfully wrote 1052 bytes
[m[0;32;32m2025-12-20 10:51:21.165|I|805740677|lpUCM [RemoteSails.cpp:HandleResponse:149] HandleResponse started, buffer size: 1048
[m[0;32;32m2025-12-20 10:51:21.165|I|805740677|lpUCM [RemoteSails.cpp:HandleResponse:158] Successfully deserialized response, status: 0, result code: 0
[m[0;32;31m2025-12-20 10:51:21.165|E|805740677|lpUCM [IpccProtoMessage.cpp:SerializeParams:112] m_offset, 612352
[m[1;33m2025-12-20 10:51:21.165|W|805740677|lpUCM [RemoteSails.cpp:SendWithRetry:185] Successfully wrote 1052 bytes
[m[0;32;32m2025-12-20 10:51:21.168|I|805740677|lpUCM [RemoteSails.cpp:HandleResponse:149] HandleResponse started, buffer size: 1048
[m[0;32;32m2025-12-20 10:51:21.168|I|805740677|lpUCM [RemoteSails.cpp:HandleResponse:158] Successfully deserialized response, status: 0, result code: 0
[m[0;32;31m2025-12-20 10:51:21.168|E|805740677|lpUCM [IpccProtoMessage.cpp:SerializeParams:112] m_offset, 613376
[m[1;33m2025-12-20 10:51:21.168|W|805740677|lpUCM [RemoteSails.cpp:SendWithRetry:185] Successfully wrote 1052 bytes
[m[0;32;32m2025-12-20 10:51:21.171|I|805740677|lpUCM [RemoteSails.cpp:HandleResponse:149] HandleResponse started, buffer size: 1048
[m[0;32;32m2025-12-20 10:51:21.171|I|805740677|lpUCM [RemoteSails.cpp:HandleResponse:158] Successfully deserialized response, status: 0, result code: 0
[m[0;32;31m2025-12-20 10:51:21.171|E|805740677|lpUCM [IpccProtoMessage.cpp:SerializeParams:112] m_offset, 614400
[m[1;33m2025-12-20 10:51:21.171|W|805740677|lpUCM [RemoteSails.cpp:SendWithRetry:185] Successfully wrote 1052 bytes
[m[0;32;32m2025-12-20 10:51:21.204|I|805740677|lpUCM [RemoteSails.cpp:HandleResponse:149] HandleResponse started, buffer size: 1048
[m[0;32;32m2025-12-20 10:51:21.204|I|805740677|lpUCM [RemoteSails.cpp:HandleResponse:158] Successfully deserialized response, status: 0, result code: 0
[m[0;32;31m2025-12-20 10:51:21.204|E|805740677|lpUCM [IpccProtoMessage.cpp:SerializeParams:112] m_offset, 615424
[m[1;33m2025-12-20 10:51:21.204|W|805740677|lpUCM [RemoteSails.cpp:SendWithRetry:185] Successfully wrote 1052 bytes
[m[0;32;32m2025-12-20 10:51:21.207|I|805740677|lpUCM [RemoteSails.cpp:HandleResponse:149] HandleResponse started, buffer size: 1048
[m[0;32;32m2025-12-20 10:51:21.207|I|805740677|lpUCM [RemoteSails.cpp:HandleResponse:158] Successfully deserialized response, status: 0, result code: 0
[m[0;32;31m2025-12-20 10:51:21.207|E|805740677|lpUCM [IpccProtoMessage.cpp:SerializeParams:112] m_offset, 616448
[m[1;33m2025-12-20 10:51:21.207|W|805740677|lpUCM [RemoteSails.cpp:SendWithRetry:185] Successfully wrote 1052 bytes
[m[0;32;32m2025-12-20 10:51:21.210|I|805740677|lpUCM [RemoteSails.cpp:HandleResponse:149] HandleResponse started, buffer size: 1048
[m[0;32;32m2025-12-20 10:51:21.210|I|805740677|lpUCM [RemoteSails.cpp:HandleResponse:158] Successfully deserialized response, status: 0, result code: 0
[m[0;32;31m2025-12-20 10:51:21.210|E|805740677|lpUCM [IpccProtoMessage.cpp:SerializeParams:112] m_offset, 617472
[m[1;33m2025-12-20 10:51:21.210|W|805740677|lpUCM [RemoteSails.cpp:SendWithRetry:185] Successfully wrote 1052 bytes
[m[0;32;32m2025-12-20 10:51:21.216|I|805740677|lpUCM [RemoteSails.cpp:HandleResponse:149] HandleResponse started, buffer size: 1048
[m[0;32;32m2025-12-20 10:51:21.216|I|805740677|lpUCM [RemoteSails.cpp:HandleResponse:158] Successfully deserialized response, status: 0, result code: 0
[m[0;32;31m2025-12-20 10:51:21.216|E|805740677|lpUCM [IpccProtoMessage.cpp:SerializeParams:112] m_offset, 618496
[m[1;33m2025-12-20 10:51:21.216|W|805740677|lpUCM [RemoteSails.cpp:SendWithRetry:185] Successfully wrote 1052 bytes
[m[0;32;32m2025-12-20 10:51:21.250|I|805740677|lpUCM [RemoteSails.cpp:HandleResponse:149] HandleResponse started, buffer size: 1048
[m[0;32;32m2025-12-20 10:51:21.250|I|805740677|lpUCM [RemoteSails.cpp:HandleResponse:158] Successfully deserialized response, status: 0, result code: 0
[m[0;32;31m2025-12-20 10:51:21.250|E|805740677|lpUCM [IpccProtoMessage.cpp:SerializeParams:112] m_offset, 619520
[m[1;33m2025-12-20 10:51:21.250|W|805740677|lpUCM [RemoteSails.cpp:SendWithRetry:185] Successfully wrote 1052 bytes
[m[0;32;32m2025-12-20 10:51:21.254|I|805740677|lpUCM [RemoteSails.cpp:HandleResponse:149] HandleResponse started, buffer size: 1048
[m[0;32;32m2025-12-20 10:51:21.254|I|805740677|lpUCM [RemoteSails.cpp:HandleResponse:158] Successfully deserialized response, status: 0, result code: 0
[m[0;32;31m2025-12-20 10:51:21.254|E|805740677|lpUCM [IpccProtoMessage.cpp:SerializeParams:112] m_offset, 620544
[m[1;33m2025-12-20 10:51:21.254|W|805740677|lpUCM [RemoteSails.cpp:SendWithRetry:185] Successfully wrote 1052 bytes
[m[0;32;32m2025-12-20 10:51:21.258|I|805740677|lpUCM [RemoteSails.cpp:HandleResponse:149] HandleResponse started, buffer size: 1048
[m[0;32;32m2025-12-20 10:51:21.258|I|805740677|lpUCM [RemoteSails.cpp:HandleResponse:158] Successfully deserialized response, status: 0, result code: 0
[m[0;32;31m2025-12-20 10:51:21.258|E|805740677|lpUCM [IpccProtoMessage.cpp:SerializeParams:112] m_offset, 621568
[m[1;33m2025-12-20 10:51:21.258|W|805740677|lpUCM [RemoteSails.cpp:SendWithRetry:185] Successfully wrote 1052 bytes
[m[0;32;32m2025-12-20 10:51:21.261|I|805740677|lpUCM [RemoteSails.cpp:HandleResponse:149] HandleResponse started, buffer size: 1048
[m[0;32;32m2025-12-20 10:51:21.261|I|805740677|lpUCM [RemoteSails.cpp:HandleResponse:158] Successfully deserialized response, status: 0, result code: 0
[m[0;32;32m2025-12-20 10:51:21.261|I|805740677|lpUCM [RemoteSails.cpp:SailWriteData:272] All data already trans size 16384
[m[0;32;32m2025-12-20 10:51:21.261|I|805740677|lpUCM [fds.cpp:FDS_OnLocalUpgProgress:248] total: 23, curr:22, percent:52, rop:93%
[m[0;32;32m2025-12-20 10:51:21.261|I|805740677|lpUCM [RemoteSails.cpp:SailWriteData:254] total data is 16384
[m[0;32;31m2025-12-20 10:51:21.261|E|805740677|lpUCM [IpccProtoMessage.cpp:SerializeParams:112] m_offset, 622592
[m[1;33m2025-12-20 10:51:21.261|W|805740677|lpUCM [RemoteSails.cpp:SendWithRetry:185] Successfully wrote 1052 bytes
[m[0;32;32m2025-12-20 10:51:21.292|I|805740677|lpUCM [RemoteSails.cpp:HandleResponse:149] HandleResponse started, buffer size: 1048
[m[0;32;32m2025-12-20 10:51:21.292|I|805740677|lpUCM [RemoteSails.cpp:HandleResponse:158] Successfully deserialized response, status: 0, result code: 0
[m[0;32;31m2025-12-20 10:51:21.292|E|805740677|lpUCM [IpccProtoMessage.cpp:SerializeParams:112] m_offset, 623616
[m[1;33m2025-12-20 10:51:21.292|W|805740677|lpUCM [RemoteSails.cpp:SendWithRetry:185] Successfully wrote 1052 bytes
[m[0;32;32m2025-12-20 10:51:21.295|I|805740677|lpUCM [RemoteSails.cpp:HandleResponse:149] HandleResponse started, buffer size: 1048
[m[0;32;32m2025-12-20 10:51:21.295|I|805740677|lpUCM [RemoteSails.cpp:HandleResponse:158] Successfully deserialized response, status: 0, result code: 0
[m[0;32;31m2025-12-20 10:51:21.295|E|805740677|lpUCM [IpccProtoMessage.cpp:SerializeParams:112] m_offset, 624640
[m[1;33m2025-12-20 10:51:21.295|W|805740677|lpUCM [RemoteSails.cpp:SendWithRetry:185] Successfully wrote 1052 bytes
[m[0;32;32m2025-12-20 10:51:21.298|I|805740677|lpUCM [RemoteSails.cpp:HandleResponse:149] HandleResponse started, buffer size: 1048
[m[0;32;32m2025-12-20 10:51:21.298|I|805740677|lpUCM [RemoteSails.cpp:HandleResponse:158] Successfully deserialized response, status: 0, result code: 0
[m[0;32;31m2025-12-20 10:51:21.298|E|805740677|lpUCM [IpccProtoMessage.cpp:SerializeParams:112] m_offset, 625664
[m[1;33m2025-12-20 10:51:21.298|W|805740677|lpUCM [RemoteSails.cpp:SendWithRetry:185] Successfully wrote 1052 bytes
[m[0;32;32m2025-12-20 10:51:21.302|I|805740677|lpUCM [RemoteSails.cpp:HandleResponse:149] HandleResponse started, buffer size: 1048
[m[0;32;32m2025-12-20 10:51:21.302|I|805740677|lpUCM [RemoteSails.cpp:HandleResponse:158] Successfully deserialized response, status: 0, result code: 0
[m[0;32;31m2025-12-20 10:51:21.302|E|805740677|lpUCM [IpccProtoMessage.cpp:SerializeParams:112] m_offset, 626688
[m[1;33m2025-12-20 10:51:21.302|W|805740677|lpUCM [RemoteSails.cpp:SendWithRetry:185] Successfully wrote 1052 bytes
[m[0;32;32m2025-12-20 10:51:21.332|I|805740677|lpUCM [RemoteSails.cpp:HandleResponse:149] HandleResponse started, buffer size: 1048
[m[0;32;32m2025-12-20 10:51:21.332|I|805740677|lpUCM [RemoteSails.cpp:HandleResponse:158] Successfully deserialized response, status: 0, result code: 0
[m[0;32;31m2025-12-20 10:51:21.332|E|805740677|lpUCM [IpccProtoMessage.cpp:SerializeParams:112] m_offset, 627712
[m[1;33m2025-12-20 10:51:21.332|W|805740677|lpUCM [RemoteSails.cpp:SendWithRetry:185] Successfully wrote 1052 bytes
[m[0;32;32m2025-12-20 10:51:21.335|I|805740677|lpUCM [RemoteSails.cpp:HandleResponse:149] HandleResponse started, buffer size: 1048
[m[0;32;32m2025-12-20 10:51:21.335|I|805740677|lpUCM [RemoteSails.cpp:HandleResponse:158] Successfully deserialized response, status: 0, result code: 0
[m[0;32;31m2025-12-20 10:51:21.335|E|805740677|lpUCM [IpccProtoMessage.cpp:SerializeParams:112] m_offset, 628736
[m[1;33m2025-12-20 10:51:21.335|W|805740677|lpUCM [RemoteSails.cpp:SendWithRetry:185] Successfully wrote 1052 bytes
[m[0;32;32m2025-12-20 10:51:21.338|I|805740677|lpUCM [RemoteSails.cpp:HandleResponse:149] HandleResponse started, buffer size: 1048
[m[0;32;32m2025-12-20 10:51:21.338|I|805740677|lpUCM [RemoteSails.cpp:HandleResponse:158] Successfully deserialized response, status: 0, result code: 0
[m[0;32;31m2025-12-20 10:51:21.338|E|805740677|lpUCM [IpccProtoMessage.cpp:SerializeParams:112] m_offset, 629760
[m[1;33m2025-12-20 10:51:21.338|W|805740677|lpUCM [RemoteSails.cpp:SendWithRetry:185] Successfully wrote 1052 bytes
[m[0;32;32m2025-12-20 10:51:21.341|I|805740677|lpUCM [RemoteSails.cpp:HandleResponse:149] HandleResponse started, buffer size: 1048
[m[0;32;32m2025-12-20 10:51:21.341|I|805740677|lpUCM [RemoteSails.cpp:HandleResponse:158] Successfully deserialized response, status: 0, result code: 0
[m[0;32;31m2025-12-20 10:51:21.341|E|805740677|lpUCM [IpccProtoMessage.cpp:SerializeParams:112] m_offset, 630784
[m[1;33m2025-12-20 10:51:21.341|W|805740677|lpUCM [RemoteSails.cpp:SendWithRetry:185] Successfully wrote 1052 bytes
[m[0;32;32m2025-12-20 10:51:21.374|I|805740677|lpUCM [RemoteSails.cpp:HandleResponse:149] HandleResponse started, buffer size: 1048
[m[0;32;32m2025-12-20 10:51:21.374|I|805740677|lpUCM [RemoteSails.cpp:HandleResponse:158] Successfully deserialized response, status: 0, result code: 0
[m[0;32;31m2025-12-20 10:51:21.374|E|805740677|lpUCM [IpccProtoMessage.cpp:SerializeParams:112] m_offset, 631808
[m[1;33m2025-12-20 10:51:21.374|W|805740677|lpUCM [RemoteSails.cpp:SendWithRetry:185] Successfully wrote 1052 bytes
[m[0;32;32m2025-12-20 10:51:21.377|I|805740677|lpUCM [RemoteSails.cpp:HandleResponse:149] HandleResponse started, buffer size: 1048
[m[0;32;32m2025-12-20 10:51:21.377|I|805740677|lpUCM [RemoteSails.cpp:HandleResponse:158] Successfully deserialized response, status: 0, result code: 0
[m[0;32;31m2025-12-20 10:51:21.377|E|805740677|lpUCM [IpccProtoMessage.cpp:SerializeParams:112] m_offset, 632832
[m[1;33m2025-12-20 10:51:21.377|W|805740677|lpUCM [RemoteSails.cpp:SendWithRetry:185] Successfully wrote 1052 bytes
[m[0;32;32m2025-12-20 10:51:21.380|I|805740677|lpUCM [RemoteSails.cpp:HandleResponse:149] HandleResponse started, buffer size: 1048
[m[0;32;32m2025-12-20 10:51:21.380|I|805740677|lpUCM [RemoteSails.cpp:HandleResponse:158] Successfully deserialized response, status: 0, result code: 0
[m[0;32;31m2025-12-20 10:51:21.380|E|805740677|lpUCM [IpccProtoMessage.cpp:SerializeParams:112] m_offset, 633856
[m[1;33m2025-12-20 10:51:21.380|W|805740677|lpUCM [RemoteSails.cpp:SendWithRetry:185] Successfully wrote 1052 bytes
[m[0;32;32m2025-12-20 10:51:21.386|I|805740677|lpUCM [RemoteSails.cpp:HandleResponse:149] HandleResponse started, buffer size: 1048
[m[0;32;32m2025-12-20 10:51:21.386|I|805740677|lpUCM [RemoteSails.cpp:HandleResponse:158] Successfully deserialized response, status: 0, result code: 0
[m[0;32;31m2025-12-20 10:51:21.386|E|805740677|lpUCM [IpccProtoMessage.cpp:SerializeParams:112] m_offset, 634880
[m[1;33m2025-12-20 10:51:21.386|W|805740677|lpUCM [RemoteSails.cpp:SendWithRetry:185] Successfully wrote 1052 bytes
[m[0;32;32m2025-12-20 10:51:21.418|I|805740677|lpUCM [RemoteSails.cpp:HandleResponse:149] HandleResponse started, buffer size: 1048
[m[0;32;32m2025-12-20 10:51:21.418|I|805740677|lpUCM [RemoteSails.cpp:HandleResponse:158] Successfully deserialized response, status: 0, result code: 0
[m[0;32;31m2025-12-20 10:51:21.418|E|805740677|lpUCM [IpccProtoMessage.cpp:SerializeParams:112] m_offset, 635904
[m[1;33m2025-12-20 10:51:21.418|W|805740677|lpUCM [RemoteSails.cpp:SendWithRetry:185] Successfully wrote 1052 bytes
[m[0;32;32m2025-12-20 10:51:21.422|I|805740677|lpUCM [RemoteSails.cpp:HandleResponse:149] HandleResponse started, buffer size: 1048
[m[0;32;32m2025-12-20 10:51:21.422|I|805740677|lpUCM [RemoteSails.cpp:HandleResponse:158] Successfully deserialized response, status: 0, result code: 0
[m[0;32;31m2025-12-20 10:51:21.422|E|805740677|lpUCM [IpccProtoMessage.cpp:SerializeParams:112] m_offset, 636928
[m[1;33m2025-12-20 10:51:21.422|W|805740677|lpUCM [RemoteSails.cpp:SendWithRetry:185] Successfully wrote 1052 bytes
[m[0;32;32m2025-12-20 10:51:21.425|I|805740677|lpUCM [RemoteSails.cpp:HandleResponse:149] HandleResponse started, buffer size: 1048
[m[0;32;32m2025-12-20 10:51:21.425|I|805740677|lpUCM [RemoteSails.cpp:HandleResponse:158] Successfully deserialized response, status: 0, result code: 0
[m[0;32;31m2025-12-20 10:51:21.425|E|805740677|lpUCM [IpccProtoMessage.cpp:SerializeParams:112] m_offset, 637952
[m[1;33m2025-12-20 10:51:21.425|W|805740677|lpUCM [RemoteSails.cpp:SendWithRetry:185] Successfully wrote 1052 bytes
[m[0;32;32m2025-12-20 10:51:21.429|I|805740677|lpUCM [RemoteSails.cpp:HandleResponse:149] HandleResponse started, buffer size: 1048
[m[0;32;32m2025-12-20 10:51:21.429|I|805740677|lpUCM [RemoteSails.cpp:HandleResponse:158] Successfully deserialized response, status: 0, result code: 0
[m[0;32;32m2025-12-20 10:51:21.429|I|805740677|lpUCM [RemoteSails.cpp:SailWriteData:272] All data already trans size 16384
[m[0;32;32m2025-12-20 10:51:21.429|I|805740677|lpUCM [fds.cpp:FDS_OnLocalUpgProgress:248] total: 23, curr:22, percent:53, rop:93%
[m[0;32;32m2025-12-20 10:51:21.429|I|805740677|lpUCM [RemoteSails.cpp:SailWriteData:254] total data is 16384
[m[0;32;31m2025-12-20 10:51:21.429|E|805740677|lpUCM [IpccProtoMessage.cpp:SerializeParams:112] m_offset, 638976
[m[1;33m2025-12-20 10:51:21.429|W|805740677|lpUCM [RemoteSails.cpp:SendWithRetry:185] Successfully wrote 1052 bytes
[m[0;32;32m2025-12-20 10:51:21.457|I|805740677|lpUCM [RemoteSails.cpp:HandleResponse:149] HandleResponse started, buffer size: 1048
[m[0;32;32m2025-12-20 10:51:21.457|I|805740677|lpUCM [RemoteSails.cpp:HandleResponse:158] Successfully deserialized response, status: 0, result code: 0
[m[0;32;31m2025-12-20 10:51:21.457|E|805740677|lpUCM [IpccProtoMessage.cpp:SerializeParams:112] m_offset, 640000
[m[1;33m2025-12-20 10:51:21.457|W|805740677|lpUCM [RemoteSails.cpp:SendWithRetry:185] Successfully wrote 1052 bytes
[m[0;32;32m2025-12-20 10:51:21.460|I|805740677|lpUCM [RemoteSails.cpp:HandleResponse:149] HandleResponse started, buffer size: 1048
[m[0;32;32m2025-12-20 10:51:21.460|I|805740677|lpUCM [RemoteSails.cpp:HandleResponse:158] Successfully deserialized response, status: 0, result code: 0
[m[0;32;31m2025-12-20 10:51:21.460|E|805740677|lpUCM [IpccProtoMessage.cpp:SerializeParams:112] m_offset, 641024
[m[1;33m2025-12-20 10:51:21.460|W|805740677|lpUCM [RemoteSails.cpp:SendWithRetry:185] Successfully wrote 1052 bytes
[m[0;32;32m2025-12-20 10:51:21.463|I|805740677|lpUCM [RemoteSails.cpp:HandleResponse:149] HandleResponse started, buffer size: 1048
[m[0;32;32m2025-12-20 10:51:21.463|I|805740677|lpUCM [RemoteSails.cpp:HandleResponse:158] Successfully deserialized response, status: 0, result code: 0
[m[0;32;31m2025-12-20 10:51:21.463|E|805740677|lpUCM [IpccProtoMessage.cpp:SerializeParams:112] m_offset, 642048
[m[1;33m2025-12-20 10:51:21.463|W|805740677|lpUCM [RemoteSails.cpp:SendWithRetry:185] Successfully wrote 1052 bytes
[m[0;32;32m2025-12-20 10:51:21.466|I|805740677|lpUCM [RemoteSails.cpp:HandleResponse:149] HandleResponse started, buffer size: 1048
[m[0;32;32m2025-12-20 10:51:21.466|I|805740677|lpUCM [RemoteSails.cpp:HandleResponse:158] Successfully deserialized response, status: 0, result code: 0
[m[0;32;31m2025-12-20 10:51:21.466|E|805740677|lpUCM [IpccProtoMessage.cpp:SerializeParams:112] m_offset, 643072
[m[1;33m2025-12-20 10:51:21.466|W|805740677|lpUCM [RemoteSails.cpp:SendWithRetry:185] Successfully wrote 1052 bytes
[m[0;32;32m2025-12-20 10:51:21.494|I|805740677|lpUCM [RemoteSails.cpp:HandleResponse:149] HandleResponse started, buffer size: 1048
[m[0;32;32m2025-12-20 10:51:21.494|I|805740677|lpUCM [RemoteSails.cpp:HandleResponse:158] Successfully deserialized response, status: 0, result code: 0
[m[0;32;31m2025-12-20 10:51:21.494|E|805740677|lpUCM [IpccProtoMessage.cpp:SerializeParams:112] m_offset, 644096
[m[1;33m2025-12-20 10:51:21.494|W|805740677|lpUCM [RemoteSails.cpp:SendWithRetry:185] Successfully wrote 1052 bytes
[m[0;32;32m2025-12-20 10:51:21.497|I|805740677|lpUCM [RemoteSails.cpp:HandleResponse:149] HandleResponse started, buffer size: 1048
[m[0;32;32m2025-12-20 10:51:21.497|I|805740677|lpUCM [RemoteSails.cpp:HandleResponse:158] Successfully deserialized response, status: 0, result code: 0
[m[0;32;31m2025-12-20 10:51:21.497|E|805740677|lpUCM [IpccProtoMessage.cpp:SerializeParams:112] m_offset, 645120
[m[1;33m2025-12-20 10:51:21.497|W|805740677|lpUCM [RemoteSails.cpp:SendWithRetry:185] Successfully wrote 1052 bytes
[m[0;32;32m2025-12-20 10:51:21.501|I|805740677|lpUCM [RemoteSails.cpp:HandleResponse:149] HandleResponse started, buffer size: 1048
[m[0;32;32m2025-12-20 10:51:21.501|I|805740677|lpUCM [RemoteSails.cpp:HandleResponse:158] Successfully deserialized response, status: 0, result code: 0
[m[0;32;31m2025-12-20 10:51:21.501|E|805740677|lpUCM [IpccProtoMessage.cpp:SerializeParams:112] m_offset, 646144
[m[1;33m2025-12-20 10:51:21.501|W|805740677|lpUCM [RemoteSails.cpp:SendWithRetry:185] Successfully wrote 1052 bytes
[m[0;32;32m2025-12-20 10:51:21.504|I|805740677|lpUCM [RemoteSails.cpp:HandleResponse:149] HandleResponse started, buffer size: 1048
[m[0;32;32m2025-12-20 10:51:21.504|I|805740677|lpUCM [RemoteSails.cpp:HandleResponse:158] Successfully deserialized response, status: 0, result code: 0
[m[0;32;31m2025-12-20 10:51:21.504|E|805740677|lpUCM [IpccProtoMessage.cpp:SerializeParams:112] m_offset, 647168
[m[1;33m2025-12-20 10:51:21.504|W|805740677|lpUCM [RemoteSails.cpp:SendWithRetry:185] Successfully wrote 1052 bytes
[m[0;32;32m2025-12-20 10:51:21.534|I|805740677|lpUCM [RemoteSails.cpp:HandleResponse:149] HandleResponse started, buffer size: 1048
[m[0;32;32m2025-12-20 10:51:21.534|I|805740677|lpUCM [RemoteSails.cpp:HandleResponse:158] Successfully deserialized response, status: 0, result code: 0
[m[0;32;31m2025-12-20 10:51:21.534|E|805740677|lpUCM [IpccProtoMessage.cpp:SerializeParams:112] m_offset, 648192
[m[1;33m2025-12-20 10:51:21.534|W|805740677|lpUCM [RemoteSails.cpp:SendWithRetry:185] Successfully wrote 1052 bytes
[m[0;32;32m2025-12-20 10:51:21.537|I|805740677|lpUCM [RemoteSails.cpp:HandleResponse:149] HandleResponse started, buffer size: 1048
[m[0;32;32m2025-12-20 10:51:21.537|I|805740677|lpUCM [RemoteSails.cpp:HandleResponse:158] Successfully deserialized response, status: 0, result code: 0
[m[0;32;31m2025-12-20 10:51:21.537|E|805740677|lpUCM [IpccProtoMessage.cpp:SerializeParams:112] m_offset, 649216
[m[1;33m2025-12-20 10:51:21.537|W|805740677|lpUCM [RemoteSails.cpp:SendWithRetry:185] Successfully wrote 1052 bytes
[m[0;32;32m2025-12-20 10:51:21.540|I|805740677|lpUCM [RemoteSails.cpp:HandleResponse:149] HandleResponse started, buffer size: 1048
[m[0;32;32m2025-12-20 10:51:21.540|I|805740677|lpUCM [RemoteSails.cpp:HandleResponse:158] Successfully deserialized response, status: 0, result code: 0
[m[0;32;31m2025-12-20 10:51:21.540|E|805740677|lpUCM [IpccProtoMessage.cpp:SerializeParams:112] m_offset, 650240
[m[1;33m2025-12-20 10:51:21.540|W|805740677|lpUCM [RemoteSails.cpp:SendWithRetry:185] Successfully wrote 1052 bytes
[m[0;32;32m2025-12-20 10:51:21.546|I|805740677|lpUCM [RemoteSails.cpp:HandleResponse:149] HandleResponse started, buffer size: 1048
[m[0;32;32m2025-12-20 10:51:21.546|I|805740677|lpUCM [RemoteSails.cpp:HandleResponse:158] Successfully deserialized response, status: 0, result code: 0
[m[0;32;31m2025-12-20 10:51:21.546|E|805740677|lpUCM [IpccProtoMessage.cpp:SerializeParams:112] m_offset, 651264
[m[1;33m2025-12-20 10:51:21.546|W|805740677|lpUCM [RemoteSails.cpp:SendWithRetry:185] Successfully wrote 1052 bytes
[m[0;32;32m2025-12-20 10:51:21.576|I|805740677|lpUCM [RemoteSails.cpp:HandleResponse:149] HandleResponse started, buffer size: 1048
[m[0;32;32m2025-12-20 10:51:21.576|I|805740677|lpUCM [RemoteSails.cpp:HandleResponse:158] Successfully deserialized response, status: 0, result code: 0
[m[0;32;31m2025-12-20 10:51:21.576|E|805740677|lpUCM [IpccProtoMessage.cpp:SerializeParams:112] m_offset, 652288
[m[1;33m2025-12-20 10:51:21.576|W|805740677|lpUCM [RemoteSails.cpp:SendWithRetry:185] Successfully wrote 1052 bytes
[m[0;32;32m2025-12-20 10:51:21.579|I|805740677|lpUCM [RemoteSails.cpp:HandleResponse:149] HandleResponse started, buffer size: 1048
[m[0;32;32m2025-12-20 10:51:21.579|I|805740677|lpUCM [RemoteSails.cpp:HandleResponse:158] Successfully deserialized response, status: 0, result code: 0
[m[0;32;31m2025-12-20 10:51:21.579|E|805740677|lpUCM [IpccProtoMessage.cpp:SerializeParams:112] m_offset, 653312
[m[1;33m2025-12-20 10:51:21.579|W|805740677|lpUCM [RemoteSails.cpp:SendWithRetry:185] Successfully wrote 1052 bytes
[m[0;32;32m2025-12-20 10:51:21.585|I|805740677|lpUCM [RemoteSails.cpp:HandleResponse:149] HandleResponse started, buffer size: 1048
[m[0;32;32m2025-12-20 10:51:21.585|I|805740677|lpUCM [RemoteSails.cpp:HandleResponse:158] Successfully deserialized response, status: 0, result code: 0
[m[0;32;31m2025-12-20 10:51:21.585|E|805740677|lpUCM [IpccProtoMessage.cpp:SerializeParams:112] m_offset, 654336
[m[1;33m2025-12-20 10:51:21.585|W|805740677|lpUCM [RemoteSails.cpp:SendWithRetry:185] Successfully wrote 1052 bytes
[m[0;32;32m2025-12-20 10:51:21.588|I|805740677|lpUCM [RemoteSails.cpp:HandleResponse:149] HandleResponse started, buffer size: 1048
[m[0;32;32m2025-12-20 10:51:21.588|I|805740677|lpUCM [RemoteSails.cpp:HandleResponse:158] Successfully deserialized response, status: 0, result code: 0
[m[0;32;32m2025-12-20 10:51:21.588|I|805740677|lpUCM [RemoteSails.cpp:SailWriteData:272] All data already trans size 16384
[m[0;32;32m2025-12-20 10:51:21.588|I|805740677|lpUCM [fds.cpp:FDS_OnLocalUpgProgress:248] total: 23, curr:22, percent:54, rop:93%
[m[0;32;32m2025-12-20 10:51:21.588|I|805740677|lpUCM [RemoteSails.cpp:SailWriteData:254] total data is 16384
[m[0;32;31m2025-12-20 10:51:21.588|E|805740677|lpUCM [IpccProtoMessage.cpp:SerializeParams:112] m_offset, 655360
[m[1;33m2025-12-20 10:51:21.588|W|805740677|lpUCM [RemoteSails.cpp:SendWithRetry:185] Successfully wrote 1052 bytes
[m[0;32;32m2025-12-20 10:51:21.618|I|805740677|lpUCM [RemoteSails.cpp:HandleResponse:149] HandleResponse started, buffer size: 1048
[m[0;32;32m2025-12-20 10:51:21.618|I|805740677|lpUCM [RemoteSails.cpp:HandleResponse:158] Successfully deserialized response, status: 0, result code: 0
[m[0;32;31m2025-12-20 10:51:21.618|E|805740677|lpUCM [IpccProtoMessage.cpp:SerializeParams:112] m_offset, 656384
[m[1;33m2025-12-20 10:51:21.618|W|805740677|lpUCM [RemoteSails.cpp:SendWithRetry:185] Successfully wrote 1052 bytes
[m[0;32;32m2025-12-20 10:51:21.621|I|805740677|lpUCM [RemoteSails.cpp:HandleResponse:149] HandleResponse started, buffer size: 1048
[m[0;32;32m2025-12-20 10:51:21.621|I|805740677|lpUCM [RemoteSails.cpp:HandleResponse:158] Successfully deserialized response, status: 0, result code: 0
[m[0;32;31m2025-12-20 10:51:21.621|E|805740677|lpUCM [IpccProtoMessage.cpp:SerializeParams:112] m_offset, 657408
[m[1;33m2025-12-20 10:51:21.621|W|805740677|lpUCM [RemoteSails.cpp:SendWithRetry:185] Successfully wrote 1052 bytes
[m[0;32;32m2025-12-20 10:51:21.624|I|805740677|lpUCM [RemoteSails.cpp:HandleResponse:149] HandleResponse started, buffer size: 1048
[m[0;32;32m2025-12-20 10:51:21.624|I|805740677|lpUCM [RemoteSails.cpp:HandleResponse:158] Successfully deserialized response, status: 0, result code: 0
[m[0;32;31m2025-12-20 10:51:21.624|E|805740677|lpUCM [IpccProtoMessage.cpp:SerializeParams:112] m_offset, 658432
[m[1;33m2025-12-20 10:51:21.624|W|805740677|lpUCM [RemoteSails.cpp:SendWithRetry:185] Successfully wrote 1052 bytes
[m[0;32;32m2025-12-20 10:51:21.627|I|805740677|lpUCM [RemoteSails.cpp:HandleResponse:149] HandleResponse started, buffer size: 1048
[m[0;32;32m2025-12-20 10:51:21.627|I|805740677|lpUCM [RemoteSails.cpp:HandleResponse:158] Successfully deserialized response, status: 0, result code: 0
[m[0;32;31m2025-12-20 10:51:21.627|E|805740677|lpUCM [IpccProtoMessage.cpp:SerializeParams:112] m_offset, 659456
[m[1;33m2025-12-20 10:51:21.627|W|805740677|lpUCM [RemoteSails.cpp:SendWithRetry:185] Successfully wrote 1052 bytes
[m[0;32;32m2025-12-20 10:51:21.657|I|805740677|lpUCM [RemoteSails.cpp:HandleResponse:149] HandleResponse started, buffer size: 1048
[m[0;32;32m2025-12-20 10:51:21.657|I|805740677|lpUCM [RemoteSails.cpp:HandleResponse:158] Successfully deserialized response, status: 0, result code: 0
[m[0;32;31m2025-12-20 10:51:21.657|E|805740677|lpUCM [IpccProtoMessage.cpp:SerializeParams:112] m_offset, 660480
[m[1;33m2025-12-20 10:51:21.657|W|805740677|lpUCM [RemoteSails.cpp:SendWithRetry:185] Successfully wrote 1052 bytes
[m[0;32;32m2025-12-20 10:51:21.661|I|805740677|lpUCM [RemoteSails.cpp:HandleResponse:149] HandleResponse started, buffer size: 1048
[m[0;32;32m2025-12-20 10:51:21.661|I|805740677|lpUCM [RemoteSails.cpp:HandleResponse:158] Successfully deserialized response, status: 0, result code: 0
[m[0;32;31m2025-12-20 10:51:21.661|E|805740677|lpUCM [IpccProtoMessage.cpp:SerializeParams:112] m_offset, 661504
[m[1;33m2025-12-20 10:51:21.661|W|805740677|lpUCM [RemoteSails.cpp:SendWithRetry:185] Successfully wrote 1052 bytes
[m[0;32;32m2025-12-20 10:51:21.664|I|805740677|lpUCM [RemoteSails.cpp:HandleResponse:149] HandleResponse started, buffer size: 1048
[m[0;32;32m2025-12-20 10:51:21.664|I|805740677|lpUCM [RemoteSails.cpp:HandleResponse:158] Successfully deserialized response, status: 0, result code: 0
[m[0;32;31m2025-12-20 10:51:21.664|E|805740677|lpUCM [IpccProtoMessage.cpp:SerializeParams:112] m_offset, 662528
[m[1;33m2025-12-20 10:51:21.664|W|805740677|lpUCM [RemoteSails.cpp:SendWithRetry:185] Successfully wrote 1052 bytes
[m[0;32;32m2025-12-20 10:51:21.668|I|805740677|lpUCM [RemoteSails.cpp:HandleResponse:149] HandleResponse started, buffer size: 1048
[m[0;32;32m2025-12-20 10:51:21.668|I|805740677|lpUCM [RemoteSails.cpp:HandleResponse:158] Successfully deserialized response, status: 0, result code: 0
[m[0;32;31m2025-12-20 10:51:21.668|E|805740677|lpUCM [IpccProtoMessage.cpp:SerializeParams:112] m_offset, 663552
[m[1;33m2025-12-20 10:51:21.668|W|805740677|lpUCM [RemoteSails.cpp:SendWithRetry:185] Successfully wrote 1052 bytes
[m[0;32;32m2025-12-20 10:51:21.696|I|805740677|lpUCM [RemoteSails.cpp:HandleResponse:149] HandleResponse started, buffer size: 1048
[m[0;32;32m2025-12-20 10:51:21.696|I|805740677|lpUCM [RemoteSails.cpp:HandleResponse:158] Successfully deserialized response, status: 0, result code: 0
[m[0;32;31m2025-12-20 10:51:21.696|E|805740677|lpUCM [IpccProtoMessage.cpp:SerializeParams:112] m_offset, 664576
[m[1;33m2025-12-20 10:51:21.696|W|805740677|lpUCM [RemoteSails.cpp:SendWithRetry:185] Successfully wrote 1052 bytes
[m[0;32;32m2025-12-20 10:51:21.699|I|805740677|lpUCM [RemoteSails.cpp:HandleResponse:149] HandleResponse started, buffer size: 1048
[m[0;32;32m2025-12-20 10:51:21.699|I|805740677|lpUCM [RemoteSails.cpp:HandleResponse:158] Successfully deserialized response, status: 0, result code: 0
[m[0;32;31m2025-12-20 10:51:21.699|E|805740677|lpUCM [IpccProtoMessage.cpp:SerializeParams:112] m_offset, 665600
[m[1;33m2025-12-20 10:51:21.699|W|805740677|lpUCM [RemoteSails.cpp:SendWithRetry:185] Successfully wrote 1052 bytes
[m[0;32;32m2025-12-20 10:51:21.703|I|805740677|lpUCM [RemoteSails.cpp:HandleResponse:149] HandleResponse started, buffer size: 1048
[m[0;32;32m2025-12-20 10:51:21.703|I|805740677|lpUCM [RemoteSails.cpp:HandleResponse:158] Successfully deserialized response, status: 0, result code: 0
[m[0;32;31m2025-12-20 10:51:21.703|E|805740677|lpUCM [IpccProtoMessage.cpp:SerializeParams:112] m_offset, 666624
[m[1;33m2025-12-20 10:51:21.703|W|805740677|lpUCM [RemoteSails.cpp:SendWithRetry:185] Successfully wrote 1052 bytes
[m[0;32;32m2025-12-20 10:51:21.706|I|805740677|lpUCM [RemoteSails.cpp:HandleResponse:149] HandleResponse started, buffer size: 1048
[m[0;32;32m2025-12-20 10:51:21.706|I|805740677|lpUCM [RemoteSails.cpp:HandleResponse:158] Successfully deserialized response, status: 0, result code: 0
[m[0;32;31m2025-12-20 10:51:21.706|E|805740677|lpUCM [IpccProtoMessage.cpp:SerializeParams:112] m_offset, 667648
[m[1;33m2025-12-20 10:51:21.706|W|805740677|lpUCM [RemoteSails.cpp:SendWithRetry:185] Successfully wrote 1052 bytes
[m[0;32;32m2025-12-20 10:51:21.736|I|805740677|lpUCM [RemoteSails.cpp:HandleResponse:149] HandleResponse started, buffer size: 1048
[m[0;32;32m2025-12-20 10:51:21.736|I|805740677|lpUCM [RemoteSails.cpp:HandleResponse:158] Successfully deserialized response, status: 0, result code: 0
[m[0;32;31m2025-12-20 10:51:21.736|E|805740677|lpUCM [IpccProtoMessage.cpp:SerializeParams:112] m_offset, 668672
[m[1;33m2025-12-20 10:51:21.736|W|805740677|lpUCM [RemoteSails.cpp:SendWithRetry:185] Successfully wrote 1052 bytes
[m[0;32;32m2025-12-20 10:51:21.739|I|805740677|lpUCM [RemoteSails.cpp:HandleResponse:149] HandleResponse started, buffer size: 1048
[m[0;32;32m2025-12-20 10:51:21.739|I|805740677|lpUCM [RemoteSails.cpp:HandleResponse:158] Successfully deserialized response, status: 0, result code: 0
[m[0;32;31m2025-12-20 10:51:21.739|E|805740677|lpUCM [IpccProtoMessage.cpp:SerializeParams:112] m_offset, 669696
[m[1;33m2025-12-20 10:51:21.739|W|805740677|lpUCM [RemoteSails.cpp:SendWithRetry:185] Successfully wrote 1052 bytes
[m[0;32;32m2025-12-20 10:51:21.742|I|805740677|lpUCM [RemoteSails.cpp:HandleResponse:149] HandleResponse started, buffer size: 1048
[m[0;32;32m2025-12-20 10:51:21.742|I|805740677|lpUCM [RemoteSails.cpp:HandleResponse:158] Successfully deserialized response, status: 0, result code: 0
[m[0;32;31m2025-12-20 10:51:21.742|E|805740677|lpUCM [IpccProtoMessage.cpp:SerializeParams:112] m_offset, 670720
[m[1;33m2025-12-20 10:51:21.742|W|805740677|lpUCM [RemoteSails.cpp:SendWithRetry:185] Successfully wrote 1052 bytes
[m[0;32;32m2025-12-20 10:51:21.745|I|805740677|lpUCM [RemoteSails.cpp:HandleResponse:149] HandleResponse started, buffer size: 1048
[m[0;32;32m2025-12-20 10:51:21.745|I|805740677|lpUCM [RemoteSails.cpp:HandleResponse:158] Successfully deserialized response, status: 0, result code: 0
[m[0;32;32m2025-12-20 10:51:21.745|I|805740677|lpUCM [RemoteSails.cpp:SailWriteData:272] All data already trans size 16384
[m[0;32;32m2025-12-20 10:51:21.745|I|805740677|lpUCM [fds.cpp:FDS_OnLocalUpgProgress:248] total: 23, curr:22, percent:55, rop:93%
[m[0;32;32m2025-12-20 10:51:21.745|I|805740677|lpUCM [RemoteSails.cpp:SailWriteData:254] total data is 16384
[m[0;32;31m2025-12-20 10:51:21.745|E|805740677|lpUCM [IpccProtoMessage.cpp:SerializeParams:112] m_offset, 671744
[m[1;33m2025-12-20 10:51:21.745|W|805740677|lpUCM [RemoteSails.cpp:SendWithRetry:185] Successfully wrote 1052 bytes
[m[0;32;32m2025-12-20 10:51:21.775|I|805740677|lpUCM [RemoteSails.cpp:HandleResponse:149] HandleResponse started, buffer size: 1048
[m[0;32;32m2025-12-20 10:51:21.775|I|805740677|lpUCM [RemoteSails.cpp:HandleResponse:158] Successfully deserialized response, status: 0, result code: 0
[m[0;32;31m2025-12-20 10:51:21.775|E|805740677|lpUCM [IpccProtoMessage.cpp:SerializeParams:112] m_offset, 672768
[m[1;33m2025-12-20 10:51:21.775|W|805740677|lpUCM [RemoteSails.cpp:SendWithRetry:185] Successfully wrote 1052 bytes
[m[0;32;32m2025-12-20 10:51:21.778|I|805740677|lpUCM [RemoteSails.cpp:HandleResponse:149] HandleResponse started, buffer size: 1048
[m[0;32;32m2025-12-20 10:51:21.778|I|805740677|lpUCM [RemoteSails.cpp:HandleResponse:158] Successfully deserialized response, status: 0, result code: 0
[m[0;32;31m2025-12-20 10:51:21.778|E|805740677|lpUCM [IpccProtoMessage.cpp:SerializeParams:112] m_offset, 673792
[m[1;33m2025-12-20 10:51:21.778|W|805740677|lpUCM [RemoteSails.cpp:SendWithRetry:185] Successfully wrote 1052 bytes
[m[0;32;32m2025-12-20 10:51:21.784|I|805740677|lpUCM [RemoteSails.cpp:HandleResponse:149] HandleResponse started, buffer size: 1048
[m[0;32;32m2025-12-20 10:51:21.784|I|805740677|lpUCM [RemoteSails.cpp:HandleResponse:158] Successfully deserialized response, status: 0, result code: 0
[m[0;32;31m2025-12-20 10:51:21.784|E|805740677|lpUCM [IpccProtoMessage.cpp:SerializeParams:112] m_offset, 674816
[m[1;33m2025-12-20 10:51:21.784|W|805740677|lpUCM [RemoteSails.cpp:SendWithRetry:185] Successfully wrote 1052 bytes
[m[0;32;32m2025-12-20 10:51:21.787|I|805740677|lpUCM [RemoteSails.cpp:HandleResponse:149] HandleResponse started, buffer size: 1048
[m[0;32;32m2025-12-20 10:51:21.787|I|805740677|lpUCM [RemoteSails.cpp:HandleResponse:158] Successfully deserialized response, status: 0, result code: 0
[m[0;32;31m2025-12-20 10:51:21.787|E|805740677|lpUCM [IpccProtoMessage.cpp:SerializeParams:112] m_offset, 675840
[m[1;33m2025-12-20 10:51:21.787|W|805740677|lpUCM [RemoteSails.cpp:SendWithRetry:185] Successfully wrote 1052 bytes
[m[0;32;32m2025-12-20 10:51:21.820|I|805740677|lpUCM [RemoteSails.cpp:HandleResponse:149] HandleResponse started, buffer size: 1048
[m[0;32;32m2025-12-20 10:51:21.820|I|805740677|lpUCM [RemoteSails.cpp:HandleResponse:158] Successfully deserialized response, status: 0, result code: 0
[m[0;32;31m2025-12-20 10:51:21.820|E|805740677|lpUCM [IpccProtoMessage.cpp:SerializeParams:112] m_offset, 676864
[m[1;33m2025-12-20 10:51:21.820|W|805740677|lpUCM [RemoteSails.cpp:SendWithRetry:185] Successfully wrote 1052 bytes
[m[0;32;32m2025-12-20 10:51:21.826|I|805740677|lpUCM [RemoteSails.cpp:HandleResponse:149] HandleResponse started, buffer size: 1048
[m[0;32;32m2025-12-20 10:51:21.826|I|805740677|lpUCM [RemoteSails.cpp:HandleResponse:158] Successfully deserialized response, status: 0, result code: 0
[m[0;32;31m2025-12-20 10:51:21.826|E|805740677|lpUCM [IpccProtoMessage.cpp:SerializeParams:112] m_offset, 677888
[m[1;33m2025-12-20 10:51:21.826|W|805740677|lpUCM [RemoteSails.cpp:SendWithRetry:185] Successfully wrote 1052 bytes
[m[0;32;32m2025-12-20 10:51:21.830|I|805740677|lpUCM [RemoteSails.cpp:HandleResponse:149] HandleResponse started, buffer size: 1048
[m[0;32;32m2025-12-20 10:51:21.830|I|805740677|lpUCM [RemoteSails.cpp:HandleResponse:158] Successfully deserialized response, status: 0, result code: 0
[m[0;32;31m2025-12-20 10:51:21.830|E|805740677|lpUCM [IpccProtoMessage.cpp:SerializeParams:112] m_offset, 678912
[m[1;33m2025-12-20 10:51:21.830|W|805740677|lpUCM [RemoteSails.cpp:SendWithRetry:185] Successfully wrote 1052 bytes
[m[0;32;32m2025-12-20 10:51:21.837|I|805740677|lpUCM [RemoteSails.cpp:HandleResponse:149] HandleResponse started, buffer size: 1048
[m[0;32;32m2025-12-20 10:51:21.837|I|805740677|lpUCM [RemoteSails.cpp:HandleResponse:158] Successfully deserialized response, status: 0, result code: 0
[m[0;32;31m2025-12-20 10:51:21.837|E|805740677|lpUCM [IpccProtoMessage.cpp:SerializeParams:112] m_offset, 679936
[m[1;33m2025-12-20 10:51:21.837|W|805740677|lpUCM [RemoteSails.cpp:SendWithRetry:185] Successfully wrote 1052 bytes
[m[0;32;32m2025-12-20 10:51:21.869|I|805740677|lpUCM [RemoteSails.cpp:HandleResponse:149] HandleResponse started, buffer size: 1048
[m[0;32;32m2025-12-20 10:51:21.869|I|805740677|lpUCM [RemoteSails.cpp:HandleResponse:158] Successfully deserialized response, status: 0, result code: 0
[m[0;32;31m2025-12-20 10:51:21.869|E|805740677|lpUCM [IpccProtoMessage.cpp:SerializeParams:112] m_offset, 680960
[m[1;33m2025-12-20 10:51:21.869|W|805740677|lpUCM [RemoteSails.cpp:SendWithRetry:185] Successfully wrote 1052 bytes
[m[0;32;32m2025-12-20 10:51:21.873|I|805740677|lpUCM [RemoteSails.cpp:HandleResponse:149] HandleResponse started, buffer size: 1048
[m[0;32;32m2025-12-20 10:51:21.873|I|805740677|lpUCM [RemoteSails.cpp:HandleResponse:158] Successfully deserialized response, status: 0, result code: 0
[m[0;32;31m2025-12-20 10:51:21.873|E|805740677|lpUCM [IpccProtoMessage.cpp:SerializeParams:112] m_offset, 681984
[m[1;33m2025-12-20 10:51:21.873|W|805740677|lpUCM [RemoteSails.cpp:SendWithRetry:185] Successfully wrote 1052 bytes
[m[0;32;32m2025-12-20 10:51:21.877|I|805740677|lpUCM [RemoteSails.cpp:HandleResponse:149] HandleResponse started, buffer size: 1048
[m[0;32;32m2025-12-20 10:51:21.877|I|805740677|lpUCM [RemoteSails.cpp:HandleResponse:158] Successfully deserialized response, status: 0, result code: 0
[m[0;32;31m2025-12-20 10:51:21.877|E|805740677|lpUCM [IpccProtoMessage.cpp:SerializeParams:112] m_offset, 683008
[m[1;33m2025-12-20 10:51:21.877|W|805740677|lpUCM [RemoteSails.cpp:SendWithRetry:185] Successfully wrote 1052 bytes
[m[0;32;32m2025-12-20 10:51:21.880|I|805740677|lpUCM [RemoteSails.cpp:HandleResponse:149] HandleResponse started, buffer size: 1048
[m[0;32;32m2025-12-20 10:51:21.880|I|805740677|lpUCM [RemoteSails.cpp:HandleResponse:158] Successfully deserialized response, status: 0, result code: 0
[m[0;32;31m2025-12-20 10:51:21.880|E|805740677|lpUCM [IpccProtoMessage.cpp:SerializeParams:112] m_offset, 684032
[m[1;33m2025-12-20 10:51:21.880|W|805740677|lpUCM [RemoteSails.cpp:SendWithRetry:185] Successfully wrote 1052 bytes
[m[0;32;32m2025-12-20 10:51:21.910|I|805740677|lpUCM [RemoteSails.cpp:HandleResponse:149] HandleResponse started, buffer size: 1048
[m[0;32;32m2025-12-20 10:51:21.910|I|805740677|lpUCM [RemoteSails.cpp:HandleResponse:158] Successfully deserialized response, status: 0, result code: 0
[m[0;32;31m2025-12-20 10:51:21.910|E|805740677|lpUCM [IpccProtoMessage.cpp:SerializeParams:112] m_offset, 685056
[m[1;33m2025-12-20 10:51:21.910|W|805740677|lpUCM [RemoteSails.cpp:SendWithRetry:185] Successfully wrote 1052 bytes
[m[0;32;32m2025-12-20 10:51:21.913|I|805740677|lpUCM [RemoteSails.cpp:HandleResponse:149] HandleResponse started, buffer size: 1048
[m[0;32;32m2025-12-20 10:51:21.913|I|805740677|lpUCM [RemoteSails.cpp:HandleResponse:158] Successfully deserialized response, status: 0, result code: 0
[m[0;32;31m2025-12-20 10:51:21.913|E|805740677|lpUCM [IpccProtoMessage.cpp:SerializeParams:112] m_offset, 686080
[m[1;33m2025-12-20 10:51:21.913|W|805740677|lpUCM [RemoteSails.cpp:SendWithRetry:185] Successfully wrote 1052 bytes
[m[0;32;32m2025-12-20 10:51:21.916|I|805740677|lpUCM [RemoteSails.cpp:HandleResponse:149] HandleResponse started, buffer size: 1048
[m[0;32;32m2025-12-20 10:51:21.916|I|805740677|lpUCM [RemoteSails.cpp:HandleResponse:158] Successfully deserialized response, status: 0, result code: 0
[m[0;32;31m2025-12-20 10:51:21.916|E|805740677|lpUCM [IpccProtoMessage.cpp:SerializeParams:112] m_offset, 687104
[m[1;33m2025-12-20 10:51:21.916|W|805740677|lpUCM [RemoteSails.cpp:SendWithRetry:185] Successfully wrote 1052 bytes
[m[0;32;32m2025-12-20 10:51:21.919|I|805740677|lpUCM [RemoteSails.cpp:HandleResponse:149] HandleResponse started, buffer size: 1048
[m[0;32;32m2025-12-20 10:51:21.919|I|805740677|lpUCM [RemoteSails.cpp:HandleResponse:158] Successfully deserialized response, status: 0, result code: 0
[m[0;32;32m2025-12-20 10:51:21.919|I|805740677|lpUCM [RemoteSails.cpp:SailWriteData:272] All data already trans size 16384
[m[0;32;32m2025-12-20 10:51:21.919|I|805740677|lpUCM [fds.cpp:FDS_OnLocalUpgProgress:248] total: 23, curr:22, percent:56, rop:93%
[m[0;32;32m2025-12-20 10:51:21.919|I|805740677|lpUCM [RemoteSails.cpp:SailWriteData:254] total data is 16384
[m[0;32;31m2025-12-20 10:51:21.919|E|805740677|lpUCM [IpccProtoMessage.cpp:SerializeParams:112] m_offset, 688128
[m[1;33m2025-12-20 10:51:21.919|W|805740677|lpUCM [RemoteSails.cpp:SendWithRetry:185] Successfully wrote 1052 bytes
[m[0;32;32m2025-12-20 10:51:21.949|I|805740677|lpUCM [RemoteSails.cpp:HandleResponse:149] HandleResponse started, buffer size: 1048
[m[0;32;32m2025-12-20 10:51:21.949|I|805740677|lpUCM [RemoteSails.cpp:HandleResponse:158] Successfully deserialized response, status: 0, result code: 0
[m[0;32;31m2025-12-20 10:51:21.949|E|805740677|lpUCM [IpccProtoMessage.cpp:SerializeParams:112] m_offset, 689152
[m[1;33m2025-12-20 10:51:21.949|W|805740677|lpUCM [RemoteSails.cpp:SendWithRetry:185] Successfully wrote 1052 bytes
[m[0;32;32m2025-12-20 10:51:21.955|I|805740677|lpUCM [RemoteSails.cpp:HandleResponse:149] HandleResponse started, buffer size: 1048
[m[0;32;32m2025-12-20 10:51:21.955|I|805740677|lpUCM [RemoteSails.cpp:HandleResponse:158] Successfully deserialized response, status: 0, result code: 0
[m[0;32;31m2025-12-20 10:51:21.955|E|805740677|lpUCM [IpccProtoMessage.cpp:SerializeParams:112] m_offset, 690176
[m[1;33m2025-12-20 10:51:21.955|W|805740677|lpUCM [RemoteSails.cpp:SendWithRetry:185] Successfully wrote 1052 bytes
[m[0;32;32m2025-12-20 10:51:21.958|I|805740677|lpUCM [RemoteSails.cpp:HandleResponse:149] HandleResponse started, buffer size: 1048
[m[0;32;32m2025-12-20 10:51:21.958|I|805740677|lpUCM [RemoteSails.cpp:HandleResponse:158] Successfully deserialized response, status: 0, result code: 0
[m[0;32;31m2025-12-20 10:51:21.958|E|805740677|lpUCM [IpccProtoMessage.cpp:SerializeParams:112] m_offset, 691200
[m[1;33m2025-12-20 10:51:21.958|W|805740677|lpUCM [RemoteSails.cpp:SendWithRetry:185] Successfully wrote 1052 bytes
[m[0;32;32m2025-12-20 10:51:21.961|I|805740677|lpUCM [RemoteSails.cpp:HandleResponse:149] HandleResponse started, buffer size: 1048
[m[0;32;32m2025-12-20 10:51:21.961|I|805740677|lpUCM [RemoteSails.cpp:HandleResponse:158] Successfully deserialized response, status: 0, result code: 0
[m[0;32;31m2025-12-20 10:51:21.961|E|805740677|lpUCM [IpccProtoMessage.cpp:SerializeParams:112] m_offset, 692224
[m[1;33m2025-12-20 10:51:21.961|W|805740677|lpUCM [RemoteSails.cpp:SendWithRetry:185] Successfully wrote 1052 bytes
[m[0;32;32m2025-12-20 10:51:21.992|I|805740677|lpUCM [RemoteSails.cpp:HandleResponse:149] HandleResponse started, buffer size: 1048
[m[0;32;32m2025-12-20 10:51:21.992|I|805740677|lpUCM [RemoteSails.cpp:HandleResponse:158] Successfully deserialized response, status: 0, result code: 0
[m[0;32;31m2025-12-20 10:51:21.992|E|805740677|lpUCM [IpccProtoMessage.cpp:SerializeParams:112] m_offset, 693248
[m[1;33m2025-12-20 10:51:21.992|W|805740677|lpUCM [RemoteSails.cpp:SendWithRetry:185] Successfully wrote 1052 bytes
[m[0;32;32m2025-12-20 10:51:21.995|I|805740677|lpUCM [RemoteSails.cpp:HandleResponse:149] HandleResponse started, buffer size: 1048
[m[0;32;32m2025-12-20 10:51:21.995|I|805740677|lpUCM [RemoteSails.cpp:HandleResponse:158] Successfully deserialized response, status: 0, result code: 0
[m[0;32;31m2025-12-20 10:51:21.995|E|805740677|lpUCM [IpccProtoMessage.cpp:SerializeParams:112] m_offset, 694272
[m[1;33m2025-12-20 10:51:21.995|W|805740677|lpUCM [RemoteSails.cpp:SendWithRetry:185] Successfully wrote 1052 bytes
[m[0;32;32m2025-12-20 10:51:21.998|I|805740677|lpUCM [RemoteSails.cpp:HandleResponse:149] HandleResponse started, buffer size: 1048
[m[0;32;32m2025-12-20 10:51:21.998|I|805740677|lpUCM [RemoteSails.cpp:HandleResponse:158] Successfully deserialized response, status: 0, result code: 0
[m[0;32;31m2025-12-20 10:51:21.998|E|805740677|lpUCM [IpccProtoMessage.cpp:SerializeParams:112] m_offset, 695296
[m[1;33m2025-12-20 10:51:21.998|W|805740677|lpUCM [RemoteSails.cpp:SendWithRetry:185] Successfully wrote 1052 bytes
[m[0;32;32m2025-12-20 10:51:22.2|I|805740677|lpUCM [RemoteSails.cpp:HandleResponse:149] HandleResponse started, buffer size: 1048
[m[0;32;32m2025-12-20 10:51:22.2|I|805740677|lpUCM [RemoteSails.cpp:HandleResponse:158] Successfully deserialized response, status: 0, result code: 0
[m[0;32;31m2025-12-20 10:51:22.2|E|805740677|lpUCM [IpccProtoMessage.cpp:SerializeParams:112] m_offset, 696320
[m[1;33m2025-12-20 10:51:22.2|W|805740677|lpUCM [RemoteSails.cpp:SendWithRetry:185] Successfully wrote 1052 bytes
[m[0;32;32m2025-12-20 10:51:22.33|I|805740677|lpUCM [RemoteSails.cpp:HandleResponse:149] HandleResponse started, buffer size: 1048
[m[0;32;32m2025-12-20 10:51:22.33|I|805740677|lpUCM [RemoteSails.cpp:HandleResponse:158] Successfully deserialized response, status: 0, result code: 0
[m[0;32;31m2025-12-20 10:51:22.33|E|805740677|lpUCM [IpccProtoMessage.cpp:SerializeParams:112] m_offset, 697344
[m[1;33m2025-12-20 10:51:22.34|W|805740677|lpUCM [RemoteSails.cpp:SendWithRetry:185] Successfully wrote 1052 bytes
[m[0;32;32m2025-12-20 10:51:22.38|I|805740677|lpUCM [RemoteSails.cpp:HandleResponse:149] HandleResponse started, buffer size: 1048
[m[0;32;32m2025-12-20 10:51:22.38|I|805740677|lpUCM [RemoteSails.cpp:HandleResponse:158] Successfully deserialized response, status: 0, result code: 0
[m[0;32;31m2025-12-20 10:51:22.38|E|805740677|lpUCM [IpccProtoMessage.cpp:SerializeParams:112] m_offset, 698368
[m[1;33m2025-12-20 10:51:22.38|W|805740677|lpUCM [RemoteSails.cpp:SendWithRetry:185] Successfully wrote 1052 bytes
[m[0;32;32m2025-12-20 10:51:22.41|I|805740677|lpUCM [RemoteSails.cpp:HandleResponse:149] HandleResponse started, buffer size: 1048
[m[0;32;32m2025-12-20 10:51:22.41|I|805740677|lpUCM [RemoteSails.cpp:HandleResponse:158] Successfully deserialized response, status: 0, result code: 0
[m[0;32;31m2025-12-20 10:51:22.41|E|805740677|lpUCM [IpccProtoMessage.cpp:SerializeParams:112] m_offset, 699392
[m[1;33m2025-12-20 10:51:22.41|W|805740677|lpUCM [RemoteSails.cpp:SendWithRetry:185] Successfully wrote 1052 bytes
[m[0;32;32m2025-12-20 10:51:22.44|I|805740677|lpUCM [RemoteSails.cpp:HandleResponse:149] HandleResponse started, buffer size: 1048
[m[0;32;32m2025-12-20 10:51:22.44|I|805740677|lpUCM [RemoteSails.cpp:HandleResponse:158] Successfully deserialized response, status: 0, result code: 0
[m[0;32;31m2025-12-20 10:51:22.44|E|805740677|lpUCM [IpccProtoMessage.cpp:SerializeParams:112] m_offset, 700416
[m[1;33m2025-12-20 10:51:22.44|W|805740677|lpUCM [RemoteSails.cpp:SendWithRetry:185] Successfully wrote 1052 bytes
[m[0;32;32m2025-12-20 10:51:22.75|I|805740677|lpUCM [RemoteSails.cpp:HandleResponse:149] HandleResponse started, buffer size: 1048
[m[0;32;32m2025-12-20 10:51:22.75|I|805740677|lpUCM [RemoteSails.cpp:HandleResponse:158] Successfully deserialized response, status: 0, result code: 0
[m[0;32;31m2025-12-20 10:51:22.75|E|805740677|lpUCM [IpccProtoMessage.cpp:SerializeParams:112] m_offset, 701440
[m[1;33m2025-12-20 10:51:22.75|W|805740677|lpUCM [RemoteSails.cpp:SendWithRetry:185] Successfully wrote 1052 bytes
[m[0;32;32m2025-12-20 10:51:22.79|I|805740677|lpUCM [RemoteSails.cpp:HandleResponse:149] HandleResponse started, buffer size: 1048
[m[0;32;32m2025-12-20 10:51:22.79|I|805740677|lpUCM [RemoteSails.cpp:HandleResponse:158] Successfully deserialized response, status: 0, result code: 0
[m[0;32;31m2025-12-20 10:51:22.79|E|805740677|lpUCM [IpccProtoMessage.cpp:SerializeParams:112] m_offset, 702464
[m[1;33m2025-12-20 10:51:22.79|W|805740677|lpUCM [RemoteSails.cpp:SendWithRetry:185] Successfully wrote 1052 bytes
[m[0;32;32m2025-12-20 10:51:22.86|I|805740677|lpUCM [RemoteSails.cpp:HandleResponse:149] HandleResponse started, buffer size: 1048
[m[0;32;32m2025-12-20 10:51:22.86|I|805740677|lpUCM [RemoteSails.cpp:HandleResponse:158] Successfully deserialized response, status: 0, result code: 0
[m[0;32;31m2025-12-20 10:51:22.86|E|805740677|lpUCM [IpccProtoMessage.cpp:SerializeParams:112] m_offset, 703488
[m[1;33m2025-12-20 10:51:22.86|W|805740677|lpUCM [RemoteSails.cpp:SendWithRetry:185] Successfully wrote 1052 bytes
[m[0;32;32m2025-12-20 10:51:22.89|I|805740677|lpUCM [RemoteSails.cpp:HandleResponse:149] HandleResponse started, buffer size: 1048
[m[0;32;32m2025-12-20 10:51:22.89|I|805740677|lpUCM [RemoteSails.cpp:HandleResponse:158] Successfully deserialized response, status: 0, result code: 0
[m[0;32;32m2025-12-20 10:51:22.89|I|805740677|lpUCM [RemoteSails.cpp:SailWriteData:272] All data already trans size 16384
[m[0;32;32m2025-12-20 10:51:22.89|I|805740677|lpUCM [fds.cpp:FDS_OnLocalUpgProgress:248] total: 23, curr:22, percent:57, rop:93%
[m[0;32;32m2025-12-20 10:51:22.89|I|805740677|lpUCM [RemoteSails.cpp:SailWriteData:254] total data is 16384
[m[0;32;31m2025-12-20 10:51:22.89|E|805740677|lpUCM [IpccProtoMessage.cpp:SerializeParams:112] m_offset, 704512
[m[1;33m2025-12-20 10:51:22.89|W|805740677|lpUCM [RemoteSails.cpp:SendWithRetry:185] Successfully wrote 1052 bytes
[m[0;32;32m2025-12-20 10:51:22.119|I|805740677|lpUCM [RemoteSails.cpp:HandleResponse:149] HandleResponse started, buffer size: 1048
[m[0;32;32m2025-12-20 10:51:22.119|I|805740677|lpUCM [RemoteSails.cpp:HandleResponse:158] Successfully deserialized response, status: 0, result code: 0
[m[0;32;31m2025-12-20 10:51:22.119|E|805740677|lpUCM [IpccProtoMessage.cpp:SerializeParams:112] m_offset, 705536
[m[1;33m2025-12-20 10:51:22.119|W|805740677|lpUCM [RemoteSails.cpp:SendWithRetry:185] Successfully wrote 1052 bytes
[m[0;32;32m2025-12-20 10:51:22.125|I|805740677|lpUCM [RemoteSails.cpp:HandleResponse:149] HandleResponse started, buffer size: 1048
[m[0;32;32m2025-12-20 10:51:22.125|I|805740677|lpUCM [RemoteSails.cpp:HandleResponse:158] Successfully deserialized response, status: 0, result code: 0
[m[0;32;31m2025-12-20 10:51:22.125|E|805740677|lpUCM [IpccProtoMessage.cpp:SerializeParams:112] m_offset, 706560
[m[1;33m2025-12-20 10:51:22.125|W|805740677|lpUCM [RemoteSails.cpp:SendWithRetry:185] Successfully wrote 1052 bytes
[m[0;32;32m2025-12-20 10:51:22.128|I|805740677|lpUCM [RemoteSails.cpp:HandleResponse:149] HandleResponse started, buffer size: 1048
[m[0;32;32m2025-12-20 10:51:22.128|I|805740677|lpUCM [RemoteSails.cpp:HandleResponse:158] Successfully deserialized response, status: 0, result code: 0
[m[0;32;31m2025-12-20 10:51:22.128|E|805740677|lpUCM [IpccProtoMessage.cpp:SerializeParams:112] m_offset, 707584
[m[1;33m2025-12-20 10:51:22.128|W|805740677|lpUCM [RemoteSails.cpp:SendWithRetry:185] Successfully wrote 1052 bytes
[m[0;32;32m2025-12-20 10:51:22.134|I|805740677|lpUCM [RemoteSails.cpp:HandleResponse:149] HandleResponse started, buffer size: 1048
[m[0;32;32m2025-12-20 10:51:22.134|I|805740677|lpUCM [RemoteSails.cpp:HandleResponse:158] Successfully deserialized response, status: 0, result code: 0
[m[0;32;31m2025-12-20 10:51:22.134|E|805740677|lpUCM [IpccProtoMessage.cpp:SerializeParams:112] m_offset, 708608
[m[1;33m2025-12-20 10:51:22.134|W|805740677|lpUCM [RemoteSails.cpp:SendWithRetry:185] Successfully wrote 1052 bytes
[m[0;32;32m2025-12-20 10:51:22.164|I|805740677|lpUCM [RemoteSails.cpp:HandleResponse:149] HandleResponse started, buffer size: 1048
[m[0;32;32m2025-12-20 10:51:22.164|I|805740677|lpUCM [RemoteSails.cpp:HandleResponse:158] Successfully deserialized response, status: 0, result code: 0
[m[0;32;31m2025-12-20 10:51:22.164|E|805740677|lpUCM [IpccProtoMessage.cpp:SerializeParams:112] m_offset, 709632
[m[1;33m2025-12-20 10:51:22.164|W|805740677|lpUCM [RemoteSails.cpp:SendWithRetry:185] Successfully wrote 1052 bytes
[m[0;32;32m2025-12-20 10:51:22.167|I|805740677|lpUCM [RemoteSails.cpp:HandleResponse:149] HandleResponse started, buffer size: 1048
[m[0;32;32m2025-12-20 10:51:22.167|I|805740677|lpUCM [RemoteSails.cpp:HandleResponse:158] Successfully deserialized response, status: 0, result code: 0
[m[0;32;31m2025-12-20 10:51:22.167|E|805740677|lpUCM [IpccProtoMessage.cpp:SerializeParams:112] m_offset, 710656
[m[1;33m2025-12-20 10:51:22.167|W|805740677|lpUCM [RemoteSails.cpp:SendWithRetry:185] Successfully wrote 1052 bytes
[m[0;32;32m2025-12-20 10:51:22.170|I|805740677|lpUCM [RemoteSails.cpp:HandleResponse:149] HandleResponse started, buffer size: 1048
[m[0;32;32m2025-12-20 10:51:22.170|I|805740677|lpUCM [RemoteSails.cpp:HandleResponse:158] Successfully deserialized response, status: 0, result code: 0
[m[0;32;31m2025-12-20 10:51:22.170|E|805740677|lpUCM [IpccProtoMessage.cpp:SerializeParams:112] m_offset, 711680
[m[1;33m2025-12-20 10:51:22.170|W|805740677|lpUCM [RemoteSails.cpp:SendWithRetry:185] Successfully wrote 1052 bytes
[m[0;32;32m2025-12-20 10:51:22.176|I|805740677|lpUCM [RemoteSails.cpp:HandleResponse:149] HandleResponse started, buffer size: 1048
[m[0;32;32m2025-12-20 10:51:22.176|I|805740677|lpUCM [RemoteSails.cpp:HandleResponse:158] Successfully deserialized response, status: 0, result code: 0
[m[0;32;31m2025-12-20 10:51:22.176|E|805740677|lpUCM [IpccProtoMessage.cpp:SerializeParams:112] m_offset, 712704
[m[1;33m2025-12-20 10:51:22.176|W|805740677|lpUCM [RemoteSails.cpp:SendWithRetry:185] Successfully wrote 1052 bytes
[m[0;32;32m2025-12-20 10:51:22.207|I|805740677|lpUCM [RemoteSails.cpp:HandleResponse:149] HandleResponse started, buffer size: 1048
[m[0;32;32m2025-12-20 10:51:22.207|I|805740677|lpUCM [RemoteSails.cpp:HandleResponse:158] Successfully deserialized response, status: 0, result code: 0
[m[0;32;31m2025-12-20 10:51:22.207|E|805740677|lpUCM [IpccProtoMessage.cpp:SerializeParams:112] m_offset, 713728
[m[1;33m2025-12-20 10:51:22.207|W|805740677|lpUCM [RemoteSails.cpp:SendWithRetry:185] Successfully wrote 1052 bytes
[m[0;32;32m2025-12-20 10:51:22.211|I|805740677|lpUCM [RemoteSails.cpp:HandleResponse:149] HandleResponse started, buffer size: 1048
[m[0;32;32m2025-12-20 10:51:22.211|I|805740677|lpUCM [RemoteSails.cpp:HandleResponse:158] Successfully deserialized response, status: 0, result code: 0
[m[0;32;31m2025-12-20 10:51:22.211|E|805740677|lpUCM [IpccProtoMessage.cpp:SerializeParams:112] m_offset, 714752
[m[1;33m2025-12-20 10:51:22.211|W|805740677|lpUCM [RemoteSails.cpp:SendWithRetry:185] Successfully wrote 1052 bytes
[m[0;32;32m2025-12-20 10:51:22.215|I|805740677|lpUCM [RemoteSails.cpp:HandleResponse:149] HandleResponse started, buffer size: 1048
[m[0;32;32m2025-12-20 10:51:22.215|I|805740677|lpUCM [RemoteSails.cpp:HandleResponse:158] Successfully deserialized response, status: 0, result code: 0
[m[0;32;31m2025-12-20 10:51:22.215|E|805740677|lpUCM [IpccProtoMessage.cpp:SerializeParams:112] m_offset, 715776
[m[1;33m2025-12-20 10:51:22.215|W|805740677|lpUCM [RemoteSails.cpp:SendWithRetry:185] Successfully wrote 1052 bytes
[m[0;32;32m2025-12-20 10:51:22.218|I|805740677|lpUCM [RemoteSails.cpp:HandleResponse:149] HandleResponse started, buffer size: 1048
[m[0;32;32m2025-12-20 10:51:22.218|I|805740677|lpUCM [RemoteSails.cpp:HandleResponse:158] Successfully deserialized response, status: 0, result code: 0
[m[0;32;31m2025-12-20 10:51:22.218|E|805740677|lpUCM [IpccProtoMessage.cpp:SerializeParams:112] m_offset, 716800
[m[1;33m2025-12-20 10:51:22.218|W|805740677|lpUCM [RemoteSails.cpp:SendWithRetry:185] Successfully wrote 1052 bytes
[m[0;32;32m2025-12-20 10:51:22.249|I|805740677|lpUCM [RemoteSails.cpp:HandleResponse:149] HandleResponse started, buffer size: 1048
[m[0;32;32m2025-12-20 10:51:22.249|I|805740677|lpUCM [RemoteSails.cpp:HandleResponse:158] Successfully deserialized response, status: 0, result code: 0
[m[0;32;31m2025-12-20 10:51:22.249|E|805740677|lpUCM [IpccProtoMessage.cpp:SerializeParams:112] m_offset, 717824
[m[1;33m2025-12-20 10:51:22.249|W|805740677|lpUCM [RemoteSails.cpp:SendWithRetry:185] Successfully wrote 1052 bytes
[m[0;32;32m2025-12-20 10:51:22.256|I|805740677|lpUCM [RemoteSails.cpp:HandleResponse:149] HandleResponse started, buffer size: 1048
[m[0;32;32m2025-12-20 10:51:22.256|I|805740677|lpUCM [RemoteSails.cpp:HandleResponse:158] Successfully deserialized response, status: 0, result code: 0
[m[0;32;31m2025-12-20 10:51:22.256|E|805740677|lpUCM [IpccProtoMessage.cpp:SerializeParams:112] m_offset, 718848
[m[1;33m2025-12-20 10:51:22.256|W|805740677|lpUCM [RemoteSails.cpp:SendWithRetry:185] Successfully wrote 1052 bytes
[m[0;32;32m2025-12-20 10:51:22.259|I|805740677|lpUCM [RemoteSails.cpp:HandleResponse:149] HandleResponse started, buffer size: 1048
[m[0;32;32m2025-12-20 10:51:22.259|I|805740677|lpUCM [RemoteSails.cpp:HandleResponse:158] Successfully deserialized response, status: 0, result code: 0
[m[0;32;31m2025-12-20 10:51:22.259|E|805740677|lpUCM [IpccProtoMessage.cpp:SerializeParams:112] m_offset, 719872
[m[1;33m2025-12-20 10:51:22.259|W|805740677|lpUCM [RemoteSails.cpp:SendWithRetry:185] Successfully wrote 1052 bytes
[m[0;32;32m2025-12-20 10:51:22.266|I|805740677|lpUCM [RemoteSails.cpp:HandleResponse:149] HandleResponse started, buffer size: 1048
[m[0;32;32m2025-12-20 10:51:22.266|I|805740677|lpUCM [RemoteSails.cpp:HandleResponse:158] Successfully deserialized response, status: 0, result code: 0
[m[0;32;32m2025-12-20 10:51:22.266|I|805740677|lpUCM [RemoteSails.cpp:SailWriteData:272] All data already trans size 16384
[m[0;32;32m2025-12-20 10:51:22.266|I|805740677|lpUCM [fds.cpp:FDS_OnLocalUpgProgress:248] total: 23, curr:22, percent:58, rop:93%
[m[0;32;32m2025-12-20 10:51:22.266|I|805740677|lpUCM [RemoteSails.cpp:SailWriteData:254] total data is 16384
[m[0;32;31m2025-12-20 10:51:22.266|E|805740677|lpUCM [IpccProtoMessage.cpp:SerializeParams:112] m_offset, 720896
[m[1;33m2025-12-20 10:51:22.266|W|805740677|lpUCM [RemoteSails.cpp:SendWithRetry:185] Successfully wrote 1052 bytes
[m[0;32;32m2025-12-20 10:51:22.298|I|805740677|lpUCM [RemoteSails.cpp:HandleResponse:149] HandleResponse started, buffer size: 1048
[m[0;32;32m2025-12-20 10:51:22.298|I|805740677|lpUCM [RemoteSails.cpp:HandleResponse:158] Successfully deserialized response, status: 0, result code: 0
[m[0;32;31m2025-12-20 10:51:22.298|E|805740677|lpUCM [IpccProtoMessage.cpp:SerializeParams:112] m_offset, 721920
[m[1;33m2025-12-20 10:51:22.298|W|805740677|lpUCM [RemoteSails.cpp:SendWithRetry:185] Successfully wrote 1052 bytes
[m[0;32;32m2025-12-20 10:51:22.301|I|805740677|lpUCM [RemoteSails.cpp:HandleResponse:149] HandleResponse started, buffer size: 1048
[m[0;32;32m2025-12-20 10:51:22.301|I|805740677|lpUCM [RemoteSails.cpp:HandleResponse:158] Successfully deserialized response, status: 0, result code: 0
[m[0;32;31m2025-12-20 10:51:22.301|E|805740677|lpUCM [IpccProtoMessage.cpp:SerializeParams:112] m_offset, 722944
[m[1;33m2025-12-20 10:51:22.301|W|805740677|lpUCM [RemoteSails.cpp:SendWithRetry:185] Successfully wrote 1052 bytes
[m[0;32;32m2025-12-20 10:51:22.304|I|805740677|lpUCM [RemoteSails.cpp:HandleResponse:149] HandleResponse started, buffer size: 1048
[m[0;32;32m2025-12-20 10:51:22.304|I|805740677|lpUCM [RemoteSails.cpp:HandleResponse:158] Successfully deserialized response, status: 0, result code: 0
[m[0;32;31m2025-12-20 10:51:22.304|E|805740677|lpUCM [IpccProtoMessage.cpp:SerializeParams:112] m_offset, 723968
[m[1;33m2025-12-20 10:51:22.304|W|805740677|lpUCM [RemoteSails.cpp:SendWithRetry:185] Successfully wrote 1052 bytes
[m[0;32;32m2025-12-20 10:51:22.308|I|805740677|lpUCM [RemoteSails.cpp:HandleResponse:149] HandleResponse started, buffer size: 1048
[m[0;32;32m2025-12-20 10:51:22.308|I|805740677|lpUCM [RemoteSails.cpp:HandleResponse:158] Successfully deserialized response, status: 0, result code: 0
[m[0;32;31m2025-12-20 10:51:22.308|E|805740677|lpUCM [IpccProtoMessage.cpp:SerializeParams:112] m_offset, 724992
[m[1;33m2025-12-20 10:51:22.308|W|805740677|lpUCM [RemoteSails.cpp:SendWithRetry:185] Successfully wrote 1052 bytes
[m[0;32;32m2025-12-20 10:51:22.338|I|805740677|lpUCM [RemoteSails.cpp:HandleResponse:149] HandleResponse started, buffer size: 1048
[m[0;32;32m2025-12-20 10:51:22.338|I|805740677|lpUCM [RemoteSails.cpp:HandleResponse:158] Successfully deserialized response, status: 0, result code: 0
[m[0;32;31m2025-12-20 10:51:22.338|E|805740677|lpUCM [IpccProtoMessage.cpp:SerializeParams:112] m_offset, 726016
[m[1;33m2025-12-20 10:51:22.338|W|805740677|lpUCM [RemoteSails.cpp:SendWithRetry:185] Successfully wrote 1052 bytes
[m[0;32;32m2025-12-20 10:51:22.341|I|805740677|lpUCM [RemoteSails.cpp:HandleResponse:149] HandleResponse started, buffer size: 1048
[m[0;32;32m2025-12-20 10:51:22.341|I|805740677|lpUCM [RemoteSails.cpp:HandleResponse:158] Successfully deserialized response, status: 0, result code: 0
[m[0;32;31m2025-12-20 10:51:22.341|E|805740677|lpUCM [IpccProtoMessage.cpp:SerializeParams:112] m_offset, 727040
[m[1;33m2025-12-20 10:51:22.341|W|805740677|lpUCM [RemoteSails.cpp:SendWithRetry:185] Successfully wrote 1052 bytes
[m[0;32;32m2025-12-20 10:51:22.344|I|805740677|lpUCM [RemoteSails.cpp:HandleResponse:149] HandleResponse started, buffer size: 1048
[m[0;32;32m2025-12-20 10:51:22.344|I|805740677|lpUCM [RemoteSails.cpp:HandleResponse:158] Successfully deserialized response, status: 0, result code: 0
[m[0;32;31m2025-12-20 10:51:22.344|E|805740677|lpUCM [IpccProtoMessage.cpp:SerializeParams:112] m_offset, 728064
[m[1;33m2025-12-20 10:51:22.344|W|805740677|lpUCM [RemoteSails.cpp:SendWithRetry:185] Successfully wrote 1052 bytes
[m[0;32;32m2025-12-20 10:51:22.347|I|805740677|lpUCM [RemoteSails.cpp:HandleResponse:149] HandleResponse started, buffer size: 1048
[m[0;32;32m2025-12-20 10:51:22.347|I|805740677|lpUCM [RemoteSails.cpp:HandleResponse:158] Successfully deserialized response, status: 0, result code: 0
[m[0;32;31m2025-12-20 10:51:22.347|E|805740677|lpUCM [IpccProtoMessage.cpp:SerializeParams:112] m_offset, 729088
[m[1;33m2025-12-20 10:51:22.347|W|805740677|lpUCM [RemoteSails.cpp:SendWithRetry:185] Successfully wrote 1052 bytes
[m[0;32;32m2025-12-20 10:51:22.377|I|805740677|lpUCM [RemoteSails.cpp:HandleResponse:149] HandleResponse started, buffer size: 1048
[m[0;32;32m2025-12-20 10:51:22.377|I|805740677|lpUCM [RemoteSails.cpp:HandleResponse:158] Successfully deserialized response, status: 0, result code: 0
[m[0;32;31m2025-12-20 10:51:22.377|E|805740677|lpUCM [IpccProtoMessage.cpp:SerializeParams:112] m_offset, 730112
[m[1;33m2025-12-20 10:51:22.377|W|805740677|lpUCM [RemoteSails.cpp:SendWithRetry:185] Successfully wrote 1052 bytes
[m[0;32;32m2025-12-20 10:51:22.380|I|805740677|lpUCM [RemoteSails.cpp:HandleResponse:149] HandleResponse started, buffer size: 1048
[m[0;32;32m2025-12-20 10:51:22.380|I|805740677|lpUCM [RemoteSails.cpp:HandleResponse:158] Successfully deserialized response, status: 0, result code: 0
[m[0;32;31m2025-12-20 10:51:22.380|E|805740677|lpUCM [IpccProtoMessage.cpp:SerializeParams:112] m_offset, 731136
[m[1;33m2025-12-20 10:51:22.380|W|805740677|lpUCM [RemoteSails.cpp:SendWithRetry:185] Successfully wrote 1052 bytes
[m[0;32;32m2025-12-20 10:51:22.386|I|805740677|lpUCM [RemoteSails.cpp:HandleResponse:149] HandleResponse started, buffer size: 1048
[m[0;32;32m2025-12-20 10:51:22.386|I|805740677|lpUCM [RemoteSails.cpp:HandleResponse:158] Successfully deserialized response, status: 0, result code: 0
[m[0;32;31m2025-12-20 10:51:22.386|E|805740677|lpUCM [IpccProtoMessage.cpp:SerializeParams:112] m_offset, 732160
[m[1;33m2025-12-20 10:51:22.386|W|805740677|lpUCM [RemoteSails.cpp:SendWithRetry:185] Successfully wrote 1052 bytes
[m[0;32;32m2025-12-20 10:51:22.389|I|805740677|lpUCM [RemoteSails.cpp:HandleResponse:149] HandleResponse started, buffer size: 1048
[m[0;32;32m2025-12-20 10:51:22.389|I|805740677|lpUCM [RemoteSails.cpp:HandleResponse:158] Successfully deserialized response, status: 0, result code: 0
[m[0;32;31m2025-12-20 10:51:22.389|E|805740677|lpUCM [IpccProtoMessage.cpp:SerializeParams:112] m_offset, 733184
[m[1;33m2025-12-20 10:51:22.389|W|805740677|lpUCM [RemoteSails.cpp:SendWithRetry:185] Successfully wrote 1052 bytes
[m[0;32;32m2025-12-20 10:51:22.419|I|805740677|lpUCM [RemoteSails.cpp:HandleResponse:149] HandleResponse started, buffer size: 1048
[m[0;32;32m2025-12-20 10:51:22.419|I|805740677|lpUCM [RemoteSails.cpp:HandleResponse:158] Successfully deserialized response, status: 0, result code: 0
[m[0;32;31m2025-12-20 10:51:22.419|E|805740677|lpUCM [IpccProtoMessage.cpp:SerializeParams:112] m_offset, 734208
[m[1;33m2025-12-20 10:51:22.419|W|805740677|lpUCM [RemoteSails.cpp:SendWithRetry:185] Successfully wrote 1052 bytes
[m[0;32;32m2025-12-20 10:51:22.422|I|805740677|lpUCM [RemoteSails.cpp:HandleResponse:149] HandleResponse started, buffer size: 1048
[m[0;32;32m2025-12-20 10:51:22.423|I|805740677|lpUCM [RemoteSails.cpp:HandleResponse:158] Successfully deserialized response, status: 0, result code: 0
[m[0;32;31m2025-12-20 10:51:22.423|E|805740677|lpUCM [IpccProtoMessage.cpp:SerializeParams:112] m_offset, 735232
[m[1;33m2025-12-20 10:51:22.423|W|805740677|lpUCM [RemoteSails.cpp:SendWithRetry:185] Successfully wrote 1052 bytes
[m[0;32;32m2025-12-20 10:51:22.426|I|805740677|lpUCM [RemoteSails.cpp:HandleResponse:149] HandleResponse started, buffer size: 1048
[m[0;32;32m2025-12-20 10:51:22.426|I|805740677|lpUCM [RemoteSails.cpp:HandleResponse:158] Successfully deserialized response, status: 0, result code: 0
[m[0;32;31m2025-12-20 10:51:22.426|E|805740677|lpUCM [IpccProtoMessage.cpp:SerializeParams:112] m_offset, 736256
[m[1;33m2025-12-20 10:51:22.426|W|805740677|lpUCM [RemoteSails.cpp:SendWithRetry:185] Successfully wrote 1052 bytes
[m[0;32;32m2025-12-20 10:51:22.429|I|805740677|lpUCM [RemoteSails.cpp:HandleResponse:149] HandleResponse started, buffer size: 1048
[m[0;32;32m2025-12-20 10:51:22.429|I|805740677|lpUCM [RemoteSails.cpp:HandleResponse:158] Successfully deserialized response, status: 0, result code: 0
[m[0;32;32m2025-12-20 10:51:22.429|I|805740677|lpUCM [RemoteSails.cpp:SailWriteData:272] All data already trans size 16384
[m[0;32;32m2025-12-20 10:51:22.429|I|805740677|lpUCM [fds.cpp:FDS_OnLocalUpgProgress:248] total: 23, curr:22, percent:59, rop:93%
[m[0;32;32m2025-12-20 10:51:22.429|I|805740677|lpUCM [RemoteSails.cpp:SailWriteData:254] total data is 16384
[m[0;32;31m2025-12-20 10:51:22.429|E|805740677|lpUCM [IpccProtoMessage.cpp:SerializeParams:112] m_offset, 737280
[m[1;33m2025-12-20 10:51:22.429|W|805740677|lpUCM [RemoteSails.cpp:SendWithRetry:185] Successfully wrote 1052 bytes
[m[0;32;32m2025-12-20 10:51:22.461|I|805740677|lpUCM [RemoteSails.cpp:HandleResponse:149] HandleResponse started, buffer size: 1048
[m[0;32;32m2025-12-20 10:51:22.461|I|805740677|lpUCM [RemoteSails.cpp:HandleResponse:158] Successfully deserialized response, status: 0, result code: 0
[m[0;32;31m2025-12-20 10:51:22.461|E|805740677|lpUCM [IpccProtoMessage.cpp:SerializeParams:112] m_offset, 738304
[m[1;33m2025-12-20 10:51:22.461|W|805740677|lpUCM [RemoteSails.cpp:SendWithRetry:185] Successfully wrote 1052 bytes
[m[0;32;32m2025-12-20 10:51:22.464|I|805740677|lpUCM [RemoteSails.cpp:HandleResponse:149] HandleResponse started, buffer size: 1048
[m[0;32;32m2025-12-20 10:51:22.464|I|805740677|lpUCM [RemoteSails.cpp:HandleResponse:158] Successfully deserialized response, status: 0, result code: 0
[m[0;32;31m2025-12-20 10:51:22.464|E|805740677|lpUCM [IpccProtoMessage.cpp:SerializeParams:112] m_offset, 739328
[m[1;33m2025-12-20 10:51:22.464|W|805740677|lpUCM [RemoteSails.cpp:SendWithRetry:185] Successfully wrote 1052 bytes
[m[0;32;32m2025-12-20 10:51:22.467|I|805740677|lpUCM [RemoteSails.cpp:HandleResponse:149] HandleResponse started, buffer size: 1048
[m[0;32;32m2025-12-20 10:51:22.467|I|805740677|lpUCM [RemoteSails.cpp:HandleResponse:158] Successfully deserialized response, status: 0, result code: 0
[m[0;32;31m2025-12-20 10:51:22.467|E|805740677|lpUCM [IpccProtoMessage.cpp:SerializeParams:112] m_offset, 740352
[m[1;33m2025-12-20 10:51:22.467|W|805740677|lpUCM [RemoteSails.cpp:SendWithRetry:185] Successfully wrote 1052 bytes
[m[0;32;32m2025-12-20 10:51:22.471|I|805740677|lpUCM [RemoteSails.cpp:HandleResponse:149] HandleResponse started, buffer size: 1048
[m[0;32;32m2025-12-20 10:51:22.471|I|805740677|lpUCM [RemoteSails.cpp:HandleResponse:158] Successfully deserialized response, status: 0, result code: 0
[m[0;32;31m2025-12-20 10:51:22.471|E|805740677|lpUCM [IpccProtoMessage.cpp:SerializeParams:112] m_offset, 741376
[m[1;33m2025-12-20 10:51:22.471|W|805740677|lpUCM [RemoteSails.cpp:SendWithRetry:185] Successfully wrote 1052 bytes
[m[0;32;32m2025-12-20 10:51:22.503|I|805740677|lpUCM [RemoteSails.cpp:HandleResponse:149] HandleResponse started, buffer size: 1048
[m[0;32;32m2025-12-20 10:51:22.503|I|805740677|lpUCM [RemoteSails.cpp:HandleResponse:158] Successfully deserialized response, status: 0, result code: 0
[m[0;32;31m2025-12-20 10:51:22.503|E|805740677|lpUCM [IpccProtoMessage.cpp:SerializeParams:112] m_offset, 742400
[m[1;33m2025-12-20 10:51:22.503|W|805740677|lpUCM [RemoteSails.cpp:SendWithRetry:185] Successfully wrote 1052 bytes
[m[0;32;32m2025-12-20 10:51:22.507|I|805740677|lpUCM [RemoteSails.cpp:HandleResponse:149] HandleResponse started, buffer size: 1048
[m[0;32;32m2025-12-20 10:51:22.507|I|805740677|lpUCM [RemoteSails.cpp:HandleResponse:158] Successfully deserialized response, status: 0, result code: 0
[m[0;32;31m2025-12-20 10:51:22.507|E|805740677|lpUCM [IpccProtoMessage.cpp:SerializeParams:112] m_offset, 743424
[m[1;33m2025-12-20 10:51:22.507|W|805740677|lpUCM [RemoteSails.cpp:SendWithRetry:185] Successfully wrote 1052 bytes
[m[0;32;32m2025-12-20 10:51:22.510|I|805740677|lpUCM [RemoteSails.cpp:HandleResponse:149] HandleResponse started, buffer size: 1048
[m[0;32;32m2025-12-20 10:51:22.510|I|805740677|lpUCM [RemoteSails.cpp:HandleResponse:158] Successfully deserialized response, status: 0, result code: 0
[m[0;32;31m2025-12-20 10:51:22.510|E|805740677|lpUCM [IpccProtoMessage.cpp:SerializeParams:112] m_offset, 744448
[m[1;33m2025-12-20 10:51:22.510|W|805740677|lpUCM [RemoteSails.cpp:SendWithRetry:185] Successfully wrote 1052 bytes
[m[0;32;32m2025-12-20 10:51:22.516|I|805740677|lpUCM [RemoteSails.cpp:HandleResponse:149] HandleResponse started, buffer size: 1048
[m[0;32;32m2025-12-20 10:51:22.516|I|805740677|lpUCM [RemoteSails.cpp:HandleResponse:158] Successfully deserialized response, status: 0, result code: 0
[m[0;32;31m2025-12-20 10:51:22.516|E|805740677|lpUCM [IpccProtoMessage.cpp:SerializeParams:112] m_offset, 745472
[m[1;33m2025-12-20 10:51:22.516|W|805740677|lpUCM [RemoteSails.cpp:SendWithRetry:185] Successfully wrote 1052 bytes
[m[0;32;32m2025-12-20 10:51:22.548|I|805740677|lpUCM [RemoteSails.cpp:HandleResponse:149] HandleResponse started, buffer size: 1048
[m[0;32;32m2025-12-20 10:51:22.548|I|805740677|lpUCM [RemoteSails.cpp:HandleResponse:158] Successfully deserialized response, status: 0, result code: 0
[m[0;32;31m2025-12-20 10:51:22.548|E|805740677|lpUCM [IpccProtoMessage.cpp:SerializeParams:112] m_offset, 746496
[m[1;33m2025-12-20 10:51:22.548|W|805740677|lpUCM [RemoteSails.cpp:SendWithRetry:185] Successfully wrote 1052 bytes
[m[0;32;32m2025-12-20 10:51:22.551|I|805740677|lpUCM [RemoteSails.cpp:HandleResponse:149] HandleResponse started, buffer size: 1048
[m[0;32;32m2025-12-20 10:51:22.551|I|805740677|lpUCM [RemoteSails.cpp:HandleResponse:158] Successfully deserialized response, status: 0, result code: 0
[m[0;32;31m2025-12-20 10:51:22.551|E|805740677|lpUCM [IpccProtoMessage.cpp:SerializeParams:112] m_offset, 747520
[m[1;33m2025-12-20 10:51:22.551|W|805740677|lpUCM [RemoteSails.cpp:SendWithRetry:185] Successfully wrote 1052 bytes
[m[0;32;32m2025-12-20 10:51:22.554|I|805740677|lpUCM [RemoteSails.cpp:HandleResponse:149] HandleResponse started, buffer size: 1048
[m[0;32;32m2025-12-20 10:51:22.554|I|805740677|lpUCM [RemoteSails.cpp:HandleResponse:158] Successfully deserialized response, status: 0, result code: 0
[m[0;32;31m2025-12-20 10:51:22.554|E|805740677|lpUCM [IpccProtoMessage.cpp:SerializeParams:112] m_offset, 748544
[m[1;33m2025-12-20 10:51:22.554|W|805740677|lpUCM [RemoteSails.cpp:SendWithRetry:185] Successfully wrote 1052 bytes
[m[0;32;32m2025-12-20 10:51:22.557|I|805740677|lpUCM [RemoteSails.cpp:HandleResponse:149] HandleResponse started, buffer size: 1048
[m[0;32;32m2025-12-20 10:51:22.557|I|805740677|lpUCM [RemoteSails.cpp:HandleResponse:158] Successfully deserialized response, status: 0, result code: 0
[m[0;32;31m2025-12-20 10:51:22.557|E|805740677|lpUCM [IpccProtoMessage.cpp:SerializeParams:112] m_offset, 749568
[m[1;33m2025-12-20 10:51:22.557|W|805740677|lpUCM [RemoteSails.cpp:SendWithRetry:185] Successfully wrote 1052 bytes
[m[0;32;32m2025-12-20 10:51:22.587|I|805740677|lpUCM [RemoteSails.cpp:HandleResponse:149] HandleResponse started, buffer size: 1048
[m[0;32;32m2025-12-20 10:51:22.587|I|805740677|lpUCM [RemoteSails.cpp:HandleResponse:158] Successfully deserialized response, status: 0, result code: 0
[m[0;32;31m2025-12-20 10:51:22.587|E|805740677|lpUCM [IpccProtoMessage.cpp:SerializeParams:112] m_offset, 750592
[m[1;33m2025-12-20 10:51:22.587|W|805740677|lpUCM [RemoteSails.cpp:SendWithRetry:185] Successfully wrote 1052 bytes
[m[0;32;32m2025-12-20 10:51:22.590|I|805740677|lpUCM [RemoteSails.cpp:HandleResponse:149] HandleResponse started, buffer size: 1048
[m[0;32;32m2025-12-20 10:51:22.590|I|805740677|lpUCM [RemoteSails.cpp:HandleResponse:158] Successfully deserialized response, status: 0, result code: 0
[m[0;32;31m2025-12-20 10:51:22.590|E|805740677|lpUCM [IpccProtoMessage.cpp:SerializeParams:112] m_offset, 751616
[m[1;33m2025-12-20 10:51:22.590|W|805740677|lpUCM [RemoteSails.cpp:SendWithRetry:185] Successfully wrote 1052 bytes
[m[0;32;32m2025-12-20 10:51:22.596|I|805740677|lpUCM [RemoteSails.cpp:HandleResponse:149] HandleResponse started, buffer size: 1048
[m[0;32;32m2025-12-20 10:51:22.596|I|805740677|lpUCM [RemoteSails.cpp:HandleResponse:158] Successfully deserialized response, status: 0, result code: 0
[m[0;32;31m2025-12-20 10:51:22.596|E|805740677|lpUCM [IpccProtoMessage.cpp:SerializeParams:112] m_offset, 752640
[m[1;33m2025-12-20 10:51:22.596|W|805740677|lpUCM [RemoteSails.cpp:SendWithRetry:185] Successfully wrote 1052 bytes
[m[0;32;32m2025-12-20 10:51:22.599|I|805740677|lpUCM [RemoteSails.cpp:HandleResponse:149] HandleResponse started, buffer size: 1048
[m[0;32;32m2025-12-20 10:51:22.599|I|805740677|lpUCM [RemoteSails.cpp:HandleResponse:158] Successfully deserialized response, status: 0, result code: 0
[m[0;32;32m2025-12-20 10:51:22.599|I|805740677|lpUCM [RemoteSails.cpp:SailWriteData:272] All data already trans size 16384
[m[0;32;32m2025-12-20 10:51:22.599|I|805740677|lpUCM [fds.cpp:FDS_OnLocalUpgProgress:248] total: 23, curr:22, percent:60, rop:93%
[m[0;32;32m2025-12-20 10:51:22.599|I|805740677|lpUCM [RemoteSails.cpp:SailWriteData:254] total data is 16384
[m[0;32;31m2025-12-20 10:51:22.599|E|805740677|lpUCM [IpccProtoMessage.cpp:SerializeParams:112] m_offset, 753664
[m[1;33m2025-12-20 10:51:22.599|W|805740677|lpUCM [RemoteSails.cpp:SendWithRetry:185] Successfully wrote 1052 bytes
[m[0;32;32m2025-12-20 10:51:22.631|I|805740677|lpUCM [RemoteSails.cpp:HandleResponse:149] HandleResponse started, buffer size: 1048
[m[0;32;32m2025-12-20 10:51:22.631|I|805740677|lpUCM [RemoteSails.cpp:HandleResponse:158] Successfully deserialized response, status: 0, result code: 0
[m[0;32;31m2025-12-20 10:51:22.631|E|805740677|lpUCM [IpccProtoMessage.cpp:SerializeParams:112] m_offset, 754688
[m[1;33m2025-12-20 10:51:22.631|W|805740677|lpUCM [RemoteSails.cpp:SendWithRetry:185] Successfully wrote 1052 bytes
[m[0;32;32m2025-12-20 10:51:22.634|I|805740677|lpUCM [RemoteSails.cpp:HandleResponse:149] HandleResponse started, buffer size: 1048
[m[0;32;32m2025-12-20 10:51:22.634|I|805740677|lpUCM [RemoteSails.cpp:HandleResponse:158] Successfully deserialized response, status: 0, result code: 0
[m[0;32;31m2025-12-20 10:51:22.634|E|805740677|lpUCM [IpccProtoMessage.cpp:SerializeParams:112] m_offset, 755712
[m[1;33m2025-12-20 10:51:22.634|W|805740677|lpUCM [RemoteSails.cpp:SendWithRetry:185] Successfully wrote 1052 bytes
[m[0;32;32m2025-12-20 10:51:22.638|I|805740677|lpUCM [RemoteSails.cpp:HandleResponse:149] HandleResponse started, buffer size: 1048
[m[0;32;32m2025-12-20 10:51:22.638|I|805740677|lpUCM [RemoteSails.cpp:HandleResponse:158] Successfully deserialized response, status: 0, result code: 0
[m[0;32;31m2025-12-20 10:51:22.638|E|805740677|lpUCM [IpccProtoMessage.cpp:SerializeParams:112] m_offset, 756736
[m[1;33m2025-12-20 10:51:22.638|W|805740677|lpUCM [RemoteSails.cpp:SendWithRetry:185] Successfully wrote 1052 bytes
[m[0;32;32m2025-12-20 10:51:22.642|I|805740677|lpUCM [RemoteSails.cpp:HandleResponse:149] HandleResponse started, buffer size: 1048
[m[0;32;32m2025-12-20 10:51:22.642|I|805740677|lpUCM [RemoteSails.cpp:HandleResponse:158] Successfully deserialized response, status: 0, result code: 0
[m[0;32;31m2025-12-20 10:51:22.642|E|805740677|lpUCM [IpccProtoMessage.cpp:SerializeParams:112] m_offset, 757760
[m[1;33m2025-12-20 10:51:22.642|W|805740677|lpUCM [RemoteSails.cpp:SendWithRetry:185] Successfully wrote 1052 bytes
[m[0;32;32m2025-12-20 10:51:22.676|I|805740677|lpUCM [RemoteSails.cpp:HandleResponse:149] HandleResponse started, buffer size: 1048
[m[0;32;32m2025-12-20 10:51:22.676|I|805740677|lpUCM [RemoteSails.cpp:HandleResponse:158] Successfully deserialized response, status: 0, result code: 0
[m[0;32;31m2025-12-20 10:51:22.676|E|805740677|lpUCM [IpccProtoMessage.cpp:SerializeParams:112] m_offset, 758784
[m[1;33m2025-12-20 10:51:22.676|W|805740677|lpUCM [RemoteSails.cpp:SendWithRetry:185] Successfully wrote 1052 bytes
[m[0;32;32m2025-12-20 10:51:22.679|I|805740677|lpUCM [RemoteSails.cpp:HandleResponse:149] HandleResponse started, buffer size: 1048
[m[0;32;32m2025-12-20 10:51:22.679|I|805740677|lpUCM [RemoteSails.cpp:HandleResponse:158] Successfully deserialized response, status: 0, result code: 0
[m[0;32;31m2025-12-20 10:51:22.679|E|805740677|lpUCM [IpccProtoMessage.cpp:SerializeParams:112] m_offset, 759808
[m[1;33m2025-12-20 10:51:22.679|W|805740677|lpUCM [RemoteSails.cpp:SendWithRetry:185] Successfully wrote 1052 bytes
[m[0;32;32m2025-12-20 10:51:22.686|I|805740677|lpUCM [RemoteSails.cpp:HandleResponse:149] HandleResponse started, buffer size: 1048
[m[0;32;32m2025-12-20 10:51:22.686|I|805740677|lpUCM [RemoteSails.cpp:HandleResponse:158] Successfully deserialized response, status: 0, result code: 0
[m[0;32;31m2025-12-20 10:51:22.686|E|805740677|lpUCM [IpccProtoMessage.cpp:SerializeParams:112] m_offset, 760832
[m[1;33m2025-12-20 10:51:22.686|W|805740677|lpUCM [RemoteSails.cpp:SendWithRetry:185] Successfully wrote 1052 bytes
[m[0;32;32m2025-12-20 10:51:22.689|I|805740677|lpUCM [RemoteSails.cpp:HandleResponse:149] HandleResponse started, buffer size: 1048
[m[0;32;32m2025-12-20 10:51:22.689|I|805740677|lpUCM [RemoteSails.cpp:HandleResponse:158] Successfully deserialized response, status: 0, result code: 0
[m[0;32;31m2025-12-20 10:51:22.689|E|805740677|lpUCM [IpccProtoMessage.cpp:SerializeParams:112] m_offset, 761856
[m[1;33m2025-12-20 10:51:22.689|W|805740677|lpUCM [RemoteSails.cpp:SendWithRetry:185] Successfully wrote 1052 bytes
[m[0;32;32m2025-12-20 10:51:22.721|I|805740677|lpUCM [RemoteSails.cpp:HandleResponse:149] HandleResponse started, buffer size: 1048
[m[0;32;32m2025-12-20 10:51:22.721|I|805740677|lpUCM [RemoteSails.cpp:HandleResponse:158] Successfully deserialized response, status: 0, result code: 0
[m[0;32;31m2025-12-20 10:51:22.721|E|805740677|lpUCM [IpccProtoMessage.cpp:SerializeParams:112] m_offset, 762880
[m[1;33m2025-12-20 10:51:22.721|W|805740677|lpUCM [RemoteSails.cpp:SendWithRetry:185] Successfully wrote 1052 bytes
[m[0;32;32m2025-12-20 10:51:22.727|I|805740677|lpUCM [RemoteSails.cpp:HandleResponse:149] HandleResponse started, buffer size: 1048
[m[0;32;32m2025-12-20 10:51:22.727|I|805740677|lpUCM [RemoteSails.cpp:HandleResponse:158] Successfully deserialized response, status: 0, result code: 0
[m[0;32;31m2025-12-20 10:51:22.727|E|805740677|lpUCM [IpccProtoMessage.cpp:SerializeParams:112] m_offset, 763904
[m[1;33m2025-12-20 10:51:22.727|W|805740677|lpUCM [RemoteSails.cpp:SendWithRetry:185] Successfully wrote 1052 bytes
[m[0;32;32m2025-12-20 10:51:22.730|I|805740677|lpUCM [RemoteSails.cpp:HandleResponse:149] HandleResponse started, buffer size: 1048
[m[0;32;32m2025-12-20 10:51:22.730|I|805740677|lpUCM [RemoteSails.cpp:HandleResponse:158] Successfully deserialized response, status: 0, result code: 0
[m[0;32;31m2025-12-20 10:51:22.730|E|805740677|lpUCM [IpccProtoMessage.cpp:SerializeParams:112] m_offset, 764928
[m[1;33m2025-12-20 10:51:22.730|W|805740677|lpUCM [RemoteSails.cpp:SendWithRetry:185] Successfully wrote 1052 bytes
[m[0;32;32m2025-12-20 10:51:22.736|I|805740677|lpUCM [RemoteSails.cpp:HandleResponse:149] HandleResponse started, buffer size: 1048
[m[0;32;32m2025-12-20 10:51:22.736|I|805740677|lpUCM [RemoteSails.cpp:HandleResponse:158] Successfully deserialized response, status: 0, result code: 0
[m[0;32;31m2025-12-20 10:51:22.736|E|805740677|lpUCM [IpccProtoMessage.cpp:SerializeParams:112] m_offset, 765952
[m[1;33m2025-12-20 10:51:22.736|W|805740677|lpUCM [RemoteSails.cpp:SendWithRetry:185] Successfully wrote 1052 bytes
[m[0;32;32m2025-12-20 10:51:22.766|I|805740677|lpUCM [RemoteSails.cpp:HandleResponse:149] HandleResponse started, buffer size: 1048
[m[0;32;32m2025-12-20 10:51:22.766|I|805740677|lpUCM [RemoteSails.cpp:HandleResponse:158] Successfully deserialized response, status: 0, result code: 0
[m[0;32;31m2025-12-20 10:51:22.766|E|805740677|lpUCM [IpccProtoMessage.cpp:SerializeParams:112] m_offset, 766976
[m[1;33m2025-12-20 10:51:22.766|W|805740677|lpUCM [RemoteSails.cpp:SendWithRetry:185] Successfully wrote 1052 bytes
[m[0;32;32m2025-12-20 10:51:22.769|I|805740677|lpUCM [RemoteSails.cpp:HandleResponse:149] HandleResponse started, buffer size: 1048
[m[0;32;32m2025-12-20 10:51:22.769|I|805740677|lpUCM [RemoteSails.cpp:HandleResponse:158] Successfully deserialized response, status: 0, result code: 0
[m[0;32;31m2025-12-20 10:51:22.769|E|805740677|lpUCM [IpccProtoMessage.cpp:SerializeParams:112] m_offset, 768000
[m[1;33m2025-12-20 10:51:22.769|W|805740677|lpUCM [RemoteSails.cpp:SendWithRetry:185] Successfully wrote 1052 bytes
[m[0;32;32m2025-12-20 10:51:22.775|I|805740677|lpUCM [RemoteSails.cpp:HandleResponse:149] HandleResponse started, buffer size: 1048
[m[0;32;32m2025-12-20 10:51:22.775|I|805740677|lpUCM [RemoteSails.cpp:HandleResponse:158] Successfully deserialized response, status: 0, result code: 0
[m[0;32;31m2025-12-20 10:51:22.775|E|805740677|lpUCM [IpccProtoMessage.cpp:SerializeParams:112] m_offset, 769024
[m[1;33m2025-12-20 10:51:22.775|W|805740677|lpUCM [RemoteSails.cpp:SendWithRetry:185] Successfully wrote 1052 bytes
[m[0;32;32m2025-12-20 10:51:22.778|I|805740677|lpUCM [RemoteSails.cpp:HandleResponse:149] HandleResponse started, buffer size: 1048
[m[0;32;32m2025-12-20 10:51:22.778|I|805740677|lpUCM [RemoteSails.cpp:HandleResponse:158] Successfully deserialized response, status: 0, result code: 0
[m[0;32;32m2025-12-20 10:51:22.778|I|805740677|lpUCM [RemoteSails.cpp:SailWriteData:272] All data already trans size 16384
[m[0;32;32m2025-12-20 10:51:22.778|I|805740677|lpUCM [fds.cpp:FDS_OnLocalUpgProgress:248] total: 23, curr:22, percent:61, rop:93%
[m[0;32;32m2025-12-20 10:51:22.778|I|805740677|lpUCM [RemoteSails.cpp:SailWriteData:254] total data is 1824
[m[0;32;31m2025-12-20 10:51:22.778|E|805740677|lpUCM [IpccProtoMessage.cpp:SerializeParams:112] m_offset, 770048
[m[1;33m2025-12-20 10:51:22.778|W|805740677|lpUCM [RemoteSails.cpp:SendWithRetry:185] Successfully wrote 1052 bytes
[m[0;32;32m2025-12-20 10:51:22.808|I|805740677|lpUCM [RemoteSails.cpp:HandleResponse:149] HandleResponse started, buffer size: 1048
[m[0;32;32m2025-12-20 10:51:22.808|I|805740677|lpUCM [RemoteSails.cpp:HandleResponse:158] Successfully deserialized response, status: 0, result code: 0
[m[0;32;31m2025-12-20 10:51:22.808|E|805740677|lpUCM [IpccProtoMessage.cpp:SerializeParams:112] m_offset, 771072
[m[1;33m2025-12-20 10:51:22.808|W|805740677|lpUCM [RemoteSails.cpp:SendWithRetry:185] Successfully wrote 828 bytes
[m[0;32;32m2025-12-20 10:51:22.811|I|805740677|lpUCM [RemoteSails.cpp:HandleResponse:149] HandleResponse started, buffer size: 1048
[m[0;32;32m2025-12-20 10:51:22.811|I|805740677|lpUCM [RemoteSails.cpp:HandleResponse:158] Successfully deserialized response, status: 0, result code: 0
[m[0;32;32m2025-12-20 10:51:22.811|I|805740677|lpUCM [RemoteSails.cpp:SailWriteData:272] All data already trans size 2048
[m[0;32;32m2025-12-20 10:51:22.811|I|805740677|lpUCM [fds.cpp:FDS_OnLocalUpgProgress:248] total: 23, curr:22, percent:62, rop:94%
[m[0;32;31m2025-12-20 10:51:22.811|E|805740677|lpUCM [RemoteSails.cpp:FDS_idhSail:324] SailWriteData Crc32Final hadl.m_crc32Ctx.crc is 0x5E943AFF, hadl.GetFileCrc() is 0x5E943AFF
[m[0;32;32m2025-12-20 10:51:22.811|I|805740677|lpUCM [fds.cpp:FDS_OnLocalUpgProgress:248] total: 23, curr:22, percent:75, rop:94%
[m[1;33m2025-12-20 10:51:22.811|W|805740677|lpUCM [RemoteSails.cpp:FDS_idhSail:332] EndRCoreUpgrade
[m[1;33m2025-12-20 10:51:22.811|W|805740677|lpUCM [RemoteSails.cpp:SendWithRetry:185] Successfully wrote 24 bytes
[m[0;32;32m2025-12-20 10:51:22.897|I|805740677|lpUCM [RemoteSails.cpp:HandleResponse:149] HandleResponse started, buffer size: 1048
[m[0;32;32m2025-12-20 10:51:22.897|I|805740677|lpUCM [RemoteSails.cpp:HandleResponse:158] Successfully deserialized response, status: 0, result code: 0
[m[0;32;32m2025-12-20 10:51:22.897|I|805740677|lpUCM [RemoteSails.cpp:FDS_idhSail:340] FDS_idhSailHyp ok
[m[0;32;32m2025-12-20 10:51:22.897|I|805740677|lpUCM [fds.cpp:FDS_OnLocalUpgProgress:248] total: 23, curr:22, percent:100, rop:95%
[m[1;33m2025-12-20 10:51:22.897|W|805740677|lpUCM [scm.c:FDS_scmDeployImages:443] deploy [22st] success:autosarsailsw1.elf
[m[1;33m2025-12-20 10:51:22.897|W|805740677|lpUCM [scm.c:FDS_scmDeployImages:435] start [23st] deploy:sailhyp.elf
[m[0;32;32m2025-12-20 10:51:22.897|I|805740677|lpUCM [fds.cpp:FDS_OnLocalUpgProgress:248] total: 23, curr:23, percent:0, rop:95%
[m[0;32;32m2025-12-20 10:51:22.897|I|805740677|lpUCM [handler.c:FDS_idhFindDesc:79] find time 1, name sail_hyp, handler_name = raw
[m[0;32;32m2025-12-20 10:51:22.897|I|805740677|lpUCM [handler.c:FDS_idhFindDesc:79] find time 2, name sail_hyp, handler_name = sail_sw
[m[0;32;32m2025-12-20 10:51:22.897|I|805740677|lpUCM [handler.c:FDS_idhFindDesc:79] find time 3, name sail_hyp, handler_name = sail_hyp
[m[0;32;32m2025-12-20 10:51:22.897|I|805740677|lpUCM [handler.c:FDS_idhFindDesc:94] find handler sail_hyp, type = 0
[m[0;32;32m2025-12-20 10:51:22.897|I|805740677|lpUCM [handler.c:FDS_idhFindDesc:79] find time 1, name sail_hyp, handler_name = raw
[m[0;32;32m2025-12-20 10:51:22.897|I|805740677|lpUCM [handler.c:FDS_idhFindDesc:79] find time 2, name sail_hyp, handler_name = sail_sw
[m[0;32;32m2025-12-20 10:51:22.897|I|805740677|lpUCM [handler.c:FDS_idhFindDesc:79] find time 3, name sail_hyp, handler_name = sail_hyp
[m[0;32;32m2025-12-20 10:51:22.897|I|805740677|lpUCM [handler.c:FDS_idhFindDesc:94] find handler sail_hyp, type = 0
[m[1;33m2025-12-20 10:51:22.897|W|805740677|lpUCM [RemoteSails.cpp:FDS_idhSail:304] StartRCoreUpgrade
[m[1;33m2025-12-20 10:51:22.897|W|805740677|lpUCM [RemoteSails.cpp:SendWithRetry:185] Successfully wrote 33 bytes
[m[0;32;32m2025-12-20 10:51:22.901|I|805740677|lpUCM [RemoteSails.cpp:HandleResponse:149] HandleResponse started, buffer size: 1048
[m[0;32;32m2025-12-20 10:51:22.901|I|805740677|lpUCM [RemoteSails.cpp:HandleResponse:158] Successfully deserialized response, status: 0, result code: 0
[m[0;32;32m2025-12-20 10:51:22.901|I|805740677|lpUCM [fds.cpp:FDS_OnLocalUpgProgress:248] total: 23, curr:23, percent:12, rop:96%
[m[1;33m2025-12-20 10:51:22.901|W|805740677|lpUCM [RemoteSails.cpp:FDS_idhSail:314] SailWriteData
[m[0;32;32m2025-12-20 10:51:22.901|I|805740677|lpUCM [RemoteSails.cpp:SailWriteData:254] total data is 16384
[m[0;32;31m2025-12-20 10:51:22.901|E|805740677|lpUCM [IpccProtoMessage.cpp:SerializeParams:112] m_offset, 0
[m[1;33m2025-12-20 10:51:22.901|W|805740677|lpUCM [RemoteSails.cpp:SendWithRetry:185] Successfully wrote 1052 bytes
[m[0;32;32m2025-12-20 10:51:22.931|I|805740677|lpUCM [RemoteSails.cpp:HandleResponse:149] HandleResponse started, buffer size: 1048
[m[0;32;32m2025-12-20 10:51:22.931|I|805740677|lpUCM [RemoteSails.cpp:HandleResponse:158] Successfully deserialized response, status: 0, result code: 0
[m[0;32;31m2025-12-20 10:51:22.931|E|805740677|lpUCM [IpccProtoMessage.cpp:SerializeParams:112] m_offset, 1024
[m[1;33m2025-12-20 10:51:22.931|W|805740677|lpUCM [RemoteSails.cpp:SendWithRetry:185] Successfully wrote 1052 bytes
[m[0;32;32m2025-12-20 10:51:22.934|I|805740677|lpUCM [RemoteSails.cpp:HandleResponse:149] HandleResponse started, buffer size: 1048
[m[0;32;32m2025-12-20 10:51:22.934|I|805740677|lpUCM [RemoteSails.cpp:HandleResponse:158] Successfully deserialized response, status: 0, result code: 0
[m[0;32;31m2025-12-20 10:51:22.934|E|805740677|lpUCM [IpccProtoMessage.cpp:SerializeParams:112] m_offset, 2048
[m[1;33m2025-12-20 10:51:22.934|W|805740677|lpUCM [RemoteSails.cpp:SendWithRetry:185] Successfully wrote 1052 bytes
[m[0;32;32m2025-12-20 10:51:22.937|I|805740677|lpUCM [RemoteSails.cpp:HandleResponse:149] HandleResponse started, buffer size: 1048
[m[0;32;32m2025-12-20 10:51:22.937|I|805740677|lpUCM [RemoteSails.cpp:HandleResponse:158] Successfully deserialized response, status: 0, result code: 0
[m[0;32;31m2025-12-20 10:51:22.937|E|805740677|lpUCM [IpccProtoMessage.cpp:SerializeParams:112] m_offset, 3072
[m[1;33m2025-12-20 10:51:22.937|W|805740677|lpUCM [RemoteSails.cpp:SendWithRetry:185] Successfully wrote 1052 bytes
[m[0;32;32m2025-12-20 10:51:22.940|I|805740677|lpUCM [RemoteSails.cpp:HandleResponse:149] HandleResponse started, buffer size: 1048
[m[0;32;32m2025-12-20 10:51:22.940|I|805740677|lpUCM [RemoteSails.cpp:HandleResponse:158] Successfully deserialized response, status: 0, result code: 0
[m[0;32;31m2025-12-20 10:51:22.940|E|805740677|lpUCM [IpccProtoMessage.cpp:SerializeParams:112] m_offset, 4096
[m[1;33m2025-12-20 10:51:22.940|W|805740677|lpUCM [RemoteSails.cpp:SendWithRetry:185] Successfully wrote 1052 bytes
[m[0;32;32m2025-12-20 10:51:22.970|I|805740677|lpUCM [RemoteSails.cpp:HandleResponse:149] HandleResponse started, buffer size: 1048
[m[0;32;32m2025-12-20 10:51:22.970|I|805740677|lpUCM [RemoteSails.cpp:HandleResponse:158] Successfully deserialized response, status: 0, result code: 0
[m[0;32;31m2025-12-20 10:51:22.970|E|805740677|lpUCM [IpccProtoMessage.cpp:SerializeParams:112] m_offset, 5120
[m[1;33m2025-12-20 10:51:22.970|W|805740677|lpUCM [RemoteSails.cpp:SendWithRetry:185] Successfully wrote 1052 bytes
[m[0;32;32m2025-12-20 10:51:22.974|I|805740677|lpUCM [RemoteSails.cpp:HandleResponse:149] HandleResponse started, buffer size: 1048
[m[0;32;32m2025-12-20 10:51:22.974|I|805740677|lpUCM [RemoteSails.cpp:HandleResponse:158] Successfully deserialized response, status: 0, result code: 0
[m[0;32;31m2025-12-20 10:51:22.974|E|805740677|lpUCM [IpccProtoMessage.cpp:SerializeParams:112] m_offset, 6144
[m[1;33m2025-12-20 10:51:22.974|W|805740677|lpUCM [RemoteSails.cpp:SendWithRetry:185] Successfully wrote 1052 bytes
[m[0;32;32m2025-12-20 10:51:22.977|I|805740677|lpUCM [RemoteSails.cpp:HandleResponse:149] HandleResponse started, buffer size: 1048
[m[0;32;32m2025-12-20 10:51:22.977|I|805740677|lpUCM [RemoteSails.cpp:HandleResponse:158] Successfully deserialized response, status: 0, result code: 0
[m[0;32;31m2025-12-20 10:51:22.977|E|805740677|lpUCM [IpccProtoMessage.cpp:SerializeParams:112] m_offset, 7168
[m[1;33m2025-12-20 10:51:22.977|W|805740677|lpUCM [RemoteSails.cpp:SendWithRetry:185] Successfully wrote 1052 bytes
[m[0;32;32m2025-12-20 10:51:22.980|I|805740677|lpUCM [RemoteSails.cpp:HandleResponse:149] HandleResponse started, buffer size: 1048
[m[0;32;32m2025-12-20 10:51:22.980|I|805740677|lpUCM [RemoteSails.cpp:HandleResponse:158] Successfully deserialized response, status: 0, result code: 0
[m[0;32;31m2025-12-20 10:51:22.980|E|805740677|lpUCM [IpccProtoMessage.cpp:SerializeParams:112] m_offset, 8192
[m[1;33m2025-12-20 10:51:22.980|W|805740677|lpUCM [RemoteSails.cpp:SendWithRetry:185] Successfully wrote 1052 bytes
[m[0;32;32m2025-12-20 10:51:23.10|I|805740677|lpUCM [RemoteSails.cpp:HandleResponse:149] HandleResponse started, buffer size: 1048
[m[0;32;32m2025-12-20 10:51:23.10|I|805740677|lpUCM [RemoteSails.cpp:HandleResponse:158] Successfully deserialized response, status: 0, result code: 0
[m[0;32;31m2025-12-20 10:51:23.10|E|805740677|lpUCM [IpccProtoMessage.cpp:SerializeParams:112] m_offset, 9216
[m[1;33m2025-12-20 10:51:23.10|W|805740677|lpUCM [RemoteSails.cpp:SendWithRetry:185] Successfully wrote 1052 bytes
[m[0;32;32m2025-12-20 10:51:23.14|I|805740677|lpUCM [RemoteSails.cpp:HandleResponse:149] HandleResponse started, buffer size: 1048
[m[0;32;32m2025-12-20 10:51:23.14|I|805740677|lpUCM [RemoteSails.cpp:HandleResponse:158] Successfully deserialized response, status: 0, result code: 0
[m[0;32;31m2025-12-20 10:51:23.14|E|805740677|lpUCM [IpccProtoMessage.cpp:SerializeParams:112] m_offset, 10240
[m[1;33m2025-12-20 10:51:23.14|W|805740677|lpUCM [RemoteSails.cpp:SendWithRetry:185] Successfully wrote 1052 bytes
[m[0;32;32m2025-12-20 10:51:23.17|I|805740677|lpUCM [RemoteSails.cpp:HandleResponse:149] HandleResponse started, buffer size: 1048
[m[0;32;32m2025-12-20 10:51:23.17|I|805740677|lpUCM [RemoteSails.cpp:HandleResponse:158] Successfully deserialized response, status: 0, result code: 0
[m[0;32;31m2025-12-20 10:51:23.17|E|805740677|lpUCM [IpccProtoMessage.cpp:SerializeParams:112] m_offset, 11264
[m[1;33m2025-12-20 10:51:23.17|W|805740677|lpUCM [RemoteSails.cpp:SendWithRetry:185] Successfully wrote 1052 bytes
[m[0;32;32m2025-12-20 10:51:23.21|I|805740677|lpUCM [RemoteSails.cpp:HandleResponse:149] HandleResponse started, buffer size: 1048
[m[0;32;32m2025-12-20 10:51:23.21|I|805740677|lpUCM [RemoteSails.cpp:HandleResponse:158] Successfully deserialized response, status: 0, result code: 0
[m[0;32;31m2025-12-20 10:51:23.21|E|805740677|lpUCM [IpccProtoMessage.cpp:SerializeParams:112] m_offset, 12288
[m[1;33m2025-12-20 10:51:23.21|W|805740677|lpUCM [RemoteSails.cpp:SendWithRetry:185] Successfully wrote 1052 bytes
[m[0;32;32m2025-12-20 10:51:23.52|I|805740677|lpUCM [RemoteSails.cpp:HandleResponse:149] HandleResponse started, buffer size: 1048
[m[0;32;32m2025-12-20 10:51:23.52|I|805740677|lpUCM [RemoteSails.cpp:HandleResponse:158] Successfully deserialized response, status: 0, result code: 0
[m[0;32;31m2025-12-20 10:51:23.52|E|805740677|lpUCM [IpccProtoMessage.cpp:SerializeParams:112] m_offset, 13312
[m[1;33m2025-12-20 10:51:23.52|W|805740677|lpUCM [RemoteSails.cpp:SendWithRetry:185] Successfully wrote 1052 bytes
[m[0;32;32m2025-12-20 10:51:23.55|I|805740677|lpUCM [RemoteSails.cpp:HandleResponse:149] HandleResponse started, buffer size: 1048
[m[0;32;32m2025-12-20 10:51:23.55|I|805740677|lpUCM [RemoteSails.cpp:HandleResponse:158] Successfully deserialized response, status: 0, result code: 0
[m[0;32;31m2025-12-20 10:51:23.55|E|805740677|lpUCM [IpccProtoMessage.cpp:SerializeParams:112] m_offset, 14336
[m[1;33m2025-12-20 10:51:23.55|W|805740677|lpUCM [RemoteSails.cpp:SendWithRetry:185] Successfully wrote 1052 bytes
[m[0;32;32m2025-12-20 10:51:23.59|I|805740677|lpUCM [RemoteSails.cpp:HandleResponse:149] HandleResponse started, buffer size: 1048
[m[0;32;32m2025-12-20 10:51:23.59|I|805740677|lpUCM [RemoteSails.cpp:HandleResponse:158] Successfully deserialized response, status: 0, result code: 0
[m[0;32;31m2025-12-20 10:51:23.59|E|805740677|lpUCM [IpccProtoMessage.cpp:SerializeParams:112] m_offset, 15360
[m[1;33m2025-12-20 10:51:23.59|W|805740677|lpUCM [RemoteSails.cpp:SendWithRetry:185] Successfully wrote 1052 bytes
[m[0;32;32m2025-12-20 10:51:23.65|I|805740677|lpUCM [RemoteSails.cpp:HandleResponse:149] HandleResponse started, buffer size: 1048
[m[0;32;32m2025-12-20 10:51:23.65|I|805740677|lpUCM [RemoteSails.cpp:HandleResponse:158] Successfully deserialized response, status: 0, result code: 0
[m[0;32;32m2025-12-20 10:51:23.65|I|805740677|lpUCM [RemoteSails.cpp:SailWriteData:272] All data already trans size 16384
[m[0;32;32m2025-12-20 10:51:23.65|I|805740677|lpUCM [fds.cpp:FDS_OnLocalUpgProgress:248] total: 23, curr:23, percent:13, rop:96%
[m[0;32;32m2025-12-20 10:51:23.65|I|805740677|lpUCM [RemoteSails.cpp:SailWriteData:254] total data is 16384
[m[0;32;31m2025-12-20 10:51:23.65|E|805740677|lpUCM [IpccProtoMessage.cpp:SerializeParams:112] m_offset, 16384
[m[1;33m2025-12-20 10:51:23.65|W|805740677|lpUCM [RemoteSails.cpp:SendWithRetry:185] Successfully wrote 1052 bytes
[m[0;32;32m2025-12-20 10:51:23.94|I|805740677|lpUCM [RemoteSails.cpp:HandleResponse:149] HandleResponse started, buffer size: 1048
[m[0;32;32m2025-12-20 10:51:23.94|I|805740677|lpUCM [RemoteSails.cpp:HandleResponse:158] Successfully deserialized response, status: 0, result code: 0
[m[0;32;31m2025-12-20 10:51:23.94|E|805740677|lpUCM [IpccProtoMessage.cpp:SerializeParams:112] m_offset, 17408
[m[1;33m2025-12-20 10:51:23.94|W|805740677|lpUCM [RemoteSails.cpp:SendWithRetry:185] Successfully wrote 1052 bytes
[m[0;32;32m2025-12-20 10:51:23.98|I|805740677|lpUCM [RemoteSails.cpp:HandleResponse:149] HandleResponse started, buffer size: 1048
[m[0;32;32m2025-12-20 10:51:23.98|I|805740677|lpUCM [RemoteSails.cpp:HandleResponse:158] Successfully deserialized response, status: 0, result code: 0
[m[0;32;31m2025-12-20 10:51:23.98|E|805740677|lpUCM [IpccProtoMessage.cpp:SerializeParams:112] m_offset, 18432
[m[1;33m2025-12-20 10:51:23.98|W|805740677|lpUCM [RemoteSails.cpp:SendWithRetry:185] Successfully wrote 1052 bytes
[m[0;32;32m2025-12-20 10:51:23.102|I|805740677|lpUCM [RemoteSails.cpp:HandleResponse:149] HandleResponse started, buffer size: 1048
[m[0;32;32m2025-12-20 10:51:23.102|I|805740677|lpUCM [RemoteSails.cpp:HandleResponse:158] Successfully deserialized response, status: 0, result code: 0
[m[0;32;31m2025-12-20 10:51:23.102|E|805740677|lpUCM [IpccProtoMessage.cpp:SerializeParams:112] m_offset, 19456
[m[1;33m2025-12-20 10:51:23.102|W|805740677|lpUCM [RemoteSails.cpp:SendWithRetry:185] Successfully wrote 1052 bytes
[m[0;32;32m2025-12-20 10:51:23.106|I|805740677|lpUCM [RemoteSails.cpp:HandleResponse:149] HandleResponse started, buffer size: 1048
[m[0;32;32m2025-12-20 10:51:23.106|I|805740677|lpUCM [RemoteSails.cpp:HandleResponse:158] Successfully deserialized response, status: 0, result code: 0
[m[0;32;31m2025-12-20 10:51:23.106|E|805740677|lpUCM [IpccProtoMessage.cpp:SerializeParams:112] m_offset, 20480
[m[1;33m2025-12-20 10:51:23.106|W|805740677|lpUCM [RemoteSails.cpp:SendWithRetry:185] Successfully wrote 1052 bytes
[m[0;32;32m2025-12-20 10:51:23.136|I|805740677|lpUCM [RemoteSails.cpp:HandleResponse:149] HandleResponse started, buffer size: 1048
[m[0;32;32m2025-12-20 10:51:23.136|I|805740677|lpUCM [RemoteSails.cpp:HandleResponse:158] Successfully deserialized response, status: 0, result code: 0
[m[0;32;31m2025-12-20 10:51:23.136|E|805740677|lpUCM [IpccProtoMessage.cpp:SerializeParams:112] m_offset, 21504
[m[1;33m2025-12-20 10:51:23.136|W|805740677|lpUCM [RemoteSails.cpp:SendWithRetry:185] Successfully wrote 1052 bytes
[m[0;32;32m2025-12-20 10:51:23.139|I|805740677|lpUCM [RemoteSails.cpp:HandleResponse:149] HandleResponse started, buffer size: 1048
[m[0;32;32m2025-12-20 10:51:23.139|I|805740677|lpUCM [RemoteSails.cpp:HandleResponse:158] Successfully deserialized response, status: 0, result code: 0
[m[0;32;31m2025-12-20 10:51:23.139|E|805740677|lpUCM [IpccProtoMessage.cpp:SerializeParams:112] m_offset, 22528
[m[1;33m2025-12-20 10:51:23.139|W|805740677|lpUCM [RemoteSails.cpp:SendWithRetry:185] Successfully wrote 1052 bytes
[m[0;32;32m2025-12-20 10:51:23.145|I|805740677|lpUCM [RemoteSails.cpp:HandleResponse:149] HandleResponse started, buffer size: 1048
[m[0;32;32m2025-12-20 10:51:23.145|I|805740677|lpUCM [RemoteSails.cpp:HandleResponse:158] Successfully deserialized response, status: 0, result code: 0
[m[0;32;31m2025-12-20 10:51:23.145|E|805740677|lpUCM [IpccProtoMessage.cpp:SerializeParams:112] m_offset, 23552
[m[1;33m2025-12-20 10:51:23.145|W|805740677|lpUCM [RemoteSails.cpp:SendWithRetry:185] Successfully wrote 1052 bytes
[m[0;32;32m2025-12-20 10:51:23.148|I|805740677|lpUCM [RemoteSails.cpp:HandleResponse:149] HandleResponse started, buffer size: 1048
[m[0;32;32m2025-12-20 10:51:23.148|I|805740677|lpUCM [RemoteSails.cpp:HandleResponse:158] Successfully deserialized response, status: 0, result code: 0
[m[0;32;31m2025-12-20 10:51:23.148|E|805740677|lpUCM [IpccProtoMessage.cpp:SerializeParams:112] m_offset, 24576
[m[1;33m2025-12-20 10:51:23.148|W|805740677|lpUCM [RemoteSails.cpp:SendWithRetry:185] Successfully wrote 1052 bytes
[m[0;32;32m2025-12-20 10:51:23.181|I|805740677|lpUCM [RemoteSails.cpp:HandleResponse:149] HandleResponse started, buffer size: 1048
[m[0;32;32m2025-12-20 10:51:23.181|I|805740677|lpUCM [RemoteSails.cpp:HandleResponse:158] Successfully deserialized response, status: 0, result code: 0
[m[0;32;31m2025-12-20 10:51:23.181|E|805740677|lpUCM [IpccProtoMessage.cpp:SerializeParams:112] m_offset, 25600
[m[1;33m2025-12-20 10:51:23.181|W|805740677|lpUCM [RemoteSails.cpp:SendWithRetry:185] Successfully wrote 1052 bytes
[m[0;32;32m2025-12-20 10:51:23.184|I|805740677|lpUCM [RemoteSails.cpp:HandleResponse:149] HandleResponse started, buffer size: 1048
[m[0;32;32m2025-12-20 10:51:23.184|I|805740677|lpUCM [RemoteSails.cpp:HandleResponse:158] Successfully deserialized response, status: 0, result code: 0
[m[0;32;31m2025-12-20 10:51:23.184|E|805740677|lpUCM [IpccProtoMessage.cpp:SerializeParams:112] m_offset, 26624
[m[1;33m2025-12-20 10:51:23.184|W|805740677|lpUCM [RemoteSails.cpp:SendWithRetry:185] Successfully wrote 1052 bytes
[m[0;32;32m2025-12-20 10:51:23.187|I|805740677|lpUCM [RemoteSails.cpp:HandleResponse:149] HandleResponse started, buffer size: 1048
[m[0;32;32m2025-12-20 10:51:23.187|I|805740677|lpUCM [RemoteSails.cpp:HandleResponse:158] Successfully deserialized response, status: 0, result code: 0
[m[0;32;31m2025-12-20 10:51:23.187|E|805740677|lpUCM [IpccProtoMessage.cpp:SerializeParams:112] m_offset, 27648
[m[1;33m2025-12-20 10:51:23.187|W|805740677|lpUCM [RemoteSails.cpp:SendWithRetry:185] Successfully wrote 1052 bytes
[m[0;32;32m2025-12-20 10:51:23.190|I|805740677|lpUCM [RemoteSails.cpp:HandleResponse:149] HandleResponse started, buffer size: 1048
[m[0;32;32m2025-12-20 10:51:23.190|I|805740677|lpUCM [RemoteSails.cpp:HandleResponse:158] Successfully deserialized response, status: 0, result code: 0
[m[0;32;31m2025-12-20 10:51:23.190|E|805740677|lpUCM [IpccProtoMessage.cpp:SerializeParams:112] m_offset, 28672
[m[1;33m2025-12-20 10:51:23.190|W|805740677|lpUCM [RemoteSails.cpp:SendWithRetry:185] Successfully wrote 1052 bytes
[m[0;32;32m2025-12-20 10:51:23.220|I|805740677|lpUCM [RemoteSails.cpp:HandleResponse:149] HandleResponse started, buffer size: 1048
[m[0;32;32m2025-12-20 10:51:23.220|I|805740677|lpUCM [RemoteSails.cpp:HandleResponse:158] Successfully deserialized response, status: 0, result code: 0
[m[0;32;31m2025-12-20 10:51:23.220|E|805740677|lpUCM [IpccProtoMessage.cpp:SerializeParams:112] m_offset, 29696
[m[1;33m2025-12-20 10:51:23.220|W|805740677|lpUCM [RemoteSails.cpp:SendWithRetry:185] Successfully wrote 1052 bytes
[m[0;32;32m2025-12-20 10:51:23.223|I|805740677|lpUCM [RemoteSails.cpp:HandleResponse:149] HandleResponse started, buffer size: 1048
[m[0;32;32m2025-12-20 10:51:23.223|I|805740677|lpUCM [RemoteSails.cpp:HandleResponse:158] Successfully deserialized response, status: 0, result code: 0
[m[0;32;31m2025-12-20 10:51:23.223|E|805740677|lpUCM [IpccProtoMessage.cpp:SerializeParams:112] m_offset, 30720
[m[1;33m2025-12-20 10:51:23.223|W|805740677|lpUCM [RemoteSails.cpp:SendWithRetry:185] Successfully wrote 1052 bytes
[m[0;32;32m2025-12-20 10:51:23.226|I|805740677|lpUCM [RemoteSails.cpp:HandleResponse:149] HandleResponse started, buffer size: 1048
[m[0;32;32m2025-12-20 10:51:23.226|I|805740677|lpUCM [RemoteSails.cpp:HandleResponse:158] Successfully deserialized response, status: 0, result code: 0
[m[0;32;31m2025-12-20 10:51:23.226|E|805740677|lpUCM [IpccProtoMessage.cpp:SerializeParams:112] m_offset, 31744
[m[1;33m2025-12-20 10:51:23.226|W|805740677|lpUCM [RemoteSails.cpp:SendWithRetry:185] Successfully wrote 1052 bytes
[m[0;32;32m2025-12-20 10:51:23.229|I|805740677|lpUCM [RemoteSails.cpp:HandleResponse:149] HandleResponse started, buffer size: 1048
[m[0;32;32m2025-12-20 10:51:23.229|I|805740677|lpUCM [RemoteSails.cpp:HandleResponse:158] Successfully deserialized response, status: 0, result code: 0
[m[0;32;32m2025-12-20 10:51:23.229|I|805740677|lpUCM [RemoteSails.cpp:SailWriteData:272] All data already trans size 16384
[m[0;32;32m2025-12-20 10:51:23.229|I|805740677|lpUCM [fds.cpp:FDS_OnLocalUpgProgress:248] total: 23, curr:23, percent:14, rop:96%
[m[0;32;32m2025-12-20 10:51:23.229|I|805740677|lpUCM [RemoteSails.cpp:SailWriteData:254] total data is 16384
[m[0;32;31m2025-12-20 10:51:23.229|E|805740677|lpUCM [IpccProtoMessage.cpp:SerializeParams:112] m_offset, 32768
[m[1;33m2025-12-20 10:51:23.229|W|805740677|lpUCM [RemoteSails.cpp:SendWithRetry:185] Successfully wrote 1052 bytes
[m[0;32;32m2025-12-20 10:51:23.259|I|805740677|lpUCM [RemoteSails.cpp:HandleResponse:149] HandleResponse started, buffer size: 1048
[m[0;32;32m2025-12-20 10:51:23.259|I|805740677|lpUCM [RemoteSails.cpp:HandleResponse:158] Successfully deserialized response, status: 0, result code: 0
[m[0;32;31m2025-12-20 10:51:23.259|E|805740677|lpUCM [IpccProtoMessage.cpp:SerializeParams:112] m_offset, 33792
[m[1;33m2025-12-20 10:51:23.259|W|805740677|lpUCM [RemoteSails.cpp:SendWithRetry:185] Successfully wrote 1052 bytes
[m[0;32;32m2025-12-20 10:51:23.263|I|805740677|lpUCM [RemoteSails.cpp:HandleResponse:149] HandleResponse started, buffer size: 1048
[m[0;32;32m2025-12-20 10:51:23.263|I|805740677|lpUCM [RemoteSails.cpp:HandleResponse:158] Successfully deserialized response, status: 0, result code: 0
[m[0;32;31m2025-12-20 10:51:23.263|E|805740677|lpUCM [IpccProtoMessage.cpp:SerializeParams:112] m_offset, 34816
[m[1;33m2025-12-20 10:51:23.263|W|805740677|lpUCM [RemoteSails.cpp:SendWithRetry:185] Successfully wrote 1052 bytes
[m[0;32;32m2025-12-20 10:51:23.266|I|805740677|lpUCM [RemoteSails.cpp:HandleResponse:149] HandleResponse started, buffer size: 1048
[m[0;32;32m2025-12-20 10:51:23.266|I|805740677|lpUCM [RemoteSails.cpp:HandleResponse:158] Successfully deserialized response, status: 0, result code: 0
[m[0;32;31m2025-12-20 10:51:23.266|E|805740677|lpUCM [IpccProtoMessage.cpp:SerializeParams:112] m_offset, 35840
[m[1;33m2025-12-20 10:51:23.266|W|805740677|lpUCM [RemoteSails.cpp:SendWithRetry:185] Successfully wrote 1052 bytes
[m[0;32;32m2025-12-20 10:51:23.270|I|805740677|lpUCM [RemoteSails.cpp:HandleResponse:149] HandleResponse started, buffer size: 1048
[m[0;32;32m2025-12-20 10:51:23.270|I|805740677|lpUCM [RemoteSails.cpp:HandleResponse:158] Successfully deserialized response, status: 0, result code: 0
[m[0;32;31m2025-12-20 10:51:23.270|E|805740677|lpUCM [IpccProtoMessage.cpp:SerializeParams:112] m_offset, 36864
[m[1;33m2025-12-20 10:51:23.270|W|805740677|lpUCM [RemoteSails.cpp:SendWithRetry:185] Successfully wrote 1052 bytes
[m[0;32;32m2025-12-20 10:51:23.300|I|805740677|lpUCM [RemoteSails.cpp:HandleResponse:149] HandleResponse started, buffer size: 1048
[m[0;32;32m2025-12-20 10:51:23.300|I|805740677|lpUCM [RemoteSails.cpp:HandleResponse:158] Successfully deserialized response, status: 0, result code: 0
[m[0;32;31m2025-12-20 10:51:23.300|E|805740677|lpUCM [IpccProtoMessage.cpp:SerializeParams:112] m_offset, 37888
[m[1;33m2025-12-20 10:51:23.300|W|805740677|lpUCM [RemoteSails.cpp:SendWithRetry:185] Successfully wrote 1052 bytes
[m[0;32;32m2025-12-20 10:51:23.304|I|805740677|lpUCM [RemoteSails.cpp:HandleResponse:149] HandleResponse started, buffer size: 1048
[m[0;32;32m2025-12-20 10:51:23.304|I|805740677|lpUCM [RemoteSails.cpp:HandleResponse:158] Successfully deserialized response, status: 0, result code: 0
[m[0;32;31m2025-12-20 10:51:23.304|E|805740677|lpUCM [IpccProtoMessage.cpp:SerializeParams:112] m_offset, 38912
[m[1;33m2025-12-20 10:51:23.304|W|805740677|lpUCM [RemoteSails.cpp:SendWithRetry:185] Successfully wrote 1052 bytes
[m[0;32;32m2025-12-20 10:51:23.307|I|805740677|lpUCM [RemoteSails.cpp:HandleResponse:149] HandleResponse started, buffer size: 1048
[m[0;32;32m2025-12-20 10:51:23.307|I|805740677|lpUCM [RemoteSails.cpp:HandleResponse:158] Successfully deserialized response, status: 0, result code: 0
[m[0;32;31m2025-12-20 10:51:23.307|E|805740677|lpUCM [IpccProtoMessage.cpp:SerializeParams:112] m_offset, 39936
[m[1;33m2025-12-20 10:51:23.307|W|805740677|lpUCM [RemoteSails.cpp:SendWithRetry:185] Successfully wrote 1052 bytes
[m[0;32;32m2025-12-20 10:51:23.310|I|805740677|lpUCM [RemoteSails.cpp:HandleResponse:149] HandleResponse started, buffer size: 1048
[m[0;32;32m2025-12-20 10:51:23.310|I|805740677|lpUCM [RemoteSails.cpp:HandleResponse:158] Successfully deserialized response, status: 0, result code: 0
[m[0;32;31m2025-12-20 10:51:23.310|E|805740677|lpUCM [IpccProtoMessage.cpp:SerializeParams:112] m_offset, 40960
[m[1;33m2025-12-20 10:51:23.310|W|805740677|lpUCM [RemoteSails.cpp:SendWithRetry:185] Successfully wrote 1052 bytes
[m[0;32;32m2025-12-20 10:51:23.340|I|805740677|lpUCM [RemoteSails.cpp:HandleResponse:149] HandleResponse started, buffer size: 1048
[m[0;32;32m2025-12-20 10:51:23.340|I|805740677|lpUCM [RemoteSails.cpp:HandleResponse:158] Successfully deserialized response, status: 0, result code: 0
[m[0;32;31m2025-12-20 10:51:23.340|E|805740677|lpUCM [IpccProtoMessage.cpp:SerializeParams:112] m_offset, 41984
[m[1;33m2025-12-20 10:51:23.340|W|805740677|lpUCM [RemoteSails.cpp:SendWithRetry:185] Successfully wrote 1052 bytes
[m[0;32;32m2025-12-20 10:51:23.346|I|805740677|lpUCM [RemoteSails.cpp:HandleResponse:149] HandleResponse started, buffer size: 1048
[m[0;32;32m2025-12-20 10:51:23.346|I|805740677|lpUCM [RemoteSails.cpp:HandleResponse:158] Successfully deserialized response, status: 0, result code: 0
[m[0;32;31m2025-12-20 10:51:23.346|E|805740677|lpUCM [IpccProtoMessage.cpp:SerializeParams:112] m_offset, 43008
[m[1;33m2025-12-20 10:51:23.346|W|805740677|lpUCM [RemoteSails.cpp:SendWithRetry:185] Successfully wrote 1052 bytes
[m[0;32;32m2025-12-20 10:51:23.349|I|805740677|lpUCM [RemoteSails.cpp:HandleResponse:149] HandleResponse started, buffer size: 1048
[m[0;32;32m2025-12-20 10:51:23.349|I|805740677|lpUCM [RemoteSails.cpp:HandleResponse:158] Successfully deserialized response, status: 0, result code: 0
[m[0;32;31m2025-12-20 10:51:23.349|E|805740677|lpUCM [IpccProtoMessage.cpp:SerializeParams:112] m_offset, 44032
[m[1;33m2025-12-20 10:51:23.349|W|805740677|lpUCM [RemoteSails.cpp:SendWithRetry:185] Successfully wrote 1052 bytes
[m[0;32;32m2025-12-20 10:51:23.352|I|805740677|lpUCM [RemoteSails.cpp:HandleResponse:149] HandleResponse started, buffer size: 1048
[m[0;32;32m2025-12-20 10:51:23.352|I|805740677|lpUCM [RemoteSails.cpp:HandleResponse:158] Successfully deserialized response, status: 0, result code: 0
[m[0;32;31m2025-12-20 10:51:23.352|E|805740677|lpUCM [IpccProtoMessage.cpp:SerializeParams:112] m_offset, 45056
[m[1;33m2025-12-20 10:51:23.352|W|805740677|lpUCM [RemoteSails.cpp:SendWithRetry:185] Successfully wrote 1052 bytes
[m[0;32;32m2025-12-20 10:51:23.382|I|805740677|lpUCM [RemoteSails.cpp:HandleResponse:149] HandleResponse started, buffer size: 1048
[m[0;32;32m2025-12-20 10:51:23.382|I|805740677|lpUCM [RemoteSails.cpp:HandleResponse:158] Successfully deserialized response, status: 0, result code: 0
[m[0;32;31m2025-12-20 10:51:23.382|E|805740677|lpUCM [IpccProtoMessage.cpp:SerializeParams:112] m_offset, 46080
[m[1;33m2025-12-20 10:51:23.382|W|805740677|lpUCM [RemoteSails.cpp:SendWithRetry:185] Successfully wrote 1052 bytes
[m[0;32;32m2025-12-20 10:51:23.385|I|805740677|lpUCM [RemoteSails.cpp:HandleResponse:149] HandleResponse started, buffer size: 1048
[m[0;32;32m2025-12-20 10:51:23.385|I|805740677|lpUCM [RemoteSails.cpp:HandleResponse:158] Successfully deserialized response, status: 0, result code: 0
[m[0;32;31m2025-12-20 10:51:23.385|E|805740677|lpUCM [IpccProtoMessage.cpp:SerializeParams:112] m_offset, 47104
[m[1;33m2025-12-20 10:51:23.385|W|805740677|lpUCM [RemoteSails.cpp:SendWithRetry:185] Successfully wrote 1052 bytes
[m[0;32;32m2025-12-20 10:51:23.388|I|805740677|lpUCM [RemoteSails.cpp:HandleResponse:149] HandleResponse started, buffer size: 1048
[m[0;32;32m2025-12-20 10:51:23.388|I|805740677|lpUCM [RemoteSails.cpp:HandleResponse:158] Successfully deserialized response, status: 0, result code: 0
[m[0;32;31m2025-12-20 10:51:23.388|E|805740677|lpUCM [IpccProtoMessage.cpp:SerializeParams:112] m_offset, 48128
[m[1;33m2025-12-20 10:51:23.388|W|805740677|lpUCM [RemoteSails.cpp:SendWithRetry:185] Successfully wrote 1052 bytes
[m[0;32;32m2025-12-20 10:51:23.391|I|805740677|lpUCM [RemoteSails.cpp:HandleResponse:149] HandleResponse started, buffer size: 1048
[m[0;32;32m2025-12-20 10:51:23.391|I|805740677|lpUCM [RemoteSails.cpp:HandleResponse:158] Successfully deserialized response, status: 0, result code: 0
[m[0;32;32m2025-12-20 10:51:23.391|I|805740677|lpUCM [RemoteSails.cpp:SailWriteData:272] All data already trans size 16384
[m[0;32;32m2025-12-20 10:51:23.391|I|805740677|lpUCM [fds.cpp:FDS_OnLocalUpgProgress:248] total: 23, curr:23, percent:15, rop:96%
[m[0;32;32m2025-12-20 10:51:23.391|I|805740677|lpUCM [RemoteSails.cpp:SailWriteData:254] total data is 16384
[m[0;32;31m2025-12-20 10:51:23.391|E|805740677|lpUCM [IpccProtoMessage.cpp:SerializeParams:112] m_offset, 49152
[m[1;33m2025-12-20 10:51:23.391|W|805740677|lpUCM [RemoteSails.cpp:SendWithRetry:185] Successfully wrote 1052 bytes
[m[0;32;32m2025-12-20 10:51:23.425|I|805740677|lpUCM [RemoteSails.cpp:HandleResponse:149] HandleResponse started, buffer size: 1048
[m[0;32;32m2025-12-20 10:51:23.425|I|805740677|lpUCM [RemoteSails.cpp:HandleResponse:158] Successfully deserialized response, status: 0, result code: 0
[m[0;32;31m2025-12-20 10:51:23.425|E|805740677|lpUCM [IpccProtoMessage.cpp:SerializeParams:112] m_offset, 50176
[m[1;33m2025-12-20 10:51:23.425|W|805740677|lpUCM [RemoteSails.cpp:SendWithRetry:185] Successfully wrote 1052 bytes
[m[0;32;32m2025-12-20 10:51:23.429|I|805740677|lpUCM [RemoteSails.cpp:HandleResponse:149] HandleResponse started, buffer size: 1048
[m[0;32;32m2025-12-20 10:51:23.429|I|805740677|lpUCM [RemoteSails.cpp:HandleResponse:158] Successfully deserialized response, status: 0, result code: 0
[m[0;32;31m2025-12-20 10:51:23.429|E|805740677|lpUCM [IpccProtoMessage.cpp:SerializeParams:112] m_offset, 51200
[m[1;33m2025-12-20 10:51:23.429|W|805740677|lpUCM [RemoteSails.cpp:SendWithRetry:185] Successfully wrote 1052 bytes
[m[0;32;32m2025-12-20 10:51:23.433|I|805740677|lpUCM [RemoteSails.cpp:HandleResponse:149] HandleResponse started, buffer size: 1048
[m[0;32;32m2025-12-20 10:51:23.433|I|805740677|lpUCM [RemoteSails.cpp:HandleResponse:158] Successfully deserialized response, status: 0, result code: 0
[m[0;32;31m2025-12-20 10:51:23.433|E|805740677|lpUCM [IpccProtoMessage.cpp:SerializeParams:112] m_offset, 52224
[m[1;33m2025-12-20 10:51:23.433|W|805740677|lpUCM [RemoteSails.cpp:SendWithRetry:185] Successfully wrote 1052 bytes
[m[0;32;32m2025-12-20 10:51:23.436|I|805740677|lpUCM [RemoteSails.cpp:HandleResponse:149] HandleResponse started, buffer size: 1048
[m[0;32;32m2025-12-20 10:51:23.436|I|805740677|lpUCM [RemoteSails.cpp:HandleResponse:158] Successfully deserialized response, status: 0, result code: 0
[m[0;32;31m2025-12-20 10:51:23.436|E|805740677|lpUCM [IpccProtoMessage.cpp:SerializeParams:112] m_offset, 53248
[m[1;33m2025-12-20 10:51:23.436|W|805740677|lpUCM [RemoteSails.cpp:SendWithRetry:185] Successfully wrote 1052 bytes
[m[0;32;32m2025-12-20 10:51:23.464|I|805740677|lpUCM [RemoteSails.cpp:HandleResponse:149] HandleResponse started, buffer size: 1048
[m[0;32;32m2025-12-20 10:51:23.464|I|805740677|lpUCM [RemoteSails.cpp:HandleResponse:158] Successfully deserialized response, status: 0, result code: 0
[m[0;32;31m2025-12-20 10:51:23.464|E|805740677|lpUCM [IpccProtoMessage.cpp:SerializeParams:112] m_offset, 54272
[m[1;33m2025-12-20 10:51:23.464|W|805740677|lpUCM [RemoteSails.cpp:SendWithRetry:185] Successfully wrote 1052 bytes
[m[0;32;32m2025-12-20 10:51:23.468|I|805740677|lpUCM [RemoteSails.cpp:HandleResponse:149] HandleResponse started, buffer size: 1048
[m[0;32;32m2025-12-20 10:51:23.468|I|805740677|lpUCM [RemoteSails.cpp:HandleResponse:158] Successfully deserialized response, status: 0, result code: 0
[m[0;32;31m2025-12-20 10:51:23.468|E|805740677|lpUCM [IpccProtoMessage.cpp:SerializeParams:112] m_offset, 55296
[m[1;33m2025-12-20 10:51:23.468|W|805740677|lpUCM [RemoteSails.cpp:SendWithRetry:185] Successfully wrote 1052 bytes
[m[0;32;32m2025-12-20 10:51:23.472|I|805740677|lpUCM [RemoteSails.cpp:HandleResponse:149] HandleResponse started, buffer size: 1048
[m[0;32;32m2025-12-20 10:51:23.472|I|805740677|lpUCM [RemoteSails.cpp:HandleResponse:158] Successfully deserialized response, status: 0, result code: 0
[m[0;32;31m2025-12-20 10:51:23.472|E|805740677|lpUCM [IpccProtoMessage.cpp:SerializeParams:112] m_offset, 56320
[m[1;33m2025-12-20 10:51:23.472|W|805740677|lpUCM [RemoteSails.cpp:SendWithRetry:185] Successfully wrote 1052 bytes
[m[0;32;32m2025-12-20 10:51:23.475|I|805740677|lpUCM [RemoteSails.cpp:HandleResponse:149] HandleResponse started, buffer size: 1048
[m[0;32;32m2025-12-20 10:51:23.475|I|805740677|lpUCM [RemoteSails.cpp:HandleResponse:158] Successfully deserialized response, status: 0, result code: 0
[m[0;32;31m2025-12-20 10:51:23.475|E|805740677|lpUCM [IpccProtoMessage.cpp:SerializeParams:112] m_offset, 57344
[m[1;33m2025-12-20 10:51:23.475|W|805740677|lpUCM [RemoteSails.cpp:SendWithRetry:185] Successfully wrote 1052 bytes
[m[0;32;32m2025-12-20 10:51:23.505|I|805740677|lpUCM [RemoteSails.cpp:HandleResponse:149] HandleResponse started, buffer size: 1048
[m[0;32;32m2025-12-20 10:51:23.505|I|805740677|lpUCM [RemoteSails.cpp:HandleResponse:158] Successfully deserialized response, status: 0, result code: 0
[m[0;32;31m2025-12-20 10:51:23.505|E|805740677|lpUCM [IpccProtoMessage.cpp:SerializeParams:112] m_offset, 58368
[m[1;33m2025-12-20 10:51:23.505|W|805740677|lpUCM [RemoteSails.cpp:SendWithRetry:185] Successfully wrote 1052 bytes
[m[0;32;32m2025-12-20 10:51:23.508|I|805740677|lpUCM [RemoteSails.cpp:HandleResponse:149] HandleResponse started, buffer size: 1048
[m[0;32;32m2025-12-20 10:51:23.508|I|805740677|lpUCM [RemoteSails.cpp:HandleResponse:158] Successfully deserialized response, status: 0, result code: 0
[m[0;32;31m2025-12-20 10:51:23.508|E|805740677|lpUCM [IpccProtoMessage.cpp:SerializeParams:112] m_offset, 59392
[m[1;33m2025-12-20 10:51:23.508|W|805740677|lpUCM [RemoteSails.cpp:SendWithRetry:185] Successfully wrote 1052 bytes
[m[0;32;32m2025-12-20 10:51:23.512|I|805740677|lpUCM [RemoteSails.cpp:HandleResponse:149] HandleResponse started, buffer size: 1048
[m[0;32;32m2025-12-20 10:51:23.512|I|805740677|lpUCM [RemoteSails.cpp:HandleResponse:158] Successfully deserialized response, status: 0, result code: 0
[m[0;32;31m2025-12-20 10:51:23.512|E|805740677|lpUCM [IpccProtoMessage.cpp:SerializeParams:112] m_offset, 60416
[m[1;33m2025-12-20 10:51:23.512|W|805740677|lpUCM [RemoteSails.cpp:SendWithRetry:185] Successfully wrote 1052 bytes
[m[0;32;32m2025-12-20 10:51:23.515|I|805740677|lpUCM [RemoteSails.cpp:HandleResponse:149] HandleResponse started, buffer size: 1048
[m[0;32;32m2025-12-20 10:51:23.515|I|805740677|lpUCM [RemoteSails.cpp:HandleResponse:158] Successfully deserialized response, status: 0, result code: 0
[m[0;32;31m2025-12-20 10:51:23.515|E|805740677|lpUCM [IpccProtoMessage.cpp:SerializeParams:112] m_offset, 61440
[m[1;33m2025-12-20 10:51:23.515|W|805740677|lpUCM [RemoteSails.cpp:SendWithRetry:185] Successfully wrote 1052 bytes
[m[0;32;32m2025-12-20 10:51:23.544|I|805740677|lpUCM [RemoteSails.cpp:HandleResponse:149] HandleResponse started, buffer size: 1048
[m[0;32;32m2025-12-20 10:51:23.544|I|805740677|lpUCM [RemoteSails.cpp:HandleResponse:158] Successfully deserialized response, status: 0, result code: 0
[m[0;32;31m2025-12-20 10:51:23.544|E|805740677|lpUCM [IpccProtoMessage.cpp:SerializeParams:112] m_offset, 62464
[m[1;33m2025-12-20 10:51:23.544|W|805740677|lpUCM [RemoteSails.cpp:SendWithRetry:185] Successfully wrote 1052 bytes
[m[0;32;32m2025-12-20 10:51:23.547|I|805740677|lpUCM [RemoteSails.cpp:HandleResponse:149] HandleResponse started, buffer size: 1048
[m[0;32;32m2025-12-20 10:51:23.547|I|805740677|lpUCM [RemoteSails.cpp:HandleResponse:158] Successfully deserialized response, status: 0, result code: 0
[m[0;32;31m2025-12-20 10:51:23.547|E|805740677|lpUCM [IpccProtoMessage.cpp:SerializeParams:112] m_offset, 63488
[m[1;33m2025-12-20 10:51:23.547|W|805740677|lpUCM [RemoteSails.cpp:SendWithRetry:185] Successfully wrote 1052 bytes
[m[0;32;32m2025-12-20 10:51:23.550|I|805740677|lpUCM [RemoteSails.cpp:HandleResponse:149] HandleResponse started, buffer size: 1048
[m[0;32;32m2025-12-20 10:51:23.550|I|805740677|lpUCM [RemoteSails.cpp:HandleResponse:158] Successfully deserialized response, status: 0, result code: 0
[m[0;32;31m2025-12-20 10:51:23.550|E|805740677|lpUCM [IpccProtoMessage.cpp:SerializeParams:112] m_offset, 64512
[m[1;33m2025-12-20 10:51:23.550|W|805740677|lpUCM [RemoteSails.cpp:SendWithRetry:185] Successfully wrote 1052 bytes
[m[0;32;32m2025-12-20 10:51:23.553|I|805740677|lpUCM [RemoteSails.cpp:HandleResponse:149] HandleResponse started, buffer size: 1048
[m[0;32;32m2025-12-20 10:51:23.553|I|805740677|lpUCM [RemoteSails.cpp:HandleResponse:158] Successfully deserialized response, status: 0, result code: 0
[m[0;32;32m2025-12-20 10:51:23.553|I|805740677|lpUCM [RemoteSails.cpp:SailWriteData:272] All data already trans size 16384
[m[0;32;32m2025-12-20 10:51:23.553|I|805740677|lpUCM [fds.cpp:FDS_OnLocalUpgProgress:248] total: 23, curr:23, percent:16, rop:96%
[m[0;32;32m2025-12-20 10:51:23.553|I|805740677|lpUCM [RemoteSails.cpp:SailWriteData:254] total data is 16384
[m[0;32;31m2025-12-20 10:51:23.553|E|805740677|lpUCM [IpccProtoMessage.cpp:SerializeParams:112] m_offset, 65536
[m[1;33m2025-12-20 10:51:23.553|W|805740677|lpUCM [RemoteSails.cpp:SendWithRetry:185] Successfully wrote 1052 bytes
[m[0;32;32m2025-12-20 10:51:23.586|I|805740677|lpUCM [RemoteSails.cpp:HandleResponse:149] HandleResponse started, buffer size: 1048
[m[0;32;32m2025-12-20 10:51:23.586|I|805740677|lpUCM [RemoteSails.cpp:HandleResponse:158] Successfully deserialized response, status: 0, result code: 0
[m[0;32;31m2025-12-20 10:51:23.586|E|805740677|lpUCM [IpccProtoMessage.cpp:SerializeParams:112] m_offset, 66560
[m[1;33m2025-12-20 10:51:23.586|W|805740677|lpUCM [RemoteSails.cpp:SendWithRetry:185] Successfully wrote 1052 bytes
[m[0;32;32m2025-12-20 10:51:23.589|I|805740677|lpUCM [RemoteSails.cpp:HandleResponse:149] HandleResponse started, buffer size: 1048
[m[0;32;32m2025-12-20 10:51:23.589|I|805740677|lpUCM [RemoteSails.cpp:HandleResponse:158] Successfully deserialized response, status: 0, result code: 0
[m[0;32;31m2025-12-20 10:51:23.589|E|805740677|lpUCM [IpccProtoMessage.cpp:SerializeParams:112] m_offset, 67584
[m[1;33m2025-12-20 10:51:23.589|W|805740677|lpUCM [RemoteSails.cpp:SendWithRetry:185] Successfully wrote 1052 bytes
[m[0;32;32m2025-12-20 10:51:23.592|I|805740677|lpUCM [RemoteSails.cpp:HandleResponse:149] HandleResponse started, buffer size: 1048
[m[0;32;32m2025-12-20 10:51:23.592|I|805740677|lpUCM [RemoteSails.cpp:HandleResponse:158] Successfully deserialized response, status: 0, result code: 0
[m[0;32;31m2025-12-20 10:51:23.592|E|805740677|lpUCM [IpccProtoMessage.cpp:SerializeParams:112] m_offset, 68608
[m[1;33m2025-12-20 10:51:23.592|W|805740677|lpUCM [RemoteSails.cpp:SendWithRetry:185] Successfully wrote 1052 bytes
[m[0;32;32m2025-12-20 10:51:23.595|I|805740677|lpUCM [RemoteSails.cpp:HandleResponse:149] HandleResponse started, buffer size: 1048
[m[0;32;32m2025-12-20 10:51:23.595|I|805740677|lpUCM [RemoteSails.cpp:HandleResponse:158] Successfully deserialized response, status: 0, result code: 0
[m[0;32;31m2025-12-20 10:51:23.595|E|805740677|lpUCM [IpccProtoMessage.cpp:SerializeParams:112] m_offset, 69632
[m[1;33m2025-12-20 10:51:23.595|W|805740677|lpUCM [RemoteSails.cpp:SendWithRetry:185] Successfully wrote 1052 bytes
[m[0;32;32m2025-12-20 10:51:23.625|I|805740677|lpUCM [RemoteSails.cpp:HandleResponse:149] HandleResponse started, buffer size: 1048
[m[0;32;32m2025-12-20 10:51:23.625|I|805740677|lpUCM [RemoteSails.cpp:HandleResponse:158] Successfully deserialized response, status: 0, result code: 0
[m[0;32;31m2025-12-20 10:51:23.625|E|805740677|lpUCM [IpccProtoMessage.cpp:SerializeParams:112] m_offset, 70656
[m[1;33m2025-12-20 10:51:23.625|W|805740677|lpUCM [RemoteSails.cpp:SendWithRetry:185] Successfully wrote 1052 bytes
[m[0;32;32m2025-12-20 10:51:23.628|I|805740677|lpUCM [RemoteSails.cpp:HandleResponse:149] HandleResponse started, buffer size: 1048
[m[0;32;32m2025-12-20 10:51:23.628|I|805740677|lpUCM [RemoteSails.cpp:HandleResponse:158] Successfully deserialized response, status: 0, result code: 0
[m[0;32;31m2025-12-20 10:51:23.628|E|805740677|lpUCM [IpccProtoMessage.cpp:SerializeParams:112] m_offset, 71680
[m[1;33m2025-12-20 10:51:23.628|W|805740677|lpUCM [RemoteSails.cpp:SendWithRetry:185] Successfully wrote 1052 bytes
[m[0;32;32m2025-12-20 10:51:23.631|I|805740677|lpUCM [RemoteSails.cpp:HandleResponse:149] HandleResponse started, buffer size: 1048
[m[0;32;32m2025-12-20 10:51:23.631|I|805740677|lpUCM [RemoteSails.cpp:HandleResponse:158] Successfully deserialized response, status: 0, result code: 0
[m[0;32;31m2025-12-20 10:51:23.631|E|805740677|lpUCM [IpccProtoMessage.cpp:SerializeParams:112] m_offset, 72704
[m[1;33m2025-12-20 10:51:23.631|W|805740677|lpUCM [RemoteSails.cpp:SendWithRetry:185] Successfully wrote 1052 bytes
[m[0;32;32m2025-12-20 10:51:23.634|I|805740677|lpUCM [RemoteSails.cpp:HandleResponse:149] HandleResponse started, buffer size: 1048
[m[0;32;32m2025-12-20 10:51:23.634|I|805740677|lpUCM [RemoteSails.cpp:HandleResponse:158] Successfully deserialized response, status: 0, result code: 0
[m[0;32;31m2025-12-20 10:51:23.634|E|805740677|lpUCM [IpccProtoMessage.cpp:SerializeParams:112] m_offset, 73728
[m[1;33m2025-12-20 10:51:23.634|W|805740677|lpUCM [RemoteSails.cpp:SendWithRetry:185] Successfully wrote 1052 bytes
[m[0;32;32m2025-12-20 10:51:23.664|I|805740677|lpUCM [RemoteSails.cpp:HandleResponse:149] HandleResponse started, buffer size: 1048
[m[0;32;32m2025-12-20 10:51:23.664|I|805740677|lpUCM [RemoteSails.cpp:HandleResponse:158] Successfully deserialized response, status: 0, result code: 0
[m[0;32;31m2025-12-20 10:51:23.664|E|805740677|lpUCM [IpccProtoMessage.cpp:SerializeParams:112] m_offset, 74752
[m[1;33m2025-12-20 10:51:23.664|W|805740677|lpUCM [RemoteSails.cpp:SendWithRetry:185] Successfully wrote 1052 bytes
[m[0;32;32m2025-12-20 10:51:23.668|I|805740677|lpUCM [RemoteSails.cpp:HandleResponse:149] HandleResponse started, buffer size: 1048
[m[0;32;32m2025-12-20 10:51:23.668|I|805740677|lpUCM [RemoteSails.cpp:HandleResponse:158] Successfully deserialized response, status: 0, result code: 0
[m[0;32;31m2025-12-20 10:51:23.668|E|805740677|lpUCM [IpccProtoMessage.cpp:SerializeParams:112] m_offset, 75776
[m[1;33m2025-12-20 10:51:23.668|W|805740677|lpUCM [RemoteSails.cpp:SendWithRetry:185] Successfully wrote 1052 bytes
[m[0;32;32m2025-12-20 10:51:23.671|I|805740677|lpUCM [RemoteSails.cpp:HandleResponse:149] HandleResponse started, buffer size: 1048
[m[0;32;32m2025-12-20 10:51:23.671|I|805740677|lpUCM [RemoteSails.cpp:HandleResponse:158] Successfully deserialized response, status: 0, result code: 0
[m[0;32;31m2025-12-20 10:51:23.671|E|805740677|lpUCM [IpccProtoMessage.cpp:SerializeParams:112] m_offset, 76800
[m[1;33m2025-12-20 10:51:23.671|W|805740677|lpUCM [RemoteSails.cpp:SendWithRetry:185] Successfully wrote 1052 bytes
[m[0;32;32m2025-12-20 10:51:23.675|I|805740677|lpUCM [RemoteSails.cpp:HandleResponse:149] HandleResponse started, buffer size: 1048
[m[0;32;32m2025-12-20 10:51:23.675|I|805740677|lpUCM [RemoteSails.cpp:HandleResponse:158] Successfully deserialized response, status: 0, result code: 0
[m[0;32;31m2025-12-20 10:51:23.675|E|805740677|lpUCM [IpccProtoMessage.cpp:SerializeParams:112] m_offset, 77824
[m[1;33m2025-12-20 10:51:23.675|W|805740677|lpUCM [RemoteSails.cpp:SendWithRetry:185] Successfully wrote 1052 bytes
[m[0;32;32m2025-12-20 10:51:23.706|I|805740677|lpUCM [RemoteSails.cpp:HandleResponse:149] HandleResponse started, buffer size: 1048
[m[0;32;32m2025-12-20 10:51:23.706|I|805740677|lpUCM [RemoteSails.cpp:HandleResponse:158] Successfully deserialized response, status: 0, result code: 0
[m[0;32;31m2025-12-20 10:51:23.706|E|805740677|lpUCM [IpccProtoMessage.cpp:SerializeParams:112] m_offset, 78848
[m[1;33m2025-12-20 10:51:23.706|W|805740677|lpUCM [RemoteSails.cpp:SendWithRetry:185] Successfully wrote 1052 bytes
[m[0;32;32m2025-12-20 10:51:23.709|I|805740677|lpUCM [RemoteSails.cpp:HandleResponse:149] HandleResponse started, buffer size: 1048
[m[0;32;32m2025-12-20 10:51:23.709|I|805740677|lpUCM [RemoteSails.cpp:HandleResponse:158] Successfully deserialized response, status: 0, result code: 0
[m[0;32;31m2025-12-20 10:51:23.709|E|805740677|lpUCM [IpccProtoMessage.cpp:SerializeParams:112] m_offset, 79872
[m[1;33m2025-12-20 10:51:23.709|W|805740677|lpUCM [RemoteSails.cpp:SendWithRetry:185] Successfully wrote 1052 bytes
[m[0;32;32m2025-12-20 10:51:23.712|I|805740677|lpUCM [RemoteSails.cpp:HandleResponse:149] HandleResponse started, buffer size: 1048
[m[0;32;32m2025-12-20 10:51:23.712|I|805740677|lpUCM [RemoteSails.cpp:HandleResponse:158] Successfully deserialized response, status: 0, result code: 0
[m[0;32;31m2025-12-20 10:51:23.712|E|805740677|lpUCM [IpccProtoMessage.cpp:SerializeParams:112] m_offset, 80896
[m[1;33m2025-12-20 10:51:23.712|W|805740677|lpUCM [RemoteSails.cpp:SendWithRetry:185] Successfully wrote 1052 bytes
[m[0;32;32m2025-12-20 10:51:23.715|I|805740677|lpUCM [RemoteSails.cpp:HandleResponse:149] HandleResponse started, buffer size: 1048
[m[0;32;32m2025-12-20 10:51:23.715|I|805740677|lpUCM [RemoteSails.cpp:HandleResponse:158] Successfully deserialized response, status: 0, result code: 0
[m[0;32;32m2025-12-20 10:51:23.715|I|805740677|lpUCM [RemoteSails.cpp:SailWriteData:272] All data already trans size 16384
[m[0;32;32m2025-12-20 10:51:23.715|I|805740677|lpUCM [fds.cpp:FDS_OnLocalUpgProgress:248] total: 23, curr:23, percent:17, rop:96%
[m[0;32;32m2025-12-20 10:51:23.715|I|805740677|lpUCM [RemoteSails.cpp:SailWriteData:254] total data is 16384
[m[0;32;31m2025-12-20 10:51:23.715|E|805740677|lpUCM [IpccProtoMessage.cpp:SerializeParams:112] m_offset, 81920
[m[1;33m2025-12-20 10:51:23.715|W|805740677|lpUCM [RemoteSails.cpp:SendWithRetry:185] Successfully wrote 1052 bytes
[m[0;32;32m2025-12-20 10:51:23.745|I|805740677|lpUCM [RemoteSails.cpp:HandleResponse:149] HandleResponse started, buffer size: 1048
[m[0;32;32m2025-12-20 10:51:23.745|I|805740677|lpUCM [RemoteSails.cpp:HandleResponse:158] Successfully deserialized response, status: 0, result code: 0
[m[0;32;31m2025-12-20 10:51:23.745|E|805740677|lpUCM [IpccProtoMessage.cpp:SerializeParams:112] m_offset, 82944
[m[1;33m2025-12-20 10:51:23.745|W|805740677|lpUCM [RemoteSails.cpp:SendWithRetry:185] Successfully wrote 1052 bytes
[m[0;32;32m2025-12-20 10:51:23.748|I|805740677|lpUCM [RemoteSails.cpp:HandleResponse:149] HandleResponse started, buffer size: 1048
[m[0;32;32m2025-12-20 10:51:23.748|I|805740677|lpUCM [RemoteSails.cpp:HandleResponse:158] Successfully deserialized response, status: 0, result code: 0
[m[0;32;31m2025-12-20 10:51:23.748|E|805740677|lpUCM [IpccProtoMessage.cpp:SerializeParams:112] m_offset, 83968
[m[1;33m2025-12-20 10:51:23.748|W|805740677|lpUCM [RemoteSails.cpp:SendWithRetry:185] Successfully wrote 1052 bytes
[m[0;32;32m2025-12-20 10:51:23.751|I|805740677|lpUCM [RemoteSails.cpp:HandleResponse:149] HandleResponse started, buffer size: 1048
[m[0;32;32m2025-12-20 10:51:23.751|I|805740677|lpUCM [RemoteSails.cpp:HandleResponse:158] Successfully deserialized response, status: 0, result code: 0
[m[0;32;31m2025-12-20 10:51:23.751|E|805740677|lpUCM [IpccProtoMessage.cpp:SerializeParams:112] m_offset, 84992
[m[1;33m2025-12-20 10:51:23.751|W|805740677|lpUCM [RemoteSails.cpp:SendWithRetry:185] Successfully wrote 1052 bytes
[m[0;32;32m2025-12-20 10:51:23.754|I|805740677|lpUCM [RemoteSails.cpp:HandleResponse:149] HandleResponse started, buffer size: 1048
[m[0;32;32m2025-12-20 10:51:23.754|I|805740677|lpUCM [RemoteSails.cpp:HandleResponse:158] Successfully deserialized response, status: 0, result code: 0
[m[0;32;31m2025-12-20 10:51:23.754|E|805740677|lpUCM [IpccProtoMessage.cpp:SerializeParams:112] m_offset, 86016
[m[1;33m2025-12-20 10:51:23.754|W|805740677|lpUCM [RemoteSails.cpp:SendWithRetry:185] Successfully wrote 1052 bytes
[m[0;32;32m2025-12-20 10:51:23.784|I|805740677|lpUCM [RemoteSails.cpp:HandleResponse:149] HandleResponse started, buffer size: 1048
[m[0;32;32m2025-12-20 10:51:23.784|I|805740677|lpUCM [RemoteSails.cpp:HandleResponse:158] Successfully deserialized response, status: 0, result code: 0
[m[0;32;31m2025-12-20 10:51:23.784|E|805740677|lpUCM [IpccProtoMessage.cpp:SerializeParams:112] m_offset, 87040
[m[1;33m2025-12-20 10:51:23.784|W|805740677|lpUCM [RemoteSails.cpp:SendWithRetry:185] Successfully wrote 1052 bytes
[m[0;32;32m2025-12-20 10:51:23.787|I|805740677|lpUCM [RemoteSails.cpp:HandleResponse:149] HandleResponse started, buffer size: 1048
[m[0;32;32m2025-12-20 10:51:23.787|I|805740677|lpUCM [RemoteSails.cpp:HandleResponse:158] Successfully deserialized response, status: 0, result code: 0
[m[0;32;31m2025-12-20 10:51:23.787|E|805740677|lpUCM [IpccProtoMessage.cpp:SerializeParams:112] m_offset, 88064
[m[1;33m2025-12-20 10:51:23.787|W|805740677|lpUCM [RemoteSails.cpp:SendWithRetry:185] Successfully wrote 1052 bytes
[m[0;32;32m2025-12-20 10:51:23.790|I|805740677|lpUCM [RemoteSails.cpp:HandleResponse:149] HandleResponse started, buffer size: 1048
[m[0;32;32m2025-12-20 10:51:23.790|I|805740677|lpUCM [RemoteSails.cpp:HandleResponse:158] Successfully deserialized response, status: 0, result code: 0
[m[0;32;31m2025-12-20 10:51:23.790|E|805740677|lpUCM [IpccProtoMessage.cpp:SerializeParams:112] m_offset, 89088
[m[1;33m2025-12-20 10:51:23.790|W|805740677|lpUCM [RemoteSails.cpp:SendWithRetry:185] Successfully wrote 1052 bytes
[m[0;32;32m2025-12-20 10:51:23.796|I|805740677|lpUCM [RemoteSails.cpp:HandleResponse:149] HandleResponse started, buffer size: 1048
[m[0;32;32m2025-12-20 10:51:23.796|I|805740677|lpUCM [RemoteSails.cpp:HandleResponse:158] Successfully deserialized response, status: 0, result code: 0
[m[0;32;31m2025-12-20 10:51:23.796|E|805740677|lpUCM [IpccProtoMessage.cpp:SerializeParams:112] m_offset, 90112
[m[1;33m2025-12-20 10:51:23.796|W|805740677|lpUCM [RemoteSails.cpp:SendWithRetry:185] Successfully wrote 1052 bytes
[m[0;32;32m2025-12-20 10:51:23.828|I|805740677|lpUCM [RemoteSails.cpp:HandleResponse:149] HandleResponse started, buffer size: 1048
[m[0;32;32m2025-12-20 10:51:23.828|I|805740677|lpUCM [RemoteSails.cpp:HandleResponse:158] Successfully deserialized response, status: 0, result code: 0
[m[0;32;31m2025-12-20 10:51:23.828|E|805740677|lpUCM [IpccProtoMessage.cpp:SerializeParams:112] m_offset, 91136
[m[1;33m2025-12-20 10:51:23.828|W|805740677|lpUCM [RemoteSails.cpp:SendWithRetry:185] Successfully wrote 1052 bytes
[m[0;32;32m2025-12-20 10:51:23.831|I|805740677|lpUCM [RemoteSails.cpp:HandleResponse:149] HandleResponse started, buffer size: 1048
[m[0;32;32m2025-12-20 10:51:23.831|I|805740677|lpUCM [RemoteSails.cpp:HandleResponse:158] Successfully deserialized response, status: 0, result code: 0
[m[0;32;31m2025-12-20 10:51:23.831|E|805740677|lpUCM [IpccProtoMessage.cpp:SerializeParams:112] m_offset, 92160
[m[1;33m2025-12-20 10:51:23.831|W|805740677|lpUCM [RemoteSails.cpp:SendWithRetry:185] Successfully wrote 1052 bytes
[m[0;32;32m2025-12-20 10:51:23.837|I|805740677|lpUCM [RemoteSails.cpp:HandleResponse:149] HandleResponse started, buffer size: 1048
[m[0;32;32m2025-12-20 10:51:23.837|I|805740677|lpUCM [RemoteSails.cpp:HandleResponse:158] Successfully deserialized response, status: 0, result code: 0
[m[0;32;31m2025-12-20 10:51:23.837|E|805740677|lpUCM [IpccProtoMessage.cpp:SerializeParams:112] m_offset, 93184
[m[1;33m2025-12-20 10:51:23.837|W|805740677|lpUCM [RemoteSails.cpp:SendWithRetry:185] Successfully wrote 1052 bytes
[m[0;32;32m2025-12-20 10:51:23.841|I|805740677|lpUCM [RemoteSails.cpp:HandleResponse:149] HandleResponse started, buffer size: 1048
[m[0;32;32m2025-12-20 10:51:23.841|I|805740677|lpUCM [RemoteSails.cpp:HandleResponse:158] Successfully deserialized response, status: 0, result code: 0
[m[0;32;31m2025-12-20 10:51:23.841|E|805740677|lpUCM [IpccProtoMessage.cpp:SerializeParams:112] m_offset, 94208
[m[1;33m2025-12-20 10:51:23.841|W|805740677|lpUCM [RemoteSails.cpp:SendWithRetry:185] Successfully wrote 1052 bytes
[m[0;32;32m2025-12-20 10:51:23.873|I|805740677|lpUCM [RemoteSails.cpp:HandleResponse:149] HandleResponse started, buffer size: 1048
[m[0;32;32m2025-12-20 10:51:23.873|I|805740677|lpUCM [RemoteSails.cpp:HandleResponse:158] Successfully deserialized response, status: 0, result code: 0
[m[0;32;31m2025-12-20 10:51:23.873|E|805740677|lpUCM [IpccProtoMessage.cpp:SerializeParams:112] m_offset, 95232
[m[1;33m2025-12-20 10:51:23.873|W|805740677|lpUCM [RemoteSails.cpp:SendWithRetry:185] Successfully wrote 1052 bytes
[m[0;32;32m2025-12-20 10:51:23.877|I|805740677|lpUCM [RemoteSails.cpp:HandleResponse:149] HandleResponse started, buffer size: 1048
[m[0;32;32m2025-12-20 10:51:23.877|I|805740677|lpUCM [RemoteSails.cpp:HandleResponse:158] Successfully deserialized response, status: 0, result code: 0
[m[0;32;31m2025-12-20 10:51:23.877|E|805740677|lpUCM [IpccProtoMessage.cpp:SerializeParams:112] m_offset, 96256
[m[1;33m2025-12-20 10:51:23.877|W|805740677|lpUCM [RemoteSails.cpp:SendWithRetry:185] Successfully wrote 1052 bytes
[m[0;32;32m2025-12-20 10:51:23.880|I|805740677|lpUCM [RemoteSails.cpp:HandleResponse:149] HandleResponse started, buffer size: 1048
[m[0;32;32m2025-12-20 10:51:23.880|I|805740677|lpUCM [RemoteSails.cpp:HandleResponse:158] Successfully deserialized response, status: 0, result code: 0
[m[0;32;31m2025-12-20 10:51:23.880|E|805740677|lpUCM [IpccProtoMessage.cpp:SerializeParams:112] m_offset, 97280
[m[1;33m2025-12-20 10:51:23.880|W|805740677|lpUCM [RemoteSails.cpp:SendWithRetry:185] Successfully wrote 1052 bytes
[m[0;32;32m2025-12-20 10:51:23.887|I|805740677|lpUCM [RemoteSails.cpp:HandleResponse:149] HandleResponse started, buffer size: 1048
[m[0;32;32m2025-12-20 10:51:23.887|I|805740677|lpUCM [RemoteSails.cpp:HandleResponse:158] Successfully deserialized response, status: 0, result code: 0
[m[0;32;32m2025-12-20 10:51:23.887|I|805740677|lpUCM [RemoteSails.cpp:SailWriteData:272] All data already trans size 16384
[m[0;32;32m2025-12-20 10:51:23.887|I|805740677|lpUCM [fds.cpp:FDS_OnLocalUpgProgress:248] total: 23, curr:23, percent:18, rop:96%
[m[0;32;32m2025-12-20 10:51:23.887|I|805740677|lpUCM [RemoteSails.cpp:SailWriteData:254] total data is 16384
[m[0;32;31m2025-12-20 10:51:23.887|E|805740677|lpUCM [IpccProtoMessage.cpp:SerializeParams:112] m_offset, 98304
[m[1;33m2025-12-20 10:51:23.887|W|805740677|lpUCM [RemoteSails.cpp:SendWithRetry:185] Successfully wrote 1052 bytes
[m[0;32;32m2025-12-20 10:51:23.917|I|805740677|lpUCM [RemoteSails.cpp:HandleResponse:149] HandleResponse started, buffer size: 1048
[m[0;32;32m2025-12-20 10:51:23.917|I|805740677|lpUCM [RemoteSails.cpp:HandleResponse:158] Successfully deserialized response, status: 0, result code: 0
[m[0;32;31m2025-12-20 10:51:23.917|E|805740677|lpUCM [IpccProtoMessage.cpp:SerializeParams:112] m_offset, 99328
[m[1;33m2025-12-20 10:51:23.917|W|805740677|lpUCM [RemoteSails.cpp:SendWithRetry:185] Successfully wrote 1052 bytes
[m[0;32;32m2025-12-20 10:51:23.920|I|805740677|lpUCM [RemoteSails.cpp:HandleResponse:149] HandleResponse started, buffer size: 1048
[m[0;32;32m2025-12-20 10:51:23.920|I|805740677|lpUCM [RemoteSails.cpp:HandleResponse:158] Successfully deserialized response, status: 0, result code: 0
[m[0;32;31m2025-12-20 10:51:23.920|E|805740677|lpUCM [IpccProtoMessage.cpp:SerializeParams:112] m_offset, 100352
[m[1;33m2025-12-20 10:51:23.920|W|805740677|lpUCM [RemoteSails.cpp:SendWithRetry:185] Successfully wrote 1052 bytes
[m[0;32;32m2025-12-20 10:51:23.926|I|805740677|lpUCM [RemoteSails.cpp:HandleResponse:149] HandleResponse started, buffer size: 1048
[m[0;32;32m2025-12-20 10:51:23.926|I|805740677|lpUCM [RemoteSails.cpp:HandleResponse:158] Successfully deserialized response, status: 0, result code: 0
[m[0;32;31m2025-12-20 10:51:23.926|E|805740677|lpUCM [IpccProtoMessage.cpp:SerializeParams:112] m_offset, 101376
[m[1;33m2025-12-20 10:51:23.926|W|805740677|lpUCM [RemoteSails.cpp:SendWithRetry:185] Successfully wrote 1052 bytes
[m[0;32;32m2025-12-20 10:51:23.929|I|805740677|lpUCM [RemoteSails.cpp:HandleResponse:149] HandleResponse started, buffer size: 1048
[m[0;32;32m2025-12-20 10:51:23.929|I|805740677|lpUCM [RemoteSails.cpp:HandleResponse:158] Successfully deserialized response, status: 0, result code: 0
[m[0;32;31m2025-12-20 10:51:23.929|E|805740677|lpUCM [IpccProtoMessage.cpp:SerializeParams:112] m_offset, 102400
[m[1;33m2025-12-20 10:51:23.929|W|805740677|lpUCM [RemoteSails.cpp:SendWithRetry:185] Successfully wrote 1052 bytes
[m[0;32;32m2025-12-20 10:51:23.959|I|805740677|lpUCM [RemoteSails.cpp:HandleResponse:149] HandleResponse started, buffer size: 1048
[m[0;32;32m2025-12-20 10:51:23.959|I|805740677|lpUCM [RemoteSails.cpp:HandleResponse:158] Successfully deserialized response, status: 0, result code: 0
[m[0;32;31m2025-12-20 10:51:23.959|E|805740677|lpUCM [IpccProtoMessage.cpp:SerializeParams:112] m_offset, 103424
[m[1;33m2025-12-20 10:51:23.959|W|805740677|lpUCM [RemoteSails.cpp:SendWithRetry:185] Successfully wrote 1052 bytes
[m[0;32;32m2025-12-20 10:51:23.962|I|805740677|lpUCM [RemoteSails.cpp:HandleResponse:149] HandleResponse started, buffer size: 1048
[m[0;32;32m2025-12-20 10:51:23.962|I|805740677|lpUCM [RemoteSails.cpp:HandleResponse:158] Successfully deserialized response, status: 0, result code: 0
[m[0;32;31m2025-12-20 10:51:23.962|E|805740677|lpUCM [IpccProtoMessage.cpp:SerializeParams:112] m_offset, 104448
[m[1;33m2025-12-20 10:51:23.962|W|805740677|lpUCM [RemoteSails.cpp:SendWithRetry:185] Successfully wrote 1052 bytes
[m[0;32;32m2025-12-20 10:51:23.965|I|805740677|lpUCM [RemoteSails.cpp:HandleResponse:149] HandleResponse started, buffer size: 1048
[m[0;32;32m2025-12-20 10:51:23.965|I|805740677|lpUCM [RemoteSails.cpp:HandleResponse:158] Successfully deserialized response, status: 0, result code: 0
[m[0;32;31m2025-12-20 10:51:23.965|E|805740677|lpUCM [IpccProtoMessage.cpp:SerializeParams:112] m_offset, 105472
[m[1;33m2025-12-20 10:51:23.965|W|805740677|lpUCM [RemoteSails.cpp:SendWithRetry:185] Successfully wrote 1052 bytes
[m[0;32;32m2025-12-20 10:51:23.969|I|805740677|lpUCM [RemoteSails.cpp:HandleResponse:149] HandleResponse started, buffer size: 1048
[m[0;32;32m2025-12-20 10:51:23.969|I|805740677|lpUCM [RemoteSails.cpp:HandleResponse:158] Successfully deserialized response, status: 0, result code: 0
[m[0;32;31m2025-12-20 10:51:23.969|E|805740677|lpUCM [IpccProtoMessage.cpp:SerializeParams:112] m_offset, 106496
[m[1;33m2025-12-20 10:51:23.969|W|805740677|lpUCM [RemoteSails.cpp:SendWithRetry:185] Successfully wrote 1052 bytes
[m[0;32;32m2025-12-20 10:51:24.0|I|805740677|lpUCM [RemoteSails.cpp:HandleResponse:149] HandleResponse started, buffer size: 1048
[m[0;32;32m2025-12-20 10:51:24.0|I|805740677|lpUCM [RemoteSails.cpp:HandleResponse:158] Successfully deserialized response, status: 0, result code: 0
[m[0;32;31m2025-12-20 10:51:24.0|E|805740677|lpUCM [IpccProtoMessage.cpp:SerializeParams:112] m_offset, 107520
[m[1;33m2025-12-20 10:51:24.0|W|805740677|lpUCM [RemoteSails.cpp:SendWithRetry:185] Successfully wrote 1052 bytes
[m[0;32;32m2025-12-20 10:51:24.4|I|805740677|lpUCM [RemoteSails.cpp:HandleResponse:149] HandleResponse started, buffer size: 1048
[m[0;32;32m2025-12-20 10:51:24.4|I|805740677|lpUCM [RemoteSails.cpp:HandleResponse:158] Successfully deserialized response, status: 0, result code: 0
[m[0;32;31m2025-12-20 10:51:24.4|E|805740677|lpUCM [IpccProtoMessage.cpp:SerializeParams:112] m_offset, 108544
[m[1;33m2025-12-20 10:51:24.4|W|805740677|lpUCM [RemoteSails.cpp:SendWithRetry:185] Successfully wrote 1052 bytes
[m[0;32;32m2025-12-20 10:51:24.7|I|805740677|lpUCM [RemoteSails.cpp:HandleResponse:149] HandleResponse started, buffer size: 1048
[m[0;32;32m2025-12-20 10:51:24.7|I|805740677|lpUCM [RemoteSails.cpp:HandleResponse:158] Successfully deserialized response, status: 0, result code: 0
[m[0;32;31m2025-12-20 10:51:24.7|E|805740677|lpUCM [IpccProtoMessage.cpp:SerializeParams:112] m_offset, 109568
[m[1;33m2025-12-20 10:51:24.7|W|805740677|lpUCM [RemoteSails.cpp:SendWithRetry:185] Successfully wrote 1052 bytes
[m[0;32;32m2025-12-20 10:51:24.11|I|805740677|lpUCM [RemoteSails.cpp:HandleResponse:149] HandleResponse started, buffer size: 1048
[m[0;32;32m2025-12-20 10:51:24.11|I|805740677|lpUCM [RemoteSails.cpp:HandleResponse:158] Successfully deserialized response, status: 0, result code: 0
[m[0;32;31m2025-12-20 10:51:24.11|E|805740677|lpUCM [IpccProtoMessage.cpp:SerializeParams:112] m_offset, 110592
[m[1;33m2025-12-20 10:51:24.11|W|805740677|lpUCM [RemoteSails.cpp:SendWithRetry:185] Successfully wrote 1052 bytes
[m[0;32;32m2025-12-20 10:51:24.41|I|805740677|lpUCM [RemoteSails.cpp:HandleResponse:149] HandleResponse started, buffer size: 1048
[m[0;32;32m2025-12-20 10:51:24.41|I|805740677|lpUCM [RemoteSails.cpp:HandleResponse:158] Successfully deserialized response, status: 0, result code: 0
[m[0;32;31m2025-12-20 10:51:24.41|E|805740677|lpUCM [IpccProtoMessage.cpp:SerializeParams:112] m_offset, 111616
[m[1;33m2025-12-20 10:51:24.41|W|805740677|lpUCM [RemoteSails.cpp:SendWithRetry:185] Successfully wrote 1052 bytes
[m[0;32;32m2025-12-20 10:51:24.44|I|805740677|lpUCM [RemoteSails.cpp:HandleResponse:149] HandleResponse started, buffer size: 1048
[m[0;32;32m2025-12-20 10:51:24.44|I|805740677|lpUCM [RemoteSails.cpp:HandleResponse:158] Successfully deserialized response, status: 0, result code: 0
[m[0;32;31m2025-12-20 10:51:24.44|E|805740677|lpUCM [IpccProtoMessage.cpp:SerializeParams:112] m_offset, 112640
[m[1;33m2025-12-20 10:51:24.44|W|805740677|lpUCM [RemoteSails.cpp:SendWithRetry:185] Successfully wrote 1052 bytes
[m[0;32;32m2025-12-20 10:51:24.48|I|805740677|lpUCM [RemoteSails.cpp:HandleResponse:149] HandleResponse started, buffer size: 1048
[m[0;32;32m2025-12-20 10:51:24.48|I|805740677|lpUCM [RemoteSails.cpp:HandleResponse:158] Successfully deserialized response, status: 0, result code: 0
[m[0;32;31m2025-12-20 10:51:24.48|E|805740677|lpUCM [IpccProtoMessage.cpp:SerializeParams:112] m_offset, 113664
[m[1;33m2025-12-20 10:51:24.48|W|805740677|lpUCM [RemoteSails.cpp:SendWithRetry:185] Successfully wrote 1052 bytes
[m[0;32;32m2025-12-20 10:51:24.51|I|805740677|lpUCM [RemoteSails.cpp:HandleResponse:149] HandleResponse started, buffer size: 1048
[m[0;32;32m2025-12-20 10:51:24.51|I|805740677|lpUCM [RemoteSails.cpp:HandleResponse:158] Successfully deserialized response, status: 0, result code: 0
[m[0;32;32m2025-12-20 10:51:24.51|I|805740677|lpUCM [RemoteSails.cpp:SailWriteData:272] All data already trans size 16384
[m[0;32;32m2025-12-20 10:51:24.51|I|805740677|lpUCM [fds.cpp:FDS_OnLocalUpgProgress:248] total: 23, curr:23, percent:19, rop:96%
[m[0;32;32m2025-12-20 10:51:24.51|I|805740677|lpUCM [RemoteSails.cpp:SailWriteData:254] total data is 16384
[m[0;32;31m2025-12-20 10:51:24.51|E|805740677|lpUCM [IpccProtoMessage.cpp:SerializeParams:112] m_offset, 114688
[m[1;33m2025-12-20 10:51:24.51|W|805740677|lpUCM [RemoteSails.cpp:SendWithRetry:185] Successfully wrote 1052 bytes
[m[0;32;32m2025-12-20 10:51:24.84|I|805740677|lpUCM [RemoteSails.cpp:HandleResponse:149] HandleResponse started, buffer size: 1048
[m[0;32;32m2025-12-20 10:51:24.84|I|805740677|lpUCM [RemoteSails.cpp:HandleResponse:158] Successfully deserialized response, status: 0, result code: 0
[m[0;32;31m2025-12-20 10:51:24.84|E|805740677|lpUCM [IpccProtoMessage.cpp:SerializeParams:112] m_offset, 115712
[m[1;33m2025-12-20 10:51:24.84|W|805740677|lpUCM [RemoteSails.cpp:SendWithRetry:185] Successfully wrote 1052 bytes
[m[0;32;32m2025-12-20 10:51:24.88|I|805740677|lpUCM [RemoteSails.cpp:HandleResponse:149] HandleResponse started, buffer size: 1048
[m[0;32;32m2025-12-20 10:51:24.88|I|805740677|lpUCM [RemoteSails.cpp:HandleResponse:158] Successfully deserialized response, status: 0, result code: 0
[m[0;32;31m2025-12-20 10:51:24.88|E|805740677|lpUCM [IpccProtoMessage.cpp:SerializeParams:112] m_offset, 116736
[m[1;33m2025-12-20 10:51:24.88|W|805740677|lpUCM [RemoteSails.cpp:SendWithRetry:185] Successfully wrote 1052 bytes
[m[0;32;32m2025-12-20 10:51:24.92|I|805740677|lpUCM [RemoteSails.cpp:HandleResponse:149] HandleResponse started, buffer size: 1048
[m[0;32;32m2025-12-20 10:51:24.92|I|805740677|lpUCM [RemoteSails.cpp:HandleResponse:158] Successfully deserialized response, status: 0, result code: 0
[m[0;32;31m2025-12-20 10:51:24.92|E|805740677|lpUCM [IpccProtoMessage.cpp:SerializeParams:112] m_offset, 117760
[m[1;33m2025-12-20 10:51:24.92|W|805740677|lpUCM [RemoteSails.cpp:SendWithRetry:185] Successfully wrote 1052 bytes
[m[0;32;32m2025-12-20 10:51:24.95|I|805740677|lpUCM [RemoteSails.cpp:HandleResponse:149] HandleResponse started, buffer size: 1048
[m[0;32;32m2025-12-20 10:51:24.95|I|805740677|lpUCM [RemoteSails.cpp:HandleResponse:158] Successfully deserialized response, status: 0, result code: 0
[m[0;32;31m2025-12-20 10:51:24.95|E|805740677|lpUCM [IpccProtoMessage.cpp:SerializeParams:112] m_offset, 118784
[m[1;33m2025-12-20 10:51:24.95|W|805740677|lpUCM [RemoteSails.cpp:SendWithRetry:185] Successfully wrote 1052 bytes
[m[0;32;32m2025-12-20 10:51:24.127|I|805740677|lpUCM [RemoteSails.cpp:HandleResponse:149] HandleResponse started, buffer size: 1048
[m[0;32;32m2025-12-20 10:51:24.127|I|805740677|lpUCM [RemoteSails.cpp:HandleResponse:158] Successfully deserialized response, status: 0, result code: 0
[m[0;32;31m2025-12-20 10:51:24.127|E|805740677|lpUCM [IpccProtoMessage.cpp:SerializeParams:112] m_offset, 119808
[m[1;33m2025-12-20 10:51:24.127|W|805740677|lpUCM [RemoteSails.cpp:SendWithRetry:185] Successfully wrote 1052 bytes
[m[0;32;32m2025-12-20 10:51:24.130|I|805740677|lpUCM [RemoteSails.cpp:HandleResponse:149] HandleResponse started, buffer size: 1048
[m[0;32;32m2025-12-20 10:51:24.130|I|805740677|lpUCM [RemoteSails.cpp:HandleResponse:158] Successfully deserialized response, status: 0, result code: 0
[m[0;32;31m2025-12-20 10:51:24.130|E|805740677|lpUCM [IpccProtoMessage.cpp:SerializeParams:112] m_offset, 120832
[m[1;33m2025-12-20 10:51:24.130|W|805740677|lpUCM [RemoteSails.cpp:SendWithRetry:185] Successfully wrote 1052 bytes
[m[0;32;32m2025-12-20 10:51:24.136|I|805740677|lpUCM [RemoteSails.cpp:HandleResponse:149] HandleResponse started, buffer size: 1048
[m[0;32;32m2025-12-20 10:51:24.136|I|805740677|lpUCM [RemoteSails.cpp:HandleResponse:158] Successfully deserialized response, status: 0, result code: 0
[m[0;32;31m2025-12-20 10:51:24.136|E|805740677|lpUCM [IpccProtoMessage.cpp:SerializeParams:112] m_offset, 121856
[m[1;33m2025-12-20 10:51:24.136|W|805740677|lpUCM [RemoteSails.cpp:SendWithRetry:185] Successfully wrote 1052 bytes
[m[0;32;32m2025-12-20 10:51:24.139|I|805740677|lpUCM [RemoteSails.cpp:HandleResponse:149] HandleResponse started, buffer size: 1048
[m[0;32;32m2025-12-20 10:51:24.139|I|805740677|lpUCM [RemoteSails.cpp:HandleResponse:158] Successfully deserialized response, status: 0, result code: 0
[m[0;32;31m2025-12-20 10:51:24.139|E|805740677|lpUCM [IpccProtoMessage.cpp:SerializeParams:112] m_offset, 122880
[m[1;33m2025-12-20 10:51:24.139|W|805740677|lpUCM [RemoteSails.cpp:SendWithRetry:185] Successfully wrote 1052 bytes
[m[0;32;32m2025-12-20 10:51:24.169|I|805740677|lpUCM [RemoteSails.cpp:HandleResponse:149] HandleResponse started, buffer size: 1048
[m[0;32;32m2025-12-20 10:51:24.169|I|805740677|lpUCM [RemoteSails.cpp:HandleResponse:158] Successfully deserialized response, status: 0, result code: 0
[m[0;32;31m2025-12-20 10:51:24.169|E|805740677|lpUCM [IpccProtoMessage.cpp:SerializeParams:112] m_offset, 123904
[m[1;33m2025-12-20 10:51:24.169|W|805740677|lpUCM [RemoteSails.cpp:SendWithRetry:185] Successfully wrote 1052 bytes
[m[0;32;32m2025-12-20 10:51:24.175|I|805740677|lpUCM [RemoteSails.cpp:HandleResponse:149] HandleResponse started, buffer size: 1048
[m[0;32;32m2025-12-20 10:51:24.175|I|805740677|lpUCM [RemoteSails.cpp:HandleResponse:158] Successfully deserialized response, status: 0, result code: 0
[m[0;32;31m2025-12-20 10:51:24.175|E|805740677|lpUCM [IpccProtoMessage.cpp:SerializeParams:112] m_offset, 124928
[m[1;33m2025-12-20 10:51:24.175|W|805740677|lpUCM [RemoteSails.cpp:SendWithRetry:185] Successfully wrote 1052 bytes
[m[0;32;32m2025-12-20 10:51:24.178|I|805740677|lpUCM [RemoteSails.cpp:HandleResponse:149] HandleResponse started, buffer size: 1048
[m[0;32;32m2025-12-20 10:51:24.178|I|805740677|lpUCM [RemoteSails.cpp:HandleResponse:158] Successfully deserialized response, status: 0, result code: 0
[m[0;32;31m2025-12-20 10:51:24.178|E|805740677|lpUCM [IpccProtoMessage.cpp:SerializeParams:112] m_offset, 125952
[m[1;33m2025-12-20 10:51:24.178|W|805740677|lpUCM [RemoteSails.cpp:SendWithRetry:185] Successfully wrote 1052 bytes
[m[0;32;32m2025-12-20 10:51:24.181|I|805740677|lpUCM [RemoteSails.cpp:HandleResponse:149] HandleResponse started, buffer size: 1048
[m[0;32;32m2025-12-20 10:51:24.181|I|805740677|lpUCM [RemoteSails.cpp:HandleResponse:158] Successfully deserialized response, status: 0, result code: 0
[m[0;32;31m2025-12-20 10:51:24.181|E|805740677|lpUCM [IpccProtoMessage.cpp:SerializeParams:112] m_offset, 126976
[m[1;33m2025-12-20 10:51:24.181|W|805740677|lpUCM [RemoteSails.cpp:SendWithRetry:185] Successfully wrote 1052 bytes
[m[0;32;32m2025-12-20 10:51:24.213|I|805740677|lpUCM [RemoteSails.cpp:HandleResponse:149] HandleResponse started, buffer size: 1048
[m[0;32;32m2025-12-20 10:51:24.213|I|805740677|lpUCM [RemoteSails.cpp:HandleResponse:158] Successfully deserialized response, status: 0, result code: 0
[m[0;32;31m2025-12-20 10:51:24.213|E|805740677|lpUCM [IpccProtoMessage.cpp:SerializeParams:112] m_offset, 128000
[m[1;33m2025-12-20 10:51:24.213|W|805740677|lpUCM [RemoteSails.cpp:SendWithRetry:185] Successfully wrote 1052 bytes
[m[0;32;32m2025-12-20 10:51:24.216|I|805740677|lpUCM [RemoteSails.cpp:HandleResponse:149] HandleResponse started, buffer size: 1048
[m[0;32;32m2025-12-20 10:51:24.216|I|805740677|lpUCM [RemoteSails.cpp:HandleResponse:158] Successfully deserialized response, status: 0, result code: 0
[m[0;32;31m2025-12-20 10:51:24.216|E|805740677|lpUCM [IpccProtoMessage.cpp:SerializeParams:112] m_offset, 129024
[m[1;33m2025-12-20 10:51:24.216|W|805740677|lpUCM [RemoteSails.cpp:SendWithRetry:185] Successfully wrote 1052 bytes
[m[0;32;32m2025-12-20 10:51:24.220|I|805740677|lpUCM [RemoteSails.cpp:HandleResponse:149] HandleResponse started, buffer size: 1048
[m[0;32;32m2025-12-20 10:51:24.220|I|805740677|lpUCM [RemoteSails.cpp:HandleResponse:158] Successfully deserialized response, status: 0, result code: 0
[m[0;32;31m2025-12-20 10:51:24.220|E|805740677|lpUCM [IpccProtoMessage.cpp:SerializeParams:112] m_offset, 130048
[m[1;33m2025-12-20 10:51:24.220|W|805740677|lpUCM [RemoteSails.cpp:SendWithRetry:185] Successfully wrote 1052 bytes
[m[0;32;32m2025-12-20 10:51:24.227|I|805740677|lpUCM [RemoteSails.cpp:HandleResponse:149] HandleResponse started, buffer size: 1048
[m[0;32;32m2025-12-20 10:51:24.227|I|805740677|lpUCM [RemoteSails.cpp:HandleResponse:158] Successfully deserialized response, status: 0, result code: 0
[m[0;32;32m2025-12-20 10:51:24.227|I|805740677|lpUCM [RemoteSails.cpp:SailWriteData:272] All data already trans size 16384
[m[0;32;32m2025-12-20 10:51:24.227|I|805740677|lpUCM [fds.cpp:FDS_OnLocalUpgProgress:248] total: 23, curr:23, percent:20, rop:96%
[m[0;32;32m2025-12-20 10:51:24.227|I|805740677|lpUCM [RemoteSails.cpp:SailWriteData:254] total data is 16384
[m[0;32;31m2025-12-20 10:51:24.227|E|805740677|lpUCM [IpccProtoMessage.cpp:SerializeParams:112] m_offset, 131072
[m[1;33m2025-12-20 10:51:24.227|W|805740677|lpUCM [RemoteSails.cpp:SendWithRetry:185] Successfully wrote 1052 bytes
[m[0;32;32m2025-12-20 10:51:24.257|I|805740677|lpUCM [RemoteSails.cpp:HandleResponse:149] HandleResponse started, buffer size: 1048
[m[0;32;32m2025-12-20 10:51:24.257|I|805740677|lpUCM [RemoteSails.cpp:HandleResponse:158] Successfully deserialized response, status: 0, result code: 0
[m[0;32;31m2025-12-20 10:51:24.257|E|805740677|lpUCM [IpccProtoMessage.cpp:SerializeParams:112] m_offset, 132096
[m[1;33m2025-12-20 10:51:24.257|W|805740677|lpUCM [RemoteSails.cpp:SendWithRetry:185] Successfully wrote 1052 bytes
[m[0;32;32m2025-12-20 10:51:24.260|I|805740677|lpUCM [RemoteSails.cpp:HandleResponse:149] HandleResponse started, buffer size: 1048
[m[0;32;32m2025-12-20 10:51:24.260|I|805740677|lpUCM [RemoteSails.cpp:HandleResponse:158] Successfully deserialized response, status: 0, result code: 0
[m[0;32;31m2025-12-20 10:51:24.260|E|805740677|lpUCM [IpccProtoMessage.cpp:SerializeParams:112] m_offset, 133120
[m[1;33m2025-12-20 10:51:24.260|W|805740677|lpUCM [RemoteSails.cpp:SendWithRetry:185] Successfully wrote 1052 bytes
[m[0;32;32m2025-12-20 10:51:24.264|I|805740677|lpUCM [RemoteSails.cpp:HandleResponse:149] HandleResponse started, buffer size: 1048
[m[0;32;32m2025-12-20 10:51:24.264|I|805740677|lpUCM [RemoteSails.cpp:HandleResponse:158] Successfully deserialized response, status: 0, result code: 0
[m[0;32;31m2025-12-20 10:51:24.264|E|805740677|lpUCM [IpccProtoMessage.cpp:SerializeParams:112] m_offset, 134144
[m[1;33m2025-12-20 10:51:24.264|W|805740677|lpUCM [RemoteSails.cpp:SendWithRetry:185] Successfully wrote 1052 bytes
[m[0;32;32m2025-12-20 10:51:24.268|I|805740677|lpUCM [RemoteSails.cpp:HandleResponse:149] HandleResponse started, buffer size: 1048
[m[0;32;32m2025-12-20 10:51:24.268|I|805740677|lpUCM [RemoteSails.cpp:HandleResponse:158] Successfully deserialized response, status: 0, result code: 0
[m[0;32;31m2025-12-20 10:51:24.268|E|805740677|lpUCM [IpccProtoMessage.cpp:SerializeParams:112] m_offset, 135168
[m[1;33m2025-12-20 10:51:24.268|W|805740677|lpUCM [RemoteSails.cpp:SendWithRetry:185] Successfully wrote 1052 bytes
[m[0;32;32m2025-12-20 10:51:24.299|I|805740677|lpUCM [RemoteSails.cpp:HandleResponse:149] HandleResponse started, buffer size: 1048
[m[0;32;32m2025-12-20 10:51:24.299|I|805740677|lpUCM [RemoteSails.cpp:HandleResponse:158] Successfully deserialized response, status: 0, result code: 0
[m[0;32;31m2025-12-20 10:51:24.299|E|805740677|lpUCM [IpccProtoMessage.cpp:SerializeParams:112] m_offset, 136192
[m[1;33m2025-12-20 10:51:24.299|W|805740677|lpUCM [RemoteSails.cpp:SendWithRetry:185] Successfully wrote 1052 bytes
[m[0;32;32m2025-12-20 10:51:24.302|I|805740677|lpUCM [RemoteSails.cpp:HandleResponse:149] HandleResponse started, buffer size: 1048
[m[0;32;32m2025-12-20 10:51:24.302|I|805740677|lpUCM [RemoteSails.cpp:HandleResponse:158] Successfully deserialized response, status: 0, result code: 0
[m[0;32;31m2025-12-20 10:51:24.302|E|805740677|lpUCM [IpccProtoMessage.cpp:SerializeParams:112] m_offset, 137216
[m[1;33m2025-12-20 10:51:24.302|W|805740677|lpUCM [RemoteSails.cpp:SendWithRetry:185] Successfully wrote 1052 bytes
[m[0;32;32m2025-12-20 10:51:24.305|I|805740677|lpUCM [RemoteSails.cpp:HandleResponse:149] HandleResponse started, buffer size: 1048
[m[0;32;32m2025-12-20 10:51:24.305|I|805740677|lpUCM [RemoteSails.cpp:HandleResponse:158] Successfully deserialized response, status: 0, result code: 0
[m[0;32;31m2025-12-20 10:51:24.305|E|805740677|lpUCM [IpccProtoMessage.cpp:SerializeParams:112] m_offset, 138240
[m[1;33m2025-12-20 10:51:24.305|W|805740677|lpUCM [RemoteSails.cpp:SendWithRetry:185] Successfully wrote 1052 bytes
[m[0;32;32m2025-12-20 10:51:24.308|I|805740677|lpUCM [RemoteSails.cpp:HandleResponse:149] HandleResponse started, buffer size: 1048
[m[0;32;32m2025-12-20 10:51:24.308|I|805740677|lpUCM [RemoteSails.cpp:HandleResponse:158] Successfully deserialized response, status: 0, result code: 0
[m[0;32;31m2025-12-20 10:51:24.308|E|805740677|lpUCM [IpccProtoMessage.cpp:SerializeParams:112] m_offset, 139264
[m[1;33m2025-12-20 10:51:24.308|W|805740677|lpUCM [RemoteSails.cpp:SendWithRetry:185] Successfully wrote 1052 bytes
[m[0;32;32m2025-12-20 10:51:24.341|I|805740677|lpUCM [RemoteSails.cpp:HandleResponse:149] HandleResponse started, buffer size: 1048
[m[0;32;32m2025-12-20 10:51:24.341|I|805740677|lpUCM [RemoteSails.cpp:HandleResponse:158] Successfully deserialized response, status: 0, result code: 0
[m[0;32;31m2025-12-20 10:51:24.341|E|805740677|lpUCM [IpccProtoMessage.cpp:SerializeParams:112] m_offset, 140288
[m[1;33m2025-12-20 10:51:24.341|W|805740677|lpUCM [RemoteSails.cpp:SendWithRetry:185] Successfully wrote 1052 bytes
[m[0;32;32m2025-12-20 10:51:24.344|I|805740677|lpUCM [RemoteSails.cpp:HandleResponse:149] HandleResponse started, buffer size: 1048
[m[0;32;32m2025-12-20 10:51:24.344|I|805740677|lpUCM [RemoteSails.cpp:HandleResponse:158] Successfully deserialized response, status: 0, result code: 0
[m[0;32;31m2025-12-20 10:51:24.344|E|805740677|lpUCM [IpccProtoMessage.cpp:SerializeParams:112] m_offset, 141312
[m[1;33m2025-12-20 10:51:24.344|W|805740677|lpUCM [RemoteSails.cpp:SendWithRetry:185] Successfully wrote 1052 bytes
[m[0;32;32m2025-12-20 10:51:24.347|I|805740677|lpUCM [RemoteSails.cpp:HandleResponse:149] HandleResponse started, buffer size: 1048
[m[0;32;32m2025-12-20 10:51:24.347|I|805740677|lpUCM [RemoteSails.cpp:HandleResponse:158] Successfully deserialized response, status: 0, result code: 0
[m[0;32;31m2025-12-20 10:51:24.347|E|805740677|lpUCM [IpccProtoMessage.cpp:SerializeParams:112] m_offset, 142336
[m[1;33m2025-12-20 10:51:24.347|W|805740677|lpUCM [RemoteSails.cpp:SendWithRetry:185] Successfully wrote 1052 bytes
[m[0;32;32m2025-12-20 10:51:24.350|I|805740677|lpUCM [RemoteSails.cpp:HandleResponse:149] HandleResponse started, buffer size: 1048
[m[0;32;32m2025-12-20 10:51:24.350|I|805740677|lpUCM [RemoteSails.cpp:HandleResponse:158] Successfully deserialized response, status: 0, result code: 0
[m[0;32;31m2025-12-20 10:51:24.350|E|805740677|lpUCM [IpccProtoMessage.cpp:SerializeParams:112] m_offset, 143360
[m[1;33m2025-12-20 10:51:24.350|W|805740677|lpUCM [RemoteSails.cpp:SendWithRetry:185] Successfully wrote 1052 bytes
[m[0;32;32m2025-12-20 10:51:24.383|I|805740677|lpUCM [RemoteSails.cpp:HandleResponse:149] HandleResponse started, buffer size: 1048
[m[0;32;32m2025-12-20 10:51:24.383|I|805740677|lpUCM [RemoteSails.cpp:HandleResponse:158] Successfully deserialized response, status: 0, result code: 0
[m[0;32;31m2025-12-20 10:51:24.383|E|805740677|lpUCM [IpccProtoMessage.cpp:SerializeParams:112] m_offset, 144384
[m[1;33m2025-12-20 10:51:24.383|W|805740677|lpUCM [RemoteSails.cpp:SendWithRetry:185] Successfully wrote 1052 bytes
[m[0;32;32m2025-12-20 10:51:24.386|I|805740677|lpUCM [RemoteSails.cpp:HandleResponse:149] HandleResponse started, buffer size: 1048
[m[0;32;32m2025-12-20 10:51:24.386|I|805740677|lpUCM [RemoteSails.cpp:HandleResponse:158] Successfully deserialized response, status: 0, result code: 0
[m[0;32;31m2025-12-20 10:51:24.386|E|805740677|lpUCM [IpccProtoMessage.cpp:SerializeParams:112] m_offset, 145408
[m[1;33m2025-12-20 10:51:24.386|W|805740677|lpUCM [RemoteSails.cpp:SendWithRetry:185] Successfully wrote 1052 bytes
[m[0;32;32m2025-12-20 10:51:24.389|I|805740677|lpUCM [RemoteSails.cpp:HandleResponse:149] HandleResponse started, buffer size: 1048
[m[0;32;32m2025-12-20 10:51:24.389|I|805740677|lpUCM [RemoteSails.cpp:HandleResponse:158] Successfully deserialized response, status: 0, result code: 0
[m[0;32;31m2025-12-20 10:51:24.389|E|805740677|lpUCM [IpccProtoMessage.cpp:SerializeParams:112] m_offset, 146432
[m[1;33m2025-12-20 10:51:24.389|W|805740677|lpUCM [RemoteSails.cpp:SendWithRetry:185] Successfully wrote 1052 bytes
[m[0;32;32m2025-12-20 10:51:24.395|I|805740677|lpUCM [RemoteSails.cpp:HandleResponse:149] HandleResponse started, buffer size: 1048
[m[0;32;32m2025-12-20 10:51:24.395|I|805740677|lpUCM [RemoteSails.cpp:HandleResponse:158] Successfully deserialized response, status: 0, result code: 0
[m[0;32;32m2025-12-20 10:51:24.395|I|805740677|lpUCM [RemoteSails.cpp:SailWriteData:272] All data already trans size 16384
[m[0;32;32m2025-12-20 10:51:24.395|I|805740677|lpUCM [fds.cpp:FDS_OnLocalUpgProgress:248] total: 23, curr:23, percent:21, rop:96%
[m[0;32;32m2025-12-20 10:51:24.395|I|805740677|lpUCM [RemoteSails.cpp:SailWriteData:254] total data is 16384
[m[0;32;31m2025-12-20 10:51:24.395|E|805740677|lpUCM [IpccProtoMessage.cpp:SerializeParams:112] m_offset, 147456
[m[1;33m2025-12-20 10:51:24.395|W|805740677|lpUCM [RemoteSails.cpp:SendWithRetry:185] Successfully wrote 1052 bytes
[m[0;32;32m2025-12-20 10:51:24.425|I|805740677|lpUCM [RemoteSails.cpp:HandleResponse:149] HandleResponse started, buffer size: 1048
[m[0;32;32m2025-12-20 10:51:24.425|I|805740677|lpUCM [RemoteSails.cpp:HandleResponse:158] Successfully deserialized response, status: 0, result code: 0
[m[0;32;31m2025-12-20 10:51:24.425|E|805740677|lpUCM [IpccProtoMessage.cpp:SerializeParams:112] m_offset, 148480
[m[1;33m2025-12-20 10:51:24.425|W|805740677|lpUCM [RemoteSails.cpp:SendWithRetry:185] Successfully wrote 1052 bytes
[m[0;32;32m2025-12-20 10:51:24.428|I|805740677|lpUCM [RemoteSails.cpp:HandleResponse:149] HandleResponse started, buffer size: 1048
[m[0;32;32m2025-12-20 10:51:24.428|I|805740677|lpUCM [RemoteSails.cpp:HandleResponse:158] Successfully deserialized response, status: 0, result code: 0
[m[0;32;31m2025-12-20 10:51:24.428|E|805740677|lpUCM [IpccProtoMessage.cpp:SerializeParams:112] m_offset, 149504
[m[1;33m2025-12-20 10:51:24.428|W|805740677|lpUCM [RemoteSails.cpp:SendWithRetry:185] Successfully wrote 1052 bytes
[m[0;32;32m2025-12-20 10:51:24.434|I|805740677|lpUCM [RemoteSails.cpp:HandleResponse:149] HandleResponse started, buffer size: 1048
[m[0;32;32m2025-12-20 10:51:24.434|I|805740677|lpUCM [RemoteSails.cpp:HandleResponse:158] Successfully deserialized response, status: 0, result code: 0
[m[0;32;31m2025-12-20 10:51:24.434|E|805740677|lpUCM [IpccProtoMessage.cpp:SerializeParams:112] m_offset, 150528
[m[1;33m2025-12-20 10:51:24.434|W|805740677|lpUCM [RemoteSails.cpp:SendWithRetry:185] Successfully wrote 1052 bytes
[m[0;32;32m2025-12-20 10:51:24.437|I|805740677|lpUCM [RemoteSails.cpp:HandleResponse:149] HandleResponse started, buffer size: 1048
[m[0;32;32m2025-12-20 10:51:24.437|I|805740677|lpUCM [RemoteSails.cpp:HandleResponse:158] Successfully deserialized response, status: 0, result code: 0
[m[0;32;31m2025-12-20 10:51:24.437|E|805740677|lpUCM [IpccProtoMessage.cpp:SerializeParams:112] m_offset, 151552
[m[1;33m2025-12-20 10:51:24.437|W|805740677|lpUCM [RemoteSails.cpp:SendWithRetry:185] Successfully wrote 1052 bytes
[m[0;32;32m2025-12-20 10:51:24.468|I|805740677|lpUCM [RemoteSails.cpp:HandleResponse:149] HandleResponse started, buffer size: 1048
[m[0;32;32m2025-12-20 10:51:24.468|I|805740677|lpUCM [RemoteSails.cpp:HandleResponse:158] Successfully deserialized response, status: 0, result code: 0
[m[0;32;31m2025-12-20 10:51:24.468|E|805740677|lpUCM [IpccProtoMessage.cpp:SerializeParams:112] m_offset, 152576
[m[1;33m2025-12-20 10:51:24.468|W|805740677|lpUCM [RemoteSails.cpp:SendWithRetry:185] Successfully wrote 1052 bytes
[m[0;32;32m2025-12-20 10:51:24.472|I|805740677|lpUCM [RemoteSails.cpp:HandleResponse:149] HandleResponse started, buffer size: 1048
[m[0;32;32m2025-12-20 10:51:24.472|I|805740677|lpUCM [RemoteSails.cpp:HandleResponse:158] Successfully deserialized response, status: 0, result code: 0
[m[0;32;31m2025-12-20 10:51:24.472|E|805740677|lpUCM [IpccProtoMessage.cpp:SerializeParams:112] m_offset, 153600
[m[1;33m2025-12-20 10:51:24.472|W|805740677|lpUCM [RemoteSails.cpp:SendWithRetry:185] Successfully wrote 1052 bytes
[m[0;32;32m2025-12-20 10:51:24.479|I|805740677|lpUCM [RemoteSails.cpp:HandleResponse:149] HandleResponse started, buffer size: 1048
[m[0;32;32m2025-12-20 10:51:24.479|I|805740677|lpUCM [RemoteSails.cpp:HandleResponse:158] Successfully deserialized response, status: 0, result code: 0
[m[0;32;31m2025-12-20 10:51:24.479|E|805740677|lpUCM [IpccProtoMessage.cpp:SerializeParams:112] m_offset, 154624
[m[1;33m2025-12-20 10:51:24.479|W|805740677|lpUCM [RemoteSails.cpp:SendWithRetry:185] Successfully wrote 1052 bytes
[m[0;32;32m2025-12-20 10:51:24.482|I|805740677|lpUCM [RemoteSails.cpp:HandleResponse:149] HandleResponse started, buffer size: 1048
[m[0;32;32m2025-12-20 10:51:24.482|I|805740677|lpUCM [RemoteSails.cpp:HandleResponse:158] Successfully deserialized response, status: 0, result code: 0
[m[0;32;31m2025-12-20 10:51:24.482|E|805740677|lpUCM [IpccProtoMessage.cpp:SerializeParams:112] m_offset, 155648
[m[1;33m2025-12-20 10:51:24.482|W|805740677|lpUCM [RemoteSails.cpp:SendWithRetry:185] Successfully wrote 1052 bytes
[m[0;32;32m2025-12-20 10:51:24.516|I|805740677|lpUCM [RemoteSails.cpp:HandleResponse:149] HandleResponse started, buffer size: 1048
[m[0;32;32m2025-12-20 10:51:24.516|I|805740677|lpUCM [RemoteSails.cpp:HandleResponse:158] Successfully deserialized response, status: 0, result code: 0
[m[0;32;31m2025-12-20 10:51:24.516|E|805740677|lpUCM [IpccProtoMessage.cpp:SerializeParams:112] m_offset, 156672
[m[1;33m2025-12-20 10:51:24.516|W|805740677|lpUCM [RemoteSails.cpp:SendWithRetry:185] Successfully wrote 1052 bytes
[m[0;32;32m2025-12-20 10:51:24.520|I|805740677|lpUCM [RemoteSails.cpp:HandleResponse:149] HandleResponse started, buffer size: 1048
[m[0;32;32m2025-12-20 10:51:24.520|I|805740677|lpUCM [RemoteSails.cpp:HandleResponse:158] Successfully deserialized response, status: 0, result code: 0
[m[0;32;31m2025-12-20 10:51:24.520|E|805740677|lpUCM [IpccProtoMessage.cpp:SerializeParams:112] m_offset, 157696
[m[1;33m2025-12-20 10:51:24.520|W|805740677|lpUCM [RemoteSails.cpp:SendWithRetry:185] Successfully wrote 1052 bytes
[m[0;32;32m2025-12-20 10:51:24.527|I|805740677|lpUCM [RemoteSails.cpp:HandleResponse:149] HandleResponse started, buffer size: 1048
[m[0;32;32m2025-12-20 10:51:24.527|I|805740677|lpUCM [RemoteSails.cpp:HandleResponse:158] Successfully deserialized response, status: 0, result code: 0
[m[0;32;31m2025-12-20 10:51:24.527|E|805740677|lpUCM [IpccProtoMessage.cpp:SerializeParams:112] m_offset, 158720
[m[1;33m2025-12-20 10:51:24.527|W|805740677|lpUCM [RemoteSails.cpp:SendWithRetry:185] Successfully wrote 1052 bytes
[m[0;32;32m2025-12-20 10:51:24.530|I|805740677|lpUCM [RemoteSails.cpp:HandleResponse:149] HandleResponse started, buffer size: 1048
[m[0;32;32m2025-12-20 10:51:24.530|I|805740677|lpUCM [RemoteSails.cpp:HandleResponse:158] Successfully deserialized response, status: 0, result code: 0
[m[0;32;31m2025-12-20 10:51:24.530|E|805740677|lpUCM [IpccProtoMessage.cpp:SerializeParams:112] m_offset, 159744
[m[1;33m2025-12-20 10:51:24.530|W|805740677|lpUCM [RemoteSails.cpp:SendWithRetry:185] Successfully wrote 1052 bytes
[m[0;32;32m2025-12-20 10:51:24.560|I|805740677|lpUCM [RemoteSails.cpp:HandleResponse:149] HandleResponse started, buffer size: 1048
[m[0;32;32m2025-12-20 10:51:24.560|I|805740677|lpUCM [RemoteSails.cpp:HandleResponse:158] Successfully deserialized response, status: 0, result code: 0
[m[0;32;31m2025-12-20 10:51:24.560|E|805740677|lpUCM [IpccProtoMessage.cpp:SerializeParams:112] m_offset, 160768
[m[1;33m2025-12-20 10:51:24.560|W|805740677|lpUCM [RemoteSails.cpp:SendWithRetry:185] Successfully wrote 1052 bytes
[m[0;32;32m2025-12-20 10:51:24.566|I|805740677|lpUCM [RemoteSails.cpp:HandleResponse:149] HandleResponse started, buffer size: 1048
[m[0;32;32m2025-12-20 10:51:24.566|I|805740677|lpUCM [RemoteSails.cpp:HandleResponse:158] Successfully deserialized response, status: 0, result code: 0
[m[0;32;31m2025-12-20 10:51:24.566|E|805740677|lpUCM [IpccProtoMessage.cpp:SerializeParams:112] m_offset, 161792
[m[1;33m2025-12-20 10:51:24.566|W|805740677|lpUCM [RemoteSails.cpp:SendWithRetry:185] Successfully wrote 1052 bytes
[m[0;32;32m2025-12-20 10:51:24.569|I|805740677|lpUCM [RemoteSails.cpp:HandleResponse:149] HandleResponse started, buffer size: 1048
[m[0;32;32m2025-12-20 10:51:24.569|I|805740677|lpUCM [RemoteSails.cpp:HandleResponse:158] Successfully deserialized response, status: 0, result code: 0
[m[0;32;31m2025-12-20 10:51:24.569|E|805740677|lpUCM [IpccProtoMessage.cpp:SerializeParams:112] m_offset, 162816
[m[1;33m2025-12-20 10:51:24.569|W|805740677|lpUCM [RemoteSails.cpp:SendWithRetry:185] Successfully wrote 1052 bytes
[m[0;32;32m2025-12-20 10:51:24.572|I|805740677|lpUCM [RemoteSails.cpp:HandleResponse:149] HandleResponse started, buffer size: 1048
[m[0;32;32m2025-12-20 10:51:24.572|I|805740677|lpUCM [RemoteSails.cpp:HandleResponse:158] Successfully deserialized response, status: 0, result code: 0
[m[0;32;32m2025-12-20 10:51:24.572|I|805740677|lpUCM [RemoteSails.cpp:SailWriteData:272] All data already trans size 16384
[m[0;32;32m2025-12-20 10:51:24.572|I|805740677|lpUCM [fds.cpp:FDS_OnLocalUpgProgress:248] total: 23, curr:23, percent:22, rop:96%
[m[0;32;32m2025-12-20 10:51:24.572|I|805740677|lpUCM [RemoteSails.cpp:SailWriteData:254] total data is 16384
[m[0;32;31m2025-12-20 10:51:24.572|E|805740677|lpUCM [IpccProtoMessage.cpp:SerializeParams:112] m_offset, 163840
[m[1;33m2025-12-20 10:51:24.572|W|805740677|lpUCM [RemoteSails.cpp:SendWithRetry:185] Successfully wrote 1052 bytes
[m[0;32;32m2025-12-20 10:51:24.612|I|805740677|lpUCM [RemoteSails.cpp:HandleResponse:149] HandleResponse started, buffer size: 1048
[m[0;32;32m2025-12-20 10:51:24.612|I|805740677|lpUCM [RemoteSails.cpp:HandleResponse:158] Successfully deserialized response, status: 0, result code: 0
[m[0;32;31m2025-12-20 10:51:24.612|E|805740677|lpUCM [IpccProtoMessage.cpp:SerializeParams:112] m_offset, 164864
[m[1;33m2025-12-20 10:51:24.612|W|805740677|lpUCM [RemoteSails.cpp:SendWithRetry:185] Successfully wrote 1052 bytes
[m[0;32;32m2025-12-20 10:51:24.615|I|805740677|lpUCM [RemoteSails.cpp:HandleResponse:149] HandleResponse started, buffer size: 1048
[m[0;32;32m2025-12-20 10:51:24.615|I|805740677|lpUCM [RemoteSails.cpp:HandleResponse:158] Successfully deserialized response, status: 0, result code: 0
[m[0;32;31m2025-12-20 10:51:24.615|E|805740677|lpUCM [IpccProtoMessage.cpp:SerializeParams:112] m_offset, 165888
[m[1;33m2025-12-20 10:51:24.615|W|805740677|lpUCM [RemoteSails.cpp:SendWithRetry:185] Successfully wrote 1052 bytes
[m[0;32;32m2025-12-20 10:51:24.619|I|805740677|lpUCM [RemoteSails.cpp:HandleResponse:149] HandleResponse started, buffer size: 1048
[m[0;32;32m2025-12-20 10:51:24.619|I|805740677|lpUCM [RemoteSails.cpp:HandleResponse:158] Successfully deserialized response, status: 0, result code: 0
[m[0;32;31m2025-12-20 10:51:24.619|E|805740677|lpUCM [IpccProtoMessage.cpp:SerializeParams:112] m_offset, 166912
[m[1;33m2025-12-20 10:51:24.619|W|805740677|lpUCM [RemoteSails.cpp:SendWithRetry:185] Successfully wrote 1052 bytes
[m[0;32;32m2025-12-20 10:51:24.623|I|805740677|lpUCM [RemoteSails.cpp:HandleResponse:149] HandleResponse started, buffer size: 1048
[m[0;32;32m2025-12-20 10:51:24.623|I|805740677|lpUCM [RemoteSails.cpp:HandleResponse:158] Successfully deserialized response, status: 0, result code: 0
[m[0;32;31m2025-12-20 10:51:24.623|E|805740677|lpUCM [IpccProtoMessage.cpp:SerializeParams:112] m_offset, 167936
[m[1;33m2025-12-20 10:51:24.623|W|805740677|lpUCM [RemoteSails.cpp:SendWithRetry:185] Successfully wrote 1052 bytes
[m[0;32;32m2025-12-20 10:51:24.657|I|805740677|lpUCM [RemoteSails.cpp:HandleResponse:149] HandleResponse started, buffer size: 1048
[m[0;32;32m2025-12-20 10:51:24.657|I|805740677|lpUCM [RemoteSails.cpp:HandleResponse:158] Successfully deserialized response, status: 0, result code: 0
[m[0;32;31m2025-12-20 10:51:24.657|E|805740677|lpUCM [IpccProtoMessage.cpp:SerializeParams:112] m_offset, 168960
[m[1;33m2025-12-20 10:51:24.657|W|805740677|lpUCM [RemoteSails.cpp:SendWithRetry:185] Successfully wrote 1052 bytes
[m[0;32;32m2025-12-20 10:51:24.661|I|805740677|lpUCM [RemoteSails.cpp:HandleResponse:149] HandleResponse started, buffer size: 1048
[m[0;32;32m2025-12-20 10:51:24.661|I|805740677|lpUCM [RemoteSails.cpp:HandleResponse:158] Successfully deserialized response, status: 0, result code: 0
[m[0;32;31m2025-12-20 10:51:24.661|E|805740677|lpUCM [IpccProtoMessage.cpp:SerializeParams:112] m_offset, 169984
[m[1;33m2025-12-20 10:51:24.661|W|805740677|lpUCM [RemoteSails.cpp:SendWithRetry:185] Successfully wrote 1052 bytes
[m[0;32;32m2025-12-20 10:51:24.664|I|805740677|lpUCM [RemoteSails.cpp:HandleResponse:149] HandleResponse started, buffer size: 1048
[m[0;32;32m2025-12-20 10:51:24.664|I|805740677|lpUCM [RemoteSails.cpp:HandleResponse:158] Successfully deserialized response, status: 0, result code: 0
[m[0;32;31m2025-12-20 10:51:24.664|E|805740677|lpUCM [IpccProtoMessage.cpp:SerializeParams:112] m_offset, 171008
[m[1;33m2025-12-20 10:51:24.664|W|805740677|lpUCM [RemoteSails.cpp:SendWithRetry:185] Successfully wrote 1052 bytes
[m[0;32;32m2025-12-20 10:51:24.668|I|805740677|lpUCM [RemoteSails.cpp:HandleResponse:149] HandleResponse started, buffer size: 1048
[m[0;32;32m2025-12-20 10:51:24.668|I|805740677|lpUCM [RemoteSails.cpp:HandleResponse:158] Successfully deserialized response, status: 0, result code: 0
[m[0;32;31m2025-12-20 10:51:24.668|E|805740677|lpUCM [IpccProtoMessage.cpp:SerializeParams:112] m_offset, 172032
[m[1;33m2025-12-20 10:51:24.668|W|805740677|lpUCM [RemoteSails.cpp:SendWithRetry:185] Successfully wrote 1052 bytes
[m[0;32;32m2025-12-20 10:51:24.700|I|805740677|lpUCM [RemoteSails.cpp:HandleResponse:149] HandleResponse started, buffer size: 1048
[m[0;32;32m2025-12-20 10:51:24.700|I|805740677|lpUCM [RemoteSails.cpp:HandleResponse:158] Successfully deserialized response, status: 0, result code: 0
[m[0;32;31m2025-12-20 10:51:24.700|E|805740677|lpUCM [IpccProtoMessage.cpp:SerializeParams:112] m_offset, 173056
[m[1;33m2025-12-20 10:51:24.700|W|805740677|lpUCM [RemoteSails.cpp:SendWithRetry:185] Successfully wrote 1052 bytes
[m[0;32;32m2025-12-20 10:51:24.704|I|805740677|lpUCM [RemoteSails.cpp:HandleResponse:149] HandleResponse started, buffer size: 1048
[m[0;32;32m2025-12-20 10:51:24.704|I|805740677|lpUCM [RemoteSails.cpp:HandleResponse:158] Successfully deserialized response, status: 0, result code: 0
[m[0;32;31m2025-12-20 10:51:24.704|E|805740677|lpUCM [IpccProtoMessage.cpp:SerializeParams:112] m_offset, 174080
[m[1;33m2025-12-20 10:51:24.704|W|805740677|lpUCM [RemoteSails.cpp:SendWithRetry:185] Successfully wrote 1052 bytes
[m[0;32;32m2025-12-20 10:51:24.707|I|805740677|lpUCM [RemoteSails.cpp:HandleResponse:149] HandleResponse started, buffer size: 1048
[m[0;32;32m2025-12-20 10:51:24.707|I|805740677|lpUCM [RemoteSails.cpp:HandleResponse:158] Successfully deserialized response, status: 0, result code: 0
[m[0;32;31m2025-12-20 10:51:24.707|E|805740677|lpUCM [IpccProtoMessage.cpp:SerializeParams:112] m_offset, 175104
[m[1;33m2025-12-20 10:51:24.707|W|805740677|lpUCM [RemoteSails.cpp:SendWithRetry:185] Successfully wrote 1052 bytes
[m[0;32;32m2025-12-20 10:51:24.710|I|805740677|lpUCM [RemoteSails.cpp:HandleResponse:149] HandleResponse started, buffer size: 1048
[m[0;32;32m2025-12-20 10:51:24.710|I|805740677|lpUCM [RemoteSails.cpp:HandleResponse:158] Successfully deserialized response, status: 0, result code: 0
[m[0;32;31m2025-12-20 10:51:24.710|E|805740677|lpUCM [IpccProtoMessage.cpp:SerializeParams:112] m_offset, 176128
[m[1;33m2025-12-20 10:51:24.710|W|805740677|lpUCM [RemoteSails.cpp:SendWithRetry:185] Successfully wrote 1052 bytes
[m[0;32;32m2025-12-20 10:51:24.743|I|805740677|lpUCM [RemoteSails.cpp:HandleResponse:149] HandleResponse started, buffer size: 1048
[m[0;32;32m2025-12-20 10:51:24.743|I|805740677|lpUCM [RemoteSails.cpp:HandleResponse:158] Successfully deserialized response, status: 0, result code: 0
[m[0;32;31m2025-12-20 10:51:24.743|E|805740677|lpUCM [IpccProtoMessage.cpp:SerializeParams:112] m_offset, 177152
[m[1;33m2025-12-20 10:51:24.743|W|805740677|lpUCM [RemoteSails.cpp:SendWithRetry:185] Successfully wrote 1052 bytes
[m[0;32;32m2025-12-20 10:51:24.746|I|805740677|lpUCM [RemoteSails.cpp:HandleResponse:149] HandleResponse started, buffer size: 1048
[m[0;32;32m2025-12-20 10:51:24.746|I|805740677|lpUCM [RemoteSails.cpp:HandleResponse:158] Successfully deserialized response, status: 0, result code: 0
[m[0;32;31m2025-12-20 10:51:24.746|E|805740677|lpUCM [IpccProtoMessage.cpp:SerializeParams:112] m_offset, 178176
[m[1;33m2025-12-20 10:51:24.746|W|805740677|lpUCM [RemoteSails.cpp:SendWithRetry:185] Successfully wrote 1052 bytes
[m[0;32;32m2025-12-20 10:51:24.749|I|805740677|lpUCM [RemoteSails.cpp:HandleResponse:149] HandleResponse started, buffer size: 1048
[m[0;32;32m2025-12-20 10:51:24.749|I|805740677|lpUCM [RemoteSails.cpp:HandleResponse:158] Successfully deserialized response, status: 0, result code: 0
[m[0;32;31m2025-12-20 10:51:24.749|E|805740677|lpUCM [IpccProtoMessage.cpp:SerializeParams:112] m_offset, 179200
[m[1;33m2025-12-20 10:51:24.749|W|805740677|lpUCM [RemoteSails.cpp:SendWithRetry:185] Successfully wrote 1052 bytes
[m[0;32;32m2025-12-20 10:51:24.755|I|805740677|lpUCM [RemoteSails.cpp:HandleResponse:149] HandleResponse started, buffer size: 1048
[m[0;32;32m2025-12-20 10:51:24.755|I|805740677|lpUCM [RemoteSails.cpp:HandleResponse:158] Successfully deserialized response, status: 0, result code: 0
[m[0;32;32m2025-12-20 10:51:24.755|I|805740677|lpUCM [RemoteSails.cpp:SailWriteData:272] All data already trans size 16384
[m[0;32;32m2025-12-20 10:51:24.755|I|805740677|lpUCM [fds.cpp:FDS_OnLocalUpgProgress:248] total: 23, curr:23, percent:23, rop:96%
[m[0;32;32m2025-12-20 10:51:24.755|I|805740677|lpUCM [RemoteSails.cpp:SailWriteData:254] total data is 16384
[m[0;32;31m2025-12-20 10:51:24.755|E|805740677|lpUCM [IpccProtoMessage.cpp:SerializeParams:112] m_offset, 180224
[m[1;33m2025-12-20 10:51:24.755|W|805740677|lpUCM [RemoteSails.cpp:SendWithRetry:185] Successfully wrote 1052 bytes
[m[0;32;32m2025-12-20 10:51:24.785|I|805740677|lpUCM [RemoteSails.cpp:HandleResponse:149] HandleResponse started, buffer size: 1048
[m[0;32;32m2025-12-20 10:51:24.785|I|805740677|lpUCM [RemoteSails.cpp:HandleResponse:158] Successfully deserialized response, status: 0, result code: 0
[m[0;32;31m2025-12-20 10:51:24.785|E|805740677|lpUCM [IpccProtoMessage.cpp:SerializeParams:112] m_offset, 181248
[m[1;33m2025-12-20 10:51:24.785|W|805740677|lpUCM [RemoteSails.cpp:SendWithRetry:185] Successfully wrote 1052 bytes
[m[0;32;32m2025-12-20 10:51:24.788|I|805740677|lpUCM [RemoteSails.cpp:HandleResponse:149] HandleResponse started, buffer size: 1048
[m[0;32;32m2025-12-20 10:51:24.788|I|805740677|lpUCM [RemoteSails.cpp:HandleResponse:158] Successfully deserialized response, status: 0, result code: 0
[m[0;32;31m2025-12-20 10:51:24.788|E|805740677|lpUCM [IpccProtoMessage.cpp:SerializeParams:112] m_offset, 182272
[m[1;33m2025-12-20 10:51:24.788|W|805740677|lpUCM [RemoteSails.cpp:SendWithRetry:185] Successfully wrote 1052 bytes
[m[0;32;32m2025-12-20 10:51:24.791|I|805740677|lpUCM [RemoteSails.cpp:HandleResponse:149] HandleResponse started, buffer size: 1048
[m[0;32;32m2025-12-20 10:51:24.791|I|805740677|lpUCM [RemoteSails.cpp:HandleResponse:158] Successfully deserialized response, status: 0, result code: 0
[m[0;32;31m2025-12-20 10:51:24.791|E|805740677|lpUCM [IpccProtoMessage.cpp:SerializeParams:112] m_offset, 183296
[m[1;33m2025-12-20 10:51:24.791|W|805740677|lpUCM [RemoteSails.cpp:SendWithRetry:185] Successfully wrote 1052 bytes
[m[0;32;32m2025-12-20 10:51:24.794|I|805740677|lpUCM [RemoteSails.cpp:HandleResponse:149] HandleResponse started, buffer size: 1048
[m[0;32;32m2025-12-20 10:51:24.794|I|805740677|lpUCM [RemoteSails.cpp:HandleResponse:158] Successfully deserialized response, status: 0, result code: 0
[m[0;32;31m2025-12-20 10:51:24.794|E|805740677|lpUCM [IpccProtoMessage.cpp:SerializeParams:112] m_offset, 184320
[m[1;33m2025-12-20 10:51:24.794|W|805740677|lpUCM [RemoteSails.cpp:SendWithRetry:185] Successfully wrote 1052 bytes
[m[0;32;32m2025-12-20 10:51:24.824|I|805740677|lpUCM [RemoteSails.cpp:HandleResponse:149] HandleResponse started, buffer size: 1048
[m[0;32;32m2025-12-20 10:51:24.824|I|805740677|lpUCM [RemoteSails.cpp:HandleResponse:158] Successfully deserialized response, status: 0, result code: 0
[m[0;32;31m2025-12-20 10:51:24.824|E|805740677|lpUCM [IpccProtoMessage.cpp:SerializeParams:112] m_offset, 185344
[m[1;33m2025-12-20 10:51:24.824|W|805740677|lpUCM [RemoteSails.cpp:SendWithRetry:185] Successfully wrote 1052 bytes
[m[0;32;32m2025-12-20 10:51:24.827|I|805740677|lpUCM [RemoteSails.cpp:HandleResponse:149] HandleResponse started, buffer size: 1048
[m[0;32;32m2025-12-20 10:51:24.827|I|805740677|lpUCM [RemoteSails.cpp:HandleResponse:158] Successfully deserialized response, status: 0, result code: 0
[m[0;32;31m2025-12-20 10:51:24.827|E|805740677|lpUCM [IpccProtoMessage.cpp:SerializeParams:112] m_offset, 186368
[m[1;33m2025-12-20 10:51:24.827|W|805740677|lpUCM [RemoteSails.cpp:SendWithRetry:185] Successfully wrote 1052 bytes
[m[0;32;32m2025-12-20 10:51:24.830|I|805740677|lpUCM [RemoteSails.cpp:HandleResponse:149] HandleResponse started, buffer size: 1048
[m[0;32;32m2025-12-20 10:51:24.830|I|805740677|lpUCM [RemoteSails.cpp:HandleResponse:158] Successfully deserialized response, status: 0, result code: 0
[m[0;32;31m2025-12-20 10:51:24.830|E|805740677|lpUCM [IpccProtoMessage.cpp:SerializeParams:112] m_offset, 187392
[m[1;33m2025-12-20 10:51:24.830|W|805740677|lpUCM [RemoteSails.cpp:SendWithRetry:185] Successfully wrote 1052 bytes
[m[0;32;32m2025-12-20 10:51:24.836|I|805740677|lpUCM [RemoteSails.cpp:HandleResponse:149] HandleResponse started, buffer size: 1048
[m[0;32;32m2025-12-20 10:51:24.836|I|805740677|lpUCM [RemoteSails.cpp:HandleResponse:158] Successfully deserialized response, status: 0, result code: 0
[m[0;32;31m2025-12-20 10:51:24.836|E|805740677|lpUCM [IpccProtoMessage.cpp:SerializeParams:112] m_offset, 188416
[m[1;33m2025-12-20 10:51:24.836|W|805740677|lpUCM [RemoteSails.cpp:SendWithRetry:185] Successfully wrote 1052 bytes
[m[0;32;32m2025-12-20 10:51:24.867|I|805740677|lpUCM [RemoteSails.cpp:HandleResponse:149] HandleResponse started, buffer size: 1048
[m[0;32;32m2025-12-20 10:51:24.867|I|805740677|lpUCM [RemoteSails.cpp:HandleResponse:158] Successfully deserialized response, status: 0, result code: 0
[m[0;32;31m2025-12-20 10:51:24.867|E|805740677|lpUCM [IpccProtoMessage.cpp:SerializeParams:112] m_offset, 189440
[m[1;33m2025-12-20 10:51:24.867|W|805740677|lpUCM [RemoteSails.cpp:SendWithRetry:185] Successfully wrote 1052 bytes
[m[0;32;32m2025-12-20 10:51:24.871|I|805740677|lpUCM [RemoteSails.cpp:HandleResponse:149] HandleResponse started, buffer size: 1048
[m[0;32;32m2025-12-20 10:51:24.871|I|805740677|lpUCM [RemoteSails.cpp:HandleResponse:158] Successfully deserialized response, status: 0, result code: 0
[m[0;32;31m2025-12-20 10:51:24.871|E|805740677|lpUCM [IpccProtoMessage.cpp:SerializeParams:112] m_offset, 190464
[m[1;33m2025-12-20 10:51:24.871|W|805740677|lpUCM [RemoteSails.cpp:SendWithRetry:185] Successfully wrote 1052 bytes
[m[0;32;32m2025-12-20 10:51:24.875|I|805740677|lpUCM [RemoteSails.cpp:HandleResponse:149] HandleResponse started, buffer size: 1048
[m[0;32;32m2025-12-20 10:51:24.875|I|805740677|lpUCM [RemoteSails.cpp:HandleResponse:158] Successfully deserialized response, status: 0, result code: 0
[m[0;32;31m2025-12-20 10:51:24.875|E|805740677|lpUCM [IpccProtoMessage.cpp:SerializeParams:112] m_offset, 191488
[m[1;33m2025-12-20 10:51:24.875|W|805740677|lpUCM [RemoteSails.cpp:SendWithRetry:185] Successfully wrote 1052 bytes
[m[0;32;32m2025-12-20 10:51:24.879|I|805740677|lpUCM [RemoteSails.cpp:HandleResponse:149] HandleResponse started, buffer size: 1048
[m[0;32;32m2025-12-20 10:51:24.879|I|805740677|lpUCM [RemoteSails.cpp:HandleResponse:158] Successfully deserialized response, status: 0, result code: 0
[m[0;32;31m2025-12-20 10:51:24.879|E|805740677|lpUCM [IpccProtoMessage.cpp:SerializeParams:112] m_offset, 192512
[m[1;33m2025-12-20 10:51:24.879|W|805740677|lpUCM [RemoteSails.cpp:SendWithRetry:185] Successfully wrote 1052 bytes
[m[0;32;32m2025-12-20 10:51:24.910|I|805740677|lpUCM [RemoteSails.cpp:HandleResponse:149] HandleResponse started, buffer size: 1048
[m[0;32;32m2025-12-20 10:51:24.910|I|805740677|lpUCM [RemoteSails.cpp:HandleResponse:158] Successfully deserialized response, status: 0, result code: 0
[m[0;32;31m2025-12-20 10:51:24.910|E|805740677|lpUCM [IpccProtoMessage.cpp:SerializeParams:112] m_offset, 193536
[m[1;33m2025-12-20 10:51:24.910|W|805740677|lpUCM [RemoteSails.cpp:SendWithRetry:185] Successfully wrote 1052 bytes
[m[0;32;32m2025-12-20 10:51:24.916|I|805740677|lpUCM [RemoteSails.cpp:HandleResponse:149] HandleResponse started, buffer size: 1048
[m[0;32;32m2025-12-20 10:51:24.916|I|805740677|lpUCM [RemoteSails.cpp:HandleResponse:158] Successfully deserialized response, status: 0, result code: 0
[m[0;32;31m2025-12-20 10:51:24.916|E|805740677|lpUCM [IpccProtoMessage.cpp:SerializeParams:112] m_offset, 194560
[m[1;33m2025-12-20 10:51:24.916|W|805740677|lpUCM [RemoteSails.cpp:SendWithRetry:185] Successfully wrote 1052 bytes
[m[0;32;32m2025-12-20 10:51:24.919|I|805740677|lpUCM [RemoteSails.cpp:HandleResponse:149] HandleResponse started, buffer size: 1048
[m[0;32;32m2025-12-20 10:51:24.919|I|805740677|lpUCM [RemoteSails.cpp:HandleResponse:158] Successfully deserialized response, status: 0, result code: 0
[m[0;32;31m2025-12-20 10:51:24.919|E|805740677|lpUCM [IpccProtoMessage.cpp:SerializeParams:112] m_offset, 195584
[m[1;33m2025-12-20 10:51:24.919|W|805740677|lpUCM [RemoteSails.cpp:SendWithRetry:185] Successfully wrote 1052 bytes
[m[0;32;32m2025-12-20 10:51:24.925|I|805740677|lpUCM [RemoteSails.cpp:HandleResponse:149] HandleResponse started, buffer size: 1048
[m[0;32;32m2025-12-20 10:51:24.925|I|805740677|lpUCM [RemoteSails.cpp:HandleResponse:158] Successfully deserialized response, status: 0, result code: 0
[m[0;32;32m2025-12-20 10:51:24.925|I|805740677|lpUCM [RemoteSails.cpp:SailWriteData:272] All data already trans size 16384
[m[0;32;32m2025-12-20 10:51:24.925|I|805740677|lpUCM [fds.cpp:FDS_OnLocalUpgProgress:248] total: 23, curr:23, percent:25, rop:96%
[m[0;32;32m2025-12-20 10:51:24.925|I|805740677|lpUCM [RemoteSails.cpp:SailWriteData:254] total data is 16384
[m[0;32;31m2025-12-20 10:51:24.925|E|805740677|lpUCM [IpccProtoMessage.cpp:SerializeParams:112] m_offset, 196608
[m[1;33m2025-12-20 10:51:24.925|W|805740677|lpUCM [RemoteSails.cpp:SendWithRetry:185] Successfully wrote 1052 bytes
[m[0;32;32m2025-12-20 10:51:24.955|I|805740677|lpUCM [RemoteSails.cpp:HandleResponse:149] HandleResponse started, buffer size: 1048
[m[0;32;32m2025-12-20 10:51:24.955|I|805740677|lpUCM [RemoteSails.cpp:HandleResponse:158] Successfully deserialized response, status: 0, result code: 0
[m[0;32;31m2025-12-20 10:51:24.955|E|805740677|lpUCM [IpccProtoMessage.cpp:SerializeParams:112] m_offset, 197632
[m[1;33m2025-12-20 10:51:24.955|W|805740677|lpUCM [RemoteSails.cpp:SendWithRetry:185] Successfully wrote 1052 bytes
[m[0;32;32m2025-12-20 10:51:24.958|I|805740677|lpUCM [RemoteSails.cpp:HandleResponse:149] HandleResponse started, buffer size: 1048
[m[0;32;32m2025-12-20 10:51:24.958|I|805740677|lpUCM [RemoteSails.cpp:HandleResponse:158] Successfully deserialized response, status: 0, result code: 0
[m[0;32;31m2025-12-20 10:51:24.958|E|805740677|lpUCM [IpccProtoMessage.cpp:SerializeParams:112] m_offset, 198656
[m[1;33m2025-12-20 10:51:24.958|W|805740677|lpUCM [RemoteSails.cpp:SendWithRetry:185] Successfully wrote 1052 bytes
[m[0;32;32m2025-12-20 10:51:24.961|I|805740677|lpUCM [RemoteSails.cpp:HandleResponse:149] HandleResponse started, buffer size: 1048
[m[0;32;32m2025-12-20 10:51:24.961|I|805740677|lpUCM [RemoteSails.cpp:HandleResponse:158] Successfully deserialized response, status: 0, result code: 0
[m[0;32;31m2025-12-20 10:51:24.961|E|805740677|lpUCM [IpccProtoMessage.cpp:SerializeParams:112] m_offset, 199680
[m[1;33m2025-12-20 10:51:24.961|W|805740677|lpUCM [RemoteSails.cpp:SendWithRetry:185] Successfully wrote 1052 bytes
[m[0;32;32m2025-12-20 10:51:24.964|I|805740677|lpUCM [RemoteSails.cpp:HandleResponse:149] HandleResponse started, buffer size: 1048
[m[0;32;32m2025-12-20 10:51:24.964|I|805740677|lpUCM [RemoteSails.cpp:HandleResponse:158] Successfully deserialized response, status: 0, result code: 0
[m[0;32;31m2025-12-20 10:51:24.964|E|805740677|lpUCM [IpccProtoMessage.cpp:SerializeParams:112] m_offset, 200704
[m[1;33m2025-12-20 10:51:24.964|W|805740677|lpUCM [RemoteSails.cpp:SendWithRetry:185] Successfully wrote 1052 bytes
[m[0;32;32m2025-12-20 10:51:24.996|I|805740677|lpUCM [RemoteSails.cpp:HandleResponse:149] HandleResponse started, buffer size: 1048
[m[0;32;32m2025-12-20 10:51:24.996|I|805740677|lpUCM [RemoteSails.cpp:HandleResponse:158] Successfully deserialized response, status: 0, result code: 0
[m[0;32;31m2025-12-20 10:51:24.996|E|805740677|lpUCM [IpccProtoMessage.cpp:SerializeParams:112] m_offset, 201728
[m[1;33m2025-12-20 10:51:24.996|W|805740677|lpUCM [RemoteSails.cpp:SendWithRetry:185] Successfully wrote 1052 bytes
[m[0;32;32m2025-12-20 10:51:24.999|I|805740677|lpUCM [RemoteSails.cpp:HandleResponse:149] HandleResponse started, buffer size: 1048
[m[0;32;32m2025-12-20 10:51:24.999|I|805740677|lpUCM [RemoteSails.cpp:HandleResponse:158] Successfully deserialized response, status: 0, result code: 0
[m[0;32;31m2025-12-20 10:51:24.999|E|805740677|lpUCM [IpccProtoMessage.cpp:SerializeParams:112] m_offset, 202752
[m[1;33m2025-12-20 10:51:24.999|W|805740677|lpUCM [RemoteSails.cpp:SendWithRetry:185] Successfully wrote 1052 bytes
[m[0;32;32m2025-12-20 10:51:25.2|I|805740677|lpUCM [RemoteSails.cpp:HandleResponse:149] HandleResponse started, buffer size: 1048
[m[0;32;32m2025-12-20 10:51:25.2|I|805740677|lpUCM [RemoteSails.cpp:HandleResponse:158] Successfully deserialized response, status: 0, result code: 0
[m[0;32;31m2025-12-20 10:51:25.2|E|805740677|lpUCM [IpccProtoMessage.cpp:SerializeParams:112] m_offset, 203776
[m[1;33m2025-12-20 10:51:25.2|W|805740677|lpUCM [RemoteSails.cpp:SendWithRetry:185] Successfully wrote 1052 bytes
[m[0;32;32m2025-12-20 10:51:25.5|I|805740677|lpUCM [RemoteSails.cpp:HandleResponse:149] HandleResponse started, buffer size: 1048
[m[0;32;32m2025-12-20 10:51:25.5|I|805740677|lpUCM [RemoteSails.cpp:HandleResponse:158] Successfully deserialized response, status: 0, result code: 0
[m[0;32;31m2025-12-20 10:51:25.5|E|805740677|lpUCM [IpccProtoMessage.cpp:SerializeParams:112] m_offset, 204800
[m[1;33m2025-12-20 10:51:25.5|W|805740677|lpUCM [RemoteSails.cpp:SendWithRetry:185] Successfully wrote 1052 bytes
[m[0;32;32m2025-12-20 10:51:25.36|I|805740677|lpUCM [RemoteSails.cpp:HandleResponse:149] HandleResponse started, buffer size: 1048
[m[0;32;32m2025-12-20 10:51:25.36|I|805740677|lpUCM [RemoteSails.cpp:HandleResponse:158] Successfully deserialized response, status: 0, result code: 0
[m[0;32;31m2025-12-20 10:51:25.36|E|805740677|lpUCM [IpccProtoMessage.cpp:SerializeParams:112] m_offset, 205824
[m[1;33m2025-12-20 10:51:25.36|W|805740677|lpUCM [RemoteSails.cpp:SendWithRetry:185] Successfully wrote 1052 bytes
[m[0;32;32m2025-12-20 10:51:25.39|I|805740677|lpUCM [RemoteSails.cpp:HandleResponse:149] HandleResponse started, buffer size: 1048
[m[0;32;32m2025-12-20 10:51:25.39|I|805740677|lpUCM [RemoteSails.cpp:HandleResponse:158] Successfully deserialized response, status: 0, result code: 0
[m[0;32;31m2025-12-20 10:51:25.39|E|805740677|lpUCM [IpccProtoMessage.cpp:SerializeParams:112] m_offset, 206848
[m[1;33m2025-12-20 10:51:25.39|W|805740677|lpUCM [RemoteSails.cpp:SendWithRetry:185] Successfully wrote 1052 bytes
[m[0;32;32m2025-12-20 10:51:25.43|I|805740677|lpUCM [RemoteSails.cpp:HandleResponse:149] HandleResponse started, buffer size: 1048
[m[0;32;32m2025-12-20 10:51:25.43|I|805740677|lpUCM [RemoteSails.cpp:HandleResponse:158] Successfully deserialized response, status: 0, result code: 0
[m[0;32;31m2025-12-20 10:51:25.43|E|805740677|lpUCM [IpccProtoMessage.cpp:SerializeParams:112] m_offset, 207872
[m[1;33m2025-12-20 10:51:25.43|W|805740677|lpUCM [RemoteSails.cpp:SendWithRetry:185] Successfully wrote 1052 bytes
[m[0;32;32m2025-12-20 10:51:25.46|I|805740677|lpUCM [RemoteSails.cpp:HandleResponse:149] HandleResponse started, buffer size: 1048
[m[0;32;32m2025-12-20 10:51:25.46|I|805740677|lpUCM [RemoteSails.cpp:HandleResponse:158] Successfully deserialized response, status: 0, result code: 0
[m[0;32;31m2025-12-20 10:51:25.46|E|805740677|lpUCM [IpccProtoMessage.cpp:SerializeParams:112] m_offset, 208896
[m[1;33m2025-12-20 10:51:25.46|W|805740677|lpUCM [RemoteSails.cpp:SendWithRetry:185] Successfully wrote 1052 bytes
[m[0;32;32m2025-12-20 10:51:25.74|I|805740677|lpUCM [RemoteSails.cpp:HandleResponse:149] HandleResponse started, buffer size: 1048
[m[0;32;32m2025-12-20 10:51:25.74|I|805740677|lpUCM [RemoteSails.cpp:HandleResponse:158] Successfully deserialized response, status: 0, result code: 0
[m[0;32;31m2025-12-20 10:51:25.74|E|805740677|lpUCM [IpccProtoMessage.cpp:SerializeParams:112] m_offset, 209920
[m[1;33m2025-12-20 10:51:25.74|W|805740677|lpUCM [RemoteSails.cpp:SendWithRetry:185] Successfully wrote 1052 bytes
[m[0;32;32m2025-12-20 10:51:25.78|I|805740677|lpUCM [RemoteSails.cpp:HandleResponse:149] HandleResponse started, buffer size: 1048
[m[0;32;32m2025-12-20 10:51:25.78|I|805740677|lpUCM [RemoteSails.cpp:HandleResponse:158] Successfully deserialized response, status: 0, result code: 0
[m[0;32;31m2025-12-20 10:51:25.78|E|805740677|lpUCM [IpccProtoMessage.cpp:SerializeParams:112] m_offset, 210944
[m[1;33m2025-12-20 10:51:25.78|W|805740677|lpUCM [RemoteSails.cpp:SendWithRetry:185] Successfully wrote 1052 bytes
[m[0;32;32m2025-12-20 10:51:25.81|I|805740677|lpUCM [RemoteSails.cpp:HandleResponse:149] HandleResponse started, buffer size: 1048
[m[0;32;32m2025-12-20 10:51:25.81|I|805740677|lpUCM [RemoteSails.cpp:HandleResponse:158] Successfully deserialized response, status: 0, result code: 0
[m[0;32;31m2025-12-20 10:51:25.81|E|805740677|lpUCM [IpccProtoMessage.cpp:SerializeParams:112] m_offset, 211968
[m[1;33m2025-12-20 10:51:25.81|W|805740677|lpUCM [RemoteSails.cpp:SendWithRetry:185] Successfully wrote 1052 bytes
[m[0;32;32m2025-12-20 10:51:25.84|I|805740677|lpUCM [RemoteSails.cpp:HandleResponse:149] HandleResponse started, buffer size: 1048
[m[0;32;32m2025-12-20 10:51:25.84|I|805740677|lpUCM [RemoteSails.cpp:HandleResponse:158] Successfully deserialized response, status: 0, result code: 0
[m[0;32;32m2025-12-20 10:51:25.84|I|805740677|lpUCM [RemoteSails.cpp:SailWriteData:272] All data already trans size 16384
[m[0;32;32m2025-12-20 10:51:25.84|I|805740677|lpUCM [fds.cpp:FDS_OnLocalUpgProgress:248] total: 23, curr:23, percent:26, rop:96%
[m[0;32;32m2025-12-20 10:51:25.84|I|805740677|lpUCM [RemoteSails.cpp:SailWriteData:254] total data is 16384
[m[0;32;31m2025-12-20 10:51:25.84|E|805740677|lpUCM [IpccProtoMessage.cpp:SerializeParams:112] m_offset, 212992
[m[1;33m2025-12-20 10:51:25.84|W|805740677|lpUCM [RemoteSails.cpp:SendWithRetry:185] Successfully wrote 1052 bytes
[m[0;32;32m2025-12-20 10:51:25.114|I|805740677|lpUCM [RemoteSails.cpp:HandleResponse:149] HandleResponse started, buffer size: 1048
[m[0;32;32m2025-12-20 10:51:25.114|I|805740677|lpUCM [RemoteSails.cpp:HandleResponse:158] Successfully deserialized response, status: 0, result code: 0
[m[0;32;31m2025-12-20 10:51:25.114|E|805740677|lpUCM [IpccProtoMessage.cpp:SerializeParams:112] m_offset, 214016
[m[1;33m2025-12-20 10:51:25.114|W|805740677|lpUCM [RemoteSails.cpp:SendWithRetry:185] Successfully wrote 1052 bytes
[m[0;32;32m2025-12-20 10:51:25.117|I|805740677|lpUCM [RemoteSails.cpp:HandleResponse:149] HandleResponse started, buffer size: 1048
[m[0;32;32m2025-12-20 10:51:25.117|I|805740677|lpUCM [RemoteSails.cpp:HandleResponse:158] Successfully deserialized response, status: 0, result code: 0
[m[0;32;31m2025-12-20 10:51:25.117|E|805740677|lpUCM [IpccProtoMessage.cpp:SerializeParams:112] m_offset, 215040
[m[1;33m2025-12-20 10:51:25.117|W|805740677|lpUCM [RemoteSails.cpp:SendWithRetry:185] Successfully wrote 1052 bytes
[m[0;32;32m2025-12-20 10:51:25.120|I|805740677|lpUCM [RemoteSails.cpp:HandleResponse:149] HandleResponse started, buffer size: 1048
[m[0;32;32m2025-12-20 10:51:25.120|I|805740677|lpUCM [RemoteSails.cpp:HandleResponse:158] Successfully deserialized response, status: 0, result code: 0
[m[0;32;31m2025-12-20 10:51:25.120|E|805740677|lpUCM [IpccProtoMessage.cpp:SerializeParams:112] m_offset, 216064
[m[1;33m2025-12-20 10:51:25.120|W|805740677|lpUCM [RemoteSails.cpp:SendWithRetry:185] Successfully wrote 1052 bytes
[m[0;32;32m2025-12-20 10:51:25.126|I|805740677|lpUCM [RemoteSails.cpp:HandleResponse:149] HandleResponse started, buffer size: 1048
[m[0;32;32m2025-12-20 10:51:25.126|I|805740677|lpUCM [RemoteSails.cpp:HandleResponse:158] Successfully deserialized response, status: 0, result code: 0
[m[0;32;31m2025-12-20 10:51:25.126|E|805740677|lpUCM [IpccProtoMessage.cpp:SerializeParams:112] m_offset, 217088
[m[1;33m2025-12-20 10:51:25.126|W|805740677|lpUCM [RemoteSails.cpp:SendWithRetry:185] Successfully wrote 1052 bytes
[m[0;32;32m2025-12-20 10:51:25.156|I|805740677|lpUCM [RemoteSails.cpp:HandleResponse:149] HandleResponse started, buffer size: 1048
[m[0;32;32m2025-12-20 10:51:25.156|I|805740677|lpUCM [RemoteSails.cpp:HandleResponse:158] Successfully deserialized response, status: 0, result code: 0
[m[0;32;31m2025-12-20 10:51:25.156|E|805740677|lpUCM [IpccProtoMessage.cpp:SerializeParams:112] m_offset, 218112
[m[1;33m2025-12-20 10:51:25.156|W|805740677|lpUCM [RemoteSails.cpp:SendWithRetry:185] Successfully wrote 1052 bytes
[m[0;32;32m2025-12-20 10:51:25.159|I|805740677|lpUCM [RemoteSails.cpp:HandleResponse:149] HandleResponse started, buffer size: 1048
[m[0;32;32m2025-12-20 10:51:25.159|I|805740677|lpUCM [RemoteSails.cpp:HandleResponse:158] Successfully deserialized response, status: 0, result code: 0
[m[0;32;31m2025-12-20 10:51:25.159|E|805740677|lpUCM [IpccProtoMessage.cpp:SerializeParams:112] m_offset, 219136
[m[1;33m2025-12-20 10:51:25.159|W|805740677|lpUCM [RemoteSails.cpp:SendWithRetry:185] Successfully wrote 1052 bytes
[m[0;32;32m2025-12-20 10:51:25.162|I|805740677|lpUCM [RemoteSails.cpp:HandleResponse:149] HandleResponse started, buffer size: 1048
[m[0;32;32m2025-12-20 10:51:25.162|I|805740677|lpUCM [RemoteSails.cpp:HandleResponse:158] Successfully deserialized response, status: 0, result code: 0
[m[0;32;31m2025-12-20 10:51:25.162|E|805740677|lpUCM [IpccProtoMessage.cpp:SerializeParams:112] m_offset, 220160
[m[1;33m2025-12-20 10:51:25.162|W|805740677|lpUCM [RemoteSails.cpp:SendWithRetry:185] Successfully wrote 1052 bytes
[m[0;32;32m2025-12-20 10:51:25.165|I|805740677|lpUCM [RemoteSails.cpp:HandleResponse:149] HandleResponse started, buffer size: 1048
[m[0;32;32m2025-12-20 10:51:25.165|I|805740677|lpUCM [RemoteSails.cpp:HandleResponse:158] Successfully deserialized response, status: 0, result code: 0
[m[0;32;31m2025-12-20 10:51:25.165|E|805740677|lpUCM [IpccProtoMessage.cpp:SerializeParams:112] m_offset, 221184
[m[1;33m2025-12-20 10:51:25.165|W|805740677|lpUCM [RemoteSails.cpp:SendWithRetry:185] Successfully wrote 1052 bytes
[m[0;32;32m2025-12-20 10:51:25.198|I|805740677|lpUCM [RemoteSails.cpp:HandleResponse:149] HandleResponse started, buffer size: 1048
[m[0;32;32m2025-12-20 10:51:25.198|I|805740677|lpUCM [RemoteSails.cpp:HandleResponse:158] Successfully deserialized response, status: 0, result code: 0
[m[0;32;31m2025-12-20 10:51:25.198|E|805740677|lpUCM [IpccProtoMessage.cpp:SerializeParams:112] m_offset, 222208
[m[1;33m2025-12-20 10:51:25.198|W|805740677|lpUCM [RemoteSails.cpp:SendWithRetry:185] Successfully wrote 1052 bytes
[m[0;32;32m2025-12-20 10:51:25.201|I|805740677|lpUCM [RemoteSails.cpp:HandleResponse:149] HandleResponse started, buffer size: 1048
[m[0;32;32m2025-12-20 10:51:25.201|I|805740677|lpUCM [RemoteSails.cpp:HandleResponse:158] Successfully deserialized response, status: 0, result code: 0
[m[0;32;31m2025-12-20 10:51:25.201|E|805740677|lpUCM [IpccProtoMessage.cpp:SerializeParams:112] m_offset, 223232
[m[1;33m2025-12-20 10:51:25.201|W|805740677|lpUCM [RemoteSails.cpp:SendWithRetry:185] Successfully wrote 1052 bytes
[m[0;32;32m2025-12-20 10:51:25.204|I|805740677|lpUCM [RemoteSails.cpp:HandleResponse:149] HandleResponse started, buffer size: 1048
[m[0;32;32m2025-12-20 10:51:25.204|I|805740677|lpUCM [RemoteSails.cpp:HandleResponse:158] Successfully deserialized response, status: 0, result code: 0
[m[0;32;31m2025-12-20 10:51:25.204|E|805740677|lpUCM [IpccProtoMessage.cpp:SerializeParams:112] m_offset, 224256
[m[1;33m2025-12-20 10:51:25.204|W|805740677|lpUCM [RemoteSails.cpp:SendWithRetry:185] Successfully wrote 1052 bytes
[m[0;32;32m2025-12-20 10:51:25.207|I|805740677|lpUCM [RemoteSails.cpp:HandleResponse:149] HandleResponse started, buffer size: 1048
[m[0;32;32m2025-12-20 10:51:25.207|I|805740677|lpUCM [RemoteSails.cpp:HandleResponse:158] Successfully deserialized response, status: 0, result code: 0
[m[0;32;31m2025-12-20 10:51:25.207|E|805740677|lpUCM [IpccProtoMessage.cpp:SerializeParams:112] m_offset, 225280
[m[1;33m2025-12-20 10:51:25.207|W|805740677|lpUCM [RemoteSails.cpp:SendWithRetry:185] Successfully wrote 1052 bytes
[m[0;32;32m2025-12-20 10:51:25.240|I|805740677|lpUCM [RemoteSails.cpp:HandleResponse:149] HandleResponse started, buffer size: 1048
[m[0;32;32m2025-12-20 10:51:25.240|I|805740677|lpUCM [RemoteSails.cpp:HandleResponse:158] Successfully deserialized response, status: 0, result code: 0
[m[0;32;31m2025-12-20 10:51:25.240|E|805740677|lpUCM [IpccProtoMessage.cpp:SerializeParams:112] m_offset, 226304
[m[1;33m2025-12-20 10:51:25.240|W|805740677|lpUCM [RemoteSails.cpp:SendWithRetry:185] Successfully wrote 1052 bytes
[m[0;32;32m2025-12-20 10:51:25.247|I|805740677|lpUCM [RemoteSails.cpp:HandleResponse:149] HandleResponse started, buffer size: 1048
[m[0;32;32m2025-12-20 10:51:25.247|I|805740677|lpUCM [RemoteSails.cpp:HandleResponse:158] Successfully deserialized response, status: 0, result code: 0
[m[0;32;31m2025-12-20 10:51:25.247|E|805740677|lpUCM [IpccProtoMessage.cpp:SerializeParams:112] m_offset, 227328
[m[1;33m2025-12-20 10:51:25.247|W|805740677|lpUCM [RemoteSails.cpp:SendWithRetry:185] Successfully wrote 1052 bytes
[m[0;32;32m2025-12-20 10:51:25.250|I|805740677|lpUCM [RemoteSails.cpp:HandleResponse:149] HandleResponse started, buffer size: 1048
[m[0;32;32m2025-12-20 10:51:25.250|I|805740677|lpUCM [RemoteSails.cpp:HandleResponse:158] Successfully deserialized response, status: 0, result code: 0
[m[0;32;31m2025-12-20 10:51:25.250|E|805740677|lpUCM [IpccProtoMessage.cpp:SerializeParams:112] m_offset, 228352
[m[1;33m2025-12-20 10:51:25.250|W|805740677|lpUCM [RemoteSails.cpp:SendWithRetry:185] Successfully wrote 1052 bytes
[m[0;32;32m2025-12-20 10:51:25.253|I|805740677|lpUCM [RemoteSails.cpp:HandleResponse:149] HandleResponse started, buffer size: 1048
[m[0;32;32m2025-12-20 10:51:25.253|I|805740677|lpUCM [RemoteSails.cpp:HandleResponse:158] Successfully deserialized response, status: 0, result code: 0
[m[0;32;32m2025-12-20 10:51:25.253|I|805740677|lpUCM [RemoteSails.cpp:SailWriteData:272] All data already trans size 16384
[m[0;32;32m2025-12-20 10:51:25.253|I|805740677|lpUCM [fds.cpp:FDS_OnLocalUpgProgress:248] total: 23, curr:23, percent:27, rop:96%
[m[0;32;32m2025-12-20 10:51:25.253|I|805740677|lpUCM [RemoteSails.cpp:SailWriteData:254] total data is 16384
[m[0;32;31m2025-12-20 10:51:25.253|E|805740677|lpUCM [IpccProtoMessage.cpp:SerializeParams:112] m_offset, 229376
[m[1;33m2025-12-20 10:51:25.253|W|805740677|lpUCM [RemoteSails.cpp:SendWithRetry:185] Successfully wrote 1052 bytes
[m[0;32;32m2025-12-20 10:51:25.286|I|805740677|lpUCM [RemoteSails.cpp:HandleResponse:149] HandleResponse started, buffer size: 1048
[m[0;32;32m2025-12-20 10:51:25.286|I|805740677|lpUCM [RemoteSails.cpp:HandleResponse:158] Successfully deserialized response, status: 0, result code: 0
[m[0;32;31m2025-12-20 10:51:25.286|E|805740677|lpUCM [IpccProtoMessage.cpp:SerializeParams:112] m_offset, 230400
[m[1;33m2025-12-20 10:51:25.286|W|805740677|lpUCM [RemoteSails.cpp:SendWithRetry:185] Successfully wrote 1052 bytes
[m[0;32;32m2025-12-20 10:51:25.290|I|805740677|lpUCM [RemoteSails.cpp:HandleResponse:149] HandleResponse started, buffer size: 1048
[m[0;32;32m2025-12-20 10:51:25.290|I|805740677|lpUCM [RemoteSails.cpp:HandleResponse:158] Successfully deserialized response, status: 0, result code: 0
[m[0;32;31m2025-12-20 10:51:25.290|E|805740677|lpUCM [IpccProtoMessage.cpp:SerializeParams:112] m_offset, 231424
[m[1;33m2025-12-20 10:51:25.290|W|805740677|lpUCM [RemoteSails.cpp:SendWithRetry:185] Successfully wrote 1052 bytes
[m[0;32;32m2025-12-20 10:51:25.296|I|805740677|lpUCM [RemoteSails.cpp:HandleResponse:149] HandleResponse started, buffer size: 1048
[m[0;32;32m2025-12-20 10:51:25.296|I|805740677|lpUCM [RemoteSails.cpp:HandleResponse:158] Successfully deserialized response, status: 0, result code: 0
[m[0;32;31m2025-12-20 10:51:25.296|E|805740677|lpUCM [IpccProtoMessage.cpp:SerializeParams:112] m_offset, 232448
[m[1;33m2025-12-20 10:51:25.296|W|805740677|lpUCM [RemoteSails.cpp:SendWithRetry:185] Successfully wrote 1052 bytes
[m[0;32;32m2025-12-20 10:51:25.300|I|805740677|lpUCM [RemoteSails.cpp:HandleResponse:149] HandleResponse started, buffer size: 1048
[m[0;32;32m2025-12-20 10:51:25.300|I|805740677|lpUCM [RemoteSails.cpp:HandleResponse:158] Successfully deserialized response, status: 0, result code: 0
[m[0;32;31m2025-12-20 10:51:25.300|E|805740677|lpUCM [IpccProtoMessage.cpp:SerializeParams:112] m_offset, 233472
[m[1;33m2025-12-20 10:51:25.300|W|805740677|lpUCM [RemoteSails.cpp:SendWithRetry:185] Successfully wrote 1052 bytes
[m[0;32;32m2025-12-20 10:51:25.334|I|805740677|lpUCM [RemoteSails.cpp:HandleResponse:149] HandleResponse started, buffer size: 1048
[m[0;32;32m2025-12-20 10:51:25.334|I|805740677|lpUCM [RemoteSails.cpp:HandleResponse:158] Successfully deserialized response, status: 0, result code: 0
[m[0;32;31m2025-12-20 10:51:25.334|E|805740677|lpUCM [IpccProtoMessage.cpp:SerializeParams:112] m_offset, 234496
[m[1;33m2025-12-20 10:51:25.334|W|805740677|lpUCM [RemoteSails.cpp:SendWithRetry:185] Successfully wrote 1052 bytes
[m[0;32;32m2025-12-20 10:51:25.337|I|805740677|lpUCM [RemoteSails.cpp:HandleResponse:149] HandleResponse started, buffer size: 1048
[m[0;32;32m2025-12-20 10:51:25.337|I|805740677|lpUCM [RemoteSails.cpp:HandleResponse:158] Successfully deserialized response, status: 0, result code: 0
[m[0;32;31m2025-12-20 10:51:25.337|E|805740677|lpUCM [IpccProtoMessage.cpp:SerializeParams:112] m_offset, 235520
[m[1;33m2025-12-20 10:51:25.337|W|805740677|lpUCM [RemoteSails.cpp:SendWithRetry:185] Successfully wrote 1052 bytes
[m[0;32;32m2025-12-20 10:51:25.340|I|805740677|lpUCM [RemoteSails.cpp:HandleResponse:149] HandleResponse started, buffer size: 1048
[m[0;32;32m2025-12-20 10:51:25.340|I|805740677|lpUCM [RemoteSails.cpp:HandleResponse:158] Successfully deserialized response, status: 0, result code: 0
[m[0;32;31m2025-12-20 10:51:25.340|E|805740677|lpUCM [IpccProtoMessage.cpp:SerializeParams:112] m_offset, 236544
[m[1;33m2025-12-20 10:51:25.340|W|805740677|lpUCM [RemoteSails.cpp:SendWithRetry:185] Successfully wrote 1052 bytes
[m[0;32;32m2025-12-20 10:51:25.346|I|805740677|lpUCM [RemoteSails.cpp:HandleResponse:149] HandleResponse started, buffer size: 1048
[m[0;32;32m2025-12-20 10:51:25.346|I|805740677|lpUCM [RemoteSails.cpp:HandleResponse:158] Successfully deserialized response, status: 0, result code: 0
[m[0;32;31m2025-12-20 10:51:25.346|E|805740677|lpUCM [IpccProtoMessage.cpp:SerializeParams:112] m_offset, 237568
[m[1;33m2025-12-20 10:51:25.346|W|805740677|lpUCM [RemoteSails.cpp:SendWithRetry:185] Successfully wrote 1052 bytes
[m[0;32;32m2025-12-20 10:51:25.379|I|805740677|lpUCM [RemoteSails.cpp:HandleResponse:149] HandleResponse started, buffer size: 1048
[m[0;32;32m2025-12-20 10:51:25.379|I|805740677|lpUCM [RemoteSails.cpp:HandleResponse:158] Successfully deserialized response, status: 0, result code: 0
[m[0;32;31m2025-12-20 10:51:25.379|E|805740677|lpUCM [IpccProtoMessage.cpp:SerializeParams:112] m_offset, 238592
[m[1;33m2025-12-20 10:51:25.379|W|805740677|lpUCM [RemoteSails.cpp:SendWithRetry:185] Successfully wrote 1052 bytes
[m[0;32;32m2025-12-20 10:51:25.385|I|805740677|lpUCM [RemoteSails.cpp:HandleResponse:149] HandleResponse started, buffer size: 1048
[m[0;32;32m2025-12-20 10:51:25.385|I|805740677|lpUCM [RemoteSails.cpp:HandleResponse:158] Successfully deserialized response, status: 0, result code: 0
[m[0;32;31m2025-12-20 10:51:25.385|E|805740677|lpUCM [IpccProtoMessage.cpp:SerializeParams:112] m_offset, 239616
[m[1;33m2025-12-20 10:51:25.385|W|805740677|lpUCM [RemoteSails.cpp:SendWithRetry:185] Successfully wrote 1052 bytes
[m[0;32;32m2025-12-20 10:51:25.388|I|805740677|lpUCM [RemoteSails.cpp:HandleResponse:149] HandleResponse started, buffer size: 1048
[m[0;32;32m2025-12-20 10:51:25.388|I|805740677|lpUCM [RemoteSails.cpp:HandleResponse:158] Successfully deserialized response, status: 0, result code: 0
[m[0;32;31m2025-12-20 10:51:25.388|E|805740677|lpUCM [IpccProtoMessage.cpp:SerializeParams:112] m_offset, 240640
[m[1;33m2025-12-20 10:51:25.388|W|805740677|lpUCM [RemoteSails.cpp:SendWithRetry:185] Successfully wrote 1052 bytes
[m[0;32;32m2025-12-20 10:51:25.391|I|805740677|lpUCM [RemoteSails.cpp:HandleResponse:149] HandleResponse started, buffer size: 1048
[m[0;32;32m2025-12-20 10:51:25.391|I|805740677|lpUCM [RemoteSails.cpp:HandleResponse:158] Successfully deserialized response, status: 0, result code: 0
[m[0;32;31m2025-12-20 10:51:25.391|E|805740677|lpUCM [IpccProtoMessage.cpp:SerializeParams:112] m_offset, 241664
[m[1;33m2025-12-20 10:51:25.391|W|805740677|lpUCM [RemoteSails.cpp:SendWithRetry:185] Successfully wrote 1052 bytes
[m[0;32;32m2025-12-20 10:51:25.426|I|805740677|lpUCM [RemoteSails.cpp:HandleResponse:149] HandleResponse started, buffer size: 1048
[m[0;32;32m2025-12-20 10:51:25.426|I|805740677|lpUCM [RemoteSails.cpp:HandleResponse:158] Successfully deserialized response, status: 0, result code: 0
[m[0;32;31m2025-12-20 10:51:25.426|E|805740677|lpUCM [IpccProtoMessage.cpp:SerializeParams:112] m_offset, 242688
[m[1;33m2025-12-20 10:51:25.426|W|805740677|lpUCM [RemoteSails.cpp:SendWithRetry:185] Successfully wrote 1052 bytes
[m[0;32;32m2025-12-20 10:51:25.430|I|805740677|lpUCM [RemoteSails.cpp:HandleResponse:149] HandleResponse started, buffer size: 1048
[m[0;32;32m2025-12-20 10:51:25.430|I|805740677|lpUCM [RemoteSails.cpp:HandleResponse:158] Successfully deserialized response, status: 0, result code: 0
[m[0;32;31m2025-12-20 10:51:25.430|E|805740677|lpUCM [IpccProtoMessage.cpp:SerializeParams:112] m_offset, 243712
[m[1;33m2025-12-20 10:51:25.430|W|805740677|lpUCM [RemoteSails.cpp:SendWithRetry:185] Successfully wrote 1052 bytes
[m[0;32;32m2025-12-20 10:51:25.437|I|805740677|lpUCM [RemoteSails.cpp:HandleResponse:149] HandleResponse started, buffer size: 1048
[m[0;32;32m2025-12-20 10:51:25.437|I|805740677|lpUCM [RemoteSails.cpp:HandleResponse:158] Successfully deserialized response, status: 0, result code: 0
[m[0;32;31m2025-12-20 10:51:25.437|E|805740677|lpUCM [IpccProtoMessage.cpp:SerializeParams:112] m_offset, 244736
[m[1;33m2025-12-20 10:51:25.437|W|805740677|lpUCM [RemoteSails.cpp:SendWithRetry:185] Successfully wrote 1052 bytes
[m[0;32;32m2025-12-20 10:51:25.441|I|805740677|lpUCM [RemoteSails.cpp:HandleResponse:149] HandleResponse started, buffer size: 1048
[m[0;32;32m2025-12-20 10:51:25.441|I|805740677|lpUCM [RemoteSails.cpp:HandleResponse:158] Successfully deserialized response, status: 0, result code: 0
[m[0;32;32m2025-12-20 10:51:25.441|I|805740677|lpUCM [RemoteSails.cpp:SailWriteData:272] All data already trans size 16384
[m[0;32;32m2025-12-20 10:51:25.441|I|805740677|lpUCM [fds.cpp:FDS_OnLocalUpgProgress:248] total: 23, curr:23, percent:28, rop:96%
[m[0;32;32m2025-12-20 10:51:25.441|I|805740677|lpUCM [RemoteSails.cpp:SailWriteData:254] total data is 16384
[m[0;32;31m2025-12-20 10:51:25.441|E|805740677|lpUCM [IpccProtoMessage.cpp:SerializeParams:112] m_offset, 245760
[m[1;33m2025-12-20 10:51:25.441|W|805740677|lpUCM [RemoteSails.cpp:SendWithRetry:185] Successfully wrote 1052 bytes
[m[0;32;32m2025-12-20 10:51:25.475|I|805740677|lpUCM [RemoteSails.cpp:HandleResponse:149] HandleResponse started, buffer size: 1048
[m[0;32;32m2025-12-20 10:51:25.475|I|805740677|lpUCM [RemoteSails.cpp:HandleResponse:158] Successfully deserialized response, status: 0, result code: 0
[m[0;32;31m2025-12-20 10:51:25.475|E|805740677|lpUCM [IpccProtoMessage.cpp:SerializeParams:112] m_offset, 246784
[m[1;33m2025-12-20 10:51:25.475|W|805740677|lpUCM [RemoteSails.cpp:SendWithRetry:185] Successfully wrote 1052 bytes
[m[0;32;32m2025-12-20 10:51:25.479|I|805740677|lpUCM [RemoteSails.cpp:HandleResponse:149] HandleResponse started, buffer size: 1048
[m[0;32;32m2025-12-20 10:51:25.479|I|805740677|lpUCM [RemoteSails.cpp:HandleResponse:158] Successfully deserialized response, status: 0, result code: 0
[m[0;32;31m2025-12-20 10:51:25.479|E|805740677|lpUCM [IpccProtoMessage.cpp:SerializeParams:112] m_offset, 247808
[m[1;33m2025-12-20 10:51:25.479|W|805740677|lpUCM [RemoteSails.cpp:SendWithRetry:185] Successfully wrote 1052 bytes
[m[0;32;32m2025-12-20 10:51:25.483|I|805740677|lpUCM [RemoteSails.cpp:HandleResponse:149] HandleResponse started, buffer size: 1048
[m[0;32;32m2025-12-20 10:51:25.483|I|805740677|lpUCM [RemoteSails.cpp:HandleResponse:158] Successfully deserialized response, status: 0, result code: 0
[m[0;32;31m2025-12-20 10:51:25.483|E|805740677|lpUCM [IpccProtoMessage.cpp:SerializeParams:112] m_offset, 248832
[m[1;33m2025-12-20 10:51:25.483|W|805740677|lpUCM [RemoteSails.cpp:SendWithRetry:185] Successfully wrote 1052 bytes
[m[0;32;32m2025-12-20 10:51:25.487|I|805740677|lpUCM [RemoteSails.cpp:HandleResponse:149] HandleResponse started, buffer size: 1048
[m[0;32;32m2025-12-20 10:51:25.487|I|805740677|lpUCM [RemoteSails.cpp:HandleResponse:158] Successfully deserialized response, status: 0, result code: 0
[m[0;32;31m2025-12-20 10:51:25.487|E|805740677|lpUCM [IpccProtoMessage.cpp:SerializeParams:112] m_offset, 249856
[m[1;33m2025-12-20 10:51:25.487|W|805740677|lpUCM [RemoteSails.cpp:SendWithRetry:185] Successfully wrote 1052 bytes
[m[0;32;32m2025-12-20 10:51:25.519|I|805740677|lpUCM [RemoteSails.cpp:HandleResponse:149] HandleResponse started, buffer size: 1048
[m[0;32;32m2025-12-20 10:51:25.519|I|805740677|lpUCM [RemoteSails.cpp:HandleResponse:158] Successfully deserialized response, status: 0, result code: 0
[m[0;32;31m2025-12-20 10:51:25.519|E|805740677|lpUCM [IpccProtoMessage.cpp:SerializeParams:112] m_offset, 250880
[m[1;33m2025-12-20 10:51:25.519|W|805740677|lpUCM [RemoteSails.cpp:SendWithRetry:185] Successfully wrote 1052 bytes
[m[0;32;32m2025-12-20 10:51:25.523|I|805740677|lpUCM [RemoteSails.cpp:HandleResponse:149] HandleResponse started, buffer size: 1048
[m[0;32;32m2025-12-20 10:51:25.523|I|805740677|lpUCM [RemoteSails.cpp:HandleResponse:158] Successfully deserialized response, status: 0, result code: 0
[m[0;32;31m2025-12-20 10:51:25.523|E|805740677|lpUCM [IpccProtoMessage.cpp:SerializeParams:112] m_offset, 251904
[m[1;33m2025-12-20 10:51:25.523|W|805740677|lpUCM [RemoteSails.cpp:SendWithRetry:185] Successfully wrote 1052 bytes
[m[0;32;32m2025-12-20 10:51:25.526|I|805740677|lpUCM [RemoteSails.cpp:HandleResponse:149] HandleResponse started, buffer size: 1048
[m[0;32;32m2025-12-20 10:51:25.526|I|805740677|lpUCM [RemoteSails.cpp:HandleResponse:158] Successfully deserialized response, status: 0, result code: 0
[m[0;32;31m2025-12-20 10:51:25.526|E|805740677|lpUCM [IpccProtoMessage.cpp:SerializeParams:112] m_offset, 252928
[m[1;33m2025-12-20 10:51:25.526|W|805740677|lpUCM [RemoteSails.cpp:SendWithRetry:185] Successfully wrote 1052 bytes
[m[0;32;32m2025-12-20 10:51:25.529|I|805740677|lpUCM [RemoteSails.cpp:HandleResponse:149] HandleResponse started, buffer size: 1048
[m[0;32;32m2025-12-20 10:51:25.529|I|805740677|lpUCM [RemoteSails.cpp:HandleResponse:158] Successfully deserialized response, status: 0, result code: 0
[m[0;32;31m2025-12-20 10:51:25.529|E|805740677|lpUCM [IpccProtoMessage.cpp:SerializeParams:112] m_offset, 253952
[m[1;33m2025-12-20 10:51:25.529|W|805740677|lpUCM [RemoteSails.cpp:SendWithRetry:185] Successfully wrote 1052 bytes
[m[0;32;32m2025-12-20 10:51:25.559|I|805740677|lpUCM [RemoteSails.cpp:HandleResponse:149] HandleResponse started, buffer size: 1048
[m[0;32;32m2025-12-20 10:51:25.559|I|805740677|lpUCM [RemoteSails.cpp:HandleResponse:158] Successfully deserialized response, status: 0, result code: 0
[m[0;32;31m2025-12-20 10:51:25.559|E|805740677|lpUCM [IpccProtoMessage.cpp:SerializeParams:112] m_offset, 254976
[m[1;33m2025-12-20 10:51:25.559|W|805740677|lpUCM [RemoteSails.cpp:SendWithRetry:185] Successfully wrote 1052 bytes
[m[0;32;32m2025-12-20 10:51:25.562|I|805740677|lpUCM [RemoteSails.cpp:HandleResponse:149] HandleResponse started, buffer size: 1048
[m[0;32;32m2025-12-20 10:51:25.562|I|805740677|lpUCM [RemoteSails.cpp:HandleResponse:158] Successfully deserialized response, status: 0, result code: 0
[m[0;32;31m2025-12-20 10:51:25.562|E|805740677|lpUCM [IpccProtoMessage.cpp:SerializeParams:112] m_offset, 256000
[m[1;33m2025-12-20 10:51:25.562|W|805740677|lpUCM [RemoteSails.cpp:SendWithRetry:185] Successfully wrote 1052 bytes
[m[0;32;32m2025-12-20 10:51:25.565|I|805740677|lpUCM [RemoteSails.cpp:HandleResponse:149] HandleResponse started, buffer size: 1048
[m[0;32;32m2025-12-20 10:51:25.565|I|805740677|lpUCM [RemoteSails.cpp:HandleResponse:158] Successfully deserialized response, status: 0, result code: 0
[m[0;32;31m2025-12-20 10:51:25.565|E|805740677|lpUCM [IpccProtoMessage.cpp:SerializeParams:112] m_offset, 257024
[m[1;33m2025-12-20 10:51:25.565|W|805740677|lpUCM [RemoteSails.cpp:SendWithRetry:185] Successfully wrote 1052 bytes
[m[0;32;32m2025-12-20 10:51:25.568|I|805740677|lpUCM [RemoteSails.cpp:HandleResponse:149] HandleResponse started, buffer size: 1048
[m[0;32;32m2025-12-20 10:51:25.568|I|805740677|lpUCM [RemoteSails.cpp:HandleResponse:158] Successfully deserialized response, status: 0, result code: 0
[m[0;32;31m2025-12-20 10:51:25.568|E|805740677|lpUCM [IpccProtoMessage.cpp:SerializeParams:112] m_offset, 258048
[m[1;33m2025-12-20 10:51:25.568|W|805740677|lpUCM [RemoteSails.cpp:SendWithRetry:185] Successfully wrote 1052 bytes
[m[0;32;32m2025-12-20 10:51:25.601|I|805740677|lpUCM [RemoteSails.cpp:HandleResponse:149] HandleResponse started, buffer size: 1048
[m[0;32;32m2025-12-20 10:51:25.601|I|805740677|lpUCM [RemoteSails.cpp:HandleResponse:158] Successfully deserialized response, status: 0, result code: 0
[m[0;32;31m2025-12-20 10:51:25.601|E|805740677|lpUCM [IpccProtoMessage.cpp:SerializeParams:112] m_offset, 259072
[m[1;33m2025-12-20 10:51:25.601|W|805740677|lpUCM [RemoteSails.cpp:SendWithRetry:185] Successfully wrote 1052 bytes
[m[0;32;32m2025-12-20 10:51:25.607|I|805740677|lpUCM [RemoteSails.cpp:HandleResponse:149] HandleResponse started, buffer size: 1048
[m[0;32;32m2025-12-20 10:51:25.607|I|805740677|lpUCM [RemoteSails.cpp:HandleResponse:158] Successfully deserialized response, status: 0, result code: 0
[m[0;32;31m2025-12-20 10:51:25.607|E|805740677|lpUCM [IpccProtoMessage.cpp:SerializeParams:112] m_offset, 260096
[m[1;33m2025-12-20 10:51:25.607|W|805740677|lpUCM [RemoteSails.cpp:SendWithRetry:185] Successfully wrote 1052 bytes
[m[0;32;32m2025-12-20 10:51:25.610|I|805740677|lpUCM [RemoteSails.cpp:HandleResponse:149] HandleResponse started, buffer size: 1048
[m[0;32;32m2025-12-20 10:51:25.610|I|805740677|lpUCM [RemoteSails.cpp:HandleResponse:158] Successfully deserialized response, status: 0, result code: 0
[m[0;32;31m2025-12-20 10:51:25.610|E|805740677|lpUCM [IpccProtoMessage.cpp:SerializeParams:112] m_offset, 261120
[m[1;33m2025-12-20 10:51:25.610|W|805740677|lpUCM [RemoteSails.cpp:SendWithRetry:185] Successfully wrote 1052 bytes
[m[0;32;32m2025-12-20 10:51:25.616|I|805740677|lpUCM [RemoteSails.cpp:HandleResponse:149] HandleResponse started, buffer size: 1048
[m[0;32;32m2025-12-20 10:51:25.616|I|805740677|lpUCM [RemoteSails.cpp:HandleResponse:158] Successfully deserialized response, status: 0, result code: 0
[m[0;32;32m2025-12-20 10:51:25.616|I|805740677|lpUCM [RemoteSails.cpp:SailWriteData:272] All data already trans size 16384
[m[0;32;32m2025-12-20 10:51:25.616|I|805740677|lpUCM [fds.cpp:FDS_OnLocalUpgProgress:248] total: 23, curr:23, percent:29, rop:96%
[m[0;32;32m2025-12-20 10:51:25.616|I|805740677|lpUCM [RemoteSails.cpp:SailWriteData:254] total data is 16384
[m[0;32;31m2025-12-20 10:51:25.616|E|805740677|lpUCM [IpccProtoMessage.cpp:SerializeParams:112] m_offset, 262144
[m[1;33m2025-12-20 10:51:25.616|W|805740677|lpUCM [RemoteSails.cpp:SendWithRetry:185] Successfully wrote 1052 bytes
[m[0;32;32m2025-12-20 10:51:25.649|I|805740677|lpUCM [RemoteSails.cpp:HandleResponse:149] HandleResponse started, buffer size: 1048
[m[0;32;32m2025-12-20 10:51:25.649|I|805740677|lpUCM [RemoteSails.cpp:HandleResponse:158] Successfully deserialized response, status: 0, result code: 0
[m[0;32;31m2025-12-20 10:51:25.649|E|805740677|lpUCM [IpccProtoMessage.cpp:SerializeParams:112] m_offset, 263168
[m[1;33m2025-12-20 10:51:25.649|W|805740677|lpUCM [RemoteSails.cpp:SendWithRetry:185] Successfully wrote 1052 bytes
[m[0;32;32m2025-12-20 10:51:25.653|I|805740677|lpUCM [RemoteSails.cpp:HandleResponse:149] HandleResponse started, buffer size: 1048
[m[0;32;32m2025-12-20 10:51:25.653|I|805740677|lpUCM [RemoteSails.cpp:HandleResponse:158] Successfully deserialized response, status: 0, result code: 0
[m[0;32;31m2025-12-20 10:51:25.653|E|805740677|lpUCM [IpccProtoMessage.cpp:SerializeParams:112] m_offset, 264192
[m[1;33m2025-12-20 10:51:25.653|W|805740677|lpUCM [RemoteSails.cpp:SendWithRetry:185] Successfully wrote 1052 bytes
[m[0;32;32m2025-12-20 10:51:25.659|I|805740677|lpUCM [RemoteSails.cpp:HandleResponse:149] HandleResponse started, buffer size: 1048
[m[0;32;32m2025-12-20 10:51:25.659|I|805740677|lpUCM [RemoteSails.cpp:HandleResponse:158] Successfully deserialized response, status: 0, result code: 0
[m[0;32;31m2025-12-20 10:51:25.659|E|805740677|lpUCM [IpccProtoMessage.cpp:SerializeParams:112] m_offset, 265216
[m[1;33m2025-12-20 10:51:25.659|W|805740677|lpUCM [RemoteSails.cpp:SendWithRetry:185] Successfully wrote 1052 bytes
[m[0;32;32m2025-12-20 10:51:25.666|I|805740677|lpUCM [RemoteSails.cpp:HandleResponse:149] HandleResponse started, buffer size: 1048
[m[0;32;32m2025-12-20 10:51:25.666|I|805740677|lpUCM [RemoteSails.cpp:HandleResponse:158] Successfully deserialized response, status: 0, result code: 0
[m[0;32;31m2025-12-20 10:51:25.666|E|805740677|lpUCM [IpccProtoMessage.cpp:SerializeParams:112] m_offset, 266240
[m[1;33m2025-12-20 10:51:25.666|W|805740677|lpUCM [RemoteSails.cpp:SendWithRetry:185] Successfully wrote 1052 bytes
[m[0;32;32m2025-12-20 10:51:25.702|I|805740677|lpUCM [RemoteSails.cpp:HandleResponse:149] HandleResponse started, buffer size: 1048
[m[0;32;32m2025-12-20 10:51:25.702|I|805740677|lpUCM [RemoteSails.cpp:HandleResponse:158] Successfully deserialized response, status: 0, result code: 0
[m[0;32;31m2025-12-20 10:51:25.702|E|805740677|lpUCM [IpccProtoMessage.cpp:SerializeParams:112] m_offset, 267264
[m[1;33m2025-12-20 10:51:25.702|W|805740677|lpUCM [RemoteSails.cpp:SendWithRetry:185] Successfully wrote 1052 bytes
[m[0;32;32m2025-12-20 10:51:25.706|I|805740677|lpUCM [RemoteSails.cpp:HandleResponse:149] HandleResponse started, buffer size: 1048
[m[0;32;32m2025-12-20 10:51:25.706|I|805740677|lpUCM [RemoteSails.cpp:HandleResponse:158] Successfully deserialized response, status: 0, result code: 0
[m[0;32;31m2025-12-20 10:51:25.706|E|805740677|lpUCM [IpccProtoMessage.cpp:SerializeParams:112] m_offset, 268288
[m[1;33m2025-12-20 10:51:25.706|W|805740677|lpUCM [RemoteSails.cpp:SendWithRetry:185] Successfully wrote 1052 bytes
[m[0;32;32m2025-12-20 10:51:25.709|I|805740677|lpUCM [RemoteSails.cpp:HandleResponse:149] HandleResponse started, buffer size: 1048
[m[0;32;32m2025-12-20 10:51:25.709|I|805740677|lpUCM [RemoteSails.cpp:HandleResponse:158] Successfully deserialized response, status: 0, result code: 0
[m[0;32;31m2025-12-20 10:51:25.709|E|805740677|lpUCM [IpccProtoMessage.cpp:SerializeParams:112] m_offset, 269312
[m[1;33m2025-12-20 10:51:25.709|W|805740677|lpUCM [RemoteSails.cpp:SendWithRetry:185] Successfully wrote 1052 bytes
[m[0;32;32m2025-12-20 10:51:25.715|I|805740677|lpUCM [RemoteSails.cpp:HandleResponse:149] HandleResponse started, buffer size: 1048
[m[0;32;32m2025-12-20 10:51:25.715|I|805740677|lpUCM [RemoteSails.cpp:HandleResponse:158] Successfully deserialized response, status: 0, result code: 0
[m[0;32;31m2025-12-20 10:51:25.715|E|805740677|lpUCM [IpccProtoMessage.cpp:SerializeParams:112] m_offset, 270336
[m[1;33m2025-12-20 10:51:25.715|W|805740677|lpUCM [RemoteSails.cpp:SendWithRetry:185] Successfully wrote 1052 bytes
[m[0;32;32m2025-12-20 10:51:25.745|I|805740677|lpUCM [RemoteSails.cpp:HandleResponse:149] HandleResponse started, buffer size: 1048
[m[0;32;32m2025-12-20 10:51:25.745|I|805740677|lpUCM [RemoteSails.cpp:HandleResponse:158] Successfully deserialized response, status: 0, result code: 0
[m[0;32;31m2025-12-20 10:51:25.745|E|805740677|lpUCM [IpccProtoMessage.cpp:SerializeParams:112] m_offset, 271360
[m[1;33m2025-12-20 10:51:25.745|W|805740677|lpUCM [RemoteSails.cpp:SendWithRetry:185] Successfully wrote 1052 bytes
[m[0;32;32m2025-12-20 10:51:25.748|I|805740677|lpUCM [RemoteSails.cpp:HandleResponse:149] HandleResponse started, buffer size: 1048
[m[0;32;32m2025-12-20 10:51:25.748|I|805740677|lpUCM [RemoteSails.cpp:HandleResponse:158] Successfully deserialized response, status: 0, result code: 0
[m[0;32;31m2025-12-20 10:51:25.748|E|805740677|lpUCM [IpccProtoMessage.cpp:SerializeParams:112] m_offset, 272384
[m[1;33m2025-12-20 10:51:25.748|W|805740677|lpUCM [RemoteSails.cpp:SendWithRetry:185] Successfully wrote 1052 bytes
[m[0;32;32m2025-12-20 10:51:25.751|I|805740677|lpUCM [RemoteSails.cpp:HandleResponse:149] HandleResponse started, buffer size: 1048
[m[0;32;32m2025-12-20 10:51:25.751|I|805740677|lpUCM [RemoteSails.cpp:HandleResponse:158] Successfully deserialized response, status: 0, result code: 0
[m[0;32;31m2025-12-20 10:51:25.751|E|805740677|lpUCM [IpccProtoMessage.cpp:SerializeParams:112] m_offset, 273408
[m[1;33m2025-12-20 10:51:25.751|W|805740677|lpUCM [RemoteSails.cpp:SendWithRetry:185] Successfully wrote 1052 bytes
[m[0;32;32m2025-12-20 10:51:25.757|I|805740677|lpUCM [RemoteSails.cpp:HandleResponse:149] HandleResponse started, buffer size: 1048
[m[0;32;32m2025-12-20 10:51:25.757|I|805740677|lpUCM [RemoteSails.cpp:HandleResponse:158] Successfully deserialized response, status: 0, result code: 0
[m[0;32;31m2025-12-20 10:51:25.757|E|805740677|lpUCM [IpccProtoMessage.cpp:SerializeParams:112] m_offset, 274432
[m[1;33m2025-12-20 10:51:25.757|W|805740677|lpUCM [RemoteSails.cpp:SendWithRetry:185] Successfully wrote 1052 bytes
[m[0;32;32m2025-12-20 10:51:25.787|I|805740677|lpUCM [RemoteSails.cpp:HandleResponse:149] HandleResponse started, buffer size: 1048
[m[0;32;32m2025-12-20 10:51:25.787|I|805740677|lpUCM [RemoteSails.cpp:HandleResponse:158] Successfully deserialized response, status: 0, result code: 0
[m[0;32;31m2025-12-20 10:51:25.787|E|805740677|lpUCM [IpccProtoMessage.cpp:SerializeParams:112] m_offset, 275456
[m[1;33m2025-12-20 10:51:25.787|W|805740677|lpUCM [RemoteSails.cpp:SendWithRetry:185] Successfully wrote 1052 bytes
[m[0;32;32m2025-12-20 10:51:25.790|I|805740677|lpUCM [RemoteSails.cpp:HandleResponse:149] HandleResponse started, buffer size: 1048
[m[0;32;32m2025-12-20 10:51:25.790|I|805740677|lpUCM [RemoteSails.cpp:HandleResponse:158] Successfully deserialized response, status: 0, result code: 0
[m[0;32;31m2025-12-20 10:51:25.790|E|805740677|lpUCM [IpccProtoMessage.cpp:SerializeParams:112] m_offset, 276480
[m[1;33m2025-12-20 10:51:25.790|W|805740677|lpUCM [RemoteSails.cpp:SendWithRetry:185] Successfully wrote 1052 bytes
[m[0;32;32m2025-12-20 10:51:25.796|I|805740677|lpUCM [RemoteSails.cpp:HandleResponse:149] HandleResponse started, buffer size: 1048
[m[0;32;32m2025-12-20 10:51:25.796|I|805740677|lpUCM [RemoteSails.cpp:HandleResponse:158] Successfully deserialized response, status: 0, result code: 0
[m[0;32;31m2025-12-20 10:51:25.796|E|805740677|lpUCM [IpccProtoMessage.cpp:SerializeParams:112] m_offset, 277504
[m[1;33m2025-12-20 10:51:25.796|W|805740677|lpUCM [RemoteSails.cpp:SendWithRetry:185] Successfully wrote 1052 bytes
[m[0;32;32m2025-12-20 10:51:25.799|I|805740677|lpUCM [RemoteSails.cpp:HandleResponse:149] HandleResponse started, buffer size: 1048
[m[0;32;32m2025-12-20 10:51:25.799|I|805740677|lpUCM [RemoteSails.cpp:HandleResponse:158] Successfully deserialized response, status: 0, result code: 0
[m[0;32;32m2025-12-20 10:51:25.799|I|805740677|lpUCM [RemoteSails.cpp:SailWriteData:272] All data already trans size 16384
[m[0;32;32m2025-12-20 10:51:25.799|I|805740677|lpUCM [fds.cpp:FDS_OnLocalUpgProgress:248] total: 23, curr:23, percent:30, rop:96%
[m[0;32;32m2025-12-20 10:51:25.799|I|805740677|lpUCM [RemoteSails.cpp:SailWriteData:254] total data is 16384
[m[0;32;31m2025-12-20 10:51:25.799|E|805740677|lpUCM [IpccProtoMessage.cpp:SerializeParams:112] m_offset, 278528
[m[1;33m2025-12-20 10:51:25.799|W|805740677|lpUCM [RemoteSails.cpp:SendWithRetry:185] Successfully wrote 1052 bytes
[m[0;32;32m2025-12-20 10:51:25.831|I|805740677|lpUCM [RemoteSails.cpp:HandleResponse:149] HandleResponse started, buffer size: 1048
[m[0;32;32m2025-12-20 10:51:25.831|I|805740677|lpUCM [RemoteSails.cpp:HandleResponse:158] Successfully deserialized response, status: 0, result code: 0
[m[0;32;31m2025-12-20 10:51:25.831|E|805740677|lpUCM [IpccProtoMessage.cpp:SerializeParams:112] m_offset, 279552
[m[1;33m2025-12-20 10:51:25.831|W|805740677|lpUCM [RemoteSails.cpp:SendWithRetry:185] Successfully wrote 1052 bytes
[m[0;32;32m2025-12-20 10:51:25.834|I|805740677|lpUCM [RemoteSails.cpp:HandleResponse:149] HandleResponse started, buffer size: 1048
[m[0;32;32m2025-12-20 10:51:25.834|I|805740677|lpUCM [RemoteSails.cpp:HandleResponse:158] Successfully deserialized response, status: 0, result code: 0
[m[0;32;31m2025-12-20 10:51:25.834|E|805740677|lpUCM [IpccProtoMessage.cpp:SerializeParams:112] m_offset, 280576
[m[1;33m2025-12-20 10:51:25.834|W|805740677|lpUCM [RemoteSails.cpp:SendWithRetry:185] Successfully wrote 1052 bytes
[m[0;32;32m2025-12-20 10:51:25.838|I|805740677|lpUCM [RemoteSails.cpp:HandleResponse:149] HandleResponse started, buffer size: 1048
[m[0;32;32m2025-12-20 10:51:25.838|I|805740677|lpUCM [RemoteSails.cpp:HandleResponse:158] Successfully deserialized response, status: 0, result code: 0
[m[0;32;31m2025-12-20 10:51:25.838|E|805740677|lpUCM [IpccProtoMessage.cpp:SerializeParams:112] m_offset, 281600
[m[1;33m2025-12-20 10:51:25.838|W|805740677|lpUCM [RemoteSails.cpp:SendWithRetry:185] Successfully wrote 1052 bytes
[m[0;32;32m2025-12-20 10:51:25.842|I|805740677|lpUCM [RemoteSails.cpp:HandleResponse:149] HandleResponse started, buffer size: 1048
[m[0;32;32m2025-12-20 10:51:25.842|I|805740677|lpUCM [RemoteSails.cpp:HandleResponse:158] Successfully deserialized response, status: 0, result code: 0
[m[0;32;31m2025-12-20 10:51:25.842|E|805740677|lpUCM [IpccProtoMessage.cpp:SerializeParams:112] m_offset, 282624
[m[1;33m2025-12-20 10:51:25.842|W|805740677|lpUCM [RemoteSails.cpp:SendWithRetry:185] Successfully wrote 1052 bytes
[m[0;32;32m2025-12-20 10:51:25.871|I|805740677|lpUCM [RemoteSails.cpp:HandleResponse:149] HandleResponse started, buffer size: 1048
[m[0;32;32m2025-12-20 10:51:25.871|I|805740677|lpUCM [RemoteSails.cpp:HandleResponse:158] Successfully deserialized response, status: 0, result code: 0
[m[0;32;31m2025-12-20 10:51:25.871|E|805740677|lpUCM [IpccProtoMessage.cpp:SerializeParams:112] m_offset, 283648
[m[1;33m2025-12-20 10:51:25.871|W|805740677|lpUCM [RemoteSails.cpp:SendWithRetry:185] Successfully wrote 1052 bytes
[m[0;32;32m2025-12-20 10:51:25.874|I|805740677|lpUCM [RemoteSails.cpp:HandleResponse:149] HandleResponse started, buffer size: 1048
[m[0;32;32m2025-12-20 10:51:25.874|I|805740677|lpUCM [RemoteSails.cpp:HandleResponse:158] Successfully deserialized response, status: 0, result code: 0
[m[0;32;31m2025-12-20 10:51:25.874|E|805740677|lpUCM [IpccProtoMessage.cpp:SerializeParams:112] m_offset, 284672
[m[1;33m2025-12-20 10:51:25.874|W|805740677|lpUCM [RemoteSails.cpp:SendWithRetry:185] Successfully wrote 1052 bytes
[m[0;32;32m2025-12-20 10:51:25.878|I|805740677|lpUCM [RemoteSails.cpp:HandleResponse:149] HandleResponse started, buffer size: 1048
[m[0;32;32m2025-12-20 10:51:25.878|I|805740677|lpUCM [RemoteSails.cpp:HandleResponse:158] Successfully deserialized response, status: 0, result code: 0
[m[0;32;31m2025-12-20 10:51:25.878|E|805740677|lpUCM [IpccProtoMessage.cpp:SerializeParams:112] m_offset, 285696
[m[1;33m2025-12-20 10:51:25.878|W|805740677|lpUCM [RemoteSails.cpp:SendWithRetry:185] Successfully wrote 1052 bytes
[m[0;32;32m2025-12-20 10:51:25.882|I|805740677|lpUCM [RemoteSails.cpp:HandleResponse:149] HandleResponse started, buffer size: 1048
[m[0;32;32m2025-12-20 10:51:25.882|I|805740677|lpUCM [RemoteSails.cpp:HandleResponse:158] Successfully deserialized response, status: 0, result code: 0
[m[0;32;31m2025-12-20 10:51:25.882|E|805740677|lpUCM [IpccProtoMessage.cpp:SerializeParams:112] m_offset, 286720
[m[1;33m2025-12-20 10:51:25.882|W|805740677|lpUCM [RemoteSails.cpp:SendWithRetry:185] Successfully wrote 1052 bytes
[m[0;32;32m2025-12-20 10:51:25.916|I|805740677|lpUCM [RemoteSails.cpp:HandleResponse:149] HandleResponse started, buffer size: 1048
[m[0;32;32m2025-12-20 10:51:25.916|I|805740677|lpUCM [RemoteSails.cpp:HandleResponse:158] Successfully deserialized response, status: 0, result code: 0
[m[0;32;31m2025-12-20 10:51:25.916|E|805740677|lpUCM [IpccProtoMessage.cpp:SerializeParams:112] m_offset, 287744
[m[1;33m2025-12-20 10:51:25.916|W|805740677|lpUCM [RemoteSails.cpp:SendWithRetry:185] Successfully wrote 1052 bytes
[m[0;32;32m2025-12-20 10:51:25.920|I|805740677|lpUCM [RemoteSails.cpp:HandleResponse:149] HandleResponse started, buffer size: 1048
[m[0;32;32m2025-12-20 10:51:25.920|I|805740677|lpUCM [RemoteSails.cpp:HandleResponse:158] Successfully deserialized response, status: 0, result code: 0
[m[0;32;31m2025-12-20 10:51:25.920|E|805740677|lpUCM [IpccProtoMessage.cpp:SerializeParams:112] m_offset, 288768
[m[1;33m2025-12-20 10:51:25.920|W|805740677|lpUCM [RemoteSails.cpp:SendWithRetry:185] Successfully wrote 1052 bytes
[m[0;32;32m2025-12-20 10:51:25.926|I|805740677|lpUCM [RemoteSails.cpp:HandleResponse:149] HandleResponse started, buffer size: 1048
[m[0;32;32m2025-12-20 10:51:25.926|I|805740677|lpUCM [RemoteSails.cpp:HandleResponse:158] Successfully deserialized response, status: 0, result code: 0
[m[0;32;31m2025-12-20 10:51:25.926|E|805740677|lpUCM [IpccProtoMessage.cpp:SerializeParams:112] m_offset, 289792
[m[1;33m2025-12-20 10:51:25.926|W|805740677|lpUCM [RemoteSails.cpp:SendWithRetry:185] Successfully wrote 1052 bytes
[m[0;32;32m2025-12-20 10:51:25.929|I|805740677|lpUCM [RemoteSails.cpp:HandleResponse:149] HandleResponse started, buffer size: 1048
[m[0;32;32m2025-12-20 10:51:25.929|I|805740677|lpUCM [RemoteSails.cpp:HandleResponse:158] Successfully deserialized response, status: 0, result code: 0
[m[0;32;31m2025-12-20 10:51:25.929|E|805740677|lpUCM [IpccProtoMessage.cpp:SerializeParams:112] m_offset, 290816
[m[1;33m2025-12-20 10:51:25.929|W|805740677|lpUCM [RemoteSails.cpp:SendWithRetry:185] Successfully wrote 1052 bytes
[m[0;32;32m2025-12-20 10:51:25.959|I|805740677|lpUCM [RemoteSails.cpp:HandleResponse:149] HandleResponse started, buffer size: 1048
[m[0;32;32m2025-12-20 10:51:25.959|I|805740677|lpUCM [RemoteSails.cpp:HandleResponse:158] Successfully deserialized response, status: 0, result code: 0
[m[0;32;31m2025-12-20 10:51:25.959|E|805740677|lpUCM [IpccProtoMessage.cpp:SerializeParams:112] m_offset, 291840
[m[1;33m2025-12-20 10:51:25.959|W|805740677|lpUCM [RemoteSails.cpp:SendWithRetry:185] Successfully wrote 1052 bytes
[m[0;32;32m2025-12-20 10:51:25.965|I|805740677|lpUCM [RemoteSails.cpp:HandleResponse:149] HandleResponse started, buffer size: 1048
[m[0;32;32m2025-12-20 10:51:25.965|I|805740677|lpUCM [RemoteSails.cpp:HandleResponse:158] Successfully deserialized response, status: 0, result code: 0
[m[0;32;31m2025-12-20 10:51:25.965|E|805740677|lpUCM [IpccProtoMessage.cpp:SerializeParams:112] m_offset, 292864
[m[1;33m2025-12-20 10:51:25.965|W|805740677|lpUCM [RemoteSails.cpp:SendWithRetry:185] Successfully wrote 1052 bytes
[m[0;32;32m2025-12-20 10:51:25.968|I|805740677|lpUCM [RemoteSails.cpp:HandleResponse:149] HandleResponse started, buffer size: 1048
[m[0;32;32m2025-12-20 10:51:25.968|I|805740677|lpUCM [RemoteSails.cpp:HandleResponse:158] Successfully deserialized response, status: 0, result code: 0
[m[0;32;31m2025-12-20 10:51:25.968|E|805740677|lpUCM [IpccProtoMessage.cpp:SerializeParams:112] m_offset, 293888
[m[1;33m2025-12-20 10:51:25.968|W|805740677|lpUCM [RemoteSails.cpp:SendWithRetry:185] Successfully wrote 1052 bytes
[m[0;32;32m2025-12-20 10:51:25.971|I|805740677|lpUCM [RemoteSails.cpp:HandleResponse:149] HandleResponse started, buffer size: 1048
[m[0;32;32m2025-12-20 10:51:25.971|I|805740677|lpUCM [RemoteSails.cpp:HandleResponse:158] Successfully deserialized response, status: 0, result code: 0
[m[0;32;32m2025-12-20 10:51:25.971|I|805740677|lpUCM [RemoteSails.cpp:SailWriteData:272] All data already trans size 16384
[m[0;32;32m2025-12-20 10:51:25.971|I|805740677|lpUCM [fds.cpp:FDS_OnLocalUpgProgress:248] total: 23, curr:23, percent:31, rop:97%
[m[0;32;32m2025-12-20 10:51:25.971|I|805740677|lpUCM [RemoteSails.cpp:SailWriteData:254] total data is 16384
[m[0;32;31m2025-12-20 10:51:25.971|E|805740677|lpUCM [IpccProtoMessage.cpp:SerializeParams:112] m_offset, 294912
[m[1;33m2025-12-20 10:51:25.971|W|805740677|lpUCM [RemoteSails.cpp:SendWithRetry:185] Successfully wrote 1052 bytes
[m[0;32;32m2025-12-20 10:51:26.4|I|805740677|lpUCM [RemoteSails.cpp:HandleResponse:149] HandleResponse started, buffer size: 1048
[m[0;32;32m2025-12-20 10:51:26.4|I|805740677|lpUCM [RemoteSails.cpp:HandleResponse:158] Successfully deserialized response, status: 0, result code: 0
[m[0;32;31m2025-12-20 10:51:26.4|E|805740677|lpUCM [IpccProtoMessage.cpp:SerializeParams:112] m_offset, 295936
[m[1;33m2025-12-20 10:51:26.4|W|805740677|lpUCM [RemoteSails.cpp:SendWithRetry:185] Successfully wrote 1052 bytes
[m[0;32;32m2025-12-20 10:51:26.7|I|805740677|lpUCM [RemoteSails.cpp:HandleResponse:149] HandleResponse started, buffer size: 1048
[m[0;32;32m2025-12-20 10:51:26.7|I|805740677|lpUCM [RemoteSails.cpp:HandleResponse:158] Successfully deserialized response, status: 0, result code: 0
[m[0;32;31m2025-12-20 10:51:26.7|E|805740677|lpUCM [IpccProtoMessage.cpp:SerializeParams:112] m_offset, 296960
[m[1;33m2025-12-20 10:51:26.7|W|805740677|lpUCM [RemoteSails.cpp:SendWithRetry:185] Successfully wrote 1052 bytes
[m[0;32;32m2025-12-20 10:51:26.11|I|805740677|lpUCM [RemoteSails.cpp:HandleResponse:149] HandleResponse started, buffer size: 1048
[m[0;32;32m2025-12-20 10:51:26.11|I|805740677|lpUCM [RemoteSails.cpp:HandleResponse:158] Successfully deserialized response, status: 0, result code: 0
[m[0;32;31m2025-12-20 10:51:26.11|E|805740677|lpUCM [IpccProtoMessage.cpp:SerializeParams:112] m_offset, 297984
[m[1;33m2025-12-20 10:51:26.11|W|805740677|lpUCM [RemoteSails.cpp:SendWithRetry:185] Successfully wrote 1052 bytes
[m[0;32;32m2025-12-20 10:51:26.14|I|805740677|lpUCM [RemoteSails.cpp:HandleResponse:149] HandleResponse started, buffer size: 1048
[m[0;32;32m2025-12-20 10:51:26.14|I|805740677|lpUCM [RemoteSails.cpp:HandleResponse:158] Successfully deserialized response, status: 0, result code: 0
[m[0;32;31m2025-12-20 10:51:26.14|E|805740677|lpUCM [IpccProtoMessage.cpp:SerializeParams:112] m_offset, 299008
[m[1;33m2025-12-20 10:51:26.14|W|805740677|lpUCM [RemoteSails.cpp:SendWithRetry:185] Successfully wrote 1052 bytes
[m[0;32;32m2025-12-20 10:51:26.47|I|805740677|lpUCM [RemoteSails.cpp:HandleResponse:149] HandleResponse started, buffer size: 1048
[m[0;32;32m2025-12-20 10:51:26.47|I|805740677|lpUCM [RemoteSails.cpp:HandleResponse:158] Successfully deserialized response, status: 0, result code: 0
[m[0;32;31m2025-12-20 10:51:26.47|E|805740677|lpUCM [IpccProtoMessage.cpp:SerializeParams:112] m_offset, 300032
[m[1;33m2025-12-20 10:51:26.47|W|805740677|lpUCM [RemoteSails.cpp:SendWithRetry:185] Successfully wrote 1052 bytes
[m[0;32;32m2025-12-20 10:51:26.50|I|805740677|lpUCM [RemoteSails.cpp:HandleResponse:149] HandleResponse started, buffer size: 1048
[m[0;32;32m2025-12-20 10:51:26.50|I|805740677|lpUCM [RemoteSails.cpp:HandleResponse:158] Successfully deserialized response, status: 0, result code: 0
[m[0;32;31m2025-12-20 10:51:26.50|E|805740677|lpUCM [IpccProtoMessage.cpp:SerializeParams:112] m_offset, 301056
[m[1;33m2025-12-20 10:51:26.50|W|805740677|lpUCM [RemoteSails.cpp:SendWithRetry:185] Successfully wrote 1052 bytes
[m[0;32;32m2025-12-20 10:51:26.54|I|805740677|lpUCM [RemoteSails.cpp:HandleResponse:149] HandleResponse started, buffer size: 1048
[m[0;32;32m2025-12-20 10:51:26.54|I|805740677|lpUCM [RemoteSails.cpp:HandleResponse:158] Successfully deserialized response, status: 0, result code: 0
[m[0;32;31m2025-12-20 10:51:26.54|E|805740677|lpUCM [IpccProtoMessage.cpp:SerializeParams:112] m_offset, 302080
[m[1;33m2025-12-20 10:51:26.54|W|805740677|lpUCM [RemoteSails.cpp:SendWithRetry:185] Successfully wrote 1052 bytes
[m[0;32;32m2025-12-20 10:51:26.58|I|805740677|lpUCM [RemoteSails.cpp:HandleResponse:149] HandleResponse started, buffer size: 1048
[m[0;32;32m2025-12-20 10:51:26.58|I|805740677|lpUCM [RemoteSails.cpp:HandleResponse:158] Successfully deserialized response, status: 0, result code: 0
[m[0;32;31m2025-12-20 10:51:26.58|E|805740677|lpUCM [IpccProtoMessage.cpp:SerializeParams:112] m_offset, 303104
[m[1;33m2025-12-20 10:51:26.58|W|805740677|lpUCM [RemoteSails.cpp:SendWithRetry:185] Successfully wrote 1052 bytes
[m[0;32;32m2025-12-20 10:51:26.88|I|805740677|lpUCM [RemoteSails.cpp:HandleResponse:149] HandleResponse started, buffer size: 1048
[m[0;32;32m2025-12-20 10:51:26.88|I|805740677|lpUCM [RemoteSails.cpp:HandleResponse:158] Successfully deserialized response, status: 0, result code: 0
[m[0;32;31m2025-12-20 10:51:26.88|E|805740677|lpUCM [IpccProtoMessage.cpp:SerializeParams:112] m_offset, 304128
[m[1;33m2025-12-20 10:51:26.88|W|805740677|lpUCM [RemoteSails.cpp:SendWithRetry:185] Successfully wrote 1052 bytes
[m[0;32;32m2025-12-20 10:51:26.91|I|805740677|lpUCM [RemoteSails.cpp:HandleResponse:149] HandleResponse started, buffer size: 1048
[m[0;32;32m2025-12-20 10:51:26.91|I|805740677|lpUCM [RemoteSails.cpp:HandleResponse:158] Successfully deserialized response, status: 0, result code: 0
[m[0;32;31m2025-12-20 10:51:26.91|E|805740677|lpUCM [IpccProtoMessage.cpp:SerializeParams:112] m_offset, 305152
[m[1;33m2025-12-20 10:51:26.91|W|805740677|lpUCM [RemoteSails.cpp:SendWithRetry:185] Successfully wrote 1052 bytes
[m[0;32;32m2025-12-20 10:51:26.94|I|805740677|lpUCM [RemoteSails.cpp:HandleResponse:149] HandleResponse started, buffer size: 1048
[m[0;32;32m2025-12-20 10:51:26.94|I|805740677|lpUCM [RemoteSails.cpp:HandleResponse:158] Successfully deserialized response, status: 0, result code: 0
[m[0;32;31m2025-12-20 10:51:26.94|E|805740677|lpUCM [IpccProtoMessage.cpp:SerializeParams:112] m_offset, 306176
[m[1;33m2025-12-20 10:51:26.94|W|805740677|lpUCM [RemoteSails.cpp:SendWithRetry:185] Successfully wrote 1052 bytes
[m[0;32;32m2025-12-20 10:51:26.98|I|805740677|lpUCM [RemoteSails.cpp:HandleResponse:149] HandleResponse started, buffer size: 1048
[m[0;32;32m2025-12-20 10:51:26.98|I|805740677|lpUCM [RemoteSails.cpp:HandleResponse:158] Successfully deserialized response, status: 0, result code: 0
[m[0;32;31m2025-12-20 10:51:26.98|E|805740677|lpUCM [IpccProtoMessage.cpp:SerializeParams:112] m_offset, 307200
[m[1;33m2025-12-20 10:51:26.98|W|805740677|lpUCM [RemoteSails.cpp:SendWithRetry:185] Successfully wrote 1052 bytes
[m[0;32;32m2025-12-20 10:51:26.129|I|805740677|lpUCM [RemoteSails.cpp:HandleResponse:149] HandleResponse started, buffer size: 1048
[m[0;32;32m2025-12-20 10:51:26.129|I|805740677|lpUCM [RemoteSails.cpp:HandleResponse:158] Successfully deserialized response, status: 0, result code: 0
[m[0;32;31m2025-12-20 10:51:26.129|E|805740677|lpUCM [IpccProtoMessage.cpp:SerializeParams:112] m_offset, 308224
[m[1;33m2025-12-20 10:51:26.129|W|805740677|lpUCM [RemoteSails.cpp:SendWithRetry:185] Successfully wrote 1052 bytes
[m[0;32;32m2025-12-20 10:51:26.135|I|805740677|lpUCM [RemoteSails.cpp:HandleResponse:149] HandleResponse started, buffer size: 1048
[m[0;32;32m2025-12-20 10:51:26.135|I|805740677|lpUCM [RemoteSails.cpp:HandleResponse:158] Successfully deserialized response, status: 0, result code: 0
[m[0;32;31m2025-12-20 10:51:26.135|E|805740677|lpUCM [IpccProtoMessage.cpp:SerializeParams:112] m_offset, 309248
[m[1;33m2025-12-20 10:51:26.135|W|805740677|lpUCM [RemoteSails.cpp:SendWithRetry:185] Successfully wrote 1052 bytes
[m[0;32;32m2025-12-20 10:51:26.138|I|805740677|lpUCM [RemoteSails.cpp:HandleResponse:149] HandleResponse started, buffer size: 1048
[m[0;32;32m2025-12-20 10:51:26.138|I|805740677|lpUCM [RemoteSails.cpp:HandleResponse:158] Successfully deserialized response, status: 0, result code: 0
[m[0;32;31m2025-12-20 10:51:26.138|E|805740677|lpUCM [IpccProtoMessage.cpp:SerializeParams:112] m_offset, 310272
[m[1;33m2025-12-20 10:51:26.138|W|805740677|lpUCM [RemoteSails.cpp:SendWithRetry:185] Successfully wrote 1052 bytes
[m[0;32;32m2025-12-20 10:51:26.141|I|805740677|lpUCM [RemoteSails.cpp:HandleResponse:149] HandleResponse started, buffer size: 1048
[m[0;32;32m2025-12-20 10:51:26.141|I|805740677|lpUCM [RemoteSails.cpp:HandleResponse:158] Successfully deserialized response, status: 0, result code: 0
[m[0;32;32m2025-12-20 10:51:26.141|I|805740677|lpUCM [RemoteSails.cpp:SailWriteData:272] All data already trans size 16384
[m[0;32;32m2025-12-20 10:51:26.141|I|805740677|lpUCM [fds.cpp:FDS_OnLocalUpgProgress:248] total: 23, curr:23, percent:32, rop:97%
[m[0;32;32m2025-12-20 10:51:26.141|I|805740677|lpUCM [RemoteSails.cpp:SailWriteData:254] total data is 16384
[m[0;32;31m2025-12-20 10:51:26.141|E|805740677|lpUCM [IpccProtoMessage.cpp:SerializeParams:112] m_offset, 311296
[m[1;33m2025-12-20 10:51:26.141|W|805740677|lpUCM [RemoteSails.cpp:SendWithRetry:185] Successfully wrote 1052 bytes
[m[0;32;32m2025-12-20 10:51:26.171|I|805740677|lpUCM [RemoteSails.cpp:HandleResponse:149] HandleResponse started, buffer size: 1048
[m[0;32;32m2025-12-20 10:51:26.171|I|805740677|lpUCM [RemoteSails.cpp:HandleResponse:158] Successfully deserialized response, status: 0, result code: 0
[m[0;32;31m2025-12-20 10:51:26.171|E|805740677|lpUCM [IpccProtoMessage.cpp:SerializeParams:112] m_offset, 312320
[m[1;33m2025-12-20 10:51:26.171|W|805740677|lpUCM [RemoteSails.cpp:SendWithRetry:185] Successfully wrote 1052 bytes
[m[0;32;32m2025-12-20 10:51:26.174|I|805740677|lpUCM [RemoteSails.cpp:HandleResponse:149] HandleResponse started, buffer size: 1048
[m[0;32;32m2025-12-20 10:51:26.174|I|805740677|lpUCM [RemoteSails.cpp:HandleResponse:158] Successfully deserialized response, status: 0, result code: 0
[m[0;32;31m2025-12-20 10:51:26.174|E|805740677|lpUCM [IpccProtoMessage.cpp:SerializeParams:112] m_offset, 313344
[m[1;33m2025-12-20 10:51:26.174|W|805740677|lpUCM [RemoteSails.cpp:SendWithRetry:185] Successfully wrote 1052 bytes
[m[0;32;32m2025-12-20 10:51:26.177|I|805740677|lpUCM [RemoteSails.cpp:HandleResponse:149] HandleResponse started, buffer size: 1048
[m[0;32;32m2025-12-20 10:51:26.177|I|805740677|lpUCM [RemoteSails.cpp:HandleResponse:158] Successfully deserialized response, status: 0, result code: 0
[m[0;32;31m2025-12-20 10:51:26.177|E|805740677|lpUCM [IpccProtoMessage.cpp:SerializeParams:112] m_offset, 314368
[m[1;33m2025-12-20 10:51:26.177|W|805740677|lpUCM [RemoteSails.cpp:SendWithRetry:185] Successfully wrote 1052 bytes
[m[0;32;32m2025-12-20 10:51:26.180|I|805740677|lpUCM [RemoteSails.cpp:HandleResponse:149] HandleResponse started, buffer size: 1048
[m[0;32;32m2025-12-20 10:51:26.180|I|805740677|lpUCM [RemoteSails.cpp:HandleResponse:158] Successfully deserialized response, status: 0, result code: 0
[m[0;32;31m2025-12-20 10:51:26.180|E|805740677|lpUCM [IpccProtoMessage.cpp:SerializeParams:112] m_offset, 315392
[m[1;33m2025-12-20 10:51:26.180|W|805740677|lpUCM [RemoteSails.cpp:SendWithRetry:185] Successfully wrote 1052 bytes
[m[0;32;32m2025-12-20 10:51:26.211|I|805740677|lpUCM [RemoteSails.cpp:HandleResponse:149] HandleResponse started, buffer size: 1048
[m[0;32;32m2025-12-20 10:51:26.211|I|805740677|lpUCM [RemoteSails.cpp:HandleResponse:158] Successfully deserialized response, status: 0, result code: 0
[m[0;32;31m2025-12-20 10:51:26.211|E|805740677|lpUCM [IpccProtoMessage.cpp:SerializeParams:112] m_offset, 316416
[m[1;33m2025-12-20 10:51:26.211|W|805740677|lpUCM [RemoteSails.cpp:SendWithRetry:185] Successfully wrote 1052 bytes
[m[0;32;32m2025-12-20 10:51:26.215|I|805740677|lpUCM [RemoteSails.cpp:HandleResponse:149] HandleResponse started, buffer size: 1048
[m[0;32;32m2025-12-20 10:51:26.215|I|805740677|lpUCM [RemoteSails.cpp:HandleResponse:158] Successfully deserialized response, status: 0, result code: 0
[m[0;32;31m2025-12-20 10:51:26.215|E|805740677|lpUCM [IpccProtoMessage.cpp:SerializeParams:112] m_offset, 317440
[m[1;33m2025-12-20 10:51:26.215|W|805740677|lpUCM [RemoteSails.cpp:SendWithRetry:185] Successfully wrote 1052 bytes
[m[0;32;32m2025-12-20 10:51:26.218|I|805740677|lpUCM [RemoteSails.cpp:HandleResponse:149] HandleResponse started, buffer size: 1048
[m[0;32;32m2025-12-20 10:51:26.218|I|805740677|lpUCM [RemoteSails.cpp:HandleResponse:158] Successfully deserialized response, status: 0, result code: 0
[m[0;32;31m2025-12-20 10:51:26.218|E|805740677|lpUCM [IpccProtoMessage.cpp:SerializeParams:112] m_offset, 318464
[m[1;33m2025-12-20 10:51:26.218|W|805740677|lpUCM [RemoteSails.cpp:SendWithRetry:185] Successfully wrote 1052 bytes
[m[0;32;32m2025-12-20 10:51:26.222|I|805740677|lpUCM [RemoteSails.cpp:HandleResponse:149] HandleResponse started, buffer size: 1048
[m[0;32;32m2025-12-20 10:51:26.222|I|805740677|lpUCM [RemoteSails.cpp:HandleResponse:158] Successfully deserialized response, status: 0, result code: 0
[m[0;32;31m2025-12-20 10:51:26.222|E|805740677|lpUCM [IpccProtoMessage.cpp:SerializeParams:112] m_offset, 319488
[m[1;33m2025-12-20 10:51:26.222|W|805740677|lpUCM [RemoteSails.cpp:SendWithRetry:185] Successfully wrote 1052 bytes
[m[0;32;32m2025-12-20 10:51:26.256|I|805740677|lpUCM [RemoteSails.cpp:HandleResponse:149] HandleResponse started, buffer size: 1048
[m[0;32;32m2025-12-20 10:51:26.256|I|805740677|lpUCM [RemoteSails.cpp:HandleResponse:158] Successfully deserialized response, status: 0, result code: 0
[m[0;32;31m2025-12-20 10:51:26.256|E|805740677|lpUCM [IpccProtoMessage.cpp:SerializeParams:112] m_offset, 320512
[m[1;33m2025-12-20 10:51:26.256|W|805740677|lpUCM [RemoteSails.cpp:SendWithRetry:185] Successfully wrote 1052 bytes
[m[0;32;32m2025-12-20 10:51:26.260|I|805740677|lpUCM [RemoteSails.cpp:HandleResponse:149] HandleResponse started, buffer size: 1048
[m[0;32;32m2025-12-20 10:51:26.260|I|805740677|lpUCM [RemoteSails.cpp:HandleResponse:158] Successfully deserialized response, status: 0, result code: 0
[m[0;32;31m2025-12-20 10:51:26.260|E|805740677|lpUCM [IpccProtoMessage.cpp:SerializeParams:112] m_offset, 321536
[m[1;33m2025-12-20 10:51:26.260|W|805740677|lpUCM [RemoteSails.cpp:SendWithRetry:185] Successfully wrote 1052 bytes
[m[0;32;32m2025-12-20 10:51:26.267|I|805740677|lpUCM [RemoteSails.cpp:HandleResponse:149] HandleResponse started, buffer size: 1048
[m[0;32;32m2025-12-20 10:51:26.267|I|805740677|lpUCM [RemoteSails.cpp:HandleResponse:158] Successfully deserialized response, status: 0, result code: 0
[m[0;32;31m2025-12-20 10:51:26.267|E|805740677|lpUCM [IpccProtoMessage.cpp:SerializeParams:112] m_offset, 322560
[m[1;33m2025-12-20 10:51:26.267|W|805740677|lpUCM [RemoteSails.cpp:SendWithRetry:185] Successfully wrote 1052 bytes
[m[0;32;32m2025-12-20 10:51:26.271|I|805740677|lpUCM [RemoteSails.cpp:HandleResponse:149] HandleResponse started, buffer size: 1048
[m[0;32;32m2025-12-20 10:51:26.271|I|805740677|lpUCM [RemoteSails.cpp:HandleResponse:158] Successfully deserialized response, status: 0, result code: 0
[m[0;32;31m2025-12-20 10:51:26.271|E|805740677|lpUCM [IpccProtoMessage.cpp:SerializeParams:112] m_offset, 323584
[m[1;33m2025-12-20 10:51:26.271|W|805740677|lpUCM [RemoteSails.cpp:SendWithRetry:185] Successfully wrote 1052 bytes
[m[0;32;32m2025-12-20 10:51:26.303|I|805740677|lpUCM [RemoteSails.cpp:HandleResponse:149] HandleResponse started, buffer size: 1048
[m[0;32;32m2025-12-20 10:51:26.303|I|805740677|lpUCM [RemoteSails.cpp:HandleResponse:158] Successfully deserialized response, status: 0, result code: 0
[m[0;32;31m2025-12-20 10:51:26.303|E|805740677|lpUCM [IpccProtoMessage.cpp:SerializeParams:112] m_offset, 324608
[m[1;33m2025-12-20 10:51:26.303|W|805740677|lpUCM [RemoteSails.cpp:SendWithRetry:185] Successfully wrote 1052 bytes
[m[0;32;32m2025-12-20 10:51:26.306|I|805740677|lpUCM [RemoteSails.cpp:HandleResponse:149] HandleResponse started, buffer size: 1048
[m[0;32;32m2025-12-20 10:51:26.306|I|805740677|lpUCM [RemoteSails.cpp:HandleResponse:158] Successfully deserialized response, status: 0, result code: 0
[m[0;32;31m2025-12-20 10:51:26.306|E|805740677|lpUCM [IpccProtoMessage.cpp:SerializeParams:112] m_offset, 325632
[m[1;33m2025-12-20 10:51:26.306|W|805740677|lpUCM [RemoteSails.cpp:SendWithRetry:185] Successfully wrote 1052 bytes
[m[0;32;32m2025-12-20 10:51:26.309|I|805740677|lpUCM [RemoteSails.cpp:HandleResponse:149] HandleResponse started, buffer size: 1048
[m[0;32;32m2025-12-20 10:51:26.309|I|805740677|lpUCM [RemoteSails.cpp:HandleResponse:158] Successfully deserialized response, status: 0, result code: 0
[m[0;32;31m2025-12-20 10:51:26.309|E|805740677|lpUCM [IpccProtoMessage.cpp:SerializeParams:112] m_offset, 326656
[m[1;33m2025-12-20 10:51:26.309|W|805740677|lpUCM [RemoteSails.cpp:SendWithRetry:185] Successfully wrote 1052 bytes
[m[0;32;32m2025-12-20 10:51:26.315|I|805740677|lpUCM [RemoteSails.cpp:HandleResponse:149] HandleResponse started, buffer size: 1048
[m[0;32;32m2025-12-20 10:51:26.315|I|805740677|lpUCM [RemoteSails.cpp:HandleResponse:158] Successfully deserialized response, status: 0, result code: 0
[m[0;32;32m2025-12-20 10:51:26.315|I|805740677|lpUCM [RemoteSails.cpp:SailWriteData:272] All data already trans size 16384
[m[0;32;32m2025-12-20 10:51:26.315|I|805740677|lpUCM [fds.cpp:FDS_OnLocalUpgProgress:248] total: 23, curr:23, percent:33, rop:97%
[m[0;32;32m2025-12-20 10:51:26.315|I|805740677|lpUCM [RemoteSails.cpp:SailWriteData:254] total data is 16384
[m[0;32;31m2025-12-20 10:51:26.315|E|805740677|lpUCM [IpccProtoMessage.cpp:SerializeParams:112] m_offset, 327680
[m[1;33m2025-12-20 10:51:26.315|W|805740677|lpUCM [RemoteSails.cpp:SendWithRetry:185] Successfully wrote 1052 bytes
[m[0;32;32m2025-12-20 10:51:26.345|I|805740677|lpUCM [RemoteSails.cpp:HandleResponse:149] HandleResponse started, buffer size: 1048
[m[0;32;32m2025-12-20 10:51:26.345|I|805740677|lpUCM [RemoteSails.cpp:HandleResponse:158] Successfully deserialized response, status: 0, result code: 0
[m[0;32;31m2025-12-20 10:51:26.345|E|805740677|lpUCM [IpccProtoMessage.cpp:SerializeParams:112] m_offset, 328704
[m[1;33m2025-12-20 10:51:26.345|W|805740677|lpUCM [RemoteSails.cpp:SendWithRetry:185] Successfully wrote 1052 bytes
[m[0;32;32m2025-12-20 10:51:26.348|I|805740677|lpUCM [RemoteSails.cpp:HandleResponse:149] HandleResponse started, buffer size: 1048
[m[0;32;32m2025-12-20 10:51:26.348|I|805740677|lpUCM [RemoteSails.cpp:HandleResponse:158] Successfully deserialized response, status: 0, result code: 0
[m[0;32;31m2025-12-20 10:51:26.348|E|805740677|lpUCM [IpccProtoMessage.cpp:SerializeParams:112] m_offset, 329728
[m[1;33m2025-12-20 10:51:26.348|W|805740677|lpUCM [RemoteSails.cpp:SendWithRetry:185] Successfully wrote 1052 bytes
[m[0;32;32m2025-12-20 10:51:26.351|I|805740677|lpUCM [RemoteSails.cpp:HandleResponse:149] HandleResponse started, buffer size: 1048
[m[0;32;32m2025-12-20 10:51:26.351|I|805740677|lpUCM [RemoteSails.cpp:HandleResponse:158] Successfully deserialized response, status: 0, result code: 0
[m[0;32;31m2025-12-20 10:51:26.351|E|805740677|lpUCM [IpccProtoMessage.cpp:SerializeParams:112] m_offset, 330752
[m[1;33m2025-12-20 10:51:26.351|W|805740677|lpUCM [RemoteSails.cpp:SendWithRetry:185] Successfully wrote 1052 bytes
[m[0;32;32m2025-12-20 10:51:26.354|I|805740677|lpUCM [RemoteSails.cpp:HandleResponse:149] HandleResponse started, buffer size: 1048
[m[0;32;32m2025-12-20 10:51:26.354|I|805740677|lpUCM [RemoteSails.cpp:HandleResponse:158] Successfully deserialized response, status: 0, result code: 0
[m[0;32;31m2025-12-20 10:51:26.354|E|805740677|lpUCM [IpccProtoMessage.cpp:SerializeParams:112] m_offset, 331776
[m[1;33m2025-12-20 10:51:26.354|W|805740677|lpUCM [RemoteSails.cpp:SendWithRetry:185] Successfully wrote 1052 bytes
[m[0;32;32m2025-12-20 10:51:26.384|I|805740677|lpUCM [RemoteSails.cpp:HandleResponse:149] HandleResponse started, buffer size: 1048
[m[0;32;32m2025-12-20 10:51:26.384|I|805740677|lpUCM [RemoteSails.cpp:HandleResponse:158] Successfully deserialized response, status: 0, result code: 0
[m[0;32;31m2025-12-20 10:51:26.384|E|805740677|lpUCM [IpccProtoMessage.cpp:SerializeParams:112] m_offset, 332800
[m[1;33m2025-12-20 10:51:26.384|W|805740677|lpUCM [RemoteSails.cpp:SendWithRetry:185] Successfully wrote 1052 bytes
[m[0;32;32m2025-12-20 10:51:26.387|I|805740677|lpUCM [RemoteSails.cpp:HandleResponse:149] HandleResponse started, buffer size: 1048
[m[0;32;32m2025-12-20 10:51:26.387|I|805740677|lpUCM [RemoteSails.cpp:HandleResponse:158] Successfully deserialized response, status: 0, result code: 0
[m[0;32;31m2025-12-20 10:51:26.387|E|805740677|lpUCM [IpccProtoMessage.cpp:SerializeParams:112] m_offset, 333824
[m[1;33m2025-12-20 10:51:26.387|W|805740677|lpUCM [RemoteSails.cpp:SendWithRetry:185] Successfully wrote 1052 bytes
[m[0;32;32m2025-12-20 10:51:26.390|I|805740677|lpUCM [RemoteSails.cpp:HandleResponse:149] HandleResponse started, buffer size: 1048
[m[0;32;32m2025-12-20 10:51:26.390|I|805740677|lpUCM [RemoteSails.cpp:HandleResponse:158] Successfully deserialized response, status: 0, result code: 0
[m[0;32;31m2025-12-20 10:51:26.390|E|805740677|lpUCM [IpccProtoMessage.cpp:SerializeParams:112] m_offset, 334848
[m[1;33m2025-12-20 10:51:26.390|W|805740677|lpUCM [RemoteSails.cpp:SendWithRetry:185] Successfully wrote 1052 bytes
[m[0;32;32m2025-12-20 10:51:26.396|I|805740677|lpUCM [RemoteSails.cpp:HandleResponse:149] HandleResponse started, buffer size: 1048
[m[0;32;32m2025-12-20 10:51:26.396|I|805740677|lpUCM [RemoteSails.cpp:HandleResponse:158] Successfully deserialized response, status: 0, result code: 0
[m[0;32;31m2025-12-20 10:51:26.396|E|805740677|lpUCM [IpccProtoMessage.cpp:SerializeParams:112] m_offset, 335872
[m[1;33m2025-12-20 10:51:26.396|W|805740677|lpUCM [RemoteSails.cpp:SendWithRetry:185] Successfully wrote 1052 bytes
[m[0;32;32m2025-12-20 10:51:26.426|I|805740677|lpUCM [RemoteSails.cpp:HandleResponse:149] HandleResponse started, buffer size: 1048
[m[0;32;32m2025-12-20 10:51:26.426|I|805740677|lpUCM [RemoteSails.cpp:HandleResponse:158] Successfully deserialized response, status: 0, result code: 0
[m[0;32;31m2025-12-20 10:51:26.426|E|805740677|lpUCM [IpccProtoMessage.cpp:SerializeParams:112] m_offset, 336896
[m[1;33m2025-12-20 10:51:26.426|W|805740677|lpUCM [RemoteSails.cpp:SendWithRetry:185] Successfully wrote 1052 bytes
[m[0;32;32m2025-12-20 10:51:26.429|I|805740677|lpUCM [RemoteSails.cpp:HandleResponse:149] HandleResponse started, buffer size: 1048
[m[0;32;32m2025-12-20 10:51:26.429|I|805740677|lpUCM [RemoteSails.cpp:HandleResponse:158] Successfully deserialized response, status: 0, result code: 0
[m[0;32;31m2025-12-20 10:51:26.429|E|805740677|lpUCM [IpccProtoMessage.cpp:SerializeParams:112] m_offset, 337920
[m[1;33m2025-12-20 10:51:26.429|W|805740677|lpUCM [RemoteSails.cpp:SendWithRetry:185] Successfully wrote 1052 bytes
[m[0;32;32m2025-12-20 10:51:26.435|I|805740677|lpUCM [RemoteSails.cpp:HandleResponse:149] HandleResponse started, buffer size: 1048
[m[0;32;32m2025-12-20 10:51:26.435|I|805740677|lpUCM [RemoteSails.cpp:HandleResponse:158] Successfully deserialized response, status: 0, result code: 0
[m[0;32;31m2025-12-20 10:51:26.435|E|805740677|lpUCM [IpccProtoMessage.cpp:SerializeParams:112] m_offset, 338944
[m[1;33m2025-12-20 10:51:26.435|W|805740677|lpUCM [RemoteSails.cpp:SendWithRetry:185] Successfully wrote 1052 bytes
[m[0;32;32m2025-12-20 10:51:26.438|I|805740677|lpUCM [RemoteSails.cpp:HandleResponse:149] HandleResponse started, buffer size: 1048
[m[0;32;32m2025-12-20 10:51:26.438|I|805740677|lpUCM [RemoteSails.cpp:HandleResponse:158] Successfully deserialized response, status: 0, result code: 0
[m[0;32;31m2025-12-20 10:51:26.438|E|805740677|lpUCM [IpccProtoMessage.cpp:SerializeParams:112] m_offset, 339968
[m[1;33m2025-12-20 10:51:26.438|W|805740677|lpUCM [RemoteSails.cpp:SendWithRetry:185] Successfully wrote 1052 bytes
[m[0;32;32m2025-12-20 10:51:26.466|I|805740677|lpUCM [RemoteSails.cpp:HandleResponse:149] HandleResponse started, buffer size: 1048
[m[0;32;32m2025-12-20 10:51:26.466|I|805740677|lpUCM [RemoteSails.cpp:HandleResponse:158] Successfully deserialized response, status: 0, result code: 0
[m[0;32;31m2025-12-20 10:51:26.466|E|805740677|lpUCM [IpccProtoMessage.cpp:SerializeParams:112] m_offset, 340992
[m[1;33m2025-12-20 10:51:26.466|W|805740677|lpUCM [RemoteSails.cpp:SendWithRetry:185] Successfully wrote 1052 bytes
[m[0;32;32m2025-12-20 10:51:26.470|I|805740677|lpUCM [RemoteSails.cpp:HandleResponse:149] HandleResponse started, buffer size: 1048
[m[0;32;32m2025-12-20 10:51:26.470|I|805740677|lpUCM [RemoteSails.cpp:HandleResponse:158] Successfully deserialized response, status: 0, result code: 0
[m[0;32;31m2025-12-20 10:51:26.470|E|805740677|lpUCM [IpccProtoMessage.cpp:SerializeParams:112] m_offset, 342016
[m[1;33m2025-12-20 10:51:26.470|W|805740677|lpUCM [RemoteSails.cpp:SendWithRetry:185] Successfully wrote 1052 bytes
[m[0;32;32m2025-12-20 10:51:26.474|I|805740677|lpUCM [RemoteSails.cpp:HandleResponse:149] HandleResponse started, buffer size: 1048
[m[0;32;32m2025-12-20 10:51:26.474|I|805740677|lpUCM [RemoteSails.cpp:HandleResponse:158] Successfully deserialized response, status: 0, result code: 0
[m[0;32;31m2025-12-20 10:51:26.474|E|805740677|lpUCM [IpccProtoMessage.cpp:SerializeParams:112] m_offset, 343040
[m[1;33m2025-12-20 10:51:26.474|W|805740677|lpUCM [RemoteSails.cpp:SendWithRetry:185] Successfully wrote 1052 bytes
[m[0;32;32m2025-12-20 10:51:26.478|I|805740677|lpUCM [RemoteSails.cpp:HandleResponse:149] HandleResponse started, buffer size: 1048
[m[0;32;32m2025-12-20 10:51:26.478|I|805740677|lpUCM [RemoteSails.cpp:HandleResponse:158] Successfully deserialized response, status: 0, result code: 0
[m[0;32;32m2025-12-20 10:51:26.478|I|805740677|lpUCM [RemoteSails.cpp:SailWriteData:272] All data already trans size 16384
[m[0;32;32m2025-12-20 10:51:26.478|I|805740677|lpUCM [fds.cpp:FDS_OnLocalUpgProgress:248] total: 23, curr:23, percent:34, rop:97%
[m[0;32;32m2025-12-20 10:51:26.478|I|805740677|lpUCM [RemoteSails.cpp:SailWriteData:254] total data is 16384
[m[0;32;31m2025-12-20 10:51:26.478|E|805740677|lpUCM [IpccProtoMessage.cpp:SerializeParams:112] m_offset, 344064
[m[1;33m2025-12-20 10:51:26.478|W|805740677|lpUCM [RemoteSails.cpp:SendWithRetry:185] Successfully wrote 1052 bytes
[m[0;32;32m2025-12-20 10:51:26.507|I|805740677|lpUCM [RemoteSails.cpp:HandleResponse:149] HandleResponse started, buffer size: 1048
[m[0;32;32m2025-12-20 10:51:26.507|I|805740677|lpUCM [RemoteSails.cpp:HandleResponse:158] Successfully deserialized response, status: 0, result code: 0
[m[0;32;31m2025-12-20 10:51:26.507|E|805740677|lpUCM [IpccProtoMessage.cpp:SerializeParams:112] m_offset, 345088
[m[1;33m2025-12-20 10:51:26.507|W|805740677|lpUCM [RemoteSails.cpp:SendWithRetry:185] Successfully wrote 1052 bytes
[m[0;32;32m2025-12-20 10:51:26.510|I|805740677|lpUCM [RemoteSails.cpp:HandleResponse:149] HandleResponse started, buffer size: 1048
[m[0;32;32m2025-12-20 10:51:26.510|I|805740677|lpUCM [RemoteSails.cpp:HandleResponse:158] Successfully deserialized response, status: 0, result code: 0
[m[0;32;31m2025-12-20 10:51:26.510|E|805740677|lpUCM [IpccProtoMessage.cpp:SerializeParams:112] m_offset, 346112
[m[1;33m2025-12-20 10:51:26.510|W|805740677|lpUCM [RemoteSails.cpp:SendWithRetry:185] Successfully wrote 1052 bytes
[m[0;32;32m2025-12-20 10:51:26.514|I|805740677|lpUCM [RemoteSails.cpp:HandleResponse:149] HandleResponse started, buffer size: 1048
[m[0;32;32m2025-12-20 10:51:26.514|I|805740677|lpUCM [RemoteSails.cpp:HandleResponse:158] Successfully deserialized response, status: 0, result code: 0
[m[0;32;31m2025-12-20 10:51:26.514|E|805740677|lpUCM [IpccProtoMessage.cpp:SerializeParams:112] m_offset, 347136
[m[1;33m2025-12-20 10:51:26.514|W|805740677|lpUCM [RemoteSails.cpp:SendWithRetry:185] Successfully wrote 1052 bytes
[m[0;32;32m2025-12-20 10:51:26.517|I|805740677|lpUCM [RemoteSails.cpp:HandleResponse:149] HandleResponse started, buffer size: 1048
[m[0;32;32m2025-12-20 10:51:26.517|I|805740677|lpUCM [RemoteSails.cpp:HandleResponse:158] Successfully deserialized response, status: 0, result code: 0
[m[0;32;31m2025-12-20 10:51:26.517|E|805740677|lpUCM [IpccProtoMessage.cpp:SerializeParams:112] m_offset, 348160
[m[1;33m2025-12-20 10:51:26.517|W|805740677|lpUCM [RemoteSails.cpp:SendWithRetry:185] Successfully wrote 1052 bytes
[m[0;32;32m2025-12-20 10:51:26.550|I|805740677|lpUCM [RemoteSails.cpp:HandleResponse:149] HandleResponse started, buffer size: 1048
[m[0;32;32m2025-12-20 10:51:26.550|I|805740677|lpUCM [RemoteSails.cpp:HandleResponse:158] Successfully deserialized response, status: 0, result code: 0
[m[0;32;31m2025-12-20 10:51:26.550|E|805740677|lpUCM [IpccProtoMessage.cpp:SerializeParams:112] m_offset, 349184
[m[1;33m2025-12-20 10:51:26.550|W|805740677|lpUCM [RemoteSails.cpp:SendWithRetry:185] Successfully wrote 1052 bytes
[m[0;32;32m2025-12-20 10:51:26.556|I|805740677|lpUCM [RemoteSails.cpp:HandleResponse:149] HandleResponse started, buffer size: 1048
[m[0;32;32m2025-12-20 10:51:26.556|I|805740677|lpUCM [RemoteSails.cpp:HandleResponse:158] Successfully deserialized response, status: 0, result code: 0
[m[0;32;31m2025-12-20 10:51:26.556|E|805740677|lpUCM [IpccProtoMessage.cpp:SerializeParams:112] m_offset, 350208
[m[1;33m2025-12-20 10:51:26.556|W|805740677|lpUCM [RemoteSails.cpp:SendWithRetry:185] Successfully wrote 1052 bytes
[m[0;32;32m2025-12-20 10:51:26.559|I|805740677|lpUCM [RemoteSails.cpp:HandleResponse:149] HandleResponse started, buffer size: 1048
[m[0;32;32m2025-12-20 10:51:26.559|I|805740677|lpUCM [RemoteSails.cpp:HandleResponse:158] Successfully deserialized response, status: 0, result code: 0
[m[0;32;31m2025-12-20 10:51:26.559|E|805740677|lpUCM [IpccProtoMessage.cpp:SerializeParams:112] m_offset, 351232
[m[1;33m2025-12-20 10:51:26.559|W|805740677|lpUCM [RemoteSails.cpp:SendWithRetry:185] Successfully wrote 1052 bytes
[m[0;32;32m2025-12-20 10:51:26.562|I|805740677|lpUCM [RemoteSails.cpp:HandleResponse:149] HandleResponse started, buffer size: 1048
[m[0;32;32m2025-12-20 10:51:26.562|I|805740677|lpUCM [RemoteSails.cpp:HandleResponse:158] Successfully deserialized response, status: 0, result code: 0
[m[0;32;31m2025-12-20 10:51:26.562|E|805740677|lpUCM [IpccProtoMessage.cpp:SerializeParams:112] m_offset, 352256
[m[1;33m2025-12-20 10:51:26.562|W|805740677|lpUCM [RemoteSails.cpp:SendWithRetry:185] Successfully wrote 1052 bytes
[m[0;32;32m2025-12-20 10:51:26.595|I|805740677|lpUCM [RemoteSails.cpp:HandleResponse:149] HandleResponse started, buffer size: 1048
[m[0;32;32m2025-12-20 10:51:26.595|I|805740677|lpUCM [RemoteSails.cpp:HandleResponse:158] Successfully deserialized response, status: 0, result code: 0
[m[0;32;31m2025-12-20 10:51:26.595|E|805740677|lpUCM [IpccProtoMessage.cpp:SerializeParams:112] m_offset, 353280
[m[1;33m2025-12-20 10:51:26.595|W|805740677|lpUCM [RemoteSails.cpp:SendWithRetry:185] Successfully wrote 1052 bytes
[m[0;32;32m2025-12-20 10:51:26.598|I|805740677|lpUCM [RemoteSails.cpp:HandleResponse:149] HandleResponse started, buffer size: 1048
[m[0;32;32m2025-12-20 10:51:26.598|I|805740677|lpUCM [RemoteSails.cpp:HandleResponse:158] Successfully deserialized response, status: 0, result code: 0
[m[0;32;31m2025-12-20 10:51:26.598|E|805740677|lpUCM [IpccProtoMessage.cpp:SerializeParams:112] m_offset, 354304
[m[1;33m2025-12-20 10:51:26.598|W|805740677|lpUCM [RemoteSails.cpp:SendWithRetry:185] Successfully wrote 1052 bytes
[m[0;32;32m2025-12-20 10:51:26.601|I|805740677|lpUCM [RemoteSails.cpp:HandleResponse:149] HandleResponse started, buffer size: 1048
[m[0;32;32m2025-12-20 10:51:26.601|I|805740677|lpUCM [RemoteSails.cpp:HandleResponse:158] Successfully deserialized response, status: 0, result code: 0
[m[0;32;31m2025-12-20 10:51:26.601|E|805740677|lpUCM [IpccProtoMessage.cpp:SerializeParams:112] m_offset, 355328
[m[1;33m2025-12-20 10:51:26.601|W|805740677|lpUCM [RemoteSails.cpp:SendWithRetry:185] Successfully wrote 1052 bytes
[m[0;32;32m2025-12-20 10:51:26.604|I|805740677|lpUCM [RemoteSails.cpp:HandleResponse:149] HandleResponse started, buffer size: 1048
[m[0;32;32m2025-12-20 10:51:26.604|I|805740677|lpUCM [RemoteSails.cpp:HandleResponse:158] Successfully deserialized response, status: 0, result code: 0
[m[0;32;31m2025-12-20 10:51:26.604|E|805740677|lpUCM [IpccProtoMessage.cpp:SerializeParams:112] m_offset, 356352
[m[1;33m2025-12-20 10:51:26.604|W|805740677|lpUCM [RemoteSails.cpp:SendWithRetry:185] Successfully wrote 1052 bytes
[m[0;32;32m2025-12-20 10:51:26.635|I|805740677|lpUCM [RemoteSails.cpp:HandleResponse:149] HandleResponse started, buffer size: 1048
[m[0;32;32m2025-12-20 10:51:26.635|I|805740677|lpUCM [RemoteSails.cpp:HandleResponse:158] Successfully deserialized response, status: 0, result code: 0
[m[0;32;31m2025-12-20 10:51:26.635|E|805740677|lpUCM [IpccProtoMessage.cpp:SerializeParams:112] m_offset, 357376
[m[1;33m2025-12-20 10:51:26.635|W|805740677|lpUCM [RemoteSails.cpp:SendWithRetry:185] Successfully wrote 1052 bytes
[m[0;32;32m2025-12-20 10:51:26.639|I|805740677|lpUCM [RemoteSails.cpp:HandleResponse:149] HandleResponse started, buffer size: 1048
[m[0;32;32m2025-12-20 10:51:26.639|I|805740677|lpUCM [RemoteSails.cpp:HandleResponse:158] Successfully deserialized response, status: 0, result code: 0
[m[0;32;31m2025-12-20 10:51:26.639|E|805740677|lpUCM [IpccProtoMessage.cpp:SerializeParams:112] m_offset, 358400
[m[1;33m2025-12-20 10:51:26.639|W|805740677|lpUCM [RemoteSails.cpp:SendWithRetry:185] Successfully wrote 1052 bytes
[m[0;32;32m2025-12-20 10:51:26.643|I|805740677|lpUCM [RemoteSails.cpp:HandleResponse:149] HandleResponse started, buffer size: 1048
[m[0;32;32m2025-12-20 10:51:26.643|I|805740677|lpUCM [RemoteSails.cpp:HandleResponse:158] Successfully deserialized response, status: 0, result code: 0
[m[0;32;31m2025-12-20 10:51:26.643|E|805740677|lpUCM [IpccProtoMessage.cpp:SerializeParams:112] m_offset, 359424
[m[1;33m2025-12-20 10:51:26.643|W|805740677|lpUCM [RemoteSails.cpp:SendWithRetry:185] Successfully wrote 1052 bytes
[m[0;32;32m2025-12-20 10:51:26.646|I|805740677|lpUCM [RemoteSails.cpp:HandleResponse:149] HandleResponse started, buffer size: 1048
[m[0;32;32m2025-12-20 10:51:26.646|I|805740677|lpUCM [RemoteSails.cpp:HandleResponse:158] Successfully deserialized response, status: 0, result code: 0
[m[0;32;32m2025-12-20 10:51:26.646|I|805740677|lpUCM [RemoteSails.cpp:SailWriteData:272] All data already trans size 16384
[m[0;32;32m2025-12-20 10:51:26.646|I|805740677|lpUCM [fds.cpp:FDS_OnLocalUpgProgress:248] total: 23, curr:23, percent:35, rop:97%
[m[0;32;32m2025-12-20 10:51:26.646|I|805740677|lpUCM [RemoteSails.cpp:SailWriteData:254] total data is 16384
[m[0;32;31m2025-12-20 10:51:26.646|E|805740677|lpUCM [IpccProtoMessage.cpp:SerializeParams:112] m_offset, 360448
[m[1;33m2025-12-20 10:51:26.646|W|805740677|lpUCM [RemoteSails.cpp:SendWithRetry:185] Successfully wrote 1052 bytes
[m[0;32;32m2025-12-20 10:51:26.676|I|805740677|lpUCM [RemoteSails.cpp:HandleResponse:149] HandleResponse started, buffer size: 1048
[m[0;32;32m2025-12-20 10:51:26.676|I|805740677|lpUCM [RemoteSails.cpp:HandleResponse:158] Successfully deserialized response, status: 0, result code: 0
[m[0;32;31m2025-12-20 10:51:26.676|E|805740677|lpUCM [IpccProtoMessage.cpp:SerializeParams:112] m_offset, 361472
[m[1;33m2025-12-20 10:51:26.676|W|805740677|lpUCM [RemoteSails.cpp:SendWithRetry:185] Successfully wrote 1052 bytes
[m[0;32;32m2025-12-20 10:51:26.680|I|805740677|lpUCM [RemoteSails.cpp:HandleResponse:149] HandleResponse started, buffer size: 1048
[m[0;32;32m2025-12-20 10:51:26.680|I|805740677|lpUCM [RemoteSails.cpp:HandleResponse:158] Successfully deserialized response, status: 0, result code: 0
[m[0;32;31m2025-12-20 10:51:26.680|E|805740677|lpUCM [IpccProtoMessage.cpp:SerializeParams:112] m_offset, 362496
[m[1;33m2025-12-20 10:51:26.680|W|805740677|lpUCM [RemoteSails.cpp:SendWithRetry:185] Successfully wrote 1052 bytes
[m[0;32;32m2025-12-20 10:51:26.686|I|805740677|lpUCM [RemoteSails.cpp:HandleResponse:149] HandleResponse started, buffer size: 1048
[m[0;32;32m2025-12-20 10:51:26.686|I|805740677|lpUCM [RemoteSails.cpp:HandleResponse:158] Successfully deserialized response, status: 0, result code: 0
[m[0;32;31m2025-12-20 10:51:26.686|E|805740677|lpUCM [IpccProtoMessage.cpp:SerializeParams:112] m_offset, 363520
[m[1;33m2025-12-20 10:51:26.686|W|805740677|lpUCM [RemoteSails.cpp:SendWithRetry:185] Successfully wrote 1052 bytes
[m[0;32;32m2025-12-20 10:51:26.689|I|805740677|lpUCM [RemoteSails.cpp:HandleResponse:149] HandleResponse started, buffer size: 1048
[m[0;32;32m2025-12-20 10:51:26.689|I|805740677|lpUCM [RemoteSails.cpp:HandleResponse:158] Successfully deserialized response, status: 0, result code: 0
[m[0;32;31m2025-12-20 10:51:26.689|E|805740677|lpUCM [IpccProtoMessage.cpp:SerializeParams:112] m_offset, 364544
[m[1;33m2025-12-20 10:51:26.689|W|805740677|lpUCM [RemoteSails.cpp:SendWithRetry:185] Successfully wrote 1052 bytes
[m[0;32;32m2025-12-20 10:51:26.721|I|805740677|lpUCM [RemoteSails.cpp:HandleResponse:149] HandleResponse started, buffer size: 1048
[m[0;32;32m2025-12-20 10:51:26.721|I|805740677|lpUCM [RemoteSails.cpp:HandleResponse:158] Successfully deserialized response, status: 0, result code: 0
[m[0;32;31m2025-12-20 10:51:26.721|E|805740677|lpUCM [IpccProtoMessage.cpp:SerializeParams:112] m_offset, 365568
[m[1;33m2025-12-20 10:51:26.721|W|805740677|lpUCM [RemoteSails.cpp:SendWithRetry:185] Successfully wrote 1052 bytes
[m[0;32;32m2025-12-20 10:51:26.727|I|805740677|lpUCM [RemoteSails.cpp:HandleResponse:149] HandleResponse started, buffer size: 1048
[m[0;32;32m2025-12-20 10:51:26.727|I|805740677|lpUCM [RemoteSails.cpp:HandleResponse:158] Successfully deserialized response, status: 0, result code: 0
[m[0;32;31m2025-12-20 10:51:26.727|E|805740677|lpUCM [IpccProtoMessage.cpp:SerializeParams:112] m_offset, 366592
[m[1;33m2025-12-20 10:51:26.727|W|805740677|lpUCM [RemoteSails.cpp:SendWithRetry:185] Successfully wrote 1052 bytes
[m[0;32;32m2025-12-20 10:51:26.730|I|805740677|lpUCM [RemoteSails.cpp:HandleResponse:149] HandleResponse started, buffer size: 1048
[m[0;32;32m2025-12-20 10:51:26.730|I|805740677|lpUCM [RemoteSails.cpp:HandleResponse:158] Successfully deserialized response, status: 0, result code: 0
[m[0;32;31m2025-12-20 10:51:26.730|E|805740677|lpUCM [IpccProtoMessage.cpp:SerializeParams:112] m_offset, 367616
[m[1;33m2025-12-20 10:51:26.730|W|805740677|lpUCM [RemoteSails.cpp:SendWithRetry:185] Successfully wrote 1052 bytes
[m[0;32;32m2025-12-20 10:51:26.733|I|805740677|lpUCM [RemoteSails.cpp:HandleResponse:149] HandleResponse started, buffer size: 1048
[m[0;32;32m2025-12-20 10:51:26.733|I|805740677|lpUCM [RemoteSails.cpp:HandleResponse:158] Successfully deserialized response, status: 0, result code: 0
[m[0;32;31m2025-12-20 10:51:26.733|E|805740677|lpUCM [IpccProtoMessage.cpp:SerializeParams:112] m_offset, 368640
[m[1;33m2025-12-20 10:51:26.733|W|805740677|lpUCM [RemoteSails.cpp:SendWithRetry:185] Successfully wrote 1052 bytes
[m[0;32;32m2025-12-20 10:51:26.766|I|805740677|lpUCM [RemoteSails.cpp:HandleResponse:149] HandleResponse started, buffer size: 1048
[m[0;32;32m2025-12-20 10:51:26.766|I|805740677|lpUCM [RemoteSails.cpp:HandleResponse:158] Successfully deserialized response, status: 0, result code: 0
[m[0;32;31m2025-12-20 10:51:26.766|E|805740677|lpUCM [IpccProtoMessage.cpp:SerializeParams:112] m_offset, 369664
[m[1;33m2025-12-20 10:51:26.766|W|805740677|lpUCM [RemoteSails.cpp:SendWithRetry:185] Successfully wrote 1052 bytes
[m[0;32;32m2025-12-20 10:51:26.769|I|805740677|lpUCM [RemoteSails.cpp:HandleResponse:149] HandleResponse started, buffer size: 1048
[m[0;32;32m2025-12-20 10:51:26.769|I|805740677|lpUCM [RemoteSails.cpp:HandleResponse:158] Successfully deserialized response, status: 0, result code: 0
[m[0;32;31m2025-12-20 10:51:26.769|E|805740677|lpUCM [IpccProtoMessage.cpp:SerializeParams:112] m_offset, 370688
[m[1;33m2025-12-20 10:51:26.769|W|805740677|lpUCM [RemoteSails.cpp:SendWithRetry:185] Successfully wrote 1052 bytes
[m[0;32;32m2025-12-20 10:51:26.775|I|805740677|lpUCM [RemoteSails.cpp:HandleResponse:149] HandleResponse started, buffer size: 1048
[m[0;32;32m2025-12-20 10:51:26.775|I|805740677|lpUCM [RemoteSails.cpp:HandleResponse:158] Successfully deserialized response, status: 0, result code: 0
[m[0;32;31m2025-12-20 10:51:26.775|E|805740677|lpUCM [IpccProtoMessage.cpp:SerializeParams:112] m_offset, 371712
[m[1;33m2025-12-20 10:51:26.775|W|805740677|lpUCM [RemoteSails.cpp:SendWithRetry:185] Successfully wrote 1052 bytes
[m[0;32;32m2025-12-20 10:51:26.778|I|805740677|lpUCM [RemoteSails.cpp:HandleResponse:149] HandleResponse started, buffer size: 1048
[m[0;32;32m2025-12-20 10:51:26.778|I|805740677|lpUCM [RemoteSails.cpp:HandleResponse:158] Successfully deserialized response, status: 0, result code: 0
[m[0;32;31m2025-12-20 10:51:26.778|E|805740677|lpUCM [IpccProtoMessage.cpp:SerializeParams:112] m_offset, 372736
[m[1;33m2025-12-20 10:51:26.778|W|805740677|lpUCM [RemoteSails.cpp:SendWithRetry:185] Successfully wrote 1052 bytes
[m[0;32;32m2025-12-20 10:51:26.808|I|805740677|lpUCM [RemoteSails.cpp:HandleResponse:149] HandleResponse started, buffer size: 1048
[m[0;32;32m2025-12-20 10:51:26.808|I|805740677|lpUCM [RemoteSails.cpp:HandleResponse:158] Successfully deserialized response, status: 0, result code: 0
[m[0;32;31m2025-12-20 10:51:26.808|E|805740677|lpUCM [IpccProtoMessage.cpp:SerializeParams:112] m_offset, 373760
[m[1;33m2025-12-20 10:51:26.808|W|805740677|lpUCM [RemoteSails.cpp:SendWithRetry:185] Successfully wrote 1052 bytes
[m[0;32;32m2025-12-20 10:51:26.811|I|805740677|lpUCM [RemoteSails.cpp:HandleResponse:149] HandleResponse started, buffer size: 1048
[m[0;32;32m2025-12-20 10:51:26.811|I|805740677|lpUCM [RemoteSails.cpp:HandleResponse:158] Successfully deserialized response, status: 0, result code: 0
[m[0;32;31m2025-12-20 10:51:26.811|E|805740677|lpUCM [IpccProtoMessage.cpp:SerializeParams:112] m_offset, 374784
[m[1;33m2025-12-20 10:51:26.811|W|805740677|lpUCM [RemoteSails.cpp:SendWithRetry:185] Successfully wrote 1052 bytes
[m[0;32;32m2025-12-20 10:51:26.814|I|805740677|lpUCM [RemoteSails.cpp:HandleResponse:149] HandleResponse started, buffer size: 1048
[m[0;32;32m2025-12-20 10:51:26.814|I|805740677|lpUCM [RemoteSails.cpp:HandleResponse:158] Successfully deserialized response, status: 0, result code: 0
[m[0;32;31m2025-12-20 10:51:26.814|E|805740677|lpUCM [IpccProtoMessage.cpp:SerializeParams:112] m_offset, 375808
[m[1;33m2025-12-20 10:51:26.814|W|805740677|lpUCM [RemoteSails.cpp:SendWithRetry:185] Successfully wrote 1052 bytes
[m[0;32;32m2025-12-20 10:51:26.817|I|805740677|lpUCM [RemoteSails.cpp:HandleResponse:149] HandleResponse started, buffer size: 1048
[m[0;32;32m2025-12-20 10:51:26.817|I|805740677|lpUCM [RemoteSails.cpp:HandleResponse:158] Successfully deserialized response, status: 0, result code: 0
[m[0;32;32m2025-12-20 10:51:26.817|I|805740677|lpUCM [RemoteSails.cpp:SailWriteData:272] All data already trans size 16384
[m[0;32;32m2025-12-20 10:51:26.817|I|805740677|lpUCM [fds.cpp:FDS_OnLocalUpgProgress:248] total: 23, curr:23, percent:36, rop:97%
[m[0;32;32m2025-12-20 10:51:26.817|I|805740677|lpUCM [RemoteSails.cpp:SailWriteData:254] total data is 16384
[m[0;32;31m2025-12-20 10:51:26.817|E|805740677|lpUCM [IpccProtoMessage.cpp:SerializeParams:112] m_offset, 376832
[m[1;33m2025-12-20 10:51:26.817|W|805740677|lpUCM [RemoteSails.cpp:SendWithRetry:185] Successfully wrote 1052 bytes
[m[0;32;32m2025-12-20 10:51:26.851|I|805740677|lpUCM [RemoteSails.cpp:HandleResponse:149] HandleResponse started, buffer size: 1048
[m[0;32;32m2025-12-20 10:51:26.851|I|805740677|lpUCM [RemoteSails.cpp:HandleResponse:158] Successfully deserialized response, status: 0, result code: 0
[m[0;32;31m2025-12-20 10:51:26.851|E|805740677|lpUCM [IpccProtoMessage.cpp:SerializeParams:112] m_offset, 377856
[m[1;33m2025-12-20 10:51:26.851|W|805740677|lpUCM [RemoteSails.cpp:SendWithRetry:185] Successfully wrote 1052 bytes
[m[0;32;32m2025-12-20 10:51:26.855|I|805740677|lpUCM [RemoteSails.cpp:HandleResponse:149] HandleResponse started, buffer size: 1048
[m[0;32;32m2025-12-20 10:51:26.855|I|805740677|lpUCM [RemoteSails.cpp:HandleResponse:158] Successfully deserialized response, status: 0, result code: 0
[m[0;32;31m2025-12-20 10:51:26.855|E|805740677|lpUCM [IpccProtoMessage.cpp:SerializeParams:112] m_offset, 378880
[m[1;33m2025-12-20 10:51:26.855|W|805740677|lpUCM [RemoteSails.cpp:SendWithRetry:185] Successfully wrote 1052 bytes
[m[0;32;32m2025-12-20 10:51:26.859|I|805740677|lpUCM [RemoteSails.cpp:HandleResponse:149] HandleResponse started, buffer size: 1048
[m[0;32;32m2025-12-20 10:51:26.859|I|805740677|lpUCM [RemoteSails.cpp:HandleResponse:158] Successfully deserialized response, status: 0, result code: 0
[m[0;32;31m2025-12-20 10:51:26.859|E|805740677|lpUCM [IpccProtoMessage.cpp:SerializeParams:112] m_offset, 379904
[m[1;33m2025-12-20 10:51:26.859|W|805740677|lpUCM [RemoteSails.cpp:SendWithRetry:185] Successfully wrote 1052 bytes
[m[0;32;32m2025-12-20 10:51:26.863|I|805740677|lpUCM [RemoteSails.cpp:HandleResponse:149] HandleResponse started, buffer size: 1048
[m[0;32;32m2025-12-20 10:51:26.863|I|805740677|lpUCM [RemoteSails.cpp:HandleResponse:158] Successfully deserialized response, status: 0, result code: 0
[m[0;32;31m2025-12-20 10:51:26.863|E|805740677|lpUCM [IpccProtoMessage.cpp:SerializeParams:112] m_offset, 380928
[m[1;33m2025-12-20 10:51:26.863|W|805740677|lpUCM [RemoteSails.cpp:SendWithRetry:185] Successfully wrote 1052 bytes
[m[0;32;32m2025-12-20 10:51:26.896|I|805740677|lpUCM [RemoteSails.cpp:HandleResponse:149] HandleResponse started, buffer size: 1048
[m[0;32;32m2025-12-20 10:51:26.896|I|805740677|lpUCM [RemoteSails.cpp:HandleResponse:158] Successfully deserialized response, status: 0, result code: 0
[m[0;32;31m2025-12-20 10:51:26.896|E|805740677|lpUCM [IpccProtoMessage.cpp:SerializeParams:112] m_offset, 381952
[m[1;33m2025-12-20 10:51:26.896|W|805740677|lpUCM [RemoteSails.cpp:SendWithRetry:185] Successfully wrote 1052 bytes
[m[0;32;32m2025-12-20 10:51:26.899|I|805740677|lpUCM [RemoteSails.cpp:HandleResponse:149] HandleResponse started, buffer size: 1048
[m[0;32;32m2025-12-20 10:51:26.899|I|805740677|lpUCM [RemoteSails.cpp:HandleResponse:158] Successfully deserialized response, status: 0, result code: 0
[m[0;32;31m2025-12-20 10:51:26.899|E|805740677|lpUCM [IpccProtoMessage.cpp:SerializeParams:112] m_offset, 382976
[m[1;33m2025-12-20 10:51:26.899|W|805740677|lpUCM [RemoteSails.cpp:SendWithRetry:185] Successfully wrote 1052 bytes
[m[0;32;32m2025-12-20 10:51:26.903|I|805740677|lpUCM [RemoteSails.cpp:HandleResponse:149] HandleResponse started, buffer size: 1048
[m[0;32;32m2025-12-20 10:51:26.903|I|805740677|lpUCM [RemoteSails.cpp:HandleResponse:158] Successfully deserialized response, status: 0, result code: 0
[m[0;32;31m2025-12-20 10:51:26.903|E|805740677|lpUCM [IpccProtoMessage.cpp:SerializeParams:112] m_offset, 384000
[m[1;33m2025-12-20 10:51:26.903|W|805740677|lpUCM [RemoteSails.cpp:SendWithRetry:185] Successfully wrote 1052 bytes
[m[0;32;32m2025-12-20 10:51:26.906|I|805740677|lpUCM [RemoteSails.cpp:HandleResponse:149] HandleResponse started, buffer size: 1048
[m[0;32;32m2025-12-20 10:51:26.906|I|805740677|lpUCM [RemoteSails.cpp:HandleResponse:158] Successfully deserialized response, status: 0, result code: 0
[m[0;32;31m2025-12-20 10:51:26.906|E|805740677|lpUCM [IpccProtoMessage.cpp:SerializeParams:112] m_offset, 385024
[m[1;33m2025-12-20 10:51:26.906|W|805740677|lpUCM [RemoteSails.cpp:SendWithRetry:185] Successfully wrote 1052 bytes
[m[0;32;32m2025-12-20 10:51:26.936|I|805740677|lpUCM [RemoteSails.cpp:HandleResponse:149] HandleResponse started, buffer size: 1048
[m[0;32;32m2025-12-20 10:51:26.936|I|805740677|lpUCM [RemoteSails.cpp:HandleResponse:158] Successfully deserialized response, status: 0, result code: 0
[m[0;32;31m2025-12-20 10:51:26.936|E|805740677|lpUCM [IpccProtoMessage.cpp:SerializeParams:112] m_offset, 386048
[m[1;33m2025-12-20 10:51:26.936|W|805740677|lpUCM [RemoteSails.cpp:SendWithRetry:185] Successfully wrote 1052 bytes
[m[0;32;32m2025-12-20 10:51:26.939|I|805740677|lpUCM [RemoteSails.cpp:HandleResponse:149] HandleResponse started, buffer size: 1048
[m[0;32;32m2025-12-20 10:51:26.939|I|805740677|lpUCM [RemoteSails.cpp:HandleResponse:158] Successfully deserialized response, status: 0, result code: 0
[m[0;32;31m2025-12-20 10:51:26.939|E|805740677|lpUCM [IpccProtoMessage.cpp:SerializeParams:112] m_offset, 387072
[m[1;33m2025-12-20 10:51:26.939|W|805740677|lpUCM [RemoteSails.cpp:SendWithRetry:185] Successfully wrote 1052 bytes
[m[0;32;32m2025-12-20 10:51:26.942|I|805740677|lpUCM [RemoteSails.cpp:HandleResponse:149] HandleResponse started, buffer size: 1048
[m[0;32;32m2025-12-20 10:51:26.942|I|805740677|lpUCM [RemoteSails.cpp:HandleResponse:158] Successfully deserialized response, status: 0, result code: 0
[m[0;32;31m2025-12-20 10:51:26.942|E|805740677|lpUCM [IpccProtoMessage.cpp:SerializeParams:112] m_offset, 388096
[m[1;33m2025-12-20 10:51:26.942|W|805740677|lpUCM [RemoteSails.cpp:SendWithRetry:185] Successfully wrote 1052 bytes
[m[0;32;32m2025-12-20 10:51:26.945|I|805740677|lpUCM [RemoteSails.cpp:HandleResponse:149] HandleResponse started, buffer size: 1048
[m[0;32;32m2025-12-20 10:51:26.945|I|805740677|lpUCM [RemoteSails.cpp:HandleResponse:158] Successfully deserialized response, status: 0, result code: 0
[m[0;32;31m2025-12-20 10:51:26.945|E|805740677|lpUCM [IpccProtoMessage.cpp:SerializeParams:112] m_offset, 389120
[m[1;33m2025-12-20 10:51:26.945|W|805740677|lpUCM [RemoteSails.cpp:SendWithRetry:185] Successfully wrote 1052 bytes
[m[0;32;32m2025-12-20 10:51:26.977|I|805740677|lpUCM [RemoteSails.cpp:HandleResponse:149] HandleResponse started, buffer size: 1048
[m[0;32;32m2025-12-20 10:51:26.977|I|805740677|lpUCM [RemoteSails.cpp:HandleResponse:158] Successfully deserialized response, status: 0, result code: 0
[m[0;32;31m2025-12-20 10:51:26.977|E|805740677|lpUCM [IpccProtoMessage.cpp:SerializeParams:112] m_offset, 390144
[m[1;33m2025-12-20 10:51:26.977|W|805740677|lpUCM [RemoteSails.cpp:SendWithRetry:185] Successfully wrote 1052 bytes
[m[0;32;32m2025-12-20 10:51:26.981|I|805740677|lpUCM [RemoteSails.cpp:HandleResponse:149] HandleResponse started, buffer size: 1048
[m[0;32;32m2025-12-20 10:51:26.981|I|805740677|lpUCM [RemoteSails.cpp:HandleResponse:158] Successfully deserialized response, status: 0, result code: 0
[m[0;32;31m2025-12-20 10:51:26.981|E|805740677|lpUCM [IpccProtoMessage.cpp:SerializeParams:112] m_offset, 391168
[m[1;33m2025-12-20 10:51:26.981|W|805740677|lpUCM [RemoteSails.cpp:SendWithRetry:185] Successfully wrote 1052 bytes
[m[0;32;32m2025-12-20 10:51:26.984|I|805740677|lpUCM [RemoteSails.cpp:HandleResponse:149] HandleResponse started, buffer size: 1048
[m[0;32;32m2025-12-20 10:51:26.984|I|805740677|lpUCM [RemoteSails.cpp:HandleResponse:158] Successfully deserialized response, status: 0, result code: 0
[m[0;32;31m2025-12-20 10:51:26.984|E|805740677|lpUCM [IpccProtoMessage.cpp:SerializeParams:112] m_offset, 392192
[m[1;33m2025-12-20 10:51:26.984|W|805740677|lpUCM [RemoteSails.cpp:SendWithRetry:185] Successfully wrote 1052 bytes
[m[0;32;32m2025-12-20 10:51:26.987|I|805740677|lpUCM [RemoteSails.cpp:HandleResponse:149] HandleResponse started, buffer size: 1048
[m[0;32;32m2025-12-20 10:51:26.987|I|805740677|lpUCM [RemoteSails.cpp:HandleResponse:158] Successfully deserialized response, status: 0, result code: 0
[m[0;32;32m2025-12-20 10:51:26.987|I|805740677|lpUCM [RemoteSails.cpp:SailWriteData:272] All data already trans size 16384
[m[0;32;32m2025-12-20 10:51:26.987|I|805740677|lpUCM [fds.cpp:FDS_OnLocalUpgProgress:248] total: 23, curr:23, percent:38, rop:97%
[m[0;32;32m2025-12-20 10:51:26.987|I|805740677|lpUCM [RemoteSails.cpp:SailWriteData:254] total data is 16384
[m[0;32;31m2025-12-20 10:51:26.987|E|805740677|lpUCM [IpccProtoMessage.cpp:SerializeParams:112] m_offset, 393216
[m[1;33m2025-12-20 10:51:26.987|W|805740677|lpUCM [RemoteSails.cpp:SendWithRetry:185] Successfully wrote 1052 bytes
[m[0;32;32m2025-12-20 10:51:27.18|I|805740677|lpUCM [RemoteSails.cpp:HandleResponse:149] HandleResponse started, buffer size: 1048
[m[0;32;32m2025-12-20 10:51:27.18|I|805740677|lpUCM [RemoteSails.cpp:HandleResponse:158] Successfully deserialized response, status: 0, result code: 0
[m[0;32;31m2025-12-20 10:51:27.18|E|805740677|lpUCM [IpccProtoMessage.cpp:SerializeParams:112] m_offset, 394240
[m[1;33m2025-12-20 10:51:27.18|W|805740677|lpUCM [RemoteSails.cpp:SendWithRetry:185] Successfully wrote 1052 bytes
[m[0;32;32m2025-12-20 10:51:27.22|I|805740677|lpUCM [RemoteSails.cpp:HandleResponse:149] HandleResponse started, buffer size: 1048
[m[0;32;32m2025-12-20 10:51:27.22|I|805740677|lpUCM [RemoteSails.cpp:HandleResponse:158] Successfully deserialized response, status: 0, result code: 0
[m[0;32;31m2025-12-20 10:51:27.22|E|805740677|lpUCM [IpccProtoMessage.cpp:SerializeParams:112] m_offset, 395264
[m[1;33m2025-12-20 10:51:27.22|W|805740677|lpUCM [RemoteSails.cpp:SendWithRetry:185] Successfully wrote 1052 bytes
[m[0;32;32m2025-12-20 10:51:27.26|I|805740677|lpUCM [RemoteSails.cpp:HandleResponse:149] HandleResponse started, buffer size: 1048
[m[0;32;32m2025-12-20 10:51:27.26|I|805740677|lpUCM [RemoteSails.cpp:HandleResponse:158] Successfully deserialized response, status: 0, result code: 0
[m[0;32;31m2025-12-20 10:51:27.26|E|805740677|lpUCM [IpccProtoMessage.cpp:SerializeParams:112] m_offset, 396288
[m[1;33m2025-12-20 10:51:27.26|W|805740677|lpUCM [RemoteSails.cpp:SendWithRetry:185] Successfully wrote 1052 bytes
[m[0;32;32m2025-12-20 10:51:27.29|I|805740677|lpUCM [RemoteSails.cpp:HandleResponse:149] HandleResponse started, buffer size: 1048
[m[0;32;32m2025-12-20 10:51:27.29|I|805740677|lpUCM [RemoteSails.cpp:HandleResponse:158] Successfully deserialized response, status: 0, result code: 0
[m[0;32;31m2025-12-20 10:51:27.29|E|805740677|lpUCM [IpccProtoMessage.cpp:SerializeParams:112] m_offset, 397312
[m[1;33m2025-12-20 10:51:27.29|W|805740677|lpUCM [RemoteSails.cpp:SendWithRetry:185] Successfully wrote 1052 bytes
[m[0;32;32m2025-12-20 10:51:27.60|I|805740677|lpUCM [RemoteSails.cpp:HandleResponse:149] HandleResponse started, buffer size: 1048
[m[0;32;32m2025-12-20 10:51:27.60|I|805740677|lpUCM [RemoteSails.cpp:HandleResponse:158] Successfully deserialized response, status: 0, result code: 0
[m[0;32;31m2025-12-20 10:51:27.60|E|805740677|lpUCM [IpccProtoMessage.cpp:SerializeParams:112] m_offset, 398336
[m[1;33m2025-12-20 10:51:27.60|W|805740677|lpUCM [RemoteSails.cpp:SendWithRetry:185] Successfully wrote 1052 bytes
[m[0;32;32m2025-12-20 10:51:27.64|I|805740677|lpUCM [RemoteSails.cpp:HandleResponse:149] HandleResponse started, buffer size: 1048
[m[0;32;32m2025-12-20 10:51:27.64|I|805740677|lpUCM [RemoteSails.cpp:HandleResponse:158] Successfully deserialized response, status: 0, result code: 0
[m[0;32;31m2025-12-20 10:51:27.64|E|805740677|lpUCM [IpccProtoMessage.cpp:SerializeParams:112] m_offset, 399360
[m[1;33m2025-12-20 10:51:27.64|W|805740677|lpUCM [RemoteSails.cpp:SendWithRetry:185] Successfully wrote 1052 bytes
[m[0;32;32m2025-12-20 10:51:27.67|I|805740677|lpUCM [RemoteSails.cpp:HandleResponse:149] HandleResponse started, buffer size: 1048
[m[0;32;32m2025-12-20 10:51:27.67|I|805740677|lpUCM [RemoteSails.cpp:HandleResponse:158] Successfully deserialized response, status: 0, result code: 0
[m[0;32;31m2025-12-20 10:51:27.67|E|805740677|lpUCM [IpccProtoMessage.cpp:SerializeParams:112] m_offset, 400384
[m[1;33m2025-12-20 10:51:27.67|W|805740677|lpUCM [RemoteSails.cpp:SendWithRetry:185] Successfully wrote 1052 bytes
[m[0;32;32m2025-12-20 10:51:27.71|I|805740677|lpUCM [RemoteSails.cpp:HandleResponse:149] HandleResponse started, buffer size: 1048
[m[0;32;32m2025-12-20 10:51:27.71|I|805740677|lpUCM [RemoteSails.cpp:HandleResponse:158] Successfully deserialized response, status: 0, result code: 0
[m[0;32;31m2025-12-20 10:51:27.71|E|805740677|lpUCM [IpccProtoMessage.cpp:SerializeParams:112] m_offset, 401408
[m[1;33m2025-12-20 10:51:27.71|W|805740677|lpUCM [RemoteSails.cpp:SendWithRetry:185] Successfully wrote 1052 bytes
[m[0;32;32m2025-12-20 10:51:27.107|I|805740677|lpUCM [RemoteSails.cpp:HandleResponse:149] HandleResponse started, buffer size: 1048
[m[0;32;32m2025-12-20 10:51:27.107|I|805740677|lpUCM [RemoteSails.cpp:HandleResponse:158] Successfully deserialized response, status: 0, result code: 0
[m[0;32;31m2025-12-20 10:51:27.107|E|805740677|lpUCM [IpccProtoMessage.cpp:SerializeParams:112] m_offset, 402432
[m[1;33m2025-12-20 10:51:27.107|W|805740677|lpUCM [RemoteSails.cpp:SendWithRetry:185] Successfully wrote 1052 bytes
[m[0;32;32m2025-12-20 10:51:27.110|I|805740677|lpUCM [RemoteSails.cpp:HandleResponse:149] HandleResponse started, buffer size: 1048
[m[0;32;32m2025-12-20 10:51:27.110|I|805740677|lpUCM [RemoteSails.cpp:HandleResponse:158] Successfully deserialized response, status: 0, result code: 0
[m[0;32;31m2025-12-20 10:51:27.110|E|805740677|lpUCM [IpccProtoMessage.cpp:SerializeParams:112] m_offset, 403456
[m[1;33m2025-12-20 10:51:27.110|W|805740677|lpUCM [RemoteSails.cpp:SendWithRetry:185] Successfully wrote 1052 bytes
[m[0;32;32m2025-12-20 10:51:27.113|I|805740677|lpUCM [RemoteSails.cpp:HandleResponse:149] HandleResponse started, buffer size: 1048
[m[0;32;32m2025-12-20 10:51:27.113|I|805740677|lpUCM [RemoteSails.cpp:HandleResponse:158] Successfully deserialized response, status: 0, result code: 0
[m[0;32;31m2025-12-20 10:51:27.113|E|805740677|lpUCM [IpccProtoMessage.cpp:SerializeParams:112] m_offset, 404480
[m[1;33m2025-12-20 10:51:27.113|W|805740677|lpUCM [RemoteSails.cpp:SendWithRetry:185] Successfully wrote 1052 bytes
[m[0;32;32m2025-12-20 10:51:27.116|I|805740677|lpUCM [RemoteSails.cpp:HandleResponse:149] HandleResponse started, buffer size: 1048
[m[0;32;32m2025-12-20 10:51:27.116|I|805740677|lpUCM [RemoteSails.cpp:HandleResponse:158] Successfully deserialized response, status: 0, result code: 0
[m[0;32;31m2025-12-20 10:51:27.116|E|805740677|lpUCM [IpccProtoMessage.cpp:SerializeParams:112] m_offset, 405504
[m[1;33m2025-12-20 10:51:27.116|W|805740677|lpUCM [RemoteSails.cpp:SendWithRetry:185] Successfully wrote 1052 bytes
[m[0;32;32m2025-12-20 10:51:27.146|I|805740677|lpUCM [RemoteSails.cpp:HandleResponse:149] HandleResponse started, buffer size: 1048
[m[0;32;32m2025-12-20 10:51:27.146|I|805740677|lpUCM [RemoteSails.cpp:HandleResponse:158] Successfully deserialized response, status: 0, result code: 0
[m[0;32;31m2025-12-20 10:51:27.146|E|805740677|lpUCM [IpccProtoMessage.cpp:SerializeParams:112] m_offset, 406528
[m[1;33m2025-12-20 10:51:27.146|W|805740677|lpUCM [RemoteSails.cpp:SendWithRetry:185] Successfully wrote 1052 bytes
[m[0;32;32m2025-12-20 10:51:27.149|I|805740677|lpUCM [RemoteSails.cpp:HandleResponse:149] HandleResponse started, buffer size: 1048
[m[0;32;32m2025-12-20 10:51:27.149|I|805740677|lpUCM [RemoteSails.cpp:HandleResponse:158] Successfully deserialized response, status: 0, result code: 0
[m[0;32;31m2025-12-20 10:51:27.149|E|805740677|lpUCM [IpccProtoMessage.cpp:SerializeParams:112] m_offset, 407552
[m[1;33m2025-12-20 10:51:27.149|W|805740677|lpUCM [RemoteSails.cpp:SendWithRetry:185] Successfully wrote 1052 bytes
[m[0;32;32m2025-12-20 10:51:27.152|I|805740677|lpUCM [RemoteSails.cpp:HandleResponse:149] HandleResponse started, buffer size: 1048
[m[0;32;32m2025-12-20 10:51:27.152|I|805740677|lpUCM [RemoteSails.cpp:HandleResponse:158] Successfully deserialized response, status: 0, result code: 0
[m[0;32;31m2025-12-20 10:51:27.152|E|805740677|lpUCM [IpccProtoMessage.cpp:SerializeParams:112] m_offset, 408576
[m[1;33m2025-12-20 10:51:27.152|W|805740677|lpUCM [RemoteSails.cpp:SendWithRetry:185] Successfully wrote 1052 bytes
[m[0;32;32m2025-12-20 10:51:27.155|I|805740677|lpUCM [RemoteSails.cpp:HandleResponse:149] HandleResponse started, buffer size: 1048
[m[0;32;32m2025-12-20 10:51:27.155|I|805740677|lpUCM [RemoteSails.cpp:HandleResponse:158] Successfully deserialized response, status: 0, result code: 0
[m[0;32;32m2025-12-20 10:51:27.155|I|805740677|lpUCM [RemoteSails.cpp:SailWriteData:272] All data already trans size 16384
[m[0;32;32m2025-12-20 10:51:27.155|I|805740677|lpUCM [fds.cpp:FDS_OnLocalUpgProgress:248] total: 23, curr:23, percent:39, rop:97%
[m[0;32;32m2025-12-20 10:51:27.155|I|805740677|lpUCM [RemoteSails.cpp:SailWriteData:254] total data is 16384
[m[0;32;31m2025-12-20 10:51:27.155|E|805740677|lpUCM [IpccProtoMessage.cpp:SerializeParams:112] m_offset, 409600
[m[1;33m2025-12-20 10:51:27.155|W|805740677|lpUCM [RemoteSails.cpp:SendWithRetry:185] Successfully wrote 1052 bytes
[m[0;32;32m2025-12-20 10:51:27.185|I|805740677|lpUCM [RemoteSails.cpp:HandleResponse:149] HandleResponse started, buffer size: 1048
[m[0;32;32m2025-12-20 10:51:27.185|I|805740677|lpUCM [RemoteSails.cpp:HandleResponse:158] Successfully deserialized response, status: 0, result code: 0
[m[0;32;31m2025-12-20 10:51:27.185|E|805740677|lpUCM [IpccProtoMessage.cpp:SerializeParams:112] m_offset, 410624
[m[1;33m2025-12-20 10:51:27.185|W|805740677|lpUCM [RemoteSails.cpp:SendWithRetry:185] Successfully wrote 1052 bytes
[m[0;32;32m2025-12-20 10:51:27.188|I|805740677|lpUCM [RemoteSails.cpp:HandleResponse:149] HandleResponse started, buffer size: 1048
[m[0;32;32m2025-12-20 10:51:27.188|I|805740677|lpUCM [RemoteSails.cpp:HandleResponse:158] Successfully deserialized response, status: 0, result code: 0
[m[0;32;31m2025-12-20 10:51:27.188|E|805740677|lpUCM [IpccProtoMessage.cpp:SerializeParams:112] m_offset, 411648
[m[1;33m2025-12-20 10:51:27.188|W|805740677|lpUCM [RemoteSails.cpp:SendWithRetry:185] Successfully wrote 1052 bytes
[m[0;32;32m2025-12-20 10:51:27.191|I|805740677|lpUCM [RemoteSails.cpp:HandleResponse:149] HandleResponse started, buffer size: 1048
[m[0;32;32m2025-12-20 10:51:27.191|I|805740677|lpUCM [RemoteSails.cpp:HandleResponse:158] Successfully deserialized response, status: 0, result code: 0
[m[0;32;31m2025-12-20 10:51:27.191|E|805740677|lpUCM [IpccProtoMessage.cpp:SerializeParams:112] m_offset, 412672
[m[1;33m2025-12-20 10:51:27.191|W|805740677|lpUCM [RemoteSails.cpp:SendWithRetry:185] Successfully wrote 1052 bytes
[m[0;32;32m2025-12-20 10:51:27.194|I|805740677|lpUCM [RemoteSails.cpp:HandleResponse:149] HandleResponse started, buffer size: 1048
[m[0;32;32m2025-12-20 10:51:27.194|I|805740677|lpUCM [RemoteSails.cpp:HandleResponse:158] Successfully deserialized response, status: 0, result code: 0
[m[0;32;31m2025-12-20 10:51:27.194|E|805740677|lpUCM [IpccProtoMessage.cpp:SerializeParams:112] m_offset, 413696
[m[1;33m2025-12-20 10:51:27.194|W|805740677|lpUCM [RemoteSails.cpp:SendWithRetry:185] Successfully wrote 1052 bytes
[m[0;32;32m2025-12-20 10:51:27.227|I|805740677|lpUCM [RemoteSails.cpp:HandleResponse:149] HandleResponse started, buffer size: 1048
[m[0;32;32m2025-12-20 10:51:27.227|I|805740677|lpUCM [RemoteSails.cpp:HandleResponse:158] Successfully deserialized response, status: 0, result code: 0
[m[0;32;31m2025-12-20 10:51:27.227|E|805740677|lpUCM [IpccProtoMessage.cpp:SerializeParams:112] m_offset, 414720
[m[1;33m2025-12-20 10:51:27.227|W|805740677|lpUCM [RemoteSails.cpp:SendWithRetry:185] Successfully wrote 1052 bytes
[m[0;32;32m2025-12-20 10:51:27.230|I|805740677|lpUCM [RemoteSails.cpp:HandleResponse:149] HandleResponse started, buffer size: 1048
[m[0;32;32m2025-12-20 10:51:27.230|I|805740677|lpUCM [RemoteSails.cpp:HandleResponse:158] Successfully deserialized response, status: 0, result code: 0
[m[0;32;31m2025-12-20 10:51:27.230|E|805740677|lpUCM [IpccProtoMessage.cpp:SerializeParams:112] m_offset, 415744
[m[1;33m2025-12-20 10:51:27.230|W|805740677|lpUCM [RemoteSails.cpp:SendWithRetry:185] Successfully wrote 1052 bytes
[m[0;32;32m2025-12-20 10:51:27.236|I|805740677|lpUCM [RemoteSails.cpp:HandleResponse:149] HandleResponse started, buffer size: 1048
[m[0;32;32m2025-12-20 10:51:27.236|I|805740677|lpUCM [RemoteSails.cpp:HandleResponse:158] Successfully deserialized response, status: 0, result code: 0
[m[0;32;31m2025-12-20 10:51:27.236|E|805740677|lpUCM [IpccProtoMessage.cpp:SerializeParams:112] m_offset, 416768
[m[1;33m2025-12-20 10:51:27.236|W|805740677|lpUCM [RemoteSails.cpp:SendWithRetry:185] Successfully wrote 1052 bytes
[m[0;32;32m2025-12-20 10:51:27.239|I|805740677|lpUCM [RemoteSails.cpp:HandleResponse:149] HandleResponse started, buffer size: 1048
[m[0;32;32m2025-12-20 10:51:27.239|I|805740677|lpUCM [RemoteSails.cpp:HandleResponse:158] Successfully deserialized response, status: 0, result code: 0
[m[0;32;31m2025-12-20 10:51:27.239|E|805740677|lpUCM [IpccProtoMessage.cpp:SerializeParams:112] m_offset, 417792
[m[1;33m2025-12-20 10:51:27.239|W|805740677|lpUCM [RemoteSails.cpp:SendWithRetry:185] Successfully wrote 1052 bytes
[m[0;32;32m2025-12-20 10:51:27.268|I|805740677|lpUCM [RemoteSails.cpp:HandleResponse:149] HandleResponse started, buffer size: 1048
[m[0;32;32m2025-12-20 10:51:27.268|I|805740677|lpUCM [RemoteSails.cpp:HandleResponse:158] Successfully deserialized response, status: 0, result code: 0
[m[0;32;31m2025-12-20 10:51:27.268|E|805740677|lpUCM [IpccProtoMessage.cpp:SerializeParams:112] m_offset, 418816
[m[1;33m2025-12-20 10:51:27.268|W|805740677|lpUCM [RemoteSails.cpp:SendWithRetry:185] Successfully wrote 1052 bytes
[m[0;32;32m2025-12-20 10:51:27.272|I|805740677|lpUCM [RemoteSails.cpp:HandleResponse:149] HandleResponse started, buffer size: 1048
[m[0;32;32m2025-12-20 10:51:27.272|I|805740677|lpUCM [RemoteSails.cpp:HandleResponse:158] Successfully deserialized response, status: 0, result code: 0
[m[0;32;31m2025-12-20 10:51:27.272|E|805740677|lpUCM [IpccProtoMessage.cpp:SerializeParams:112] m_offset, 419840
[m[1;33m2025-12-20 10:51:27.272|W|805740677|lpUCM [RemoteSails.cpp:SendWithRetry:185] Successfully wrote 1052 bytes
[m[0;32;32m2025-12-20 10:51:27.276|I|805740677|lpUCM [RemoteSails.cpp:HandleResponse:149] HandleResponse started, buffer size: 1048
[m[0;32;32m2025-12-20 10:51:27.276|I|805740677|lpUCM [RemoteSails.cpp:HandleResponse:158] Successfully deserialized response, status: 0, result code: 0
[m[0;32;31m2025-12-20 10:51:27.276|E|805740677|lpUCM [IpccProtoMessage.cpp:SerializeParams:112] m_offset, 420864
[m[1;33m2025-12-20 10:51:27.276|W|805740677|lpUCM [RemoteSails.cpp:SendWithRetry:185] Successfully wrote 1052 bytes
[m[0;32;32m2025-12-20 10:51:27.280|I|805740677|lpUCM [RemoteSails.cpp:HandleResponse:149] HandleResponse started, buffer size: 1048
[m[0;32;32m2025-12-20 10:51:27.280|I|805740677|lpUCM [RemoteSails.cpp:HandleResponse:158] Successfully deserialized response, status: 0, result code: 0
[m[0;32;31m2025-12-20 10:51:27.280|E|805740677|lpUCM [IpccProtoMessage.cpp:SerializeParams:112] m_offset, 421888
[m[1;33m2025-12-20 10:51:27.280|W|805740677|lpUCM [RemoteSails.cpp:SendWithRetry:185] Successfully wrote 1052 bytes
[m[0;32;32m2025-12-20 10:51:27.310|I|805740677|lpUCM [RemoteSails.cpp:HandleResponse:149] HandleResponse started, buffer size: 1048
[m[0;32;32m2025-12-20 10:51:27.310|I|805740677|lpUCM [RemoteSails.cpp:HandleResponse:158] Successfully deserialized response, status: 0, result code: 0
[m[0;32;31m2025-12-20 10:51:27.310|E|805740677|lpUCM [IpccProtoMessage.cpp:SerializeParams:112] m_offset, 422912
[m[1;33m2025-12-20 10:51:27.310|W|805740677|lpUCM [RemoteSails.cpp:SendWithRetry:185] Successfully wrote 1052 bytes
[m[0;32;32m2025-12-20 10:51:27.313|I|805740677|lpUCM [RemoteSails.cpp:HandleResponse:149] HandleResponse started, buffer size: 1048
[m[0;32;32m2025-12-20 10:51:27.313|I|805740677|lpUCM [RemoteSails.cpp:HandleResponse:158] Successfully deserialized response, status: 0, result code: 0
[m[0;32;31m2025-12-20 10:51:27.313|E|805740677|lpUCM [IpccProtoMessage.cpp:SerializeParams:112] m_offset, 423936
[m[1;33m2025-12-20 10:51:27.313|W|805740677|lpUCM [RemoteSails.cpp:SendWithRetry:185] Successfully wrote 1052 bytes
[m[0;32;32m2025-12-20 10:51:27.316|I|805740677|lpUCM [RemoteSails.cpp:HandleResponse:149] HandleResponse started, buffer size: 1048
[m[0;32;32m2025-12-20 10:51:27.316|I|805740677|lpUCM [RemoteSails.cpp:HandleResponse:158] Successfully deserialized response, status: 0, result code: 0
[m[0;32;31m2025-12-20 10:51:27.316|E|805740677|lpUCM [IpccProtoMessage.cpp:SerializeParams:112] m_offset, 424960
[m[1;33m2025-12-20 10:51:27.316|W|805740677|lpUCM [RemoteSails.cpp:SendWithRetry:185] Successfully wrote 1052 bytes
[m[0;32;32m2025-12-20 10:51:27.319|I|805740677|lpUCM [RemoteSails.cpp:HandleResponse:149] HandleResponse started, buffer size: 1048
[m[0;32;32m2025-12-20 10:51:27.319|I|805740677|lpUCM [RemoteSails.cpp:HandleResponse:158] Successfully deserialized response, status: 0, result code: 0
[m[0;32;32m2025-12-20 10:51:27.319|I|805740677|lpUCM [RemoteSails.cpp:SailWriteData:272] All data already trans size 16384
[m[0;32;32m2025-12-20 10:51:27.319|I|805740677|lpUCM [fds.cpp:FDS_OnLocalUpgProgress:248] total: 23, curr:23, percent:40, rop:97%
[m[0;32;32m2025-12-20 10:51:27.319|I|805740677|lpUCM [RemoteSails.cpp:SailWriteData:254] total data is 16384
[m[0;32;31m2025-12-20 10:51:27.319|E|805740677|lpUCM [IpccProtoMessage.cpp:SerializeParams:112] m_offset, 425984
[m[1;33m2025-12-20 10:51:27.319|W|805740677|lpUCM [RemoteSails.cpp:SendWithRetry:185] Successfully wrote 1052 bytes
[m[0;32;32m2025-12-20 10:51:27.349|I|805740677|lpUCM [RemoteSails.cpp:HandleResponse:149] HandleResponse started, buffer size: 1048
[m[0;32;32m2025-12-20 10:51:27.349|I|805740677|lpUCM [RemoteSails.cpp:HandleResponse:158] Successfully deserialized response, status: 0, result code: 0
[m[0;32;31m2025-12-20 10:51:27.349|E|805740677|lpUCM [IpccProtoMessage.cpp:SerializeParams:112] m_offset, 427008
[m[1;33m2025-12-20 10:51:27.349|W|805740677|lpUCM [RemoteSails.cpp:SendWithRetry:185] Successfully wrote 1052 bytes
[m[0;32;32m2025-12-20 10:51:27.352|I|805740677|lpUCM [RemoteSails.cpp:HandleResponse:149] HandleResponse started, buffer size: 1048
[m[0;32;32m2025-12-20 10:51:27.352|I|805740677|lpUCM [RemoteSails.cpp:HandleResponse:158] Successfully deserialized response, status: 0, result code: 0
[m[0;32;31m2025-12-20 10:51:27.352|E|805740677|lpUCM [IpccProtoMessage.cpp:SerializeParams:112] m_offset, 428032
[m[1;33m2025-12-20 10:51:27.352|W|805740677|lpUCM [RemoteSails.cpp:SendWithRetry:185] Successfully wrote 1052 bytes
[m[0;32;32m2025-12-20 10:51:27.355|I|805740677|lpUCM [RemoteSails.cpp:HandleResponse:149] HandleResponse started, buffer size: 1048
[m[0;32;32m2025-12-20 10:51:27.355|I|805740677|lpUCM [RemoteSails.cpp:HandleResponse:158] Successfully deserialized response, status: 0, result code: 0
[m[0;32;31m2025-12-20 10:51:27.355|E|805740677|lpUCM [IpccProtoMessage.cpp:SerializeParams:112] m_offset, 429056
[m[1;33m2025-12-20 10:51:27.355|W|805740677|lpUCM [RemoteSails.cpp:SendWithRetry:185] Successfully wrote 1052 bytes
[m[0;32;32m2025-12-20 10:51:27.358|I|805740677|lpUCM [RemoteSails.cpp:HandleResponse:149] HandleResponse started, buffer size: 1048
[m[0;32;32m2025-12-20 10:51:27.358|I|805740677|lpUCM [RemoteSails.cpp:HandleResponse:158] Successfully deserialized response, status: 0, result code: 0
[m[0;32;31m2025-12-20 10:51:27.358|E|805740677|lpUCM [IpccProtoMessage.cpp:SerializeParams:112] m_offset, 430080
[m[1;33m2025-12-20 10:51:27.359|W|805740677|lpUCM [RemoteSails.cpp:SendWithRetry:185] Successfully wrote 1052 bytes
[m[0;32;32m2025-12-20 10:51:27.389|I|805740677|lpUCM [RemoteSails.cpp:HandleResponse:149] HandleResponse started, buffer size: 1048
[m[0;32;32m2025-12-20 10:51:27.389|I|805740677|lpUCM [RemoteSails.cpp:HandleResponse:158] Successfully deserialized response, status: 0, result code: 0
[m[0;32;31m2025-12-20 10:51:27.389|E|805740677|lpUCM [IpccProtoMessage.cpp:SerializeParams:112] m_offset, 431104
[m[1;33m2025-12-20 10:51:27.389|W|805740677|lpUCM [RemoteSails.cpp:SendWithRetry:185] Successfully wrote 1052 bytes
[m[0;32;32m2025-12-20 10:51:27.395|I|805740677|lpUCM [RemoteSails.cpp:HandleResponse:149] HandleResponse started, buffer size: 1048
[m[0;32;32m2025-12-20 10:51:27.395|I|805740677|lpUCM [RemoteSails.cpp:HandleResponse:158] Successfully deserialized response, status: 0, result code: 0
[m[0;32;31m2025-12-20 10:51:27.395|E|805740677|lpUCM [IpccProtoMessage.cpp:SerializeParams:112] m_offset, 432128
[m[1;33m2025-12-20 10:51:27.395|W|805740677|lpUCM [RemoteSails.cpp:SendWithRetry:185] Successfully wrote 1052 bytes
[m[0;32;32m2025-12-20 10:51:27.398|I|805740677|lpUCM [RemoteSails.cpp:HandleResponse:149] HandleResponse started, buffer size: 1048
[m[0;32;32m2025-12-20 10:51:27.398|I|805740677|lpUCM [RemoteSails.cpp:HandleResponse:158] Successfully deserialized response, status: 0, result code: 0
[m[0;32;31m2025-12-20 10:51:27.398|E|805740677|lpUCM [IpccProtoMessage.cpp:SerializeParams:112] m_offset, 433152
[m[1;33m2025-12-20 10:51:27.398|W|805740677|lpUCM [RemoteSails.cpp:SendWithRetry:185] Successfully wrote 1052 bytes
[m[0;32;32m2025-12-20 10:51:27.402|I|805740677|lpUCM [RemoteSails.cpp:HandleResponse:149] HandleResponse started, buffer size: 1048
[m[0;32;32m2025-12-20 10:51:27.402|I|805740677|lpUCM [RemoteSails.cpp:HandleResponse:158] Successfully deserialized response, status: 0, result code: 0
[m[0;32;31m2025-12-20 10:51:27.402|E|805740677|lpUCM [IpccProtoMessage.cpp:SerializeParams:112] m_offset, 434176
[m[1;33m2025-12-20 10:51:27.402|W|805740677|lpUCM [RemoteSails.cpp:SendWithRetry:185] Successfully wrote 1052 bytes
[m[0;32;32m2025-12-20 10:51:27.434|I|805740677|lpUCM [RemoteSails.cpp:HandleResponse:149] HandleResponse started, buffer size: 1048
[m[0;32;32m2025-12-20 10:51:27.434|I|805740677|lpUCM [RemoteSails.cpp:HandleResponse:158] Successfully deserialized response, status: 0, result code: 0
[m[0;32;31m2025-12-20 10:51:27.434|E|805740677|lpUCM [IpccProtoMessage.cpp:SerializeParams:112] m_offset, 435200
[m[1;33m2025-12-20 10:51:27.434|W|805740677|lpUCM [RemoteSails.cpp:SendWithRetry:185] Successfully wrote 1052 bytes
[m[0;32;32m2025-12-20 10:51:27.437|I|805740677|lpUCM [RemoteSails.cpp:HandleResponse:149] HandleResponse started, buffer size: 1048
[m[0;32;32m2025-12-20 10:51:27.437|I|805740677|lpUCM [RemoteSails.cpp:HandleResponse:158] Successfully deserialized response, status: 0, result code: 0
[m[0;32;31m2025-12-20 10:51:27.437|E|805740677|lpUCM [IpccProtoMessage.cpp:SerializeParams:112] m_offset, 436224
[m[1;33m2025-12-20 10:51:27.437|W|805740677|lpUCM [RemoteSails.cpp:SendWithRetry:185] Successfully wrote 1052 bytes
[m[0;32;32m2025-12-20 10:51:27.441|I|805740677|lpUCM [RemoteSails.cpp:HandleResponse:149] HandleResponse started, buffer size: 1048
[m[0;32;32m2025-12-20 10:51:27.441|I|805740677|lpUCM [RemoteSails.cpp:HandleResponse:158] Successfully deserialized response, status: 0, result code: 0
[m[0;32;31m2025-12-20 10:51:27.441|E|805740677|lpUCM [IpccProtoMessage.cpp:SerializeParams:112] m_offset, 437248
[m[1;33m2025-12-20 10:51:27.441|W|805740677|lpUCM [RemoteSails.cpp:SendWithRetry:185] Successfully wrote 1052 bytes
[m[0;32;32m2025-12-20 10:51:27.445|I|805740677|lpUCM [RemoteSails.cpp:HandleResponse:149] HandleResponse started, buffer size: 1048
[m[0;32;32m2025-12-20 10:51:27.445|I|805740677|lpUCM [RemoteSails.cpp:HandleResponse:158] Successfully deserialized response, status: 0, result code: 0
[m[0;32;31m2025-12-20 10:51:27.445|E|805740677|lpUCM [IpccProtoMessage.cpp:SerializeParams:112] m_offset, 438272
[m[1;33m2025-12-20 10:51:27.445|W|805740677|lpUCM [RemoteSails.cpp:SendWithRetry:185] Successfully wrote 1052 bytes
[m[0;32;32m2025-12-20 10:51:27.478|I|805740677|lpUCM [RemoteSails.cpp:HandleResponse:149] HandleResponse started, buffer size: 1048
[m[0;32;32m2025-12-20 10:51:27.478|I|805740677|lpUCM [RemoteSails.cpp:HandleResponse:158] Successfully deserialized response, status: 0, result code: 0
[m[0;32;31m2025-12-20 10:51:27.478|E|805740677|lpUCM [IpccProtoMessage.cpp:SerializeParams:112] m_offset, 439296
[m[1;33m2025-12-20 10:51:27.478|W|805740677|lpUCM [RemoteSails.cpp:SendWithRetry:185] Successfully wrote 1052 bytes
[m[0;32;32m2025-12-20 10:51:27.481|I|805740677|lpUCM [RemoteSails.cpp:HandleResponse:149] HandleResponse started, buffer size: 1048
[m[0;32;32m2025-12-20 10:51:27.481|I|805740677|lpUCM [RemoteSails.cpp:HandleResponse:158] Successfully deserialized response, status: 0, result code: 0
[m[0;32;31m2025-12-20 10:51:27.481|E|805740677|lpUCM [IpccProtoMessage.cpp:SerializeParams:112] m_offset, 440320
[m[1;33m2025-12-20 10:51:27.481|W|805740677|lpUCM [RemoteSails.cpp:SendWithRetry:185] Successfully wrote 1052 bytes
[m[0;32;32m2025-12-20 10:51:27.484|I|805740677|lpUCM [RemoteSails.cpp:HandleResponse:149] HandleResponse started, buffer size: 1048
[m[0;32;32m2025-12-20 10:51:27.484|I|805740677|lpUCM [RemoteSails.cpp:HandleResponse:158] Successfully deserialized response, status: 0, result code: 0
[m[0;32;31m2025-12-20 10:51:27.484|E|805740677|lpUCM [IpccProtoMessage.cpp:SerializeParams:112] m_offset, 441344
[m[1;33m2025-12-20 10:51:27.484|W|805740677|lpUCM [RemoteSails.cpp:SendWithRetry:185] Successfully wrote 1052 bytes
[m[0;32;32m2025-12-20 10:51:27.487|I|805740677|lpUCM [RemoteSails.cpp:HandleResponse:149] HandleResponse started, buffer size: 1048
[m[0;32;32m2025-12-20 10:51:27.487|I|805740677|lpUCM [RemoteSails.cpp:HandleResponse:158] Successfully deserialized response, status: 0, result code: 0
[m[0;32;32m2025-12-20 10:51:27.487|I|805740677|lpUCM [RemoteSails.cpp:SailWriteData:272] All data already trans size 16384
[m[0;32;32m2025-12-20 10:51:27.487|I|805740677|lpUCM [fds.cpp:FDS_OnLocalUpgProgress:248] total: 23, curr:23, percent:41, rop:97%
[m[0;32;32m2025-12-20 10:51:27.487|I|805740677|lpUCM [RemoteSails.cpp:SailWriteData:254] total data is 16384
[m[0;32;31m2025-12-20 10:51:27.487|E|805740677|lpUCM [IpccProtoMessage.cpp:SerializeParams:112] m_offset, 442368
[m[1;33m2025-12-20 10:51:27.487|W|805740677|lpUCM [RemoteSails.cpp:SendWithRetry:185] Successfully wrote 1052 bytes
[m[0;32;32m2025-12-20 10:51:27.520|I|805740677|lpUCM [RemoteSails.cpp:HandleResponse:149] HandleResponse started, buffer size: 1048
[m[0;32;32m2025-12-20 10:51:27.520|I|805740677|lpUCM [RemoteSails.cpp:HandleResponse:158] Successfully deserialized response, status: 0, result code: 0
[m[0;32;31m2025-12-20 10:51:27.520|E|805740677|lpUCM [IpccProtoMessage.cpp:SerializeParams:112] m_offset, 443392
[m[1;33m2025-12-20 10:51:27.520|W|805740677|lpUCM [RemoteSails.cpp:SendWithRetry:185] Successfully wrote 1052 bytes
[m[0;32;32m2025-12-20 10:51:27.524|I|805740677|lpUCM [RemoteSails.cpp:HandleResponse:149] HandleResponse started, buffer size: 1048
[m[0;32;32m2025-12-20 10:51:27.524|I|805740677|lpUCM [RemoteSails.cpp:HandleResponse:158] Successfully deserialized response, status: 0, result code: 0
[m[0;32;31m2025-12-20 10:51:27.524|E|805740677|lpUCM [IpccProtoMessage.cpp:SerializeParams:112] m_offset, 444416
[m[1;33m2025-12-20 10:51:27.524|W|805740677|lpUCM [RemoteSails.cpp:SendWithRetry:185] Successfully wrote 1052 bytes
[m[0;32;32m2025-12-20 10:51:27.527|I|805740677|lpUCM [RemoteSails.cpp:HandleResponse:149] HandleResponse started, buffer size: 1048
[m[0;32;32m2025-12-20 10:51:27.527|I|805740677|lpUCM [RemoteSails.cpp:HandleResponse:158] Successfully deserialized response, status: 0, result code: 0
[m[0;32;31m2025-12-20 10:51:27.527|E|805740677|lpUCM [IpccProtoMessage.cpp:SerializeParams:112] m_offset, 445440
[m[1;33m2025-12-20 10:51:27.527|W|805740677|lpUCM [RemoteSails.cpp:SendWithRetry:185] Successfully wrote 1052 bytes
[m[0;32;32m2025-12-20 10:51:27.530|I|805740677|lpUCM [RemoteSails.cpp:HandleResponse:149] HandleResponse started, buffer size: 1048
[m[0;32;32m2025-12-20 10:51:27.530|I|805740677|lpUCM [RemoteSails.cpp:HandleResponse:158] Successfully deserialized response, status: 0, result code: 0
[m[0;32;31m2025-12-20 10:51:27.530|E|805740677|lpUCM [IpccProtoMessage.cpp:SerializeParams:112] m_offset, 446464
[m[1;33m2025-12-20 10:51:27.530|W|805740677|lpUCM [RemoteSails.cpp:SendWithRetry:185] Successfully wrote 1052 bytes
[m[0;32;32m2025-12-20 10:51:27.560|I|805740677|lpUCM [RemoteSails.cpp:HandleResponse:149] HandleResponse started, buffer size: 1048
[m[0;32;32m2025-12-20 10:51:27.560|I|805740677|lpUCM [RemoteSails.cpp:HandleResponse:158] Successfully deserialized response, status: 0, result code: 0
[m[0;32;31m2025-12-20 10:51:27.560|E|805740677|lpUCM [IpccProtoMessage.cpp:SerializeParams:112] m_offset, 447488
[m[1;33m2025-12-20 10:51:27.560|W|805740677|lpUCM [RemoteSails.cpp:SendWithRetry:185] Successfully wrote 1052 bytes
[m[0;32;32m2025-12-20 10:51:27.563|I|805740677|lpUCM [RemoteSails.cpp:HandleResponse:149] HandleResponse started, buffer size: 1048
[m[0;32;32m2025-12-20 10:51:27.563|I|805740677|lpUCM [RemoteSails.cpp:HandleResponse:158] Successfully deserialized response, status: 0, result code: 0
[m[0;32;31m2025-12-20 10:51:27.563|E|805740677|lpUCM [IpccProtoMessage.cpp:SerializeParams:112] m_offset, 448512
[m[1;33m2025-12-20 10:51:27.563|W|805740677|lpUCM [RemoteSails.cpp:SendWithRetry:185] Successfully wrote 1052 bytes
[m[0;32;32m2025-12-20 10:51:27.566|I|805740677|lpUCM [RemoteSails.cpp:HandleResponse:149] HandleResponse started, buffer size: 1048
[m[0;32;32m2025-12-20 10:51:27.566|I|805740677|lpUCM [RemoteSails.cpp:HandleResponse:158] Successfully deserialized response, status: 0, result code: 0
[m[0;32;31m2025-12-20 10:51:27.566|E|805740677|lpUCM [IpccProtoMessage.cpp:SerializeParams:112] m_offset, 449536
[m[1;33m2025-12-20 10:51:27.566|W|805740677|lpUCM [RemoteSails.cpp:SendWithRetry:185] Successfully wrote 1052 bytes
[m[0;32;32m2025-12-20 10:51:27.569|I|805740677|lpUCM [RemoteSails.cpp:HandleResponse:149] HandleResponse started, buffer size: 1048
[m[0;32;32m2025-12-20 10:51:27.569|I|805740677|lpUCM [RemoteSails.cpp:HandleResponse:158] Successfully deserialized response, status: 0, result code: 0
[m[0;32;31m2025-12-20 10:51:27.569|E|805740677|lpUCM [IpccProtoMessage.cpp:SerializeParams:112] m_offset, 450560
[m[1;33m2025-12-20 10:51:27.569|W|805740677|lpUCM [RemoteSails.cpp:SendWithRetry:185] Successfully wrote 1052 bytes
[m[0;32;32m2025-12-20 10:51:27.602|I|805740677|lpUCM [RemoteSails.cpp:HandleResponse:149] HandleResponse started, buffer size: 1048
[m[0;32;32m2025-12-20 10:51:27.602|I|805740677|lpUCM [RemoteSails.cpp:HandleResponse:158] Successfully deserialized response, status: 0, result code: 0
[m[0;32;31m2025-12-20 10:51:27.602|E|805740677|lpUCM [IpccProtoMessage.cpp:SerializeParams:112] m_offset, 451584
[m[1;33m2025-12-20 10:51:27.602|W|805740677|lpUCM [RemoteSails.cpp:SendWithRetry:185] Successfully wrote 1052 bytes
[m[0;32;32m2025-12-20 10:51:27.605|I|805740677|lpUCM [RemoteSails.cpp:HandleResponse:149] HandleResponse started, buffer size: 1048
[m[0;32;32m2025-12-20 10:51:27.605|I|805740677|lpUCM [RemoteSails.cpp:HandleResponse:158] Successfully deserialized response, status: 0, result code: 0
[m[0;32;31m2025-12-20 10:51:27.605|E|805740677|lpUCM [IpccProtoMessage.cpp:SerializeParams:112] m_offset, 452608
[m[1;33m2025-12-20 10:51:27.605|W|805740677|lpUCM [RemoteSails.cpp:SendWithRetry:185] Successfully wrote 1052 bytes
[m[0;32;32m2025-12-20 10:51:27.608|I|805740677|lpUCM [RemoteSails.cpp:HandleResponse:149] HandleResponse started, buffer size: 1048
[m[0;32;32m2025-12-20 10:51:27.608|I|805740677|lpUCM [RemoteSails.cpp:HandleResponse:158] Successfully deserialized response, status: 0, result code: 0
[m[0;32;31m2025-12-20 10:51:27.608|E|805740677|lpUCM [IpccProtoMessage.cpp:SerializeParams:112] m_offset, 453632
[m[1;33m2025-12-20 10:51:27.608|W|805740677|lpUCM [RemoteSails.cpp:SendWithRetry:185] Successfully wrote 1052 bytes
[m[0;32;32m2025-12-20 10:51:27.611|I|805740677|lpUCM [RemoteSails.cpp:HandleResponse:149] HandleResponse started, buffer size: 1048
[m[0;32;32m2025-12-20 10:51:27.611|I|805740677|lpUCM [RemoteSails.cpp:HandleResponse:158] Successfully deserialized response, status: 0, result code: 0
[m[0;32;31m2025-12-20 10:51:27.611|E|805740677|lpUCM [IpccProtoMessage.cpp:SerializeParams:112] m_offset, 454656
[m[1;33m2025-12-20 10:51:27.611|W|805740677|lpUCM [RemoteSails.cpp:SendWithRetry:185] Successfully wrote 1052 bytes
[m[0;32;32m2025-12-20 10:51:27.644|I|805740677|lpUCM [RemoteSails.cpp:HandleResponse:149] HandleResponse started, buffer size: 1048
[m[0;32;32m2025-12-20 10:51:27.644|I|805740677|lpUCM [RemoteSails.cpp:HandleResponse:158] Successfully deserialized response, status: 0, result code: 0
[m[0;32;31m2025-12-20 10:51:27.644|E|805740677|lpUCM [IpccProtoMessage.cpp:SerializeParams:112] m_offset, 455680
[m[1;33m2025-12-20 10:51:27.644|W|805740677|lpUCM [RemoteSails.cpp:SendWithRetry:185] Successfully wrote 1052 bytes
[m[0;32;32m2025-12-20 10:51:27.648|I|805740677|lpUCM [RemoteSails.cpp:HandleResponse:149] HandleResponse started, buffer size: 1048
[m[0;32;32m2025-12-20 10:51:27.648|I|805740677|lpUCM [RemoteSails.cpp:HandleResponse:158] Successfully deserialized response, status: 0, result code: 0
[m[0;32;31m2025-12-20 10:51:27.648|E|805740677|lpUCM [IpccProtoMessage.cpp:SerializeParams:112] m_offset, 456704
[m[1;33m2025-12-20 10:51:27.648|W|805740677|lpUCM [RemoteSails.cpp:SendWithRetry:185] Successfully wrote 1052 bytes
[m[0;32;32m2025-12-20 10:51:27.651|I|805740677|lpUCM [RemoteSails.cpp:HandleResponse:149] HandleResponse started, buffer size: 1048
[m[0;32;32m2025-12-20 10:51:27.651|I|805740677|lpUCM [RemoteSails.cpp:HandleResponse:158] Successfully deserialized response, status: 0, result code: 0
[m[0;32;31m2025-12-20 10:51:27.651|E|805740677|lpUCM [IpccProtoMessage.cpp:SerializeParams:112] m_offset, 457728
[m[1;33m2025-12-20 10:51:27.651|W|805740677|lpUCM [RemoteSails.cpp:SendWithRetry:185] Successfully wrote 1052 bytes
[m[0;32;32m2025-12-20 10:51:27.655|I|805740677|lpUCM [RemoteSails.cpp:HandleResponse:149] HandleResponse started, buffer size: 1048
[m[0;32;32m2025-12-20 10:51:27.655|I|805740677|lpUCM [RemoteSails.cpp:HandleResponse:158] Successfully deserialized response, status: 0, result code: 0
[m[0;32;32m2025-12-20 10:51:27.655|I|805740677|lpUCM [RemoteSails.cpp:SailWriteData:272] All data already trans size 16384
[m[0;32;32m2025-12-20 10:51:27.655|I|805740677|lpUCM [fds.cpp:FDS_OnLocalUpgProgress:248] total: 23, curr:23, percent:42, rop:97%
[m[0;32;32m2025-12-20 10:51:27.655|I|805740677|lpUCM [RemoteSails.cpp:SailWriteData:254] total data is 16384
[m[0;32;31m2025-12-20 10:51:27.655|E|805740677|lpUCM [IpccProtoMessage.cpp:SerializeParams:112] m_offset, 458752
[m[1;33m2025-12-20 10:51:27.655|W|805740677|lpUCM [RemoteSails.cpp:SendWithRetry:185] Successfully wrote 1052 bytes
[m[0;32;32m2025-12-20 10:51:27.689|I|805740677|lpUCM [RemoteSails.cpp:HandleResponse:149] HandleResponse started, buffer size: 1048
[m[0;32;32m2025-12-20 10:51:27.689|I|805740677|lpUCM [RemoteSails.cpp:HandleResponse:158] Successfully deserialized response, status: 0, result code: 0
[m[0;32;31m2025-12-20 10:51:27.689|E|805740677|lpUCM [IpccProtoMessage.cpp:SerializeParams:112] m_offset, 459776
[m[1;33m2025-12-20 10:51:27.689|W|805740677|lpUCM [RemoteSails.cpp:SendWithRetry:185] Successfully wrote 1052 bytes
[m[0;32;32m2025-12-20 10:51:27.693|I|805740677|lpUCM [RemoteSails.cpp:HandleResponse:149] HandleResponse started, buffer size: 1048
[m[0;32;32m2025-12-20 10:51:27.693|I|805740677|lpUCM [RemoteSails.cpp:HandleResponse:158] Successfully deserialized response, status: 0, result code: 0
[m[0;32;31m2025-12-20 10:51:27.693|E|805740677|lpUCM [IpccProtoMessage.cpp:SerializeParams:112] m_offset, 460800
[m[1;33m2025-12-20 10:51:27.693|W|805740677|lpUCM [RemoteSails.cpp:SendWithRetry:185] Successfully wrote 1052 bytes
[m[0;32;32m2025-12-20 10:51:27.696|I|805740677|lpUCM [RemoteSails.cpp:HandleResponse:149] HandleResponse started, buffer size: 1048
[m[0;32;32m2025-12-20 10:51:27.696|I|805740677|lpUCM [RemoteSails.cpp:HandleResponse:158] Successfully deserialized response, status: 0, result code: 0
[m[0;32;31m2025-12-20 10:51:27.696|E|805740677|lpUCM [IpccProtoMessage.cpp:SerializeParams:112] m_offset, 461824
[m[1;33m2025-12-20 10:51:27.696|W|805740677|lpUCM [RemoteSails.cpp:SendWithRetry:185] Successfully wrote 1052 bytes
[m[0;32;32m2025-12-20 10:51:27.700|I|805740677|lpUCM [RemoteSails.cpp:HandleResponse:149] HandleResponse started, buffer size: 1048
[m[0;32;32m2025-12-20 10:51:27.700|I|805740677|lpUCM [RemoteSails.cpp:HandleResponse:158] Successfully deserialized response, status: 0, result code: 0
[m[0;32;31m2025-12-20 10:51:27.700|E|805740677|lpUCM [IpccProtoMessage.cpp:SerializeParams:112] m_offset, 462848
[m[1;33m2025-12-20 10:51:27.700|W|805740677|lpUCM [RemoteSails.cpp:SendWithRetry:185] Successfully wrote 1052 bytes
[m[0;32;32m2025-12-20 10:51:27.730|I|805740677|lpUCM [RemoteSails.cpp:HandleResponse:149] HandleResponse started, buffer size: 1048
[m[0;32;32m2025-12-20 10:51:27.730|I|805740677|lpUCM [RemoteSails.cpp:HandleResponse:158] Successfully deserialized response, status: 0, result code: 0
[m[0;32;31m2025-12-20 10:51:27.730|E|805740677|lpUCM [IpccProtoMessage.cpp:SerializeParams:112] m_offset, 463872
[m[1;33m2025-12-20 10:51:27.730|W|805740677|lpUCM [RemoteSails.cpp:SendWithRetry:185] Successfully wrote 1052 bytes
[m[0;32;32m2025-12-20 10:51:27.736|I|805740677|lpUCM [RemoteSails.cpp:HandleResponse:149] HandleResponse started, buffer size: 1048
[m[0;32;32m2025-12-20 10:51:27.736|I|805740677|lpUCM [RemoteSails.cpp:HandleResponse:158] Successfully deserialized response, status: 0, result code: 0
[m[0;32;31m2025-12-20 10:51:27.736|E|805740677|lpUCM [IpccProtoMessage.cpp:SerializeParams:112] m_offset, 464896
[m[1;33m2025-12-20 10:51:27.736|W|805740677|lpUCM [RemoteSails.cpp:SendWithRetry:185] Successfully wrote 1052 bytes
[m[0;32;32m2025-12-20 10:51:27.739|I|805740677|lpUCM [RemoteSails.cpp:HandleResponse:149] HandleResponse started, buffer size: 1048
[m[0;32;32m2025-12-20 10:51:27.739|I|805740677|lpUCM [RemoteSails.cpp:HandleResponse:158] Successfully deserialized response, status: 0, result code: 0
[m[0;32;31m2025-12-20 10:51:27.739|E|805740677|lpUCM [IpccProtoMessage.cpp:SerializeParams:112] m_offset, 465920
[m[1;33m2025-12-20 10:51:27.739|W|805740677|lpUCM [RemoteSails.cpp:SendWithRetry:185] Successfully wrote 1052 bytes
[m[0;32;32m2025-12-20 10:51:27.745|I|805740677|lpUCM [RemoteSails.cpp:HandleResponse:149] HandleResponse started, buffer size: 1048
[m[0;32;32m2025-12-20 10:51:27.745|I|805740677|lpUCM [RemoteSails.cpp:HandleResponse:158] Successfully deserialized response, status: 0, result code: 0
[m[0;32;31m2025-12-20 10:51:27.745|E|805740677|lpUCM [IpccProtoMessage.cpp:SerializeParams:112] m_offset, 466944
[m[1;33m2025-12-20 10:51:27.745|W|805740677|lpUCM [RemoteSails.cpp:SendWithRetry:185] Successfully wrote 1052 bytes
[m[0;32;32m2025-12-20 10:51:27.775|I|805740677|lpUCM [RemoteSails.cpp:HandleResponse:149] HandleResponse started, buffer size: 1048
[m[0;32;32m2025-12-20 10:51:27.775|I|805740677|lpUCM [RemoteSails.cpp:HandleResponse:158] Successfully deserialized response, status: 0, result code: 0
[m[0;32;31m2025-12-20 10:51:27.775|E|805740677|lpUCM [IpccProtoMessage.cpp:SerializeParams:112] m_offset, 467968
[m[1;33m2025-12-20 10:51:27.775|W|805740677|lpUCM [RemoteSails.cpp:SendWithRetry:185] Successfully wrote 1052 bytes
[m[0;32;32m2025-12-20 10:51:27.778|I|805740677|lpUCM [RemoteSails.cpp:HandleResponse:149] HandleResponse started, buffer size: 1048
[m[0;32;32m2025-12-20 10:51:27.778|I|805740677|lpUCM [RemoteSails.cpp:HandleResponse:158] Successfully deserialized response, status: 0, result code: 0
[m[0;32;31m2025-12-20 10:51:27.778|E|805740677|lpUCM [IpccProtoMessage.cpp:SerializeParams:112] m_offset, 468992
[m[1;33m2025-12-20 10:51:27.778|W|805740677|lpUCM [RemoteSails.cpp:SendWithRetry:185] Successfully wrote 1052 bytes
[m[0;32;32m2025-12-20 10:51:27.781|I|805740677|lpUCM [RemoteSails.cpp:HandleResponse:149] HandleResponse started, buffer size: 1048
[m[0;32;32m2025-12-20 10:51:27.781|I|805740677|lpUCM [RemoteSails.cpp:HandleResponse:158] Successfully deserialized response, status: 0, result code: 0
[m[0;32;31m2025-12-20 10:51:27.781|E|805740677|lpUCM [IpccProtoMessage.cpp:SerializeParams:112] m_offset, 470016
[m[1;33m2025-12-20 10:51:27.781|W|805740677|lpUCM [RemoteSails.cpp:SendWithRetry:185] Successfully wrote 1052 bytes
[m[0;32;32m2025-12-20 10:51:27.784|I|805740677|lpUCM [RemoteSails.cpp:HandleResponse:149] HandleResponse started, buffer size: 1048
[m[0;32;32m2025-12-20 10:51:27.784|I|805740677|lpUCM [RemoteSails.cpp:HandleResponse:158] Successfully deserialized response, status: 0, result code: 0
[m[0;32;31m2025-12-20 10:51:27.784|E|805740677|lpUCM [IpccProtoMessage.cpp:SerializeParams:112] m_offset, 471040
[m[1;33m2025-12-20 10:51:27.784|W|805740677|lpUCM [RemoteSails.cpp:SendWithRetry:185] Successfully wrote 1052 bytes
[m[0;32;32m2025-12-20 10:51:27.816|I|805740677|lpUCM [RemoteSails.cpp:HandleResponse:149] HandleResponse started, buffer size: 1048
[m[0;32;32m2025-12-20 10:51:27.816|I|805740677|lpUCM [RemoteSails.cpp:HandleResponse:158] Successfully deserialized response, status: 0, result code: 0
[m[0;32;31m2025-12-20 10:51:27.816|E|805740677|lpUCM [IpccProtoMessage.cpp:SerializeParams:112] m_offset, 472064
[m[1;33m2025-12-20 10:51:27.816|W|805740677|lpUCM [RemoteSails.cpp:SendWithRetry:185] Successfully wrote 1052 bytes
[m[0;32;32m2025-12-20 10:51:27.820|I|805740677|lpUCM [RemoteSails.cpp:HandleResponse:149] HandleResponse started, buffer size: 1048
[m[0;32;32m2025-12-20 10:51:27.820|I|805740677|lpUCM [RemoteSails.cpp:HandleResponse:158] Successfully deserialized response, status: 0, result code: 0
[m[0;32;31m2025-12-20 10:51:27.820|E|805740677|lpUCM [IpccProtoMessage.cpp:SerializeParams:112] m_offset, 473088
[m[1;33m2025-12-20 10:51:27.820|W|805740677|lpUCM [RemoteSails.cpp:SendWithRetry:185] Successfully wrote 1052 bytes
[m[0;32;32m2025-12-20 10:51:27.824|I|805740677|lpUCM [RemoteSails.cpp:HandleResponse:149] HandleResponse started, buffer size: 1048
[m[0;32;32m2025-12-20 10:51:27.824|I|805740677|lpUCM [RemoteSails.cpp:HandleResponse:158] Successfully deserialized response, status: 0, result code: 0
[m[0;32;31m2025-12-20 10:51:27.824|E|805740677|lpUCM [IpccProtoMessage.cpp:SerializeParams:112] m_offset, 474112
[m[1;33m2025-12-20 10:51:27.824|W|805740677|lpUCM [RemoteSails.cpp:SendWithRetry:185] Successfully wrote 1052 bytes
[m[0;32;32m2025-12-20 10:51:27.827|I|805740677|lpUCM [RemoteSails.cpp:HandleResponse:149] HandleResponse started, buffer size: 1048
[m[0;32;32m2025-12-20 10:51:27.827|I|805740677|lpUCM [RemoteSails.cpp:HandleResponse:158] Successfully deserialized response, status: 0, result code: 0
[m[0;32;32m2025-12-20 10:51:27.827|I|805740677|lpUCM [RemoteSails.cpp:SailWriteData:272] All data already trans size 16384
[m[0;32;32m2025-12-20 10:51:27.827|I|805740677|lpUCM [fds.cpp:FDS_OnLocalUpgProgress:248] total: 23, curr:23, percent:43, rop:97%
[m[0;32;32m2025-12-20 10:51:27.827|I|805740677|lpUCM [RemoteSails.cpp:SailWriteData:254] total data is 16384
[m[0;32;31m2025-12-20 10:51:27.827|E|805740677|lpUCM [IpccProtoMessage.cpp:SerializeParams:112] m_offset, 475136
[m[1;33m2025-12-20 10:51:27.827|W|805740677|lpUCM [RemoteSails.cpp:SendWithRetry:185] Successfully wrote 1052 bytes
[m[0;32;32m2025-12-20 10:51:27.857|I|805740677|lpUCM [RemoteSails.cpp:HandleResponse:149] HandleResponse started, buffer size: 1048
[m[0;32;32m2025-12-20 10:51:27.857|I|805740677|lpUCM [RemoteSails.cpp:HandleResponse:158] Successfully deserialized response, status: 0, result code: 0
[m[0;32;31m2025-12-20 10:51:27.857|E|805740677|lpUCM [IpccProtoMessage.cpp:SerializeParams:112] m_offset, 476160
[m[1;33m2025-12-20 10:51:27.857|W|805740677|lpUCM [RemoteSails.cpp:SendWithRetry:185] Successfully wrote 1052 bytes
[m[0;32;32m2025-12-20 10:51:27.860|I|805740677|lpUCM [RemoteSails.cpp:HandleResponse:149] HandleResponse started, buffer size: 1048
[m[0;32;32m2025-12-20 10:51:27.860|I|805740677|lpUCM [RemoteSails.cpp:HandleResponse:158] Successfully deserialized response, status: 0, result code: 0
[m[0;32;31m2025-12-20 10:51:27.860|E|805740677|lpUCM [IpccProtoMessage.cpp:SerializeParams:112] m_offset, 477184
[m[1;33m2025-12-20 10:51:27.860|W|805740677|lpUCM [RemoteSails.cpp:SendWithRetry:185] Successfully wrote 1052 bytes
[m[0;32;32m2025-12-20 10:51:27.864|I|805740677|lpUCM [RemoteSails.cpp:HandleResponse:149] HandleResponse started, buffer size: 1048
[m[0;32;32m2025-12-20 10:51:27.864|I|805740677|lpUCM [RemoteSails.cpp:HandleResponse:158] Successfully deserialized response, status: 0, result code: 0
[m[0;32;31m2025-12-20 10:51:27.864|E|805740677|lpUCM [IpccProtoMessage.cpp:SerializeParams:112] m_offset, 478208
[m[1;33m2025-12-20 10:51:27.864|W|805740677|lpUCM [RemoteSails.cpp:SendWithRetry:185] Successfully wrote 1052 bytes
[m[0;32;32m2025-12-20 10:51:27.868|I|805740677|lpUCM [RemoteSails.cpp:HandleResponse:149] HandleResponse started, buffer size: 1048
[m[0;32;32m2025-12-20 10:51:27.868|I|805740677|lpUCM [RemoteSails.cpp:HandleResponse:158] Successfully deserialized response, status: 0, result code: 0
[m[0;32;31m2025-12-20 10:51:27.868|E|805740677|lpUCM [IpccProtoMessage.cpp:SerializeParams:112] m_offset, 479232
[m[1;33m2025-12-20 10:51:27.868|W|805740677|lpUCM [RemoteSails.cpp:SendWithRetry:185] Successfully wrote 1052 bytes
[m[0;32;32m2025-12-20 10:51:27.902|I|805740677|lpUCM [RemoteSails.cpp:HandleResponse:149] HandleResponse started, buffer size: 1048
[m[0;32;32m2025-12-20 10:51:27.902|I|805740677|lpUCM [RemoteSails.cpp:HandleResponse:158] Successfully deserialized response, status: 0, result code: 0
[m[0;32;31m2025-12-20 10:51:27.902|E|805740677|lpUCM [IpccProtoMessage.cpp:SerializeParams:112] m_offset, 480256
[m[1;33m2025-12-20 10:51:27.902|W|805740677|lpUCM [RemoteSails.cpp:SendWithRetry:185] Successfully wrote 1052 bytes
[m[0;32;32m2025-12-20 10:51:27.906|I|805740677|lpUCM [RemoteSails.cpp:HandleResponse:149] HandleResponse started, buffer size: 1048
[m[0;32;32m2025-12-20 10:51:27.906|I|805740677|lpUCM [RemoteSails.cpp:HandleResponse:158] Successfully deserialized response, status: 0, result code: 0
[m[0;32;31m2025-12-20 10:51:27.906|E|805740677|lpUCM [IpccProtoMessage.cpp:SerializeParams:112] m_offset, 481280
[m[1;33m2025-12-20 10:51:27.906|W|805740677|lpUCM [RemoteSails.cpp:SendWithRetry:185] Successfully wrote 1052 bytes
[m[0;32;32m2025-12-20 10:51:27.909|I|805740677|lpUCM [RemoteSails.cpp:HandleResponse:149] HandleResponse started, buffer size: 1048
[m[0;32;32m2025-12-20 10:51:27.909|I|805740677|lpUCM [RemoteSails.cpp:HandleResponse:158] Successfully deserialized response, status: 0, result code: 0
[m[0;32;31m2025-12-20 10:51:27.909|E|805740677|lpUCM [IpccProtoMessage.cpp:SerializeParams:112] m_offset, 482304
[m[1;33m2025-12-20 10:51:27.909|W|805740677|lpUCM [RemoteSails.cpp:SendWithRetry:185] Successfully wrote 1052 bytes
[m[0;32;32m2025-12-20 10:51:27.915|I|805740677|lpUCM [RemoteSails.cpp:HandleResponse:149] HandleResponse started, buffer size: 1048
[m[0;32;32m2025-12-20 10:51:27.915|I|805740677|lpUCM [RemoteSails.cpp:HandleResponse:158] Successfully deserialized response, status: 0, result code: 0
[m[0;32;31m2025-12-20 10:51:27.915|E|805740677|lpUCM [IpccProtoMessage.cpp:SerializeParams:112] m_offset, 483328
[m[1;33m2025-12-20 10:51:27.915|W|805740677|lpUCM [RemoteSails.cpp:SendWithRetry:185] Successfully wrote 1052 bytes
[m[0;32;32m2025-12-20 10:51:27.945|I|805740677|lpUCM [RemoteSails.cpp:HandleResponse:149] HandleResponse started, buffer size: 1048
[m[0;32;32m2025-12-20 10:51:27.945|I|805740677|lpUCM [RemoteSails.cpp:HandleResponse:158] Successfully deserialized response, status: 0, result code: 0
[m[0;32;31m2025-12-20 10:51:27.945|E|805740677|lpUCM [IpccProtoMessage.cpp:SerializeParams:112] m_offset, 484352
[m[1;33m2025-12-20 10:51:27.945|W|805740677|lpUCM [RemoteSails.cpp:SendWithRetry:185] Successfully wrote 1052 bytes
[m[0;32;32m2025-12-20 10:51:27.948|I|805740677|lpUCM [RemoteSails.cpp:HandleResponse:149] HandleResponse started, buffer size: 1048
[m[0;32;32m2025-12-20 10:51:27.948|I|805740677|lpUCM [RemoteSails.cpp:HandleResponse:158] Successfully deserialized response, status: 0, result code: 0
[m[0;32;31m2025-12-20 10:51:27.948|E|805740677|lpUCM [IpccProtoMessage.cpp:SerializeParams:112] m_offset, 485376
[m[1;33m2025-12-20 10:51:27.948|W|805740677|lpUCM [RemoteSails.cpp:SendWithRetry:185] Successfully wrote 1052 bytes
[m[0;32;32m2025-12-20 10:51:27.951|I|805740677|lpUCM [RemoteSails.cpp:HandleResponse:149] HandleResponse started, buffer size: 1048
[m[0;32;32m2025-12-20 10:51:27.951|I|805740677|lpUCM [RemoteSails.cpp:HandleResponse:158] Successfully deserialized response, status: 0, result code: 0
[m[0;32;31m2025-12-20 10:51:27.951|E|805740677|lpUCM [IpccProtoMessage.cpp:SerializeParams:112] m_offset, 486400
[m[1;33m2025-12-20 10:51:27.951|W|805740677|lpUCM [RemoteSails.cpp:SendWithRetry:185] Successfully wrote 1052 bytes
[m[0;32;32m2025-12-20 10:51:27.954|I|805740677|lpUCM [RemoteSails.cpp:HandleResponse:149] HandleResponse started, buffer size: 1048
[m[0;32;32m2025-12-20 10:51:27.954|I|805740677|lpUCM [RemoteSails.cpp:HandleResponse:158] Successfully deserialized response, status: 0, result code: 0
[m[0;32;31m2025-12-20 10:51:27.954|E|805740677|lpUCM [IpccProtoMessage.cpp:SerializeParams:112] m_offset, 487424
[m[1;33m2025-12-20 10:51:27.954|W|805740677|lpUCM [RemoteSails.cpp:SendWithRetry:185] Successfully wrote 1052 bytes
[m[0;32;32m2025-12-20 10:51:27.986|I|805740677|lpUCM [RemoteSails.cpp:HandleResponse:149] HandleResponse started, buffer size: 1048
[m[0;32;32m2025-12-20 10:51:27.986|I|805740677|lpUCM [RemoteSails.cpp:HandleResponse:158] Successfully deserialized response, status: 0, result code: 0
[m[0;32;31m2025-12-20 10:51:27.986|E|805740677|lpUCM [IpccProtoMessage.cpp:SerializeParams:112] m_offset, 488448
[m[1;33m2025-12-20 10:51:27.986|W|805740677|lpUCM [RemoteSails.cpp:SendWithRetry:185] Successfully wrote 1052 bytes
[m[0;32;32m2025-12-20 10:51:27.989|I|805740677|lpUCM [RemoteSails.cpp:HandleResponse:149] HandleResponse started, buffer size: 1048
[m[0;32;32m2025-12-20 10:51:27.989|I|805740677|lpUCM [RemoteSails.cpp:HandleResponse:158] Successfully deserialized response, status: 0, result code: 0
[m[0;32;31m2025-12-20 10:51:27.989|E|805740677|lpUCM [IpccProtoMessage.cpp:SerializeParams:112] m_offset, 489472
[m[1;33m2025-12-20 10:51:27.989|W|805740677|lpUCM [RemoteSails.cpp:SendWithRetry:185] Successfully wrote 1052 bytes
[m[0;32;32m2025-12-20 10:51:27.993|I|805740677|lpUCM [RemoteSails.cpp:HandleResponse:149] HandleResponse started, buffer size: 1048
[m[0;32;32m2025-12-20 10:51:27.993|I|805740677|lpUCM [RemoteSails.cpp:HandleResponse:158] Successfully deserialized response, status: 0, result code: 0
[m[0;32;31m2025-12-20 10:51:27.993|E|805740677|lpUCM [IpccProtoMessage.cpp:SerializeParams:112] m_offset, 490496
[m[1;33m2025-12-20 10:51:27.993|W|805740677|lpUCM [RemoteSails.cpp:SendWithRetry:185] Successfully wrote 1052 bytes
[m[0;32;32m2025-12-20 10:51:27.996|I|805740677|lpUCM [RemoteSails.cpp:HandleResponse:149] HandleResponse started, buffer size: 1048
[m[0;32;32m2025-12-20 10:51:27.996|I|805740677|lpUCM [RemoteSails.cpp:HandleResponse:158] Successfully deserialized response, status: 0, result code: 0
[m[0;32;32m2025-12-20 10:51:27.996|I|805740677|lpUCM [RemoteSails.cpp:SailWriteData:272] All data already trans size 16384
[m[0;32;32m2025-12-20 10:51:27.996|I|805740677|lpUCM [fds.cpp:FDS_OnLocalUpgProgress:248] total: 23, curr:23, percent:44, rop:97%
[m[0;32;32m2025-12-20 10:51:27.996|I|805740677|lpUCM [RemoteSails.cpp:SailWriteData:254] total data is 16384
[m[0;32;31m2025-12-20 10:51:27.996|E|805740677|lpUCM [IpccProtoMessage.cpp:SerializeParams:112] m_offset, 491520
[m[1;33m2025-12-20 10:51:27.996|W|805740677|lpUCM [RemoteSails.cpp:SendWithRetry:185] Successfully wrote 1052 bytes
[m[0;32;32m2025-12-20 10:51:28.26|I|805740677|lpUCM [RemoteSails.cpp:HandleResponse:149] HandleResponse started, buffer size: 1048
[m[0;32;32m2025-12-20 10:51:28.26|I|805740677|lpUCM [RemoteSails.cpp:HandleResponse:158] Successfully deserialized response, status: 0, result code: 0
[m[0;32;31m2025-12-20 10:51:28.26|E|805740677|lpUCM [IpccProtoMessage.cpp:SerializeParams:112] m_offset, 492544
[m[1;33m2025-12-20 10:51:28.26|W|805740677|lpUCM [RemoteSails.cpp:SendWithRetry:185] Successfully wrote 1052 bytes
[m[0;32;32m2025-12-20 10:51:28.29|I|805740677|lpUCM [RemoteSails.cpp:HandleResponse:149] HandleResponse started, buffer size: 1048
[m[0;32;32m2025-12-20 10:51:28.29|I|805740677|lpUCM [RemoteSails.cpp:HandleResponse:158] Successfully deserialized response, status: 0, result code: 0
[m[0;32;31m2025-12-20 10:51:28.29|E|805740677|lpUCM [IpccProtoMessage.cpp:SerializeParams:112] m_offset, 493568
[m[1;33m2025-12-20 10:51:28.29|W|805740677|lpUCM [RemoteSails.cpp:SendWithRetry:185] Successfully wrote 1052 bytes
[m[0;32;32m2025-12-20 10:51:28.35|I|805740677|lpUCM [RemoteSails.cpp:HandleResponse:149] HandleResponse started, buffer size: 1048
[m[0;32;32m2025-12-20 10:51:28.35|I|805740677|lpUCM [RemoteSails.cpp:HandleResponse:158] Successfully deserialized response, status: 0, result code: 0
[m[0;32;31m2025-12-20 10:51:28.35|E|805740677|lpUCM [IpccProtoMessage.cpp:SerializeParams:112] m_offset, 494592
[m[1;33m2025-12-20 10:51:28.35|W|805740677|lpUCM [RemoteSails.cpp:SendWithRetry:185] Successfully wrote 1052 bytes
[m[0;32;32m2025-12-20 10:51:28.38|I|805740677|lpUCM [RemoteSails.cpp:HandleResponse:149] HandleResponse started, buffer size: 1048
[m[0;32;32m2025-12-20 10:51:28.38|I|805740677|lpUCM [RemoteSails.cpp:HandleResponse:158] Successfully deserialized response, status: 0, result code: 0
[m[0;32;31m2025-12-20 10:51:28.38|E|805740677|lpUCM [IpccProtoMessage.cpp:SerializeParams:112] m_offset, 495616
[m[1;33m2025-12-20 10:51:28.38|W|805740677|lpUCM [RemoteSails.cpp:SendWithRetry:185] Successfully wrote 1052 bytes
[m[0;32;32m2025-12-20 10:51:28.68|I|805740677|lpUCM [RemoteSails.cpp:HandleResponse:149] HandleResponse started, buffer size: 1048
[m[0;32;32m2025-12-20 10:51:28.68|I|805740677|lpUCM [RemoteSails.cpp:HandleResponse:158] Successfully deserialized response, status: 0, result code: 0
[m[0;32;31m2025-12-20 10:51:28.68|E|805740677|lpUCM [IpccProtoMessage.cpp:SerializeParams:112] m_offset, 496640
[m[1;33m2025-12-20 10:51:28.68|W|805740677|lpUCM [RemoteSails.cpp:SendWithRetry:185] Successfully wrote 1052 bytes
[m[0;32;32m2025-12-20 10:51:28.72|I|805740677|lpUCM [RemoteSails.cpp:HandleResponse:149] HandleResponse started, buffer size: 1048
[m[0;32;32m2025-12-20 10:51:28.72|I|805740677|lpUCM [RemoteSails.cpp:HandleResponse:158] Successfully deserialized response, status: 0, result code: 0
[m[0;32;31m2025-12-20 10:51:28.72|E|805740677|lpUCM [IpccProtoMessage.cpp:SerializeParams:112] m_offset, 497664
[m[1;33m2025-12-20 10:51:28.72|W|805740677|lpUCM [RemoteSails.cpp:SendWithRetry:185] Successfully wrote 1052 bytes
[m[0;32;32m2025-12-20 10:51:28.76|I|805740677|lpUCM [RemoteSails.cpp:HandleResponse:149] HandleResponse started, buffer size: 1048
[m[0;32;32m2025-12-20 10:51:28.76|I|805740677|lpUCM [RemoteSails.cpp:HandleResponse:158] Successfully deserialized response, status: 0, result code: 0
[m[0;32;31m2025-12-20 10:51:28.76|E|805740677|lpUCM [IpccProtoMessage.cpp:SerializeParams:112] m_offset, 498688
[m[1;33m2025-12-20 10:51:28.76|W|805740677|lpUCM [RemoteSails.cpp:SendWithRetry:185] Successfully wrote 1052 bytes
[m[0;32;32m2025-12-20 10:51:28.79|I|805740677|lpUCM [RemoteSails.cpp:HandleResponse:149] HandleResponse started, buffer size: 1048
[m[0;32;32m2025-12-20 10:51:28.79|I|805740677|lpUCM [RemoteSails.cpp:HandleResponse:158] Successfully deserialized response, status: 0, result code: 0
[m[0;32;31m2025-12-20 10:51:28.79|E|805740677|lpUCM [IpccProtoMessage.cpp:SerializeParams:112] m_offset, 499712
[m[1;33m2025-12-20 10:51:28.79|W|805740677|lpUCM [RemoteSails.cpp:SendWithRetry:185] Successfully wrote 1052 bytes
[m[0;32;32m2025-12-20 10:51:28.109|I|805740677|lpUCM [RemoteSails.cpp:HandleResponse:149] HandleResponse started, buffer size: 1048
[m[0;32;32m2025-12-20 10:51:28.109|I|805740677|lpUCM [RemoteSails.cpp:HandleResponse:158] Successfully deserialized response, status: 0, result code: 0
[m[0;32;31m2025-12-20 10:51:28.109|E|805740677|lpUCM [IpccProtoMessage.cpp:SerializeParams:112] m_offset, 500736
[m[1;33m2025-12-20 10:51:28.109|W|805740677|lpUCM [RemoteSails.cpp:SendWithRetry:185] Successfully wrote 1052 bytes
[m[0;32;32m2025-12-20 10:51:28.115|I|805740677|lpUCM [RemoteSails.cpp:HandleResponse:149] HandleResponse started, buffer size: 1048
[m[0;32;32m2025-12-20 10:51:28.115|I|805740677|lpUCM [RemoteSails.cpp:HandleResponse:158] Successfully deserialized response, status: 0, result code: 0
[m[0;32;31m2025-12-20 10:51:28.115|E|805740677|lpUCM [IpccProtoMessage.cpp:SerializeParams:112] m_offset, 501760
[m[1;33m2025-12-20 10:51:28.115|W|805740677|lpUCM [RemoteSails.cpp:SendWithRetry:185] Successfully wrote 1052 bytes
[m[0;32;32m2025-12-20 10:51:28.118|I|805740677|lpUCM [RemoteSails.cpp:HandleResponse:149] HandleResponse started, buffer size: 1048
[m[0;32;32m2025-12-20 10:51:28.118|I|805740677|lpUCM [RemoteSails.cpp:HandleResponse:158] Successfully deserialized response, status: 0, result code: 0
[m[0;32;31m2025-12-20 10:51:28.118|E|805740677|lpUCM [IpccProtoMessage.cpp:SerializeParams:112] m_offset, 502784
[m[1;33m2025-12-20 10:51:28.118|W|805740677|lpUCM [RemoteSails.cpp:SendWithRetry:185] Successfully wrote 1052 bytes
[m[0;32;32m2025-12-20 10:51:28.121|I|805740677|lpUCM [RemoteSails.cpp:HandleResponse:149] HandleResponse started, buffer size: 1048
[m[0;32;32m2025-12-20 10:51:28.121|I|805740677|lpUCM [RemoteSails.cpp:HandleResponse:158] Successfully deserialized response, status: 0, result code: 0
[m[0;32;31m2025-12-20 10:51:28.121|E|805740677|lpUCM [IpccProtoMessage.cpp:SerializeParams:112] m_offset, 503808
[m[1;33m2025-12-20 10:51:28.121|W|805740677|lpUCM [RemoteSails.cpp:SendWithRetry:185] Successfully wrote 1052 bytes
[m[0;32;32m2025-12-20 10:51:28.154|I|805740677|lpUCM [RemoteSails.cpp:HandleResponse:149] HandleResponse started, buffer size: 1048
[m[0;32;32m2025-12-20 10:51:28.154|I|805740677|lpUCM [RemoteSails.cpp:HandleResponse:158] Successfully deserialized response, status: 0, result code: 0
[m[0;32;31m2025-12-20 10:51:28.154|E|805740677|lpUCM [IpccProtoMessage.cpp:SerializeParams:112] m_offset, 504832
[m[1;33m2025-12-20 10:51:28.154|W|805740677|lpUCM [RemoteSails.cpp:SendWithRetry:185] Successfully wrote 1052 bytes
[m[0;32;32m2025-12-20 10:51:28.157|I|805740677|lpUCM [RemoteSails.cpp:HandleResponse:149] HandleResponse started, buffer size: 1048
[m[0;32;32m2025-12-20 10:51:28.157|I|805740677|lpUCM [RemoteSails.cpp:HandleResponse:158] Successfully deserialized response, status: 0, result code: 0
[m[0;32;31m2025-12-20 10:51:28.157|E|805740677|lpUCM [IpccProtoMessage.cpp:SerializeParams:112] m_offset, 505856
[m[1;33m2025-12-20 10:51:28.157|W|805740677|lpUCM [RemoteSails.cpp:SendWithRetry:185] Successfully wrote 1052 bytes
[m[0;32;32m2025-12-20 10:51:28.160|I|805740677|lpUCM [RemoteSails.cpp:HandleResponse:149] HandleResponse started, buffer size: 1048
[m[0;32;32m2025-12-20 10:51:28.160|I|805740677|lpUCM [RemoteSails.cpp:HandleResponse:158] Successfully deserialized response, status: 0, result code: 0
[m[0;32;31m2025-12-20 10:51:28.160|E|805740677|lpUCM [IpccProtoMessage.cpp:SerializeParams:112] m_offset, 506880
[m[1;33m2025-12-20 10:51:28.160|W|805740677|lpUCM [RemoteSails.cpp:SendWithRetry:185] Successfully wrote 1052 bytes
[m[0;32;32m2025-12-20 10:51:28.166|I|805740677|lpUCM [RemoteSails.cpp:HandleResponse:149] HandleResponse started, buffer size: 1048
[m[0;32;32m2025-12-20 10:51:28.166|I|805740677|lpUCM [RemoteSails.cpp:HandleResponse:158] Successfully deserialized response, status: 0, result code: 0
[m[0;32;32m2025-12-20 10:51:28.166|I|805740677|lpUCM [RemoteSails.cpp:SailWriteData:272] All data already trans size 16384
[m[0;32;32m2025-12-20 10:51:28.166|I|805740677|lpUCM [fds.cpp:FDS_OnLocalUpgProgress:248] total: 23, curr:23, percent:45, rop:97%
[m[0;32;32m2025-12-20 10:51:28.166|I|805740677|lpUCM [RemoteSails.cpp:SailWriteData:254] total data is 16384
[m[0;32;31m2025-12-20 10:51:28.166|E|805740677|lpUCM [IpccProtoMessage.cpp:SerializeParams:112] m_offset, 507904
[m[1;33m2025-12-20 10:51:28.166|W|805740677|lpUCM [RemoteSails.cpp:SendWithRetry:185] Successfully wrote 1052 bytes
[m[0;32;32m2025-12-20 10:51:28.196|I|805740677|lpUCM [RemoteSails.cpp:HandleResponse:149] HandleResponse started, buffer size: 1048
[m[0;32;32m2025-12-20 10:51:28.196|I|805740677|lpUCM [RemoteSails.cpp:HandleResponse:158] Successfully deserialized response, status: 0, result code: 0
[m[0;32;31m2025-12-20 10:51:28.196|E|805740677|lpUCM [IpccProtoMessage.cpp:SerializeParams:112] m_offset, 508928
[m[1;33m2025-12-20 10:51:28.196|W|805740677|lpUCM [RemoteSails.cpp:SendWithRetry:185] Successfully wrote 1052 bytes
[m[0;32;32m2025-12-20 10:51:28.199|I|805740677|lpUCM [RemoteSails.cpp:HandleResponse:149] HandleResponse started, buffer size: 1048
[m[0;32;32m2025-12-20 10:51:28.199|I|805740677|lpUCM [RemoteSails.cpp:HandleResponse:158] Successfully deserialized response, status: 0, result code: 0
[m[0;32;31m2025-12-20 10:51:28.199|E|805740677|lpUCM [IpccProtoMessage.cpp:SerializeParams:112] m_offset, 509952
[m[1;33m2025-12-20 10:51:28.199|W|805740677|lpUCM [RemoteSails.cpp:SendWithRetry:185] Successfully wrote 1052 bytes
[m[0;32;32m2025-12-20 10:51:28.203|I|805740677|lpUCM [RemoteSails.cpp:HandleResponse:149] HandleResponse started, buffer size: 1048
[m[0;32;32m2025-12-20 10:51:28.203|I|805740677|lpUCM [RemoteSails.cpp:HandleResponse:158] Successfully deserialized response, status: 0, result code: 0
[m[0;32;31m2025-12-20 10:51:28.203|E|805740677|lpUCM [IpccProtoMessage.cpp:SerializeParams:112] m_offset, 510976
[m[1;33m2025-12-20 10:51:28.203|W|805740677|lpUCM [RemoteSails.cpp:SendWithRetry:185] Successfully wrote 1052 bytes
[m[0;32;32m2025-12-20 10:51:28.206|I|805740677|lpUCM [RemoteSails.cpp:HandleResponse:149] HandleResponse started, buffer size: 1048
[m[0;32;32m2025-12-20 10:51:28.206|I|805740677|lpUCM [RemoteSails.cpp:HandleResponse:158] Successfully deserialized response, status: 0, result code: 0
[m[0;32;31m2025-12-20 10:51:28.206|E|805740677|lpUCM [IpccProtoMessage.cpp:SerializeParams:112] m_offset, 512000
[m[1;33m2025-12-20 10:51:28.206|W|805740677|lpUCM [RemoteSails.cpp:SendWithRetry:185] Successfully wrote 1052 bytes
[m[0;32;32m2025-12-20 10:51:28.235|I|805740677|lpUCM [RemoteSails.cpp:HandleResponse:149] HandleResponse started, buffer size: 1048
[m[0;32;32m2025-12-20 10:51:28.235|I|805740677|lpUCM [RemoteSails.cpp:HandleResponse:158] Successfully deserialized response, status: 0, result code: 0
[m[0;32;31m2025-12-20 10:51:28.235|E|805740677|lpUCM [IpccProtoMessage.cpp:SerializeParams:112] m_offset, 513024
[m[1;33m2025-12-20 10:51:28.235|W|805740677|lpUCM [RemoteSails.cpp:SendWithRetry:185] Successfully wrote 1052 bytes
[m[0;32;32m2025-12-20 10:51:28.239|I|805740677|lpUCM [RemoteSails.cpp:HandleResponse:149] HandleResponse started, buffer size: 1048
[m[0;32;32m2025-12-20 10:51:28.239|I|805740677|lpUCM [RemoteSails.cpp:HandleResponse:158] Successfully deserialized response, status: 0, result code: 0
[m[0;32;31m2025-12-20 10:51:28.239|E|805740677|lpUCM [IpccProtoMessage.cpp:SerializeParams:112] m_offset, 514048
[m[1;33m2025-12-20 10:51:28.239|W|805740677|lpUCM [RemoteSails.cpp:SendWithRetry:185] Successfully wrote 1052 bytes
[m[0;32;32m2025-12-20 10:51:28.242|I|805740677|lpUCM [RemoteSails.cpp:HandleResponse:149] HandleResponse started, buffer size: 1048
[m[0;32;32m2025-12-20 10:51:28.242|I|805740677|lpUCM [RemoteSails.cpp:HandleResponse:158] Successfully deserialized response, status: 0, result code: 0
[m[0;32;31m2025-12-20 10:51:28.242|E|805740677|lpUCM [IpccProtoMessage.cpp:SerializeParams:112] m_offset, 515072
[m[1;33m2025-12-20 10:51:28.242|W|805740677|lpUCM [RemoteSails.cpp:SendWithRetry:185] Successfully wrote 1052 bytes
[m[0;32;32m2025-12-20 10:51:28.246|I|805740677|lpUCM [RemoteSails.cpp:HandleResponse:149] HandleResponse started, buffer size: 1048
[m[0;32;32m2025-12-20 10:51:28.246|I|805740677|lpUCM [RemoteSails.cpp:HandleResponse:158] Successfully deserialized response, status: 0, result code: 0
[m[0;32;31m2025-12-20 10:51:28.246|E|805740677|lpUCM [IpccProtoMessage.cpp:SerializeParams:112] m_offset, 516096
[m[1;33m2025-12-20 10:51:28.246|W|805740677|lpUCM [RemoteSails.cpp:SendWithRetry:185] Successfully wrote 1052 bytes
[m[0;32;32m2025-12-20 10:51:28.276|I|805740677|lpUCM [RemoteSails.cpp:HandleResponse:149] HandleResponse started, buffer size: 1048
[m[0;32;32m2025-12-20 10:51:28.276|I|805740677|lpUCM [RemoteSails.cpp:HandleResponse:158] Successfully deserialized response, status: 0, result code: 0
[m[0;32;31m2025-12-20 10:51:28.276|E|805740677|lpUCM [IpccProtoMessage.cpp:SerializeParams:112] m_offset, 517120
[m[1;33m2025-12-20 10:51:28.276|W|805740677|lpUCM [RemoteSails.cpp:SendWithRetry:185] Successfully wrote 1052 bytes
[m[0;32;32m2025-12-20 10:51:28.279|I|805740677|lpUCM [RemoteSails.cpp:HandleResponse:149] HandleResponse started, buffer size: 1048
[m[0;32;32m2025-12-20 10:51:28.279|I|805740677|lpUCM [RemoteSails.cpp:HandleResponse:158] Successfully deserialized response, status: 0, result code: 0
[m[0;32;31m2025-12-20 10:51:28.279|E|805740677|lpUCM [IpccProtoMessage.cpp:SerializeParams:112] m_offset, 518144
[m[1;33m2025-12-20 10:51:28.279|W|805740677|lpUCM [RemoteSails.cpp:SendWithRetry:185] Successfully wrote 1052 bytes
[m[0;32;32m2025-12-20 10:51:28.283|I|805740677|lpUCM [RemoteSails.cpp:HandleResponse:149] HandleResponse started, buffer size: 1048
[m[0;32;32m2025-12-20 10:51:28.283|I|805740677|lpUCM [RemoteSails.cpp:HandleResponse:158] Successfully deserialized response, status: 0, result code: 0
[m[0;32;31m2025-12-20 10:51:28.283|E|805740677|lpUCM [IpccProtoMessage.cpp:SerializeParams:112] m_offset, 519168
[m[1;33m2025-12-20 10:51:28.283|W|805740677|lpUCM [RemoteSails.cpp:SendWithRetry:185] Successfully wrote 1052 bytes
[m[0;32;32m2025-12-20 10:51:28.286|I|805740677|lpUCM [RemoteSails.cpp:HandleResponse:149] HandleResponse started, buffer size: 1048
[m[0;32;32m2025-12-20 10:51:28.286|I|805740677|lpUCM [RemoteSails.cpp:HandleResponse:158] Successfully deserialized response, status: 0, result code: 0
[m[0;32;31m2025-12-20 10:51:28.286|E|805740677|lpUCM [IpccProtoMessage.cpp:SerializeParams:112] m_offset, 520192
[m[1;33m2025-12-20 10:51:28.286|W|805740677|lpUCM [RemoteSails.cpp:SendWithRetry:185] Successfully wrote 1052 bytes
[m[0;32;32m2025-12-20 10:51:28.318|I|805740677|lpUCM [RemoteSails.cpp:HandleResponse:149] HandleResponse started, buffer size: 1048
[m[0;32;32m2025-12-20 10:51:28.318|I|805740677|lpUCM [RemoteSails.cpp:HandleResponse:158] Successfully deserialized response, status: 0, result code: 0
[m[0;32;31m2025-12-20 10:51:28.318|E|805740677|lpUCM [IpccProtoMessage.cpp:SerializeParams:112] m_offset, 521216
[m[1;33m2025-12-20 10:51:28.318|W|805740677|lpUCM [RemoteSails.cpp:SendWithRetry:185] Successfully wrote 1052 bytes
[m[0;32;32m2025-12-20 10:51:28.321|I|805740677|lpUCM [RemoteSails.cpp:HandleResponse:149] HandleResponse started, buffer size: 1048
[m[0;32;32m2025-12-20 10:51:28.321|I|805740677|lpUCM [RemoteSails.cpp:HandleResponse:158] Successfully deserialized response, status: 0, result code: 0
[m[0;32;31m2025-12-20 10:51:28.321|E|805740677|lpUCM [IpccProtoMessage.cpp:SerializeParams:112] m_offset, 522240
[m[1;33m2025-12-20 10:51:28.321|W|805740677|lpUCM [RemoteSails.cpp:SendWithRetry:185] Successfully wrote 1052 bytes
[m[0;32;32m2025-12-20 10:51:28.327|I|805740677|lpUCM [RemoteSails.cpp:HandleResponse:149] HandleResponse started, buffer size: 1048
[m[0;32;32m2025-12-20 10:51:28.327|I|805740677|lpUCM [RemoteSails.cpp:HandleResponse:158] Successfully deserialized response, status: 0, result code: 0
[m[0;32;31m2025-12-20 10:51:28.327|E|805740677|lpUCM [IpccProtoMessage.cpp:SerializeParams:112] m_offset, 523264
[m[1;33m2025-12-20 10:51:28.327|W|805740677|lpUCM [RemoteSails.cpp:SendWithRetry:185] Successfully wrote 1052 bytes
[m[0;32;32m2025-12-20 10:51:28.330|I|805740677|lpUCM [RemoteSails.cpp:HandleResponse:149] HandleResponse started, buffer size: 1048
[m[0;32;32m2025-12-20 10:51:28.330|I|805740677|lpUCM [RemoteSails.cpp:HandleResponse:158] Successfully deserialized response, status: 0, result code: 0
[m[0;32;32m2025-12-20 10:51:28.330|I|805740677|lpUCM [RemoteSails.cpp:SailWriteData:272] All data already trans size 16384
[m[0;32;32m2025-12-20 10:51:28.330|I|805740677|lpUCM [fds.cpp:FDS_OnLocalUpgProgress:248] total: 23, curr:23, percent:46, rop:97%
[m[0;32;32m2025-12-20 10:51:28.330|I|805740677|lpUCM [RemoteSails.cpp:SailWriteData:254] total data is 16384
[m[0;32;31m2025-12-20 10:51:28.330|E|805740677|lpUCM [IpccProtoMessage.cpp:SerializeParams:112] m_offset, 524288
[m[1;33m2025-12-20 10:51:28.330|W|805740677|lpUCM [RemoteSails.cpp:SendWithRetry:185] Successfully wrote 1052 bytes
[m[0;32;32m2025-12-20 10:51:28.360|I|805740677|lpUCM [RemoteSails.cpp:HandleResponse:149] HandleResponse started, buffer size: 1048
[m[0;32;32m2025-12-20 10:51:28.360|I|805740677|lpUCM [RemoteSails.cpp:HandleResponse:158] Successfully deserialized response, status: 0, result code: 0
[m[0;32;31m2025-12-20 10:51:28.360|E|805740677|lpUCM [IpccProtoMessage.cpp:SerializeParams:112] m_offset, 525312
[m[1;33m2025-12-20 10:51:28.360|W|805740677|lpUCM [RemoteSails.cpp:SendWithRetry:185] Successfully wrote 1052 bytes
[m[0;32;32m2025-12-20 10:51:28.363|I|805740677|lpUCM [RemoteSails.cpp:HandleResponse:149] HandleResponse started, buffer size: 1048
[m[0;32;32m2025-12-20 10:51:28.363|I|805740677|lpUCM [RemoteSails.cpp:HandleResponse:158] Successfully deserialized response, status: 0, result code: 0
[m[0;32;31m2025-12-20 10:51:28.363|E|805740677|lpUCM [IpccProtoMessage.cpp:SerializeParams:112] m_offset, 526336
[m[1;33m2025-12-20 10:51:28.363|W|805740677|lpUCM [RemoteSails.cpp:SendWithRetry:185] Successfully wrote 1052 bytes
[m[0;32;32m2025-12-20 10:51:28.366|I|805740677|lpUCM [RemoteSails.cpp:HandleResponse:149] HandleResponse started, buffer size: 1048
[m[0;32;32m2025-12-20 10:51:28.366|I|805740677|lpUCM [RemoteSails.cpp:HandleResponse:158] Successfully deserialized response, status: 0, result code: 0
[m[0;32;31m2025-12-20 10:51:28.366|E|805740677|lpUCM [IpccProtoMessage.cpp:SerializeParams:112] m_offset, 527360
[m[1;33m2025-12-20 10:51:28.366|W|805740677|lpUCM [RemoteSails.cpp:SendWithRetry:185] Successfully wrote 1052 bytes
[m[0;32;32m2025-12-20 10:51:28.369|I|805740677|lpUCM [RemoteSails.cpp:HandleResponse:149] HandleResponse started, buffer size: 1048
[m[0;32;32m2025-12-20 10:51:28.369|I|805740677|lpUCM [RemoteSails.cpp:HandleResponse:158] Successfully deserialized response, status: 0, result code: 0
[m[0;32;31m2025-12-20 10:51:28.369|E|805740677|lpUCM [IpccProtoMessage.cpp:SerializeParams:112] m_offset, 528384
[m[1;33m2025-12-20 10:51:28.369|W|805740677|lpUCM [RemoteSails.cpp:SendWithRetry:185] Successfully wrote 1052 bytes
[m[0;32;32m2025-12-20 10:51:28.399|I|805740677|lpUCM [RemoteSails.cpp:HandleResponse:149] HandleResponse started, buffer size: 1048
[m[0;32;32m2025-12-20 10:51:28.399|I|805740677|lpUCM [RemoteSails.cpp:HandleResponse:158] Successfully deserialized response, status: 0, re