Could not chdir to home directory /root: No such file or directory
[m[0;32;32m1970-01-01 07:01:49.624|I|2142330|lpHids [idslib] [module_process] 0058 --- abnormal_cmd_alarm_callback >>> [info] cmd:/ifs/bin/grep UCM not match
[m[1;33m1970-01-01 07:01:51.530|W|132501644|lpUCM [fds.cpp:FDS_printVerInfo:66] Compiled on: Dec 14 2025 at 08:20:30
[m[1;33m1970-01-01 07:01:51.530|W|132501644|lpUCM [fds.cpp:FDS_printVerInfo:68] ********************VERSION*******************
[m[1;33m1970-01-01 07:01:51.530|W|132501644|lpUCM [fds.cpp:FDS_printVerInfo:69] Branch     : 
[m[1;33m1970-01-01 07:01:51.530|W|132501644|lpUCM [fds.cpp:FDS_printVerInfo:70] Commit Hash: 411de96ef3abeecd7d723a680d3d8a6518ab7531
[m[1;33m1970-01-01 07:01:51.530|W|132501644|lpUCM [fds.cpp:FDS_printVerInfo:71] Commit Time: 2025-12-11 15:50:30 +0800
[m[1;33m1970-01-01 07:01:51.530|W|132501644|lpUCM [fds.cpp:FDS_printVerInfo:72] **********************************************
[m[0;32;32m1970-01-01 07:01:51.530|I|132501644|lpUCM [8650_handler.c:FDS_idhGetDescTable:44] descTable is 100be9a0, g_idhTbl is 1011f0e0, size = 5
[m[0;32;32m1970-01-01 07:01:51.538|I|132501644|lpUCM [fds.cpp:main:101] start upgrade by local file: /opt/data/fota/LP-ADDC050-AA_V1.01.0072_D_20251214.icsw
[m[0;32;32m1970-01-01 07:01:51.538|I|132501644|lpUCM [upa.c:FDS_upaSetSilenceMode:236] FDS_upaSetSilenceMode
[m[0;32;32m1970-01-01 07:01:51.538|I|132501644|lpUCM IpcKeyValueClient construct
[m[1;33m1970-01-01 07:01:51.549|W|132501644|lpUCM IpcClientChannel open suc, retries: 0 
[m[0;32;32m1970-01-01 07:01:51.549|I|132501644|lpUCM IpcKeyValueClient::init ipcclient suc
[m[0;32;32m1970-01-01 07:01:51.549|I|132501644|lpUCM PER_storageCreate create success
[m[1;33m1970-01-01 07:01:51.550|W|2072672|lpPer DbAdapter::SetValue setvalue key: CAL_NOFEELUP_VALIDFLAG, value: 0x00 , authority: lpUCM
[m[0;32;32m1970-01-01 07:01:51.551|I|132501644|lpUCM IpcKeyValueClient deconstruct
[m[0;32;32m1970-01-01 07:01:51.551|I|132501644|lpUCM PerClient deconstruct
[m[0;32;32m1970-01-01 07:01:51.552|I|132501644|lpUCM [file.c:FDS_fileMkDir:274] Directory /opt/data/fota/ already exists
[m[0;32;31m1970-01-01 07:01:51.553|E|132501644|lpUCM [img.c:FDS_imgGetVal:37] [scripts] FDS_cfgGetSubNodeByName fail 
[m[1;33m1970-01-01 07:01:51.553|W|132501644|lpUCM [dum.c:FDS_dumConvertSwtchAB:151] STUB !!!
[m[0;32;32m1970-01-01 07:01:51.553|I|132501644|lpUCM [scm.c:FDS_scmOnHandleFile:926] offset:7380
[m[1;33m1970-01-01 07:01:51.553|W|132501644|lpUCM [dum.c:FDS_dumGetProduct:98] STUB !!!
[m[1;33m1970-01-01 07:01:51.554|W|132501644|lpUCM [dum.c:FDS_dumGetProduct:141] product:LP-ADDC050-AA
[m[0;32;32m1970-01-01 07:01:51.554|I|132501644|lpUCM IpcKeyValueClient construct
[m[1;33m1970-01-01 07:01:51.554|W|132501644|lpUCM IpcClientChannel open suc, retries: 0 
[m[0;32;32m1970-01-01 07:01:51.554|I|132501644|lpUCM IpcKeyValueClient::init ipcclient suc
[m[0;32;32m1970-01-01 07:01:51.554|I|132501644|lpUCM PER_storageCreate create success
[m[0;32;32m1970-01-01 07:01:51.555|I|132501644|lpUCM [upa.c:FDS_upaCmpSwVersion:51] FDS_upaCmpSwVersion throuth pia 1.01.0072
[m[1;33m1970-01-01 07:01:51.555|W|132501644|lpUCM [upa.c:FDS_upaCmpSwVersion:64] packect_version 1.01.0072 curversion 1.01.0072 
[m[0;32;32m1970-01-01 07:01:51.555|I|132501644|lpUCM IpcKeyValueClient deconstruct
[m[0;32;32m1970-01-01 07:01:51.555|I|132501644|lpUCM PerClient deconstruct
[m[0;32;32m1970-01-01 07:01:51.555|I|132501644|lpUCM [csm.c:FDS_csmX509ParseValueLength:397] first:0x82, bytes:2, length:0x3b5
[m[0;32;32m1970-01-01 07:01:51.555|I|132501644|lpUCM [csm.c:FDS_csmX509ParseBreadth:462] [0] T:0x30, L:0x3b5, V:111856f4
[m[0;32;32m1970-01-01 07:01:51.555|I|132501644|lpUCM [csm.c:FDS_csmX509ParseValueLength:397] first:0x82, bytes:2, length:0x29d
[m[0;32;32m1970-01-01 07:01:51.555|I|132501644|lpUCM [csm.c:FDS_csmX509ParseValueLength:397] first:0x82, bytes:2, length:0x101
[m[0;32;32m1970-01-01 07:01:51.555|I|132501644|lpUCM [csm.c:FDS_csmX509ParseBreadth:462] [0] T:0x30, L:0x29d, V:111856f8
[m[0;32;32m1970-01-01 07:01:51.555|I|132501644|lpUCM [csm.c:FDS_csmX509ParseBreadth:462] [1] T:0x30, L:0xd, V:11185997
[m[0;32;32m1970-01-01 07:01:51.555|I|132501644|lpUCM [csm.c:FDS_csmX509ParseBreadth:462] [2] T:0x03, L:0x101, V:111859a8
[m[0;32;32m1970-01-01 07:01:51.555|I|132501644|lpUCM [csm.c:FDS_csmX509ParseValueLength:397] first:0x81, bytes:1, length:0x93
[m[0;32;32m1970-01-01 07:01:51.555|I|132501644|lpUCM [csm.c:FDS_csmX509ParseValueLength:397] first:0x82, bytes:2, length:0x122
[m[0;32;32m1970-01-01 07:01:51.555|I|132501644|lpUCM [csm.c:FDS_csmX509ParseBreadth:462] [0] T:0xa0, L:0x3, V:111856fa
[m[0;32;32m1970-01-01 07:01:51.555|I|132501644|lpUCM [csm.c:FDS_csmX509ParseBreadth:462] [1] T:0x02, L:0x6, V:111856ff
[m[0;32;32m1970-01-01 07:01:51.555|I|132501644|lpUCM [csm.c:FDS_csmX509ParseBreadth:462] [2] T:0x30, L:0xd, V:11185707
[m[0;32;32m1970-01-01 07:01:51.555|I|132501644|lpUCM [csm.c:FDS_csmX509ParseBreadth:462] [3] T:0x30, L:0x6f, V:11185716
[m[0;32;32m1970-01-01 07:01:51.555|I|132501644|lpUCM [csm.c:FDS_csmX509ParseBreadth:462] [4] T:0x30, L:0x1e, V:11185787
[m[0;32;32m1970-01-01 07:01:51.555|I|132501644|lpUCM [csm.c:FDS_csmX509ParseBreadth:462] [5] T:0x30, L:0x93, V:111857a8
[m[0;32;32m1970-01-01 07:01:51.555|I|132501644|lpUCM [csm.c:FDS_csmX509ParseBreadth:462] [6] T:0x30, L:0x122, V:1118583f
[m[0;32;32m1970-01-01 07:01:51.555|I|132501644|lpUCM [verify.c:FDS_verifyX509Certificate:155] signature length:51
[m[0;32;32m1970-01-01 07:01:51.555|I|132501644|lpUCM [csm.c:FDS_csmX509ParseBreadth:462] [0] T:0x30, L:0x31, V:100bd14a
[m[0;32;32m1970-01-01 07:01:51.555|I|132501644|lpUCM [csm.c:FDS_csmX509ParseBreadth:462] [0] T:0x30, L:0xd, V:100bd14c
[m[0;32;32m1970-01-01 07:01:51.555|I|132501644|lpUCM [csm.c:FDS_csmX509ParseBreadth:462] [1] T:0x04, L:0x20, V:100bd15b
[m[0;32;32m1970-01-01 07:01:51.555|I|132501644|lpUCM [csm.c:FDS_csmGetHashFromSignature:131] outSize:32
[m[0;32;32m1970-01-01 07:01:51.555|I|132501644|lpUCM [csm.c:FDS_csmCalcCertSha256:175] size:32
[m[0;32;32m1970-01-01 07:01:51.555|I|132501644|lpUCM [verify.c:FDS_verifyX509Certificate:179] x509 certificate pass
[m[0;32;32m1970-01-01 07:01:51.555|I|132501644|lpUCM [csm.c:FDS_csmX509ParseValueLength:397] first:0x82, bytes:2, length:0x10f
[m[0;32;32m1970-01-01 07:01:51.555|I|132501644|lpUCM [csm.c:FDS_csmX509ParseBreadth:462] [0] T:0x30, L:0xd, V:11185841
[m[0;32;32m1970-01-01 07:01:51.555|I|132501644|lpUCM [csm.c:FDS_csmX509ParseBreadth:462] [1] T:0x03, L:0x10f, V:11185852
[m[0;32;32m1970-01-01 07:01:51.555|I|132501644|lpUCM [csm.c:FDS_csmGetX509SubjectPublicKey:307] validBuffSize: 0x10e
[m[0;32;32m1970-01-01 07:01:51.555|I|132501644|lpUCM [csm.c:FDS_csmX509ParseValueLength:397] first:0x82, bytes:2, length:0x10a
[m[0;32;32m1970-01-01 07:01:51.555|I|132501644|lpUCM [csm.c:FDS_csmX509ParseBreadth:462] [0] T:0x30, L:0x10a, V:100bc34c
[m[0;32;32m1970-01-01 07:01:51.555|I|132501644|lpUCM [csm.c:FDS_csmX509ParseValueLength:397] first:0x82, bytes:2, length:0x101
[m[0;32;32m1970-01-01 07:01:51.555|I|132501644|lpUCM [csm.c:FDS_csmX509ParseBreadth:462] [0] T:0x02, L:0x101, V:100bc350
[m[0;32;32m1970-01-01 07:01:51.555|I|132501644|lpUCM [csm.c:FDS_csmX509ParseBreadth:462] [1] T:0x02, L:0x3, V:100bc453
[m[0;32;32m1970-01-01 07:01:51.556|I|132501644|lpUCM [csm.c:FDS_csmX509ParseBreadth:462] [0] T:0x30, L:0x31, V:100bd14a
[m[0;32;32m1970-01-01 07:01:51.556|I|132501644|lpUCM [csm.c:FDS_csmX509ParseBreadth:462] [0] T:0x30, L:0xd, V:100bd14c
[m[0;32;32m1970-01-01 07:01:51.556|I|132501644|lpUCM [csm.c:FDS_csmX509ParseBreadth:462] [1] T:0x04, L:0x20, V:100bd15b
[m[0;32;32m1970-01-01 07:01:51.556|I|132501644|lpUCM [csm.c:FDS_csmGetHashFromSignature:131] outSize:32
[m[0;32;32m1970-01-01 07:01:51.556|I|132501644|lpUCM [verify.c:FDS_verifyFirmwareSignature:242] firmware signature pass!!!
[m[0;32;32m1970-01-01 07:01:51.556|I|132501644|lpUCM [verify.c:FDS_verifyFirmwareHash:258] descFileName:/opt/data/fota/sw-description
[m[1;33m1970-01-01 07:01:51.556|W|132501644|lpUCM [verify.c:FDS_verifyFirmwareHash:303] sw-description verify success !!!
[m[1;33m1970-01-01 07:01:51.556|W|132501644|lpUCM [verify.c:FDS_verifyContext:355] verify context success !!!
[m[0;32;32m1970-01-01 07:01:51.556|I|132501644|lpUCM [scm.c:FDS_scmOnHandleFile:936] offset:7380
[m[1;33m1970-01-01 07:01:51.556|W|132501644|lpUCM [scm.c:FDS_scmScanAndVerify:395] cpucp.elf.rawgz:27881, find
[m[1;33m1970-01-01 07:01:51.557|W|132501644|lpUCM [scm.c:FDS_scmScanAndVerify:395] dspfusafw.bin.rawgz:2551637, find
[m[1;33m1970-01-01 07:01:51.571|W|132501644|lpUCM [scm.c:FDS_scmScanAndVerify:395] dspfusalib.bin.rawgz:23607954, find
[m[1;33m1970-01-01 07:01:51.705|W|132501644|lpUCM [scm.c:FDS_scmScanAndVerify:395] NON-HLOS.bin.rawgz:3926094, find
[m[1;33m1970-01-01 07:01:51.728|W|132501644|lpUCM [scm.c:FDS_scmScanAndVerify:395] xbl.elf.rawgz:2836262, find
[m[1;33m1970-01-01 07:01:51.744|W|132501644|lpUCM [scm.c:FDS_scmScanAndVerify:395] xbl_back.elf.rawgz:2836267, find
[m[1;33m1970-01-01 07:01:51.760|W|132501644|lpUCM [scm.c:FDS_scmScanAndVerify:395] xbl_config.elf.rawgz:61135, find
[m[1;33m1970-01-01 07:01:51.761|W|132501644|lpUCM [scm.c:FDS_scmScanAndVerify:395] aop.mbn.rawgz:97346, find
[m[1;33m1970-01-01 07:01:51.761|W|132501644|lpUCM [scm.c:FDS_scmScanAndVerify:395] tz.mbn.rawgz:1479427, find
[m[1;33m1970-01-01 07:01:51.769|W|132501644|lpUCM [scm.c:FDS_scmScanAndVerify:395] abl.elf.rawgz:132472, find
[m[1;33m1970-01-01 07:01:51.770|W|132501644|lpUCM [scm.c:FDS_scmScanAndVerify:395] keymint.mbn.rawgz:169353, find
[m[1;33m1970-01-01 07:01:51.771|W|132501644|lpUCM [scm.c:FDS_scmScanAndVerify:395] boot_qdrive_iosock.bin.rawgz:2917003, find
[m[1;33m1970-01-01 07:01:51.788|W|132501644|lpUCM [scm.c:FDS_scmScanAndVerify:395] devcfg_auto.mbn.rawgz:19269, find
[m[1;33m1970-01-01 07:01:51.789|W|132501644|lpUCM [scm.c:FDS_scmScanAndVerify:395] multi_image.mbn.rawgz:1996, find
[m[1;33m1970-01-01 07:01:51.789|W|132501644|lpUCM [scm.c:FDS_scmScanAndVerify:395] multi_image_qti.mbn.rawgz:1680, find
[m[1;33m1970-01-01 07:01:51.789|W|132501644|lpUCM [scm.c:FDS_scmScanAndVerify:395] imagefv.elf.rawgz:9015, find
[m[1;33m1970-01-01 07:01:51.789|W|132501644|lpUCM [scm.c:FDS_scmScanAndVerify:395] shrm.elf.rawgz:24692, find
[m[1;33m1970-01-01 07:01:51.789|W|132501644|lpUCM [scm.c:FDS_scmScanAndVerify:395] mifs_hyp_qdrive_iosock.ifs.sign.gz:3009780, find
[m[1;33m1970-01-01 07:01:51.807|W|132501644|lpUCM [scm.c:FDS_scmScanAndVerify:395] ifs2_qdrive_iosock.ifs.gz:56084577, find
[m[1;33m1970-01-01 07:01:52.128|W|132501644|lpUCM [scm.c:FDS_scmScanAndVerify:395] oem.xfs.gz:1059339496, find
[m[1;33m1970-01-01 07:01:58.123|W|132501644|lpUCM [scm.c:FDS_scmScanAndVerify:395] system.xfs.gz:173614263, find
[m[1;33m1970-01-01 07:01:59.114|W|132501644|lpUCM [scm.c:FDS_scmScanAndVerify:395] autosarsailsw1.elf:788448, find
[m[0;32;32m1970-01-01 07:01:59.121|I|132501644|lpUCM [scm.c:FDS_scmVerifyImage:344] file [autosarsailsw1.elf] calculate finalCrc :0x333CC877
[m[1;33m1970-01-01 07:01:59.121|W|132501644|lpUCM [scm.c:FDS_scmScanAndVerify:395] sailhyp.elf:755008, find
[m[0;32;32m1970-01-01 07:01:59.128|I|132501644|lpUCM [scm.c:FDS_scmVerifyImage:344] file [sailhyp.elf] calculate finalCrc :0x61B2179D
[m[1;33m1970-01-01 07:01:59.128|W|132501644|lpUCM [scm.c:FDS_scmScanAndVerify:388] cpio end !!!
[m[1;33m1970-01-01 07:01:59.128|W|132501644|lpUCM [1] fname: cpucp.elf.rawgz
[m[1;33m1970-01-01 07:01:59.128|W|132501644|lpUCM 	provided: 1, compress:2
[m[1;33m1970-01-01 07:01:59.128|W|132501644|lpUCM 	offset: 7508,size:27881
[m[1;33m1970-01-01 07:01:59.128|W|132501644|lpUCM 	checksum: 0
[m[1;33m1970-01-01 07:01:59.128|W|132501644|lpUCM 	handlerName: raw
[m[1;33m1970-01-01 07:01:59.128|W|132501644|lpUCM 	installedPath: /
[m[1;33m1970-01-01 07:01:59.128|W|132501644|lpUCM seek: 0 splits: 0 
[m[1;33m1970-01-01 07:01:59.128|W|132501644|lpUCM 
[m[1;33m1970-01-01 07:01:59.128|W|132501644|lpUCM [2] fname: dspfusafw.bin.rawgz
[m[1;33m1970-01-01 07:01:59.128|W|132501644|lpUCM 	provided: 1, compress:2
[m[1;33m1970-01-01 07:01:59.128|W|132501644|lpUCM 	offset: 35524,size:2551637
[m[1;33m1970-01-01 07:01:59.128|W|132501644|lpUCM 	checksum: 0
[m[1;33m1970-01-01 07:01:59.128|W|132501644|lpUCM 	handlerName: raw
[m[1;33m1970-01-01 07:01:59.128|W|132501644|lpUCM 	installedPath: /
[m[1;33m1970-01-01 07:01:59.128|W|132501644|lpUCM seek: 0 splits: 0 
[m[1;33m1970-01-01 07:01:59.128|W|132501644|lpUCM 
[m[1;33m1970-01-01 07:01:59.128|W|132501644|lpUCM [3] fname: dspfusalib.bin.rawgz
[m[1;33m1970-01-01 07:01:59.128|W|132501644|lpUCM 	provided: 1, compress:2
[m[1;33m1970-01-01 07:01:59.128|W|132501644|lpUCM 	offset: 2587296,size:23607954
[m[1;33m1970-01-01 07:01:59.128|W|132501644|lpUCM 	checksum: 0
[m[1;33m1970-01-01 07:01:59.128|W|132501644|lpUCM 	handlerName: raw
[m[1;33m1970-01-01 07:01:59.128|W|132501644|lpUCM 	installedPath: /
[m[1;33m1970-01-01 07:01:59.128|W|132501644|lpUCM seek: 0 splits: 0 
[m[1;33m1970-01-01 07:01:59.128|W|132501644|lpUCM 
[m[1;33m1970-01-01 07:01:59.128|W|132501644|lpUCM [4] fname: NON-HLOS.bin.rawgz
[m[1;33m1970-01-01 07:01:59.128|W|132501644|lpUCM 	provided: 1, compress:2
[m[1;33m1970-01-01 07:01:59.128|W|132501644|lpUCM 	offset: 26195384,size:3926094
[m[1;33m1970-01-01 07:01:59.128|W|132501644|lpUCM 	checksum: 0
[m[1;33m1970-01-01 07:01:59.128|W|132501644|lpUCM 	handlerName: raw
[m[1;33m1970-01-01 07:01:59.128|W|132501644|lpUCM 	installedPath: /
[m[1;33m1970-01-01 07:01:59.128|W|132501644|lpUCM seek: 0 splits: 0 
[m[1;33m1970-01-01 07:01:59.128|W|132501644|lpUCM 
[m[1;33m1970-01-01 07:01:59.128|W|132501644|lpUCM [5] fname: xbl.elf.rawgz
[m[1;33m1970-01-01 07:01:59.128|W|132501644|lpUCM 	provided: 1, compress:2
[m[1;33m1970-01-01 07:01:59.128|W|132501644|lpUCM 	offset: 30121604,size:2836262
[m[1;33m1970-01-01 07:01:59.128|W|132501644|lpUCM 	checksum: 0
[m[1;33m1970-01-01 07:01:59.128|W|132501644|lpUCM 	handlerName: raw
[m[1;33m1970-01-01 07:01:59.128|W|132501644|lpUCM 	installedPath: /
[m[1;33m1970-01-01 07:01:59.128|W|132501644|lpUCM seek: 0 splits: 0 
[m[1;33m1970-01-01 07:01:59.128|W|132501644|lpUCM 
[m[1;33m1970-01-01 07:01:59.128|W|132501644|lpUCM [6] fname: xbl_back.elf.rawgz
[m[1;33m1970-01-01 07:01:59.128|W|132501644|lpUCM 	provided: 1, compress:2
[m[1;33m1970-01-01 07:01:59.128|W|132501644|lpUCM 	offset: 32958000,size:2836267
[m[1;33m1970-01-01 07:01:59.128|W|132501644|lpUCM 	checksum: 0
[m[1;33m1970-01-01 07:01:59.128|W|132501644|lpUCM 	handlerName: raw
[m[1;33m1970-01-01 07:01:59.128|W|132501644|lpUCM 	installedPath: /
[m[1;33m1970-01-01 07:01:59.128|W|132501644|lpUCM seek: 0 splits: 0 
[m[1;33m1970-01-01 07:01:59.128|W|132501644|lpUCM 
[m[1;33m1970-01-01 07:01:59.128|W|132501644|lpUCM [7] fname: xbl_config.elf.rawgz
[m[1;33m1970-01-01 07:01:59.128|W|132501644|lpUCM 	provided: 1, compress:2
[m[1;33m1970-01-01 07:01:59.128|W|132501644|lpUCM 	offset: 35794400,size:61135
[m[1;33m1970-01-01 07:01:59.128|W|132501644|lpUCM 	checksum: 0
[m[1;33m1970-01-01 07:01:59.128|W|132501644|lpUCM 	handlerName: raw
[m[1;33m1970-01-01 07:01:59.128|W|132501644|lpUCM 	installedPath: /
[m[1;33m1970-01-01 07:01:59.128|W|132501644|lpUCM seek: 0 splits: 0 
[m[1;33m1970-01-01 07:01:59.128|W|132501644|lpUCM 
[m[1;33m1970-01-01 07:01:59.128|W|132501644|lpUCM [8] fname: aop.mbn.rawgz
[m[1;33m1970-01-01 07:01:59.128|W|132501644|lpUCM 	provided: 1, compress:2
[m[1;33m1970-01-01 07:01:59.128|W|132501644|lpUCM 	offset: 35855660,size:97346
[m[1;33m1970-01-01 07:01:59.128|W|132501644|lpUCM 	checksum: 0
[m[1;33m1970-01-01 07:01:59.128|W|132501644|lpUCM 	handlerName: raw
[m[1;33m1970-01-01 07:01:59.128|W|132501644|lpUCM 	installedPath: /
[m[1;33m1970-01-01 07:01:59.128|W|132501644|lpUCM seek: 0 splits: 0 
[m[1;33m1970-01-01 07:01:59.128|W|132501644|lpUCM 
[m[1;33m1970-01-01 07:01:59.128|W|132501644|lpUCM [9] fname: tz.mbn.rawgz
[m[1;33m1970-01-01 07:01:59.128|W|132501644|lpUCM 	provided: 1, compress:2
[m[1;33m1970-01-01 07:01:59.128|W|132501644|lpUCM 	offset: 35953132,size:1479427
[m[1;33m1970-01-01 07:01:59.128|W|132501644|lpUCM 	checksum: 0
[m[1;33m1970-01-01 07:01:59.128|W|132501644|lpUCM 	handlerName: raw
[m[1;33m1970-01-01 07:01:59.128|W|132501644|lpUCM 	installedPath: /
[m[1;33m1970-01-01 07:01:59.128|W|132501644|lpUCM seek: 0 splits: 0 
[m[1;33m1970-01-01 07:01:59.128|W|132501644|lpUCM 
[m[1;33m1970-01-01 07:01:59.128|W|132501644|lpUCM [10] fname: abl.elf.rawgz
[m[1;33m1970-01-01 07:01:59.128|W|132501644|lpUCM 	provided: 1, compress:2
[m[1;33m1970-01-01 07:01:59.128|W|132501644|lpUCM 	offset: 37432684,size:132472
[m[1;33m1970-01-01 07:01:59.128|W|132501644|lpUCM 	checksum: 0
[m[1;33m1970-01-01 07:01:59.128|W|132501644|lpUCM 	handlerName: raw
[m[1;33m1970-01-01 07:01:59.128|W|132501644|lpUCM 	installedPath: /
[m[1;33m1970-01-01 07:01:59.128|W|132501644|lpUCM seek: 0 splits: 0 
[m[1;33m1970-01-01 07:01:59.128|W|132501644|lpUCM 
[m[1;33m1970-01-01 07:01:59.128|W|132501644|lpUCM [11] fname: keymint.mbn.rawgz
[m[1;33m1970-01-01 07:01:59.128|W|132501644|lpUCM 	provided: 1, compress:2
[m[1;33m1970-01-01 07:01:59.128|W|132501644|lpUCM 	offset: 37565284,size:169353
[m[1;33m1970-01-01 07:01:59.128|W|132501644|lpUCM 	checksum: 0
[m[1;33m1970-01-01 07:01:59.128|W|132501644|lpUCM 	handlerName: raw
[m[1;33m1970-01-01 07:01:59.128|W|132501644|lpUCM 	installedPath: /
[m[1;33m1970-01-01 07:01:59.128|W|132501644|lpUCM seek: 0 splits: 0 
[m[1;33m1970-01-01 07:01:59.128|W|132501644|lpUCM 
[m[1;33m1970-01-01 07:01:59.128|W|132501644|lpUCM [12] fname: boot_qdrive_iosock.bin.rawgz
[m[1;33m1970-01-01 07:01:59.128|W|132501644|lpUCM 	provided: 1, compress:2
[m[1;33m1970-01-01 07:01:59.128|W|132501644|lpUCM 	offset: 37734780,size:2917003
[m[1;33m1970-01-01 07:01:59.128|W|132501644|lpUCM 	checksum: 0
[m[1;33m1970-01-01 07:01:59.128|W|132501644|lpUCM 	handlerName: raw
[m[1;33m1970-01-01 07:01:59.128|W|132501644|lpUCM 	installedPath: /
[m[1;33m1970-01-01 07:01:59.128|W|132501644|lpUCM seek: 0 splits: 0 
[m[1;33m1970-01-01 07:01:59.128|W|132501644|lpUCM 
[m[1;33m1970-01-01 07:01:59.128|W|132501644|lpUCM [13] fname: devcfg_auto.mbn.rawgz
[m[1;33m1970-01-01 07:01:59.128|W|132501644|lpUCM 	provided: 1, compress:2
[m[1;33m1970-01-01 07:01:59.128|W|132501644|lpUCM 	offset: 40651916,size:19269
[m[1;33m1970-01-01 07:01:59.128|W|132501644|lpUCM 	checksum: 0
[m[1;33m1970-01-01 07:01:59.128|W|132501644|lpUCM 	handlerName: raw
[m[1;33m1970-01-01 07:01:59.128|W|132501644|lpUCM 	installedPath: /
[m[1;33m1970-01-01 07:01:59.128|W|132501644|lpUCM seek: 0 splits: 0 
[m[1;33m1970-01-01 07:01:59.128|W|132501644|lpUCM 
[m[1;33m1970-01-01 07:01:59.128|W|132501644|lpUCM [14] fname: multi_image.mbn.rawgz
[m[1;33m1970-01-01 07:01:59.128|W|132501644|lpUCM 	provided: 1, compress:2
[m[1;33m1970-01-01 07:01:59.128|W|132501644|lpUCM 	offset: 40671320,size:1996
[m[1;33m1970-01-01 07:01:59.128|W|132501644|lpUCM 	checksum: 0
[m[1;33m1970-01-01 07:01:59.128|W|132501644|lpUCM 	handlerName: raw
[m[1;33m1970-01-01 07:01:59.128|W|132501644|lpUCM 	installedPath: /
[m[1;33m1970-01-01 07:01:59.128|W|132501644|lpUCM seek: 0 splits: 0 
[m[1;33m1970-01-01 07:01:59.128|W|132501644|lpUCM 
[m[1;33m1970-01-01 07:01:59.128|W|132501644|lpUCM [15] fname: multi_image_qti.mbn.rawgz
[m[1;33m1970-01-01 07:01:59.128|W|132501644|lpUCM 	provided: 1, compress:2
[m[1;33m1970-01-01 07:01:59.128|W|132501644|lpUCM 	offset: 40673452,size:1680
[m[1;33m1970-01-01 07:01:59.128|W|132501644|lpUCM 	checksum: 0
[m[1;33m1970-01-01 07:01:59.128|W|132501644|lpUCM 	handlerName: raw
[m[1;33m1970-01-01 07:01:59.128|W|132501644|lpUCM 	installedPath: /
[m[1;33m1970-01-01 07:01:59.128|W|132501644|lpUCM seek: 0 splits: 0 
[m[1;33m1970-01-01 07:01:59.128|W|132501644|lpUCM 
[m[1;33m1970-01-01 07:01:59.128|W|132501644|lpUCM [16] fname: imagefv.elf.rawgz
[m[1;33m1970-01-01 07:01:59.128|W|132501644|lpUCM 	provided: 1, compress:2
[m[1;33m1970-01-01 07:01:59.128|W|132501644|lpUCM 	offset: 40675260,size:9015
[m[1;33m1970-01-01 07:01:59.128|W|132501644|lpUCM 	checksum: 0
[m[1;33m1970-01-01 07:01:59.128|W|132501644|lpUCM 	handlerName: raw
[m[1;33m1970-01-01 07:01:59.128|W|132501644|lpUCM 	installedPath: /
[m[1;33m1970-01-01 07:01:59.128|W|132501644|lpUCM seek: 0 splits: 0 
[m[1;33m1970-01-01 07:01:59.128|W|132501644|lpUCM 
[m[1;33m1970-01-01 07:01:59.128|W|132501644|lpUCM [17] fname: shrm.elf.rawgz
[m[1;33m1970-01-01 07:01:59.128|W|132501644|lpUCM 	provided: 1, compress:2
[m[1;33m1970-01-01 07:01:59.128|W|132501644|lpUCM 	offset: 40684404,size:24692
[m[1;33m1970-01-01 07:01:59.128|W|132501644|lpUCM 	checksum: 0
[m[1;33m1970-01-01 07:01:59.128|W|132501644|lpUCM 	handlerName: raw
[m[1;33m1970-01-01 07:01:59.128|W|132501644|lpUCM 	installedPath: /
[m[1;33m1970-01-01 07:01:59.128|W|132501644|lpUCM seek: 0 splits: 0 
[m[1;33m1970-01-01 07:01:59.128|W|132501644|lpUCM 
[m[1;33m1970-01-01 07:01:59.128|W|132501644|lpUCM [18] fname: mifs_hyp_qdrive_iosock.ifs.sign.gz
[m[1;33m1970-01-01 07:01:59.128|W|132501644|lpUCM 	provided: 1, compress:2
[m[1;33m1970-01-01 07:01:59.128|W|132501644|lpUCM 	offset: 40709244,size:3009780
[m[1;33m1970-01-01 07:01:59.128|W|132501644|lpUCM 	checksum: 0
[m[1;33m1970-01-01 07:01:59.128|W|132501644|lpUCM 	handlerName: raw
[m[1;33m1970-01-01 07:01:59.128|W|132501644|lpUCM 	installedPath: /
[m[1;33m1970-01-01 07:01:59.128|W|132501644|lpUCM seek: 0 splits: 0 
[m[1;33m1970-01-01 07:01:59.128|W|132501644|lpUCM 
[m[1;33m1970-01-01 07:01:59.128|W|132501644|lpUCM [19] fname: ifs2_qdrive_iosock.ifs.gz
[m[1;33m1970-01-01 07:01:59.128|W|132501644|lpUCM 	provided: 1, compress:2
[m[1;33m1970-01-01 07:01:59.128|W|132501644|lpUCM 	offset: 43719160,size:56084577
[m[1;33m1970-01-01 07:01:59.128|W|132501644|lpUCM 	checksum: 0
[m[1;33m1970-01-01 07:01:59.128|W|132501644|lpUCM 	handlerName: raw
[m[1;33m1970-01-01 07:01:59.128|W|132501644|lpUCM 	installedPath: /
[m[1;33m1970-01-01 07:01:59.128|W|132501644|lpUCM seek: 0 splits: 0 
[m[1;33m1970-01-01 07:01:59.128|W|132501644|lpUCM 
[m[1;33m1970-01-01 07:01:59.128|W|132501644|lpUCM [20] fname: oem.xfs.gz
[m[1;33m1970-01-01 07:01:59.128|W|132501644|lpUCM 	provided: 1, compress:2
[m[1;33m1970-01-01 07:01:59.128|W|132501644|lpUCM 	offset: 99803864,size:1059339496
[m[1;33m1970-01-01 07:01:59.128|W|132501644|lpUCM 	checksum: 0
[m[1;33m1970-01-01 07:01:59.128|W|132501644|lpUCM 	handlerName: raw
[m[1;33m1970-01-01 07:01:59.128|W|132501644|lpUCM 	installedPath: /
[m[1;33m1970-01-01 07:01:59.128|W|132501644|lpUCM seek: 0 splits: 0 
[m[1;33m1970-01-01 07:01:59.128|W|132501644|lpUCM 
[m[1;33m1970-01-01 07:01:59.128|W|132501644|lpUCM [21] fname: system.xfs.gz
[m[1;33m1970-01-01 07:01:59.128|W|132501644|lpUCM 	provided: 1, compress:2
[m[1;33m1970-01-01 07:01:59.128|W|132501644|lpUCM 	offset: 1159143484,size:173614263
[m[1;33m1970-01-01 07:01:59.128|W|132501644|lpUCM 	checksum: 0
[m[1;33m1970-01-01 07:01:59.128|W|132501644|lpUCM 	handlerName: raw
[m[1;33m1970-01-01 07:01:59.128|W|132501644|lpUCM 	installedPath: /
[m[1;33m1970-01-01 07:01:59.128|W|132501644|lpUCM seek: 0 splits: 0 
[m[1;33m1970-01-01 07:01:59.128|W|132501644|lpUCM 
[m[1;33m1970-01-01 07:01:59.128|W|132501644|lpUCM [22] fname: autosarsailsw1.elf
[m[1;33m1970-01-01 07:01:59.128|W|132501644|lpUCM 	provided: 1, compress:0
[m[1;33m1970-01-01 07:01:59.128|W|132501644|lpUCM 	offset: 1332757880,size:788448
[m[1;33m1970-01-01 07:01:59.128|W|132501644|lpUCM 	checksum: 0
[m[1;33m1970-01-01 07:01:59.128|W|132501644|lpUCM 	handlerName: sail_sw
[m[1;33m1970-01-01 07:01:59.128|W|132501644|lpUCM 	installedPath: /opt/data/fota/
[m[1;33m1970-01-01 07:01:59.128|W|132501644|lpUCM seek: 0 splits: 0 
[m[1;33m1970-01-01 07:01:59.128|W|132501644|lpUCM 
[m[1;33m1970-01-01 07:01:59.128|W|132501644|lpUCM [23] fname: sailhyp.elf
[m[1;33m1970-01-01 07:01:59.128|W|132501644|lpUCM 	provided: 1, compress:0
[m[1;33m1970-01-01 07:01:59.128|W|132501644|lpUCM 	offset: 1333546452,size:755008
[m[1;33m1970-01-01 07:01:59.128|W|132501644|lpUCM 	checksum: 0
[m[1;33m1970-01-01 07:01:59.128|W|132501644|lpUCM 	handlerName: sail_hyp
[m[1;33m1970-01-01 07:01:59.128|W|132501644|lpUCM 	installedPath: /opt/data/fota/
[m[1;33m1970-01-01 07:01:59.128|W|132501644|lpUCM seek: 0 splits: 0 
[m[1;33m1970-01-01 07:01:59.128|W|132501644|lpUCM 
[m[1;33m1970-01-01 07:01:59.128|W|132501644|lpUCM [bootChain.c:FDS_bcDiskCorrection:138] diskpart  is no label
[m[1;33m1970-01-01 07:01:59.128|W|132501644|lpUCM [bootChain.c:FDS_bcDiskCorrection:138] diskpart  is no label
[m[0;32;32m1970-01-01 07:01:59.128|I|132501644|lpUCM [scm.c:FDS_scmSaveTmpVersion:823] switchAB:1,
[m[0;32;32m1970-01-01 07:01:59.128|I|132501644|lpUCM [upa.c:FDS_upaWriteTemporaryVersion:271] FDS_upaWriteTemporaryVersion
[m[0;32;32m1970-01-01 07:01:59.128|I|132501644|lpUCM IpcKeyValueClient construct
[m[1;33m1970-01-01 07:01:59.129|W|132501644|lpUCM IpcClientChannel open suc, retries: 0 
[m[0;32;32m1970-01-01 07:01:59.129|I|132501644|lpUCM IpcKeyValueClient::init ipcclient suc
[m[0;32;32m1970-01-01 07:01:59.129|I|132501644|lpUCM PER_storageCreate create success
[m[1;33m1970-01-01 07:01:59.129|W|2072672|lpPer DbAdapter::SetValue setvalue key: CAL_NOFEELUP_ECUSOFNUM, value: 0x31 2e 30 31 2e 30 30 37 32 00 , authority: lpUCM
[m[1;33m1970-01-01 07:01:59.131|W|2072672|lpPer DbAdapter::SetValue setvalue key: CAL_NOFEELUP_SYSSOFNUM, value: 0x31 2e 30 31 2e 30 30 37 32 00 , authority: lpUCM
[m[0;32;32m1970-01-01 07:01:59.132|I|132501644|lpUCM IpcKeyValueClient deconstruct
[m[0;32;32m1970-01-01 07:01:59.132|I|132501644|lpUCM PerClient deconstruct
[m[1;33m1970-01-01 07:01:59.132|W|132501644|lpUCM [scm.c:FDS_scmDeployImages:435] start [1st] deploy:cpucp.elf.rawgz
[m[0;32;32m1970-01-01 07:01:59.132|I|132501644|lpUCM [fds.cpp:FDS_OnLocalUpgProgress:248] total: 23, curr:1, percent:0, rop:0%
[m[0;32;32m1970-01-01 07:01:59.132|I|132501644|lpUCM [handler.c:FDS_idhFindDesc:79] find time 1, name raw, handler_name = raw
[m[0;32;32m1970-01-01 07:01:59.132|I|132501644|lpUCM [handler.c:FDS_idhFindDesc:94] find handler raw, type = 0
[m[0;32;32m1970-01-01 07:01:59.132|I|132501644|lpUCM [handler.c:FDS_idhFindDesc:79] find time 1, name raw, handler_name = raw
[m[0;32;32m1970-01-01 07:01:59.132|I|132501644|lpUCM [handler.c:FDS_idhFindDesc:94] find handler raw, type = 0
[m[0;32;32m1970-01-01 07:01:59.133|I|132501644|lpUCM [fds.cpp:FDS_OnLocalUpgProgress:248] total: 23, curr:1, percent:29, rop:1%
[m[0;32;32m1970-01-01 07:01:59.134|I|132501644|lpUCM [fds.cpp:FDS_OnLocalUpgProgress:248] total: 23, curr:1, percent:50, rop:2%
[m[0;32;32m1970-01-01 07:01:59.135|I|132501644|lpUCM [handler.c:FDS_idhExtractFile:234] CPIO extract success
[m[0;32;32m1970-01-01 07:01:59.135|I|132501644|lpUCM [fds.cpp:FDS_OnLocalUpgProgress:248] total: 23, curr:1, percent:100, rop:4%
[m[1;33m1970-01-01 07:01:59.135|W|132501644|lpUCM [scm.c:FDS_scmDeployImages:443] deploy [1st] success:cpucp.elf.rawgz
[m[1;33m1970-01-01 07:01:59.135|W|132501644|lpUCM [scm.c:FDS_scmDeployImages:435] start [2st] deploy:dspfusafw.bin.rawgz
[m[0;32;32m1970-01-01 07:01:59.135|I|132501644|lpUCM [fds.cpp:FDS_OnLocalUpgProgress:248] total: 23, curr:2, percent:0, rop:4%
[m[0;32;32m1970-01-01 07:01:59.135|I|132501644|lpUCM [handler.c:FDS_idhFindDesc:79] find time 1, name raw, handler_name = raw
[m[0;32;32m1970-01-01 07:01:59.135|I|132501644|lpUCM [handler.c:FDS_idhFindDesc:94] find handler raw, type = 0
[m[0;32;32m1970-01-01 07:01:59.135|I|132501644|lpUCM [handler.c:FDS_idhFindDesc:79] find time 1, name raw, handler_name = raw
[m[0;32;32m1970-01-01 07:01:59.135|I|132501644|lpUCM [handler.c:FDS_idhFindDesc:94] find handler raw, type = 0
[m[0;32;32m1970-01-01 07:01:59.139|I|132501644|lpUCM [fds.cpp:FDS_OnLocalUpgProgress:248] total: 23, curr:2, percent:1, rop:4%
[m[0;32;32m1970-01-01 07:01:59.141|I|132501644|lpUCM [fds.cpp:FDS_OnLocalUpgProgress:248] total: 23, curr:2, percent:2, rop:4%
[m[0;32;32m1970-01-01 07:01:59.151|I|132501644|lpUCM [fds.cpp:FDS_OnLocalUpgProgress:248] total: 23, curr:2, percent:3, rop:4%
[m[0;32;32m1970-01-01 07:01:59.152|I|132501644|lpUCM [fds.cpp:FDS_OnLocalUpgProgress:248] total: 23, curr:2, percent:4, rop:4%
[m[0;32;32m1970-01-01 07:01:59.153|I|132501644|lpUCM [fds.cpp:FDS_OnLocalUpgProgress:248] total: 23, curr:2, percent:5, rop:4%
[m[0;32;32m1970-01-01 07:01:59.154|I|132501644|lpUCM [fds.cpp:FDS_OnLocalUpgProgress:248] total: 23, curr:2, percent:6, rop:4%
[m[0;32;32m1970-01-01 07:01:59.156|I|132501644|lpUCM [fds.cpp:FDS_OnLocalUpgProgress:248] total: 23, curr:2, percent:7, rop:4%
[m[0;32;32m1970-01-01 07:01:59.157|I|132501644|lpUCM [fds.cpp:FDS_OnLocalUpgProgress:248] total: 23, curr:2, percent:8, rop:4%
[m[0;32;32m1970-01-01 07:01:59.159|I|132501644|lpUCM [fds.cpp:FDS_OnLocalUpgProgress:248] total: 23, curr:2, percent:9, rop:4%
[m[0;32;32m1970-01-01 07:01:59.160|I|132501644|lpUCM [fds.cpp:FDS_OnLocalUpgProgress:248] total: 23, curr:2, percent:10, rop:4%
[m[0;32;32m1970-01-01 07:01:59.161|I|132501644|lpUCM [fds.cpp:FDS_OnLocalUpgProgress:248] total: 23, curr:2, percent:11, rop:4%
[m[0;32;32m1970-01-01 07:01:59.163|I|132501644|lpUCM [fds.cpp:FDS_OnLocalUpgProgress:248] total: 23, curr:2, percent:12, rop:4%
[m[0;32;32m1970-01-01 07:01:59.164|I|132501644|lpUCM [fds.cpp:FDS_OnLocalUpgProgress:248] total: 23, curr:2, percent:13, rop:4%
[m[0;32;32m1970-01-01 07:01:59.165|I|132501644|lpUCM [fds.cpp:FDS_OnLocalUpgProgress:248] total: 23, curr:2, percent:14, rop:4%
[m[0;32;32m1970-01-01 07:01:59.166|I|132501644|lpUCM [fds.cpp:FDS_OnLocalUpgProgress:248] total: 23, curr:2, percent:15, rop:5%
[m[0;32;32m1970-01-01 07:01:59.168|I|132501644|lpUCM [fds.cpp:FDS_OnLocalUpgProgress:248] total: 23, curr:2, percent:16, rop:5%
[m[0;32;32m1970-01-01 07:01:59.169|I|132501644|lpUCM [fds.cpp:FDS_OnLocalUpgProgress:248] total: 23, curr:2, percent:17, rop:5%
[m[0;32;32m1970-01-01 07:01:59.174|I|132501644|lpUCM [fds.cpp:FDS_OnLocalUpgProgress:248] total: 23, curr:2, percent:18, rop:5%
[m[0;32;32m1970-01-01 07:01:59.176|I|132501644|lpUCM [fds.cpp:FDS_OnLocalUpgProgress:248] total: 23, curr:2, percent:19, rop:5%
[m[0;32;32m1970-01-01 07:01:59.177|I|132501644|lpUCM [fds.cpp:FDS_OnLocalUpgProgress:248] total: 23, curr:2, percent:20, rop:5%
[m[0;32;32m1970-01-01 07:01:59.180|I|132501644|lpUCM [fds.cpp:FDS_OnLocalUpgProgress:248] total: 23, curr:2, percent:21, rop:5%
[m[0;32;32m1970-01-01 07:01:59.182|I|132501644|lpUCM [fds.cpp:FDS_OnLocalUpgProgress:248] total: 23, curr:2, percent:22, rop:5%
[m[0;32;32m1970-01-01 07:01:59.185|I|132501644|lpUCM [fds.cpp:FDS_OnLocalUpgProgress:248] total: 23, curr:2, percent:23, rop:5%
[m[0;32;32m1970-01-01 07:01:59.189|I|132501644|lpUCM [fds.cpp:FDS_OnLocalUpgProgress:248] total: 23, curr:2, percent:24, rop:5%
[m[0;32;32m1970-01-01 07:01:59.194|I|132501644|lpUCM [fds.cpp:FDS_OnLocalUpgProgress:248] total: 23, curr:2, percent:25, rop:5%
[m[0;32;32m1970-01-01 07:01:59.197|I|132501644|lpUCM [fds.cpp:FDS_OnLocalUpgProgress:248] total: 23, curr:2, percent:26, rop:5%
[m[0;32;32m1970-01-01 07:01:59.199|I|132501644|lpUCM [fds.cpp:FDS_OnLocalUpgProgress:248] total: 23, curr:2, percent:27, rop:5%
[m[0;32;32m1970-01-01 07:01:59.201|I|132501644|lpUCM [fds.cpp:FDS_OnLocalUpgProgress:248] total: 23, curr:2, percent:28, rop:5%
[m[0;32;32m1970-01-01 07:01:59.203|I|132501644|lpUCM [fds.cpp:FDS_OnLocalUpgProgress:248] total: 23, curr:2, percent:29, rop:5%
[m[0;32;32m1970-01-01 07:01:59.204|I|132501644|lpUCM [fds.cpp:FDS_OnLocalUpgProgress:248] total: 23, curr:2, percent:30, rop:5%
[m[0;32;32m1970-01-01 07:01:59.206|I|132501644|lpUCM [fds.cpp:FDS_OnLocalUpgProgress:248] total: 23, curr:2, percent:31, rop:5%
[m[0;32;32m1970-01-01 07:01:59.208|I|132501644|lpUCM [fds.cpp:FDS_OnLocalUpgProgress:248] total: 23, curr:2, percent:32, rop:5%
[m[0;32;32m1970-01-01 07:01:59.209|I|132501644|lpUCM [fds.cpp:FDS_OnLocalUpgProgress:248] total: 23, curr:2, percent:33, rop:5%
[m[0;32;32m1970-01-01 07:01:59.211|I|132501644|lpUCM [fds.cpp:FDS_OnLocalUpgProgress:248] total: 23, curr:2, percent:34, rop:5%
[m[0;32;32m1970-01-01 07:01:59.213|I|132501644|lpUCM [fds.cpp:FDS_OnLocalUpgProgress:248] total: 23, curr:2, percent:35, rop:5%
[m[0;32;32m1970-01-01 07:01:59.215|I|132501644|lpUCM [fds.cpp:FDS_OnLocalUpgProgress:248] total: 23, curr:2, percent:36, rop:5%
[m[0;32;32m1970-01-01 07:01:59.216|I|132501644|lpUCM [fds.cpp:FDS_OnLocalUpgProgress:248] total: 23, curr:2, percent:37, rop:5%
[m[0;32;32m1970-01-01 07:01:59.218|I|132501644|lpUCM [fds.cpp:FDS_OnLocalUpgProgress:248] total: 23, curr:2, percent:38, rop:6%
[m[0;32;32m1970-01-01 07:01:59.220|I|132501644|lpUCM [fds.cpp:FDS_OnLocalUpgProgress:248] total: 23, curr:2, percent:39, rop:6%
[m[0;32;32m1970-01-01 07:01:59.221|I|132501644|lpUCM [fds.cpp:FDS_OnLocalUpgProgress:248] total: 23, curr:2, percent:40, rop:6%
[m[0;32;32m1970-01-01 07:01:59.223|I|132501644|lpUCM [fds.cpp:FDS_OnLocalUpgProgress:248] total: 23, curr:2, percent:41, rop:6%
[m[0;32;32m1970-01-01 07:01:59.231|I|132501644|lpUCM [fds.cpp:FDS_OnLocalUpgProgress:248] total: 23, curr:2, percent:42, rop:6%
[m[0;32;32m1970-01-01 07:01:59.233|I|132501644|lpUCM [fds.cpp:FDS_OnLocalUpgProgress:248] total: 23, curr:2, percent:43, rop:6%
[m[0;32;32m1970-01-01 07:01:59.235|I|132501644|lpUCM [fds.cpp:FDS_OnLocalUpgProgress:248] total: 23, curr:2, percent:44, rop:6%
[m[0;32;32m1970-01-01 07:01:59.236|I|132501644|lpUCM [fds.cpp:FDS_OnLocalUpgProgress:248] total: 23, curr:2, percent:45, rop:6%
[m[0;32;32m1970-01-01 07:01:59.239|I|132501644|lpUCM [fds.cpp:FDS_OnLocalUpgProgress:248] total: 23, curr:2, percent:46, rop:6%
[m[0;32;32m1970-01-01 07:01:59.241|I|132501644|lpUCM [fds.cpp:FDS_OnLocalUpgProgress:248] total: 23, curr:2, percent:47, rop:6%
[m[0;32;32m1970-01-01 07:01:59.244|I|132501644|lpUCM [fds.cpp:FDS_OnLocalUpgProgress:248] total: 23, curr:2, percent:48, rop:6%
[m[0;32;32m1970-01-01 07:01:59.247|I|132501644|lpUCM [fds.cpp:FDS_OnLocalUpgProgress:248] total: 23, curr:2, percent:49, rop:6%
[m[0;32;32m1970-01-01 07:01:59.249|I|132501644|lpUCM [fds.cpp:FDS_OnLocalUpgProgress:248] total: 23, curr:2, percent:50, rop:6%
[m[0;32;32m1970-01-01 07:01:59.249|I|132501644|lpUCM [handler.c:FDS_idhExtractFile:234] CPIO extract success
[m[0;32;32m1970-01-01 07:01:59.249|I|132501644|lpUCM [fds.cpp:FDS_OnLocalUpgProgress:248] total: 23, curr:2, percent:100, rop:8%
[m[1;33m1970-01-01 07:01:59.249|W|132501644|lpUCM [scm.c:FDS_scmDeployImages:443] deploy [2st] success:dspfusafw.bin.rawgz
[m[1;33m1970-01-01 07:01:59.249|W|132501644|lpUCM [scm.c:FDS_scmDeployImages:435] start [3st] deploy:dspfusalib.bin.rawgz
[m[0;32;32m1970-01-01 07:01:59.249|I|132501644|lpUCM [fds.cpp:FDS_OnLocalUpgProgress:248] total: 23, curr:3, percent:0, rop:8%
[m[0;32;32m1970-01-01 07:01:59.249|I|132501644|lpUCM [handler.c:FDS_idhFindDesc:79] find time 1, name raw, handler_name = raw
[m[0;32;32m1970-01-01 07:01:59.249|I|132501644|lpUCM [handler.c:FDS_idhFindDesc:94] find handler raw, type = 0
[m[0;32;32m1970-01-01 07:01:59.249|I|132501644|lpUCM [handler.c:FDS_idhFindDesc:79] find time 1, name raw, handler_name = raw
[m[0;32;32m1970-01-01 07:01:59.249|I|132501644|lpUCM [handler.c:FDS_idhFindDesc:94] find handler raw, type = 0
[m[0;32;32m1970-01-01 07:01:59.271|I|132501644|lpUCM [fds.cpp:FDS_OnLocalUpgProgress:248] total: 23, curr:3, percent:1, rop:8%
[m[0;32;32m1970-01-01 07:01:59.285|I|132501644|lpUCM [fds.cpp:FDS_OnLocalUpgProgress:248] total: 23, curr:3, percent:2, rop:8%
[m[0;32;32m1970-01-01 07:01:59.299|I|132501644|lpUCM [fds.cpp:FDS_OnLocalUpgProgress:248] total: 23, curr:3, percent:3, rop:8%
[m[0;32;32m1970-01-01 07:01:59.307|I|132501644|lpUCM [fds.cpp:FDS_OnLocalUpgProgress:248] total: 23, curr:3, percent:4, rop:8%
[m[0;32;32m1970-01-01 07:01:59.321|I|132501644|lpUCM [fds.cpp:FDS_OnLocalUpgProgress:248] total: 23, curr:3, percent:5, rop:8%
[m[0;32;32m1970-01-01 07:01:59.330|I|132501644|lpUCM [fds.cpp:FDS_OnLocalUpgProgress:248] total: 23, curr:3, percent:6, rop:8%
[m[0;32;32m1970-01-01 07:01:59.334|I|132501644|lpUCM [fds.cpp:FDS_OnLocalUpgProgress:248] total: 23, curr:3, percent:7, rop:9%
[m[0;32;32m1970-01-01 07:01:59.342|I|132501644|lpUCM [fds.cpp:FDS_OnLocalUpgProgress:248] total: 23, curr:3, percent:8, rop:9%
[m[0;32;32m1970-01-01 07:01:59.355|I|132501644|lpUCM [fds.cpp:FDS_OnLocalUpgProgress:248] total: 23, curr:3, percent:9, rop:9%
[m[0;32;32m1970-01-01 07:01:59.360|I|132501644|lpUCM [fds.cpp:FDS_OnLocalUpgProgress:248] total: 23, curr:3, percent:10, rop:9%
[m[0;32;32m1970-01-01 07:01:59.368|I|132501644|lpUCM [fds.cpp:FDS_OnLocalUpgProgress:248] total: 23, curr:3, percent:11, rop:9%
[m[0;32;32m1970-01-01 07:01:59.379|I|132501644|lpUCM [fds.cpp:FDS_OnLocalUpgProgress:248] total: 23, curr:3, percent:12, rop:9%
[m[0;32;32m1970-01-01 07:01:59.397|I|132501644|lpUCM [fds.cpp:FDS_OnLocalUpgProgress:248] total: 23, curr:3, percent:13, rop:9%
[m[0;32;32m1970-01-01 07:01:59.434|I|132501644|lpUCM [fds.cpp:FDS_OnLocalUpgProgress:248] total: 23, curr:3, percent:14, rop:9%
[m[0;32;32m1970-01-01 07:01:59.449|I|132501644|lpUCM [fds.cpp:FDS_OnLocalUpgProgress:248] total: 23, curr:3, percent:15, rop:9%
[m[0;32;32m1970-01-01 07:01:59.456|I|132501644|lpUCM [fds.cpp:FDS_OnLocalUpgProgress:248] total: 23, curr:3, percent:16, rop:9%
[m[0;32;32m1970-01-01 07:01:59.464|I|132501644|lpUCM [fds.cpp:FDS_OnLocalUpgProgress:248] total: 23, curr:3, percent:17, rop:9%
[m[0;32;32m1970-01-01 07:01:59.479|I|132501644|lpUCM [fds.cpp:FDS_OnLocalUpgProgress:248] total: 23, curr:3, percent:18, rop:9%
[m[0;32;32m1970-01-01 07:01:59.490|I|132501644|lpUCM [fds.cpp:FDS_OnLocalUpgProgress:248] total: 23, curr:3, percent:19, rop:9%
[m[0;32;32m1970-01-01 07:01:59.496|I|132501644|lpUCM [fds.cpp:FDS_OnLocalUpgProgress:248] total: 23, curr:3, percent:20, rop:9%
[m[0;32;32m1970-01-01 07:01:59.504|I|132501644|lpUCM [fds.cpp:FDS_OnLocalUpgProgress:248] total: 23, curr:3, percent:21, rop:9%
[m[0;32;32m1970-01-01 07:01:59.521|I|132501644|lpUCM [fds.cpp:FDS_OnLocalUpgProgress:248] total: 23, curr:3, percent:22, rop:9%
[m[0;32;32m1970-01-01 07:01:59.546|I|132501644|lpUCM [fds.cpp:FDS_OnLocalUpgProgress:248] total: 23, curr:3, percent:23, rop:9%
[m[0;32;32m1970-01-01 07:01:59.577|I|132501644|lpUCM [fds.cpp:FDS_OnLocalUpgProgress:248] total: 23, curr:3, percent:24, rop:9%
[m[0;32;32m1970-01-01 07:01:59.594|I|132501644|lpUCM [fds.cpp:FDS_OnLocalUpgProgress:248] total: 23, curr:3, percent:25, rop:9%
[m[0;32;32m1970-01-01 07:01:59.610|I|132501644|lpUCM [fds.cpp:FDS_OnLocalUpgProgress:248] total: 23, curr:3, percent:26, rop:9%
[m[0;32;32m1970-01-01 07:01:59.641|I|132501644|lpUCM [fds.cpp:FDS_OnLocalUpgProgress:248] total: 23, curr:3, percent:27, rop:9%
[m[0;32;32m1970-01-01 07:01:59.653|I|132501644|lpUCM [fds.cpp:FDS_OnLocalUpgProgress:248] total: 23, curr:3, percent:28, rop:9%
[m[0;32;32m1970-01-01 07:01:59.661|I|132501644|lpUCM [fds.cpp:FDS_OnLocalUpgProgress:248] total: 23, curr:3, percent:29, rop:9%
[m[0;32;32m1970-01-01 07:01:59.670|I|132501644|lpUCM [fds.cpp:FDS_OnLocalUpgProgress:248] total: 23, curr:3, percent:30, rop:10%
[m[0;32;32m1970-01-01 07:01:59.678|I|132501644|lpUCM [fds.cpp:FDS_OnLocalUpgProgress:248] total: 23, curr:3, percent:31, rop:10%
[m[0;32;32m1970-01-01 07:01:59.689|I|132501644|lpUCM [fds.cpp:FDS_OnLocalUpgProgress:248] total: 23, curr:3, percent:32, rop:10%
[m[0;32;32m1970-01-01 07:01:59.697|I|132501644|lpUCM [fds.cpp:FDS_OnLocalUpgProgress:248] total: 23, curr:3, percent:33, rop:10%
[m[0;32;32m1970-01-01 07:01:59.702|I|132501644|lpUCM [fds.cpp:FDS_OnLocalUpgProgress:248] total: 23, curr:3, percent:34, rop:10%
[m[0;32;32m1970-01-01 07:01:59.706|I|132501644|lpUCM [fds.cpp:FDS_OnLocalUpgProgress:248] total: 23, curr:3, percent:35, rop:10%
[m[0;32;32m1970-01-01 07:01:59.715|I|132501644|lpUCM [fds.cpp:FDS_OnLocalUpgProgress:248] total: 23, curr:3, percent:36, rop:10%
[m[0;32;32m1970-01-01 07:01:59.737|I|132501644|lpUCM [fds.cpp:FDS_OnLocalUpgProgress:248] total: 23, curr:3, percent:37, rop:10%
[m[0;32;32m1970-01-01 07:01:59.758|I|132501644|lpUCM [fds.cpp:FDS_OnLocalUpgProgress:248] total: 23, curr:3, percent:38, rop:10%
[m[0;32;32m1970-01-01 07:01:59.779|I|132501644|lpUCM [fds.cpp:FDS_OnLocalUpgProgress:248] total: 23, curr:3, percent:39, rop:10%
[m[0;32;32m1970-01-01 07:01:59.801|I|132501644|lpUCM [fds.cpp:FDS_OnLocalUpgProgress:248] total: 23, curr:3, percent:40, rop:10%
[m[0;32;32m1970-01-01 07:01:59.813|I|132501644|lpUCM [fds.cpp:FDS_OnLocalUpgProgress:248] total: 23, curr:3, percent:41, rop:10%
[m[0;32;32m1970-01-01 07:01:59.817|I|132501644|lpUCM [fds.cpp:FDS_OnLocalUpgProgress:248] total: 23, curr:3, percent:42, rop:10%
[m[0;32;32m1970-01-01 07:01:59.825|I|132501644|lpUCM [fds.cpp:FDS_OnLocalUpgProgress:248] total: 23, curr:3, percent:43, rop:10%
[m[0;32;32m1970-01-01 07:01:59.834|I|132501644|lpUCM [fds.cpp:FDS_OnLocalUpgProgress:248] total: 23, curr:3, percent:44, rop:10%
[m[0;32;32m1970-01-01 07:01:59.842|I|132501644|lpUCM [fds.cpp:FDS_OnLocalUpgProgress:248] total: 23, curr:3, percent:45, rop:10%
[m[0;32;32m1970-01-01 07:01:59.851|I|132501644|lpUCM [fds.cpp:FDS_OnLocalUpgProgress:248] total: 23, curr:3, percent:46, rop:10%
[m[0;32;32m1970-01-01 07:01:59.868|I|132501644|lpUCM [fds.cpp:FDS_OnLocalUpgProgress:248] total: 23, curr:3, percent:47, rop:10%
[m[0;32;32m1970-01-01 07:01:59.890|I|132501644|lpUCM [fds.cpp:FDS_OnLocalUpgProgress:248] total: 23, curr:3, percent:48, rop:10%
[m[0;32;32m1970-01-01 07:01:59.929|I|132501644|lpUCM [fds.cpp:FDS_OnLocalUpgProgress:248] total: 23, curr:3, percent:49, rop:10%
[m[0;32;32m1970-01-01 07:02:01.777|I|132501644|lpUCM [fds.cpp:FDS_OnLocalUpgProgress:248] total: 23, curr:3, percent:50, rop:10%
[m[0;32;32m1970-01-01 07:02:01.798|I|132501644|lpUCM [handler.c:FDS_idhExtractFile:234] CPIO extract success
[m[0;32;32m1970-01-01 07:02:01.799|I|132501644|lpUCM [fds.cpp:FDS_OnLocalUpgProgress:248] total: 23, curr:3, percent:100, rop:13%
[m[1;33m1970-01-01 07:02:01.799|W|132501644|lpUCM [scm.c:FDS_scmDeployImages:443] deploy [3st] success:dspfusalib.bin.rawgz
[m[1;33m1970-01-01 07:02:01.799|W|132501644|lpUCM [scm.c:FDS_scmDeployImages:435] start [4st] deploy:NON-HLOS.bin.rawgz
[m[0;32;32m1970-01-01 07:02:01.799|I|132501644|lpUCM [fds.cpp:FDS_OnLocalUpgProgress:248] total: 23, curr:4, percent:0, rop:13%
[m[0;32;32m1970-01-01 07:02:01.799|I|132501644|lpUCM [handler.c:FDS_idhFindDesc:79] find time 1, name raw, handler_name = raw
[m[0;32;32m1970-01-01 07:02:01.799|I|132501644|lpUCM [handler.c:FDS_idhFindDesc:94] find handler raw, type = 0
[m[0;32;32m1970-01-01 07:02:01.799|I|132501644|lpUCM [handler.c:FDS_idhFindDesc:79] find time 1, name raw, handler_name = raw
[m[0;32;32m1970-01-01 07:02:01.799|I|132501644|lpUCM [handler.c:FDS_idhFindDesc:94] find handler raw, type = 0
[m[0;32;32m1970-01-01 07:02:01.805|I|132501644|lpUCM [fds.cpp:FDS_OnLocalUpgProgress:248] total: 23, curr:4, percent:1, rop:13%
[m[0;32;32m1970-01-01 07:02:01.808|I|132501644|lpUCM [fds.cpp:FDS_OnLocalUpgProgress:248] total: 23, curr:4, percent:2, rop:13%
[m[0;32;32m1970-01-01 07:02:01.814|I|132501644|lpUCM [fds.cpp:FDS_OnLocalUpgProgress:248] total: 23, curr:4, percent:3, rop:13%
[m[0;32;32m1970-01-01 07:02:01.816|I|132501644|lpUCM [fds.cpp:FDS_OnLocalUpgProgress:248] total: 23, curr:4, percent:4, rop:13%
[m[0;32;32m1970-01-01 07:02:01.818|I|132501644|lpUCM [fds.cpp:FDS_OnLocalUpgProgress:248] total: 23, curr:4, percent:5, rop:13%
[m[0;32;32m1970-01-01 07:02:01.820|I|132501644|lpUCM [fds.cpp:FDS_OnLocalUpgProgress:248] total: 23, curr:4, percent:6, rop:13%
[m[0;32;32m1970-01-01 07:02:01.822|I|132501644|lpUCM [fds.cpp:FDS_OnLocalUpgProgress:248] total: 23, curr:4, percent:7, rop:13%
[m[0;32;32m1970-01-01 07:02:01.824|I|132501644|lpUCM [fds.cpp:FDS_OnLocalUpgProgress:248] total: 23, curr:4, percent:8, rop:13%
[m[0;32;32m1970-01-01 07:02:01.826|I|132501644|lpUCM [fds.cpp:FDS_OnLocalUpgProgress:248] total: 23, curr:4, percent:9, rop:13%
[m[0;32;32m1970-01-01 07:02:01.828|I|132501644|lpUCM [fds.cpp:FDS_OnLocalUpgProgress:248] total: 23, curr:4, percent:10, rop:13%
[m[0;32;32m1970-01-01 07:02:01.830|I|132501644|lpUCM [fds.cpp:FDS_OnLocalUpgProgress:248] total: 23, curr:4, percent:11, rop:13%
[m[0;32;32m1970-01-01 07:02:01.832|I|132501644|lpUCM [fds.cpp:FDS_OnLocalUpgProgress:248] total: 23, curr:4, percent:12, rop:13%
[m[0;32;32m1970-01-01 07:02:01.838|I|132501644|lpUCM [fds.cpp:FDS_OnLocalUpgProgress:248] total: 23, curr:4, percent:13, rop:13%
[m[0;32;32m1970-01-01 07:02:01.842|I|132501644|lpUCM [fds.cpp:FDS_OnLocalUpgProgress:248] total: 23, curr:4, percent:14, rop:13%
[m[0;32;32m1970-01-01 07:02:01.846|I|132501644|lpUCM [fds.cpp:FDS_OnLocalUpgProgress:248] total: 23, curr:4, percent:15, rop:13%
[m[0;32;32m1970-01-01 07:02:01.855|I|132501644|lpUCM [fds.cpp:FDS_OnLocalUpgProgress:248] total: 23, curr:4, percent:16, rop:13%
[m[0;32;32m1970-01-01 07:02:01.860|I|132501644|lpUCM [fds.cpp:FDS_OnLocalUpgProgress:248] total: 23, curr:4, percent:17, rop:13%
[m[0;32;32m1970-01-01 07:02:01.863|I|132501644|lpUCM [fds.cpp:FDS_OnLocalUpgProgress:248] total: 23, curr:4, percent:18, rop:13%
[m[0;32;32m1970-01-01 07:02:01.865|I|132501644|lpUCM [fds.cpp:FDS_OnLocalUpgProgress:248] total: 23, curr:4, percent:19, rop:13%
[m[0;32;32m1970-01-01 07:02:01.867|I|132501644|lpUCM [fds.cpp:FDS_OnLocalUpgProgress:248] total: 23, curr:4, percent:20, rop:13%
[m[0;32;32m1970-01-01 07:02:01.870|I|132501644|lpUCM [fds.cpp:FDS_OnLocalUpgProgress:248] total: 23, curr:4, percent:21, rop:13%
[m[0;32;32m1970-01-01 07:02:01.873|I|132501644|lpUCM [fds.cpp:FDS_OnLocalUpgProgress:248] total: 23, curr:4, percent:22, rop:14%
[m[0;32;32m1970-01-01 07:02:01.876|I|132501644|lpUCM [fds.cpp:FDS_OnLocalUpgProgress:248] total: 23, curr:4, percent:23, rop:14%
[m[0;32;32m1970-01-01 07:02:01.879|I|132501644|lpUCM [fds.cpp:FDS_OnLocalUpgProgress:248] total: 23, curr:4, percent:24, rop:14%
[m[0;32;32m1970-01-01 07:02:01.881|I|132501644|lpUCM [fds.cpp:FDS_OnLocalUpgProgress:248] total: 23, curr:4, percent:25, rop:14%
[m[0;32;32m1970-01-01 07:02:01.884|I|132501644|lpUCM [fds.cpp:FDS_OnLocalUpgProgress:248] total: 23, curr:4, percent:26, rop:14%
[m[0;32;32m1970-01-01 07:02:01.893|I|132501644|lpUCM [fds.cpp:FDS_OnLocalUpgProgress:248] total: 23, curr:4, percent:27, rop:14%
[m[0;32;32m1970-01-01 07:02:01.895|I|132501644|lpUCM [fds.cpp:FDS_OnLocalUpgProgress:248] total: 23, curr:4, percent:28, rop:14%
[m[0;32;32m1970-01-01 07:02:01.897|I|132501644|lpUCM [fds.cpp:FDS_OnLocalUpgProgress:248] total: 23, curr:4, percent:29, rop:14%
[m[0;32;32m1970-01-01 07:02:01.903|I|132501644|lpUCM [fds.cpp:FDS_OnLocalUpgProgress:248] total: 23, curr:4, percent:30, rop:14%
[m[0;32;32m1970-01-01 07:02:01.907|I|132501644|lpUCM [fds.cpp:FDS_OnLocalUpgProgress:248] total: 23, curr:4, percent:31, rop:14%
[m[0;32;32m1970-01-01 07:02:01.911|I|132501644|lpUCM [fds.cpp:FDS_OnLocalUpgProgress:248] total: 23, curr:4, percent:32, rop:14%
[m[0;32;32m1970-01-01 07:02:01.914|I|132501644|lpUCM [fds.cpp:FDS_OnLocalUpgProgress:248] total: 23, curr:4, percent:33, rop:14%
[m[0;32;32m1970-01-01 07:02:01.919|I|132501644|lpUCM [fds.cpp:FDS_OnLocalUpgProgress:248] total: 23, curr:4, percent:34, rop:14%
[m[0;32;32m1970-01-01 07:02:01.925|I|132501644|lpUCM [fds.cpp:FDS_OnLocalUpgProgress:248] total: 23, curr:4, percent:35, rop:14%
[m[0;32;32m1970-01-01 07:02:01.928|I|132501644|lpUCM [fds.cpp:FDS_OnLocalUpgProgress:248] total: 23, curr:4, percent:36, rop:14%
[m[0;32;32m1970-01-01 07:02:01.931|I|132501644|lpUCM [fds.cpp:FDS_OnLocalUpgProgress:248] total: 23, curr:4, percent:37, rop:14%
[m[0;32;32m1970-01-01 07:02:01.937|I|132501644|lpUCM [fds.cpp:FDS_OnLocalUpgProgress:248] total: 23, curr:4, percent:38, rop:14%
[m[0;32;32m1970-01-01 07:02:01.941|I|132501644|lpUCM [fds.cpp:FDS_OnLocalUpgProgress:248] total: 23, curr:4, percent:39, rop:14%
[m[0;32;32m1970-01-01 07:02:01.943|I|132501644|lpUCM [fds.cpp:FDS_OnLocalUpgProgress:248] total: 23, curr:4, percent:40, rop:14%
[m[0;32;32m1970-01-01 07:02:01.946|I|132501644|lpUCM [fds.cpp:FDS_OnLocalUpgProgress:248] total: 23, curr:4, percent:41, rop:14%
[m[0;32;32m1970-01-01 07:02:01.951|I|132501644|lpUCM [fds.cpp:FDS_OnLocalUpgProgress:248] total: 23, curr:4, percent:42, rop:14%
[m[0;32;32m1970-01-01 07:02:01.954|I|132501644|lpUCM [fds.cpp:FDS_OnLocalUpgProgress:248] total: 23, curr:4, percent:43, rop:14%
[m[0;32;32m1970-01-01 07:02:01.957|I|132501644|lpUCM [fds.cpp:FDS_OnLocalUpgProgress:248] total: 23, curr:4, percent:44, rop:14%
[m[0;32;32m1970-01-01 07:02:01.992|I|132501644|lpUCM [fds.cpp:FDS_OnLocalUpgProgress:248] total: 23, curr:4, percent:45, rop:15%
[m[0;32;32m1970-01-01 07:02:01.995|I|132501644|lpUCM [fds.cpp:FDS_OnLocalUpgProgress:248] total: 23, curr:4, percent:46, rop:15%
[m[0;32;32m1970-01-01 07:02:01.998|I|132501644|lpUCM [fds.cpp:FDS_OnLocalUpgProgress:248] total: 23, curr:4, percent:47, rop:15%
[m[0;32;32m1970-01-01 07:02:02.16|I|132501644|lpUCM [fds.cpp:FDS_OnLocalUpgProgress:248] total: 23, curr:4, percent:48, rop:15%
[m[0;32;32m1970-01-01 07:02:02.20|I|132501644|lpUCM [fds.cpp:FDS_OnLocalUpgProgress:248] total: 23, curr:4, percent:49, rop:15%
[m[0;32;32m1970-01-01 07:02:02.24|I|132501644|lpUCM [fds.cpp:FDS_OnLocalUpgProgress:248] total: 23, curr:4, percent:50, rop:15%
[m[0;32;32m1970-01-01 07:02:02.25|I|132501644|lpUCM [handler.c:FDS_idhExtractFile:234] CPIO extract success
[m[0;32;32m1970-01-01 07:02:02.25|I|132501644|lpUCM [fds.cpp:FDS_OnLocalUpgProgress:248] total: 23, curr:4, percent:100, rop:17%
[m[1;33m1970-01-01 07:02:02.25|W|132501644|lpUCM [scm.c:FDS_scmDeployImages:443] deploy [4st] success:NON-HLOS.bin.rawgz
[m[1;33m1970-01-01 07:02:02.25|W|132501644|lpUCM [scm.c:FDS_scmDeployImages:435] start [5st] deploy:xbl.elf.rawgz
[m[0;32;32m1970-01-01 07:02:02.25|I|132501644|lpUCM [fds.cpp:FDS_OnLocalUpgProgress:248] total: 23, curr:5, percent:0, rop:17%
[m[0;32;32m1970-01-01 07:02:02.25|I|132501644|lpUCM [handler.c:FDS_idhFindDesc:79] find time 1, name raw, handler_name = raw
[m[0;32;32m1970-01-01 07:02:02.25|I|132501644|lpUCM [handler.c:FDS_idhFindDesc:94] find handler raw, type = 0
[m[0;32;32m1970-01-01 07:02:02.25|I|132501644|lpUCM [handler.c:FDS_idhFindDesc:79] find time 1, name raw, handler_name = raw
[m[0;32;32m1970-01-01 07:02:02.25|I|132501644|lpUCM [handler.c:FDS_idhFindDesc:94] find handler raw, type = 0
[m[0;32;32m1970-01-01 07:02:02.41|I|132501644|lpUCM [fds.cpp:FDS_OnLocalUpgProgress:248] total: 23, curr:5, percent:1, rop:17%
[m[0;32;32m1970-01-01 07:02:02.42|I|132501644|lpUCM [fds.cpp:FDS_OnLocalUpgProgress:248] total: 23, curr:5, percent:2, rop:17%
[m[0;32;32m1970-01-01 07:02:02.44|I|132501644|lpUCM [fds.cpp:FDS_OnLocalUpgProgress:248] total: 23, curr:5, percent:3, rop:17%
[m[0;32;32m1970-01-01 07:02:02.45|I|132501644|lpUCM [fds.cpp:FDS_OnLocalUpgProgress:248] total: 23, curr:5, percent:4, rop:17%
[m[0;32;32m1970-01-01 07:02:02.47|I|132501644|lpUCM [fds.cpp:FDS_OnLocalUpgProgress:248] total: 23, curr:5, percent:5, rop:17%
[m[0;32;32m1970-01-01 07:02:02.53|I|132501644|lpUCM [fds.cpp:FDS_OnLocalUpgProgress:248] total: 23, curr:5, percent:6, rop:17%
[m[0;32;32m1970-01-01 07:02:02.54|I|132501644|lpUCM [fds.cpp:FDS_OnLocalUpgProgress:248] total: 23, curr:5, percent:7, rop:17%
[m[0;32;32m1970-01-01 07:02:02.56|I|132501644|lpUCM [fds.cpp:FDS_OnLocalUpgProgress:248] total: 23, curr:5, percent:8, rop:17%
[m[0;32;32m1970-01-01 07:02:02.57|I|132501644|lpUCM [fds.cpp:FDS_OnLocalUpgProgress:248] total: 23, curr:5, percent:9, rop:17%
[m[0;32;32m1970-01-01 07:02:02.57|I|132501644|lpUCM [fds.cpp:FDS_OnLocalUpgProgress:248] total: 23, curr:5, percent:10, rop:17%
[m[0;32;32m1970-01-01 07:02:02.58|I|132501644|lpUCM [fds.cpp:FDS_OnLocalUpgProgress:248] total: 23, curr:5, percent:11, rop:17%
[m[0;32;32m1970-01-01 07:02:02.59|I|132501644|lpUCM [fds.cpp:FDS_OnLocalUpgProgress:248] total: 23, curr:5, percent:12, rop:17%
[m[0;32;32m1970-01-01 07:02:02.59|I|132501644|lpUCM [fds.cpp:FDS_OnLocalUpgProgress:248] total: 23, curr:5, percent:13, rop:17%
[m[0;32;32m1970-01-01 07:02:02.60|I|132501644|lpUCM [fds.cpp:FDS_OnLocalUpgProgress:248] total: 23, curr:5, percent:14, rop:18%
[m[0;32;32m1970-01-01 07:02:02.60|I|132501644|lpUCM [fds.cpp:FDS_OnLocalUpgProgress:248] total: 23, curr:5, percent:15, rop:18%
[m[0;32;32m1970-01-01 07:02:02.61|I|132501644|lpUCM [fds.cpp:FDS_OnLocalUpgProgress:248] total: 23, curr:5, percent:16, rop:18%
[m[0;32;32m1970-01-01 07:02:02.62|I|132501644|lpUCM [fds.cpp:FDS_OnLocalUpgProgress:248] total: 23, curr:5, percent:17, rop:18%
[m[0;32;32m1970-01-01 07:02:02.63|I|132501644|lpUCM [fds.cpp:FDS_OnLocalUpgProgress:248] total: 23, curr:5, percent:18, rop:18%
[m[0;32;32m1970-01-01 07:02:02.63|I|132501644|lpUCM [fds.cpp:FDS_OnLocalUpgProgress:248] total: 23, curr:5, percent:19, rop:18%
[m[0;32;32m1970-01-01 07:02:02.64|I|132501644|lpUCM [fds.cpp:FDS_OnLocalUpgProgress:248] total: 23, curr:5, percent:20, rop:18%
[m[0;32;32m1970-01-01 07:02:02.64|I|132501644|lpUCM [fds.cpp:FDS_OnLocalUpgProgress:248] total: 23, curr:5, percent:21, rop:18%
[m[0;32;32m1970-01-01 07:02:02.65|I|132501644|lpUCM [fds.cpp:FDS_OnLocalUpgProgress:248] total: 23, curr:5, percent:22, rop:18%
[m[0;32;32m1970-01-01 07:02:02.65|I|132501644|lpUCM [fds.cpp:FDS_OnLocalUpgProgress:248] total: 23, curr:5, percent:23, rop:18%
[m[0;32;32m1970-01-01 07:02:02.66|I|132501644|lpUCM [fds.cpp:FDS_OnLocalUpgProgress:248] total: 23, curr:5, percent:24, rop:18%
[m[0;32;32m1970-01-01 07:02:02.67|I|132501644|lpUCM [fds.cpp:FDS_OnLocalUpgProgress:248] total: 23, curr:5, percent:25, rop:18%
[m[0;32;32m1970-01-01 07:02:02.67|I|132501644|lpUCM [fds.cpp:FDS_OnLocalUpgProgress:248] total: 23, curr:5, percent:26, rop:18%
[m[0;32;32m1970-01-01 07:02:02.68|I|132501644|lpUCM [fds.cpp:FDS_OnLocalUpgProgress:248] total: 23, curr:5, percent:27, rop:18%
[m[0;32;32m1970-01-01 07:02:02.68|I|132501644|lpUCM [fds.cpp:FDS_OnLocalUpgProgress:248] total: 23, curr:5, percent:28, rop:18%
[m[0;32;32m1970-01-01 07:02:02.69|I|132501644|lpUCM [fds.cpp:FDS_OnLocalUpgProgress:248] total: 23, curr:5, percent:29, rop:18%
[m[0;32;32m1970-01-01 07:02:02.70|I|132501644|lpUCM [fds.cpp:FDS_OnLocalUpgProgress:248] total: 23, curr:5, percent:30, rop:18%
[m[0;32;32m1970-01-01 07:02:02.71|I|132501644|lpUCM [fds.cpp:FDS_OnLocalUpgProgress:248] total: 23, curr:5, percent:31, rop:18%
[m[0;32;32m1970-01-01 07:02:02.71|I|132501644|lpUCM [fds.cpp:FDS_OnLocalUpgProgress:248] total: 23, curr:5, percent:32, rop:18%
[m[0;32;32m1970-01-01 07:02:02.72|I|132501644|lpUCM [fds.cpp:FDS_OnLocalUpgProgress:248] total: 23, curr:5, percent:33, rop:18%
[m[0;32;32m1970-01-01 07:02:02.73|I|132501644|lpUCM [fds.cpp:FDS_OnLocalUpgProgress:248] total: 23, curr:5, percent:34, rop:18%
[m[0;32;32m1970-01-01 07:02:02.73|I|132501644|lpUCM [fds.cpp:FDS_OnLocalUpgProgress:248] total: 23, curr:5, percent:35, rop:18%
[m[0;32;32m1970-01-01 07:02:02.74|I|132501644|lpUCM [fds.cpp:FDS_OnLocalUpgProgress:248] total: 23, curr:5, percent:36, rop:18%
[m[0;32;32m1970-01-01 07:02:02.74|I|132501644|lpUCM [fds.cpp:FDS_OnLocalUpgProgress:248] total: 23, curr:5, percent:37, rop:19%
[m[0;32;32m1970-01-01 07:02:02.89|I|132501644|lpUCM [fds.cpp:FDS_OnLocalUpgProgress:248] total: 23, curr:5, percent:38, rop:19%
[m[0;32;32m1970-01-01 07:02:02.90|I|132501644|lpUCM [fds.cpp:FDS_OnLocalUpgProgress:248] total: 23, curr:5, percent:39, rop:19%
[m[0;32;32m1970-01-01 07:02:02.90|I|132501644|lpUCM [fds.cpp:FDS_OnLocalUpgProgress:248] total: 23, curr:5, percent:40, rop:19%
[m[0;32;32m1970-01-01 07:02:02.91|I|132501644|lpUCM [fds.cpp:FDS_OnLocalUpgProgress:248] total: 23, curr:5, percent:41, rop:19%
[m[0;32;32m1970-01-01 07:02:02.92|I|132501644|lpUCM [fds.cpp:FDS_OnLocalUpgProgress:248] total: 23, curr:5, percent:42, rop:19%
[m[0;32;32m1970-01-01 07:02:02.92|I|132501644|lpUCM [fds.cpp:FDS_OnLocalUpgProgress:248] total: 23, curr:5, percent:43, rop:19%
[m[0;32;32m1970-01-01 07:02:02.93|I|132501644|lpUCM [fds.cpp:FDS_OnLocalUpgProgress:248] total: 23, curr:5, percent:44, rop:19%
[m[0;32;32m1970-01-01 07:02:02.93|I|132501644|lpUCM [fds.cpp:FDS_OnLocalUpgProgress:248] total: 23, curr:5, percent:45, rop:19%
[m[0;32;32m1970-01-01 07:02:02.97|I|132501644|lpUCM [fds.cpp:FDS_OnLocalUpgProgress:248] total: 23, curr:5, percent:46, rop:19%
[m[0;32;32m1970-01-01 07:02:02.99|I|132501644|lpUCM [fds.cpp:FDS_OnLocalUpgProgress:248] total: 23, curr:5, percent:47, rop:19%
[m[0;32;32m1970-01-01 07:02:02.101|I|132501644|lpUCM [fds.cpp:FDS_OnLocalUpgProgress:248] total: 23, curr:5, percent:48, rop:19%
[m[0;32;32m1970-01-01 07:02:02.102|I|132501644|lpUCM [fds.cpp:FDS_OnLocalUpgProgress:248] total: 23, curr:5, percent:49, rop:19%
[m[0;32;32m1970-01-01 07:02:02.104|I|132501644|lpUCM [fds.cpp:FDS_OnLocalUpgProgress:248] total: 23, curr:5, percent:50, rop:19%
[m[0;32;32m1970-01-01 07:02:02.104|I|132501644|lpUCM [handler.c:FDS_idhExtractFile:234] CPIO extract success
[m[0;32;32m1970-01-01 07:02:02.104|I|132501644|lpUCM [fds.cpp:FDS_OnLocalUpgProgress:248] total: 23, curr:5, percent:100, rop:21%
[m[1;33m1970-01-01 07:02:02.104|W|132501644|lpUCM [scm.c:FDS_scmDeployImages:443] deploy [5st] success:xbl.elf.rawgz
[m[1;33m1970-01-01 07:02:02.104|W|132501644|lpUCM [scm.c:FDS_scmDeployImages:435] start [6st] deploy:xbl_back.elf.rawgz
[m[0;32;32m1970-01-01 07:02:02.104|I|132501644|lpUCM [fds.cpp:FDS_OnLocalUpgProgress:248] total: 23, curr:6, percent:0, rop:21%
[m[0;32;32m1970-01-01 07:02:02.104|I|132501644|lpUCM [handler.c:FDS_idhFindDesc:79] find time 1, name raw, handler_name = raw
[m[0;32;32m1970-01-01 07:02:02.104|I|132501644|lpUCM [handler.c:FDS_idhFindDesc:94] find handler raw, type = 0
[m[0;32;32m1970-01-01 07:02:02.104|I|132501644|lpUCM [handler.c:FDS_idhFindDesc:79] find time 1, name raw, handler_name = raw
[m[0;32;32m1970-01-01 07:02:02.104|I|132501644|lpUCM [handler.c:FDS_idhFindDesc:94] find handler raw, type = 0
[m[0;32;32m1970-01-01 07:02:02.118|I|132501644|lpUCM [fds.cpp:FDS_OnLocalUpgProgress:248] total: 23, curr:6, percent:1, rop:21%
[m[0;32;32m1970-01-01 07:02:02.120|I|132501644|lpUCM [fds.cpp:FDS_OnLocalUpgProgress:248] total: 23, curr:6, percent:2, rop:21%
[m[0;32;32m1970-01-01 07:02:02.122|I|132501644|lpUCM [fds.cpp:FDS_OnLocalUpgProgress:248] total: 23, curr:6, percent:3, rop:21%
[m[0;32;32m1970-01-01 07:02:02.123|I|132501644|lpUCM [fds.cpp:FDS_OnLocalUpgProgress:248] total: 23, curr:6, percent:4, rop:21%
[m[0;32;32m1970-01-01 07:02:02.124|I|132501644|lpUCM [fds.cpp:FDS_OnLocalUpgProgress:248] total: 23, curr:6, percent:5, rop:21%
[m[0;32;32m1970-01-01 07:02:02.126|I|132501644|lpUCM [fds.cpp:FDS_OnLocalUpgProgress:248] total: 23, curr:6, percent:6, rop:22%
[m[0;32;32m1970-01-01 07:02:02.128|I|132501644|lpUCM [fds.cpp:FDS_OnLocalUpgProgress:248] total: 23, curr:6, percent:7, rop:22%
[m[0;32;32m1970-01-01 07:02:02.129|I|132501644|lpUCM [fds.cpp:FDS_OnLocalUpgProgress:248] total: 23, curr:6, percent:8, rop:22%
[m[0;32;32m1970-01-01 07:02:02.130|I|132501644|lpUCM [fds.cpp:FDS_OnLocalUpgProgress:248] total: 23, curr:6, percent:9, rop:22%
[m[0;32;32m1970-01-01 07:02:02.131|I|132501644|lpUCM [fds.cpp:FDS_OnLocalUpgProgress:248] total: 23, curr:6, percent:10, rop:22%
[m[0;32;32m1970-01-01 07:02:02.131|I|132501644|lpUCM [fds.cpp:FDS_OnLocalUpgProgress:248] total: 23, curr:6, percent:11, rop:22%
[m[0;32;32m1970-01-01 07:02:02.132|I|132501644|lpUCM [fds.cpp:FDS_OnLocalUpgProgress:248] total: 23, curr:6, percent:12, rop:22%
[m[0;32;32m1970-01-01 07:02:02.133|I|132501644|lpUCM [fds.cpp:FDS_OnLocalUpgProgress:248] total: 23, curr:6, percent:13, rop:22%
[m[0;32;32m1970-01-01 07:02:02.133|I|132501644|lpUCM [fds.cpp:FDS_OnLocalUpgProgress:248] total: 23, curr:6, percent:14, rop:22%
[m[0;32;32m1970-01-01 07:02:02.134|I|132501644|lpUCM [fds.cpp:FDS_OnLocalUpgProgress:248] total: 23, curr:6, percent:15, rop:22%
[m[0;32;32m1970-01-01 07:02:02.134|I|132501644|lpUCM [fds.cpp:FDS_OnLocalUpgProgress:248] total: 23, curr:6, percent:16, rop:22%
[m[0;32;32m1970-01-01 07:02:02.135|I|132501644|lpUCM [fds.cpp:FDS_OnLocalUpgProgress:248] total: 23, curr:6, percent:17, rop:22%
[m[0;32;32m1970-01-01 07:02:02.136|I|132501644|lpUCM [fds.cpp:FDS_OnLocalUpgProgress:248] total: 23, curr:6, percent:18, rop:22%
[m[0;32;32m1970-01-01 07:02:02.136|I|132501644|lpUCM [fds.cpp:FDS_OnLocalUpgProgress:248] total: 23, curr:6, percent:19, rop:22%
[m[0;32;32m1970-01-01 07:02:02.137|I|132501644|lpUCM [fds.cpp:FDS_OnLocalUpgProgress:248] total: 23, curr:6, percent:20, rop:22%
[m[0;32;32m1970-01-01 07:02:02.138|I|132501644|lpUCM [fds.cpp:FDS_OnLocalUpgProgress:248] total: 23, curr:6, percent:21, rop:22%
[m[0;32;32m1970-01-01 07:02:02.139|I|132501644|lpUCM [fds.cpp:FDS_OnLocalUpgProgress:248] total: 23, curr:6, percent:22, rop:22%
[m[0;32;32m1970-01-01 07:02:02.139|I|132501644|lpUCM [fds.cpp:FDS_OnLocalUpgProgress:248] total: 23, curr:6, percent:23, rop:22%
[m[0;32;32m1970-01-01 07:02:02.140|I|132501644|lpUCM [fds.cpp:FDS_OnLocalUpgProgress:248] total: 23, curr:6, percent:24, rop:22%
[m[0;32;32m1970-01-01 07:02:02.141|I|132501644|lpUCM [fds.cpp:FDS_OnLocalUpgProgress:248] total: 23, curr:6, percent:25, rop:22%
[m[0;32;32m1970-01-01 07:02:02.141|I|132501644|lpUCM [fds.cpp:FDS_OnLocalUpgProgress:248] total: 23, curr:6, percent:26, rop:22%
[m[0;32;32m1970-01-01 07:02:02.142|I|132501644|lpUCM [fds.cpp:FDS_OnLocalUpgProgress:248] total: 23, curr:6, percent:27, rop:22%
[m[0;32;32m1970-01-01 07:02:02.142|I|132501644|lpUCM [fds.cpp:FDS_OnLocalUpgProgress:248] total: 23, curr:6, percent:28, rop:22%
[m[0;32;32m1970-01-01 07:02:02.143|I|132501644|lpUCM [fds.cpp:FDS_OnLocalUpgProgress:248] total: 23, curr:6, percent:29, rop:23%
[m[0;32;32m1970-01-01 07:02:02.143|I|132501644|lpUCM [fds.cpp:FDS_OnLocalUpgProgress:248] total: 23, curr:6, percent:30, rop:23%
[m[0;32;32m1970-01-01 07:02:02.144|I|132501644|lpUCM [fds.cpp:FDS_OnLocalUpgProgress:248] total: 23, curr:6, percent:31, rop:23%
[m[0;32;32m1970-01-01 07:02:02.145|I|132501644|lpUCM [fds.cpp:FDS_OnLocalUpgProgress:248] total: 23, curr:6, percent:32, rop:23%
[m[0;32;32m1970-01-01 07:02:02.145|I|132501644|lpUCM [fds.cpp:FDS_OnLocalUpgProgress:248] total: 23, curr:6, percent:33, rop:23%
[m[0;32;32m1970-01-01 07:02:02.146|I|132501644|lpUCM [fds.cpp:FDS_OnLocalUpgProgress:248] total: 23, curr:6, percent:34, rop:23%
[m[0;32;32m1970-01-01 07:02:02.147|I|132501644|lpUCM [fds.cpp:FDS_OnLocalUpgProgress:248] total: 23, curr:6, percent:35, rop:23%
[m[0;32;32m1970-01-01 07:02:02.147|I|132501644|lpUCM [fds.cpp:FDS_OnLocalUpgProgress:248] total: 23, curr:6, percent:36, rop:23%
[m[0;32;32m1970-01-01 07:02:02.148|I|132501644|lpUCM [fds.cpp:FDS_OnLocalUpgProgress:248] total: 23, curr:6, percent:37, rop:23%
[m[0;32;32m1970-01-01 07:02:02.162|I|132501644|lpUCM [fds.cpp:FDS_OnLocalUpgProgress:248] total: 23, curr:6, percent:38, rop:23%
[m[0;32;32m1970-01-01 07:02:02.163|I|132501644|lpUCM [fds.cpp:FDS_OnLocalUpgProgress:248] total: 23, curr:6, percent:39, rop:23%
[m[0;32;32m1970-01-01 07:02:02.164|I|132501644|lpUCM [fds.cpp:FDS_OnLocalUpgProgress:248] total: 23, curr:6, percent:40, rop:23%
[m[0;32;32m1970-01-01 07:02:02.164|I|132501644|lpUCM [fds.cpp:FDS_OnLocalUpgProgress:248] total: 23, curr:6, percent:41, rop:23%
[m[0;32;32m1970-01-01 07:02:02.165|I|132501644|lpUCM [fds.cpp:FDS_OnLocalUpgProgress:248] total: 23, curr:6, percent:42, rop:23%
[m[0;32;32m1970-01-01 07:02:02.165|I|132501644|lpUCM [fds.cpp:FDS_OnLocalUpgProgress:248] total: 23, curr:6, percent:43, rop:23%
[m[0;32;32m1970-01-01 07:02:02.166|I|132501644|lpUCM [fds.cpp:FDS_OnLocalUpgProgress:248] total: 23, curr:6, percent:44, rop:23%
[m[0;32;32m1970-01-01 07:02:02.167|I|132501644|lpUCM [fds.cpp:FDS_OnLocalUpgProgress:248] total: 23, curr:6, percent:45, rop:23%
[m[0;32;32m1970-01-01 07:02:02.171|I|132501644|lpUCM [fds.cpp:FDS_OnLocalUpgProgress:248] total: 23, curr:6, percent:46, rop:23%
[m[0;32;32m1970-01-01 07:02:02.173|I|132501644|lpUCM [fds.cpp:FDS_OnLocalUpgProgress:248] total: 23, curr:6, percent:47, rop:23%
[m[0;32;32m1970-01-01 07:02:02.174|I|132501644|lpUCM [fds.cpp:FDS_OnLocalUpgProgress:248] total: 23, curr:6, percent:48, rop:23%
[m[0;32;32m1970-01-01 07:02:02.175|I|132501644|lpUCM [fds.cpp:FDS_OnLocalUpgProgress:248] total: 23, curr:6, percent:49, rop:23%
[m[0;32;32m1970-01-01 07:02:02.177|I|132501644|lpUCM [fds.cpp:FDS_OnLocalUpgProgress:248] total: 23, curr:6, percent:50, rop:23%
[m[0;32;32m1970-01-01 07:02:02.177|I|132501644|lpUCM [handler.c:FDS_idhExtractFile:234] CPIO extract success
[m[0;32;32m1970-01-01 07:02:02.177|I|132501644|lpUCM [fds.cpp:FDS_OnLocalUpgProgress:248] total: 23, curr:6, percent:100, rop:26%
[m[1;33m1970-01-01 07:02:02.177|W|132501644|lpUCM [scm.c:FDS_scmDeployImages:443] deploy [6st] success:xbl_back.elf.rawgz
[m[1;33m1970-01-01 07:02:02.177|W|132501644|lpUCM [scm.c:FDS_scmDeployImages:435] start [7st] deploy:xbl_config.elf.rawgz
[m[0;32;32m1970-01-01 07:02:02.177|I|132501644|lpUCM [fds.cpp:FDS_OnLocalUpgProgress:248] total: 23, curr:7, percent:0, rop:26%
[m[0;32;32m1970-01-01 07:02:02.177|I|132501644|lpUCM [handler.c:FDS_idhFindDesc:79] find time 1, name raw, handler_name = raw
[m[0;32;32m1970-01-01 07:02:02.177|I|132501644|lpUCM [handler.c:FDS_idhFindDesc:94] find handler raw, type = 0
[m[0;32;32m1970-01-01 07:02:02.177|I|132501644|lpUCM [handler.c:FDS_idhFindDesc:79] find time 1, name raw, handler_name = raw
[m[0;32;32m1970-01-01 07:02:02.177|I|132501644|lpUCM [handler.c:FDS_idhFindDesc:94] find handler raw, type = 0
[m[0;32;32m1970-01-01 07:02:02.178|I|132501644|lpUCM [fds.cpp:FDS_OnLocalUpgProgress:248] total: 23, curr:7, percent:13, rop:26%
[m[0;32;32m1970-01-01 07:02:02.178|I|132501644|lpUCM [fds.cpp:FDS_OnLocalUpgProgress:248] total: 23, curr:7, percent:26, rop:27%
[m[0;32;32m1970-01-01 07:02:02.191|I|132501644|lpUCM [fds.cpp:FDS_OnLocalUpgProgress:248] total: 23, curr:7, percent:40, rop:27%
[m[0;32;32m1970-01-01 07:02:02.193|I|132501644|lpUCM [fds.cpp:FDS_OnLocalUpgProgress:248] total: 23, curr:7, percent:50, rop:28%
[m[0;32;32m1970-01-01 07:02:02.193|I|132501644|lpUCM [handler.c:FDS_idhExtractFile:234] CPIO extract success
[m[0;32;32m1970-01-01 07:02:02.193|I|132501644|lpUCM [fds.cpp:FDS_OnLocalUpgProgress:248] total: 23, curr:7, percent:100, rop:30%
[m[1;33m1970-01-01 07:02:02.193|W|132501644|lpUCM [scm.c:FDS_scmDeployImages:443] deploy [7st] success:xbl_config.elf.rawgz
[m[1;33m1970-01-01 07:02:02.193|W|132501644|lpUCM [scm.c:FDS_scmDeployImages:435] start [8st] deploy:aop.mbn.rawgz
[m[0;32;32m1970-01-01 07:02:02.193|I|132501644|lpUCM [fds.cpp:FDS_OnLocalUpgProgress:248] total: 23, curr:8, percent:0, rop:30%
[m[0;32;32m1970-01-01 07:02:02.193|I|132501644|lpUCM [handler.c:FDS_idhFindDesc:79] find time 1, name raw, handler_name = raw
[m[0;32;32m1970-01-01 07:02:02.193|I|132501644|lpUCM [handler.c:FDS_idhFindDesc:94] find handler raw, type = 0
[m[0;32;32m1970-01-01 07:02:02.193|I|132501644|lpUCM [handler.c:FDS_idhFindDesc:79] find time 1, name raw, handler_name = raw
[m[0;32;32m1970-01-01 07:02:02.193|I|132501644|lpUCM [handler.c:FDS_idhFindDesc:94] find handler raw, type = 0
[m[0;32;32m1970-01-01 07:02:02.194|I|132501644|lpUCM [fds.cpp:FDS_OnLocalUpgProgress:248] total: 23, curr:8, percent:8, rop:30%
[m[0;32;32m1970-01-01 07:02:02.194|I|132501644|lpUCM [fds.cpp:FDS_OnLocalUpgProgress:248] total: 23, curr:8, percent:16, rop:31%
[m[0;32;32m1970-01-01 07:02:02.195|I|132501644|lpUCM [fds.cpp:FDS_OnLocalUpgProgress:248] total: 23, curr:8, percent:25, rop:31%
[m[0;32;32m1970-01-01 07:02:02.196|I|132501644|lpUCM [fds.cpp:FDS_OnLocalUpgProgress:248] total: 23, curr:8, percent:33, rop:31%
[m[0;32;32m1970-01-01 07:02:02.196|I|132501644|lpUCM [fds.cpp:FDS_OnLocalUpgProgress:248] total: 23, curr:8, percent:42, rop:32%
[m[0;32;32m1970-01-01 07:02:02.197|I|132501644|lpUCM [fds.cpp:FDS_OnLocalUpgProgress:248] total: 23, curr:8, percent:50, rop:32%
[m[0;32;32m1970-01-01 07:02:02.198|I|132501644|lpUCM [handler.c:FDS_idhExtractFile:234] CPIO extract success
[m[0;32;32m1970-01-01 07:02:02.198|I|132501644|lpUCM [fds.cpp:FDS_OnLocalUpgProgress:248] total: 23, curr:8, percent:100, rop:34%
[m[1;33m1970-01-01 07:02:02.198|W|132501644|lpUCM [scm.c:FDS_scmDeployImages:443] deploy [8st] success:aop.mbn.rawgz
[m[1;33m1970-01-01 07:02:02.198|W|132501644|lpUCM [scm.c:FDS_scmDeployImages:435] start [9st] deploy:tz.mbn.rawgz
[m[0;32;32m1970-01-01 07:02:02.198|I|132501644|lpUCM [fds.cpp:FDS_OnLocalUpgProgress:248] total: 23, curr:9, percent:0, rop:34%
[m[0;32;32m1970-01-01 07:02:02.198|I|132501644|lpUCM [handler.c:FDS_idhFindDesc:79] find time 1, name raw, handler_name = raw
[m[0;32;32m1970-01-01 07:02:02.198|I|132501644|lpUCM [handler.c:FDS_idhFindDesc:94] find handler raw, type = 0
[m[0;32;32m1970-01-01 07:02:02.198|I|132501644|lpUCM [handler.c:FDS_idhFindDesc:79] find time 1, name raw, handler_name = raw
[m[0;32;32m1970-01-01 07:02:02.198|I|132501644|lpUCM [handler.c:FDS_idhFindDesc:94] find handler raw, type = 0
[m[0;32;32m1970-01-01 07:02:02.198|I|132501644|lpUCM [fds.cpp:FDS_OnLocalUpgProgress:248] total: 23, curr:9, percent:1, rop:34%
[m[0;32;32m1970-01-01 07:02:02.200|I|132501644|lpUCM [fds.cpp:FDS_OnLocalUpgProgress:248] total: 23, curr:9, percent:2, rop:34%
[m[0;32;32m1970-01-01 07:02:02.202|I|132501644|lpUCM [fds.cpp:FDS_OnLocalUpgProgress:248] total: 23, curr:9, percent:3, rop:34%
[m[0;32;32m1970-01-01 07:02:02.203|I|132501644|lpUCM [fds.cpp:FDS_OnLocalUpgProgress:248] total: 23, curr:9, percent:4, rop:34%
[m[0;32;32m1970-01-01 07:02:02.204|I|132501644|lpUCM [fds.cpp:FDS_OnLocalUpgProgress:248] total: 23, curr:9, percent:5, rop:35%
[m[0;32;32m1970-01-01 07:02:02.205|I|132501644|lpUCM [fds.cpp:FDS_OnLocalUpgProgress:248] total: 23, curr:9, percent:6, rop:35%
[m[0;32;32m1970-01-01 07:02:02.205|I|132501644|lpUCM [fds.cpp:FDS_OnLocalUpgProgress:248] total: 23, curr:9, percent:7, rop:35%
[m[0;32;32m1970-01-01 07:02:02.206|I|132501644|lpUCM [fds.cpp:FDS_OnLocalUpgProgress:248] total: 23, curr:9, percent:8, rop:35%
[m[0;32;32m1970-01-01 07:02:02.207|I|132501644|lpUCM [fds.cpp:FDS_OnLocalUpgProgress:248] total: 23, curr:9, percent:9, rop:35%
[m[0;32;32m1970-01-01 07:02:02.208|I|132501644|lpUCM [fds.cpp:FDS_OnLocalUpgProgress:248] total: 23, curr:9, percent:10, rop:35%
[m[0;32;32m1970-01-01 07:02:02.208|I|132501644|lpUCM [fds.cpp:FDS_OnLocalUpgProgress:248] total: 23, curr:9, percent:11, rop:35%
[m[0;32;32m1970-01-01 07:02:02.209|I|132501644|lpUCM [fds.cpp:FDS_OnLocalUpgProgress:248] total: 23, curr:9, percent:12, rop:35%
[m[0;32;32m1970-01-01 07:02:02.210|I|132501644|lpUCM [fds.cpp:FDS_OnLocalUpgProgress:248] total: 23, curr:9, percent:13, rop:35%
[m[0;32;32m1970-01-01 07:02:02.217|I|132501644|lpUCM [fds.cpp:FDS_OnLocalUpgProgress:248] total: 23, curr:9, percent:14, rop:35%
[m[0;32;32m1970-01-01 07:02:02.218|I|132501644|lpUCM [fds.cpp:FDS_OnLocalUpgProgress:248] total: 23, curr:9, percent:15, rop:35%
[m[0;32;32m1970-01-01 07:02:02.218|I|132501644|lpUCM [fds.cpp:FDS_OnLocalUpgProgress:248] total: 23, curr:9, percent:16, rop:35%
[m[0;32;32m1970-01-01 07:02:02.219|I|132501644|lpUCM [fds.cpp:FDS_OnLocalUpgProgress:248] total: 23, curr:9, percent:17, rop:35%
[m[0;32;32m1970-01-01 07:02:02.220|I|132501644|lpUCM [fds.cpp:FDS_OnLocalUpgProgress:248] total: 23, curr:9, percent:18, rop:35%
[m[0;32;32m1970-01-01 07:02:02.221|I|132501644|lpUCM [fds.cpp:FDS_OnLocalUpgProgress:248] total: 23, curr:9, percent:19, rop:35%
[m[0;32;32m1970-01-01 07:02:02.222|I|132501644|lpUCM [fds.cpp:FDS_OnLocalUpgProgress:248] total: 23, curr:9, percent:20, rop:35%
[m[0;32;32m1970-01-01 07:02:02.223|I|132501644|lpUCM [fds.cpp:FDS_OnLocalUpgProgress:248] total: 23, curr:9, percent:21, rop:35%
[m[0;32;32m1970-01-01 07:02:02.224|I|132501644|lpUCM [fds.cpp:FDS_OnLocalUpgProgress:248] total: 23, curr:9, percent:22, rop:35%
[m[0;32;32m1970-01-01 07:02:02.225|I|132501644|lpUCM [fds.cpp:FDS_OnLocalUpgProgress:248] total: 23, curr:9, percent:23, rop:35%
[m[0;32;32m1970-01-01 07:02:02.226|I|132501644|lpUCM [fds.cpp:FDS_OnLocalUpgProgress:248] total: 23, curr:9, percent:24, rop:35%
[m[0;32;32m1970-01-01 07:02:02.227|I|132501644|lpUCM [fds.cpp:FDS_OnLocalUpgProgress:248] total: 23, curr:9, percent:25, rop:35%
[m[0;32;32m1970-01-01 07:02:02.228|I|132501644|lpUCM [fds.cpp:FDS_OnLocalUpgProgress:248] total: 23, curr:9, percent:26, rop:35%
[m[0;32;32m1970-01-01 07:02:02.231|I|132501644|lpUCM [fds.cpp:FDS_OnLocalUpgProgress:248] total: 23, curr:9, percent:27, rop:35%
[m[0;32;32m1970-01-01 07:02:02.241|I|132501644|lpUCM [fds.cpp:FDS_OnLocalUpgProgress:248] total: 23, curr:9, percent:28, rop:36%
[m[0;32;32m1970-01-01 07:02:02.243|I|132501644|lpUCM [fds.cpp:FDS_OnLocalUpgProgress:248] total: 23, curr:9, percent:29, rop:36%
[m[0;32;32m1970-01-01 07:02:02.244|I|132501644|lpUCM [fds.cpp:FDS_OnLocalUpgProgress:248] total: 23, curr:9, percent:30, rop:36%
[m[0;32;32m1970-01-01 07:02:02.244|I|132501644|lpUCM [fds.cpp:FDS_OnLocalUpgProgress:248] total: 23, curr:9, percent:31, rop:36%
[m[0;32;32m1970-01-01 07:02:02.245|I|132501644|lpUCM [fds.cpp:FDS_OnLocalUpgProgress:248] total: 23, curr:9, percent:32, rop:36%
[m[0;32;32m1970-01-01 07:02:02.247|I|132501644|lpUCM [fds.cpp:FDS_OnLocalUpgProgress:248] total: 23, curr:9, percent:33, rop:36%
[m[0;32;32m1970-01-01 07:02:02.248|I|132501644|lpUCM [fds.cpp:FDS_OnLocalUpgProgress:248] total: 23, curr:9, percent:34, rop:36%
[m[0;32;32m1970-01-01 07:02:02.249|I|132501644|lpUCM [fds.cpp:FDS_OnLocalUpgProgress:248] total: 23, curr:9, percent:35, rop:36%
[m[0;32;32m1970-01-01 07:02:02.250|I|132501644|lpUCM [fds.cpp:FDS_OnLocalUpgProgress:248] total: 23, curr:9, percent:36, rop:36%
[m[0;32;32m1970-01-01 07:02:02.250|I|132501644|lpUCM [fds.cpp:FDS_OnLocalUpgProgress:248] total: 23, curr:9, percent:37, rop:36%
[m[0;32;32m1970-01-01 07:02:02.251|I|132501644|lpUCM [fds.cpp:FDS_OnLocalUpgProgress:248] total: 23, curr:9, percent:38, rop:36%
[m[0;32;32m1970-01-01 07:02:02.253|I|132501644|lpUCM [fds.cpp:FDS_OnLocalUpgProgress:248] total: 23, curr:9, percent:39, rop:36%
[m[0;32;32m1970-01-01 07:02:02.254|I|132501644|lpUCM [fds.cpp:FDS_OnLocalUpgProgress:248] total: 23, curr:9, percent:40, rop:36%
[m[0;32;32m1970-01-01 07:02:02.255|I|132501644|lpUCM [fds.cpp:FDS_OnLocalUpgProgress:248] total: 23, curr:9, percent:41, rop:36%
[m[0;32;32m1970-01-01 07:02:02.256|I|132501644|lpUCM [fds.cpp:FDS_OnLocalUpgProgress:248] total: 23, curr:9, percent:42, rop:36%
[m[0;32;32m1970-01-01 07:02:02.257|I|132501644|lpUCM [fds.cpp:FDS_OnLocalUpgProgress:248] total: 23, curr:9, percent:43, rop:36%
[m[0;32;32m1970-01-01 07:02:02.258|I|132501644|lpUCM [fds.cpp:FDS_OnLocalUpgProgress:248] total: 23, curr:9, percent:44, rop:36%
[m[0;32;32m1970-01-01 07:02:02.259|I|132501644|lpUCM [fds.cpp:FDS_OnLocalUpgProgress:248] total: 23, curr:9, percent:45, rop:36%
[m[0;32;32m1970-01-01 07:02:02.260|I|132501644|lpUCM [fds.cpp:FDS_OnLocalUpgProgress:248] total: 23, curr:9, percent:46, rop:36%
[m[0;32;32m1970-01-01 07:02:02.261|I|132501644|lpUCM [fds.cpp:FDS_OnLocalUpgProgress:248] total: 23, curr:9, percent:47, rop:36%
[m[0;32;32m1970-01-01 07:02:02.262|I|132501644|lpUCM [fds.cpp:FDS_OnLocalUpgProgress:248] total: 23, curr:9, percent:48, rop:36%
[m[0;32;32m1970-01-01 07:02:02.263|I|132501644|lpUCM [fds.cpp:FDS_OnLocalUpgProgress:248] total: 23, curr:9, percent:49, rop:36%
[m[0;32;32m1970-01-01 07:02:02.264|I|132501644|lpUCM [fds.cpp:FDS_OnLocalUpgProgress:248] total: 23, curr:9, percent:50, rop:36%
[m[0;32;32m1970-01-01 07:02:02.265|I|132501644|lpUCM [handler.c:FDS_idhExtractFile:234] CPIO extract success
[m[0;32;32m1970-01-01 07:02:02.265|I|132501644|lpUCM [fds.cpp:FDS_OnLocalUpgProgress:248] total: 23, curr:9, percent:100, rop:39%
[m[1;33m1970-01-01 07:02:02.265|W|132501644|lpUCM [scm.c:FDS_scmDeployImages:443] deploy [9st] success:tz.mbn.rawgz
[m[1;33m1970-01-01 07:02:02.265|W|132501644|lpUCM [scm.c:FDS_scmDeployImages:435] start [10st] deploy:abl.elf.rawgz
[m[0;32;32m1970-01-01 07:02:02.265|I|132501644|lpUCM [fds.cpp:FDS_OnLocalUpgProgress:248] total: 23, curr:10, percent:0, rop:39%
[m[0;32;32m1970-01-01 07:02:02.265|I|132501644|lpUCM [handler.c:FDS_idhFindDesc:79] find time 1, name raw, handler_name = raw
[m[0;32;32m1970-01-01 07:02:02.265|I|132501644|lpUCM [handler.c:FDS_idhFindDesc:94] find handler raw, type = 0
[m[0;32;32m1970-01-01 07:02:02.265|I|132501644|lpUCM [handler.c:FDS_idhFindDesc:79] find time 1, name raw, handler_name = raw
[m[0;32;32m1970-01-01 07:02:02.265|I|132501644|lpUCM [handler.c:FDS_idhFindDesc:94] find handler raw, type = 0
[m[0;32;32m1970-01-01 07:02:02.265|I|132501644|lpUCM [fds.cpp:FDS_OnLocalUpgProgress:248] total: 23, curr:10, percent:6, rop:39%
[m[0;32;32m1970-01-01 07:02:02.266|I|132501644|lpUCM [fds.cpp:FDS_OnLocalUpgProgress:248] total: 23, curr:10, percent:12, rop:39%
[m[0;32;32m1970-01-01 07:02:02.273|I|132501644|lpUCM [fds.cpp:FDS_OnLocalUpgProgress:248] total: 23, curr:10, percent:18, rop:39%
[m[0;32;32m1970-01-01 07:02:02.273|I|132501644|lpUCM [fds.cpp:FDS_OnLocalUpgProgress:248] total: 23, curr:10, percent:24, rop:40%
[m[0;32;32m1970-01-01 07:02:02.273|I|132501644|lpUCM [fds.cpp:FDS_OnLocalUpgProgress:248] total: 23, curr:10, percent:30, rop:40%
[m[0;32;32m1970-01-01 07:02:02.273|I|132501644|lpUCM [fds.cpp:FDS_OnLocalUpgProgress:248] total: 23, curr:10, percent:37, rop:40%
[m[0;32;32m1970-01-01 07:02:02.274|I|132501644|lpUCM [fds.cpp:FDS_OnLocalUpgProgress:248] total: 23, curr:10, percent:43, rop:41%
[m[0;32;32m1970-01-01 07:02:02.274|I|132501644|lpUCM [fds.cpp:FDS_OnLocalUpgProgress:248] total: 23, curr:10, percent:49, rop:41%
[m[0;32;32m1970-01-01 07:02:02.274|I|132501644|lpUCM [fds.cpp:FDS_OnLocalUpgProgress:248] total: 23, curr:10, percent:50, rop:41%
[m[0;32;32m1970-01-01 07:02:02.275|I|132501644|lpUCM [handler.c:FDS_idhExtractFile:234] CPIO extract success
[m[0;32;32m1970-01-01 07:02:02.275|I|132501644|lpUCM [fds.cpp:FDS_OnLocalUpgProgress:248] total: 23, curr:10, percent:100, rop:43%
[m[1;33m1970-01-01 07:02:02.275|W|132501644|lpUCM [scm.c:FDS_scmDeployImages:443] deploy [10st] success:abl.elf.rawgz
[m[1;33m1970-01-01 07:02:02.275|W|132501644|lpUCM [scm.c:FDS_scmDeployImages:435] start [11st] deploy:keymint.mbn.rawgz
[m[0;32;32m1970-01-01 07:02:02.275|I|132501644|lpUCM [fds.cpp:FDS_OnLocalUpgProgress:248] total: 23, curr:11, percent:0, rop:43%
[m[0;32;32m1970-01-01 07:02:02.275|I|132501644|lpUCM [handler.c:FDS_idhFindDesc:79] find time 1, name raw, handler_name = raw
[m[0;32;32m1970-01-01 07:02:02.275|I|132501644|lpUCM [handler.c:FDS_idhFindDesc:94] find handler raw, type = 0
[m[0;32;32m1970-01-01 07:02:02.275|I|132501644|lpUCM [handler.c:FDS_idhFindDesc:79] find time 1, name raw, handler_name = raw
[m[0;32;32m1970-01-01 07:02:02.275|I|132501644|lpUCM [handler.c:FDS_idhFindDesc:94] find handler raw, type = 0
[m[0;32;32m1970-01-01 07:02:02.275|I|132501644|lpUCM [fds.cpp:FDS_OnLocalUpgProgress:248] total: 23, curr:11, percent:4, rop:43%
[m[0;32;32m1970-01-01 07:02:02.276|I|132501644|lpUCM [fds.cpp:FDS_OnLocalUpgProgress:248] total: 23, curr:11, percent:9, rop:43%
[m[0;32;32m1970-01-01 07:02:02.277|I|132501644|lpUCM [fds.cpp:FDS_OnLocalUpgProgress:248] total: 23, curr:11, percent:14, rop:44%
[m[0;32;32m1970-01-01 07:02:02.278|I|132501644|lpUCM [fds.cpp:FDS_OnLocalUpgProgress:248] total: 23, curr:11, percent:19, rop:44%
[m[0;32;32m1970-01-01 07:02:02.279|I|132501644|lpUCM [fds.cpp:FDS_OnLocalUpgProgress:248] total: 23, curr:11, percent:24, rop:44%
[m[0;32;32m1970-01-01 07:02:02.279|I|132501644|lpUCM [fds.cpp:FDS_OnLocalUpgProgress:248] total: 23, curr:11, percent:29, rop:44%
[m[0;32;32m1970-01-01 07:02:02.280|I|132501644|lpUCM [fds.cpp:FDS_OnLocalUpgProgress:248] total: 23, curr:11, percent:33, rop:44%
[m[0;32;32m1970-01-01 07:02:02.281|I|132501644|lpUCM [fds.cpp:FDS_OnLocalUpgProgress:248] total: 23, curr:11, percent:38, rop:45%
[m[0;32;32m1970-01-01 07:02:02.281|I|132501644|lpUCM [fds.cpp:FDS_OnLocalUpgProgress:248] total: 23, curr:11, percent:43, rop:45%
[m[0;32;32m1970-01-01 07:02:02.282|I|132501644|lpUCM [fds.cpp:FDS_OnLocalUpgProgress:248] total: 23, curr:11, percent:48, rop:45%
[m[0;32;32m1970-01-01 07:02:02.283|I|132501644|lpUCM [fds.cpp:FDS_OnLocalUpgProgress:248] total: 23, curr:11, percent:50, rop:45%
[m[0;32;32m1970-01-01 07:02:02.283|I|132501644|lpUCM [handler.c:FDS_idhExtractFile:234] CPIO extract success
[m[0;32;32m1970-01-01 07:02:02.283|I|132501644|lpUCM [fds.cpp:FDS_OnLocalUpgProgress:248] total: 23, curr:11, percent:100, rop:47%
[m[1;33m1970-01-01 07:02:02.283|W|132501644|lpUCM [scm.c:FDS_scmDeployImages:443] deploy [11st] success:keymint.mbn.rawgz
[m[1;33m1970-01-01 07:02:02.283|W|132501644|lpUCM [scm.c:FDS_scmDeployImages:435] start [12st] deploy:boot_qdrive_iosock.bin.rawgz
[m[0;32;32m1970-01-01 07:02:02.283|I|132501644|lpUCM [fds.cpp:FDS_OnLocalUpgProgress:248] total: 23, curr:12, percent:0, rop:47%
[m[0;32;32m1970-01-01 07:02:02.283|I|132501644|lpUCM [handler.c:FDS_idhFindDesc:79] find time 1, name raw, handler_name = raw
[m[0;32;32m1970-01-01 07:02:02.283|I|132501644|lpUCM [handler.c:FDS_idhFindDesc:94] find handler raw, type = 0
[m[0;32;32m1970-01-01 07:02:02.283|I|132501644|lpUCM [handler.c:FDS_idhFindDesc:79] find time 1, name raw, handler_name = raw
[m[0;32;32m1970-01-01 07:02:02.283|I|132501644|lpUCM [handler.c:FDS_idhFindDesc:94] find handler raw, type = 0
[m[0;32;32m1970-01-01 07:02:02.284|I|132501644|lpUCM [fds.cpp:FDS_OnLocalUpgProgress:248] total: 23, curr:12, percent:1, rop:47%
[m[0;32;32m1970-01-01 07:02:02.285|I|132501644|lpUCM [fds.cpp:FDS_OnLocalUpgProgress:248] total: 23, curr:12, percent:2, rop:47%
[m[0;32;32m1970-01-01 07:02:02.286|I|132501644|lpUCM [fds.cpp:FDS_OnLocalUpgProgress:248] total: 23, curr:12, percent:3, rop:47%
[m[0;32;32m1970-01-01 07:02:02.287|I|132501644|lpUCM [fds.cpp:FDS_OnLocalUpgProgress:248] total: 23, curr:12, percent:4, rop:48%
[m[0;32;32m1970-01-01 07:02:02.287|I|132501644|lpUCM [fds.cpp:FDS_OnLocalUpgProgress:248] total: 23, curr:12, percent:5, rop:48%
[m[0;32;32m1970-01-01 07:02:02.288|I|132501644|lpUCM [fds.cpp:FDS_OnLocalUpgProgress:248] total: 23, curr:12, percent:6, rop:48%
[m[0;32;32m1970-01-01 07:02:02.289|I|132501644|lpUCM [fds.cpp:FDS_OnLocalUpgProgress:248] total: 23, curr:12, percent:7, rop:48%
[m[0;32;32m1970-01-01 07:02:02.294|I|132501644|lpUCM [fds.cpp:FDS_OnLocalUpgProgress:248] total: 23, curr:12, percent:8, rop:48%
[m[0;32;32m1970-01-01 07:02:02.295|I|132501644|lpUCM [fds.cpp:FDS_OnLocalUpgProgress:248] total: 23, curr:12, percent:9, rop:48%
[m[0;32;32m1970-01-01 07:02:02.295|I|132501644|lpUCM [fds.cpp:FDS_OnLocalUpgProgress:248] total: 23, curr:12, percent:10, rop:48%
[m[0;32;32m1970-01-01 07:02:02.296|I|132501644|lpUCM [fds.cpp:FDS_OnLocalUpgProgress:248] total: 23, curr:12, percent:11, rop:48%
[m[0;32;32m1970-01-01 07:02:02.297|I|132501644|lpUCM [fds.cpp:FDS_OnLocalUpgProgress:248] total: 23, curr:12, percent:12, rop:48%
[m[0;32;32m1970-01-01 07:02:02.299|I|132501644|lpUCM [fds.cpp:FDS_OnLocalUpgProgress:248] total: 23, curr:12, percent:13, rop:48%
[m[0;32;32m1970-01-01 07:02:02.301|I|132501644|lpUCM [fds.cpp:FDS_OnLocalUpgProgress:248] total: 23, curr:12, percent:14, rop:48%
[m[0;32;32m1970-01-01 07:02:02.302|I|132501644|lpUCM [fds.cpp:FDS_OnLocalUpgProgress:248] total: 23, curr:12, percent:15, rop:48%
[m[0;32;32m1970-01-01 07:02:02.303|I|132501644|lpUCM [fds.cpp:FDS_OnLocalUpgProgress:248] total: 23, curr:12, percent:16, rop:48%
[m[0;32;32m1970-01-01 07:02:02.303|I|132501644|lpUCM [fds.cpp:FDS_OnLocalUpgProgress:248] total: 23, curr:12, percent:17, rop:48%
[m[0;32;32m1970-01-01 07:02:02.304|I|132501644|lpUCM [fds.cpp:FDS_OnLocalUpgProgress:248] total: 23, curr:12, percent:18, rop:48%
[m[0;32;32m1970-01-01 07:02:02.305|I|132501644|lpUCM [fds.cpp:FDS_OnLocalUpgProgress:248] total: 23, curr:12, percent:19, rop:48%
[m[0;32;32m1970-01-01 07:02:02.306|I|132501644|lpUCM [fds.cpp:FDS_OnLocalUpgProgress:248] total: 23, curr:12, percent:20, rop:48%
[m[0;32;32m1970-01-01 07:02:02.307|I|132501644|lpUCM [fds.cpp:FDS_OnLocalUpgProgress:248] total: 23, curr:12, percent:21, rop:48%
[m[0;32;32m1970-01-01 07:02:02.308|I|132501644|lpUCM [fds.cpp:FDS_OnLocalUpgProgress:248] total: 23, curr:12, percent:22, rop:48%
[m[0;32;32m1970-01-01 07:02:02.309|I|132501644|lpUCM [fds.cpp:FDS_OnLocalUpgProgress:248] total: 23, curr:12, percent:23, rop:48%
[m[0;32;32m1970-01-01 07:02:02.309|I|132501644|lpUCM [fds.cpp:FDS_OnLocalUpgProgress:248] total: 23, curr:12, percent:24, rop:48%
[m[0;32;32m1970-01-01 07:02:02.310|I|132501644|lpUCM [fds.cpp:FDS_OnLocalUpgProgress:248] total: 23, curr:12, percent:25, rop:48%
[m[0;32;32m1970-01-01 07:02:02.311|I|132501644|lpUCM [fds.cpp:FDS_OnLocalUpgProgress:248] total: 23, curr:12, percent:26, rop:48%
[m[0;32;32m1970-01-01 07:02:02.312|I|132501644|lpUCM [fds.cpp:FDS_OnLocalUpgProgress:248] total: 23, curr:12, percent:27, rop:49%
[m[0;32;32m1970-01-01 07:02:02.313|I|132501644|lpUCM [fds.cpp:FDS_OnLocalUpgProgress:248] total: 23, curr:12, percent:28, rop:49%
[m[0;32;32m1970-01-01 07:02:02.314|I|132501644|lpUCM [fds.cpp:FDS_OnLocalUpgProgress:248] total: 23, curr:12, percent:29, rop:49%
[m[0;32;32m1970-01-01 07:02:02.315|I|132501644|lpUCM [fds.cpp:FDS_OnLocalUpgProgress:248] total: 23, curr:12, percent:30, rop:49%
[m[0;32;32m1970-01-01 07:02:02.317|I|132501644|lpUCM [fds.cpp:FDS_OnLocalUpgProgress:248] total: 23, curr:12, percent:31, rop:49%
[m[0;32;32m1970-01-01 07:02:02.318|I|132501644|lpUCM [fds.cpp:FDS_OnLocalUpgProgress:248] total: 23, curr:12, percent:32, rop:49%
[m[0;32;32m1970-01-01 07:02:02.319|I|132501644|lpUCM [fds.cpp:FDS_OnLocalUpgProgress:248] total: 23, curr:12, percent:33, rop:49%
[m[0;32;32m1970-01-01 07:02:02.320|I|132501644|lpUCM [fds.cpp:FDS_OnLocalUpgProgress:248] total: 23, curr:12, percent:34, rop:49%
[m[0;32;32m1970-01-01 07:02:02.321|I|132501644|lpUCM [fds.cpp:FDS_OnLocalUpgProgress:248] total: 23, curr:12, percent:35, rop:49%
[m[0;32;32m1970-01-01 07:02:02.323|I|132501644|lpUCM [fds.cpp:FDS_OnLocalUpgProgress:248] total: 23, curr:12, percent:36, rop:49%
[m[0;32;32m1970-01-01 07:02:02.326|I|132501644|lpUCM [fds.cpp:FDS_OnLocalUpgProgress:248] total: 23, curr:12, percent:37, rop:49%
[m[0;32;32m1970-01-01 07:02:02.327|I|132501644|lpUCM [fds.cpp:FDS_OnLocalUpgProgress:248] total: 23, curr:12, percent:38, rop:49%
[m[0;32;32m1970-01-01 07:02:02.328|I|132501644|lpUCM [fds.cpp:FDS_OnLocalUpgProgress:248] total: 23, curr:12, percent:39, rop:49%
[m[0;32;32m1970-01-01 07:02:02.329|I|132501644|lpUCM [fds.cpp:FDS_OnLocalUpgProgress:248] total: 23, curr:12, percent:40, rop:49%
[m[0;32;32m1970-01-01 07:02:02.330|I|132501644|lpUCM [fds.cpp:FDS_OnLocalUpgProgress:248] total: 23, curr:12, percent:41, rop:49%
[m[0;32;32m1970-01-01 07:02:02.331|I|132501644|lpUCM [fds.cpp:FDS_OnLocalUpgProgress:248] total: 23, curr:12, percent:42, rop:49%
[m[0;32;32m1970-01-01 07:02:02.332|I|132501644|lpUCM [fds.cpp:FDS_OnLocalUpgProgress:248] total: 23, curr:12, percent:43, rop:49%
[m[0;32;32m1970-01-01 07:02:02.332|I|132501644|lpUCM [fds.cpp:FDS_OnLocalUpgProgress:248] total: 23, curr:12, percent:44, rop:49%
[m[0;32;32m1970-01-01 07:02:02.334|I|132501644|lpUCM [fds.cpp:FDS_OnLocalUpgProgress:248] total: 23, curr:12, percent:45, rop:49%
[m[0;32;32m1970-01-01 07:02:02.334|I|132501644|lpUCM [fds.cpp:FDS_OnLocalUpgProgress:248] total: 23, curr:12, percent:46, rop:49%
[m[0;32;32m1970-01-01 07:02:02.340|I|132501644|lpUCM [fds.cpp:FDS_OnLocalUpgProgress:248] total: 23, curr:12, percent:47, rop:49%
[m[0;32;32m1970-01-01 07:02:02.340|I|132501644|lpUCM [fds.cpp:FDS_OnLocalUpgProgress:248] total: 23, curr:12, percent:48, rop:49%
[m[0;32;32m1970-01-01 07:02:02.341|I|132501644|lpUCM [fds.cpp:FDS_OnLocalUpgProgress:248] total: 23, curr:12, percent:49, rop:49%
[m[0;32;32m1970-01-01 07:02:02.342|I|132501644|lpUCM [fds.cpp:FDS_OnLocalUpgProgress:248] total: 23, curr:12, percent:50, rop:50%
[m[0;32;32m1970-01-01 07:02:02.342|I|132501644|lpUCM [handler.c:FDS_idhExtractFile:234] CPIO extract success
[m[0;32;32m1970-01-01 07:02:02.342|I|132501644|lpUCM [fds.cpp:FDS_OnLocalUpgProgress:248] total: 23, curr:12, percent:100, rop:52%
[m[1;33m1970-01-01 07:02:02.342|W|132501644|lpUCM [scm.c:FDS_scmDeployImages:443] deploy [12st] success:boot_qdrive_iosock.bin.rawgz
[m[1;33m1970-01-01 07:02:02.342|W|132501644|lpUCM [scm.c:FDS_scmDeployImages:435] start [13st] deploy:devcfg_auto.mbn.rawgz
[m[0;32;32m1970-01-01 07:02:02.342|I|132501644|lpUCM [fds.cpp:FDS_OnLocalUpgProgress:248] total: 23, curr:13, percent:0, rop:52%
[m[0;32;32m1970-01-01 07:02:02.342|I|132501644|lpUCM [handler.c:FDS_idhFindDesc:79] find time 1, name raw, handler_name = raw
[m[0;32;32m1970-01-01 07:02:02.342|I|132501644|lpUCM [handler.c:FDS_idhFindDesc:94] find handler raw, type = 0
[m[0;32;32m1970-01-01 07:02:02.342|I|132501644|lpUCM [handler.c:FDS_idhFindDesc:79] find time 1, name raw, handler_name = raw
[m[0;32;32m1970-01-01 07:02:02.342|I|132501644|lpUCM [handler.c:FDS_idhFindDesc:94] find handler raw, type = 0
[m[0;32;32m1970-01-01 07:02:02.342|I|132501644|lpUCM [fds.cpp:FDS_OnLocalUpgProgress:248] total: 23, curr:13, percent:42, rop:54%
[m[0;32;32m1970-01-01 07:02:02.343|I|132501644|lpUCM [fds.cpp:FDS_OnLocalUpgProgress:248] total: 23, curr:13, percent:50, rop:54%
[m[0;32;32m1970-01-01 07:02:02.343|I|132501644|lpUCM [handler.c:FDS_idhExtractFile:234] CPIO extract success
[m[0;32;32m1970-01-01 07:02:02.343|I|132501644|lpUCM [fds.cpp:FDS_OnLocalUpgProgress:248] total: 23, curr:13, percent:100, rop:56%
[m[1;33m1970-01-01 07:02:02.343|W|132501644|lpUCM [scm.c:FDS_scmDeployImages:443] deploy [13st] success:devcfg_auto.mbn.rawgz
[m[1;33m1970-01-01 07:02:02.343|W|132501644|lpUCM [scm.c:FDS_scmDeployImages:435] start [14st] deploy:multi_image.mbn.rawgz
[m[0;32;32m1970-01-01 07:02:02.343|I|132501644|lpUCM [fds.cpp:FDS_OnLocalUpgProgress:248] total: 23, curr:14, percent:0, rop:56%
[m[0;32;32m1970-01-01 07:02:02.343|I|132501644|lpUCM [handler.c:FDS_idhFindDesc:79] find time 1, name raw, handler_name = raw
[m[0;32;32m1970-01-01 07:02:02.343|I|132501644|lpUCM [handler.c:FDS_idhFindDesc:94] find handler raw, type = 0
[m[0;32;32m1970-01-01 07:02:02.343|I|132501644|lpUCM [handler.c:FDS_idhFindDesc:79] find time 1, name raw, handler_name = raw
[m[0;32;32m1970-01-01 07:02:02.343|I|132501644|lpUCM [handler.c:FDS_idhFindDesc:94] find handler raw, type = 0
[m[0;32;32m1970-01-01 07:02:02.343|I|132501644|lpUCM [fds.cpp:FDS_OnLocalUpgProgress:248] total: 23, curr:14, percent:50, rop:58%
[m[0;32;32m1970-01-01 07:02:02.343|I|132501644|lpUCM [handler.c:FDS_idhExtractFile:234] CPIO extract success
[m[0;32;32m1970-01-01 07:02:02.343|I|132501644|lpUCM [fds.cpp:FDS_OnLocalUpgProgress:248] total: 23, curr:14, percent:100, rop:60%
[m[1;33m1970-01-01 07:02:02.343|W|132501644|lpUCM [scm.c:FDS_scmDeployImages:443] deploy [14st] success:multi_image.mbn.rawgz
[m[1;33m1970-01-01 07:02:02.343|W|132501644|lpUCM [scm.c:FDS_scmDeployImages:435] start [15st] deploy:multi_image_qti.mbn.rawgz
[m[0;32;32m1970-01-01 07:02:02.343|I|132501644|lpUCM [fds.cpp:FDS_OnLocalUpgProgress:248] total: 23, curr:15, percent:0, rop:60%
[m[0;32;32m1970-01-01 07:02:02.343|I|132501644|lpUCM [handler.c:FDS_idhFindDesc:79] find time 1, name raw, handler_name = raw
[m[0;32;32m1970-01-01 07:02:02.343|I|132501644|lpUCM [handler.c:FDS_idhFindDesc:94] find handler raw, type = 0
[m[0;32;32m1970-01-01 07:02:02.343|I|132501644|lpUCM [handler.c:FDS_idhFindDesc:79] find time 1, name raw, handler_name = raw
[m[0;32;32m1970-01-01 07:02:02.343|I|132501644|lpUCM [handler.c:FDS_idhFindDesc:94] find handler raw, type = 0
[m[0;32;32m1970-01-01 07:02:02.343|I|132501644|lpUCM [fds.cpp:FDS_OnLocalUpgProgress:248] total: 23, curr:15, percent:50, rop:63%
[m[0;32;32m1970-01-01 07:02:02.343|I|132501644|lpUCM [handler.c:FDS_idhExtractFile:234] CPIO extract success
[m[0;32;32m1970-01-01 07:02:02.343|I|132501644|lpUCM [fds.cpp:FDS_OnLocalUpgProgress:248] total: 23, curr:15, percent:100, rop:65%
[m[1;33m1970-01-01 07:02:02.343|W|132501644|lpUCM [scm.c:FDS_scmDeployImages:443] deploy [15st] success:multi_image_qti.mbn.rawgz
[m[1;33m1970-01-01 07:02:02.343|W|132501644|lpUCM [scm.c:FDS_scmDeployImages:435] start [16st] deploy:imagefv.elf.rawgz
[m[0;32;32m1970-01-01 07:02:02.343|I|132501644|lpUCM [fds.cpp:FDS_OnLocalUpgProgress:248] total: 23, curr:16, percent:0, rop:65%
[m[0;32;32m1970-01-01 07:02:02.343|I|132501644|lpUCM [handler.c:FDS_idhFindDesc:79] find time 1, name raw, handler_name = raw
[m[0;32;32m1970-01-01 07:02:02.343|I|132501644|lpUCM [handler.c:FDS_idhFindDesc:94] find handler raw, type = 0
[m[0;32;32m1970-01-01 07:02:02.343|I|132501644|lpUCM [handler.c:FDS_idhFindDesc:79] find time 1, name raw, handler_name = raw
[m[0;32;32m1970-01-01 07:02:02.343|I|132501644|lpUCM [handler.c:FDS_idhFindDesc:94] find handler raw, type = 0
[m[0;32;32m1970-01-01 07:02:02.343|I|132501644|lpUCM [fds.cpp:FDS_OnLocalUpgProgress:248] total: 23, curr:16, percent:50, rop:67%
[m[0;32;32m1970-01-01 07:02:02.344|I|132501644|lpUCM [handler.c:FDS_idhExtractFile:234] CPIO extract success
[m[0;32;32m1970-01-01 07:02:02.344|I|132501644|lpUCM [fds.cpp:FDS_OnLocalUpgProgress:248] total: 23, curr:16, percent:100, rop:69%
[m[1;33m1970-01-01 07:02:02.344|W|132501644|lpUCM [scm.c:FDS_scmDeployImages:443] deploy [16st] success:imagefv.elf.rawgz
[m[1;33m1970-01-01 07:02:02.344|W|132501644|lpUCM [scm.c:FDS_scmDeployImages:435] start [17st] deploy:shrm.elf.rawgz
[m[0;32;32m1970-01-01 07:02:02.344|I|132501644|lpUCM [fds.cpp:FDS_OnLocalUpgProgress:248] total: 23, curr:17, percent:0, rop:69%
[m[0;32;32m1970-01-01 07:02:02.344|I|132501644|lpUCM [handler.c:FDS_idhFindDesc:79] find time 1, name raw, handler_name = raw
[m[0;32;32m1970-01-01 07:02:02.344|I|132501644|lpUCM [handler.c:FDS_idhFindDesc:94] find handler raw, type = 0
[m[0;32;32m1970-01-01 07:02:02.344|I|132501644|lpUCM [handler.c:FDS_idhFindDesc:79] find time 1, name raw, handler_name = raw
[m[0;32;32m1970-01-01 07:02:02.344|I|132501644|lpUCM [handler.c:FDS_idhFindDesc:94] find handler raw, type = 0
[m[0;32;32m1970-01-01 07:02:02.344|I|132501644|lpUCM [fds.cpp:FDS_OnLocalUpgProgress:248] total: 23, curr:17, percent:33, rop:71%
[m[0;32;32m1970-01-01 07:02:02.344|I|132501644|lpUCM [fds.cpp:FDS_OnLocalUpgProgress:248] total: 23, curr:17, percent:50, rop:71%
[m[0;32;32m1970-01-01 07:02:02.344|I|132501644|lpUCM [handler.c:FDS_idhExtractFile:234] CPIO extract success
[m[0;32;32m1970-01-01 07:02:02.344|I|132501644|lpUCM [fds.cpp:FDS_OnLocalUpgProgress:248] total: 23, curr:17, percent:100, rop:73%
[m[1;33m1970-01-01 07:02:02.344|W|132501644|lpUCM [scm.c:FDS_scmDeployImages:443] deploy [17st] success:shrm.elf.rawgz
[m[1;33m1970-01-01 07:02:02.344|W|132501644|lpUCM [scm.c:FDS_scmDeployImages:435] start [18st] deploy:mifs_hyp_qdrive_iosock.ifs.sign.gz
[m[0;32;32m1970-01-01 07:02:02.344|I|132501644|lpUCM [fds.cpp:FDS_OnLocalUpgProgress:248] total: 23, curr:18, percent:0, rop:73%
[m[0;32;32m1970-01-01 07:02:02.344|I|132501644|lpUCM [handler.c:FDS_idhFindDesc:79] find time 1, name raw, handler_name = raw
[m[0;32;32m1970-01-01 07:02:02.344|I|132501644|lpUCM [handler.c:FDS_idhFindDesc:94] find handler raw, type = 0
[m[0;32;32m1970-01-01 07:02:02.344|I|132501644|lpUCM [handler.c:FDS_idhFindDesc:79] find time 1, name raw, handler_name = raw
[m[0;32;32m1970-01-01 07:02:02.344|I|132501644|lpUCM [handler.c:FDS_idhFindDesc:94] find handler raw, type = 0
[m[0;32;32m1970-01-01 07:02:02.353|I|132501644|lpUCM [fds.cpp:FDS_OnLocalUpgProgress:248] total: 23, curr:18, percent:1, rop:73%
[m[0;32;32m1970-01-01 07:02:02.355|I|132501644|lpUCM [fds.cpp:FDS_OnLocalUpgProgress:248] total: 23, curr:18, percent:2, rop:74%
[m[0;32;32m1970-01-01 07:02:02.365|I|132501644|lpUCM [fds.cpp:FDS_OnLocalUpgProgress:248] total: 23, curr:18, percent:3, rop:74%
[m[0;32;32m1970-01-01 07:02:02.367|I|132501644|lpUCM [fds.cpp:FDS_OnLocalUpgProgress:248] total: 23, curr:18, percent:4, rop:74%
[m[0;32;32m1970-01-01 07:02:02.369|I|132501644|lpUCM [fds.cpp:FDS_OnLocalUpgProgress:248] total: 23, curr:18, percent:5, rop:74%
[m[0;32;32m1970-01-01 07:02:02.371|I|132501644|lpUCM [fds.cpp:FDS_OnLocalUpgProgress:248] total: 23, curr:18, percent:6, rop:74%
[m[0;32;32m1970-01-01 07:02:02.372|I|132501644|lpUCM [fds.cpp:FDS_OnLocalUpgProgress:248] total: 23, curr:18, percent:7, rop:74%
[m[0;32;32m1970-01-01 07:02:02.374|I|132501644|lpUCM [fds.cpp:FDS_OnLocalUpgProgress:248] total: 23, curr:18, percent:8, rop:74%
[m[0;32;32m1970-01-01 07:02:02.375|I|132501644|lpUCM [fds.cpp:FDS_OnLocalUpgProgress:248] total: 23, curr:18, percent:9, rop:74%
[m[0;32;32m1970-01-01 07:02:02.377|I|132501644|lpUCM [fds.cpp:FDS_OnLocalUpgProgress:248] total: 23, curr:18, percent:10, rop:74%
[m[0;32;32m1970-01-01 07:02:02.379|I|132501644|lpUCM [fds.cpp:FDS_OnLocalUpgProgress:248] total: 23, curr:18, percent:11, rop:74%
[m[0;32;32m1970-01-01 07:02:02.382|I|132501644|lpUCM [fds.cpp:FDS_OnLocalUpgProgress:248] total: 23, curr:18, percent:12, rop:74%
[m[0;32;32m1970-01-01 07:02:02.384|I|132501644|lpUCM [fds.cpp:FDS_OnLocalUpgProgress:248] total: 23, curr:18, percent:13, rop:74%
[m[0;32;32m1970-01-01 07:02:02.386|I|132501644|lpUCM [fds.cpp:FDS_OnLocalUpgProgress:248] total: 23, curr:18, percent:14, rop:74%
[m[0;32;32m1970-01-01 07:02:02.389|I|132501644|lpUCM [fds.cpp:FDS_OnLocalUpgProgress:248] total: 23, curr:18, percent:15, rop:74%
[m[0;32;32m1970-01-01 07:02:02.390|I|132501644|lpUCM [fds.cpp:FDS_OnLocalUpgProgress:248] total: 23, curr:18, percent:16, rop:74%
[m[0;32;32m1970-01-01 07:02:02.393|I|132501644|lpUCM [fds.cpp:FDS_OnLocalUpgProgress:248] total: 23, curr:18, percent:17, rop:74%
[m[0;32;32m1970-01-01 07:02:02.395|I|132501644|lpUCM [fds.cpp:FDS_OnLocalUpgProgress:248] total: 23, curr:18, percent:18, rop:74%
[m[0;32;32m1970-01-01 07:02:02.396|I|132501644|lpUCM [fds.cpp:FDS_OnLocalUpgProgress:248] total: 23, curr:18, percent:19, rop:74%
[m[0;32;32m1970-01-01 07:02:02.399|I|132501644|lpUCM [fds.cpp:FDS_OnLocalUpgProgress:248] total: 23, curr:18, percent:20, rop:74%
[m[0;32;32m1970-01-01 07:02:02.402|I|132501644|lpUCM [fds.cpp:FDS_OnLocalUpgProgress:248] total: 23, curr:18, percent:21, rop:74%
[m[0;32;32m1970-01-01 07:02:02.404|I|132501644|lpUCM [fds.cpp:FDS_OnLocalUpgProgress:248] total: 23, curr:18, percent:22, rop:74%
[m[0;32;32m1970-01-01 07:02:02.407|I|132501644|lpUCM [fds.cpp:FDS_OnLocalUpgProgress:248] total: 23, curr:18, percent:23, rop:74%
[m[0;32;32m1970-01-01 07:02:02.409|I|132501644|lpUCM [fds.cpp:FDS_OnLocalUpgProgress:248] total: 23, curr:18, percent:24, rop:74%
[m[0;32;32m1970-01-01 07:02:02.411|I|132501644|lpUCM [fds.cpp:FDS_OnLocalUpgProgress:248] total: 23, curr:18, percent:25, rop:75%
[m[0;32;32m1970-01-01 07:02:02.414|I|132501644|lpUCM [fds.cpp:FDS_OnLocalUpgProgress:248] total: 23, curr:18, percent:26, rop:75%
[m[0;32;32m1970-01-01 07:02:02.418|I|132501644|lpUCM [fds.cpp:FDS_OnLocalUpgProgress:248] total: 23, curr:18, percent:27, rop:75%
[m[0;32;32m1970-01-01 07:02:02.422|I|132501644|lpUCM [fds.cpp:FDS_OnLocalUpgProgress:248] total: 23, curr:18, percent:28, rop:75%
[m[0;32;32m1970-01-01 07:02:02.425|I|132501644|lpUCM [fds.cpp:FDS_OnLocalUpgProgress:248] total: 23, curr:18, percent:29, rop:75%
[m[0;32;32m1970-01-01 07:02:02.430|I|132501644|lpUCM [fds.cpp:FDS_OnLocalUpgProgress:248] total: 23, curr:18, percent:30, rop:75%
[m[0;32;32m1970-01-01 07:02:02.434|I|132501644|lpUCM [fds.cpp:FDS_OnLocalUpgProgress:248] total: 23, curr:18, percent:31, rop:75%
[m[0;32;32m1970-01-01 07:02:02.448|I|132501644|lpUCM [fds.cpp:FDS_OnLocalUpgProgress:248] total: 23, curr:18, percent:32, rop:75%
[m[0;32;32m1970-01-01 07:02:02.458|I|132501644|lpUCM [fds.cpp:FDS_OnLocalUpgProgress:248] total: 23, curr:18, percent:33, rop:75%
[m[0;32;32m1970-01-01 07:02:02.462|I|132501644|lpUCM [fds.cpp:FDS_OnLocalUpgProgress:248] total: 23, curr:18, percent:34, rop:75%
[m[0;32;32m1970-01-01 07:02:02.466|I|132501644|lpUCM [fds.cpp:FDS_OnLocalUpgProgress:248] total: 23, curr:18, percent:35, rop:75%
[m[0;32;32m1970-01-01 07:02:02.476|I|132501644|lpUCM [fds.cpp:FDS_OnLocalUpgProgress:248] total: 23, curr:18, percent:36, rop:75%
[m[0;32;32m1970-01-01 07:02:02.481|I|132501644|lpUCM [fds.cpp:FDS_OnLocalUpgProgress:248] total: 23, curr:18, percent:37, rop:75%
[m[0;32;32m1970-01-01 07:02:02.488|I|132501644|lpUCM [fds.cpp:FDS_OnLocalUpgProgress:248] total: 23, curr:18, percent:38, rop:75%
[m[0;32;32m1970-01-01 07:02:02.491|I|132501644|lpUCM [fds.cpp:FDS_OnLocalUpgProgress:248] total: 23, curr:18, percent:39, rop:75%
[m[0;32;32m1970-01-01 07:02:02.493|I|132501644|lpUCM [fds.cpp:FDS_OnLocalUpgProgress:248] total: 23, curr:18, percent:40, rop:75%
[m[0;32;32m1970-01-01 07:02:02.496|I|132501644|lpUCM [fds.cpp:FDS_OnLocalUpgProgress:248] total: 23, curr:18, percent:41, rop:75%
[m[0;32;32m1970-01-01 07:02:02.498|I|132501644|lpUCM [fds.cpp:FDS_OnLocalUpgProgress:248] total: 23, curr:18, percent:42, rop:75%
[m[0;32;32m1970-01-01 07:02:02.500|I|132501644|lpUCM [fds.cpp:FDS_OnLocalUpgProgress:248] total: 23, curr:18, percent:43, rop:75%
[m[0;32;32m1970-01-01 07:02:02.501|I|132501644|lpUCM [fds.cpp:FDS_OnLocalUpgProgress:248] total: 23, curr:18, percent:44, rop:75%
[m[0;32;32m1970-01-01 07:02:02.504|I|132501644|lpUCM [fds.cpp:FDS_OnLocalUpgProgress:248] total: 23, curr:18, percent:45, rop:75%
[m[0;32;32m1970-01-01 07:02:02.507|I|132501644|lpUCM [fds.cpp:FDS_OnLocalUpgProgress:248] total: 23, curr:18, percent:46, rop:75%
[m[0;32;32m1970-01-01 07:02:02.510|I|132501644|lpUCM [fds.cpp:FDS_OnLocalUpgProgress:248] total: 23, curr:18, percent:47, rop:75%
[m[0;32;32m1970-01-01 07:02:02.514|I|132501644|lpUCM [fds.cpp:FDS_OnLocalUpgProgress:248] total: 23, curr:18, percent:48, rop:76%
[m[0;32;32m1970-01-01 07:02:02.516|I|132501644|lpUCM [fds.cpp:FDS_OnLocalUpgProgress:248] total: 23, curr:18, percent:49, rop:76%
[m[0;32;32m1970-01-01 07:02:02.518|I|132501644|lpUCM [fds.cpp:FDS_OnLocalUpgProgress:248] total: 23, curr:18, percent:50, rop:76%
[m[0;32;32m1970-01-01 07:02:02.518|I|132501644|lpUCM [handler.c:FDS_idhExtractFile:234] CPIO extract success
[m[0;32;32m1970-01-01 07:02:02.518|I|132501644|lpUCM [fds.cpp:FDS_OnLocalUpgProgress:248] total: 23, curr:18, percent:100, rop:78%
[m[1;33m1970-01-01 07:02:02.518|W|132501644|lpUCM [scm.c:FDS_scmDeployImages:443] deploy [18st] success:mifs_hyp_qdrive_iosock.ifs.sign.gz
[m[1;33m1970-01-01 07:02:02.518|W|132501644|lpUCM [scm.c:FDS_scmDeployImages:435] start [19st] deploy:ifs2_qdrive_iosock.ifs.gz
[m[0;32;32m1970-01-01 07:02:02.518|I|132501644|lpUCM [fds.cpp:FDS_OnLocalUpgProgress:248] total: 23, curr:19, percent:0, rop:78%
[m[0;32;32m1970-01-01 07:02:02.518|I|132501644|lpUCM [handler.c:FDS_idhFindDesc:79] find time 1, name raw, handler_name = raw
[m[0;32;32m1970-01-01 07:02:02.518|I|132501644|lpUCM [handler.c:FDS_idhFindDesc:94] find handler raw, type = 0
[m[0;32;32m1970-01-01 07:02:02.518|I|132501644|lpUCM [handler.c:FDS_idhFindDesc:79] find time 1, name raw, handler_name = raw
[m[0;32;32m1970-01-01 07:02:02.518|I|132501644|lpUCM [handler.c:FDS_idhFindDesc:94] find handler raw, type = 0
[m[0;32;32m1970-01-01 07:02:02.573|I|132501644|lpUCM [fds.cpp:FDS_OnLocalUpgProgress:248] total: 23, curr:19, percent:1, rop:78%
[m[0;32;32m1970-01-01 07:02:02.618|I|132501644|lpUCM [fds.cpp:FDS_OnLocalUpgProgress:248] total: 23, curr:19, percent:2, rop:78%
[m[0;32;32m1970-01-01 07:02:02.661|I|132501644|lpUCM [fds.cpp:FDS_OnLocalUpgProgress:248] total: 23, curr:19, percent:3, rop:78%
[m[0;32;32m1970-01-01 07:02:02.710|I|132501644|lpUCM [fds.cpp:FDS_OnLocalUpgProgress:248] total: 23, curr:19, percent:4, rop:78%
[m[0;32;32m1970-01-01 07:02:02.760|I|132501644|lpUCM [fds.cpp:FDS_OnLocalUpgProgress:248] total: 23, curr:19, percent:5, rop:78%
[m[0;32;32m1970-01-01 07:02:02.817|I|132501644|lpUCM [fds.cpp:FDS_OnLocalUpgProgress:248] total: 23, curr:19, percent:6, rop:78%
[m[0;32;32m1970-01-01 07:02:02.860|I|132501644|lpUCM [fds.cpp:FDS_OnLocalUpgProgress:248] total: 23, curr:19, percent:7, rop:78%
[m[0;32;32m1970-01-01 07:02:02.924|I|132501644|lpUCM [fds.cpp:FDS_OnLocalUpgProgress:248] total: 23, curr:19, percent:8, rop:78%
[m[0;32;32m1970-01-01 07:02:02.978|I|132501644|lpUCM [fds.cpp:FDS_OnLocalUpgProgress:248] total: 23, curr:19, percent:9, rop:78%
[m[0;32;32m1970-01-01 07:02:03.54|I|132501644|lpUCM [fds.cpp:FDS_OnLocalUpgProgress:248] total: 23, curr:19, percent:10, rop:78%
[m[0;32;32m1970-01-01 07:02:03.166|I|132501644|lpUCM [fds.cpp:FDS_OnLocalUpgProgress:248] total: 23, curr:19, percent:11, rop:78%
[m[0;32;32m1970-01-01 07:02:03.218|I|132501644|lpUCM [fds.cpp:FDS_OnLocalUpgProgress:248] total: 23, curr:19, percent:12, rop:78%
[m[0;32;32m1970-01-01 07:02:03.258|I|132501644|lpUCM [fds.cpp:FDS_OnLocalUpgProgress:248] total: 23, curr:19, percent:13, rop:78%
[m[0;32;32m1970-01-01 07:02:03.322|I|132501644|lpUCM [fds.cpp:FDS_OnLocalUpgProgress:248] total: 23, curr:19, percent:14, rop:78%
[m[0;32;32m1970-01-01 07:02:03.403|I|132501644|lpUCM [fds.cpp:FDS_OnLocalUpgProgress:248] total: 23, curr:19, percent:15, rop:78%
[m[0;32;32m1970-01-01 07:02:03.458|I|132501644|lpUCM [fds.cpp:FDS_OnLocalUpgProgress:248] total: 23, curr:19, percent:16, rop:78%
[m[0;32;32m1970-01-01 07:02:03.546|I|132501644|lpUCM [fds.cpp:FDS_OnLocalUpgProgress:248] total: 23, curr:19, percent:17, rop:79%
[m[0;32;32m1970-01-01 07:02:03.578|I|132501644|lpUCM [fds.cpp:FDS_OnLocalUpgProgress:248] total: 23, curr:19, percent:18, rop:79%
[m[0;32;32m1970-01-01 07:02:03.633|I|132501644|lpUCM [fds.cpp:FDS_OnLocalUpgProgress:248] total: 23, curr:19, percent:19, rop:79%
[m[0;32;32m1970-01-01 07:02:03.676|I|132501644|lpUCM [fds.cpp:FDS_OnLocalUpgProgress:248] total: 23, curr:19, percent:20, rop:79%
[m[0;32;32m1970-01-01 07:02:03.736|I|132501644|lpUCM [fds.cpp:FDS_OnLocalUpgProgress:248] total: 23, curr:19, percent:21, rop:79%
[m[0;32;32m1970-01-01 07:02:03.799|I|132501644|lpUCM [fds.cpp:FDS_OnLocalUpgProgress:248] total: 23, curr:19, percent:22, rop:79%
[m[0;32;32m1970-01-01 07:02:03.868|I|132501644|lpUCM [fds.cpp:FDS_OnLocalUpgProgress:248] total: 23, curr:19, percent:23, rop:79%
[m[0;32;32m1970-01-01 07:02:03.921|I|132501644|lpUCM [fds.cpp:FDS_OnLocalUpgProgress:248] total: 23, curr:19, percent:24, rop:79%
[m[0;32;32m1970-01-01 07:02:03.973|I|132501644|lpUCM [fds.cpp:FDS_OnLocalUpgProgress:248] total: 23, curr:19, percent:25, rop:79%
[m[0;32;32m1970-01-01 07:02:04.15|I|132501644|lpUCM [fds.cpp:FDS_OnLocalUpgProgress:248] total: 23, curr:19, percent:26, rop:79%
[m[0;32;32m1970-01-01 07:02:04.70|I|132501644|lpUCM [fds.cpp:FDS_OnLocalUpgProgress:248] total: 23, curr:19, percent:27, rop:79%
[m[0;32;32m1970-01-01 07:02:04.106|I|132501644|lpUCM [fds.cpp:FDS_OnLocalUpgProgress:248] total: 23, curr:19, percent:28, rop:79%
[m[0;32;32m1970-01-01 07:02:04.163|I|132501644|lpUCM [fds.cpp:FDS_OnLocalUpgProgress:248] total: 23, curr:19, percent:29, rop:79%
[m[0;32;32m1970-01-01 07:02:04.202|I|132501644|lpUCM [fds.cpp:FDS_OnLocalUpgProgress:248] total: 23, curr:19, percent:30, rop:79%
[m[0;32;32m1970-01-01 07:02:04.260|I|132501644|lpUCM [fds.cpp:FDS_OnLocalUpgProgress:248] total: 23, curr:19, percent:31, rop:79%
[m[0;32;32m1970-01-01 07:02:04.322|I|132501644|lpUCM [fds.cpp:FDS_OnLocalUpgProgress:248] total: 23, curr:19, percent:32, rop:79%
[m[0;32;32m1970-01-01 07:02:04.395|I|132501644|lpUCM [fds.cpp:FDS_OnLocalUpgProgress:248] total: 23, curr:19, percent:33, rop:79%
[m[0;32;32m1970-01-01 07:02:04.449|I|132501644|lpUCM [fds.cpp:FDS_OnLocalUpgProgress:248] total: 23, curr:19, percent:34, rop:79%
[m[0;32;32m1970-01-01 07:02:04.522|I|132501644|lpUCM [fds.cpp:FDS_OnLocalUpgProgress:248] total: 23, curr:19, percent:35, rop:79%
[m[0;32;32m1970-01-01 07:02:04.569|I|132501644|lpUCM [fds.cpp:FDS_OnLocalUpgProgress:248] total: 23, curr:19, percent:36, rop:79%
[m[0;32;32m1970-01-01 07:02:04.628|I|132501644|lpUCM [fds.cpp:FDS_OnLocalUpgProgress:248] total: 23, curr:19, percent:37, rop:79%
[m[0;32;32m1970-01-01 07:02:04.668|I|132501644|lpUCM [fds.cpp:FDS_OnLocalUpgProgress:248] total: 23, curr:19, percent:38, rop:79%
[m[0;32;32m1970-01-01 07:02:04.720|I|132501644|lpUCM [fds.cpp:FDS_OnLocalUpgProgress:248] total: 23, curr:19, percent:39, rop:79%
[m[0;32;32m1970-01-01 07:02:04.764|I|132501644|lpUCM [fds.cpp:FDS_OnLocalUpgProgress:248] total: 23, curr:19, percent:40, rop:80%
[m[0;32;32m1970-01-01 07:02:04.837|I|132501644|lpUCM [fds.cpp:FDS_OnLocalUpgProgress:248] total: 23, curr:19, percent:41, rop:80%
[m[0;32;32m1970-01-01 07:02:04.898|I|132501644|lpUCM [fds.cpp:FDS_OnLocalUpgProgress:248] total: 23, curr:19, percent:42, rop:80%
[m[0;32;32m1970-01-01 07:02:04.949|I|132501644|lpUCM [fds.cpp:FDS_OnLocalUpgProgress:248] total: 23, curr:19, percent:43, rop:80%
[m[0;32;32m1970-01-01 07:02:04.994|I|132501644|lpUCM [fds.cpp:FDS_OnLocalUpgProgress:248] total: 23, curr:19, percent:44, rop:80%
[m[0;32;32m1970-01-01 07:02:05.44|I|132501644|lpUCM [fds.cpp:FDS_OnLocalUpgProgress:248] total: 23, curr:19, percent:45, rop:80%
[m[0;32;32m1970-01-01 07:02:05.105|I|132501644|lpUCM [fds.cpp:FDS_OnLocalUpgProgress:248] total: 23, curr:19, percent:46, rop:80%
[m[0;32;32m1970-01-01 07:02:05.139|I|132501644|lpUCM [fds.cpp:FDS_OnLocalUpgProgress:248] total: 23, curr:19, percent:47, rop:80%
[m[0;32;32m1970-01-01 07:02:05.190|I|132501644|lpUCM [fds.cpp:FDS_OnLocalUpgProgress:248] total: 23, curr:19, percent:48, rop:80%
[m[0;32;32m1970-01-01 07:02:05.236|I|132501644|lpUCM [fds.cpp:FDS_OnLocalUpgProgress:248] total: 23, curr:19, percent:49, rop:80%
[m[0;32;32m1970-01-01 07:02:05.342|I|132501644|lpUCM [fds.cpp:FDS_OnLocalUpgProgress:248] total: 23, curr:19, percent:50, rop:80%
[m[0;32;32m1970-01-01 07:02:05.342|I|132501644|lpUCM [handler.c:FDS_idhExtractFile:234] CPIO extract success
[m[0;32;32m1970-01-01 07:02:05.342|I|132501644|lpUCM [fds.cpp:FDS_OnLocalUpgProgress:248] total: 23, curr:19, percent:100, rop:82%
[m[1;33m1970-01-01 07:02:05.342|W|132501644|lpUCM [scm.c:FDS_scmDeployImages:443] deploy [19st] success:ifs2_qdrive_iosock.ifs.gz
[m[1;33m1970-01-01 07:02:05.342|W|132501644|lpUCM [scm.c:FDS_scmDeployImages:435] start [20st] deploy:oem.xfs.gz
[m[0;32;32m1970-01-01 07:02:05.342|I|132501644|lpUCM [fds.cpp:FDS_OnLocalUpgProgress:248] total: 23, curr:20, percent:0, rop:82%
[m[0;32;32m1970-01-01 07:02:05.342|I|132501644|lpUCM [handler.c:FDS_idhFindDesc:79] find time 1, name raw, handler_name = raw
[m[0;32;32m1970-01-01 07:02:05.342|I|132501644|lpUCM [handler.c:FDS_idhFindDesc:94] find handler raw, type = 0
[m[0;32;32m1970-01-01 07:02:05.342|I|132501644|lpUCM [handler.c:FDS_idhFindDesc:79] find time 1, name raw, handler_name = raw
[m[0;32;32m1970-01-01 07:02:05.342|I|132501644|lpUCM [handler.c:FDS_idhFindDesc:94] find handler raw, type = 0
[m[0;32;32m1970-01-01 07:02:06.777|I|132501644|lpUCM [fds.cpp:FDS_OnLocalUpgProgress:248] total: 23, curr:20, percent:1, rop:82%
[m[0;32;32m1970-01-01 07:02:07.834|I|132501644|lpUCM [fds.cpp:FDS_OnLocalUpgProgress:248] total: 23, curr:20, percent:2, rop:82%
[m[0;32;32m1970-01-01 07:02:08.923|I|132501644|lpUCM [fds.cpp:FDS_OnLocalUpgProgress:248] total: 23, curr:20, percent:3, rop:82%
[m[0;32;32m1970-01-01 07:02:10.135|I|132501644|lpUCM [fds.cpp:FDS_OnLocalUpgProgress:248] total: 23, curr:20, percent:4, rop:82%
[m[0;32;32m1970-01-01 07:02:11.241|I|132501644|lpUCM [fds.cpp:FDS_OnLocalUpgProgress:248] total: 23, curr:20, percent:5, rop:82%
[m[0;32;32m1970-01-01 07:02:11.813|I|132501644|lpUCM [fds.cpp:FDS_OnLocalUpgProgress:248] total: 23, curr:20, percent:6, rop:82%
[m[0;32;32m1970-01-01 07:02:12.273|I|132501644|lpUCM [fds.cpp:FDS_OnLocalUpgProgress:248] total: 23, curr:20, percent:7, rop:82%
[m[0;32;32m1970-01-01 07:02:12.771|I|132501644|lpUCM [fds.cpp:FDS_OnLocalUpgProgress:248] total: 23, curr:20, percent:8, rop:82%
[m[0;32;32m1970-01-01 07:02:13.248|I|132501644|lpUCM [fds.cpp:FDS_OnLocalUpgProgress:248] total: 23, curr:20, percent:9, rop:83%
[m[0;32;32m1970-01-01 07:02:13.726|I|132501644|lpUCM [fds.cpp:FDS_OnLocalUpgProgress:248] total: 23, curr:20, percent:10, rop:83%
[m[0;32;32m1970-01-01 07:02:14.363|I|132501644|lpUCM [fds.cpp:FDS_OnLocalUpgProgress:248] total: 23, curr:20, percent:11, rop:83%
[m[0;32;32m1970-01-01 07:02:14.936|I|132501644|lpUCM [fds.cpp:FDS_OnLocalUpgProgress:248] total: 23, curr:20, percent:12, rop:83%
[m[0;32;32m1970-01-01 07:02:15.430|I|132501644|lpUCM [fds.cpp:FDS_OnLocalUpgProgress:248] total: 23, curr:20, percent:13, rop:83%
[m[0;32;32m1970-01-01 07:02:16.23|I|132501644|lpUCM [fds.cpp:FDS_OnLocalUpgProgress:248] total: 23, curr:20, percent:14, rop:83%
[m[0;32;32m1970-01-01 07:02:16.622|I|132501644|lpUCM [fds.cpp:FDS_OnLocalUpgProgress:248] total: 23, curr:20, percent:15, rop:83%
[m[0;32;32m1970-01-01 07:02:17.221|I|132501644|lpUCM [fds.cpp:FDS_OnLocalUpgProgress:248] total: 23, curr:20, percent:16, rop:83%
[m[0;32;32m1970-01-01 07:02:17.855|I|132501644|lpUCM [fds.cpp:FDS_OnLocalUpgProgress:248] total: 23, curr:20, percent:17, rop:83%
[m[0;32;32m1970-01-01 07:02:18.390|I|132501644|lpUCM [fds.cpp:FDS_OnLocalUpgProgress:248] total: 23, curr:20, percent:18, rop:83%
[m[0;32;32m1970-01-01 07:02:19.3|I|132501644|lpUCM [fds.cpp:FDS_OnLocalUpgProgress:248] total: 23, curr:20, percent:19, rop:83%
[m[0;32;32m1970-01-01 07:02:21.211|I|132501644|lpUCM [fds.cpp:FDS_OnLocalUpgProgress:248] total: 23, curr:20, percent:20, rop:83%
[m[0;32;32m1970-01-01 07:02:21.696|I|132501644|lpUCM [fds.cpp:FDS_OnLocalUpgProgress:248] total: 23, curr:20, percent:21, rop:83%
[m[0;32;32m1970-01-01 07:02:22.233|I|132501644|lpUCM [fds.cpp:FDS_OnLocalUpgProgress:248] total: 23, curr:20, percent:22, rop:83%
[m[0;32;32m1970-01-01 07:02:22.879|I|132501644|lpUCM [fds.cpp:FDS_OnLocalUpgProgress:248] total: 23, curr:20, percent:23, rop:83%
[m[0;32;32m1970-01-01 07:02:23.596|I|132501644|lpUCM [fds.cpp:FDS_OnLocalUpgProgress:248] total: 23, curr:20, percent:24, rop:83%
[m[0;32;32m1970-01-01 07:02:24.379|I|132501644|lpUCM [fds.cpp:FDS_OnLocalUpgProgress:248] total: 23, curr:20, percent:25, rop:83%
[m[0;32;32m1970-01-01 07:02:25.89|I|132501644|lpUCM [fds.cpp:FDS_OnLocalUpgProgress:248] total: 23, curr:20, percent:26, rop:83%
[m[0;32;32m1970-01-01 07:02:27.736|I|132501644|lpUCM [fds.cpp:FDS_OnLocalUpgProgress:248] total: 23, curr:20, percent:27, rop:83%
[m[0;32;32m1970-01-01 07:02:28.277|I|132501644|lpUCM [fds.cpp:FDS_OnLocalUpgProgress:248] total: 23, curr:20, percent:28, rop:83%
[m[0;32;32m1970-01-01 07:02:28.892|I|132501644|lpUCM [fds.cpp:FDS_OnLocalUpgProgress:248] total: 23, curr:20, percent:29, rop:83%
[m[0;32;32m1970-01-01 07:02:29.878|I|132501644|lpUCM [fds.cpp:FDS_OnLocalUpgProgress:248] total: 23, curr:20, percent:30, rop:83%
[m[0;32;32m1970-01-01 07:02:30.833|I|132501644|lpUCM [fds.cpp:FDS_OnLocalUpgProgress:248] total: 23, curr:20, percent:31, rop:83%
[m[0;32;32m1970-01-01 07:02:31.813|I|132501644|lpUCM [fds.cpp:FDS_OnLocalUpgProgress:248] total: 23, curr:20, percent:32, rop:84%
[m[0;32;32m1970-01-01 07:02:32.830|I|132501644|lpUCM [fds.cpp:FDS_OnLocalUpgProgress:248] total: 23, curr:20, percent:33, rop:84%
[m[0;32;32m1970-01-01 07:02:33.864|I|132501644|lpUCM [fds.cpp:FDS_OnLocalUpgProgress:248] total: 23, curr:20, percent:34, rop:84%
[m[0;32;32m1970-01-01 07:02:34.858|I|132501644|lpUCM [fds.cpp:FDS_OnLocalUpgProgress:248] total: 23, curr:20, percent:35, rop:84%
[m[0;32;32m1970-01-01 07:02:35.876|I|132501644|lpUCM [fds.cpp:FDS_OnLocalUpgProgress:248] total: 23, curr:20, percent:36, rop:84%
[m[0;32;32m1970-01-01 07:02:36.892|I|132501644|lpUCM [fds.cpp:FDS_OnLocalUpgProgress:248] total: 23, curr:20, percent:37, rop:84%
[m[0;32;32m1970-01-01 07:02:37.855|I|132501644|lpUCM [fds.cpp:FDS_OnLocalUpgProgress:248] total: 23, curr:20, percent:38, rop:84%
[m[0;32;32m1970-01-01 07:02:38.852|I|132501644|lpUCM [fds.cpp:FDS_OnLocalUpgProgress:248] total: 23, curr:20, percent:39, rop:84%
[m[0;32;32m1970-01-01 07:02:39.827|I|132501644|lpUCM [fds.cpp:FDS_OnLocalUpgProgress:248] total: 23, curr:20, percent:40, rop:84%
[m[0;32;32m1970-01-01 07:02:40.914|I|132501644|lpUCM [fds.cpp:FDS_OnLocalUpgProgress:248] total: 23, curr:20, percent:41, rop:84%
[m[0;32;32m1970-01-01 07:02:41.961|I|132501644|lpUCM [fds.cpp:FDS_OnLocalUpgProgress:248] total: 23, curr:20, percent:42, rop:84%
[m[0;32;32m1970-01-01 07:02:42.940|I|132501644|lpUCM [fds.cpp:FDS_OnLocalUpgProgress:248] total: 23, curr:20, percent:43, rop:84%
[m[0;32;32m1970-01-01 07:02:44.129|I|132501644|lpUCM [fds.cpp:FDS_OnLocalUpgProgress:248] total: 23, curr:20, percent:44, rop:84%
[m[0;32;32m1970-01-01 07:02:45.659|I|132501644|lpUCM [fds.cpp:FDS_OnLocalUpgProgress:248] total: 23, curr:20, percent:45, rop:84%
[m[0;32;32m1970-01-01 07:02:46.789|I|132501644|lpUCM [fds.cpp:FDS_OnLocalUpgProgress:248] total: 23, curr:20, percent:46, rop:84%
[m[0;32;32m1970-01-01 07:02:48.41|I|132501644|lpUCM [fds.cpp:FDS_OnLocalUpgProgress:248] total: 23, curr:20, percent:47, rop:84%
[m[0;32;32m1970-01-01 07:02:49.151|I|132501644|lpUCM [fds.cpp:FDS_OnLocalUpgProgress:248] total: 23, curr:20, percent:48, rop:84%
[m[0;32;32m1970-01-01 07:02:50.209|I|132501644|lpUCM [fds.cpp:FDS_OnLocalUpgProgress:248] total: 23, curr:20, percent:49, rop:84%
[m[0;32;32m1970-01-01 07:03:47.557|I|132501644|lpUCM [fds.cpp:FDS_OnLocalUpgProgress:248] total: 23, curr:20, percent:50, rop:84%
[m[0;32;32m1970-01-01 07:03:47.797|I|132501644|lpUCM [handler.c:FDS_idhExtractFile:234] CPIO extract success
[m[0;32;32m1970-01-01 07:03:47.797|I|132501644|lpUCM [fds.cpp:FDS_OnLocalUpgProgress:248] total: 23, curr:20, percent:100, rop:86%
[m[1;33m1970-01-01 07:03:47.797|W|132501644|lpUCM [scm.c:FDS_scmDeployImages:443] deploy [20st] success:oem.xfs.gz
[m[1;33m1970-01-01 07:03:47.797|W|132501644|lpUCM [scm.c:FDS_scmDeployImages:435] start [21st] deploy:system.xfs.gz
[m[0;32;32m1970-01-01 07:03:47.797|I|132501644|lpUCM [fds.cpp:FDS_OnLocalUpgProgress:248] total: 23, curr:21, percent:0, rop:86%
[m[0;32;32m1970-01-01 07:03:47.797|I|132501644|lpUCM [handler.c:FDS_idhFindDesc:79] find time 1, name raw, handler_name = raw
[m[0;32;32m1970-01-01 07:03:47.797|I|132501644|lpUCM [handler.c:FDS_idhFindDesc:94] find handler raw, type = 0
[m[0;32;32m1970-01-01 07:03:47.797|I|132501644|lpUCM [handler.c:FDS_idhFindDesc:79] find time 1, name raw, handler_name = raw
[m[0;32;32m1970-01-01 07:03:47.797|I|132501644|lpUCM [handler.c:FDS_idhFindDesc:94] find handler raw, type = 0
[m[0;32;32m1970-01-01 07:03:48.84|I|132501644|lpUCM [fds.cpp:FDS_OnLocalUpgProgress:248] total: 23, curr:21, percent:1, rop:87%
[m[0;32;32m1970-01-01 07:03:48.307|I|132501644|lpUCM [fds.cpp:FDS_OnLocalUpgProgress:248] total: 23, curr:21, percent:2, rop:87%
[m[0;32;32m1970-01-01 07:03:48.453|I|132501644|lpUCM [fds.cpp:FDS_OnLocalUpgProgress:248] total: 23, curr:21, percent:3, rop:87%
[m[0;32;32m1970-01-01 07:03:48.630|I|132501644|lpUCM [fds.cpp:FDS_OnLocalUpgProgress:248] total: 23, curr:21, percent:4, rop:87%
[m[0;32;32m1970-01-01 07:03:48.789|I|132501644|lpUCM [fds.cpp:FDS_OnLocalUpgProgress:248] total: 23, curr:21, percent:5, rop:87%
[m[0;32;32m1970-01-01 07:03:48.960|I|132501644|lpUCM [fds.cpp:FDS_OnLocalUpgProgress:248] total: 23, curr:21, percent:6, rop:87%
[m[0;32;32m1970-01-01 07:03:49.122|I|132501644|lpUCM [fds.cpp:FDS_OnLocalUpgProgress:248] total: 23, curr:21, percent:7, rop:87%
[m[0;32;32m1970-01-01 07:03:49.335|I|132501644|lpUCM [fds.cpp:FDS_OnLocalUpgProgress:248] total: 23, curr:21, percent:8, rop:87%
[m[0;32;32m1970-01-01 07:03:49.477|I|132501644|lpUCM [fds.cpp:FDS_OnLocalUpgProgress:248] total: 23, curr:21, percent:9, rop:87%
[m[0;32;32m1970-01-01 07:03:49.678|I|132501644|lpUCM [fds.cpp:FDS_OnLocalUpgProgress:248] total: 23, curr:21, percent:10, rop:87%
[m[0;32;32m1970-01-01 07:03:49.793|I|132501644|lpUCM [fds.cpp:FDS_OnLocalUpgProgress:248] total: 23, curr:21, percent:11, rop:87%
[m[0;32;32m1970-01-01 07:03:49.983|I|132501644|lpUCM [fds.cpp:FDS_OnLocalUpgProgress:248] total: 23, curr:21, percent:12, rop:87%
[m[0;32;32m1970-01-01 07:03:50.124|I|132501644|lpUCM [fds.cpp:FDS_OnLocalUpgProgress:248] total: 23, curr:21, percent:13, rop:87%
[m[0;32;32m1970-01-01 07:03:50.299|I|132501644|lpUCM [fds.cpp:FDS_OnLocalUpgProgress:248] total: 23, curr:21, percent:14, rop:87%
[m[0;32;32m1970-01-01 07:03:50.486|I|132501644|lpUCM [fds.cpp:FDS_OnLocalUpgProgress:248] total: 23, curr:21, percent:15, rop:87%
[m[0;32;32m1970-01-01 07:03:50.664|I|132501644|lpUCM [fds.cpp:FDS_OnLocalUpgProgress:248] total: 23, curr:21, percent:16, rop:87%
[m[0;32;32m1970-01-01 07:03:50.789|I|132501644|lpUCM [fds.cpp:FDS_OnLocalUpgProgress:248] total: 23, curr:21, percent:17, rop:87%
[m[0;32;32m1970-01-01 07:03:50.935|I|132501644|lpUCM [fds.cpp:FDS_OnLocalUpgProgress:248] total: 23, curr:21, percent:18, rop:87%
[m[0;32;32m1970-01-01 07:03:51.81|I|132501644|lpUCM [fds.cpp:FDS_OnLocalUpgProgress:248] total: 23, curr:21, percent:19, rop:87%
[m[0;32;32m1970-01-01 07:03:51.269|I|132501644|lpUCM [fds.cpp:FDS_OnLocalUpgProgress:248] total: 23, curr:21, percent:20, rop:87%
[m[0;32;32m1970-01-01 07:03:51.774|I|132501644|lpUCM [fds.cpp:FDS_OnLocalUpgProgress:248] total: 23, curr:21, percent:21, rop:87%
[m[0;32;32m1970-01-01 07:03:52.56|I|132501644|lpUCM [fds.cpp:FDS_OnLocalUpgProgress:248] total: 23, curr:21, percent:22, rop:87%
[m[0;32;32m1970-01-01 07:03:52.264|I|132501644|lpUCM [fds.cpp:FDS_OnLocalUpgProgress:248] total: 23, curr:21, percent:23, rop:87%
[m[0;32;32m1970-01-01 07:03:52.502|I|132501644|lpUCM [fds.cpp:FDS_OnLocalUpgProgress:248] total: 23, curr:21, percent:24, rop:88%
[m[0;32;32m1970-01-01 07:03:52.606|I|132501644|lpUCM [fds.cpp:FDS_OnLocalUpgProgress:248] total: 23, curr:21, percent:25, rop:88%
[m[0;32;32m1970-01-01 07:03:52.717|I|132501644|lpUCM [fds.cpp:FDS_OnLocalUpgProgress:248] total: 23, curr:21, percent:26, rop:88%
[m[0;32;32m1970-01-01 07:03:52.952|I|132501644|lpUCM [fds.cpp:FDS_OnLocalUpgProgress:248] total: 23, curr:21, percent:27, rop:88%
[m[0;32;32m1970-01-01 07:03:53.198|I|132501644|lpUCM [fds.cpp:FDS_OnLocalUpgProgress:248] total: 23, curr:21, percent:28, rop:88%
[m[0;32;32m1970-01-01 07:03:53.378|I|132501644|lpUCM [fds.cpp:FDS_OnLocalUpgProgress:248] total: 23, curr:21, percent:29, rop:88%
[m[0;32;32m1970-01-01 07:03:53.556|I|132501644|lpUCM [fds.cpp:FDS_OnLocalUpgProgress:248] total: 23, curr:21, percent:30, rop:88%
[m[0;32;32m1970-01-01 07:03:53.779|I|132501644|lpUCM [fds.cpp:FDS_OnLocalUpgProgress:248] total: 23, curr:21, percent:31, rop:88%
[m[0;32;32m1970-01-01 07:03:53.960|I|132501644|lpUCM [fds.cpp:FDS_OnLocalUpgProgress:248] total: 23, curr:21, percent:32, rop:88%
[m[0;32;32m1970-01-01 07:03:54.272|I|132501644|lpUCM [fds.cpp:FDS_OnLocalUpgProgress:248] total: 23, curr:21, percent:33, rop:88%
[m[0;32;32m1970-01-01 07:03:54.541|I|132501644|lpUCM [fds.cpp:FDS_OnLocalUpgProgress:248] total: 23, curr:21, percent:34, rop:88%
[m[0;32;32m1970-01-01 07:03:54.773|I|132501644|lpUCM [fds.cpp:FDS_OnLocalUpgProgress:248] total: 23, curr:21, percent:35, rop:88%
[m[0;32;32m1970-01-01 07:03:54.991|I|132501644|lpUCM [fds.cpp:FDS_OnLocalUpgProgress:248] total: 23, curr:21, percent:36, rop:88%
[m[0;32;32m1970-01-01 07:03:55.207|I|132501644|lpUCM [fds.cpp:FDS_OnLocalUpgProgress:248] total: 23, curr:21, percent:37, rop:88%
[m[0;32;32m1970-01-01 07:03:55.376|I|132501644|lpUCM [fds.cpp:FDS_OnLocalUpgProgress:248] total: 23, curr:21, percent:38, rop:88%
[m[0;32;32m1970-01-01 07:03:55.545|I|132501644|lpUCM [fds.cpp:FDS_OnLocalUpgProgress:248] total: 23, curr:21, percent:39, rop:88%
[m[0;32;32m1970-01-01 07:03:55.798|I|132501644|lpUCM [fds.cpp:FDS_OnLocalUpgProgress:248] total: 23, curr:21, percent:40, rop:88%
[m[0;32;32m1970-01-01 07:03:56.40|I|132501644|lpUCM [fds.cpp:FDS_OnLocalUpgProgress:248] total: 23, curr:21, percent:41, rop:88%
[m[0;32;32m1970-01-01 07:03:56.243|I|132501644|lpUCM [fds.cpp:FDS_OnLocalUpgProgress:248] total: 23, curr:21, percent:42, rop:88%
[m[0;32;32m1970-01-01 07:03:56.432|I|132501644|lpUCM [fds.cpp:FDS_OnLocalUpgProgress:248] total: 23, curr:21, percent:43, rop:88%
[m[0;32;32m1970-01-01 07:03:56.658|I|132501644|lpUCM [fds.cpp:FDS_OnLocalUpgProgress:248] total: 23, curr:21, percent:44, rop:88%
[m[0;32;32m1970-01-01 07:03:56.866|I|132501644|lpUCM [fds.cpp:FDS_OnLocalUpgProgress:248] total: 23, curr:21, percent:45, rop:88%
[m[0;32;32m1970-01-01 07:03:57.173|I|132501644|lpUCM [fds.cpp:FDS_OnLocalUpgProgress:248] total: 23, curr:21, percent:46, rop:88%
[m[0;32;32m1970-01-01 07:03:57.371|I|132501644|lpUCM [fds.cpp:FDS_OnLocalUpgProgress:248] total: 23, curr:21, percent:47, rop:89%
[m[0;32;32m1970-01-01 07:03:57.540|I|132501644|lpUCM [fds.cpp:FDS_OnLocalUpgProgress:248] total: 23, curr:21, percent:48, rop:89%
[m[0;32;32m1970-01-01 07:03:57.747|I|132501644|lpUCM [fds.cpp:FDS_OnLocalUpgProgress:248] total: 23, curr:21, percent:49, rop:89%
[m[0;32;32m1970-01-01 07:04:25.361|I|132501644|lpUCM [fds.cpp:FDS_OnLocalUpgProgress:248] total: 23, curr:21, percent:50, rop:89%
[m[0;32;32m1970-01-01 07:04:25.499|I|132501644|lpUCM [handler.c:FDS_idhExtractFile:234] CPIO extract success
[m[0;32;32m1970-01-01 07:04:25.499|I|132501644|lpUCM [fds.cpp:FDS_OnLocalUpgProgress:248] total: 23, curr:21, percent:100, rop:91%
[m[1;33m1970-01-01 07:04:25.499|W|132501644|lpUCM [scm.c:FDS_scmDeployImages:443] deploy [21st] success:system.xfs.gz
[m[1;33m1970-01-01 07:04:25.499|W|132501644|lpUCM [scm.c:FDS_scmDeployImages:435] start [22st] deploy:autosarsailsw1.elf
[m[0;32;32m1970-01-01 07:04:25.499|I|132501644|lpUCM [fds.cpp:FDS_OnLocalUpgProgress:248] total: 23, curr:22, percent:0, rop:91%
[m[0;32;32m1970-01-01 07:04:25.499|I|132501644|lpUCM [handler.c:FDS_idhFindDesc:79] find time 1, name sail_sw, handler_name = raw
[m[0;32;32m1970-01-01 07:04:25.499|I|132501644|lpUCM [handler.c:FDS_idhFindDesc:79] find time 2, name sail_sw, handler_name = sail_sw
[m[0;32;32m1970-01-01 07:04:25.499|I|132501644|lpUCM [handler.c:FDS_idhFindDesc:94] find handler sail_sw, type = 0
[m[0;32;32m1970-01-01 07:04:25.499|I|132501644|lpUCM [handler.c:FDS_idhFindDesc:79] find time 1, name sail_sw, handler_name = raw
[m[0;32;32m1970-01-01 07:04:25.499|I|132501644|lpUCM [handler.c:FDS_idhFindDesc:79] find time 2, name sail_sw, handler_name = sail_sw
[m[0;32;32m1970-01-01 07:04:25.499|I|132501644|lpUCM [handler.c:FDS_idhFindDesc:94] find handler sail_sw, type = 0
[m[1;33m1970-01-01 07:04:25.499|W|132501644|lpUCM [RemoteSails.cpp:FDS_idhSail:304] StartRCoreUpgrade
[m[1;33m1970-01-01 07:04:25.499|W|132501644|lpUCM [RemoteSails.cpp:SendWithRetry:185] Successfully wrote 33 bytes
[m[0;32;32m1970-01-01 07:04:25.502|I|132501644|lpUCM [RemoteSails.cpp:HandleResponse:149] HandleResponse started, buffer size: 1048
[m[0;32;32m1970-01-01 07:04:25.502|I|132501644|lpUCM [RemoteSails.cpp:HandleResponse:158] Successfully deserialized response, status: 0, result code: 0
[m[0;32;32m1970-01-01 07:04:25.502|I|132501644|lpUCM [fds.cpp:FDS_OnLocalUpgProgress:248] total: 23, curr:22, percent:12, rop:91%
[m[1;33m1970-01-01 07:04:25.502|W|132501644|lpUCM [RemoteSails.cpp:FDS_idhSail:314] SailWriteData
[m[0;32;32m1970-01-01 07:04:25.502|I|132501644|lpUCM [RemoteSails.cpp:SailWriteData:254] total data is 16384
[m[0;32;31m1970-01-01 07:04:25.502|E|132501644|lpUCM [IpccProtoMessage.cpp:SerializeParams:112] m_offset, 0
[m[1;33m1970-01-01 07:04:25.502|W|132501644|lpUCM [RemoteSails.cpp:SendWithRetry:185] Successfully wrote 1052 bytes
[m[0;32;32m1970-01-01 07:04:25.534|I|132501644|lpUCM [RemoteSails.cpp:HandleResponse:149] HandleResponse started, buffer size: 1048
[m[0;32;32m1970-01-01 07:04:25.534|I|132501644|lpUCM [RemoteSails.cpp:HandleResponse:158] Successfully deserialized response, status: 0, result code: 0
[m[0;32;31m1970-01-01 07:04:25.534|E|132501644|lpUCM [IpccProtoMessage.cpp:SerializeParams:112] m_offset, 1024
[m[1;33m1970-01-01 07:04:25.534|W|132501644|lpUCM [RemoteSails.cpp:SendWithRetry:185] Successfully wrote 1052 bytes
[m[0;32;32m1970-01-01 07:04:25.537|I|132501644|lpUCM [RemoteSails.cpp:HandleResponse:149] HandleResponse started, buffer size: 1048
[m[0;32;32m1970-01-01 07:04:25.537|I|132501644|lpUCM [RemoteSails.cpp:HandleResponse:158] Successfully deserialized response, status: 0, result code: 0
[m[0;32;31m1970-01-01 07:04:25.537|E|132501644|lpUCM [IpccProtoMessage.cpp:SerializeParams:112] m_offset, 2048
[m[1;33m1970-01-01 07:04:25.537|W|132501644|lpUCM [RemoteSails.cpp:SendWithRetry:185] Successfully wrote 1052 bytes
[m[0;32;32m1970-01-01 07:04:25.541|I|132501644|lpUCM [RemoteSails.cpp:HandleResponse:149] HandleResponse started, buffer size: 1048
[m[0;32;32m1970-01-01 07:04:25.541|I|132501644|lpUCM [RemoteSails.cpp:HandleResponse:158] Successfully deserialized response, status: 0, result code: 0
[m[0;32;31m1970-01-01 07:04:25.541|E|132501644|lpUCM [IpccProtoMessage.cpp:SerializeParams:112] m_offset, 3072
[m[1;33m1970-01-01 07:04:25.541|W|132501644|lpUCM [RemoteSails.cpp:SendWithRetry:185] Successfully wrote 1052 bytes
[m[0;32;32m1970-01-01 07:04:25.544|I|132501644|lpUCM [RemoteSails.cpp:HandleResponse:149] HandleResponse started, buffer size: 1048
[m[0;32;32m1970-01-01 07:04:25.544|I|132501644|lpUCM [RemoteSails.cpp:HandleResponse:158] Successfully deserialized response, status: 0, result code: 0
[m[0;32;31m1970-01-01 07:04:25.544|E|132501644|lpUCM [IpccProtoMessage.cpp:SerializeParams:112] m_offset, 4096
[m[1;33m1970-01-01 07:04:25.544|W|132501644|lpUCM [RemoteSails.cpp:SendWithRetry:185] Successfully wrote 1052 bytes
[m[0;32;32m1970-01-01 07:04:25.577|I|132501644|lpUCM [RemoteSails.cpp:HandleResponse:149] HandleResponse started, buffer size: 1048
[m[0;32;32m1970-01-01 07:04:25.577|I|132501644|lpUCM [RemoteSails.cpp:HandleResponse:158] Successfully deserialized response, status: 0, result code: 0
[m[0;32;31m1970-01-01 07:04:25.577|E|132501644|lpUCM [IpccProtoMessage.cpp:SerializeParams:112] m_offset, 5120
[m[1;33m1970-01-01 07:04:25.577|W|132501644|lpUCM [RemoteSails.cpp:SendWithRetry:185] Successfully wrote 1052 bytes
[m[0;32;32m1970-01-01 07:04:25.580|I|132501644|lpUCM [RemoteSails.cpp:HandleResponse:149] HandleResponse started, buffer size: 1048
[m[0;32;32m1970-01-01 07:04:25.580|I|132501644|lpUCM [RemoteSails.cpp:HandleResponse:158] Successfully deserialized response, status: 0, result code: 0
[m[0;32;31m1970-01-01 07:04:25.580|E|132501644|lpUCM [IpccProtoMessage.cpp:SerializeParams:112] m_offset, 6144
[m[1;33m1970-01-01 07:04:25.580|W|132501644|lpUCM [RemoteSails.cpp:SendWithRetry:185] Successfully wrote 1052 bytes
[m[0;32;32m1970-01-01 07:04:25.583|I|132501644|lpUCM [RemoteSails.cpp:HandleResponse:149] HandleResponse started, buffer size: 1048
[m[0;32;32m1970-01-01 07:04:25.583|I|132501644|lpUCM [RemoteSails.cpp:HandleResponse:158] Successfully deserialized response, status: 0, result code: 0
[m[0;32;31m1970-01-01 07:04:25.583|E|132501644|lpUCM [IpccProtoMessage.cpp:SerializeParams:112] m_offset, 7168
[m[1;33m1970-01-01 07:04:25.583|W|132501644|lpUCM [RemoteSails.cpp:SendWithRetry:185] Successfully wrote 1052 bytes
[m[0;32;32m1970-01-01 07:04:25.586|I|132501644|lpUCM [RemoteSails.cpp:HandleResponse:149] HandleResponse started, buffer size: 1048
[m[0;32;32m1970-01-01 07:04:25.586|I|132501644|lpUCM [RemoteSails.cpp:HandleResponse:158] Successfully deserialized response, status: 0, result code: 0
[m[0;32;31m1970-01-01 07:04:25.586|E|132501644|lpUCM [IpccProtoMessage.cpp:SerializeParams:112] m_offset, 8192
[m[1;33m1970-01-01 07:04:25.586|W|132501644|lpUCM [RemoteSails.cpp:SendWithRetry:185] Successfully wrote 1052 bytes
[m[0;32;32m1970-01-01 07:04:25.616|I|132501644|lpUCM [RemoteSails.cpp:HandleResponse:149] HandleResponse started, buffer size: 1048
[m[0;32;32m1970-01-01 07:04:25.616|I|132501644|lpUCM [RemoteSails.cpp:HandleResponse:158] Successfully deserialized response, status: 0, result code: 0
[m[0;32;31m1970-01-01 07:04:25.616|E|132501644|lpUCM [IpccProtoMessage.cpp:SerializeParams:112] m_offset, 9216
[m[1;33m1970-01-01 07:04:25.616|W|132501644|lpUCM [RemoteSails.cpp:SendWithRetry:185] Successfully wrote 1052 bytes
[m[0;32;32m1970-01-01 07:04:25.622|I|132501644|lpUCM [RemoteSails.cpp:HandleResponse:149] HandleResponse started, buffer size: 1048
[m[0;32;32m1970-01-01 07:04:25.622|I|132501644|lpUCM [RemoteSails.cpp:HandleResponse:158] Successfully deserialized response, status: 0, result code: 0
[m[0;32;31m1970-01-01 07:04:25.622|E|132501644|lpUCM [IpccProtoMessage.cpp:SerializeParams:112] m_offset, 10240
[m[1;33m1970-01-01 07:04:25.622|W|132501644|lpUCM [RemoteSails.cpp:SendWithRetry:185] Successfully wrote 1052 bytes
[m[0;32;32m1970-01-01 07:04:25.625|I|132501644|lpUCM [RemoteSails.cpp:HandleResponse:149] HandleResponse started, buffer size: 1048
[m[0;32;32m1970-01-01 07:04:25.625|I|132501644|lpUCM [RemoteSails.cpp:HandleResponse:158] Successfully deserialized response, status: 0, result code: 0
[m[0;32;31m1970-01-01 07:04:25.625|E|132501644|lpUCM [IpccProtoMessage.cpp:SerializeParams:112] m_offset, 11264
[m[1;33m1970-01-01 07:04:25.625|W|132501644|lpUCM [RemoteSails.cpp:SendWithRetry:185] Successfully wrote 1052 bytes
[m[0;32;32m1970-01-01 07:04:25.628|I|132501644|lpUCM [RemoteSails.cpp:HandleResponse:149] HandleResponse started, buffer size: 1048
[m[0;32;32m1970-01-01 07:04:25.628|I|132501644|lpUCM [RemoteSails.cpp:HandleResponse:158] Successfully deserialized response, status: 0, result code: 0
[m[0;32;31m1970-01-01 07:04:25.628|E|132501644|lpUCM [IpccProtoMessage.cpp:SerializeParams:112] m_offset, 12288
[m[1;33m1970-01-01 07:04:25.628|W|132501644|lpUCM [RemoteSails.cpp:SendWithRetry:185] Successfully wrote 1052 bytes
[m[0;32;32m1970-01-01 07:04:25.661|I|132501644|lpUCM [RemoteSails.cpp:HandleResponse:149] HandleResponse started, buffer size: 1048
[m[0;32;32m1970-01-01 07:04:25.661|I|132501644|lpUCM [RemoteSails.cpp:HandleResponse:158] Successfully deserialized response, status: 0, result code: 0
[m[0;32;31m1970-01-01 07:04:25.661|E|132501644|lpUCM [IpccProtoMessage.cpp:SerializeParams:112] m_offset, 13312
[m[1;33m1970-01-01 07:04:25.661|W|132501644|lpUCM [RemoteSails.cpp:SendWithRetry:185] Successfully wrote 1052 bytes
[m[0;32;32m1970-01-01 07:04:25.664|I|132501644|lpUCM [RemoteSails.cpp:HandleResponse:149] HandleResponse started, buffer size: 1048
[m[0;32;32m1970-01-01 07:04:25.664|I|132501644|lpUCM [RemoteSails.cpp:HandleResponse:158] Successfully deserialized response, status: 0, result code: 0
[m[0;32;31m1970-01-01 07:04:25.664|E|132501644|lpUCM [IpccProtoMessage.cpp:SerializeParams:112] m_offset, 14336
[m[1;33m1970-01-01 07:04:25.664|W|132501644|lpUCM [RemoteSails.cpp:SendWithRetry:185] Successfully wrote 1052 bytes
[m[0;32;32m1970-01-01 07:04:25.667|I|132501644|lpUCM [RemoteSails.cpp:HandleResponse:149] HandleResponse started, buffer size: 1048
[m[0;32;32m1970-01-01 07:04:25.667|I|132501644|lpUCM [RemoteSails.cpp:HandleResponse:158] Successfully deserialized response, status: 0, result code: 0
[m[0;32;31m1970-01-01 07:04:25.667|E|132501644|lpUCM [IpccProtoMessage.cpp:SerializeParams:112] m_offset, 15360
[m[1;33m1970-01-01 07:04:25.667|W|132501644|lpUCM [RemoteSails.cpp:SendWithRetry:185] Successfully wrote 1052 bytes
[m[0;32;32m1970-01-01 07:04:25.671|I|132501644|lpUCM [RemoteSails.cpp:HandleResponse:149] HandleResponse started, buffer size: 1048
[m[0;32;32m1970-01-01 07:04:25.671|I|132501644|lpUCM [RemoteSails.cpp:HandleResponse:158] Successfully deserialized response, status: 0, result code: 0
[m[0;32;32m1970-01-01 07:04:25.671|I|132501644|lpUCM [RemoteSails.cpp:SailWriteData:272] All data already trans size 16384
[m[0;32;32m1970-01-01 07:04:25.671|I|132501644|lpUCM [fds.cpp:FDS_OnLocalUpgProgress:248] total: 23, curr:22, percent:13, rop:91%
[m[0;32;32m1970-01-01 07:04:25.673|I|132501644|lpUCM [RemoteSails.cpp:SailWriteData:254] total data is 16384
[m[0;32;31m1970-01-01 07:04:25.673|E|132501644|lpUCM [IpccProtoMessage.cpp:SerializeParams:112] m_offset, 16384
[m[1;33m1970-01-01 07:04:25.673|W|132501644|lpUCM [RemoteSails.cpp:SendWithRetry:185] Successfully wrote 1052 bytes
[m[0;32;32m1970-01-01 07:04:25.709|I|132501644|lpUCM [RemoteSails.cpp:HandleResponse:149] HandleResponse started, buffer size: 1048
[m[0;32;32m1970-01-01 07:04:25.709|I|132501644|lpUCM [RemoteSails.cpp:HandleResponse:158] Successfully deserialized response, status: 0, result code: 0
[m[0;32;31m1970-01-01 07:04:25.709|E|132501644|lpUCM [IpccProtoMessage.cpp:SerializeParams:112] m_offset, 17408
[m[1;33m1970-01-01 07:04:25.709|W|132501644|lpUCM [RemoteSails.cpp:SendWithRetry:185] Successfully wrote 1052 bytes
[m[0;32;32m1970-01-01 07:04:25.712|I|132501644|lpUCM [RemoteSails.cpp:HandleResponse:149] HandleResponse started, buffer size: 1048
[m[0;32;32m1970-01-01 07:04:25.712|I|132501644|lpUCM [RemoteSails.cpp:HandleResponse:158] Successfully deserialized response, status: 0, result code: 0
[m[0;32;31m1970-01-01 07:04:25.712|E|132501644|lpUCM [IpccProtoMessage.cpp:SerializeParams:112] m_offset, 18432
[m[1;33m1970-01-01 07:04:25.712|W|132501644|lpUCM [RemoteSails.cpp:SendWithRetry:185] Successfully wrote 1052 bytes
[m[0;32;32m1970-01-01 07:04:25.715|I|132501644|lpUCM [RemoteSails.cpp:HandleResponse:149] HandleResponse started, buffer size: 1048
[m[0;32;32m1970-01-01 07:04:25.715|I|132501644|lpUCM [RemoteSails.cpp:HandleResponse:158] Successfully deserialized response, status: 0, result code: 0
[m[0;32;31m1970-01-01 07:04:25.715|E|132501644|lpUCM [IpccProtoMessage.cpp:SerializeParams:112] m_offset, 19456
[m[1;33m1970-01-01 07:04:25.715|W|132501644|lpUCM [RemoteSails.cpp:SendWithRetry:185] Successfully wrote 1052 bytes
[m[0;32;32m1970-01-01 07:04:25.719|I|132501644|lpUCM [RemoteSails.cpp:HandleResponse:149] HandleResponse started, buffer size: 1048
[m[0;32;32m1970-01-01 07:04:25.719|I|132501644|lpUCM [RemoteSails.cpp:HandleResponse:158] Successfully deserialized response, status: 0, result code: 0
[m[0;32;31m1970-01-01 07:04:25.719|E|132501644|lpUCM [IpccProtoMessage.cpp:SerializeParams:112] m_offset, 20480
[m[1;33m1970-01-01 07:04:25.719|W|132501644|lpUCM [RemoteSails.cpp:SendWithRetry:185] Successfully wrote 1052 bytes
[m[0;32;32m1970-01-01 07:04:25.754|I|132501644|lpUCM [RemoteSails.cpp:HandleResponse:149] HandleResponse started, buffer size: 1048
[m[0;32;32m1970-01-01 07:04:25.754|I|132501644|lpUCM [RemoteSails.cpp:HandleResponse:158] Successfully deserialized response, status: 0, result code: 0
[m[0;32;31m1970-01-01 07:04:25.754|E|132501644|lpUCM [IpccProtoMessage.cpp:SerializeParams:112] m_offset, 21504
[m[1;33m1970-01-01 07:04:25.754|W|132501644|lpUCM [RemoteSails.cpp:SendWithRetry:185] Successfully wrote 1052 bytes
[m[0;32;32m1970-01-01 07:04:25.757|I|132501644|lpUCM [RemoteSails.cpp:HandleResponse:149] HandleResponse started, buffer size: 1048
[m[0;32;32m1970-01-01 07:04:25.757|I|132501644|lpUCM [RemoteSails.cpp:HandleResponse:158] Successfully deserialized response, status: 0, result code: 0
[m[0;32;31m1970-01-01 07:04:25.757|E|132501644|lpUCM [IpccProtoMessage.cpp:SerializeParams:112] m_offset, 22528
[m[1;33m1970-01-01 07:04:25.757|W|132501644|lpUCM [RemoteSails.cpp:SendWithRetry:185] Successfully wrote 1052 bytes
[m[0;32;32m1970-01-01 07:04:25.764|I|132501644|lpUCM [RemoteSails.cpp:HandleResponse:149] HandleResponse started, buffer size: 1048
[m[0;32;32m1970-01-01 07:04:25.764|I|132501644|lpUCM [RemoteSails.cpp:HandleResponse:158] Successfully deserialized response, status: 0, result code: 0
[m[0;32;31m1970-01-01 07:04:25.764|E|132501644|lpUCM [IpccProtoMessage.cpp:SerializeParams:112] m_offset, 23552
[m[1;33m1970-01-01 07:04:25.764|W|132501644|lpUCM [RemoteSails.cpp:SendWithRetry:185] Successfully wrote 1052 bytes
[m[0;32;32m1970-01-01 07:04:25.768|I|132501644|lpUCM [RemoteSails.cpp:HandleResponse:149] HandleResponse started, buffer size: 1048
[m[0;32;32m1970-01-01 07:04:25.768|I|132501644|lpUCM [RemoteSails.cpp:HandleResponse:158] Successfully deserialized response, status: 0, result code: 0
[m[0;32;31m1970-01-01 07:04:25.768|E|132501644|lpUCM [IpccProtoMessage.cpp:SerializeParams:112] m_offset, 24576
[m[1;33m1970-01-01 07:04:25.768|W|132501644|lpUCM [RemoteSails.cpp:SendWithRetry:185] Successfully wrote 1052 bytes
[m[0;32;32m1970-01-01 07:04:25.801|I|132501644|lpUCM [RemoteSails.cpp:HandleResponse:149] HandleResponse started, buffer size: 1048
[m[0;32;32m1970-01-01 07:04:25.801|I|132501644|lpUCM [RemoteSails.cpp:HandleResponse:158] Successfully deserialized response, status: 0, result code: 0
[m[0;32;31m1970-01-01 07:04:25.801|E|132501644|lpUCM [IpccProtoMessage.cpp:SerializeParams:112] m_offset, 25600
[m[1;33m1970-01-01 07:04:25.801|W|132501644|lpUCM [RemoteSails.cpp:SendWithRetry:185] Successfully wrote 1052 bytes
[m[0;32;32m1970-01-01 07:04:25.804|I|132501644|lpUCM [RemoteSails.cpp:HandleResponse:149] HandleResponse started, buffer size: 1048
[m[0;32;32m1970-01-01 07:04:25.804|I|132501644|lpUCM [RemoteSails.cpp:HandleResponse:158] Successfully deserialized response, status: 0, result code: 0
[m[0;32;31m1970-01-01 07:04:25.804|E|132501644|lpUCM [IpccProtoMessage.cpp:SerializeParams:112] m_offset, 26624
[m[1;33m1970-01-01 07:04:25.804|W|132501644|lpUCM [RemoteSails.cpp:SendWithRetry:185] Successfully wrote 1052 bytes
[m[0;32;32m1970-01-01 07:04:25.807|I|132501644|lpUCM [RemoteSails.cpp:HandleResponse:149] HandleResponse started, buffer size: 1048
[m[0;32;32m1970-01-01 07:04:25.807|I|132501644|lpUCM [RemoteSails.cpp:HandleResponse:158] Successfully deserialized response, status: 0, result code: 0
[m[0;32;31m1970-01-01 07:04:25.807|E|132501644|lpUCM [IpccProtoMessage.cpp:SerializeParams:112] m_offset, 27648
[m[1;33m1970-01-01 07:04:25.807|W|132501644|lpUCM [RemoteSails.cpp:SendWithRetry:185] Successfully wrote 1052 bytes
[m[0;32;32m1970-01-01 07:04:25.813|I|132501644|lpUCM [RemoteSails.cpp:HandleResponse:149] HandleResponse started, buffer size: 1048
[m[0;32;32m1970-01-01 07:04:25.813|I|132501644|lpUCM [RemoteSails.cpp:HandleResponse:158] Successfully deserialized response, status: 0, result code: 0
[m[0;32;31m1970-01-01 07:04:25.813|E|132501644|lpUCM [IpccProtoMessage.cpp:SerializeParams:112] m_offset, 28672
[m[1;33m1970-01-01 07:04:25.813|W|132501644|lpUCM [RemoteSails.cpp:SendWithRetry:185] Successfully wrote 1052 bytes
[m[0;32;32m1970-01-01 07:04:25.846|I|132501644|lpUCM [RemoteSails.cpp:HandleResponse:149] HandleResponse started, buffer size: 1048
[m[0;32;32m1970-01-01 07:04:25.846|I|132501644|lpUCM [RemoteSails.cpp:HandleResponse:158] Successfully deserialized response, status: 0, result code: 0
[m[0;32;31m1970-01-01 07:04:25.846|E|132501644|lpUCM [IpccProtoMessage.cpp:SerializeParams:112] m_offset, 29696
[m[1;33m1970-01-01 07:04:25.846|W|132501644|lpUCM [RemoteSails.cpp:SendWithRetry:185] Successfully wrote 1052 bytes
[m[0;32;32m1970-01-01 07:04:25.849|I|132501644|lpUCM [RemoteSails.cpp:HandleResponse:149] HandleResponse started, buffer size: 1048
[m[0;32;32m1970-01-01 07:04:25.849|I|132501644|lpUCM [RemoteSails.cpp:HandleResponse:158] Successfully deserialized response, status: 0, result code: 0
[m[0;32;31m1970-01-01 07:04:25.849|E|132501644|lpUCM [IpccProtoMessage.cpp:SerializeParams:112] m_offset, 30720
[m[1;33m1970-01-01 07:04:25.849|W|132501644|lpUCM [RemoteSails.cpp:SendWithRetry:185] Successfully wrote 1052 bytes
[m[0;32;32m1970-01-01 07:04:25.852|I|132501644|lpUCM [RemoteSails.cpp:HandleResponse:149] HandleResponse started, buffer size: 1048
[m[0;32;32m1970-01-01 07:04:25.852|I|132501644|lpUCM [RemoteSails.cpp:HandleResponse:158] Successfully deserialized response, status: 0, result code: 0
[m[0;32;31m1970-01-01 07:04:25.852|E|132501644|lpUCM [IpccProtoMessage.cpp:SerializeParams:112] m_offset, 31744
[m[1;33m1970-01-01 07:04:25.852|W|132501644|lpUCM [RemoteSails.cpp:SendWithRetry:185] Successfully wrote 1052 bytes
[m[0;32;32m1970-01-01 07:04:25.855|I|132501644|lpUCM [RemoteSails.cpp:HandleResponse:149] HandleResponse started, buffer size: 1048
[m[0;32;32m1970-01-01 07:04:25.855|I|132501644|lpUCM [RemoteSails.cpp:HandleResponse:158] Successfully deserialized response, status: 0, result code: 0
[m[0;32;32m1970-01-01 07:04:25.855|I|132501644|lpUCM [RemoteSails.cpp:SailWriteData:272] All data already trans size 16384
[m[0;32;32m1970-01-01 07:04:25.855|I|132501644|lpUCM [fds.cpp:FDS_OnLocalUpgProgress:248] total: 23, curr:22, percent:14, rop:91%
[m[0;32;32m1970-01-01 07:04:25.855|I|132501644|lpUCM [RemoteSails.cpp:SailWriteData:254] total data is 16384
[m[0;32;31m1970-01-01 07:04:25.855|E|132501644|lpUCM [IpccProtoMessage.cpp:SerializeParams:112] m_offset, 32768
[m[1;33m1970-01-01 07:04:25.855|W|132501644|lpUCM [RemoteSails.cpp:SendWithRetry:185] Successfully wrote 1052 bytes
[m[0;32;32m1970-01-01 07:04:25.888|I|132501644|lpUCM [RemoteSails.cpp:HandleResponse:149] HandleResponse started, buffer size: 1048
[m[0;32;32m1970-01-01 07:04:25.888|I|132501644|lpUCM [RemoteSails.cpp:HandleResponse:158] Successfully deserialized response, status: 0, result code: 0
[m[0;32;31m1970-01-01 07:04:25.888|E|132501644|lpUCM [IpccProtoMessage.cpp:SerializeParams:112] m_offset, 33792
[m[1;33m1970-01-01 07:04:25.888|W|132501644|lpUCM [RemoteSails.cpp:SendWithRetry:185] Successfully wrote 1052 bytes
[m[0;32;32m1970-01-01 07:04:25.894|I|132501644|lpUCM [RemoteSails.cpp:HandleResponse:149] HandleResponse started, buffer size: 1048
[m[0;32;32m1970-01-01 07:04:25.894|I|132501644|lpUCM [RemoteSails.cpp:HandleResponse:158] Successfully deserialized response, status: 0, result code: 0
[m[0;32;31m1970-01-01 07:04:25.894|E|132501644|lpUCM [IpccProtoMessage.cpp:SerializeParams:112] m_offset, 34816
[m[1;33m1970-01-01 07:04:25.894|W|132501644|lpUCM [RemoteSails.cpp:SendWithRetry:185] Successfully wrote 1052 bytes
[m[0;32;32m1970-01-01 07:04:25.897|I|132501644|lpUCM [RemoteSails.cpp:HandleResponse:149] HandleResponse started, buffer size: 1048
[m[0;32;32m1970-01-01 07:04:25.897|I|132501644|lpUCM [RemoteSails.cpp:HandleResponse:158] Successfully deserialized response, status: 0, result code: 0
[m[0;32;31m1970-01-01 07:04:25.897|E|132501644|lpUCM [IpccProtoMessage.cpp:SerializeParams:112] m_offset, 35840
[m[1;33m1970-01-01 07:04:25.897|W|132501644|lpUCM [RemoteSails.cpp:SendWithRetry:185] Successfully wrote 1052 bytes
[m[0;32;32m1970-01-01 07:04:25.903|I|132501644|lpUCM [RemoteSails.cpp:HandleResponse:149] HandleResponse started, buffer size: 1048
[m[0;32;32m1970-01-01 07:04:25.903|I|132501644|lpUCM [RemoteSails.cpp:HandleResponse:158] Successfully deserialized response, status: 0, result code: 0
[m[0;32;31m1970-01-01 07:04:25.903|E|132501644|lpUCM [IpccProtoMessage.cpp:SerializeParams:112] m_offset, 36864
[m[1;33m1970-01-01 07:04:25.903|W|132501644|lpUCM [RemoteSails.cpp:SendWithRetry:185] Successfully wrote 1052 bytes
[m[0;32;32m1970-01-01 07:04:25.935|I|132501644|lpUCM [RemoteSails.cpp:HandleResponse:149] HandleResponse started, buffer size: 1048
[m[0;32;32m1970-01-01 07:04:25.935|I|132501644|lpUCM [RemoteSails.cpp:HandleResponse:158] Successfully deserialized response, status: 0, result code: 0
[m[0;32;31m1970-01-01 07:04:25.935|E|132501644|lpUCM [IpccProtoMessage.cpp:SerializeParams:112] m_offset, 37888
[m[1;33m1970-01-01 07:04:25.935|W|132501644|lpUCM [RemoteSails.cpp:SendWithRetry:185] Successfully wrote 1052 bytes
[m[0;32;32m1970-01-01 07:04:25.938|I|132501644|lpUCM [RemoteSails.cpp:HandleResponse:149] HandleResponse started, buffer size: 1048
[m[0;32;32m1970-01-01 07:04:25.938|I|132501644|lpUCM [RemoteSails.cpp:HandleResponse:158] Successfully deserialized response, status: 0, result code: 0
[m[0;32;31m1970-01-01 07:04:25.938|E|132501644|lpUCM [IpccProtoMessage.cpp:SerializeParams:112] m_offset, 38912
[m[1;33m1970-01-01 07:04:25.938|W|132501644|lpUCM [RemoteSails.cpp:SendWithRetry:185] Successfully wrote 1052 bytes
[m[0;32;32m1970-01-01 07:04:25.945|I|132501644|lpUCM [RemoteSails.cpp:HandleResponse:149] HandleResponse started, buffer size: 1048
[m[0;32;32m1970-01-01 07:04:25.945|I|132501644|lpUCM [RemoteSails.cpp:HandleResponse:158] Successfully deserialized response, status: 0, result code: 0
[m[0;32;31m1970-01-01 07:04:25.945|E|132501644|lpUCM [IpccProtoMessage.cpp:SerializeParams:112] m_offset, 39936
[m[1;33m1970-01-01 07:04:25.945|W|132501644|lpUCM [RemoteSails.cpp:SendWithRetry:185] Successfully wrote 1052 bytes
[m[0;32;32m1970-01-01 07:04:25.948|I|132501644|lpUCM [RemoteSails.cpp:HandleResponse:149] HandleResponse started, buffer size: 1048
[m[0;32;32m1970-01-01 07:04:25.948|I|132501644|lpUCM [RemoteSails.cpp:HandleResponse:158] Successfully deserialized response, status: 0, result code: 0
[m[0;32;31m1970-01-01 07:04:25.948|E|132501644|lpUCM [IpccProtoMessage.cpp:SerializeParams:112] m_offset, 40960
[m[1;33m1970-01-01 07:04:25.948|W|132501644|lpUCM [RemoteSails.cpp:SendWithRetry:185] Successfully wrote 1052 bytes
[m[0;32;32m1970-01-01 07:04:25.981|I|132501644|lpUCM [RemoteSails.cpp:HandleResponse:149] HandleResponse started, buffer size: 1048
[m[0;32;32m1970-01-01 07:04:25.981|I|132501644|lpUCM [RemoteSails.cpp:HandleResponse:158] Successfully deserialized response, status: 0, result code: 0
[m[0;32;31m1970-01-01 07:04:25.981|E|132501644|lpUCM [IpccProtoMessage.cpp:SerializeParams:112] m_offset, 41984
[m[1;33m1970-01-01 07:04:25.981|W|132501644|lpUCM [RemoteSails.cpp:SendWithRetry:185] Successfully wrote 1052 bytes
[m[0;32;32m1970-01-01 07:04:25.984|I|132501644|lpUCM [RemoteSails.cpp:HandleResponse:149] HandleResponse started, buffer size: 1048
[m[0;32;32m1970-01-01 07:04:25.984|I|132501644|lpUCM [RemoteSails.cpp:HandleResponse:158] Successfully deserialized response, status: 0, result code: 0
[m[0;32;31m1970-01-01 07:04:25.984|E|132501644|lpUCM [IpccProtoMessage.cpp:SerializeParams:112] m_offset, 43008
[m[1;33m1970-01-01 07:04:25.984|W|132501644|lpUCM [RemoteSails.cpp:SendWithRetry:185] Successfully wrote 1052 bytes
[m[0;32;32m1970-01-01 07:04:25.987|I|132501644|lpUCM [RemoteSails.cpp:HandleResponse:149] HandleResponse started, buffer size: 1048
[m[0;32;32m1970-01-01 07:04:25.987|I|132501644|lpUCM [RemoteSails.cpp:HandleResponse:158] Successfully deserialized response, status: 0, result code: 0
[m[0;32;31m1970-01-01 07:04:25.987|E|132501644|lpUCM [IpccProtoMessage.cpp:SerializeParams:112] m_offset, 44032
[m[1;33m1970-01-01 07:04:25.987|W|132501644|lpUCM [RemoteSails.cpp:SendWithRetry:185] Successfully wrote 1052 bytes
[m[0;32;32m1970-01-01 07:04:25.993|I|132501644|lpUCM [RemoteSails.cpp:HandleResponse:149] HandleResponse started, buffer size: 1048
[m[0;32;32m1970-01-01 07:04:25.993|I|132501644|lpUCM [RemoteSails.cpp:HandleResponse:158] Successfully deserialized response, status: 0, result code: 0
[m[0;32;31m1970-01-01 07:04:25.993|E|132501644|lpUCM [IpccProtoMessage.cpp:SerializeParams:112] m_offset, 45056
[m[1;33m1970-01-01 07:04:25.993|W|132501644|lpUCM [RemoteSails.cpp:SendWithRetry:185] Successfully wrote 1052 bytes
[m[0;32;32m1970-01-01 07:04:26.26|I|132501644|lpUCM [RemoteSails.cpp:HandleResponse:149] HandleResponse started, buffer size: 1048
[m[0;32;32m1970-01-01 07:04:26.26|I|132501644|lpUCM [RemoteSails.cpp:HandleResponse:158] Successfully deserialized response, status: 0, result code: 0
[m[0;32;31m1970-01-01 07:04:26.26|E|132501644|lpUCM [IpccProtoMessage.cpp:SerializeParams:112] m_offset, 46080
[m[1;33m1970-01-01 07:04:26.26|W|132501644|lpUCM [RemoteSails.cpp:SendWithRetry:185] Successfully wrote 1052 bytes
[m[0;32;32m1970-01-01 07:04:26.29|I|132501644|lpUCM [RemoteSails.cpp:HandleResponse:149] HandleResponse started, buffer size: 1048
[m[0;32;32m1970-01-01 07:04:26.29|I|132501644|lpUCM [RemoteSails.cpp:HandleResponse:158] Successfully deserialized response, status: 0, result code: 0
[m[0;32;31m1970-01-01 07:04:26.29|E|132501644|lpUCM [IpccProtoMessage.cpp:SerializeParams:112] m_offset, 47104
[m[1;33m1970-01-01 07:04:26.29|W|132501644|lpUCM [RemoteSails.cpp:SendWithRetry:185] Successfully wrote 1052 bytes
[m[0;32;32m1970-01-01 07:04:26.32|I|132501644|lpUCM [RemoteSails.cpp:HandleResponse:149] HandleResponse started, buffer size: 1048
[m[0;32;32m1970-01-01 07:04:26.32|I|132501644|lpUCM [RemoteSails.cpp:HandleResponse:158] Successfully deserialized response, status: 0, result code: 0
[m[0;32;31m1970-01-01 07:04:26.32|E|132501644|lpUCM [IpccProtoMessage.cpp:SerializeParams:112] m_offset, 48128
[m[1;33m1970-01-01 07:04:26.32|W|132501644|lpUCM [RemoteSails.cpp:SendWithRetry:185] Successfully wrote 1052 bytes
[m[0;32;32m1970-01-01 07:04:26.35|I|132501644|lpUCM [RemoteSails.cpp:HandleResponse:149] HandleResponse started, buffer size: 1048
[m[0;32;32m1970-01-01 07:04:26.35|I|132501644|lpUCM [RemoteSails.cpp:HandleResponse:158] Successfully deserialized response, status: 0, result code: 0
[m[0;32;32m1970-01-01 07:04:26.35|I|132501644|lpUCM [RemoteSails.cpp:SailWriteData:272] All data already trans size 16384
[m[0;32;32m1970-01-01 07:04:26.35|I|132501644|lpUCM [fds.cpp:FDS_OnLocalUpgProgress:248] total: 23, curr:22, percent:15, rop:91%
[m[0;32;32m1970-01-01 07:04:26.35|I|132501644|lpUCM [RemoteSails.cpp:SailWriteData:254] total data is 16384
[m[0;32;31m1970-01-01 07:04:26.35|E|132501644|lpUCM [IpccProtoMessage.cpp:SerializeParams:112] m_offset, 49152
[m[1;33m1970-01-01 07:04:26.35|W|132501644|lpUCM [RemoteSails.cpp:SendWithRetry:185] Successfully wrote 1052 bytes
[m[0;32;32m1970-01-01 07:04:26.68|I|132501644|lpUCM [RemoteSails.cpp:HandleResponse:149] HandleResponse started, buffer size: 1048
[m[0;32;32m1970-01-01 07:04:26.68|I|132501644|lpUCM [RemoteSails.cpp:HandleResponse:158] Successfully deserialized response, status: 0, result code: 0
[m[0;32;31m1970-01-01 07:04:26.68|E|132501644|lpUCM [IpccProtoMessage.cpp:SerializeParams:112] m_offset, 50176
[m[1;33m1970-01-01 07:04:26.68|W|132501644|lpUCM [RemoteSails.cpp:SendWithRetry:185] Successfully wrote 1052 bytes
[m[0;32;32m1970-01-01 07:04:26.72|I|132501644|lpUCM [RemoteSails.cpp:HandleResponse:149] HandleResponse started, buffer size: 1048
[m[0;32;32m1970-01-01 07:04:26.72|I|132501644|lpUCM [RemoteSails.cpp:HandleResponse:158] Successfully deserialized response, status: 0, result code: 0
[m[0;32;31m1970-01-01 07:04:26.72|E|132501644|lpUCM [IpccProtoMessage.cpp:SerializeParams:112] m_offset, 51200
[m[1;33m1970-01-01 07:04:26.72|W|132501644|lpUCM [RemoteSails.cpp:SendWithRetry:185] Successfully wrote 1052 bytes
[m[0;32;32m1970-01-01 07:04:26.76|I|132501644|lpUCM [RemoteSails.cpp:HandleResponse:149] HandleResponse started, buffer size: 1048
[m[0;32;32m1970-01-01 07:04:26.76|I|132501644|lpUCM [RemoteSails.cpp:HandleResponse:158] Successfully deserialized response, status: 0, result code: 0
[m[0;32;31m1970-01-01 07:04:26.76|E|132501644|lpUCM [IpccProtoMessage.cpp:SerializeParams:112] m_offset, 52224
[m[1;33m1970-01-01 07:04:26.76|W|132501644|lpUCM [RemoteSails.cpp:SendWithRetry:185] Successfully wrote 1052 bytes
[m[0;32;32m1970-01-01 07:04:26.80|I|132501644|lpUCM [RemoteSails.cpp:HandleResponse:149] HandleResponse started, buffer size: 1048
[m[0;32;32m1970-01-01 07:04:26.80|I|132501644|lpUCM [RemoteSails.cpp:HandleResponse:158] Successfully deserialized response, status: 0, result code: 0
[m[0;32;31m1970-01-01 07:04:26.80|E|132501644|lpUCM [IpccProtoMessage.cpp:SerializeParams:112] m_offset, 53248
[m[1;33m1970-01-01 07:04:26.80|W|132501644|lpUCM [RemoteSails.cpp:SendWithRetry:185] Successfully wrote 1052 bytes
[m[0;32;32m1970-01-01 07:04:26.113|I|132501644|lpUCM [RemoteSails.cpp:HandleResponse:149] HandleResponse started, buffer size: 1048
[m[0;32;32m1970-01-01 07:04:26.113|I|132501644|lpUCM [RemoteSails.cpp:HandleResponse:158] Successfully deserialized response, status: 0, result code: 0
[m[0;32;31m1970-01-01 07:04:26.113|E|132501644|lpUCM [IpccProtoMessage.cpp:SerializeParams:112] m_offset, 54272
[m[1;33m1970-01-01 07:04:26.113|W|132501644|lpUCM [RemoteSails.cpp:SendWithRetry:185] Successfully wrote 1052 bytes
[m[0;32;32m1970-01-01 07:04:26.117|I|132501644|lpUCM [RemoteSails.cpp:HandleResponse:149] HandleResponse started, buffer size: 1048
[m[0;32;32m1970-01-01 07:04:26.117|I|132501644|lpUCM [RemoteSails.cpp:HandleResponse:158] Successfully deserialized response, status: 0, result code: 0
[m[0;32;31m1970-01-01 07:04:26.117|E|132501644|lpUCM [IpccProtoMessage.cpp:SerializeParams:112] m_offset, 55296
[m[1;33m1970-01-01 07:04:26.117|W|132501644|lpUCM [RemoteSails.cpp:SendWithRetry:185] Successfully wrote 1052 bytes
[m[0;32;32m1970-01-01 07:04:26.121|I|132501644|lpUCM [RemoteSails.cpp:HandleResponse:149] HandleResponse started, buffer size: 1048
[m[0;32;32m1970-01-01 07:04:26.121|I|132501644|lpUCM [RemoteSails.cpp:HandleResponse:158] Successfully deserialized response, status: 0, result code: 0
[m[0;32;31m1970-01-01 07:04:26.121|E|132501644|lpUCM [IpccProtoMessage.cpp:SerializeParams:112] m_offset, 56320
[m[1;33m1970-01-01 07:04:26.121|W|132501644|lpUCM [RemoteSails.cpp:SendWithRetry:185] Successfully wrote 1052 bytes
[m[0;32;32m1970-01-01 07:04:26.125|I|132501644|lpUCM [RemoteSails.cpp:HandleResponse:149] HandleResponse started, buffer size: 1048
[m[0;32;32m1970-01-01 07:04:26.125|I|132501644|lpUCM [RemoteSails.cpp:HandleResponse:158] Successfully deserialized response, status: 0, result code: 0
[m[0;32;31m1970-01-01 07:04:26.125|E|132501644|lpUCM [IpccProtoMessage.cpp:SerializeParams:112] m_offset, 57344
[m[1;33m1970-01-01 07:04:26.125|W|132501644|lpUCM [RemoteSails.cpp:SendWithRetry:185] Successfully wrote 1052 bytes
[m[0;32;32m1970-01-01 07:04:26.156|I|132501644|lpUCM [RemoteSails.cpp:HandleResponse:149] HandleResponse started, buffer size: 1048
[m[0;32;32m1970-01-01 07:04:26.156|I|132501644|lpUCM [RemoteSails.cpp:HandleResponse:158] Successfully deserialized response, status: 0, result code: 0
[m[0;32;31m1970-01-01 07:04:26.156|E|132501644|lpUCM [IpccProtoMessage.cpp:SerializeParams:112] m_offset, 58368
[m[1;33m1970-01-01 07:04:26.156|W|132501644|lpUCM [RemoteSails.cpp:SendWithRetry:185] Successfully wrote 1052 bytes
[m[0;32;32m1970-01-01 07:04:26.159|I|132501644|lpUCM [RemoteSails.cpp:HandleResponse:149] HandleResponse started, buffer size: 1048
[m[0;32;32m1970-01-01 07:04:26.159|I|132501644|lpUCM [RemoteSails.cpp:HandleResponse:158] Successfully deserialized response, status: 0, result code: 0
[m[0;32;31m1970-01-01 07:04:26.159|E|132501644|lpUCM [IpccProtoMessage.cpp:SerializeParams:112] m_offset, 59392
[m[1;33m1970-01-01 07:04:26.159|W|132501644|lpUCM [RemoteSails.cpp:SendWithRetry:185] Successfully wrote 1052 bytes
[m[0;32;32m1970-01-01 07:04:26.163|I|132501644|lpUCM [RemoteSails.cpp:HandleResponse:149] HandleResponse started, buffer size: 1048
[m[0;32;32m1970-01-01 07:04:26.163|I|132501644|lpUCM [RemoteSails.cpp:HandleResponse:158] Successfully deserialized response, status: 0, result code: 0
[m[0;32;31m1970-01-01 07:04:26.163|E|132501644|lpUCM [IpccProtoMessage.cpp:SerializeParams:112] m_offset, 60416
[m[1;33m1970-01-01 07:04:26.163|W|132501644|lpUCM [RemoteSails.cpp:SendWithRetry:185] Successfully wrote 1052 bytes
[m[0;32;32m1970-01-01 07:04:26.167|I|132501644|lpUCM [RemoteSails.cpp:HandleResponse:149] HandleResponse started, buffer size: 1048
[m[0;32;32m1970-01-01 07:04:26.167|I|132501644|lpUCM [RemoteSails.cpp:HandleResponse:158] Successfully deserialized response, status: 0, result code: 0
[m[0;32;31m1970-01-01 07:04:26.167|E|132501644|lpUCM [IpccProtoMessage.cpp:SerializeParams:112] m_offset, 61440
[m[1;33m1970-01-01 07:04:26.167|W|132501644|lpUCM [RemoteSails.cpp:SendWithRetry:185] Successfully wrote 1052 bytes
[m[0;32;32m1970-01-01 07:04:26.197|I|132501644|lpUCM [RemoteSails.cpp:HandleResponse:149] HandleResponse started, buffer size: 1048
[m[0;32;32m1970-01-01 07:04:26.197|I|132501644|lpUCM [RemoteSails.cpp:HandleResponse:158] Successfully deserialized response, status: 0, result code: 0
[m[0;32;31m1970-01-01 07:04:26.197|E|132501644|lpUCM [IpccProtoMessage.cpp:SerializeParams:112] m_offset, 62464
[m[1;33m1970-01-01 07:04:26.197|W|132501644|lpUCM [RemoteSails.cpp:SendWithRetry:185] Successfully wrote 1052 bytes
[m[0;32;32m1970-01-01 07:04:26.200|I|132501644|lpUCM [RemoteSails.cpp:HandleResponse:149] HandleResponse started, buffer size: 1048
[m[0;32;32m1970-01-01 07:04:26.200|I|132501644|lpUCM [RemoteSails.cpp:HandleResponse:158] Successfully deserialized response, status: 0, result code: 0
[m[0;32;31m1970-01-01 07:04:26.200|E|132501644|lpUCM [IpccProtoMessage.cpp:SerializeParams:112] m_offset, 63488
[m[1;33m1970-01-01 07:04:26.200|W|132501644|lpUCM [RemoteSails.cpp:SendWithRetry:185] Successfully wrote 1052 bytes
[m[0;32;32m1970-01-01 07:04:26.203|I|132501644|lpUCM [RemoteSails.cpp:HandleResponse:149] HandleResponse started, buffer size: 1048
[m[0;32;32m1970-01-01 07:04:26.203|I|132501644|lpUCM [RemoteSails.cpp:HandleResponse:158] Successfully deserialized response, status: 0, result code: 0
[m[0;32;31m1970-01-01 07:04:26.203|E|132501644|lpUCM [IpccProtoMessage.cpp:SerializeParams:112] m_offset, 64512
[m[1;33m1970-01-01 07:04:26.203|W|132501644|lpUCM [RemoteSails.cpp:SendWithRetry:185] Successfully wrote 1052 bytes
[m[0;32;32m1970-01-01 07:04:26.206|I|132501644|lpUCM [RemoteSails.cpp:HandleResponse:149] HandleResponse started, buffer size: 1048
[m[0;32;32m1970-01-01 07:04:26.206|I|132501644|lpUCM [RemoteSails.cpp:HandleResponse:158] Successfully deserialized response, status: 0, result code: 0
[m[0;32;32m1970-01-01 07:04:26.206|I|132501644|lpUCM [RemoteSails.cpp:SailWriteData:272] All data already trans size 16384
[m[0;32;32m1970-01-01 07:04:26.206|I|132501644|lpUCM [fds.cpp:FDS_OnLocalUpgProgress:248] total: 23, curr:22, percent:16, rop:92%
[m[0;32;32m1970-01-01 07:04:26.206|I|132501644|lpUCM [RemoteSails.cpp:SailWriteData:254] total data is 16384
[m[0;32;31m1970-01-01 07:04:26.206|E|132501644|lpUCM [IpccProtoMessage.cpp:SerializeParams:112] m_offset, 65536
[m[1;33m1970-01-01 07:04:26.206|W|132501644|lpUCM [RemoteSails.cpp:SendWithRetry:185] Successfully wrote 1052 bytes
[m[0;32;32m1970-01-01 07:04:26.237|I|132501644|lpUCM [RemoteSails.cpp:HandleResponse:149] HandleResponse started, buffer size: 1048
[m[0;32;32m1970-01-01 07:04:26.237|I|132501644|lpUCM [RemoteSails.cpp:HandleResponse:158] Successfully deserialized response, status: 0, result code: 0
[m[0;32;31m1970-01-01 07:04:26.237|E|132501644|lpUCM [IpccProtoMessage.cpp:SerializeParams:112] m_offset, 66560
[m[1;33m1970-01-01 07:04:26.237|W|132501644|lpUCM [RemoteSails.cpp:SendWithRetry:185] Successfully wrote 1052 bytes
[m[0;32;32m1970-01-01 07:04:26.244|I|132501644|lpUCM [RemoteSails.cpp:HandleResponse:149] HandleResponse started, buffer size: 1048
[m[0;32;32m1970-01-01 07:04:26.244|I|132501644|lpUCM [RemoteSails.cpp:HandleResponse:158] Successfully deserialized response, status: 0, result code: 0
[m[0;32;31m1970-01-01 07:04:26.244|E|132501644|lpUCM [IpccProtoMessage.cpp:SerializeParams:112] m_offset, 67584
[m[1;33m1970-01-01 07:04:26.244|W|132501644|lpUCM [RemoteSails.cpp:SendWithRetry:185] Successfully wrote 1052 bytes
[m[0;32;32m1970-01-01 07:04:26.247|I|132501644|lpUCM [RemoteSails.cpp:HandleResponse:149] HandleResponse started, buffer size: 1048
[m[0;32;32m1970-01-01 07:04:26.247|I|132501644|lpUCM [RemoteSails.cpp:HandleResponse:158] Successfully deserialized response, status: 0, result code: 0
[m[0;32;31m1970-01-01 07:04:26.247|E|132501644|lpUCM [IpccProtoMessage.cpp:SerializeParams:112] m_offset, 68608
[m[1;33m1970-01-01 07:04:26.247|W|132501644|lpUCM [RemoteSails.cpp:SendWithRetry:185] Successfully wrote 1052 bytes
[m[0;32;32m1970-01-01 07:04:26.251|I|132501644|lpUCM [RemoteSails.cpp:HandleResponse:149] HandleResponse started, buffer size: 1048
[m[0;32;32m1970-01-01 07:04:26.251|I|132501644|lpUCM [RemoteSails.cpp:HandleResponse:158] Successfully deserialized response, status: 0, result code: 0
[m[0;32;31m1970-01-01 07:04:26.251|E|132501644|lpUCM [IpccProtoMessage.cpp:SerializeParams:112] m_offset, 69632
[m[1;33m1970-01-01 07:04:26.251|W|132501644|lpUCM [RemoteSails.cpp:SendWithRetry:185] Successfully wrote 1052 bytes
[m[0;32;32m1970-01-01 07:04:26.284|I|132501644|lpUCM [RemoteSails.cpp:HandleResponse:149] HandleResponse started, buffer size: 1048
[m[0;32;32m1970-01-01 07:04:26.284|I|132501644|lpUCM [RemoteSails.cpp:HandleResponse:158] Successfully deserialized response, status: 0, result code: 0
[m[0;32;31m1970-01-01 07:04:26.284|E|132501644|lpUCM [IpccProtoMessage.cpp:SerializeParams:112] m_offset, 70656
[m[1;33m1970-01-01 07:04:26.284|W|132501644|lpUCM [RemoteSails.cpp:SendWithRetry:185] Successfully wrote 1052 bytes
[m[0;32;32m1970-01-01 07:04:26.287|I|132501644|lpUCM [RemoteSails.cpp:HandleResponse:149] HandleResponse started, buffer size: 1048
[m[0;32;32m1970-01-01 07:04:26.287|I|132501644|lpUCM [RemoteSails.cpp:HandleResponse:158] Successfully deserialized response, status: 0, result code: 0
[m[0;32;31m1970-01-01 07:04:26.287|E|132501644|lpUCM [IpccProtoMessage.cpp:SerializeParams:112] m_offset, 71680
[m[1;33m1970-01-01 07:04:26.287|W|132501644|lpUCM [RemoteSails.cpp:SendWithRetry:185] Successfully wrote 1052 bytes
[m[0;32;32m1970-01-01 07:04:26.293|I|132501644|lpUCM [RemoteSails.cpp:HandleResponse:149] HandleResponse started, buffer size: 1048
[m[0;32;32m1970-01-01 07:04:26.293|I|132501644|lpUCM [RemoteSails.cpp:HandleResponse:158] Successfully deserialized response, status: 0, result code: 0
[m[0;32;31m1970-01-01 07:04:26.293|E|132501644|lpUCM [IpccProtoMessage.cpp:SerializeParams:112] m_offset, 72704
[m[1;33m1970-01-01 07:04:26.293|W|132501644|lpUCM [RemoteSails.cpp:SendWithRetry:185] Successfully wrote 1052 bytes
[m[0;32;32m1970-01-01 07:04:26.296|I|132501644|lpUCM [RemoteSails.cpp:HandleResponse:149] HandleResponse started, buffer size: 1048
[m[0;32;32m1970-01-01 07:04:26.296|I|132501644|lpUCM [RemoteSails.cpp:HandleResponse:158] Successfully deserialized response, status: 0, result code: 0
[m[0;32;31m1970-01-01 07:04:26.296|E|132501644|lpUCM [IpccProtoMessage.cpp:SerializeParams:112] m_offset, 73728
[m[1;33m1970-01-01 07:04:26.296|W|132501644|lpUCM [RemoteSails.cpp:SendWithRetry:185] Successfully wrote 1052 bytes
[m[0;32;32m1970-01-01 07:04:26.329|I|132501644|lpUCM [RemoteSails.cpp:HandleResponse:149] HandleResponse started, buffer size: 1048
[m[0;32;32m1970-01-01 07:04:26.329|I|132501644|lpUCM [RemoteSails.cpp:HandleResponse:158] Successfully deserialized response, status: 0, result code: 0
[m[0;32;31m1970-01-01 07:04:26.329|E|132501644|lpUCM [IpccProtoMessage.cpp:SerializeParams:112] m_offset, 74752
[m[1;33m1970-01-01 07:04:26.329|W|132501644|lpUCM [RemoteSails.cpp:SendWithRetry:185] Successfully wrote 1052 bytes
[m[0;32;32m1970-01-01 07:04:26.333|I|132501644|lpUCM [RemoteSails.cpp:HandleResponse:149] HandleResponse started, buffer size: 1048
[m[0;32;32m1970-01-01 07:04:26.333|I|132501644|lpUCM [RemoteSails.cpp:HandleResponse:158] Successfully deserialized response, status: 0, result code: 0
[m[0;32;31m1970-01-01 07:04:26.333|E|132501644|lpUCM [IpccProtoMessage.cpp:SerializeParams:112] m_offset, 75776
[m[1;33m1970-01-01 07:04:26.333|W|132501644|lpUCM [RemoteSails.cpp:SendWithRetry:185] Successfully wrote 1052 bytes
[m[0;32;32m1970-01-01 07:04:26.337|I|132501644|lpUCM [RemoteSails.cpp:HandleResponse:149] HandleResponse started, buffer size: 1048
[m[0;32;32m1970-01-01 07:04:26.337|I|132501644|lpUCM [RemoteSails.cpp:HandleResponse:158] Successfully deserialized response, status: 0, result code: 0
[m[0;32;31m1970-01-01 07:04:26.337|E|132501644|lpUCM [IpccProtoMessage.cpp:SerializeParams:112] m_offset, 76800
[m[1;33m1970-01-01 07:04:26.337|W|132501644|lpUCM [RemoteSails.cpp:SendWithRetry:185] Successfully wrote 1052 bytes
[m[0;32;32m1970-01-01 07:04:26.341|I|132501644|lpUCM [RemoteSails.cpp:HandleResponse:149] HandleResponse started, buffer size: 1048
[m[0;32;32m1970-01-01 07:04:26.341|I|132501644|lpUCM [RemoteSails.cpp:HandleResponse:158] Successfully deserialized response, status: 0, result code: 0
[m[0;32;31m1970-01-01 07:04:26.341|E|132501644|lpUCM [IpccProtoMessage.cpp:SerializeParams:112] m_offset, 77824
[m[1;33m1970-01-01 07:04:26.341|W|132501644|lpUCM [RemoteSails.cpp:SendWithRetry:185] Successfully wrote 1052 bytes
[m[0;32;32m1970-01-01 07:04:26.374|I|132501644|lpUCM [RemoteSails.cpp:HandleResponse:149] HandleResponse started, buffer size: 1048
[m[0;32;32m1970-01-01 07:04:26.374|I|132501644|lpUCM [RemoteSails.cpp:HandleResponse:158] Successfully deserialized response, status: 0, result code: 0
[m[0;32;31m1970-01-01 07:04:26.374|E|132501644|lpUCM [IpccProtoMessage.cpp:SerializeParams:112] m_offset, 78848
[m[1;33m1970-01-01 07:04:26.374|W|132501644|lpUCM [RemoteSails.cpp:SendWithRetry:185] Successfully wrote 1052 bytes
[m[0;32;32m1970-01-01 07:04:26.377|I|132501644|lpUCM [RemoteSails.cpp:HandleResponse:149] HandleResponse started, buffer size: 1048
[m[0;32;32m1970-01-01 07:04:26.377|I|132501644|lpUCM [RemoteSails.cpp:HandleResponse:158] Successfully deserialized response, status: 0, result code: 0
[m[0;32;31m1970-01-01 07:04:26.377|E|132501644|lpUCM [IpccProtoMessage.cpp:SerializeParams:112] m_offset, 79872
[m[1;33m1970-01-01 07:04:26.377|W|132501644|lpUCM [RemoteSails.cpp:SendWithRetry:185] Successfully wrote 1052 bytes
[m[0;32;32m1970-01-01 07:04:26.383|I|132501644|lpUCM [RemoteSails.cpp:HandleResponse:149] HandleResponse started, buffer size: 1048
[m[0;32;32m1970-01-01 07:04:26.383|I|132501644|lpUCM [RemoteSails.cpp:HandleResponse:158] Successfully deserialized response, status: 0, result code: 0
[m[0;32;31m1970-01-01 07:04:26.383|E|132501644|lpUCM [IpccProtoMessage.cpp:SerializeParams:112] m_offset, 80896
[m[1;33m1970-01-01 07:04:26.383|W|132501644|lpUCM [RemoteSails.cpp:SendWithRetry:185] Successfully wrote 1052 bytes
[m[0;32;32m1970-01-01 07:04:26.386|I|132501644|lpUCM [RemoteSails.cpp:HandleResponse:149] HandleResponse started, buffer size: 1048
[m[0;32;32m1970-01-01 07:04:26.386|I|132501644|lpUCM [RemoteSails.cpp:HandleResponse:158] Successfully deserialized response, status: 0, result code: 0
[m[0;32;32m1970-01-01 07:04:26.386|I|132501644|lpUCM [RemoteSails.cpp:SailWriteData:272] All data already trans size 16384
[m[0;32;32m1970-01-01 07:04:26.386|I|132501644|lpUCM [fds.cpp:FDS_OnLocalUpgProgress:248] total: 23, curr:22, percent:17, rop:92%
[m[0;32;32m1970-01-01 07:04:26.386|I|132501644|lpUCM [RemoteSails.cpp:SailWriteData:254] total data is 16384
[m[0;32;31m1970-01-01 07:04:26.386|E|132501644|lpUCM [IpccProtoMessage.cpp:SerializeParams:112] m_offset, 81920
[m[1;33m1970-01-01 07:04:26.386|W|132501644|lpUCM [RemoteSails.cpp:SendWithRetry:185] Successfully wrote 1052 bytes
[m[0;32;32m1970-01-01 07:04:26.419|I|132501644|lpUCM [RemoteSails.cpp:HandleResponse:149] HandleResponse started, buffer size: 1048
[m[0;32;32m1970-01-01 07:04:26.419|I|132501644|lpUCM [RemoteSails.cpp:HandleResponse:158] Successfully deserialized response, status: 0, result code: 0
[m[0;32;31m1970-01-01 07:04:26.419|E|132501644|lpUCM [IpccProtoMessage.cpp:SerializeParams:112] m_offset, 82944
[m[1;33m1970-01-01 07:04:26.419|W|132501644|lpUCM [RemoteSails.cpp:SendWithRetry:185] Successfully wrote 1052 bytes
[m[0;32;32m1970-01-01 07:04:26.422|I|132501644|lpUCM [RemoteSails.cpp:HandleResponse:149] HandleResponse started, buffer size: 1048
[m[0;32;32m1970-01-01 07:04:26.422|I|132501644|lpUCM [RemoteSails.cpp:HandleResponse:158] Successfully deserialized response, status: 0, result code: 0
[m[0;32;31m1970-01-01 07:04:26.422|E|132501644|lpUCM [IpccProtoMessage.cpp:SerializeParams:112] m_offset, 83968
[m[1;33m1970-01-01 07:04:26.422|W|132501644|lpUCM [RemoteSails.cpp:SendWithRetry:185] Successfully wrote 1052 bytes
[m[0;32;32m1970-01-01 07:04:26.425|I|132501644|lpUCM [RemoteSails.cpp:HandleResponse:149] HandleResponse started, buffer size: 1048
[m[0;32;32m1970-01-01 07:04:26.425|I|132501644|lpUCM [RemoteSails.cpp:HandleResponse:158] Successfully deserialized response, status: 0, result code: 0
[m[0;32;31m1970-01-01 07:04:26.425|E|132501644|lpUCM [IpccProtoMessage.cpp:SerializeParams:112] m_offset, 84992
[m[1;33m1970-01-01 07:04:26.425|W|132501644|lpUCM [RemoteSails.cpp:SendWithRetry:185] Successfully wrote 1052 bytes
[m[0;32;32m1970-01-01 07:04:26.428|I|132501644|lpUCM [RemoteSails.cpp:HandleResponse:149] HandleResponse started, buffer size: 1048
[m[0;32;32m1970-01-01 07:04:26.428|I|132501644|lpUCM [RemoteSails.cpp:HandleResponse:158] Successfully deserialized response, status: 0, result code: 0
[m[0;32;31m1970-01-01 07:04:26.428|E|132501644|lpUCM [IpccProtoMessage.cpp:SerializeParams:112] m_offset, 86016
[m[1;33m1970-01-01 07:04:26.428|W|132501644|lpUCM [RemoteSails.cpp:SendWithRetry:185] Successfully wrote 1052 bytes
[m[0;32;32m1970-01-01 07:04:26.461|I|132501644|lpUCM [RemoteSails.cpp:HandleResponse:149] HandleResponse started, buffer size: 1048
[m[0;32;32m1970-01-01 07:04:26.461|I|132501644|lpUCM [RemoteSails.cpp:HandleResponse:158] Successfully deserialized response, status: 0, result code: 0
[m[0;32;31m1970-01-01 07:04:26.461|E|132501644|lpUCM [IpccProtoMessage.cpp:SerializeParams:112] m_offset, 87040
[m[1;33m1970-01-01 07:04:26.461|W|132501644|lpUCM [RemoteSails.cpp:SendWithRetry:185] Successfully wrote 1052 bytes
[m[0;32;32m1970-01-01 07:04:26.464|I|132501644|lpUCM [RemoteSails.cpp:HandleResponse:149] HandleResponse started, buffer size: 1048
[m[0;32;32m1970-01-01 07:04:26.464|I|132501644|lpUCM [RemoteSails.cpp:HandleResponse:158] Successfully deserialized response, status: 0, result code: 0
[m[0;32;31m1970-01-01 07:04:26.464|E|132501644|lpUCM [IpccProtoMessage.cpp:SerializeParams:112] m_offset, 88064
[m[1;33m1970-01-01 07:04:26.464|W|132501644|lpUCM [RemoteSails.cpp:SendWithRetry:185] Successfully wrote 1052 bytes
[m[0;32;32m1970-01-01 07:04:26.467|I|132501644|lpUCM [RemoteSails.cpp:HandleResponse:149] HandleResponse started, buffer size: 1048
[m[0;32;32m1970-01-01 07:04:26.467|I|132501644|lpUCM [RemoteSails.cpp:HandleResponse:158] Successfully deserialized response, status: 0, result code: 0
[m[0;32;31m1970-01-01 07:04:26.467|E|132501644|lpUCM [IpccProtoMessage.cpp:SerializeParams:112] m_offset, 89088
[m[1;33m1970-01-01 07:04:26.467|W|132501644|lpUCM [RemoteSails.cpp:SendWithRetry:185] Successfully wrote 1052 bytes
[m[0;32;32m1970-01-01 07:04:26.471|I|132501644|lpUCM [RemoteSails.cpp:HandleResponse:149] HandleResponse started, buffer size: 1048
[m[0;32;32m1970-01-01 07:04:26.471|I|132501644|lpUCM [RemoteSails.cpp:HandleResponse:158] Successfully deserialized response, status: 0, result code: 0
[m[0;32;31m1970-01-01 07:04:26.471|E|132501644|lpUCM [IpccProtoMessage.cpp:SerializeParams:112] m_offset, 90112
[m[1;33m1970-01-01 07:04:26.471|W|132501644|lpUCM [RemoteSails.cpp:SendWithRetry:185] Successfully wrote 1052 bytes
[m[0;32;32m1970-01-01 07:04:26.504|I|132501644|lpUCM [RemoteSails.cpp:HandleResponse:149] HandleResponse started, buffer size: 1048
[m[0;32;32m1970-01-01 07:04:26.504|I|132501644|lpUCM [RemoteSails.cpp:HandleResponse:158] Successfully deserialized response, status: 0, result code: 0
[m[0;32;31m1970-01-01 07:04:26.504|E|132501644|lpUCM [IpccProtoMessage.cpp:SerializeParams:112] m_offset, 91136
[m[1;33m1970-01-01 07:04:26.504|W|132501644|lpUCM [RemoteSails.cpp:SendWithRetry:185] Successfully wrote 1052 bytes
[m[0;32;32m1970-01-01 07:04:26.508|I|132501644|lpUCM [RemoteSails.cpp:HandleResponse:149] HandleResponse started, buffer size: 1048
[m[0;32;32m1970-01-01 07:04:26.508|I|132501644|lpUCM [RemoteSails.cpp:HandleResponse:158] Successfully deserialized response, status: 0, result code: 0
[m[0;32;31m1970-01-01 07:04:26.508|E|132501644|lpUCM [IpccProtoMessage.cpp:SerializeParams:112] m_offset, 92160
[m[1;33m1970-01-01 07:04:26.508|W|132501644|lpUCM [RemoteSails.cpp:SendWithRetry:185] Successfully wrote 1052 bytes
[m[0;32;32m1970-01-01 07:04:26.514|I|132501644|lpUCM [RemoteSails.cpp:HandleResponse:149] HandleResponse started, buffer size: 1048
[m[0;32;32m1970-01-01 07:04:26.514|I|132501644|lpUCM [RemoteSails.cpp:HandleResponse:158] Successfully deserialized response, status: 0, result code: 0
[m[0;32;31m1970-01-01 07:04:26.514|E|132501644|lpUCM [IpccProtoMessage.cpp:SerializeParams:112] m_offset, 93184
[m[1;33m1970-01-01 07:04:26.514|W|132501644|lpUCM [RemoteSails.cpp:SendWithRetry:185] Successfully wrote 1052 bytes
[m[0;32;32m1970-01-01 07:04:26.518|I|132501644|lpUCM [RemoteSails.cpp:HandleResponse:149] HandleResponse started, buffer size: 1048
[m[0;32;32m1970-01-01 07:04:26.518|I|132501644|lpUCM [RemoteSails.cpp:HandleResponse:158] Successfully deserialized response, status: 0, result code: 0
[m[0;32;31m1970-01-01 07:04:26.518|E|132501644|lpUCM [IpccProtoMessage.cpp:SerializeParams:112] m_offset, 94208
[m[1;33m1970-01-01 07:04:26.518|W|132501644|lpUCM [RemoteSails.cpp:SendWithRetry:185] Successfully wrote 1052 bytes
[m[0;32;32m1970-01-01 07:04:26.551|I|132501644|lpUCM [RemoteSails.cpp:HandleResponse:149] HandleResponse started, buffer size: 1048
[m[0;32;32m1970-01-01 07:04:26.551|I|132501644|lpUCM [RemoteSails.cpp:HandleResponse:158] Successfully deserialized response, status: 0, result code: 0
[m[0;32;31m1970-01-01 07:04:26.551|E|132501644|lpUCM [IpccProtoMessage.cpp:SerializeParams:112] m_offset, 95232
[m[1;33m1970-01-01 07:04:26.551|W|132501644|lpUCM [RemoteSails.cpp:SendWithRetry:185] Successfully wrote 1052 bytes
[m[0;32;32m1970-01-01 07:04:26.555|I|132501644|lpUCM [RemoteSails.cpp:HandleResponse:149] HandleResponse started, buffer size: 1048
[m[0;32;32m1970-01-01 07:04:26.555|I|132501644|lpUCM [RemoteSails.cpp:HandleResponse:158] Successfully deserialized response, status: 0, result code: 0
[m[0;32;31m1970-01-01 07:04:26.555|E|132501644|lpUCM [IpccProtoMessage.cpp:SerializeParams:112] m_offset, 96256
[m[1;33m1970-01-01 07:04:26.555|W|132501644|lpUCM [RemoteSails.cpp:SendWithRetry:185] Successfully wrote 1052 bytes
[m[0;32;32m1970-01-01 07:04:26.558|I|132501644|lpUCM [RemoteSails.cpp:HandleResponse:149] HandleResponse started, buffer size: 1048
[m[0;32;32m1970-01-01 07:04:26.558|I|132501644|lpUCM [RemoteSails.cpp:HandleResponse:158] Successfully deserialized response, status: 0, result code: 0
[m[0;32;31m1970-01-01 07:04:26.558|E|132501644|lpUCM [IpccProtoMessage.cpp:SerializeParams:112] m_offset, 97280
[m[1;33m1970-01-01 07:04:26.558|W|132501644|lpUCM [RemoteSails.cpp:SendWithRetry:185] Successfully wrote 1052 bytes
[m[0;32;32m1970-01-01 07:04:26.562|I|132501644|lpUCM [RemoteSails.cpp:HandleResponse:149] HandleResponse started, buffer size: 1048
[m[0;32;32m1970-01-01 07:04:26.562|I|132501644|lpUCM [RemoteSails.cpp:HandleResponse:158] Successfully deserialized response, status: 0, result code: 0
[m[0;32;32m1970-01-01 07:04:26.562|I|132501644|lpUCM [RemoteSails.cpp:SailWriteData:272] All data already trans size 16384
[m[0;32;32m1970-01-01 07:04:26.562|I|132501644|lpUCM [fds.cpp:FDS_OnLocalUpgProgress:248] total: 23, curr:22, percent:18, rop:92%
[m[0;32;32m1970-01-01 07:04:26.562|I|132501644|lpUCM [RemoteSails.cpp:SailWriteData:254] total data is 16384
[m[0;32;31m1970-01-01 07:04:26.562|E|132501644|lpUCM [IpccProtoMessage.cpp:SerializeParams:112] m_offset, 98304
[m[1;33m1970-01-01 07:04:26.562|W|132501644|lpUCM [RemoteSails.cpp:SendWithRetry:185] Successfully wrote 1052 bytes
[m[0;32;32m1970-01-01 07:04:26.595|I|132501644|lpUCM [RemoteSails.cpp:HandleResponse:149] HandleResponse started, buffer size: 1048
[m[0;32;32m1970-01-01 07:04:26.595|I|132501644|lpUCM [RemoteSails.cpp:HandleResponse:158] Successfully deserialized response, status: 0, result code: 0
[m[0;32;31m1970-01-01 07:04:26.595|E|132501644|lpUCM [IpccProtoMessage.cpp:SerializeParams:112] m_offset, 99328
[m[1;33m1970-01-01 07:04:26.595|W|132501644|lpUCM [RemoteSails.cpp:SendWithRetry:185] Successfully wrote 1052 bytes
[m[0;32;32m1970-01-01 07:04:26.598|I|132501644|lpUCM [RemoteSails.cpp:HandleResponse:149] HandleResponse started, buffer size: 1048
[m[0;32;32m1970-01-01 07:04:26.598|I|132501644|lpUCM [RemoteSails.cpp:HandleResponse:158] Successfully deserialized response, status: 0, result code: 0
[m[0;32;31m1970-01-01 07:04:26.598|E|132501644|lpUCM [IpccProtoMessage.cpp:SerializeParams:112] m_offset, 100352
[m[1;33m1970-01-01 07:04:26.598|W|132501644|lpUCM [RemoteSails.cpp:SendWithRetry:185] Successfully wrote 1052 bytes
[m[0;32;32m1970-01-01 07:04:26.604|I|132501644|lpUCM [RemoteSails.cpp:HandleResponse:149] HandleResponse started, buffer size: 1048
[m[0;32;32m1970-01-01 07:04:26.604|I|132501644|lpUCM [RemoteSails.cpp:HandleResponse:158] Successfully deserialized response, status: 0, result code: 0
[m[0;32;31m1970-01-01 07:04:26.604|E|132501644|lpUCM [IpccProtoMessage.cpp:SerializeParams:112] m_offset, 101376
[m[1;33m1970-01-01 07:04:26.604|W|132501644|lpUCM [RemoteSails.cpp:SendWithRetry:185] Successfully wrote 1052 bytes
[m[0;32;32m1970-01-01 07:04:26.607|I|132501644|lpUCM [RemoteSails.cpp:HandleResponse:149] HandleResponse started, buffer size: 1048
[m[0;32;32m1970-01-01 07:04:26.607|I|132501644|lpUCM [RemoteSails.cpp:HandleResponse:158] Successfully deserialized response, status: 0, result code: 0
[m[0;32;31m1970-01-01 07:04:26.607|E|132501644|lpUCM [IpccProtoMessage.cpp:SerializeParams:112] m_offset, 102400
[m[1;33m1970-01-01 07:04:26.607|W|132501644|lpUCM [RemoteSails.cpp:SendWithRetry:185] Successfully wrote 1052 bytes
[m[0;32;32m1970-01-01 07:04:26.640|I|132501644|lpUCM [RemoteSails.cpp:HandleResponse:149] HandleResponse started, buffer size: 1048
[m[0;32;32m1970-01-01 07:04:26.640|I|132501644|lpUCM [RemoteSails.cpp:HandleResponse:158] Successfully deserialized response, status: 0, result code: 0
[m[0;32;31m1970-01-01 07:04:26.640|E|132501644|lpUCM [IpccProtoMessage.cpp:SerializeParams:112] m_offset, 103424
[m[1;33m1970-01-01 07:04:26.640|W|132501644|lpUCM [RemoteSails.cpp:SendWithRetry:185] Successfully wrote 1052 bytes
[m[0;32;32m1970-01-01 07:04:26.643|I|132501644|lpUCM [RemoteSails.cpp:HandleResponse:149] HandleResponse started, buffer size: 1048
[m[0;32;32m1970-01-01 07:04:26.643|I|132501644|lpUCM [RemoteSails.cpp:HandleResponse:158] Successfully deserialized response, status: 0, result code: 0
[m[0;32;31m1970-01-01 07:04:26.643|E|132501644|lpUCM [IpccProtoMessage.cpp:SerializeParams:112] m_offset, 104448
[m[1;33m1970-01-01 07:04:26.643|W|132501644|lpUCM [RemoteSails.cpp:SendWithRetry:185] Successfully wrote 1052 bytes
[m[0;32;32m1970-01-01 07:04:26.646|I|132501644|lpUCM [RemoteSails.cpp:HandleResponse:149] HandleResponse started, buffer size: 1048
[m[0;32;32m1970-01-01 07:04:26.646|I|132501644|lpUCM [RemoteSails.cpp:HandleResponse:158] Successfully deserialized response, status: 0, result code: 0
[m[0;32;31m1970-01-01 07:04:26.646|E|132501644|lpUCM [IpccProtoMessage.cpp:SerializeParams:112] m_offset, 105472
[m[1;33m1970-01-01 07:04:26.646|W|132501644|lpUCM [RemoteSails.cpp:SendWithRetry:185] Successfully wrote 1052 bytes
[m[0;32;32m1970-01-01 07:04:26.649|I|132501644|lpUCM [RemoteSails.cpp:HandleResponse:149] HandleResponse started, buffer size: 1048
[m[0;32;32m1970-01-01 07:04:26.649|I|132501644|lpUCM [RemoteSails.cpp:HandleResponse:158] Successfully deserialized response, status: 0, result code: 0
[m[0;32;31m1970-01-01 07:04:26.649|E|132501644|lpUCM [IpccProtoMessage.cpp:SerializeParams:112] m_offset, 106496
[m[1;33m1970-01-01 07:04:26.649|W|132501644|lpUCM [RemoteSails.cpp:SendWithRetry:185] Successfully wrote 1052 bytes
[m[0;32;32m1970-01-01 07:04:26.682|I|132501644|lpUCM [RemoteSails.cpp:HandleResponse:149] HandleResponse started, buffer size: 1048
[m[0;32;32m1970-01-01 07:04:26.682|I|132501644|lpUCM [RemoteSails.cpp:HandleResponse:158] Successfully deserialized response, status: 0, result code: 0
[m[0;32;31m1970-01-01 07:04:26.682|E|132501644|lpUCM [IpccProtoMessage.cpp:SerializeParams:112] m_offset, 107520
[m[1;33m1970-01-01 07:04:26.682|W|132501644|lpUCM [RemoteSails.cpp:SendWithRetry:185] Successfully wrote 1052 bytes
[m[0;32;32m1970-01-01 07:04:26.685|I|132501644|lpUCM [RemoteSails.cpp:HandleResponse:149] HandleResponse started, buffer size: 1048
[m[0;32;32m1970-01-01 07:04:26.685|I|132501644|lpUCM [RemoteSails.cpp:HandleResponse:158] Successfully deserialized response, status: 0, result code: 0
[m[0;32;31m1970-01-01 07:04:26.685|E|132501644|lpUCM [IpccProtoMessage.cpp:SerializeParams:112] m_offset, 108544
[m[1;33m1970-01-01 07:04:26.685|W|132501644|lpUCM [RemoteSails.cpp:SendWithRetry:185] Successfully wrote 1052 bytes
[m[0;32;32m1970-01-01 07:04:26.688|I|132501644|lpUCM [RemoteSails.cpp:HandleResponse:149] HandleResponse started, buffer size: 1048
[m[0;32;32m1970-01-01 07:04:26.688|I|132501644|lpUCM [RemoteSails.cpp:HandleResponse:158] Successfully deserialized response, status: 0, result code: 0
[m[0;32;31m1970-01-01 07:04:26.688|E|132501644|lpUCM [IpccProtoMessage.cpp:SerializeParams:112] m_offset, 109568
[m[1;33m1970-01-01 07:04:26.688|W|132501644|lpUCM [RemoteSails.cpp:SendWithRetry:185] Successfully wrote 1052 bytes
[m[0;32;32m1970-01-01 07:04:26.694|I|132501644|lpUCM [RemoteSails.cpp:HandleResponse:149] HandleResponse started, buffer size: 1048
[m[0;32;32m1970-01-01 07:04:26.694|I|132501644|lpUCM [RemoteSails.cpp:HandleResponse:158] Successfully deserialized response, status: 0, result code: 0
[m[0;32;31m1970-01-01 07:04:26.694|E|132501644|lpUCM [IpccProtoMessage.cpp:SerializeParams:112] m_offset, 110592
[m[1;33m1970-01-01 07:04:26.694|W|132501644|lpUCM [RemoteSails.cpp:SendWithRetry:185] Successfully wrote 1052 bytes
[m[0;32;32m1970-01-01 07:04:26.725|I|132501644|lpUCM [RemoteSails.cpp:HandleResponse:149] HandleResponse started, buffer size: 1048
[m[0;32;32m1970-01-01 07:04:26.725|I|132501644|lpUCM [RemoteSails.cpp:HandleResponse:158] Successfully deserialized response, status: 0, result code: 0
[m[0;32;31m1970-01-01 07:04:26.725|E|132501644|lpUCM [IpccProtoMessage.cpp:SerializeParams:112] m_offset, 111616
[m[1;33m1970-01-01 07:04:26.725|W|132501644|lpUCM [RemoteSails.cpp:SendWithRetry:185] Successfully wrote 1052 bytes
[m[0;32;32m1970-01-01 07:04:26.728|I|132501644|lpUCM [RemoteSails.cpp:HandleResponse:149] HandleResponse started, buffer size: 1048
[m[0;32;32m1970-01-01 07:04:26.728|I|132501644|lpUCM [RemoteSails.cpp:HandleResponse:158] Successfully deserialized response, status: 0, result code: 0
[m[0;32;31m1970-01-01 07:04:26.728|E|132501644|lpUCM [IpccProtoMessage.cpp:SerializeParams:112] m_offset, 112640
[m[1;33m1970-01-01 07:04:26.728|W|132501644|lpUCM [RemoteSails.cpp:SendWithRetry:185] Successfully wrote 1052 bytes
[m[0;32;32m1970-01-01 07:04:26.735|I|132501644|lpUCM [RemoteSails.cpp:HandleResponse:149] HandleResponse started, buffer size: 1048
[m[0;32;32m1970-01-01 07:04:26.735|I|132501644|lpUCM [RemoteSails.cpp:HandleResponse:158] Successfully deserialized response, status: 0, result code: 0
[m[0;32;31m1970-01-01 07:04:26.735|E|132501644|lpUCM [IpccProtoMessage.cpp:SerializeParams:112] m_offset, 113664
[m[1;33m1970-01-01 07:04:26.735|W|132501644|lpUCM [RemoteSails.cpp:SendWithRetry:185] Successfully wrote 1052 bytes
[m[0;32;32m1970-01-01 07:04:26.738|I|132501644|lpUCM [RemoteSails.cpp:HandleResponse:149] HandleResponse started, buffer size: 1048
[m[0;32;32m1970-01-01 07:04:26.738|I|132501644|lpUCM [RemoteSails.cpp:HandleResponse:158] Successfully deserialized response, status: 0, result code: 0
[m[0;32;32m1970-01-01 07:04:26.738|I|132501644|lpUCM [RemoteSails.cpp:SailWriteData:272] All data already trans size 16384
[m[0;32;32m1970-01-01 07:04:26.738|I|132501644|lpUCM [fds.cpp:FDS_OnLocalUpgProgress:248] total: 23, curr:22, percent:19, rop:92%
[m[0;32;32m1970-01-01 07:04:26.738|I|132501644|lpUCM [RemoteSails.cpp:SailWriteData:254] total data is 16384
[m[0;32;31m1970-01-01 07:04:26.738|E|132501644|lpUCM [IpccProtoMessage.cpp:SerializeParams:112] m_offset, 114688
[m[1;33m1970-01-01 07:04:26.738|W|132501644|lpUCM [RemoteSails.cpp:SendWithRetry:185] Successfully wrote 1052 bytes
[m[0;32;32m1970-01-01 07:04:26.770|I|132501644|lpUCM [RemoteSails.cpp:HandleResponse:149] HandleResponse started, buffer size: 1048
[m[0;32;32m1970-01-01 07:04:26.770|I|132501644|lpUCM [RemoteSails.cpp:HandleResponse:158] Successfully deserialized response, status: 0, result code: 0
[m[0;32;31m1970-01-01 07:04:26.770|E|132501644|lpUCM [IpccProtoMessage.cpp:SerializeParams:112] m_offset, 115712
[m[1;33m1970-01-01 07:04:26.770|W|132501644|lpUCM [RemoteSails.cpp:SendWithRetry:185] Successfully wrote 1052 bytes
[m[0;32;32m1970-01-01 07:04:26.773|I|132501644|lpUCM [RemoteSails.cpp:HandleResponse:149] HandleResponse started, buffer size: 1048
[m[0;32;32m1970-01-01 07:04:26.773|I|132501644|lpUCM [RemoteSails.cpp:HandleResponse:158] Successfully deserialized response, status: 0, result code: 0
[m[0;32;31m1970-01-01 07:04:26.773|E|132501644|lpUCM [IpccProtoMessage.cpp:SerializeParams:112] m_offset, 116736
[m[1;33m1970-01-01 07:04:26.773|W|132501644|lpUCM [RemoteSails.cpp:SendWithRetry:185] Successfully wrote 1052 bytes
[m[0;32;32m1970-01-01 07:04:26.777|I|132501644|lpUCM [RemoteSails.cpp:HandleResponse:149] HandleResponse started, buffer size: 1048
[m[0;32;32m1970-01-01 07:04:26.777|I|132501644|lpUCM [RemoteSails.cpp:HandleResponse:158] Successfully deserialized response, status: 0, result code: 0
[m[0;32;31m1970-01-01 07:04:26.777|E|132501644|lpUCM [IpccProtoMessage.cpp:SerializeParams:112] m_offset, 117760
[m[1;33m1970-01-01 07:04:26.777|W|132501644|lpUCM [RemoteSails.cpp:SendWithRetry:185] Successfully wrote 1052 bytes
[m[0;32;32m1970-01-01 07:04:26.781|I|132501644|lpUCM [RemoteSails.cpp:HandleResponse:149] HandleResponse started, buffer size: 1048
[m[0;32;32m1970-01-01 07:04:26.781|I|132501644|lpUCM [RemoteSails.cpp:HandleResponse:158] Successfully deserialized response, status: 0, result code: 0
[m[0;32;31m1970-01-01 07:04:26.781|E|132501644|lpUCM [IpccProtoMessage.cpp:SerializeParams:112] m_offset, 118784
[m[1;33m1970-01-01 07:04:26.781|W|132501644|lpUCM [RemoteSails.cpp:SendWithRetry:185] Successfully wrote 1052 bytes
[m[0;32;32m1970-01-01 07:04:26.812|I|132501644|lpUCM [RemoteSails.cpp:HandleResponse:149] HandleResponse started, buffer size: 1048
[m[0;32;32m1970-01-01 07:04:26.812|I|132501644|lpUCM [RemoteSails.cpp:HandleResponse:158] Successfully deserialized response, status: 0, result code: 0
[m[0;32;31m1970-01-01 07:04:26.812|E|132501644|lpUCM [IpccProtoMessage.cpp:SerializeParams:112] m_offset, 119808
[m[1;33m1970-01-01 07:04:26.812|W|132501644|lpUCM [RemoteSails.cpp:SendWithRetry:185] Successfully wrote 1052 bytes
[m[0;32;32m1970-01-01 07:04:26.815|I|132501644|lpUCM [RemoteSails.cpp:HandleResponse:149] HandleResponse started, buffer size: 1048
[m[0;32;32m1970-01-01 07:04:26.815|I|132501644|lpUCM [RemoteSails.cpp:HandleResponse:158] Successfully deserialized response, status: 0, result code: 0
[m[0;32;31m1970-01-01 07:04:26.815|E|132501644|lpUCM [IpccProtoMessage.cpp:SerializeParams:112] m_offset, 120832
[m[1;33m1970-01-01 07:04:26.815|W|132501644|lpUCM [RemoteSails.cpp:SendWithRetry:185] Successfully wrote 1052 bytes
[m[0;32;32m1970-01-01 07:04:26.818|I|132501644|lpUCM [RemoteSails.cpp:HandleResponse:149] HandleResponse started, buffer size: 1048
[m[0;32;32m1970-01-01 07:04:26.818|I|132501644|lpUCM [RemoteSails.cpp:HandleResponse:158] Successfully deserialized response, status: 0, result code: 0
[m[0;32;31m1970-01-01 07:04:26.818|E|132501644|lpUCM [IpccProtoMessage.cpp:SerializeParams:112] m_offset, 121856
[m[1;33m1970-01-01 07:04:26.818|W|132501644|lpUCM [RemoteSails.cpp:SendWithRetry:185] Successfully wrote 1052 bytes
[m[0;32;32m1970-01-01 07:04:26.824|I|132501644|lpUCM [RemoteSails.cpp:HandleResponse:149] HandleResponse started, buffer size: 1048
[m[0;32;32m1970-01-01 07:04:26.824|I|132501644|lpUCM [RemoteSails.cpp:HandleResponse:158] Successfully deserialized response, status: 0, result code: 0
[m[0;32;31m1970-01-01 07:04:26.824|E|132501644|lpUCM [IpccProtoMessage.cpp:SerializeParams:112] m_offset, 122880
[m[1;33m1970-01-01 07:04:26.824|W|132501644|lpUCM [RemoteSails.cpp:SendWithRetry:185] Successfully wrote 1052 bytes
[m[0;32;32m1970-01-01 07:04:26.854|I|132501644|lpUCM [RemoteSails.cpp:HandleResponse:149] HandleResponse started, buffer size: 1048
[m[0;32;32m1970-01-01 07:04:26.854|I|132501644|lpUCM [RemoteSails.cpp:HandleResponse:158] Successfully deserialized response, status: 0, result code: 0
[m[0;32;31m1970-01-01 07:04:26.854|E|132501644|lpUCM [IpccProtoMessage.cpp:SerializeParams:112] m_offset, 123904
[m[1;33m1970-01-01 07:04:26.854|W|132501644|lpUCM [RemoteSails.cpp:SendWithRetry:185] Successfully wrote 1052 bytes
[m[0;32;32m1970-01-01 07:04:26.857|I|132501644|lpUCM [RemoteSails.cpp:HandleResponse:149] HandleResponse started, buffer size: 1048
[m[0;32;32m1970-01-01 07:04:26.857|I|132501644|lpUCM [RemoteSails.cpp:HandleResponse:158] Successfully deserialized response, status: 0, result code: 0
[m[0;32;31m1970-01-01 07:04:26.857|E|132501644|lpUCM [IpccProtoMessage.cpp:SerializeParams:112] m_offset, 124928
[m[1;33m1970-01-01 07:04:26.857|W|132501644|lpUCM [RemoteSails.cpp:SendWithRetry:185] Successfully wrote 1052 bytes
[m[0;32;32m1970-01-01 07:04:26.863|I|132501644|lpUCM [RemoteSails.cpp:HandleResponse:149] HandleResponse started, buffer size: 1048
[m[0;32;32m1970-01-01 07:04:26.863|I|132501644|lpUCM [RemoteSails.cpp:HandleResponse:158] Successfully deserialized response, status: 0, result code: 0
[m[0;32;31m1970-01-01 07:04:26.863|E|132501644|lpUCM [IpccProtoMessage.cpp:SerializeParams:112] m_offset, 125952
[m[1;33m1970-01-01 07:04:26.863|W|132501644|lpUCM [RemoteSails.cpp:SendWithRetry:185] Successfully wrote 1052 bytes
[m[0;32;32m1970-01-01 07:04:26.866|I|132501644|lpUCM [RemoteSails.cpp:HandleResponse:149] HandleResponse started, buffer size: 1048
[m[0;32;32m1970-01-01 07:04:26.866|I|132501644|lpUCM [RemoteSails.cpp:HandleResponse:158] Successfully deserialized response, status: 0, result code: 0
[m[0;32;31m1970-01-01 07:04:26.866|E|132501644|lpUCM [IpccProtoMessage.cpp:SerializeParams:112] m_offset, 126976
[m[1;33m1970-01-01 07:04:26.866|W|132501644|lpUCM [RemoteSails.cpp:SendWithRetry:185] Successfully wrote 1052 bytes
[m[0;32;32m1970-01-01 07:04:26.897|I|132501644|lpUCM [RemoteSails.cpp:HandleResponse:149] HandleResponse started, buffer size: 1048
[m[0;32;32m1970-01-01 07:04:26.897|I|132501644|lpUCM [RemoteSails.cpp:HandleResponse:158] Successfully deserialized response, status: 0, result code: 0
[m[0;32;31m1970-01-01 07:04:26.897|E|132501644|lpUCM [IpccProtoMessage.cpp:SerializeParams:112] m_offset, 128000
[m[1;33m1970-01-01 07:04:26.897|W|132501644|lpUCM [RemoteSails.cpp:SendWithRetry:185] Successfully wrote 1052 bytes
[m[0;32;32m1970-01-01 07:04:26.903|I|132501644|lpUCM [RemoteSails.cpp:HandleResponse:149] HandleResponse started, buffer size: 1048
[m[0;32;32m1970-01-01 07:04:26.903|I|132501644|lpUCM [RemoteSails.cpp:HandleResponse:158] Successfully deserialized response, status: 0, result code: 0
[m[0;32;31m1970-01-01 07:04:26.903|E|132501644|lpUCM [IpccProtoMessage.cpp:SerializeParams:112] m_offset, 129024
[m[1;33m1970-01-01 07:04:26.903|W|132501644|lpUCM [RemoteSails.cpp:SendWithRetry:185] Successfully wrote 1052 bytes
[m[0;32;32m1970-01-01 07:04:26.907|I|132501644|lpUCM [RemoteSails.cpp:HandleResponse:149] HandleResponse started, buffer size: 1048
[m[0;32;32m1970-01-01 07:04:26.907|I|132501644|lpUCM [RemoteSails.cpp:HandleResponse:158] Successfully deserialized response, status: 0, result code: 0
[m[0;32;31m1970-01-01 07:04:26.907|E|132501644|lpUCM [IpccProtoMessage.cpp:SerializeParams:112] m_offset, 130048
[m[1;33m1970-01-01 07:04:26.907|W|132501644|lpUCM [RemoteSails.cpp:SendWithRetry:185] Successfully wrote 1052 bytes
[m[0;32;32m1970-01-01 07:04:26.913|I|132501644|lpUCM [RemoteSails.cpp:HandleResponse:149] HandleResponse started, buffer size: 1048
[m[0;32;32m1970-01-01 07:04:26.913|I|132501644|lpUCM [RemoteSails.cpp:HandleResponse:158] Successfully deserialized response, status: 0, result code: 0
[m[0;32;32m1970-01-01 07:04:26.913|I|132501644|lpUCM [RemoteSails.cpp:SailWriteData:272] All data already trans size 16384
[m[0;32;32m1970-01-01 07:04:26.913|I|132501644|lpUCM [fds.cpp:FDS_OnLocalUpgProgress:248] total: 23, curr:22, percent:20, rop:92%
[m[0;32;32m1970-01-01 07:04:26.913|I|132501644|lpUCM [RemoteSails.cpp:SailWriteData:254] total data is 16384
[m[0;32;31m1970-01-01 07:04:26.913|E|132501644|lpUCM [IpccProtoMessage.cpp:SerializeParams:112] m_offset, 131072
[m[1;33m1970-01-01 07:04:26.913|W|132501644|lpUCM [RemoteSails.cpp:SendWithRetry:185] Successfully wrote 1052 bytes
[m[0;32;32m1970-01-01 07:04:26.945|I|132501644|lpUCM [RemoteSails.cpp:HandleResponse:149] HandleResponse started, buffer size: 1048
[m[0;32;32m1970-01-01 07:04:26.945|I|132501644|lpUCM [RemoteSails.cpp:HandleResponse:158] Successfully deserialized response, status: 0, result code: 0
[m[0;32;31m1970-01-01 07:04:26.945|E|132501644|lpUCM [IpccProtoMessage.cpp:SerializeParams:112] m_offset, 132096
[m[1;33m1970-01-01 07:04:26.945|W|132501644|lpUCM [RemoteSails.cpp:SendWithRetry:185] Successfully wrote 1052 bytes
[m[0;32;32m1970-01-01 07:04:26.948|I|132501644|lpUCM [RemoteSails.cpp:HandleResponse:149] HandleResponse started, buffer size: 1048
[m[0;32;32m1970-01-01 07:04:26.948|I|132501644|lpUCM [RemoteSails.cpp:HandleResponse:158] Successfully deserialized response, status: 0, result code: 0
[m[0;32;31m1970-01-01 07:04:26.948|E|132501644|lpUCM [IpccProtoMessage.cpp:SerializeParams:112] m_offset, 133120
[m[1;33m1970-01-01 07:04:26.948|W|132501644|lpUCM [RemoteSails.cpp:SendWithRetry:185] Successfully wrote 1052 bytes
[m[0;32;32m1970-01-01 07:04:26.955|I|132501644|lpUCM [RemoteSails.cpp:HandleResponse:149] HandleResponse started, buffer size: 1048
[m[0;32;32m1970-01-01 07:04:26.955|I|132501644|lpUCM [RemoteSails.cpp:HandleResponse:158] Successfully deserialized response, status: 0, result code: 0
[m[0;32;31m1970-01-01 07:04:26.955|E|132501644|lpUCM [IpccProtoMessage.cpp:SerializeParams:112] m_offset, 134144
[m[1;33m1970-01-01 07:04:26.955|W|132501644|lpUCM [RemoteSails.cpp:SendWithRetry:185] Successfully wrote 1052 bytes
[m[0;32;32m1970-01-01 07:04:26.959|I|132501644|lpUCM [RemoteSails.cpp:HandleResponse:149] HandleResponse started, buffer size: 1048
[m[0;32;32m1970-01-01 07:04:26.959|I|132501644|lpUCM [RemoteSails.cpp:HandleResponse:158] Successfully deserialized response, status: 0, result code: 0
[m[0;32;31m1970-01-01 07:04:26.959|E|132501644|lpUCM [IpccProtoMessage.cpp:SerializeParams:112] m_offset, 135168
[m[1;33m1970-01-01 07:04:26.959|W|132501644|lpUCM [RemoteSails.cpp:SendWithRetry:185] Successfully wrote 1052 bytes
[m[0;32;32m1970-01-01 07:04:26.990|I|132501644|lpUCM [RemoteSails.cpp:HandleResponse:149] HandleResponse started, buffer size: 1048
[m[0;32;32m1970-01-01 07:04:26.990|I|132501644|lpUCM [RemoteSails.cpp:HandleResponse:158] Successfully deserialized response, status: 0, result code: 0
[m[0;32;31m1970-01-01 07:04:26.990|E|132501644|lpUCM [IpccProtoMessage.cpp:SerializeParams:112] m_offset, 136192
[m[1;33m1970-01-01 07:04:26.990|W|132501644|lpUCM [RemoteSails.cpp:SendWithRetry:185] Successfully wrote 1052 bytes
[m[0;32;32m1970-01-01 07:04:26.993|I|132501644|lpUCM [RemoteSails.cpp:HandleResponse:149] HandleResponse started, buffer size: 1048
[m[0;32;32m1970-01-01 07:04:26.993|I|132501644|lpUCM [RemoteSails.cpp:HandleResponse:158] Successfully deserialized response, status: 0, result code: 0
[m[0;32;31m1970-01-01 07:04:26.993|E|132501644|lpUCM [IpccProtoMessage.cpp:SerializeParams:112] m_offset, 137216
[m[1;33m1970-01-01 07:04:26.993|W|132501644|lpUCM [RemoteSails.cpp:SendWithRetry:185] Successfully wrote 1052 bytes
[m[0;32;32m1970-01-01 07:04:26.996|I|132501644|lpUCM [RemoteSails.cpp:HandleResponse:149] HandleResponse started, buffer size: 1048
[m[0;32;32m1970-01-01 07:04:26.996|I|132501644|lpUCM [RemoteSails.cpp:HandleResponse:158] Successfully deserialized response, status: 0, result code: 0
[m[0;32;31m1970-01-01 07:04:26.996|E|132501644|lpUCM [IpccProtoMessage.cpp:SerializeParams:112] m_offset, 138240
[m[1;33m1970-01-01 07:04:26.996|W|132501644|lpUCM [RemoteSails.cpp:SendWithRetry:185] Successfully wrote 1052 bytes
[m[0;32;32m1970-01-01 07:04:26.999|I|132501644|lpUCM [RemoteSails.cpp:HandleResponse:149] HandleResponse started, buffer size: 1048
[m[0;32;32m1970-01-01 07:04:26.999|I|132501644|lpUCM [RemoteSails.cpp:HandleResponse:158] Successfully deserialized response, status: 0, result code: 0
[m[0;32;31m1970-01-01 07:04:26.999|E|132501644|lpUCM [IpccProtoMessage.cpp:SerializeParams:112] m_offset, 139264
[m[1;33m1970-01-01 07:04:26.999|W|132501644|lpUCM [RemoteSails.cpp:SendWithRetry:185] Successfully wrote 1052 bytes
[m[0;32;32m1970-01-01 07:04:27.29|I|132501644|lpUCM [RemoteSails.cpp:HandleResponse:149] HandleResponse started, buffer size: 1048
[m[0;32;32m1970-01-01 07:04:27.29|I|132501644|lpUCM [RemoteSails.cpp:HandleResponse:158] Successfully deserialized response, status: 0, result code: 0
[m[0;32;31m1970-01-01 07:04:27.29|E|132501644|lpUCM [IpccProtoMessage.cpp:SerializeParams:112] m_offset, 140288
[m[1;33m1970-01-01 07:04:27.29|W|132501644|lpUCM [RemoteSails.cpp:SendWithRetry:185] Successfully wrote 1052 bytes
[m[0;32;32m1970-01-01 07:04:27.32|I|132501644|lpUCM [RemoteSails.cpp:HandleResponse:149] HandleResponse started, buffer size: 1048
[m[0;32;32m1970-01-01 07:04:27.32|I|132501644|lpUCM [RemoteSails.cpp:HandleResponse:158] Successfully deserialized response, status: 0, result code: 0
[m[0;32;31m1970-01-01 07:04:27.32|E|132501644|lpUCM [IpccProtoMessage.cpp:SerializeParams:112] m_offset, 141312
[m[1;33m1970-01-01 07:04:27.32|W|132501644|lpUCM [RemoteSails.cpp:SendWithRetry:185] Successfully wrote 1052 bytes
[m[0;32;32m1970-01-01 07:04:27.35|I|132501644|lpUCM [RemoteSails.cpp:HandleResponse:149] HandleResponse started, buffer size: 1048
[m[0;32;32m1970-01-01 07:04:27.35|I|132501644|lpUCM [RemoteSails.cpp:HandleResponse:158] Successfully deserialized response, status: 0, result code: 0
[m[0;32;31m1970-01-01 07:04:27.35|E|132501644|lpUCM [IpccProtoMessage.cpp:SerializeParams:112] m_offset, 142336
[m[1;33m1970-01-01 07:04:27.35|W|132501644|lpUCM [RemoteSails.cpp:SendWithRetry:185] Successfully wrote 1052 bytes
[m[0;32;32m1970-01-01 07:04:27.38|I|132501644|lpUCM [RemoteSails.cpp:HandleResponse:149] HandleResponse started, buffer size: 1048
[m[0;32;32m1970-01-01 07:04:27.38|I|132501644|lpUCM [RemoteSails.cpp:HandleResponse:158] Successfully deserialized response, status: 0, result code: 0
[m[0;32;31m1970-01-01 07:04:27.38|E|132501644|lpUCM [IpccProtoMessage.cpp:SerializeParams:112] m_offset, 143360
[m[1;33m1970-01-01 07:04:27.38|W|132501644|lpUCM [RemoteSails.cpp:SendWithRetry:185] Successfully wrote 1052 bytes
[m[0;32;32m1970-01-01 07:04:27.68|I|132501644|lpUCM [RemoteSails.cpp:HandleResponse:149] HandleResponse started, buffer size: 1048
[m[0;32;32m1970-01-01 07:04:27.68|I|132501644|lpUCM [RemoteSails.cpp:HandleResponse:158] Successfully deserialized response, status: 0, result code: 0
[m[0;32;31m1970-01-01 07:04:27.68|E|132501644|lpUCM [IpccProtoMessage.cpp:SerializeParams:112] m_offset, 144384
[m[1;33m1970-01-01 07:04:27.68|W|132501644|lpUCM [RemoteSails.cpp:SendWithRetry:185] Successfully wrote 1052 bytes
[m[0;32;32m1970-01-01 07:04:27.71|I|132501644|lpUCM [RemoteSails.cpp:HandleResponse:149] HandleResponse started, buffer size: 1048
[m[0;32;32m1970-01-01 07:04:27.71|I|132501644|lpUCM [RemoteSails.cpp:HandleResponse:158] Successfully deserialized response, status: 0, result code: 0
[m[0;32;31m1970-01-01 07:04:27.71|E|132501644|lpUCM [IpccProtoMessage.cpp:SerializeParams:112] m_offset, 145408
[m[1;33m1970-01-01 07:04:27.71|W|132501644|lpUCM [RemoteSails.cpp:SendWithRetry:185] Successfully wrote 1052 bytes
[m[0;32;32m1970-01-01 07:04:27.74|I|132501644|lpUCM [RemoteSails.cpp:HandleResponse:149] HandleResponse started, buffer size: 1048
[m[0;32;32m1970-01-01 07:04:27.74|I|132501644|lpUCM [RemoteSails.cpp:HandleResponse:158] Successfully deserialized response, status: 0, result code: 0
[m[0;32;31m1970-01-01 07:04:27.74|E|132501644|lpUCM [IpccProtoMessage.cpp:SerializeParams:112] m_offset, 146432
[m[1;33m1970-01-01 07:04:27.74|W|132501644|lpUCM [RemoteSails.cpp:SendWithRetry:185] Successfully wrote 1052 bytes
[m[0;32;32m1970-01-01 07:04:27.77|I|132501644|lpUCM [RemoteSails.cpp:HandleResponse:149] HandleResponse started, buffer size: 1048
[m[0;32;32m1970-01-01 07:04:27.77|I|132501644|lpUCM [RemoteSails.cpp:HandleResponse:158] Successfully deserialized response, status: 0, result code: 0
[m[0;32;32m1970-01-01 07:04:27.77|I|132501644|lpUCM [RemoteSails.cpp:SailWriteData:272] All data already trans size 16384
[m[0;32;32m1970-01-01 07:04:27.77|I|132501644|lpUCM [fds.cpp:FDS_OnLocalUpgProgress:248] total: 23, curr:22, percent:21, rop:92%
[m[0;32;32m1970-01-01 07:04:27.77|I|132501644|lpUCM [RemoteSails.cpp:SailWriteData:254] total data is 16384
[m[0;32;31m1970-01-01 07:04:27.77|E|132501644|lpUCM [IpccProtoMessage.cpp:SerializeParams:112] m_offset, 147456
[m[1;33m1970-01-01 07:04:27.77|W|132501644|lpUCM [RemoteSails.cpp:SendWithRetry:185] Successfully wrote 1052 bytes
[m[0;32;32m1970-01-01 07:04:27.107|I|132501644|lpUCM [RemoteSails.cpp:HandleResponse:149] HandleResponse started, buffer size: 1048
[m[0;32;32m1970-01-01 07:04:27.107|I|132501644|lpUCM [RemoteSails.cpp:HandleResponse:158] Successfully deserialized response, status: 0, result code: 0
[m[0;32;31m1970-01-01 07:04:27.107|E|132501644|lpUCM [IpccProtoMessage.cpp:SerializeParams:112] m_offset, 148480
[m[1;33m1970-01-01 07:04:27.107|W|132501644|lpUCM [RemoteSails.cpp:SendWithRetry:185] Successfully wrote 1052 bytes
[m[0;32;32m1970-01-01 07:04:27.113|I|132501644|lpUCM [RemoteSails.cpp:HandleResponse:149] HandleResponse started, buffer size: 1048
[m[0;32;32m1970-01-01 07:04:27.113|I|132501644|lpUCM [RemoteSails.cpp:HandleResponse:158] Successfully deserialized response, status: 0, result code: 0
[m[0;32;31m1970-01-01 07:04:27.113|E|132501644|lpUCM [IpccProtoMessage.cpp:SerializeParams:112] m_offset, 149504
[m[1;33m1970-01-01 07:04:27.113|W|132501644|lpUCM [RemoteSails.cpp:SendWithRetry:185] Successfully wrote 1052 bytes
[m[0;32;32m1970-01-01 07:04:27.116|I|132501644|lpUCM [RemoteSails.cpp:HandleResponse:149] HandleResponse started, buffer size: 1048
[m[0;32;32m1970-01-01 07:04:27.116|I|132501644|lpUCM [RemoteSails.cpp:HandleResponse:158] Successfully deserialized response, status: 0, result code: 0
[m[0;32;31m1970-01-01 07:04:27.116|E|132501644|lpUCM [IpccProtoMessage.cpp:SerializeParams:112] m_offset, 150528
[m[1;33m1970-01-01 07:04:27.116|W|132501644|lpUCM [RemoteSails.cpp:SendWithRetry:185] Successfully wrote 1052 bytes
[m[0;32;32m1970-01-01 07:04:27.123|I|132501644|lpUCM [RemoteSails.cpp:HandleResponse:149] HandleResponse started, buffer size: 1048
[m[0;32;32m1970-01-01 07:04:27.123|I|132501644|lpUCM [RemoteSails.cpp:HandleResponse:158] Successfully deserialized response, status: 0, result code: 0
[m[0;32;31m1970-01-01 07:04:27.123|E|132501644|lpUCM [IpccProtoMessage.cpp:SerializeParams:112] m_offset, 151552
[m[1;33m1970-01-01 07:04:27.123|W|132501644|lpUCM [RemoteSails.cpp:SendWithRetry:185] Successfully wrote 1052 bytes
[m[0;32;32m1970-01-01 07:04:27.155|I|132501644|lpUCM [RemoteSails.cpp:HandleResponse:149] HandleResponse started, buffer size: 1048
[m[0;32;32m1970-01-01 07:04:27.155|I|132501644|lpUCM [RemoteSails.cpp:HandleResponse:158] Successfully deserialized response, status: 0, result code: 0
[m[0;32;31m1970-01-01 07:04:27.155|E|132501644|lpUCM [IpccProtoMessage.cpp:SerializeParams:112] m_offset, 152576
[m[1;33m1970-01-01 07:04:27.155|W|132501644|lpUCM [RemoteSails.cpp:SendWithRetry:185] Successfully wrote 1052 bytes
[m[0;32;32m1970-01-01 07:04:27.159|I|132501644|lpUCM [RemoteSails.cpp:HandleResponse:149] HandleResponse started, buffer size: 1048
[m[0;32;32m1970-01-01 07:04:27.159|I|132501644|lpUCM [RemoteSails.cpp:HandleResponse:158] Successfully deserialized response, status: 0, result code: 0
[m[0;32;31m1970-01-01 07:04:27.159|E|132501644|lpUCM [IpccProtoMessage.cpp:SerializeParams:112] m_offset, 153600
[m[1;33m1970-01-01 07:04:27.159|W|132501644|lpUCM [RemoteSails.cpp:SendWithRetry:185] Successfully wrote 1052 bytes
[m[0;32;32m1970-01-01 07:04:27.163|I|132501644|lpUCM [RemoteSails.cpp:HandleResponse:149] HandleResponse started, buffer size: 1048
[m[0;32;32m1970-01-01 07:04:27.163|I|132501644|lpUCM [RemoteSails.cpp:HandleResponse:158] Successfully deserialized response, status: 0, result code: 0
[m[0;32;31m1970-01-01 07:04:27.163|E|132501644|lpUCM [IpccProtoMessage.cpp:SerializeParams:112] m_offset, 154624
[m[1;33m1970-01-01 07:04:27.163|W|132501644|lpUCM [RemoteSails.cpp:SendWithRetry:185] Successfully wrote 1052 bytes
[m[0;32;32m1970-01-01 07:04:27.167|I|132501644|lpUCM [RemoteSails.cpp:HandleResponse:149] HandleResponse started, buffer size: 1048
[m[0;32;32m1970-01-01 07:04:27.167|I|132501644|lpUCM [RemoteSails.cpp:HandleResponse:158] Successfully deserialized response, status: 0, result code: 0
[m[0;32;31m1970-01-01 07:04:27.167|E|132501644|lpUCM [IpccProtoMessage.cpp:SerializeParams:112] m_offset, 155648
[m[1;33m1970-01-01 07:04:27.167|W|132501644|lpUCM [RemoteSails.cpp:SendWithRetry:185] Successfully wrote 1052 bytes
[m[0;32;32m1970-01-01 07:04:27.197|I|132501644|lpUCM [RemoteSails.cpp:HandleResponse:149] HandleResponse started, buffer size: 1048
[m[0;32;32m1970-01-01 07:04:27.197|I|132501644|lpUCM [RemoteSails.cpp:HandleResponse:158] Successfully deserialized response, status: 0, result code: 0
[m[0;32;31m1970-01-01 07:04:27.197|E|132501644|lpUCM [IpccProtoMessage.cpp:SerializeParams:112] m_offset, 156672
[m[1;33m1970-01-01 07:04:27.197|W|132501644|lpUCM [RemoteSails.cpp:SendWithRetry:185] Successfully wrote 1052 bytes
[m[0;32;32m1970-01-01 07:04:27.203|I|132501644|lpUCM [RemoteSails.cpp:HandleResponse:149] HandleResponse started, buffer size: 1048
[m[0;32;32m1970-01-01 07:04:27.203|I|132501644|lpUCM [RemoteSails.cpp:HandleResponse:158] Successfully deserialized response, status: 0, result code: 0
[m[0;32;31m1970-01-01 07:04:27.203|E|132501644|lpUCM [IpccProtoMessage.cpp:SerializeParams:112] m_offset, 157696
[m[1;33m1970-01-01 07:04:27.203|W|132501644|lpUCM [RemoteSails.cpp:SendWithRetry:185] Successfully wrote 1052 bytes
[m[0;32;32m1970-01-01 07:04:27.206|I|132501644|lpUCM [RemoteSails.cpp:HandleResponse:149] HandleResponse started, buffer size: 1048
[m[0;32;32m1970-01-01 07:04:27.206|I|132501644|lpUCM [RemoteSails.cpp:HandleResponse:158] Successfully deserialized response, status: 0, result code: 0
[m[0;32;31m1970-01-01 07:04:27.206|E|132501644|lpUCM [IpccProtoMessage.cpp:SerializeParams:112] m_offset, 158720
[m[1;33m1970-01-01 07:04:27.206|W|132501644|lpUCM [RemoteSails.cpp:SendWithRetry:185] Successfully wrote 1052 bytes
[m[0;32;32m1970-01-01 07:04:27.212|I|132501644|lpUCM [RemoteSails.cpp:HandleResponse:149] HandleResponse started, buffer size: 1048
[m[0;32;32m1970-01-01 07:04:27.212|I|132501644|lpUCM [RemoteSails.cpp:HandleResponse:158] Successfully deserialized response, status: 0, result code: 0
[m[0;32;31m1970-01-01 07:04:27.212|E|132501644|lpUCM [IpccProtoMessage.cpp:SerializeParams:112] m_offset, 159744
[m[1;33m1970-01-01 07:04:27.212|W|132501644|lpUCM [RemoteSails.cpp:SendWithRetry:185] Successfully wrote 1052 bytes
[m[0;32;32m1970-01-01 07:04:27.242|I|132501644|lpUCM [RemoteSails.cpp:HandleResponse:149] HandleResponse started, buffer size: 1048
[m[0;32;32m1970-01-01 07:04:27.242|I|132501644|lpUCM [RemoteSails.cpp:HandleResponse:158] Successfully deserialized response, status: 0, result code: 0
[m[0;32;31m1970-01-01 07:04:27.242|E|132501644|lpUCM [IpccProtoMessage.cpp:SerializeParams:112] m_offset, 160768
[m[1;33m1970-01-01 07:04:27.242|W|132501644|lpUCM [RemoteSails.cpp:SendWithRetry:185] Successfully wrote 1052 bytes
[m[0;32;32m1970-01-01 07:04:27.245|I|132501644|lpUCM [RemoteSails.cpp:HandleResponse:149] HandleResponse started, buffer size: 1048
[m[0;32;32m1970-01-01 07:04:27.245|I|132501644|lpUCM [RemoteSails.cpp:HandleResponse:158] Successfully deserialized response, status: 0, result code: 0
[m[0;32;31m1970-01-01 07:04:27.245|E|132501644|lpUCM [IpccProtoMessage.cpp:SerializeParams:112] m_offset, 161792
[m[1;33m1970-01-01 07:04:27.245|W|132501644|lpUCM [RemoteSails.cpp:SendWithRetry:185] Successfully wrote 1052 bytes
[m[0;32;32m1970-01-01 07:04:27.248|I|132501644|lpUCM [RemoteSails.cpp:HandleResponse:149] HandleResponse started, buffer size: 1048
[m[0;32;32m1970-01-01 07:04:27.248|I|132501644|lpUCM [RemoteSails.cpp:HandleResponse:158] Successfully deserialized response, status: 0, result code: 0
[m[0;32;31m1970-01-01 07:04:27.248|E|132501644|lpUCM [IpccProtoMessage.cpp:SerializeParams:112] m_offset, 162816
[m[1;33m1970-01-01 07:04:27.248|W|132501644|lpUCM [RemoteSails.cpp:SendWithRetry:185] Successfully wrote 1052 bytes
[m[0;32;32m1970-01-01 07:04:27.255|I|132501644|lpUCM [RemoteSails.cpp:HandleResponse:149] HandleResponse started, buffer size: 1048
[m[0;32;32m1970-01-01 07:04:27.255|I|132501644|lpUCM [RemoteSails.cpp:HandleResponse:158] Successfully deserialized response, status: 0, result code: 0
[m[0;32;32m1970-01-01 07:04:27.255|I|132501644|lpUCM [RemoteSails.cpp:SailWriteData:272] All data already trans size 16384
[m[0;32;32m1970-01-01 07:04:27.255|I|132501644|lpUCM [fds.cpp:FDS_OnLocalUpgProgress:248] total: 23, curr:22, percent:22, rop:92%
[m[0;32;32m1970-01-01 07:04:27.255|I|132501644|lpUCM [RemoteSails.cpp:SailWriteData:254] total data is 16384
[m[0;32;31m1970-01-01 07:04:27.255|E|132501644|lpUCM [IpccProtoMessage.cpp:SerializeParams:112] m_offset, 163840
[m[1;33m1970-01-01 07:04:27.255|W|132501644|lpUCM [RemoteSails.cpp:SendWithRetry:185] Successfully wrote 1052 bytes
[m[0;32;32m1970-01-01 07:04:27.288|I|132501644|lpUCM [RemoteSails.cpp:HandleResponse:149] HandleResponse started, buffer size: 1048
[m[0;32;32m1970-01-01 07:04:27.288|I|132501644|lpUCM [RemoteSails.cpp:HandleResponse:158] Successfully deserialized response, status: 0, result code: 0
[m[0;32;31m1970-01-01 07:04:27.288|E|132501644|lpUCM [IpccProtoMessage.cpp:SerializeParams:112] m_offset, 164864
[m[1;33m1970-01-01 07:04:27.288|W|132501644|lpUCM [RemoteSails.cpp:SendWithRetry:185] Successfully wrote 1052 bytes
[m[0;32;32m1970-01-01 07:04:27.292|I|132501644|lpUCM [RemoteSails.cpp:HandleResponse:149] HandleResponse started, buffer size: 1048
[m[0;32;32m1970-01-01 07:04:27.292|I|132501644|lpUCM [RemoteSails.cpp:HandleResponse:158] Successfully deserialized response, status: 0, result code: 0
[m[0;32;31m1970-01-01 07:04:27.292|E|132501644|lpUCM [IpccProtoMessage.cpp:SerializeParams:112] m_offset, 165888
[m[1;33m1970-01-01 07:04:27.292|W|132501644|lpUCM [RemoteSails.cpp:SendWithRetry:185] Successfully wrote 1052 bytes
[m[0;32;32m1970-01-01 07:04:27.296|I|132501644|lpUCM [RemoteSails.cpp:HandleResponse:149] HandleResponse started, buffer size: 1048
[m[0;32;32m1970-01-01 07:04:27.296|I|132501644|lpUCM [RemoteSails.cpp:HandleResponse:158] Successfully deserialized response, status: 0, result code: 0
[m[0;32;31m1970-01-01 07:04:27.296|E|132501644|lpUCM [IpccProtoMessage.cpp:SerializeParams:112] m_offset, 166912
[m[1;33m1970-01-01 07:04:27.296|W|132501644|lpUCM [RemoteSails.cpp:SendWithRetry:185] Successfully wrote 1052 bytes
[m[0;32;32m1970-01-01 07:04:27.300|I|132501644|lpUCM [RemoteSails.cpp:HandleResponse:149] HandleResponse started, buffer size: 1048
[m[0;32;32m1970-01-01 07:04:27.300|I|132501644|lpUCM [RemoteSails.cpp:HandleResponse:158] Successfully deserialized response, status: 0, result code: 0
[m[0;32;31m1970-01-01 07:04:27.300|E|132501644|lpUCM [IpccProtoMessage.cpp:SerializeParams:112] m_offset, 167936
[m[1;33m1970-01-01 07:04:27.300|W|132501644|lpUCM [RemoteSails.cpp:SendWithRetry:185] Successfully wrote 1052 bytes
[m[0;32;32m1970-01-01 07:04:27.331|I|132501644|lpUCM [RemoteSails.cpp:HandleResponse:149] HandleResponse started, buffer size: 1048
[m[0;32;32m1970-01-01 07:04:27.331|I|132501644|lpUCM [RemoteSails.cpp:HandleResponse:158] Successfully deserialized response, status: 0, result code: 0
[m[0;32;31m1970-01-01 07:04:27.331|E|132501644|lpUCM [IpccProtoMessage.cpp:SerializeParams:112] m_offset, 168960
[m[1;33m1970-01-01 07:04:27.331|W|132501644|lpUCM [RemoteSails.cpp:SendWithRetry:185] Successfully wrote 1052 bytes
[m[0;32;32m1970-01-01 07:04:27.335|I|132501644|lpUCM [RemoteSails.cpp:HandleResponse:149] HandleResponse started, buffer size: 1048
[m[0;32;32m1970-01-01 07:04:27.335|I|132501644|lpUCM [RemoteSails.cpp:HandleResponse:158] Successfully deserialized response, status: 0, result code: 0
[m[0;32;31m1970-01-01 07:04:27.335|E|132501644|lpUCM [IpccProtoMessage.cpp:SerializeParams:112] m_offset, 169984
[m[1;33m1970-01-01 07:04:27.335|W|132501644|lpUCM [RemoteSails.cpp:SendWithRetry:185] Successfully wrote 1052 bytes
[m[0;32;32m1970-01-01 07:04:27.338|I|132501644|lpUCM [RemoteSails.cpp:HandleResponse:149] HandleResponse started, buffer size: 1048
[m[0;32;32m1970-01-01 07:04:27.338|I|132501644|lpUCM [RemoteSails.cpp:HandleResponse:158] Successfully deserialized response, status: 0, result code: 0
[m[0;32;31m1970-01-01 07:04:27.338|E|132501644|lpUCM [IpccProtoMessage.cpp:SerializeParams:112] m_offset, 171008
[m[1;33m1970-01-01 07:04:27.338|W|132501644|lpUCM [RemoteSails.cpp:SendWithRetry:185] Successfully wrote 1052 bytes
[m[0;32;32m1970-01-01 07:04:27.342|I|132501644|lpUCM [RemoteSails.cpp:HandleResponse:149] HandleResponse started, buffer size: 1048
[m[0;32;32m1970-01-01 07:04:27.342|I|132501644|lpUCM [RemoteSails.cpp:HandleResponse:158] Successfully deserialized response, status: 0, result code: 0
[m[0;32;31m1970-01-01 07:04:27.342|E|132501644|lpUCM [IpccProtoMessage.cpp:SerializeParams:112] m_offset, 172032
[m[1;33m1970-01-01 07:04:27.342|W|132501644|lpUCM [RemoteSails.cpp:SendWithRetry:185] Successfully wrote 1052 bytes
[m[0;32;32m1970-01-01 07:04:27.371|I|132501644|lpUCM [RemoteSails.cpp:HandleResponse:149] HandleResponse started, buffer size: 1048
[m[0;32;32m1970-01-01 07:04:27.371|I|132501644|lpUCM [RemoteSails.cpp:HandleResponse:158] Successfully deserialized response, status: 0, result code: 0
[m[0;32;31m1970-01-01 07:04:27.371|E|132501644|lpUCM [IpccProtoMessage.cpp:SerializeParams:112] m_offset, 173056
[m[1;33m1970-01-01 07:04:27.371|W|132501644|lpUCM [RemoteSails.cpp:SendWithRetry:185] Successfully wrote 1052 bytes
[m[0;32;32m1970-01-01 07:04:27.374|I|132501644|lpUCM [RemoteSails.cpp:HandleResponse:149] HandleResponse started, buffer size: 1048
[m[0;32;32m1970-01-01 07:04:27.374|I|132501644|lpUCM [RemoteSails.cpp:HandleResponse:158] Successfully deserialized response, status: 0, result code: 0
[m[0;32;31m1970-01-01 07:04:27.374|E|132501644|lpUCM [IpccProtoMessage.cpp:SerializeParams:112] m_offset, 174080
[m[1;33m1970-01-01 07:04:27.374|W|132501644|lpUCM [RemoteSails.cpp:SendWithRetry:185] Successfully wrote 1052 bytes
[m[0;32;32m1970-01-01 07:04:27.377|I|132501644|lpUCM [RemoteSails.cpp:HandleResponse:149] HandleResponse started, buffer size: 1048
[m[0;32;32m1970-01-01 07:04:27.377|I|132501644|lpUCM [RemoteSails.cpp:HandleResponse:158] Successfully deserialized response, status: 0, result code: 0
[m[0;32;31m1970-01-01 07:04:27.377|E|132501644|lpUCM [IpccProtoMessage.cpp:SerializeParams:112] m_offset, 175104
[m[1;33m1970-01-01 07:04:27.377|W|132501644|lpUCM [RemoteSails.cpp:SendWithRetry:185] Successfully wrote 1052 bytes
[m[0;32;32m1970-01-01 07:04:27.383|I|132501644|lpUCM [RemoteSails.cpp:HandleResponse:149] HandleResponse started, buffer size: 1048
[m[0;32;32m1970-01-01 07:04:27.383|I|132501644|lpUCM [RemoteSails.cpp:HandleResponse:158] Successfully deserialized response, status: 0, result code: 0
[m[0;32;31m1970-01-01 07:04:27.383|E|132501644|lpUCM [IpccProtoMessage.cpp:SerializeParams:112] m_offset, 176128
[m[1;33m1970-01-01 07:04:27.383|W|132501644|lpUCM [RemoteSails.cpp:SendWithRetry:185] Successfully wrote 1052 bytes
[m[0;32;32m1970-01-01 07:04:27.413|I|132501644|lpUCM [RemoteSails.cpp:HandleResponse:149] HandleResponse started, buffer size: 1048
[m[0;32;32m1970-01-01 07:04:27.413|I|132501644|lpUCM [RemoteSails.cpp:HandleResponse:158] Successfully deserialized response, status: 0, result code: 0
[m[0;32;31m1970-01-01 07:04:27.413|E|132501644|lpUCM [IpccProtoMessage.cpp:SerializeParams:112] m_offset, 177152
[m[1;33m1970-01-01 07:04:27.413|W|132501644|lpUCM [RemoteSails.cpp:SendWithRetry:185] Successfully wrote 1052 bytes
[m[0;32;32m1970-01-01 07:04:27.416|I|132501644|lpUCM [RemoteSails.cpp:HandleResponse:149] HandleResponse started, buffer size: 1048
[m[0;32;32m1970-01-01 07:04:27.416|I|132501644|lpUCM [RemoteSails.cpp:HandleResponse:158] Successfully deserialized response, status: 0, result code: 0
[m[0;32;31m1970-01-01 07:04:27.416|E|132501644|lpUCM [IpccProtoMessage.cpp:SerializeParams:112] m_offset, 178176
[m[1;33m1970-01-01 07:04:27.416|W|132501644|lpUCM [RemoteSails.cpp:SendWithRetry:185] Successfully wrote 1052 bytes
[m[0;32;32m1970-01-01 07:04:27.422|I|132501644|lpUCM [RemoteSails.cpp:HandleResponse:149] HandleResponse started, buffer size: 1048
[m[0;32;32m1970-01-01 07:04:27.422|I|132501644|lpUCM [RemoteSails.cpp:HandleResponse:158] Successfully deserialized response, status: 0, result code: 0
[m[0;32;31m1970-01-01 07:04:27.422|E|132501644|lpUCM [IpccProtoMessage.cpp:SerializeParams:112] m_offset, 179200
[m[1;33m1970-01-01 07:04:27.422|W|132501644|lpUCM [RemoteSails.cpp:SendWithRetry:185] Successfully wrote 1052 bytes
[m[0;32;32m1970-01-01 07:04:27.425|I|132501644|lpUCM [RemoteSails.cpp:HandleResponse:149] HandleResponse started, buffer size: 1048
[m[0;32;32m1970-01-01 07:04:27.425|I|132501644|lpUCM [RemoteSails.cpp:HandleResponse:158] Successfully deserialized response, status: 0, result code: 0
[m[0;32;32m1970-01-01 07:04:27.425|I|132501644|lpUCM [RemoteSails.cpp:SailWriteData:272] All data already trans size 16384
[m[0;32;32m1970-01-01 07:04:27.425|I|132501644|lpUCM [fds.cpp:FDS_OnLocalUpgProgress:248] total: 23, curr:22, percent:23, rop:92%
[m[0;32;32m1970-01-01 07:04:27.425|I|132501644|lpUCM [RemoteSails.cpp:SailWriteData:254] total data is 16384
[m[0;32;31m1970-01-01 07:04:27.425|E|132501644|lpUCM [IpccProtoMessage.cpp:SerializeParams:112] m_offset, 180224
[m[1;33m1970-01-01 07:04:27.425|W|132501644|lpUCM [RemoteSails.cpp:SendWithRetry:185] Successfully wrote 1052 bytes
[m[0;32;32m1970-01-01 07:04:27.455|I|132501644|lpUCM [RemoteSails.cpp:HandleResponse:149] HandleResponse started, buffer size: 1048
[m[0;32;32m1970-01-01 07:04:27.455|I|132501644|lpUCM [RemoteSails.cpp:HandleResponse:158] Successfully deserialized response, status: 0, result code: 0
[m[0;32;31m1970-01-01 07:04:27.455|E|132501644|lpUCM [IpccProtoMessage.cpp:SerializeParams:112] m_offset, 181248
[m[1;33m1970-01-01 07:04:27.455|W|132501644|lpUCM [RemoteSails.cpp:SendWithRetry:185] Successfully wrote 1052 bytes
[m[0;32;32m1970-01-01 07:04:27.458|I|132501644|lpUCM [RemoteSails.cpp:HandleResponse:149] HandleResponse started, buffer size: 1048
[m[0;32;32m1970-01-01 07:04:27.458|I|132501644|lpUCM [RemoteSails.cpp:HandleResponse:158] Successfully deserialized response, status: 0, result code: 0
[m[0;32;31m1970-01-01 07:04:27.458|E|132501644|lpUCM [IpccProtoMessage.cpp:SerializeParams:112] m_offset, 182272
[m[1;33m1970-01-01 07:04:27.458|W|132501644|lpUCM [RemoteSails.cpp:SendWithRetry:185] Successfully wrote 1052 bytes
[m[0;32;32m1970-01-01 07:04:27.464|I|132501644|lpUCM [RemoteSails.cpp:HandleResponse:149] HandleResponse started, buffer size: 1048
[m[0;32;32m1970-01-01 07:04:27.464|I|132501644|lpUCM [RemoteSails.cpp:HandleResponse:158] Successfully deserialized response, status: 0, result code: 0
[m[0;32;31m1970-01-01 07:04:27.464|E|132501644|lpUCM [IpccProtoMessage.cpp:SerializeParams:112] m_offset, 183296
[m[1;33m1970-01-01 07:04:27.464|W|132501644|lpUCM [RemoteSails.cpp:SendWithRetry:185] Successfully wrote 1052 bytes
[m[0;32;32m1970-01-01 07:04:27.467|I|132501644|lpUCM [RemoteSails.cpp:HandleResponse:149] HandleResponse started, buffer size: 1048
[m[0;32;32m1970-01-01 07:04:27.467|I|132501644|lpUCM [RemoteSails.cpp:HandleResponse:158] Successfully deserialized response, status: 0, result code: 0
[m[0;32;31m1970-01-01 07:04:27.467|E|132501644|lpUCM [IpccProtoMessage.cpp:SerializeParams:112] m_offset, 184320
[m[1;33m1970-01-01 07:04:27.467|W|132501644|lpUCM [RemoteSails.cpp:SendWithRetry:185] Successfully wrote 1052 bytes
[m[0;32;32m1970-01-01 07:04:27.497|I|132501644|lpUCM [RemoteSails.cpp:HandleResponse:149] HandleResponse started, buffer size: 1048
[m[0;32;32m1970-01-01 07:04:27.497|I|132501644|lpUCM [RemoteSails.cpp:HandleResponse:158] Successfully deserialized response, status: 0, result code: 0
[m[0;32;31m1970-01-01 07:04:27.497|E|132501644|lpUCM [IpccProtoMessage.cpp:SerializeParams:112] m_offset, 185344
[m[1;33m1970-01-01 07:04:27.497|W|132501644|lpUCM [RemoteSails.cpp:SendWithRetry:185] Successfully wrote 1052 bytes
[m[0;32;32m1970-01-01 07:04:27.503|I|132501644|lpUCM [RemoteSails.cpp:HandleResponse:149] HandleResponse started, buffer size: 1048
[m[0;32;32m1970-01-01 07:04:27.503|I|132501644|lpUCM [RemoteSails.cpp:HandleResponse:158] Successfully deserialized response, status: 0, result code: 0
[m[0;32;31m1970-01-01 07:04:27.503|E|132501644|lpUCM [IpccProtoMessage.cpp:SerializeParams:112] m_offset, 186368
[m[1;33m1970-01-01 07:04:27.503|W|132501644|lpUCM [RemoteSails.cpp:SendWithRetry:185] Successfully wrote 1052 bytes
[m[0;32;32m1970-01-01 07:04:27.507|I|132501644|lpUCM [RemoteSails.cpp:HandleResponse:149] HandleResponse started, buffer size: 1048
[m[0;32;32m1970-01-01 07:04:27.507|I|132501644|lpUCM [RemoteSails.cpp:HandleResponse:158] Successfully deserialized response, status: 0, result code: 0
[m[0;32;31m1970-01-01 07:04:27.507|E|132501644|lpUCM [IpccProtoMessage.cpp:SerializeParams:112] m_offset, 187392
[m[1;33m1970-01-01 07:04:27.507|W|132501644|lpUCM [RemoteSails.cpp:SendWithRetry:185] Successfully wrote 1052 bytes
[m[0;32;32m1970-01-01 07:04:27.514|I|132501644|lpUCM [RemoteSails.cpp:HandleResponse:149] HandleResponse started, buffer size: 1048
[m[0;32;32m1970-01-01 07:04:27.514|I|132501644|lpUCM [RemoteSails.cpp:HandleResponse:158] Successfully deserialized response, status: 0, result code: 0
[m[0;32;31m1970-01-01 07:04:27.514|E|132501644|lpUCM [IpccProtoMessage.cpp:SerializeParams:112] m_offset, 188416
[m[1;33m1970-01-01 07:04:27.514|W|132501644|lpUCM [RemoteSails.cpp:SendWithRetry:185] Successfully wrote 1052 bytes
[m[0;32;32m1970-01-01 07:04:27.545|I|132501644|lpUCM [RemoteSails.cpp:HandleResponse:149] HandleResponse started, buffer size: 1048
[m[0;32;32m1970-01-01 07:04:27.545|I|132501644|lpUCM [RemoteSails.cpp:HandleResponse:158] Successfully deserialized response, status: 0, result code: 0
[m[0;32;31m1970-01-01 07:04:27.545|E|132501644|lpUCM [IpccProtoMessage.cpp:SerializeParams:112] m_offset, 189440
[m[1;33m1970-01-01 07:04:27.545|W|132501644|lpUCM [RemoteSails.cpp:SendWithRetry:185] Successfully wrote 1052 bytes
[m[0;32;32m1970-01-01 07:04:27.548|I|132501644|lpUCM [RemoteSails.cpp:HandleResponse:149] HandleResponse started, buffer size: 1048
[m[0;32;32m1970-01-01 07:04:27.548|I|132501644|lpUCM [RemoteSails.cpp:HandleResponse:158] Successfully deserialized response, status: 0, result code: 0
[m[0;32;31m1970-01-01 07:04:27.548|E|132501644|lpUCM [IpccProtoMessage.cpp:SerializeParams:112] m_offset, 190464
[m[1;33m1970-01-01 07:04:27.548|W|132501644|lpUCM [RemoteSails.cpp:SendWithRetry:185] Successfully wrote 1052 bytes
[m[0;32;32m1970-01-01 07:04:27.552|I|132501644|lpUCM [RemoteSails.cpp:HandleResponse:149] HandleResponse started, buffer size: 1048
[m[0;32;32m1970-01-01 07:04:27.552|I|132501644|lpUCM [RemoteSails.cpp:HandleResponse:158] Successfully deserialized response, status: 0, result code: 0
[m[0;32;31m1970-01-01 07:04:27.552|E|132501644|lpUCM [IpccProtoMessage.cpp:SerializeParams:112] m_offset, 191488
[m[1;33m1970-01-01 07:04:27.552|W|132501644|lpUCM [RemoteSails.cpp:SendWithRetry:185] Successfully wrote 1052 bytes
[m[0;32;32m1970-01-01 07:04:27.556|I|132501644|lpUCM [RemoteSails.cpp:HandleResponse:149] HandleResponse started, buffer size: 1048
[m[0;32;32m1970-01-01 07:04:27.556|I|132501644|lpUCM [RemoteSails.cpp:HandleResponse:158] Successfully deserialized response, status: 0, result code: 0
[m[0;32;31m1970-01-01 07:04:27.556|E|132501644|lpUCM [IpccProtoMessage.cpp:SerializeParams:112] m_offset, 192512
[m[1;33m1970-01-01 07:04:27.556|W|132501644|lpUCM [RemoteSails.cpp:SendWithRetry:185] Successfully wrote 1052 bytes
[m[0;32;32m1970-01-01 07:04:27.588|I|132501644|lpUCM [RemoteSails.cpp:HandleResponse:149] HandleResponse started, buffer size: 1048
[m[0;32;32m1970-01-01 07:04:27.588|I|132501644|lpUCM [RemoteSails.cpp:HandleResponse:158] Successfully deserialized response, status: 0, result code: 0
[m[0;32;31m1970-01-01 07:04:27.588|E|132501644|lpUCM [IpccProtoMessage.cpp:SerializeParams:112] m_offset, 193536
[m[1;33m1970-01-01 07:04:27.588|W|132501644|lpUCM [RemoteSails.cpp:SendWithRetry:185] Successfully wrote 1052 bytes
[m[0;32;32m1970-01-01 07:04:27.594|I|132501644|lpUCM [RemoteSails.cpp:HandleResponse:149] HandleResponse started, buffer size: 1048
[m[0;32;32m1970-01-01 07:04:27.594|I|132501644|lpUCM [RemoteSails.cpp:HandleResponse:158] Successfully deserialized response, status: 0, result code: 0
[m[0;32;31m1970-01-01 07:04:27.594|E|132501644|lpUCM [IpccProtoMessage.cpp:SerializeParams:112] m_offset, 194560
[m[1;33m1970-01-01 07:04:27.594|W|132501644|lpUCM [RemoteSails.cpp:SendWithRetry:185] Successfully wrote 1052 bytes
[m[0;32;32m1970-01-01 07:04:27.597|I|132501644|lpUCM [RemoteSails.cpp:HandleResponse:149] HandleResponse started, buffer size: 1048
[m[0;32;32m1970-01-01 07:04:27.597|I|132501644|lpUCM [RemoteSails.cpp:HandleResponse:158] Successfully deserialized response, status: 0, result code: 0
[m[0;32;31m1970-01-01 07:04:27.597|E|132501644|lpUCM [IpccProtoMessage.cpp:SerializeParams:112] m_offset, 195584
[m[1;33m1970-01-01 07:04:27.597|W|132501644|lpUCM [RemoteSails.cpp:SendWithRetry:185] Successfully wrote 1052 bytes
[m[0;32;32m1970-01-01 07:04:27.603|I|132501644|lpUCM [RemoteSails.cpp:HandleResponse:149] HandleResponse started, buffer size: 1048
[m[0;32;32m1970-01-01 07:04:27.603|I|132501644|lpUCM [RemoteSails.cpp:HandleResponse:158] Successfully deserialized response, status: 0, result code: 0
[m[0;32;32m1970-01-01 07:04:27.603|I|132501644|lpUCM [RemoteSails.cpp:SailWriteData:272] All data already trans size 16384
[m[0;32;32m1970-01-01 07:04:27.603|I|132501644|lpUCM [fds.cpp:FDS_OnLocalUpgProgress:248] total: 23, curr:22, percent:24, rop:92%
[m[0;32;32m1970-01-01 07:04:27.603|I|132501644|lpUCM [RemoteSails.cpp:SailWriteData:254] total data is 16384
[m[0;32;31m1970-01-01 07:04:27.603|E|132501644|lpUCM [IpccProtoMessage.cpp:SerializeParams:112] m_offset, 196608
[m[1;33m1970-01-01 07:04:27.603|W|132501644|lpUCM [RemoteSails.cpp:SendWithRetry:185] Successfully wrote 1052 bytes
[m[0;32;32m1970-01-01 07:04:27.633|I|132501644|lpUCM [RemoteSails.cpp:HandleResponse:149] HandleResponse started, buffer size: 1048
[m[0;32;32m1970-01-01 07:04:27.633|I|132501644|lpUCM [RemoteSails.cpp:HandleResponse:158] Successfully deserialized response, status: 0, result code: 0
[m[0;32;31m1970-01-01 07:04:27.633|E|132501644|lpUCM [IpccProtoMessage.cpp:SerializeParams:112] m_offset, 197632
[m[1;33m1970-01-01 07:04:27.633|W|132501644|lpUCM [RemoteSails.cpp:SendWithRetry:185] Successfully wrote 1052 bytes
[m[0;32;32m1970-01-01 07:04:27.636|I|132501644|lpUCM [RemoteSails.cpp:HandleResponse:149] HandleResponse started, buffer size: 1048
[m[0;32;32m1970-01-01 07:04:27.636|I|132501644|lpUCM [RemoteSails.cpp:HandleResponse:158] Successfully deserialized response, status: 0, result code: 0
[m[0;32;31m1970-01-01 07:04:27.636|E|132501644|lpUCM [IpccProtoMessage.cpp:SerializeParams:112] m_offset, 198656
[m[1;33m1970-01-01 07:04:27.636|W|132501644|lpUCM [RemoteSails.cpp:SendWithRetry:185] Successfully wrote 1052 bytes
[m[0;32;32m1970-01-01 07:04:27.639|I|132501644|lpUCM [RemoteSails.cpp:HandleResponse:149] HandleResponse started, buffer size: 1048
[m[0;32;32m1970-01-01 07:04:27.639|I|132501644|lpUCM [RemoteSails.cpp:HandleResponse:158] Successfully deserialized response, status: 0, result code: 0
[m[0;32;31m1970-01-01 07:04:27.639|E|132501644|lpUCM [IpccProtoMessage.cpp:SerializeParams:112] m_offset, 199680
[m[1;33m1970-01-01 07:04:27.639|W|132501644|lpUCM [RemoteSails.cpp:SendWithRetry:185] Successfully wrote 1052 bytes
[m[0;32;32m1970-01-01 07:04:27.642|I|132501644|lpUCM [RemoteSails.cpp:HandleResponse:149] HandleResponse started, buffer size: 1048
[m[0;32;32m1970-01-01 07:04:27.642|I|132501644|lpUCM [RemoteSails.cpp:HandleResponse:158] Successfully deserialized response, status: 0, result code: 0
[m[0;32;31m1970-01-01 07:04:27.642|E|132501644|lpUCM [IpccProtoMessage.cpp:SerializeParams:112] m_offset, 200704
[m[1;33m1970-01-01 07:04:27.642|W|132501644|lpUCM [RemoteSails.cpp:SendWithRetry:185] Successfully wrote 1052 bytes
[m[0;32;32m1970-01-01 07:04:27.673|I|132501644|lpUCM [RemoteSails.cpp:HandleResponse:149] HandleResponse started, buffer size: 1048
[m[0;32;32m1970-01-01 07:04:27.673|I|132501644|lpUCM [RemoteSails.cpp:HandleResponse:158] Successfully deserialized response, status: 0, result code: 0
[m[0;32;31m1970-01-01 07:04:27.673|E|132501644|lpUCM [IpccProtoMessage.cpp:SerializeParams:112] m_offset, 201728
[m[1;33m1970-01-01 07:04:27.673|W|132501644|lpUCM [RemoteSails.cpp:SendWithRetry:185] Successfully wrote 1052 bytes
[m[0;32;32m1970-01-01 07:04:27.676|I|132501644|lpUCM [RemoteSails.cpp:HandleResponse:149] HandleResponse started, buffer size: 1048
[m[0;32;32m1970-01-01 07:04:27.676|I|132501644|lpUCM [RemoteSails.cpp:HandleResponse:158] Successfully deserialized response, status: 0, result code: 0
[m[0;32;31m1970-01-01 07:04:27.676|E|132501644|lpUCM [IpccProtoMessage.cpp:SerializeParams:112] m_offset, 202752
[m[1;33m1970-01-01 07:04:27.676|W|132501644|lpUCM [RemoteSails.cpp:SendWithRetry:185] Successfully wrote 1052 bytes
[m[0;32;32m1970-01-01 07:04:27.683|I|132501644|lpUCM [RemoteSails.cpp:HandleResponse:149] HandleResponse started, buffer size: 1048
[m[0;32;32m1970-01-01 07:04:27.683|I|132501644|lpUCM [RemoteSails.cpp:HandleResponse:158] Successfully deserialized response, status: 0, result code: 0
[m[0;32;31m1970-01-01 07:04:27.683|E|132501644|lpUCM [IpccProtoMessage.cpp:SerializeParams:112] m_offset, 203776
[m[1;33m1970-01-01 07:04:27.683|W|132501644|lpUCM [RemoteSails.cpp:SendWithRetry:185] Successfully wrote 1052 bytes
[m[0;32;32m1970-01-01 07:04:27.686|I|132501644|lpUCM [RemoteSails.cpp:HandleResponse:149] HandleResponse started, buffer size: 1048
[m[0;32;32m1970-01-01 07:04:27.686|I|132501644|lpUCM [RemoteSails.cpp:HandleResponse:158] Successfully deserialized response, status: 0, result code: 0
[m[0;32;31m1970-01-01 07:04:27.686|E|132501644|lpUCM [IpccProtoMessage.cpp:SerializeParams:112] m_offset, 204800
[m[1;33m1970-01-01 07:04:27.686|W|132501644|lpUCM [RemoteSails.cpp:SendWithRetry:185] Successfully wrote 1052 bytes
[m[0;32;32m1970-01-01 07:04:27.718|I|132501644|lpUCM [RemoteSails.cpp:HandleResponse:149] HandleResponse started, buffer size: 1048
[m[0;32;32m1970-01-01 07:04:27.718|I|132501644|lpUCM [RemoteSails.cpp:HandleResponse:158] Successfully deserialized response, status: 0, result code: 0
[m[0;32;31m1970-01-01 07:04:27.718|E|132501644|lpUCM [IpccProtoMessage.cpp:SerializeParams:112] m_offset, 205824
[m[1;33m1970-01-01 07:04:27.718|W|132501644|lpUCM [RemoteSails.cpp:SendWithRetry:185] Successfully wrote 1052 bytes
[m[0;32;32m1970-01-01 07:04:27.722|I|132501644|lpUCM [RemoteSails.cpp:HandleResponse:149] HandleResponse started, buffer size: 1048
[m[0;32;32m1970-01-01 07:04:27.722|I|132501644|lpUCM [RemoteSails.cpp:HandleResponse:158] Successfully deserialized response, status: 0, result code: 0
[m[0;32;31m1970-01-01 07:04:27.722|E|132501644|lpUCM [IpccProtoMessage.cpp:SerializeParams:112] m_offset, 206848
[m[1;33m1970-01-01 07:04:27.722|W|132501644|lpUCM [RemoteSails.cpp:SendWithRetry:185] Successfully wrote 1052 bytes
[m[0;32;32m1970-01-01 07:04:27.725|I|132501644|lpUCM [RemoteSails.cpp:HandleResponse:149] HandleResponse started, buffer size: 1048
[m[0;32;32m1970-01-01 07:04:27.725|I|132501644|lpUCM [RemoteSails.cpp:HandleResponse:158] Successfully deserialized response, status: 0, result code: 0
[m[0;32;31m1970-01-01 07:04:27.725|E|132501644|lpUCM [IpccProtoMessage.cpp:SerializeParams:112] m_offset, 207872
[m[1;33m1970-01-01 07:04:27.725|W|132501644|lpUCM [RemoteSails.cpp:SendWithRetry:185] Successfully wrote 1052 bytes
[m[0;32;32m1970-01-01 07:04:27.728|I|132501644|lpUCM [RemoteSails.cpp:HandleResponse:149] HandleResponse started, buffer size: 1048
[m[0;32;32m1970-01-01 07:04:27.728|I|132501644|lpUCM [RemoteSails.cpp:HandleResponse:158] Successfully deserialized response, status: 0, result code: 0
[m[0;32;31m1970-01-01 07:04:27.728|E|132501644|lpUCM [IpccProtoMessage.cpp:SerializeParams:112] m_offset, 208896
[m[1;33m1970-01-01 07:04:27.728|W|132501644|lpUCM [RemoteSails.cpp:SendWithRetry:185] Successfully wrote 1052 bytes
[m[0;32;32m1970-01-01 07:04:27.757|I|132501644|lpUCM [RemoteSails.cpp:HandleResponse:149] HandleResponse started, buffer size: 1048
[m[0;32;32m1970-01-01 07:04:27.757|I|132501644|lpUCM [RemoteSails.cpp:HandleResponse:158] Successfully deserialized response, status: 0, result code: 0
[m[0;32;31m1970-01-01 07:04:27.757|E|132501644|lpUCM [IpccProtoMessage.cpp:SerializeParams:112] m_offset, 209920
[m[1;33m1970-01-01 07:04:27.757|W|132501644|lpUCM [RemoteSails.cpp:SendWithRetry:185] Successfully wrote 1052 bytes
[m[0;32;32m1970-01-01 07:04:27.761|I|132501644|lpUCM [RemoteSails.cpp:HandleResponse:149] HandleResponse started, buffer size: 1048
[m[0;32;32m1970-01-01 07:04:27.761|I|132501644|lpUCM [RemoteSails.cpp:HandleResponse:158] Successfully deserialized response, status: 0, result code: 0
[m[0;32;31m1970-01-01 07:04:27.761|E|132501644|lpUCM [IpccProtoMessage.cpp:SerializeParams:112] m_offset, 210944
[m[1;33m1970-01-01 07:04:27.761|W|132501644|lpUCM [RemoteSails.cpp:SendWithRetry:185] Successfully wrote 1052 bytes
[m[0;32;32m1970-01-01 07:04:27.764|I|132501644|lpUCM [RemoteSails.cpp:HandleResponse:149] HandleResponse started, buffer size: 1048
[m[0;32;32m1970-01-01 07:04:27.764|I|132501644|lpUCM [RemoteSails.cpp:HandleResponse:158] Successfully deserialized response, status: 0, result code: 0
[m[0;32;31m1970-01-01 07:04:27.764|E|132501644|lpUCM [IpccProtoMessage.cpp:SerializeParams:112] m_offset, 211968
[m[1;33m1970-01-01 07:04:27.764|W|132501644|lpUCM [RemoteSails.cpp:SendWithRetry:185] Successfully wrote 1052 bytes
[m[0;32;32m1970-01-01 07:04:27.768|I|132501644|lpUCM [RemoteSails.cpp:HandleResponse:149] HandleResponse started, buffer size: 1048
[m[0;32;32m1970-01-01 07:04:27.768|I|132501644|lpUCM [RemoteSails.cpp:HandleResponse:158] Successfully deserialized response, status: 0, result code: 0
[m[0;32;32m1970-01-01 07:04:27.768|I|132501644|lpUCM [RemoteSails.cpp:SailWriteData:272] All data already trans size 16384
[m[0;32;32m1970-01-01 07:04:27.768|I|132501644|lpUCM [fds.cpp:FDS_OnLocalUpgProgress:248] total: 23, curr:22, percent:25, rop:92%
[m[0;32;32m1970-01-01 07:04:27.768|I|132501644|lpUCM [RemoteSails.cpp:SailWriteData:254] total data is 16384
[m[0;32;31m1970-01-01 07:04:27.768|E|132501644|lpUCM [IpccProtoMessage.cpp:SerializeParams:112] m_offset, 212992
[m[1;33m1970-01-01 07:04:27.768|W|132501644|lpUCM [RemoteSails.cpp:SendWithRetry:185] Successfully wrote 1052 bytes
[m[0;32;32m1970-01-01 07:04:27.798|I|132501644|lpUCM [RemoteSails.cpp:HandleResponse:149] HandleResponse started, buffer size: 1048
[m[0;32;32m1970-01-01 07:04:27.798|I|132501644|lpUCM [RemoteSails.cpp:HandleResponse:158] Successfully deserialized response, status: 0, result code: 0
[m[0;32;31m1970-01-01 07:04:27.798|E|132501644|lpUCM [IpccProtoMessage.cpp:SerializeParams:112] m_offset, 214016
[m[1;33m1970-01-01 07:04:27.798|W|132501644|lpUCM [RemoteSails.cpp:SendWithRetry:185] Successfully wrote 1052 bytes
[m[0;32;32m1970-01-01 07:04:27.804|I|132501644|lpUCM [RemoteSails.cpp:HandleResponse:149] HandleResponse started, buffer size: 1048
[m[0;32;32m1970-01-01 07:04:27.804|I|132501644|lpUCM [RemoteSails.cpp:HandleResponse:158] Successfully deserialized response, status: 0, result code: 0
[m[0;32;31m1970-01-01 07:04:27.804|E|132501644|lpUCM [IpccProtoMessage.cpp:SerializeParams:112] m_offset, 215040
[m[1;33m1970-01-01 07:04:27.804|W|132501644|lpUCM [RemoteSails.cpp:SendWithRetry:185] Successfully wrote 1052 bytes
[m[0;32;32m1970-01-01 07:04:27.807|I|132501644|lpUCM [RemoteSails.cpp:HandleResponse:149] HandleResponse started, buffer size: 1048
[m[0;32;32m1970-01-01 07:04:27.807|I|132501644|lpUCM [RemoteSails.cpp:HandleResponse:158] Successfully deserialized response, status: 0, result code: 0
[m[0;32;31m1970-01-01 07:04:27.807|E|132501644|lpUCM [IpccProtoMessage.cpp:SerializeParams:112] m_offset, 216064
[m[1;33m1970-01-01 07:04:27.807|W|132501644|lpUCM [RemoteSails.cpp:SendWithRetry:185] Successfully wrote 1052 bytes
[m[0;32;32m1970-01-01 07:04:27.813|I|132501644|lpUCM [RemoteSails.cpp:HandleResponse:149] HandleResponse started, buffer size: 1048
[m[0;32;32m1970-01-01 07:04:27.813|I|132501644|lpUCM [RemoteSails.cpp:HandleResponse:158] Successfully deserialized response, status: 0, result code: 0
[m[0;32;31m1970-01-01 07:04:27.813|E|132501644|lpUCM [IpccProtoMessage.cpp:SerializeParams:112] m_offset, 217088
[m[1;33m1970-01-01 07:04:27.813|W|132501644|lpUCM [RemoteSails.cpp:SendWithRetry:185] Successfully wrote 1052 bytes
[m[0;32;32m1970-01-01 07:04:27.843|I|132501644|lpUCM [RemoteSails.cpp:HandleResponse:149] HandleResponse started, buffer size: 1048
[m[0;32;32m1970-01-01 07:04:27.843|I|132501644|lpUCM [RemoteSails.cpp:HandleResponse:158] Successfully deserialized response, status: 0, result code: 0
[m[0;32;31m1970-01-01 07:04:27.843|E|132501644|lpUCM [IpccProtoMessage.cpp:SerializeParams:112] m_offset, 218112
[m[1;33m1970-01-01 07:04:27.843|W|132501644|lpUCM [RemoteSails.cpp:SendWithRetry:185] Successfully wrote 1052 bytes
[m[0;32;32m1970-01-01 07:04:27.846|I|132501644|lpUCM [RemoteSails.cpp:HandleResponse:149] HandleResponse started, buffer size: 1048
[m[0;32;32m1970-01-01 07:04:27.846|I|132501644|lpUCM [RemoteSails.cpp:HandleResponse:158] Successfully deserialized response, status: 0, result code: 0
[m[0;32;31m1970-01-01 07:04:27.846|E|132501644|lpUCM [IpccProtoMessage.cpp:SerializeParams:112] m_offset, 219136
[m[1;33m1970-01-01 07:04:27.846|W|132501644|lpUCM [RemoteSails.cpp:SendWithRetry:185] Successfully wrote 1052 bytes
[m[0;32;32m1970-01-01 07:04:27.849|I|132501644|lpUCM [RemoteSails.cpp:HandleResponse:149] HandleResponse started, buffer size: 1048
[m[0;32;32m1970-01-01 07:04:27.849|I|132501644|lpUCM [RemoteSails.cpp:HandleResponse:158] Successfully deserialized response, status: 0, result code: 0
[m[0;32;31m1970-01-01 07:04:27.849|E|132501644|lpUCM [IpccProtoMessage.cpp:SerializeParams:112] m_offset, 220160
[m[1;33m1970-01-01 07:04:27.849|W|132501644|lpUCM [RemoteSails.cpp:SendWithRetry:185] Successfully wrote 1052 bytes
[m[0;32;32m1970-01-01 07:04:27.852|I|132501644|lpUCM [RemoteSails.cpp:HandleResponse:149] HandleResponse started, buffer size: 1048
[m[0;32;32m1970-01-01 07:04:27.852|I|132501644|lpUCM [RemoteSails.cpp:HandleResponse:158] Successfully deserialized response, status: 0, result code: 0
[m[0;32;31m1970-01-01 07:04:27.852|E|132501644|lpUCM [IpccProtoMessage.cpp:SerializeParams:112] m_offset, 221184
[m[1;33m1970-01-01 07:04:27.852|W|132501644|lpUCM [RemoteSails.cpp:SendWithRetry:185] Successfully wrote 1052 bytes
[m[0;32;32m1970-01-01 07:04:27.882|I|132501644|lpUCM [RemoteSails.cpp:HandleResponse:149] HandleResponse started, buffer size: 1048
[m[0;32;32m1970-01-01 07:04:27.882|I|132501644|lpUCM [RemoteSails.cpp:HandleResponse:158] Successfully deserialized response, status: 0, result code: 0
[m[0;32;31m1970-01-01 07:04:27.882|E|132501644|lpUCM [IpccProtoMessage.cpp:SerializeParams:112] m_offset, 222208
[m[1;33m1970-01-01 07:04:27.882|W|132501644|lpUCM [RemoteSails.cpp:SendWithRetry:185] Successfully wrote 1052 bytes
[m[0;32;32m1970-01-01 07:04:27.885|I|132501644|lpUCM [RemoteSails.cpp:HandleResponse:149] HandleResponse started, buffer size: 1048
[m[0;32;32m1970-01-01 07:04:27.885|I|132501644|lpUCM [RemoteSails.cpp:HandleResponse:158] Successfully deserialized response, status: 0, result code: 0
[m[0;32;31m1970-01-01 07:04:27.885|E|132501644|lpUCM [IpccProtoMessage.cpp:SerializeParams:112] m_offset, 223232
[m[1;33m1970-01-01 07:04:27.885|W|132501644|lpUCM [RemoteSails.cpp:SendWithRetry:185] Successfully wrote 1052 bytes
[m[0;32;32m1970-01-01 07:04:27.888|I|132501644|lpUCM [RemoteSails.cpp:HandleResponse:149] HandleResponse started, buffer size: 1048
[m[0;32;32m1970-01-01 07:04:27.888|I|132501644|lpUCM [RemoteSails.cpp:HandleResponse:158] Successfully deserialized response, status: 0, result code: 0
[m[0;32;31m1970-01-01 07:04:27.888|E|132501644|lpUCM [IpccProtoMessage.cpp:SerializeParams:112] m_offset, 224256
[m[1;33m1970-01-01 07:04:27.888|W|132501644|lpUCM [RemoteSails.cpp:SendWithRetry:185] Successfully wrote 1052 bytes
[m[0;32;32m1970-01-01 07:04:27.894|I|132501644|lpUCM [RemoteSails.cpp:HandleResponse:149] HandleResponse started, buffer size: 1048
[m[0;32;32m1970-01-01 07:04:27.894|I|132501644|lpUCM [RemoteSails.cpp:HandleResponse:158] Successfully deserialized response, status: 0, result code: 0
[m[0;32;31m1970-01-01 07:04:27.894|E|132501644|lpUCM [IpccProtoMessage.cpp:SerializeParams:112] m_offset, 225280
[m[1;33m1970-01-01 07:04:27.894|W|132501644|lpUCM [RemoteSails.cpp:SendWithRetry:185] Successfully wrote 1052 bytes
[m[0;32;32m1970-01-01 07:04:27.924|I|132501644|lpUCM [RemoteSails.cpp:HandleResponse:149] HandleResponse started, buffer size: 1048
[m[0;32;32m1970-01-01 07:04:27.924|I|132501644|lpUCM [RemoteSails.cpp:HandleResponse:158] Successfully deserialized response, status: 0, result code: 0
[m[0;32;31m1970-01-01 07:04:27.924|E|132501644|lpUCM [IpccProtoMessage.cpp:SerializeParams:112] m_offset, 226304
[m[1;33m1970-01-01 07:04:27.924|W|132501644|lpUCM [RemoteSails.cpp:SendWithRetry:185] Successfully wrote 1052 bytes
[m[0;32;32m1970-01-01 07:04:27.928|I|132501644|lpUCM [RemoteSails.cpp:HandleResponse:149] HandleResponse started, buffer size: 1048
[m[0;32;32m1970-01-01 07:04:27.928|I|132501644|lpUCM [RemoteSails.cpp:HandleResponse:158] Successfully deserialized response, status: 0, result code: 0
[m[0;32;31m1970-01-01 07:04:27.928|E|132501644|lpUCM [IpccProtoMessage.cpp:SerializeParams:112] m_offset, 227328
[m[1;33m1970-01-01 07:04:27.928|W|132501644|lpUCM [RemoteSails.cpp:SendWithRetry:185] Successfully wrote 1052 bytes
[m[0;32;32m1970-01-01 07:04:27.932|I|132501644|lpUCM [RemoteSails.cpp:HandleResponse:149] HandleResponse started, buffer size: 1048
[m[0;32;32m1970-01-01 07:04:27.932|I|132501644|lpUCM [RemoteSails.cpp:HandleResponse:158] Successfully deserialized response, status: 0, result code: 0
[m[0;32;31m1970-01-01 07:04:27.932|E|132501644|lpUCM [IpccProtoMessage.cpp:SerializeParams:112] m_offset, 228352
[m[1;33m1970-01-01 07:04:27.932|W|132501644|lpUCM [RemoteSails.cpp:SendWithRetry:185] Successfully wrote 1052 bytes
[m[0;32;32m1970-01-01 07:04:27.935|I|132501644|lpUCM [RemoteSails.cpp:HandleResponse:149] HandleResponse started, buffer size: 1048
[m[0;32;32m1970-01-01 07:04:27.935|I|132501644|lpUCM [RemoteSails.cpp:HandleResponse:158] Successfully deserialized response, status: 0, result code: 0
[m[0;32;32m1970-01-01 07:04:27.935|I|132501644|lpUCM [RemoteSails.cpp:SailWriteData:272] All data already trans size 16384
[m[0;32;32m1970-01-01 07:04:27.935|I|132501644|lpUCM [fds.cpp:FDS_OnLocalUpgProgress:248] total: 23, curr:22, percent:26, rop:92%
[m[0;32;32m1970-01-01 07:04:27.935|I|132501644|lpUCM [RemoteSails.cpp:SailWriteData:254] total data is 16384
[m[0;32;31m1970-01-01 07:04:27.935|E|132501644|lpUCM [IpccProtoMessage.cpp:SerializeParams:112] m_offset, 229376
[m[1;33m1970-01-01 07:04:27.935|W|132501644|lpUCM [RemoteSails.cpp:SendWithRetry:185] Successfully wrote 1052 bytes
[m[0;32;32m1970-01-01 07:04:27.967|I|132501644|lpUCM [RemoteSails.cpp:HandleResponse:149] HandleResponse started, buffer size: 1048
[m[0;32;32m1970-01-01 07:04:27.967|I|132501644|lpUCM [RemoteSails.cpp:HandleResponse:158] Successfully deserialized response, status: 0, result code: 0
[m[0;32;31m1970-01-01 07:04:27.967|E|132501644|lpUCM [IpccProtoMessage.cpp:SerializeParams:112] m_offset, 230400
[m[1;33m1970-01-01 07:04:27.967|W|132501644|lpUCM [RemoteSails.cpp:SendWithRetry:185] Successfully wrote 1052 bytes
[m[0;32;32m1970-01-01 07:04:27.973|I|132501644|lpUCM [RemoteSails.cpp:HandleResponse:149] HandleResponse started, buffer size: 1048
[m[0;32;32m1970-01-01 07:04:27.973|I|132501644|lpUCM [RemoteSails.cpp:HandleResponse:158] Successfully deserialized response, status: 0, result code: 0
[m[0;32;31m1970-01-01 07:04:27.973|E|132501644|lpUCM [IpccProtoMessage.cpp:SerializeParams:112] m_offset, 231424
[m[1;33m1970-01-01 07:04:27.973|W|132501644|lpUCM [RemoteSails.cpp:SendWithRetry:185] Successfully wrote 1052 bytes
[m[0;32;32m1970-01-01 07:04:27.976|I|132501644|lpUCM [RemoteSails.cpp:HandleResponse:149] HandleResponse started, buffer size: 1048
[m[0;32;32m1970-01-01 07:04:27.976|I|132501644|lpUCM [RemoteSails.cpp:HandleResponse:158] Successfully deserialized response, status: 0, result code: 0
[m[0;32;31m1970-01-01 07:04:27.976|E|132501644|lpUCM [IpccProtoMessage.cpp:SerializeParams:112] m_offset, 232448
[m[1;33m1970-01-01 07:04:27.976|W|132501644|lpUCM [RemoteSails.cpp:SendWithRetry:185] Successfully wrote 1052 bytes
[m[0;32;32m1970-01-01 07:04:27.979|I|132501644|lpUCM [RemoteSails.cpp:HandleResponse:149] HandleResponse started, buffer size: 1048
[m[0;32;32m1970-01-01 07:04:27.979|I|132501644|lpUCM [RemoteSails.cpp:HandleResponse:158] Successfully deserialized response, status: 0, result code: 0
[m[0;32;31m1970-01-01 07:04:27.979|E|132501644|lpUCM [IpccProtoMessage.cpp:SerializeParams:112] m_offset, 233472
[m[1;33m1970-01-01 07:04:27.979|W|132501644|lpUCM [RemoteSails.cpp:SendWithRetry:185] Successfully wrote 1052 bytes
[m[0;32;32m1970-01-01 07:04:28.9|I|132501644|lpUCM [RemoteSails.cpp:HandleResponse:149] HandleResponse started, buffer size: 1048
[m[0;32;32m1970-01-01 07:04:28.9|I|132501644|lpUCM [RemoteSails.cpp:HandleResponse:158] Successfully deserialized response, status: 0, result code: 0
[m[0;32;31m1970-01-01 07:04:28.9|E|132501644|lpUCM [IpccProtoMessage.cpp:SerializeParams:112] m_offset, 234496
[m[1;33m1970-01-01 07:04:28.9|W|132501644|lpUCM [RemoteSails.cpp:SendWithRetry:185] Successfully wrote 1052 bytes
[m[0;32;32m1970-01-01 07:04:28.12|I|132501644|lpUCM [RemoteSails.cpp:HandleResponse:149] HandleResponse started, buffer size: 1048
[m[0;32;32m1970-01-01 07:04:28.12|I|132501644|lpUCM [RemoteSails.cpp:HandleResponse:158] Successfully deserialized response, status: 0, result code: 0
[m[0;32;31m1970-01-01 07:04:28.12|E|132501644|lpUCM [IpccProtoMessage.cpp:SerializeParams:112] m_offset, 235520
[m[1;33m1970-01-01 07:04:28.12|W|132501644|lpUCM [RemoteSails.cpp:SendWithRetry:185] Successfully wrote 1052 bytes
[m[0;32;32m1970-01-01 07:04:28.15|I|132501644|lpUCM [RemoteSails.cpp:HandleResponse:149] HandleResponse started, buffer size: 1048
[m[0;32;32m1970-01-01 07:04:28.15|I|132501644|lpUCM [RemoteSails.cpp:HandleResponse:158] Successfully deserialized response, status: 0, result code: 0
[m[0;32;31m1970-01-01 07:04:28.15|E|132501644|lpUCM [IpccProtoMessage.cpp:SerializeParams:112] m_offset, 236544
[m[1;33m1970-01-01 07:04:28.15|W|132501644|lpUCM [RemoteSails.cpp:SendWithRetry:185] Successfully wrote 1052 bytes
[m[0;32;32m1970-01-01 07:04:28.18|I|132501644|lpUCM [RemoteSails.cpp:HandleResponse:149] HandleResponse started, buffer size: 1048
[m[0;32;32m1970-01-01 07:04:28.18|I|132501644|lpUCM [RemoteSails.cpp:HandleResponse:158] Successfully deserialized response, status: 0, result code: 0
[m[0;32;31m1970-01-01 07:04:28.18|E|132501644|lpUCM [IpccProtoMessage.cpp:SerializeParams:112] m_offset, 237568
[m[1;33m1970-01-01 07:04:28.18|W|132501644|lpUCM [RemoteSails.cpp:SendWithRetry:185] Successfully wrote 1052 bytes
[m[0;32;32m1970-01-01 07:04:28.48|I|132501644|lpUCM [RemoteSails.cpp:HandleResponse:149] HandleResponse started, buffer size: 1048
[m[0;32;32m1970-01-01 07:04:28.48|I|132501644|lpUCM [RemoteSails.cpp:HandleResponse:158] Successfully deserialized response, status: 0, result code: 0
[m[0;32;31m1970-01-01 07:04:28.48|E|132501644|lpUCM [IpccProtoMessage.cpp:SerializeParams:112] m_offset, 238592
[m[1;33m1970-01-01 07:04:28.48|W|132501644|lpUCM [RemoteSails.cpp:SendWithRetry:185] Successfully wrote 1052 bytes
[m[0;32;32m1970-01-01 07:04:28.54|I|132501644|lpUCM [RemoteSails.cpp:HandleResponse:149] HandleResponse started, buffer size: 1048
[m[0;32;32m1970-01-01 07:04:28.54|I|132501644|lpUCM [RemoteSails.cpp:HandleResponse:158] Successfully deserialized response, status: 0, result code: 0
[m[0;32;31m1970-01-01 07:04:28.54|E|132501644|lpUCM [IpccProtoMessage.cpp:SerializeParams:112] m_offset, 239616
[m[1;33m1970-01-01 07:04:28.54|W|132501644|lpUCM [RemoteSails.cpp:SendWithRetry:185] Successfully wrote 1052 bytes
[m[0;32;32m1970-01-01 07:04:28.57|I|132501644|lpUCM [RemoteSails.cpp:HandleResponse:149] HandleResponse started, buffer size: 1048
[m[0;32;32m1970-01-01 07:04:28.57|I|132501644|lpUCM [RemoteSails.cpp:HandleResponse:158] Successfully deserialized response, status: 0, result code: 0
[m[0;32;31m1970-01-01 07:04:28.57|E|132501644|lpUCM [IpccProtoMessage.cpp:SerializeParams:112] m_offset, 240640
[m[1;33m1970-01-01 07:04:28.57|W|132501644|lpUCM [RemoteSails.cpp:SendWithRetry:185] Successfully wrote 1052 bytes
[m[0;32;32m1970-01-01 07:04:28.63|I|132501644|lpUCM [RemoteSails.cpp:HandleResponse:149] HandleResponse started, buffer size: 1048
[m[0;32;32m1970-01-01 07:04:28.63|I|132501644|lpUCM [RemoteSails.cpp:HandleResponse:158] Successfully deserialized response, status: 0, result code: 0
[m[0;32;31m1970-01-01 07:04:28.63|E|132501644|lpUCM [IpccProtoMessage.cpp:SerializeParams:112] m_offset, 241664
[m[1;33m1970-01-01 07:04:28.63|W|132501644|lpUCM [RemoteSails.cpp:SendWithRetry:185] Successfully wrote 1052 bytes
[m[0;32;32m1970-01-01 07:04:28.92|I|132501644|lpUCM [RemoteSails.cpp:HandleResponse:149] HandleResponse started, buffer size: 1048
[m[0;32;32m1970-01-01 07:04:28.92|I|132501644|lpUCM [RemoteSails.cpp:HandleResponse:158] Successfully deserialized response, status: 0, result code: 0
[m[0;32;31m1970-01-01 07:04:28.92|E|132501644|lpUCM [IpccProtoMessage.cpp:SerializeParams:112] m_offset, 242688
[m[1;33m1970-01-01 07:04:28.92|W|132501644|lpUCM [RemoteSails.cpp:SendWithRetry:185] Successfully wrote 1052 bytes
[m[0;32;32m1970-01-01 07:04:28.96|I|132501644|lpUCM [RemoteSails.cpp:HandleResponse:149] HandleResponse started, buffer size: 1048
[m[0;32;32m1970-01-01 07:04:28.96|I|132501644|lpUCM [RemoteSails.cpp:HandleResponse:158] Successfully deserialized response, status: 0, result code: 0
[m[0;32;31m1970-01-01 07:04:28.96|E|132501644|lpUCM [IpccProtoMessage.cpp:SerializeParams:112] m_offset, 243712
[m[1;33m1970-01-01 07:04:28.96|W|132501644|lpUCM [RemoteSails.cpp:SendWithRetry:185] Successfully wrote 1052 bytes
[m[0;32;32m1970-01-01 07:04:28.100|I|132501644|lpUCM [RemoteSails.cpp:HandleResponse:149] HandleResponse started, buffer size: 1048
[m[0;32;32m1970-01-01 07:04:28.100|I|132501644|lpUCM [RemoteSails.cpp:HandleResponse:158] Successfully deserialized response, status: 0, result code: 0
[m[0;32;31m1970-01-01 07:04:28.100|E|132501644|lpUCM [IpccProtoMessage.cpp:SerializeParams:112] m_offset, 244736
[m[1;33m1970-01-01 07:04:28.100|W|132501644|lpUCM [RemoteSails.cpp:SendWithRetry:185] Successfully wrote 1052 bytes
[m[0;32;32m1970-01-01 07:04:28.104|I|132501644|lpUCM [RemoteSails.cpp:HandleResponse:149] HandleResponse started, buffer size: 1048
[m[0;32;32m1970-01-01 07:04:28.104|I|132501644|lpUCM [RemoteSails.cpp:HandleResponse:158] Successfully deserialized response, status: 0, result code: 0
[m[0;32;32m1970-01-01 07:04:28.104|I|132501644|lpUCM [RemoteSails.cpp:SailWriteData:272] All data already trans size 16384
[m[0;32;32m1970-01-01 07:04:28.104|I|132501644|lpUCM [fds.cpp:FDS_OnLocalUpgProgress:248] total: 23, curr:22, percent:27, rop:92%
[m[0;32;32m1970-01-01 07:04:28.104|I|132501644|lpUCM [RemoteSails.cpp:SailWriteData:254] total data is 16384
[m[0;32;31m1970-01-01 07:04:28.104|E|132501644|lpUCM [IpccProtoMessage.cpp:SerializeParams:112] m_offset, 245760
[m[1;33m1970-01-01 07:04:28.104|W|132501644|lpUCM [RemoteSails.cpp:SendWithRetry:185] Successfully wrote 1052 bytes
[m[0;32;32m1970-01-01 07:04:28.135|I|132501644|lpUCM [RemoteSails.cpp:HandleResponse:149] HandleResponse started, buffer size: 1048
[m[0;32;32m1970-01-01 07:04:28.135|I|132501644|lpUCM [RemoteSails.cpp:HandleResponse:158] Successfully deserialized response, status: 0, result code: 0
[m[0;32;31m1970-01-01 07:04:28.135|E|132501644|lpUCM [IpccProtoMessage.cpp:SerializeParams:112] m_offset, 246784
[m[1;33m1970-01-01 07:04:28.135|W|132501644|lpUCM [RemoteSails.cpp:SendWithRetry:185] Successfully wrote 1052 bytes
[m[0;32;32m1970-01-01 07:04:28.138|I|132501644|lpUCM [RemoteSails.cpp:HandleResponse:149] HandleResponse started, buffer size: 1048
[m[0;32;32m1970-01-01 07:04:28.138|I|132501644|lpUCM [RemoteSails.cpp:HandleResponse:158] Successfully deserialized response, status: 0, result code: 0
[m[0;32;31m1970-01-01 07:04:28.138|E|132501644|lpUCM [IpccProtoMessage.cpp:SerializeParams:112] m_offset, 247808
[m[1;33m1970-01-01 07:04:28.138|W|132501644|lpUCM [RemoteSails.cpp:SendWithRetry:185] Successfully wrote 1052 bytes
[m[0;32;32m1970-01-01 07:04:28.145|I|132501644|lpUCM [RemoteSails.cpp:HandleResponse:149] HandleResponse started, buffer size: 1048
[m[0;32;32m1970-01-01 07:04:28.145|I|132501644|lpUCM [RemoteSails.cpp:HandleResponse:158] Successfully deserialized response, status: 0, result code: 0
[m[0;32;31m1970-01-01 07:04:28.145|E|132501644|lpUCM [IpccProtoMessage.cpp:SerializeParams:112] m_offset, 248832
[m[1;33m1970-01-01 07:04:28.145|W|132501644|lpUCM [RemoteSails.cpp:SendWithRetry:185] Successfully wrote 1052 bytes
[m[0;32;32m1970-01-01 07:04:28.148|I|132501644|lpUCM [RemoteSails.cpp:HandleResponse:149] HandleResponse started, buffer size: 1048
[m[0;32;32m1970-01-01 07:04:28.148|I|132501644|lpUCM [RemoteSails.cpp:HandleResponse:158] Successfully deserialized response, status: 0, result code: 0
[m[0;32;31m1970-01-01 07:04:28.148|E|132501644|lpUCM [IpccProtoMessage.cpp:SerializeParams:112] m_offset, 249856
[m[1;33m1970-01-01 07:04:28.148|W|132501644|lpUCM [RemoteSails.cpp:SendWithRetry:185] Successfully wrote 1052 bytes
[m[0;32;32m1970-01-01 07:04:28.177|I|132501644|lpUCM [RemoteSails.cpp:HandleResponse:149] HandleResponse started, buffer size: 1048
[m[0;32;32m1970-01-01 07:04:28.177|I|132501644|lpUCM [RemoteSails.cpp:HandleResponse:158] Successfully deserialized response, status: 0, result code: 0
[m[0;32;31m1970-01-01 07:04:28.177|E|132501644|lpUCM [IpccProtoMessage.cpp:SerializeParams:112] m_offset, 250880
[m[1;33m1970-01-01 07:04:28.177|W|132501644|lpUCM [RemoteSails.cpp:SendWithRetry:185] Successfully wrote 1052 bytes
[m[0;32;32m1970-01-01 07:04:28.180|I|132501644|lpUCM [RemoteSails.cpp:HandleResponse:149] HandleResponse started, buffer size: 1048
[m[0;32;32m1970-01-01 07:04:28.180|I|132501644|lpUCM [RemoteSails.cpp:HandleResponse:158] Successfully deserialized response, status: 0, result code: 0
[m[0;32;31m1970-01-01 07:04:28.180|E|132501644|lpUCM [IpccProtoMessage.cpp:SerializeParams:112] m_offset, 251904
[m[1;33m1970-01-01 07:04:28.180|W|132501644|lpUCM [RemoteSails.cpp:SendWithRetry:185] Successfully wrote 1052 bytes
[m[0;32;32m1970-01-01 07:04:28.183|I|132501644|lpUCM [RemoteSails.cpp:HandleResponse:149] HandleResponse started, buffer size: 1048
[m[0;32;32m1970-01-01 07:04:28.183|I|132501644|lpUCM [RemoteSails.cpp:HandleResponse:158] Successfully deserialized response, status: 0, result code: 0
[m[0;32;31m1970-01-01 07:04:28.183|E|132501644|lpUCM [IpccProtoMessage.cpp:SerializeParams:112] m_offset, 252928
[m[1;33m1970-01-01 07:04:28.183|W|132501644|lpUCM [RemoteSails.cpp:SendWithRetry:185] Successfully wrote 1052 bytes
[m[0;32;32m1970-01-01 07:04:28.186|I|132501644|lpUCM [RemoteSails.cpp:HandleResponse:149] HandleResponse started, buffer size: 1048
[m[0;32;32m1970-01-01 07:04:28.186|I|132501644|lpUCM [RemoteSails.cpp:HandleResponse:158] Successfully deserialized response, status: 0, result code: 0
[m[0;32;31m1970-01-01 07:04:28.186|E|132501644|lpUCM [IpccProtoMessage.cpp:SerializeParams:112] m_offset, 253952
[m[1;33m1970-01-01 07:04:28.186|W|132501644|lpUCM [RemoteSails.cpp:SendWithRetry:185] Successfully wrote 1052 bytes
[m[0;32;32m1970-01-01 07:04:28.216|I|132501644|lpUCM [RemoteSails.cpp:HandleResponse:149] HandleResponse started, buffer size: 1048
[m[0;32;32m1970-01-01 07:04:28.216|I|132501644|lpUCM [RemoteSails.cpp:HandleResponse:158] Successfully deserialized response, status: 0, result code: 0
[m[0;32;31m1970-01-01 07:04:28.216|E|132501644|lpUCM [IpccProtoMessage.cpp:SerializeParams:112] m_offset, 254976
[m[1;33m1970-01-01 07:04:28.216|W|132501644|lpUCM [RemoteSails.cpp:SendWithRetry:185] Successfully wrote 1052 bytes
[m[0;32;32m1970-01-01 07:04:28.222|I|132501644|lpUCM [RemoteSails.cpp:HandleResponse:149] HandleResponse started, buffer size: 1048
[m[0;32;32m1970-01-01 07:04:28.222|I|132501644|lpUCM [RemoteSails.cpp:HandleResponse:158] Successfully deserialized response, status: 0, result code: 0
[m[0;32;31m1970-01-01 07:04:28.222|E|132501644|lpUCM [IpccProtoMessage.cpp:SerializeParams:112] m_offset, 256000
[m[1;33m1970-01-01 07:04:28.222|W|132501644|lpUCM [RemoteSails.cpp:SendWithRetry:185] Successfully wrote 1052 bytes
[m[0;32;32m1970-01-01 07:04:28.225|I|132501644|lpUCM [RemoteSails.cpp:HandleResponse:149] HandleResponse started, buffer size: 1048
[m[0;32;32m1970-01-01 07:04:28.225|I|132501644|lpUCM [RemoteSails.cpp:HandleResponse:158] Successfully deserialized response, status: 0, result code: 0
[m[0;32;31m1970-01-01 07:04:28.225|E|132501644|lpUCM [IpccProtoMessage.cpp:SerializeParams:112] m_offset, 257024
[m[1;33m1970-01-01 07:04:28.225|W|132501644|lpUCM [RemoteSails.cpp:SendWithRetry:185] Successfully wrote 1052 bytes
[m[0;32;32m1970-01-01 07:04:28.228|I|132501644|lpUCM [RemoteSails.cpp:HandleResponse:149] HandleResponse started, buffer size: 1048
[m[0;32;32m1970-01-01 07:04:28.228|I|132501644|lpUCM [RemoteSails.cpp:HandleResponse:158] Successfully deserialized response, status: 0, result code: 0
[m[0;32;31m1970-01-01 07:04:28.228|E|132501644|lpUCM [IpccProtoMessage.cpp:SerializeParams:112] m_offset, 258048
[m[1;33m1970-01-01 07:04:28.228|W|132501644|lpUCM [RemoteSails.cpp:SendWithRetry:185] Successfully wrote 1052 bytes
[m[0;32;32m1970-01-01 07:04:28.260|I|132501644|lpUCM [RemoteSails.cpp:HandleResponse:149] HandleResponse started, buffer size: 1048
[m[0;32;32m1970-01-01 07:04:28.260|I|132501644|lpUCM [RemoteSails.cpp:HandleResponse:158] Successfully deserialized response, status: 0, result code: 0
[m[0;32;31m1970-01-01 07:04:28.260|E|132501644|lpUCM [IpccProtoMessage.cpp:SerializeParams:112] m_offset, 259072
[m[1;33m1970-01-01 07:04:28.260|W|132501644|lpUCM [RemoteSails.cpp:SendWithRetry:185] Successfully wrote 1052 bytes
[m[0;32;32m1970-01-01 07:04:28.263|I|132501644|lpUCM [RemoteSails.cpp:HandleResponse:149] HandleResponse started, buffer size: 1048
[m[0;32;32m1970-01-01 07:04:28.263|I|132501644|lpUCM [RemoteSails.cpp:HandleResponse:158] Successfully deserialized response, status: 0, result code: 0
[m[0;32;31m1970-01-01 07:04:28.263|E|132501644|lpUCM [IpccProtoMessage.cpp:SerializeParams:112] m_offset, 260096
[m[1;33m1970-01-01 07:04:28.263|W|132501644|lpUCM [RemoteSails.cpp:SendWithRetry:185] Successfully wrote 1052 bytes
[m[0;32;32m1970-01-01 07:04:28.266|I|132501644|lpUCM [RemoteSails.cpp:HandleResponse:149] HandleResponse started, buffer size: 1048
[m[0;32;32m1970-01-01 07:04:28.266|I|132501644|lpUCM [RemoteSails.cpp:HandleResponse:158] Successfully deserialized response, status: 0, result code: 0
[m[0;32;31m1970-01-01 07:04:28.266|E|132501644|lpUCM [IpccProtoMessage.cpp:SerializeParams:112] m_offset, 261120
[m[1;33m1970-01-01 07:04:28.266|W|132501644|lpUCM [RemoteSails.cpp:SendWithRetry:185] Successfully wrote 1052 bytes
[m[0;32;32m1970-01-01 07:04:28.270|I|132501644|lpUCM [RemoteSails.cpp:HandleResponse:149] HandleResponse started, buffer size: 1048
[m[0;32;32m1970-01-01 07:04:28.270|I|132501644|lpUCM [RemoteSails.cpp:HandleResponse:158] Successfully deserialized response, status: 0, result code: 0
[m[0;32;32m1970-01-01 07:04:28.270|I|132501644|lpUCM [RemoteSails.cpp:SailWriteData:272] All data already trans size 16384
[m[0;32;32m1970-01-01 07:04:28.270|I|132501644|lpUCM [fds.cpp:FDS_OnLocalUpgProgress:248] total: 23, curr:22, percent:28, rop:92%
[m[0;32;32m1970-01-01 07:04:28.270|I|132501644|lpUCM [RemoteSails.cpp:SailWriteData:254] total data is 16384
[m[0;32;31m1970-01-01 07:04:28.270|E|132501644|lpUCM [IpccProtoMessage.cpp:SerializeParams:112] m_offset, 262144
[m[1;33m1970-01-01 07:04:28.270|W|132501644|lpUCM [RemoteSails.cpp:SendWithRetry:185] Successfully wrote 1052 bytes
[m[0;32;32m1970-01-01 07:04:28.299|I|132501644|lpUCM [RemoteSails.cpp:HandleResponse:149] HandleResponse started, buffer size: 1048
[m[0;32;32m1970-01-01 07:04:28.299|I|132501644|lpUCM [RemoteSails.cpp:HandleResponse:158] Successfully deserialized response, status: 0, result code: 0
[m[0;32;31m1970-01-01 07:04:28.299|E|132501644|lpUCM [IpccProtoMessage.cpp:SerializeParams:112] m_offset, 263168
[m[1;33m1970-01-01 07:04:28.299|W|132501644|lpUCM [RemoteSails.cpp:SendWithRetry:185] Successfully wrote 1052 bytes
[m[0;32;32m1970-01-01 07:04:28.302|I|132501644|lpUCM [RemoteSails.cpp:HandleResponse:149] HandleResponse started, buffer size: 1048
[m[0;32;32m1970-01-01 07:04:28.302|I|132501644|lpUCM [RemoteSails.cpp:HandleResponse:158] Successfully deserialized response, status: 0, result code: 0
[m[0;32;31m1970-01-01 07:04:28.302|E|132501644|lpUCM [IpccProtoMessage.cpp:SerializeParams:112] m_offset, 264192
[m[1;33m1970-01-01 07:04:28.302|W|132501644|lpUCM [RemoteSails.cpp:SendWithRetry:185] Successfully wrote 1052 bytes
[m[0;32;32m1970-01-01 07:04:28.305|I|132501644|lpUCM [RemoteSails.cpp:HandleResponse:149] HandleResponse started, buffer size: 1048
[m[0;32;32m1970-01-01 07:04:28.305|I|132501644|lpUCM [RemoteSails.cpp:HandleResponse:158] Successfully deserialized response, status: 0, result code: 0
[m[0;32;31m1970-01-01 07:04:28.305|E|132501644|lpUCM [IpccProtoMessage.cpp:SerializeParams:112] m_offset, 265216
[m[1;33m1970-01-01 07:04:28.305|W|132501644|lpUCM [RemoteSails.cpp:SendWithRetry:185] Successfully wrote 1052 bytes
[m[0;32;32m1970-01-01 07:04:28.309|I|132501644|lpUCM [RemoteSails.cpp:HandleResponse:149] HandleResponse started, buffer size: 1048
[m[0;32;32m1970-01-01 07:04:28.309|I|132501644|lpUCM [RemoteSails.cpp:HandleResponse:158] Successfully deserialized response, status: 0, result code: 0
[m[0;32;31m1970-01-01 07:04:28.309|E|132501644|lpUCM [IpccProtoMessage.cpp:SerializeParams:112] m_offset, 266240
[m[1;33m1970-01-01 07:04:28.309|W|132501644|lpUCM [RemoteSails.cpp:SendWithRetry:185] Successfully wrote 1052 bytes
[m[0;32;32m1970-01-01 07:04:28.340|I|132501644|lpUCM [RemoteSails.cpp:HandleResponse:149] HandleResponse started, buffer size: 1048
[m[0;32;32m1970-01-01 07:04:28.340|I|132501644|lpUCM [RemoteSails.cpp:HandleResponse:158] Successfully deserialized response, status: 0, result code: 0
[m[0;32;31m1970-01-01 07:04:28.340|E|132501644|lpUCM [IpccProtoMessage.cpp:SerializeParams:112] m_offset, 267264
[m[1;33m1970-01-01 07:04:28.340|W|132501644|lpUCM [RemoteSails.cpp:SendWithRetry:185] Successfully wrote 1052 bytes
[m[0;32;32m1970-01-01 07:04:28.344|I|132501644|lpUCM [RemoteSails.cpp:HandleResponse:149] HandleResponse started, buffer size: 1048
[m[0;32;32m1970-01-01 07:04:28.344|I|132501644|lpUCM [RemoteSails.cpp:HandleResponse:158] Successfully deserialized response, status: 0, result code: 0
[m[0;32;31m1970-01-01 07:04:28.344|E|132501644|lpUCM [IpccProtoMessage.cpp:SerializeParams:112] m_offset, 268288
[m[1;33m1970-01-01 07:04:28.344|W|132501644|lpUCM [RemoteSails.cpp:SendWithRetry:185] Successfully wrote 1052 bytes
[m[0;32;32m1970-01-01 07:04:28.348|I|132501644|lpUCM [RemoteSails.cpp:HandleResponse:149] HandleResponse started, buffer size: 1048
[m[0;32;32m1970-01-01 07:04:28.348|I|132501644|lpUCM [RemoteSails.cpp:HandleResponse:158] Successfully deserialized response, status: 0, result code: 0
[m[0;32;31m1970-01-01 07:04:28.348|E|132501644|lpUCM [IpccProtoMessage.cpp:SerializeParams:112] m_offset, 269312
[m[1;33m1970-01-01 07:04:28.348|W|132501644|lpUCM [RemoteSails.cpp:SendWithRetry:185] Successfully wrote 1052 bytes
[m[0;32;32m1970-01-01 07:04:28.355|I|132501644|lpUCM [RemoteSails.cpp:HandleResponse:149] HandleResponse started, buffer size: 1048
[m[0;32;32m1970-01-01 07:04:28.355|I|132501644|lpUCM [RemoteSails.cpp:HandleResponse:158] Successfully deserialized response, status: 0, result code: 0
[m[0;32;31m1970-01-01 07:04:28.355|E|132501644|lpUCM [IpccProtoMessage.cpp:SerializeParams:112] m_offset, 270336
[m[1;33m1970-01-01 07:04:28.355|W|132501644|lpUCM [RemoteSails.cpp:SendWithRetry:185] Successfully wrote 1052 bytes
[m[0;32;32m1970-01-01 07:04:28.383|I|132501644|lpUCM [RemoteSails.cpp:HandleResponse:149] HandleResponse started, buffer size: 1048
[m[0;32;32m1970-01-01 07:04:28.383|I|132501644|lpUCM [RemoteSails.cpp:HandleResponse:158] Successfully deserialized response, status: 0, result code: 0
[m[0;32;31m1970-01-01 07:04:28.383|E|132501644|lpUCM [IpccProtoMessage.cpp:SerializeParams:112] m_offset, 271360
[m[1;33m1970-01-01 07:04:28.383|W|132501644|lpUCM [RemoteSails.cpp:SendWithRetry:185] Successfully wrote 1052 bytes
[m[0;32;32m1970-01-01 07:04:28.386|I|132501644|lpUCM [RemoteSails.cpp:HandleResponse:149] HandleResponse started, buffer size: 1048
[m[0;32;32m1970-01-01 07:04:28.386|I|132501644|lpUCM [RemoteSails.cpp:HandleResponse:158] Successfully deserialized response, status: 0, result code: 0
[m[0;32;31m1970-01-01 07:04:28.386|E|132501644|lpUCM [IpccProtoMessage.cpp:SerializeParams:112] m_offset, 272384
[m[1;33m1970-01-01 07:04:28.386|W|132501644|lpUCM [RemoteSails.cpp:SendWithRetry:185] Successfully wrote 1052 bytes
[m[0;32;32m1970-01-01 07:04:28.389|I|132501644|lpUCM [RemoteSails.cpp:HandleResponse:149] HandleResponse started, buffer size: 1048
[m[0;32;32m1970-01-01 07:04:28.389|I|132501644|lpUCM [RemoteSails.cpp:HandleResponse:158] Successfully deserialized response, status: 0, result code: 0
[m[0;32;31m1970-01-01 07:04:28.389|E|132501644|lpUCM [IpccProtoMessage.cpp:SerializeParams:112] m_offset, 273408
[m[1;33m1970-01-01 07:04:28.389|W|132501644|lpUCM [RemoteSails.cpp:SendWithRetry:185] Successfully wrote 1052 bytes
[m[0;32;32m1970-01-01 07:04:28.392|I|132501644|lpUCM [RemoteSails.cpp:HandleResponse:149] HandleResponse started, buffer size: 1048
[m[0;32;32m1970-01-01 07:04:28.392|I|132501644|lpUCM [RemoteSails.cpp:HandleResponse:158] Successfully deserialized response, status: 0, result code: 0
[m[0;32;31m1970-01-01 07:04:28.392|E|132501644|lpUCM [IpccProtoMessage.cpp:SerializeParams:112] m_offset, 274432
[m[1;33m1970-01-01 07:04:28.392|W|132501644|lpUCM [RemoteSails.cpp:SendWithRetry:185] Successfully wrote 1052 bytes
[m[0;32;32m1970-01-01 07:04:28.422|I|132501644|lpUCM [RemoteSails.cpp:HandleResponse:149] HandleResponse started, buffer size: 1048
[m[0;32;32m1970-01-01 07:04:28.422|I|132501644|lpUCM [RemoteSails.cpp:HandleResponse:158] Successfully deserialized response, status: 0, result code: 0
[m[0;32;31m1970-01-01 07:04:28.422|E|132501644|lpUCM [IpccProtoMessage.cpp:SerializeParams:112] m_offset, 275456
[m[1;33m1970-01-01 07:04:28.422|W|132501644|lpUCM [RemoteSails.cpp:SendWithRetry:185] Successfully wrote 1052 bytes
[m[0;32;32m1970-01-01 07:04:28.425|I|132501644|lpUCM [RemoteSails.cpp:HandleResponse:149] HandleResponse started, buffer size: 1048
[m[0;32;32m1970-01-01 07:04:28.425|I|132501644|lpUCM [RemoteSails.cpp:HandleResponse:158] Successfully deserialized response, status: 0, result code: 0
[m[0;32;31m1970-01-01 07:04:28.425|E|132501644|lpUCM [IpccProtoMessage.cpp:SerializeParams:112] m_offset, 276480
[m[1;33m1970-01-01 07:04:28.425|W|132501644|lpUCM [RemoteSails.cpp:SendWithRetry:185] Successfully wrote 1052 bytes
[m[0;32;32m1970-01-01 07:04:28.428|I|132501644|lpUCM [RemoteSails.cpp:HandleResponse:149] HandleResponse started, buffer size: 1048
[m[0;32;32m1970-01-01 07:04:28.428|I|132501644|lpUCM [RemoteSails.cpp:HandleResponse:158] Successfully deserialized response, status: 0, result code: 0
[m[0;32;31m1970-01-01 07:04:28.428|E|132501644|lpUCM [IpccProtoMessage.cpp:SerializeParams:112] m_offset, 277504
[m[1;33m1970-01-01 07:04:28.428|W|132501644|lpUCM [RemoteSails.cpp:SendWithRetry:185] Successfully wrote 1052 bytes
[m[0;32;32m1970-01-01 07:04:28.431|I|132501644|lpUCM [RemoteSails.cpp:HandleResponse:149] HandleResponse started, buffer size: 1048
[m[0;32;32m1970-01-01 07:04:28.431|I|132501644|lpUCM [RemoteSails.cpp:HandleResponse:158] Successfully deserialized response, status: 0, result code: 0
[m[0;32;32m1970-01-01 07:04:28.431|I|132501644|lpUCM [RemoteSails.cpp:SailWriteData:272] All data already trans size 16384
[m[0;32;32m1970-01-01 07:04:28.431|I|132501644|lpUCM [fds.cpp:FDS_OnLocalUpgProgress:248] total: 23, curr:22, percent:29, rop:92%
[m[0;32;32m1970-01-01 07:04:28.431|I|132501644|lpUCM [RemoteSails.cpp:SailWriteData:254] total data is 16384
[m[0;32;31m1970-01-01 07:04:28.431|E|132501644|lpUCM [IpccProtoMessage.cpp:SerializeParams:112] m_offset, 278528
[m[1;33m1970-01-01 07:04:28.431|W|132501644|lpUCM [RemoteSails.cpp:SendWithRetry:185] Successfully wrote 1052 bytes
[m[0;32;32m1970-01-01 07:04:28.461|I|132501644|lpUCM [RemoteSails.cpp:HandleResponse:149] HandleResponse started, buffer size: 1048
[m[0;32;32m1970-01-01 07:04:28.461|I|132501644|lpUCM [RemoteSails.cpp:HandleResponse:158] Successfully deserialized response, status: 0, result code: 0
[m[0;32;31m1970-01-01 07:04:28.461|E|132501644|lpUCM [IpccProtoMessage.cpp:SerializeParams:112] m_offset, 279552
[m[1;33m1970-01-01 07:04:28.461|W|132501644|lpUCM [RemoteSails.cpp:SendWithRetry:185] Successfully wrote 1052 bytes
[m[0;32;32m1970-01-01 07:04:28.464|I|132501644|lpUCM [RemoteSails.cpp:HandleResponse:149] HandleResponse started, buffer size: 1048
[m[0;32;32m1970-01-01 07:04:28.464|I|132501644|lpUCM [RemoteSails.cpp:HandleResponse:158] Successfully deserialized response, status: 0, result code: 0
[m[0;32;31m1970-01-01 07:04:28.464|E|132501644|lpUCM [IpccProtoMessage.cpp:SerializeParams:112] m_offset, 280576
[m[1;33m1970-01-01 07:04:28.464|W|132501644|lpUCM [RemoteSails.cpp:SendWithRetry:185] Successfully wrote 1052 bytes
[m[0;32;32m1970-01-01 07:04:28.467|I|132501644|lpUCM [RemoteSails.cpp:HandleResponse:149] HandleResponse started, buffer size: 1048
[m[0;32;32m1970-01-01 07:04:28.467|I|132501644|lpUCM [RemoteSails.cpp:HandleResponse:158] Successfully deserialized response, status: 0, result code: 0
[m[0;32;31m1970-01-01 07:04:28.467|E|132501644|lpUCM [IpccProtoMessage.cpp:SerializeParams:112] m_offset, 281600
[m[1;33m1970-01-01 07:04:28.467|W|132501644|lpUCM [RemoteSails.cpp:SendWithRetry:185] Successfully wrote 1052 bytes
[m[0;32;32m1970-01-01 07:04:28.474|I|132501644|lpUCM [RemoteSails.cpp:HandleResponse:149] HandleResponse started, buffer size: 1048
[m[0;32;32m1970-01-01 07:04:28.474|I|132501644|lpUCM [RemoteSails.cpp:HandleResponse:158] Successfully deserialized response, status: 0, result code: 0
[m[0;32;31m1970-01-01 07:04:28.474|E|132501644|lpUCM [IpccProtoMessage.cpp:SerializeParams:112] m_offset, 282624
[m[1;33m1970-01-01 07:04:28.474|W|132501644|lpUCM [RemoteSails.cpp:SendWithRetry:185] Successfully wrote 1052 bytes
[m[0;32;32m1970-01-01 07:04:28.506|I|132501644|lpUCM [RemoteSails.cpp:HandleResponse:149] HandleResponse started, buffer size: 1048
[m[0;32;32m1970-01-01 07:04:28.506|I|132501644|lpUCM [RemoteSails.cpp:HandleResponse:158] Successfully deserialized response, status: 0, result code: 0
[m[0;32;31m1970-01-01 07:04:28.506|E|132501644|lpUCM [IpccProtoMessage.cpp:SerializeParams:112] m_offset, 283648
[m[1;33m1970-01-01 07:04:28.506|W|132501644|lpUCM [RemoteSails.cpp:SendWithRetry:185] Successfully wrote 1052 bytes
[m[0;32;32m1970-01-01 07:04:28.509|I|132501644|lpUCM [RemoteSails.cpp:HandleResponse:149] HandleResponse started, buffer size: 1048
[m[0;32;32m1970-01-01 07:04:28.509|I|132501644|lpUCM [RemoteSails.cpp:HandleResponse:158] Successfully deserialized response, status: 0, result code: 0
[m[0;32;31m1970-01-01 07:04:28.509|E|132501644|lpUCM [IpccProtoMessage.cpp:SerializeParams:112] m_offset, 284672
[m[1;33m1970-01-01 07:04:28.509|W|132501644|lpUCM [RemoteSails.cpp:SendWithRetry:185] Successfully wrote 1052 bytes
[m[0;32;32m1970-01-01 07:04:28.512|I|132501644|lpUCM [RemoteSails.cpp:HandleResponse:149] HandleResponse started, buffer size: 1048
[m[0;32;32m1970-01-01 07:04:28.512|I|132501644|lpUCM [RemoteSails.cpp:HandleResponse:158] Successfully deserialized response, status: 0, result code: 0
[m[0;32;31m1970-01-01 07:04:28.512|E|132501644|lpUCM [IpccProtoMessage.cpp:SerializeParams:112] m_offset, 285696
[m[1;33m1970-01-01 07:04:28.512|W|132501644|lpUCM [RemoteSails.cpp:SendWithRetry:185] Successfully wrote 1052 bytes
[m[0;32;32m1970-01-01 07:04:28.515|I|132501644|lpUCM [RemoteSails.cpp:HandleResponse:149] HandleResponse started, buffer size: 1048
[m[0;32;32m1970-01-01 07:04:28.515|I|132501644|lpUCM [RemoteSails.cpp:HandleResponse:158] Successfully deserialized response, status: 0, result code: 0
[m[0;32;31m1970-01-01 07:04:28.515|E|132501644|lpUCM [IpccProtoMessage.cpp:SerializeParams:112] m_offset, 286720
[m[1;33m1970-01-01 07:04:28.515|W|132501644|lpUCM [RemoteSails.cpp:SendWithRetry:185] Successfully wrote 1052 bytes
[m[0;32;32m1970-01-01 07:04:28.547|I|132501644|lpUCM [RemoteSails.cpp:HandleResponse:149] HandleResponse started, buffer size: 1048
[m[0;32;32m1970-01-01 07:04:28.547|I|132501644|lpUCM [RemoteSails.cpp:HandleResponse:158] Successfully deserialized response, status: 0, result code: 0
[m[0;32;31m1970-01-01 07:04:28.547|E|132501644|lpUCM [IpccProtoMessage.cpp:SerializeParams:112] m_offset, 287744
[m[1;33m1970-01-01 07:04:28.547|W|132501644|lpUCM [RemoteSails.cpp:SendWithRetry:185] Successfully wrote 1052 bytes
[m[0;32;32m1970-01-01 07:04:28.554|I|132501644|lpUCM [RemoteSails.cpp:HandleResponse:149] HandleResponse started, buffer size: 1048
[m[0;32;32m1970-01-01 07:04:28.554|I|132501644|lpUCM [RemoteSails.cpp:HandleResponse:158] Successfully deserialized response, status: 0, result code: 0
[m[0;32;31m1970-01-01 07:04:28.554|E|132501644|lpUCM [IpccProtoMessage.cpp:SerializeParams:112] m_offset, 288768
[m[1;33m1970-01-01 07:04:28.554|W|132501644|lpUCM [RemoteSails.cpp:SendWithRetry:185] Successfully wrote 1052 bytes
[m[0;32;32m1970-01-01 07:04:28.558|I|132501644|lpUCM [RemoteSails.cpp:HandleResponse:149] HandleResponse started, buffer size: 1048
[m[0;32;32m1970-01-01 07:04:28.558|I|132501644|lpUCM [RemoteSails.cpp:HandleResponse:158] Successfully deserialized response, status: 0, result code: 0
[m[0;32;31m1970-01-01 07:04:28.558|E|132501644|lpUCM [IpccProtoMessage.cpp:SerializeParams:112] m_offset, 289792
[m[1;33m1970-01-01 07:04:28.558|W|132501644|lpUCM [RemoteSails.cpp:SendWithRetry:185] Successfully wrote 1052 bytes
[m[0;32;32m1970-01-01 07:04:28.564|I|132501644|lpUCM [RemoteSails.cpp:HandleResponse:149] HandleResponse started, buffer size: 1048
[m[0;32;32m1970-01-01 07:04:28.564|I|132501644|lpUCM [RemoteSails.cpp:HandleResponse:158] Successfully deserialized response, status: 0, result code: 0
[m[0;32;31m1970-01-01 07:04:28.564|E|132501644|lpUCM [IpccProtoMessage.cpp:SerializeParams:112] m_offset, 290816
[m[1;33m1970-01-01 07:04:28.564|W|132501644|lpUCM [RemoteSails.cpp:SendWithRetry:185] Successfully wrote 1052 bytes
[m[0;32;32m1970-01-01 07:04:28.595|I|132501644|lpUCM [RemoteSails.cpp:HandleResponse:149] HandleResponse started, buffer size: 1048
[m[0;32;32m1970-01-01 07:04:28.595|I|132501644|lpUCM [RemoteSails.cpp:HandleResponse:158] Successfully deserialized response, status: 0, result code: 0
[m[0;32;31m1970-01-01 07:04:28.595|E|132501644|lpUCM [IpccProtoMessage.cpp:SerializeParams:112] m_offset, 291840
[m[1;33m1970-01-01 07:04:28.595|W|132501644|lpUCM [RemoteSails.cpp:SendWithRetry:185] Successfully wrote 1052 bytes
[m[0;32;32m1970-01-01 07:04:28.598|I|132501644|lpUCM [RemoteSails.cpp:HandleResponse:149] HandleResponse started, buffer size: 1048
[m[0;32;32m1970-01-01 07:04:28.598|I|132501644|lpUCM [RemoteSails.cpp:HandleResponse:158] Successfully deserialized response, status: 0, result code: 0
[m[0;32;31m1970-01-01 07:04:28.598|E|132501644|lpUCM [IpccProtoMessage.cpp:SerializeParams:112] m_offset, 292864
[m[1;33m1970-01-01 07:04:28.598|W|132501644|lpUCM [RemoteSails.cpp:SendWithRetry:185] Successfully wrote 1052 bytes
[m[0;32;32m1970-01-01 07:04:28.601|I|132501644|lpUCM [RemoteSails.cpp:HandleResponse:149] HandleResponse started, buffer size: 1048
[m[0;32;32m1970-01-01 07:04:28.601|I|132501644|lpUCM [RemoteSails.cpp:HandleResponse:158] Successfully deserialized response, status: 0, result code: 0
[m[0;32;31m1970-01-01 07:04:28.601|E|132501644|lpUCM [IpccProtoMessage.cpp:SerializeParams:112] m_offset, 293888
[m[1;33m1970-01-01 07:04:28.601|W|132501644|lpUCM [RemoteSails.cpp:SendWithRetry:185] Successfully wrote 1052 bytes
[m[0;32;32m1970-01-01 07:04:28.604|I|132501644|lpUCM [RemoteSails.cpp:HandleResponse:149] HandleResponse started, buffer size: 1048
[m[0;32;32m1970-01-01 07:04:28.604|I|132501644|lpUCM [RemoteSails.cpp:HandleResponse:158] Successfully deserialized response, status: 0, result code: 0
[m[0;32;32m1970-01-01 07:04:28.604|I|132501644|lpUCM [RemoteSails.cpp:SailWriteData:272] All data already trans size 16384
[m[0;32;32m1970-01-01 07:04:28.604|I|132501644|lpUCM [fds.cpp:FDS_OnLocalUpgProgress:248] total: 23, curr:22, percent:30, rop:92%
[m[0;32;32m1970-01-01 07:04:28.604|I|132501644|lpUCM [RemoteSails.cpp:SailWriteData:254] total data is 16384
[m[0;32;31m1970-01-01 07:04:28.604|E|132501644|lpUCM [IpccProtoMessage.cpp:SerializeParams:112] m_offset, 294912
[m[1;33m1970-01-01 07:04:28.604|W|132501644|lpUCM [RemoteSails.cpp:SendWithRetry:185] Successfully wrote 1052 bytes
[m[0;32;32m1970-01-01 07:04:28.634|I|132501644|lpUCM [RemoteSails.cpp:HandleResponse:149] HandleResponse started, buffer size: 1048
[m[0;32;32m1970-01-01 07:04:28.634|I|132501644|lpUCM [RemoteSails.cpp:HandleResponse:158] Successfully deserialized response, status: 0, result code: 0
[m[0;32;31m1970-01-01 07:04:28.634|E|132501644|lpUCM [IpccProtoMessage.cpp:SerializeParams:112] m_offset, 295936
[m[1;33m1970-01-01 07:04:28.634|W|132501644|lpUCM [RemoteSails.cpp:SendWithRetry:185] Successfully wrote 1052 bytes
[m[0;32;32m1970-01-01 07:04:28.637|I|132501644|lpUCM [RemoteSails.cpp:HandleResponse:149] HandleResponse started, buffer size: 1048
[m[0;32;32m1970-01-01 07:04:28.637|I|132501644|lpUCM [RemoteSails.cpp:HandleResponse:158] Successfully deserialized response, status: 0, result code: 0
[m[0;32;31m1970-01-01 07:04:28.637|E|132501644|lpUCM [IpccProtoMessage.cpp:SerializeParams:112] m_offset, 296960
[m[1;33m1970-01-01 07:04:28.637|W|132501644|lpUCM [RemoteSails.cpp:SendWithRetry:185] Successfully wrote 1052 bytes
[m[0;32;32m1970-01-01 07:04:28.643|I|132501644|lpUCM [RemoteSails.cpp:HandleResponse:149] HandleResponse started, buffer size: 1048
[m[0;32;32m1970-01-01 07:04:28.643|I|132501644|lpUCM [RemoteSails.cpp:HandleResponse:158] Successfully deserialized response, status: 0, result code: 0
[m[0;32;31m1970-01-01 07:04:28.643|E|132501644|lpUCM [IpccProtoMessage.cpp:SerializeParams:112] m_offset, 297984
[m[1;33m1970-01-01 07:04:28.643|W|132501644|lpUCM [RemoteSails.cpp:SendWithRetry:185] Successfully wrote 1052 bytes
[m[0;32;32m1970-01-01 07:04:28.646|I|132501644|lpUCM [RemoteSails.cpp:HandleResponse:149] HandleResponse started, buffer size: 1048
[m[0;32;32m1970-01-01 07:04:28.646|I|132501644|lpUCM [RemoteSails.cpp:HandleResponse:158] Successfully deserialized response, status: 0, result code: 0
[m[0;32;31m1970-01-01 07:04:28.646|E|132501644|lpUCM [IpccProtoMessage.cpp:SerializeParams:112] m_offset, 299008
[m[1;33m1970-01-01 07:04:28.646|W|132501644|lpUCM [RemoteSails.cpp:SendWithRetry:185] Successfully wrote 1052 bytes
[m[0;32;32m1970-01-01 07:04:28.676|I|132501644|lpUCM [RemoteSails.cpp:HandleResponse:149] HandleResponse started, buffer size: 1048
[m[0;32;32m1970-01-01 07:04:28.676|I|132501644|lpUCM [RemoteSails.cpp:HandleResponse:158] Successfully deserialized response, status: 0, result code: 0
[m[0;32;31m1970-01-01 07:04:28.676|E|132501644|lpUCM [IpccProtoMessage.cpp:SerializeParams:112] m_offset, 300032
[m[1;33m1970-01-01 07:04:28.676|W|132501644|lpUCM [RemoteSails.cpp:SendWithRetry:185] Successfully wrote 1052 bytes
[m[0;32;32m1970-01-01 07:04:28.682|I|132501644|lpUCM [RemoteSails.cpp:HandleResponse:149] HandleResponse started, buffer size: 1048
[m[0;32;32m1970-01-01 07:04:28.682|I|132501644|lpUCM [RemoteSails.cpp:HandleResponse:158] Successfully deserialized response, status: 0, result code: 0
[m[0;32;31m1970-01-01 07:04:28.682|E|132501644|lpUCM [IpccProtoMessage.cpp:SerializeParams:112] m_offset, 301056
[m[1;33m1970-01-01 07:04:28.682|W|132501644|lpUCM [RemoteSails.cpp:SendWithRetry:185] Successfully wrote 1052 bytes
[m[0;32;32m1970-01-01 07:04:28.685|I|132501644|lpUCM [RemoteSails.cpp:HandleResponse:149] HandleResponse started, buffer size: 1048
[m[0;32;32m1970-01-01 07:04:28.685|I|132501644|lpUCM [RemoteSails.cpp:HandleResponse:158] Successfully deserialized response, status: 0, result code: 0
[m[0;32;31m1970-01-01 07:04:28.685|E|132501644|lpUCM [IpccProtoMessage.cpp:SerializeParams:112] m_offset, 302080
[m[1;33m1970-01-01 07:04:28.685|W|132501644|lpUCM [RemoteSails.cpp:SendWithRetry:185] Successfully wrote 1052 bytes
[m[0;32;32m1970-01-01 07:04:28.688|I|132501644|lpUCM [RemoteSails.cpp:HandleResponse:149] HandleResponse started, buffer size: 1048
[m[0;32;32m1970-01-01 07:04:28.688|I|132501644|lpUCM [RemoteSails.cpp:HandleResponse:158] Successfully deserialized response, status: 0, result code: 0
[m[0;32;31m1970-01-01 07:04:28.688|E|132501644|lpUCM [IpccProtoMessage.cpp:SerializeParams:112] m_offset, 303104
[m[1;33m1970-01-01 07:04:28.688|W|132501644|lpUCM [RemoteSails.cpp:SendWithRetry:185] Successfully wrote 1052 bytes
[m[0;32;32m1970-01-01 07:04:28.720|I|132501644|lpUCM [RemoteSails.cpp:HandleResponse:149] HandleResponse started, buffer size: 1048
[m[0;32;32m1970-01-01 07:04:28.720|I|132501644|lpUCM [RemoteSails.cpp:HandleResponse:158] Successfully deserialized response, status: 0, result code: 0
[m[0;32;31m1970-01-01 07:04:28.720|E|132501644|lpUCM [IpccProtoMessage.cpp:SerializeParams:112] m_offset, 304128
[m[1;33m1970-01-01 07:04:28.720|W|132501644|lpUCM [RemoteSails.cpp:SendWithRetry:185] Successfully wrote 1052 bytes
[m[0;32;32m1970-01-01 07:04:28.724|I|132501644|lpUCM [RemoteSails.cpp:HandleResponse:149] HandleResponse started, buffer size: 1048
[m[0;32;32m1970-01-01 07:04:28.724|I|132501644|lpUCM [RemoteSails.cpp:HandleResponse:158] Successfully deserialized response, status: 0, result code: 0
[m[0;32;31m1970-01-01 07:04:28.724|E|132501644|lpUCM [IpccProtoMessage.cpp:SerializeParams:112] m_offset, 305152
[m[1;33m1970-01-01 07:04:28.724|W|132501644|lpUCM [RemoteSails.cpp:SendWithRetry:185] Successfully wrote 1052 bytes
[m[0;32;32m1970-01-01 07:04:28.728|I|132501644|lpUCM [RemoteSails.cpp:HandleResponse:149] HandleResponse started, buffer size: 1048
[m[0;32;32m1970-01-01 07:04:28.728|I|132501644|lpUCM [RemoteSails.cpp:HandleResponse:158] Successfully deserialized response, status: 0, result code: 0
[m[0;32;31m1970-01-01 07:04:28.728|E|132501644|lpUCM [IpccProtoMessage.cpp:SerializeParams:112] m_offset, 306176
[m[1;33m1970-01-01 07:04:28.728|W|132501644|lpUCM [RemoteSails.cpp:SendWithRetry:185] Successfully wrote 1052 bytes
[m[0;32;32m1970-01-01 07:04:28.735|I|132501644|lpUCM [RemoteSails.cpp:HandleResponse:149] HandleResponse started, buffer size: 1048
[m[0;32;32m1970-01-01 07:04:28.735|I|132501644|lpUCM [RemoteSails.cpp:HandleResponse:158] Successfully deserialized response, status: 0, result code: 0
[m[0;32;31m1970-01-01 07:04:28.735|E|132501644|lpUCM [IpccProtoMessage.cpp:SerializeParams:112] m_offset, 307200
[m[1;33m1970-01-01 07:04:28.735|W|132501644|lpUCM [RemoteSails.cpp:SendWithRetry:185] Successfully wrote 1052 bytes
[m[0;32;32m1970-01-01 07:04:28.765|I|132501644|lpUCM [RemoteSails.cpp:HandleResponse:149] HandleResponse started, buffer size: 1048
[m[0;32;32m1970-01-01 07:04:28.765|I|132501644|lpUCM [RemoteSails.cpp:HandleResponse:158] Successfully deserialized response, status: 0, result code: 0
[m[0;32;31m1970-01-01 07:04:28.765|E|132501644|lpUCM [IpccProtoMessage.cpp:SerializeParams:112] m_offset, 308224
[m[1;33m1970-01-01 07:04:28.765|W|132501644|lpUCM [RemoteSails.cpp:SendWithRetry:185] Successfully wrote 1052 bytes
[m[0;32;32m1970-01-01 07:04:28.768|I|132501644|lpUCM [RemoteSails.cpp:HandleResponse:149] HandleResponse started, buffer size: 1048
[m[0;32;32m1970-01-01 07:04:28.768|I|132501644|lpUCM [RemoteSails.cpp:HandleResponse:158] Successfully deserialized response, status: 0, result code: 0
[m[0;32;31m1970-01-01 07:04:28.768|E|132501644|lpUCM [IpccProtoMessage.cpp:SerializeParams:112] m_offset, 309248
[m[1;33m1970-01-01 07:04:28.768|W|132501644|lpUCM [RemoteSails.cpp:SendWithRetry:185] Successfully wrote 1052 bytes
[m[0;32;32m1970-01-01 07:04:28.775|I|132501644|lpUCM [RemoteSails.cpp:HandleResponse:149] HandleResponse started, buffer size: 1048
[m[0;32;32m1970-01-01 07:04:28.775|I|132501644|lpUCM [RemoteSails.cpp:HandleResponse:158] Successfully deserialized response, status: 0, result code: 0
[m[0;32;31m1970-01-01 07:04:28.775|E|132501644|lpUCM [IpccProtoMessage.cpp:SerializeParams:112] m_offset, 310272
[m[1;33m1970-01-01 07:04:28.775|W|132501644|lpUCM [RemoteSails.cpp:SendWithRetry:185] Successfully wrote 1052 bytes
[m[0;32;32m1970-01-01 07:04:28.778|I|132501644|lpUCM [RemoteSails.cpp:HandleResponse:149] HandleResponse started, buffer size: 1048
[m[0;32;32m1970-01-01 07:04:28.778|I|132501644|lpUCM [RemoteSails.cpp:HandleResponse:158] Successfully deserialized response, status: 0, result code: 0
[m[0;32;32m1970-01-01 07:04:28.778|I|132501644|lpUCM [RemoteSails.cpp:SailWriteData:272] All data already trans size 16384
[m[0;32;32m1970-01-01 07:04:28.778|I|132501644|lpUCM [fds.cpp:FDS_OnLocalUpgProgress:248] total: 23, curr:22, percent:31, rop:92%
[m[0;32;32m1970-01-01 07:04:28.778|I|132501644|lpUCM [RemoteSails.cpp:SailWriteData:254] total data is 16384
[m[0;32;31m1970-01-01 07:04:28.778|E|132501644|lpUCM [IpccProtoMessage.cpp:SerializeParams:112] m_offset, 311296
[m[1;33m1970-01-01 07:04:28.778|W|132501644|lpUCM [RemoteSails.cpp:SendWithRetry:185] Successfully wrote 1052 bytes
[m[0;32;32m1970-01-01 07:04:28.809|I|132501644|lpUCM [RemoteSails.cpp:HandleResponse:149] HandleResponse started, buffer size: 1048
[m[0;32;32m1970-01-01 07:04:28.809|I|132501644|lpUCM [RemoteSails.cpp:HandleResponse:158] Successfully deserialized response, status: 0, result code: 0
[m[0;32;31m1970-01-01 07:04:28.809|E|132501644|lpUCM [IpccProtoMessage.cpp:SerializeParams:112] m_offset, 312320
[m[1;33m1970-01-01 07:04:28.809|W|132501644|lpUCM [RemoteSails.cpp:SendWithRetry:185] Successfully wrote 1052 bytes
[m[0;32;32m1970-01-01 07:04:28.812|I|132501644|lpUCM [RemoteSails.cpp:HandleResponse:149] HandleResponse started, buffer size: 1048
[m[0;32;32m1970-01-01 07:04:28.812|I|132501644|lpUCM [RemoteSails.cpp:HandleResponse:158] Successfully deserialized response, status: 0, result code: 0
[m[0;32;31m1970-01-01 07:04:28.812|E|132501644|lpUCM [IpccProtoMessage.cpp:SerializeParams:112] m_offset, 313344
[m[1;33m1970-01-01 07:04:28.812|W|132501644|lpUCM [RemoteSails.cpp:SendWithRetry:185] Successfully wrote 1052 bytes
[m[0;32;32m1970-01-01 07:04:28.815|I|132501644|lpUCM [RemoteSails.cpp:HandleResponse:149] HandleResponse started, buffer size: 1048
[m[0;32;32m1970-01-01 07:04:28.815|I|132501644|lpUCM [RemoteSails.cpp:HandleResponse:158] Successfully deserialized response, status: 0, result code: 0
[m[0;32;31m1970-01-01 07:04:28.815|E|132501644|lpUCM [IpccProtoMessage.cpp:SerializeParams:112] m_offset, 314368
[m[1;33m1970-01-01 07:04:28.815|W|132501644|lpUCM [RemoteSails.cpp:SendWithRetry:185] Successfully wrote 1052 bytes
[m[0;32;32m1970-01-01 07:04:28.818|I|132501644|lpUCM [RemoteSails.cpp:HandleResponse:149] HandleResponse started, buffer size: 1048
[m[0;32;32m1970-01-01 07:04:28.818|I|132501644|lpUCM [RemoteSails.cpp:HandleResponse:158] Successfully deserialized response, status: 0, result code: 0
[m[0;32;31m1970-01-01 07:04:28.818|E|132501644|lpUCM [IpccProtoMessage.cpp:SerializeParams:112] m_offset, 315392
[m[1;33m1970-01-01 07:04:28.818|W|132501644|lpUCM [RemoteSails.cpp:SendWithRetry:185] Successfully wrote 1052 bytes
[m[0;32;32m1970-01-01 07:04:28.848|I|132501644|lpUCM [RemoteSails.cpp:HandleResponse:149] HandleResponse started, buffer size: 1048
[m[0;32;32m1970-01-01 07:04:28.848|I|132501644|lpUCM [RemoteSails.cpp:HandleResponse:158] Successfully deserialized response, status: 0, result code: 0
[m[0;32;31m1970-01-01 07:04:28.848|E|132501644|lpUCM [IpccProtoMessage.cpp:SerializeParams:112] m_offset, 316416
[m[1;33m1970-01-01 07:04:28.848|W|132501644|lpUCM [RemoteSails.cpp:SendWithRetry:185] Successfully wrote 1052 bytes
[m[0;32;32m1970-01-01 07:04:28.854|I|132501644|lpUCM [RemoteSails.cpp:HandleResponse:149] HandleResponse started, buffer size: 1048
[m[0;32;32m1970-01-01 07:04:28.854|I|132501644|lpUCM [RemoteSails.cpp:HandleResponse:158] Successfully deserialized response, status: 0, result code: 0
[m[0;32;31m1970-01-01 07:04:28.854|E|132501644|lpUCM [IpccProtoMessage.cpp:SerializeParams:112] m_offset, 317440
[m[1;33m1970-01-01 07:04:28.854|W|132501644|lpUCM [RemoteSails.cpp:SendWithRetry:185] Successfully wrote 1052 bytes
[m[0;32;32m1970-01-01 07:04:28.857|I|132501644|lpUCM [RemoteSails.cpp:HandleResponse:149] HandleResponse started, buffer size: 1048
[m[0;32;32m1970-01-01 07:04:28.857|I|132501644|lpUCM [RemoteSails.cpp:HandleResponse:158] Successfully deserialized response, status: 0, result code: 0
[m[0;32;31m1970-01-01 07:04:28.857|E|132501644|lpUCM [IpccProtoMessage.cpp:SerializeParams:112] m_offset, 318464
[m[1;33m1970-01-01 07:04:28.857|W|132501644|lpUCM [RemoteSails.cpp:SendWithRetry:185] Successfully wrote 1052 bytes
[m[0;32;32m1970-01-01 07:04:28.863|I|132501644|lpUCM [RemoteSails.cpp:HandleResponse:149] HandleResponse started, buffer size: 1048
[m[0;32;32m1970-01-01 07:04:28.863|I|132501644|lpUCM [RemoteSails.cpp:HandleResponse:158] Successfully deserialized response, status: 0, result code: 0
[m[0;32;31m1970-01-01 07:04:28.863|E|132501644|lpUCM [IpccProtoMessage.cpp:SerializeParams:112] m_offset, 319488
[m[1;33m1970-01-01 07:04:28.863|W|132501644|lpUCM [RemoteSails.cpp:SendWithRetry:185] Successfully wrote 1052 bytes
[m[0;32;32m1970-01-01 07:04:28.893|I|132501644|lpUCM [RemoteSails.cpp:HandleResponse:149] HandleResponse started, buffer size: 1048
[m[0;32;32m1970-01-01 07:04:28.893|I|132501644|lpUCM [RemoteSails.cpp:HandleResponse:158] Successfully deserialized response, status: 0, result code: 0
[m[0;32;31m1970-01-01 07:04:28.893|E|132501644|lpUCM [IpccProtoMessage.cpp:SerializeParams:112] m_offset, 320512
[m[1;33m1970-01-01 07:04:28.893|W|132501644|lpUCM [RemoteSails.cpp:SendWithRetry:185] Successfully wrote 1052 bytes
[m[0;32;32m1970-01-01 07:04:28.896|I|132501644|lpUCM [RemoteSails.cpp:HandleResponse:149] HandleResponse started, buffer size: 1048
[m[0;32;32m1970-01-01 07:04:28.896|I|132501644|lpUCM [RemoteSails.cpp:HandleResponse:158] Successfully deserialized response, status: 0, result code: 0
[m[0;32;31m1970-01-01 07:04:28.896|E|132501644|lpUCM [IpccProtoMessage.cpp:SerializeParams:112] m_offset, 321536
[m[1;33m1970-01-01 07:04:28.896|W|132501644|lpUCM [RemoteSails.cpp:SendWithRetry:185] Successfully wrote 1052 bytes
[m[0;32;32m1970-01-01 07:04:28.903|I|132501644|lpUCM [RemoteSails.cpp:HandleResponse:149] HandleResponse started, buffer size: 1048
[m[0;32;32m1970-01-01 07:04:28.903|I|132501644|lpUCM [RemoteSails.cpp:HandleResponse:158] Successfully deserialized response, status: 0, result code: 0
[m[0;32;31m1970-01-01 07:04:28.903|E|132501644|lpUCM [IpccProtoMessage.cpp:SerializeParams:112] m_offset, 322560
[m[1;33m1970-01-01 07:04:28.903|W|132501644|lpUCM [RemoteSails.cpp:SendWithRetry:185] Successfully wrote 1052 bytes
[m[0;32;32m1970-01-01 07:04:28.907|I|132501644|lpUCM [RemoteSails.cpp:HandleResponse:149] HandleResponse started, buffer size: 1048
[m[0;32;32m1970-01-01 07:04:28.907|I|132501644|lpUCM [RemoteSails.cpp:HandleResponse:158] Successfully deserialized response, status: 0, result code: 0
[m[0;32;31m1970-01-01 07:04:28.907|E|132501644|lpUCM [IpccProtoMessage.cpp:SerializeParams:112] m_offset, 323584
[m[1;33m1970-01-01 07:04:28.907|W|132501644|lpUCM [RemoteSails.cpp:SendWithRetry:185] Successfully wrote 1052 bytes
[m[0;32;32m1970-01-01 07:04:28.937|I|132501644|lpUCM [RemoteSails.cpp:HandleResponse:149] HandleResponse started, buffer size: 1048
[m[0;32;32m1970-01-01 07:04:28.937|I|132501644|lpUCM [RemoteSails.cpp:HandleResponse:158] Successfully deserialized response, status: 0, result code: 0
[m[0;32;31m1970-01-01 07:04:28.937|E|132501644|lpUCM [IpccProtoMessage.cpp:SerializeParams:112] m_offset, 324608
[m[1;33m1970-01-01 07:04:28.937|W|132501644|lpUCM [RemoteSails.cpp:SendWithRetry:185] Successfully wrote 1052 bytes
[m[0;32;32m1970-01-01 07:04:28.941|I|132501644|lpUCM [RemoteSails.cpp:HandleResponse:149] HandleResponse started, buffer size: 1048
[m[0;32;32m1970-01-01 07:04:28.941|I|132501644|lpUCM [RemoteSails.cpp:HandleResponse:158] Successfully deserialized response, status: 0, result code: 0
[m[0;32;31m1970-01-01 07:04:28.941|E|132501644|lpUCM [IpccProtoMessage.cpp:SerializeParams:112] m_offset, 325632
[m[1;33m1970-01-01 07:04:28.941|W|132501644|lpUCM [RemoteSails.cpp:SendWithRetry:185] Successfully wrote 1052 bytes
[m[0;32;32m1970-01-01 07:04:28.944|I|132501644|lpUCM [RemoteSails.cpp:HandleResponse:149] HandleResponse started, buffer size: 1048
[m[0;32;32m1970-01-01 07:04:28.944|I|132501644|lpUCM [RemoteSails.cpp:HandleResponse:158] Successfully deserialized response, status: 0, result code: 0
[m[0;32;31m1970-01-01 07:04:28.944|E|132501644|lpUCM [IpccProtoMessage.cpp:SerializeParams:112] m_offset, 326656
[m[1;33m1970-01-01 07:04:28.944|W|132501644|lpUCM [RemoteSails.cpp:SendWithRetry:185] Successfully wrote 1052 bytes
[m[0;32;32m1970-01-01 07:04:28.947|I|132501644|lpUCM [RemoteSails.cpp:HandleResponse:149] HandleResponse started, buffer size: 1048
[m[0;32;32m1970-01-01 07:04:28.947|I|132501644|lpUCM [RemoteSails.cpp:HandleResponse:158] Successfully deserialized response, status: 0, result code: 0
[m[0;32;32m1970-01-01 07:04:28.947|I|132501644|lpUCM [RemoteSails.cpp:SailWriteData:272] All data already trans size 16384
[m[0;32;32m1970-01-01 07:04:28.947|I|132501644|lpUCM [fds.cpp:FDS_OnLocalUpgProgress:248] total: 23, curr:22, percent:32, rop:92%
[m[0;32;32m1970-01-01 07:04:28.947|I|132501644|lpUCM [RemoteSails.cpp:SailWriteData:254] total data is 16384
[m[0;32;31m1970-01-01 07:04:28.947|E|132501644|lpUCM [IpccProtoMessage.cpp:SerializeParams:112] m_offset, 327680
[m[1;33m1970-01-01 07:04:28.947|W|132501644|lpUCM [RemoteSails.cpp:SendWithRetry:185] Successfully wrote 1052 bytes
[m[0;32;32m1970-01-01 07:04:28.976|I|132501644|lpUCM [RemoteSails.cpp:HandleResponse:149] HandleResponse started, buffer size: 1048
[m[0;32;32m1970-01-01 07:04:28.976|I|132501644|lpUCM [RemoteSails.cpp:HandleResponse:158] Successfully deserialized response, status: 0, result code: 0
[m[0;32;31m1970-01-01 07:04:28.976|E|132501644|lpUCM [IpccProtoMessage.cpp:SerializeParams:112] m_offset, 328704
[m[1;33m1970-01-01 07:04:28.976|W|132501644|lpUCM [RemoteSails.cpp:SendWithRetry:185] Successfully wrote 1052 bytes
[m[0;32;32m1970-01-01 07:04:28.982|I|132501644|lpUCM [RemoteSails.cpp:HandleResponse:149] HandleResponse started, buffer size: 1048
[m[0;32;32m1970-01-01 07:04:28.982|I|132501644|lpUCM [RemoteSails.cpp:HandleResponse:158] Successfully deserialized response, status: 0, result code: 0
[m[0;32;31m1970-01-01 07:04:28.982|E|132501644|lpUCM [IpccProtoMessage.cpp:SerializeParams:112] m_offset, 329728
[m[1;33m1970-01-01 07:04:28.982|W|132501644|lpUCM [RemoteSails.cpp:SendWithRetry:185] Successfully wrote 1052 bytes
[m[0;32;32m1970-01-01 07:04:28.985|I|132501644|lpUCM [RemoteSails.cpp:HandleResponse:149] HandleResponse started, buffer size: 1048
[m[0;32;32m1970-01-01 07:04:28.985|I|132501644|lpUCM [RemoteSails.cpp:HandleResponse:158] Successfully deserialized response, status: 0, result code: 0
[m[0;32;31m1970-01-01 07:04:28.985|E|132501644|lpUCM [IpccProtoMessage.cpp:SerializeParams:112] m_offset, 330752
[m[1;33m1970-01-01 07:04:28.985|W|132501644|lpUCM [RemoteSails.cpp:SendWithRetry:185] Successfully wrote 1052 bytes
[m[0;32;32m1970-01-01 07:04:28.988|I|132501644|lpUCM [RemoteSails.cpp:HandleResponse:149] HandleResponse started, buffer size: 1048
[m[0;32;32m1970-01-01 07:04:28.988|I|132501644|lpUCM [RemoteSails.cpp:HandleResponse:158] Successfully deserialized response, status: 0, result code: 0
[m[0;32;31m1970-01-01 07:04:28.988|E|132501644|lpUCM [IpccProtoMessage.cpp:SerializeParams:112] m_offset, 331776
[m[1;33m1970-01-01 07:04:28.988|W|132501644|lpUCM [RemoteSails.cpp:SendWithRetry:185] Successfully wrote 1052 bytes
[m[0;32;32m1970-01-01 07:04:29.18|I|132501644|lpUCM [RemoteSails.cpp:HandleResponse:149] HandleResponse started, buffer size: 1048
[m[0;32;32m1970-01-01 07:04:29.18|I|132501644|lpUCM [RemoteSails.cpp:HandleResponse:158] Successfully deserialized response, status: 0, result code: 0
[m[0;32;31m1970-01-01 07:04:29.18|E|132501644|lpUCM [IpccProtoMessage.cpp:SerializeParams:112] m_offset, 332800
[m[1;33m1970-01-01 07:04:29.18|W|132501644|lpUCM [RemoteSails.cpp:SendWithRetry:185] Successfully wrote 1052 bytes
[m[0;32;32m1970-01-01 07:04:29.21|I|132501644|lpUCM [RemoteSails.cpp:HandleResponse:149] HandleResponse started, buffer size: 1048
[m[0;32;32m1970-01-01 07:04:29.21|I|132501644|lpUCM [RemoteSails.cpp:HandleResponse:158] Successfully deserialized response, status: 0, result code: 0
[m[0;32;31m1970-01-01 07:04:29.21|E|132501644|lpUCM [IpccProtoMessage.cpp:SerializeParams:112] m_offset, 333824
[m[1;33m1970-01-01 07:04:29.21|W|132501644|lpUCM [RemoteSails.cpp:SendWithRetry:185] Successfully wrote 1052 bytes
[m[0;32;32m1970-01-01 07:04:29.24|I|132501644|lpUCM [RemoteSails.cpp:HandleResponse:149] HandleResponse started, buffer size: 1048
[m[0;32;32m1970-01-01 07:04:29.24|I|132501644|lpUCM [RemoteSails.cpp:HandleResponse:158] Successfully deserialized response, status: 0, result code: 0
[m[0;32;31m1970-01-01 07:04:29.24|E|132501644|lpUCM [IpccProtoMessage.cpp:SerializeParams:112] m_offset, 334848
[m[1;33m1970-01-01 07:04:29.24|W|132501644|lpUCM [RemoteSails.cpp:SendWithRetry:185] Successfully wrote 1052 bytes
[m[0;32;32m1970-01-01 07:04:29.27|I|132501644|lpUCM [RemoteSails.cpp:HandleResponse:149] HandleResponse started, buffer size: 1048
[m[0;32;32m1970-01-01 07:04:29.27|I|132501644|lpUCM [RemoteSails.cpp:HandleResponse:158] Successfully deserialized response, status: 0, result code: 0
[m[0;32;31m1970-01-01 07:04:29.27|E|132501644|lpUCM [IpccProtoMessage.cpp:SerializeParams:112] m_offset, 335872
[m[1;33m1970-01-01 07:04:29.27|W|132501644|lpUCM [RemoteSails.cpp:SendWithRetry:185] Successfully wrote 1052 bytes
[m[0;32;32m1970-01-01 07:04:29.57|I|132501644|lpUCM [RemoteSails.cpp:HandleResponse:149] HandleResponse started, buffer size: 1048
[m[0;32;32m1970-01-01 07:04:29.57|I|132501644|lpUCM [RemoteSails.cpp:HandleResponse:158] Successfully deserialized response, status: 0, result code: 0
[m[0;32;31m1970-01-01 07:04:29.57|E|132501644|lpUCM [IpccProtoMessage.cpp:SerializeParams:112] m_offset, 336896
[m[1;33m1970-01-01 07:04:29.57|W|132501644|lpUCM [RemoteSails.cpp:SendWithRetry:185] Successfully wrote 1052 bytes
[m[0;32;32m1970-01-01 07:04:29.63|I|132501644|lpUCM [RemoteSails.cpp:HandleResponse:149] HandleResponse started, buffer size: 1048
[m[0;32;32m1970-01-01 07:04:29.63|I|132501644|lpUCM [RemoteSails.cpp:HandleResponse:158] Successfully deserialized response, status: 0, result code: 0
[m[0;32;31m1970-01-01 07:04:29.63|E|132501644|lpUCM [IpccProtoMessage.cpp:SerializeParams:112] m_offset, 337920
[m[1;33m1970-01-01 07:04:29.63|W|132501644|lpUCM [RemoteSails.cpp:SendWithRetry:185] Successfully wrote 1052 bytes
[m[0;32;32m1970-01-01 07:04:29.66|I|132501644|lpUCM [RemoteSails.cpp:HandleResponse:149] HandleResponse started, buffer size: 1048
[m[0;32;32m1970-01-01 07:04:29.66|I|132501644|lpUCM [RemoteSails.cpp:HandleResponse:158] Successfully deserialized response, status: 0, result code: 0
[m[0;32;31m1970-01-01 07:04:29.66|E|132501644|lpUCM [IpccProtoMessage.cpp:SerializeParams:112] m_offset, 338944
[m[1;33m1970-01-01 07:04:29.66|W|132501644|lpUCM [RemoteSails.cpp:SendWithRetry:185] Successfully wrote 1052 bytes
[m[0;32;32m1970-01-01 07:04:29.72|I|132501644|lpUCM [RemoteSails.cpp:HandleResponse:149] HandleResponse started, buffer size: 1048
[m[0;32;32m1970-01-01 07:04:29.72|I|132501644|lpUCM [RemoteSails.cpp:HandleResponse:158] Successfully deserialized response, status: 0, result code: 0
[m[0;32;31m1970-01-01 07:04:29.72|E|132501644|lpUCM [IpccProtoMessage.cpp:SerializeParams:112] m_offset, 339968
[m[1;33m1970-01-01 07:04:29.72|W|132501644|lpUCM [RemoteSails.cpp:SendWithRetry:185] Successfully wrote 1052 bytes
[m[0;32;32m1970-01-01 07:04:29.102|I|132501644|lpUCM [RemoteSails.cpp:HandleResponse:149] HandleResponse started, buffer size: 1048
[m[0;32;32m1970-01-01 07:04:29.102|I|132501644|lpUCM [RemoteSails.cpp:HandleResponse:158] Successfully deserialized response, status: 0, result code: 0
[m[0;32;31m1970-01-01 07:04:29.102|E|132501644|lpUCM [IpccProtoMessage.cpp:SerializeParams:112] m_offset, 340992
[m[1;33m1970-01-01 07:04:29.102|W|132501644|lpUCM [RemoteSails.cpp:SendWithRetry:185] Successfully wrote 1052 bytes
[m[0;32;32m1970-01-01 07:04:29.105|I|132501644|lpUCM [RemoteSails.cpp:HandleResponse:149] HandleResponse started, buffer size: 1048
[m[0;32;32m1970-01-01 07:04:29.105|I|132501644|lpUCM [RemoteSails.cpp:HandleResponse:158] Successfully deserialized response, status: 0, result code: 0
[m[0;32;31m1970-01-01 07:04:29.105|E|132501644|lpUCM [IpccProtoMessage.cpp:SerializeParams:112] m_offset, 342016
[m[1;33m1970-01-01 07:04:29.105|W|132501644|lpUCM [RemoteSails.cpp:SendWithRetry:185] Successfully wrote 1052 bytes
[m[0;32;32m1970-01-01 07:04:29.109|I|132501644|lpUCM [RemoteSails.cpp:HandleResponse:149] HandleResponse started, buffer size: 1048
[m[0;32;32m1970-01-01 07:04:29.109|I|132501644|lpUCM [RemoteSails.cpp:HandleResponse:158] Successfully deserialized response, status: 0, result code: 0
[m[0;32;31m1970-01-01 07:04:29.109|E|132501644|lpUCM [IpccProtoMessage.cpp:SerializeParams:112] m_offset, 343040
[m[1;33m1970-01-01 07:04:29.109|W|132501644|lpUCM [RemoteSails.cpp:SendWithRetry:185] Successfully wrote 1052 bytes
[m[0;32;32m1970-01-01 07:04:29.112|I|132501644|lpUCM [RemoteSails.cpp:HandleResponse:149] HandleResponse started, buffer size: 1048
[m[0;32;32m1970-01-01 07:04:29.112|I|132501644|lpUCM [RemoteSails.cpp:HandleResponse:158] Successfully deserialized response, status: 0, result code: 0
[m[0;32;32m1970-01-01 07:04:29.112|I|132501644|lpUCM [RemoteSails.cpp:SailWriteData:272] All data already trans size 16384
[m[0;32;32m1970-01-01 07:04:29.112|I|132501644|lpUCM [fds.cpp:FDS_OnLocalUpgProgress:248] total: 23, curr:22, percent:33, rop:92%
[m[0;32;32m1970-01-01 07:04:29.112|I|132501644|lpUCM [RemoteSails.cpp:SailWriteData:254] total data is 16384
[m[0;32;31m1970-01-01 07:04:29.112|E|132501644|lpUCM [IpccProtoMessage.cpp:SerializeParams:112] m_offset, 344064
[m[1;33m1970-01-01 07:04:29.112|W|132501644|lpUCM [RemoteSails.cpp:SendWithRetry:185] Successfully wrote 1052 bytes
[m[0;32;32m1970-01-01 07:04:29.143|I|132501644|lpUCM [RemoteSails.cpp:HandleResponse:149] HandleResponse started, buffer size: 1048
[m[0;32;32m1970-01-01 07:04:29.143|I|132501644|lpUCM [RemoteSails.cpp:HandleResponse:158] Successfully deserialized response, status: 0, result code: 0
[m[0;32;31m1970-01-01 07:04:29.143|E|132501644|lpUCM [IpccProtoMessage.cpp:SerializeParams:112] m_offset, 345088
[m[1;33m1970-01-01 07:04:29.143|W|132501644|lpUCM [RemoteSails.cpp:SendWithRetry:185] Successfully wrote 1052 bytes
[m[0;32;32m1970-01-01 07:04:29.147|I|132501644|lpUCM [RemoteSails.cpp:HandleResponse:149] HandleResponse started, buffer size: 1048
[m[0;32;32m1970-01-01 07:04:29.147|I|132501644|lpUCM [RemoteSails.cpp:HandleResponse:158] Successfully deserialized response, status: 0, result code: 0
[m[0;32;31m1970-01-01 07:04:29.147|E|132501644|lpUCM [IpccProtoMessage.cpp:SerializeParams:112] m_offset, 346112
[m[1;33m1970-01-01 07:04:29.147|W|132501644|lpUCM [RemoteSails.cpp:SendWithRetry:185] Successfully wrote 1052 bytes
[m[0;32;32m1970-01-01 07:04:29.153|I|132501644|lpUCM [RemoteSails.cpp:HandleResponse:149] HandleResponse started, buffer size: 1048
[m[0;32;32m1970-01-01 07:04:29.153|I|132501644|lpUCM [RemoteSails.cpp:HandleResponse:158] Successfully deserialized response, status: 0, result code: 0
[m[0;32;31m1970-01-01 07:04:29.153|E|132501644|lpUCM [IpccProtoMessage.cpp:SerializeParams:112] m_offset, 347136
[m[1;33m1970-01-01 07:04:29.153|W|132501644|lpUCM [RemoteSails.cpp:SendWithRetry:185] Successfully wrote 1052 bytes
[m[0;32;32m1970-01-01 07:04:29.157|I|132501644|lpUCM [RemoteSails.cpp:HandleResponse:149] HandleResponse started, buffer size: 1048
[m[0;32;32m1970-01-01 07:04:29.157|I|132501644|lpUCM [RemoteSails.cpp:HandleResponse:158] Successfully deserialized response, status: 0, result code: 0
[m[0;32;31m1970-01-01 07:04:29.157|E|132501644|lpUCM [IpccProtoMessage.cpp:SerializeParams:112] m_offset, 348160
[m[1;33m1970-01-01 07:04:29.157|W|132501644|lpUCM [RemoteSails.cpp:SendWithRetry:185] Successfully wrote 1052 bytes
[m[0;32;32m1970-01-01 07:04:29.186|I|132501644|lpUCM [RemoteSails.cpp:HandleResponse:149] HandleResponse started, buffer size: 1048
[m[0;32;32m1970-01-01 07:04:29.186|I|132501644|lpUCM [RemoteSails.cpp:HandleResponse:158] Successfully deserialized response, status: 0, result code: 0
[m[0;32;31m1970-01-01 07:04:29.186|E|132501644|lpUCM [IpccProtoMessage.cpp:SerializeParams:112] m_offset, 349184
[m[1;33m1970-01-01 07:04:29.186|W|132501644|lpUCM [RemoteSails.cpp:SendWithRetry:185] Successfully wrote 1052 bytes
[m[0;32;32m1970-01-01 07:04:29.189|I|132501644|lpUCM [RemoteSails.cpp:HandleResponse:149] HandleResponse started, buffer size: 1048
[m[0;32;32m1970-01-01 07:04:29.189|I|132501644|lpUCM [RemoteSails.cpp:HandleResponse:158] Successfully deserialized response, status: 0, result code: 0
[m[0;32;31m1970-01-01 07:04:29.189|E|132501644|lpUCM [IpccProtoMessage.cpp:SerializeParams:112] m_offset, 350208
[m[1;33m1970-01-01 07:04:29.189|W|132501644|lpUCM [RemoteSails.cpp:SendWithRetry:185] Successfully wrote 1052 bytes
[m[0;32;32m1970-01-01 07:04:29.192|I|132501644|lpUCM [RemoteSails.cpp:HandleResponse:149] HandleResponse started, buffer size: 1048
[m[0;32;32m1970-01-01 07:04:29.192|I|132501644|lpUCM [RemoteSails.cpp:HandleResponse:158] Successfully deserialized response, status: 0, result code: 0
[m[0;32;31m1970-01-01 07:04:29.192|E|132501644|lpUCM [IpccProtoMessage.cpp:SerializeParams:112] m_offset, 351232
[m[1;33m1970-01-01 07:04:29.192|W|132501644|lpUCM [RemoteSails.cpp:SendWithRetry:185] Successfully wrote 1052 bytes
[m[0;32;32m1970-01-01 07:04:29.195|I|132501644|lpUCM [RemoteSails.cpp:HandleResponse:149] HandleResponse started, buffer size: 1048
[m[0;32;32m1970-01-01 07:04:29.195|I|132501644|lpUCM [RemoteSails.cpp:HandleResponse:158] Successfully deserialized response, status: 0, result code: 0
[m[0;32;31m1970-01-01 07:04:29.195|E|132501644|lpUCM [IpccProtoMessage.cpp:SerializeParams:112] m_offset, 352256
[m[1;33m1970-01-01 07:04:29.195|W|132501644|lpUCM [RemoteSails.cpp:SendWithRetry:185] Successfully wrote 1052 bytes
[m[0;32;32m1970-01-01 07:04:29.225|I|132501644|lpUCM [RemoteSails.cpp:HandleResponse:149] HandleResponse started, buffer size: 1048
[m[0;32;32m1970-01-01 07:04:29.225|I|132501644|lpUCM [RemoteSails.cpp:HandleResponse:158] Successfully deserialized response, status: 0, result code: 0
[m[0;32;31m1970-01-01 07:04:29.225|E|132501644|lpUCM [IpccProtoMessage.cpp:SerializeParams:112] m_offset, 353280
[m[1;33m1970-01-01 07:04:29.225|W|132501644|lpUCM [RemoteSails.cpp:SendWithRetry:185] Successfully wrote 1052 bytes
[m[0;32;32m1970-01-01 07:04:29.228|I|132501644|lpUCM [RemoteSails.cpp:HandleResponse:149] HandleResponse started, buffer size: 1048
[m[0;32;32m1970-01-01 07:04:29.228|I|132501644|lpUCM [RemoteSails.cpp:HandleResponse:158] Successfully deserialized response, status: 0, result code: 0
[m[0;32;31m1970-01-01 07:04:29.228|E|132501644|lpUCM [IpccProtoMessage.cpp:SerializeParams:112] m_offset, 354304
[m[1;33m1970-01-01 07:04:29.228|W|132501644|lpUCM [RemoteSails.cpp:SendWithRetry:185] Successfully wrote 1052 bytes
[m[0;32;32m1970-01-01 07:04:29.235|I|132501644|lpUCM [RemoteSails.cpp:HandleResponse:149] HandleResponse started, buffer size: 1048
[m[0;32;32m1970-01-01 07:04:29.235|I|132501644|lpUCM [RemoteSails.cpp:HandleResponse:158] Successfully deserialized response, status: 0, result code: 0
[m[0;32;31m1970-01-01 07:04:29.235|E|132501644|lpUCM [IpccProtoMessage.cpp:SerializeParams:112] m_offset, 355328
[m[1;33m1970-01-01 07:04:29.235|W|132501644|lpUCM [RemoteSails.cpp:SendWithRetry:185] Successfully wrote 1052 bytes
[m[0;32;32m1970-01-01 07:04:29.238|I|132501644|lpUCM [RemoteSails.cpp:HandleResponse:149] HandleResponse started, buffer size: 1048
[m[0;32;32m1970-01-01 07:04:29.238|I|132501644|lpUCM [RemoteSails.cpp:HandleResponse:158] Successfully deserialized response, status: 0, result code: 0
[m[0;32;31m1970-01-01 07:04:29.238|E|132501644|lpUCM [IpccProtoMessage.cpp:SerializeParams:112] m_offset, 356352
[m[1;33m1970-01-01 07:04:29.238|W|132501644|lpUCM [RemoteSails.cpp:SendWithRetry:185] Successfully wrote 1052 bytes
[m[0;32;32m1970-01-01 07:04:29.267|I|132501644|lpUCM [RemoteSails.cpp:HandleResponse:149] HandleResponse started, buffer size: 1048
[m[0;32;32m1970-01-01 07:04:29.267|I|132501644|lpUCM [RemoteSails.cpp:HandleResponse:158] Successfully deserialized response, status: 0, result code: 0
[m[0;32;31m1970-01-01 07:04:29.267|E|132501644|lpUCM [IpccProtoMessage.cpp:SerializeParams:112] m_offset, 357376
[m[1;33m1970-01-01 07:04:29.267|W|132501644|lpUCM [RemoteSails.cpp:SendWithRetry:185] Successfully wrote 1052 bytes
[m[0;32;32m1970-01-01 07:04:29.274|I|132501644|lpUCM [RemoteSails.cpp:HandleResponse:149] HandleResponse started, buffer size: 1048
[m[0;32;32m1970-01-01 07:04:29.274|I|132501644|lpUCM [RemoteSails.cpp:HandleResponse:158] Successfully deserialized response, status: 0, result code: 0
[m[0;32;31m1970-01-01 07:04:29.274|E|132501644|lpUCM [IpccProtoMessage.cpp:SerializeParams:112] m_offset, 358400
[m[1;33m1970-01-01 07:04:29.274|W|132501644|lpUCM [RemoteSails.cpp:SendWithRetry:185] Successfully wrote 1052 bytes
[m[0;32;32m1970-01-01 07:04:29.277|I|132501644|lpUCM [RemoteSails.cpp:HandleResponse:149] HandleResponse started, buffer size: 1048
[m[0;32;32m1970-01-01 07:04:29.277|I|132501644|lpUCM [RemoteSails.cpp:HandleResponse:158] Successfully deserialized response, status: 0, result code: 0
[m[0;32;31m1970-01-01 07:04:29.277|E|132501644|lpUCM [IpccProtoMessage.cpp:SerializeParams:112] m_offset, 359424
[m[1;33m1970-01-01 07:04:29.277|W|132501644|lpUCM [RemoteSails.cpp:SendWithRetry:185] Successfully wrote 1052 bytes
[m[0;32;32m1970-01-01 07:04:29.283|I|132501644|lpUCM [RemoteSails.cpp:HandleResponse:149] HandleResponse started, buffer size: 1048
[m[0;32;32m1970-01-01 07:04:29.283|I|132501644|lpUCM [RemoteSails.cpp:HandleResponse:158] Successfully deserialized response, status: 0, result code: 0
[m[0;32;32m1970-01-01 07:04:29.283|I|132501644|lpUCM [RemoteSails.cpp:SailWriteData:272] All data already trans size 16384
[m[0;32;32m1970-01-01 07:04:29.283|I|132501644|lpUCM [fds.cpp:FDS_OnLocalUpgProgress:248] total: 23, curr:22, percent:34, rop:92%
[m[0;32;32m1970-01-01 07:04:29.283|I|132501644|lpUCM [RemoteSails.cpp:SailWriteData:254] total data is 16384
[m[0;32;31m1970-01-01 07:04:29.283|E|132501644|lpUCM [IpccProtoMessage.cpp:SerializeParams:112] m_offset, 360448
[m[1;33m1970-01-01 07:04:29.283|W|132501644|lpUCM [RemoteSails.cpp:SendWithRetry:185] Successfully wrote 1052 bytes
[m[0;32;32m1970-01-01 07:04:29.312|I|132501644|lpUCM [RemoteSails.cpp:HandleResponse:149] HandleResponse started, buffer size: 1048
[m[0;32;32m1970-01-01 07:04:29.312|I|132501644|lpUCM [RemoteSails.cpp:HandleResponse:158] Successfully deserialized response, status: 0, result code: 0
[m[0;32;31m1970-01-01 07:04:29.312|E|132501644|lpUCM [IpccProtoMessage.cpp:SerializeParams:112] m_offset, 361472
[m[1;33m1970-01-01 07:04:29.312|W|132501644|lpUCM [RemoteSails.cpp:SendWithRetry:185] Successfully wrote 1052 bytes
[m[0;32;32m1970-01-01 07:04:29.315|I|132501644|lpUCM [RemoteSails.cpp:HandleResponse:149] HandleResponse started, buffer size: 1048
[m[0;32;32m1970-01-01 07:04:29.315|I|132501644|lpUCM [RemoteSails.cpp:HandleResponse:158] Successfully deserialized response, status: 0, result code: 0
[m[0;32;31m1970-01-01 07:04:29.315|E|132501644|lpUCM [IpccProtoMessage.cpp:SerializeParams:112] m_offset, 362496
[m[1;33m1970-01-01 07:04:29.315|W|132501644|lpUCM [RemoteSails.cpp:SendWithRetry:185] Successfully wrote 1052 bytes
[m[0;32;32m1970-01-01 07:04:29.318|I|132501644|lpUCM [RemoteSails.cpp:HandleResponse:149] HandleResponse started, buffer size: 1048
[m[0;32;32m1970-01-01 07:04:29.318|I|132501644|lpUCM [RemoteSails.cpp:HandleResponse:158] Successfully deserialized response, status: 0, result code: 0
[m[0;32;31m1970-01-01 07:04:29.318|E|132501644|lpUCM [IpccProtoMessage.cpp:SerializeParams:112] m_offset, 363520
[m[1;33m1970-01-01 07:04:29.318|W|132501644|lpUCM [RemoteSails.cpp:SendWithRetry:185] Successfully wrote 1052 bytes
[m[0;32;32m1970-01-01 07:04:29.322|I|132501644|lpUCM [RemoteSails.cpp:HandleResponse:149] HandleResponse started, buffer size: 1048
[m[0;32;32m1970-01-01 07:04:29.322|I|132501644|lpUCM [RemoteSails.cpp:HandleResponse:158] Successfully deserialized response, status: 0, result code: 0
[m[0;32;31m1970-01-01 07:04:29.322|E|132501644|lpUCM [IpccProtoMessage.cpp:SerializeParams:112] m_offset, 364544
[m[1;33m1970-01-01 07:04:29.322|W|132501644|lpUCM [RemoteSails.cpp:SendWithRetry:185] Successfully wrote 1052 bytes
[m[0;32;32m1970-01-01 07:04:29.354|I|132501644|lpUCM [RemoteSails.cpp:HandleResponse:149] HandleResponse started, buffer size: 1048
[m[0;32;32m1970-01-01 07:04:29.354|I|132501644|lpUCM [RemoteSails.cpp:HandleResponse:158] Successfully deserialized response, status: 0, result code: 0
[m[0;32;31m1970-01-01 07:04:29.354|E|132501644|lpUCM [IpccProtoMessage.cpp:SerializeParams:112] m_offset, 365568
[m[1;33m1970-01-01 07:04:29.354|W|132501644|lpUCM [RemoteSails.cpp:SendWithRetry:185] Successfully wrote 1052 bytes
[m[0;32;32m1970-01-01 07:04:29.357|I|132501644|lpUCM [RemoteSails.cpp:HandleResponse:149] HandleResponse started, buffer size: 1048
[m[0;32;32m1970-01-01 07:04:29.357|I|132501644|lpUCM [RemoteSails.cpp:HandleResponse:158] Successfully deserialized response, status: 0, result code: 0
[m[0;32;31m1970-01-01 07:04:29.357|E|132501644|lpUCM [IpccProtoMessage.cpp:SerializeParams:112] m_offset, 366592
[m[1;33m1970-01-01 07:04:29.357|W|132501644|lpUCM [RemoteSails.cpp:SendWithRetry:185] Successfully wrote 1052 bytes
[m[0;32;32m1970-01-01 07:04:29.363|I|132501644|lpUCM [RemoteSails.cpp:HandleResponse:149] HandleResponse started, buffer size: 1048
[m[0;32;32m1970-01-01 07:04:29.363|I|132501644|lpUCM [RemoteSails.cpp:HandleResponse:158] Successfully deserialized response, status: 0, result code: 0
[m[0;32;31m1970-01-01 07:04:29.363|E|132501644|lpUCM [IpccProtoMessage.cpp:SerializeParams:112] m_offset, 367616
[m[1;33m1970-01-01 07:04:29.363|W|132501644|lpUCM [RemoteSails.cpp:SendWithRetry:185] Successfully wrote 1052 bytes
[m[0;32;32m1970-01-01 07:04:29.367|I|132501644|lpUCM [RemoteSails.cpp:HandleResponse:149] HandleResponse started, buffer size: 1048
[m[0;32;32m1970-01-01 07:04:29.367|I|132501644|lpUCM [RemoteSails.cpp:HandleResponse:158] Successfully deserialized response, status: 0, result code: 0
[m[0;32;31m1970-01-01 07:04:29.367|E|132501644|lpUCM [IpccProtoMessage.cpp:SerializeParams:112] m_offset, 368640
[m[1;33m1970-01-01 07:04:29.367|W|132501644|lpUCM [RemoteSails.cpp:SendWithRetry:185] Successfully wrote 1052 bytes
[m[0;32;32m1970-01-01 07:04:29.400|I|132501644|lpUCM [RemoteSails.cpp:HandleResponse:149] HandleResponse started, buffer size: 1048
[m[0;32;32m1970-01-01 07:04:29.400|I|132501644|lpUCM [RemoteSails.cpp:HandleResponse:158] Successfully deserialized response, status: 0, result code: 0
[m[0;32;31m1970-01-01 07:04:29.400|E|132501644|lpUCM [IpccProtoMessage.cpp:SerializeParams:112] m_offset, 369664
[m[1;33m1970-01-01 07:04:29.400|W|132501644|lpUCM [RemoteSails.cpp:SendWithRetry:185] Successfully wrote 1052 bytes
[m[0;32;32m1970-01-01 07:04:29.403|I|132501644|lpUCM [RemoteSails.cpp:HandleResponse:149] HandleResponse started, buffer size: 1048
[m[0;32;32m1970-01-01 07:04:29.403|I|132501644|lpUCM [RemoteSails.cpp:HandleResponse:158] Successfully deserialized response, status: 0, result code: 0
[m[0;32;31m1970-01-01 07:04:29.403|E|132501644|lpUCM [IpccProtoMessage.cpp:SerializeParams:112] m_offset, 370688
[m[1;33m1970-01-01 07:04:29.403|W|132501644|lpUCM [RemoteSails.cpp:SendWithRetry:185] Successfully wrote 1052 bytes
[m[0;32;32m1970-01-01 07:04:29.406|I|132501644|lpUCM [RemoteSails.cpp:HandleResponse:149] HandleResponse started, buffer size: 1048
[m[0;32;32m1970-01-01 07:04:29.406|I|132501644|lpUCM [RemoteSails.cpp:HandleResponse:158] Successfully deserialized response, status: 0, result code: 0
[m[0;32;31m1970-01-01 07:04:29.406|E|132501644|lpUCM [IpccProtoMessage.cpp:SerializeParams:112] m_offset, 371712
[m[1;33m1970-01-01 07:04:29.406|W|132501644|lpUCM [RemoteSails.cpp:SendWithRetry:185] Successfully wrote 1052 bytes
[m[0;32;32m1970-01-01 07:04:29.409|I|132501644|lpUCM [RemoteSails.cpp:HandleResponse:149] HandleResponse started, buffer size: 1048
[m[0;32;32m1970-01-01 07:04:29.409|I|132501644|lpUCM [RemoteSails.cpp:HandleResponse:158] Successfully deserialized response, status: 0, result code: 0
[m[0;32;31m1970-01-01 07:04:29.409|E|132501644|lpUCM [IpccProtoMessage.cpp:SerializeParams:112] m_offset, 372736
[m[1;33m1970-01-01 07:04:29.409|W|132501644|lpUCM [RemoteSails.cpp:SendWithRetry:185] Successfully wrote 1052 bytes
[m[0;32;32m1970-01-01 07:04:29.439|I|132501644|lpUCM [RemoteSails.cpp:HandleResponse:149] HandleResponse started, buffer size: 1048
[m[0;32;32m1970-01-01 07:04:29.439|I|132501644|lpUCM [RemoteSails.cpp:HandleResponse:158] Successfully deserialized response, status: 0, result code: 0
[m[0;32;31m1970-01-01 07:04:29.439|E|132501644|lpUCM [IpccProtoMessage.cpp:SerializeParams:112] m_offset, 373760
[m[1;33m1970-01-01 07:04:29.439|W|132501644|lpUCM [RemoteSails.cpp:SendWithRetry:185] Successfully wrote 1052 bytes
[m[0;32;32m1970-01-01 07:04:29.442|I|132501644|lpUCM [RemoteSails.cpp:HandleResponse:149] HandleResponse started, buffer size: 1048
[m[0;32;32m1970-01-01 07:04:29.442|I|132501644|lpUCM [RemoteSails.cpp:HandleResponse:158] Successfully deserialized response, status: 0, result code: 0
[m[0;32;31m1970-01-01 07:04:29.442|E|132501644|lpUCM [IpccProtoMessage.cpp:SerializeParams:112] m_offset, 374784
[m[1;33m1970-01-01 07:04:29.442|W|132501644|lpUCM [RemoteSails.cpp:SendWithRetry:185] Successfully wrote 1052 bytes
[m[0;32;32m1970-01-01 07:04:29.445|I|132501644|lpUCM [RemoteSails.cpp:HandleResponse:149] HandleResponse started, buffer size: 1048
[m[0;32;32m1970-01-01 07:04:29.445|I|132501644|lpUCM [RemoteSails.cpp:HandleResponse:158] Successfully deserialized response, status: 0, result code: 0
[m[0;32;31m1970-01-01 07:04:29.445|E|132501644|lpUCM [IpccProtoMessage.cpp:SerializeParams:112] m_offset, 375808
[m[1;33m1970-01-01 07:04:29.445|W|132501644|lpUCM [RemoteSails.cpp:SendWithRetry:185] Successfully wrote 1052 bytes
[m[0;32;32m1970-01-01 07:04:29.448|I|132501644|lpUCM [RemoteSails.cpp:HandleResponse:149] HandleResponse started, buffer size: 1048
[m[0;32;32m1970-01-01 07:04:29.448|I|132501644|lpUCM [RemoteSails.cpp:HandleResponse:158] Successfully deserialized response, status: 0, result code: 0
[m[0;32;32m1970-01-01 07:04:29.448|I|132501644|lpUCM [RemoteSails.cpp:SailWriteData:272] All data already trans size 16384
[m[0;32;32m1970-01-01 07:04:29.448|I|132501644|lpUCM [fds.cpp:FDS_OnLocalUpgProgress:248] total: 23, curr:22, percent:35, rop:92%
[m[0;32;32m1970-01-01 07:04:29.448|I|132501644|lpUCM [RemoteSails.cpp:SailWriteData:254] total data is 16384
[m[0;32;31m1970-01-01 07:04:29.448|E|132501644|lpUCM [IpccProtoMessage.cpp:SerializeParams:112] m_offset, 376832
[m[1;33m1970-01-01 07:04:29.448|W|132501644|lpUCM [RemoteSails.cpp:SendWithRetry:185] Successfully wrote 1052 bytes
[m[0;32;32m1970-01-01 07:04:29.478|I|132501644|lpUCM [RemoteSails.cpp:HandleResponse:149] HandleResponse started, buffer size: 1048
[m[0;32;32m1970-01-01 07:04:29.478|I|132501644|lpUCM [RemoteSails.cpp:HandleResponse:158] Successfully deserialized response, status: 0, result code: 0
[m[0;32;31m1970-01-01 07:04:29.478|E|132501644|lpUCM [IpccProtoMessage.cpp:SerializeParams:112] m_offset, 377856
[m[1;33m1970-01-01 07:04:29.478|W|132501644|lpUCM [RemoteSails.cpp:SendWithRetry:185] Successfully wrote 1052 bytes
[m[0;32;32m1970-01-01 07:04:29.481|I|132501644|lpUCM [RemoteSails.cpp:HandleResponse:149] HandleResponse started, buffer size: 1048
[m[0;32;32m1970-01-01 07:04:29.481|I|132501644|lpUCM [RemoteSails.cpp:HandleResponse:158] Successfully deserialized response, status: 0, result code: 0
[m[0;32;31m1970-01-01 07:04:29.481|E|132501644|lpUCM [IpccProtoMessage.cpp:SerializeParams:112] m_offset, 378880
[m[1;33m1970-01-01 07:04:29.481|W|132501644|lpUCM [RemoteSails.cpp:SendWithRetry:185] Successfully wrote 1052 bytes
[m[0;32;32m1970-01-01 07:04:29.484|I|132501644|lpUCM [RemoteSails.cpp:HandleResponse:149] HandleResponse started, buffer size: 1048
[m[0;32;32m1970-01-01 07:04:29.484|I|132501644|lpUCM [RemoteSails.cpp:HandleResponse:158] Successfully deserialized response, status: 0, result code: 0
[m[0;32;31m1970-01-01 07:04:29.484|E|132501644|lpUCM [IpccProtoMessage.cpp:SerializeParams:112] m_offset, 379904
[m[1;33m1970-01-01 07:04:29.484|W|132501644|lpUCM [RemoteSails.cpp:SendWithRetry:185] Successfully wrote 1052 bytes
[m[0;32;32m1970-01-01 07:04:29.487|I|132501644|lpUCM [RemoteSails.cpp:HandleResponse:149] HandleResponse started, buffer size: 1048
[m[0;32;32m1970-01-01 07:04:29.487|I|132501644|lpUCM [RemoteSails.cpp:HandleResponse:158] Successfully deserialized response, status: 0, result code: 0
[m[0;32;31m1970-01-01 07:04:29.487|E|132501644|lpUCM [IpccProtoMessage.cpp:SerializeParams:112] m_offset, 380928
[m[1;33m1970-01-01 07:04:29.487|W|132501644|lpUCM [RemoteSails.cpp:SendWithRetry:185] Successfully wrote 1052 bytes
[m[0;32;32m1970-01-01 07:04:29.519|I|132501644|lpUCM [RemoteSails.cpp:HandleResponse:149] HandleResponse started, buffer size: 1048
[m[0;32;32m1970-01-01 07:04:29.519|I|132501644|lpUCM [RemoteSails.cpp:HandleResponse:158] Successfully deserialized response, status: 0, result code: 0
[m[0;32;31m1970-01-01 07:04:29.519|E|132501644|lpUCM [IpccProtoMessage.cpp:SerializeParams:112] m_offset, 381952
[m[1;33m1970-01-01 07:04:29.519|W|132501644|lpUCM [RemoteSails.cpp:SendWithRetry:185] Successfully wrote 1052 bytes
[m[0;32;32m1970-01-01 07:04:29.523|I|132501644|lpUCM [RemoteSails.cpp:HandleResponse:149] HandleResponse started, buffer size: 1048
[m[0;32;32m1970-01-01 07:04:29.523|I|132501644|lpUCM [RemoteSails.cpp:HandleResponse:158] Successfully deserialized response, status: 0, result code: 0
[m[0;32;31m1970-01-01 07:04:29.523|E|132501644|lpUCM [IpccProtoMessage.cpp:SerializeParams:112] m_offset, 382976
[m[1;33m1970-01-01 07:04:29.523|W|132501644|lpUCM [RemoteSails.cpp:SendWithRetry:185] Successfully wrote 1052 bytes
[m[0;32;32m1970-01-01 07:04:29.527|I|132501644|lpUCM [RemoteSails.cpp:HandleResponse:149] HandleResponse started, buffer size: 1048
[m[0;32;32m1970-01-01 07:04:29.527|I|132501644|lpUCM [RemoteSails.cpp:HandleResponse:158] Successfully deserialized response, status: 0, result code: 0
[m[0;32;31m1970-01-01 07:04:29.527|E|132501644|lpUCM [IpccProtoMessage.cpp:SerializeParams:112] m_offset, 384000
[m[1;33m1970-01-01 07:04:29.527|W|132501644|lpUCM [RemoteSails.cpp:SendWithRetry:185] Successfully wrote 1052 bytes
[m[0;32;32m1970-01-01 07:04:29.531|I|132501644|lpUCM [RemoteSails.cpp:HandleResponse:149] HandleResponse started, buffer size: 1048
[m[0;32;32m1970-01-01 07:04:29.531|I|132501644|lpUCM [RemoteSails.cpp:HandleResponse:158] Successfully deserialized response, status: 0, result code: 0
[m[0;32;31m1970-01-01 07:04:29.531|E|132501644|lpUCM [IpccProtoMessage.cpp:SerializeParams:112] m_offset, 385024
[m[1;33m1970-01-01 07:04:29.531|W|132501644|lpUCM [RemoteSails.cpp:SendWithRetry:185] Successfully wrote 1052 bytes
[m[0;32;32m1970-01-01 07:04:29.568|I|132501644|lpUCM [RemoteSails.cpp:HandleResponse:149] HandleResponse started, buffer size: 1048
[m[0;32;32m1970-01-01 07:04:29.568|I|132501644|lpUCM [RemoteSails.cpp:HandleResponse:158] Successfully deserialized response, status: 0, result code: 0
[m[0;32;31m1970-01-01 07:04:29.568|E|132501644|lpUCM [IpccProtoMessage.cpp:SerializeParams:112] m_offset, 386048
[m[1;33m1970-01-01 07:04:29.568|W|132501644|lpUCM [RemoteSails.cpp:SendWithRetry:185] Successfully wrote 1052 bytes
[m[0;32;32m1970-01-01 07:04:29.574|I|132501644|lpUCM [RemoteSails.cpp:HandleResponse:149] HandleResponse started, buffer size: 1048
[m[0;32;32m1970-01-01 07:04:29.574|I|132501644|lpUCM [RemoteSails.cpp:HandleResponse:158] Successfully deserialized response, status: 0, result code: 0
[m[0;32;31m1970-01-01 07:04:29.574|E|132501644|lpUCM [IpccProtoMessage.cpp:SerializeParams:112] m_offset, 387072
[m[1;33m1970-01-01 07:04:29.574|W|132501644|lpUCM [RemoteSails.cpp:SendWithRetry:185] Successfully wrote 1052 bytes
[m[0;32;32m1970-01-01 07:04:29.577|I|132501644|lpUCM [RemoteSails.cpp:HandleResponse:149] HandleResponse started, buffer size: 1048
[m[0;32;32m1970-01-01 07:04:29.577|I|132501644|lpUCM [RemoteSails.cpp:HandleResponse:158] Successfully deserialized response, status: 0, result code: 0
[m[0;32;31m1970-01-01 07:04:29.577|E|132501644|lpUCM [IpccProtoMessage.cpp:SerializeParams:112] m_offset, 388096
[m[1;33m1970-01-01 07:04:29.577|W|132501644|lpUCM [RemoteSails.cpp:SendWithRetry:185] Successfully wrote 1052 bytes
[m[0;32;32m1970-01-01 07:04:29.583|I|132501644|lpUCM [RemoteSails.cpp:HandleResponse:149] HandleResponse started, buffer size: 1048
[m[0;32;32m1970-01-01 07:04:29.583|I|132501644|lpUCM [RemoteSails.cpp:HandleResponse:158] Successfully deserialized response, status: 0, result code: 0
[m[0;32;31m1970-01-01 07:04:29.583|E|132501644|lpUCM [IpccProtoMessage.cpp:SerializeParams:112] m_offset, 389120
[m[1;33m1970-01-01 07:04:29.583|W|132501644|lpUCM [RemoteSails.cpp:SendWithRetry:185] Successfully wrote 1052 bytes
[m[0;32;32m1970-01-01 07:04:29.616|I|132501644|lpUCM [RemoteSails.cpp:HandleResponse:149] HandleResponse started, buffer size: 1048
[m[0;32;32m1970-01-01 07:04:29.616|I|132501644|lpUCM [RemoteSails.cpp:HandleResponse:158] Successfully deserialized response, status: 0, result code: 0
[m[0;32;31m1970-01-01 07:04:29.616|E|132501644|lpUCM [IpccProtoMessage.cpp:SerializeParams:112] m_offset, 390144
[m[1;33m1970-01-01 07:04:29.616|W|132501644|lpUCM [RemoteSails.cpp:SendWithRetry:185] Successfully wrote 1052 bytes
[m[0;32;32m1970-01-01 07:04:29.622|I|132501644|lpUCM [RemoteSails.cpp:HandleResponse:149] HandleResponse started, buffer size: 1048
[m[0;32;32m1970-01-01 07:04:29.622|I|132501644|lpUCM [RemoteSails.cpp:HandleResponse:158] Successfully deserialized response, status: 0, result code: 0
[m[0;32;31m1970-01-01 07:04:29.622|E|132501644|lpUCM [IpccProtoMessage.cpp:SerializeParams:112] m_offset, 391168
[m[1;33m1970-01-01 07:04:29.622|W|132501644|lpUCM [RemoteSails.cpp:SendWithRetry:185] Successfully wrote 1052 bytes
[m[0;32;32m1970-01-01 07:04:29.625|I|132501644|lpUCM [RemoteSails.cpp:HandleResponse:149] HandleResponse started, buffer size: 1048
[m[0;32;32m1970-01-01 07:04:29.625|I|132501644|lpUCM [RemoteSails.cpp:HandleResponse:158] Successfully deserialized response, status: 0, result code: 0
[m[0;32;31m1970-01-01 07:04:29.625|E|132501644|lpUCM [IpccProtoMessage.cpp:SerializeParams:112] m_offset, 392192
[m[1;33m1970-01-01 07:04:29.625|W|132501644|lpUCM [RemoteSails.cpp:SendWithRetry:185] Successfully wrote 1052 bytes
[m[0;32;32m1970-01-01 07:04:29.628|I|132501644|lpUCM [RemoteSails.cpp:HandleResponse:149] HandleResponse started, buffer size: 1048
[m[0;32;32m1970-01-01 07:04:29.628|I|132501644|lpUCM [RemoteSails.cpp:HandleResponse:158] Successfully deserialized response, status: 0, result code: 0
[m[0;32;32m1970-01-01 07:04:29.628|I|132501644|lpUCM [RemoteSails.cpp:SailWriteData:272] All data already trans size 16384
[m[0;32;32m1970-01-01 07:04:29.628|I|132501644|lpUCM [fds.cpp:FDS_OnLocalUpgProgress:248] total: 23, curr:22, percent:36, rop:92%
[m[0;32;32m1970-01-01 07:04:29.628|I|132501644|lpUCM [RemoteSails.cpp:SailWriteData:254] total data is 16384
[m[0;32;31m1970-01-01 07:04:29.628|E|132501644|lpUCM [IpccProtoMessage.cpp:SerializeParams:112] m_offset, 393216
[m[1;33m1970-01-01 07:04:29.628|W|132501644|lpUCM [RemoteSails.cpp:SendWithRetry:185] Successfully wrote 1052 bytes
[m[0;32;32m1970-01-01 07:04:29.661|I|132501644|lpUCM [RemoteSails.cpp:HandleResponse:149] HandleResponse started, buffer size: 1048
[m[0;32;32m1970-01-01 07:04:29.661|I|132501644|lpUCM [RemoteSails.cpp:HandleResponse:158] Successfully deserialized response, status: 0, result code: 0
[m[0;32;31m1970-01-01 07:04:29.661|E|132501644|lpUCM [IpccProtoMessage.cpp:SerializeParams:112] m_offset, 394240
[m[1;33m1970-01-01 07:04:29.661|W|132501644|lpUCM [RemoteSails.cpp:SendWithRetry:185] Successfully wrote 1052 bytes
[m[0;32;32m1970-01-01 07:04:29.664|I|132501644|lpUCM [RemoteSails.cpp:HandleResponse:149] HandleResponse started, buffer size: 1048
[m[0;32;32m1970-01-01 07:04:29.664|I|132501644|lpUCM [RemoteSails.cpp:HandleResponse:158] Successfully deserialized response, status: 0, result code: 0
[m[0;32;31m1970-01-01 07:04:29.664|E|132501644|lpUCM [IpccProtoMessage.cpp:SerializeParams:112] m_offset, 395264
[m[1;33m1970-01-01 07:04:29.664|W|132501644|lpUCM [RemoteSails.cpp:SendWithRetry:185] Successfully wrote 1052 bytes
[m[0;32;32m1970-01-01 07:04:29.667|I|132501644|lpUCM [RemoteSails.cpp:HandleResponse:149] HandleResponse started, buffer size: 1048
[m[0;32;32m1970-01-01 07:04:29.667|I|132501644|lpUCM [RemoteSails.cpp:HandleResponse:158] Successfully deserialized response, status: 0, result code: 0
[m[0;32;31m1970-01-01 07:04:29.667|E|132501644|lpUCM [IpccProtoMessage.cpp:SerializeParams:112] m_offset, 396288
[m[1;33m1970-01-01 07:04:29.667|W|132501644|lpUCM [RemoteSails.cpp:SendWithRetry:185] Successfully wrote 1052 bytes
[m[0;32;32m1970-01-01 07:04:29.674|I|132501644|lpUCM [RemoteSails.cpp:HandleResponse:149] HandleResponse started, buffer size: 1048
[m[0;32;32m1970-01-01 07:04:29.674|I|132501644|lpUCM [RemoteSails.cpp:HandleResponse:158] Successfully deserialized response, status: 0, result code: 0
[m[0;32;31m1970-01-01 07:04:29.674|E|132501644|lpUCM [IpccProtoMessage.cpp:SerializeParams:112] m_offset, 397312
[m[1;33m1970-01-01 07:04:29.674|W|132501644|lpUCM [RemoteSails.cpp:SendWithRetry:185] Successfully wrote 1052 bytes
[m[0;32;32m1970-01-01 07:04:29.709|I|132501644|lpUCM [RemoteSails.cpp:HandleResponse:149] HandleResponse started, buffer size: 1048
[m[0;32;32m1970-01-01 07:04:29.709|I|132501644|lpUCM [RemoteSails.cpp:HandleResponse:158] Successfully deserialized response, status: 0, result code: 0
[m[0;32;31m1970-01-01 07:04:29.709|E|132501644|lpUCM [IpccProtoMessage.cpp:SerializeParams:112] m_offset, 398336
[m[1;33m1970-01-01 07:04:29.709|W|132501644|lpUCM [RemoteSails.cpp:SendWithRetry:185] Successfully wrote 1052 bytes
[m[0;32;32m1970-01-01 07:04:29.712|I|132501644|lpUCM [RemoteSails.cpp:HandleResponse:149] HandleResponse started, buffer size: 1048
[m[0;32;32m1970-01-01 07:04:29.712|I|132501644|lpUCM [RemoteSails.cpp:HandleResponse:158] Successfully deserialized response, status: 0, result code: 0
[m[0;32;31m1970-01-01 07:04:29.712|E|132501644|lpUCM [IpccProtoMessage.cpp:SerializeParams:112] m_offset, 399360
[m[1;33m1970-01-01 07:04:29.712|W|132501644|lpUCM [RemoteSails.cpp:SendWithRetry:185] Successfully wrote 1052 bytes
[m[0;32;32m1970-01-01 07:04:29.715|I|132501644|lpUCM [RemoteSails.cpp:HandleResponse:149] HandleResponse started, buffer size: 1048
[m[0;32;32m1970-01-01 07:04:29.715|I|132501644|lpUCM [RemoteSails.cpp:HandleResponse:158] Successfully deserialized response, status: 0, result code: 0
[m[0;32;31m1970-01-01 07:04:29.715|E|132501644|lpUCM [IpccProtoMessage.cpp:SerializeParams:112] m_offset, 400384
[m[1;33m1970-01-01 07:04:29.715|W|132501644|lpUCM [RemoteSails.cpp:SendWithRetry:185] Successfully wrote 1052 bytes
[m[0;32;32m1970-01-01 07:04:29.719|I|132501644|lpUCM [RemoteSails.cpp:HandleResponse:149] HandleResponse started, buffer size: 1048
[m[0;32;32m1970-01-01 07:04:29.719|I|132501644|lpUCM [RemoteSails.cpp:HandleResponse:158] Successfully deserialized response, status: 0, result code: 0
[m[0;32;31m1970-01-01 07:04:29.719|E|132501644|lpUCM [IpccProtoMessage.cpp:SerializeParams:112] m_offset, 401408
[m[1;33m1970-01-01 07:04:29.719|W|132501644|lpUCM [RemoteSails.cpp:SendWithRetry:185] Successfully wrote 1052 bytes
[m[0;32;32m1970-01-01 07:04:29.751|I|132501644|lpUCM [RemoteSails.cpp:HandleResponse:149] HandleResponse started, buffer size: 1048
[m[0;32;32m1970-01-01 07:04:29.751|I|132501644|lpUCM [RemoteSails.cpp:HandleResponse:158] Successfully deserialized response, status: 0, result code: 0
[m[0;32;31m1970-01-01 07:04:29.751|E|132501644|lpUCM [IpccProtoMessage.cpp:SerializeParams:112] m_offset, 402432
[m[1;33m1970-01-01 07:04:29.751|W|132501644|lpUCM [RemoteSails.cpp:SendWithRetry:185] Successfully wrote 1052 bytes
[m[0;32;32m1970-01-01 07:04:29.754|I|132501644|lpUCM [RemoteSails.cpp:HandleResponse:149] HandleResponse started, buffer size: 1048
[m[0;32;32m1970-01-01 07:04:29.754|I|132501644|lpUCM [RemoteSails.cpp:HandleResponse:158] Successfully deserialized response, status: 0, result code: 0
[m[0;32;31m1970-01-01 07:04:29.754|E|132501644|lpUCM [IpccProtoMessage.cpp:SerializeParams:112] m_offset, 403456
[m[1;33m1970-01-01 07:04:29.754|W|132501644|lpUCM [RemoteSails.cpp:SendWithRetry:185] Successfully wrote 1052 bytes
[m[0;32;32m1970-01-01 07:04:29.758|I|132501644|lpUCM [RemoteSails.cpp:HandleResponse:149] HandleResponse started, buffer size: 1048
[m[0;32;32m1970-01-01 07:04:29.758|I|132501644|lpUCM [RemoteSails.cpp:HandleResponse:158] Successfully deserialized response, status: 0, result code: 0
[m[0;32;31m1970-01-01 07:04:29.758|E|132501644|lpUCM [IpccProtoMessage.cpp:SerializeParams:112] m_offset, 404480
[m[1;33m1970-01-01 07:04:29.758|W|132501644|lpUCM [RemoteSails.cpp:SendWithRetry:185] Successfully wrote 1052 bytes
[m[0;32;32m1970-01-01 07:04:29.764|I|132501644|lpUCM [RemoteSails.cpp:HandleResponse:149] HandleResponse started, buffer size: 1048
[m[0;32;32m1970-01-01 07:04:29.764|I|132501644|lpUCM [RemoteSails.cpp:HandleResponse:158] Successfully deserialized response, status: 0, result code: 0
[m[0;32;31m1970-01-01 07:04:29.764|E|132501644|lpUCM [IpccProtoMessage.cpp:SerializeParams:112] m_offset, 405504
[m[1;33m1970-01-01 07:04:29.764|W|132501644|lpUCM [RemoteSails.cpp:SendWithRetry:185] Successfully wrote 1052 bytes
[m[0;32;32m1970-01-01 07:04:29.794|I|132501644|lpUCM [RemoteSails.cpp:HandleResponse:149] HandleResponse started, buffer size: 1048
[m[0;32;32m1970-01-01 07:04:29.794|I|132501644|lpUCM [RemoteSails.cpp:HandleResponse:158] Successfully deserialized response, status: 0, result code: 0
[m[0;32;31m1970-01-01 07:04:29.794|E|132501644|lpUCM [IpccProtoMessage.cpp:SerializeParams:112] m_offset, 406528
[m[1;33m1970-01-01 07:04:29.794|W|132501644|lpUCM [RemoteSails.cpp:SendWithRetry:185] Successfully wrote 1052 bytes
[m[0;32;32m1970-01-01 07:04:29.797|I|132501644|lpUCM [RemoteSails.cpp:HandleResponse:149] HandleResponse started, buffer size: 1048
[m[0;32;32m1970-01-01 07:04:29.797|I|132501644|lpUCM [RemoteSails.cpp:HandleResponse:158] Successfully deserialized response, status: 0, result code: 0
[m[0;32;31m1970-01-01 07:04:29.797|E|132501644|lpUCM [IpccProtoMessage.cpp:SerializeParams:112] m_offset, 407552
[m[1;33m1970-01-01 07:04:29.797|W|132501644|lpUCM [RemoteSails.cpp:SendWithRetry:185] Successfully wrote 1052 bytes
[m[0;32;32m1970-01-01 07:04:29.803|I|132501644|lpUCM [RemoteSails.cpp:HandleResponse:149] HandleResponse started, buffer size: 1048
[m[0;32;32m1970-01-01 07:04:29.803|I|132501644|lpUCM [RemoteSails.cpp:HandleResponse:158] Successfully deserialized response, status: 0, result code: 0
[m[0;32;31m1970-01-01 07:04:29.803|E|132501644|lpUCM [IpccProtoMessage.cpp:SerializeParams:112] m_offset, 408576
[m[1;33m1970-01-01 07:04:29.803|W|132501644|lpUCM [RemoteSails.cpp:SendWithRetry:185] Successfully wrote 1052 bytes
[m[0;32;32m1970-01-01 07:04:29.806|I|132501644|lpUCM [RemoteSails.cpp:HandleResponse:149] HandleResponse started, buffer size: 1048
[m[0;32;32m1970-01-01 07:04:29.806|I|132501644|lpUCM [RemoteSails.cpp:HandleResponse:158] Successfully deserialized response, status: 0, result code: 0
[m[0;32;32m1970-01-01 07:04:29.806|I|132501644|lpUCM [RemoteSails.cpp:SailWriteData:272] All data already trans size 16384
[m[0;32;32m1970-01-01 07:04:29.806|I|132501644|lpUCM [fds.cpp:FDS_OnLocalUpgProgress:248] total: 23, curr:22, percent:37, rop:92%
[m[0;32;32m1970-01-01 07:04:29.806|I|132501644|lpUCM [RemoteSails.cpp:SailWriteData:254] total data is 16384
[m[0;32;31m1970-01-01 07:04:29.806|E|132501644|lpUCM [IpccProtoMessage.cpp:SerializeParams:112] m_offset, 409600
[m[1;33m1970-01-01 07:04:29.806|W|132501644|lpUCM [RemoteSails.cpp:SendWithRetry:185] Successfully wrote 1052 bytes
[m[0;32;32m1970-01-01 07:04:29.842|I|132501644|lpUCM [RemoteSails.cpp:HandleResponse:149] HandleResponse started, buffer size: 1048
[m[0;32;32m1970-01-01 07:04:29.842|I|132501644|lpUCM [RemoteSails.cpp:HandleResponse:158] Successfully deserialized response, status: 0, result code: 0
[m[0;32;31m1970-01-01 07:04:29.842|E|132501644|lpUCM [IpccProtoMessage.cpp:SerializeParams:112] m_offset, 410624
[m[1;33m1970-01-01 07:04:29.842|W|132501644|lpUCM [RemoteSails.cpp:SendWithRetry:185] Successfully wrote 1052 bytes
[m[0;32;32m1970-01-01 07:04:29.845|I|132501644|lpUCM [RemoteSails.cpp:HandleResponse:149] HandleResponse started, buffer size: 1048
[m[0;32;32m1970-01-01 07:04:29.845|I|132501644|lpUCM [RemoteSails.cpp:HandleResponse:158] Successfully deserialized response, status: 0, result code: 0
[m[0;32;31m1970-01-01 07:04:29.845|E|132501644|lpUCM [IpccProtoMessage.cpp:SerializeParams:112] m_offset, 411648
[m[1;33m1970-01-01 07:04:29.845|W|132501644|lpUCM [RemoteSails.cpp:SendWithRetry:185] Successfully wrote 1052 bytes
[m[0;32;32m1970-01-01 07:04:29.848|I|132501644|lpUCM [RemoteSails.cpp:HandleResponse:149] HandleResponse started, buffer size: 1048
[m[0;32;32m1970-01-01 07:04:29.848|I|132501644|lpUCM [RemoteSails.cpp:HandleResponse:158] Successfully deserialized response, status: 0, result code: 0
[m[0;32;31m1970-01-01 07:04:29.848|E|132501644|lpUCM [IpccProtoMessage.cpp:SerializeParams:112] m_offset, 412672
[m[1;33m1970-01-01 07:04:29.848|W|132501644|lpUCM [RemoteSails.cpp:SendWithRetry:185] Successfully wrote 1052 bytes
[m[0;32;32m1970-01-01 07:04:29.854|I|132501644|lpUCM [RemoteSails.cpp:HandleResponse:149] HandleResponse started, buffer size: 1048
[m[0;32;32m1970-01-01 07:04:29.854|I|132501644|lpUCM [RemoteSails.cpp:HandleResponse:158] Successfully deserialized response, status: 0, result code: 0
[m[0;32;31m1970-01-01 07:04:29.854|E|132501644|lpUCM [IpccProtoMessage.cpp:SerializeParams:112] m_offset, 413696
[m[1;33m1970-01-01 07:04:29.854|W|132501644|lpUCM [RemoteSails.cpp:SendWithRetry:185] Successfully wrote 1052 bytes
[m[0;32;32m1970-01-01 07:04:29.887|I|132501644|lpUCM [RemoteSails.cpp:HandleResponse:149] HandleResponse started, buffer size: 1048
[m[0;32;32m1970-01-01 07:04:29.887|I|132501644|lpUCM [RemoteSails.cpp:HandleResponse:158] Successfully deserialized response, status: 0, result code: 0
[m[0;32;31m1970-01-01 07:04:29.887|E|132501644|lpUCM [IpccProtoMessage.cpp:SerializeParams:112] m_offset, 414720
[m[1;33m1970-01-01 07:04:29.887|W|132501644|lpUCM [RemoteSails.cpp:SendWithRetry:185] Successfully wrote 1052 bytes
[m[0;32;32m1970-01-01 07:04:29.893|I|132501644|lpUCM [RemoteSails.cpp:HandleResponse:149] HandleResponse started, buffer size: 1048
[m[0;32;32m1970-01-01 07:04:29.893|I|132501644|lpUCM [RemoteSails.cpp:HandleResponse:158] Successfully deserialized response, status: 0, result code: 0
[m[0;32;31m1970-01-01 07:04:29.893|E|132501644|lpUCM [IpccProtoMessage.cpp:SerializeParams:112] m_offset, 415744
[m[1;33m1970-01-01 07:04:29.893|W|132501644|lpUCM [RemoteSails.cpp:SendWithRetry:185] Successfully wrote 1052 bytes
[m[0;32;32m1970-01-01 07:04:29.896|I|132501644|lpUCM [RemoteSails.cpp:HandleResponse:149] HandleResponse started, buffer size: 1048
[m[0;32;32m1970-01-01 07:04:29.896|I|132501644|lpUCM [RemoteSails.cpp:HandleResponse:158] Successfully deserialized response, status: 0, result code: 0
[m[0;32;31m1970-01-01 07:04:29.896|E|132501644|lpUCM [IpccProtoMessage.cpp:SerializeParams:112] m_offset, 416768
[m[1;33m1970-01-01 07:04:29.896|W|132501644|lpUCM [RemoteSails.cpp:SendWithRetry:185] Successfully wrote 1052 bytes
[m[0;32;32m1970-01-01 07:04:29.899|I|132501644|lpUCM [RemoteSails.cpp:HandleResponse:149] HandleResponse started, buffer size: 1048
[m[0;32;32m1970-01-01 07:04:29.899|I|132501644|lpUCM [RemoteSails.cpp:HandleResponse:158] Successfully deserialized response, status: 0, result code: 0
[m[0;32;31m1970-01-01 07:04:29.899|E|132501644|lpUCM [IpccProtoMessage.cpp:SerializeParams:112] m_offset, 417792
[m[1;33m1970-01-01 07:04:29.899|W|132501644|lpUCM [RemoteSails.cpp:SendWithRetry:185] Successfully wrote 1052 bytes
[m[0;32;32m1970-01-01 07:04:29.933|I|132501644|lpUCM [RemoteSails.cpp:HandleResponse:149] HandleResponse started, buffer size: 1048
[m[0;32;32m1970-01-01 07:04:29.933|I|132501644|lpUCM [RemoteSails.cpp:HandleResponse:158] Successfully deserialized response, status: 0, result code: 0
[m[0;32;31m1970-01-01 07:04:29.933|E|132501644|lpUCM [IpccProtoMessage.cpp:SerializeParams:112] m_offset, 418816
[m[1;33m1970-01-01 07:04:29.933|W|132501644|lpUCM [RemoteSails.cpp:SendWithRetry:185] Successfully wrote 1052 bytes
[m[0;32;32m1970-01-01 07:04:29.936|I|132501644|lpUCM [RemoteSails.cpp:HandleResponse:149] HandleResponse started, buffer size: 1048
[m[0;32;32m1970-01-01 07:04:29.936|I|132501644|lpUCM [RemoteSails.cpp:HandleResponse:158] Successfully deserialized response, status: 0, result code: 0
[m[0;32;31m1970-01-01 07:04:29.936|E|132501644|lpUCM [IpccProtoMessage.cpp:SerializeParams:112] m_offset, 419840
[m[1;33m1970-01-01 07:04:29.936|W|132501644|lpUCM [RemoteSails.cpp:SendWithRetry:185] Successfully wrote 1052 bytes
[m[0;32;32m1970-01-01 07:04:29.939|I|132501644|lpUCM [RemoteSails.cpp:HandleResponse:149] HandleResponse started, buffer size: 1048
[m[0;32;32m1970-01-01 07:04:29.939|I|132501644|lpUCM [RemoteSails.cpp:HandleResponse:158] Successfully deserialized response, status: 0, result code: 0
[m[0;32;31m1970-01-01 07:04:29.939|E|132501644|lpUCM [IpccProtoMessage.cpp:SerializeParams:112] m_offset, 420864
[m[1;33m1970-01-01 07:04:29.939|W|132501644|lpUCM [RemoteSails.cpp:SendWithRetry:185] Successfully wrote 1052 bytes
[m[0;32;32m1970-01-01 07:04:29.943|I|132501644|lpUCM [RemoteSails.cpp:HandleResponse:149] HandleResponse started, buffer size: 1048
[m[0;32;32m1970-01-01 07:04:29.943|I|132501644|lpUCM [RemoteSails.cpp:HandleResponse:158] Successfully deserialized response, status: 0, result code: 0
[m[0;32;31m1970-01-01 07:04:29.943|E|132501644|lpUCM [IpccProtoMessage.cpp:SerializeParams:112] m_offset, 421888
[m[1;33m1970-01-01 07:04:29.943|W|132501644|lpUCM [RemoteSails.cpp:SendWithRetry:185] Successfully wrote 1052 bytes
[m[0;32;32m1970-01-01 07:04:29.974|I|132501644|lpUCM [RemoteSails.cpp:HandleResponse:149] HandleResponse started, buffer size: 1048
[m[0;32;32m1970-01-01 07:04:29.974|I|132501644|lpUCM [RemoteSails.cpp:HandleResponse:158] Successfully deserialized response, status: 0, result code: 0
[m[0;32;31m1970-01-01 07:04:29.974|E|132501644|lpUCM [IpccProtoMessage.cpp:SerializeParams:112] m_offset, 422912
[m[1;33m1970-01-01 07:04:29.974|W|132501644|lpUCM [RemoteSails.cpp:SendWithRetry:185] Successfully wrote 1052 bytes
[m[0;32;32m1970-01-01 07:04:29.977|I|132501644|lpUCM [RemoteSails.cpp:HandleResponse:149] HandleResponse started, buffer size: 1048
[m[0;32;32m1970-01-01 07:04:29.977|I|132501644|lpUCM [RemoteSails.cpp:HandleResponse:158] Successfully deserialized response, status: 0, result code: 0
[m[0;32;31m1970-01-01 07:04:29.977|E|132501644|lpUCM [IpccProtoMessage.cpp:SerializeParams:112] m_offset, 423936
[m[1;33m1970-01-01 07:04:29.977|W|132501644|lpUCM [RemoteSails.cpp:SendWithRetry:185] Successfully wrote 1052 bytes
[m[0;32;32m1970-01-01 07:04:29.983|I|132501644|lpUCM [RemoteSails.cpp:HandleResponse:149] HandleResponse started, buffer size: 1048
[m[0;32;32m1970-01-01 07:04:29.983|I|132501644|lpUCM [RemoteSails.cpp:HandleResponse:158] Successfully deserialized response, status: 0, result code: 0
[m[0;32;31m1970-01-01 07:04:29.983|E|132501644|lpUCM [IpccProtoMessage.cpp:SerializeParams:112] m_offset, 424960
[m[1;33m1970-01-01 07:04:29.983|W|132501644|lpUCM [RemoteSails.cpp:SendWithRetry:185] Successfully wrote 1052 bytes
[m[0;32;32m1970-01-01 07:04:29.986|I|132501644|lpUCM [RemoteSails.cpp:HandleResponse:149] HandleResponse started, buffer size: 1048
[m[0;32;32m1970-01-01 07:04:29.986|I|132501644|lpUCM [RemoteSails.cpp:HandleResponse:158] Successfully deserialized response, status: 0, result code: 0
[m[0;32;32m1970-01-01 07:04:29.986|I|132501644|lpUCM [RemoteSails.cpp:SailWriteData:272] All data already trans size 16384
[m[0;32;32m1970-01-01 07:04:29.986|I|132501644|lpUCM [fds.cpp:FDS_OnLocalUpgProgress:248] total: 23, curr:22, percent:39, rop:93%
[m[0;32;32m1970-01-01 07:04:29.986|I|132501644|lpUCM [RemoteSails.cpp:SailWriteData:254] total data is 16384
[m[0;32;31m1970-01-01 07:04:29.986|E|132501644|lpUCM [IpccProtoMessage.cpp:SerializeParams:112] m_offset, 425984
[m[1;33m1970-01-01 07:04:29.986|W|132501644|lpUCM [RemoteSails.cpp:SendWithRetry:185] Successfully wrote 1052 bytes
[m[0;32;32m1970-01-01 07:04:30.16|I|132501644|lpUCM [RemoteSails.cpp:HandleResponse:149] HandleResponse started, buffer size: 1048
[m[0;32;32m1970-01-01 07:04:30.16|I|132501644|lpUCM [RemoteSails.cpp:HandleResponse:158] Successfully deserialized response, status: 0, result code: 0
[m[0;32;31m1970-01-01 07:04:30.16|E|132501644|lpUCM [IpccProtoMessage.cpp:SerializeParams:112] m_offset, 427008
[m[1;33m1970-01-01 07:04:30.16|W|132501644|lpUCM [RemoteSails.cpp:SendWithRetry:185] Successfully wrote 1052 bytes
[m[0;32;32m1970-01-01 07:04:30.22|I|132501644|lpUCM [RemoteSails.cpp:HandleResponse:149] HandleResponse started, buffer size: 1048
[m[0;32;32m1970-01-01 07:04:30.22|I|132501644|lpUCM [RemoteSails.cpp:HandleResponse:158] Successfully deserialized response, status: 0, result code: 0
[m[0;32;31m1970-01-01 07:04:30.22|E|132501644|lpUCM [IpccProtoMessage.cpp:SerializeParams:112] m_offset, 428032
[m[1;33m1970-01-01 07:04:30.22|W|132501644|lpUCM [RemoteSails.cpp:SendWithRetry:185] Successfully wrote 1052 bytes
[m[0;32;32m1970-01-01 07:04:30.25|I|132501644|lpUCM [RemoteSails.cpp:HandleResponse:149] HandleResponse started, buffer size: 1048
[m[0;32;32m1970-01-01 07:04:30.25|I|132501644|lpUCM [RemoteSails.cpp:HandleResponse:158] Successfully deserialized response, status: 0, result code: 0
[m[0;32;31m1970-01-01 07:04:30.25|E|132501644|lpUCM [IpccProtoMessage.cpp:SerializeParams:112] m_offset, 429056
[m[1;33m1970-01-01 07:04:30.25|W|132501644|lpUCM [RemoteSails.cpp:SendWithRetry:185] Successfully wrote 1052 bytes
[m[0;32;32m1970-01-01 07:04:30.28|I|132501644|lpUCM [RemoteSails.cpp:HandleResponse:149] HandleResponse started, buffer size: 1048
[m[0;32;32m1970-01-01 07:04:30.28|I|132501644|lpUCM [RemoteSails.cpp:HandleResponse:158] Successfully deserialized response, status: 0, result code: 0
[m[0;32;31m1970-01-01 07:04:30.28|E|132501644|lpUCM [IpccProtoMessage.cpp:SerializeParams:112] m_offset, 430080
[m[1;33m1970-01-01 07:04:30.28|W|132501644|lpUCM [RemoteSails.cpp:SendWithRetry:185] Successfully wrote 1052 bytes
[m[0;32;32m1970-01-01 07:04:30.61|I|132501644|lpUCM [RemoteSails.cpp:HandleResponse:149] HandleResponse started, buffer size: 1048
[m[0;32;32m1970-01-01 07:04:30.61|I|132501644|lpUCM [RemoteSails.cpp:HandleResponse:158] Successfully deserialized response, status: 0, result code: 0
[m[0;32;31m1970-01-01 07:04:30.61|E|132501644|lpUCM [IpccProtoMessage.cpp:SerializeParams:112] m_offset, 431104
[m[1;33m1970-01-01 07:04:30.61|W|132501644|lpUCM [RemoteSails.cpp:SendWithRetry:185] Successfully wrote 1052 bytes
[m[0;32;32m1970-01-01 07:04:30.64|I|132501644|lpUCM [RemoteSails.cpp:HandleResponse:149] HandleResponse started, buffer size: 1048
[m[0;32;32m1970-01-01 07:04:30.64|I|132501644|lpUCM [RemoteSails.cpp:HandleResponse:158] Successfully deserialized response, status: 0, result code: 0
[m[0;32;31m1970-01-01 07:04:30.64|E|132501644|lpUCM [IpccProtoMessage.cpp:SerializeParams:112] m_offset, 432128
[m[1;33m1970-01-01 07:04:30.64|W|132501644|lpUCM [RemoteSails.cpp:SendWithRetry:185] Successfully wrote 1052 bytes
[m[0;32;32m1970-01-01 07:04:30.67|I|132501644|lpUCM [RemoteSails.cpp:HandleResponse:149] HandleResponse started, buffer size: 1048
[m[0;32;32m1970-01-01 07:04:30.67|I|132501644|lpUCM [RemoteSails.cpp:HandleResponse:158] Successfully deserialized response, status: 0, result code: 0
[m[0;32;31m1970-01-01 07:04:30.67|E|132501644|lpUCM [IpccProtoMessage.cpp:SerializeParams:112] m_offset, 433152
[m[1;33m1970-01-01 07:04:30.67|W|132501644|lpUCM [RemoteSails.cpp:SendWithRetry:185] Successfully wrote 1052 bytes
[m[0;32;32m1970-01-01 07:04:30.74|I|132501644|lpUCM [RemoteSails.cpp:HandleResponse:149] HandleResponse started, buffer size: 1048
[m[0;32;32m1970-01-01 07:04:30.74|I|132501644|lpUCM [RemoteSails.cpp:HandleResponse:158] Successfully deserialized response, status: 0, result code: 0
[m[0;32;31m1970-01-01 07:04:30.74|E|132501644|lpUCM [IpccProtoMessage.cpp:SerializeParams:112] m_offset, 434176
[m[1;33m1970-01-01 07:04:30.74|W|132501644|lpUCM [RemoteSails.cpp:SendWithRetry:185] Successfully wrote 1052 bytes
[m[0;32;32m1970-01-01 07:04:30.107|I|132501644|lpUCM [RemoteSails.cpp:HandleResponse:149] HandleResponse started, buffer size: 1048
[m[0;32;32m1970-01-01 07:04:30.107|I|132501644|lpUCM [RemoteSails.cpp:HandleResponse:158] Successfully deserialized response, status: 0, result code: 0
[m[0;32;31m1970-01-01 07:04:30.107|E|132501644|lpUCM [IpccProtoMessage.cpp:SerializeParams:112] m_offset, 435200
[m[1;33m1970-01-01 07:04:30.107|W|132501644|lpUCM [RemoteSails.cpp:SendWithRetry:185] Successfully wrote 1052 bytes
[m[0;32;32m1970-01-01 07:04:30.114|I|132501644|lpUCM [RemoteSails.cpp:HandleResponse:149] HandleResponse started, buffer size: 1048
[m[0;32;32m1970-01-01 07:04:30.114|I|132501644|lpUCM [RemoteSails.cpp:HandleResponse:158] Successfully deserialized response, status: 0, result code: 0
[m[0;32;31m1970-01-01 07:04:30.114|E|132501644|lpUCM [IpccProtoMessage.cpp:SerializeParams:112] m_offset, 436224
[m[1;33m1970-01-01 07:04:30.114|W|132501644|lpUCM [RemoteSails.cpp:SendWithRetry:185] Successfully wrote 1052 bytes
[m[0;32;32m1970-01-01 07:04:30.118|I|132501644|lpUCM [RemoteSails.cpp:HandleResponse:149] HandleResponse started, buffer size: 1048
[m[0;32;32m1970-01-01 07:04:30.118|I|132501644|lpUCM [RemoteSails.cpp:HandleResponse:158] Successfully deserialized response, status: 0, result code: 0
[m[0;32;31m1970-01-01 07:04:30.118|E|132501644|lpUCM [IpccProtoMessage.cpp:SerializeParams:112] m_offset, 437248
[m[1;33m1970-01-01 07:04:30.118|W|132501644|lpUCM [RemoteSails.cpp:SendWithRetry:185] Successfully wrote 1052 bytes
[m[0;32;32m1970-01-01 07:04:30.125|I|132501644|lpUCM [RemoteSails.cpp:HandleResponse:149] HandleResponse started, buffer size: 1048
[m[0;32;32m1970-01-01 07:04:30.125|I|132501644|lpUCM [RemoteSails.cpp:HandleResponse:158] Successfully deserialized response, status: 0, result code: 0
[m[0;32;31m1970-01-01 07:04:30.125|E|132501644|lpUCM [IpccProtoMessage.cpp:SerializeParams:112] m_offset, 438272
[m[1;33m1970-01-01 07:04:30.125|W|132501644|lpUCM [RemoteSails.cpp:SendWithRetry:185] Successfully wrote 1052 bytes
[m[0;32;32m1970-01-01 07:04:30.156|I|132501644|lpUCM [RemoteSails.cpp:HandleResponse:149] HandleResponse started, buffer size: 1048
[m[0;32;32m1970-01-01 07:04:30.156|I|132501644|lpUCM [RemoteSails.cpp:HandleResponse:158] Successfully deserialized response, status: 0, result code: 0
[m[0;32;31m1970-01-01 07:04:30.156|E|132501644|lpUCM [IpccProtoMessage.cpp:SerializeParams:112] m_offset, 439296
[m[1;33m1970-01-01 07:04:30.156|W|132501644|lpUCM [RemoteSails.cpp:SendWithRetry:185] Successfully wrote 1052 bytes
[m[0;32;32m1970-01-01 07:04:30.160|I|132501644|lpUCM [RemoteSails.cpp:HandleResponse:149] HandleResponse started, buffer size: 1048
[m[0;32;32m1970-01-01 07:04:30.160|I|132501644|lpUCM [RemoteSails.cpp:HandleResponse:158] Successfully deserialized response, status: 0, result code: 0
[m[0;32;31m1970-01-01 07:04:30.160|E|132501644|lpUCM [IpccProtoMessage.cpp:SerializeParams:112] m_offset, 440320
[m[1;33m1970-01-01 07:04:30.160|W|132501644|lpUCM [RemoteSails.cpp:SendWithRetry:185] Successfully wrote 1052 bytes
[m[0;32;32m1970-01-01 07:04:30.164|I|132501644|lpUCM [RemoteSails.cpp:HandleResponse:149] HandleResponse started, buffer size: 1048
[m[0;32;32m1970-01-01 07:04:30.164|I|132501644|lpUCM [RemoteSails.cpp:HandleResponse:158] Successfully deserialized response, status: 0, result code: 0
[m[0;32;31m1970-01-01 07:04:30.164|E|132501644|lpUCM [IpccProtoMessage.cpp:SerializeParams:112] m_offset, 441344
[m[1;33m1970-01-01 07:04:30.164|W|132501644|lpUCM [RemoteSails.cpp:SendWithRetry:185] Successfully wrote 1052 bytes
[m[0;32;32m1970-01-01 07:04:30.168|I|132501644|lpUCM [RemoteSails.cpp:HandleResponse:149] HandleResponse started, buffer size: 1048
[m[0;32;32m1970-01-01 07:04:30.168|I|132501644|lpUCM [RemoteSails.cpp:HandleResponse:158] Successfully deserialized response, status: 0, result code: 0
[m[0;32;32m1970-01-01 07:04:30.168|I|132501644|lpUCM [RemoteSails.cpp:SailWriteData:272] All data already trans size 16384
[m[0;32;32m1970-01-01 07:04:30.168|I|132501644|lpUCM [fds.cpp:FDS_OnLocalUpgProgress:248] total: 23, curr:22, percent:40, rop:93%
[m[0;32;32m1970-01-01 07:04:30.168|I|132501644|lpUCM [RemoteSails.cpp:SailWriteData:254] total data is 16384
[m[0;32;31m1970-01-01 07:04:30.168|E|132501644|lpUCM [IpccProtoMessage.cpp:SerializeParams:112] m_offset, 442368
[m[1;33m1970-01-01 07:04:30.168|W|132501644|lpUCM [RemoteSails.cpp:SendWithRetry:185] Successfully wrote 1052 bytes
[m[0;32;32m1970-01-01 07:04:30.201|I|132501644|lpUCM [RemoteSails.cpp:HandleResponse:149] HandleResponse started, buffer size: 1048
[m[0;32;32m1970-01-01 07:04:30.201|I|132501644|lpUCM [RemoteSails.cpp:HandleResponse:158] Successfully deserialized response, status: 0, result code: 0
[m[0;32;31m1970-01-01 07:04:30.201|E|132501644|lpUCM [IpccProtoMessage.cpp:SerializeParams:112] m_offset, 443392
[m[1;33m1970-01-01 07:04:30.201|W|132501644|lpUCM [RemoteSails.cpp:SendWithRetry:185] Successfully wrote 1052 bytes
[m[0;32;32m1970-01-01 07:04:30.204|I|132501644|lpUCM [RemoteSails.cpp:HandleResponse:149] HandleResponse started, buffer size: 1048
[m[0;32;32m1970-01-01 07:04:30.204|I|132501644|lpUCM [RemoteSails.cpp:HandleResponse:158] Successfully deserialized response, status: 0, result code: 0
[m[0;32;31m1970-01-01 07:04:30.204|E|132501644|lpUCM [IpccProtoMessage.cpp:SerializeParams:112] m_offset, 444416
[m[1;33m1970-01-01 07:04:30.204|W|132501644|lpUCM [RemoteSails.cpp:SendWithRetry:185] Successfully wrote 1052 bytes
[m[0;32;32m1970-01-01 07:04:30.207|I|132501644|lpUCM [RemoteSails.cpp:HandleResponse:149] HandleResponse started, buffer size: 1048
[m[0;32;32m1970-01-01 07:04:30.207|I|132501644|lpUCM [RemoteSails.cpp:HandleResponse:158] Successfully deserialized response, status: 0, result code: 0
[m[0;32;31m1970-01-01 07:04:30.207|E|132501644|lpUCM [IpccProtoMessage.cpp:SerializeParams:112] m_offset, 445440
[m[1;33m1970-01-01 07:04:30.207|W|132501644|lpUCM [RemoteSails.cpp:SendWithRetry:185] Successfully wrote 1052 bytes
[m[0;32;32m1970-01-01 07:04:30.213|I|132501644|lpUCM [RemoteSails.cpp:HandleResponse:149] HandleResponse started, buffer size: 1048
[m[0;32;32m1970-01-01 07:04:30.213|I|132501644|lpUCM [RemoteSails.cpp:HandleResponse:158] Successfully deserialized response, status: 0, result code: 0
[m[0;32;31m1970-01-01 07:04:30.213|E|132501644|lpUCM [IpccProtoMessage.cpp:SerializeParams:112] m_offset, 446464
[m[1;33m1970-01-01 07:04:30.213|W|132501644|lpUCM [RemoteSails.cpp:SendWithRetry:185] Successfully wrote 1052 bytes
[m[0;32;32m1970-01-01 07:04:30.245|I|132501644|lpUCM [RemoteSails.cpp:HandleResponse:149] HandleResponse started, buffer size: 1048
[m[0;32;32m1970-01-01 07:04:30.245|I|132501644|lpUCM [RemoteSails.cpp:HandleResponse:158] Successfully deserialized response, status: 0, result code: 0
[m[0;32;31m1970-01-01 07:04:30.245|E|132501644|lpUCM [IpccProtoMessage.cpp:SerializeParams:112] m_offset, 447488
[m[1;33m1970-01-01 07:04:30.245|W|132501644|lpUCM [RemoteSails.cpp:SendWithRetry:185] Successfully wrote 1052 bytes
[m[0;32;32m1970-01-01 07:04:30.249|I|132501644|lpUCM [RemoteSails.cpp:HandleResponse:149] HandleResponse started, buffer size: 1048
[m[0;32;32m1970-01-01 07:04:30.249|I|132501644|lpUCM [RemoteSails.cpp:HandleResponse:158] Successfully deserialized response, status: 0, result code: 0
[m[0;32;31m1970-01-01 07:04:30.249|E|132501644|lpUCM [IpccProtoMessage.cpp:SerializeParams:112] m_offset, 448512
[m[1;33m1970-01-01 07:04:30.249|W|132501644|lpUCM [RemoteSails.cpp:SendWithRetry:185] Successfully wrote 1052 bytes
[m[0;32;32m1970-01-01 07:04:30.252|I|132501644|lpUCM [RemoteSails.cpp:HandleResponse:149] HandleResponse started, buffer size: 1048
[m[0;32;32m1970-01-01 07:04:30.252|I|132501644|lpUCM [RemoteSails.cpp:HandleResponse:158] Successfully deserialized response, status: 0, result code: 0
[m[0;32;31m1970-01-01 07:04:30.252|E|132501644|lpUCM [IpccProtoMessage.cpp:SerializeParams:112] m_offset, 449536
[m[1;33m1970-01-01 07:04:30.252|W|132501644|lpUCM [RemoteSails.cpp:SendWithRetry:185] Successfully wrote 1052 bytes
[m[0;32;32m1970-01-01 07:04:30.255|I|132501644|lpUCM [RemoteSails.cpp:HandleResponse:149] HandleResponse started, buffer size: 1048
[m[0;32;32m1970-01-01 07:04:30.255|I|132501644|lpUCM [RemoteSails.cpp:HandleResponse:158] Successfully deserialized response, status: 0, result code: 0
[m[0;32;31m1970-01-01 07:04:30.255|E|132501644|lpUCM [IpccProtoMessage.cpp:SerializeParams:112] m_offset, 450560
[m[1;33m1970-01-01 07:04:30.255|W|132501644|lpUCM [RemoteSails.cpp:SendWithRetry:185] Successfully wrote 1052 bytes
[m[0;32;32m1970-01-01 07:04:30.289|I|132501644|lpUCM [RemoteSails.cpp:HandleResponse:149] HandleResponse started, buffer size: 1048
[m[0;32;32m1970-01-01 07:04:30.289|I|132501644|lpUCM [RemoteSails.cpp:HandleResponse:158] Successfully deserialized response, status: 0, result code: 0
[m[0;32;31m1970-01-01 07:04:30.289|E|132501644|lpUCM [IpccProtoMessage.cpp:SerializeParams:112] m_offset, 451584
[m[1;33m1970-01-01 07:04:30.289|W|132501644|lpUCM [RemoteSails.cpp:SendWithRetry:185] Successfully wrote 1052 bytes
[m[0;32;32m1970-01-01 07:04:30.292|I|132501644|lpUCM [RemoteSails.cpp:HandleResponse:149] HandleResponse started, buffer size: 1048
[m[0;32;32m1970-01-01 07:04:30.292|I|132501644|lpUCM [RemoteSails.cpp:HandleResponse:158] Successfully deserialized response, status: 0, result code: 0
[m[0;32;31m1970-01-01 07:04:30.292|E|132501644|lpUCM [IpccProtoMessage.cpp:SerializeParams:112] m_offset, 452608
[m[1;33m1970-01-01 07:04:30.292|W|132501644|lpUCM [RemoteSails.cpp:SendWithRetry:185] Successfully wrote 1052 bytes
[m[0;32;32m1970-01-01 07:04:30.295|I|132501644|lpUCM [RemoteSails.cpp:HandleResponse:149] HandleResponse started, buffer size: 1048
[m[0;32;32m1970-01-01 07:04:30.295|I|132501644|lpUCM [RemoteSails.cpp:HandleResponse:158] Successfully deserialized response, status: 0, result code: 0
[m[0;32;31m1970-01-01 07:04:30.295|E|132501644|lpUCM [IpccProtoMessage.cpp:SerializeParams:112] m_offset, 453632
[m[1;33m1970-01-01 07:04:30.295|W|132501644|lpUCM [RemoteSails.cpp:SendWithRetry:185] Successfully wrote 1052 bytes
[m[0;32;32m1970-01-01 07:04:30.298|I|132501644|lpUCM [RemoteSails.cpp:HandleResponse:149] HandleResponse started, buffer size: 1048
[m[0;32;32m1970-01-01 07:04:30.298|I|132501644|lpUCM [RemoteSails.cpp:HandleResponse:158] Successfully deserialized response, status: 0, result code: 0
[m[0;32;31m1970-01-01 07:04:30.298|E|132501644|lpUCM [IpccProtoMessage.cpp:SerializeParams:112] m_offset, 454656
[m[1;33m1970-01-01 07:04:30.298|W|132501644|lpUCM [RemoteSails.cpp:SendWithRetry:185] Successfully wrote 1052 bytes
[m[0;32;32m1970-01-01 07:04:30.330|I|132501644|lpUCM [RemoteSails.cpp:HandleResponse:149] HandleResponse started, buffer size: 1048
[m[0;32;32m1970-01-01 07:04:30.330|I|132501644|lpUCM [RemoteSails.cpp:HandleResponse:158] Successfully deserialized response, status: 0, result code: 0
[m[0;32;31m1970-01-01 07:04:30.330|E|132501644|lpUCM [IpccProtoMessage.cpp:SerializeParams:112] m_offset, 455680
[m[1;33m1970-01-01 07:04:30.330|W|132501644|lpUCM [RemoteSails.cpp:SendWithRetry:185] Successfully wrote 1052 bytes
[m[0;32;32m1970-01-01 07:04:30.334|I|132501644|lpUCM [RemoteSails.cpp:HandleResponse:149] HandleResponse started, buffer size: 1048
[m[0;32;32m1970-01-01 07:04:30.334|I|132501644|lpUCM [RemoteSails.cpp:HandleResponse:158] Successfully deserialized response, status: 0, result code: 0
[m[0;32;31m1970-01-01 07:04:30.334|E|132501644|lpUCM [IpccProtoMessage.cpp:SerializeParams:112] m_offset, 456704
[m[1;33m1970-01-01 07:04:30.334|W|132501644|lpUCM [RemoteSails.cpp:SendWithRetry:185] Successfully wrote 1052 bytes
[m[0;32;32m1970-01-01 07:04:30.337|I|132501644|lpUCM [RemoteSails.cpp:HandleResponse:149] HandleResponse started, buffer size: 1048
[m[0;32;32m1970-01-01 07:04:30.337|I|132501644|lpUCM [RemoteSails.cpp:HandleResponse:158] Successfully deserialized response, status: 0, result code: 0
[m[0;32;31m1970-01-01 07:04:30.337|E|132501644|lpUCM [IpccProtoMessage.cpp:SerializeParams:112] m_offset, 457728
[m[1;33m1970-01-01 07:04:30.337|W|132501644|lpUCM [RemoteSails.cpp:SendWithRetry:185] Successfully wrote 1052 bytes
[m[0;32;32m1970-01-01 07:04:30.341|I|132501644|lpUCM [RemoteSails.cpp:HandleResponse:149] HandleResponse started, buffer size: 1048
[m[0;32;32m1970-01-01 07:04:30.341|I|132501644|lpUCM [RemoteSails.cpp:HandleResponse:158] Successfully deserialized response, status: 0, result code: 0
[m[0;32;32m1970-01-01 07:04:30.341|I|132501644|lpUCM [RemoteSails.cpp:SailWriteData:272] All data already trans size 16384
[m[0;32;32m1970-01-01 07:04:30.341|I|132501644|lpUCM [fds.cpp:FDS_OnLocalUpgProgress:248] total: 23, curr:22, percent:41, rop:93%
[m[0;32;32m1970-01-01 07:04:30.341|I|132501644|lpUCM [RemoteSails.cpp:SailWriteData:254] total data is 16384
[m[0;32;31m1970-01-01 07:04:30.341|E|132501644|lpUCM [IpccProtoMessage.cpp:SerializeParams:112] m_offset, 458752
[m[1;33m1970-01-01 07:04:30.341|W|132501644|lpUCM [RemoteSails.cpp:SendWithRetry:185] Successfully wrote 1052 bytes
[m[0;32;32m1970-01-01 07:04:30.376|I|132501644|lpUCM [RemoteSails.cpp:HandleResponse:149] HandleResponse started, buffer size: 1048
[m[0;32;32m1970-01-01 07:04:30.376|I|132501644|lpUCM [RemoteSails.cpp:HandleResponse:158] Successfully deserialized response, status: 0, result code: 0
[m[0;32;31m1970-01-01 07:04:30.376|E|132501644|lpUCM [IpccProtoMessage.cpp:SerializeParams:112] m_offset, 459776
[m[1;33m1970-01-01 07:04:30.376|W|132501644|lpUCM [RemoteSails.cpp:SendWithRetry:185] Successfully wrote 1052 bytes
[m[0;32;32m1970-01-01 07:04:30.379|I|132501644|lpUCM [RemoteSails.cpp:HandleResponse:149] HandleResponse started, buffer size: 1048
[m[0;32;32m1970-01-01 07:04:30.379|I|132501644|lpUCM [RemoteSails.cpp:HandleResponse:158] Successfully deserialized response, status: 0, result code: 0
[m[0;32;31m1970-01-01 07:04:30.379|E|132501644|lpUCM [IpccProtoMessage.cpp:SerializeParams:112] m_offset, 460800
[m[1;33m1970-01-01 07:04:30.379|W|132501644|lpUCM [RemoteSails.cpp:SendWithRetry:185] Successfully wrote 1052 bytes
[m[0;32;32m1970-01-01 07:04:30.382|I|132501644|lpUCM [RemoteSails.cpp:HandleResponse:149] HandleResponse started, buffer size: 1048
[m[0;32;32m1970-01-01 07:04:30.382|I|132501644|lpUCM [RemoteSails.cpp:HandleResponse:158] Successfully deserialized response, status: 0, result code: 0
[m[0;32;31m1970-01-01 07:04:30.382|E|132501644|lpUCM [IpccProtoMessage.cpp:SerializeParams:112] m_offset, 461824
[m[1;33m1970-01-01 07:04:30.382|W|132501644|lpUCM [RemoteSails.cpp:SendWithRetry:185] Successfully wrote 1052 bytes
[m[0;32;32m1970-01-01 07:04:30.385|I|132501644|lpUCM [RemoteSails.cpp:HandleResponse:149] HandleResponse started, buffer size: 1048
[m[0;32;32m1970-01-01 07:04:30.385|I|132501644|lpUCM [RemoteSails.cpp:HandleResponse:158] Successfully deserialized response, status: 0, result code: 0
[m[0;32;31m1970-01-01 07:04:30.385|E|132501644|lpUCM [IpccProtoMessage.cpp:SerializeParams:112] m_offset, 462848
[m[1;33m1970-01-01 07:04:30.385|W|132501644|lpUCM [RemoteSails.cpp:SendWithRetry:185] Successfully wrote 1052 bytes
[m[0;32;32m1970-01-01 07:04:30.418|I|132501644|lpUCM [RemoteSails.cpp:HandleResponse:149] HandleResponse started, buffer size: 1048
[m[0;32;32m1970-01-01 07:04:30.418|I|132501644|lpUCM [RemoteSails.cpp:HandleResponse:158] Successfully deserialized response, status: 0, result code: 0
[m[0;32;31m1970-01-01 07:04:30.418|E|132501644|lpUCM [IpccProtoMessage.cpp:SerializeParams:112] m_offset, 463872
[m[1;33m1970-01-01 07:04:30.418|W|132501644|lpUCM [RemoteSails.cpp:SendWithRetry:185] Successfully wrote 1052 bytes
[m[0;32;32m1970-01-01 07:04:30.424|I|132501644|lpUCM [RemoteSails.cpp:HandleResponse:149] HandleResponse started, buffer size: 1048
[m[0;32;32m1970-01-01 07:04:30.424|I|132501644|lpUCM [RemoteSails.cpp:HandleResponse:158] Successfully deserialized response, status: 0, result code: 0
[m[0;32;31m1970-01-01 07:04:30.424|E|132501644|lpUCM [IpccProtoMessage.cpp:SerializeParams:112] m_offset, 464896
[m[1;33m1970-01-01 07:04:30.424|W|132501644|lpUCM [RemoteSails.cpp:SendWithRetry:185] Successfully wrote 1052 bytes
[m[0;32;32m1970-01-01 07:04:30.427|I|132501644|lpUCM [RemoteSails.cpp:HandleResponse:149] HandleResponse started, buffer size: 1048
[m[0;32;32m1970-01-01 07:04:30.427|I|132501644|lpUCM [RemoteSails.cpp:HandleResponse:158] Successfully deserialized response, status: 0, result code: 0
[m[0;32;31m1970-01-01 07:04:30.427|E|132501644|lpUCM [IpccProtoMessage.cpp:SerializeParams:112] m_offset, 465920
[m[1;33m1970-01-01 07:04:30.427|W|132501644|lpUCM [RemoteSails.cpp:SendWithRetry:185] Successfully wrote 1052 bytes
[m[0;32;32m1970-01-01 07:04:30.433|I|132501644|lpUCM [RemoteSails.cpp:HandleResponse:149] HandleResponse started, buffer size: 1048
[m[0;32;32m1970-01-01 07:04:30.433|I|132501644|lpUCM [RemoteSails.cpp:HandleResponse:158] Successfully deserialized response, status: 0, result code: 0
[m[0;32;31m1970-01-01 07:04:30.433|E|132501644|lpUCM [IpccProtoMessage.cpp:SerializeParams:112] m_offset, 466944
[m[1;33m1970-01-01 07:04:30.433|W|132501644|lpUCM [RemoteSails.cpp:SendWithRetry:185] Successfully wrote 1052 bytes
[m[0;32;32m1970-01-01 07:04:30.466|I|132501644|lpUCM [RemoteSails.cpp:HandleResponse:149] HandleResponse started, buffer size: 1048
[m[0;32;32m1970-01-01 07:04:30.466|I|132501644|lpUCM [RemoteSails.cpp:HandleResponse:158] Successfully deserialized response, status: 0, result code: 0
[m[0;32;31m1970-01-01 07:04:30.466|E|132501644|lpUCM [IpccProtoMessage.cpp:SerializeParams:112] m_offset, 467968
[m[1;33m1970-01-01 07:04:30.466|W|132501644|lpUCM [RemoteSails.cpp:SendWithRetry:185] Successfully wrote 1052 bytes
[m[0;32;32m1970-01-01 07:04:30.473|I|132501644|lpUCM [RemoteSails.cpp:HandleResponse:149] HandleResponse started, buffer size: 1048
[m[0;32;32m1970-01-01 07:04:30.473|I|132501644|lpUCM [RemoteSails.cpp:HandleResponse:158] Successfully deserialized response, status: 0, result code: 0
[m[0;32;31m1970-01-01 07:04:30.473|E|132501644|lpUCM [IpccProtoMessage.cpp:SerializeParams:112] m_offset, 468992
[m[1;33m1970-01-01 07:04:30.473|W|132501644|lpUCM [RemoteSails.cpp:SendWithRetry:185] Successfully wrote 1052 bytes
[m[0;32;32m1970-01-01 07:04:30.476|I|132501644|lpUCM [RemoteSails.cpp:HandleResponse:149] HandleResponse started, buffer size: 1048
[m[0;32;32m1970-01-01 07:04:30.476|I|132501644|lpUCM [RemoteSails.cpp:HandleResponse:158] Successfully deserialized response, status: 0, result code: 0
[m[0;32;31m1970-01-01 07:04:30.476|E|132501644|lpUCM [IpccProtoMessage.cpp:SerializeParams:112] m_offset, 470016
[m[1;33m1970-01-01 07:04:30.476|W|132501644|lpUCM [RemoteSails.cpp:SendWithRetry:185] Successfully wrote 1052 bytes
[m[0;32;32m1970-01-01 07:04:30.483|I|132501644|lpUCM [RemoteSails.cpp:HandleResponse:149] HandleResponse started, buffer size: 1048
[m[0;32;32m1970-01-01 07:04:30.483|I|132501644|lpUCM [RemoteSails.cpp:HandleResponse:158] Successfully deserialized response, status: 0, result code: 0
[m[0;32;31m1970-01-01 07:04:30.483|E|132501644|lpUCM [IpccProtoMessage.cpp:SerializeParams:112] m_offset, 471040
[m[1;33m1970-01-01 07:04:30.483|W|132501644|lpUCM [RemoteSails.cpp:SendWithRetry:185] Successfully wrote 1052 bytes
[m[0;32;32m1970-01-01 07:04:30.515|I|132501644|lpUCM [RemoteSails.cpp:HandleResponse:149] HandleResponse started, buffer size: 1048
[m[0;32;32m1970-01-01 07:04:30.515|I|132501644|lpUCM [RemoteSails.cpp:HandleResponse:158] Successfully deserialized response, status: 0, result code: 0
[m[0;32;31m1970-01-01 07:04:30.515|E|132501644|lpUCM [IpccProtoMessage.cpp:SerializeParams:112] m_offset, 472064
[m[1;33m1970-01-01 07:04:30.515|W|132501644|lpUCM [RemoteSails.cpp:SendWithRetry:185] Successfully wrote 1052 bytes
[m[0;32;32m1970-01-01 07:04:30.519|I|132501644|lpUCM [RemoteSails.cpp:HandleResponse:149] HandleResponse started, buffer size: 1048
[m[0;32;32m1970-01-01 07:04:30.519|I|132501644|lpUCM [RemoteSails.cpp:HandleResponse:158] Successfully deserialized response, status: 0, result code: 0
[m[0;32;31m1970-01-01 07:04:30.519|E|132501644|lpUCM [IpccProtoMessage.cpp:SerializeParams:112] m_offset, 473088
[m[1;33m1970-01-01 07:04:30.519|W|132501644|lpUCM [RemoteSails.cpp:SendWithRetry:185] Successfully wrote 1052 bytes
[m[0;32;32m1970-01-01 07:04:30.522|I|132501644|lpUCM [RemoteSails.cpp:HandleResponse:149] HandleResponse started, buffer size: 1048
[m[0;32;32m1970-01-01 07:04:30.522|I|132501644|lpUCM [RemoteSails.cpp:HandleResponse:158] Successfully deserialized response, status: 0, result code: 0
[m[0;32;31m1970-01-01 07:04:30.522|E|132501644|lpUCM [IpccProtoMessage.cpp:SerializeParams:112] m_offset, 474112
[m[1;33m1970-01-01 07:04:30.522|W|132501644|lpUCM [RemoteSails.cpp:SendWithRetry:185] Successfully wrote 1052 bytes
[m[0;32;32m1970-01-01 07:04:30.526|I|132501644|lpUCM [RemoteSails.cpp:HandleResponse:149] HandleResponse started, buffer size: 1048
[m[0;32;32m1970-01-01 07:04:30.526|I|132501644|lpUCM [RemoteSails.cpp:HandleResponse:158] Successfully deserialized response, status: 0, result code: 0
[m[0;32;32m1970-01-01 07:04:30.526|I|132501644|lpUCM [RemoteSails.cpp:SailWriteData:272] All data already trans size 16384
[m[0;32;32m1970-01-01 07:04:30.526|I|132501644|lpUCM [fds.cpp:FDS_OnLocalUpgProgress:248] total: 23, curr:22, percent:42, rop:93%
[m[0;32;32m1970-01-01 07:04:30.526|I|132501644|lpUCM [RemoteSails.cpp:SailWriteData:254] total data is 16384
[m[0;32;31m1970-01-01 07:04:30.526|E|132501644|lpUCM [IpccProtoMessage.cpp:SerializeParams:112] m_offset, 475136
[m[1;33m1970-01-01 07:04:30.526|W|132501644|lpUCM [RemoteSails.cpp:SendWithRetry:185] Successfully wrote 1052 bytes
[m[0;32;32m1970-01-01 07:04:30.557|I|132501644|lpUCM [RemoteSails.cpp:HandleResponse:149] HandleResponse started, buffer size: 1048
[m[0;32;32m1970-01-01 07:04:30.557|I|132501644|lpUCM [RemoteSails.cpp:HandleResponse:158] Successfully deserialized response, status: 0, result code: 0
[m[0;32;31m1970-01-01 07:04:30.557|E|132501644|lpUCM [IpccProtoMessage.cpp:SerializeParams:112] m_offset, 476160
[m[1;33m1970-01-01 07:04:30.557|W|132501644|lpUCM [RemoteSails.cpp:SendWithRetry:185] Successfully wrote 1052 bytes
[m[0;32;32m1970-01-01 07:04:30.561|I|132501644|lpUCM [RemoteSails.cpp:HandleResponse:149] HandleResponse started, buffer size: 1048
[m[0;32;32m1970-01-01 07:04:30.561|I|132501644|lpUCM [RemoteSails.cpp:HandleResponse:158] Successfully deserialized response, status: 0, result code: 0
[m[0;32;31m1970-01-01 07:04:30.561|E|132501644|lpUCM [IpccProtoMessage.cpp:SerializeParams:112] m_offset, 477184
[m[1;33m1970-01-01 07:04:30.561|W|132501644|lpUCM [RemoteSails.cpp:SendWithRetry:185] Successfully wrote 1052 bytes
[m[0;32;32m1970-01-01 07:04:30.564|I|132501644|lpUCM [RemoteSails.cpp:HandleResponse:149] HandleResponse started, buffer size: 1048
[m[0;32;32m1970-01-01 07:04:30.564|I|132501644|lpUCM [RemoteSails.cpp:HandleResponse:158] Successfully deserialized response, status: 0, result code: 0
[m[0;32;31m1970-01-01 07:04:30.564|E|132501644|lpUCM [IpccProtoMessage.cpp:SerializeParams:112] m_offset, 478208
[m[1;33m1970-01-01 07:04:30.564|W|132501644|lpUCM [RemoteSails.cpp:SendWithRetry:185] Successfully wrote 1052 bytes
[m[0;32;32m1970-01-01 07:04:30.568|I|132501644|lpUCM [RemoteSails.cpp:HandleResponse:149] HandleResponse started, buffer size: 1048
[m[0;32;32m1970-01-01 07:04:30.568|I|132501644|lpUCM [RemoteSails.cpp:HandleResponse:158] Successfully deserialized response, status: 0, result code: 0
[m[0;32;31m1970-01-01 07:04:30.568|E|132501644|lpUCM [IpccProtoMessage.cpp:SerializeParams:112] m_offset, 479232
[m[1;33m1970-01-01 07:04:30.568|W|132501644|lpUCM [RemoteSails.cpp:SendWithRetry:185] Successfully wrote 1052 bytes
[m[0;32;32m1970-01-01 07:04:30.601|I|132501644|lpUCM [RemoteSails.cpp:HandleResponse:149] HandleResponse started, buffer size: 1048
[m[0;32;32m1970-01-01 07:04:30.601|I|132501644|lpUCM [RemoteSails.cpp:HandleResponse:158] Successfully deserialized response, status: 0, result code: 0
[m[0;32;31m1970-01-01 07:04:30.601|E|132501644|lpUCM [IpccProtoMessage.cpp:SerializeParams:112] m_offset, 480256
[m[1;33m1970-01-01 07:04:30.601|W|132501644|lpUCM [RemoteSails.cpp:SendWithRetry:185] Successfully wrote 1052 bytes
[m[0;32;32m1970-01-01 07:04:30.604|I|132501644|lpUCM [RemoteSails.cpp:HandleResponse:149] HandleResponse started, buffer size: 1048
[m[0;32;32m1970-01-01 07:04:30.604|I|132501644|lpUCM [RemoteSails.cpp:HandleResponse:158] Successfully deserialized response, status: 0, result code: 0
[m[0;32;31m1970-01-01 07:04:30.604|E|132501644|lpUCM [IpccProtoMessage.cpp:SerializeParams:112] m_offset, 481280
[m[1;33m1970-01-01 07:04:30.604|W|132501644|lpUCM [RemoteSails.cpp:SendWithRetry:185] Successfully wrote 1052 bytes
[m[0;32;32m1970-01-01 07:04:30.607|I|132501644|lpUCM [RemoteSails.cpp:HandleResponse:149] HandleResponse started, buffer size: 1048
[m[0;32;32m1970-01-01 07:04:30.607|I|132501644|lpUCM [RemoteSails.cpp:HandleResponse:158] Successfully deserialized response, status: 0, result code: 0
[m[0;32;31m1970-01-01 07:04:30.607|E|132501644|lpUCM [IpccProtoMessage.cpp:SerializeParams:112] m_offset, 482304
[m[1;33m1970-01-01 07:04:30.607|W|132501644|lpUCM [RemoteSails.cpp:SendWithRetry:185] Successfully wrote 1052 bytes
[m[0;32;32m1970-01-01 07:04:30.613|I|132501644|lpUCM [RemoteSails.cpp:HandleResponse:149] HandleResponse started, buffer size: 1048
[m[0;32;32m1970-01-01 07:04:30.613|I|132501644|lpUCM [RemoteSails.cpp:HandleResponse:158] Successfully deserialized response, status: 0, result code: 0
[m[0;32;31m1970-01-01 07:04:30.613|E|132501644|lpUCM [IpccProtoMessage.cpp:SerializeParams:112] m_offset, 483328
[m[1;33m1970-01-01 07:04:30.613|W|132501644|lpUCM [RemoteSails.cpp:SendWithRetry:185] Successfully wrote 1052 bytes
[m[0;32;32m1970-01-01 07:04:30.643|I|132501644|lpUCM [RemoteSails.cpp:HandleResponse:149] HandleResponse started, buffer size: 1048
[m[0;32;32m1970-01-01 07:04:30.643|I|132501644|lpUCM [RemoteSails.cpp:HandleResponse:158] Successfully deserialized response, status: 0, result code: 0
[m[0;32;31m1970-01-01 07:04:30.643|E|132501644|lpUCM [IpccProtoMessage.cpp:SerializeParams:112] m_offset, 484352
[m[1;33m1970-01-01 07:04:30.643|W|132501644|lpUCM [RemoteSails.cpp:SendWithRetry:185] Successfully wrote 1052 bytes
[m[0;32;32m1970-01-01 07:04:30.646|I|132501644|lpUCM [RemoteSails.cpp:HandleResponse:149] HandleResponse started, buffer size: 1048
[m[0;32;32m1970-01-01 07:04:30.646|I|132501644|lpUCM [RemoteSails.cpp:HandleResponse:158] Successfully deserialized response, status: 0, result code: 0
[m[0;32;31m1970-01-01 07:04:30.646|E|132501644|lpUCM [IpccProtoMessage.cpp:SerializeParams:112] m_offset, 485376
[m[1;33m1970-01-01 07:04:30.646|W|132501644|lpUCM [RemoteSails.cpp:SendWithRetry:185] Successfully wrote 1052 bytes
[m[0;32;32m1970-01-01 07:04:30.649|I|132501644|lpUCM [RemoteSails.cpp:HandleResponse:149] HandleResponse started, buffer size: 1048
[m[0;32;32m1970-01-01 07:04:30.649|I|132501644|lpUCM [RemoteSails.cpp:HandleResponse:158] Successfully deserialized response, status: 0, result code: 0
[m[0;32;31m1970-01-01 07:04:30.649|E|132501644|lpUCM [IpccProtoMessage.cpp:SerializeParams:112] m_offset, 486400
[m[1;33m1970-01-01 07:04:30.649|W|132501644|lpUCM [RemoteSails.cpp:SendWithRetry:185] Successfully wrote 1052 bytes
[m[0;32;32m1970-01-01 07:04:30.652|I|132501644|lpUCM [RemoteSails.cpp:HandleResponse:149] HandleResponse started, buffer size: 1048
[m[0;32;32m1970-01-01 07:04:30.652|I|132501644|lpUCM [RemoteSails.cpp:HandleResponse:158] Successfully deserialized response, status: 0, result code: 0
[m[0;32;31m1970-01-01 07:04:30.652|E|132501644|lpUCM [IpccProtoMessage.cpp:SerializeParams:112] m_offset, 487424
[m[1;33m1970-01-01 07:04:30.652|W|132501644|lpUCM [RemoteSails.cpp:SendWithRetry:185] Successfully wrote 1052 bytes
[m[0;32;32m1970-01-01 07:04:30.685|I|132501644|lpUCM [RemoteSails.cpp:HandleResponse:149] HandleResponse started, buffer size: 1048
[m[0;32;32m1970-01-01 07:04:30.685|I|132501644|lpUCM [RemoteSails.cpp:HandleResponse:158] Successfully deserialized response, status: 0, result code: 0
[m[0;32;31m1970-01-01 07:04:30.685|E|132501644|lpUCM [IpccProtoMessage.cpp:SerializeParams:112] m_offset, 488448
[m[1;33m1970-01-01 07:04:30.685|W|132501644|lpUCM [RemoteSails.cpp:SendWithRetry:185] Successfully wrote 1052 bytes
[m[0;32;32m1970-01-01 07:04:30.688|I|132501644|lpUCM [RemoteSails.cpp:HandleResponse:149] HandleResponse started, buffer size: 1048
[m[0;32;32m1970-01-01 07:04:30.688|I|132501644|lpUCM [RemoteSails.cpp:HandleResponse:158] Successfully deserialized response, status: 0, result code: 0
[m[0;32;31m1970-01-01 07:04:30.688|E|132501644|lpUCM [IpccProtoMessage.cpp:SerializeParams:112] m_offset, 489472
[m[1;33m1970-01-01 07:04:30.688|W|132501644|lpUCM [RemoteSails.cpp:SendWithRetry:185] Successfully wrote 1052 bytes
[m[0;32;32m1970-01-01 07:04:30.694|I|132501644|lpUCM [RemoteSails.cpp:HandleResponse:149] HandleResponse started, buffer size: 1048
[m[0;32;32m1970-01-01 07:04:30.694|I|132501644|lpUCM [RemoteSails.cpp:HandleResponse:158] Successfully deserialized response, status: 0, result code: 0
[m[0;32;31m1970-01-01 07:04:30.694|E|132501644|lpUCM [IpccProtoMessage.cpp:SerializeParams:112] m_offset, 490496
[m[1;33m1970-01-01 07:04:30.694|W|132501644|lpUCM [RemoteSails.cpp:SendWithRetry:185] Successfully wrote 1052 bytes
[m[0;32;32m1970-01-01 07:04:30.697|I|132501644|lpUCM [RemoteSails.cpp:HandleResponse:149] HandleResponse started, buffer size: 1048
[m[0;32;32m1970-01-01 07:04:30.697|I|132501644|lpUCM [RemoteSails.cpp:HandleResponse:158] Successfully deserialized response, status: 0, result code: 0
[m[0;32;32m1970-01-01 07:04:30.697|I|132501644|lpUCM [RemoteSails.cpp:SailWriteData:272] All data already trans size 16384
[m[0;32;32m1970-01-01 07:04:30.697|I|132501644|lpUCM [fds.cpp:FDS_OnLocalUpgProgress:248] total: 23, curr:22, percent:43, rop:93%
[m[0;32;32m1970-01-01 07:04:30.697|I|132501644|lpUCM [RemoteSails.cpp:SailWriteData:254] total data is 16384
[m[0;32;31m1970-01-01 07:04:30.697|E|132501644|lpUCM [IpccProtoMessage.cpp:SerializeParams:112] m_offset, 491520
[m[1;33m1970-01-01 07:04:30.697|W|132501644|lpUCM [RemoteSails.cpp:SendWithRetry:185] Successfully wrote 1052 bytes
[m[0;32;32m1970-01-01 07:04:30.731|I|132501644|lpUCM [RemoteSails.cpp:HandleResponse:149] HandleResponse started, buffer size: 1048
[m[0;32;32m1970-01-01 07:04:30.731|I|132501644|lpUCM [RemoteSails.cpp:HandleResponse:158] Successfully deserialized response, status: 0, result code: 0
[m[0;32;31m1970-01-01 07:04:30.731|E|132501644|lpUCM [IpccProtoMessage.cpp:SerializeParams:112] m_offset, 492544
[m[1;33m1970-01-01 07:04:30.731|W|132501644|lpUCM [RemoteSails.cpp:SendWithRetry:185] Successfully wrote 1052 bytes
[m[0;32;32m1970-01-01 07:04:30.735|I|132501644|lpUCM [RemoteSails.cpp:HandleResponse:149] HandleResponse started, buffer size: 1048
[m[0;32;32m1970-01-01 07:04:30.735|I|132501644|lpUCM [RemoteSails.cpp:HandleResponse:158] Successfully deserialized response, status: 0, result code: 0
[m[0;32;31m1970-01-01 07:04:30.735|E|132501644|lpUCM [IpccProtoMessage.cpp:SerializeParams:112] m_offset, 493568
[m[1;33m1970-01-01 07:04:30.735|W|132501644|lpUCM [RemoteSails.cpp:SendWithRetry:185] Successfully wrote 1052 bytes
[m[0;32;32m1970-01-01 07:04:30.738|I|132501644|lpUCM [RemoteSails.cpp:HandleResponse:149] HandleResponse started, buffer size: 1048
[m[0;32;32m1970-01-01 07:04:30.738|I|132501644|lpUCM [RemoteSails.cpp:HandleResponse:158] Successfully deserialized response, status: 0, result code: 0
[m[0;32;31m1970-01-01 07:04:30.738|E|132501644|lpUCM [IpccProtoMessage.cpp:SerializeParams:112] m_offset, 494592
[m[1;33m1970-01-01 07:04:30.738|W|132501644|lpUCM [RemoteSails.cpp:SendWithRetry:185] Successfully wrote 1052 bytes
[m[0;32;32m1970-01-01 07:04:30.745|I|132501644|lpUCM [RemoteSails.cpp:HandleResponse:149] HandleResponse started, buffer size: 1048
[m[0;32;32m1970-01-01 07:04:30.745|I|132501644|lpUCM [RemoteSails.cpp:HandleResponse:158] Successfully deserialized response, status: 0, result code: 0
[m[0;32;31m1970-01-01 07:04:30.745|E|132501644|lpUCM [IpccProtoMessage.cpp:SerializeParams:112] m_offset, 495616
[m[1;33m1970-01-01 07:04:30.745|W|132501644|lpUCM [RemoteSails.cpp:SendWithRetry:185] Successfully wrote 1052 bytes
[m[0;32;32m1970-01-01 07:04:30.776|I|132501644|lpUCM [RemoteSails.cpp:HandleResponse:149] HandleResponse started, buffer size: 1048
[m[0;32;32m1970-01-01 07:04:30.776|I|132501644|lpUCM [RemoteSails.cpp:HandleResponse:158] Successfully deserialized response, status: 0, result code: 0
[m[0;32;31m1970-01-01 07:04:30.776|E|132501644|lpUCM [IpccProtoMessage.cpp:SerializeParams:112] m_offset, 496640
[m[1;33m1970-01-01 07:04:30.776|W|132501644|lpUCM [RemoteSails.cpp:SendWithRetry:185] Successfully wrote 1052 bytes
[m[0;32;32m1970-01-01 07:04:30.780|I|132501644|lpUCM [RemoteSails.cpp:HandleResponse:149] HandleResponse started, buffer size: 1048
[m[0;32;32m1970-01-01 07:04:30.780|I|132501644|lpUCM [RemoteSails.cpp:HandleResponse:158] Successfully deserialized response, status: 0, result code: 0
[m[0;32;31m1970-01-01 07:04:30.780|E|132501644|lpUCM [IpccProtoMessage.cpp:SerializeParams:112] m_offset, 497664
[m[1;33m1970-01-01 07:04:30.780|W|132501644|lpUCM [RemoteSails.cpp:SendWithRetry:185] Successfully wrote 1052 bytes
[m[0;32;32m1970-01-01 07:04:30.784|I|132501644|lpUCM [RemoteSails.cpp:HandleResponse:149] HandleResponse started, buffer size: 1048
[m[0;32;32m1970-01-01 07:04:30.784|I|132501644|lpUCM [RemoteSails.cpp:HandleResponse:158] Successfully deserialized response, status: 0, result code: 0
[m[0;32;31m1970-01-01 07:04:30.784|E|132501644|lpUCM [IpccProtoMessage.cpp:SerializeParams:112] m_offset, 498688
[m[1;33m1970-01-01 07:04:30.784|W|132501644|lpUCM [RemoteSails.cpp:SendWithRetry:185] Successfully wrote 1052 bytes
[m[0;32;32m1970-01-01 07:04:30.788|I|132501644|lpUCM [RemoteSails.cpp:HandleResponse:149] HandleResponse started, buffer size: 1048
[m[0;32;32m1970-01-01 07:04:30.788|I|132501644|lpUCM [RemoteSails.cpp:HandleResponse:158] Successfully deserialized response, status: 0, result code: 0
[m[0;32;31m1970-01-01 07:04:30.788|E|132501644|lpUCM [IpccProtoMessage.cpp:SerializeParams:112] m_offset, 499712
[m[1;33m1970-01-01 07:04:30.788|W|132501644|lpUCM [RemoteSails.cpp:SendWithRetry:185] Successfully wrote 1052 bytes
[m[0;32;32m1970-01-01 07:04:30.821|I|132501644|lpUCM [RemoteSails.cpp:HandleResponse:149] HandleResponse started, buffer size: 1048
[m[0;32;32m1970-01-01 07:04:30.821|I|132501644|lpUCM [RemoteSails.cpp:HandleResponse:158] Successfully deserialized response, status: 0, result code: 0
[m[0;32;31m1970-01-01 07:04:30.821|E|132501644|lpUCM [IpccProtoMessage.cpp:SerializeParams:112] m_offset, 500736
[m[1;33m1970-01-01 07:04:30.821|W|132501644|lpUCM [RemoteSails.cpp:SendWithRetry:185] Successfully wrote 1052 bytes
[m[0;32;32m1970-01-01 07:04:30.824|I|132501644|lpUCM [RemoteSails.cpp:HandleResponse:149] HandleResponse started, buffer size: 1048
[m[0;32;32m1970-01-01 07:04:30.824|I|132501644|lpUCM [RemoteSails.cpp:HandleResponse:158] Successfully deserialized response, status: 0, result code: 0
[m[0;32;31m1970-01-01 07:04:30.824|E|132501644|lpUCM [IpccProtoMessage.cpp:SerializeParams:112] m_offset, 501760
[m[1;33m1970-01-01 07:04:30.824|W|132501644|lpUCM [RemoteSails.cpp:SendWithRetry:185] Successfully wrote 1052 bytes
[m[0;32;32m1970-01-01 07:04:30.827|I|132501644|lpUCM [RemoteSails.cpp:HandleResponse:149] HandleResponse started, buffer size: 1048
[m[0;32;32m1970-01-01 07:04:30.827|I|132501644|lpUCM [RemoteSails.cpp:HandleResponse:158] Successfully deserialized response, status: 0, result code: 0
[m[0;32;31m1970-01-01 07:04:30.827|E|132501644|lpUCM [IpccProtoMessage.cpp:SerializeParams:112] m_offset, 502784
[m[1;33m1970-01-01 07:04:30.827|W|132501644|lpUCM [RemoteSails.cpp:SendWithRetry:185] Successfully wrote 1052 bytes
[m[0;32;32m1970-01-01 07:04:30.833|I|132501644|lpUCM [RemoteSails.cpp:HandleResponse:149] HandleResponse started, buffer size: 1048
[m[0;32;32m1970-01-01 07:04:30.833|I|132501644|lpUCM [RemoteSails.cpp:HandleResponse:158] Successfully deserialized response, status: 0, result code: 0
[m[0;32;31m1970-01-01 07:04:30.833|E|132501644|lpUCM [IpccProtoMessage.cpp:SerializeParams:112] m_offset, 503808
[m[1;33m1970-01-01 07:04:30.833|W|132501644|lpUCM [RemoteSails.cpp:SendWithRetry:185] Successfully wrote 1052 bytes
[m[0;32;32m1970-01-01 07:04:30.866|I|132501644|lpUCM [RemoteSails.cpp:HandleResponse:149] HandleResponse started, buffer size: 1048
[m[0;32;32m1970-01-01 07:04:30.866|I|132501644|lpUCM [RemoteSails.cpp:HandleResponse:158] Successfully deserialized response, status: 0, result code: 0
[m[0;32;31m1970-01-01 07:04:30.866|E|132501644|lpUCM [IpccProtoMessage.cpp:SerializeParams:112] m_offset, 504832
[m[1;33m1970-01-01 07:04:30.866|W|132501644|lpUCM [RemoteSails.cpp:SendWithRetry:185] Successfully wrote 1052 bytes
[m[0;32;32m1970-01-01 07:04:30.873|I|132501644|lpUCM [RemoteSails.cpp:HandleResponse:149] HandleResponse started, buffer size: 1048
[m[0;32;32m1970-01-01 07:04:30.873|I|132501644|lpUCM [RemoteSails.cpp:HandleResponse:158] Successfully deserialized response, status: 0, result code: 0
[m[0;32;31m1970-01-01 07:04:30.873|E|132501644|lpUCM [IpccProtoMessage.cpp:SerializeParams:112] m_offset, 505856
[m[1;33m1970-01-01 07:04:30.873|W|132501644|lpUCM [RemoteSails.cpp:SendWithRetry:185] Successfully wrote 1052 bytes
[m[0;32;32m1970-01-01 07:04:30.877|I|132501644|lpUCM [RemoteSails.cpp:HandleResponse:149] HandleResponse started, buffer size: 1048
[m[0;32;32m1970-01-01 07:04:30.877|I|132501644|lpUCM [RemoteSails.cpp:HandleResponse:158] Successfully deserialized response, status: 0, result code: 0
[m[0;32;31m1970-01-01 07:04:30.877|E|132501644|lpUCM [IpccProtoMessage.cpp:SerializeParams:112] m_offset, 506880
[m[1;33m1970-01-01 07:04:30.877|W|132501644|lpUCM [RemoteSails.cpp:SendWithRetry:185] Successfully wrote 1052 bytes
[m[0;32;32m1970-01-01 07:04:30.884|I|132501644|lpUCM [RemoteSails.cpp:HandleResponse:149] HandleResponse started, buffer size: 1048
[m[0;32;32m1970-01-01 07:04:30.884|I|132501644|lpUCM [RemoteSails.cpp:HandleResponse:158] Successfully deserialized response, status: 0, result code: 0
[m[0;32;32m1970-01-01 07:04:30.884|I|132501644|lpUCM [RemoteSails.cpp:SailWriteData:272] All data already trans size 16384
[m[0;32;32m1970-01-01 07:04:30.884|I|132501644|lpUCM [fds.cpp:FDS_OnLocalUpgProgress:248] total: 23, curr:22, percent:44, rop:93%
[m[0;32;32m1970-01-01 07:04:30.884|I|132501644|lpUCM [RemoteSails.cpp:SailWriteData:254] total data is 16384
[m[0;32;31m1970-01-01 07:04:30.884|E|132501644|lpUCM [IpccProtoMessage.cpp:SerializeParams:112] m_offset, 507904
[m[1;33m1970-01-01 07:04:30.884|W|132501644|lpUCM [RemoteSails.cpp:SendWithRetry:185] Successfully wrote 1052 bytes
[m[0;32;32m1970-01-01 07:04:30.915|I|132501644|lpUCM [RemoteSails.cpp:HandleResponse:149] HandleResponse started, buffer size: 1048
[m[0;32;32m1970-01-01 07:04:30.915|I|132501644|lpUCM [RemoteSails.cpp:HandleResponse:158] Successfully deserialized response, status: 0, result code: 0
[m[0;32;31m1970-01-01 07:04:30.915|E|132501644|lpUCM [IpccProtoMessage.cpp:SerializeParams:112] m_offset, 508928
[m[1;33m1970-01-01 07:04:30.915|W|132501644|lpUCM [RemoteSails.cpp:SendWithRetry:185] Successfully wrote 1052 bytes
[m[0;32;32m1970-01-01 07:04:30.919|I|132501644|lpUCM [RemoteSails.cpp:HandleResponse:149] HandleResponse started, buffer size: 1048
[m[0;32;32m1970-01-01 07:04:30.919|I|132501644|lpUCM [RemoteSails.cpp:HandleResponse:158] Successfully deserialized response, status: 0, result code: 0
[m[0;32;31m1970-01-01 07:04:30.919|E|132501644|lpUCM [IpccProtoMessage.cpp:SerializeParams:112] m_offset, 509952
[m[1;33m1970-01-01 07:04:30.919|W|132501644|lpUCM [RemoteSails.cpp:SendWithRetry:185] Successfully wrote 1052 bytes
[m[0;32;32m1970-01-01 07:04:30.922|I|132501644|lpUCM [RemoteSails.cpp:HandleResponse:149] HandleResponse started, buffer size: 1048
[m[0;32;32m1970-01-01 07:04:30.922|I|132501644|lpUCM [RemoteSails.cpp:HandleResponse:158] Successfully deserialized response, status: 0, result code: 0
[m[0;32;31m1970-01-01 07:04:30.922|E|132501644|lpUCM [IpccProtoMessage.cpp:SerializeParams:112] m_offset, 510976
[m[1;33m1970-01-01 07:04:30.922|W|132501644|lpUCM [RemoteSails.cpp:SendWithRetry:185] Successfully wrote 1052 bytes
[m[0;32;32m1970-01-01 07:04:30.926|I|132501644|lpUCM [RemoteSails.cpp:HandleResponse:149] HandleResponse started, buffer size: 1048
[m[0;32;32m1970-01-01 07:04:30.926|I|132501644|lpUCM [RemoteSails.cpp:HandleResponse:158] Successfully deserialized response, status: 0, result code: 0
[m[0;32;31m1970-01-01 07:04:30.926|E|132501644|lpUCM [IpccProtoMessage.cpp:SerializeParams:112] m_offset, 512000
[m[1;33m1970-01-01 07:04:30.926|W|132501644|lpUCM [RemoteSails.cpp:SendWithRetry:185] Successfully wrote 1052 bytes
[m[0;32;32m1970-01-01 07:04:30.956|I|132501644|lpUCM [RemoteSails.cpp:HandleResponse:149] HandleResponse started, buffer size: 1048
[m[0;32;32m1970-01-01 07:04:30.956|I|132501644|lpUCM [RemoteSails.cpp:HandleResponse:158] Successfully deserialized response, status: 0, result code: 0
[m[0;32;31m1970-01-01 07:04:30.956|E|132501644|lpUCM [IpccProtoMessage.cpp:SerializeParams:112] m_offset, 513024
[m[1;33m1970-01-01 07:04:30.956|W|132501644|lpUCM [RemoteSails.cpp:SendWithRetry:185] Successfully wrote 1052 bytes
[m[0;32;32m1970-01-01 07:04:30.962|I|132501644|lpUCM [RemoteSails.cpp:HandleResponse:149] HandleResponse started, buffer size: 1048
[m[0;32;32m1970-01-01 07:04:30.962|I|132501644|lpUCM [RemoteSails.cpp:HandleResponse:158] Successfully deserialized response, status: 0, result code: 0
[m[0;32;31m1970-01-01 07:04:30.962|E|132501644|lpUCM [IpccProtoMessage.cpp:SerializeParams:112] m_offset, 514048
[m[1;33m1970-01-01 07:04:30.962|W|132501644|lpUCM [RemoteSails.cpp:SendWithRetry:185] Successfully wrote 1052 bytes
[m[0;32;32m1970-01-01 07:04:30.966|I|132501644|lpUCM [RemoteSails.cpp:HandleResponse:149] HandleResponse started, buffer size: 1048
[m[0;32;32m1970-01-01 07:04:30.966|I|132501644|lpUCM [RemoteSails.cpp:HandleResponse:158] Successfully deserialized response, status: 0, result code: 0
[m[0;32;31m1970-01-01 07:04:30.966|E|132501644|lpUCM [IpccProtoMessage.cpp:SerializeParams:112] m_offset, 515072
[m[1;33m1970-01-01 07:04:30.966|W|132501644|lpUCM [RemoteSails.cpp:SendWithRetry:185] Successfully wrote 1052 bytes
[m[0;32;32m1970-01-01 07:04:30.972|I|132501644|lpUCM [RemoteSails.cpp:HandleResponse:149] HandleResponse started, buffer size: 1048
[m[0;32;32m1970-01-01 07:04:30.972|I|132501644|lpUCM [RemoteSails.cpp:HandleResponse:158] Successfully deserialized response, status: 0, result code: 0
[m[0;32;31m1970-01-01 07:04:30.972|E|132501644|lpUCM [IpccProtoMessage.cpp:SerializeParams:112] m_offset, 516096
[m[1;33m1970-01-01 07:04:30.972|W|132501644|lpUCM [RemoteSails.cpp:SendWithRetry:185] Successfully wrote 1052 bytes
[m[0;32;32m1970-01-01 07:04:31.2|I|132501644|lpUCM [RemoteSails.cpp:HandleResponse:149] HandleResponse started, buffer size: 1048
[m[0;32;32m1970-01-01 07:04:31.2|I|132501644|lpUCM [RemoteSails.cpp:HandleResponse:158] Successfully deserialized response, status: 0, result code: 0
[m[0;32;31m1970-01-01 07:04:31.2|E|132501644|lpUCM [IpccProtoMessage.cpp:SerializeParams:112] m_offset, 517120
[m[1;33m1970-01-01 07:04:31.2|W|132501644|lpUCM [RemoteSails.cpp:SendWithRetry:185] Successfully wrote 1052 bytes
[m[0;32;32m1970-01-01 07:04:31.5|I|132501644|lpUCM [RemoteSails.cpp:HandleResponse:149] HandleResponse started, buffer size: 1048
[m[0;32;32m1970-01-01 07:04:31.5|I|132501644|lpUCM [RemoteSails.cpp:HandleResponse:158] Successfully deserialized response, status: 0, result code: 0
[m[0;32;31m1970-01-01 07:04:31.5|E|132501644|lpUCM [IpccProtoMessage.cpp:SerializeParams:112] m_offset, 518144
[m[1;33m1970-01-01 07:04:31.5|W|132501644|lpUCM [RemoteSails.cpp:SendWithRetry:185] Successfully wrote 1052 bytes
[m[0;32;32m1970-01-01 07:04:31.8|I|132501644|lpUCM [RemoteSails.cpp:HandleResponse:149] HandleResponse started, buffer size: 1048
[m[0;32;32m1970-01-01 07:04:31.8|I|132501644|lpUCM [RemoteSails.cpp:HandleResponse:158] Successfully deserialized response, status: 0, result code: 0
[m[0;32;31m1970-01-01 07:04:31.8|E|132501644|lpUCM [IpccProtoMessage.cpp:SerializeParams:112] m_offset, 519168
[m[1;33m1970-01-01 07:04:31.8|W|132501644|lpUCM [RemoteSails.cpp:SendWithRetry:185] Successfully wrote 1052 bytes
[m[0;32;32m1970-01-01 07:04:31.14|I|132501644|lpUCM [RemoteSails.cpp:HandleResponse:149] HandleResponse started, buffer size: 1048
[m[0;32;32m1970-01-01 07:04:31.14|I|132501644|lpUCM [RemoteSails.cpp:HandleResponse:158] Successfully deserialized response, status: 0, result code: 0
[m[0;32;31m1970-01-01 07:04:31.14|E|132501644|lpUCM [IpccProtoMessage.cpp:SerializeParams:112] m_offset, 520192
[m[1;33m1970-01-01 07:04:31.14|W|132501644|lpUCM [RemoteSails.cpp:SendWithRetry:185] Successfully wrote 1052 bytes
[m[0;32;32m1970-01-01 07:04:31.47|I|132501644|lpUCM [RemoteSails.cpp:HandleResponse:149] HandleResponse started, buffer size: 1048
[m[0;32;32m1970-01-01 07:04:31.47|I|132501644|lpUCM [RemoteSails.cpp:HandleResponse:158] Successfully deserialized response, status: 0, result code: 0
[m[0;32;31m1970-01-01 07:04:31.47|E|132501644|lpUCM [IpccProtoMessage.cpp:SerializeParams:112] m_offset, 521216
[m[1;33m1970-01-01 07:04:31.47|W|132501644|lpUCM [RemoteSails.cpp:SendWithRetry:185] Successfully wrote 1052 bytes
[m[0;32;32m1970-01-01 07:04:31.53|I|132501644|lpUCM [RemoteSails.cpp:HandleResponse:149] HandleResponse started, buffer size: 1048
[m[0;32;32m1970-01-01 07:04:31.53|I|132501644|lpUCM [RemoteSails.cpp:HandleResponse:158] Successfully deserialized response, status: 0, result code: 0
[m[0;32;31m1970-01-01 07:04:31.53|E|132501644|lpUCM [IpccProtoMessage.cpp:SerializeParams:112] m_offset, 522240
[m[1;33m1970-01-01 07:04:31.53|W|132501644|lpUCM [RemoteSails.cpp:SendWithRetry:185] Successfully wrote 1052 bytes
[m[0;32;32m1970-01-01 07:04:31.56|I|132501644|lpUCM [RemoteSails.cpp:HandleResponse:149] HandleResponse started, buffer size: 1048
[m[0;32;32m1970-01-01 07:04:31.56|I|132501644|lpUCM [RemoteSails.cpp:HandleResponse:158] Successfully deserialized response, status: 0, result code: 0
[m[0;32;31m1970-01-01 07:04:31.56|E|132501644|lpUCM [IpccProtoMessage.cpp:SerializeParams:112] m_offset, 523264
[m[1;33m1970-01-01 07:04:31.56|W|132501644|lpUCM [RemoteSails.cpp:SendWithRetry:185] Successfully wrote 1052 bytes
[m[0;32;32m1970-01-01 07:04:31.59|I|132501644|lpUCM [RemoteSails.cpp:HandleResponse:149] HandleResponse started, buffer size: 1048
[m[0;32;32m1970-01-01 07:04:31.59|I|132501644|lpUCM [RemoteSails.cpp:HandleResponse:158] Successfully deserialized response, status: 0, result code: 0
[m[0;32;32m1970-01-01 07:04:31.59|I|132501644|lpUCM [RemoteSails.cpp:SailWriteData:272] All data already trans size 16384
[m[0;32;32m1970-01-01 07:04:31.59|I|132501644|lpUCM [fds.cpp:FDS_OnLocalUpgProgress:248] total: 23, curr:22, percent:45, rop:93%
[m[0;32;32m1970-01-01 07:04:31.59|I|132501644|lpUCM [RemoteSails.cpp:SailWriteData:254] total data is 16384
[m[0;32;31m1970-01-01 07:04:31.59|E|132501644|lpUCM [IpccProtoMessage.cpp:SerializeParams:112] m_offset, 524288
[m[1;33m1970-01-01 07:04:31.59|W|132501644|lpUCM [RemoteSails.cpp:SendWithRetry:185] Successfully wrote 1052 bytes
[m[0;32;32m1970-01-01 07:04:31.92|I|132501644|lpUCM [RemoteSails.cpp:HandleResponse:149] HandleResponse started, buffer size: 1048
[m[0;32;32m1970-01-01 07:04:31.92|I|132501644|lpUCM [RemoteSails.cpp:HandleResponse:158] Successfully deserialized response, status: 0, result code: 0
[m[0;32;31m1970-01-01 07:04:31.92|E|132501644|lpUCM [IpccProtoMessage.cpp:SerializeParams:112] m_offset, 525312
[m[1;33m1970-01-01 07:04:31.92|W|132501644|lpUCM [RemoteSails.cpp:SendWithRetry:185] Successfully wrote 1052 bytes
[m[0;32;32m1970-01-01 07:04:31.95|I|132501644|lpUCM [RemoteSails.cpp:HandleResponse:149] HandleResponse started, buffer size: 1048
[m[0;32;32m1970-01-01 07:04:31.95|I|132501644|lpUCM [RemoteSails.cpp:HandleResponse:158] Successfully deserialized response, status: 0, result code: 0
[m[0;32;31m1970-01-01 07:04:31.95|E|132501644|lpUCM [IpccProtoMessage.cpp:SerializeParams:112] m_offset, 526336
[m[1;33m1970-01-01 07:04:31.95|W|132501644|lpUCM [RemoteSails.cpp:SendWithRetry:185] Successfully wrote 1052 bytes
[m[0;32;32m1970-01-01 07:04:31.98|I|132501644|lpUCM [RemoteSails.cpp:HandleResponse:149] HandleResponse started, buffer size: 1048
[m[0;32;32m1970-01-01 07:04:31.98|I|132501644|lpUCM [RemoteSails.cpp:HandleResponse:158] Successfully deserialized response, status: 0, result code: 0
[m[0;32;31m1970-01-01 07:04:31.98|E|132501644|lpUCM [IpccProtoMessage.cpp:SerializeParams:112] m_offset, 527360
[m[1;33m1970-01-01 07:04:31.98|W|132501644|lpUCM [RemoteSails.cpp:SendWithRetry:185] Successfully wrote 1052 bytes
[m[0;32;32m1970-01-01 07:04:31.104|I|132501644|lpUCM [RemoteSails.cpp:HandleResponse:149] HandleResponse started, buffer size: 1048
[m[0;32;32m1970-01-01 07:04:31.104|I|132501644|lpUCM [RemoteSails.cpp:HandleResponse:158] Successfully deserialized response, status: 0, result code: 0
[m[0;32;31m1970-01-01 07:04:31.104|E|132501644|lpUCM [IpccProtoMessage.cpp:SerializeParams:112] m_offset, 528384
[m[1;33m1970-01-01 07:04:31.104|W|132501644|lpUCM [RemoteSails.cpp:SendWithRetry:185] Successfully wrote 1052 bytes
[m[0;32;32m1970-01-01 07:04:31.135|I|132501644|lpUCM [RemoteSails.cpp:HandleResponse:149] HandleResponse started, buffer size: 1048
[m[0;32;32m1970-01-01 07:04:31.135|I|132501644|lpUCM [RemoteSails.cpp:HandleResponse:158] Successfully deserialized response, status: 0, result code: 0
[m[0;32;31m1970-01-01 07:04:31.135|E|132501644|lpUCM [IpccProtoMessage.cpp:SerializeParams:112] m_offset, 529408
[m[1;33m1970-01-01 07:04:31.135|W|132501644|lpUCM [RemoteSails.cpp:SendWithRetry:185] Successfully wrote 1052 bytes
[m[0;32;32m1970-01-01 07:04:31.138|I|132501644|lpUCM [RemoteSails.cpp:HandleResponse:149] HandleResponse started, buffer size: 1048
[m[0;32;32m1970-01-01 07:04:31.138|I|132501644|lpUCM [RemoteSails.cpp:HandleResponse:158] Successfully deserialized response, status: 0, result code: 0
[m[0;32;31m1970-01-01 07:04:31.138|E|132501644|lpUCM [IpccProtoMessage.cpp:SerializeParams:112] m_offset, 530432
[m[1;33m1970-01-01 07:04:31.138|W|132501644|lpUCM [RemoteSails.cpp:SendWithRetry:185] Successfully wrote 1052 bytes
[m[0;32;32m1970-01-01 07:04:31.145|I|132501644|lpUCM [RemoteSails.cpp:HandleResponse:149] HandleResponse started, buffer size: 1048
[m[0;32;32m1970-01-01 07:04:31.145|I|132501644|lpUCM [RemoteSails.cpp:HandleResponse:158] Successfully deserialized response, status: 0, result code: 0
[m[0;32;31m1970-01-01 07:04:31.145|E|132501644|lpUCM [IpccProtoMessage.cpp:SerializeParams:112] m_offset, 531456
[m[1;33m1970-01-01 07:04:31.145|W|132501644|lpUCM [RemoteSails.cpp:SendWithRetry:185] Successfully wrote 1052 bytes
[m[0;32;32m1970-01-01 07:04:31.149|I|132501644|lpUCM [RemoteSails.cpp:HandleResponse:149] HandleResponse started, buffer size: 1048
[m[0;32;32m1970-01-01 07:04:31.149|I|132501644|lpUCM [RemoteSails.cpp:HandleResponse:158] Successfully deserialized response, status: 0, result code: 0
[m[0;32;31m1970-01-01 07:04:31.149|E|132501644|lpUCM [IpccProtoMessage.cpp:SerializeParams:112] m_offset, 532480
[m[1;33m1970-01-01 07:04:31.149|W|132501644|lpUCM [RemoteSails.cpp:SendWithRetry:185] Successfully wrote 1052 bytes
[m[0;32;32m1970-01-01 07:04:31.181|I|132501644|lpUCM [RemoteSails.cpp:HandleResponse:149] HandleResponse started, buffer size: 1048
[m[0;32;32m1970-01-01 07:04:31.181|I|132501644|lpUCM [RemoteSails.cpp:HandleResponse:158] Successfully deserialized response, status: 0, result code: 0
[m[0;32;31m1970-01-01 07:04:31.181|E|132501644|lpUCM [IpccProtoMessage.cpp:SerializeParams:112] m_offset, 533504
[m[1;33m1970-01-01 07:04:31.181|W|132501644|lpUCM [RemoteSails.cpp:SendWithRetry:185] Successfully wrote 1052 bytes
[m[0;32;32m1970-01-01 07:04:31.184|I|132501644|lpUCM [RemoteSails.cpp:HandleResponse:149] HandleResponse started, buffer size: 1048
[m[0;32;32m1970-01-01 07:04:31.184|I|132501644|lpUCM [RemoteSails.cpp:HandleResponse:158] Successfully deserialized response, status: 0, result code: 0
[m[0;32;31m1970-01-01 07:04:31.184|E|132501644|lpUCM [IpccProtoMessage.cpp:SerializeParams:112] m_offset, 534528
[m[1;33m1970-01-01 07:04:31.184|W|132501644|lpUCM [RemoteSails.cpp:SendWithRetry:185] Successfully wrote 1052 bytes
[m[0;32;32m1970-01-01 07:04:31.187|I|132501644|lpUCM [RemoteSails.cpp:HandleResponse:149] HandleResponse started, buffer size: 1048
[m[0;32;32m1970-01-01 07:04:31.187|I|132501644|lpUCM [RemoteSails.cpp:HandleResponse:158] Successfully deserialized response, status: 0, result code: 0
[m[0;32;31m1970-01-01 07:04:31.187|E|132501644|lpUCM [IpccProtoMessage.cpp:SerializeParams:112] m_offset, 535552
[m[1;33m1970-01-01 07:04:31.187|W|132501644|lpUCM [RemoteSails.cpp:SendWithRetry:185] Successfully wrote 1052 bytes
[m[0;32;32m1970-01-01 07:04:31.193|I|132501644|lpUCM [RemoteSails.cpp:HandleResponse:149] HandleResponse started, buffer size: 1048
[m[0;32;32m1970-01-01 07:04:31.193|I|132501644|lpUCM [RemoteSails.cpp:HandleResponse:158] Successfully deserialized response, status: 0, result code: 0
[m[0;32;31m1970-01-01 07:04:31.193|E|132501644|lpUCM [IpccProtoMessage.cpp:SerializeParams:112] m_offset, 536576
[m[1;33m1970-01-01 07:04:31.193|W|132501644|lpUCM [RemoteSails.cpp:SendWithRetry:185] Successfully wrote 1052 bytes
[m[0;32;32m1970-01-01 07:04:31.223|I|132501644|lpUCM [RemoteSails.cpp:HandleResponse:149] HandleResponse started, buffer size: 1048
[m[0;32;32m1970-01-01 07:04:31.223|I|132501644|lpUCM [RemoteSails.cpp:HandleResponse:158] Successfully deserialized response, status: 0, result code: 0
[m[0;32;31m1970-01-01 07:04:31.223|E|132501644|lpUCM [IpccProtoMessage.cpp:SerializeParams:112] m_offset, 537600
[m[1;33m1970-01-01 07:04:31.223|W|132501644|lpUCM [RemoteSails.cpp:SendWithRetry:185] Successfully wrote 1052 bytes
[m[0;32;32m1970-01-01 07:04:31.226|I|132501644|lpUCM [RemoteSails.cpp:HandleResponse:149] HandleResponse started, buffer size: 1048
[m[0;32;32m1970-01-01 07:04:31.226|I|132501644|lpUCM [RemoteSails.cpp:HandleResponse:158] Successfully deserialized response, status: 0, result code: 0
[m[0;32;31m1970-01-01 07:04:31.226|E|132501644|lpUCM [IpccProtoMessage.cpp:SerializeParams:112] m_offset, 538624
[m[1;33m1970-01-01 07:04:31.226|W|132501644|lpUCM [RemoteSails.cpp:SendWithRetry:185] Successfully wrote 1052 bytes
[m[0;32;32m1970-01-01 07:04:31.229|I|132501644|lpUCM [RemoteSails.cpp:HandleResponse:149] HandleResponse started, buffer size: 1048
[m[0;32;32m1970-01-01 07:04:31.229|I|132501644|lpUCM [RemoteSails.cpp:HandleResponse:158] Successfully deserialized response, status: 0, result code: 0
[m[0;32;31m1970-01-01 07:04:31.229|E|132501644|lpUCM [IpccProtoMessage.cpp:SerializeParams:112] m_offset, 539648
[m[1;33m1970-01-01 07:04:31.229|W|132501644|lpUCM [RemoteSails.cpp:SendWithRetry:185] Successfully wrote 1052 bytes
[m[0;32;32m1970-01-01 07:04:31.232|I|132501644|lpUCM [RemoteSails.cpp:HandleResponse:149] HandleResponse started, buffer size: 1048
[m[0;32;32m1970-01-01 07:04:31.232|I|132501644|lpUCM [RemoteSails.cpp:HandleResponse:158] Successfully deserialized response, status: 0, result code: 0
[m[0;32;32m1970-01-01 07:04:31.232|I|132501644|lpUCM [RemoteSails.cpp:SailWriteData:272] All data already trans size 16384
[m[0;32;32m1970-01-01 07:04:31.232|I|132501644|lpUCM [fds.cpp:FDS_OnLocalUpgProgress:248] total: 23, curr:22, percent:46, rop:93%
[m[0;32;32m1970-01-01 07:04:31.232|I|132501644|lpUCM [RemoteSails.cpp:SailWriteData:254] total data is 16384
[m[0;32;31m1970-01-01 07:04:31.232|E|132501644|lpUCM [IpccProtoMessage.cpp:SerializeParams:112] m_offset, 540672
[m[1;33m1970-01-01 07:04:31.232|W|132501644|lpUCM [RemoteSails.cpp:SendWithRetry:185] Successfully wrote 1052 bytes
[m[0;32;32m1970-01-01 07:04:31.264|I|132501644|lpUCM [RemoteSails.cpp:HandleResponse:149] HandleResponse started, buffer size: 1048
[m[0;32;32m1970-01-01 07:04:31.264|I|132501644|lpUCM [RemoteSails.cpp:HandleResponse:158] Successfully deserialized response, status: 0, result code: 0
[m[0;32;31m1970-01-01 07:04:31.264|E|132501644|lpUCM [IpccProtoMessage.cpp:SerializeParams:112] m_offset, 541696
[m[1;33m1970-01-01 07:04:31.264|W|132501644|lpUCM [RemoteSails.cpp:SendWithRetry:185] Successfully wrote 1052 bytes
[m[0;32;32m1970-01-01 07:04:31.267|I|132501644|lpUCM [RemoteSails.cpp:HandleResponse:149] HandleResponse started, buffer size: 1048
[m[0;32;32m1970-01-01 07:04:31.267|I|132501644|lpUCM [RemoteSails.cpp:HandleResponse:158] Successfully deserialized response, status: 0, result code: 0
[m[0;32;31m1970-01-01 07:04:31.267|E|132501644|lpUCM [IpccProtoMessage.cpp:SerializeParams:112] m_offset, 542720
[m[1;33m1970-01-01 07:04:31.267|W|132501644|lpUCM [RemoteSails.cpp:SendWithRetry:185] Successfully wrote 1052 bytes
[m[0;32;32m1970-01-01 07:04:31.271|I|132501644|lpUCM [RemoteSails.cpp:HandleResponse:149] HandleResponse started, buffer size: 1048
[m[0;32;32m1970-01-01 07:04:31.271|I|132501644|lpUCM [RemoteSails.cpp:HandleResponse:158] Successfully deserialized response, status: 0, result code: 0
[m[0;32;31m1970-01-01 07:04:31.271|E|132501644|lpUCM [IpccProtoMessage.cpp:SerializeParams:112] m_offset, 543744
[m[1;33m1970-01-01 07:04:31.271|W|132501644|lpUCM [RemoteSails.cpp:SendWithRetry:185] Successfully wrote 1052 bytes
[m[0;32;32m1970-01-01 07:04:31.275|I|132501644|lpUCM [RemoteSails.cpp:HandleResponse:149] HandleResponse started, buffer size: 1048
[m[0;32;32m1970-01-01 07:04:31.275|I|132501644|lpUCM [RemoteSails.cpp:HandleResponse:158] Successfully deserialized response, status: 0, result code: 0
[m[0;32;31m1970-01-01 07:04:31.275|E|132501644|lpUCM [IpccProtoMessage.cpp:SerializeParams:112] m_offset, 544768
[m[1;33m1970-01-01 07:04:31.275|W|132501644|lpUCM [RemoteSails.cpp:SendWithRetry:185] Successfully wrote 1052 bytes
[m[0;32;32m1970-01-01 07:04:31.307|I|132501644|lpUCM [RemoteSails.cpp:HandleResponse:149] HandleResponse started, buffer size: 1048
[m[0;32;32m1970-01-01 07:04:31.307|I|132501644|lpUCM [RemoteSails.cpp:HandleResponse:158] Successfully deserialized response, status: 0, result code: 0
[m[0;32;31m1970-01-01 07:04:31.307|E|132501644|lpUCM [IpccProtoMessage.cpp:SerializeParams:112] m_offset, 545792
[m[1;33m1970-01-01 07:04:31.307|W|132501644|lpUCM [RemoteSails.cpp:SendWithRetry:185] Successfully wrote 1052 bytes
[m[0;32;32m1970-01-01 07:04:31.311|I|132501644|lpUCM [RemoteSails.cpp:HandleResponse:149] HandleResponse started, buffer size: 1048
[m[0;32;32m1970-01-01 07:04:31.311|I|132501644|lpUCM [RemoteSails.cpp:HandleResponse:158] Successfully deserialized response, status: 0, result code: 0
[m[0;32;31m1970-01-01 07:04:31.311|E|132501644|lpUCM [IpccProtoMessage.cpp:SerializeParams:112] m_offset, 546816
[m[1;33m1970-01-01 07:04:31.311|W|132501644|lpUCM [RemoteSails.cpp:SendWithRetry:185] Successfully wrote 1052 bytes
[m[0;32;32m1970-01-01 07:04:31.314|I|132501644|lpUCM [RemoteSails.cpp:HandleResponse:149] HandleResponse started, buffer size: 1048
[m[0;32;32m1970-01-01 07:04:31.314|I|132501644|lpUCM [RemoteSails.cpp:HandleResponse:158] Successfully deserialized response, status: 0, result code: 0
[m[0;32;31m1970-01-01 07:04:31.314|E|132501644|lpUCM [IpccProtoMessage.cpp:SerializeParams:112] m_offset, 547840
[m[1;33m1970-01-01 07:04:31.314|W|132501644|lpUCM [RemoteSails.cpp:SendWithRetry:185] Successfully wrote 1052 bytes
[m[0;32;32m1970-01-01 07:04:31.317|I|132501644|lpUCM [RemoteSails.cpp:HandleResponse:149] HandleResponse started, buffer size: 1048
[m[0;32;32m1970-01-01 07:04:31.317|I|132501644|lpUCM [RemoteSails.cpp:HandleResponse:158] Successfully deserialized response, status: 0, result code: 0
[m[0;32;31m1970-01-01 07:04:31.317|E|132501644|lpUCM [IpccProtoMessage.cpp:SerializeParams:112] m_offset, 548864
[m[1;33m1970-01-01 07:04:31.317|W|132501644|lpUCM [RemoteSails.cpp:SendWithRetry:185] Successfully wrote 1052 bytes
[m[0;32;32m1970-01-01 07:04:31.352|I|132501644|lpUCM [RemoteSails.cpp:HandleResponse:149] HandleResponse started, buffer size: 1048
[m[0;32;32m1970-01-01 07:04:31.352|I|132501644|lpUCM [RemoteSails.cpp:HandleResponse:158] Successfully deserialized response, status: 0, result code: 0
[m[0;32;31m1970-01-01 07:04:31.352|E|132501644|lpUCM [IpccProtoMessage.cpp:SerializeParams:112] m_offset, 549888
[m[1;33m1970-01-01 07:04:31.352|W|132501644|lpUCM [RemoteSails.cpp:SendWithRetry:185] Successfully wrote 1052 bytes
[m[0;32;32m1970-01-01 07:04:31.356|I|132501644|lpUCM [RemoteSails.cpp:HandleResponse:149] HandleResponse started, buffer size: 1048
[m[0;32;32m1970-01-01 07:04:31.356|I|132501644|lpUCM [RemoteSails.cpp:HandleResponse:158] Successfully deserialized response, status: 0, result code: 0
[m[0;32;31m1970-01-01 07:04:31.356|E|132501644|lpUCM [IpccProtoMessage.cpp:SerializeParams:112] m_offset, 550912
[m[1;33m1970-01-01 07:04:31.356|W|132501644|lpUCM [RemoteSails.cpp:SendWithRetry:185] Successfully wrote 1052 bytes
[m[0;32;32m1970-01-01 07:04:31.359|I|132501644|lpUCM [RemoteSails.cpp:HandleResponse:149] HandleResponse started, buffer size: 1048
[m[0;32;32m1970-01-01 07:04:31.359|I|132501644|lpUCM [RemoteSails.cpp:HandleResponse:158] Successfully deserialized response, status: 0, result code: 0
[m[0;32;31m1970-01-01 07:04:31.359|E|132501644|lpUCM [IpccProtoMessage.cpp:SerializeParams:112] m_offset, 551936
[m[1;33m1970-01-01 07:04:31.359|W|132501644|lpUCM [RemoteSails.cpp:SendWithRetry:185] Successfully wrote 1052 bytes
[m[0;32;32m1970-01-01 07:04:31.363|I|132501644|lpUCM [RemoteSails.cpp:HandleResponse:149] HandleResponse started, buffer size: 1048
[m[0;32;32m1970-01-01 07:04:31.363|I|132501644|lpUCM [RemoteSails.cpp:HandleResponse:158] Successfully deserialized response, status: 0, result code: 0
[m[0;32;31m1970-01-01 07:04:31.363|E|132501644|lpUCM [IpccProtoMessage.cpp:SerializeParams:112] m_offset, 552960
[m[1;33m1970-01-01 07:04:31.363|W|132501644|lpUCM [RemoteSails.cpp:SendWithRetry:185] Successfully wrote 1052 bytes
[m[0;32;32m1970-01-01 07:04:31.396|I|132501644|lpUCM [RemoteSails.cpp:HandleResponse:149] HandleResponse started, buffer size: 1048
[m[0;32;32m1970-01-01 07:04:31.396|I|132501644|lpUCM [RemoteSails.cpp:HandleResponse:158] Successfully deserialized response, status: 0, result code: 0
[m[0;32;31m1970-01-01 07:04:31.396|E|132501644|lpUCM [IpccProtoMessage.cpp:SerializeParams:112] m_offset, 553984
[m[1;33m1970-01-01 07:04:31.396|W|132501644|lpUCM [RemoteSails.cpp:SendWithRetry:185] Successfully wrote 1052 bytes
[m[0;32;32m1970-01-01 07:04:31.399|I|132501644|lpUCM [RemoteSails.cpp:HandleResponse:149] HandleResponse started, buffer size: 1048
[m[0;32;32m1970-01-01 07:04:31.399|I|132501644|lpUCM [RemoteSails.cpp:HandleResponse:158] Successfully deserialized response, status: 0, result code: 0
[m[0;32;31m1970-01-01 07:04:31.399|E|132501644|lpUCM [IpccProtoMessage.cpp:SerializeParams:112] m_offset, 555008
[m[1;33m1970-01-01 07:04:31.399|W|132501644|lpUCM [RemoteSails.cpp:SendWithRetry:185] Successfully wrote 1052 bytes
[m[0;32;32m1970-01-01 07:04:31.402|I|132501644|lpUCM [RemoteSails.cpp:HandleResponse:149] HandleResponse started, buffer size: 1048
[m[0;32;32m1970-01-01 07:04:31.402|I|132501644|lpUCM [RemoteSails.cpp:HandleResponse:158] Successfully deserialized response, status: 0, result code: 0
[m[0;32;31m1970-01-01 07:04:31.402|E|132501644|lpUCM [IpccProtoMessage.cpp:SerializeParams:112] m_offset, 556032
[m[1;33m1970-01-01 07:04:31.402|W|132501644|lpUCM [RemoteSails.cpp:SendWithRetry:185] Successfully wrote 1052 bytes
[m[0;32;32m1970-01-01 07:04:31.405|I|132501644|lpUCM [RemoteSails.cpp:HandleResponse:149] HandleResponse started, buffer size: 1048
[m[0;32;32m1970-01-01 07:04:31.405|I|132501644|lpUCM [RemoteSails.cpp:HandleResponse:158] Successfully deserialized response, status: 0, result code: 0
[m[0;32;32m1970-01-01 07:04:31.405|I|132501644|lpUCM [RemoteSails.cpp:SailWriteData:272] All data already trans size 16384
[m[0;32;32m1970-01-01 07:04:31.405|I|132501644|lpUCM [fds.cpp:FDS_OnLocalUpgProgress:248] total: 23, curr:22, percent:47, rop:93%
[m[0;32;32m1970-01-01 07:04:31.405|I|132501644|lpUCM [RemoteSails.cpp:SailWriteData:254] total data is 16384
[m[0;32;31m1970-01-01 07:04:31.405|E|132501644|lpUCM [IpccProtoMessage.cpp:SerializeParams:112] m_offset, 557056
[m[1;33m1970-01-01 07:04:31.405|W|132501644|lpUCM [RemoteSails.cpp:SendWithRetry:185] Successfully wrote 1052 bytes
[m[0;32;32m1970-01-01 07:04:31.438|I|132501644|lpUCM [RemoteSails.cpp:HandleResponse:149] HandleResponse started, buffer size: 1048
[m[0;32;32m1970-01-01 07:04:31.438|I|132501644|lpUCM [RemoteSails.cpp:HandleResponse:158] Successfully deserialized response, status: 0, result code: 0
[m[0;32;31m1970-01-01 07:04:31.438|E|132501644|lpUCM [IpccProtoMessage.cpp:SerializeParams:112] m_offset, 558080
[m[1;33m1970-01-01 07:04:31.438|W|132501644|lpUCM [RemoteSails.cpp:SendWithRetry:185] Successfully wrote 1052 bytes
[m[0;32;32m1970-01-01 07:04:31.444|I|132501644|lpUCM [RemoteSails.cpp:HandleResponse:149] HandleResponse started, buffer size: 1048
[m[0;32;32m1970-01-01 07:04:31.444|I|132501644|lpUCM [RemoteSails.cpp:HandleResponse:158] Successfully deserialized response, status: 0, result code: 0
[m[0;32;31m1970-01-01 07:04:31.444|E|132501644|lpUCM [IpccProtoMessage.cpp:SerializeParams:112] m_offset, 559104
[m[1;33m1970-01-01 07:04:31.444|W|132501644|lpUCM [RemoteSails.cpp:SendWithRetry:185] Successfully wrote 1052 bytes
[m[0;32;32m1970-01-01 07:04:31.447|I|132501644|lpUCM [RemoteSails.cpp:HandleResponse:149] HandleResponse started, buffer size: 1048
[m[0;32;32m1970-01-01 07:04:31.447|I|132501644|lpUCM [RemoteSails.cpp:HandleResponse:158] Successfully deserialized response, status: 0, result code: 0
[m[0;32;31m1970-01-01 07:04:31.447|E|132501644|lpUCM [IpccProtoMessage.cpp:SerializeParams:112] m_offset, 560128
[m[1;33m1970-01-01 07:04:31.447|W|132501644|lpUCM [RemoteSails.cpp:SendWithRetry:185] Successfully wrote 1052 bytes
[m[0;32;32m1970-01-01 07:04:31.453|I|132501644|lpUCM [RemoteSails.cpp:HandleResponse:149] HandleResponse started, buffer size: 1048
[m[0;32;32m1970-01-01 07:04:31.453|I|132501644|lpUCM [RemoteSails.cpp:HandleResponse:158] Successfully deserialized response, status: 0, result code: 0
[m[0;32;31m1970-01-01 07:04:31.453|E|132501644|lpUCM [IpccProtoMessage.cpp:SerializeParams:112] m_offset, 561152
[m[1;33m1970-01-01 07:04:31.453|W|132501644|lpUCM [RemoteSails.cpp:SendWithRetry:185] Successfully wrote 1052 bytes
[m[0;32;32m1970-01-01 07:04:31.483|I|132501644|lpUCM [RemoteSails.cpp:HandleResponse:149] HandleResponse started, buffer size: 1048
[m[0;32;32m1970-01-01 07:04:31.483|I|132501644|lpUCM [RemoteSails.cpp:HandleResponse:158] Successfully deserialized response, status: 0, result code: 0
[m[0;32;31m1970-01-01 07:04:31.483|E|132501644|lpUCM [IpccProtoMessage.cpp:SerializeParams:112] m_offset, 562176
[m[1;33m1970-01-01 07:04:31.483|W|132501644|lpUCM [RemoteSails.cpp:SendWithRetry:185] Successfully wrote 1052 bytes
[m[0;32;32m1970-01-01 07:04:31.486|I|132501644|lpUCM [RemoteSails.cpp:HandleResponse:149] HandleResponse started, buffer size: 1048
[m[0;32;32m1970-01-01 07:04:31.486|I|132501644|lpUCM [RemoteSails.cpp:HandleResponse:158] Successfully deserialized response, status: 0, result code: 0
[m[0;32;31m1970-01-01 07:04:31.486|E|132501644|lpUCM [IpccProtoMessage.cpp:SerializeParams:112] m_offset, 563200
[m[1;33m1970-01-01 07:04:31.486|W|132501644|lpUCM [RemoteSails.cpp:SendWithRetry:185] Successfully wrote 1052 bytes
[m[0;32;32m1970-01-01 07:04:31.489|I|132501644|lpUCM [RemoteSails.cpp:HandleResponse:149] HandleResponse started, buffer size: 1048
[m[0;32;32m1970-01-01 07:04:31.489|I|132501644|lpUCM [RemoteSails.cpp:HandleResponse:158] Successfully deserialized response, status: 0, result code: 0
[m[0;32;31m1970-01-01 07:04:31.489|E|132501644|lpUCM [IpccProtoMessage.cpp:SerializeParams:112] m_offset, 564224
[m[1;33m1970-01-01 07:04:31.489|W|132501644|lpUCM [RemoteSails.cpp:SendWithRetry:185] Successfully wrote 1052 bytes
[m[0;32;32m1970-01-01 07:04:31.492|I|132501644|lpUCM [RemoteSails.cpp:HandleResponse:149] HandleResponse started, buffer size: 1048
[m[0;32;32m1970-01-01 07:04:31.492|I|132501644|lpUCM [RemoteSails.cpp:HandleResponse:158] Successfully deserialized response, status: 0, result code: 0
[m[0;32;31m1970-01-01 07:04:31.492|E|132501644|lpUCM [IpccProtoMessage.cpp:SerializeParams:112] m_offset, 565248
[m[1;33m1970-01-01 07:04:31.492|W|132501644|lpUCM [RemoteSails.cpp:SendWithRetry:185] Successfully wrote 1052 bytes
[m[0;32;32m1970-01-01 07:04:31.524|I|132501644|lpUCM [RemoteSails.cpp:HandleResponse:149] HandleResponse started, buffer size: 1048
[m[0;32;32m1970-01-01 07:04:31.524|I|132501644|lpUCM [RemoteSails.cpp:HandleResponse:158] Successfully deserialized response, status: 0, result code: 0
[m[0;32;31m1970-01-01 07:04:31.524|E|132501644|lpUCM [IpccProtoMessage.cpp:SerializeParams:112] m_offset, 566272
[m[1;33m1970-01-01 07:04:31.524|W|132501644|lpUCM [RemoteSails.cpp:SendWithRetry:185] Successfully wrote 1052 bytes
[m[0;32;32m1970-01-01 07:04:31.527|I|132501644|lpUCM [RemoteSails.cpp:HandleResponse:149] HandleResponse started, buffer size: 1048
[m[0;32;32m1970-01-01 07:04:31.527|I|132501644|lpUCM [RemoteSails.cpp:HandleResponse:158] Successfully deserialized response, status: 0, result code: 0
[m[0;32;31m1970-01-01 07:04:31.527|E|132501644|lpUCM [IpccProtoMessage.cpp:SerializeParams:112] m_offset, 567296
[m[1;33m1970-01-01 07:04:31.527|W|132501644|lpUCM [RemoteSails.cpp:SendWithRetry:185] Successfully wrote 1052 bytes
[m[0;32;32m1970-01-01 07:04:31.531|I|132501644|lpUCM [RemoteSails.cpp:HandleResponse:149] HandleResponse started, buffer size: 1048
[m[0;32;32m1970-01-01 07:04:31.531|I|132501644|lpUCM [RemoteSails.cpp:HandleResponse:158] Successfully deserialized response, status: 0, result code: 0
[m[0;32;31m1970-01-01 07:04:31.531|E|132501644|lpUCM [IpccProtoMessage.cpp:SerializeParams:112] m_offset, 568320
[m[1;33m1970-01-01 07:04:31.531|W|132501644|lpUCM [RemoteSails.cpp:SendWithRetry:185] Successfully wrote 1052 bytes
[m[0;32;32m1970-01-01 07:04:31.535|I|132501644|lpUCM [RemoteSails.cpp:HandleResponse:149] HandleResponse started, buffer size: 1048
[m[0;32;32m1970-01-01 07:04:31.535|I|132501644|lpUCM [RemoteSails.cpp:HandleResponse:158] Successfully deserialized response, status: 0, result code: 0
[m[0;32;31m1970-01-01 07:04:31.535|E|132501644|lpUCM [IpccProtoMessage.cpp:SerializeParams:112] m_offset, 569344
[m[1;33m1970-01-01 07:04:31.535|W|132501644|lpUCM [RemoteSails.cpp:SendWithRetry:185] Successfully wrote 1052 bytes
[m[0;32;32m1970-01-01 07:04:31.565|I|132501644|lpUCM [RemoteSails.cpp:HandleResponse:149] HandleResponse started, buffer size: 1048
[m[0;32;32m1970-01-01 07:04:31.565|I|132501644|lpUCM [RemoteSails.cpp:HandleResponse:158] Successfully deserialized response, status: 0, result code: 0
[m[0;32;31m1970-01-01 07:04:31.565|E|132501644|lpUCM [IpccProtoMessage.cpp:SerializeParams:112] m_offset, 570368
[m[1;33m1970-01-01 07:04:31.565|W|132501644|lpUCM [RemoteSails.cpp:SendWithRetry:185] Successfully wrote 1052 bytes
[m[0;32;32m1970-01-01 07:04:31.571|I|132501644|lpUCM [RemoteSails.cpp:HandleResponse:149] HandleResponse started, buffer size: 1048
[m[0;32;32m1970-01-01 07:04:31.571|I|132501644|lpUCM [RemoteSails.cpp:HandleResponse:158] Successfully deserialized response, status: 0, result code: 0
[m[0;32;31m1970-01-01 07:04:31.571|E|132501644|lpUCM [IpccProtoMessage.cpp:SerializeParams:112] m_offset, 571392
[m[1;33m1970-01-01 07:04:31.571|W|132501644|lpUCM [RemoteSails.cpp:SendWithRetry:185] Successfully wrote 1052 bytes
[m[0;32;32m1970-01-01 07:04:31.574|I|132501644|lpUCM [RemoteSails.cpp:HandleResponse:149] HandleResponse started, buffer size: 1048
[m[0;32;32m1970-01-01 07:04:31.574|I|132501644|lpUCM [RemoteSails.cpp:HandleResponse:158] Successfully deserialized response, status: 0, result code: 0
[m[0;32;31m1970-01-01 07:04:31.574|E|132501644|lpUCM [IpccProtoMessage.cpp:SerializeParams:112] m_offset, 572416
[m[1;33m1970-01-01 07:04:31.574|W|132501644|lpUCM [RemoteSails.cpp:SendWithRetry:185] Successfully wrote 1052 bytes
[m[0;32;32m1970-01-01 07:04:31.577|I|132501644|lpUCM [RemoteSails.cpp:HandleResponse:149] HandleResponse started, buffer size: 1048
[m[0;32;32m1970-01-01 07:04:31.577|I|132501644|lpUCM [RemoteSails.cpp:HandleResponse:158] Successfully deserialized response, status: 0, result code: 0
[m[0;32;32m1970-01-01 07:04:31.577|I|132501644|lpUCM [RemoteSails.cpp:SailWriteData:272] All data already trans size 16384
[m[0;32;32m1970-01-01 07:04:31.577|I|132501644|lpUCM [fds.cpp:FDS_OnLocalUpgProgress:248] total: 23, curr:22, percent:48, rop:93%
[m[0;32;32m1970-01-01 07:04:31.577|I|132501644|lpUCM [RemoteSails.cpp:SailWriteData:254] total data is 16384
[m[0;32;31m1970-01-01 07:04:31.577|E|132501644|lpUCM [IpccProtoMessage.cpp:SerializeParams:112] m_offset, 573440
[m[1;33m1970-01-01 07:04:31.577|W|132501644|lpUCM [RemoteSails.cpp:SendWithRetry:185] Successfully wrote 1052 bytes
[m[0;32;32m1970-01-01 07:04:31.610|I|132501644|lpUCM [RemoteSails.cpp:HandleResponse:149] HandleResponse started, buffer size: 1048
[m[0;32;32m1970-01-01 07:04:31.610|I|132501644|lpUCM [RemoteSails.cpp:HandleResponse:158] Successfully deserialized response, status: 0, result code: 0
[m[0;32;31m1970-01-01 07:04:31.610|E|132501644|lpUCM [IpccProtoMessage.cpp:SerializeParams:112] m_offset, 574464
[m[1;33m1970-01-01 07:04:31.610|W|132501644|lpUCM [RemoteSails.cpp:SendWithRetry:185] Successfully wrote 1052 bytes
[m[0;32;32m1970-01-01 07:04:31.613|I|132501644|lpUCM [RemoteSails.cpp:HandleResponse:149] HandleResponse started, buffer size: 1048
[m[0;32;32m1970-01-01 07:04:31.613|I|132501644|lpUCM [RemoteSails.cpp:HandleResponse:158] Successfully deserialized response, status: 0, result code: 0
[m[0;32;31m1970-01-01 07:04:31.613|E|132501644|lpUCM [IpccProtoMessage.cpp:SerializeParams:112] m_offset, 575488
[m[1;33m1970-01-01 07:04:31.613|W|132501644|lpUCM [RemoteSails.cpp:SendWithRetry:185] Successfully wrote 1052 bytes
[m[0;32;32m1970-01-01 07:04:31.616|I|132501644|lpUCM [RemoteSails.cpp:HandleResponse:149] HandleResponse started, buffer size: 1048
[m[0;32;32m1970-01-01 07:04:31.616|I|132501644|lpUCM [RemoteSails.cpp:HandleResponse:158] Successfully deserialized response, status: 0, result code: 0
[m[0;32;31m1970-01-01 07:04:31.616|E|132501644|lpUCM [IpccProtoMessage.cpp:SerializeParams:112] m_offset, 576512
[m[1;33m1970-01-01 07:04:31.616|W|132501644|lpUCM [RemoteSails.cpp:SendWithRetry:185] Successfully wrote 1052 bytes
[m[0;32;32m1970-01-01 07:04:31.622|I|132501644|lpUCM [RemoteSails.cpp:HandleResponse:149] HandleResponse started, buffer size: 1048
[m[0;32;32m1970-01-01 07:04:31.622|I|132501644|lpUCM [RemoteSails.cpp:HandleResponse:158] Successfully deserialized response, status: 0, result code: 0
[m[0;32;31m1970-01-01 07:04:31.622|E|132501644|lpUCM [IpccProtoMessage.cpp:SerializeParams:112] m_offset, 577536
[m[1;33m1970-01-01 07:04:31.622|W|132501644|lpUCM [RemoteSails.cpp:SendWithRetry:185] Successfully wrote 1052 bytes
[m[0;32;32m1970-01-01 07:04:31.655|I|132501644|lpUCM [RemoteSails.cpp:HandleResponse:149] HandleResponse started, buffer size: 1048
[m[0;32;32m1970-01-01 07:04:31.655|I|132501644|lpUCM [RemoteSails.cpp:HandleResponse:158] Successfully deserialized response, status: 0, result code: 0
[m[0;32;31m1970-01-01 07:04:31.655|E|132501644|lpUCM [IpccProtoMessage.cpp:SerializeParams:112] m_offset, 578560
[m[1;33m1970-01-01 07:04:31.655|W|132501644|lpUCM [RemoteSails.cpp:SendWithRetry:185] Successfully wrote 1052 bytes
[m[0;32;32m1970-01-01 07:04:31.658|I|132501644|lpUCM [RemoteSails.cpp:HandleResponse:149] HandleResponse started, buffer size: 1048
[m[0;32;32m1970-01-01 07:04:31.658|I|132501644|lpUCM [RemoteSails.cpp:HandleResponse:158] Successfully deserialized response, status: 0, result code: 0
[m[0;32;31m1970-01-01 07:04:31.658|E|132501644|lpUCM [IpccProtoMessage.cpp:SerializeParams:112] m_offset, 579584
[m[1;33m1970-01-01 07:04:31.658|W|132501644|lpUCM [RemoteSails.cpp:SendWithRetry:185] Successfully wrote 1052 bytes
[m[0;32;32m1970-01-01 07:04:31.664|I|132501644|lpUCM [RemoteSails.cpp:HandleResponse:149] HandleResponse started, buffer size: 1048
[m[0;32;32m1970-01-01 07:04:31.664|I|132501644|lpUCM [RemoteSails.cpp:HandleResponse:158] Successfully deserialized response, status: 0, result code: 0
[m[0;32;31m1970-01-01 07:04:31.664|E|132501644|lpUCM [IpccProtoMessage.cpp:SerializeParams:112] m_offset, 580608
[m[1;33m1970-01-01 07:04:31.664|W|132501644|lpUCM [RemoteSails.cpp:SendWithRetry:185] Successfully wrote 1052 bytes
[m[0;32;32m1970-01-01 07:04:31.667|I|132501644|lpUCM [RemoteSails.cpp:HandleResponse:149] HandleResponse started, buffer size: 1048
[m[0;32;32m1970-01-01 07:04:31.667|I|132501644|lpUCM [RemoteSails.cpp:HandleResponse:158] Successfully deserialized response, status: 0, result code: 0
[m[0;32;31m1970-01-01 07:04:31.667|E|132501644|lpUCM [IpccProtoMessage.cpp:SerializeParams:112] m_offset, 581632
[m[1;33m1970-01-01 07:04:31.667|W|132501644|lpUCM [RemoteSails.cpp:SendWithRetry:185] Successfully wrote 1052 bytes
[m[0;32;32m1970-01-01 07:04:31.697|I|132501644|lpUCM [RemoteSails.cpp:HandleResponse:149] HandleResponse started, buffer size: 1048
[m[0;32;32m1970-01-01 07:04:31.697|I|132501644|lpUCM [RemoteSails.cpp:HandleResponse:158] Successfully deserialized response, status: 0, result code: 0
[m[0;32;31m1970-01-01 07:04:31.697|E|132501644|lpUCM [IpccProtoMessage.cpp:SerializeParams:112] m_offset, 582656
[m[1;33m1970-01-01 07:04:31.697|W|132501644|lpUCM [RemoteSails.cpp:SendWithRetry:185] Successfully wrote 1052 bytes
[m[0;32;32m1970-01-01 07:04:31.700|I|132501644|lpUCM [RemoteSails.cpp:HandleResponse:149] HandleResponse started, buffer size: 1048
[m[0;32;32m1970-01-01 07:04:31.700|I|132501644|lpUCM [RemoteSails.cpp:HandleResponse:158] Successfully deserialized response, status: 0, result code: 0
[m[0;32;31m1970-01-01 07:04:31.700|E|132501644|lpUCM [IpccProtoMessage.cpp:SerializeParams:112] m_offset, 583680
[m[1;33m1970-01-01 07:04:31.700|W|132501644|lpUCM [RemoteSails.cpp:SendWithRetry:185] Successfully wrote 1052 bytes
[m[0;32;32m1970-01-01 07:04:31.704|I|132501644|lpUCM [RemoteSails.cpp:HandleResponse:149] HandleResponse started, buffer size: 1048
[m[0;32;32m1970-01-01 07:04:31.704|I|132501644|lpUCM [RemoteSails.cpp:HandleResponse:158] Successfully deserialized response, status: 0, result code: 0
[m[0;32;31m1970-01-01 07:04:31.704|E|132501644|lpUCM [IpccProtoMessage.cpp:SerializeParams:112] m_offset, 584704
[m[1;33m1970-01-01 07:04:31.704|W|132501644|lpUCM [RemoteSails.cpp:SendWithRetry:185] Successfully wrote 1052 bytes
[m[0;32;32m1970-01-01 07:04:31.708|I|132501644|lpUCM [RemoteSails.cpp:HandleResponse:149] HandleResponse started, buffer size: 1048
[m[0;32;32m1970-01-01 07:04:31.708|I|132501644|lpUCM [RemoteSails.cpp:HandleResponse:158] Successfully deserialized response, status: 0, result code: 0
[m[0;32;31m1970-01-01 07:04:31.708|E|132501644|lpUCM [IpccProtoMessage.cpp:SerializeParams:112] m_offset, 585728
[m[1;33m1970-01-01 07:04:31.708|W|132501644|lpUCM [RemoteSails.cpp:SendWithRetry:185] Successfully wrote 1052 bytes
[m[0;32;32m1970-01-01 07:04:31.740|I|132501644|lpUCM [RemoteSails.cpp:HandleResponse:149] HandleResponse started, buffer size: 1048
[m[0;32;32m1970-01-01 07:04:31.740|I|132501644|lpUCM [RemoteSails.cpp:HandleResponse:158] Successfully deserialized response, status: 0, result code: 0
[m[0;32;31m1970-01-01 07:04:31.740|E|132501644|lpUCM [IpccProtoMessage.cpp:SerializeParams:112] m_offset, 586752
[m[1;33m1970-01-01 07:04:31.740|W|132501644|lpUCM [RemoteSails.cpp:SendWithRetry:185] Successfully wrote 1052 bytes
[m[0;32;32m1970-01-01 07:04:31.744|I|132501644|lpUCM [RemoteSails.cpp:HandleResponse:149] HandleResponse started, buffer size: 1048
[m[0;32;32m1970-01-01 07:04:31.744|I|132501644|lpUCM [RemoteSails.cpp:HandleResponse:158] Successfully deserialized response, status: 0, result code: 0
[m[0;32;31m1970-01-01 07:04:31.744|E|132501644|lpUCM [IpccProtoMessage.cpp:SerializeParams:112] m_offset, 587776
[m[1;33m1970-01-01 07:04:31.744|W|132501644|lpUCM [RemoteSails.cpp:SendWithRetry:185] Successfully wrote 1052 bytes
[m[0;32;32m1970-01-01 07:04:31.747|I|132501644|lpUCM [RemoteSails.cpp:HandleResponse:149] HandleResponse started, buffer size: 1048
[m[0;32;32m1970-01-01 07:04:31.747|I|132501644|lpUCM [RemoteSails.cpp:HandleResponse:158] Successfully deserialized response, status: 0, result code: 0
[m[0;32;31m1970-01-01 07:04:31.747|E|132501644|lpUCM [IpccProtoMessage.cpp:SerializeParams:112] m_offset, 588800
[m[1;33m1970-01-01 07:04:31.747|W|132501644|lpUCM [RemoteSails.cpp:SendWithRetry:185] Successfully wrote 1052 bytes
[m[0;32;32m1970-01-01 07:04:31.754|I|132501644|lpUCM [RemoteSails.cpp:HandleResponse:149] HandleResponse started, buffer size: 1048
[m[0;32;32m1970-01-01 07:04:31.754|I|132501644|lpUCM [RemoteSails.cpp:HandleResponse:158] Successfully deserialized response, status: 0, result code: 0
[m[0;32;32m1970-01-01 07:04:31.754|I|132501644|lpUCM [RemoteSails.cpp:SailWriteData:272] All data already trans size 16384
[m[0;32;32m1970-01-01 07:04:31.754|I|132501644|lpUCM [fds.cpp:FDS_OnLocalUpgProgress:248] total: 23, curr:22, percent:49, rop:93%
[m[0;32;32m1970-01-01 07:04:31.754|I|132501644|lpUCM [RemoteSails.cpp:SailWriteData:254] total data is 16384
[m[0;32;31m1970-01-01 07:04:31.754|E|132501644|lpUCM [IpccProtoMessage.cpp:SerializeParams:112] m_offset, 589824
[m[1;33m1970-01-01 07:04:31.754|W|132501644|lpUCM [RemoteSails.cpp:SendWithRetry:185] Successfully wrote 1052 bytes
[m[0;32;32m1970-01-01 07:04:31.785|I|132501644|lpUCM [RemoteSails.cpp:HandleResponse:149] HandleResponse started, buffer size: 1048
[m[0;32;32m1970-01-01 07:04:31.785|I|132501644|lpUCM [RemoteSails.cpp:HandleResponse:158] Successfully deserialized response, status: 0, result code: 0
[m[0;32;31m1970-01-01 07:04:31.785|E|132501644|lpUCM [IpccProtoMessage.cpp:SerializeParams:112] m_offset, 590848
[m[1;33m1970-01-01 07:04:31.785|W|132501644|lpUCM [RemoteSails.cpp:SendWithRetry:185] Successfully wrote 1052 bytes
[m[0;32;32m1970-01-01 07:04:31.788|I|132501644|lpUCM [RemoteSails.cpp:HandleResponse:149] HandleResponse started, buffer size: 1048
[m[0;32;32m1970-01-01 07:04:31.788|I|132501644|lpUCM [RemoteSails.cpp:HandleResponse:158] Successfully deserialized response, status: 0, result code: 0
[m[0;32;31m1970-01-01 07:04:31.788|E|132501644|lpUCM [IpccProtoMessage.cpp:SerializeParams:112] m_offset, 591872
[m[1;33m1970-01-01 07:04:31.788|W|132501644|lpUCM [RemoteSails.cpp:SendWithRetry:185] Successfully wrote 1052 bytes
[m[0;32;32m1970-01-01 07:04:31.794|I|132501644|lpUCM [RemoteSails.cpp:HandleResponse:149] HandleResponse started, buffer size: 1048
[m[0;32;32m1970-01-01 07:04:31.794|I|132501644|lpUCM [RemoteSails.cpp:HandleResponse:158] Successfully deserialized response, status: 0, result code: 0
[m[0;32;31m1970-01-01 07:04:31.794|E|132501644|lpUCM [IpccProtoMessage.cpp:SerializeParams:112] m_offset, 592896
[m[1;33m1970-01-01 07:04:31.794|W|132501644|lpUCM [RemoteSails.cpp:SendWithRetry:185] Successfully wrote 1052 bytes
[m[0;32;32m1970-01-01 07:04:31.797|I|132501644|lpUCM [RemoteSails.cpp:HandleResponse:149] HandleResponse started, buffer size: 1048
[m[0;32;32m1970-01-01 07:04:31.797|I|132501644|lpUCM [RemoteSails.cpp:HandleResponse:158] Successfully deserialized response, status: 0, result code: 0
[m[0;32;31m1970-01-01 07:04:31.797|E|132501644|lpUCM [IpccProtoMessage.cpp:SerializeParams:112] m_offset, 593920
[m[1;33m1970-01-01 07:04:31.797|W|132501644|lpUCM [RemoteSails.cpp:SendWithRetry:185] Successfully wrote 1052 bytes
[m[0;32;32m1970-01-01 07:04:31.830|I|132501644|lpUCM [RemoteSails.cpp:HandleResponse:149] HandleResponse started, buffer size: 1048
[m[0;32;32m1970-01-01 07:04:31.830|I|132501644|lpUCM [RemoteSails.cpp:HandleResponse:158] Successfully deserialized response, status: 0, result code: 0
[m[0;32;31m1970-01-01 07:04:31.830|E|132501644|lpUCM [IpccProtoMessage.cpp:SerializeParams:112] m_offset, 594944
[m[1;33m1970-01-01 07:04:31.830|W|132501644|lpUCM [RemoteSails.cpp:SendWithRetry:185] Successfully wrote 1052 bytes
[m[0;32;32m1970-01-01 07:04:31.833|I|132501644|lpUCM [RemoteSails.cpp:HandleResponse:149] HandleResponse started, buffer size: 1048
[m[0;32;32m1970-01-01 07:04:31.833|I|132501644|lpUCM [RemoteSails.cpp:HandleResponse:158] Successfully deserialized response, status: 0, result code: 0
[m[0;32;31m1970-01-01 07:04:31.833|E|132501644|lpUCM [IpccProtoMessage.cpp:SerializeParams:112] m_offset, 595968
[m[1;33m1970-01-01 07:04:31.833|W|132501644|lpUCM [RemoteSails.cpp:SendWithRetry:185] Successfully wrote 1052 bytes
[m[0;32;32m1970-01-01 07:04:31.836|I|132501644|lpUCM [RemoteSails.cpp:HandleResponse:149] HandleResponse started, buffer size: 1048
[m[0;32;32m1970-01-01 07:04:31.836|I|132501644|lpUCM [RemoteSails.cpp:HandleResponse:158] Successfully deserialized response, status: 0, result code: 0
[m[0;32;31m1970-01-01 07:04:31.836|E|132501644|lpUCM [IpccProtoMessage.cpp:SerializeParams:112] m_offset, 596992
[m[1;33m1970-01-01 07:04:31.836|W|132501644|lpUCM [RemoteSails.cpp:SendWithRetry:185] Successfully wrote 1052 bytes
[m[0;32;32m1970-01-01 07:04:31.842|I|132501644|lpUCM [RemoteSails.cpp:HandleResponse:149] HandleResponse started, buffer size: 1048
[m[0;32;32m1970-01-01 07:04:31.842|I|132501644|lpUCM [RemoteSails.cpp:HandleResponse:158] Successfully deserialized response, status: 0, result code: 0
[m[0;32;31m1970-01-01 07:04:31.842|E|132501644|lpUCM [IpccProtoMessage.cpp:SerializeParams:112] m_offset, 598016
[m[1;33m1970-01-01 07:04:31.842|W|132501644|lpUCM [RemoteSails.cpp:SendWithRetry:185] Successfully wrote 1052 bytes
[m[0;32;32m1970-01-01 07:04:31.875|I|132501644|lpUCM [RemoteSails.cpp:HandleResponse:149] HandleResponse started, buffer size: 1048
[m[0;32;32m1970-01-01 07:04:31.875|I|132501644|lpUCM [RemoteSails.cpp:HandleResponse:158] Successfully deserialized response, status: 0, result code: 0
[m[0;32;31m1970-01-01 07:04:31.875|E|132501644|lpUCM [IpccProtoMessage.cpp:SerializeParams:112] m_offset, 599040
[m[1;33m1970-01-01 07:04:31.875|W|132501644|lpUCM [RemoteSails.cpp:SendWithRetry:185] Successfully wrote 1052 bytes
[m[0;32;32m1970-01-01 07:04:31.878|I|132501644|lpUCM [RemoteSails.cpp:HandleResponse:149] HandleResponse started, buffer size: 1048
[m[0;32;32m1970-01-01 07:04:31.878|I|132501644|lpUCM [RemoteSails.cpp:HandleResponse:158] Successfully deserialized response, status: 0, result code: 0
[m[0;32;31m1970-01-01 07:04:31.878|E|132501644|lpUCM [IpccProtoMessage.cpp:SerializeParams:112] m_offset, 600064
[m[1;33m1970-01-01 07:04:31.878|W|132501644|lpUCM [RemoteSails.cpp:SendWithRetry:185] Successfully wrote 1052 bytes
[m[0;32;32m1970-01-01 07:04:31.881|I|132501644|lpUCM [RemoteSails.cpp:HandleResponse:149] HandleResponse started, buffer size: 1048
[m[0;32;32m1970-01-01 07:04:31.881|I|132501644|lpUCM [RemoteSails.cpp:HandleResponse:158] Successfully deserialized response, status: 0, result code: 0
[m[0;32;31m1970-01-01 07:04:31.881|E|132501644|lpUCM [IpccProtoMessage.cpp:SerializeParams:112] m_offset, 601088
[m[1;33m1970-01-01 07:04:31.881|W|132501644|lpUCM [RemoteSails.cpp:SendWithRetry:185] Successfully wrote 1052 bytes
[m[0;32;32m1970-01-01 07:04:31.884|I|132501644|lpUCM [RemoteSails.cpp:HandleResponse:149] HandleResponse started, buffer size: 1048
[m[0;32;32m1970-01-01 07:04:31.884|I|132501644|lpUCM [RemoteSails.cpp:HandleResponse:158] Successfully deserialized response, status: 0, result code: 0
[m[0;32;31m1970-01-01 07:04:31.884|E|132501644|lpUCM [IpccProtoMessage.cpp:SerializeParams:112] m_offset, 602112
[m[1;33m1970-01-01 07:04:31.884|W|132501644|lpUCM [RemoteSails.cpp:SendWithRetry:185] Successfully wrote 1052 bytes
[m[0;32;32m1970-01-01 07:04:31.915|I|132501644|lpUCM [RemoteSails.cpp:HandleResponse:149] HandleResponse started, buffer size: 1048
[m[0;32;32m1970-01-01 07:04:31.915|I|132501644|lpUCM [RemoteSails.cpp:HandleResponse:158] Successfully deserialized response, status: 0, result code: 0
[m[0;32;31m1970-01-01 07:04:31.915|E|132501644|lpUCM [IpccProtoMessage.cpp:SerializeParams:112] m_offset, 603136
[m[1;33m1970-01-01 07:04:31.915|W|132501644|lpUCM [RemoteSails.cpp:SendWithRetry:185] Successfully wrote 1052 bytes
[m[0;32;32m1970-01-01 07:04:31.918|I|132501644|lpUCM [RemoteSails.cpp:HandleResponse:149] HandleResponse started, buffer size: 1048
[m[0;32;32m1970-01-01 07:04:31.918|I|132501644|lpUCM [RemoteSails.cpp:HandleResponse:158] Successfully deserialized response, status: 0, result code: 0
[m[0;32;31m1970-01-01 07:04:31.918|E|132501644|lpUCM [IpccProtoMessage.cpp:SerializeParams:112] m_offset, 604160
[m[1;33m1970-01-01 07:04:31.918|W|132501644|lpUCM [RemoteSails.cpp:SendWithRetry:185] Successfully wrote 1052 bytes
[m[0;32;32m1970-01-01 07:04:31.925|I|132501644|lpUCM [RemoteSails.cpp:HandleResponse:149] HandleResponse started, buffer size: 1048
[m[0;32;32m1970-01-01 07:04:31.925|I|132501644|lpUCM [RemoteSails.cpp:HandleResponse:158] Successfully deserialized response, status: 0, result code: 0
[m[0;32;31m1970-01-01 07:04:31.925|E|132501644|lpUCM [IpccProtoMessage.cpp:SerializeParams:112] m_offset, 605184
[m[1;33m1970-01-01 07:04:31.925|W|132501644|lpUCM [RemoteSails.cpp:SendWithRetry:185] Successfully wrote 1052 bytes
[m[0;32;32m1970-01-01 07:04:31.928|I|132501644|lpUCM [RemoteSails.cpp:HandleResponse:149] HandleResponse started, buffer size: 1048
[m[0;32;32m1970-01-01 07:04:31.928|I|132501644|lpUCM [RemoteSails.cpp:HandleResponse:158] Successfully deserialized response, status: 0, result code: 0
[m[0;32;32m1970-01-01 07:04:31.928|I|132501644|lpUCM [RemoteSails.cpp:SailWriteData:272] All data already trans size 16384
[m[0;32;32m1970-01-01 07:04:31.928|I|132501644|lpUCM [fds.cpp:FDS_OnLocalUpgProgress:248] total: 23, curr:22, percent:50, rop:93%
[m[0;32;32m1970-01-01 07:04:31.928|I|132501644|lpUCM [RemoteSails.cpp:SailWriteData:254] total data is 16384
[m[0;32;31m1970-01-01 07:04:31.928|E|132501644|lpUCM [IpccProtoMessage.cpp:SerializeParams:112] m_offset, 606208
[m[1;33m1970-01-01 07:04:31.928|W|132501644|lpUCM [RemoteSails.cpp:SendWithRetry:185] Successfully wrote 1052 bytes
[m[0;32;32m1970-01-01 07:04:31.962|I|132501644|lpUCM [RemoteSails.cpp:HandleResponse:149] HandleResponse started, buffer size: 1048
[m[0;32;32m1970-01-01 07:04:31.962|I|132501644|lpUCM [RemoteSails.cpp:HandleResponse:158] Successfully deserialized response, status: 0, result code: 0
[m[0;32;31m1970-01-01 07:04:31.962|E|132501644|lpUCM [IpccProtoMessage.cpp:SerializeParams:112] m_offset, 607232
[m[1;33m1970-01-01 07:04:31.962|W|132501644|lpUCM [RemoteSails.cpp:SendWithRetry:185] Successfully wrote 1052 bytes
[m[0;32;32m1970-01-01 07:04:31.965|I|132501644|lpUCM [RemoteSails.cpp:HandleResponse:149] HandleResponse started, buffer size: 1048
[m[0;32;32m1970-01-01 07:04:31.965|I|132501644|lpUCM [RemoteSails.cpp:HandleResponse:158] Successfully deserialized response, status: 0, result code: 0
[m[0;32;31m1970-01-01 07:04:31.965|E|132501644|lpUCM [IpccProtoMessage.cpp:SerializeParams:112] m_offset, 608256
[m[1;33m1970-01-01 07:04:31.965|W|132501644|lpUCM [RemoteSails.cpp:SendWithRetry:185] Successfully wrote 1052 bytes
[m[0;32;32m1970-01-01 07:04:31.968|I|132501644|lpUCM [RemoteSails.cpp:HandleResponse:149] HandleResponse started, buffer size: 1048
[m[0;32;32m1970-01-01 07:04:31.968|I|132501644|lpUCM [RemoteSails.cpp:HandleResponse:158] Successfully deserialized response, status: 0, result code: 0
[m[0;32;31m1970-01-01 07:04:31.968|E|132501644|lpUCM [IpccProtoMessage.cpp:SerializeParams:112] m_offset, 609280
[m[1;33m1970-01-01 07:04:31.968|W|132501644|lpUCM [RemoteSails.cpp:SendWithRetry:185] Successfully wrote 1052 bytes
[m[0;32;32m1970-01-01 07:04:31.974|I|132501644|lpUCM [RemoteSails.cpp:HandleResponse:149] HandleResponse started, buffer size: 1048
[m[0;32;32m1970-01-01 07:04:31.974|I|132501644|lpUCM [RemoteSails.cpp:HandleResponse:158] Successfully deserialized response, status: 0, result code: 0
[m[0;32;31m1970-01-01 07:04:31.974|E|132501644|lpUCM [IpccProtoMessage.cpp:SerializeParams:112] m_offset, 610304
[m[1;33m1970-01-01 07:04:31.974|W|132501644|lpUCM [RemoteSails.cpp:SendWithRetry:185] Successfully wrote 1052 bytes
[m[0;32;32m1970-01-01 07:04:32.7|I|132501644|lpUCM [RemoteSails.cpp:HandleResponse:149] HandleResponse started, buffer size: 1048
[m[0;32;32m1970-01-01 07:04:32.7|I|132501644|lpUCM [RemoteSails.cpp:HandleResponse:158] Successfully deserialized response, status: 0, result code: 0
[m[0;32;31m1970-01-01 07:04:32.7|E|132501644|lpUCM [IpccProtoMessage.cpp:SerializeParams:112] m_offset, 611328
[m[1;33m1970-01-01 07:04:32.7|W|132501644|lpUCM [RemoteSails.cpp:SendWithRetry:185] Successfully wrote 1052 bytes
[m[0;32;32m1970-01-01 07:04:32.13|I|132501644|lpUCM [RemoteSails.cpp:HandleResponse:149] HandleResponse started, buffer size: 1048
[m[0;32;32m1970-01-01 07:04:32.13|I|132501644|lpUCM [RemoteSails.cpp:HandleResponse:158] Successfully deserialized response, status: 0, result code: 0
[m[0;32;31m1970-01-01 07:04:32.13|E|132501644|lpUCM [IpccProtoMessage.cpp:SerializeParams:112] m_offset, 612352
[m[1;33m1970-01-01 07:04:32.13|W|132501644|lpUCM [RemoteSails.cpp:SendWithRetry:185] Successfully wrote 1052 bytes
[m[0;32;32m1970-01-01 07:04:32.16|I|132501644|lpUCM [RemoteSails.cpp:HandleResponse:149] HandleResponse started, buffer size: 1048
[m[0;32;32m1970-01-01 07:04:32.16|I|132501644|lpUCM [RemoteSails.cpp:HandleResponse:158] Successfully deserialized response, status: 0, result code: 0
[m[0;32;31m1970-01-01 07:04:32.16|E|132501644|lpUCM [IpccProtoMessage.cpp:SerializeParams:112] m_offset, 613376
[m[1;33m1970-01-01 07:04:32.16|W|132501644|lpUCM [RemoteSails.cpp:SendWithRetry:185] Successfully wrote 1052 bytes
[m[0;32;32m1970-01-01 07:04:32.22|I|132501644|lpUCM [RemoteSails.cpp:HandleResponse:149] HandleResponse started, buffer size: 1048
[m[0;32;32m1970-01-01 07:04:32.22|I|132501644|lpUCM [RemoteSails.cpp:HandleResponse:158] Successfully deserialized response, status: 0, result code: 0
[m[0;32;31m1970-01-01 07:04:32.22|E|132501644|lpUCM [IpccProtoMessage.cpp:SerializeParams:112] m_offset, 614400
[m[1;33m1970-01-01 07:04:32.22|W|132501644|lpUCM [RemoteSails.cpp:SendWithRetry:185] Successfully wrote 1052 bytes
[m[0;32;32m1970-01-01 07:04:32.52|I|132501644|lpUCM [RemoteSails.cpp:HandleResponse:149] HandleResponse started, buffer size: 1048
[m[0;32;32m1970-01-01 07:04:32.52|I|132501644|lpUCM [RemoteSails.cpp:HandleResponse:158] Successfully deserialized response, status: 0, result code: 0
[m[0;32;31m1970-01-01 07:04:32.52|E|132501644|lpUCM [IpccProtoMessage.cpp:SerializeParams:112] m_offset, 615424
[m[1;33m1970-01-01 07:04:32.52|W|132501644|lpUCM [RemoteSails.cpp:SendWithRetry:185] Successfully wrote 1052 bytes
[m[0;32;32m1970-01-01 07:04:32.55|I|132501644|lpUCM [RemoteSails.cpp:HandleResponse:149] HandleResponse started, buffer size: 1048
[m[0;32;32m1970-01-01 07:04:32.55|I|132501644|lpUCM [RemoteSails.cpp:HandleResponse:158] Successfully deserialized response, status: 0, result code: 0
[m[0;32;31m1970-01-01 07:04:32.55|E|132501644|lpUCM [IpccProtoMessage.cpp:SerializeParams:112] m_offset, 616448
[m[1;33m1970-01-01 07:04:32.55|W|132501644|lpUCM [RemoteSails.cpp:SendWithRetry:185] Successfully wrote 1052 bytes
[m[0;32;32m1970-01-01 07:04:32.58|I|132501644|lpUCM [RemoteSails.cpp:HandleResponse:149] HandleResponse started, buffer size: 1048
[m[0;32;32m1970-01-01 07:04:32.58|I|132501644|lpUCM [RemoteSails.cpp:HandleResponse:158] Successfully deserialized response, status: 0, result code: 0
[m[0;32;31m1970-01-01 07:04:32.58|E|132501644|lpUCM [IpccProtoMessage.cpp:SerializeParams:112] m_offset, 617472
[m[1;33m1970-01-01 07:04:32.58|W|132501644|lpUCM [RemoteSails.cpp:SendWithRetry:185] Successfully wrote 1052 bytes
[m[0;32;32m1970-01-01 07:04:32.64|I|132501644|lpUCM [RemoteSails.cpp:HandleResponse:149] HandleResponse started, buffer size: 1048
[m[0;32;32m1970-01-01 07:04:32.64|I|132501644|lpUCM [RemoteSails.cpp:HandleResponse:158] Successfully deserialized response, status: 0, result code: 0
[m[0;32;31m1970-01-01 07:04:32.64|E|132501644|lpUCM [IpccProtoMessage.cpp:SerializeParams:112] m_offset, 618496
[m[1;33m1970-01-01 07:04:32.64|W|132501644|lpUCM [RemoteSails.cpp:SendWithRetry:185] Successfully wrote 1052 bytes
[m[0;32;32m1970-01-01 07:04:32.95|I|132501644|lpUCM [RemoteSails.cpp:HandleResponse:149] HandleResponse started, buffer size: 1048
[m[0;32;32m1970-01-01 07:04:32.95|I|132501644|lpUCM [RemoteSails.cpp:HandleResponse:158] Successfully deserialized response, status: 0, result code: 0
[m[0;32;31m1970-01-01 07:04:32.95|E|132501644|lpUCM [IpccProtoMessage.cpp:SerializeParams:112] m_offset, 619520
[m[1;33m1970-01-01 07:04:32.95|W|132501644|lpUCM [RemoteSails.cpp:SendWithRetry:185] Successfully wrote 1052 bytes
[m[0;32;32m1970-01-01 07:04:32.98|I|132501644|lpUCM [RemoteSails.cpp:HandleResponse:149] HandleResponse started, buffer size: 1048
[m[0;32;32m1970-01-01 07:04:32.98|I|132501644|lpUCM [RemoteSails.cpp:HandleResponse:158] Successfully deserialized response, status: 0, result code: 0
[m[0;32;31m1970-01-01 07:04:32.98|E|132501644|lpUCM [IpccProtoMessage.cpp:SerializeParams:112] m_offset, 620544
[m[1;33m1970-01-01 07:04:32.98|W|132501644|lpUCM [RemoteSails.cpp:SendWithRetry:185] Successfully wrote 1052 bytes
[m[0;32;32m1970-01-01 07:04:32.102|I|132501644|lpUCM [RemoteSails.cpp:HandleResponse:149] HandleResponse started, buffer size: 1048
[m[0;32;32m1970-01-01 07:04:32.102|I|132501644|lpUCM [RemoteSails.cpp:HandleResponse:158] Successfully deserialized response, status: 0, result code: 0
[m[0;32;31m1970-01-01 07:04:32.102|E|132501644|lpUCM [IpccProtoMessage.cpp:SerializeParams:112] m_offset, 621568
[m[1;33m1970-01-01 07:04:32.102|W|132501644|lpUCM [RemoteSails.cpp:SendWithRetry:185] Successfully wrote 1052 bytes
[m[0;32;32m1970-01-01 07:04:32.106|I|132501644|lpUCM [RemoteSails.cpp:HandleResponse:149] HandleResponse started, buffer size: 1048
[m[0;32;32m1970-01-01 07:04:32.106|I|132501644|lpUCM [RemoteSails.cpp:HandleResponse:158] Successfully deserialized response, status: 0, result code: 0
[m[0;32;32m1970-01-01 07:04:32.106|I|132501644|lpUCM [RemoteSails.cpp:SailWriteData:272] All data already trans size 16384
[m[0;32;32m1970-01-01 07:04:32.106|I|132501644|lpUCM [fds.cpp:FDS_OnLocalUpgProgress:248] total: 23, curr:22, percent:51, rop:93%
[m[0;32;32m1970-01-01 07:04:32.106|I|132501644|lpUCM [RemoteSails.cpp:SailWriteData:254] total data is 16384
[m[0;32;31m1970-01-01 07:04:32.106|E|132501644|lpUCM [IpccProtoMessage.cpp:SerializeParams:112] m_offset, 622592
[m[1;33m1970-01-01 07:04:32.106|W|132501644|lpUCM [RemoteSails.cpp:SendWithRetry:185] Successfully wrote 1052 bytes
[m[0;32;32m1970-01-01 07:04:32.137|I|132501644|lpUCM [RemoteSails.cpp:HandleResponse:149] HandleResponse started, buffer size: 1048
[m[0;32;32m1970-01-01 07:04:32.137|I|132501644|lpUCM [RemoteSails.cpp:HandleResponse:158] Successfully deserialized response, status: 0, result code: 0
[m[0;32;31m1970-01-01 07:04:32.137|E|132501644|lpUCM [IpccProtoMessage.cpp:SerializeParams:112] m_offset, 623616
[m[1;33m1970-01-01 07:04:32.137|W|132501644|lpUCM [RemoteSails.cpp:SendWithRetry:185] Successfully wrote 1052 bytes
[m[0;32;32m1970-01-01 07:04:32.141|I|132501644|lpUCM [RemoteSails.cpp:HandleResponse:149] HandleResponse started, buffer size: 1048
[m[0;32;32m1970-01-01 07:04:32.141|I|132501644|lpUCM [RemoteSails.cpp:HandleResponse:158] Successfully deserialized response, status: 0, result code: 0
[m[0;32;31m1970-01-01 07:04:32.141|E|132501644|lpUCM [IpccProtoMessage.cpp:SerializeParams:112] m_offset, 624640
[m[1;33m1970-01-01 07:04:32.141|W|132501644|lpUCM [RemoteSails.cpp:SendWithRetry:185] Successfully wrote 1052 bytes
[m[0;32;32m1970-01-01 07:04:32.144|I|132501644|lpUCM [RemoteSails.cpp:HandleResponse:149] HandleResponse started, buffer size: 1048
[m[0;32;32m1970-01-01 07:04:32.144|I|132501644|lpUCM [RemoteSails.cpp:HandleResponse:158] Successfully deserialized response, status: 0, result code: 0
[m[0;32;31m1970-01-01 07:04:32.144|E|132501644|lpUCM [IpccProtoMessage.cpp:SerializeParams:112] m_offset, 625664
[m[1;33m1970-01-01 07:04:32.144|W|132501644|lpUCM [RemoteSails.cpp:SendWithRetry:185] Successfully wrote 1052 bytes
[m[0;32;32m1970-01-01 07:04:32.147|I|132501644|lpUCM [RemoteSails.cpp:HandleResponse:149] HandleResponse started, buffer size: 1048
[m[0;32;32m1970-01-01 07:04:32.147|I|132501644|lpUCM [RemoteSails.cpp:HandleResponse:158] Successfully deserialized response, status: 0, result code: 0
[m[0;32;31m1970-01-01 07:04:32.147|E|132501644|lpUCM [IpccProtoMessage.cpp:SerializeParams:112] m_offset, 626688
[m[1;33m1970-01-01 07:04:32.147|W|132501644|lpUCM [RemoteSails.cpp:SendWithRetry:185] Successfully wrote 1052 bytes
[m[0;32;32m1970-01-01 07:04:32.180|I|132501644|lpUCM [RemoteSails.cpp:HandleResponse:149] HandleResponse started, buffer size: 1048
[m[0;32;32m1970-01-01 07:04:32.180|I|132501644|lpUCM [RemoteSails.cpp:HandleResponse:158] Successfully deserialized response, status: 0, result code: 0
[m[0;32;31m1970-01-01 07:04:32.180|E|132501644|lpUCM [IpccProtoMessage.cpp:SerializeParams:112] m_offset, 627712
[m[1;33m1970-01-01 07:04:32.180|W|132501644|lpUCM [RemoteSails.cpp:SendWithRetry:185] Successfully wrote 1052 bytes
[m[0;32;32m1970-01-01 07:04:32.183|I|132501644|lpUCM [RemoteSails.cpp:HandleResponse:149] HandleResponse started, buffer size: 1048
[m[0;32;32m1970-01-01 07:04:32.183|I|132501644|lpUCM [RemoteSails.cpp:HandleResponse:158] Successfully deserialized response, status: 0, result code: 0
[m[0;32;31m1970-01-01 07:04:32.183|E|132501644|lpUCM [IpccProtoMessage.cpp:SerializeParams:112] m_offset, 628736
[m[1;33m1970-01-01 07:04:32.183|W|132501644|lpUCM [RemoteSails.cpp:SendWithRetry:185] Successfully wrote 1052 bytes
[m[0;32;32m1970-01-01 07:04:32.186|I|132501644|lpUCM [RemoteSails.cpp:HandleResponse:149] HandleResponse started, buffer size: 1048
[m[0;32;32m1970-01-01 07:04:32.186|I|132501644|lpUCM [RemoteSails.cpp:HandleResponse:158] Successfully deserialized response, status: 0, result code: 0
[m[0;32;31m1970-01-01 07:04:32.186|E|132501644|lpUCM [IpccProtoMessage.cpp:SerializeParams:112] m_offset, 629760
[m[1;33m1970-01-01 07:04:32.186|W|132501644|lpUCM [RemoteSails.cpp:SendWithRetry:185] Successfully wrote 1052 bytes
[m[0;32;32m1970-01-01 07:04:32.192|I|132501644|lpUCM [RemoteSails.cpp:HandleResponse:149] HandleResponse started, buffer size: 1048
[m[0;32;32m1970-01-01 07:04:32.192|I|132501644|lpUCM [RemoteSails.cpp:HandleResponse:158] Successfully deserialized response, status: 0, result code: 0
[m[0;32;31m1970-01-01 07:04:32.192|E|132501644|lpUCM [IpccProtoMessage.cpp:SerializeParams:112] m_offset, 630784
[m[1;33m1970-01-01 07:04:32.192|W|132501644|lpUCM [RemoteSails.cpp:SendWithRetry:185] Successfully wrote 1052 bytes
[m[0;32;32m1970-01-01 07:04:32.225|I|132501644|lpUCM [RemoteSails.cpp:HandleResponse:149] HandleResponse started, buffer size: 1048
[m[0;32;32m1970-01-01 07:04:32.225|I|132501644|lpUCM [RemoteSails.cpp:HandleResponse:158] Successfully deserialized response, status: 0, result code: 0
[m[0;32;31m1970-01-01 07:04:32.225|E|132501644|lpUCM [IpccProtoMessage.cpp:SerializeParams:112] m_offset, 631808
[m[1;33m1970-01-01 07:04:32.225|W|132501644|lpUCM [RemoteSails.cpp:SendWithRetry:185] Successfully wrote 1052 bytes
[m[0;32;32m1970-01-01 07:04:32.229|I|132501644|lpUCM [RemoteSails.cpp:HandleResponse:149] HandleResponse started, buffer size: 1048
[m[0;32;32m1970-01-01 07:04:32.229|I|132501644|lpUCM [RemoteSails.cpp:HandleResponse:158] Successfully deserialized response, status: 0, result code: 0
[m[0;32;31m1970-01-01 07:04:32.229|E|132501644|lpUCM [IpccProtoMessage.cpp:SerializeParams:112] m_offset, 632832
[m[1;33m1970-01-01 07:04:32.229|W|132501644|lpUCM [RemoteSails.cpp:SendWithRetry:185] Successfully wrote 1052 bytes
[m[0;32;32m1970-01-01 07:04:32.232|I|132501644|lpUCM [RemoteSails.cpp:HandleResponse:149] HandleResponse started, buffer size: 1048
[m[0;32;32m1970-01-01 07:04:32.232|I|132501644|lpUCM [RemoteSails.cpp:HandleResponse:158] Successfully deserialized response, status: 0, result code: 0
[m[0;32;31m1970-01-01 07:04:32.232|E|132501644|lpUCM [IpccProtoMessage.cpp:SerializeParams:112] m_offset, 633856
[m[1;33m1970-01-01 07:04:32.232|W|132501644|lpUCM [RemoteSails.cpp:SendWithRetry:185] Successfully wrote 1052 bytes
[m[0;32;32m1970-01-01 07:04:32.235|I|132501644|lpUCM [RemoteSails.cpp:HandleResponse:149] HandleResponse started, buffer size: 1048
[m[0;32;32m1970-01-01 07:04:32.235|I|132501644|lpUCM [RemoteSails.cpp:HandleResponse:158] Successfully deserialized response, status: 0, result code: 0
[m[0;32;31m1970-01-01 07:04:32.235|E|132501644|lpUCM [IpccProtoMessage.cpp:SerializeParams:112] m_offset, 634880
[m[1;33m1970-01-01 07:04:32.235|W|132501644|lpUCM [RemoteSails.cpp:SendWithRetry:185] Successfully wrote 1052 bytes
[m[0;32;32m1970-01-01 07:04:32.268|I|132501644|lpUCM [RemoteSails.cpp:HandleResponse:149] HandleResponse started, buffer size: 1048
[m[0;32;32m1970-01-01 07:04:32.268|I|132501644|lpUCM [RemoteSails.cpp:HandleResponse:158] Successfully deserialized response, status: 0, result code: 0
[m[0;32;31m1970-01-01 07:04:32.268|E|132501644|lpUCM [IpccProtoMessage.cpp:SerializeParams:112] m_offset, 635904
[m[1;33m1970-01-01 07:04:32.268|W|132501644|lpUCM [RemoteSails.cpp:SendWithRetry:185] Successfully wrote 1052 bytes
[m[0;32;32m1970-01-01 07:04:32.271|I|132501644|lpUCM [RemoteSails.cpp:HandleResponse:149] HandleResponse started, buffer size: 1048
[m[0;32;32m1970-01-01 07:04:32.271|I|132501644|lpUCM [RemoteSails.cpp:HandleResponse:158] Successfully deserialized response, status: 0, result code: 0
[m[0;32;31m1970-01-01 07:04:32.271|E|132501644|lpUCM [IpccProtoMessage.cpp:SerializeParams:112] m_offset, 636928
[m[1;33m1970-01-01 07:04:32.271|W|132501644|lpUCM [RemoteSails.cpp:SendWithRetry:185] Successfully wrote 1052 bytes
[m[0;32;32m1970-01-01 07:04:32.274|I|132501644|lpUCM [RemoteSails.cpp:HandleResponse:149] HandleResponse started, buffer size: 1048
[m[0;32;32m1970-01-01 07:04:32.274|I|132501644|lpUCM [RemoteSails.cpp:HandleResponse:158] Successfully deserialized response, status: 0, result code: 0
[m[0;32;31m1970-01-01 07:04:32.274|E|132501644|lpUCM [IpccProtoMessage.cpp:SerializeParams:112] m_offset, 637952
[m[1;33m1970-01-01 07:04:32.274|W|132501644|lpUCM [RemoteSails.cpp:SendWithRetry:185] Successfully wrote 1052 bytes
[m[0;32;32m1970-01-01 07:04:32.278|I|132501644|lpUCM [RemoteSails.cpp:HandleResponse:149] HandleResponse started, buffer size: 1048
[m[0;32;32m1970-01-01 07:04:32.278|I|132501644|lpUCM [RemoteSails.cpp:HandleResponse:158] Successfully deserialized response, status: 0, result code: 0
[m[0;32;32m1970-01-01 07:04:32.278|I|132501644|lpUCM [RemoteSails.cpp:SailWriteData:272] All data already trans size 16384
[m[0;32;32m1970-01-01 07:04:32.278|I|132501644|lpUCM [fds.cpp:FDS_OnLocalUpgProgress:248] total: 23, curr:22, percent:52, rop:93%
[m[0;32;32m1970-01-01 07:04:32.278|I|132501644|lpUCM [RemoteSails.cpp:SailWriteData:254] total data is 16384
[m[0;32;31m1970-01-01 07:04:32.278|E|132501644|lpUCM [IpccProtoMessage.cpp:SerializeParams:112] m_offset, 638976
[m[1;33m1970-01-01 07:04:32.278|W|132501644|lpUCM [RemoteSails.cpp:SendWithRetry:185] Successfully wrote 1052 bytes
[m[0;32;32m1970-01-01 07:04:32.310|I|132501644|lpUCM [RemoteSails.cpp:HandleResponse:149] HandleResponse started, buffer size: 1048
[m[0;32;32m1970-01-01 07:04:32.310|I|132501644|lpUCM [RemoteSails.cpp:HandleResponse:158] Successfully deserialized response, status: 0, result code: 0
[m[0;32;31m1970-01-01 07:04:32.310|E|132501644|lpUCM [IpccProtoMessage.cpp:SerializeParams:112] m_offset, 640000
[m[1;33m1970-01-01 07:04:32.310|W|132501644|lpUCM [RemoteSails.cpp:SendWithRetry:185] Successfully wrote 1052 bytes
[m[0;32;32m1970-01-01 07:04:32.314|I|132501644|lpUCM [RemoteSails.cpp:HandleResponse:149] HandleResponse started, buffer size: 1048
[m[0;32;32m1970-01-01 07:04:32.314|I|132501644|lpUCM [RemoteSails.cpp:HandleResponse:158] Successfully deserialized response, status: 0, result code: 0
[m[0;32;31m1970-01-01 07:04:32.314|E|132501644|lpUCM [IpccProtoMessage.cpp:SerializeParams:112] m_offset, 641024
[m[1;33m1970-01-01 07:04:32.314|W|132501644|lpUCM [RemoteSails.cpp:SendWithRetry:185] Successfully wrote 1052 bytes
[m[0;32;32m1970-01-01 07:04:32.318|I|132501644|lpUCM [RemoteSails.cpp:HandleResponse:149] HandleResponse started, buffer size: 1048
[m[0;32;32m1970-01-01 07:04:32.318|I|132501644|lpUCM [RemoteSails.cpp:HandleResponse:158] Successfully deserialized response, status: 0, result code: 0
[m[0;32;31m1970-01-01 07:04:32.318|E|132501644|lpUCM [IpccProtoMessage.cpp:SerializeParams:112] m_offset, 642048
[m[1;33m1970-01-01 07:04:32.318|W|132501644|lpUCM [RemoteSails.cpp:SendWithRetry:185] Successfully wrote 1052 bytes
[m[0;32;32m1970-01-01 07:04:32.325|I|132501644|lpUCM [RemoteSails.cpp:HandleResponse:149] HandleResponse started, buffer size: 1048
[m[0;32;32m1970-01-01 07:04:32.325|I|132501644|lpUCM [RemoteSails.cpp:HandleResponse:158] Successfully deserialized response, status: 0, result code: 0
[m[0;32;31m1970-01-01 07:04:32.325|E|132501644|lpUCM [IpccProtoMessage.cpp:SerializeParams:112] m_offset, 643072
[m[1;33m1970-01-01 07:04:32.325|W|132501644|lpUCM [RemoteSails.cpp:SendWithRetry:185] Successfully wrote 1052 bytes
[m[0;32;32m1970-01-01 07:04:32.358|I|132501644|lpUCM [RemoteSails.cpp:HandleResponse:149] HandleResponse started, buffer size: 1048
[m[0;32;32m1970-01-01 07:04:32.358|I|132501644|lpUCM [RemoteSails.cpp:HandleResponse:158] Successfully deserialized response, status: 0, result code: 0
[m[0;32;31m1970-01-01 07:04:32.358|E|132501644|lpUCM [IpccProtoMessage.cpp:SerializeParams:112] m_offset, 644096
[m[1;33m1970-01-01 07:04:32.358|W|132501644|lpUCM [RemoteSails.cpp:SendWithRetry:185] Successfully wrote 1052 bytes
[m[0;32;32m1970-01-01 07:04:32.364|I|132501644|lpUCM [RemoteSails.cpp:HandleResponse:149] HandleResponse started, buffer size: 1048
[m[0;32;32m1970-01-01 07:04:32.364|I|132501644|lpUCM [RemoteSails.cpp:HandleResponse:158] Successfully deserialized response, status: 0, result code: 0
[m[0;32;31m1970-01-01 07:04:32.364|E|132501644|lpUCM [IpccProtoMessage.cpp:SerializeParams:112] m_offset, 645120
[m[1;33m1970-01-01 07:04:32.364|W|132501644|lpUCM [RemoteSails.cpp:SendWithRetry:185] Successfully wrote 1052 bytes
[m[0;32;32m1970-01-01 07:04:32.368|I|132501644|lpUCM [RemoteSails.cpp:HandleResponse:149] HandleResponse started, buffer size: 1048
[m[0;32;32m1970-01-01 07:04:32.368|I|132501644|lpUCM [RemoteSails.cpp:HandleResponse:158] Successfully deserialized response, status: 0, result code: 0
[m[0;32;31m1970-01-01 07:04:32.368|E|132501644|lpUCM [IpccProtoMessage.cpp:SerializeParams:112] m_offset, 646144
[m[1;33m1970-01-01 07:04:32.368|W|132501644|lpUCM [RemoteSails.cpp:SendWithRetry:185] Successfully wrote 1052 bytes
[m[0;32;32m1970-01-01 07:04:32.374|I|132501644|lpUCM [RemoteSails.cpp:HandleResponse:149] HandleResponse started, buffer size: 1048
[m[0;32;32m1970-01-01 07:04:32.374|I|132501644|lpUCM [RemoteSails.cpp:HandleResponse:158] Successfully deserialized response, status: 0, result code: 0
[m[0;32;31m1970-01-01 07:04:32.374|E|132501644|lpUCM [IpccProtoMessage.cpp:SerializeParams:112] m_offset, 647168
[m[1;33m1970-01-01 07:04:32.374|W|132501644|lpUCM [RemoteSails.cpp:SendWithRetry:185] Successfully wrote 1052 bytes
[m[0;32;32m1970-01-01 07:04:32.404|I|132501644|lpUCM [RemoteSails.cpp:HandleResponse:149] HandleResponse started, buffer size: 1048
[m[0;32;32m1970-01-01 07:04:32.404|I|132501644|lpUCM [RemoteSails.cpp:HandleResponse:158] Successfully deserialized response, status: 0, result code: 0
[m[0;32;31m1970-01-01 07:04:32.404|E|132501644|lpUCM [IpccProtoMessage.cpp:SerializeParams:112] m_offset, 648192
[m[1;33m1970-01-01 07:04:32.404|W|132501644|lpUCM [RemoteSails.cpp:SendWithRetry:185] Successfully wrote 1052 bytes
[m[0;32;32m1970-01-01 07:04:32.407|I|132501644|lpUCM [RemoteSails.cpp:HandleResponse:149] HandleResponse started, buffer size: 1048
[m[0;32;32m1970-01-01 07:04:32.407|I|132501644|lpUCM [RemoteSails.cpp:HandleResponse:158] Successfully deserialized response, status: 0, result code: 0
[m[0;32;31m1970-01-01 07:04:32.407|E|132501644|lpUCM [IpccProtoMessage.cpp:SerializeParams:112] m_offset, 649216
[m[1;33m1970-01-01 07:04:32.407|W|132501644|lpUCM [RemoteSails.cpp:SendWithRetry:185] Successfully wrote 1052 bytes
[m[0;32;32m1970-01-01 07:04:32.413|I|132501644|lpUCM [RemoteSails.cpp:HandleResponse:149] HandleResponse started, buffer size: 1048
[m[0;32;32m1970-01-01 07:04:32.413|I|132501644|lpUCM [RemoteSails.cpp:HandleResponse:158] Successfully deserialized response, status: 0, result code: 0
[m[0;32;31m1970-01-01 07:04:32.413|E|132501644|lpUCM [IpccProtoMessage.cpp:SerializeParams:112] m_offset, 650240
[m[1;33m1970-01-01 07:04:32.413|W|132501644|lpUCM [RemoteSails.cpp:SendWithRetry:185] Successfully wrote 1052 bytes
[m[0;32;32m1970-01-01 07:04:32.416|I|132501644|lpUCM [RemoteSails.cpp:HandleResponse:149] HandleResponse started, buffer size: 1048
[m[0;32;32m1970-01-01 07:04:32.416|I|132501644|lpUCM [RemoteSails.cpp:HandleResponse:158] Successfully deserialized response, status: 0, result code: 0
[m[0;32;31m1970-01-01 07:04:32.416|E|132501644|lpUCM [IpccProtoMessage.cpp:SerializeParams:112] m_offset, 651264
[m[1;33m1970-01-01 07:04:32.416|W|132501644|lpUCM [RemoteSails.cpp:SendWithRetry:185] Successfully wrote 1052 bytes
[m[0;32;32m1970-01-01 07:04:32.446|I|132501644|lpUCM [RemoteSails.cpp:HandleResponse:149] HandleResponse started, buffer size: 1048
[m[0;32;32m1970-01-01 07:04:32.446|I|132501644|lpUCM [RemoteSails.cpp:HandleResponse:158] Successfully deserialized response, status: 0, result code: 0
[m[0;32;31m1970-01-01 07:04:32.446|E|132501644|lpUCM [IpccProtoMessage.cpp:SerializeParams:112] m_offset, 652288
[m[1;33m1970-01-01 07:04:32.446|W|132501644|lpUCM [RemoteSails.cpp:SendWithRetry:185] Successfully wrote 1052 bytes
[m[0;32;32m1970-01-01 07:04:32.452|I|132501644|lpUCM [RemoteSails.cpp:HandleResponse:149] HandleResponse started, buffer size: 1048
[m[0;32;32m1970-01-01 07:04:32.452|I|132501644|lpUCM [RemoteSails.cpp:HandleResponse:158] Successfully deserialized response, status: 0, result code: 0
[m[0;32;31m1970-01-01 07:04:32.452|E|132501644|lpUCM [IpccProtoMessage.cpp:SerializeParams:112] m_offset, 653312
[m[1;33m1970-01-01 07:04:32.452|W|132501644|lpUCM [RemoteSails.cpp:SendWithRetry:185] Successfully wrote 1052 bytes
[m[0;32;32m1970-01-01 07:04:32.455|I|132501644|lpUCM [RemoteSails.cpp:HandleResponse:149] HandleResponse started, buffer size: 1048
[m[0;32;32m1970-01-01 07:04:32.455|I|132501644|lpUCM [RemoteSails.cpp:HandleResponse:158] Successfully deserialized response, status: 0, result code: 0
[m[0;32;31m1970-01-01 07:04:32.455|E|132501644|lpUCM [IpccProtoMessage.cpp:SerializeParams:112] m_offset, 654336
[m[1;33m1970-01-01 07:04:32.455|W|132501644|lpUCM [RemoteSails.cpp:SendWithRetry:185] Successfully wrote 1052 bytes
[m[0;32;32m1970-01-01 07:04:32.458|I|132501644|lpUCM [RemoteSails.cpp:HandleResponse:149] HandleResponse started, buffer size: 1048
[m[0;32;32m1970-01-01 07:04:32.458|I|132501644|lpUCM [RemoteSails.cpp:HandleResponse:158] Successfully deserialized response, status: 0, result code: 0
[m[0;32;32m1970-01-01 07:04:32.458|I|132501644|lpUCM [RemoteSails.cpp:SailWriteData:272] All data already trans size 16384
[m[0;32;32m1970-01-01 07:04:32.458|I|132501644|lpUCM [fds.cpp:FDS_OnLocalUpgProgress:248] total: 23, curr:22, percent:53, rop:93%
[m[0;32;32m1970-01-01 07:04:32.458|I|132501644|lpUCM [RemoteSails.cpp:SailWriteData:254] total data is 16384
[m[0;32;31m1970-01-01 07:04:32.458|E|132501644|lpUCM [IpccProtoMessage.cpp:SerializeParams:112] m_offset, 655360
[m[1;33m1970-01-01 07:04:32.458|W|132501644|lpUCM [RemoteSails.cpp:SendWithRetry:185] Successfully wrote 1052 bytes
[m[0;32;32m1970-01-01 07:04:32.491|I|132501644|lpUCM [RemoteSails.cpp:HandleResponse:149] HandleResponse started, buffer size: 1048
[m[0;32;32m1970-01-01 07:04:32.491|I|132501644|lpUCM [RemoteSails.cpp:HandleResponse:158] Successfully deserialized response, status: 0, result code: 0
[m[0;32;31m1970-01-01 07:04:32.491|E|132501644|lpUCM [IpccProtoMessage.cpp:SerializeParams:112] m_offset, 656384
[m[1;33m1970-01-01 07:04:32.491|W|132501644|lpUCM [RemoteSails.cpp:SendWithRetry:185] Successfully wrote 1052 bytes
[m[0;32;32m1970-01-01 07:04:32.494|I|132501644|lpUCM [RemoteSails.cpp:HandleResponse:149] HandleResponse started, buffer size: 1048
[m[0;32;32m1970-01-01 07:04:32.494|I|132501644|lpUCM [RemoteSails.cpp:HandleResponse:158] Successfully deserialized response, status: 0, result code: 0
[m[0;32;31m1970-01-01 07:04:32.494|E|132501644|lpUCM [IpccProtoMessage.cpp:SerializeParams:112] m_offset, 657408
[m[1;33m1970-01-01 07:04:32.494|W|132501644|lpUCM [RemoteSails.cpp:SendWithRetry:185] Successfully wrote 1052 bytes
[m[0;32;32m1970-01-01 07:04:32.497|I|132501644|lpUCM [RemoteSails.cpp:HandleResponse:149] HandleResponse started, buffer size: 1048
[m[0;32;32m1970-01-01 07:04:32.497|I|132501644|lpUCM [RemoteSails.cpp:HandleResponse:158] Successfully deserialized response, status: 0, result code: 0
[m[0;32;31m1970-01-01 07:04:32.497|E|132501644|lpUCM [IpccProtoMessage.cpp:SerializeParams:112] m_offset, 658432
[m[1;33m1970-01-01 07:04:32.497|W|132501644|lpUCM [RemoteSails.cpp:SendWithRetry:185] Successfully wrote 1052 bytes
[m[0;32;32m1970-01-01 07:04:32.501|I|132501644|lpUCM [RemoteSails.cpp:HandleResponse:149] HandleResponse started, buffer size: 1048
[m[0;32;32m1970-01-01 07:04:32.501|I|132501644|lpUCM [RemoteSails.cpp:HandleResponse:158] Successfully deserialized response, status: 0, result code: 0
[m[0;32;31m1970-01-01 07:04:32.501|E|132501644|lpUCM [IpccProtoMessage.cpp:SerializeParams:112] m_offset, 659456
[m[1;33m1970-01-01 07:04:32.501|W|132501644|lpUCM [RemoteSails.cpp:SendWithRetry:185] Successfully wrote 1052 bytes
[m[0;32;32m1970-01-01 07:04:32.531|I|132501644|lpUCM [RemoteSails.cpp:HandleResponse:149] HandleResponse started, buffer size: 1048
[m[0;32;32m1970-01-01 07:04:32.531|I|132501644|lpUCM [RemoteSails.cpp:HandleResponse:158] Successfully deserialized response, status: 0, result code: 0
[m[0;32;31m1970-01-01 07:04:32.531|E|132501644|lpUCM [IpccProtoMessage.cpp:SerializeParams:112] m_offset, 660480
[m[1;33m1970-01-01 07:04:32.531|W|132501644|lpUCM [RemoteSails.cpp:SendWithRetry:185] Successfully wrote 1052 bytes
[m[0;32;32m1970-01-01 07:04:32.534|I|132501644|lpUCM [RemoteSails.cpp:HandleResponse:149] HandleResponse started, buffer size: 1048
[m[0;32;32m1970-01-01 07:04:32.534|I|132501644|lpUCM [RemoteSails.cpp:HandleResponse:158] Successfully deserialized response, status: 0, result code: 0
[m[0;32;31m1970-01-01 07:04:32.534|E|132501644|lpUCM [IpccProtoMessage.cpp:SerializeParams:112] m_offset, 661504
[m[1;33m1970-01-01 07:04:32.534|W|132501644|lpUCM [RemoteSails.cpp:SendWithRetry:185] Successfully wrote 1052 bytes
[m[0;32;32m1970-01-01 07:04:32.538|I|132501644|lpUCM [RemoteSails.cpp:HandleResponse:149] HandleResponse started, buffer size: 1048
[m[0;32;32m1970-01-01 07:04:32.538|I|132501644|lpUCM [RemoteSails.cpp:HandleResponse:158] Successfully deserialized response, status: 0, result code: 0
[m[0;32;31m1970-01-01 07:04:32.538|E|132501644|lpUCM [IpccProtoMessage.cpp:SerializeParams:112] m_offset, 662528
[m[1;33m1970-01-01 07:04:32.538|W|132501644|lpUCM [RemoteSails.cpp:SendWithRetry:185] Successfully wrote 1052 bytes
[m[0;32;32m1970-01-01 07:04:32.545|I|132501644|lpUCM [RemoteSails.cpp:HandleResponse:149] HandleResponse started, buffer size: 1048
[m[0;32;32m1970-01-01 07:04:32.545|I|132501644|lpUCM [RemoteSails.cpp:HandleResponse:158] Successfully deserialized response, status: 0, result code: 0
[m[0;32;31m1970-01-01 07:04:32.545|E|132501644|lpUCM [IpccProtoMessage.cpp:SerializeParams:112] m_offset, 663552
[m[1;33m1970-01-01 07:04:32.545|W|132501644|lpUCM [RemoteSails.cpp:SendWithRetry:185] Successfully wrote 1052 bytes
[m[0;32;32m1970-01-01 07:04:32.575|I|132501644|lpUCM [RemoteSails.cpp:HandleResponse:149] HandleResponse started, buffer size: 1048
[m[0;32;32m1970-01-01 07:04:32.575|I|132501644|lpUCM [RemoteSails.cpp:HandleResponse:158] Successfully deserialized response, status: 0, result code: 0
[m[0;32;31m1970-01-01 07:04:32.575|E|132501644|lpUCM [IpccProtoMessage.cpp:SerializeParams:112] m_offset, 664576
[m[1;33m1970-01-01 07:04:32.575|W|132501644|lpUCM [RemoteSails.cpp:SendWithRetry:185] Successfully wrote 1052 bytes
[m[0;32;32m1970-01-01 07:04:32.578|I|132501644|lpUCM [RemoteSails.cpp:HandleResponse:149] HandleResponse started, buffer size: 1048
[m[0;32;32m1970-01-01 07:04:32.578|I|132501644|lpUCM [RemoteSails.cpp:HandleResponse:158] Successfully deserialized response, status: 0, result code: 0
[m[0;32;31m1970-01-01 07:04:32.578|E|132501644|lpUCM [IpccProtoMessage.cpp:SerializeParams:112] m_offset, 665600
[m[1;33m1970-01-01 07:04:32.578|W|132501644|lpUCM [RemoteSails.cpp:SendWithRetry:185] Successfully wrote 1052 bytes
[m[0;32;32m1970-01-01 07:04:32.584|I|132501644|lpUCM [RemoteSails.cpp:HandleResponse:149] HandleResponse started, buffer size: 1048
[m[0;32;32m1970-01-01 07:04:32.584|I|132501644|lpUCM [RemoteSails.cpp:HandleResponse:158] Successfully deserialized response, status: 0, result code: 0
[m[0;32;31m1970-01-01 07:04:32.584|E|132501644|lpUCM [IpccProtoMessage.cpp:SerializeParams:112] m_offset, 666624
[m[1;33m1970-01-01 07:04:32.584|W|132501644|lpUCM [RemoteSails.cpp:SendWithRetry:185] Successfully wrote 1052 bytes
[m[0;32;32m1970-01-01 07:04:32.587|I|132501644|lpUCM [RemoteSails.cpp:HandleResponse:149] HandleResponse started, buffer size: 1048
[m[0;32;32m1970-01-01 07:04:32.587|I|132501644|lpUCM [RemoteSails.cpp:HandleResponse:158] Successfully deserialized response, status: 0, result code: 0
[m[0;32;31m1970-01-01 07:04:32.587|E|132501644|lpUCM [IpccProtoMessage.cpp:SerializeParams:112] m_offset, 667648
[m[1;33m1970-01-01 07:04:32.587|W|132501644|lpUCM [RemoteSails.cpp:SendWithRetry:185] Successfully wrote 1052 bytes
[m[0;32;32m1970-01-01 07:04:32.617|I|132501644|lpUCM [RemoteSails.cpp:HandleResponse:149] HandleResponse started, buffer size: 1048
[m[0;32;32m1970-01-01 07:04:32.617|I|132501644|lpUCM [RemoteSails.cpp:HandleResponse:158] Successfully deserialized response, status: 0, result code: 0
[m[0;32;31m1970-01-01 07:04:32.617|E|132501644|lpUCM [IpccProtoMessage.cpp:SerializeParams:112] m_offset, 668672
[m[1;33m1970-01-01 07:04:32.617|W|132501644|lpUCM [RemoteSails.cpp:SendWithRetry:185] Successfully wrote 1052 bytes
[m[0;32;32m1970-01-01 07:04:32.623|I|132501644|lpUCM [RemoteSails.cpp:HandleResponse:149] HandleResponse started, buffer size: 1048
[m[0;32;32m1970-01-01 07:04:32.623|I|132501644|lpUCM [RemoteSails.cpp:HandleResponse:158] Successfully deserialized response, status: 0, result code: 0
[m[0;32;31m1970-01-01 07:04:32.623|E|132501644|lpUCM [IpccProtoMessage.cpp:SerializeParams:112] m_offset, 669696
[m[1;33m1970-01-01 07:04:32.623|W|132501644|lpUCM [RemoteSails.cpp:SendWithRetry:185] Successfully wrote 1052 bytes
[m[0;32;32m1970-01-01 07:04:32.626|I|132501644|lpUCM [RemoteSails.cpp:HandleResponse:149] HandleResponse started, buffer size: 1048
[m[0;32;32m1970-01-01 07:04:32.626|I|132501644|lpUCM [RemoteSails.cpp:HandleResponse:158] Successfully deserialized response, status: 0, result code: 0
[m[0;32;31m1970-01-01 07:04:32.626|E|132501644|lpUCM [IpccProtoMessage.cpp:SerializeParams:112] m_offset, 670720
[m[1;33m1970-01-01 07:04:32.626|W|132501644|lpUCM [RemoteSails.cpp:SendWithRetry:185] Successfully wrote 1052 bytes
[m[0;32;32m1970-01-01 07:04:32.629|I|132501644|lpUCM [RemoteSails.cpp:HandleResponse:149] HandleResponse started, buffer size: 1048
[m[0;32;32m1970-01-01 07:04:32.629|I|132501644|lpUCM [RemoteSails.cpp:HandleResponse:158] Successfully deserialized response, status: 0, result code: 0
[m[0;32;32m1970-01-01 07:04:32.629|I|132501644|lpUCM [RemoteSails.cpp:SailWriteData:272] All data already trans size 16384
[m[0;32;32m1970-01-01 07:04:32.629|I|132501644|lpUCM [fds.cpp:FDS_OnLocalUpgProgress:248] total: 23, curr:22, percent:54, rop:93%
[m[0;32;32m1970-01-01 07:04:32.629|I|132501644|lpUCM [RemoteSails.cpp:SailWriteData:254] total data is 16384
[m[0;32;31m1970-01-01 07:04:32.629|E|132501644|lpUCM [IpccProtoMessage.cpp:SerializeParams:112] m_offset, 671744
[m[1;33m1970-01-01 07:04:32.629|W|132501644|lpUCM [RemoteSails.cpp:SendWithRetry:185] Successfully wrote 1052 bytes
[m[0;32;32m1970-01-01 07:04:32.659|I|132501644|lpUCM [RemoteSails.cpp:HandleResponse:149] HandleResponse started, buffer size: 1048
[m[0;32;32m1970-01-01 07:04:32.659|I|132501644|lpUCM [RemoteSails.cpp:HandleResponse:158] Successfully deserialized response, status: 0, result code: 0
[m[0;32;31m1970-01-01 07:04:32.659|E|132501644|lpUCM [IpccProtoMessage.cpp:SerializeParams:112] m_offset, 672768
[m[1;33m1970-01-01 07:04:32.659|W|132501644|lpUCM [RemoteSails.cpp:SendWithRetry:185] Successfully wrote 1052 bytes
[m[0;32;32m1970-01-01 07:04:32.662|I|132501644|lpUCM [RemoteSails.cpp:HandleResponse:149] HandleResponse started, buffer size: 1048
[m[0;32;32m1970-01-01 07:04:32.662|I|132501644|lpUCM [RemoteSails.cpp:HandleResponse:158] Successfully deserialized response, status: 0, result code: 0
[m[0;32;31m1970-01-01 07:04:32.662|E|132501644|lpUCM [IpccProtoMessage.cpp:SerializeParams:112] m_offset, 673792
[m[1;33m1970-01-01 07:04:32.662|W|132501644|lpUCM [RemoteSails.cpp:SendWithRetry:185] Successfully wrote 1052 bytes
[m[0;32;32m1970-01-01 07:04:32.665|I|132501644|lpUCM [RemoteSails.cpp:HandleResponse:149] HandleResponse started, buffer size: 1048
[m[0;32;32m1970-01-01 07:04:32.665|I|132501644|lpUCM [RemoteSails.cpp:HandleResponse:158] Successfully deserialized response, status: 0, result code: 0
[m[0;32;31m1970-01-01 07:04:32.665|E|132501644|lpUCM [IpccProtoMessage.cpp:SerializeParams:112] m_offset, 674816
[m[1;33m1970-01-01 07:04:32.665|W|132501644|lpUCM [RemoteSails.cpp:SendWithRetry:185] Successfully wrote 1052 bytes
[m[0;32;32m1970-01-01 07:04:32.668|I|132501644|lpUCM [RemoteSails.cpp:HandleResponse:149] HandleResponse started, buffer size: 1048
[m[0;32;32m1970-01-01 07:04:32.668|I|132501644|lpUCM [RemoteSails.cpp:HandleResponse:158] Successfully deserialized response, status: 0, result code: 0
[m[0;32;31m1970-01-01 07:04:32.668|E|132501644|lpUCM [IpccProtoMessage.cpp:SerializeParams:112] m_offset, 675840
[m[1;33m1970-01-01 07:04:32.668|W|132501644|lpUCM [RemoteSails.cpp:SendWithRetry:185] Successfully wrote 1052 bytes
[m[0;32;32m1970-01-01 07:04:32.698|I|132501644|lpUCM [RemoteSails.cpp:HandleResponse:149] HandleResponse started, buffer size: 1048
[m[0;32;32m1970-01-01 07:04:32.698|I|132501644|lpUCM [RemoteSails.cpp:HandleResponse:158] Successfully deserialized response, status: 0, result code: 0
[m[0;32;31m1970-01-01 07:04:32.698|E|132501644|lpUCM [IpccProtoMessage.cpp:SerializeParams:112] m_offset, 676864
[m[1;33m1970-01-01 07:04:32.698|W|132501644|lpUCM [RemoteSails.cpp:SendWithRetry:185] Successfully wrote 1052 bytes
[m[0;32;32m1970-01-01 07:04:32.701|I|132501644|lpUCM [RemoteSails.cpp:HandleResponse:149] HandleResponse started, buffer size: 1048
[m[0;32;32m1970-01-01 07:04:32.701|I|132501644|lpUCM [RemoteSails.cpp:HandleResponse:158] Successfully deserialized response, status: 0, result code: 0
[m[0;32;31m1970-01-01 07:04:32.701|E|132501644|lpUCM [IpccProtoMessage.cpp:SerializeParams:112] m_offset, 677888
[m[1;33m1970-01-01 07:04:32.701|W|132501644|lpUCM [RemoteSails.cpp:SendWithRetry:185] Successfully wrote 1052 bytes
[m[0;32;32m1970-01-01 07:04:32.704|I|132501644|lpUCM [RemoteSails.cpp:HandleResponse:149] HandleResponse started, buffer size: 1048
[m[0;32;32m1970-01-01 07:04:32.704|I|132501644|lpUCM [RemoteSails.cpp:HandleResponse:158] Successfully deserialized response, status: 0, result code: 0
[m[0;32;31m1970-01-01 07:04:32.704|E|132501644|lpUCM [IpccProtoMessage.cpp:SerializeParams:112] m_offset, 678912
[m[1;33m1970-01-01 07:04:32.704|W|132501644|lpUCM [RemoteSails.cpp:SendWithRetry:185] Successfully wrote 1052 bytes
[m[0;32;32m1970-01-01 07:04:32.707|I|132501644|lpUCM [RemoteSails.cpp:HandleResponse:149] HandleResponse started, buffer size: 1048
[m[0;32;32m1970-01-01 07:04:32.707|I|132501644|lpUCM [RemoteSails.cpp:HandleResponse:158] Successfully deserialized response, status: 0, result code: 0
[m[0;32;31m1970-01-01 07:04:32.707|E|132501644|lpUCM [IpccProtoMessage.cpp:SerializeParams:112] m_offset, 679936
[m[1;33m1970-01-01 07:04:32.707|W|132501644|lpUCM [RemoteSails.cpp:SendWithRetry:185] Successfully wrote 1052 bytes
[m[0;32;32m1970-01-01 07:04:32.737|I|132501644|lpUCM [RemoteSails.cpp:HandleResponse:149] HandleResponse started, buffer size: 1048
[m[0;32;32m1970-01-01 07:04:32.737|I|132501644|lpUCM [RemoteSails.cpp:HandleResponse:158] Successfully deserialized response, status: 0, result code: 0
[m[0;32;31m1970-01-01 07:04:32.737|E|132501644|lpUCM [IpccProtoMessage.cpp:SerializeParams:112] m_offset, 680960
[m[1;33m1970-01-01 07:04:32.737|W|132501644|lpUCM [RemoteSails.cpp:SendWithRetry:185] Successfully wrote 1052 bytes
[m[0;32;32m1970-01-01 07:04:32.741|I|132501644|lpUCM [RemoteSails.cpp:HandleResponse:149] HandleResponse started, buffer size: 1048
[m[0;32;32m1970-01-01 07:04:32.741|I|132501644|lpUCM [RemoteSails.cpp:HandleResponse:158] Successfully deserialized response, status: 0, result code: 0
[m[0;32;31m1970-01-01 07:04:32.741|E|132501644|lpUCM [IpccProtoMessage.cpp:SerializeParams:112] m_offset, 681984
[m[1;33m1970-01-01 07:04:32.741|W|132501644|lpUCM [RemoteSails.cpp:SendWithRetry:185] Successfully wrote 1052 bytes
[m[0;32;32m1970-01-01 07:04:32.745|I|132501644|lpUCM [RemoteSails.cpp:HandleResponse:149] HandleResponse started, buffer size: 1048
[m[0;32;32m1970-01-01 07:04:32.745|I|132501644|lpUCM [RemoteSails.cpp:HandleResponse:158] Successfully deserialized response, status: 0, result code: 0
[m[0;32;31m1970-01-01 07:04:32.745|E|132501644|lpUCM [IpccProtoMessage.cpp:SerializeParams:112] m_offset, 683008
[m[1;33m1970-01-01 07:04:32.745|W|132501644|lpUCM [RemoteSails.cpp:SendWithRetry:185] Successfully wrote 1052 bytes
[m[0;32;32m1970-01-01 07:04:32.748|I|132501644|lpUCM [RemoteSails.cpp:HandleResponse:149] HandleResponse started, buffer size: 1048
[m[0;32;32m1970-01-01 07:04:32.748|I|132501644|lpUCM [RemoteSails.cpp:HandleResponse:158] Successfully deserialized response, status: 0, result code: 0
[m[0;32;31m1970-01-01 07:04:32.748|E|132501644|lpUCM [IpccProtoMessage.cpp:SerializeParams:112] m_offset, 684032
[m[1;33m1970-01-01 07:04:32.748|W|132501644|lpUCM [RemoteSails.cpp:SendWithRetry:185] Successfully wrote 1052 bytes
[m[0;32;32m1970-01-01 07:04:32.779|I|132501644|lpUCM [RemoteSails.cpp:HandleResponse:149] HandleResponse started, buffer size: 1048
[m[0;32;32m1970-01-01 07:04:32.779|I|132501644|lpUCM [RemoteSails.cpp:HandleResponse:158] Successfully deserialized response, status: 0, result code: 0
[m[0;32;31m1970-01-01 07:04:32.779|E|132501644|lpUCM [IpccProtoMessage.cpp:SerializeParams:112] m_offset, 685056
[m[1;33m1970-01-01 07:04:32.779|W|132501644|lpUCM [RemoteSails.cpp:SendWithRetry:185] Successfully wrote 1052 bytes
[m[0;32;32m1970-01-01 07:04:32.782|I|132501644|lpUCM [RemoteSails.cpp:HandleResponse:149] HandleResponse started, buffer size: 1048
[m[0;32;32m1970-01-01 07:04:32.782|I|132501644|lpUCM [RemoteSails.cpp:HandleResponse:158] Successfully deserialized response, status: 0, result code: 0
[m[0;32;31m1970-01-01 07:04:32.782|E|132501644|lpUCM [IpccProtoMessage.cpp:SerializeParams:112] m_offset, 686080
[m[1;33m1970-01-01 07:04:32.782|W|132501644|lpUCM [RemoteSails.cpp:SendWithRetry:185] Successfully wrote 1052 bytes
[m[0;32;32m1970-01-01 07:04:32.785|I|132501644|lpUCM [RemoteSails.cpp:HandleResponse:149] HandleResponse started, buffer size: 1048
[m[0;32;32m1970-01-01 07:04:32.785|I|132501644|lpUCM [RemoteSails.cpp:HandleResponse:158] Successfully deserialized response, status: 0, result code: 0
[m[0;32;31m1970-01-01 07:04:32.785|E|132501644|lpUCM [IpccProtoMessage.cpp:SerializeParams:112] m_offset, 687104
[m[1;33m1970-01-01 07:04:32.785|W|132501644|lpUCM [RemoteSails.cpp:SendWithRetry:185] Successfully wrote 1052 bytes
[m[0;32;32m1970-01-01 07:04:32.789|I|132501644|lpUCM [RemoteSails.cpp:HandleResponse:149] HandleResponse started, buffer size: 1048
[m[0;32;32m1970-01-01 07:04:32.789|I|132501644|lpUCM [RemoteSails.cpp:HandleResponse:158] Successfully deserialized response, status: 0, result code: 0
[m[0;32;32m1970-01-01 07:04:32.789|I|132501644|lpUCM [RemoteSails.cpp:SailWriteData:272] All data already trans size 16384
[m[0;32;32m1970-01-01 07:04:32.789|I|132501644|lpUCM [fds.cpp:FDS_OnLocalUpgProgress:248] total: 23, curr:22, percent:55, rop:93%
[m[0;32;32m1970-01-01 07:04:32.789|I|132501644|lpUCM [RemoteSails.cpp:SailWriteData:254] total data is 16384
[m[0;32;31m1970-01-01 07:04:32.789|E|132501644|lpUCM [IpccProtoMessage.cpp:SerializeParams:112] m_offset, 688128
[m[1;33m1970-01-01 07:04:32.789|W|132501644|lpUCM [RemoteSails.cpp:SendWithRetry:185] Successfully wrote 1052 bytes
[m[0;32;32m1970-01-01 07:04:32.819|I|132501644|lpUCM [RemoteSails.cpp:HandleResponse:149] HandleResponse started, buffer size: 1048
[m[0;32;32m1970-01-01 07:04:32.819|I|132501644|lpUCM [RemoteSails.cpp:HandleResponse:158] Successfully deserialized response, status: 0, result code: 0
[m[0;32;31m1970-01-01 07:04:32.819|E|132501644|lpUCM [IpccProtoMessage.cpp:SerializeParams:112] m_offset, 689152
[m[1;33m1970-01-01 07:04:32.819|W|132501644|lpUCM [RemoteSails.cpp:SendWithRetry:185] Successfully wrote 1052 bytes
[m[0;32;32m1970-01-01 07:04:32.822|I|132501644|lpUCM [RemoteSails.cpp:HandleResponse:149] HandleResponse started, buffer size: 1048
[m[0;32;32m1970-01-01 07:04:32.822|I|132501644|lpUCM [RemoteSails.cpp:HandleResponse:158] Successfully deserialized response, status: 0, result code: 0
[m[0;32;31m1970-01-01 07:04:32.822|E|132501644|lpUCM [IpccProtoMessage.cpp:SerializeParams:112] m_offset, 690176
[m[1;33m1970-01-01 07:04:32.822|W|132501644|lpUCM [RemoteSails.cpp:SendWithRetry:185] Successfully wrote 1052 bytes
[m[0;32;32m1970-01-01 07:04:32.825|I|132501644|lpUCM [RemoteSails.cpp:HandleResponse:149] HandleResponse started, buffer size: 1048
[m[0;32;32m1970-01-01 07:04:32.825|I|132501644|lpUCM [RemoteSails.cpp:HandleResponse:158] Successfully deserialized response, status: 0, result code: 0
[m[0;32;31m1970-01-01 07:04:32.825|E|132501644|lpUCM [IpccProtoMessage.cpp:SerializeParams:112] m_offset, 691200
[m[1;33m1970-01-01 07:04:32.825|W|132501644|lpUCM [RemoteSails.cpp:SendWithRetry:185] Successfully wrote 1052 bytes
[m[0;32;32m1970-01-01 07:04:32.828|I|132501644|lpUCM [RemoteSails.cpp:HandleResponse:149] HandleResponse started, buffer size: 1048
[m[0;32;32m1970-01-01 07:04:32.828|I|132501644|lpUCM [RemoteSails.cpp:HandleResponse:158] Successfully deserialized response, status: 0, result code: 0
[m[0;32;31m1970-01-01 07:04:32.828|E|132501644|lpUCM [IpccProtoMessage.cpp:SerializeParams:112] m_offset, 692224
[m[1;33m1970-01-01 07:04:32.828|W|132501644|lpUCM [RemoteSails.cpp:SendWithRetry:185] Successfully wrote 1052 bytes
[m[0;32;32m1970-01-01 07:04:32.858|I|132501644|lpUCM [RemoteSails.cpp:HandleResponse:149] HandleResponse started, buffer size: 1048
[m[0;32;32m1970-01-01 07:04:32.858|I|132501644|lpUCM [RemoteSails.cpp:HandleResponse:158] Successfully deserialized response, status: 0, result code: 0
[m[0;32;31m1970-01-01 07:04:32.858|E|132501644|lpUCM [IpccProtoMessage.cpp:SerializeParams:112] m_offset, 693248
[m[1;33m1970-01-01 07:04:32.858|W|132501644|lpUCM [RemoteSails.cpp:SendWithRetry:185] Successfully wrote 1052 bytes
[m[0;32;32m1970-01-01 07:04:32.864|I|132501644|lpUCM [RemoteSails.cpp:HandleResponse:149] HandleResponse started, buffer size: 1048
[m[0;32;32m1970-01-01 07:04:32.864|I|132501644|lpUCM [RemoteSails.cpp:HandleResponse:158] Successfully deserialized response, status: 0, result code: 0
[m[0;32;31m1970-01-01 07:04:32.864|E|132501644|lpUCM [IpccProtoMessage.cpp:SerializeParams:112] m_offset, 694272
[m[1;33m1970-01-01 07:04:32.864|W|132501644|lpUCM [RemoteSails.cpp:SendWithRetry:185] Successfully wrote 1052 bytes
[m[0;32;32m1970-01-01 07:04:32.867|I|132501644|lpUCM [RemoteSails.cpp:HandleResponse:149] HandleResponse started, buffer size: 1048
[m[0;32;32m1970-01-01 07:04:32.867|I|132501644|lpUCM [RemoteSails.cpp:HandleResponse:158] Successfully deserialized response, status: 0, result code: 0
[m[0;32;31m1970-01-01 07:04:32.867|E|132501644|lpUCM [IpccProtoMessage.cpp:SerializeParams:112] m_offset, 695296
[m[1;33m1970-01-01 07:04:32.867|W|132501644|lpUCM [RemoteSails.cpp:SendWithRetry:185] Successfully wrote 1052 bytes
[m[0;32;32m1970-01-01 07:04:32.873|I|132501644|lpUCM [RemoteSails.cpp:HandleResponse:149] HandleResponse started, buffer size: 1048
[m[0;32;32m1970-01-01 07:04:32.873|I|132501644|lpUCM [RemoteSails.cpp:HandleResponse:158] Successfully deserialized response, status: 0, result code: 0
[m[0;32;31m1970-01-01 07:04:32.873|E|132501644|lpUCM [IpccProtoMessage.cpp:SerializeParams:112] m_offset, 696320
[m[1;33m1970-01-01 07:04:32.873|W|132501644|lpUCM [RemoteSails.cpp:SendWithRetry:185] Successfully wrote 1052 bytes
[m[0;32;32m1970-01-01 07:04:32.902|I|132501644|lpUCM [RemoteSails.cpp:HandleResponse:149] HandleResponse started, buffer size: 1048
[m[0;32;32m1970-01-01 07:04:32.902|I|132501644|lpUCM [RemoteSails.cpp:HandleResponse:158] Successfully deserialized response, status: 0, result code: 0
[m[0;32;31m1970-01-01 07:04:32.902|E|132501644|lpUCM [IpccProtoMessage.cpp:SerializeParams:112] m_offset, 697344
[m[1;33m1970-01-01 07:04:32.902|W|132501644|lpUCM [RemoteSails.cpp:SendWithRetry:185] Successfully wrote 1052 bytes
[m[0;32;32m1970-01-01 07:04:32.905|I|132501644|lpUCM [RemoteSails.cpp:HandleResponse:149] HandleResponse started, buffer size: 1048
[m[0;32;32m1970-01-01 07:04:32.905|I|132501644|lpUCM [RemoteSails.cpp:HandleResponse:158] Successfully deserialized response, status: 0, result code: 0
[m[0;32;31m1970-01-01 07:04:32.905|E|132501644|lpUCM [IpccProtoMessage.cpp:SerializeParams:112] m_offset, 698368
[m[1;33m1970-01-01 07:04:32.905|W|132501644|lpUCM [RemoteSails.cpp:SendWithRetry:185] Successfully wrote 1052 bytes
[m[0;32;32m1970-01-01 07:04:32.909|I|132501644|lpUCM [RemoteSails.cpp:HandleResponse:149] HandleResponse started, buffer size: 1048
[m[0;32;32m1970-01-01 07:04:32.909|I|132501644|lpUCM [RemoteSails.cpp:HandleResponse:158] Successfully deserialized response, status: 0, result code: 0
[m[0;32;31m1970-01-01 07:04:32.909|E|132501644|lpUCM [IpccProtoMessage.cpp:SerializeParams:112] m_offset, 699392
[m[1;33m1970-01-01 07:04:32.909|W|132501644|lpUCM [RemoteSails.cpp:SendWithRetry:185] Successfully wrote 1052 bytes
[m[0;32;32m1970-01-01 07:04:32.913|I|132501644|lpUCM [RemoteSails.cpp:HandleResponse:149] HandleResponse started, buffer size: 1048
[m[0;32;32m1970-01-01 07:04:32.913|I|132501644|lpUCM [RemoteSails.cpp:HandleResponse:158] Successfully deserialized response, status: 0, result code: 0
[m[0;32;31m1970-01-01 07:04:32.913|E|132501644|lpUCM [IpccProtoMessage.cpp:SerializeParams:112] m_offset, 700416
[m[1;33m1970-01-01 07:04:32.913|W|132501644|lpUCM [RemoteSails.cpp:SendWithRetry:185] Successfully wrote 1052 bytes
[m[0;32;32m1970-01-01 07:04:32.943|I|132501644|lpUCM [RemoteSails.cpp:HandleResponse:149] HandleResponse started, buffer size: 1048
[m[0;32;32m1970-01-01 07:04:32.943|I|132501644|lpUCM [RemoteSails.cpp:HandleResponse:158] Successfully deserialized response, status: 0, result code: 0
[m[0;32;31m1970-01-01 07:04:32.943|E|132501644|lpUCM [IpccProtoMessage.cpp:SerializeParams:112] m_offset, 701440
[m[1;33m1970-01-01 07:04:32.943|W|132501644|lpUCM [RemoteSails.cpp:SendWithRetry:185] Successfully wrote 1052 bytes
[m[0;32;32m1970-01-01 07:04:32.946|I|132501644|lpUCM [RemoteSails.cpp:HandleResponse:149] HandleResponse started, buffer size: 1048
[m[0;32;32m1970-01-01 07:04:32.946|I|132501644|lpUCM [RemoteSails.cpp:HandleResponse:158] Successfully deserialized response, status: 0, result code: 0
[m[0;32;31m1970-01-01 07:04:32.946|E|132501644|lpUCM [IpccProtoMessage.cpp:SerializeParams:112] m_offset, 702464
[m[1;33m1970-01-01 07:04:32.946|W|132501644|lpUCM [RemoteSails.cpp:SendWithRetry:185] Successfully wrote 1052 bytes
[m[0;32;32m1970-01-01 07:04:32.953|I|132501644|lpUCM [RemoteSails.cpp:HandleResponse:149] HandleResponse started, buffer size: 1048
[m[0;32;32m1970-01-01 07:04:32.953|I|132501644|lpUCM [RemoteSails.cpp:HandleResponse:158] Successfully deserialized response, status: 0, result code: 0
[m[0;32;31m1970-01-01 07:04:32.953|E|132501644|lpUCM [IpccProtoMessage.cpp:SerializeParams:112] m_offset, 703488
[m[1;33m1970-01-01 07:04:32.953|W|132501644|lpUCM [RemoteSails.cpp:SendWithRetry:185] Successfully wrote 1052 bytes
[m[0;32;32m1970-01-01 07:04:32.957|I|132501644|lpUCM [RemoteSails.cpp:HandleResponse:149] HandleResponse started, buffer size: 1048
[m[0;32;32m1970-01-01 07:04:32.957|I|132501644|lpUCM [RemoteSails.cpp:HandleResponse:158] Successfully deserialized response, status: 0, result code: 0
[m[0;32;32m1970-01-01 07:04:32.957|I|132501644|lpUCM [RemoteSails.cpp:SailWriteData:272] All data already trans size 16384
[m[0;32;32m1970-01-01 07:04:32.957|I|132501644|lpUCM [fds.cpp:FDS_OnLocalUpgProgress:248] total: 23, curr:22, percent:56, rop:93%
[m[0;32;32m1970-01-01 07:04:32.957|I|132501644|lpUCM [RemoteSails.cpp:SailWriteData:254] total data is 16384
[m[0;32;31m1970-01-01 07:04:32.957|E|132501644|lpUCM [IpccProtoMessage.cpp:SerializeParams:112] m_offset, 704512
[m[1;33m1970-01-01 07:04:32.957|W|132501644|lpUCM [RemoteSails.cpp:SendWithRetry:185] Successfully wrote 1052 bytes
[m[0;32;32m1970-01-01 07:04:32.985|I|132501644|lpUCM [RemoteSails.cpp:HandleResponse:149] HandleResponse started, buffer size: 1048
[m[0;32;32m1970-01-01 07:04:32.985|I|132501644|lpUCM [RemoteSails.cpp:HandleResponse:158] Successfully deserialized response, status: 0, result code: 0
[m[0;32;31m1970-01-01 07:04:32.985|E|132501644|lpUCM [IpccProtoMessage.cpp:SerializeParams:112] m_offset, 705536
[m[1;33m1970-01-01 07:04:32.985|W|132501644|lpUCM [RemoteSails.cpp:SendWithRetry:185] Successfully wrote 1052 bytes
[m[0;32;32m1970-01-01 07:04:32.988|I|132501644|lpUCM [RemoteSails.cpp:HandleResponse:149] HandleResponse started, buffer size: 1048
[m[0;32;32m1970-01-01 07:04:32.988|I|132501644|lpUCM [RemoteSails.cpp:HandleResponse:158] Successfully deserialized response, status: 0, result code: 0
[m[0;32;31m1970-01-01 07:04:32.988|E|132501644|lpUCM [IpccProtoMessage.cpp:SerializeParams:112] m_offset, 706560
[m[1;33m1970-01-01 07:04:32.988|W|132501644|lpUCM [RemoteSails.cpp:SendWithRetry:185] Successfully wrote 1052 bytes
[m[0;32;32m1970-01-01 07:04:32.991|I|132501644|lpUCM [RemoteSails.cpp:HandleResponse:149] HandleResponse started, buffer size: 1048
[m[0;32;32m1970-01-01 07:04:32.991|I|132501644|lpUCM [RemoteSails.cpp:HandleResponse:158] Successfully deserialized response, status: 0, result code: 0
[m[0;32;31m1970-01-01 07:04:32.991|E|132501644|lpUCM [IpccProtoMessage.cpp:SerializeParams:112] m_offset, 707584
[m[1;33m1970-01-01 07:04:32.991|W|132501644|lpUCM [RemoteSails.cpp:SendWithRetry:185] Successfully wrote 1052 bytes
[m[0;32;32m1970-01-01 07:04:32.994|I|132501644|lpUCM [RemoteSails.cpp:HandleResponse:149] HandleResponse started, buffer size: 1048
[m[0;32;32m1970-01-01 07:04:32.994|I|132501644|lpUCM [RemoteSails.cpp:HandleResponse:158] Successfully deserialized response, status: 0, result code: 0
[m[0;32;31m1970-01-01 07:04:32.994|E|132501644|lpUCM [IpccProtoMessage.cpp:SerializeParams:112] m_offset, 708608
[m[1;33m1970-01-01 07:04:32.994|W|132501644|lpUCM [RemoteSails.cpp:SendWithRetry:185] Successfully wrote 1052 bytes
[m[0;32;32m1970-01-01 07:04:33.24|I|132501644|lpUCM [RemoteSails.cpp:HandleResponse:149] HandleResponse started, buffer size: 1048
[m[0;32;32m1970-01-01 07:04:33.24|I|132501644|lpUCM [RemoteSails.cpp:HandleResponse:158] Successfully deserialized response, status: 0, result code: 0
[m[0;32;31m1970-01-01 07:04:33.24|E|132501644|lpUCM [IpccProtoMessage.cpp:SerializeParams:112] m_offset, 709632
[m[1;33m1970-01-01 07:04:33.24|W|132501644|lpUCM [RemoteSails.cpp:SendWithRetry:185] Successfully wrote 1052 bytes
[m[0;32;32m1970-01-01 07:04:33.27|I|132501644|lpUCM [RemoteSails.cpp:HandleResponse:149] HandleResponse started, buffer size: 1048
[m[0;32;32m1970-01-01 07:04:33.27|I|132501644|lpUCM [RemoteSails.cpp:HandleResponse:158] Successfully deserialized response, status: 0, result code: 0
[m[0;32;31m1970-01-01 07:04:33.27|E|132501644|lpUCM [IpccProtoMessage.cpp:SerializeParams:112] m_offset, 710656
[m[1;33m1970-01-01 07:04:33.27|W|132501644|lpUCM [RemoteSails.cpp:SendWithRetry:185] Successfully wrote 1052 bytes
[m[0;32;32m1970-01-01 07:04:33.33|I|132501644|lpUCM [RemoteSails.cpp:HandleResponse:149] HandleResponse started, buffer size: 1048
[m[0;32;32m1970-01-01 07:04:33.33|I|132501644|lpUCM [RemoteSails.cpp:HandleResponse:158] Successfully deserialized response, status: 0, result code: 0
[m[0;32;31m1970-01-01 07:04:33.33|E|132501644|lpUCM [IpccProtoMessage.cpp:SerializeParams:112] m_offset, 711680
[m[1;33m1970-01-01 07:04:33.33|W|132501644|lpUCM [RemoteSails.cpp:SendWithRetry:185] Successfully wrote 1052 bytes
[m[0;32;32m1970-01-01 07:04:33.36|I|132501644|lpUCM [RemoteSails.cpp:HandleResponse:149] HandleResponse started, buffer size: 1048
[m[0;32;32m1970-01-01 07:04:33.36|I|132501644|lpUCM [RemoteSails.cpp:HandleResponse:158] Successfully deserialized response, status: 0, result code: 0
[m[0;32;31m1970-01-01 07:04:33.36|E|132501644|lpUCM [IpccProtoMessage.cpp:SerializeParams:112] m_offset, 712704
[m[1;33m1970-01-01 07:04:33.36|W|132501644|lpUCM [RemoteSails.cpp:SendWithRetry:185] Successfully wrote 1052 bytes
[m[0;32;32m1970-01-01 07:04:33.66|I|132501644|lpUCM [RemoteSails.cpp:HandleResponse:149] HandleResponse started, buffer size: 1048
[m[0;32;32m1970-01-01 07:04:33.66|I|132501644|lpUCM [RemoteSails.cpp:HandleResponse:158] Successfully deserialized response, status: 0, result code: 0
[m[0;32;31m1970-01-01 07:04:33.66|E|132501644|lpUCM [IpccProtoMessage.cpp:SerializeParams:112] m_offset, 713728
[m[1;33m1970-01-01 07:04:33.66|W|132501644|lpUCM [RemoteSails.cpp:SendWithRetry:185] Successfully wrote 1052 bytes
[m[0;32;32m1970-01-01 07:04:33.69|I|132501644|lpUCM [RemoteSails.cpp:HandleResponse:149] HandleResponse started, buffer size: 1048
[m[0;32;32m1970-01-01 07:04:33.69|I|132501644|lpUCM [RemoteSails.cpp:HandleResponse:158] Successfully deserialized response, status: 0, result code: 0
[m[0;32;31m1970-01-01 07:04:33.69|E|132501644|lpUCM [IpccProtoMessage.cpp:SerializeParams:112] m_offset, 714752
[m[1;33m1970-01-01 07:04:33.69|W|132501644|lpUCM [RemoteSails.cpp:SendWithRetry:185] Successfully wrote 1052 bytes
[m[0;32;32m1970-01-01 07:04:33.72|I|132501644|lpUCM [RemoteSails.cpp:HandleResponse:149] HandleResponse started, buffer size: 1048
[m[0;32;32m1970-01-01 07:04:33.72|I|132501644|lpUCM [RemoteSails.cpp:HandleResponse:158] Successfully deserialized response, status: 0, result code: 0
[m[0;32;31m1970-01-01 07:04:33.72|E|132501644|lpUCM [IpccProtoMessage.cpp:SerializeParams:112] m_offset, 715776
[m[1;33m1970-01-01 07:04:33.72|W|132501644|lpUCM [RemoteSails.cpp:SendWithRetry:185] Successfully wrote 1052 bytes
[m[0;32;32m1970-01-01 07:04:33.75|I|132501644|lpUCM [RemoteSails.cpp:HandleResponse:149] HandleResponse started, buffer size: 1048
[m[0;32;32m1970-01-01 07:04:33.75|I|132501644|lpUCM [RemoteSails.cpp:HandleResponse:158] Successfully deserialized response, status: 0, result code: 0
[m[0;32;31m1970-01-01 07:04:33.75|E|132501644|lpUCM [IpccProtoMessage.cpp:SerializeParams:112] m_offset, 716800
[m[1;33m1970-01-01 07:04:33.75|W|132501644|lpUCM [RemoteSails.cpp:SendWithRetry:185] Successfully wrote 1052 bytes
[m[0;32;32m1970-01-01 07:04:33.109|I|132501644|lpUCM [RemoteSails.cpp:HandleResponse:149] HandleResponse started, buffer size: 1048
[m[0;32;32m1970-01-01 07:04:33.109|I|132501644|lpUCM [RemoteSails.cpp:HandleResponse:158] Successfully deserialized response, status: 0, result code: 0
[m[0;32;31m1970-01-01 07:04:33.109|E|132501644|lpUCM [IpccProtoMessage.cpp:SerializeParams:112] m_offset, 717824
[m[1;33m1970-01-01 07:04:33.109|W|132501644|lpUCM [RemoteSails.cpp:SendWithRetry:185] Successfully wrote 1052 bytes
[m[0;32;32m1970-01-01 07:04:33.113|I|132501644|lpUCM [RemoteSails.cpp:HandleResponse:149] HandleResponse started, buffer size: 1048
[m[0;32;32m1970-01-01 07:04:33.113|I|132501644|lpUCM [RemoteSails.cpp:HandleResponse:158] Successfully deserialized response, status: 0, result code: 0
[m[0;32;31m1970-01-01 07:04:33.113|E|132501644|lpUCM [IpccProtoMessage.cpp:SerializeParams:112] m_offset, 718848
[m[1;33m1970-01-01 07:04:33.113|W|132501644|lpUCM [RemoteSails.cpp:SendWithRetry:185] Successfully wrote 1052 bytes
[m[0;32;32m1970-01-01 07:04:33.117|I|132501644|lpUCM [RemoteSails.cpp:HandleResponse:149] HandleResponse started, buffer size: 1048
[m[0;32;32m1970-01-01 07:04:33.117|I|132501644|lpUCM [RemoteSails.cpp:HandleResponse:158] Successfully deserialized response, status: 0, result code: 0
[m[0;32;31m1970-01-01 07:04:33.117|E|132501644|lpUCM [IpccProtoMessage.cpp:SerializeParams:112] m_offset, 719872
[m[1;33m1970-01-01 07:04:33.117|W|132501644|lpUCM [RemoteSails.cpp:SendWithRetry:185] Successfully wrote 1052 bytes
[m[0;32;32m1970-01-01 07:04:33.121|I|132501644|lpUCM [RemoteSails.cpp:HandleResponse:149] HandleResponse started, buffer size: 1048
[m[0;32;32m1970-01-01 07:04:33.121|I|132501644|lpUCM [RemoteSails.cpp:HandleResponse:158] Successfully deserialized response, status: 0, result code: 0
[m[0;32;32m1970-01-01 07:04:33.121|I|132501644|lpUCM [RemoteSails.cpp:SailWriteData:272] All data already trans size 16384
[m[0;32;32m1970-01-01 07:04:33.121|I|132501644|lpUCM [fds.cpp:FDS_OnLocalUpgProgress:248] total: 23, curr:22, percent:57, rop:93%
[m[0;32;32m1970-01-01 07:04:33.121|I|132501644|lpUCM [RemoteSails.cpp:SailWriteData:254] total data is 16384
[m[0;32;31m1970-01-01 07:04:33.121|E|132501644|lpUCM [IpccProtoMessage.cpp:SerializeParams:112] m_offset, 720896
[m[1;33m1970-01-01 07:04:33.121|W|132501644|lpUCM [RemoteSails.cpp:SendWithRetry:185] Successfully wrote 1052 bytes
[m[0;32;32m1970-01-01 07:04:33.151|I|132501644|lpUCM [RemoteSails.cpp:HandleResponse:149] HandleResponse started, buffer size: 1048
[m[0;32;32m1970-01-01 07:04:33.151|I|132501644|lpUCM [RemoteSails.cpp:HandleResponse:158] Successfully deserialized response, status: 0, result code: 0
[m[0;32;31m1970-01-01 07:04:33.151|E|132501644|lpUCM [IpccProtoMessage.cpp:SerializeParams:112] m_offset, 721920
[m[1;33m1970-01-01 07:04:33.151|W|132501644|lpUCM [RemoteSails.cpp:SendWithRetry:185] Successfully wrote 1052 bytes
[m[0;32;32m1970-01-01 07:04:33.155|I|132501644|lpUCM [RemoteSails.cpp:HandleResponse:149] HandleResponse started, buffer size: 1048
[m[0;32;32m1970-01-01 07:04:33.155|I|132501644|lpUCM [RemoteSails.cpp:HandleResponse:158] Successfully deserialized response, status: 0, result code: 0
[m[0;32;31m1970-01-01 07:04:33.155|E|132501644|lpUCM [IpccProtoMessage.cpp:SerializeParams:112] m_offset, 722944
[m[1;33m1970-01-01 07:04:33.155|W|132501644|lpUCM [RemoteSails.cpp:SendWithRetry:185] Successfully wrote 1052 bytes
[m[0;32;32m1970-01-01 07:04:33.159|I|132501644|lpUCM [RemoteSails.cpp:HandleResponse:149] HandleResponse started, buffer size: 1048
[m[0;32;32m1970-01-01 07:04:33.159|I|132501644|lpUCM [RemoteSails.cpp:HandleResponse:158] Successfully deserialized response, status: 0, result code: 0
[m[0;32;31m1970-01-01 07:04:33.159|E|132501644|lpUCM [IpccProtoMessage.cpp:SerializeParams:112] m_offset, 723968
[m[1;33m1970-01-01 07:04:33.159|W|132501644|lpUCM [RemoteSails.cpp:SendWithRetry:185] Successfully wrote 1052 bytes
[m[0;32;32m1970-01-01 07:04:33.163|I|132501644|lpUCM [RemoteSails.cpp:HandleResponse:149] HandleResponse started, buffer size: 1048
[m[0;32;32m1970-01-01 07:04:33.163|I|132501644|lpUCM [RemoteSails.cpp:HandleResponse:158] Successfully deserialized response, status: 0, result code: 0
[m[0;32;31m1970-01-01 07:04:33.163|E|132501644|lpUCM [IpccProtoMessage.cpp:SerializeParams:112] m_offset, 724992
[m[1;33m1970-01-01 07:04:33.163|W|132501644|lpUCM [RemoteSails.cpp:SendWithRetry:185] Successfully wrote 1052 bytes
[m[0;32;32m1970-01-01 07:04:33.194|I|132501644|lpUCM [RemoteSails.cpp:HandleResponse:149] HandleResponse started, buffer size: 1048
[m[0;32;32m1970-01-01 07:04:33.194|I|132501644|lpUCM [RemoteSails.cpp:HandleResponse:158] Successfully deserialized response, status: 0, result code: 0
[m[0;32;31m1970-01-01 07:04:33.194|E|132501644|lpUCM [IpccProtoMessage.cpp:SerializeParams:112] m_offset, 726016
[m[1;33m1970-01-01 07:04:33.194|W|132501644|lpUCM [RemoteSails.cpp:SendWithRetry:185] Successfully wrote 1052 bytes
[m[0;32;32m1970-01-01 07:04:33.197|I|132501644|lpUCM [RemoteSails.cpp:HandleResponse:149] HandleResponse started, buffer size: 1048
[m[0;32;32m1970-01-01 07:04:33.197|I|132501644|lpUCM [RemoteSails.cpp:HandleResponse:158] Successfully deserialized response, status: 0, result code: 0
[m[0;32;31m1970-01-01 07:04:33.197|E|132501644|lpUCM [IpccProtoMessage.cpp:SerializeParams:112] m_offset, 727040
[m[1;33m1970-01-01 07:04:33.197|W|132501644|lpUCM [RemoteSails.cpp:SendWithRetry:185] Successfully wrote 1052 bytes
[m[0;32;32m1970-01-01 07:04:33.203|I|132501644|lpUCM [RemoteSails.cpp:HandleResponse:149] HandleResponse started, buffer size: 1048
[m[0;32;32m1970-01-01 07:04:33.203|I|132501644|lpUCM [RemoteSails.cpp:HandleResponse:158] Successfully deserialized response, status: 0, result code: 0
[m[0;32;31m1970-01-01 07:04:33.203|E|132501644|lpUCM [IpccProtoMessage.cpp:SerializeParams:112] m_offset, 728064
[m[1;33m1970-01-01 07:04:33.203|W|132501644|lpUCM [RemoteSails.cpp:SendWithRetry:185] Successfully wrote 1052 bytes
[m[0;32;32m1970-01-01 07:04:33.206|I|132501644|lpUCM [RemoteSails.cpp:HandleResponse:149] HandleResponse started, buffer size: 1048
[m[0;32;32m1970-01-01 07:04:33.206|I|132501644|lpUCM [RemoteSails.cpp:HandleResponse:158] Successfully deserialized response, status: 0, result code: 0
[m[0;32;31m1970-01-01 07:04:33.206|E|132501644|lpUCM [IpccProtoMessage.cpp:SerializeParams:112] m_offset, 729088
[m[1;33m1970-01-01 07:04:33.206|W|132501644|lpUCM [RemoteSails.cpp:SendWithRetry:185] Successfully wrote 1052 bytes
[m[0;32;32m1970-01-01 07:04:33.237|I|132501644|lpUCM [RemoteSails.cpp:HandleResponse:149] HandleResponse started, buffer size: 1048
[m[0;32;32m1970-01-01 07:04:33.237|I|132501644|lpUCM [RemoteSails.cpp:HandleResponse:158] Successfully deserialized response, status: 0, result code: 0
[m[0;32;31m1970-01-01 07:04:33.237|E|132501644|lpUCM [IpccProtoMessage.cpp:SerializeParams:112] m_offset, 730112
[m[1;33m1970-01-01 07:04:33.237|W|132501644|lpUCM [RemoteSails.cpp:SendWithRetry:185] Successfully wrote 1052 bytes
[m[0;32;32m1970-01-01 07:04:33.241|I|132501644|lpUCM [RemoteSails.cpp:HandleResponse:149] HandleResponse started, buffer size: 1048
[m[0;32;32m1970-01-01 07:04:33.241|I|132501644|lpUCM [RemoteSails.cpp:HandleResponse:158] Successfully deserialized response, status: 0, result code: 0
[m[0;32;31m1970-01-01 07:04:33.241|E|132501644|lpUCM [IpccProtoMessage.cpp:SerializeParams:112] m_offset, 731136
[m[1;33m1970-01-01 07:04:33.241|W|132501644|lpUCM [RemoteSails.cpp:SendWithRetry:185] Successfully wrote 1052 bytes
[m[0;32;32m1970-01-01 07:04:33.245|I|132501644|lpUCM [RemoteSails.cpp:HandleResponse:149] HandleResponse started, buffer size: 1048
[m[0;32;32m1970-01-01 07:04:33.245|I|132501644|lpUCM [RemoteSails.cpp:HandleResponse:158] Successfully deserialized response, status: 0, result code: 0
[m[0;32;31m1970-01-01 07:04:33.245|E|132501644|lpUCM [IpccProtoMessage.cpp:SerializeParams:112] m_offset, 732160
[m[1;33m1970-01-01 07:04:33.245|W|132501644|lpUCM [RemoteSails.cpp:SendWithRetry:185] Successfully wrote 1052 bytes
[m[0;32;32m1970-01-01 07:04:33.249|I|132501644|lpUCM [RemoteSails.cpp:HandleResponse:149] HandleResponse started, buffer size: 1048
[m[0;32;32m1970-01-01 07:04:33.249|I|132501644|lpUCM [RemoteSails.cpp:HandleResponse:158] Successfully deserialized response, status: 0, result code: 0
[m[0;32;31m1970-01-01 07:04:33.249|E|132501644|lpUCM [IpccProtoMessage.cpp:SerializeParams:112] m_offset, 733184
[m[1;33m1970-01-01 07:04:33.249|W|132501644|lpUCM [RemoteSails.cpp:SendWithRetry:185] Successfully wrote 1052 bytes
[m[0;32;32m1970-01-01 07:04:33.277|I|132501644|lpUCM [RemoteSails.cpp:HandleResponse:149] HandleResponse started, buffer size: 1048
[m[0;32;32m1970-01-01 07:04:33.277|I|132501644|lpUCM [RemoteSails.cpp:HandleResponse:158] Successfully deserialized response, status: 0, result code: 0
[m[0;32;31m1970-01-01 07:04:33.277|E|132501644|lpUCM [IpccProtoMessage.cpp:SerializeParams:112] m_offset, 734208
[m[1;33m1970-01-01 07:04:33.277|W|132501644|lpUCM [RemoteSails.cpp:SendWithRetry:185] Successfully wrote 1052 bytes
[m[0;32;32m1970-01-01 07:04:33.284|I|132501644|lpUCM [RemoteSails.cpp:HandleResponse:149] HandleResponse started, buffer size: 1048
[m[0;32;32m1970-01-01 07:04:33.284|I|132501644|lpUCM [RemoteSails.cpp:HandleResponse:158] Successfully deserialized response, status: 0, result code: 0
[m[0;32;31m1970-01-01 07:04:33.284|E|132501644|lpUCM [IpccProtoMessage.cpp:SerializeParams:112] m_offset, 735232
[m[1;33m1970-01-01 07:04:33.284|W|132501644|lpUCM [RemoteSails.cpp:SendWithRetry:185] Successfully wrote 1052 bytes
[m[0;32;32m1970-01-01 07:04:33.288|I|132501644|lpUCM [RemoteSails.cpp:HandleResponse:149] HandleResponse started, buffer size: 1048
[m[0;32;32m1970-01-01 07:04:33.288|I|132501644|lpUCM [RemoteSails.cpp:HandleResponse:158] Successfully deserialized response, status: 0, result code: 0
[m[0;32;31m1970-01-01 07:04:33.288|E|132501644|lpUCM [IpccProtoMessage.cpp:SerializeParams:112] m_offset, 736256
[m[1;33m1970-01-01 07:04:33.288|W|132501644|lpUCM [RemoteSails.cpp:SendWithRetry:185] Successfully wrote 1052 bytes
[m[0;32;32m1970-01-01 07:04:33.292|I|132501644|lpUCM [RemoteSails.cpp:HandleResponse:149] HandleResponse started, buffer size: 1048
[m[0;32;32m1970-01-01 07:04:33.292|I|132501644|lpUCM [RemoteSails.cpp:HandleResponse:158] Successfully deserialized response, status: 0, result code: 0
[m[0;32;32m1970-01-01 07:04:33.292|I|132501644|lpUCM [RemoteSails.cpp:SailWriteData:272] All data already trans size 16384
[m[0;32;32m1970-01-01 07:04:33.292|I|132501644|lpUCM [fds.cpp:FDS_OnLocalUpgProgress:248] total: 23, curr:22, percent:58, rop:93%
[m[0;32;32m1970-01-01 07:04:33.292|I|132501644|lpUCM [RemoteSails.cpp:SailWriteData:254] total data is 16384
[m[0;32;31m1970-01-01 07:04:33.292|E|132501644|lpUCM [IpccProtoMessage.cpp:SerializeParams:112] m_offset, 737280
[m[1;33m1970-01-01 07:04:33.292|W|132501644|lpUCM [RemoteSails.cpp:SendWithRetry:185] Successfully wrote 1052 bytes
[m[0;32;32m1970-01-01 07:04:33.322|I|132501644|lpUCM [RemoteSails.cpp:HandleResponse:149] HandleResponse started, buffer size: 1048
[m[0;32;32m1970-01-01 07:04:33.322|I|132501644|lpUCM [RemoteSails.cpp:HandleResponse:158] Successfully deserialized response, status: 0, result code: 0
[m[0;32;31m1970-01-01 07:04:33.322|E|132501644|lpUCM [IpccProtoMessage.cpp:SerializeParams:112] m_offset, 738304
[m[1;33m1970-01-01 07:04:33.322|W|132501644|lpUCM [RemoteSails.cpp:SendWithRetry:185] Successfully wrote 1052 bytes
[m[0;32;32m1970-01-01 07:04:33.325|I|132501644|lpUCM [RemoteSails.cpp:HandleResponse:149] HandleResponse started, buffer size: 1048
[m[0;32;32m1970-01-01 07:04:33.325|I|132501644|lpUCM [RemoteSails.cpp:HandleResponse:158] Successfully deserialized response, status: 0, result code: 0
[m[0;32;31m1970-01-01 07:04:33.325|E|132501644|lpUCM [IpccProtoMessage.cpp:SerializeParams:112] m_offset, 739328
[m[1;33m1970-01-01 07:04:33.325|W|132501644|lpUCM [RemoteSails.cpp:SendWithRetry:185] Successfully wrote 1052 bytes
[m[0;32;32m1970-01-01 07:04:33.329|I|132501644|lpUCM [RemoteSails.cpp:HandleResponse:149] HandleResponse started, buffer size: 1048
[m[0;32;32m1970-01-01 07:04:33.329|I|132501644|lpUCM [RemoteSails.cpp:HandleResponse:158] Successfully deserialized response, status: 0, result code: 0
[m[0;32;31m1970-01-01 07:04:33.329|E|132501644|lpUCM [IpccProtoMessage.cpp:SerializeParams:112] m_offset, 740352
[m[1;33m1970-01-01 07:04:33.329|W|132501644|lpUCM [RemoteSails.cpp:SendWithRetry:185] Successfully wrote 1052 bytes
[m[0;32;32m1970-01-01 07:04:33.333|I|132501644|lpUCM [RemoteSails.cpp:HandleResponse:149] HandleResponse started, buffer size: 1048
[m[0;32;32m1970-01-01 07:04:33.333|I|132501644|lpUCM [RemoteSails.cpp:HandleResponse:158] Successfully deserialized response, status: 0, result code: 0
[m[0;32;31m1970-01-01 07:04:33.333|E|132501644|lpUCM [IpccProtoMessage.cpp:SerializeParams:112] m_offset, 741376
[m[1;33m1970-01-01 07:04:33.333|W|132501644|lpUCM [RemoteSails.cpp:SendWithRetry:185] Successfully wrote 1052 bytes
[m[0;32;32m1970-01-01 07:04:33.364|I|132501644|lpUCM [RemoteSails.cpp:HandleResponse:149] HandleResponse started, buffer size: 1048
[m[0;32;32m1970-01-01 07:04:33.364|I|132501644|lpUCM [RemoteSails.cpp:HandleResponse:158] Successfully deserialized response, status: 0, result code: 0
[m[0;32;31m1970-01-01 07:04:33.364|E|132501644|lpUCM [IpccProtoMessage.cpp:SerializeParams:112] m_offset, 742400
[m[1;33m1970-01-01 07:04:33.364|W|132501644|lpUCM [RemoteSails.cpp:SendWithRetry:185] Successfully wrote 1052 bytes
[m[0;32;32m1970-01-01 07:04:33.368|I|132501644|lpUCM [RemoteSails.cpp:HandleResponse:149] HandleResponse started, buffer size: 1048
[m[0;32;32m1970-01-01 07:04:33.368|I|132501644|lpUCM [RemoteSails.cpp:HandleResponse:158] Successfully deserialized response, status: 0, result code: 0
[m[0;32;31m1970-01-01 07:04:33.368|E|132501644|lpUCM [IpccProtoMessage.cpp:SerializeParams:112] m_offset, 743424
[m[1;33m1970-01-01 07:04:33.368|W|132501644|lpUCM [RemoteSails.cpp:SendWithRetry:185] Successfully wrote 1052 bytes
[m[0;32;32m1970-01-01 07:04:33.374|I|132501644|lpUCM [RemoteSails.cpp:HandleResponse:149] HandleResponse started, buffer size: 1048
[m[0;32;32m1970-01-01 07:04:33.374|I|132501644|lpUCM [RemoteSails.cpp:HandleResponse:158] Successfully deserialized response, status: 0, result code: 0
[m[0;32;31m1970-01-01 07:04:33.374|E|132501644|lpUCM [IpccProtoMessage.cpp:SerializeParams:112] m_offset, 744448
[m[1;33m1970-01-01 07:04:33.374|W|132501644|lpUCM [RemoteSails.cpp:SendWithRetry:185] Successfully wrote 1052 bytes
[m[0;32;32m1970-01-01 07:04:33.377|I|132501644|lpUCM [RemoteSails.cpp:HandleResponse:149] HandleResponse started, buffer size: 1048
[m[0;32;32m1970-01-01 07:04:33.377|I|132501644|lpUCM [RemoteSails.cpp:HandleResponse:158] Successfully deserialized response, status: 0, result code: 0
[m[0;32;31m1970-01-01 07:04:33.377|E|132501644|lpUCM [IpccProtoMessage.cpp:SerializeParams:112] m_offset, 745472
[m[1;33m1970-01-01 07:04:33.377|W|132501644|lpUCM [RemoteSails.cpp:SendWithRetry:185] Successfully wrote 1052 bytes
[m[0;32;32m1970-01-01 07:04:33.407|I|132501644|lpUCM [RemoteSails.cpp:HandleResponse:149] HandleResponse started, buffer size: 1048
[m[0;32;32m1970-01-01 07:04:33.407|I|132501644|lpUCM [RemoteSails.cpp:HandleResponse:158] Successfully deserialized response, status: 0, result code: 0
[m[0;32;31m1970-01-01 07:04:33.407|E|132501644|lpUCM [IpccProtoMessage.cpp:SerializeParams:112] m_offset, 746496
[m[1;33m1970-01-01 07:04:33.407|W|132501644|lpUCM [RemoteSails.cpp:SendWithRetry:185] Successfully wrote 1052 bytes
[m[0;32;32m1970-01-01 07:04:33.413|I|132501644|lpUCM [RemoteSails.cpp:HandleResponse:149] HandleResponse started, buffer size: 1048
[m[0;32;32m1970-01-01 07:04:33.413|I|132501644|lpUCM [RemoteSails.cpp:HandleResponse:158] Successfully deserialized response, status: 0, result code: 0
[m[0;32;31m1970-01-01 07:04:33.413|E|132501644|lpUCM [IpccProtoMessage.cpp:SerializeParams:112] m_offset, 747520
[m[1;33m1970-01-01 07:04:33.413|W|132501644|lpUCM [RemoteSails.cpp:SendWithRetry:185] Successfully wrote 1052 bytes
[m[0;32;32m1970-01-01 07:04:33.416|I|132501644|lpUCM [RemoteSails.cpp:HandleResponse:149] HandleResponse started, buffer size: 1048
[m[0;32;32m1970-01-01 07:04:33.416|I|132501644|lpUCM [RemoteSails.cpp:HandleResponse:158] Successfully deserialized response, status: 0, result code: 0
[m[0;32;31m1970-01-01 07:04:33.416|E|132501644|lpUCM [IpccProtoMessage.cpp:SerializeParams:112] m_offset, 748544
[m[1;33m1970-01-01 07:04:33.416|W|132501644|lpUCM [RemoteSails.cpp:SendWithRetry:185] Successfully wrote 1052 bytes
[m[0;32;32m1970-01-01 07:04:33.422|I|132501644|lpUCM [RemoteSails.cpp:HandleResponse:149] HandleResponse started, buffer size: 1048
[m[0;32;32m1970-01-01 07:04:33.422|I|132501644|lpUCM [RemoteSails.cpp:HandleResponse:158] Successfully deserialized response, status: 0, result code: 0
[m[0;32;31m1970-01-01 07:04:33.422|E|132501644|lpUCM [IpccProtoMessage.cpp:SerializeParams:112] m_offset, 749568
[m[1;33m1970-01-01 07:04:33.422|W|132501644|lpUCM [RemoteSails.cpp:SendWithRetry:185] Successfully wrote 1052 bytes
[m[0;32;32m1970-01-01 07:04:33.452|I|132501644|lpUCM [RemoteSails.cpp:HandleResponse:149] HandleResponse started, buffer size: 1048
[m[0;32;32m1970-01-01 07:04:33.452|I|132501644|lpUCM [RemoteSails.cpp:HandleResponse:158] Successfully deserialized response, status: 0, result code: 0
[m[0;32;31m1970-01-01 07:04:33.452|E|132501644|lpUCM [IpccProtoMessage.cpp:SerializeParams:112] m_offset, 750592
[m[1;33m1970-01-01 07:04:33.452|W|132501644|lpUCM [RemoteSails.cpp:SendWithRetry:185] Successfully wrote 1052 bytes
[m[0;32;32m1970-01-01 07:04:33.455|I|132501644|lpUCM [RemoteSails.cpp:HandleResponse:149] HandleResponse started, buffer size: 1048
[m[0;32;32m1970-01-01 07:04:33.455|I|132501644|lpUCM [RemoteSails.cpp:HandleResponse:158] Successfully deserialized response, status: 0, result code: 0
[m[0;32;31m1970-01-01 07:04:33.455|E|132501644|lpUCM [IpccProtoMessage.cpp:SerializeParams:112] m_offset, 751616
[m[1;33m1970-01-01 07:04:33.455|W|132501644|lpUCM [RemoteSails.cpp:SendWithRetry:185] Successfully wrote 1052 bytes
[m[0;32;32m1970-01-01 07:04:33.458|I|132501644|lpUCM [RemoteSails.cpp:HandleResponse:149] HandleResponse started, buffer size: 1048
[m[0;32;32m1970-01-01 07:04:33.458|I|132501644|lpUCM [RemoteSails.cpp:HandleResponse:158] Successfully deserialized response, status: 0, result code: 0
[m[0;32;31m1970-01-01 07:04:33.458|E|132501644|lpUCM [IpccProtoMessage.cpp:SerializeParams:112] m_offset, 752640
[m[1;33m1970-01-01 07:04:33.458|W|132501644|lpUCM [RemoteSails.cpp:SendWithRetry:185] Successfully wrote 1052 bytes
[m[0;32;32m1970-01-01 07:04:33.464|I|132501644|lpUCM [RemoteSails.cpp:HandleResponse:149] HandleResponse started, buffer size: 1048
[m[0;32;32m1970-01-01 07:04:33.464|I|132501644|lpUCM [RemoteSails.cpp:HandleResponse:158] Successfully deserialized response, status: 0, result code: 0
[m[0;32;32m1970-01-01 07:04:33.464|I|132501644|lpUCM [RemoteSails.cpp:SailWriteData:272] All data already trans size 16384
[m[0;32;32m1970-01-01 07:04:33.464|I|132501644|lpUCM [fds.cpp:FDS_OnLocalUpgProgress:248] total: 23, curr:22, percent:59, rop:93%
[m[0;32;32m1970-01-01 07:04:33.464|I|132501644|lpUCM [RemoteSails.cpp:SailWriteData:254] total data is 16384
[m[0;32;31m1970-01-01 07:04:33.464|E|132501644|lpUCM [IpccProtoMessage.cpp:SerializeParams:112] m_offset, 753664
[m[1;33m1970-01-01 07:04:33.464|W|132501644|lpUCM [RemoteSails.cpp:SendWithRetry:185] Successfully wrote 1052 bytes
[m[0;32;32m1970-01-01 07:04:33.494|I|132501644|lpUCM [RemoteSails.cpp:HandleResponse:149] HandleResponse started, buffer size: 1048
[m[0;32;32m1970-01-01 07:04:33.494|I|132501644|lpUCM [RemoteSails.cpp:HandleResponse:158] Successfully deserialized response, status: 0, result code: 0
[m[0;32;31m1970-01-01 07:04:33.494|E|132501644|lpUCM [IpccProtoMessage.cpp:SerializeParams:112] m_offset, 754688
[m[1;33m1970-01-01 07:04:33.494|W|132501644|lpUCM [RemoteSails.cpp:SendWithRetry:185] Successfully wrote 1052 bytes
[m[0;32;32m1970-01-01 07:04:33.497|I|132501644|lpUCM [RemoteSails.cpp:HandleResponse:149] HandleResponse started, buffer size: 1048
[m[0;32;32m1970-01-01 07:04:33.497|I|132501644|lpUCM [RemoteSails.cpp:HandleResponse:158] Successfully deserialized response, status: 0, result code: 0
[m[0;32;31m1970-01-01 07:04:33.497|E|132501644|lpUCM [IpccProtoMessage.cpp:SerializeParams:112] m_offset, 755712
[m[1;33m1970-01-01 07:04:33.497|W|132501644|lpUCM [RemoteSails.cpp:SendWithRetry:185] Successfully wrote 1052 bytes
[m[0;32;32m1970-01-01 07:04:33.503|I|132501644|lpUCM [RemoteSails.cpp:HandleResponse:149] HandleResponse started, buffer size: 1048
[m[0;32;32m1970-01-01 07:04:33.503|I|132501644|lpUCM [RemoteSails.cpp:HandleResponse:158] Successfully deserialized response, status: 0, result code: 0
[m[0;32;31m1970-01-01 07:04:33.503|E|132501644|lpUCM [IpccProtoMessage.cpp:SerializeParams:112] m_offset, 756736
[m[1;33m1970-01-01 07:04:33.503|W|132501644|lpUCM [RemoteSails.cpp:SendWithRetry:185] Successfully wrote 1052 bytes
[m[0;32;32m1970-01-01 07:04:33.507|I|132501644|lpUCM [RemoteSails.cpp:HandleResponse:149] HandleResponse started, buffer size: 1048
[m[0;32;32m1970-01-01 07:04:33.507|I|132501644|lpUCM [RemoteSails.cpp:HandleResponse:158] Successfully deserialized response, status: 0, result code: 0
[m[0;32;31m1970-01-01 07:04:33.507|E|132501644|lpUCM [IpccProtoMessage.cpp:SerializeParams:112] m_offset, 757760
[m[1;33m1970-01-01 07:04:33.507|W|132501644|lpUCM [RemoteSails.cpp:SendWithRetry:185] Successfully wrote 1052 bytes
[m[0;32;32m1970-01-01 07:04:33.538|I|132501644|lpUCM [RemoteSails.cpp:HandleResponse:149] HandleResponse started, buffer size: 1048
[m[0;32;32m1970-01-01 07:04:33.538|I|132501644|lpUCM [RemoteSails.cpp:HandleResponse:158] Successfully deserialized response, status: 0, result code: 0
[m[0;32;31m1970-01-01 07:04:33.538|E|132501644|lpUCM [IpccProtoMessage.cpp:SerializeParams:112] m_offset, 758784
[m[1;33m1970-01-01 07:04:33.538|W|132501644|lpUCM [RemoteSails.cpp:SendWithRetry:185] Successfully wrote 1052 bytes
[m[0;32;32m1970-01-01 07:04:33.542|I|132501644|lpUCM [RemoteSails.cpp:HandleResponse:149] HandleResponse started, buffer size: 1048
[m[0;32;32m1970-01-01 07:04:33.542|I|132501644|lpUCM [RemoteSails.cpp:HandleResponse:158] Successfully deserialized response, status: 0, result code: 0
[m[0;32;31m1970-01-01 07:04:33.542|E|132501644|lpUCM [IpccProtoMessage.cpp:SerializeParams:112] m_offset, 759808
[m[1;33m1970-01-01 07:04:33.542|W|132501644|lpUCM [RemoteSails.cpp:SendWithRetry:185] Successfully wrote 1052 bytes
[m[0;32;32m1970-01-01 07:04:33.546|I|132501644|lpUCM [RemoteSails.cpp:HandleResponse:149] HandleResponse started, buffer size: 1048
[m[0;32;32m1970-01-01 07:04:33.546|I|132501644|lpUCM [RemoteSails.cpp:HandleResponse:158] Successfully deserialized response, status: 0, result code: 0
[m[0;32;31m1970-01-01 07:04:33.546|E|132501644|lpUCM [IpccProtoMessage.cpp:SerializeParams:112] m_offset, 760832
[m[1;33m1970-01-01 07:04:33.546|W|132501644|lpUCM [RemoteSails.cpp:SendWithRetry:185] Successfully wrote 1052 bytes
[m[0;32;32m1970-01-01 07:04:33.549|I|132501644|lpUCM [RemoteSails.cpp:HandleResponse:149] HandleResponse started, buffer size: 1048
[m[0;32;32m1970-01-01 07:04:33.549|I|132501644|lpUCM [RemoteSails.cpp:HandleResponse:158] Successfully deserialized response, status: 0, result code: 0
[m[0;32;31m1970-01-01 07:04:33.549|E|132501644|lpUCM [IpccProtoMessage.cpp:SerializeParams:112] m_offset, 761856
[m[1;33m1970-01-01 07:04:33.549|W|132501644|lpUCM [RemoteSails.cpp:SendWithRetry:185] Successfully wrote 1052 bytes
[m[0;32;32m1970-01-01 07:04:33.579|I|132501644|lpUCM [RemoteSails.cpp:HandleResponse:149] HandleResponse started, buffer size: 1048
[m[0;32;32m1970-01-01 07:04:33.579|I|132501644|lpUCM [RemoteSails.cpp:HandleResponse:158] Successfully deserialized response, status: 0, result code: 0
[m[0;32;31m1970-01-01 07:04:33.579|E|132501644|lpUCM [IpccProtoMessage.cpp:SerializeParams:112] m_offset, 762880
[m[1;33m1970-01-01 07:04:33.579|W|132501644|lpUCM [RemoteSails.cpp:SendWithRetry:185] Successfully wrote 1052 bytes
[m[0;32;32m1970-01-01 07:04:33.582|I|132501644|lpUCM [RemoteSails.cpp:HandleResponse:149] HandleResponse started, buffer size: 1048
[m[0;32;32m1970-01-01 07:04:33.582|I|132501644|lpUCM [RemoteSails.cpp:HandleResponse:158] Successfully deserialized response, status: 0, result code: 0
[m[0;32;31m1970-01-01 07:04:33.582|E|132501644|lpUCM [IpccProtoMessage.cpp:SerializeParams:112] m_offset, 763904
[m[1;33m1970-01-01 07:04:33.582|W|132501644|lpUCM [RemoteSails.cpp:SendWithRetry:185] Successfully wrote 1052 bytes
[m[0;32;32m1970-01-01 07:04:33.585|I|132501644|lpUCM [RemoteSails.cpp:HandleResponse:149] HandleResponse started, buffer size: 1048
[m[0;32;32m1970-01-01 07:04:33.585|I|132501644|lpUCM [RemoteSails.cpp:HandleResponse:158] Successfully deserialized response, status: 0, result code: 0
[m[0;32;31m1970-01-01 07:04:33.585|E|132501644|lpUCM [IpccProtoMessage.cpp:SerializeParams:112] m_offset, 764928
[m[1;33m1970-01-01 07:04:33.585|W|132501644|lpUCM [RemoteSails.cpp:SendWithRetry:185] Successfully wrote 1052 bytes
[m[0;32;32m1970-01-01 07:04:33.588|I|132501644|lpUCM [RemoteSails.cpp:HandleResponse:149] HandleResponse started, buffer size: 1048
[m[0;32;32m1970-01-01 07:04:33.588|I|132501644|lpUCM [RemoteSails.cpp:HandleResponse:158] Successfully deserialized response, status: 0, result code: 0
[m[0;32;31m1970-01-01 07:04:33.588|E|132501644|lpUCM [IpccProtoMessage.cpp:SerializeParams:112] m_offset, 765952
[m[1;33m1970-01-01 07:04:33.588|W|132501644|lpUCM [RemoteSails.cpp:SendWithRetry:185] Successfully wrote 1052 bytes
[m[0;32;32m1970-01-01 07:04:33.618|I|132501644|lpUCM [RemoteSails.cpp:HandleResponse:149] HandleResponse started, buffer size: 1048
[m[0;32;32m1970-01-01 07:04:33.618|I|132501644|lpUCM [RemoteSails.cpp:HandleResponse:158] Successfully deserialized response, status: 0, result code: 0
[m[0;32;31m1970-01-01 07:04:33.618|E|132501644|lpUCM [IpccProtoMessage.cpp:SerializeParams:112] m_offset, 766976
[m[1;33m1970-01-01 07:04:33.618|W|132501644|lpUCM [RemoteSails.cpp:SendWithRetry:185] Successfully wrote 1052 bytes
[m[0;32;32m1970-01-01 07:04:33.624|I|132501644|lpUCM [RemoteSails.cpp:HandleResponse:149] HandleResponse started, buffer size: 1048
[m[0;32;32m1970-01-01 07:04:33.624|I|132501644|lpUCM [RemoteSails.cpp:HandleResponse:158] Successfully deserialized response, status: 0, result code: 0
[m[0;32;31m1970-01-01 07:04:33.624|E|132501644|lpUCM [IpccProtoMessage.cpp:SerializeParams:112] m_offset, 768000
[m[1;33m1970-01-01 07:04:33.624|W|132501644|lpUCM [RemoteSails.cpp:SendWithRetry:185] Successfully wrote 1052 bytes
[m[0;32;32m1970-01-01 07:04:33.627|I|132501644|lpUCM [RemoteSails.cpp:HandleResponse:149] HandleResponse started, buffer size: 1048
[m[0;32;32m1970-01-01 07:04:33.627|I|132501644|lpUCM [RemoteSails.cpp:HandleResponse:158] Successfully deserialized response, status: 0, result code: 0
[m[0;32;31m1970-01-01 07:04:33.627|E|132501644|lpUCM [IpccProtoMessage.cpp:SerializeParams:112] m_offset, 769024
[m[1;33m1970-01-01 07:04:33.627|W|132501644|lpUCM [RemoteSails.cpp:SendWithRetry:185] Successfully wrote 1052 bytes
[m[0;32;32m1970-01-01 07:04:33.633|I|132501644|lpUCM [RemoteSails.cpp:HandleResponse:149] HandleResponse started, buffer size: 1048
[m[0;32;32m1970-01-01 07:04:33.633|I|132501644|lpUCM [RemoteSails.cpp:HandleResponse:158] Successfully deserialized response, status: 0, result code: 0
[m[0;32;32m1970-01-01 07:04:33.633|I|132501644|lpUCM [RemoteSails.cpp:SailWriteData:272] All data already trans size 16384
[m[0;32;32m1970-01-01 07:04:33.633|I|132501644|lpUCM [fds.cpp:FDS_OnLocalUpgProgress:248] total: 23, curr:22, percent:60, rop:93%
[m[0;32;32m1970-01-01 07:04:33.633|I|132501644|lpUCM [RemoteSails.cpp:SailWriteData:254] total data is 16384
[m[0;32;31m1970-01-01 07:04:33.633|E|132501644|lpUCM [IpccProtoMessage.cpp:SerializeParams:112] m_offset, 770048
[m[1;33m1970-01-01 07:04:33.633|W|132501644|lpUCM [RemoteSails.cpp:SendWithRetry:185] Successfully wrote 1052 bytes
[m[0;32;32m1970-01-01 07:04:33.663|I|132501644|lpUCM [RemoteSails.cpp:HandleResponse:149] HandleResponse started, buffer size: 1048
[m[0;32;32m1970-01-01 07:04:33.663|I|132501644|lpUCM [RemoteSails.cpp:HandleResponse:158] Successfully deserialized response, status: 0, result code: 0
[m[0;32;31m1970-01-01 07:04:33.663|E|132501644|lpUCM [IpccProtoMessage.cpp:SerializeParams:112] m_offset, 771072
[m[1;33m1970-01-01 07:04:33.663|W|132501644|lpUCM [RemoteSails.cpp:SendWithRetry:185] Successfully wrote 1052 bytes
[m[0;32;32m1970-01-01 07:04:33.666|I|132501644|lpUCM [RemoteSails.cpp:HandleResponse:149] HandleResponse started, buffer size: 1048
[m[0;32;32m1970-01-01 07:04:33.666|I|132501644|lpUCM [RemoteSails.cpp:HandleResponse:158] Successfully deserialized response, status: 0, result code: 0
[m[0;32;31m1970-01-01 07:04:33.666|E|132501644|lpUCM [IpccProtoMessage.cpp:SerializeParams:112] m_offset, 772096
[m[1;33m1970-01-01 07:04:33.666|W|132501644|lpUCM [RemoteSails.cpp:SendWithRetry:185] Successfully wrote 1052 bytes
[m[0;32;32m1970-01-01 07:04:33.673|I|132501644|lpUCM [RemoteSails.cpp:HandleResponse:149] HandleResponse started, buffer size: 1048
[m[0;32;32m1970-01-01 07:04:33.673|I|132501644|lpUCM [RemoteSails.cpp:HandleResponse:158] Successfully deserialized response, status: 0, result code: 0
[m[0;32;31m1970-01-01 07:04:33.673|E|132501644|lpUCM [IpccProtoMessage.cpp:SerializeParams:112] m_offset, 773120
[m[1;33m1970-01-01 07:04:33.673|W|132501644|lpUCM [RemoteSails.cpp:SendWithRetry:185] Successfully wrote 1052 bytes
[m[0;32;32m1970-01-01 07:04:33.677|I|132501644|lpUCM [RemoteSails.cpp:HandleResponse:149] HandleResponse started, buffer size: 1048
[m[0;32;32m1970-01-01 07:04:33.677|I|132501644|lpUCM [RemoteSails.cpp:HandleResponse:158] Successfully deserialized response, status: 0, result code: 0
[m[0;32;31m1970-01-01 07:04:33.677|E|132501644|lpUCM [IpccProtoMessage.cpp:SerializeParams:112] m_offset, 774144
[m[1;33m1970-01-01 07:04:33.677|W|132501644|lpUCM [RemoteSails.cpp:SendWithRetry:185] Successfully wrote 1052 bytes
[m[0;32;32m1970-01-01 07:04:33.707|I|132501644|lpUCM [RemoteSails.cpp:HandleResponse:149] HandleResponse started, buffer size: 1048
[m[0;32;32m1970-01-01 07:04:33.707|I|132501644|lpUCM [RemoteSails.cpp:HandleResponse:158] Successfully deserialized response, status: 0, result code: 0
[m[0;32;31m1970-01-01 07:04:33.707|E|132501644|lpUCM [IpccProtoMessage.cpp:SerializeParams:112] m_offset, 775168
[m[1;33m1970-01-01 07:04:33.707|W|132501644|lpUCM [RemoteSails.cpp:SendWithRetry:185] Successfully wrote 1052 bytes
[m[0;32;32m1970-01-01 07:04:33.713|I|132501644|lpUCM [RemoteSails.cpp:HandleResponse:149] HandleResponse started, buffer size: 1048
[m[0;32;32m1970-01-01 07:04:33.713|I|132501644|lpUCM [RemoteSails.cpp:HandleResponse:158] Successfully deserialized response, status: 0, result code: 0
[m[0;32;31m1970-01-01 07:04:33.713|E|132501644|lpUCM [IpccProtoMessage.cpp:SerializeParams:112] m_offset, 776192
[m[1;33m1970-01-01 07:04:33.713|W|132501644|lpUCM [RemoteSails.cpp:SendWithRetry:185] Successfully wrote 1052 bytes
[m[0;32;32m1970-01-01 07:04:33.717|I|132501644|lpUCM [RemoteSails.cpp:HandleResponse:149] HandleResponse started, buffer size: 1048
[m[0;32;32m1970-01-01 07:04:33.717|I|132501644|lpUCM [RemoteSails.cpp:HandleResponse:158] Successfully deserialized response, status: 0, result code: 0
[m[0;32;31m1970-01-01 07:04:33.717|E|132501644|lpUCM [IpccProtoMessage.cpp:SerializeParams:112] m_offset, 777216
[m[1;33m1970-01-01 07:04:33.717|W|132501644|lpUCM [RemoteSails.cpp:SendWithRetry:185] Successfully wrote 1052 bytes
[m[0;32;32m1970-01-01 07:04:33.724|I|132501644|lpUCM [RemoteSails.cpp:HandleResponse:149] HandleResponse started, buffer size: 1048
[m[0;32;32m1970-01-01 07:04:33.724|I|132501644|lpUCM [RemoteSails.cpp:HandleResponse:158] Successfully deserialized response, status: 0, result code: 0
[m[0;32;31m1970-01-01 07:04:33.724|E|132501644|lpUCM [IpccProtoMessage.cpp:SerializeParams:112] m_offset, 778240
[m[1;33m1970-01-01 07:04:33.724|W|132501644|lpUCM [RemoteSails.cpp:SendWithRetry:185] Successfully wrote 1052 bytes
[m[0;32;32m1970-01-01 07:04:33.754|I|132501644|lpUCM [RemoteSails.cpp:HandleResponse:149] HandleResponse started, buffer size: 1048
[m[0;32;32m1970-01-01 07:04:33.754|I|132501644|lpUCM [RemoteSails.cpp:HandleResponse:158] Successfully deserialized response, status: 0, result code: 0
[m[0;32;31m1970-01-01 07:04:33.754|E|132501644|lpUCM [IpccProtoMessage.cpp:SerializeParams:112] m_offset, 779264
[m[1;33m1970-01-01 07:04:33.754|W|132501644|lpUCM [RemoteSails.cpp:SendWithRetry:185] Successfully wrote 1052 bytes
[m[0;32;32m1970-01-01 07:04:33.758|I|132501644|lpUCM [RemoteSails.cpp:HandleResponse:149] HandleResponse started, buffer size: 1048
[m[0;32;32m1970-01-01 07:04:33.758|I|132501644|lpUCM [RemoteSails.cpp:HandleResponse:158] Successfully deserialized response, status: 0, result code: 0
[m[0;32;31m1970-01-01 07:04:33.758|E|132501644|lpUCM [IpccProtoMessage.cpp:SerializeParams:112] m_offset, 780288
[m[1;33m1970-01-01 07:04:33.758|W|132501644|lpUCM [RemoteSails.cpp:SendWithRetry:185] Successfully wrote 1052 bytes
[m[0;32;32m1970-01-01 07:04:33.762|I|132501644|lpUCM [RemoteSails.cpp:HandleResponse:149] HandleResponse started, buffer size: 1048
[m[0;32;32m1970-01-01 07:04:33.762|I|132501644|lpUCM [RemoteSails.cpp:HandleResponse:158] Successfully deserialized response, status: 0, result code: 0
[m[0;32;31m1970-01-01 07:04:33.762|E|132501644|lpUCM [IpccProtoMessage.cpp:SerializeParams:112] m_offset, 781312
[m[1;33m1970-01-01 07:04:33.762|W|132501644|lpUCM [RemoteSails.cpp:SendWithRetry:185] Successfully wrote 1052 bytes
[m[0;32;32m1970-01-01 07:04:33.765|I|132501644|lpUCM [RemoteSails.cpp:HandleResponse:149] HandleResponse started, buffer size: 1048
[m[0;32;32m1970-01-01 07:04:33.765|I|132501644|lpUCM [RemoteSails.cpp:HandleResponse:158] Successfully deserialized response, status: 0, result code: 0
[m[0;32;31m1970-01-01 07:04:33.765|E|132501644|lpUCM [IpccProtoMessage.cpp:SerializeParams:112] m_offset, 782336
[m[1;33m1970-01-01 07:04:33.765|W|132501644|lpUCM [RemoteSails.cpp:SendWithRetry:185] Successfully wrote 1052 bytes
[m[0;32;32m1970-01-01 07:04:33.793|I|132501644|lpUCM [RemoteSails.cpp:HandleResponse:149] HandleResponse started, buffer size: 1048
[m[0;32;32m1970-01-01 07:04:33.793|I|132501644|lpUCM [RemoteSails.cpp:HandleResponse:158] Successfully deserialized response, status: 0, result code: 0
[m[0;32;31m1970-01-01 07:04:33.793|E|132501644|lpUCM [IpccProtoMessage.cpp:SerializeParams:112] m_offset, 783360
[m[1;33m1970-01-01 07:04:33.793|W|132501644|lpUCM [RemoteSails.cpp:SendWithRetry:185] Successfully wrote 1052 bytes
[m[0;32;32m1970-01-01 07:04:33.796|I|132501644|lpUCM [RemoteSails.cpp:HandleResponse:149] HandleResponse started, buffer size: 1048
[m[0;32;32m1970-01-01 07:04:33.796|I|132501644|lpUCM [RemoteSails.cpp:HandleResponse:158] Successfully deserialized response, status: 0, result code: 0
[m[0;32;31m1970-01-01 07:04:33.796|E|132501644|lpUCM [IpccProtoMessage.cpp:SerializeParams:112] m_offset, 784384
[m[1;33m1970-01-01 07:04:33.796|W|132501644|lpUCM [RemoteSails.cpp:SendWithRetry:185] Successfully wrote 1052 bytes
[m[0;32;32m1970-01-01 07:04:33.799|I|132501644|lpUCM [RemoteSails.cpp:HandleResponse:149] HandleResponse started, buffer size: 1048
[m[0;32;32m1970-01-01 07:04:33.799|I|132501644|lpUCM [RemoteSails.cpp:HandleResponse:158] Successfully deserialized response, status: 0, result code: 0
[m[0;32;31m1970-01-01 07:04:33.799|E|132501644|lpUCM [IpccProtoMessage.cpp:SerializeParams:112] m_offset, 785408
[m[1;33m1970-01-01 07:04:33.799|W|132501644|lpUCM [RemoteSails.cpp:SendWithRetry:185] Successfully wrote 1052 bytes
[m[0;32;32m1970-01-01 07:04:33.802|I|132501644|lpUCM [RemoteSails.cpp:HandleResponse:149] HandleResponse started, buffer size: 1048
[m[0;32;32m1970-01-01 07:04:33.802|I|132501644|lpUCM [RemoteSails.cpp:HandleResponse:158] Successfully deserialized response, status: 0, result code: 0
[m[0;32;32m1970-01-01 07:04:33.802|I|132501644|lpUCM [RemoteSails.cpp:SailWriteData:272] All data already trans size 16384
[m[0;32;32m1970-01-01 07:04:33.802|I|132501644|lpUCM [fds.cpp:FDS_OnLocalUpgProgress:248] total: 23, curr:22, percent:61, rop:93%
[m[0;32;32m1970-01-01 07:04:33.802|I|132501644|lpUCM [RemoteSails.cpp:SailWriteData:254] total data is 2016
[m[0;32;31m1970-01-01 07:04:33.802|E|132501644|lpUCM [IpccProtoMessage.cpp:SerializeParams:112] m_offset, 786432
[m[1;33m1970-01-01 07:04:33.802|W|132501644|lpUCM [RemoteSails.cpp:SendWithRetry:185] Successfully wrote 1052 bytes
[m[0;32;32m1970-01-01 07:04:33.832|I|132501644|lpUCM [RemoteSails.cpp:HandleResponse:149] HandleResponse started, buffer size: 1048
[m[0;32;32m1970-01-01 07:04:33.832|I|132501644|lpUCM [RemoteSails.cpp:HandleResponse:158] Successfully deserialized response, status: 0, result code: 0
[m[0;32;31m1970-01-01 07:04:33.832|E|132501644|lpUCM [IpccProtoMessage.cpp:SerializeParams:112] m_offset, 787456
[m[1;33m1970-01-01 07:04:33.832|W|132501644|lpUCM [RemoteSails.cpp:SendWithRetry:185] Successfully wrote 1020 bytes
[m[0;32;32m1970-01-01 07:04:33.835|I|132501644|lpUCM [RemoteSails.cpp:HandleResponse:149] HandleResponse started, buffer size: 1048
[m[0;32;32m1970-01-01 07:04:33.835|I|132501644|lpUCM [RemoteSails.cpp:HandleResponse:158] Successfully deserialized response, status: 0, result code: 0
[m[0;32;32m1970-01-01 07:04:33.835|I|132501644|lpUCM [RemoteSails.cpp:SailWriteData:272] All data already trans size 2048
[m[0;32;32m1970-01-01 07:04:33.835|I|132501644|lpUCM [fds.cpp:FDS_OnLocalUpgProgress:248] total: 23, curr:22, percent:62, rop:94%
[m[0;32;31m1970-01-01 07:04:33.835|E|132501644|lpUCM [RemoteSails.cpp:FDS_idhSail:324] SailWriteData Crc32Final hadl.m_crc32Ctx.crc is 0x333CC877, hadl.GetFileCrc() is 0x333CC877
[m[0;32;32m1970-01-01 07:04:33.835|I|132501644|lpUCM [fds.cpp:FDS_OnLocalUpgProgress:248] total: 23, curr:22, percent:75, rop:94%
[m[1;33m1970-01-01 07:04:33.835|W|132501644|lpUCM [RemoteSails.cpp:FDS_idhSail:332] EndRCoreUpgrade
[m[1;33m1970-01-01 07:04:33.835|W|132501644|lpUCM [RemoteSails.cpp:SendWithRetry:185] Successfully wrote 24 bytes
[m[0;32;32m1970-01-01 07:04:33.922|I|132501644|lpUCM [RemoteSails.cpp:HandleResponse:149] HandleResponse started, buffer size: 1048
[m[0;32;32m1970-01-01 07:04:33.922|I|132501644|lpUCM [RemoteSails.cpp:HandleResponse:158] Successfully deserialized response, status: 0, result code: 0
[m[0;32;32m1970-01-01 07:04:33.922|I|132501644|lpUCM [RemoteSails.cpp:FDS_idhSail:340] FDS_idhSailHyp ok
[m[0;32;32m1970-01-01 07:04:33.922|I|132501644|lpUCM [fds.cpp:FDS_OnLocalUpgProgress:248] total: 23, curr:22, percent:100, rop:95%
[m[1;33m1970-01-01 07:04:33.922|W|132501644|lpUCM [scm.c:FDS_scmDeployImages:443] deploy [22st] success:autosarsailsw1.elf
[m[1;33m1970-01-01 07:04:33.922|W|132501644|lpUCM [scm.c:FDS_scmDeployImages:435] start [23st] deploy:sailhyp.elf
[m[0;32;32m1970-01-01 07:04:33.922|I|132501644|lpUCM [fds.cpp:FDS_OnLocalUpgProgress:248] total: 23, curr:23, percent:0, rop:95%
[m[0;32;32m1970-01-01 07:04:33.922|I|132501644|lpUCM [handler.c:FDS_idhFindDesc:79] find time 1, name sail_hyp, handler_name = raw
[m[0;32;32m1970-01-01 07:04:33.922|I|132501644|lpUCM [handler.c:FDS_idhFindDesc:79] find time 2, name sail_hyp, handler_name = sail_sw
[m[0;32;32m1970-01-01 07:04:33.922|I|132501644|lpUCM [handler.c:FDS_idhFindDesc:79] find time 3, name sail_hyp, handler_name = sail_hyp
[m[0;32;32m1970-01-01 07:04:33.922|I|132501644|lpUCM [handler.c:FDS_idhFindDesc:94] find handler sail_hyp, type = 0
[m[0;32;32m1970-01-01 07:04:33.922|I|132501644|lpUCM [handler.c:FDS_idhFindDesc:79] find time 1, name sail_hyp, handler_name = raw
[m[0;32;32m1970-01-01 07:04:33.922|I|132501644|lpUCM [handler.c:FDS_idhFindDesc:79] find time 2, name sail_hyp, handler_name = sail_sw
[m[0;32;32m1970-01-01 07:04:33.922|I|132501644|lpUCM [handler.c:FDS_idhFindDesc:79] find time 3, name sail_hyp, handler_name = sail_hyp
[m[0;32;32m1970-01-01 07:04:33.922|I|132501644|lpUCM [handler.c:FDS_idhFindDesc:94] find handler sail_hyp, type = 0
[m[1;33m1970-01-01 07:04:33.922|W|132501644|lpUCM [RemoteSails.cpp:FDS_idhSail:304] StartRCoreUpgrade
[m[1;33m1970-01-01 07:04:33.922|W|132501644|lpUCM [RemoteSails.cpp:SendWithRetry:185] Successfully wrote 33 bytes
[m[0;32;32m1970-01-01 07:04:33.926|I|132501644|lpUCM [RemoteSails.cpp:HandleResponse:149] HandleResponse started, buffer size: 1048
[m[0;32;32m1970-01-01 07:04:33.926|I|132501644|lpUCM [RemoteSails.cpp:HandleResponse:158] Successfully deserialized response, status: 0, result code: 0
[m[0;32;32m1970-01-01 07:04:33.926|I|132501644|lpUCM [fds.cpp:FDS_OnLocalUpgProgress:248] total: 23, curr:23, percent:12, rop:96%
[m[1;33m1970-01-01 07:04:33.926|W|132501644|lpUCM [RemoteSails.cpp:FDS_idhSail:314] SailWriteData
[m[0;32;32m1970-01-01 07:04:33.926|I|132501644|lpUCM [RemoteSails.cpp:SailWriteData:254] total data is 16384
[m[0;32;31m1970-01-01 07:04:33.926|E|132501644|lpUCM [IpccProtoMessage.cpp:SerializeParams:112] m_offset, 0
[m[1;33m1970-01-01 07:04:33.926|W|132501644|lpUCM [RemoteSails.cpp:SendWithRetry:185] Successfully wrote 1052 bytes
[m[0;32;32m1970-01-01 07:04:33.956|I|132501644|lpUCM [RemoteSails.cpp:HandleResponse:149] HandleResponse started, buffer size: 1048
[m[0;32;32m1970-01-01 07:04:33.956|I|132501644|lpUCM [RemoteSails.cpp:HandleResponse:158] Successfully deserialized response, status: 0, result code: 0
[m[0;32;31m1970-01-01 07:04:33.956|E|132501644|lpUCM [IpccProtoMessage.cpp:SerializeParams:112] m_offset, 1024
[m[1;33m1970-01-01 07:04:33.956|W|132501644|lpUCM [RemoteSails.cpp:SendWithRetry:185] Successfully wrote 1052 bytes
[m[0;32;32m1970-01-01 07:04:33.960|I|132501644|lpUCM [RemoteSails.cpp:HandleResponse:149] HandleResponse started, buffer size: 1048
[m[0;32;32m1970-01-01 07:04:33.960|I|132501644|lpUCM [RemoteSails.cpp:HandleResponse:158] Successfully deserialized response, status: 0, result code: 0
[m[0;32;31m1970-01-01 07:04:33.960|E|132501644|lpUCM [IpccProtoMessage.cpp:SerializeParams:112] m_offset, 2048
[m[1;33m1970-01-01 07:04:33.960|W|132501644|lpUCM [RemoteSails.cpp:SendWithRetry:185] Successfully wrote 1052 bytes
[m[0;32;32m1970-01-01 07:04:33.963|I|132501644|lpUCM [RemoteSails.cpp:HandleResponse:149] HandleResponse started, buffer size: 1048
[m[0;32;32m1970-01-01 07:04:33.963|I|132501644|lpUCM [RemoteSails.cpp:HandleResponse:158] Successfully deserialized response, status: 0, result code: 0
[m[0;32;31m1970-01-01 07:04:33.963|E|132501644|lpUCM [IpccProtoMessage.cpp:SerializeParams:112] m_offset, 3072
[m[1;33m1970-01-01 07:04:33.963|W|132501644|lpUCM [RemoteSails.cpp:SendWithRetry:185] Successfully wrote 1052 bytes
[m[0;32;32m1970-01-01 07:04:33.967|I|132501644|lpUCM [RemoteSails.cpp:HandleResponse:149] HandleResponse started, buffer size: 1048
[m[0;32;32m1970-01-01 07:04:33.967|I|132501644|lpUCM [RemoteSails.cpp:HandleResponse:158] Successfully deserialized response, status: 0, result code: 0
[m[0;32;31m1970-01-01 07:04:33.967|E|132501644|lpUCM [IpccProtoMessage.cpp:SerializeParams:112] m_offset, 4096
[m[1;33m1970-01-01 07:04:33.967|W|132501644|lpUCM [RemoteSails.cpp:SendWithRetry:185] Successfully wrote 1052 bytes
[m[0;32;32m1970-01-01 07:04:33.997|I|132501644|lpUCM [RemoteSails.cpp:HandleResponse:149] HandleResponse started, buffer size: 1048
[m[0;32;32m1970-01-01 07:04:33.997|I|132501644|lpUCM [RemoteSails.cpp:HandleResponse:158] Successfully deserialized response, status: 0, result code: 0
[m[0;32;31m1970-01-01 07:04:33.997|E|132501644|lpUCM [IpccProtoMessage.cpp:SerializeParams:112] m_offset, 5120
[m[1;33m1970-01-01 07:04:33.997|W|132501644|lpUCM [RemoteSails.cpp:SendWithRetry:185] Successfully wrote 1052 bytes
[m[0;32;32m1970-01-01 07:04:34.3|I|132501644|lpUCM [RemoteSails.cpp:HandleResponse:149] HandleResponse started, buffer size: 1048
[m[0;32;32m1970-01-01 07:04:34.3|I|132501644|lpUCM [RemoteSails.cpp:HandleResponse:158] Successfully deserialized response, status: 0, result code: 0
[m[0;32;31m1970-01-01 07:04:34.3|E|132501644|lpUCM [IpccProtoMessage.cpp:SerializeParams:112] m_offset, 6144
[m[1;33m1970-01-01 07:04:34.3|W|132501644|lpUCM [RemoteSails.cpp:SendWithRetry:185] Successfully wrote 1052 bytes
[m[0;32;32m1970-01-01 07:04:34.6|I|132501644|lpUCM [RemoteSails.cpp:HandleResponse:149] HandleResponse started, buffer size: 1048
[m[0;32;32m1970-01-01 07:04:34.6|I|132501644|lpUCM [RemoteSails.cpp:HandleResponse:158] Successfully deserialized response, status: 0, result code: 0
[m[0;32;31m1970-01-01 07:04:34.6|E|132501644|lpUCM [IpccProtoMessage.cpp:SerializeParams:112] m_offset, 7168
[m[1;33m1970-01-01 07:04:34.6|W|132501644|lpUCM [RemoteSails.cpp:SendWithRetry:185] Successfully wrote 1052 bytes
[m[0;32;32m1970-01-01 07:04:34.9|I|132501644|lpUCM [RemoteSails.cpp:HandleResponse:149] HandleResponse started, buffer size: 1048
[m[0;32;32m1970-01-01 07:04:34.9|I|132501644|lpUCM [RemoteSails.cpp:HandleResponse:158] Successfully deserialized response, status: 0, result code: 0
[m[0;32;31m1970-01-01 07:04:34.9|E|132501644|lpUCM [IpccProtoMessage.cpp:SerializeParams:112] m_offset, 8192
[m[1;33m1970-01-01 07:04:34.9|W|132501644|lpUCM [RemoteSails.cpp:SendWithRetry:185] Successfully wrote 1052 bytes
[m[0;32;32m1970-01-01 07:04:34.39|I|132501644|lpUCM [RemoteSails.cpp:HandleResponse:149] HandleResponse started, buffer size: 1048
[m[0;32;32m1970-01-01 07:04:34.39|I|132501644|lpUCM [RemoteSails.cpp:HandleResponse:158] Successfully deserialized response, status: 0, result code: 0
[m[0;32;31m1970-01-01 07:04:34.39|E|132501644|lpUCM [IpccProtoMessage.cpp:SerializeParams:112] m_offset, 9216
[m[1;33m1970-01-01 07:04:34.39|W|132501644|lpUCM [RemoteSails.cpp:SendWithRetry:185] Successfully wrote 1052 bytes
[m[0;32;32m1970-01-01 07:04:34.42|I|132501644|lpUCM [RemoteSails.cpp:HandleResponse:149] HandleResponse started, buffer size: 1048
[m[0;32;32m1970-01-01 07:04:34.42|I|132501644|lpUCM [RemoteSails.cpp:HandleResponse:158] Successfully deserialized response, status: 0, result code: 0
[m[0;32;31m1970-01-01 07:04:34.42|E|132501644|lpUCM [IpccProtoMessage.cpp:SerializeParams:112] m_offset, 10240
[m[1;33m1970-01-01 07:04:34.42|W|132501644|lpUCM [RemoteSails.cpp:SendWithRetry:185] Successfully wrote 1052 bytes
[m[0;32;32m1970-01-01 07:04:34.45|I|132501644|lpUCM [RemoteSails.cpp:HandleResponse:149] HandleResponse started, buffer size: 1048
[m[0;32;32m1970-01-01 07:04:34.45|I|132501644|lpUCM [RemoteSails.cpp:HandleResponse:158] Successfully deserialized response, status: 0, result code: 0
[m[0;32;31m1970-01-01 07:04:34.45|E|132501644|lpUCM [IpccProtoMessage.cpp:SerializeParams:112] m_offset, 11264
[m[1;33m1970-01-01 07:04:34.45|W|132501644|lpUCM [RemoteSails.cpp:SendWithRetry:185] Successfully wrote 1052 bytes
[m[0;32;32m1970-01-01 07:04:34.48|I|132501644|lpUCM [RemoteSails.cpp:HandleResponse:149] HandleResponse started, buffer size: 1048
[m[0;32;32m1970-01-01 07:04:34.48|I|132501644|lpUCM [RemoteSails.cpp:HandleResponse:158] Successfully deserialized response, status: 0, result code: 0
[m[0;32;31m1970-01-01 07:04:34.48|E|132501644|lpUCM [IpccProtoMessage.cpp:SerializeParams:112] m_offset, 12288
[m[1;33m1970-01-01 07:04:34.48|W|132501644|lpUCM [RemoteSails.cpp:SendWithRetry:185] Successfully wrote 1052 bytes
[m[0;32;32m1970-01-01 07:04:34.79|I|132501644|lpUCM [RemoteSails.cpp:HandleResponse:149] HandleResponse started, buffer size: 1048
[m[0;32;32m1970-01-01 07:04:34.79|I|132501644|lpUCM [RemoteSails.cpp:HandleResponse:158] Successfully deserialized response, status: 0, result code: 0
[m[0;32;31m1970-01-01 07:04:34.79|E|132501644|lpUCM [IpccProtoMessage.cpp:SerializeParams:112] m_offset, 13312
[m[1;33m1970-01-01 07:04:34.79|W|132501644|lpUCM [RemoteSails.cpp:SendWithRetry:185] Successfully wrote 1052 bytes
[m[0;32;32m1970-01-01 07:04:34.83|I|132501644|lpUCM [RemoteSails.cpp:HandleResponse:149] HandleResponse started, buffer size: 1048
[m[0;32;32m1970-01-01 07:04:34.83|I|132501644|lpUCM [RemoteSails.cpp:HandleResponse:158] Successfully deserialized response, status: 0, result code: 0
[m[0;32;31m1970-01-01 07:04:34.83|E|132501644|lpUCM [IpccProtoMessage.cpp:SerializeParams:112] m_offset, 14336
[m[1;33m1970-01-01 07:04:34.83|W|132501644|lpUCM [RemoteSails.cpp:SendWithRetry:185] Successfully wrote 1052 bytes
[m[0;32;32m1970-01-01 07:04:34.86|I|132501644|lpUCM [RemoteSails.cpp:HandleResponse:149] HandleResponse started, buffer size: 1048
[m[0;32;32m1970-01-01 07:04:34.86|I|132501644|lpUCM [RemoteSails.cpp:HandleResponse:158] Successfully deserialized response, status: 0, result code: 0
[m[0;32;31m1970-01-01 07:04:34.86|E|132501644|lpUCM [IpccProtoMessage.cpp:SerializeParams:112] m_offset, 15360
[m[1;33m1970-01-01 07:04:34.86|W|132501644|lpUCM [RemoteSails.cpp:SendWithRetry:185] Successfully wrote 1052 bytes
[m[0;32;32m1970-01-01 07:04:34.90|I|132501644|lpUCM [RemoteSails.cpp:HandleResponse:149] HandleResponse started, buffer size: 1048
[m[0;32;32m1970-01-01 07:04:34.90|I|132501644|lpUCM [RemoteSails.cpp:HandleResponse:158] Successfully deserialized response, status: 0, result code: 0
[m[0;32;32m1970-01-01 07:04:34.90|I|132501644|lpUCM [RemoteSails.cpp:SailWriteData:272] All data already trans size 16384
[m[0;32;32m1970-01-01 07:04:34.90|I|132501644|lpUCM [fds.cpp:FDS_OnLocalUpgProgress:248] total: 23, curr:23, percent:13, rop:96%
[m[0;32;32m1970-01-01 07:04:34.90|I|132501644|lpUCM [RemoteSails.cpp:SailWriteData:254] total data is 16384
[m[0;32;31m1970-01-01 07:04:34.90|E|132501644|lpUCM [IpccProtoMessage.cpp:SerializeParams:112] m_offset, 16384
[m[1;33m1970-01-01 07:04:34.90|W|132501644|lpUCM [RemoteSails.cpp:SendWithRetry:185] Successfully wrote 1052 bytes
[m[0;32;32m1970-01-01 07:04:34.125|I|132501644|lpUCM [RemoteSails.cpp:HandleResponse:149] HandleResponse started, buffer size: 1048
[m[0;32;32m1970-01-01 07:04:34.125|I|132501644|lpUCM [RemoteSails.cpp:HandleResponse:158] Successfully deserialized response, status: 0, result code: 0
[m[0;32;31m1970-01-01 07:04:34.125|E|132501644|lpUCM [IpccProtoMessage.cpp:SerializeParams:112] m_offset, 17408
[m[1;33m1970-01-01 07:04:34.125|W|132501644|lpUCM [RemoteSails.cpp:SendWithRetry:185] Successfully wrote 1052 bytes
[m[0;32;32m1970-01-01 07:04:34.129|I|132501644|lpUCM [RemoteSails.cpp:HandleResponse:149] HandleResponse started, buffer size: 1048
[m[0;32;32m1970-01-01 07:04:34.129|I|132501644|lpUCM [RemoteSails.cpp:HandleResponse:158] Successfully deserialized response, status: 0, result code: 0
[m[0;32;31m1970-01-01 07:04:34.129|E|132501644|lpUCM [IpccProtoMessage.cpp:SerializeParams:112] m_offset, 18432
[m[1;33m1970-01-01 07:04:34.129|W|132501644|lpUCM [RemoteSails.cpp:SendWithRetry:185] Successfully wrote 1052 bytes
[m[0;32;32m1970-01-01 07:04:34.133|I|132501644|lpUCM [RemoteSails.cpp:HandleResponse:149] HandleResponse started, buffer size: 1048
[m[0;32;32m1970-01-01 07:04:34.133|I|132501644|lpUCM [RemoteSails.cpp:HandleResponse:158] Successfully deserialized response, status: 0, result code: 0
[m[0;32;31m1970-01-01 07:04:34.133|E|132501644|lpUCM [IpccProtoMessage.cpp:SerializeParams:112] m_offset, 19456
[m[1;33m1970-01-01 07:04:34.133|W|132501644|lpUCM [RemoteSails.cpp:SendWithRetry:185] Successfully wrote 1052 bytes
[m[0;32;32m1970-01-01 07:04:34.136|I|132501644|lpUCM [RemoteSails.cpp:HandleResponse:149] HandleResponse started, buffer size: 1048
[m[0;32;32m1970-01-01 07:04:34.136|I|132501644|lpUCM [RemoteSails.cpp:HandleResponse:158] Successfully deserialized response, status: 0, result code: 0
[m[0;32;31m1970-01-01 07:04:34.136|E|132501644|lpUCM [IpccProtoMessage.cpp:SerializeParams:112] m_offset, 20480
[m[1;33m1970-01-01 07:04:34.136|W|132501644|lpUCM [RemoteSails.cpp:SendWithRetry:185] Successfully wrote 1052 bytes
[m[0;32;32m1970-01-01 07:04:34.166|I|132501644|lpUCM [RemoteSails.cpp:HandleResponse:149] HandleResponse started, buffer size: 1048
[m[0;32;32m1970-01-01 07:04:34.166|I|132501644|lpUCM [RemoteSails.cpp:HandleResponse:158] Successfully deserialized response, status: 0, result code: 0
[m[0;32;31m1970-01-01 07:04:34.166|E|132501644|lpUCM [IpccProtoMessage.cpp:SerializeParams:112] m_offset, 21504
[m[1;33m1970-01-01 07:04:34.166|W|132501644|lpUCM [RemoteSails.cpp:SendWithRetry:185] Successfully wrote 1052 bytes
[m[0;32;32m1970-01-01 07:04:34.172|I|132501644|lpUCM [RemoteSails.cpp:HandleResponse:149] HandleResponse started, buffer size: 1048
[m[0;32;32m1970-01-01 07:04:34.172|I|132501644|lpUCM [RemoteSails.cpp:HandleResponse:158] Successfully deserialized response, status: 0, result code: 0
[m[0;32;31m1970-01-01 07:04:34.172|E|132501644|lpUCM [IpccProtoMessage.cpp:SerializeParams:112] m_offset, 22528
[m[1;33m1970-01-01 07:04:34.172|W|132501644|lpUCM [RemoteSails.cpp:SendWithRetry:185] Successfully wrote 1052 bytes
[m[0;32;32m1970-01-01 07:04:34.175|I|132501644|lpUCM [RemoteSails.cpp:HandleResponse:149] HandleResponse started, buffer size: 1048
[m[0;32;32m1970-01-01 07:04:34.175|I|132501644|lpUCM [RemoteSails.cpp:HandleResponse:158] Successfully deserialized response, status: 0, result code: 0
[m[0;32;31m1970-01-01 07:04:34.175|E|132501644|lpUCM [IpccProtoMessage.cpp:SerializeParams:112] m_offset, 23552
[m[1;33m1970-01-01 07:04:34.175|W|132501644|lpUCM [RemoteSails.cpp:SendWithRetry:185] Successfully wrote 1052 bytes
[m[0;32;32m1970-01-01 07:04:34.178|I|132501644|lpUCM [RemoteSails.cpp:HandleResponse:149] HandleResponse started, buffer size: 1048
[m[0;32;32m1970-01-01 07:04:34.178|I|132501644|lpUCM [RemoteSails.cpp:HandleResponse:158] Successfully deserialized response, status: 0, result code: 0
[m[0;32;31m1970-01-01 07:04:34.178|E|132501644|lpUCM [IpccProtoMessage.cpp:SerializeParams:112] m_offset, 24576
[m[1;33m1970-01-01 07:04:34.178|W|132501644|lpUCM [RemoteSails.cpp:SendWithRetry:185] Successfully wrote 1052 bytes
[m[0;32;32m1970-01-01 07:04:34.208|I|132501644|lpUCM [RemoteSails.cpp:HandleResponse:149] HandleResponse started, buffer size: 1048
[m[0;32;32m1970-01-01 07:04:34.208|I|132501644|lpUCM [RemoteSails.cpp:HandleResponse:158] Successfully deserialized response, status: 0, result code: 0
[m[0;32;31m1970-01-01 07:04:34.208|E|132501644|lpUCM [IpccProtoMessage.cpp:SerializeParams:112] m_offset, 25600
[m[1;33m1970-01-01 07:04:34.208|W|132501644|lpUCM [RemoteSails.cpp:SendWithRetry:185] Successfully wrote 1052 bytes
[m[0;32;32m1970-01-01 07:04:34.214|I|132501644|lpUCM [RemoteSails.cpp:HandleResponse:149] HandleResponse started, buffer size: 1048
[m[0;32;32m1970-01-01 07:04:34.214|I|132501644|lpUCM [RemoteSails.cpp:HandleResponse:158] Successfully deserialized response, status: 0, result code: 0
[m[0;32;31m1970-01-01 07:04:34.214|E|132501644|lpUCM [IpccProtoMessage.cpp:SerializeParams:112] m_offset, 26624
[m[1;33m1970-01-01 07:04:34.214|W|132501644|lpUCM [RemoteSails.cpp:SendWithRetry:185] Successfully wrote 1052 bytes
[m[0;32;32m1970-01-01 07:04:34.217|I|132501644|lpUCM [RemoteSails.cpp:HandleResponse:149] HandleResponse started, buffer size: 1048
[m[0;32;32m1970-01-01 07:04:34.217|I|132501644|lpUCM [RemoteSails.cpp:HandleResponse:158] Successfully deserialized response, status: 0, result code: 0
[m[0;32;31m1970-01-01 07:04:34.217|E|132501644|lpUCM [IpccProtoMessage.cpp:SerializeParams:112] m_offset, 27648
[m[1;33m1970-01-01 07:04:34.217|W|132501644|lpUCM [RemoteSails.cpp:SendWithRetry:185] Successfully wrote 1052 bytes
[m[0;32;32m1970-01-01 07:04:34.223|I|132501644|lpUCM [RemoteSails.cpp:HandleResponse:149] HandleResponse started, buffer size: 1048
[m[0;32;32m1970-01-01 07:04:34.223|I|132501644|lpUCM [RemoteSails.cpp:HandleResponse:158] Successfully deserialized response, status: 0, result code: 0
[m[0;32;31m1970-01-01 07:04:34.223|E|132501644|lpUCM [IpccProtoMessage.cpp:SerializeParams:112] m_offset, 28672
[m[1;33m1970-01-01 07:04:34.223|W|132501644|lpUCM [RemoteSails.cpp:SendWithRetry:185] Successfully wrote 1052 bytes
[m[0;32;32m1970-01-01 07:04:34.255|I|132501644|lpUCM [RemoteSails.cpp:HandleResponse:149] HandleResponse started, buffer size: 1048
[m[0;32;32m1970-01-01 07:04:34.255|I|132501644|lpUCM [RemoteSails.cpp:HandleResponse:158] Successfully deserialized response, status: 0, result code: 0
[m[0;32;31m1970-01-01 07:04:34.255|E|132501644|lpUCM [IpccProtoMessage.cpp:SerializeParams:112] m_offset, 29696
[m[1;33m1970-01-01 07:04:34.255|W|132501644|lpUCM [RemoteSails.cpp:SendWithRetry:185] Successfully wrote 1052 bytes
[m[0;32;32m1970-01-01 07:04:34.259|I|132501644|lpUCM [RemoteSails.cpp:HandleResponse:149] HandleResponse started, buffer size: 1048
[m[0;32;32m1970-01-01 07:04:34.259|I|132501644|lpUCM [RemoteSails.cpp:HandleResponse:158] Successfully deserialized response, status: 0, result code: 0
[m[0;32;31m1970-01-01 07:04:34.259|E|132501644|lpUCM [IpccProtoMessage.cpp:SerializeParams:112] m_offset, 30720
[m[1;33m1970-01-01 07:04:34.259|W|132501644|lpUCM [RemoteSails.cpp:SendWithRetry:185] Successfully wrote 1052 bytes
[m[0;32;32m1970-01-01 07:04:34.262|I|132501644|lpUCM [RemoteSails.cpp:HandleResponse:149] HandleResponse started, buffer size: 1048
[m[0;32;32m1970-01-01 07:04:34.262|I|132501644|lpUCM [RemoteSails.cpp:HandleResponse:158] Successfully deserialized response, status: 0, result code: 0
[m[0;32;31m1970-01-01 07:04:34.262|E|132501644|lpUCM [IpccProtoMessage.cpp:SerializeParams:112] m_offset, 31744
[m[1;33m1970-01-01 07:04:34.262|W|132501644|lpUCM [RemoteSails.cpp:SendWithRetry:185] Successfully wrote 1052 bytes
[m[0;32;32m1970-01-01 07:04:34.265|I|132501644|lpUCM [RemoteSails.cpp:HandleResponse:149] HandleResponse started, buffer size: 1048
[m[0;32;32m1970-01-01 07:04:34.265|I|132501644|lpUCM [RemoteSails.cpp:HandleResponse:158] Successfully deserialized response, status: 0, result code: 0
[m[0;32;32m1970-01-01 07:04:34.265|I|132501644|lpUCM [RemoteSails.cpp:SailWriteData:272] All data already trans size 16384
[m[0;32;32m1970-01-01 07:04:34.265|I|132501644|lpUCM [fds.cpp:FDS_OnLocalUpgProgress:248] total: 23, curr:23, percent:14, rop:96%
[m[0;32;32m1970-01-01 07:04:34.265|I|132501644|lpUCM [RemoteSails.cpp:SailWriteData:254] total data is 16384
[m[0;32;31m1970-01-01 07:04:34.265|E|132501644|lpUCM [IpccProtoMessage.cpp:SerializeParams:112] m_offset, 32768
[m[1;33m1970-01-01 07:04:34.265|W|132501644|lpUCM [RemoteSails.cpp:SendWithRetry:185] Successfully wrote 1052 bytes
[m[0;32;32m1970-01-01 07:04:34.295|I|132501644|lpUCM [RemoteSails.cpp:HandleResponse:149] HandleResponse started, buffer size: 1048
[m[0;32;32m1970-01-01 07:04:34.295|I|132501644|lpUCM [RemoteSails.cpp:HandleResponse:158] Successfully deserialized response, status: 0, result code: 0
[m[0;32;31m1970-01-01 07:04:34.295|E|132501644|lpUCM [IpccProtoMessage.cpp:SerializeParams:112] m_offset, 33792
[m[1;33m1970-01-01 07:04:34.295|W|132501644|lpUCM [RemoteSails.cpp:SendWithRetry:185] Successfully wrote 1052 bytes
[m[0;32;32m1970-01-01 07:04:34.298|I|132501644|lpUCM [RemoteSails.cpp:HandleResponse:149] HandleResponse started, buffer size: 1048
[m[0;32;32m1970-01-01 07:04:34.298|I|132501644|lpUCM [RemoteSails.cpp:HandleResponse:158] Successfully deserialized response, status: 0, result code: 0
[m[0;32;31m1970-01-01 07:04:34.298|E|132501644|lpUCM [IpccProtoMessage.cpp:SerializeParams:112] m_offset, 34816
[m[1;33m1970-01-01 07:04:34.298|W|132501644|lpUCM [RemoteSails.cpp:SendWithRetry:185] Successfully wrote 1052 bytes
[m[0;32;32m1970-01-01 07:04:34.304|I|132501644|lpUCM [RemoteSails.cpp:HandleResponse:149] HandleResponse started, buffer size: 1048
[m[0;32;32m1970-01-01 07:04:34.304|I|132501644|lpUCM [RemoteSails.cpp:HandleResponse:158] Successfully deserialized response, status: 0, result code: 0
[m[0;32;31m1970-01-01 07:04:34.304|E|132501644|lpUCM [IpccProtoMessage.cpp:SerializeParams:112] m_offset, 35840
[m[1;33m1970-01-01 07:04:34.304|W|132501644|lpUCM [RemoteSails.cpp:SendWithRetry:185] Successfully wrote 1052 bytes
[m[0;32;32m1970-01-01 07:04:34.308|I|132501644|lpUCM [RemoteSails.cpp:HandleResponse:149] HandleResponse started, buffer size: 1048
[m[0;32;32m1970-01-01 07:04:34.308|I|132501644|lpUCM [RemoteSails.cpp:HandleResponse:158] Successfully deserialized response, status: 0, result code: 0
[m[0;32;31m1970-01-01 07:04:34.308|E|132501644|lpUCM [IpccProtoMessage.cpp:SerializeParams:112] m_offset, 36864
[m[1;33m1970-01-01 07:04:34.308|W|132501644|lpUCM [RemoteSails.cpp:SendWithRetry:185] Successfully wrote 1052 bytes
[m[0;32;32m1970-01-01 07:04:34.343|I|132501644|lpUCM [RemoteSails.cpp:HandleResponse:149] HandleResponse started, buffer size: 1048
[m[0;32;32m1970-01-01 07:04:34.343|I|132501644|lpUCM [RemoteSails.cpp:HandleResponse:158] Successfully deserialized response, status: 0, result code: 0
[m[0;32;31m1970-01-01 07:04:34.343|E|132501644|lpUCM [IpccProtoMessage.cpp:SerializeParams:112] m_offset, 37888
[m[1;33m1970-01-01 07:04:34.343|W|132501644|lpUCM [RemoteSails.cpp:SendWithRetry:185] Successfully wrote 1052 bytes
[m[0;32;32m1970-01-01 07:04:34.347|I|132501644|lpUCM [RemoteSails.cpp:HandleResponse:149] HandleResponse started, buffer size: 1048
[m[0;32;32m1970-01-01 07:04:34.347|I|132501644|lpUCM [RemoteSails.cpp:HandleResponse:158] Successfully deserialized response, status: 0, result code: 0
[m[0;32;31m1970-01-01 07:04:34.347|E|132501644|lpUCM [IpccProtoMessage.cpp:SerializeParams:112] m_offset, 38912
[m[1;33m1970-01-01 07:04:34.347|W|132501644|lpUCM [RemoteSails.cpp:SendWithRetry:185] Successfully wrote 1052 bytes
[m[0;32;32m1970-01-01 07:04:34.351|I|132501644|lpUCM [RemoteSails.cpp:HandleResponse:149] HandleResponse started, buffer size: 1048
[m[0;32;32m1970-01-01 07:04:34.351|I|132501644|lpUCM [RemoteSails.cpp:HandleResponse:158] Successfully deserialized response, status: 0, result code: 0
[m[0;32;31m1970-01-01 07:04:34.351|E|132501644|lpUCM [IpccProtoMessage.cpp:SerializeParams:112] m_offset, 39936
[m[1;33m1970-01-01 07:04:34.351|W|132501644|lpUCM [RemoteSails.cpp:SendWithRetry:185] Successfully wrote 1052 bytes
[m[0;32;32m1970-01-01 07:04:34.354|I|132501644|lpUCM [RemoteSails.cpp:HandleResponse:149] HandleResponse started, buffer size: 1048
[m[0;32;32m1970-01-01 07:04:34.354|I|132501644|lpUCM [RemoteSails.cpp:HandleResponse:158] Successfully deserialized response, status: 0, result code: 0
[m[0;32;31m1970-01-01 07:04:34.354|E|132501644|lpUCM [IpccProtoMessage.cpp:SerializeParams:112] m_offset, 40960
[m[1;33m1970-01-01 07:04:34.354|W|132501644|lpUCM [RemoteSails.cpp:SendWithRetry:185] Successfully wrote 1052 bytes
[m[0;32;32m1970-01-01 07:04:34.383|I|132501644|lpUCM [RemoteSails.cpp:HandleResponse:149] HandleResponse started, buffer size: 1048
[m[0;32;32m1970-01-01 07:04:34.383|I|132501644|lpUCM [RemoteSails.cpp:HandleResponse:158] Successfully deserialized response, status: 0, result code: 0
[m[0;32;31m1970-01-01 07:04:34.383|E|132501644|lpUCM [IpccProtoMessage.cpp:SerializeParams:112] m_offset, 41984
[m[1;33m1970-01-01 07:04:34.383|W|132501644|lpUCM [RemoteSails.cpp:SendWithRetry:185] Successfully wrote 1052 bytes
[m[0;32;32m1970-01-01 07:04:34.386|I|132501644|lpUCM [RemoteSails.cpp:HandleResponse:149] HandleResponse started, buffer size: 1048
[m[0;32;32m1970-01-01 07:04:34.386|I|132501644|lpUCM [RemoteSails.cpp:HandleResponse:158] Successfully deserialized response, status: 0, result code: 0
[m[0;32;31m1970-01-01 07:04:34.386|E|132501644|lpUCM [IpccProtoMessage.cpp:SerializeParams:112] m_offset, 43008
[m[1;33m1970-01-01 07:04:34.386|W|132501644|lpUCM [RemoteSails.cpp:SendWithRetry:185] Successfully wrote 1052 bytes
[m[0;32;32m1970-01-01 07:04:34.389|I|132501644|lpUCM [RemoteSails.cpp:HandleResponse:149] HandleResponse started, buffer size: 1048
[m[0;32;32m1970-01-01 07:04:34.389|I|132501644|lpUCM [RemoteSails.cpp:HandleResponse:158] Successfully deserialized response, status: 0, result code: 0
[m[0;32;31m1970-01-01 07:04:34.389|E|132501644|lpUCM [IpccProtoMessage.cpp:SerializeParams:112] m_offset, 44032
[m[1;33m1970-01-01 07:04:34.389|W|132501644|lpUCM [RemoteSails.cpp:SendWithRetry:185] Successfully wrote 1052 bytes
[m[0;32;32m1970-01-01 07:04:34.392|I|132501644|lpUCM [RemoteSails.cpp:HandleResponse:149] HandleResponse started, buffer size: 1048
[m[0;32;32m1970-01-01 07:04:34.392|I|132501644|lpUCM [RemoteSails.cpp:HandleResponse:158] Successfully deserialized response, status: 0, result code: 0
[m[0;32;31m1970-01-01 07:04:34.392|E|132501644|lpUCM [IpccProtoMessage.cpp:SerializeParams:112] m_offset, 45056
[m[1;33m1970-01-01 07:04:34.392|W|132501644|lpUCM [RemoteSails.cpp:SendWithRetry:185] Successfully wrote 1052 bytes
[m[0;32;32m1970-01-01 07:04:34.422|I|132501644|lpUCM [RemoteSails.cpp:HandleResponse:149] HandleResponse started, buffer size: 1048
[m[0;32;32m1970-01-01 07:04:34.422|I|132501644|lpUCM [RemoteSails.cpp:HandleResponse:158] Successfully deserialized response, status: 0, result code: 0
[m[0;32;31m1970-01-01 07:04:34.422|E|132501644|lpUCM [IpccProtoMessage.cpp:SerializeParams:112] m_offset, 46080
[m[1;33m1970-01-01 07:04:34.422|W|132501644|lpUCM [RemoteSails.cpp:SendWithRetry:185] Successfully wrote 1052 bytes
[m[0;32;32m1970-01-01 07:04:34.425|I|132501644|lpUCM [RemoteSails.cpp:HandleResponse:149] HandleResponse started, buffer size: 1048
[m[0;32;32m1970-01-01 07:04:34.425|I|132501644|lpUCM [RemoteSails.cpp:HandleResponse:158] Successfully deserialized response, status: 0, result code: 0
[m[0;32;31m1970-01-01 07:04:34.425|E|132501644|lpUCM [IpccProtoMessage.cpp:SerializeParams:112] m_offset, 47104
[m[1;33m1970-01-01 07:04:34.425|W|132501644|lpUCM [RemoteSails.cpp:SendWithRetry:185] Successfully wrote 1052 bytes
[m[0;32;32m1970-01-01 07:04:34.428|I|132501644|lpUCM [RemoteSails.cpp:HandleResponse:149] HandleResponse started, buffer size: 1048
[m[0;32;32m1970-01-01 07:04:34.428|I|132501644|lpUCM [RemoteSails.cpp:HandleResponse:158] Successfully deserialized response, status: 0, result code: 0
[m[0;32;31m1970-01-01 07:04:34.428|E|132501644|lpUCM [IpccProtoMessage.cpp:SerializeParams:112] m_offset, 48128
[m[1;33m1970-01-01 07:04:34.428|W|132501644|lpUCM [RemoteSails.cpp:SendWithRetry:185] Successfully wrote 1052 bytes
[m[0;32;32m1970-01-01 07:04:34.434|I|132501644|lpUCM [RemoteSails.cpp:HandleResponse:149] HandleResponse started, buffer size: 1048
[m[0;32;32m1970-01-01 07:04:34.434|I|132501644|lpUCM [RemoteSails.cpp:HandleResponse:158] Successfully deserialized response, status: 0, result code: 0
[m[0;32;32m1970-01-01 07:04:34.434|I|132501644|lpUCM [RemoteSails.cpp:SailWriteData:272] All data already trans size 16384
[m[0;32;32m1970-01-01 07:04:34.434|I|132501644|lpUCM [fds.cpp:FDS_OnLocalUpgProgress:248] total: 23, curr:23, percent:15, rop:96%
[m[0;32;32m1970-01-01 07:04:34.434|I|132501644|lpUCM [RemoteSails.cpp:SailWriteData:254] total data is 16384
[m[0;32;31m1970-01-01 07:04:34.434|E|132501644|lpUCM [IpccProtoMessage.cpp:SerializeParams:112] m_offset, 49152
[m[1;33m1970-01-01 07:04:34.434|W|132501644|lpUCM [RemoteSails.cpp:SendWithRetry:185] Successfully wrote 1052 bytes
[m[0;32;32m1970-01-01 07:04:34.464|I|132501644|lpUCM [RemoteSails.cpp:HandleResponse:149] HandleResponse started, buffer size: 1048
[m[0;32;32m1970-01-01 07:04:34.464|I|132501644|lpUCM [RemoteSails.cpp:HandleResponse:158] Successfully deserialized response, status: 0, result code: 0
[m[0;32;31m1970-01-01 07:04:34.464|E|132501644|lpUCM [IpccProtoMessage.cpp:SerializeParams:112] m_offset, 50176
[m[1;33m1970-01-01 07:04:34.464|W|132501644|lpUCM [RemoteSails.cpp:SendWithRetry:185] Successfully wrote 1052 bytes
[m[0;32;32m1970-01-01 07:04:34.467|I|132501644|lpUCM [RemoteSails.cpp:HandleResponse:149] HandleResponse started, buffer size: 1048
[m[0;32;32m1970-01-01 07:04:34.467|I|132501644|lpUCM [RemoteSails.cpp:HandleResponse:158] Successfully deserialized response, status: 0, result code: 0
[m[0;32;31m1970-01-01 07:04:34.467|E|132501644|lpUCM [IpccProtoMessage.cpp:SerializeParams:112] m_offset, 51200
[m[1;33m1970-01-01 07:04:34.467|W|132501644|lpUCM [RemoteSails.cpp:SendWithRetry:185] Successfully wrote 1052 bytes
[m[0;32;32m1970-01-01 07:04:34.474|I|132501644|lpUCM [RemoteSails.cpp:HandleResponse:149] HandleResponse started, buffer size: 1048
[m[0;32;32m1970-01-01 07:04:34.474|I|132501644|lpUCM [RemoteSails.cpp:HandleResponse:158] Successfully deserialized response, status: 0, result code: 0
[m[0;32;31m1970-01-01 07:04:34.474|E|132501644|lpUCM [IpccProtoMessage.cpp:SerializeParams:112] m_offset, 52224
[m[1;33m1970-01-01 07:04:34.474|W|132501644|lpUCM [RemoteSails.cpp:SendWithRetry:185] Successfully wrote 1052 bytes
[m[0;32;32m1970-01-01 07:04:34.477|I|132501644|lpUCM [RemoteSails.cpp:HandleResponse:149] HandleResponse started, buffer size: 1048
[m[0;32;32m1970-01-01 07:04:34.477|I|132501644|lpUCM [RemoteSails.cpp:HandleResponse:158] Successfully deserialized response, status: 0, result code: 0
[m[0;32;31m1970-01-01 07:04:34.477|E|132501644|lpUCM [IpccProtoMessage.cpp:SerializeParams:112] m_offset, 53248
[m[1;33m1970-01-01 07:04:34.477|W|132501644|lpUCM [RemoteSails.cpp:SendWithRetry:185] Successfully wrote 1052 bytes
[m[0;32;32m1970-01-01 07:04:34.506|I|132501644|lpUCM [RemoteSails.cpp:HandleResponse:149] HandleResponse started, buffer size: 1048
[m[0;32;32m1970-01-01 07:04:34.506|I|132501644|lpUCM [RemoteSails.cpp:HandleResponse:158] Successfully deserialized response, status: 0, result code: 0
[m[0;32;31m1970-01-01 07:04:34.506|E|132501644|lpUCM [IpccProtoMessage.cpp:SerializeParams:112] m_offset, 54272
[m[1;33m1970-01-01 07:04:34.506|W|132501644|lpUCM [RemoteSails.cpp:SendWithRetry:185] Successfully wrote 1052 bytes
[m[0;32;32m1970-01-01 07:04:34.513|I|132501644|lpUCM [RemoteSails.cpp:HandleResponse:149] HandleResponse started, buffer size: 1048
[m[0;32;32m1970-01-01 07:04:34.513|I|132501644|lpUCM [RemoteSails.cpp:HandleResponse:158] Successfully deserialized response, status: 0, result code: 0
[m[0;32;31m1970-01-01 07:04:34.513|E|132501644|lpUCM [IpccProtoMessage.cpp:SerializeParams:112] m_offset, 55296
[m[1;33m1970-01-01 07:04:34.513|W|132501644|lpUCM [RemoteSails.cpp:SendWithRetry:185] Successfully wrote 1052 bytes
[m[0;32;32m1970-01-01 07:04:34.516|I|132501644|lpUCM [RemoteSails.cpp:HandleResponse:149] HandleResponse started, buffer size: 1048
[m[0;32;32m1970-01-01 07:04:34.516|I|132501644|lpUCM [RemoteSails.cpp:HandleResponse:158] Successfully deserialized response, status: 0, result code: 0
[m[0;32;31m1970-01-01 07:04:34.516|E|132501644|lpUCM [IpccProtoMessage.cpp:SerializeParams:112] m_offset, 56320
[m[1;33m1970-01-01 07:04:34.516|W|132501644|lpUCM [RemoteSails.cpp:SendWithRetry:185] Successfully wrote 1052 bytes
[m[0;32;32m1970-01-01 07:04:34.523|I|132501644|lpUCM [RemoteSails.cpp:HandleResponse:149] HandleResponse started, buffer size: 1048
[m[0;32;32m1970-01-01 07:04:34.523|I|132501644|lpUCM [RemoteSails.cpp:HandleResponse:158] Successfully deserialized response, status: 0, result code: 0
[m[0;32;31m1970-01-01 07:04:34.523|E|132501644|lpUCM [IpccProtoMessage.cpp:SerializeParams:112] m_offset, 57344
[m[1;33m1970-01-01 07:04:34.523|W|132501644|lpUCM [RemoteSails.cpp:SendWithRetry:185] Successfully wrote 1052 bytes
[m[0;32;32m1970-01-01 07:04:34.556|I|132501644|lpUCM [RemoteSails.cpp:HandleResponse:149] HandleResponse started, buffer size: 1048
[m[0;32;32m1970-01-01 07:04:34.556|I|132501644|lpUCM [RemoteSails.cpp:HandleResponse:158] Successfully deserialized response, status: 0, result code: 0
[m[0;32;31m1970-01-01 07:04:34.556|E|132501644|lpUCM [IpccProtoMessage.cpp:SerializeParams:112] m_offset, 58368
[m[1;33m1970-01-01 07:04:34.556|W|132501644|lpUCM [RemoteSails.cpp:SendWithRetry:185] Successfully wrote 1052 bytes
[m[0;32;32m1970-01-01 07:04:34.560|I|132501644|lpUCM [RemoteSails.cpp:HandleResponse:149] HandleResponse started, buffer size: 1048
[m[0;32;32m1970-01-01 07:04:34.560|I|132501644|lpUCM [RemoteSails.cpp:HandleResponse:158] Successfully deserialized response, status: 0, result code: 0
[m[0;32;31m1970-01-01 07:04:34.560|E|132501644|lpUCM [IpccProtoMessage.cpp:SerializeParams:112] m_offset, 59392
[m[1;33m1970-01-01 07:04:34.560|W|132501644|lpUCM [RemoteSails.cpp:SendWithRetry:185] Successfully wrote 1052 bytes
[m[0;32;32m1970-01-01 07:04:34.564|I|132501644|lpUCM [RemoteSails.cpp:HandleResponse:149] HandleResponse started, buffer size: 1048
[m[0;32;32m1970-01-01 07:04:34.564|I|132501644|lpUCM [RemoteSails.cpp:HandleResponse:158] Successfully deserialized response, status: 0, result code: 0
[m[0;32;31m1970-01-01 07:04:34.564|E|132501644|lpUCM [IpccProtoMessage.cpp:SerializeParams:112] m_offset, 60416
[m[1;33m1970-01-01 07:04:34.564|W|132501644|lpUCM [RemoteSails.cpp:SendWithRetry:185] Successfully wrote 1052 bytes
[m[0;32;32m1970-01-01 07:04:34.568|I|132501644|lpUCM [RemoteSails.cpp:HandleResponse:149] HandleResponse started, buffer size: 1048
[m[0;32;32m1970-01-01 07:04:34.568|I|132501644|lpUCM [RemoteSails.cpp:HandleResponse:158] Successfully deserialized response, status: 0, result code: 0
[m[0;32;31m1970-01-01 07:04:34.568|E|132501644|lpUCM [IpccProtoMessage.cpp:SerializeParams:112] m_offset, 61440
[m[1;33m1970-01-01 07:04:34.568|W|132501644|lpUCM [RemoteSails.cpp:SendWithRetry:185] Successfully wrote 1052 bytes
[m[0;32;32m1970-01-01 07:04:34.598|I|132501644|lpUCM [RemoteSails.cpp:HandleResponse:149] HandleResponse started, buffer size: 1048
[m[0;32;32m1970-01-01 07:04:34.598|I|132501644|lpUCM [RemoteSails.cpp:HandleResponse:158] Successfully deserialized response, status: 0, result code: 0
[m[0;32;31m1970-01-01 07:04:34.598|E|132501644|lpUCM [IpccProtoMessage.cpp:SerializeParams:112] m_offset, 62464
[m[1;33m1970-01-01 07:04:34.598|W|132501644|lpUCM [RemoteSails.cpp:SendWithRetry:185] Successfully wrote 1052 bytes
[m[0;32;32m1970-01-01 07:04:34.601|I|132501644|lpUCM [RemoteSails.cpp:HandleResponse:149] HandleResponse started, buffer size: 1048
[m[0;32;32m1970-01-01 07:04:34.601|I|132501644|lpUCM [RemoteSails.cpp:HandleResponse:158] Successfully deserialized response, status: 0, result code: 0
[m[0;32;31m1970-01-01 07:04:34.601|E|132501644|lpUCM [IpccProtoMessage.cpp:SerializeParams:112] m_offset, 63488
[m[1;33m1970-01-01 07:04:34.601|W|132501644|lpUCM [RemoteSails.cpp:SendWithRetry:185] Successfully wrote 1052 bytes
[m[0;32;32m1970-01-01 07:04:34.604|I|132501644|lpUCM [RemoteSails.cpp:HandleResponse:149] HandleResponse started, buffer size: 1048
[m[0;32;32m1970-01-01 07:04:34.604|I|132501644|lpUCM [RemoteSails.cpp:HandleResponse:158] Successfully deserialized response, status: 0, result code: 0
[m[0;32;31m1970-01-01 07:04:34.604|E|132501644|lpUCM [IpccProtoMessage.cpp:SerializeParams:112] m_offset, 64512
[m[1;33m1970-01-01 07:04:34.604|W|132501644|lpUCM [RemoteSails.cpp:SendWithRetry:185] Successfully wrote 1052 bytes
[m[0;32;32m1970-01-01 07:04:34.607|I|132501644|lpUCM [RemoteSails.cpp:HandleResponse:149] HandleResponse started, buffer size: 1048
[m[0;32;32m1970-01-01 07:04:34.607|I|132501644|lpUCM [RemoteSails.cpp:HandleResponse:158] Successfully deserialized response, status: 0, result code: 0
[m[0;32;32m1970-01-01 07:04:34.607|I|132501644|lpUCM [RemoteSails.cpp:SailWriteData:272] All data already trans size 16384
[m[0;32;32m1970-01-01 07:04:34.607|I|132501644|lpUCM [fds.cpp:FDS_OnLocalUpgProgress:248] total: 23, curr:23, percent:16, rop:96%
[m[0;32;32m1970-01-01 07:04:34.607|I|132501644|lpUCM [RemoteSails.cpp:SailWriteData:254] total data is 16384
[m[0;32;31m1970-01-01 07:04:34.607|E|132501644|lpUCM [IpccProtoMessage.cpp:SerializeParams:112] m_offset, 65536
[m[1;33m1970-01-01 07:04:34.607|W|132501644|lpUCM [RemoteSails.cpp:SendWithRetry:185] Successfully wrote 1052 bytes
[m[0;32;32m1970-01-01 07:04:34.637|I|132501644|lpUCM [RemoteSails.cpp:HandleResponse:149] HandleResponse started, buffer size: 1048
[m[0;32;32m1970-01-01 07:04:34.637|I|132501644|lpUCM [RemoteSails.cpp:HandleResponse:158] Successfully deserialized response, status: 0, result code: 0
[m[0;32;31m1970-01-01 07:04:34.637|E|132501644|lpUCM [IpccProtoMessage.cpp:SerializeParams:112] m_offset, 66560
[m[1;33m1970-01-01 07:04:34.637|W|132501644|lpUCM [RemoteSails.cpp:SendWithRetry:185] Successfully wrote 1052 bytes
[m[0;32;32m1970-01-01 07:04:34.643|I|132501644|lpUCM [RemoteSails.cpp:HandleResponse:149] HandleResponse started, buffer size: 1048
[m[0;32;32m1970-01-01 07:04:34.643|I|132501644|lpUCM [RemoteSails.cpp:HandleResponse:158] Successfully deserialized response, status: 0, result code: 0
[m[0;32;31m1970-01-01 07:04:34.643|E|132501644|lpUCM [IpccProtoMessage.cpp:SerializeParams:112] m_offset, 67584
[m[1;33m1970-01-01 07:04:34.643|W|132501644|lpUCM [RemoteSails.cpp:SendWithRetry:185] Successfully wrote 1052 bytes
[m[0;32;32m1970-01-01 07:04:34.646|I|132501644|lpUCM [RemoteSails.cpp:HandleResponse:149] HandleResponse started, buffer size: 1048
[m[0;32;32m1970-01-01 07:04:34.646|I|132501644|lpUCM [RemoteSails.cpp:HandleResponse:158] Successfully deserialized response, status: 0, result code: 0
[m[0;32;31m1970-01-01 07:04:34.646|E|132501644|lpUCM [IpccProtoMessage.cpp:SerializeParams:112] m_offset, 68608
[m[1;33m1970-01-01 07:04:34.646|W|132501644|lpUCM [RemoteSails.cpp:SendWithRetry:185] Successfully wrote 1052 bytes
[m[0;32;32m1970-01-01 07:04:34.649|I|132501644|lpUCM [RemoteSails.cpp:HandleResponse:149] HandleResponse started, buffer size: 1048
[m[0;32;32m1970-01-01 07:04:34.649|I|132501644|lpUCM [RemoteSails.cpp:HandleResponse:158] Successfully deserialized response, status: 0, result code: 0
[m[0;32;31m1970-01-01 07:04:34.649|E|132501644|lpUCM [IpccProtoMessage.cpp:SerializeParams:112] m_offset, 69632
[m[1;33m1970-01-01 07:04:34.649|W|132501644|lpUCM [RemoteSails.cpp:SendWithRetry:185] Successfully wrote 1052 bytes
[m[0;32;32m1970-01-01 07:04:34.679|I|132501644|lpUCM [RemoteSails.cpp:HandleResponse:149] HandleResponse started, buffer size: 1048
[m[0;32;32m1970-01-01 07:04:34.679|I|132501644|lpUCM [RemoteSails.cpp:HandleResponse:158] Successfully deserialized response, status: 0, result code: 0
[m[0;32;31m1970-01-01 07:04:34.679|E|132501644|lpUCM [IpccProtoMessage.cpp:SerializeParams:112] m_offset, 70656
[m[1;33m1970-01-01 07:04:34.679|W|132501644|lpUCM [RemoteSails.cpp:SendWithRetry:185] Successfully wrote 1052 bytes
[m[0;32;32m1970-01-01 07:04:34.682|I|132501644|lpUCM [RemoteSails.cpp:HandleResponse:149] HandleResponse started, buffer size: 1048
[m[0;32;32m1970-01-01 07:04:34.682|I|132501644|lpUCM [RemoteSails.cpp:HandleResponse:158] Successfully deserialized response, status: 0, result code: 0
[m[0;32;31m1970-01-01 07:04:34.682|E|132501644|lpUCM [IpccProtoMessage.cpp:SerializeParams:112] m_offset, 71680
[m[1;33m1970-01-01 07:04:34.682|W|132501644|lpUCM [RemoteSails.cpp:SendWithRetry:185] Successfully wrote 1052 bytes
[m[0;32;32m1970-01-01 07:04:34.685|I|132501644|lpUCM [RemoteSails.cpp:HandleResponse:149] HandleResponse started, buffer size: 1048
[m[0;32;32m1970-01-01 07:04:34.685|I|132501644|lpUCM [RemoteSails.cpp:HandleResponse:158] Successfully deserialized response, status: 0, result code: 0
[m[0;32;31m1970-01-01 07:04:34.685|E|132501644|lpUCM [IpccProtoMessage.cpp:SerializeParams:112] m_offset, 72704
[m[1;33m1970-01-01 07:04:34.685|W|132501644|lpUCM [RemoteSails.cpp:SendWithRetry:185] Successfully wrote 1052 bytes
[m[0;32;32m1970-01-01 07:04:34.688|I|132501644|lpUCM [RemoteSails.cpp:HandleResponse:149] HandleResponse started, buffer size: 1048
[m[0;32;32m1970-01-01 07:04:34.688|I|132501644|lpUCM [RemoteSails.cpp:HandleResponse:158] Successfully deserialized response, status: 0, result code: 0
[m[0;32;31m1970-01-01 07:04:34.688|E|132501644|lpUCM [IpccProtoMessage.cpp:SerializeParams:112] m_offset, 73728
[m[1;33m1970-01-01 07:04:34.688|W|132501644|lpUCM [RemoteSails.cpp:SendWithRetry:185] Successfully wrote 1052 bytes
[m[0;32;32m1970-01-01 07:04:34.721|I|132501644|lpUCM [RemoteSails.cpp:HandleResponse:149] HandleResponse started, buffer size: 1048
[m[0;32;32m1970-01-01 07:04:34.721|I|132501644|lpUCM [RemoteSails.cpp:HandleResponse:158] Successfully deserialized response, status: 0, result code: 0
[m[0;32;31m1970-01-01 07:04:34.721|E|132501644|lpUCM [IpccProtoMessage.cpp:SerializeParams:112] m_offset, 74752
[m[1;33m1970-01-01 07:04:34.721|W|132501644|lpUCM [RemoteSails.cpp:SendWithRetry:185] Successfully wrote 1052 bytes
[m[0;32;32m1970-01-01 07:04:34.724|I|132501644|lpUCM [RemoteSails.cpp:HandleResponse:149] HandleResponse started, buffer size: 1048
[m[0;32;32m1970-01-01 07:04:34.724|I|132501644|lpUCM [RemoteSails.cpp:HandleResponse:158] Successfully deserialized response, status: 0, result code: 0
[m[0;32;31m1970-01-01 07:04:34.724|E|132501644|lpUCM [IpccProtoMessage.cpp:SerializeParams:112] m_offset, 75776
[m[1;33m1970-01-01 07:04:34.724|W|132501644|lpUCM [RemoteSails.cpp:SendWithRetry:185] Successfully wrote 1052 bytes
[m[0;32;32m1970-01-01 07:04:34.727|I|132501644|lpUCM [RemoteSails.cpp:HandleResponse:149] HandleResponse started, buffer size: 1048
[m[0;32;32m1970-01-01 07:04:34.727|I|132501644|lpUCM [RemoteSails.cpp:HandleResponse:158] Successfully deserialized response, status: 0, result code: 0
[m[0;32;31m1970-01-01 07:04:34.727|E|132501644|lpUCM [IpccProtoMessage.cpp:SerializeParams:112] m_offset, 76800
[m[1;33m1970-01-01 07:04:34.727|W|132501644|lpUCM [RemoteSails.cpp:SendWithRetry:185] Successfully wrote 1052 bytes
[m[0;32;32m1970-01-01 07:04:34.733|I|132501644|lpUCM [RemoteSails.cpp:HandleResponse:149] HandleResponse started, buffer size: 1048
[m[0;32;32m1970-01-01 07:04:34.733|I|132501644|lpUCM [RemoteSails.cpp:HandleResponse:158] Successfully deserialized response, status: 0, result code: 0
[m[0;32;31m1970-01-01 07:04:34.733|E|132501644|lpUCM [IpccProtoMessage.cpp:SerializeParams:112] m_offset, 77824
[m[1;33m1970-01-01 07:04:34.733|W|132501644|lpUCM [RemoteSails.cpp:SendWithRetry:185] Successfully wrote 1052 bytes
[m[0;32;32m1970-01-01 07:04:34.764|I|132501644|lpUCM [RemoteSails.cpp:HandleResponse:149] HandleResponse started, buffer size: 1048
[m[0;32;32m1970-01-01 07:04:34.764|I|132501644|lpUCM [RemoteSails.cpp:HandleResponse:158] Successfully deserialized response, status: 0, result code: 0
[m[0;32;31m1970-01-01 07:04:34.764|E|132501644|lpUCM [IpccProtoMessage.cpp:SerializeParams:112] m_offset, 78848
[m[1;33m1970-01-01 07:04:34.764|W|132501644|lpUCM [RemoteSails.cpp:SendWithRetry:185] Successfully wrote 1052 bytes
[m[0;32;32m1970-01-01 07:04:34.768|I|132501644|lpUCM [RemoteSails.cpp:HandleResponse:149] HandleResponse started, buffer size: 1048
[m[0;32;32m1970-01-01 07:04:34.768|I|132501644|lpUCM [RemoteSails.cpp:HandleResponse:158] Successfully deserialized response, status: 0, result code: 0
[m[0;32;31m1970-01-01 07:04:34.768|E|132501644|lpUCM [IpccProtoMessage.cpp:SerializeParams:112] m_offset, 79872
[m[1;33m1970-01-01 07:04:34.768|W|132501644|lpUCM [RemoteSails.cpp:SendWithRetry:185] Successfully wrote 1052 bytes
[m[0;32;32m1970-01-01 07:04:34.775|I|132501644|lpUCM [RemoteSails.cpp:HandleResponse:149] HandleResponse started, buffer size: 1048
[m[0;32;32m1970-01-01 07:04:34.775|I|132501644|lpUCM [RemoteSails.cpp:HandleResponse:158] Successfully deserialized response, status: 0, result code: 0
[m[0;32;31m1970-01-01 07:04:34.775|E|132501644|lpUCM [IpccProtoMessage.cpp:SerializeParams:112] m_offset, 80896
[m[1;33m1970-01-01 07:04:34.775|W|132501644|lpUCM [RemoteSails.cpp:SendWithRetry:185] Successfully wrote 1052 bytes
[m[0;32;32m1970-01-01 07:04:34.778|I|132501644|lpUCM [RemoteSails.cpp:HandleResponse:149] HandleResponse started, buffer size: 1048
[m[0;32;32m1970-01-01 07:04:34.778|I|132501644|lpUCM [RemoteSails.cpp:HandleResponse:158] Successfully deserialized response, status: 0, result code: 0
[m[0;32;32m1970-01-01 07:04:34.778|I|132501644|lpUCM [RemoteSails.cpp:SailWriteData:272] All data already trans size 16384
[m[0;32;32m1970-01-01 07:04:34.778|I|132501644|lpUCM [fds.cpp:FDS_OnLocalUpgProgress:248] total: 23, curr:23, percent:17, rop:96%
[m[0;32;32m1970-01-01 07:04:34.778|I|132501644|lpUCM [RemoteSails.cpp:SailWriteData:254] total data is 16384
[m[0;32;31m1970-01-01 07:04:34.778|E|132501644|lpUCM [IpccProtoMessage.cpp:SerializeParams:112] m_offset, 81920
[m[1;33m1970-01-01 07:04:34.778|W|132501644|lpUCM [RemoteSails.cpp:SendWithRetry:185] Successfully wrote 1052 bytes
[m[0;32;32m1970-01-01 07:04:34.809|I|132501644|lpUCM [RemoteSails.cpp:HandleResponse:149] HandleResponse started, buffer size: 1048
[m[0;32;32m1970-01-01 07:04:34.809|I|132501644|lpUCM [RemoteSails.cpp:HandleResponse:158] Successfully deserialized response, status: 0, result code: 0
[m[0;32;31m1970-01-01 07:04:34.809|E|132501644|lpUCM [IpccProtoMessage.cpp:SerializeParams:112] m_offset, 82944
[m[1;33m1970-01-01 07:04:34.809|W|132501644|lpUCM [RemoteSails.cpp:SendWithRetry:185] Successfully wrote 1052 bytes
[m[0;32;32m1970-01-01 07:04:34.812|I|132501644|lpUCM [RemoteSails.cpp:HandleResponse:149] HandleResponse started, buffer size: 1048
[m[0;32;32m1970-01-01 07:04:34.812|I|132501644|lpUCM [RemoteSails.cpp:HandleResponse:158] Successfully deserialized response, status: 0, result code: 0
[m[0;32;31m1970-01-01 07:04:34.812|E|132501644|lpUCM [IpccProtoMessage.cpp:SerializeParams:112] m_offset, 83968
[m[1;33m1970-01-01 07:04:34.812|W|132501644|lpUCM [RemoteSails.cpp:SendWithRetry:185] Successfully wrote 1052 bytes
[m[0;32;32m1970-01-01 07:04:34.815|I|132501644|lpUCM [RemoteSails.cpp:HandleResponse:149] HandleResponse started, buffer size: 1048
[m[0;32;32m1970-01-01 07:04:34.815|I|132501644|lpUCM [RemoteSails.cpp:HandleResponse:158] Successfully deserialized response, status: 0, result code: 0
[m[0;32;31m1970-01-01 07:04:34.815|E|132501644|lpUCM [IpccProtoMessage.cpp:SerializeParams:112] m_offset, 84992
[m[1;33m1970-01-01 07:04:34.815|W|132501644|lpUCM [RemoteSails.cpp:SendWithRetry:185] Successfully wrote 1052 bytes
[m[0;32;32m1970-01-01 07:04:34.818|I|132501644|lpUCM [RemoteSails.cpp:HandleResponse:149] HandleResponse started, buffer size: 1048
[m[0;32;32m1970-01-01 07:04:34.818|I|132501644|lpUCM [RemoteSails.cpp:HandleResponse:158] Successfully deserialized response, status: 0, result code: 0
[m[0;32;31m1970-01-01 07:04:34.818|E|132501644|lpUCM [IpccProtoMessage.cpp:SerializeParams:112] m_offset, 86016
[m[1;33m1970-01-01 07:04:34.818|W|132501644|lpUCM [RemoteSails.cpp:SendWithRetry:185] Successfully wrote 1052 bytes
[m[0;32;32m1970-01-01 07:04:34.851|I|132501644|lpUCM [RemoteSails.cpp:HandleResponse:149] HandleResponse started, buffer size: 1048
[m[0;32;32m1970-01-01 07:04:34.851|I|132501644|lpUCM [RemoteSails.cpp:HandleResponse:158] Successfully deserialized response, status: 0, result code: 0
[m[0;32;31m1970-01-01 07:04:34.851|E|132501644|lpUCM [IpccProtoMessage.cpp:SerializeParams:112] m_offset, 87040
[m[1;33m1970-01-01 07:04:34.851|W|132501644|lpUCM [RemoteSails.cpp:SendWithRetry:185] Successfully wrote 1052 bytes
[m[0;32;32m1970-01-01 07:04:34.854|I|132501644|lpUCM [RemoteSails.cpp:HandleResponse:149] HandleResponse started, buffer size: 1048
[m[0;32;32m1970-01-01 07:04:34.854|I|132501644|lpUCM [RemoteSails.cpp:HandleResponse:158] Successfully deserialized response, status: 0, result code: 0
[m[0;32;31m1970-01-01 07:04:34.854|E|132501644|lpUCM [IpccProtoMessage.cpp:SerializeParams:112] m_offset, 88064
[m[1;33m1970-01-01 07:04:34.854|W|132501644|lpUCM [RemoteSails.cpp:SendWithRetry:185] Successfully wrote 1052 bytes
[m[0;32;32m1970-01-01 07:04:34.857|I|132501644|lpUCM [RemoteSails.cpp:HandleResponse:149] HandleResponse started, buffer size: 1048
[m[0;32;32m1970-01-01 07:04:34.857|I|132501644|lpUCM [RemoteSails.cpp:HandleResponse:158] Successfully deserialized response, status: 0, result code: 0
[m[0;32;31m1970-01-01 07:04:34.857|E|132501644|lpUCM [IpccProtoMessage.cpp:SerializeParams:112] m_offset, 89088
[m[1;33m1970-01-01 07:04:34.857|W|132501644|lpUCM [RemoteSails.cpp:SendWithRetry:185] Successfully wrote 1052 bytes
[m[0;32;32m1970-01-01 07:04:34.863|I|132501644|lpUCM [RemoteSails.cpp:HandleResponse:149] HandleResponse started, buffer size: 1048
[m[0;32;32m1970-01-01 07:04:34.863|I|132501644|lpUCM [RemoteSails.cpp:HandleResponse:158] Successfully deserialized response, status: 0, result code: 0
[m[0;32;31m1970-01-01 07:04:34.863|E|132501644|lpUCM [IpccProtoMessage.cpp:SerializeParams:112] m_offset, 90112
[m[1;33m1970-01-01 07:04:34.863|W|132501644|lpUCM [RemoteSails.cpp:SendWithRetry:185] Successfully wrote 1052 bytes
[m[0;32;32m1970-01-01 07:04:34.895|I|132501644|lpUCM [RemoteSails.cpp:HandleResponse:149] HandleResponse started, buffer size: 1048
[m[0;32;32m1970-01-01 07:04:34.895|I|132501644|lpUCM [RemoteSails.cpp:HandleResponse:158] Successfully deserialized response, status: 0, result code: 0
[m[0;32;31m1970-01-01 07:04:34.895|E|132501644|lpUCM [IpccProtoMessage.cpp:SerializeParams:112] m_offset, 91136
[m[1;33m1970-01-01 07:04:34.895|W|132501644|lpUCM [RemoteSails.cpp:SendWithRetry:185] Successfully wrote 1052 bytes
[m[0;32;32m1970-01-01 07:04:34.898|I|132501644|lpUCM [RemoteSails.cpp:HandleResponse:149] HandleResponse started, buffer size: 1048
[m[0;32;32m1970-01-01 07:04:34.898|I|132501644|lpUCM [RemoteSails.cpp:HandleResponse:158] Successfully deserialized response, status: 0, result code: 0
[m[0;32;31m1970-01-01 07:04:34.898|E|132501644|lpUCM [IpccProtoMessage.cpp:SerializeParams:112] m_offset, 92160
[m[1;33m1970-01-01 07:04:34.898|W|132501644|lpUCM [RemoteSails.cpp:SendWithRetry:185] Successfully wrote 1052 bytes
[m[0;32;32m1970-01-01 07:04:34.902|I|132501644|lpUCM [RemoteSails.cpp:HandleResponse:149] HandleResponse started, buffer size: 1048
[m[0;32;32m1970-01-01 07:04:34.902|I|132501644|lpUCM [RemoteSails.cpp:HandleResponse:158] Successfully deserialized response, status: 0, result code: 0
[m[0;32;31m1970-01-01 07:04:34.902|E|132501644|lpUCM [IpccProtoMessage.cpp:SerializeParams:112] m_offset, 93184
[m[1;33m1970-01-01 07:04:34.902|W|132501644|lpUCM [RemoteSails.cpp:SendWithRetry:185] Successfully wrote 1052 bytes
[m[0;32;32m1970-01-01 07:04:34.905|I|132501644|lpUCM [RemoteSails.cpp:HandleResponse:149] HandleResponse started, buffer size: 1048
[m[0;32;32m1970-01-01 07:04:34.905|I|132501644|lpUCM [RemoteSails.cpp:HandleResponse:158] Successfully deserialized response, status: 0, result code: 0
[m[0;32;31m1970-01-01 07:04:34.905|E|132501644|lpUCM [IpccProtoMessage.cpp:SerializeParams:112] m_offset, 94208
[m[1;33m1970-01-01 07:04:34.905|W|132501644|lpUCM [RemoteSails.cpp:SendWithRetry:185] Successfully wrote 1052 bytes
[m[0;32;32m1970-01-01 07:04:34.935|I|132501644|lpUCM [RemoteSails.cpp:HandleResponse:149] HandleResponse started, buffer size: 1048
[m[0;32;32m1970-01-01 07:04:34.935|I|132501644|lpUCM [RemoteSails.cpp:HandleResponse:158] Successfully deserialized response, status: 0, result code: 0
[m[0;32;31m1970-01-01 07:04:34.935|E|132501644|lpUCM [IpccProtoMessage.cpp:SerializeParams:112] m_offset, 95232
[m[1;33m1970-01-01 07:04:34.935|W|132501644|lpUCM [RemoteSails.cpp:SendWithRetry:185] Successfully wrote 1052 bytes
[m[0;32;32m1970-01-01 07:04:34.938|I|132501644|lpUCM [RemoteSails.cpp:HandleResponse:149] HandleResponse started, buffer size: 1048
[m[0;32;32m1970-01-01 07:04:34.938|I|132501644|lpUCM [RemoteSails.cpp:HandleResponse:158] Successfully deserialized response, status: 0, result code: 0
[m[0;32;31m1970-01-01 07:04:34.938|E|132501644|lpUCM [IpccProtoMessage.cpp:SerializeParams:112] m_offset, 96256
[m[1;33m1970-01-01 07:04:34.938|W|132501644|lpUCM [RemoteSails.cpp:SendWithRetry:185] Successfully wrote 1052 bytes
[m[0;32;32m1970-01-01 07:04:34.942|I|132501644|lpUCM [RemoteSails.cpp:HandleResponse:149] HandleResponse started, buffer size: 1048
[m[0;32;32m1970-01-01 07:04:34.942|I|132501644|lpUCM [RemoteSails.cpp:HandleResponse:158] Successfully deserialized response, status: 0, result code: 0
[m[0;32;31m1970-01-01 07:04:34.942|E|132501644|lpUCM [IpccProtoMessage.cpp:SerializeParams:112] m_offset, 97280
[m[1;33m1970-01-01 07:04:34.942|W|132501644|lpUCM [RemoteSails.cpp:SendWithRetry:185] Successfully wrote 1052 bytes
[m[0;32;32m1970-01-01 07:04:34.946|I|132501644|lpUCM [RemoteSails.cpp:HandleResponse:149] HandleResponse started, buffer size: 1048
[m[0;32;32m1970-01-01 07:04:34.946|I|132501644|lpUCM [RemoteSails.cpp:HandleResponse:158] Successfully deserialized response, status: 0, result code: 0
[m[0;32;32m1970-01-01 07:04:34.946|I|132501644|lpUCM [RemoteSails.cpp:SailWriteData:272] All data already trans size 16384
[m[0;32;32m1970-01-01 07:04:34.946|I|132501644|lpUCM [fds.cpp:FDS_OnLocalUpgProgress:248] total: 23, curr:23, percent:18, rop:96%
[m[0;32;32m1970-01-01 07:04:34.946|I|132501644|lpUCM [RemoteSails.cpp:SailWriteData:254] total data is 16384
[m[0;32;31m1970-01-01 07:04:34.946|E|132501644|lpUCM [IpccProtoMessage.cpp:SerializeParams:112] m_offset, 98304
[m[1;33m1970-01-01 07:04:34.946|W|132501644|lpUCM [RemoteSails.cpp:SendWithRetry:185] Successfully wrote 1052 bytes
[m[0;32;32m1970-01-01 07:04:34.976|I|132501644|lpUCM [RemoteSails.cpp:HandleResponse:149] HandleResponse started, buffer size: 1048
[m[0;32;32m1970-01-01 07:04:34.976|I|132501644|lpUCM [RemoteSails.cpp:HandleResponse:158] Successfully deserialized response, status: 0, result code: 0
[m[0;32;31m1970-01-01 07:04:34.976|E|132501644|lpUCM [IpccProtoMessage.cpp:SerializeParams:112] m_offset, 99328
[m[1;33m1970-01-01 07:04:34.976|W|132501644|lpUCM [RemoteSails.cpp:SendWithRetry:185] Successfully wrote 1052 bytes
[m[0;32;32m1970-01-01 07:04:34.979|I|132501644|lpUCM [RemoteSails.cpp:HandleResponse:149] HandleResponse started, buffer size: 1048
[m[0;32;32m1970-01-01 07:04:34.979|I|132501644|lpUCM [RemoteSails.cpp:HandleResponse:158] Successfully deserialized response, status: 0, result code: 0
[m[0;32;31m1970-01-01 07:04:34.979|E|132501644|lpUCM [IpccProtoMessage.cpp:SerializeParams:112] m_offset, 100352
[m[1;33m1970-01-01 07:04:34.979|W|132501644|lpUCM [RemoteSails.cpp:SendWithRetry:185] Successfully wrote 1052 bytes
[m[0;32;32m1970-01-01 07:04:34.982|I|132501644|lpUCM [RemoteSails.cpp:HandleResponse:149] HandleResponse started, buffer size: 1048
[m[0;32;32m1970-01-01 07:04:34.982|I|132501644|lpUCM [RemoteSails.cpp:HandleResponse:158] Successfully deserialized response, status: 0, result code: 0
[m[0;32;31m1970-01-01 07:04:34.982|E|132501644|lpUCM [IpccProtoMessage.cpp:SerializeParams:112] m_offset, 101376
[m[1;33m1970-01-01 07:04:34.982|W|132501644|lpUCM [RemoteSails.cpp:SendWithRetry:185] Successfully wrote 1052 bytes
[m[0;32;32m1970-01-01 07:04:34.985|I|132501644|lpUCM [RemoteSails.cpp:HandleResponse:149] HandleResponse started, buffer size: 1048
[m[0;32;32m1970-01-01 07:04:34.985|I|132501644|lpUCM [RemoteSails.cpp:HandleResponse:158] Successfully deserialized response, status: 0, result code: 0
[m[0;32;31m1970-01-01 07:04:34.985|E|132501644|lpUCM [IpccProtoMessage.cpp:SerializeParams:112] m_offset, 102400
[m[1;33m1970-01-01 07:04:34.985|W|132501644|lpUCM [RemoteSails.cpp:SendWithRetry:185] Successfully wrote 1052 bytes
[m[0;32;32m1970-01-01 07:04:35.15|I|132501644|lpUCM [RemoteSails.cpp:HandleResponse:149] HandleResponse started, buffer size: 1048
[m[0;32;32m1970-01-01 07:04:35.15|I|132501644|lpUCM [RemoteSails.cpp:HandleResponse:158] Successfully deserialized response, status: 0, result code: 0
[m[0;32;31m1970-01-01 07:04:35.15|E|132501644|lpUCM [IpccProtoMessage.cpp:SerializeParams:112] m_offset, 103424
[m[1;33m1970-01-01 07:04:35.15|W|132501644|lpUCM [RemoteSails.cpp:SendWithRetry:185] Successfully wrote 1052 bytes
[m[0;32;32m1970-01-01 07:04:35.18|I|132501644|lpUCM [RemoteSails.cpp:HandleResponse:149] HandleResponse started, buffer size: 1048
[m[0;32;32m1970-01-01 07:04:35.18|I|132501644|lpUCM [RemoteSails.cpp:HandleResponse:158] Successfully deserialized response, status: 0, result code: 0
[m[0;32;31m1970-01-01 07:04:35.18|E|132501644|lpUCM [IpccProtoMessage.cpp:SerializeParams:112] m_offset, 104448
[m[1;33m1970-01-01 07:04:35.18|W|132501644|lpUCM [RemoteSails.cpp:SendWithRetry:185] Successfully wrote 1052 bytes
[m[0;32;32m1970-01-01 07:04:35.24|I|132501644|lpUCM [RemoteSails.cpp:HandleResponse:149] HandleResponse started, buffer size: 1048
[m[0;32;32m1970-01-01 07:04:35.24|I|132501644|lpUCM [RemoteSails.cpp:HandleResponse:158] Successfully deserialized response, status: 0, result code: 0
[m[0;32;31m1970-01-01 07:04:35.24|E|132501644|lpUCM [IpccProtoMessage.cpp:SerializeParams:112] m_offset, 105472
[m[1;33m1970-01-01 07:04:35.24|W|132501644|lpUCM [RemoteSails.cpp:SendWithRetry:185] Successfully wrote 1052 bytes
[m[0;32;32m1970-01-01 07:04:35.27|I|132501644|lpUCM [RemoteSails.cpp:HandleResponse:149] HandleResponse started, buffer size: 1048
[m[0;32;32m1970-01-01 07:04:35.27|I|132501644|lpUCM [RemoteSails.cpp:HandleResponse:158] Successfully deserialized response, status: 0, result code: 0
[m[0;32;31m1970-01-01 07:04:35.27|E|132501644|lpUCM [IpccProtoMessage.cpp:SerializeParams:112] m_offset, 106496
[m[1;33m1970-01-01 07:04:35.27|W|132501644|lpUCM [RemoteSails.cpp:SendWithRetry:185] Successfully wrote 1052 bytes
[m[0;32;32m1970-01-01 07:04:35.57|I|132501644|lpUCM [RemoteSails.cpp:HandleResponse:149] HandleResponse started, buffer size: 1048
[m[0;32;32m1970-01-01 07:04:35.57|I|132501644|lpUCM [RemoteSails.cpp:HandleResponse:158] Successfully deserialized response, status: 0, result code: 0
[m[0;32;31m1970-01-01 07:04:35.57|E|132501644|lpUCM [IpccProtoMessage.cpp:SerializeParams:112] m_offset, 107520
[m[1;33m1970-01-01 07:04:35.57|W|132501644|lpUCM [RemoteSails.cpp:SendWithRetry:185] Successfully wrote 1052 bytes
[m[0;32;32m1970-01-01 07:04:35.63|I|132501644|lpUCM [RemoteSails.cpp:HandleResponse:149] HandleResponse started, buffer size: 1048
[m[0;32;32m1970-01-01 07:04:35.63|I|132501644|lpUCM [RemoteSails.cpp:HandleResponse:158] Successfully deserialized response, status: 0, result code: 0
[m[0;32;31m1970-01-01 07:04:35.63|E|132501644|lpUCM [IpccProtoMessage.cpp:SerializeParams:112] m_offset, 108544
[m[1;33m1970-01-01 07:04:35.63|W|132501644|lpUCM [RemoteSails.cpp:SendWithRetry:185] Successfully wrote 1052 bytes
[m[0;32;32m1970-01-01 07:04:35.66|I|132501644|lpUCM [RemoteSails.cpp:HandleResponse:149] HandleResponse started, buffer size: 1048
[m[0;32;32m1970-01-01 07:04:35.66|I|132501644|lpUCM [RemoteSails.cpp:HandleResponse:158] Successfully deserialized response, status: 0, result code: 0
[m[0;32;31m1970-01-01 07:04:35.66|E|132501644|lpUCM [IpccProtoMessage.cpp:SerializeParams:112] m_offset, 109568
[m[1;33m1970-01-01 07:04:35.66|W|132501644|lpUCM [RemoteSails.cpp:SendWithRetry:185] Successfully wrote 1052 bytes
[m[0;32;32m1970-01-01 07:04:35.72|I|132501644|lpUCM [RemoteSails.cpp:HandleResponse:149] HandleResponse started, buffer size: 1048
[m[0;32;32m1970-01-01 07:04:35.72|I|132501644|lpUCM [RemoteSails.cpp:HandleResponse:158] Successfully deserialized response, status: 0, result code: 0
[m[0;32;31m1970-01-01 07:04:35.72|E|132501644|lpUCM [IpccProtoMessage.cpp:SerializeParams:112] m_offset, 110592
[m[1;33m1970-01-01 07:04:35.72|W|132501644|lpUCM [RemoteSails.cpp:SendWithRetry:185] Successfully wrote 1052 bytes
[m[0;32;32m1970-01-01 07:04:35.102|I|132501644|lpUCM [RemoteSails.cpp:HandleResponse:149] HandleResponse started, buffer size: 1048
[m[0;32;32m1970-01-01 07:04:35.102|I|132501644|lpUCM [RemoteSails.cpp:HandleResponse:158] Successfully deserialized response, status: 0, result code: 0
[m[0;32;31m1970-01-01 07:04:35.102|E|132501644|lpUCM [IpccProtoMessage.cpp:SerializeParams:112] m_offset, 111616
[m[1;33m1970-01-01 07:04:35.102|W|132501644|lpUCM [RemoteSails.cpp:SendWithRetry:185] Successfully wrote 1052 bytes
[m[0;32;32m1970-01-01 07:04:35.105|I|132501644|lpUCM [RemoteSails.cpp:HandleResponse:149] HandleResponse started, buffer size: 1048
[m[0;32;32m1970-01-01 07:04:35.105|I|132501644|lpUCM [RemoteSails.cpp:HandleResponse:158] Successfully deserialized response, status: 0, result code: 0
[m[0;32;31m1970-01-01 07:04:35.105|E|132501644|lpUCM [IpccProtoMessage.cpp:SerializeParams:112] m_offset, 112640
[m[1;33m1970-01-01 07:04:35.105|W|132501644|lpUCM [RemoteSails.cpp:SendWithRetry:185] Successfully wrote 1052 bytes
[m[0;32;32m1970-01-01 07:04:35.108|I|132501644|lpUCM [RemoteSails.cpp:HandleResponse:149] HandleResponse started, buffer size: 1048
[m[0;32;32m1970-01-01 07:04:35.108|I|132501644|lpUCM [RemoteSails.cpp:HandleResponse:158] Successfully deserialized response, status: 0, result code: 0
[m[0;32;31m1970-01-01 07:04:35.108|E|132501644|lpUCM [IpccProtoMessage.cpp:SerializeParams:112] m_offset, 113664
[m[1;33m1970-01-01 07:04:35.108|W|132501644|lpUCM [RemoteSails.cpp:SendWithRetry:185] Successfully wrote 1052 bytes
[m[0;32;32m1970-01-01 07:04:35.112|I|132501644|lpUCM [RemoteSails.cpp:HandleResponse:149] HandleResponse started, buffer size: 1048
[m[0;32;32m1970-01-01 07:04:35.112|I|132501644|lpUCM [RemoteSails.cpp:HandleResponse:158] Successfully deserialized response, status: 0, result code: 0
[m[0;32;32m1970-01-01 07:04:35.112|I|132501644|lpUCM [RemoteSails.cpp:SailWriteData:272] All data already trans size 16384
[m[0;32;32m1970-01-01 07:04:35.112|I|132501644|lpUCM [fds.cpp:FDS_OnLocalUpgProgress:248] total: 23, curr:23, percent:19, rop:96%
[m[0;32;32m1970-01-01 07:04:35.112|I|132501644|lpUCM [RemoteSails.cpp:SailWriteData:254] total data is 16384
[m[0;32;31m1970-01-01 07:04:35.112|E|132501644|lpUCM [IpccProtoMessage.cpp:SerializeParams:112] m_offset, 114688
[m[1;33m1970-01-01 07:04:35.112|W|132501644|lpUCM [RemoteSails.cpp:SendWithRetry:185] Successfully wrote 1052 bytes
[m[0;32;32m1970-01-01 07:04:35.143|I|132501644|lpUCM [RemoteSails.cpp:HandleResponse:149] HandleResponse started, buffer size: 1048
[m[0;32;32m1970-01-01 07:04:35.143|I|132501644|lpUCM [RemoteSails.cpp:HandleResponse:158] Successfully deserialized response, status: 0, result code: 0
[m[0;32;31m1970-01-01 07:04:35.143|E|132501644|lpUCM [IpccProtoMessage.cpp:SerializeParams:112] m_offset, 115712
[m[1;33m1970-01-01 07:04:35.143|W|132501644|lpUCM [RemoteSails.cpp:SendWithRetry:185] Successfully wrote 1052 bytes
[m[0;32;32m1970-01-01 07:04:35.146|I|132501644|lpUCM [RemoteSails.cpp:HandleResponse:149] HandleResponse started, buffer size: 1048
[m[0;32;32m1970-01-01 07:04:35.146|I|132501644|lpUCM [RemoteSails.cpp:HandleResponse:158] Successfully deserialized response, status: 0, result code: 0
[m[0;32;31m1970-01-01 07:04:35.146|E|132501644|lpUCM [IpccProtoMessage.cpp:SerializeParams:112] m_offset, 116736
[m[1;33m1970-01-01 07:04:35.146|W|132501644|lpUCM [RemoteSails.cpp:SendWithRetry:185] Successfully wrote 1052 bytes
[m[0;32;32m1970-01-01 07:04:35.152|I|132501644|lpUCM [RemoteSails.cpp:HandleResponse:149] HandleResponse started, buffer size: 1048
[m[0;32;32m1970-01-01 07:04:35.152|I|132501644|lpUCM [RemoteSails.cpp:HandleResponse:158] Successfully deserialized response, status: 0, result code: 0
[m[0;32;31m1970-01-01 07:04:35.152|E|132501644|lpUCM [IpccProtoMessage.cpp:SerializeParams:112] m_offset, 117760
[m[1;33m1970-01-01 07:04:35.152|W|132501644|lpUCM [RemoteSails.cpp:SendWithRetry:185] Successfully wrote 1052 bytes
[m[0;32;32m1970-01-01 07:04:35.156|I|132501644|lpUCM [RemoteSails.cpp:HandleResponse:149] HandleResponse started, buffer size: 1048
[m[0;32;32m1970-01-01 07:04:35.156|I|132501644|lpUCM [RemoteSails.cpp:HandleResponse:158] Successfully deserialized response, status: 0, result code: 0
[m[0;32;31m1970-01-01 07:04:35.156|E|132501644|lpUCM [IpccProtoMessage.cpp:SerializeParams:112] m_offset, 118784
[m[1;33m1970-01-01 07:04:35.156|W|132501644|lpUCM [RemoteSails.cpp:SendWithRetry:185] Successfully wrote 1052 bytes
[m[0;32;32m1970-01-01 07:04:35.194|I|132501644|lpUCM [RemoteSails.cpp:HandleResponse:149] HandleResponse started, buffer size: 1048
[m[0;32;32m1970-01-01 07:04:35.194|I|132501644|lpUCM [RemoteSails.cpp:HandleResponse:158] Successfully deserialized response, status: 0, result code: 0
[m[0;32;31m1970-01-01 07:04:35.194|E|132501644|lpUCM [IpccProtoMessage.cpp:SerializeParams:112] m_offset, 119808
[m[1;33m1970-01-01 07:04:35.194|W|132501644|lpUCM [RemoteSails.cpp:SendWithRetry:185] Successfully wrote 1052 bytes
[m[0;32;32m1970-01-01 07:04:35.197|I|132501644|lpUCM [RemoteSails.cpp:HandleResponse:149] HandleResponse started, buffer size: 1048
[m[0;32;32m1970-01-01 07:04:35.197|I|132501644|lpUCM [RemoteSails.cpp:HandleResponse:158] Successfully deserialized response, status: 0, result code: 0
[m[0;32;31m1970-01-01 07:04:35.197|E|132501644|lpUCM [IpccProtoMessage.cpp:SerializeParams:112] m_offset, 120832
[m[1;33m1970-01-01 07:04:35.197|W|132501644|lpUCM [RemoteSails.cpp:SendWithRetry:185] Successfully wrote 1052 bytes
[m[0;32;32m1970-01-01 07:04:35.203|I|132501644|lpUCM [RemoteSails.cpp:HandleResponse:149] HandleResponse started, buffer size: 1048
[m[0;32;32m1970-01-01 07:04:35.203|I|132501644|lpUCM [RemoteSails.cpp:HandleResponse:158] Successfully deserialized response, status: 0, result code: 0
[m[0;32;31m1970-01-01 07:04:35.203|E|132501644|lpUCM [IpccProtoMessage.cpp:SerializeParams:112] m_offset, 121856
[m[1;33m1970-01-01 07:04:35.203|W|132501644|lpUCM [RemoteSails.cpp:SendWithRetry:185] Successfully wrote 1052 bytes
[m[0;32;32m1970-01-01 07:04:35.206|I|132501644|lpUCM [RemoteSails.cpp:HandleResponse:149] HandleResponse started, buffer size: 1048
[m[0;32;32m1970-01-01 07:04:35.206|I|132501644|lpUCM [RemoteSails.cpp:HandleResponse:158] Successfully deserialized response, status: 0, result code: 0
[m[0;32;31m1970-01-01 07:04:35.206|E|132501644|lpUCM [IpccProtoMessage.cpp:SerializeParams:112] m_offset, 122880
[m[1;33m1970-01-01 07:04:35.206|W|132501644|lpUCM [RemoteSails.cpp:SendWithRetry:185] Successfully wrote 1052 bytes
[m[0;32;32m1970-01-01 07:04:35.238|I|132501644|lpUCM [RemoteSails.cpp:HandleResponse:149] HandleResponse started, buffer size: 1048
[m[0;32;32m1970-01-01 07:04:35.238|I|132501644|lpUCM [RemoteSails.cpp:HandleResponse:158] Successfully deserialized response, status: 0, result code: 0
[m[0;32;31m1970-01-01 07:04:35.238|E|132501644|lpUCM [IpccProtoMessage.cpp:SerializeParams:112] m_offset, 123904
[m[1;33m1970-01-01 07:04:35.238|W|132501644|lpUCM [RemoteSails.cpp:SendWithRetry:185] Successfully wrote 1052 bytes
[m[0;32;32m1970-01-01 07:04:35.242|I|132501644|lpUCM [RemoteSails.cpp:HandleResponse:149] HandleResponse started, buffer size: 1048
[m[0;32;32m1970-01-01 07:04:35.242|I|132501644|lpUCM [RemoteSails.cpp:HandleResponse:158] Successfully deserialized response, status: 0, result code: 0
[m[0;32;31m1970-01-01 07:04:35.242|E|132501644|lpUCM [IpccProtoMessage.cpp:SerializeParams:112] m_offset, 124928
[m[1;33m1970-01-01 07:04:35.242|W|132501644|lpUCM [RemoteSails.cpp:SendWithRetry:185] Successfully wrote 1052 bytes
[m[0;32;32m1970-01-01 07:04:35.245|I|132501644|lpUCM [RemoteSails.cpp:HandleResponse:149] HandleResponse started, buffer size: 1048
[m[0;32;32m1970-01-01 07:04:35.245|I|132501644|lpUCM [RemoteSails.cpp:HandleResponse:158] Successfully deserialized response, status: 0, result code: 0
[m[0;32;31m1970-01-01 07:04:35.245|E|132501644|lpUCM [IpccProtoMessage.cpp:SerializeParams:112] m_offset, 125952
[m[1;33m1970-01-01 07:04:35.245|W|132501644|lpUCM [RemoteSails.cpp:SendWithRetry:185] Successfully wrote 1052 bytes
[m[0;32;32m1970-01-01 07:04:35.248|I|132501644|lpUCM [RemoteSails.cpp:HandleResponse:149] HandleResponse started, buffer size: 1048
[m[0;32;32m1970-01-01 07:04:35.248|I|132501644|lpUCM [RemoteSails.cpp:HandleResponse:158] Successfully deserialized response, status: 0, result code: 0
[m[0;32;31m1970-01-01 07:04:35.248|E|132501644|lpUCM [IpccProtoMessage.cpp:SerializeParams:112] m_offset, 126976
[m[1;33m1970-01-01 07:04:35.248|W|132501644|lpUCM [RemoteSails.cpp:SendWithRetry:185] Successfully wrote 1052 bytes
[m[0;32;32m1970-01-01 07:04:35.280|I|132501644|lpUCM [RemoteSails.cpp:HandleResponse:149] HandleResponse started, buffer size: 1048
[m[0;32;32m1970-01-01 07:04:35.280|I|132501644|lpUCM [RemoteSails.cpp:HandleResponse:158] Successfully deserialized response, status: 0, result code: 0
[m[0;32;31m1970-01-01 07:04:35.280|E|132501644|lpUCM [IpccProtoMessage.cpp:SerializeParams:112] m_offset, 128000
[m[1;33m1970-01-01 07:04:35.280|W|132501644|lpUCM [RemoteSails.cpp:SendWithRetry:185] Successfully wrote 1052 bytes
[m[0;32;32m1970-01-01 07:04:35.284|I|132501644|lpUCM [RemoteSails.cpp:HandleResponse:149] HandleResponse started, buffer size: 1048
[m[0;32;32m1970-01-01 07:04:35.284|I|132501644|lpUCM [RemoteSails.cpp:HandleResponse:158] Successfully deserialized response, status: 0, result code: 0
[m[0;32;31m1970-01-01 07:04:35.284|E|132501644|lpUCM [IpccProtoMessage.cpp:SerializeParams:112] m_offset, 129024
[m[1;33m1970-01-01 07:04:35.284|W|132501644|lpUCM [RemoteSails.cpp:SendWithRetry:185] Successfully wrote 1052 bytes
[m[0;32;32m1970-01-01 07:04:35.287|I|132501644|lpUCM [RemoteSails.cpp:HandleResponse:149] HandleResponse started, buffer size: 1048
[m[0;32;32m1970-01-01 07:04:35.287|I|132501644|lpUCM [RemoteSails.cpp:HandleResponse:158] Successfully deserialized response, status: 0, result code: 0
[m[0;32;31m1970-01-01 07:04:35.287|E|132501644|lpUCM [IpccProtoMessage.cpp:SerializeParams:112] m_offset, 130048
[m[1;33m1970-01-01 07:04:35.287|W|132501644|lpUCM [RemoteSails.cpp:SendWithRetry:185] Successfully wrote 1052 bytes
[m[0;32;32m1970-01-01 07:04:35.291|I|132501644|lpUCM [RemoteSails.cpp:HandleResponse:149] HandleResponse started, buffer size: 1048
[m[0;32;32m1970-01-01 07:04:35.291|I|132501644|lpUCM [RemoteSails.cpp:HandleResponse:158] Successfully deserialized response, status: 0, result code: 0
[m[0;32;32m1970-01-01 07:04:35.291|I|132501644|lpUCM [RemoteSails.cpp:SailWriteData:272] All data already trans size 16384
[m[0;32;32m1970-01-01 07:04:35.291|I|132501644|lpUCM [fds.cpp:FDS_OnLocalUpgProgress:248] total: 23, curr:23, percent:20, rop:96%
[m[0;32;32m1970-01-01 07:04:35.291|I|132501644|lpUCM [RemoteSails.cpp:SailWriteData:254] total data is 16384
[m[0;32;31m1970-01-01 07:04:35.291|E|132501644|lpUCM [IpccProtoMessage.cpp:SerializeParams:112] m_offset, 131072
[m[1;33m1970-01-01 07:04:35.291|W|132501644|lpUCM [RemoteSails.cpp:SendWithRetry:185] Successfully wrote 1052 bytes
[m[0;32;32m1970-01-01 07:04:35.324|I|132501644|lpUCM [RemoteSails.cpp:HandleResponse:149] HandleResponse started, buffer size: 1048
[m[0;32;32m1970-01-01 07:04:35.324|I|132501644|lpUCM [RemoteSails.cpp:HandleResponse:158] Successfully deserialized response, status: 0, result code: 0
[m[0;32;31m1970-01-01 07:04:35.324|E|132501644|lpUCM [IpccProtoMessage.cpp:SerializeParams:112] m_offset, 132096
[m[1;33m1970-01-01 07:04:35.324|W|132501644|lpUCM [RemoteSails.cpp:SendWithRetry:185] Successfully wrote 1052 bytes
[m[0;32;32m1970-01-01 07:04:35.328|I|132501644|lpUCM [RemoteSails.cpp:HandleResponse:149] HandleResponse started, buffer size: 1048
[m[0;32;32m1970-01-01 07:04:35.328|I|132501644|lpUCM [RemoteSails.cpp:HandleResponse:158] Successfully deserialized response, status: 0, result code: 0
[m[0;32;31m1970-01-01 07:04:35.328|E|132501644|lpUCM [IpccProtoMessage.cpp:SerializeParams:112] m_offset, 133120
[m[1;33m1970-01-01 07:04:35.328|W|132501644|lpUCM [RemoteSails.cpp:SendWithRetry:185] Successfully wrote 1052 bytes
[m[0;32;32m1970-01-01 07:04:35.335|I|132501644|lpUCM [RemoteSails.cpp:HandleResponse:149] HandleResponse started, buffer size: 1048
[m[0;32;32m1970-01-01 07:04:35.335|I|132501644|lpUCM [RemoteSails.cpp:HandleResponse:158] Successfully deserialized response, status: 0, result code: 0
[m[0;32;31m1970-01-01 07:04:35.335|E|132501644|lpUCM [IpccProtoMessage.cpp:SerializeParams:112] m_offset, 134144
[m[1;33m1970-01-01 07:04:35.335|W|132501644|lpUCM [RemoteSails.cpp:SendWithRetry:185] Successfully wrote 1052 bytes
[m[0;32;32m1970-01-01 07:04:35.339|I|132501644|lpUCM [RemoteSails.cpp:HandleResponse:149] HandleResponse started, buffer size: 1048
[m[0;32;32m1970-01-01 07:04:35.339|I|132501644|lpUCM [RemoteSails.cpp:HandleResponse:158] Successfully deserialized response, status: 0, result code: 0
[m[0;32;31m1970-01-01 07:04:35.339|E|132501644|lpUCM [IpccProtoMessage.cpp:SerializeParams:112] m_offset, 135168
[m[1;33m1970-01-01 07:04:35.339|W|132501644|lpUCM [RemoteSails.cpp:SendWithRetry:185] Successfully wrote 1052 bytes
[m[0;32;32m1970-01-01 07:04:35.371|I|132501644|lpUCM [RemoteSails.cpp:HandleResponse:149] HandleResponse started, buffer size: 1048
[m[0;32;32m1970-01-01 07:04:35.371|I|132501644|lpUCM [RemoteSails.cpp:HandleResponse:158] Successfully deserialized response, status: 0, result code: 0
[m[0;32;31m1970-01-01 07:04:35.371|E|132501644|lpUCM [IpccProtoMessage.cpp:SerializeParams:112] m_offset, 136192
[m[1;33m1970-01-01 07:04:35.371|W|132501644|lpUCM [RemoteSails.cpp:SendWithRetry:185] Successfully wrote 1052 bytes
[m[0;32;32m1970-01-01 07:04:35.374|I|132501644|lpUCM [RemoteSails.cpp:HandleResponse:149] HandleResponse started, buffer size: 1048
[m[0;32;32m1970-01-01 07:04:35.374|I|132501644|lpUCM [RemoteSails.cpp:HandleResponse:158] Successfully deserialized response, status: 0, result code: 0
[m[0;32;31m1970-01-01 07:04:35.374|E|132501644|lpUCM [IpccProtoMessage.cpp:SerializeParams:112] m_offset, 137216
[m[1;33m1970-01-01 07:04:35.374|W|132501644|lpUCM [RemoteSails.cpp:SendWithRetry:185] Successfully wrote 1052 bytes
[m[0;32;32m1970-01-01 07:04:35.377|I|132501644|lpUCM [RemoteSails.cpp:HandleResponse:149] HandleResponse started, buffer size: 1048
[m[0;32;32m1970-01-01 07:04:35.377|I|132501644|lpUCM [RemoteSails.cpp:HandleResponse:158] Successfully deserialized response, status: 0, result code: 0
[m[0;32;31m1970-01-01 07:04:35.377|E|132501644|lpUCM [IpccProtoMessage.cpp:SerializeParams:112] m_offset, 138240
[m[1;33m1970-01-01 07:04:35.377|W|132501644|lpUCM [RemoteSails.cpp:SendWithRetry:185] Successfully wrote 1052 bytes
[m[0;32;32m1970-01-01 07:04:35.383|I|132501644|lpUCM [RemoteSails.cpp:HandleResponse:149] HandleResponse started, buffer size: 1048
[m[0;32;32m1970-01-01 07:04:35.383|I|132501644|lpUCM [RemoteSails.cpp:HandleResponse:158] Successfully deserialized response, status: 0, result code: 0
[m[0;32;31m1970-01-01 07:04:35.383|E|132501644|lpUCM [IpccProtoMessage.cpp:SerializeParams:112] m_offset, 139264
[m[1;33m1970-01-01 07:04:35.383|W|132501644|lpUCM [RemoteSails.cpp:SendWithRetry:185] Successfully wrote 1052 bytes
[m[0;32;32m1970-01-01 07:04:35.416|I|132501644|lpUCM [RemoteSails.cpp:HandleResponse:149] HandleResponse started, buffer size: 1048
[m[0;32;32m1970-01-01 07:04:35.416|I|132501644|lpUCM [RemoteSails.cpp:HandleResponse:158] Successfully deserialized response, status: 0, result code: 0
[m[0;32;31m1970-01-01 07:04:35.416|E|132501644|lpUCM [IpccProtoMessage.cpp:SerializeParams:112] m_offset, 140288
[m[1;33m1970-01-01 07:04:35.416|W|132501644|lpUCM [RemoteSails.cpp:SendWithRetry:185] Successfully wrote 1052 bytes
[m[0;32;32m1970-01-01 07:04:35.422|I|132501644|lpUCM [RemoteSails.cpp:HandleResponse:149] HandleResponse started, buffer size: 1048
[m[0;32;32m1970-01-01 07:04:35.422|I|132501644|lpUCM [RemoteSails.cpp:HandleResponse:158] Successfully deserialized response, status: 0, result code: 0
[m[0;32;31m1970-01-01 07:04:35.422|E|132501644|lpUCM [IpccProtoMessage.cpp:SerializeParams:112] m_offset, 141312
[m[1;33m1970-01-01 07:04:35.422|W|132501644|lpUCM [RemoteSails.cpp:SendWithRetry:185] Successfully wrote 1052 bytes
[m[0;32;32m1970-01-01 07:04:35.425|I|132501644|lpUCM [RemoteSails.cpp:HandleResponse:149] HandleResponse started, buffer size: 1048
[m[0;32;32m1970-01-01 07:04:35.425|I|132501644|lpUCM [RemoteSails.cpp:HandleResponse:158] Successfully deserialized response, status: 0, result code: 0
[m[0;32;31m1970-01-01 07:04:35.425|E|132501644|lpUCM [IpccProtoMessage.cpp:SerializeParams:112] m_offset, 142336
[m[1;33m1970-01-01 07:04:35.425|W|132501644|lpUCM [RemoteSails.cpp:SendWithRetry:185] Successfully wrote 1052 bytes
[m[0;32;32m1970-01-01 07:04:35.428|I|132501644|lpUCM [RemoteSails.cpp:HandleResponse:149] HandleResponse started, buffer size: 1048
[m[0;32;32m1970-01-01 07:04:35.428|I|132501644|lpUCM [RemoteSails.cpp:HandleResponse:158] Successfully deserialized response, status: 0, result code: 0
[m[0;32;31m1970-01-01 07:04:35.428|E|132501644|lpUCM [IpccProtoMessage.cpp:SerializeParams:112] m_offset, 143360
[m[1;33m1970-01-01 07:04:35.428|W|132501644|lpUCM [RemoteSails.cpp:SendWithRetry:185] Successfully wrote 1052 bytes
[m[0;32;32m1970-01-01 07:04:35.461|I|132501644|lpUCM [RemoteSails.cpp:HandleResponse:149] HandleResponse started, buffer size: 1048
[m[0;32;32m1970-01-01 07:04:35.461|I|132501644|lpUCM [RemoteSails.cpp:HandleResponse:158] Successfully deserialized response, status: 0, result code: 0
[m[0;32;31m1970-01-01 07:04:35.461|E|132501644|lpUCM [IpccProtoMessage.cpp:SerializeParams:112] m_offset, 144384
[m[1;33m1970-01-01 07:04:35.461|W|132501644|lpUCM [RemoteSails.cpp:SendWithRetry:185] Successfully wrote 1052 bytes
[m[0;32;32m1970-01-01 07:04:35.464|I|132501644|lpUCM [RemoteSails.cpp:HandleResponse:149] HandleResponse started, buffer size: 1048
[m[0;32;32m1970-01-01 07:04:35.464|I|132501644|lpUCM [RemoteSails.cpp:HandleResponse:158] Successfully deserialized response, status: 0, result code: 0
[m[0;32;31m1970-01-01 07:04:35.464|E|132501644|lpUCM [IpccProtoMessage.cpp:SerializeParams:112] m_offset, 145408
[m[1;33m1970-01-01 07:04:35.464|W|132501644|lpUCM [RemoteSails.cpp:SendWithRetry:185] Successfully wrote 1052 bytes
[m[0;32;32m1970-01-01 07:04:35.467|I|132501644|lpUCM [RemoteSails.cpp:HandleResponse:149] HandleResponse started, buffer size: 1048
[m[0;32;32m1970-01-01 07:04:35.467|I|132501644|lpUCM [RemoteSails.cpp:HandleResponse:158] Successfully deserialized response, status: 0, result code: 0
[m[0;32;31m1970-01-01 07:04:35.467|E|132501644|lpUCM [IpccProtoMessage.cpp:SerializeParams:112] m_offset, 146432
[m[1;33m1970-01-01 07:04:35.467|W|132501644|lpUCM [RemoteSails.cpp:SendWithRetry:185] Successfully wrote 1052 bytes
[m[0;32;32m1970-01-01 07:04:35.473|I|132501644|lpUCM [RemoteSails.cpp:HandleResponse:149] HandleResponse started, buffer size: 1048
[m[0;32;32m1970-01-01 07:04:35.473|I|132501644|lpUCM [RemoteSails.cpp:HandleResponse:158] Successfully deserialized response, status: 0, result code: 0
[m[0;32;32m1970-01-01 07:04:35.473|I|132501644|lpUCM [RemoteSails.cpp:SailWriteData:272] All data already trans size 16384
[m[0;32;32m1970-01-01 07:04:35.473|I|132501644|lpUCM [fds.cpp:FDS_OnLocalUpgProgress:248] total: 23, curr:23, percent:21, rop:96%
[m[0;32;32m1970-01-01 07:04:35.473|I|132501644|lpUCM [RemoteSails.cpp:SailWriteData:254] total data is 16384
[m[0;32;31m1970-01-01 07:04:35.473|E|132501644|lpUCM [IpccProtoMessage.cpp:SerializeParams:112] m_offset, 147456
[m[1;33m1970-01-01 07:04:35.473|W|132501644|lpUCM [RemoteSails.cpp:SendWithRetry:185] Successfully wrote 1052 bytes
[m[0;32;32m1970-01-01 07:04:35.507|I|132501644|lpUCM [RemoteSails.cpp:HandleResponse:149] HandleResponse started, buffer size: 1048
[m[0;32;32m1970-01-01 07:04:35.507|I|132501644|lpUCM [RemoteSails.cpp:HandleResponse:158] Successfully deserialized response, status: 0, result code: 0
[m[0;32;31m1970-01-01 07:04:35.507|E|132501644|lpUCM [IpccProtoMessage.cpp:SerializeParams:112] m_offset, 148480
[m[1;33m1970-01-01 07:04:35.507|W|132501644|lpUCM [RemoteSails.cpp:SendWithRetry:185] Successfully wrote 1052 bytes
[m[0;32;32m1970-01-01 07:04:35.514|I|132501644|lpUCM [RemoteSails.cpp:HandleResponse:149] HandleResponse started, buffer size: 1048
[m[0;32;32m1970-01-01 07:04:35.514|I|132501644|lpUCM [RemoteSails.cpp:HandleResponse:158] Successfully deserialized response, status: 0, result code: 0
[m[0;32;31m1970-01-01 07:04:35.514|E|132501644|lpUCM [IpccProtoMessage.cpp:SerializeParams:112] m_offset, 149504
[m[1;33m1970-01-01 07:04:35.514|W|132501644|lpUCM [RemoteSails.cpp:SendWithRetry:185] Successfully wrote 1052 bytes
[m[0;32;32m1970-01-01 07:04:35.518|I|132501644|lpUCM [RemoteSails.cpp:HandleResponse:149] HandleResponse started, buffer size: 1048
[m[0;32;32m1970-01-01 07:04:35.518|I|132501644|lpUCM [RemoteSails.cpp:HandleResponse:158] Successfully deserialized response, status: 0, result code: 0
[m[0;32;31m1970-01-01 07:04:35.518|E|132501644|lpUCM [IpccProtoMessage.cpp:SerializeParams:112] m_offset, 150528
[m[1;33m1970-01-01 07:04:35.518|W|132501644|lpUCM [RemoteSails.cpp:SendWithRetry:185] Successfully wrote 1052 bytes
[m[0;32;32m1970-01-01 07:04:35.525|I|132501644|lpUCM [RemoteSails.cpp:HandleResponse:149] HandleResponse started, buffer size: 1048
[m[0;32;32m1970-01-01 07:04:35.525|I|132501644|lpUCM [RemoteSails.cpp:HandleResponse:158] Successfully deserialized response, status: 0, result code: 0
[m[0;32;31m1970-01-01 07:04:35.525|E|132501644|lpUCM [IpccProtoMessage.cpp:SerializeParams:112] m_offset, 151552
[m[1;33m1970-01-01 07:04:35.525|W|132501644|lpUCM [RemoteSails.cpp:SendWithRetry:185] Successfully wrote 1052 bytes
[m[0;32;32m1970-01-01 07:04:35.557|I|132501644|lpUCM [RemoteSails.cpp:HandleResponse:149] HandleResponse started, buffer size: 1048
[m[0;32;32m1970-01-01 07:04:35.557|I|132501644|lpUCM [RemoteSails.cpp:HandleResponse:158] Successfully deserialized response, status: 0, result code: 0
[m[0;32;31m1970-01-01 07:04:35.557|E|132501644|lpUCM [IpccProtoMessage.cpp:SerializeParams:112] m_offset, 152576
[m[1;33m1970-01-01 07:04:35.557|W|132501644|lpUCM [RemoteSails.cpp:SendWithRetry:185] Successfully wrote 1052 bytes
[m[0;32;32m1970-01-01 07:04:35.564|I|132501644|lpUCM [RemoteSails.cpp:HandleResponse:149] HandleResponse started, buffer size: 1048
[m[0;32;32m1970-01-01 07:04:35.564|I|132501644|lpUCM [RemoteSails.cpp:HandleResponse:158] Successfully deserialized response, status: 0, result code: 0
[m[0;32;31m1970-01-01 07:04:35.564|E|132501644|lpUCM [IpccProtoMessage.cpp:SerializeParams:112] m_offset, 153600
[m[1;33m1970-01-01 07:04:35.564|W|132501644|lpUCM [RemoteSails.cpp:SendWithRetry:185] Successfully wrote 1052 bytes
[m[0;32;32m1970-01-01 07:04:35.567|I|132501644|lpUCM [RemoteSails.cpp:HandleResponse:149] HandleResponse started, buffer size: 1048
[m[0;32;32m1970-01-01 07:04:35.567|I|132501644|lpUCM [RemoteSails.cpp:HandleResponse:158] Successfully deserialized response, status: 0, result code: 0
[m[0;32;31m1970-01-01 07:04:35.567|E|132501644|lpUCM [IpccProtoMessage.cpp:SerializeParams:112] m_offset, 154624
[m[1;33m1970-01-01 07:04:35.567|W|132501644|lpUCM [RemoteSails.cpp:SendWithRetry:185] Successfully wrote 1052 bytes
[m[0;32;32m1970-01-01 07:04:35.573|I|132501644|lpUCM [RemoteSails.cpp:HandleResponse:149] HandleResponse started, buffer size: 1048
[m[0;32;32m1970-01-01 07:04:35.573|I|132501644|lpUCM [RemoteSails.cpp:HandleResponse:158] Successfully deserialized response, status: 0, result code: 0
[m[0;32;31m1970-01-01 07:04:35.573|E|132501644|lpUCM [IpccProtoMessage.cpp:SerializeParams:112] m_offset, 155648
[m[1;33m1970-01-01 07:04:35.573|W|132501644|lpUCM [RemoteSails.cpp:SendWithRetry:185] Successfully wrote 1052 bytes
[m[0;32;32m1970-01-01 07:04:35.606|I|132501644|lpUCM [RemoteSails.cpp:HandleResponse:149] HandleResponse started, buffer size: 1048
[m[0;32;32m1970-01-01 07:04:35.606|I|132501644|lpUCM [RemoteSails.cpp:HandleResponse:158] Successfully deserialized response, status: 0, result code: 0
[m[0;32;31m1970-01-01 07:04:35.606|E|132501644|lpUCM [IpccProtoMessage.cpp:SerializeParams:112] m_offset, 156672
[m[1;33m1970-01-01 07:04:35.606|W|132501644|lpUCM [RemoteSails.cpp:SendWithRetry:185] Successfully wrote 1052 bytes
[m[0;32;32m1970-01-01 07:04:35.609|I|132501644|lpUCM [RemoteSails.cpp:HandleResponse:149] HandleResponse started, buffer size: 1048
[m[0;32;32m1970-01-01 07:04:35.609|I|132501644|lpUCM [RemoteSails.cpp:HandleResponse:158] Successfully deserialized response, status: 0, result code: 0
[m[0;32;31m1970-01-01 07:04:35.609|E|132501644|lpUCM [IpccProtoMessage.cpp:SerializeParams:112] m_offset, 157696
[m[1;33m1970-01-01 07:04:35.609|W|132501644|lpUCM [RemoteSails.cpp:SendWithRetry:185] Successfully wrote 1052 bytes
[m[0;32;32m1970-01-01 07:04:35.612|I|132501644|lpUCM [RemoteSails.cpp:HandleResponse:149] HandleResponse started, buffer size: 1048
[m[0;32;32m1970-01-01 07:04:35.612|I|132501644|lpUCM [RemoteSails.cpp:HandleResponse:158] Successfully deserialized response, status: 0, result code: 0
[m[0;32;31m1970-01-01 07:04:35.612|E|132501644|lpUCM [IpccProtoMessage.cpp:SerializeParams:112] m_offset, 158720
[m[1;33m1970-01-01 07:04:35.612|W|132501644|lpUCM [RemoteSails.cpp:SendWithRetry:185] Successfully wrote 1052 bytes
[m[0;32;32m1970-01-01 07:04:35.615|I|132501644|lpUCM [RemoteSails.cpp:HandleResponse:149] HandleResponse started, buffer size: 1048
[m[0;32;32m1970-01-01 07:04:35.615|I|132501644|lpUCM [RemoteSails.cpp:HandleResponse:158] Successfully deserialized response, status: 0, result code: 0
[m[0;32;31m1970-01-01 07:04:35.615|E|132501644|lpUCM [IpccProtoMessage.cpp:SerializeParams:112] m_offset, 159744
[m[1;33m1970-01-01 07:04:35.615|W|132501644|lpUCM [RemoteSails.cpp:SendWithRetry:185] Successfully wrote 1052 bytes
[m[0;32;32m1970-01-01 07:04:35.648|I|132501644|lpUCM [RemoteSails.cpp:HandleResponse:149] HandleResponse started, buffer size: 1048
[m[0;32;32m1970-01-01 07:04:35.648|I|132501644|lpUCM [RemoteSails.cpp:HandleResponse:158] Successfully deserialized response, status: 0, result code: 0
[m[0;32;31m1970-01-01 07:04:35.648|E|132501644|lpUCM [IpccProtoMessage.cpp:SerializeParams:112] m_offset, 160768
[m[1;33m1970-01-01 07:04:35.648|W|132501644|lpUCM [RemoteSails.cpp:SendWithRetry:185] Successfully wrote 1052 bytes
[m[0;32;32m1970-01-01 07:04:35.654|I|132501644|lpUCM [RemoteSails.cpp:HandleResponse:149] HandleResponse started, buffer size: 1048
[m[0;32;32m1970-01-01 07:04:35.654|I|132501644|lpUCM [RemoteSails.cpp:HandleResponse:158] Successfully deserialized response, status: 0, result code: 0
[m[0;32;31m1970-01-01 07:04:35.654|E|132501644|lpUCM [IpccProtoMessage.cpp:SerializeParams:112] m_offset, 161792
[m[1;33m1970-01-01 07:04:35.654|W|132501644|lpUCM [RemoteSails.cpp:SendWithRetry:185] Successfully wrote 1052 bytes
[m[0;32;32m1970-01-01 07:04:35.657|I|132501644|lpUCM [RemoteSails.cpp:HandleResponse:149] HandleResponse started, buffer size: 1048
[m[0;32;32m1970-01-01 07:04:35.657|I|132501644|lpUCM [RemoteSails.cpp:HandleResponse:158] Successfully deserialized response, status: 0, result code: 0
[m[0;32;31m1970-01-01 07:04:35.657|E|132501644|lpUCM [IpccProtoMessage.cpp:SerializeParams:112] m_offset, 162816
[m[1;33m1970-01-01 07:04:35.657|W|132501644|lpUCM [RemoteSails.cpp:SendWithRetry:185] Successfully wrote 1052 bytes
[m[0;32;32m1970-01-01 07:04:35.663|I|132501644|lpUCM [RemoteSails.cpp:HandleResponse:149] HandleResponse started, buffer size: 1048
[m[0;32;32m1970-01-01 07:04:35.663|I|132501644|lpUCM [RemoteSails.cpp:HandleResponse:158] Successfully deserialized response, status: 0, result code: 0
[m[0;32;32m1970-01-01 07:04:35.663|I|132501644|lpUCM [RemoteSails.cpp:SailWriteData:272] All data already trans size 16384
[m[0;32;32m1970-01-01 07:04:35.663|I|132501644|lpUCM [fds.cpp:FDS_OnLocalUpgProgress:248] total: 23, curr:23, percent:22, rop:96%
[m[0;32;32m1970-01-01 07:04:35.663|I|132501644|lpUCM [RemoteSails.cpp:SailWriteData:254] total data is 16384
[m[0;32;31m1970-01-01 07:04:35.663|E|132501644|lpUCM [IpccProtoMessage.cpp:SerializeParams:112] m_offset, 163840
[m[1;33m1970-01-01 07:04:35.663|W|132501644|lpUCM [RemoteSails.cpp:SendWithRetry:185] Successfully wrote 1052 bytes
[m[0;32;32m1970-01-01 07:04:35.694|I|132501644|lpUCM [RemoteSails.cpp:HandleResponse:149] HandleResponse started, buffer size: 1048
[m[0;32;32m1970-01-01 07:04:35.694|I|132501644|lpUCM [RemoteSails.cpp:HandleResponse:158] Successfully deserialized response, status: 0, result code: 0
[m[0;32;31m1970-01-01 07:04:35.694|E|132501644|lpUCM [IpccProtoMessage.cpp:SerializeParams:112] m_offset, 164864
[m[1;33m1970-01-01 07:04:35.694|W|132501644|lpUCM [RemoteSails.cpp:SendWithRetry:185] Successfully wrote 1052 bytes
[m[0;32;32m1970-01-01 07:04:35.698|I|132501644|lpUCM [RemoteSails.cpp:HandleResponse:149] HandleResponse started, buffer size: 1048
[m[0;32;32m1970-01-01 07:04:35.698|I|132501644|lpUCM [RemoteSails.cpp:HandleResponse:158] Successfully deserialized response, status: 0, result code: 0
[m[0;32;31m1970-01-01 07:04:35.698|E|132501644|lpUCM [IpccProtoMessage.cpp:SerializeParams:112] m_offset, 165888
[m[1;33m1970-01-01 07:04:35.698|W|132501644|lpUCM [RemoteSails.cpp:SendWithRetry:185] Successfully wrote 1052 bytes
[m[0;32;32m1970-01-01 07:04:35.701|I|132501644|lpUCM [RemoteSails.cpp:HandleResponse:149] HandleResponse started, buffer size: 1048
[m[0;32;32m1970-01-01 07:04:35.701|I|132501644|lpUCM [RemoteSails.cpp:HandleResponse:158] Successfully deserialized response, status: 0, result code: 0
[m[0;32;31m1970-01-01 07:04:35.701|E|132501644|lpUCM [IpccProtoMessage.cpp:SerializeParams:112] m_offset, 166912
[m[1;33m1970-01-01 07:04:35.701|W|132501644|lpUCM [RemoteSails.cpp:SendWithRetry:185] Successfully wrote 1052 bytes
[m[0;32;32m1970-01-01 07:04:35.704|I|132501644|lpUCM [RemoteSails.cpp:HandleResponse:149] HandleResponse started, buffer size: 1048
[m[0;32;32m1970-01-01 07:04:35.704|I|132501644|lpUCM [RemoteSails.cpp:HandleResponse:158] Successfully deserialized response, status: 0, result code: 0
[m[0;32;31m1970-01-01 07:04:35.704|E|132501644|lpUCM [IpccProtoMessage.cpp:SerializeParams:112] m_offset, 167936
[m[1;33m1970-01-01 07:04:35.704|W|132501644|lpUCM [RemoteSails.cpp:SendWithRetry:185] Successfully wrote 1052 bytes
[m[0;32;32m1970-01-01 07:04:35.739|I|132501644|lpUCM [RemoteSails.cpp:HandleResponse:149] HandleResponse started, buffer size: 1048
[m[0;32;32m1970-01-01 07:04:35.739|I|132501644|lpUCM [RemoteSails.cpp:HandleResponse:158] Successfully deserialized response, status: 0, result code: 0
[m[0;32;31m1970-01-01 07:04:35.739|E|132501644|lpUCM [IpccProtoMessage.cpp:SerializeParams:112] m_offset, 168960
[m[1;33m1970-01-01 07:04:35.739|W|132501644|lpUCM [RemoteSails.cpp:SendWithRetry:185] Successfully wrote 1052 bytes
[m[0;32;32m1970-01-01 07:04:35.743|I|132501644|lpUCM [RemoteSails.cpp:HandleResponse:149] HandleResponse started, buffer size: 1048
[m[0;32;32m1970-01-01 07:04:35.743|I|132501644|lpUCM [RemoteSails.cpp:HandleResponse:158] Successfully deserialized response, status: 0, result code: 0
[m[0;32;31m1970-01-01 07:04:35.743|E|132501644|lpUCM [IpccProtoMessage.cpp:SerializeParams:112] m_offset, 169984
[m[1;33m1970-01-01 07:04:35.743|W|132501644|lpUCM [RemoteSails.cpp:SendWithRetry:185] Successfully wrote 1052 bytes
[m[0;32;32m1970-01-01 07:04:35.746|I|132501644|lpUCM [RemoteSails.cpp:HandleResponse:149] HandleResponse started, buffer size: 1048
[m[0;32;32m1970-01-01 07:04:35.746|I|132501644|lpUCM [RemoteSails.cpp:HandleResponse:158] Successfully deserialized response, status: 0, result code: 0
[m[0;32;31m1970-01-01 07:04:35.746|E|132501644|lpUCM [IpccProtoMessage.cpp:SerializeParams:112] m_offset, 171008
[m[1;33m1970-01-01 07:04:35.746|W|132501644|lpUCM [RemoteSails.cpp:SendWithRetry:185] Successfully wrote 1052 bytes
[m[0;32;32m1970-01-01 07:04:35.750|I|132501644|lpUCM [RemoteSails.cpp:HandleResponse:149] HandleResponse started, buffer size: 1048
[m[0;32;32m1970-01-01 07:04:35.750|I|132501644|lpUCM [RemoteSails.cpp:HandleResponse:158] Successfully deserialized response, status: 0, result code: 0
[m[0;32;31m1970-01-01 07:04:35.750|E|132501644|lpUCM [IpccProtoMessage.cpp:SerializeParams:112] m_offset, 172032
[m[1;33m1970-01-01 07:04:35.750|W|132501644|lpUCM [RemoteSails.cpp:SendWithRetry:185] Successfully wrote 1052 bytes
[m[0;32;32m1970-01-01 07:04:35.782|I|132501644|lpUCM [RemoteSails.cpp:HandleResponse:149] HandleResponse started, buffer size: 1048
[m[0;32;32m1970-01-01 07:04:35.782|I|132501644|lpUCM [RemoteSails.cpp:HandleResponse:158] Successfully deserialized response, status: 0, result code: 0
[m[0;32;31m1970-01-01 07:04:35.782|E|132501644|lpUCM [IpccProtoMessage.cpp:SerializeParams:112] m_offset, 173056
[m[1;33m1970-01-01 07:04:35.782|W|132501644|lpUCM [RemoteSails.cpp:SendWithRetry:185] Successfully wrote 1052 bytes
[m[0;32;32m1970-01-01 07:04:35.785|I|132501644|lpUCM [RemoteSails.cpp:HandleResponse:149] HandleResponse started, buffer size: 1048
[m[0;32;32m1970-01-01 07:04:35.785|I|132501644|lpUCM [RemoteSails.cpp:HandleResponse:158] Successfully deserialized response, status: 0, result code: 0
[m[0;32;31m1970-01-01 07:04:35.785|E|132501644|lpUCM [IpccProtoMessage.cpp:SerializeParams:112] m_offset, 174080
[m[1;33m1970-01-01 07:04:35.785|W|132501644|lpUCM [RemoteSails.cpp:SendWithRetry:185] Successfully wrote 1052 bytes
[m[0;32;32m1970-01-01 07:04:35.789|I|132501644|lpUCM [RemoteSails.cpp:HandleResponse:149] HandleResponse started, buffer size: 1048
[m[0;32;32m1970-01-01 07:04:35.789|I|132501644|lpUCM [RemoteSails.cpp:HandleResponse:158] Successfully deserialized response, status: 0, result code: 0
[m[0;32;31m1970-01-01 07:04:35.789|E|132501644|lpUCM [IpccProtoMessage.cpp:SerializeParams:112] m_offset, 175104
[m[1;33m1970-01-01 07:04:35.789|W|132501644|lpUCM [RemoteSails.cpp:SendWithRetry:185] Successfully wrote 1052 bytes
[m[0;32;32m1970-01-01 07:04:35.792|I|132501644|lpUCM [RemoteSails.cpp:HandleResponse:149] HandleResponse started, buffer size: 1048
[m[0;32;32m1970-01-01 07:04:35.792|I|132501644|lpUCM [RemoteSails.cpp:HandleResponse:158] Successfully deserialized response, status: 0, result code: 0
[m[0;32;31m1970-01-01 07:04:35.792|E|132501644|lpUCM [IpccProtoMessage.cpp:SerializeParams:112] m_offset, 176128
[m[1;33m1970-01-01 07:04:35.792|W|132501644|lpUCM [RemoteSails.cpp:SendWithRetry:185] Successfully wrote 1052 bytes
[m[0;32;32m1970-01-01 07:04:35.825|I|132501644|lpUCM [RemoteSails.cpp:HandleResponse:149] HandleResponse started, buffer size: 1048
[m[0;32;32m1970-01-01 07:04:35.825|I|132501644|lpUCM [RemoteSails.cpp:HandleResponse:158] Successfully deserialized response, status: 0, result code: 0
[m[0;32;31m1970-01-01 07:04:35.825|E|132501644|lpUCM [IpccProtoMessage.cpp:SerializeParams:112] m_offset, 177152
[m[1;33m1970-01-01 07:04:35.825|W|132501644|lpUCM [RemoteSails.cpp:SendWithRetry:185] Successfully wrote 1052 bytes
[m[0;32;32m1970-01-01 07:04:35.828|I|132501644|lpUCM [RemoteSails.cpp:HandleResponse:149] HandleResponse started, buffer size: 1048
[m[0;32;32m1970-01-01 07:04:35.828|I|132501644|lpUCM [RemoteSails.cpp:HandleResponse:158] Successfully deserialized response, status: 0, result code: 0
[m[0;32;31m1970-01-01 07:04:35.828|E|132501644|lpUCM [IpccProtoMessage.cpp:SerializeParams:112] m_offset, 178176
[m[1;33m1970-01-01 07:04:35.828|W|132501644|lpUCM [RemoteSails.cpp:SendWithRetry:185] Successfully wrote 1052 bytes
[m[0;32;32m1970-01-01 07:04:35.834|I|132501644|lpUCM [RemoteSails.cpp:HandleResponse:149] HandleResponse started, buffer size: 1048
[m[0;32;32m1970-01-01 07:04:35.834|I|132501644|lpUCM [RemoteSails.cpp:HandleResponse:158] Successfully deserialized response, status: 0, result code: 0
[m[0;32;31m1970-01-01 07:04:35.834|E|132501644|lpUCM [IpccProtoMessage.cpp:SerializeParams:112] m_offset, 179200
[m[1;33m1970-01-01 07:04:35.834|W|132501644|lpUCM [RemoteSails.cpp:SendWithRetry:185] Successfully wrote 1052 bytes
[m[0;32;32m1970-01-01 07:04:35.837|I|132501644|lpUCM [RemoteSails.cpp:HandleResponse:149] HandleResponse started, buffer size: 1048
[m[0;32;32m1970-01-01 07:04:35.837|I|132501644|lpUCM [RemoteSails.cpp:HandleResponse:158] Successfully deserialized response, status: 0, result code: 0
[m[0;32;32m1970-01-01 07:04:35.837|I|132501644|lpUCM [RemoteSails.cpp:SailWriteData:272] All data already trans size 16384
[m[0;32;32m1970-01-01 07:04:35.837|I|132501644|lpUCM [fds.cpp:FDS_OnLocalUpgProgress:248] total: 23, curr:23, percent:23, rop:96%
[m[0;32;32m1970-01-01 07:04:35.837|I|132501644|lpUCM [RemoteSails.cpp:SailWriteData:254] total data is 16384
[m[0;32;31m1970-01-01 07:04:35.837|E|132501644|lpUCM [IpccProtoMessage.cpp:SerializeParams:112] m_offset, 180224
[m[1;33m1970-01-01 07:04:35.837|W|132501644|lpUCM [RemoteSails.cpp:SendWithRetry:185] Successfully wrote 1052 bytes
[m[0;32;32m1970-01-01 07:04:35.870|I|132501644|lpUCM [RemoteSails.cpp:HandleResponse:149] HandleResponse started, buffer size: 1048
[m[0;32;32m1970-01-01 07:04:35.870|I|132501644|lpUCM [RemoteSails.cpp:HandleResponse:158] Successfully deserialized response, status: 0, result code: 0
[m[0;32;31m1970-01-01 07:04:35.870|E|132501644|lpUCM [IpccProtoMessage.cpp:SerializeParams:112] m_offset, 181248
[m[1;33m1970-01-01 07:04:35.870|W|132501644|lpUCM [RemoteSails.cpp:SendWithRetry:185] Successfully wrote 1052 bytes
[m[0;32;32m1970-01-01 07:04:35.873|I|132501644|lpUCM [RemoteSails.cpp:HandleResponse:149] HandleResponse started, buffer size: 1048
[m[0;32;32m1970-01-01 07:04:35.873|I|132501644|lpUCM [RemoteSails.cpp:HandleResponse:158] Successfully deserialized response, status: 0, result code: 0
[m[0;32;31m1970-01-01 07:04:35.873|E|132501644|lpUCM [IpccProtoMessage.cpp:SerializeParams:112] m_offset, 182272
[m[1;33m1970-01-01 07:04:35.873|W|132501644|lpUCM [RemoteSails.cpp:SendWithRetry:185] Successfully wrote 1052 bytes
[m[0;32;32m1970-01-01 07:04:35.876|I|132501644|lpUCM [RemoteSails.cpp:HandleResponse:149] HandleResponse started, buffer size: 1048
[m[0;32;32m1970-01-01 07:04:35.876|I|132501644|lpUCM [RemoteSails.cpp:HandleResponse:158] Successfully deserialized response, status: 0, result code: 0
[m[0;32;31m1970-01-01 07:04:35.876|E|132501644|lpUCM [IpccProtoMessage.cpp:SerializeParams:112] m_offset, 183296
[m[1;33m1970-01-01 07:04:35.876|W|132501644|lpUCM [RemoteSails.cpp:SendWithRetry:185] Successfully wrote 1052 bytes
[m[0;32;32m1970-01-01 07:04:35.879|I|132501644|lpUCM [RemoteSails.cpp:HandleResponse:149] HandleResponse started, buffer size: 1048
[m[0;32;32m1970-01-01 07:04:35.879|I|132501644|lpUCM [RemoteSails.cpp:HandleResponse:158] Successfully deserialized response, status: 0, result code: 0
[m[0;32;31m1970-01-01 07:04:35.879|E|132501644|lpUCM [IpccProtoMessage.cpp:SerializeParams:112] m_offset, 184320
[m[1;33m1970-01-01 07:04:35.879|W|132501644|lpUCM [RemoteSails.cpp:SendWithRetry:185] Successfully wrote 1052 bytes
[m[0;32;32m1970-01-01 07:04:35.914|I|132501644|lpUCM [RemoteSails.cpp:HandleResponse:149] HandleResponse started, buffer size: 1048
[m[0;32;32m1970-01-01 07:04:35.914|I|132501644|lpUCM [RemoteSails.cpp:HandleResponse:158] Successfully deserialized response, status: 0, result code: 0
[m[0;32;31m1970-01-01 07:04:35.914|E|132501644|lpUCM [IpccProtoMessage.cpp:SerializeParams:112] m_offset, 185344
[m[1;33m1970-01-01 07:04:35.914|W|132501644|lpUCM [RemoteSails.cpp:SendWithRetry:185] Successfully wrote 1052 bytes
[m[0;32;32m1970-01-01 07:04:35.918|I|132501644|lpUCM [RemoteSails.cpp:HandleResponse:149] HandleResponse started, buffer size: 1048
[m[0;32;32m1970-01-01 07:04:35.918|I|132501644|lpUCM [RemoteSails.cpp:HandleResponse:158] Successfully deserialized response, status: 0, result code: 0
[m[0;32;31m1970-01-01 07:04:35.918|E|132501644|lpUCM [IpccProtoMessage.cpp:SerializeParams:112] m_offset, 186368
[m[1;33m1970-01-01 07:04:35.918|W|132501644|lpUCM [RemoteSails.cpp:SendWithRetry:185] Successfully wrote 1052 bytes
[m[0;32;32m1970-01-01 07:04:35.925|I|132501644|lpUCM [RemoteSails.cpp:HandleResponse:149] HandleResponse started, buffer size: 1048
[m[0;32;32m1970-01-01 07:04:35.925|I|132501644|lpUCM [RemoteSails.cpp:HandleResponse:158] Successfully deserialized response, status: 0, result code: 0
[m[0;32;31m1970-01-01 07:04:35.925|E|132501644|lpUCM [IpccProtoMessage.cpp:SerializeParams:112] m_offset, 187392
[m[1;33m1970-01-01 07:04:35.925|W|132501644|lpUCM [RemoteSails.cpp:SendWithRetry:185] Successfully wrote 1052 bytes
[m[0;32;32m1970-01-01 07:04:35.928|I|132501644|lpUCM [RemoteSails.cpp:HandleResponse:149] HandleResponse started, buffer size: 1048
[m[0;32;32m1970-01-01 07:04:35.928|I|132501644|lpUCM [RemoteSails.cpp:HandleResponse:158] Successfully deserialized response, status: 0, result code: 0
[m[0;32;31m1970-01-01 07:04:35.928|E|132501644|lpUCM [IpccProtoMessage.cpp:SerializeParams:112] m_offset, 188416
[m[1;33m1970-01-01 07:04:35.928|W|132501644|lpUCM [RemoteSails.cpp:SendWithRetry:185] Successfully wrote 1052 bytes
[m[0;32;32m1970-01-01 07:04:35.962|I|132501644|lpUCM [RemoteSails.cpp:HandleResponse:149] HandleResponse started, buffer size: 1048
[m[0;32;32m1970-01-01 07:04:35.962|I|132501644|lpUCM [RemoteSails.cpp:HandleResponse:158] Successfully deserialized response, status: 0, result code: 0
[m[0;32;31m1970-01-01 07:04:35.962|E|132501644|lpUCM [IpccProtoMessage.cpp:SerializeParams:112] m_offset, 189440
[m[1;33m1970-01-01 07:04:35.962|W|132501644|lpUCM [RemoteSails.cpp:SendWithRetry:185] Successfully wrote 1052 bytes
[m[0;32;32m1970-01-01 07:04:35.966|I|132501644|lpUCM [RemoteSails.cpp:HandleResponse:149] HandleResponse started, buffer size: 1048
[m[0;32;32m1970-01-01 07:04:35.966|I|132501644|lpUCM [RemoteSails.cpp:HandleResponse:158] Successfully deserialized response, status: 0, result code: 0
[m[0;32;31m1970-01-01 07:04:35.966|E|132501644|lpUCM [IpccProtoMessage.cpp:SerializeParams:112] m_offset, 190464
[m[1;33m1970-01-01 07:04:35.966|W|132501644|lpUCM [RemoteSails.cpp:SendWithRetry:185] Successfully wrote 1052 bytes
[m[0;32;32m1970-01-01 07:04:35.972|I|132501644|lpUCM [RemoteSails.cpp:HandleResponse:149] HandleResponse started, buffer size: 1048
[m[0;32;32m1970-01-01 07:04:35.972|I|132501644|lpUCM [RemoteSails.cpp:HandleResponse:158] Successfully deserialized response, status: 0, result code: 0
[m[0;32;31m1970-01-01 07:04:35.972|E|132501644|lpUCM [IpccProtoMessage.cpp:SerializeParams:112] m_offset, 191488
[m[1;33m1970-01-01 07:04:35.972|W|132501644|lpUCM [RemoteSails.cpp:SendWithRetry:185] Successfully wrote 1052 bytes
[m[0;32;32m1970-01-01 07:04:35.975|I|132501644|lpUCM [RemoteSails.cpp:HandleResponse:149] HandleResponse started, buffer size: 1048
[m[0;32;32m1970-01-01 07:04:35.975|I|132501644|lpUCM [RemoteSails.cpp:HandleResponse:158] Successfully deserialized response, status: 0, result code: 0
[m[0;32;31m1970-01-01 07:04:35.975|E|132501644|lpUCM [IpccProtoMessage.cpp:SerializeParams:112] m_offset, 192512
[m[1;33m1970-01-01 07:04:35.975|W|132501644|lpUCM [RemoteSails.cpp:SendWithRetry:185] Successfully wrote 1052 bytes
[m[0;32;32m1970-01-01 07:04:36.8|I|132501644|lpUCM [RemoteSails.cpp:HandleResponse:149] HandleResponse started, buffer size: 1048
[m[0;32;32m1970-01-01 07:04:36.8|I|132501644|lpUCM [RemoteSails.cpp:HandleResponse:158] Successfully deserialized response, status: 0, result code: 0
[m[0;32;31m1970-01-01 07:04:36.8|E|132501644|lpUCM [IpccProtoMessage.cpp:SerializeParams:112] m_offset, 193536
[m[1;33m1970-01-01 07:04:36.8|W|132501644|lpUCM [RemoteSails.cpp:SendWithRetry:185] Successfully wrote 1052 bytes
[m[0;32;32m1970-01-01 07:04:36.14|I|132501644|lpUCM [RemoteSails.cpp:HandleResponse:149] HandleResponse started, buffer size: 1048
[m[0;32;32m1970-01-01 07:04:36.14|I|132501644|lpUCM [RemoteSails.cpp:HandleResponse:158] Successfully deserialized response, status: 0, result code: 0
[m[0;32;31m1970-01-01 07:04:36.14|E|132501644|lpUCM [IpccProtoMessage.cpp:SerializeParams:112] m_offset, 194560
[m[1;33m1970-01-01 07:04:36.14|W|132501644|lpUCM [RemoteSails.cpp:SendWithRetry:185] Successfully wrote 1052 bytes
[m[0;32;32m1970-01-01 07:04:36.17|I|132501644|lpUCM [RemoteSails.cpp:HandleResponse:149] HandleResponse started, buffer size: 1048
[m[0;32;32m1970-01-01 07:04:36.17|I|132501644|lpUCM [RemoteSails.cpp:HandleResponse:158] Successfully deserialized response, status: 0, result code: 0
[m[0;32;31m1970-01-01 07:04:36.17|E|132501644|lpUCM [IpccProtoMessage.cpp:SerializeParams:112] m_offset, 195584
[m[1;33m1970-01-01 07:04:36.17|W|132501644|lpUCM [RemoteSails.cpp:SendWithRetry:185] Successfully wrote 1052 bytes
[m[0;32;32m1970-01-01 07:04:36.23|I|132501644|lpUCM [RemoteSails.cpp:HandleResponse:149] HandleResponse started, buffer size: 1048
[m[0;32;32m1970-01-01 07:04:36.23|I|132501644|lpUCM [RemoteSails.cpp:HandleResponse:158] Successfully deserialized response, status: 0, result code: 0
[m[0;32;32m1970-01-01 07:04:36.23|I|132501644|lpUCM [RemoteSails.cpp:SailWriteData:272] All data already trans size 16384
[m[0;32;32m1970-01-01 07:04:36.23|I|132501644|lpUCM [fds.cpp:FDS_OnLocalUpgProgress:248] total: 23, curr:23, percent:25, rop:96%
[m[0;32;32m1970-01-01 07:04:36.23|I|132501644|lpUCM [RemoteSails.cpp:SailWriteData:254] total data is 16384
[m[0;32;31m1970-01-01 07:04:36.23|E|132501644|lpUCM [IpccProtoMessage.cpp:SerializeParams:112] m_offset, 196608
[m[1;33m1970-01-01 07:04:36.23|W|132501644|lpUCM [RemoteSails.cpp:SendWithRetry:185] Successfully wrote 1052 bytes
[m[0;32;32m1970-01-01 07:04:36.56|I|132501644|lpUCM [RemoteSails.cpp:HandleResponse:149] HandleResponse started, buffer size: 1048
[m[0;32;32m1970-01-01 07:04:36.56|I|132501644|lpUCM [RemoteSails.cpp:HandleResponse:158] Successfully deserialized response, status: 0, result code: 0
[m[0;32;31m1970-01-01 07:04:36.56|E|132501644|lpUCM [IpccProtoMessage.cpp:SerializeParams:112] m_offset, 197632
[m[1;33m1970-01-01 07:04:36.56|W|132501644|lpUCM [RemoteSails.cpp:SendWithRetry:185] Successfully wrote 1052 bytes
[m[0;32;32m1970-01-01 07:04:36.59|I|132501644|lpUCM [RemoteSails.cpp:HandleResponse:149] HandleResponse started, buffer size: 1048
[m[0;32;32m1970-01-01 07:04:36.59|I|132501644|lpUCM [RemoteSails.cpp:HandleResponse:158] Successfully deserialized response, status: 0, result code: 0
[m[0;32;31m1970-01-01 07:04:36.59|E|132501644|lpUCM [IpccProtoMessage.cpp:SerializeParams:112] m_offset, 198656
[m[1;33m1970-01-01 07:04:36.59|W|132501644|lpUCM [RemoteSails.cpp:SendWithRetry:185] Successfully wrote 1052 bytes
[m[0;32;32m1970-01-01 07:04:36.62|I|132501644|lpUCM [RemoteSails.cpp:HandleResponse:149] HandleResponse started, buffer size: 1048
[m[0;32;32m1970-01-01 07:04:36.62|I|132501644|lpUCM [RemoteSails.cpp:HandleResponse:158] Successfully deserialized response, status: 0, result code: 0
[m[0;32;31m1970-01-01 07:04:36.62|E|132501644|lpUCM [IpccProtoMessage.cpp:SerializeParams:112] m_offset, 199680
[m[1;33m1970-01-01 07:04:36.62|W|132501644|lpUCM [RemoteSails.cpp:SendWithRetry:185] Successfully wrote 1052 bytes
[m[0;32;32m1970-01-01 07:04:36.65|I|132501644|lpUCM [RemoteSails.cpp:HandleResponse:149] HandleResponse started, buffer size: 1048
[m[0;32;32m1970-01-01 07:04:36.65|I|132501644|lpUCM [RemoteSails.cpp:HandleResponse:158] Successfully deserialized response, status: 0, result code: 0
[m[0;32;31m1970-01-01 07:04:36.65|E|132501644|lpUCM [IpccProtoMessage.cpp:SerializeParams:112] m_offset, 200704
[m[1;33m1970-01-01 07:04:36.65|W|132501644|lpUCM [RemoteSails.cpp:SendWithRetry:185] Successfully wrote 1052 bytes
[m[0;32;32m1970-01-01 07:04:36.97|I|132501644|lpUCM [RemoteSails.cpp:HandleResponse:149] HandleResponse started, buffer size: 1048
[m[0;32;32m1970-01-01 07:04:36.97|I|132501644|lpUCM [RemoteSails.cpp:HandleResponse:158] Successfully deserialized response, status: 0, result code: 0
[m[0;32;31m1970-01-01 07:04:36.97|E|132501644|lpUCM [IpccProtoMessage.cpp:SerializeParams:112] m_offset, 201728
[m[1;33m1970-01-01 07:04:36.97|W|132501644|lpUCM [RemoteSails.cpp:SendWithRetry:185] Successfully wrote 1052 bytes
[m[0;32;32m1970-01-01 07:04:36.101|I|132501644|lpUCM [RemoteSails.cpp:HandleResponse:149] HandleResponse started, buffer size: 1048
[m[0;32;32m1970-01-01 07:04:36.101|I|132501644|lpUCM [RemoteSails.cpp:HandleResponse:158] Successfully deserialized response, status: 0, result code: 0
[m[0;32;31m1970-01-01 07:04:36.101|E|132501644|lpUCM [IpccProtoMessage.cpp:SerializeParams:112] m_offset, 202752
[m[1;33m1970-01-01 07:04:36.101|W|132501644|lpUCM [RemoteSails.cpp:SendWithRetry:185] Successfully wrote 1052 bytes
[m[0;32;32m1970-01-01 07:04:36.105|I|132501644|lpUCM [RemoteSails.cpp:HandleResponse:149] HandleResponse started, buffer size: 1048
[m[0;32;32m1970-01-01 07:04:36.105|I|132501644|lpUCM [RemoteSails.cpp:HandleResponse:158] Successfully deserialized response, status: 0, result code: 0
[m[0;32;31m1970-01-01 07:04:36.105|E|132501644|lpUCM [IpccProtoMessage.cpp:SerializeParams:112] m_offset, 203776
[m[1;33m1970-01-01 07:04:36.105|W|132501644|lpUCM [RemoteSails.cpp:SendWithRetry:185] Successfully wrote 1052 bytes
[m[0;32;32m1970-01-01 07:04:36.109|I|132501644|lpUCM [RemoteSails.cpp:HandleResponse:149] HandleResponse started, buffer size: 1048
[m[0;32;32m1970-01-01 07:04:36.109|I|132501644|lpUCM [RemoteSails.cpp:HandleResponse:158] Successfully deserialized response, status: 0, result code: 0
[m[0;32;31m1970-01-01 07:04:36.109|E|132501644|lpUCM [IpccProtoMessage.cpp:SerializeParams:112] m_offset, 204800
[m[1;33m1970-01-01 07:04:36.109|W|132501644|lpUCM [RemoteSails.cpp:SendWithRetry:185] Successfully wrote 1052 bytes
[m[0;32;32m1970-01-01 07:04:36.141|I|132501644|lpUCM [RemoteSails.cpp:HandleResponse:149] HandleResponse started, buffer size: 1048
[m[0;32;32m1970-01-01 07:04:36.141|I|132501644|lpUCM [RemoteSails.cpp:HandleResponse:158] Successfully deserialized response, status: 0, result code: 0
[m[0;32;31m1970-01-01 07:04:36.141|E|132501644|lpUCM [IpccProtoMessage.cpp:SerializeParams:112] m_offset, 205824
[m[1;33m1970-01-01 07:04:36.141|W|132501644|lpUCM [RemoteSails.cpp:SendWithRetry:185] Successfully wrote 1052 bytes
[m[0;32;32m1970-01-01 07:04:36.145|I|132501644|lpUCM [RemoteSails.cpp:HandleResponse:149] HandleResponse started, buffer size: 1048
[m[0;32;32m1970-01-01 07:04:36.145|I|132501644|lpUCM [RemoteSails.cpp:HandleResponse:158] Successfully deserialized response, status: 0, result code: 0
[m[0;32;31m1970-01-01 07:04:36.145|E|132501644|lpUCM [IpccProtoMessage.cpp:SerializeParams:112] m_offset, 206848
[m[1;33m1970-01-01 07:04:36.145|W|132501644|lpUCM [RemoteSails.cpp:SendWithRetry:185] Successfully wrote 1052 bytes
[m[0;32;32m1970-01-01 07:04:36.149|I|132501644|lpUCM [RemoteSails.cpp:HandleResponse:149] HandleResponse started, buffer size: 1048
[m[0;32;32m1970-01-01 07:04:36.149|I|132501644|lpUCM [RemoteSails.cpp:HandleResponse:158] Successfully deserialized response, status: 0, result code: 0
[m[0;32;31m1970-01-01 07:04:36.149|E|132501644|lpUCM [IpccProtoMessage.cpp:SerializeParams:112] m_offset, 207872
[m[1;33m1970-01-01 07:04:36.149|W|132501644|lpUCM [RemoteSails.cpp:SendWithRetry:185] Successfully wrote 1052 bytes
[m[0;32;32m1970-01-01 07:04:36.152|I|132501644|lpUCM [RemoteSails.cpp:HandleResponse:149] HandleResponse started, buffer size: 1048
[m[0;32;32m1970-01-01 07:04:36.152|I|132501644|lpUCM [RemoteSails.cpp:HandleResponse:158] Successfully deserialized response, status: 0, result code: 0
[m[0;32;31m1970-01-01 07:04:36.152|E|132501644|lpUCM [IpccProtoMessage.cpp:SerializeParams:112] m_offset, 208896
[m[1;33m1970-01-01 07:04:36.152|W|132501644|lpUCM [RemoteSails.cpp:SendWithRetry:185] Successfully wrote 1052 bytes
[m[0;32;32m1970-01-01 07:04:36.184|I|132501644|lpUCM [RemoteSails.cpp:HandleResponse:149] HandleResponse started, buffer size: 1048
[m[0;32;32m1970-01-01 07:04:36.184|I|132501644|lpUCM [RemoteSails.cpp:HandleResponse:158] Successfully deserialized response, status: 0, result code: 0
[m[0;32;31m1970-01-01 07:04:36.184|E|132501644|lpUCM [IpccProtoMessage.cpp:SerializeParams:112] m_offset, 209920
[m[1;33m1970-01-01 07:04:36.184|W|132501644|lpUCM [RemoteSails.cpp:SendWithRetry:185] Successfully wrote 1052 bytes
[m[0;32;32m1970-01-01 07:04:36.187|I|132501644|lpUCM [RemoteSails.cpp:HandleResponse:149] HandleResponse started, buffer size: 1048
[m[0;32;32m1970-01-01 07:04:36.187|I|132501644|lpUCM [RemoteSails.cpp:HandleResponse:158] Successfully deserialized response, status: 0, result code: 0
[m[0;32;31m1970-01-01 07:04:36.187|E|132501644|lpUCM [IpccProtoMessage.cpp:SerializeParams:112] m_offset, 210944
[m[1;33m1970-01-01 07:04:36.187|W|132501644|lpUCM [RemoteSails.cpp:SendWithRetry:185] Successfully wrote 1052 bytes
[m[0;32;32m1970-01-01 07:04:36.193|I|132501644|lpUCM [RemoteSails.cpp:HandleResponse:149] HandleResponse started, buffer size: 1048
[m[0;32;32m1970-01-01 07:04:36.193|I|132501644|lpUCM [RemoteSails.cpp:HandleResponse:158] Successfully deserialized response, status: 0, result code: 0
[m[0;32;31m1970-01-01 07:04:36.193|E|132501644|lpUCM [IpccProtoMessage.cpp:SerializeParams:112] m_offset, 211968
[m[1;33m1970-01-01 07:04:36.193|W|132501644|lpUCM [RemoteSails.cpp:SendWithRetry:185] Successfully wrote 1052 bytes
[m[0;32;32m1970-01-01 07:04:36.196|I|132501644|lpUCM [RemoteSails.cpp:HandleResponse:149] HandleResponse started, buffer size: 1048
[m[0;32;32m1970-01-01 07:04:36.196|I|132501644|lpUCM [RemoteSails.cpp:HandleResponse:158] Successfully deserialized response, status: 0, result code: 0
[m[0;32;32m1970-01-01 07:04:36.196|I|132501644|lpUCM [RemoteSails.cpp:SailWriteData:272] All data already trans size 16384
[m[0;32;32m1970-01-01 07:04:36.196|I|132501644|lpUCM [fds.cpp:FDS_OnLocalUpgProgress:248] total: 23, curr:23, percent:26, rop:96%
[m[0;32;32m1970-01-01 07:04:36.196|I|132501644|lpUCM [RemoteSails.cpp:SailWriteData:254] total data is 16384
[m[0;32;31m1970-01-01 07:04:36.196|E|132501644|lpUCM [IpccProtoMessage.cpp:SerializeParams:112] m_offset, 212992
[m[1;33m1970-01-01 07:04:36.196|W|132501644|lpUCM [RemoteSails.cpp:SendWithRetry:185] Successfully wrote 1052 bytes
[m[0;32;32m1970-01-01 07:04:36.229|I|132501644|lpUCM [RemoteSails.cpp:HandleResponse:149] HandleResponse started, buffer size: 1048
[m[0;32;32m1970-01-01 07:04:36.229|I|132501644|lpUCM [RemoteSails.cpp:HandleResponse:158] Successfully deserialized response, status: 0, result code: 0
[m[0;32;31m1970-01-01 07:04:36.229|E|132501644|lpUCM [IpccProtoMessage.cpp:SerializeParams:112] m_offset, 214016
[m[1;33m1970-01-01 07:04:36.229|W|132501644|lpUCM [RemoteSails.cpp:SendWithRetry:185] Successfully wrote 1052 bytes
[m[0;32;32m1970-01-01 07:04:36.232|I|132501644|lpUCM [RemoteSails.cpp:HandleResponse:149] HandleResponse started, buffer size: 1048
[m[0;32;32m1970-01-01 07:04:36.232|I|132501644|lpUCM [RemoteSails.cpp:HandleResponse:158] Successfully deserialized response, status: 0, result code: 0
[m[0;32;31m1970-01-01 07:04:36.232|E|132501644|lpUCM [IpccProtoMessage.cpp:SerializeParams:112] m_offset, 215040
[m[1;33m1970-01-01 07:04:36.232|W|132501644|lpUCM [RemoteSails.cpp:SendWithRetry:185] Successfully wrote 1052 bytes
[m[0;32;32m1970-01-01 07:04:36.236|I|132501644|lpUCM [RemoteSails.cpp:HandleResponse:149] HandleResponse started, buffer size: 1048
[m[0;32;32m1970-01-01 07:04:36.236|I|132501644|lpUCM [RemoteSails.cpp:HandleResponse:158] Successfully deserialized response, status: 0, result code: 0
[m[0;32;31m1970-01-01 07:04:36.236|E|132501644|lpUCM [IpccProtoMessage.cpp:SerializeParams:112] m_offset, 216064
[m[1;33m1970-01-01 07:04:36.236|W|132501644|lpUCM [RemoteSails.cpp:SendWithRetry:185] Successfully wrote 1052 bytes
[m[0;32;32m1970-01-01 07:04:36.239|I|132501644|lpUCM [RemoteSails.cpp:HandleResponse:149] HandleResponse started, buffer size: 1048
[m[0;32;32m1970-01-01 07:04:36.239|I|132501644|lpUCM [RemoteSails.cpp:HandleResponse:158] Successfully deserialized response, status: 0, result code: 0
[m[0;32;31m1970-01-01 07:04:36.239|E|132501644|lpUCM [IpccProtoMessage.cpp:SerializeParams:112] m_offset, 217088
[m[1;33m1970-01-01 07:04:36.239|W|132501644|lpUCM [RemoteSails.cpp:SendWithRetry:185] Successfully wrote 1052 bytes
[m[0;32;32m1970-01-01 07:04:36.271|I|132501644|lpUCM [RemoteSails.cpp:HandleResponse:149] HandleResponse started, buffer size: 1048
[m[0;32;32m1970-01-01 07:04:36.271|I|132501644|lpUCM [RemoteSails.cpp:HandleResponse:158] Successfully deserialized response, status: 0, result code: 0
[m[0;32;31m1970-01-01 07:04:36.271|E|132501644|lpUCM [IpccProtoMessage.cpp:SerializeParams:112] m_offset, 218112
[m[1;33m1970-01-01 07:04:36.271|W|132501644|lpUCM [RemoteSails.cpp:SendWithRetry:185] Successfully wrote 1052 bytes
[m[0;32;32m1970-01-01 07:04:36.275|I|132501644|lpUCM [RemoteSails.cpp:HandleResponse:149] HandleResponse started, buffer size: 1048
[m[0;32;32m1970-01-01 07:04:36.275|I|132501644|lpUCM [RemoteSails.cpp:HandleResponse:158] Successfully deserialized response, status: 0, result code: 0
[m[0;32;31m1970-01-01 07:04:36.275|E|132501644|lpUCM [IpccProtoMessage.cpp:SerializeParams:112] m_offset, 219136
[m[1;33m1970-01-01 07:04:36.275|W|132501644|lpUCM [RemoteSails.cpp:SendWithRetry:185] Successfully wrote 1052 bytes
[m[0;32;32m1970-01-01 07:04:36.279|I|132501644|lpUCM [RemoteSails.cpp:HandleResponse:149] HandleResponse started, buffer size: 1048
[m[0;32;32m1970-01-01 07:04:36.279|I|132501644|lpUCM [RemoteSails.cpp:HandleResponse:158] Successfully deserialized response, status: 0, result code: 0
[m[0;32;31m1970-01-01 07:04:36.279|E|132501644|lpUCM [IpccProtoMessage.cpp:SerializeParams:112] m_offset, 220160
[m[1;33m1970-01-01 07:04:36.279|W|132501644|lpUCM [RemoteSails.cpp:SendWithRetry:185] Successfully wrote 1052 bytes
[m[0;32;32m1970-01-01 07:04:36.282|I|132501644|lpUCM [RemoteSails.cpp:HandleResponse:149] HandleResponse started, buffer size: 1048
[m[0;32;32m1970-01-01 07:04:36.282|I|132501644|lpUCM [RemoteSails.cpp:HandleResponse:158] Successfully deserialized response, status: 0, result code: 0
[m[0;32;31m1970-01-01 07:04:36.282|E|132501644|lpUCM [IpccProtoMessage.cpp:SerializeParams:112] m_offset, 221184
[m[1;33m1970-01-01 07:04:36.282|W|132501644|lpUCM [RemoteSails.cpp:SendWithRetry:185] Successfully wrote 1052 bytes
[m[0;32;32m1970-01-01 07:04:36.316|I|132501644|lpUCM [RemoteSails.cpp:HandleResponse:149] HandleResponse started, buffer size: 1048
[m[0;32;32m1970-01-01 07:04:36.316|I|132501644|lpUCM [RemoteSails.cpp:HandleResponse:158] Successfully deserialized response, status: 0, result code: 0
[m[0;32;31m1970-01-01 07:04:36.316|E|132501644|lpUCM [IpccProtoMessage.cpp:SerializeParams:112] m_offset, 222208
[m[1;33m1970-01-01 07:04:36.316|W|132501644|lpUCM [RemoteSails.cpp:SendWithRetry:185] Successfully wrote 1052 bytes
[m[0;32;32m1970-01-01 07:04:36.323|I|132501644|lpUCM [RemoteSails.cpp:HandleResponse:149] HandleResponse started, buffer size: 1048
[m[0;32;32m1970-01-01 07:04:36.323|I|132501644|lpUCM [RemoteSails.cpp:HandleResponse:158] Successfully deserialized response, status: 0, result code: 0
[m[0;32;31m1970-01-01 07:04:36.323|E|132501644|lpUCM [IpccProtoMessage.cpp:SerializeParams:112] m_offset, 223232
[m[1;33m1970-01-01 07:04:36.323|W|132501644|lpUCM [RemoteSails.cpp:SendWithRetry:185] Successfully wrote 1052 bytes
[m[0;32;32m1970-01-01 07:04:36.326|I|132501644|lpUCM [RemoteSails.cpp:HandleResponse:149] HandleResponse started, buffer size: 1048
[m[0;32;32m1970-01-01 07:04:36.326|I|132501644|lpUCM [RemoteSails.cpp:HandleResponse:158] Successfully deserialized response, status: 0, result code: 0
[m[0;32;31m1970-01-01 07:04:36.326|E|132501644|lpUCM [IpccProtoMessage.cpp:SerializeParams:112] m_offset, 224256
[m[1;33m1970-01-01 07:04:36.326|W|132501644|lpUCM [RemoteSails.cpp:SendWithRetry:185] Successfully wrote 1052 bytes
[m[0;32;32m1970-01-01 07:04:36.330|I|132501644|lpUCM [RemoteSails.cpp:HandleResponse:149] HandleResponse started, buffer size: 1048
[m[0;32;32m1970-01-01 07:04:36.330|I|132501644|lpUCM [RemoteSails.cpp:HandleResponse:158] Successfully deserialized response, status: 0, result code: 0
[m[0;32;31m1970-01-01 07:04:36.330|E|132501644|lpUCM [IpccProtoMessage.cpp:SerializeParams:112] m_offset, 225280
[m[1;33m1970-01-01 07:04:36.330|W|132501644|lpUCM [RemoteSails.cpp:SendWithRetry:185] Successfully wrote 1052 bytes
[m[0;32;32m1970-01-01 07:04:36.363|I|132501644|lpUCM [RemoteSails.cpp:HandleResponse:149] HandleResponse started, buffer size: 1048
[m[0;32;32m1970-01-01 07:04:36.363|I|132501644|lpUCM [RemoteSails.cpp:HandleResponse:158] Successfully deserialized response, status: 0, result code: 0
[m[0;32;31m1970-01-01 07:04:36.363|E|132501644|lpUCM [IpccProtoMessage.cpp:SerializeParams:112] m_offset, 226304
[m[1;33m1970-01-01 07:04:36.363|W|132501644|lpUCM [RemoteSails.cpp:SendWithRetry:185] Successfully wrote 1052 bytes
[m[0;32;32m1970-01-01 07:04:36.367|I|132501644|lpUCM [RemoteSails.cpp:HandleResponse:149] HandleResponse started, buffer size: 1048
[m[0;32;32m1970-01-01 07:04:36.367|I|132501644|lpUCM [RemoteSails.cpp:HandleResponse:158] Successfully deserialized response, status: 0, result code: 0
[m[0;32;31m1970-01-01 07:04:36.367|E|132501644|lpUCM [IpccProtoMessage.cpp:SerializeParams:112] m_offset, 227328
[m[1;33m1970-01-01 07:04:36.367|W|132501644|lpUCM [RemoteSails.cpp:SendWithRetry:185] Successfully wrote 1052 bytes
[m[0;32;32m1970-01-01 07:04:36.373|I|132501644|lpUCM [RemoteSails.cpp:HandleResponse:149] HandleResponse started, buffer size: 1048
[m[0;32;32m1970-01-01 07:04:36.373|I|132501644|lpUCM [RemoteSails.cpp:HandleResponse:158] Successfully deserialized response, status: 0, result code: 0
[m[0;32;31m1970-01-01 07:04:36.373|E|132501644|lpUCM [IpccProtoMessage.cpp:SerializeParams:112] m_offset, 228352
[m[1;33m1970-01-01 07:04:36.373|W|132501644|lpUCM [RemoteSails.cpp:SendWithRetry:185] Successfully wrote 1052 bytes
[m[0;32;32m1970-01-01 07:04:36.376|I|132501644|lpUCM [RemoteSails.cpp:HandleResponse:149] HandleResponse started, buffer size: 1048
[m[0;32;32m1970-01-01 07:04:36.376|I|132501644|lpUCM [RemoteSails.cpp:HandleResponse:158] Successfully deserialized response, status: 0, result code: 0
[m[0;32;32m1970-01-01 07:04:36.376|I|132501644|lpUCM [RemoteSails.cpp:SailWriteData:272] All data already trans size 16384
[m[0;32;32m1970-01-01 07:04:36.376|I|132501644|lpUCM [fds.cpp:FDS_OnLocalUpgProgress:248] total: 23, curr:23, percent:27, rop:96%
[m[0;32;32m1970-01-01 07:04:36.376|I|132501644|lpUCM [RemoteSails.cpp:SailWriteData:254] total data is 16384
[m[0;32;31m1970-01-01 07:04:36.376|E|132501644|lpUCM [IpccProtoMessage.cpp:SerializeParams:112] m_offset, 229376
[m[1;33m1970-01-01 07:04:36.376|W|132501644|lpUCM [RemoteSails.cpp:SendWithRetry:185] Successfully wrote 1052 bytes
[m[0;32;32m1970-01-01 07:04:36.412|I|132501644|lpUCM [RemoteSails.cpp:HandleResponse:149] HandleResponse started, buffer size: 1048
[m[0;32;32m1970-01-01 07:04:36.412|I|132501644|lpUCM [RemoteSails.cpp:HandleResponse:158] Successfully deserialized response, status: 0, result code: 0
[m[0;32;31m1970-01-01 07:04:36.412|E|132501644|lpUCM [IpccProtoMessage.cpp:SerializeParams:112] m_offset, 230400
[m[1;33m1970-01-01 07:04:36.412|W|132501644|lpUCM [RemoteSails.cpp:SendWithRetry:185] Successfully wrote 1052 bytes
[m[0;32;32m1970-01-01 07:04:36.415|I|132501644|lpUCM [RemoteSails.cpp:HandleResponse:149] HandleResponse started, buffer size: 1048
[m[0;32;32m1970-01-01 07:04:36.415|I|132501644|lpUCM [RemoteSails.cpp:HandleResponse:158] Successfully deserialized response, status: 0, result code: 0
[m[0;32;31m1970-01-01 07:04:36.415|E|132501644|lpUCM [IpccProtoMessage.cpp:SerializeParams:112] m_offset, 231424
[m[1;33m1970-01-01 07:04:36.415|W|132501644|lpUCM [RemoteSails.cpp:SendWithRetry:185] Successfully wrote 1052 bytes
[m[0;32;32m1970-01-01 07:04:36.418|I|132501644|lpUCM [RemoteSails.cpp:HandleResponse:149] HandleResponse started, buffer size: 1048
[m[0;32;32m1970-01-01 07:04:36.418|I|132501644|lpUCM [RemoteSails.cpp:HandleResponse:158] Successfully deserialized response, status: 0, result code: 0
[m[0;32;31m1970-01-01 07:04:36.418|E|132501644|lpUCM [IpccProtoMessage.cpp:SerializeParams:112] m_offset, 232448
[m[1;33m1970-01-01 07:04:36.418|W|132501644|lpUCM [RemoteSails.cpp:SendWithRetry:185] Successfully wrote 1052 bytes
[m[0;32;32m1970-01-01 07:04:36.424|I|132501644|lpUCM [RemoteSails.cpp:HandleResponse:149] HandleResponse started, buffer size: 1048
[m[0;32;32m1970-01-01 07:04:36.424|I|132501644|lpUCM [RemoteSails.cpp:HandleResponse:158] Successfully deserialized response, status: 0, result code: 0
[m[0;32;31m1970-01-01 07:04:36.424|E|132501644|lpUCM [IpccProtoMessage.cpp:SerializeParams:112] m_offset, 233472
[m[1;33m1970-01-01 07:04:36.424|W|132501644|lpUCM [RemoteSails.cpp:SendWithRetry:185] Successfully wrote 1052 bytes
[m[0;32;32m1970-01-01 07:04:36.457|I|132501644|lpUCM [RemoteSails.cpp:HandleResponse:149] HandleResponse started, buffer size: 1048
[m[0;32;32m1970-01-01 07:04:36.457|I|132501644|lpUCM [RemoteSails.cpp:HandleResponse:158] Successfully deserialized response, status: 0, result code: 0
[m[0;32;31m1970-01-01 07:04:36.457|E|132501644|lpUCM [IpccProtoMessage.cpp:SerializeParams:112] m_offset, 234496
[m[1;33m1970-01-01 07:04:36.457|W|132501644|lpUCM [RemoteSails.cpp:SendWithRetry:185] Successfully wrote 1052 bytes
[m[0;32;32m1970-01-01 07:04:36.463|I|132501644|lpUCM [RemoteSails.cpp:HandleResponse:149] HandleResponse started, buffer size: 1048
[m[0;32;32m1970-01-01 07:04:36.463|I|132501644|lpUCM [RemoteSails.cpp:HandleResponse:158] Successfully deserialized response, status: 0, result code: 0
[m[0;32;31m1970-01-01 07:04:36.463|E|132501644|lpUCM [IpccProtoMessage.cpp:SerializeParams:112] m_offset, 235520
[m[1;33m1970-01-01 07:04:36.463|W|132501644|lpUCM [RemoteSails.cpp:SendWithRetry:185] Successfully wrote 1052 bytes
[m[0;32;32m1970-01-01 07:04:36.466|I|132501644|lpUCM [RemoteSails.cpp:HandleResponse:149] HandleResponse started, buffer size: 1048
[m[0;32;32m1970-01-01 07:04:36.466|I|132501644|lpUCM [RemoteSails.cpp:HandleResponse:158] Successfully deserialized response, status: 0, result code: 0
[m[0;32;31m1970-01-01 07:04:36.466|E|132501644|lpUCM [IpccProtoMessage.cpp:SerializeParams:112] m_offset, 236544
[m[1;33m1970-01-01 07:04:36.466|W|132501644|lpUCM [RemoteSails.cpp:SendWithRetry:185] Successfully wrote 1052 bytes
[m[0;32;32m1970-01-01 07:04:36.470|I|132501644|lpUCM [RemoteSails.cpp:HandleResponse:149] HandleResponse started, buffer size: 1048
[m[0;32;32m1970-01-01 07:04:36.470|I|132501644|lpUCM [RemoteSails.cpp:HandleResponse:158] Successfully deserialized response, status: 0, result code: 0
[m[0;32;31m1970-01-01 07:04:36.470|E|132501644|lpUCM [IpccProtoMessage.cpp:SerializeParams:112] m_offset, 237568
[m[1;33m1970-01-01 07:04:36.470|W|132501644|lpUCM [RemoteSails.cpp:SendWithRetry:185] Successfully wrote 1052 bytes
[m[0;32;32m1970-01-01 07:04:36.501|I|132501644|lpUCM [RemoteSails.cpp:HandleResponse:149] HandleResponse started, buffer size: 1048
[m[0;32;32m1970-01-01 07:04:36.501|I|132501644|lpUCM [RemoteSails.cpp:HandleResponse:158] Successfully deserialized response, status: 0, result code: 0
[m[0;32;31m1970-01-01 07:04:36.501|E|132501644|lpUCM [IpccProtoMessage.cpp:SerializeParams:112] m_offset, 238592
[m[1;33m1970-01-01 07:04:36.501|W|132501644|lpUCM [RemoteSails.cpp:SendWithRetry:185] Successfully wrote 1052 bytes
[m[0;32;32m1970-01-01 07:04:36.505|I|132501644|lpUCM [RemoteSails.cpp:HandleResponse:149] HandleResponse started, buffer size: 1048
[m[0;32;32m1970-01-01 07:04:36.505|I|132501644|lpUCM [RemoteSails.cpp:HandleResponse:158] Successfully deserialized response, status: 0, result code: 0
[m[0;32;31m1970-01-01 07:04:36.505|E|132501644|lpUCM [IpccProtoMessage.cpp:SerializeParams:112] m_offset, 239616
[m[1;33m1970-01-01 07:04:36.505|W|132501644|lpUCM [RemoteSails.cpp:SendWithRetry:185] Successfully wrote 1052 bytes
[m[0;32;32m1970-01-01 07:04:36.509|I|132501644|lpUCM [RemoteSails.cpp:HandleResponse:149] HandleResponse started, buffer size: 1048
[m[0;32;32m1970-01-01 07:04:36.509|I|132501644|lpUCM [RemoteSails.cpp:HandleResponse:158] Successfully deserialized response, status: 0, result code: 0
[m[0;32;31m1970-01-01 07:04:36.509|E|132501644|lpUCM [IpccProtoMessage.cpp:SerializeParams:112] m_offset, 240640
[m[1;33m1970-01-01 07:04:36.509|W|132501644|lpUCM [RemoteSails.cpp:SendWithRetry:185] Successfully wrote 1052 bytes
[m[0;32;32m1970-01-01 07:04:36.512|I|132501644|lpUCM [RemoteSails.cpp:HandleResponse:149] HandleResponse started, buffer size: 1048
[m[0;32;32m1970-01-01 07:04:36.512|I|132501644|lpUCM [RemoteSails.cpp:HandleResponse:158] Successfully deserialized response, status: 0, result code: 0
[m[0;32;31m1970-01-01 07:04:36.512|E|132501644|lpUCM [IpccProtoMessage.cpp:SerializeParams:112] m_offset, 241664
[m[1;33m1970-01-01 07:04:36.512|W|132501644|lpUCM [RemoteSails.cpp:SendWithRetry:185] Successfully wrote 1052 bytes
[m[0;32;32m1970-01-01 07:04:36.546|I|132501644|lpUCM [RemoteSails.cpp:HandleResponse:149] HandleResponse started, buffer size: 1048
[m[0;32;32m1970-01-01 07:04:36.546|I|132501644|lpUCM [RemoteSails.cpp:HandleResponse:158] Successfully deserialized response, status: 0, result code: 0
[m[0;32;31m1970-01-01 07:04:36.546|E|132501644|lpUCM [IpccProtoMessage.cpp:SerializeParams:112] m_offset, 242688
[m[1;33m1970-01-01 07:04:36.546|W|132501644|lpUCM [RemoteSails.cpp:SendWithRetry:185] Successfully wrote 1052 bytes
[m[0;32;32m1970-01-01 07:04:36.549|I|132501644|lpUCM [RemoteSails.cpp:HandleResponse:149] HandleResponse started, buffer size: 1048
[m[0;32;32m1970-01-01 07:04:36.549|I|132501644|lpUCM [RemoteSails.cpp:HandleResponse:158] Successfully deserialized response, status: 0, result code: 0
[m[0;32;31m1970-01-01 07:04:36.549|E|132501644|lpUCM [IpccProtoMessage.cpp:SerializeParams:112] m_offset, 243712
[m[1;33m1970-01-01 07:04:36.549|W|132501644|lpUCM [RemoteSails.cpp:SendWithRetry:185] Successfully wrote 1052 bytes
[m[0;32;32m1970-01-01 07:04:36.552|I|132501644|lpUCM [RemoteSails.cpp:HandleResponse:149] HandleResponse started, buffer size: 1048
[m[0;32;32m1970-01-01 07:04:36.552|I|132501644|lpUCM [RemoteSails.cpp:HandleResponse:158] Successfully deserialized response, status: 0, result code: 0
[m[0;32;31m1970-01-01 07:04:36.552|E|132501644|lpUCM [IpccProtoMessage.cpp:SerializeParams:112] m_offset, 244736
[m[1;33m1970-01-01 07:04:36.552|W|132501644|lpUCM [RemoteSails.cpp:SendWithRetry:185] Successfully wrote 1052 bytes
[m[0;32;32m1970-01-01 07:04:36.555|I|132501644|lpUCM [RemoteSails.cpp:HandleResponse:149] HandleResponse started, buffer size: 1048
[m[0;32;32m1970-01-01 07:04:36.555|I|132501644|lpUCM [RemoteSails.cpp:HandleResponse:158] Successfully deserialized response, status: 0, result code: 0
[m[0;32;32m1970-01-01 07:04:36.555|I|132501644|lpUCM [RemoteSails.cpp:SailWriteData:272] All data already trans size 16384
[m[0;32;32m1970-01-01 07:04:36.555|I|132501644|lpUCM [fds.cpp:FDS_OnLocalUpgProgress:248] total: 23, curr:23, percent:28, rop:96%
[m[0;32;32m1970-01-01 07:04:36.555|I|132501644|lpUCM [RemoteSails.cpp:SailWriteData:254] total data is 16384
[m[0;32;31m1970-01-01 07:04:36.555|E|132501644|lpUCM [IpccProtoMessage.cpp:SerializeParams:112] m_offset, 245760
[m[1;33m1970-01-01 07:04:36.555|W|132501644|lpUCM [RemoteSails.cpp:SendWithRetry:185] Successfully wrote 1052 bytes
[m[0;32;32m1970-01-01 07:04:36.587|I|132501644|lpUCM [RemoteSails.cpp:HandleResponse:149] HandleResponse started, buffer size: 1048
[m[0;32;32m1970-01-01 07:04:36.587|I|132501644|lpUCM [RemoteSails.cpp:HandleResponse:158] Successfully deserialized response, status: 0, result code: 0
[m[0;32;31m1970-01-01 07:04:36.587|E|132501644|lpUCM [IpccProtoMessage.cpp:SerializeParams:112] m_offset, 246784
[m[1;33m1970-01-01 07:04:36.587|W|132501644|lpUCM [RemoteSails.cpp:SendWithRetry:185] Successfully wrote 1052 bytes
[m[0;32;32m1970-01-01 07:04:36.593|I|132501644|lpUCM [RemoteSails.cpp:HandleResponse:149] HandleResponse started, buffer size: 1048
[m[0;32;32m1970-01-01 07:04:36.593|I|132501644|lpUCM [RemoteSails.cpp:HandleResponse:158] Successfully deserialized response, status: 0, result code: 0
[m[0;32;31m1970-01-01 07:04:36.593|E|132501644|lpUCM [IpccProtoMessage.cpp:SerializeParams:112] m_offset, 247808
[m[1;33m1970-01-01 07:04:36.593|W|132501644|lpUCM [RemoteSails.cpp:SendWithRetry:185] Successfully wrote 1052 bytes
[m[0;32;32m1970-01-01 07:04:36.596|I|132501644|lpUCM [RemoteSails.cpp:HandleResponse:149] HandleResponse started, buffer size: 1048
[m[0;32;32m1970-01-01 07:04:36.596|I|132501644|lpUCM [RemoteSails.cpp:HandleResponse:158] Successfully deserialized response, status: 0, result code: 0
[m[0;32;31m1970-01-01 07:04:36.596|E|132501644|lpUCM [IpccProtoMessage.cpp:SerializeParams:112] m_offset, 248832
[m[1;33m1970-01-01 07:04:36.596|W|132501644|lpUCM [RemoteSails.cpp:SendWithRetry:185] Successfully wrote 1052 bytes
[m[0;32;32m1970-01-01 07:04:36.599|I|132501644|lpUCM [RemoteSails.cpp:HandleResponse:149] HandleResponse started, buffer size: 1048
[m[0;32;32m1970-01-01 07:04:36.599|I|132501644|lpUCM [RemoteSails.cpp:HandleResponse:158] Successfully deserialized response, status: 0, result code: 0
[m[0;32;31m1970-01-01 07:04:36.599|E|132501644|lpUCM [IpccProtoMessage.cpp:SerializeParams:112] m_offset, 249856
[m[1;33m1970-01-01 07:04:36.599|W|132501644|lpUCM [RemoteSails.cpp:SendWithRetry:185] Successfully wrote 1052 bytes
[m[0;32;32m1970-01-01 07:04:36.632|I|132501644|lpUCM [RemoteSails.cpp:HandleResponse:149] HandleResponse started, buffer size: 1048
[m[0;32;32m1970-01-01 07:04:36.632|I|132501644|lpUCM [RemoteSails.cpp:HandleResponse:158] Successfully deserialized response, status: 0, result code: 0
[m[0;32;31m1970-01-01 07:04:36.632|E|132501644|lpUCM [IpccProtoMessage.cpp:SerializeParams:112] m_offset, 250880
[m[1;33m1970-01-01 07:04:36.632|W|132501644|lpUCM [RemoteSails.cpp:SendWithRetry:185] Successfully wrote 1052 bytes
[m[0;32;32m1970-01-01 07:04:36.635|I|132501644|lpUCM [RemoteSails.cpp:HandleResponse:149] HandleResponse started, buffer size: 1048
[m[0;32;32m1970-01-01 07:04:36.635|I|132501644|lpUCM [RemoteSails.cpp:HandleResponse:158] Successfully deserialized response, status: 0, result code: 0
[m[0;32;31m1970-01-01 07:04:36.635|E|132501644|lpUCM [IpccProtoMessage.cpp:SerializeParams:112] m_offset, 251904
[m[1;33m1970-01-01 07:04:36.635|W|132501644|lpUCM [RemoteSails.cpp:SendWithRetry:185] Successfully wrote 1052 bytes
[m[0;32;32m1970-01-01 07:04:36.638|I|132501644|lpUCM [RemoteSails.cpp:HandleResponse:149] HandleResponse started, buffer size: 1048
[m[0;32;32m1970-01-01 07:04:36.638|I|132501644|lpUCM [RemoteSails.cpp:HandleResponse:158] Successfully deserialized response, status: 0, result code: 0
[m[0;32;31m1970-01-01 07:04:36.638|E|132501644|lpUCM [IpccProtoMessage.cpp:SerializeParams:112] m_offset, 252928
[m[1;33m1970-01-01 07:04:36.638|W|132501644|lpUCM [RemoteSails.cpp:SendWithRetry:185] Successfully wrote 1052 bytes
[m[0;32;32m1970-01-01 07:04:36.644|I|132501644|lpUCM [RemoteSails.cpp:HandleResponse:149] HandleResponse started, buffer size: 1048
[m[0;32;32m1970-01-01 07:04:36.644|I|132501644|lpUCM [RemoteSails.cpp:HandleResponse:158] Successfully deserialized response, status: 0, result code: 0
[m[0;32;31m1970-01-01 07:04:36.644|E|132501644|lpUCM [IpccProtoMessage.cpp:SerializeParams:112] m_offset, 253952
[m[1;33m1970-01-01 07:04:36.644|W|132501644|lpUCM [RemoteSails.cpp:SendWithRetry:185] Successfully wrote 1052 bytes
[m[0;32;32m1970-01-01 07:04:36.677|I|132501644|lpUCM [RemoteSails.cpp:HandleResponse:149] HandleResponse started, buffer size: 1048
[m[0;32;32m1970-01-01 07:04:36.677|I|132501644|lpUCM [RemoteSails.cpp:HandleResponse:158] Successfully deserialized response, status: 0, result code: 0
[m[0;32;31m1970-01-01 07:04:36.677|E|132501644|lpUCM [IpccProtoMessage.cpp:SerializeParams:112] m_offset, 254976
[m[1;33m1970-01-01 07:04:36.677|W|132501644|lpUCM [RemoteSails.cpp:SendWithRetry:185] Successfully wrote 1052 bytes
[m[0;32;32m1970-01-01 07:04:36.683|I|132501644|lpUCM [RemoteSails.cpp:HandleResponse:149] HandleResponse started, buffer size: 1048
[m[0;32;32m1970-01-01 07:04:36.683|I|132501644|lpUCM [RemoteSails.cpp:HandleResponse:158] Successfully deserialized response, status: 0, result code: 0
[m[0;32;31m1970-01-01 07:04:36.683|E|132501644|lpUCM [IpccProtoMessage.cpp:SerializeParams:112] m_offset, 256000
[m[1;33m1970-01-01 07:04:36.683|W|132501644|lpUCM [RemoteSails.cpp:SendWithRetry:185] Successfully wrote 1052 bytes
[m[0;32;32m1970-01-01 07:04:36.686|I|132501644|lpUCM [RemoteSails.cpp:HandleResponse:149] HandleResponse started, buffer size: 1048
[m[0;32;32m1970-01-01 07:04:36.686|I|132501644|lpUCM [RemoteSails.cpp:HandleResponse:158] Successfully deserialized response, status: 0, result code: 0
[m[0;32;31m1970-01-01 07:04:36.686|E|132501644|lpUCM [IpccProtoMessage.cpp:SerializeParams:112] m_offset, 257024
[m[1;33m1970-01-01 07:04:36.686|W|132501644|lpUCM [RemoteSails.cpp:SendWithRetry:185] Successfully wrote 1052 bytes
[m[0;32;32m1970-01-01 07:04:36.689|I|132501644|lpUCM [RemoteSails.cpp:HandleResponse:149] HandleResponse started, buffer size: 1048
[m[0;32;32m1970-01-01 07:04:36.689|I|132501644|lpUCM [RemoteSails.cpp:HandleResponse:158] Successfully deserialized response, status: 0, result code: 0
[m[0;32;31m1970-01-01 07:04:36.689|E|132501644|lpUCM [IpccProtoMessage.cpp:SerializeParams:112] m_offset, 258048
[m[1;33m1970-01-01 07:04:36.689|W|132501644|lpUCM [RemoteSails.cpp:SendWithRetry:185] Successfully wrote 1052 bytes
[m[0;32;32m1970-01-01 07:04:36.721|I|132501644|lpUCM [RemoteSails.cpp:HandleResponse:149] HandleResponse started, buffer size: 1048
[m[0;32;32m1970-01-01 07:04:36.721|I|132501644|lpUCM [RemoteSails.cpp:HandleResponse:158] Successfully deserialized response, status: 0, result code: 0
[m[0;32;31m1970-01-01 07:04:36.721|E|132501644|lpUCM [IpccProtoMessage.cpp:SerializeParams:112] m_offset, 259072
[m[1;33m1970-01-01 07:04:36.721|W|132501644|lpUCM [RemoteSails.cpp:SendWithRetry:185] Successfully wrote 1052 bytes
[m[0;32;32m1970-01-01 07:04:36.725|I|132501644|lpUCM [RemoteSails.cpp:HandleResponse:149] HandleResponse started, buffer size: 1048
[m[0;32;32m1970-01-01 07:04:36.725|I|132501644|lpUCM [RemoteSails.cpp:HandleResponse:158] Successfully deserialized response, status: 0, result code: 0
[m[0;32;31m1970-01-01 07:04:36.725|E|132501644|lpUCM [IpccProtoMessage.cpp:SerializeParams:112] m_offset, 260096
[m[1;33m1970-01-01 07:04:36.725|W|132501644|lpUCM [RemoteSails.cpp:SendWithRetry:185] Successfully wrote 1052 bytes
[m[0;32;32m1970-01-01 07:04:36.728|I|132501644|lpUCM [RemoteSails.cpp:HandleResponse:149] HandleResponse started, buffer size: 1048
[m[0;32;32m1970-01-01 07:04:36.728|I|132501644|lpUCM [RemoteSails.cpp:HandleResponse:158] Successfully deserialized response, status: 0, result code: 0
[m[0;32;31m1970-01-01 07:04:36.728|E|132501644|lpUCM [IpccProtoMessage.cpp:SerializeParams:112] m_offset, 261120
[m[1;33m1970-01-01 07:04:36.728|W|132501644|lpUCM [RemoteSails.cpp:SendWithRetry:185] Successfully wrote 1052 bytes
[m[0;32;32m1970-01-01 07:04:36.735|I|132501644|lpUCM [RemoteSails.cpp:HandleResponse:149] HandleResponse started, buffer size: 1048
[m[0;32;32m1970-01-01 07:04:36.735|I|132501644|lpUCM [RemoteSails.cpp:HandleResponse:158] Successfully deserialized response, status: 0, result code: 0
[m[0;32;32m1970-01-01 07:04:36.735|I|132501644|lpUCM [RemoteSails.cpp:SailWriteData:272] All data already trans size 16384
[m[0;32;32m1970-01-01 07:04:36.735|I|132501644|lpUCM [fds.cpp:FDS_OnLocalUpgProgress:248] total: 23, curr:23, percent:29, rop:96%
[m[0;32;32m1970-01-01 07:04:36.735|I|132501644|lpUCM [RemoteSails.cpp:SailWriteData:254] total data is 16384
[m[0;32;31m1970-01-01 07:04:36.735|E|132501644|lpUCM [IpccProtoMessage.cpp:SerializeParams:112] m_offset, 262144
[m[1;33m1970-01-01 07:04:36.735|W|132501644|lpUCM [RemoteSails.cpp:SendWithRetry:185] Successfully wrote 1052 bytes
[m[0;32;32m1970-01-01 07:04:36.766|I|132501644|lpUCM [RemoteSails.cpp:HandleResponse:149] HandleResponse started, buffer size: 1048
[m[0;32;32m1970-01-01 07:04:36.766|I|132501644|lpUCM [RemoteSails.cpp:HandleResponse:158] Successfully deserialized response, status: 0, result code: 0
[m[0;32;31m1970-01-01 07:04:36.766|E|132501644|lpUCM [IpccProtoMessage.cpp:SerializeParams:112] m_offset, 263168
[m[1;33m1970-01-01 07:04:36.766|W|132501644|lpUCM [RemoteSails.cpp:SendWithRetry:185] Successfully wrote 1052 bytes
[m[0;32;32m1970-01-01 07:04:36.773|I|132501644|lpUCM [RemoteSails.cpp:HandleResponse:149] HandleResponse started, buffer size: 1048
[m[0;32;32m1970-01-01 07:04:36.773|I|132501644|lpUCM [RemoteSails.cpp:HandleResponse:158] Successfully deserialized response, status: 0, result code: 0
[m[0;32;31m1970-01-01 07:04:36.773|E|132501644|lpUCM [IpccProtoMessage.cpp:SerializeParams:112] m_offset, 264192
[m[1;33m1970-01-01 07:04:36.773|W|132501644|lpUCM [RemoteSails.cpp:SendWithRetry:185] Successfully wrote 1052 bytes
[m[0;32;32m1970-01-01 07:04:36.776|I|132501644|lpUCM [RemoteSails.cpp:HandleResponse:149] HandleResponse started, buffer size: 1048
[m[0;32;32m1970-01-01 07:04:36.776|I|132501644|lpUCM [RemoteSails.cpp:HandleResponse:158] Successfully deserialized response, status: 0, result code: 0
[m[0;32;31m1970-01-01 07:04:36.776|E|132501644|lpUCM [IpccProtoMessage.cpp:SerializeParams:112] m_offset, 265216
[m[1;33m1970-01-01 07:04:36.776|W|132501644|lpUCM [RemoteSails.cpp:SendWithRetry:185] Successfully wrote 1052 bytes
[m[0;32;32m1970-01-01 07:04:36.780|I|132501644|lpUCM [RemoteSails.cpp:HandleResponse:149] HandleResponse started, buffer size: 1048
[m[0;32;32m1970-01-01 07:04:36.780|I|132501644|lpUCM [RemoteSails.cpp:HandleResponse:158] Successfully deserialized response, status: 0, result code: 0
[m[0;32;31m1970-01-01 07:04:36.780|E|132501644|lpUCM [IpccProtoMessage.cpp:SerializeParams:112] m_offset, 266240
[m[1;33m1970-01-01 07:04:36.780|W|132501644|lpUCM [RemoteSails.cpp:SendWithRetry:185] Successfully wrote 1052 bytes
[m[0;32;32m1970-01-01 07:04:36.814|I|132501644|lpUCM [RemoteSails.cpp:HandleResponse:149] HandleResponse started, buffer size: 1048
[m[0;32;32m1970-01-01 07:04:36.814|I|132501644|lpUCM [RemoteSails.cpp:HandleResponse:158] Successfully deserialized response, status: 0, result code: 0
[m[0;32;31m1970-01-01 07:04:36.814|E|132501644|lpUCM [IpccProtoMessage.cpp:SerializeParams:112] m_offset, 267264
[m[1;33m1970-01-01 07:04:36.814|W|132501644|lpUCM [RemoteSails.cpp:SendWithRetry:185] Successfully wrote 1052 bytes
[m[0;32;32m1970-01-01 07:04:36.817|I|132501644|lpUCM [RemoteSails.cpp:HandleResponse:149] HandleResponse started, buffer size: 1048
[m[0;32;32m1970-01-01 07:04:36.817|I|132501644|lpUCM [RemoteSails.cpp:HandleResponse:158] Successfully deserialized response, status: 0, result code: 0
[m[0;32;31m1970-01-01 07:04:36.817|E|132501644|lpUCM [IpccProtoMessage.cpp:SerializeParams:112] m_offset, 268288
[m[1;33m1970-01-01 07:04:36.817|W|132501644|lpUCM [RemoteSails.cpp:SendWithRetry:185] Successfully wrote 1052 bytes
[m[0;32;32m1970-01-01 07:04:36.823|I|132501644|lpUCM [RemoteSails.cpp:HandleResponse:149] HandleResponse started, buffer size: 1048
[m[0;32;32m1970-01-01 07:04:36.823|I|132501644|lpUCM [RemoteSails.cpp:HandleResponse:158] Successfully deserialized response, status: 0, result code: 0
[m[0;32;31m1970-01-01 07:04:36.823|E|132501644|lpUCM [IpccProtoMessage.cpp:SerializeParams:112] m_offset, 269312
[m[1;33m1970-01-01 07:04:36.823|W|132501644|lpUCM [RemoteSails.cpp:SendWithRetry:185] Successfully wrote 1052 bytes
[m[0;32;32m1970-01-01 07:04:36.826|I|132501644|lpUCM [RemoteSails.cpp:HandleResponse:149] HandleResponse started, buffer size: 1048
[m[0;32;32m1970-01-01 07:04:36.826|I|132501644|lpUCM [RemoteSails.cpp:HandleResponse:158] Successfully deserialized response, status: 0, result code: 0
[m[0;32;31m1970-01-01 07:04:36.826|E|132501644|lpUCM [IpccProtoMessage.cpp:SerializeParams:112] m_offset, 270336
[m[1;33m1970-01-01 07:04:36.826|W|132501644|lpUCM [RemoteSails.cpp:SendWithRetry:185] Successfully wrote 1052 bytes
[m[0;32;32m1970-01-01 07:04:36.859|I|132501644|lpUCM [RemoteSails.cpp:HandleResponse:149] HandleResponse started, buffer size: 1048
[m[0;32;32m1970-01-01 07:04:36.859|I|132501644|lpUCM [RemoteSails.cpp:HandleResponse:158] Successfully deserialized response, status: 0, result code: 0
[m[0;32;31m1970-01-01 07:04:36.859|E|132501644|lpUCM [IpccProtoMessage.cpp:SerializeParams:112] m_offset, 271360
[m[1;33m1970-01-01 07:04:36.859|W|132501644|lpUCM [RemoteSails.cpp:SendWithRetry:185] Successfully wrote 1052 bytes
[m[0;32;32m1970-01-01 07:04:36.862|I|132501644|lpUCM [RemoteSails.cpp:HandleResponse:149] HandleResponse started, buffer size: 1048
[m[0;32;32m1970-01-01 07:04:36.862|I|132501644|lpUCM [RemoteSails.cpp:HandleResponse:158] Successfully deserialized response, status: 0, result code: 0
[m[0;32;31m1970-01-01 07:04:36.862|E|132501644|lpUCM [IpccProtoMessage.cpp:SerializeParams:112] m_offset, 272384
[m[1;33m1970-01-01 07:04:36.862|W|132501644|lpUCM [RemoteSails.cpp:SendWithRetry:185] Successfully wrote 1052 bytes
[m[0;32;32m1970-01-01 07:04:36.865|I|132501644|lpUCM [RemoteSails.cpp:HandleResponse:149] HandleResponse started, buffer size: 1048
[m[0;32;32m1970-01-01 07:04:36.865|I|132501644|lpUCM [RemoteSails.cpp:HandleResponse:158] Successfully deserialized response, status: 0, result code: 0
[m[0;32;31m1970-01-01 07:04:36.865|E|132501644|lpUCM [IpccProtoMessage.cpp:SerializeParams:112] m_offset, 273408
[m[1;33m1970-01-01 07:04:36.865|W|132501644|lpUCM [RemoteSails.cpp:SendWithRetry:185] Successfully wrote 1052 bytes
[m[0;32;32m1970-01-01 07:04:36.869|I|132501644|lpUCM [RemoteSails.cpp:HandleResponse:149] HandleResponse started, buffer size: 1048
[m[0;32;32m1970-01-01 07:04:36.869|I|132501644|lpUCM [RemoteSails.cpp:HandleResponse:158] Successfully deserialized response, status: 0, result code: 0
[m[0;32;31m1970-01-01 07:04:36.869|E|132501644|lpUCM [IpccProtoMessage.cpp:SerializeParams:112] m_offset, 274432
[m[1;33m1970-01-01 07:04:36.869|W|132501644|lpUCM [RemoteSails.cpp:SendWithRetry:185] Successfully wrote 1052 bytes
[m[0;32;32m1970-01-01 07:04:36.901|I|132501644|lpUCM [RemoteSails.cpp:HandleResponse:149] HandleResponse started, buffer size: 1048
[m[0;32;32m1970-01-01 07:04:36.901|I|132501644|lpUCM [RemoteSails.cpp:HandleResponse:158] Successfully deserialized response, status: 0, result code: 0
[m[0;32;31m1970-01-01 07:04:36.901|E|132501644|lpUCM [IpccProtoMessage.cpp:SerializeParams:112] m_offset, 275456
[m[1;33m1970-01-01 07:04:36.901|W|132501644|lpUCM [RemoteSails.cpp:SendWithRetry:185] Successfully wrote 1052 bytes
[m[0;32;32m1970-01-01 07:04:36.904|I|132501644|lpUCM [RemoteSails.cpp:HandleResponse:149] HandleResponse started, buffer size: 1048
[m[0;32;32m1970-01-01 07:04:36.904|I|132501644|lpUCM [RemoteSails.cpp:HandleResponse:158] Successfully deserialized response, status: 0, result code: 0
[m[0;32;31m1970-01-01 07:04:36.904|E|132501644|lpUCM [IpccProtoMessage.cpp:SerializeParams:112] m_offset, 276480
[m[1;33m1970-01-01 07:04:36.904|W|132501644|lpUCM [RemoteSails.cpp:SendWithRetry:185] Successfully wrote 1052 bytes
[m[0;32;32m1970-01-01 07:04:36.908|I|132501644|lpUCM [RemoteSails.cpp:HandleResponse:149] HandleResponse started, buffer size: 1048
[m[0;32;32m1970-01-01 07:04:36.908|I|132501644|lpUCM [RemoteSails.cpp:HandleResponse:158] Successfully deserialized response, status: 0, result code: 0
[m[0;32;31m1970-01-01 07:04:36.908|E|132501644|lpUCM [IpccProtoMessage.cpp:SerializeParams:112] m_offset, 277504
[m[1;33m1970-01-01 07:04:36.908|W|132501644|lpUCM [RemoteSails.cpp:SendWithRetry:185] Successfully wrote 1052 bytes
[m[0;32;32m1970-01-01 07:04:36.914|I|132501644|lpUCM [RemoteSails.cpp:HandleResponse:149] HandleResponse started, buffer size: 1048
[m[0;32;32m1970-01-01 07:04:36.914|I|132501644|lpUCM [RemoteSails.cpp:HandleResponse:158] Successfully deserialized response, status: 0, result code: 0
[m[0;32;32m1970-01-01 07:04:36.914|I|132501644|lpUCM [RemoteSails.cpp:SailWriteData:272] All data already trans size 16384
[m[0;32;32m1970-01-01 07:04:36.914|I|132501644|lpUCM [fds.cpp:FDS_OnLocalUpgProgress:248] total: 23, curr:23, percent:30, rop:96%
[m[0;32;32m1970-01-01 07:04:36.914|I|132501644|lpUCM [RemoteSails.cpp:SailWriteData:254] total data is 16384
[m[0;32;31m1970-01-01 07:04:36.914|E|132501644|lpUCM [IpccProtoMessage.cpp:SerializeParams:112] m_offset, 278528
[m[1;33m1970-01-01 07:04:36.914|W|132501644|lpUCM [RemoteSails.cpp:SendWithRetry:185] Successfully wrote 1052 bytes
[m[0;32;32m1970-01-01 07:04:36.945|I|132501644|lpUCM [RemoteSails.cpp:HandleResponse:149] HandleResponse started, buffer size: 1048
[m[0;32;32m1970-01-01 07:04:36.945|I|132501644|lpUCM [RemoteSails.cpp:HandleResponse:158] Successfully deserialized response, status: 0, result code: 0
[m[0;32;31m1970-01-01 07:04:36.945|E|132501644|lpUCM [IpccProtoMessage.cpp:SerializeParams:112] m_offset, 279552
[m[1;33m1970-01-01 07:04:36.945|W|132501644|lpUCM [RemoteSails.cpp:SendWithRetry:185] Successfully wrote 1052 bytes
[m[0;32;32m1970-01-01 07:04:36.948|I|132501644|lpUCM [RemoteSails.cpp:HandleResponse:149] HandleResponse started, buffer size: 1048
[m[0;32;32m1970-01-01 07:04:36.948|I|132501644|lpUCM [RemoteSails.cpp:HandleResponse:158] Successfully deserialized response, status: 0, result code: 0
[m[0;32;31m1970-01-01 07:04:36.948|E|132501644|lpUCM [IpccProtoMessage.cpp:SerializeParams:112] m_offset, 280576
[m[1;33m1970-01-01 07:04:36.948|W|132501644|lpUCM [RemoteSails.cpp:SendWithRetry:185] Successfully wrote 1052 bytes
[m[0;32;32m1970-01-01 07:04:36.955|I|132501644|lpUCM [RemoteSails.cpp:HandleResponse:149] HandleResponse started, buffer size: 1048
[m[0;32;32m1970-01-01 07:04:36.955|I|132501644|lpUCM [RemoteSails.cpp:HandleResponse:158] Successfully deserialized response, status: 0, result code: 0
[m[0;32;31m1970-01-01 07:04:36.955|E|132501644|lpUCM [IpccProtoMessage.cpp:SerializeParams:112] m_offset, 281600
[m[1;33m1970-01-01 07:04:36.955|W|132501644|lpUCM [RemoteSails.cpp:SendWithRetry:185] Successfully wrote 1052 bytes
[m[0;32;32m1970-01-01 07:04:36.959|I|132501644|lpUCM [RemoteSails.cpp:HandleResponse:149] HandleResponse started, buffer size: 1048
[m[0;32;32m1970-01-01 07:04:36.959|I|132501644|lpUCM [RemoteSails.cpp:HandleResponse:158] Successfully deserialized response, status: 0, result code: 0
[m[0;32;31m1970-01-01 07:04:36.959|E|132501644|lpUCM [IpccProtoMessage.cpp:SerializeParams:112] m_offset, 282624
[m[1;33m1970-01-01 07:04:36.959|W|132501644|lpUCM [RemoteSails.cpp:SendWithRetry:185] Successfully wrote 1052 bytes
[m[0;32;32m1970-01-01 07:04:36.994|I|132501644|lpUCM [RemoteSails.cpp:HandleResponse:149] HandleResponse started, buffer size: 1048
[m[0;32;32m1970-01-01 07:04:36.994|I|132501644|lpUCM [RemoteSails.cpp:HandleResponse:158] Successfully deserialized response, status: 0, result code: 0
[m[0;32;31m1970-01-01 07:04:36.994|E|132501644|lpUCM [IpccProtoMessage.cpp:SerializeParams:112] m_offset, 283648
[m[1;33m1970-01-01 07:04:36.994|W|132501644|lpUCM [RemoteSails.cpp:SendWithRetry:185] Successfully wrote 1052 bytes
[m[0;32;32m1970-01-01 07:04:36.997|I|132501644|lpUCM [RemoteSails.cpp:HandleResponse:149] HandleResponse started, buffer size: 1048
[m[0;32;32m1970-01-01 07:04:36.997|I|132501644|lpUCM [RemoteSails.cpp:HandleResponse:158] Successfully deserialized response, status: 0, result code: 0
[m[0;32;31m1970-01-01 07:04:36.997|E|132501644|lpUCM [IpccProtoMessage.cpp:SerializeParams:112] m_offset, 284672
[m[1;33m1970-01-01 07:04:36.997|W|132501644|lpUCM [RemoteSails.cpp:SendWithRetry:185] Successfully wrote 1052 bytes
[m[0;32;32m1970-01-01 07:04:37.3|I|132501644|lpUCM [RemoteSails.cpp:HandleResponse:149] HandleResponse started, buffer size: 1048
[m[0;32;32m1970-01-01 07:04:37.3|I|132501644|lpUCM [RemoteSails.cpp:HandleResponse:158] Successfully deserialized response, status: 0, result code: 0
[m[0;32;31m1970-01-01 07:04:37.3|E|132501644|lpUCM [IpccProtoMessage.cpp:SerializeParams:112] m_offset, 285696
[m[1;33m1970-01-01 07:04:37.3|W|132501644|lpUCM [RemoteSails.cpp:SendWithRetry:185] Successfully wrote 1052 bytes
[m[0;32;32m1970-01-01 07:04:37.6|I|132501644|lpUCM [RemoteSails.cpp:HandleResponse:149] HandleResponse started, buffer size: 1048
[m[0;32;32m1970-01-01 07:04:37.6|I|132501644|lpUCM [RemoteSails.cpp:HandleResponse:158] Successfully deserialized response, status: 0, result code: 0
[m[0;32;31m1970-01-01 07:04:37.6|E|132501644|lpUCM [IpccProtoMessage.cpp:SerializeParams:112] m_offset, 286720
[m[1;33m1970-01-01 07:04:37.6|W|132501644|lpUCM [RemoteSails.cpp:SendWithRetry:185] Successfully wrote 1052 bytes
[m[0;32;32m1970-01-01 07:04:37.39|I|132501644|lpUCM [RemoteSails.cpp:HandleResponse:149] HandleResponse started, buffer size: 1048
[m[0;32;32m1970-01-01 07:04:37.39|I|132501644|lpUCM [RemoteSails.cpp:HandleResponse:158] Successfully deserialized response, status: 0, result code: 0
[m[0;32;31m1970-01-01 07:04:37.39|E|132501644|lpUCM [IpccProtoMessage.cpp:SerializeParams:112] m_offset, 287744
[m[1;33m1970-01-01 07:04:37.39|W|132501644|lpUCM [RemoteSails.cpp:SendWithRetry:185] Successfully wrote 1052 bytes
[m[0;32;32m1970-01-01 07:04:37.42|I|132501644|lpUCM [RemoteSails.cpp:HandleResponse:149] HandleResponse started, buffer size: 1048
[m[0;32;32m1970-01-01 07:04:37.42|I|132501644|lpUCM [RemoteSails.cpp:HandleResponse:158] Successfully deserialized response, status: 0, result code: 0
[m[0;32;31m1970-01-01 07:04:37.42|E|132501644|lpUCM [IpccProtoMessage.cpp:SerializeParams:112] m_offset, 288768
[m[1;33m1970-01-01 07:04:37.42|W|132501644|lpUCM [RemoteSails.cpp:SendWithRetry:185] Successfully wrote 1052 bytes
[m[0;32;32m1970-01-01 07:04:37.45|I|132501644|lpUCM [RemoteSails.cpp:HandleResponse:149] HandleResponse started, buffer size: 1048
[m[0;32;32m1970-01-01 07:04:37.45|I|132501644|lpUCM [RemoteSails.cpp:HandleResponse:158] Successfully deserialized response, status: 0, result code: 0
[m[0;32;31m1970-01-01 07:04:37.45|E|132501644|lpUCM [IpccProtoMessage.cpp:SerializeParams:112] m_offset, 289792
[m[1;33m1970-01-01 07:04:37.45|W|132501644|lpUCM [RemoteSails.cpp:SendWithRetry:185] Successfully wrote 1052 bytes
[m[0;32;32m1970-01-01 07:04:37.48|I|132501644|lpUCM [RemoteSails.cpp:HandleResponse:149] HandleResponse started, buffer size: 1048
[m[0;32;32m1970-01-01 07:04:37.48|I|132501644|lpUCM [RemoteSails.cpp:HandleResponse:158] Successfully deserialized response, status: 0, result code: 0
[m[0;32;31m1970-01-01 07:04:37.48|E|132501644|lpUCM [IpccProtoMessage.cpp:SerializeParams:112] m_offset, 290816
[m[1;33m1970-01-01 07:04:37.48|W|132501644|lpUCM [RemoteSails.cpp:SendWithRetry:185] Successfully wrote 1052 bytes
[m[0;32;32m1970-01-01 07:04:37.84|I|132501644|lpUCM [RemoteSails.cpp:HandleResponse:149] HandleResponse started, buffer size: 1048
[m[0;32;32m1970-01-01 07:04:37.84|I|132501644|lpUCM [RemoteSails.cpp:HandleResponse:158] Successfully deserialized response, status: 0, result code: 0
[m[0;32;31m1970-01-01 07:04:37.84|E|132501644|lpUCM [IpccProtoMessage.cpp:SerializeParams:112] m_offset, 291840
[m[1;33m1970-01-01 07:04:37.84|W|132501644|lpUCM [RemoteSails.cpp:SendWithRetry:185] Successfully wrote 1052 bytes
[m[0;32;32m1970-01-01 07:04:37.87|I|132501644|lpUCM [RemoteSails.cpp:HandleResponse:149] HandleResponse started, buffer size: 1048
[m[0;32;32m1970-01-01 07:04:37.87|I|132501644|lpUCM [RemoteSails.cpp:HandleResponse:158] Successfully deserialized response, status: 0, result code: 0
[m[0;32;31m1970-01-01 07:04:37.87|E|132501644|lpUCM [IpccProtoMessage.cpp:SerializeParams:112] m_offset, 292864
[m[1;33m1970-01-01 07:04:37.87|W|132501644|lpUCM [RemoteSails.cpp:SendWithRetry:185] Successfully wrote 1052 bytes
[m[0;32;32m1970-01-01 07:04:37.93|I|132501644|lpUCM [RemoteSails.cpp:HandleResponse:149] HandleResponse started, buffer size: 1048
[m[0;32;32m1970-01-01 07:04:37.93|I|132501644|lpUCM [RemoteSails.cpp:HandleResponse:158] Successfully deserialized response, status: 0, result code: 0
[m[0;32;31m1970-01-01 07:04:37.93|E|132501644|lpUCM [IpccProtoMessage.cpp:SerializeParams:112] m_offset, 293888
[m[1;33m1970-01-01 07:04:37.93|W|132501644|lpUCM [RemoteSails.cpp:SendWithRetry:185] Successfully wrote 1052 bytes
[m[0;32;32m1970-01-01 07:04:37.96|I|132501644|lpUCM [RemoteSails.cpp:HandleResponse:149] HandleResponse started, buffer size: 1048
[m[0;32;32m1970-01-01 07:04:37.96|I|132501644|lpUCM [RemoteSails.cpp:HandleResponse:158] Successfully deserialized response, status: 0, result code: 0
[m[0;32;32m1970-01-01 07:04:37.96|I|132501644|lpUCM [RemoteSails.cpp:SailWriteData:272] All data already trans size 16384
[m[0;32;32m1970-01-01 07:04:37.96|I|132501644|lpUCM [fds.cpp:FDS_OnLocalUpgProgress:248] total: 23, curr:23, percent:31, rop:97%
[m[0;32;32m1970-01-01 07:04:37.96|I|132501644|lpUCM [RemoteSails.cpp:SailWriteData:254] total data is 16384
[m[0;32;31m1970-01-01 07:04:37.96|E|132501644|lpUCM [IpccProtoMessage.cpp:SerializeParams:112] m_offset, 294912
[m[1;33m1970-01-01 07:04:37.96|W|132501644|lpUCM [RemoteSails.cpp:SendWithRetry:185] Successfully wrote 1052 bytes
[m[0;32;32m1970-01-01 07:04:37.127|I|132501644|lpUCM [RemoteSails.cpp:HandleResponse:149] HandleResponse started, buffer size: 1048
[m[0;32;32m1970-01-01 07:04:37.127|I|132501644|lpUCM [RemoteSails.cpp:HandleResponse:158] Successfully deserialized response, status: 0, result code: 0
[m[0;32;31m1970-01-01 07:04:37.127|E|132501644|lpUCM [IpccProtoMessage.cpp:SerializeParams:112] m_offset, 295936
[m[1;33m1970-01-01 07:04:37.127|W|132501644|lpUCM [RemoteSails.cpp:SendWithRetry:185] Successfully wrote 1052 bytes
[m[0;32;32m1970-01-01 07:04:37.130|I|132501644|lpUCM [RemoteSails.cpp:HandleResponse:149] HandleResponse started, buffer size: 1048
[m[0;32;32m1970-01-01 07:04:37.130|I|132501644|lpUCM [RemoteSails.cpp:HandleResponse:158] Successfully deserialized response, status: 0, result code: 0
[m[0;32;31m1970-01-01 07:04:37.130|E|132501644|lpUCM [IpccProtoMessage.cpp:SerializeParams:112] m_offset, 296960
[m[1;33m1970-01-01 07:04:37.130|W|132501644|lpUCM [RemoteSails.cpp:SendWithRetry:185] Successfully wrote 1052 bytes
[m[0;32;32m1970-01-01 07:04:37.133|I|132501644|lpUCM [RemoteSails.cpp:HandleResponse:149] HandleResponse started, buffer size: 1048
[m[0;32;32m1970-01-01 07:04:37.133|I|132501644|lpUCM [RemoteSails.cpp:HandleResponse:158] Successfully deserialized response, status: 0, result code: 0
[m[0;32;31m1970-01-01 07:04:37.133|E|132501644|lpUCM [IpccProtoMessage.cpp:SerializeParams:112] m_offset, 297984
[m[1;33m1970-01-01 07:04:37.133|W|132501644|lpUCM [RemoteSails.cpp:SendWithRetry:185] Successfully wrote 1052 bytes
[m[0;32;32m1970-01-01 07:04:37.137|I|132501644|lpUCM [RemoteSails.cpp:HandleResponse:149] HandleResponse started, buffer size: 1048
[m[0;32;32m1970-01-01 07:04:37.137|I|132501644|lpUCM [RemoteSails.cpp:HandleResponse:158] Successfully deserialized response, status: 0, result code: 0
[m[0;32;31m1970-01-01 07:04:37.137|E|132501644|lpUCM [IpccProtoMessage.cpp:SerializeParams:112] m_offset, 299008
[m[1;33m1970-01-01 07:04:37.137|W|132501644|lpUCM [RemoteSails.cpp:SendWithRetry:185] Successfully wrote 1052 bytes
[m[0;32;32m1970-01-01 07:04:37.169|I|132501644|lpUCM [RemoteSails.cpp:HandleResponse:149] HandleResponse started, buffer size: 1048
[m[0;32;32m1970-01-01 07:04:37.169|I|132501644|lpUCM [RemoteSails.cpp:HandleResponse:158] Successfully deserialized response, status: 0, result code: 0
[m[0;32;31m1970-01-01 07:04:37.169|E|132501644|lpUCM [IpccProtoMessage.cpp:SerializeParams:112] m_offset, 300032
[m[1;33m1970-01-01 07:04:37.169|W|132501644|lpUCM [RemoteSails.cpp:SendWithRetry:185] Successfully wrote 1052 bytes
[m[0;32;32m1970-01-01 07:04:37.172|I|132501644|lpUCM [RemoteSails.cpp:HandleResponse:149] HandleResponse started, buffer size: 1048
[m[0;32;32m1970-01-01 07:04:37.172|I|132501644|lpUCM [RemoteSails.cpp:HandleResponse:158] Successfully deserialized response, status: 0, result code: 0
[m[0;32;31m1970-01-01 07:04:37.172|E|132501644|lpUCM [IpccProtoMessage.cpp:SerializeParams:112] m_offset, 301056
[m[1;33m1970-01-01 07:04:37.172|W|132501644|lpUCM [RemoteSails.cpp:SendWithRetry:185] Successfully wrote 1052 bytes
[m[0;32;32m1970-01-01 07:04:37.175|I|132501644|lpUCM [RemoteSails.cpp:HandleResponse:149] HandleResponse started, buffer size: 1048
[m[0;32;32m1970-01-01 07:04:37.175|I|132501644|lpUCM [RemoteSails.cpp:HandleResponse:158] Successfully deserialized response, status: 0, result code: 0
[m[0;32;31m1970-01-01 07:04:37.175|E|132501644|lpUCM [IpccProtoMessage.cpp:SerializeParams:112] m_offset, 302080
[m[1;33m1970-01-01 07:04:37.175|W|132501644|lpUCM [RemoteSails.cpp:SendWithRetry:185] Successfully wrote 1052 bytes
[m[0;32;32m1970-01-01 07:04:37.178|I|132501644|lpUCM [RemoteSails.cpp:HandleResponse:149] HandleResponse started, buffer size: 1048
[m[0;32;32m1970-01-01 07:04:37.178|I|132501644|lpUCM [RemoteSails.cpp:HandleResponse:158] Successfully deserialized response, status: 0, result code: 0
[m[0;32;31m1970-01-01 07:04:37.178|E|132501644|lpUCM [IpccProtoMessage.cpp:SerializeParams:112] m_offset, 303104
[m[1;33m1970-01-01 07:04:37.178|W|132501644|lpUCM [RemoteSails.cpp:SendWithRetry:185] Successfully wrote 1052 bytes
[m[0;32;32m1970-01-01 07:04:37.211|I|132501644|lpUCM [RemoteSails.cpp:HandleResponse:149] HandleResponse started, buffer size: 1048
[m[0;32;32m1970-01-01 07:04:37.211|I|132501644|lpUCM [RemoteSails.cpp:HandleResponse:158] Successfully deserialized response, status: 0, result code: 0
[m[0;32;31m1970-01-01 07:04:37.211|E|132501644|lpUCM [IpccProtoMessage.cpp:SerializeParams:112] m_offset, 304128
[m[1;33m1970-01-01 07:04:37.211|W|132501644|lpUCM [RemoteSails.cpp:SendWithRetry:185] Successfully wrote 1052 bytes
[m[0;32;32m1970-01-01 07:04:37.214|I|132501644|lpUCM [RemoteSails.cpp:HandleResponse:149] HandleResponse started, buffer size: 1048
[m[0;32;32m1970-01-01 07:04:37.214|I|132501644|lpUCM [RemoteSails.cpp:HandleResponse:158] Successfully deserialized response, status: 0, result code: 0
[m[0;32;31m1970-01-01 07:04:37.214|E|132501644|lpUCM [IpccProtoMessage.cpp:SerializeParams:112] m_offset, 305152
[m[1;33m1970-01-01 07:04:37.214|W|132501644|lpUCM [RemoteSails.cpp:SendWithRetry:185] Successfully wrote 1052 bytes
[m[0;32;32m1970-01-01 07:04:37.217|I|132501644|lpUCM [RemoteSails.cpp:HandleResponse:149] HandleResponse started, buffer size: 1048
[m[0;32;32m1970-01-01 07:04:37.217|I|132501644|lpUCM [RemoteSails.cpp:HandleResponse:158] Successfully deserialized response, status: 0, result code: 0
[m[0;32;31m1970-01-01 07:04:37.217|E|132501644|lpUCM [IpccProtoMessage.cpp:SerializeParams:112] m_offset, 306176
[m[1;33m1970-01-01 07:04:37.217|W|132501644|lpUCM [RemoteSails.cpp:SendWithRetry:185] Successfully wrote 1052 bytes
[m[0;32;32m1970-01-01 07:04:37.223|I|132501644|lpUCM [RemoteSails.cpp:HandleResponse:149] HandleResponse started, buffer size: 1048
[m[0;32;32m1970-01-01 07:04:37.223|I|132501644|lpUCM [RemoteSails.cpp:HandleResponse:158] Successfully deserialized response, status: 0, result code: 0
[m[0;32;31m1970-01-01 07:04:37.223|E|132501644|lpUCM [IpccProtoMessage.cpp:SerializeParams:112] m_offset, 307200
[m[1;33m1970-01-01 07:04:37.223|W|132501644|lpUCM [RemoteSails.cpp:SendWithRetry:185] Successfully wrote 1052 bytes
[m[0;32;32m1970-01-01 07:04:37.254|I|132501644|lpUCM [RemoteSails.cpp:HandleResponse:149] HandleResponse started, buffer size: 1048
[m[0;32;32m1970-01-01 07:04:37.254|I|132501644|lpUCM [RemoteSails.cpp:HandleResponse:158] Successfully deserialized response, status: 0, result code: 0
[m[0;32;31m1970-01-01 07:04:37.254|E|132501644|lpUCM [IpccProtoMessage.cpp:SerializeParams:112] m_offset, 308224
[m[1;33m1970-01-01 07:04:37.254|W|132501644|lpUCM [RemoteSails.cpp:SendWithRetry:185] Successfully wrote 1052 bytes
[m[0;32;32m1970-01-01 07:04:37.258|I|132501644|lpUCM [RemoteSails.cpp:HandleResponse:149] HandleResponse started, buffer size: 1048
[m[0;32;32m1970-01-01 07:04:37.258|I|132501644|lpUCM [RemoteSails.cpp:HandleResponse:158] Successfully deserialized response, status: 0, result code: 0
[m[0;32;31m1970-01-01 07:04:37.258|E|132501644|lpUCM [IpccProtoMessage.cpp:SerializeParams:112] m_offset, 309248
[m[1;33m1970-01-01 07:04:37.258|W|132501644|lpUCM [RemoteSails.cpp:SendWithRetry:185] Successfully wrote 1052 bytes
[m[0;32;32m1970-01-01 07:04:37.264|I|132501644|lpUCM [RemoteSails.cpp:HandleResponse:149] HandleResponse started, buffer size: 1048
[m[0;32;32m1970-01-01 07:04:37.264|I|132501644|lpUCM [RemoteSails.cpp:HandleResponse:158] Successfully deserialized response, status: 0, result code: 0
[m[0;32;31m1970-01-01 07:04:37.264|E|132501644|lpUCM [IpccProtoMessage.cpp:SerializeParams:112] m_offset, 310272
[m[1;33m1970-01-01 07:04:37.264|W|132501644|lpUCM [RemoteSails.cpp:SendWithRetry:185] Successfully wrote 1052 bytes
[m[0;32;32m1970-01-01 07:04:37.267|I|132501644|lpUCM [RemoteSails.cpp:HandleResponse:149] HandleResponse started, buffer size: 1048
[m[0;32;32m1970-01-01 07:04:37.267|I|132501644|lpUCM [RemoteSails.cpp:HandleResponse:158] Successfully deserialized response, status: 0, result code: 0
[m[0;32;32m1970-01-01 07:04:37.267|I|132501644|lpUCM [RemoteSails.cpp:SailWriteData:272] All data already trans size 16384
[m[0;32;32m1970-01-01 07:04:37.267|I|132501644|lpUCM [fds.cpp:FDS_OnLocalUpgProgress:248] total: 23, curr:23, percent:32, rop:97%
[m[0;32;32m1970-01-01 07:04:37.267|I|132501644|lpUCM [RemoteSails.cpp:SailWriteData:254] total data is 16384
[m[0;32;31m1970-01-01 07:04:37.267|E|132501644|lpUCM [IpccProtoMessage.cpp:SerializeParams:112] m_offset, 311296
[m[1;33m1970-01-01 07:04:37.267|W|132501644|lpUCM [RemoteSails.cpp:SendWithRetry:185] Successfully wrote 1052 bytes
[m[0;32;32m1970-01-01 07:04:37.301|I|132501644|lpUCM [RemoteSails.cpp:HandleResponse:149] HandleResponse started, buffer size: 1048
[m[0;32;32m1970-01-01 07:04:37.301|I|132501644|lpUCM [RemoteSails.cpp:HandleResponse:158] Successfully deserialized response, status: 0, result code: 0
[m[0;32;31m1970-01-01 07:04:37.301|E|132501644|lpUCM [IpccProtoMessage.cpp:SerializeParams:112] m_offset, 312320
[m[1;33m1970-01-01 07:04:37.301|W|132501644|lpUCM [RemoteSails.cpp:SendWithRetry:185] Successfully wrote 1052 bytes
[m[0;32;32m1970-01-01 07:04:37.305|I|132501644|lpUCM [RemoteSails.cpp:HandleResponse:149] HandleResponse started, buffer size: 1048
[m[0;32;32m1970-01-01 07:04:37.305|I|132501644|lpUCM [RemoteSails.cpp:HandleResponse:158] Successfully deserialized response, status: 0, result code: 0
[m[0;32;31m1970-01-01 07:04:37.305|E|132501644|lpUCM [IpccProtoMessage.cpp:SerializeParams:112] m_offset, 313344
[m[1;33m1970-01-01 07:04:37.305|W|132501644|lpUCM [RemoteSails.cpp:SendWithRetry:185] Successfully wrote 1052 bytes
[m[0;32;32m1970-01-01 07:04:37.309|I|132501644|lpUCM [RemoteSails.cpp:HandleResponse:149] HandleResponse started, buffer size: 1048
[m[0;32;32m1970-01-01 07:04:37.309|I|132501644|lpUCM [RemoteSails.cpp:HandleResponse:158] Successfully deserialized response, status: 0, result code: 0
[m[0;32;31m1970-01-01 07:04:37.309|E|132501644|lpUCM [IpccProtoMessage.cpp:SerializeParams:112] m_offset, 314368
[m[1;33m1970-01-01 07:04:37.309|W|132501644|lpUCM [RemoteSails.cpp:SendWithRetry:185] Successfully wrote 1052 bytes
[m[0;32;32m1970-01-01 07:04:37.312|I|132501644|lpUCM [RemoteSails.cpp:HandleResponse:149] HandleResponse started, buffer size: 1048
[m[0;32;32m1970-01-01 07:04:37.312|I|132501644|lpUCM [RemoteSails.cpp:HandleResponse:158] Successfully deserialized response, status: 0, result code: 0
[m[0;32;31m1970-01-01 07:04:37.312|E|132501644|lpUCM [IpccProtoMessage.cpp:SerializeParams:112] m_offset, 315392
[m[1;33m1970-01-01 07:04:37.312|W|132501644|lpUCM [RemoteSails.cpp:SendWithRetry:185] Successfully wrote 1052 bytes
[m[0;32;32m1970-01-01 07:04:37.344|I|132501644|lpUCM [RemoteSails.cpp:HandleResponse:149] HandleResponse started, buffer size: 1048
[m[0;32;32m1970-01-01 07:04:37.344|I|132501644|lpUCM [RemoteSails.cpp:HandleResponse:158] Successfully deserialized response, status: 0, result code: 0
[m[0;32;31m1970-01-01 07:04:37.344|E|132501644|lpUCM [IpccProtoMessage.cpp:SerializeParams:112] m_offset, 316416
[m[1;33m1970-01-01 07:04:37.344|W|132501644|lpUCM [RemoteSails.cpp:SendWithRetry:185] Successfully wrote 1052 bytes
[m[0;32;32m1970-01-01 07:04:37.348|I|132501644|lpUCM [RemoteSails.cpp:HandleResponse:149] HandleResponse started, buffer size: 1048
[m[0;32;32m1970-01-01 07:04:37.348|I|132501644|lpUCM [RemoteSails.cpp:HandleResponse:158] Successfully deserialized response, status: 0, result code: 0
[m[0;32;31m1970-01-01 07:04:37.348|E|132501644|lpUCM [IpccProtoMessage.cpp:SerializeParams:112] m_offset, 317440
[m[1;33m1970-01-01 07:04:37.348|W|132501644|lpUCM [RemoteSails.cpp:SendWithRetry:185] Successfully wrote 1052 bytes
[m[0;32;32m1970-01-01 07:04:37.355|I|132501644|lpUCM [RemoteSails.cpp:HandleResponse:149] HandleResponse started, buffer size: 1048
[m[0;32;32m1970-01-01 07:04:37.355|I|132501644|lpUCM [RemoteSails.cpp:HandleResponse:158] Successfully deserialized response, status: 0, result code: 0
[m[0;32;31m1970-01-01 07:04:37.355|E|132501644|lpUCM [IpccProtoMessage.cpp:SerializeParams:112] m_offset, 318464
[m[1;33m1970-01-01 07:04:37.355|W|132501644|lpUCM [RemoteSails.cpp:SendWithRetry:185] Successfully wrote 1052 bytes
[m[0;32;32m1970-01-01 07:04:37.358|I|132501644|lpUCM [RemoteSails.cpp:HandleResponse:149] HandleResponse started, buffer size: 1048
[m[0;32;32m1970-01-01 07:04:37.358|I|132501644|lpUCM [RemoteSails.cpp:HandleResponse:158] Successfully deserialized response, status: 0, result code: 0
[m[0;32;31m1970-01-01 07:04:37.358|E|132501644|lpUCM [IpccProtoMessage.cpp:SerializeParams:112] m_offset, 319488
[m[1;33m1970-01-01 07:04:37.358|W|132501644|lpUCM [RemoteSails.cpp:SendWithRetry:185] Successfully wrote 1052 bytes
[m[0;32;32m1970-01-01 07:04:37.393|I|132501644|lpUCM [RemoteSails.cpp:HandleResponse:149] HandleResponse started, buffer size: 1048
[m[0;32;32m1970-01-01 07:04:37.393|I|132501644|lpUCM [RemoteSails.cpp:HandleResponse:158] Successfully deserialized response, status: 0, result code: 0
[m[0;32;31m1970-01-01 07:04:37.393|E|132501644|lpUCM [IpccProtoMessage.cpp:SerializeParams:112] m_offset, 320512
[m[1;33m1970-01-01 07:04:37.393|W|132501644|lpUCM [RemoteSails.cpp:SendWithRetry:185] Successfully wrote 1052 bytes
[m[0;32;32m1970-01-01 07:04:37.396|I|132501644|lpUCM [RemoteSails.cpp:HandleResponse:149] HandleResponse started, buffer size: 1048
[m[0;32;32m1970-01-01 07:04:37.396|I|132501644|lpUCM [RemoteSails.cpp:HandleResponse:158] Successfully deserialized response, status: 0, result code: 0
[m[0;32;31m1970-01-01 07:04:37.396|E|132501644|lpUCM [IpccProtoMessage.cpp:SerializeParams:112] m_offset, 321536
[m[1;33m1970-01-01 07:04:37.396|W|132501644|lpUCM [RemoteSails.cpp:SendWithRetry:185] Successfully wrote 1052 bytes
[m[0;32;32m1970-01-01 07:04:37.399|I|132501644|lpUCM [RemoteSails.cpp:HandleResponse:149] HandleResponse started, buffer size: 1048
[m[0;32;32m1970-01-01 07:04:37.399|I|132501644|lpUCM [RemoteSails.cpp:HandleResponse:158] Successfully deserialized response, status: 0, result code: 0
[m[0;32;31m1970-01-01 07:04:37.399|E|132501644|lpUCM [IpccProtoMessage.cpp:SerializeParams:112] m_offset, 322560
[m[1;33m1970-01-01 07:04:37.399|W|132501644|lpUCM [RemoteSails.cpp:SendWithRetry:185] Successfully wrote 1052 bytes
[m[0;32;32m1970-01-01 07:04:37.402|I|132501644|lpUCM [RemoteSails.cpp:HandleResponse:149] HandleResponse started, buffer size: 1048
[m[0;32;32m1970-01-01 07:04:37.402|I|132501644|lpUCM [RemoteSails.cpp:HandleResponse:158] Successfully deserialized response, status: 0, result code: 0
[m[0;32;31m1970-01-01 07:04:37.402|E|132501644|lpUCM [IpccProtoMessage.cpp:SerializeParams:112] m_offset, 323584
[m[1;33m1970-01-01 07:04:37.402|W|132501644|lpUCM [RemoteSails.cpp:SendWithRetry:185] Successfully wrote 1052 bytes
[m[0;32;32m1970-01-01 07:04:37.435|I|132501644|lpUCM [RemoteSails.cpp:HandleResponse:149] HandleResponse started, buffer size: 1048
[m[0;32;32m1970-01-01 07:04:37.435|I|132501644|lpUCM [RemoteSails.cpp:HandleResponse:158] Successfully deserialized response, status: 0, result code: 0
[m[0;32;31m1970-01-01 07:04:37.435|E|132501644|lpUCM [IpccProtoMessage.cpp:SerializeParams:112] m_offset, 324608
[m[1;33m1970-01-01 07:04:37.435|W|132501644|lpUCM [RemoteSails.cpp:SendWithRetry:185] Successfully wrote 1052 bytes
[m[0;32;32m1970-01-01 07:04:37.438|I|132501644|lpUCM [RemoteSails.cpp:HandleResponse:149] HandleResponse started, buffer size: 1048
[m[0;32;32m1970-01-01 07:04:37.438|I|132501644|lpUCM [RemoteSails.cpp:HandleResponse:158] Successfully deserialized response, status: 0, result code: 0
[m[0;32;31m1970-01-01 07:04:37.438|E|132501644|lpUCM [IpccProtoMessage.cpp:SerializeParams:112] m_offset, 325632
[m[1;33m1970-01-01 07:04:37.438|W|132501644|lpUCM [RemoteSails.cpp:SendWithRetry:185] Successfully wrote 1052 bytes
[m[0;32;32m1970-01-01 07:04:37.444|I|132501644|lpUCM [RemoteSails.cpp:HandleResponse:149] HandleResponse started, buffer size: 1048
[m[0;32;32m1970-01-01 07:04:37.444|I|132501644|lpUCM [RemoteSails.cpp:HandleResponse:158] Successfully deserialized response, status: 0, result code: 0
[m[0;32;31m1970-01-01 07:04:37.444|E|132501644|lpUCM [IpccProtoMessage.cpp:SerializeParams:112] m_offset, 326656
[m[1;33m1970-01-01 07:04:37.444|W|132501644|lpUCM [RemoteSails.cpp:SendWithRetry:185] Successfully wrote 1052 bytes
[m[0;32;32m1970-01-01 07:04:37.447|I|132501644|lpUCM [RemoteSails.cpp:HandleResponse:149] HandleResponse started, buffer size: 1048
[m[0;32;32m1970-01-01 07:04:37.447|I|132501644|lpUCM [RemoteSails.cpp:HandleResponse:158] Successfully deserialized response, status: 0, result code: 0
[m[0;32;32m1970-01-01 07:04:37.447|I|132501644|lpUCM [RemoteSails.cpp:SailWriteData:272] All data already trans size 16384
[m[0;32;32m1970-01-01 07:04:37.447|I|132501644|lpUCM [fds.cpp:FDS_OnLocalUpgProgress:248] total: 23, curr:23, percent:33, rop:97%
[m[0;32;32m1970-01-01 07:04:37.447|I|132501644|lpUCM [RemoteSails.cpp:SailWriteData:254] total data is 16384
[m[0;32;31m1970-01-01 07:04:37.447|E|132501644|lpUCM [IpccProtoMessage.cpp:SerializeParams:112] m_offset, 327680
[m[1;33m1970-01-01 07:04:37.447|W|132501644|lpUCM [RemoteSails.cpp:SendWithRetry:185] Successfully wrote 1052 bytes
[m[0;32;32m1970-01-01 07:04:37.480|I|132501644|lpUCM [RemoteSails.cpp:HandleResponse:149] HandleResponse started, buffer size: 1048
[m[0;32;32m1970-01-01 07:04:37.480|I|132501644|lpUCM [RemoteSails.cpp:HandleResponse:158] Successfully deserialized response, status: 0, result code: 0
[m[0;32;31m1970-01-01 07:04:37.480|E|132501644|lpUCM [IpccProtoMessage.cpp:SerializeParams:112] m_offset, 328704
[m[1;33m1970-01-01 07:04:37.480|W|132501644|lpUCM [RemoteSails.cpp:SendWithRetry:185] Successfully wrote 1052 bytes
[m[0;32;32m1970-01-01 07:04:37.483|I|132501644|lpUCM [RemoteSails.cpp:HandleResponse:149] HandleResponse started, buffer size: 1048
[m[0;32;32m1970-01-01 07:04:37.483|I|132501644|lpUCM [RemoteSails.cpp:HandleResponse:158] Successfully deserialized response, status: 0, result code: 0
[m[0;32;31m1970-01-01 07:04:37.483|E|132501644|lpUCM [IpccProtoMessage.cpp:SerializeParams:112] m_offset, 329728
[m[1;33m1970-01-01 07:04:37.483|W|132501644|lpUCM [RemoteSails.cpp:SendWithRetry:185] Successfully wrote 1052 bytes
[m[0;32;32m1970-01-01 07:04:37.486|I|132501644|lpUCM [RemoteSails.cpp:HandleResponse:149] HandleResponse started, buffer size: 1048
[m[0;32;32m1970-01-01 07:04:37.486|I|132501644|lpUCM [RemoteSails.cpp:HandleResponse:158] Successfully deserialized response, status: 0, result code: 0
[m[0;32;31m1970-01-01 07:04:37.486|E|132501644|lpUCM [IpccProtoMessage.cpp:SerializeParams:112] m_offset, 330752
[m[1;33m1970-01-01 07:04:37.486|W|132501644|lpUCM [RemoteSails.cpp:SendWithRetry:185] Successfully wrote 1052 bytes
[m[0;32;32m1970-01-01 07:04:37.489|I|132501644|lpUCM [RemoteSails.cpp:HandleResponse:149] HandleResponse started, buffer size: 1048
[m[0;32;32m1970-01-01 07:04:37.489|I|132501644|lpUCM [RemoteSails.cpp:HandleResponse:158] Successfully deserialized response, status: 0, result code: 0
[m[0;32;31m1970-01-01 07:04:37.489|E|132501644|lpUCM [IpccProtoMessage.cpp:SerializeParams:112] m_offset, 331776
[m[1;33m1970-01-01 07:04:37.489|W|132501644|lpUCM [RemoteSails.cpp:SendWithRetry:185] Successfully wrote 1052 bytes
[m[0;32;32m1970-01-01 07:04:37.525|I|132501644|lpUCM [RemoteSails.cpp:HandleResponse:149] HandleResponse started, buffer size: 1048
[m[0;32;32m1970-01-01 07:04:37.525|I|132501644|lpUCM [RemoteSails.cpp:HandleResponse:158] Successfully deserialized response, status: 0, result code: 0
[m[0;32;31m1970-01-01 07:04:37.525|E|132501644|lpUCM [IpccProtoMessage.cpp:SerializeParams:112] m_offset, 332800
[m[1;33m1970-01-01 07:04:37.525|W|132501644|lpUCM [RemoteSails.cpp:SendWithRetry:185] Successfully wrote 1052 bytes
[m[0;32;32m1970-01-01 07:04:37.528|I|132501644|lpUCM [RemoteSails.cpp:HandleResponse:149] HandleResponse started, buffer size: 1048
[m[0;32;32m1970-01-01 07:04:37.528|I|132501644|lpUCM [RemoteSails.cpp:HandleResponse:158] Successfully deserialized response, status: 0, result code: 0
[m[0;32;31m1970-01-01 07:04:37.528|E|132501644|lpUCM [IpccProtoMessage.cpp:SerializeParams:112] m_offset, 333824
[m[1;33m1970-01-01 07:04:37.528|W|132501644|lpUCM [RemoteSails.cpp:SendWithRetry:185] Successfully wrote 1052 bytes
[m[0;32;32m1970-01-01 07:04:37.535|I|132501644|lpUCM [RemoteSails.cpp:HandleResponse:149] HandleResponse started, buffer size: 1048
[m[0;32;32m1970-01-01 07:04:37.535|I|132501644|lpUCM [RemoteSails.cpp:HandleResponse:158] Successfully deserialized response, status: 0, result code: 0
[m[0;32;31m1970-01-01 07:04:37.535|E|132501644|lpUCM [IpccProtoMessage.cpp:SerializeParams:112] m_offset, 334848
[m[1;33m1970-01-01 07:04:37.535|W|132501644|lpUCM [RemoteSails.cpp:SendWithRetry:185] Successfully wrote 1052 bytes
[m[0;32;32m1970-01-01 07:04:37.538|I|132501644|lpUCM [RemoteSails.cpp:HandleResponse:149] HandleResponse started, buffer size: 1048
[m[0;32;32m1970-01-01 07:04:37.538|I|132501644|lpUCM [RemoteSails.cpp:HandleResponse:158] Successfully deserialized response, status: 0, result code: 0
[m[0;32;31m1970-01-01 07:04:37.538|E|132501644|lpUCM [IpccProtoMessage.cpp:SerializeParams:112] m_offset, 335872
[m[1;33m1970-01-01 07:04:37.538|W|132501644|lpUCM [RemoteSails.cpp:SendWithRetry:185] Successfully wrote 1052 bytes
[m[0;32;32m1970-01-01 07:04:37.571|I|132501644|lpUCM [RemoteSails.cpp:HandleResponse:149] HandleResponse started, buffer size: 1048
[m[0;32;32m1970-01-01 07:04:37.571|I|132501644|lpUCM [RemoteSails.cpp:HandleResponse:158] Successfully deserialized response, status: 0, result code: 0
[m[0;32;31m1970-01-01 07:04:37.571|E|132501644|lpUCM [IpccProtoMessage.cpp:SerializeParams:112] m_offset, 336896
[m[1;33m1970-01-01 07:04:37.571|W|132501644|lpUCM [RemoteSails.cpp:SendWithRetry:185] Successfully wrote 1052 bytes
[m[0;32;32m1970-01-01 07:04:37.574|I|132501644|lpUCM [RemoteSails.cpp:HandleResponse:149] HandleResponse started, buffer size: 1048
[m[0;32;32m1970-01-01 07:04:37.574|I|132501644|lpUCM [RemoteSails.cpp:HandleResponse:158] Successfully deserialized response, status: 0, result code: 0
[m[0;32;31m1970-01-01 07:04:37.574|E|132501644|lpUCM [IpccProtoMessage.cpp:SerializeParams:112] m_offset, 337920
[m[1;33m1970-01-01 07:04:37.574|W|132501644|lpUCM [RemoteSails.cpp:SendWithRetry:185] Successfully wrote 1052 bytes
[m[0;32;32m1970-01-01 07:04:37.577|I|132501644|lpUCM [RemoteSails.cpp:HandleResponse:149] HandleResponse started, buffer size: 1048
[m[0;32;32m1970-01-01 07:04:37.577|I|132501644|lpUCM [RemoteSails.cpp:HandleResponse:158] Successfully deserialized response, status: 0, result code: 0
[m[0;32;31m1970-01-01 07:04:37.577|E|132501644|lpUCM [IpccProtoMessage.cpp:SerializeParams:112] m_offset, 338944
[m[1;33m1970-01-01 07:04:37.577|W|132501644|lpUCM [RemoteSails.cpp:SendWithRetry:185] Successfully wrote 1052 bytes
[m[0;32;32m1970-01-01 07:04:37.583|I|132501644|lpUCM [RemoteSails.cpp:HandleResponse:149] HandleResponse started, buffer size: 1048
[m[0;32;32m1970-01-01 07:04:37.583|I|132501644|lpUCM [RemoteSails.cpp:HandleResponse:158] Successfully deserialized response, status: 0, result code: 0
[m[0;32;31m1970-01-01 07:04:37.583|E|132501644|lpUCM [IpccProtoMessage.cpp:SerializeParams:112] m_offset, 339968
[m[1;33m1970-01-01 07:04:37.583|W|132501644|lpUCM [RemoteSails.cpp:SendWithRetry:185] Successfully wrote 1052 bytes
[m[0;32;32m1970-01-01 07:04:37.619|I|132501644|lpUCM [RemoteSails.cpp:HandleResponse:149] HandleResponse started, buffer size: 1048
[m[0;32;32m1970-01-01 07:04:37.619|I|132501644|lpUCM [RemoteSails.cpp:HandleResponse:158] Successfully deserialized response, status: 0, result code: 0
[m[0;32;31m1970-01-01 07:04:37.619|E|132501644|lpUCM [IpccProtoMessage.cpp:SerializeParams:112] m_offset, 340992
[m[1;33m1970-01-01 07:04:37.619|W|132501644|lpUCM [RemoteSails.cpp:SendWithRetry:185] Successfully wrote 1052 bytes
[m[0;32;32m1970-01-01 07:04:37.622|I|132501644|lpUCM [RemoteSails.cpp:HandleResponse:149] HandleResponse started, buffer size: 1048
[m[0;32;32m1970-01-01 07:04:37.622|I|132501644|lpUCM [RemoteSails.cpp:HandleResponse:158] Successfully deserialized response, status: 0, result code: 0
[m[0;32;31m1970-01-01 07:04:37.622|E|132501644|lpUCM [IpccProtoMessage.cpp:SerializeParams:112] m_offset, 342016
[m[1;33m1970-01-01 07:04:37.622|W|132501644|lpUCM [RemoteSails.cpp:SendWithRetry:185] Successfully wrote 1052 bytes
[m[0;32;32m1970-01-01 07:04:37.625|I|132501644|lpUCM [RemoteSails.cpp:HandleResponse:149] HandleResponse started, buffer size: 1048
[m[0;32;32m1970-01-01 07:04:37.625|I|132501644|lpUCM [RemoteSails.cpp:HandleResponse:158] Successfully deserialized response, status: 0, result code: 0
[m[0;32;31m1970-01-01 07:04:37.625|E|132501644|lpUCM [IpccProtoMessage.cpp:SerializeParams:112] m_offset, 343040
[m[1;33m1970-01-01 07:04:37.625|W|132501644|lpUCM [RemoteSails.cpp:SendWithRetry:185] Successfully wrote 1052 bytes
[m[0;32;32m1970-01-01 07:04:37.628|I|132501644|lpUCM [RemoteSails.cpp:HandleResponse:149] HandleResponse started, buffer size: 1048
[m[0;32;32m1970-01-01 07:04:37.628|I|132501644|lpUCM [RemoteSails.cpp:HandleResponse:158] Successfully deserialized response, status: 0, result code: 0
[m[0;32;32m1970-01-01 07:04:37.628|I|132501644|lpUCM [RemoteSails.cpp:SailWriteData:272] All data already trans size 16384
[m[0;32;32m1970-01-01 07:04:37.628|I|132501644|lpUCM [fds.cpp:FDS_OnLocalUpgProgress:248] total: 23, curr:23, percent:34, rop:97%
[m[0;32;32m1970-01-01 07:04:37.628|I|132501644|lpUCM [RemoteSails.cpp:SailWriteData:254] total data is 16384
[m[0;32;31m1970-01-01 07:04:37.628|E|132501644|lpUCM [IpccProtoMessage.cpp:SerializeParams:112] m_offset, 344064
[m[1;33m1970-01-01 07:04:37.628|W|132501644|lpUCM [RemoteSails.cpp:SendWithRetry:185] Successfully wrote 1052 bytes
[m[0;32;32m1970-01-01 07:04:37.661|I|132501644|lpUCM [RemoteSails.cpp:HandleResponse:149] HandleResponse started, buffer size: 1048
[m[0;32;32m1970-01-01 07:04:37.661|I|132501644|lpUCM [RemoteSails.cpp:HandleResponse:158] Successfully deserialized response, status: 0, result code: 0
[m[0;32;31m1970-01-01 07:04:37.661|E|132501644|lpUCM [IpccProtoMessage.cpp:SerializeParams:112] m_offset, 345088
[m[1;33m1970-01-01 07:04:37.661|W|132501644|lpUCM [RemoteSails.cpp:SendWithRetry:185] Successfully wrote 1052 bytes
[m[0;32;32m1970-01-01 07:04:37.664|I|132501644|lpUCM [RemoteSails.cpp:HandleResponse:149] HandleResponse started, buffer size: 1048
[m[0;32;32m1970-01-01 07:04:37.664|I|132501644|lpUCM [RemoteSails.cpp:HandleResponse:158] Successfully deserialized response, status: 0, result code: 0
[m[0;32;31m1970-01-01 07:04:37.664|E|132501644|lpUCM [IpccProtoMessage.cpp:SerializeParams:112] m_offset, 346112
[m[1;33m1970-01-01 07:04:37.664|W|132501644|lpUCM [RemoteSails.cpp:SendWithRetry:185] Successfully wrote 1052 bytes
[m[0;32;32m1970-01-01 07:04:37.667|I|132501644|lpUCM [RemoteSails.cpp:HandleResponse:149] HandleResponse started, buffer size: 1048
[m[0;32;32m1970-01-01 07:04:37.667|I|132501644|lpUCM [RemoteSails.cpp:HandleResponse:158] Successfully deserialized response, status: 0, result code: 0
[m[0;32;31m1970-01-01 07:04:37.667|E|132501644|lpUCM [IpccProtoMessage.cpp:SerializeParams:112] m_offset, 347136
[m[1;33m1970-01-01 07:04:37.667|W|132501644|lpUCM [RemoteSails.cpp:SendWithRetry:185] Successfully wrote 1052 bytes
[m[0;32;32m1970-01-01 07:04:37.674|I|132501644|lpUCM [RemoteSails.cpp:HandleResponse:149] HandleResponse started, buffer size: 1048
[m[0;32;32m1970-01-01 07:04:37.674|I|132501644|lpUCM [RemoteSails.cpp:HandleResponse:158] Successfully deserialized response, status: 0, result code: 0
[m[0;32;31m1970-01-01 07:04:37.674|E|132501644|lpUCM [IpccProtoMessage.cpp:SerializeParams:112] m_offset, 348160
[m[1;33m1970-01-01 07:04:37.674|W|132501644|lpUCM [RemoteSails.cpp:SendWithRetry:185] Successfully wrote 1052 bytes
[m[0;32;32m1970-01-01 07:04:37.706|I|132501644|lpUCM [RemoteSails.cpp:HandleResponse:149] HandleResponse started, buffer size: 1048
[m[0;32;32m1970-01-01 07:04:37.706|I|132501644|lpUCM [RemoteSails.cpp:HandleResponse:158] Successfully deserialized response, status: 0, result code: 0
[m[0;32;31m1970-01-01 07:04:37.706|E|132501644|lpUCM [IpccProtoMessage.cpp:SerializeParams:112] m_offset, 349184
[m[1;33m1970-01-01 07:04:37.706|W|132501644|lpUCM [RemoteSails.cpp:SendWithRetry:185] Successfully wrote 1052 bytes
[m[0;32;32m1970-01-01 07:04:37.709|I|132501644|lpUCM [RemoteSails.cpp:HandleResponse:149] HandleResponse started, buffer size: 1048
[m[0;32;32m1970-01-01 07:04:37.709|I|132501644|lpUCM [RemoteSails.cpp:HandleResponse:158] Successfully deserialized response, status: 0, result code: 0
[m[0;32;31m1970-01-01 07:04:37.709|E|132501644|lpUCM [IpccProtoMessage.cpp:SerializeParams:112] m_offset, 350208
[m[1;33m1970-01-01 07:04:37.709|W|132501644|lpUCM [RemoteSails.cpp:SendWithRetry:185] Successfully wrote 1052 bytes
[m[0;32;32m1970-01-01 07:04:37.712|I|132501644|lpUCM [RemoteSails.cpp:HandleResponse:149] HandleResponse started, buffer size: 1048
[m[0;32;32m1970-01-01 07:04:37.712|I|132501644|lpUCM [RemoteSails.cpp:HandleResponse:158] Successfully deserialized response, status: 0, result code: 0
[m[0;32;31m1970-01-01 07:04:37.712|E|132501644|lpUCM [IpccProtoMessage.cpp:SerializeParams:112] m_offset, 351232
[m[1;33m1970-01-01 07:04:37.712|W|132501644|lpUCM [RemoteSails.cpp:SendWithRetry:185] Successfully wrote 1052 bytes
[m[0;32;32m1970-01-01 07:04:37.715|I|132501644|lpUCM [RemoteSails.cpp:HandleResponse:149] HandleResponse started, buffer size: 1048
[m[0;32;32m1970-01-01 07:04:37.715|I|132501644|lpUCM [RemoteSails.cpp:HandleResponse:158] Successfully deserialized response, status: 0, result code: 0
[m[0;32;31m1970-01-01 07:04:37.715|E|132501644|lpUCM [IpccProtoMessage.cpp:SerializeParams:112] m_offset, 352256
[m[1;33m1970-01-01 07:04:37.715|W|132501644|lpUCM [RemoteSails.cpp:SendWithRetry:185] Successfully wrote 1052 bytes
[m[0;32;32m1970-01-01 07:04:37.748|I|132501644|lpUCM [RemoteSails.cpp:HandleResponse:149] HandleResponse started, buffer size: 1048
[m[0;32;32m1970-01-01 07:04:37.748|I|132501644|lpUCM [RemoteSails.cpp:HandleResponse:158] Successfully deserialized response, status: 0, result code: 0
[m[0;32;31m1970-01-01 07:04:37.748|E|132501644|lpUCM [IpccProtoMessage.cpp:SerializeParams:112] m_offset, 353280
[m[1;33m1970-01-01 07:04:37.748|W|132501644|lpUCM [RemoteSails.cpp:SendWithRetry:185] Successfully wrote 1052 bytes
[m[0;32;32m1970-01-01 07:04:37.751|I|132501644|lpUCM [RemoteSails.cpp:HandleResponse:149] HandleResponse started, buffer size: 1048
[m[0;32;32m1970-01-01 07:04:37.751|I|132501644|lpUCM [RemoteSails.cpp:HandleResponse:158] Successfully deserialized response, status: 0, result code: 0
[m[0;32;31m1970-01-01 07:04:37.751|E|132501644|lpUCM [IpccProtoMessage.cpp:SerializeParams:112] m_offset, 354304
[m[1;33m1970-01-01 07:04:37.751|W|132501644|lpUCM [RemoteSails.cpp:SendWithRetry:185] Successfully wrote 1052 bytes
[m[0;32;32m1970-01-01 07:04:37.754|I|132501644|lpUCM [RemoteSails.cpp:HandleResponse:149] HandleResponse started, buffer size: 1048
[m[0;32;32m1970-01-01 07:04:37.754|I|132501644|lpUCM [RemoteSails.cpp:HandleResponse:158] Successfully deserialized response, status: 0, result code: 0
[m[0;32;31m1970-01-01 07:04:37.754|E|132501644|lpUCM [IpccProtoMessage.cpp:SerializeParams:112] m_offset, 355328
[m[1;33m1970-01-01 07:04:37.754|W|132501644|lpUCM [RemoteSails.cpp:SendWithRetry:185] Successfully wrote 1052 bytes
[m[0;32;32m1970-01-01 07:04:37.757|I|132501644|lpUCM [RemoteSails.cpp:HandleResponse:149] HandleResponse started, buffer size: 1048
[m[0;32;32m1970-01-01 07:04:37.757|I|132501644|lpUCM [RemoteSails.cpp:HandleResponse:158] Successfully deserialized response, status: 0, result code: 0
[m[0;32;31m1970-01-01 07:04:37.757|E|132501644|lpUCM [IpccProtoMessage.cpp:SerializeParams:112] m_offset, 356352
[m[1;33m1970-01-01 07:04:37.757|W|132501644|lpUCM [RemoteSails.cpp:SendWithRetry:185] Successfully wrote 1052 bytes
[m[0;32;32m1970-01-01 07:04:37.789|I|132501644|lpUCM [RemoteSails.cpp:HandleResponse:149] HandleResponse started, buffer size: 1048
[m[0;32;32m1970-01-01 07:04:37.789|I|132501644|lpUCM [RemoteSails.cpp:HandleResponse:158] Successfully deserialized response, status: 0, result code: 0
[m[0;32;31m1970-01-01 07:04:37.789|E|132501644|lpUCM [IpccProtoMessage.cpp:SerializeParams:112] m_offset, 357376
[m[1;33m1970-01-01 07:04:37.789|W|132501644|lpUCM [RemoteSails.cpp:SendWithRetry:185] Successfully wrote 1052 bytes
[m[0;32;32m1970-01-01 07:04:37.792|I|132501644|lpUCM [RemoteSails.cpp:HandleResponse:149] HandleResponse started, buffer size: 1048
[m[0;32;32m1970-01-01 07:04:37.792|I|132501644|lpUCM [RemoteSails.cpp:HandleResponse:158] Successfully deserialized response, status: 0, result code: 0
[m[0;32;31m1970-01-01 07:04:37.792|E|132501644|lpUCM [IpccProtoMessage.cpp:SerializeParams:112] m_offset, 358400
[m[1;33m1970-01-01 07:04:37.792|W|132501644|lpUCM [RemoteSails.cpp:SendWithRetry:185] Successfully wrote 1052 bytes
[m[0;32;32m1970-01-01 07:04:37.795|I|132501644|lpUCM [RemoteSails.cpp:HandleResponse:149] HandleResponse started, buffer size: 1048
[m[0;32;32m1970-01-01 07:04:37.795|I|132501644|lpUCM [RemoteSails.cpp:HandleResponse:158] Successfully deserialized response, status: 0, result code: 0
[m[0;32;31m1970-01-01 07:04:37.795|E|132501644|lpUCM [IpccProtoMessage.cpp:SerializeParams:112] m_offset, 359424
[m[1;33m1970-01-01 07:04:37.795|W|132501644|lpUCM [RemoteSails.cpp:SendWithRetry:185] Successfully wrote 1052 bytes
[m[0;32;32m1970-01-01 07:04:37.798|I|132501644|lpUCM [RemoteSails.cpp:HandleResponse:149] HandleResponse started, buffer size: 1048
[m[0;32;32m1970-01-01 07:04:37.798|I|132501644|lpUCM [RemoteSails.cpp:HandleResponse:158] Successfully deserialized response, status: 0, result code: 0
[m[0;32;32m1970-01-01 07:04:37.798|I|132501644|lpUCM [RemoteSails.cpp:SailWriteData:272] All data already trans size 16384
[m[0;32;32m1970-01-01 07:04:37.798|I|132501644|lpUCM [fds.cpp:FDS_OnLocalUpgProgress:248] total: 23, curr:23, percent:35, rop:97%
[m[0;32;32m1970-01-01 07:04:37.798|I|132501644|lpUCM [RemoteSails.cpp:SailWriteData:254] total data is 16384
[m[0;32;31m1970-01-01 07:04:37.798|E|132501644|lpUCM [IpccProtoMessage.cpp:SerializeParams:112] m_offset, 360448
[m[1;33m1970-01-01 07:04:37.798|W|132501644|lpUCM [RemoteSails.cpp:SendWithRetry:185] Successfully wrote 1052 bytes
[m[0;32;32m1970-01-01 07:04:37.831|I|132501644|lpUCM [RemoteSails.cpp:HandleResponse:149] HandleResponse started, buffer size: 1048
[m[0;32;32m1970-01-01 07:04:37.831|I|132501644|lpUCM [RemoteSails.cpp:HandleResponse:158] Successfully deserialized response, status: 0, result code: 0
[m[0;32;31m1970-01-01 07:04:37.831|E|132501644|lpUCM [IpccProtoMessage.cpp:SerializeParams:112] m_offset, 361472
[m[1;33m1970-01-01 07:04:37.831|W|132501644|lpUCM [RemoteSails.cpp:SendWithRetry:185] Successfully wrote 1052 bytes
[m[0;32;32m1970-01-01 07:04:37.834|I|132501644|lpUCM [RemoteSails.cpp:HandleResponse:149] HandleResponse started, buffer size: 1048
[m[0;32;32m1970-01-01 07:04:37.834|I|132501644|lpUCM [RemoteSails.cpp:HandleResponse:158] Successfully deserialized response, status: 0, result code: 0
[m[0;32;31m1970-01-01 07:04:37.834|E|132501644|lpUCM [IpccProtoMessage.cpp:SerializeParams:112] m_offset, 362496
[m[1;33m1970-01-01 07:04:37.834|W|132501644|lpUCM [RemoteSails.cpp:SendWithRetry:185] Successfully wrote 1052 bytes
[m[0;32;32m1970-01-01 07:04:37.837|I|132501644|lpUCM [RemoteSails.cpp:HandleResponse:149] HandleResponse started, buffer size: 1048
[m[0;32;32m1970-01-01 07:04:37.837|I|132501644|lpUCM [RemoteSails.cpp:HandleResponse:158] Successfully deserialized response, status: 0, result code: 0
[m[0;32;31m1970-01-01 07:04:37.837|E|132501644|lpUCM [IpccProtoMessage.cpp:SerializeParams:112] m_offset, 363520
[m[1;33m1970-01-01 07:04:37.837|W|132501644|lpUCM [RemoteSails.cpp:SendWithRetry:185] Successfully wrote 1052 bytes
[m[0;32;32m1970-01-01 07:04:37.843|I|132501644|lpUCM [RemoteSails.cpp:HandleResponse:149] HandleResponse started, buffer size: 1048
[m[0;32;32m1970-01-01 07:04:37.843|I|132501644|lpUCM [RemoteSails.cpp:HandleResponse:158] Successfully deserialized response, status: 0, result code: 0
[m[0;32;31m1970-01-01 07:04:37.843|E|132501644|lpUCM [IpccProtoMessage.cpp:SerializeParams:112] m_offset, 364544
[m[1;33m1970-01-01 07:04:37.843|W|132501644|lpUCM [RemoteSails.cpp:SendWithRetry:185] Successfully wrote 1052 bytes
[m[0;32;32m1970-01-01 07:04:37.876|I|132501644|lpUCM [RemoteSails.cpp:HandleResponse:149] HandleResponse started, buffer size: 1048
[m[0;32;32m1970-01-01 07:04:37.876|I|132501644|lpUCM [RemoteSails.cpp:HandleResponse:158] Successfully deserialized response, status: 0, result code: 0
[m[0;32;31m1970-01-01 07:04:37.876|E|132501644|lpUCM [IpccProtoMessage.cpp:SerializeParams:112] m_offset, 365568
[m[1;33m1970-01-01 07:04:37.876|W|132501644|lpUCM [RemoteSails.cpp:SendWithRetry:185] Successfully wrote 1052 bytes
[m[0;32;32m1970-01-01 07:04:37.879|I|132501644|lpUCM [RemoteSails.cpp:HandleResponse:149] HandleResponse started, buffer size: 1048
[m[0;32;32m1970-01-01 07:04:37.879|I|132501644|lpUCM [RemoteSails.cpp:HandleResponse:158] Successfully deserialized response, status: 0, result code: 0
[m[0;32;31m1970-01-01 07:04:37.879|E|132501644|lpUCM [IpccProtoMessage.cpp:SerializeParams:112] m_offset, 366592
[m[1;33m1970-01-01 07:04:37.879|W|132501644|lpUCM [RemoteSails.cpp:SendWithRetry:185] Successfully wrote 1052 bytes
[m[0;32;32m1970-01-01 07:04:37.882|I|132501644|lpUCM [RemoteSails.cpp:HandleResponse:149] HandleResponse started, buffer size: 1048
[m[0;32;32m1970-01-01 07:04:37.882|I|132501644|lpUCM [RemoteSails.cpp:HandleResponse:158] Successfully deserialized response, status: 0, result code: 0
[m[0;32;31m1970-01-01 07:04:37.882|E|132501644|lpUCM [IpccProtoMessage.cpp:SerializeParams:112] m_offset, 367616
[m[1;33m1970-01-01 07:04:37.882|W|132501644|lpUCM [RemoteSails.cpp:SendWithRetry:185] Successfully wrote 1052 bytes
[m[0;32;32m1970-01-01 07:04:37.885|I|132501644|lpUCM [RemoteSails.cpp:HandleResponse:149] HandleResponse started, buffer size: 1048
[m[0;32;32m1970-01-01 07:04:37.885|I|132501644|lpUCM [RemoteSails.cpp:HandleResponse:158] Successfully deserialized response, status: 0, result code: 0
[m[0;32;31m1970-01-01 07:04:37.885|E|132501644|lpUCM [IpccProtoMessage.cpp:SerializeParams:112] m_offset, 368640
[m[1;33m1970-01-01 07:04:37.885|W|132501644|lpUCM [RemoteSails.cpp:SendWithRetry:185] Successfully wrote 1052 bytes
[m[0;32;32m1970-01-01 07:04:37.918|I|132501644|lpUCM [RemoteSails.cpp:HandleResponse:149] HandleResponse started, buffer size: 1048
[m[0;32;32m1970-01-01 07:04:37.918|I|132501644|lpUCM [RemoteSails.cpp:HandleResponse:158] Successfully deserialized response, status: 0, result code: 0
[m[0;32;31m1970-01-01 07:04:37.918|E|132501644|lpUCM [IpccProtoMessage.cpp:SerializeParams:112] m_offset, 369664
[m[1;33m1970-01-01 07:04:37.918|W|132501644|lpUCM [RemoteSails.cpp:SendWithRetry:185] Successfully wrote 1052 bytes
[m[0;32;32m1970-01-01 07:04:37.921|I|132501644|lpUCM [RemoteSails.cpp:HandleResponse:149] HandleResponse started, buffer size: 1048
[m[0;32;32m1970-01-01 07:04:37.921|I|132501644|lpUCM [RemoteSails.cpp:HandleResponse:158] Successfully deserialized response, status: 0, result code: 0
[m[0;32;31m1970-01-01 07:04:37.921|E|132501644|lpUCM [IpccProtoMessage.cpp:SerializeParams:112] m_offset, 370688
[m[1;33m1970-01-01 07:04:37.921|W|132501644|lpUCM [RemoteSails.cpp:SendWithRetry:185] Successfully wrote 1052 bytes
[m[0;32;32m1970-01-01 07:04:37.925|I|132501644|lpUCM [RemoteSails.cpp:HandleResponse:149] HandleResponse started, buffer size: 1048
[m[0;32;32m1970-01-01 07:04:37.925|I|132501644|lpUCM [RemoteSails.cpp:HandleResponse:158] Successfully deserialized response, status: 0, result code: 0
[m[0;32;31m1970-01-01 07:04:37.925|E|132501644|lpUCM [IpccProtoMessage.cpp:SerializeParams:112] m_offset, 371712
[m[1;33m1970-01-01 07:04:37.925|W|132501644|lpUCM [RemoteSails.cpp:SendWithRetry:185] Successfully wrote 1052 bytes
[m[0;32;32m1970-01-01 07:04:37.929|I|132501644|lpUCM [RemoteSails.cpp:HandleResponse:149] HandleResponse started, buffer size: 1048
[m[0;32;32m1970-01-01 07:04:37.929|I|132501644|lpUCM [RemoteSails.cpp:HandleResponse:158] Successfully deserialized response, status: 0, result code: 0
[m[0;32;31m1970-01-01 07:04:37.929|E|132501644|lpUCM [IpccProtoMessage.cpp:SerializeParams:112] m_offset, 372736
[m[1;33m1970-01-01 07:04:37.929|W|132501644|lpUCM [RemoteSails.cpp:SendWithRetry:185] Successfully wrote 1052 bytes
[m[0;32;32m1970-01-01 07:04:37.964|I|132501644|lpUCM [RemoteSails.cpp:HandleResponse:149] HandleResponse started, buffer size: 1048
[m[0;32;32m1970-01-01 07:04:37.964|I|132501644|lpUCM [RemoteSails.cpp:HandleResponse:158] Successfully deserialized response, status: 0, result code: 0
[m[0;32;31m1970-01-01 07:04:37.964|E|132501644|lpUCM [IpccProtoMessage.cpp:SerializeParams:112] m_offset, 373760
[m[1;33m1970-01-01 07:04:37.964|W|132501644|lpUCM [RemoteSails.cpp:SendWithRetry:185] Successfully wrote 1052 bytes
[m[0;32;32m1970-01-01 07:04:37.968|I|132501644|lpUCM [RemoteSails.cpp:HandleResponse:149] HandleResponse started, buffer size: 1048
[m[0;32;32m1970-01-01 07:04:37.968|I|132501644|lpUCM [RemoteSails.cpp:HandleResponse:158] Successfully deserialized response, status: 0, result code: 0
[m[0;32;31m1970-01-01 07:04:37.968|E|132501644|lpUCM [IpccProtoMessage.cpp:SerializeParams:112] m_offset, 374784
[m[1;33m1970-01-01 07:04:37.968|W|132501644|lpUCM [RemoteSails.cpp:SendWithRetry:185] Successfully wrote 1052 bytes
[m[0;32;32m1970-01-01 07:04:37.974|I|132501644|lpUCM [RemoteSails.cpp:HandleResponse:149] HandleResponse started, buffer size: 1048
[m[0;32;32m1970-01-01 07:04:37.974|I|132501644|lpUCM [RemoteSails.cpp:HandleResponse:158] Successfully deserialized response, status: 0, result code: 0
[m[0;32;31m1970-01-01 07:04:37.974|E|132501644|lpUCM [IpccProtoMessage.cpp:SerializeParams:112] m_offset, 375808
[m[1;33m1970-01-01 07:04:37.974|W|132501644|lpUCM [RemoteSails.cpp:SendWithRetry:185] Successfully wrote 1052 bytes
[m[0;32;32m1970-01-01 07:04:37.977|I|132501644|lpUCM [RemoteSails.cpp:HandleResponse:149] HandleResponse started, buffer size: 1048
[m[0;32;32m1970-01-01 07:04:37.977|I|132501644|lpUCM [RemoteSails.cpp:HandleResponse:158] Successfully deserialized response, status: 0, result code: 0
[m[0;32;32m1970-01-01 07:04:37.977|I|132501644|lpUCM [RemoteSails.cpp:SailWriteData:272] All data already trans size 16384
[m[0;32;32m1970-01-01 07:04:37.977|I|132501644|lpUCM [fds.cpp:FDS_OnLocalUpgProgress:248] total: 23, curr:23, percent:36, rop:97%
[m[0;32;32m1970-01-01 07:04:37.977|I|132501644|lpUCM [RemoteSails.cpp:SailWriteData:254] total data is 16384
[m[0;32;31m1970-01-01 07:04:37.977|E|132501644|lpUCM [IpccProtoMessage.cpp:SerializeParams:112] m_offset, 376832
[m[1;33m1970-01-01 07:04:37.977|W|132501644|lpUCM [RemoteSails.cpp:SendWithRetry:185] Successfully wrote 1052 bytes
[m[0;32;32m1970-01-01 07:04:38.10|I|132501644|lpUCM [RemoteSails.cpp:HandleResponse:149] HandleResponse started, buffer size: 1048
[m[0;32;32m1970-01-01 07:04:38.10|I|132501644|lpUCM [RemoteSails.cpp:HandleResponse:158] Successfully deserialized response, status: 0, result code: 0
[m[0;32;31m1970-01-01 07:04:38.10|E|132501644|lpUCM [IpccProtoMessage.cpp:SerializeParams:112] m_offset, 377856
[m[1;33m1970-01-01 07:04:38.10|W|132501644|lpUCM [RemoteSails.cpp:SendWithRetry:185] Successfully wrote 1052 bytes
[m[0;32;32m1970-01-01 07:04:38.13|I|132501644|lpUCM [RemoteSails.cpp:HandleResponse:149] HandleResponse started, buffer size: 1048
[m[0;32;32m1970-01-01 07:04:38.13|I|132501644|lpUCM [RemoteSails.cpp:HandleResponse:158] Successfully deserialized response, status: 0, result code: 0
[m[0;32;31m1970-01-01 07:04:38.13|E|132501644|lpUCM [IpccProtoMessage.cpp:SerializeParams:112] m_offset, 378880
[m[1;33m1970-01-01 07:04:38.13|W|132501644|lpUCM [RemoteSails.cpp:SendWithRetry:185] Successfully wrote 1052 bytes
[m[0;32;32m1970-01-01 07:04:38.16|I|132501644|lpUCM [RemoteSails.cpp:HandleResponse:149] HandleResponse started, buffer size: 1048
[m[0;32;32m1970-01-01 07:04:38.16|I|132501644|lpUCM [RemoteSails.cpp:HandleResponse:158] Successfully deserialized response, status: 0, result code: 0
[m[0;32;31m1970-01-01 07:04:38.16|E|132501644|lpUCM [IpccProtoMessage.cpp:SerializeParams:112] m_offset, 379904
[m[1;33m1970-01-01 07:04:38.16|W|132501644|lpUCM [RemoteSails.cpp:SendWithRetry:185] Successfully wrote 1052 bytes
[m[0;32;32m1970-01-01 07:04:38.22|I|132501644|lpUCM [RemoteSails.cpp:HandleResponse:149] HandleResponse started, buffer size: 1048
[m[0;32;32m1970-01-01 07:04:38.22|I|132501644|lpUCM [RemoteSails.cpp:HandleResponse:158] Successfully deserialized response, status: 0, result code: 0
[m[0;32;31m1970-01-01 07:04:38.22|E|132501644|lpUCM [IpccProtoMessage.cpp:SerializeParams:112] m_offset, 380928
[m[1;33m1970-01-01 07:04:38.22|W|132501644|lpUCM [RemoteSails.cpp:SendWithRetry:185] Successfully wrote 1052 bytes
[m[0;32;32m1970-01-01 07:04:38.52|I|132501644|lpUCM [RemoteSails.cpp:HandleResponse:149] HandleResponse started, buffer size: 1048
[m[0;32;32m1970-01-01 07:04:38.52|I|132501644|lpUCM [RemoteSails.cpp:HandleResponse:158] Successfully deserialized response, status: 0, result code: 0
[m[0;32;31m1970-01-01 07:04:38.52|E|132501644|lpUCM [IpccProtoMessage.cpp:SerializeParams:112] m_offset, 381952
[m[1;33m1970-01-01 07:04:38.52|W|132501644|lpUCM [RemoteSails.cpp:SendWithRetry:185] Successfully wrote 1052 bytes
[m[0;32;32m1970-01-01 07:04:38.55|I|132501644|lpUCM [RemoteSails.cpp:HandleResponse:149] HandleResponse started, buffer size: 1048
[m[0;32;32m1970-01-01 07:04:38.55|I|132501644|lpUCM [RemoteSails.cpp:HandleResponse:158] Successfully deserialized response, status: 0, result code: 0
[m[0;32;31m1970-01-01 07:04:38.55|E|132501644|lpUCM [IpccProtoMessage.cpp:SerializeParams:112] m_offset, 382976
[m[1;33m1970-01-01 07:04:38.55|W|132501644|lpUCM [RemoteSails.cpp:SendWithRetry:185] Successfully wrote 1052 bytes
[m[0;32;32m1970-01-01 07:04:38.58|I|132501644|lpUCM [RemoteSails.cpp:HandleResponse:149] HandleResponse started, buffer size: 1048
[m[0;32;32m1970-01-01 07:04:38.58|I|132501644|lpUCM [RemoteSails.cpp:HandleResponse:158] Successfully deserialized response, status: 0, result code: 0
[m[0;32;31m1970-01-01 07:04:38.58|E|132501644|lpUCM [IpccProtoMessage.cpp:SerializeParams:112] m_offset, 384000
[m[1;33m1970-01-01 07:04:38.58|W|132501644|lpUCM [RemoteSails.cpp:SendWithRetry:185] Successfully wrote 1052 bytes
[m[0;32;32m1970-01-01 07:04:38.64|I|132501644|lpUCM [RemoteSails.cpp:HandleResponse:149] HandleResponse started, buffer size: 1048
[m[0;32;32m1970-01-01 07:04:38.64|I|132501644|lpUCM [RemoteSails.cpp:HandleResponse:158] Successfully deserialized response, status: 0, result code: 0
[m[0;32;31m1970-01-01 07:04:38.64|E|132501644|lpUCM [IpccProtoMessage.cpp:SerializeParams:112] m_offset, 385024
[m[1;33m1970-01-01 07:04:38.64|W|132501644|lpUCM [RemoteSails.cpp:SendWithRetry:185] Successfully wrote 1052 bytes
[m[0;32;32m1970-01-01 07:04:38.94|I|132501644|lpUCM [RemoteSails.cpp:HandleResponse:149] HandleResponse started, buffer size: 1048
[m[0;32;32m1970-01-01 07:04:38.94|I|132501644|lpUCM [RemoteSails.cpp:HandleResponse:158] Successfully deserialized response, status: 0, result code: 0
[m[0;32;31m1970-01-01 07:04:38.94|E|132501644|lpUCM [IpccProtoMessage.cpp:SerializeParams:112] m_offset, 386048
[m[1;33m1970-01-01 07:04:38.94|W|132501644|lpUCM [RemoteSails.cpp:SendWithRetry:185] Successfully wrote 1052 bytes
[m[0;32;32m1970-01-01 07:04:38.98|I|132501644|lpUCM [RemoteSails.cpp:HandleResponse:149] HandleResponse started, buffer size: 1048
[m[0;32;32m1970-01-01 07:04:38.98|I|132501644|lpUCM [RemoteSails.cpp:HandleResponse:158] Successfully deserialized response, status: 0, result code: 0
[m[0;32;31m1970-01-01 07:04:38.98|E|132501644|lpUCM [IpccProtoMessage.cpp:SerializeParams:112] m_offset, 387072
[m[1;33m1970-01-01 07:04:38.98|W|132501644|lpUCM [RemoteSails.cpp:SendWithRetry:185] Successfully wrote 1052 bytes
[m[0;32;32m1970-01-01 07:04:38.102|I|132501644|lpUCM [RemoteSails.cpp:HandleResponse:149] HandleResponse started, buffer size: 1048
[m[0;32;32m1970-01-01 07:04:38.102|I|132501644|lpUCM [RemoteSails.cpp:HandleResponse:158] Successfully deserialized response, status: 0, result code: 0
[m[0;32;31m1970-01-01 07:04:38.102|E|132501644|lpUCM [IpccProtoMessage.cpp:SerializeParams:112] m_offset, 388096
[m[1;33m1970-01-01 07:04:38.102|W|132501644|lpUCM [RemoteSails.cpp:SendWithRetry:185] Successfully wrote 1052 bytes
[m[0;32;32m1970-01-01 07:04:38.105|I|132501644|lpUCM [RemoteSails.cpp:HandleResponse:149] HandleResponse started, buffer size: 1048
[m[0;32;32m1970-01-01 07:04:38.105|I|132501644|lpUCM [RemoteSails.cpp:HandleResponse:158] Successfully deserialized response, status: 0, result code: 0
[m[0;32;31m1970-01-01 07:04:38.105|E|132501644|lpUCM [IpccProtoMessage.cpp:SerializeParams:112] m_offset, 389120
[m[1;33m1970-01-01 07:04:38.105|W|132501644|lpUCM [RemoteSails.cpp:SendWithRetry:185] Successfully wrote 1052 bytes
[m[0;32;32m1970-01-01 07:04:38.134|I|132501644|lpUCM [RemoteSails.cpp:HandleResponse:149] HandleResponse started, buffer size: 1048
[m[0;32;32m1970-01-01 07:04:38.134|I|132501644|lpUCM [RemoteSails.cpp:HandleResponse:158] Successfully deserialized response, status: 0, result code: 0
[m[0;32;31m1970-01-01 07:04:38.134|E|132501644|lpUCM [IpccProtoMessage.cpp:SerializeParams:112] m_offset, 390144
[m[1;33m1970-01-01 07:04:38.134|W|132501644|lpUCM [RemoteSails.cpp:SendWithRetry:185] Successfully wrote 1052 bytes
[m[0;32;32m1970-01-01 07:04:38.137|I|132501644|lpUCM [RemoteSails.cpp:HandleResponse:149] HandleResponse started, buffer size: 1048
[m[0;32;32m1970-01-01 07:04:38.137|I|132501644|lpUCM [RemoteSails.cpp:HandleResponse:158] Successfully deserialized response, status: 0, result code: 0
[m[0;32;31m1970-01-01 07:04:38.137|E|132501644|lpUCM [IpccProtoMessage.cpp:SerializeParams:112] m_offset, 391168
[m[1;33m1970-01-01 07:04:38.137|W|132501644|lpUCM [RemoteSails.cpp:SendWithRetry:185] Successfully wrote 1052 bytes
[m[0;32;32m1970-01-01 07:04:38.144|I|132501644|lpUCM [RemoteSails.cpp:HandleResponse:149] HandleResponse started, buffer size: 1048
[m[0;32;32m1970-01-01 07:04:38.144|I|132501644|lpUCM [RemoteSails.cpp:HandleResponse:158] Successfully deserialized response, status: 0, result code: 0
[m[0;32;31m1970-01-01 07:04:38.144|E|132501644|lpUCM [IpccProtoMessage.cpp:SerializeParams:112] m_offset, 392192
[m[1;33m1970-01-01 07:04:38.144|W|132501644|lpUCM [RemoteSails.cpp:SendWithRetry:185] Successfully wrote 1052 bytes
[m[0;32;32m1970-01-01 07:04:38.147|I|132501644|lpUCM [RemoteSails.cpp:HandleResponse:149] HandleResponse started, buffer size: 1048
[m[0;32;32m1970-01-01 07:04:38.147|I|132501644|lpUCM [RemoteSails.cpp:HandleResponse:158] Successfully deserialized response, status: 0, result code: 0
[m[0;32;32m1970-01-01 07:04:38.147|I|132501644|lpUCM [RemoteSails.cpp:SailWriteData:272] All data already trans size 16384
[m[0;32;32m1970-01-01 07:04:38.147|I|132501644|lpUCM [fds.cpp:FDS_OnLocalUpgProgress:248] total: 23, curr:23, percent:38, rop:97%
[m[0;32;32m1970-01-01 07:04:38.147|I|132501644|lpUCM [RemoteSails.cpp:SailWriteData:254] total data is 16384
[m[0;32;31m1970-01-01 07:04:38.147|E|132501644|lpUCM [IpccProtoMessage.cpp:SerializeParams:112] m_offset, 393216
[m[1;33m1970-01-01 07:04:38.147|W|132501644|lpUCM [RemoteSails.cpp:SendWithRetry:185] Successfully wrote 1052 bytes
[m[0;32;32m1970-01-01 07:04:38.177|I|132501644|lpUCM [RemoteSails.cpp:HandleResponse:149] HandleResponse started, buffer size: 1048
[m[0;32;32m1970-01-01 07:04:38.177|I|132501644|lpUCM [RemoteSails.cpp:HandleResponse:158] Successfully deserialized response, status: 0, result code: 0
[m[0;32;31m1970-01-01 07:04:38.177|E|132501644|lpUCM [IpccProtoMessage.cpp:SerializeParams:112] m_offset, 394240
[m[1;33m1970-01-01 07:04:38.177|W|132501644|lpUCM [RemoteSails.cpp:SendWithRetry:185] Successfully wrote 1052 bytes
[m[0;32;32m1970-01-01 07:04:38.180|I|132501644|lpUCM [RemoteSails.cpp:HandleResponse:149] HandleResponse started, buffer size: 1048
[m[0;32;32m1970-01-01 07:04:38.180|I|132501644|lpUCM [RemoteSails.cpp:HandleResponse:158] Successfully deserialized response, status: 0, result code: 0
[m[0;32;31m1970-01-01 07:04:38.180|E|132501644|lpUCM [IpccProtoMessage.cpp:SerializeParams:112] m_offset, 395264
[m[1;33m1970-01-01 07:04:38.180|W|132501644|lpUCM [RemoteSails.cpp:SendWithRetry:185] Successfully wrote 1052 bytes
[m[0;32;32m1970-01-01 07:04:38.183|I|132501644|lpUCM [RemoteSails.cpp:HandleResponse:149] HandleResponse started, buffer size: 1048
[m[0;32;32m1970-01-01 07:04:38.183|I|132501644|lpUCM [RemoteSails.cpp:HandleResponse:158] Successfully deserialized response, status: 0, result code: 0
[m[0;32;31m1970-01-01 07:04:38.183|E|132501644|lpUCM [IpccProtoMessage.cpp:SerializeParams:112] m_offset, 396288
[m[1;33m1970-01-01 07:04:38.183|W|132501644|lpUCM [RemoteSails.cpp:SendWithRetry:185] Successfully wrote 1052 bytes
[m[0;32;32m1970-01-01 07:04:38.186|I|132501644|lpUCM [RemoteSails.cpp:HandleResponse:149] HandleResponse started, buffer size: 1048
[m[0;32;32m1970-01-01 07:04:38.186|I|132501644|lpUCM [RemoteSails.cpp:HandleResponse:158] Successfully deserialized response, status: 0, result code: 0
[m[0;32;31m1970-01-01 07:04:38.186|E|132501644|lpUCM [IpccProtoMessage.cpp:SerializeParams:112] m_offset, 397312
[m[1;33m1970-01-01 07:04:38.186|W|132501644|lpUCM [RemoteSails.cpp:SendWithRetry:185] Successfully wrote 1052 bytes
[m[0;32;32m1970-01-01 07:04:38.216|I|132501644|lpUCM [RemoteSails.cpp:HandleResponse:149] HandleResponse started, buffer size: 1048
[m[0;32;32m1970-01-01 07:04:38.216|I|132501644|lpUCM [RemoteSails.cpp:HandleResponse:158] Successfully deserialized response, status: 0, result code: 0
[m[0;32;31m1970-01-01 07:04:38.216|E|132501644|lpUCM [IpccProtoMessage.cpp:SerializeParams:112] m_offset, 398336
[m[1;33m1970-01-01 07:04:38.216|W|132501644|lpUCM [RemoteSails.cpp:SendWithRetry:185] Successfully wrote 1052 bytes
[m[0;32;32m1970-01-01 07:04:38.222|I|132501644|lpUCM [RemoteSails.cpp:HandleResponse:149] HandleResponse started, buffer size: 1048
[m[0;32;32m1970-01-01 07:04:38.222|I|132501644|lpUCM [RemoteSails.cpp:HandleResponse:158] Successfully deserialized response, status: 0, result code: 0
[m[0;32;31m1970-01-01 07:04:38.222|E|132501644|lpUCM [IpccProtoMessage.cpp:SerializeParams:112] m_offset, 399360
[m[1;33m1970-01-01 07:04:38.222|W|132501644|lpUCM [RemoteSails.cpp:SendWithRetry:185] Successfully wrote 1052 bytes
[m[0;32;32m1970-01-01 07:04:38.225|I|132501644|lpUCM [RemoteSails.cpp:HandleResponse:149] HandleResponse started, buffer size: 1048
[m[0;32;32m1970-01-01 07:04:38.225|I|132501644|lpUCM [RemoteSails.cpp:HandleResponse:158] Successfully deserialized response, status: 0, result code: 0
[m[0;32;31m1970-01-01 07:04:38.225|E|132501644|lpUCM [IpccProtoMessage.cpp:SerializeParams:112] m_offset, 400384
[m[1;33m1970-01-01 07:04:38.225|W|132501644|lpUCM [RemoteSails.cpp:SendWithRetry:185] Successfully wrote 1052 bytes
[m[0;32;32m1970-01-01 07:04:38.228|I|132501644|lpUCM [RemoteSails.cpp:HandleResponse:149] HandleResponse started, buffer size: 1048
[m[0;32;32m1970-01-01 07:04:38.228|I|132501644|lpUCM [RemoteSails.cpp:HandleResponse:158] Successfully deserialized response, status: 0, result code: 0
[m[0;32;31m1970-01-01 07:04:38.228|E|132501644|lpUCM [IpccProtoMessage.cpp:SerializeParams:112] m_offset, 401408
[m[1;33m1970-01-01 07:04:38.228|W|132501644|lpUCM [RemoteSails.cpp:SendWithRetry:185] Successfully wrote 1052 bytes
[m[0;32;32m1970-01-01 07:04:38.257|I|132501644|lpUCM [RemoteSails.cpp:HandleResponse:149] HandleResponse started, buffer size: 1048
[m[0;32;32m1970-01-01 07:04:38.257|I|132501644|lpUCM [RemoteSails.cpp:HandleResponse:158] Successfully deserialized response, status: 0, result code: 0
[m[0;32;31m1970-01-01 07:04:38.257|E|132501644|lpUCM [IpccProtoMessage.cpp:SerializeParams:112] m_offset, 402432
[m[1;33m1970-01-01 07:04:38.257|W|132501644|lpUCM [RemoteSails.cpp:SendWithRetry:185] Successfully wrote 1052 bytes
[m[0;32;32m1970-01-01 07:04:38.261|I|132501644|lpUCM [RemoteSails.cpp:HandleResponse:149] HandleResponse started, buffer size: 1048
[m[0;32;32m1970-01-01 07:04:38.261|I|132501644|lpUCM [RemoteSails.cpp:HandleResponse:158] Successfully deserialized response, status: 0, result code: 0
[m[0;32;31m1970-01-01 07:04:38.261|E|132501644|lpUCM [IpccProtoMessage.cpp:SerializeParams:112] m_offset, 403456
[m[1;33m1970-01-01 07:04:38.261|W|132501644|lpUCM [RemoteSails.cpp:SendWithRetry:185] Successfully wrote 1052 bytes
[m[0;32;32m1970-01-01 07:04:38.264|I|132501644|lpUCM [RemoteSails.cpp:HandleResponse:149] HandleResponse started, buffer size: 1048
[m[0;32;32m1970-01-01 07:04:38.264|I|132501644|lpUCM [RemoteSails.cpp:HandleResponse:158] Successfully deserialized response, status: 0, result code: 0
[m[0;32;31m1970-01-01 07:04:38.264|E|132501644|lpUCM [IpccProtoMessage.cpp:SerializeParams:112] m_offset, 404480
[m[1;33m1970-01-01 07:04:38.264|W|132501644|lpUCM [RemoteSails.cpp:SendWithRetry:185] Successfully wrote 1052 bytes
[m[0;32;32m1970-01-01 07:04:38.268|I|132501644|lpUCM [RemoteSails.cpp:HandleResponse:149] HandleResponse started, buffer size: 1048
[m[0;32;32m1970-01-01 07:04:38.268|I|132501644|lpUCM [RemoteSails.cpp:HandleResponse:158] Successfully deserialized response, status: 0, result code: 0
[m[0;32;31m1970-01-01 07:04:38.268|E|132501644|lpUCM [IpccProtoMessage.cpp:SerializeParams:112] m_offset, 405504
[m[1;33m1970-01-01 07:04:38.268|W|132501644|lpUCM [RemoteSails.cpp:SendWithRetry:185] Successfully wrote 1052 bytes
[m[0;32;32m1970-01-01 07:04:38.299|I|132501644|lpUCM [RemoteSails.cpp:HandleResponse:149] HandleResponse started, buffer size: 1048
[m[0;32;32m1970-01-01 07:04:38.299|I|132501644|lpUCM [RemoteSails.cpp:HandleResponse:158] Successfully deserialized response, status: 0, result code: 0
[m[0;32;31m1970-01-01 07:04:38.299|E|132501644|lpUCM [IpccProtoMessage.cpp:SerializeParams:112] m_offset, 406528
[m[1;33m1970-01-01 07:04:38.299|W|132501644|lpUCM [RemoteSails.cpp:SendWithRetry:185] Successfully wrote 1052 bytes
[m[0;32;32m1970-01-01 07:04:38.302|I|132501644|lpUCM [RemoteSails.cpp:HandleResponse:149] HandleResponse started, buffer size: 1048
[m[0;32;32m1970-01-01 07:04:38.302|I|132501644|lpUCM [RemoteSails.cpp:HandleResponse:158] Successfully deserialized response, status: 0, result code: 0
[m[0;32;31m1970-01-01 07:04:38.302|E|132501644|lpUCM [IpccProtoMessage.cpp:SerializeParams:112] m_offset, 407552
[m[1;33m1970-01-01 07:04:38.302|W|132501644|lpUCM [RemoteSails.cpp:SendWithRetry:185] Successfully wrote 1052 bytes
[m[0;32;32m1970-01-01 07:04:38.305|I|132501644|lpUCM [RemoteSails.cpp:HandleResponse:149] HandleResponse started, buffer size: 1048
[m[0;32;32m1970-01-01 07:04:38.305|I|132501644|lpUCM [RemoteSails.cpp:HandleResponse:158] Successfully deserialized response, status: 0, result code: 0
[m[0;32;31m1970-01-01 07:04:38.305|E|132501644|lpUCM [IpccProtoMessage.cpp:SerializeParams:112] m_offset, 408576
[m[1;33m1970-01-01 07:04:38.305|W|132501644|lpUCM [RemoteSails.cpp:SendWithRetry:185] Successfully wrote 1052 bytes
[m[0;32;32m1970-01-01 07:04:38.309|I|132501644|lpUCM [RemoteSails.cpp:HandleResponse:149] HandleResponse started, buffer size: 1048
[m[0;32;32m1970-01-01 07:04:38.309|I|132501644|lpUCM [RemoteSails.cpp:HandleResponse:158] Successfully deserialized response, status: 0, result code: 0
[m[0;32;32m1970-01-01 07:04:38.309|I|132501644|lpUCM [RemoteSails.cpp:SailWriteData:272] All data already trans size 16384
[m[0;32;32m1970-01-01 07:04:38.309|I|132501644|lpUCM [fds.cpp:FDS_OnLocalUpgProgress:248] total: 23, curr:23, percent:39, rop:97%
[m[0;32;32m1970-01-01 07:04:38.309|I|132501644|lpUCM [RemoteSails.cpp:SailWriteData:254] total data is 16384
[m[0;32;31m1970-01-01 07:04:38.309|E|132501644|lpUCM [IpccProtoMessage.cpp:SerializeParams:112] m_offset, 409600
[m[1;33m1970-01-01 07:04:38.309|W|132501644|lpUCM [RemoteSails.cpp:SendWithRetry:185] Successfully wrote 1052 bytes
[m[0;32;32m1970-01-01 07:04:38.342|I|132501644|lpUCM [RemoteSails.cpp:HandleResponse:149] HandleResponse started, buffer size: 1048
[m[0;32;32m1970-01-01 07:04:38.342|I|132501644|lpUCM [RemoteSails.cpp:HandleResponse:158] Successfully deserialized response, status: 0, result code: 0
[m[0;32;31m1970-01-01 07:04:38.342|E|132501644|lpUCM [IpccProtoMessage.cpp:SerializeParams:112] m_offset, 410624
[m[1;33m1970-01-01 07:04:38.342|W|132501644|lpUCM [RemoteSails.cpp:SendWithRetry:185] Successfully wrote 1052 bytes
[m[0;32;32m1970-01-01 07:04:38.345|I|132501644|lpUCM [RemoteSails.cpp:HandleResponse:149] HandleResponse started, buffer size: 1048
[m[0;32;32m1970-01-01 07:04:38.345|I|132501644|lpUCM [RemoteSails.cpp:HandleResponse:158] Successfully deserialized response, status: 0, result code: 0
[m[0;32;31m1970-01-01 07:04:38.345|E|132501644|lpUCM [IpccProtoMessage.cpp:SerializeParams:112] m_offset, 411648
[m[1;33m1970-01-01 07:04:38.345|W|132501644|lpUCM [RemoteSails.cpp:SendWithRetry:185] Successfully wrote 1052 bytes
[m[0;32;32m1970-01-01 07:04:38.349|I|132501644|lpUCM [RemoteSails.cpp:HandleResponse:149] HandleResponse started, buffer size: 1048
[m[0;32;32m1970-01-01 07:04:38.349|I|132501644|lpUCM [RemoteSails.cpp:HandleResponse:158] Successfully deserialized response, status: 0, result code: 0
[m[0;32;31m1970-01-01 07:04:38.349|E|132501644|lpUCM [IpccProtoMessage.cpp:SerializeParams:112] m_offset, 412672
[m[1;33m1970-01-01 07:04:38.349|W|132501644|lpUCM [RemoteSails.cpp:SendWithRetry:185] Successfully wrote 1052 bytes
[m[0;32;32m1970-01-01 07:04:38.353|I|132501644|lpUCM [RemoteSails.cpp:HandleResponse:149] HandleResponse started, buffer size: 1048
[m[0;32;32m1970-01-01 07:04:38.353|I|132501644|lpUCM [RemoteSails.cpp:HandleResponse:158] Successfully deserialized response, status: 0, result code: 0
[m[0;32;31m1970-01-01 07:04:38.353|E|132501644|lpUCM [IpccProtoMessage.cpp:SerializeParams:112] m_offset, 413696
[m[1;33m1970-01-01 07:04:38.353|W|132501644|lpUCM [RemoteSails.cpp:SendWithRetry:185] Successfully wrote 1052 bytes
[m[0;32;32m1970-01-01 07:04:38.385|I|132501644|lpUCM [RemoteSails.cpp:HandleResponse:149] HandleResponse started, buffer size: 1048
[m[0;32;32m1970-01-01 07:04:38.385|I|132501644|lpUCM [RemoteSails.cpp:HandleResponse:158] Successfully deserialized response, status: 0, result code: 0
[m[0;32;31m1970-01-01 07:04:38.385|E|132501644|lpUCM [IpccProtoMessage.cpp:SerializeParams:112] m_offset, 414720
[m[1;33m1970-01-01 07:04:38.385|W|132501644|lpUCM [RemoteSails.cpp:SendWithRetry:185] Successfully wrote 1052 bytes
[m[0;32;32m1970-01-01 07:04:38.388|I|132501644|lpUCM [RemoteSails.cpp:HandleResponse:149] HandleResponse started, buffer size: 1048
[m[0;32;32m1970-01-01 07:04:38.388|I|132501644|lpUCM [RemoteSails.cpp:HandleResponse:158] Successfully deserialized response, status: 0, result code: 0
[m[0;32;31m1970-01-01 07:04:38.388|E|132501644|lpUCM [IpccProtoMessage.cpp:SerializeParams:112] m_offset, 415744
[m[1;33m1970-01-01 07:04:38.388|W|132501644|lpUCM [RemoteSails.cpp:SendWithRetry:185] Successfully wrote 1052 bytes
[m[0;32;32m1970-01-01 07:04:38.394|I|132501644|lpUCM [RemoteSails.cpp:HandleResponse:149] HandleResponse started, buffer size: 1048
[m[0;32;32m1970-01-01 07:04:38.394|I|132501644|lpUCM [RemoteSails.cpp:HandleResponse:158] Successfully deserialized response, status: 0, result code: 0
[m[0;32;31m1970-01-01 07:04:38.394|E|132501644|lpUCM [IpccProtoMessage.cpp:SerializeParams:112] m_offset, 416768
[m[1;33m1970-01-01 07:04:38.394|W|132501644|lpUCM [RemoteSails.cpp:SendWithRetry:185] Successfully wrote 1052 bytes
[m[0;32;32m1970-01-01 07:04:38.397|I|132501644|lpUCM [RemoteSails.cpp:HandleResponse:149] HandleResponse started, buffer size: 1048
[m[0;32;32m1970-01-01 07:04:38.397|I|132501644|lpUCM [RemoteSails.cpp:HandleResponse:158] Successfully deserialized response, status: 0, result code: 0
[m[0;32;31m1970-01-01 07:04:38.397|E|132501644|lpUCM [IpccProtoMessage.cpp:SerializeParams:112] m_offset, 417792
[m[1;33m1970-01-01 07:04:38.397|W|132501644|lpUCM [RemoteSails.cpp:SendWithRetry:185] Successfully wrote 1052 bytes
[m[0;32;32m1970-01-01 07:04:38.427|I|132501644|lpUCM [RemoteSails.cpp:HandleResponse:149] HandleResponse started, buffer size: 1048
[m[0;32;32m1970-01-01 07:04:38.427|I|132501644|lpUCM [RemoteSails.cpp:HandleResponse:158] Successfully deserialized response, status: 0, result code: 0
[m[0;32;31m1970-01-01 07:04:38.427|E|132501644|lpUCM [IpccProtoMessage.cpp:SerializeParams:112] m_offset, 418816
[m[1;33m1970-01-01 07:04:38.427|W|132501644|lpUCM [RemoteSails.cpp:SendWithRetry:185] Successfully wrote 1052 bytes
[m[0;32;32m1970-01-01 07:04:38.433|I|132501644|lpUCM [RemoteSails.cpp:HandleResponse:149] HandleResponse started, buffer size: 1048
[m[0;32;32m1970-01-01 07:04:38.433|I|132501644|lpUCM [RemoteSails.cpp:HandleResponse:158] Successfully deserialized response, status: 0, result code: 0
[m[0;32;31m1970-01-01 07:04:38.433|E|132501644|lpUCM [IpccProtoMessage.cpp:SerializeParams:112] m_offset, 419840
[m[1;33m1970-01-01 07:04:38.433|W|132501644|lpUCM [RemoteSails.cpp:SendWithRetry:185] Successfully wrote 1052 bytes
[m[0;32;32m1970-01-01 07:04:38.436|I|132501644|lpUCM [RemoteSails.cpp:HandleResponse:149] HandleResponse started, buffer size: 1048
[m[0;32;32m1970-01-01 07:04:38.436|I|132501644|lpUCM [RemoteSails.cpp:HandleResponse:158] Successfully deserialized response, status: 0, result code: 0
[m[0;32;31m1970-01-01 07:04:38.436|E|132501644|lpUCM [IpccProtoMessage.cpp:SerializeParams:112] m_offset, 420864
[m[1;33m1970-01-01 07:04:38.436|W|132501644|lpUCM [RemoteSails.cpp:SendWithRetry:185] Successfully wrote 1052 bytes
[m[0;32;32m1970-01-01 07:04:38.442|I|132501644|lpUCM [RemoteSails.cpp:HandleResponse:149] HandleResponse started, buffer size: 1048
[m[0;32;32m1970-01-01 07:04:38.442|I|132501644|lpUCM [RemoteSails.cpp:HandleResponse:158] Successfully deserialized response, status: 0, result code: 0
[m[0;32;31m1970-01-01 07:04:38.442|E|132501644|lpUCM [IpccProtoMessage.cpp:SerializeParams:112] m_offset, 421888
[m[1;33m1970-01-01 07:04:38.442|W|132501644|lpUCM [RemoteSails.cpp:SendWithRetry:185] Successfully wrote 1052 bytes
[m[0;32;32m1970-01-01 07:04:38.473|I|132501644|lpUCM [RemoteSails.cpp:HandleResponse:149] HandleResponse started, buffer size: 1048
[m[0;32;32m1970-01-01 07:04:38.473|I|132501644|lpUCM [RemoteSails.cpp:HandleResponse:158] Successfully deserialized response, status: 0, result code: 0
[m[0;32;31m1970-01-01 07:04:38.473|E|132501644|lpUCM [IpccProtoMessage.cpp:SerializeParams:112] m_offset, 422912
[m[1;33m1970-01-01 07:04:38.473|W|132501644|lpUCM [RemoteSails.cpp:SendWithRetry:185] Successfully wrote 1052 bytes
[m[0;32;32m1970-01-01 07:04:38.476|I|132501644|lpUCM [RemoteSails.cpp:HandleResponse:149] HandleResponse started, buffer size: 1048
[m[0;32;32m1970-01-01 07:04:38.476|I|132501644|lpUCM [RemoteSails.cpp:HandleResponse:158] Successfully deserialized response, status: 0, result code: 0
[m[0;32;31m1970-01-01 07:04:38.476|E|132501644|lpUCM [IpccProtoMessage.cpp:SerializeParams:112] m_offset, 423936
[m[1;33m1970-01-01 07:04:38.476|W|132501644|lpUCM [RemoteSails.cpp:SendWithRetry:185] Successfully wrote 1052 bytes
[m[0;32;32m1970-01-01 07:04:38.483|I|132501644|lpUCM [RemoteSails.cpp:HandleResponse:149] HandleResponse started, buffer size: 1048
[m[0;32;32m1970-01-01 07:04:38.483|I|132501644|lpUCM [RemoteSails.cpp:HandleResponse:158] Successfully deserialized response, status: 0, result code: 0
[m[0;32;31m1970-01-01 07:04:38.483|E|132501644|lpUCM [IpccProtoMessage.cpp:SerializeParams:112] m_offset, 424960
[m[1;33m1970-01-01 07:04:38.483|W|132501644|lpUCM [RemoteSails.cpp:SendWithRetry:185] Successfully wrote 1052 bytes
[m[0;32;32m1970-01-01 07:04:38.487|I|132501644|lpUCM [RemoteSails.cpp:HandleResponse:149] HandleResponse started, buffer size: 1048
[m[0;32;32m1970-01-01 07:04:38.487|I|132501644|lpUCM [RemoteSails.cpp:HandleResponse:158] Successfully deserialized response, status: 0, result code: 0
[m[0;32;32m1970-01-01 07:04:38.487|I|132501644|lpUCM [RemoteSails.cpp:SailWriteData:272] All data already trans size 16384
[m[0;32;32m1970-01-01 07:04:38.487|I|132501644|lpUCM [fds.cpp:FDS_OnLocalUpgProgress:248] total: 23, curr:23, percent:40, rop:97%
[m[0;32;32m1970-01-01 07:04:38.487|I|132501644|lpUCM [RemoteSails.cpp:SailWriteData:254] total data is 16384
[m[0;32;31m1970-01-01 07:04:38.487|E|132501644|lpUCM [IpccProtoMessage.cpp:SerializeParams:112] m_offset, 425984
[m[1;33m1970-01-01 07:04:38.487|W|132501644|lpUCM [RemoteSails.cpp:SendWithRetry:185] Successfully wrote 1052 bytes
[m[0;32;32m1970-01-01 07:04:38.519|I|132501644|lpUCM [RemoteSails.cpp:HandleResponse:149] HandleResponse started, buffer size: 1048
[m[0;32;32m1970-01-01 07:04:38.519|I|132501644|lpUCM [RemoteSails.cpp:HandleResponse:158] Successfully deserialized response, status: 0, result code: 0
[m[0;32;31m1970-01-01 07:04:38.519|E|132501644|lpUCM [IpccProtoMessage.cpp:SerializeParams:112] m_offset, 427008
[m[1;33m1970-01-01 07:04:38.519|W|132501644|lpUCM [RemoteSails.cpp:SendWithRetry:185] Successfully wrote 1052 bytes
[m[0;32;32m1970-01-01 07:04:38.523|I|132501644|lpUCM [RemoteSails.cpp:HandleResponse:149] HandleResponse started, buffer size: 1048
[m[0;32;32m1970-01-01 07:04:38.523|I|132501644|lpUCM [RemoteSails.cpp:HandleResponse:158] Successfully deserialized response, status: 0, result code: 0
[m[0;32;31m1970-01-01 07:04:38.523|E|132501644|lpUCM [IpccProtoMessage.cpp:SerializeParams:112] m_offset, 428032
[m[1;33m1970-01-01 07:04:38.523|W|132501644|lpUCM [RemoteSails.cpp:SendWithRetry:185] Successfully wrote 1052 bytes
[m[0;32;32m1970-01-01 07:04:38.526|I|132501644|lpUCM [RemoteSails.cpp:HandleResponse:149] HandleResponse started, buffer size: 1048
[m[0;32;32m1970-01-01 07:04:38.526|I|132501644|lpUCM [RemoteSails.cpp:HandleResponse:158] Successfully deserialized response, status: 0, result code: 0
[m[0;32;31m1970-01-01 07:04:38.526|E|132501644|lpUCM [IpccProtoMessage.cpp:SerializeParams:112] m_offset, 429056
[m[1;33m1970-01-01 07:04:38.526|W|132501644|lpUCM [RemoteSails.cpp:SendWithRetry:185] Successfully wrote 1052 bytes
[m[0;32;32m1970-01-01 07:04:38.529|I|132501644|lpUCM [RemoteSails.cpp:HandleResponse:149] HandleResponse started, buffer size: 1048
[m[0;32;32m1970-01-01 07:04:38.529|I|132501644|lpUCM [RemoteSails.cpp:HandleResponse:158] Successfully deserialized response, status: 0, result code: 0
[m[0;32;31m1970-01-01 07:04:38.529|E|132501644|lpUCM [IpccProtoMessage.cpp:SerializeParams:112] m_offset, 430080
[m[1;33m1970-01-01 07:04:38.529|W|132501644|lpUCM [RemoteSails.cpp:SendWithRetry:185] Successfully wrote 1052 bytes
[m[0;32;32m1970-01-01 07:04:38.560|I|132501644|lpUCM [RemoteSails.cpp:HandleResponse:149] HandleResponse started, buffer size: 1048
[m[0;32;32m1970-01-01 07:04:38.560|I|132501644|lpUCM [RemoteSails.cpp:HandleResponse:158] Successfully deserialized response, status: 0, result code: 0
[m[0;32;31m1970-01-01 07:04:38.560|E|132501644|lpUCM [IpccProtoMessage.cpp:SerializeParams:112] m_offset, 431104
[m[1;33m1970-01-01 07:04:38.560|W|132501644|lpUCM [RemoteSails.cpp:SendWithRetry:185] Successfully wrote 1052 bytes
[m[0;32;32m1970-01-01 07:04:38.563|I|132501644|lpUCM [RemoteSails.cpp:HandleResponse:149] HandleResponse started, buffer size: 1048
[m[0;32;32m1970-01-01 07:04:38.563|I|132501644|lpUCM [RemoteSails.cpp:HandleResponse:158] Successfully deserialized response, status: 0, result code: 0
[m[0;32;31m1970-01-01 07:04:38.563|E|132501644|lpUCM [IpccProtoMessage.cpp:SerializeParams:112] m_offset, 432128
[m[1;33m1970-01-01 07:04:38.563|W|132501644|lpUCM [RemoteSails.cpp:SendWithRetry:185] Successfully wrote 1052 bytes
[m[0;32;32m1970-01-01 07:04:38.567|I|132501644|lpUCM [RemoteSails.cpp:HandleResponse:149] HandleResponse started, buffer size: 1048
[m[0;32;32m1970-01-01 07:04:38.567|I|132501644|lpUCM [RemoteSails.cpp:HandleResponse:158] Successfully deserialized response, status: 0, result code: 0
[m[0;32;31m1970-01-01 07:04:38.567|E|132501644|lpUCM [IpccProtoMessage.cpp:SerializeParams:112] m_offset, 433152
[m[1;33m1970-01-01 07:04:38.567|W|132501644|lpUCM [RemoteSails.cpp:SendWithRetry:185] Successfully wrote 1052 bytes
[m[0;32;32m1970-01-01 07:04:38.573|I|132501644|lpUCM [RemoteSails.cpp:HandleResponse:149] HandleResponse started, buffer size: 1048
[m[0;32;32m1970-01-01 07:04:38.573|I|132501644|lpUCM [RemoteSails.cpp:HandleResponse:158] Successfully deserialized response, status: 0, result code: 0
[m[0;32;31m1970-01-01 07:04:38.573|E|132501644|lpUCM [IpccProtoMessage.cpp:SerializeParams:112] m_offset, 434176
[m[1;33m1970-01-01 07:04:38.573|W|132501644|lpUCM [RemoteSails.cpp:SendWithRetry:185] Successfully wrote 1052 bytes
[m[0;32;32m1970-01-01 07:04:38.603|I|132501644|lpUCM [RemoteSails.cpp:HandleResponse:149] HandleResponse started, buffer size: 1048
[m[0;32;32m1970-01-01 07:04:38.603|I|132501644|lpUCM [RemoteSails.cpp:HandleResponse:158] Successfully deserialized response, status: 0, result code: 0
[m[0;32;31m1970-01-01 07:04:38.603|E|132501644|lpUCM [IpccProtoMessage.cpp:SerializeParams:112] m_offset, 435200
[m[1;33m1970-01-01 07:04:38.603|W|132501644|lpUCM [RemoteSails.cpp:SendWithRetry:185] Successfully wrote 1052 bytes
[m[0;32;32m1970-01-01 07:04:38.606|I|132501644|lpUCM [RemoteSails.cpp:HandleResponse:149] HandleResponse started, buffer size: 1048
[m[0;32;32m1970-01-01 07:04:38.606|I|132501644|lpUCM [RemoteSails.cpp:HandleResponse:158] Successfully deserialized response, status: 0, result code: 0
[m[0;32;31m1970-01-01 07:04:38.606|E|132501644|lpUCM [IpccProtoMessage.cpp:SerializeParams:112] m_offset, 436224
[m[1;33m1970-01-01 07:04:38.606|W|132501644|lpUCM [RemoteSails.cpp:SendWithRetry:185] Successfully wrote 1052 bytes
[m[0;32;32m1970-01-01 07:04:38.612|I|132501644|lpUCM [RemoteSails.cpp:HandleResponse:149] HandleResponse started, buffer size: 1048
[m[0;32;32m1970-01-01 07:04:38.612|I|132501644|lpUCM [RemoteSails.cpp:HandleResponse:158] Successfully deserialized response, status: 0, result code: 0
[m[0;32;31m1970-01-01 07:04:38.612|E|132501644|lpUCM [IpccProtoMessage.cpp:SerializeParams:112] m_offset, 437248
[m[1;33m1970-01-01 07:04:38.612|W|132501644|lpUCM [RemoteSails.cpp:SendWithRetry:185] Successfully wrote 1052 bytes
[m[0;32;32m1970-01-01 07:04:38.615|I|132501644|lpUCM [RemoteSails.cpp:HandleResponse:149] HandleResponse started, buffer size: 1048
[m[0;32;32m1970-01-01 07:04:38.615|I|132501644|lpUCM [RemoteSails.cpp:HandleResponse:158] Successfully deserialized response, status: 0, result code: 0
[m[0;32;31m1970-01-01 07:04:38.615|E|132501644|lpUCM [IpccProtoMessage.cpp:SerializeParams:112] m_offset, 438272
[m[1;33m1970-01-01 07:04:38.615|W|132501644|lpUCM [RemoteSails.cpp:SendWithRetry:185] Successfully wrote 1052 bytes
[m[0;32;32m1970-01-01 07:04:38.645|I|132501644|lpUCM [RemoteSails.cpp:HandleResponse:149] HandleResponse started, buffer size: 1048
[m[0;32;32m1970-01-01 07:04:38.645|I|132501644|lpUCM [RemoteSails.cpp:HandleResponse:158] Successfully deserialized response, status: 0, result code: 0
[m[0;32;31m1970-01-01 07:04:38.645|E|132501644|lpUCM [IpccProtoMessage.cpp:SerializeParams:112] m_offset, 439296
[m[1;33m1970-01-01 07:04:38.645|W|132501644|lpUCM [RemoteSails.cpp:SendWithRetry:185] Successfully wrote 1052 bytes
[m[0;32;32m1970-01-01 07:04:38.648|I|132501644|lpUCM [RemoteSails.cpp:HandleResponse:149] HandleResponse started, buffer size: 1048
[m[0;32;32m1970-01-01 07:04:38.648|I|132501644|lpUCM [RemoteSails.cpp:HandleResponse:158] Successfully deserialized response, status: 0, result code: 0
[m[0;32;31m1970-01-01 07:04:38.648|E|132501644|lpUCM [IpccProtoMessage.cpp:SerializeParams:112] m_offset, 440320
[m[1;33m1970-01-01 07:04:38.648|W|132501644|lpUCM [RemoteSails.cpp:SendWithRetry:185] Successfully wrote 1052 bytes
[m[0;32;32m1970-01-01 07:04:38.654|I|132501644|lpUCM [RemoteSails.cpp:HandleResponse:149] HandleResponse started, buffer size: 1048
[m[0;32;32m1970-01-01 07:04:38.654|I|132501644|lpUCM [RemoteSails.cpp:HandleResponse:158] Successfully deserialized response, status: 0, result code: 0
[m[0;32;31m1970-01-01 07:04:38.654|E|132501644|lpUCM [IpccProtoMessage.cpp:SerializeParams:112] m_offset, 441344
[m[1;33m1970-01-01 07:04:38.654|W|132501644|lpUCM [RemoteSails.cpp:SendWithRetry:185] Successfully wrote 1052 bytes
[m[0;32;32m1970-01-01 07:04:38.657|I|132501644|lpUCM [RemoteSails.cpp:HandleResponse:149] HandleResponse started, buffer size: 1048
[m[0;32;32m1970-01-01 07:04:38.657|I|132501644|lpUCM [RemoteSails.cpp:HandleResponse:158] Successfully deserialized response, status: 0, result code: 0
[m[0;32;32m1970-01-01 07:04:38.657|I|132501644|lpUCM [RemoteSails.cpp:SailWriteData:272] All data already trans size 16384
[m[0;32;32m1970-01-01 07:04:38.657|I|132501644|lpUCM [fds.cpp:FDS_OnLocalUpgProgress:248] total: 23, curr:23, percent:41, rop:97%
[m[0;32;32m1970-01-01 07:04:38.657|I|132501644|lpUCM [RemoteSails.cpp:SailWriteData:254] total data is 16384
[m[0;32;31m1970-01-01 07:04:38.657|E|132501644|lpUCM [IpccProtoMessage.cpp:SerializeParams:112] m_offset, 442368
[m[1;33m1970-01-01 07:04:38.657|W|132501644|lpUCM [RemoteSails.cpp:SendWithRetry:185] Successfully wrote 1052 bytes
[m[0;32;32m1970-01-01 07:04:38.687|I|132501644|lpUCM [RemoteSails.cpp:HandleResponse:149] HandleResponse started, buffer size: 1048
[m[0;32;32m1970-01-01 07:04:38.687|I|132501644|lpUCM [RemoteSails.cpp:HandleResponse:158] Successfully deserialized response, status: 0, result code: 0
[m[0;32;31m1970-01-01 07:04:38.687|E|132501644|lpUCM [IpccProtoMessage.cpp:SerializeParams:112] m_offset, 443392
[m[1;33m1970-01-01 07:04:38.687|W|132501644|lpUCM [RemoteSails.cpp:SendWithRetry:185] Successfully wrote 1052 bytes
[m[0;32;32m1970-01-01 07:04:38.693|I|132501644|lpUCM [RemoteSails.cpp:HandleResponse:149] HandleResponse started, buffer size: 1048
[m[0;32;32m1970-01-01 07:04:38.693|I|132501644|lpUCM [RemoteSails.cpp:HandleResponse:158] Successfully deserialized response, status: 0, result code: 0
[m[0;32;31m1970-01-01 07:04:38.693|E|132501644|lpUCM [IpccProtoMessage.cpp:SerializeParams:112] m_offset, 444416
[m[1;33m1970-01-01 07:04:38.693|W|132501644|lpUCM [RemoteSails.cpp:SendWithRetry:185] Successfully wrote 1052 bytes
[m[0;32;32m1970-01-01 07:04:38.696|I|132501644|lpUCM [RemoteSails.cpp:HandleResponse:149] HandleResponse started, buffer size: 1048
[m[0;32;32m1970-01-01 07:04:38.696|I|132501644|lpUCM [RemoteSails.cpp:HandleResponse:158] Successfully deserialized response, status: 0, result code: 0
[m[0;32;31m1970-01-01 07:04:38.696|E|132501644|lpUCM [IpccProtoMessage.cpp:SerializeParams:112] m_offset, 445440
[m[1;33m1970-01-01 07:04:38.696|W|132501644|lpUCM [RemoteSails.cpp:SendWithRetry:185] Successfully wrote 1052 bytes
[m[0;32;32m1970-01-01 07:04:38.699|I|132501644|lpUCM [RemoteSails.cpp:HandleResponse:149] HandleResponse started, buffer size: 1048
[m[0;32;32m1970-01-01 07:04:38.699|I|132501644|lpUCM [RemoteSails.cpp:HandleResponse:158] Successfully deserialized response, status: 0, result code: 0
[m[0;32;31m1970-01-01 07:04:38.699|E|132501644|lpUCM [IpccProtoMessage.cpp:SerializeParams:112] m_offset, 446464
[m[1;33m1970-01-01 07:04:38.699|W|132501644|lpUCM [RemoteSails.cpp:SendWithRetry:185] Successfully wrote 1052 bytes
[m[0;32;32m1970-01-01 07:04:38.729|I|132501644|lpUCM [RemoteSails.cpp:HandleResponse:149] HandleResponse started, buffer size: 1048
[m[0;32;32m1970-01-01 07:04:38.729|I|132501644|lpUCM [RemoteSails.cpp:HandleResponse:158] Successfully deserialized response, status: 0, result code: 0
[m[0;32;31m1970-01-01 07:04:38.729|E|132501644|lpUCM [IpccProtoMessage.cpp:SerializeParams:112] m_offset, 447488
[m[1;33m1970-01-01 07:04:38.729|W|132501644|lpUCM [RemoteSails.cpp:SendWithRetry:185] Successfully wrote 1052 bytes
[m[0;32;32m1970-01-01 07:04:38.733|I|132501644|lpUCM [RemoteSails.cpp:HandleResponse:149] HandleResponse started, buffer size: 1048
[m[0;32;32m1970-01-01 07:04:38.733|I|132501644|lpUCM [RemoteSails.cpp:HandleResponse:158] Successfully deserialized response, status: 0, result code: 0
[m[0;32;31m1970-01-01 07:04:38.733|E|132501644|lpUCM [IpccProtoMessage.cpp:SerializeParams:112] m_offset, 448512
[m[1;33m1970-01-01 07:04:38.733|W|132501644|lpUCM [RemoteSails.cpp:SendWithRetry:185] Successfully wrote 1052 bytes
[m[0;32;32m1970-01-01 07:04:38.737|I|132501644|lpUCM [RemoteSails.cpp:HandleResponse:149] HandleResponse started, buffer size: 1048
[m[0;32;32m1970-01-01 07:04:38.737|I|132501644|lpUCM [RemoteSails.cpp:HandleResponse:158] Successfully deserialized response, status: 0, result code: 0
[m[0;32;31m1970-01-01 07:04:38.737|E|132501644|lpUCM [IpccProtoMessage.cpp:SerializeParams:112] m_offset, 449536
[m[1;33m1970-01-01 07:04:38.737|W|132501644|lpUCM [RemoteSails.cpp:SendWithRetry:185] Successfully wrote 1052 bytes
[m[0;32;32m1970-01-01 07:04:38.741|I|132501644|lpUCM [RemoteSails.cpp:HandleResponse:149] HandleResponse started, buffer size: 1048
[m[0;32;32m1970-01-01 07:04:38.741|I|132501644|lpUCM [RemoteSails.cpp:HandleResponse:158] Successfully deserialized response, status: 0, result code: 0
[m[0;32;31m1970-01-01 07:04:38.741|E|132501644|lpUCM [IpccProtoMessage.cpp:SerializeParams:112] m_offset, 450560
[m[1;33m1970-01-01 07:04:38.741|W|132501644|lpUCM [RemoteSails.cpp:SendWithRetry:185] Successfully wrote 1052 bytes
[m[0;32;32m1970-01-01 07:04:38.775|I|132501644|lpUCM [RemoteSails.cpp:HandleResponse:149] HandleResponse started, buffer size: 1048
[m[0;32;32m1970-01-01 07:04:38.775|I|132501644|lpUCM [RemoteSails.cpp:HandleResponse:158] Successfully deserialized response, status: 0, result code: 0
[m[0;32;31m1970-01-01 07:04:38.775|E|132501644|lpUCM [IpccProtoMessage.cpp:SerializeParams:112] m_offset, 451584
[m[1;33m1970-01-01 07:04:38.775|W|132501644|lpUCM [RemoteSails.cpp:SendWithRetry:185] Successfully wrote 1052 bytes
[m[0;32;32m1970-01-01 07:04:38.778|I|132501644|lpUCM [RemoteSails.cpp:HandleResponse:149] HandleResponse started, buffer size: 1048
[m[0;32;32m1970-01-01 07:04:38.778|I|132501644|lpUCM [RemoteSails.cpp:HandleResponse:158] Successfully deserialized response, status: 0, result code: 0
[m[0;32;31m1970-01-01 07:04:38.778|E|132501644|lpUCM [IpccProtoMessage.cpp:SerializeParams:112] m_offset, 452608
[m[1;33m1970-01-01 07:04:38.778|W|132501644|lpUCM [RemoteSails.cpp:SendWithRetry:185] Successfully wrote 1052 bytes
[m[0;32;32m1970-01-01 07:04:38.782|I|132501644|lpUCM [RemoteSails.cpp:HandleResponse:149] HandleResponse started, buffer size: 1048
[m[0;32;32m1970-01-01 07:04:38.782|I|132501644|lpUCM [RemoteSails.cpp:HandleResponse:158] Successfully deserialized response, status: 0, result code: 0
[m[0;32;31m1970-01-01 07:04:38.782|E|132501644|lpUCM [IpccProtoMessage.cpp:SerializeParams:112] m_offset, 453632
[m[1;33m1970-01-01 07:04:38.782|W|132501644|lpUCM [RemoteSails.cpp:SendWithRetry:185] Successfully wrote 1052 bytes
[m[0;32;32m1970-01-01 07:04:38.786|I|132501644|lpUCM [RemoteSails.cpp:HandleResponse:149] HandleResponse started, buffer size: 1048
[m[0;32;32m1970-01-01 07:04:38.786|I|132501644|lpUCM [RemoteSails.cpp:HandleResponse:158] Successfully deserialized response, status: 0, result code: 0
[m[0;32;31m1970-01-01 07:04:38.786|E|132501644|lpUCM [IpccProtoMessage.cpp:SerializeParams:112] m_offset, 454656
[m[1;33m1970-01-01 07:04:38.786|W|132501644|lpUCM [RemoteSails.cpp:SendWithRetry:185] Successfully wrote 1052 bytes
[m[0;32;32m1970-01-01 07:04:38.816|I|132501644|lpUCM [RemoteSails.cpp:HandleResponse:149] HandleResponse started, buffer size: 1048
[m[0;32;32m1970-01-01 07:04:38.816|I|132501644|lpUCM [RemoteSails.cpp:HandleResponse:158] Successfully deserialized response, status: 0, result code: 0
[m[0;32;31m1970-01-01 07:04:38.816|E|132501644|lpUCM [IpccProtoMessage.cpp:SerializeParams:112] m_offset, 455680
[m[1;33m1970-01-01 07:04:38.816|W|132501644|lpUCM [RemoteSails.cpp:SendWithRetry:185] Successfully wrote 1052 bytes
[m[0;32;32m1970-01-01 07:04:38.822|I|132501644|lpUCM [RemoteSails.cpp:HandleResponse:149] HandleResponse started, buffer size: 1048
[m[0;32;32m1970-01-01 07:04:38.822|I|132501644|lpUCM [RemoteSails.cpp:HandleResponse:158] Successfully deserialized response, status: 0, result code: 0
[m[0;32;31m1970-01-01 07:04:38.822|E|132501644|lpUCM [IpccProtoMessage.cpp:SerializeParams:112] m_offset, 456704
[m[1;33m1970-01-01 07:04:38.822|W|132501644|lpUCM [RemoteSails.cpp:SendWithRetry:185] Successfully wrote 1052 bytes
[m[0;32;32m1970-01-01 07:04:38.825|I|132501644|lpUCM [RemoteSails.cpp:HandleResponse:149] HandleResponse started, buffer size: 1048
[m[0;32;32m1970-01-01 07:04:38.825|I|132501644|lpUCM [RemoteSails.cpp:HandleResponse:158] Successfully deserialized response, status: 0, result code: 0
[m[0;32;31m1970-01-01 07:04:38.825|E|132501644|lpUCM [IpccProtoMessage.cpp:SerializeParams:112] m_offset, 457728
[m[1;33m1970-01-01 07:04:38.825|W|132501644|lpUCM [RemoteSails.cpp:SendWithRetry:185] Successfully wrote 1052 bytes
[m[0;32;32m1970-01-01 07:04:38.828|I|132501644|lpUCM [RemoteSails.cpp:HandleResponse:149] HandleResponse started, buffer size: 1048
[m[0;32;32m1970-01-01 07:04:38.828|I|132501644|lpUCM [RemoteSails.cpp:HandleResponse:158] Successfully deserialized response, status: 0, result code: 0
[m[0;32;32m1970-01-01 07:04:38.828|I|132501644|lpUCM [RemoteSails.cpp:SailWriteData:272] All data already trans size 16384
[m[0;32;32m1970-01-01 07:04:38.828|I|132501644|lpUCM [fds.cpp:FDS_OnLocalUpgProgress:248] total: 23, curr:23, percent:42, rop:97%
[m[0;32;32m1970-01-01 07:04:38.828|I|132501644|lpUCM [RemoteSails.cpp:SailWriteData:254] total data is 16384
[m[0;32;31m1970-01-01 07:04:38.828|E|132501644|lpUCM [IpccProtoMessage.cpp:SerializeParams:112] m_offset, 458752
[m[1;33m1970-01-01 07:04:38.828|W|132501644|lpUCM [RemoteSails.cpp:SendWithRetry:185] Successfully wrote 1052 bytes
[m[0;32;32m1970-01-01 07:04:38.858|I|132501644|lpUCM [RemoteSails.cpp:HandleResponse:149] HandleResponse started, buffer size: 1048
[m[0;32;32m1970-01-01 07:04:38.858|I|132501644|lpUCM [RemoteSails.cpp:HandleResponse:158] Successfully deserialized response, status: 0, result code: 0
[m[0;32;31m1970-01-01 07:04:38.858|E|132501644|lpUCM [IpccProtoMessage.cpp:SerializeParams:112] m_offset, 459776
[m[1;33m1970-01-01 07:04:38.858|W|132501644|lpUCM [RemoteSails.cpp:SendWithRetry:185] Successfully wrote 1052 bytes
[m[0;32;32m1970-01-01 07:04:38.864|I|132501644|lpUCM [RemoteSails.cpp:HandleResponse:149] HandleResponse started, buffer size: 1048
[m[0;32;32m1970-01-01 07:04:38.864|I|132501644|lpUCM [RemoteSails.cpp:HandleResponse:158] Successfully deserialized response, status: 0, result code: 0
[m[0;32;31m1970-01-01 07:04:38.864|E|132501644|lpUCM [IpccProtoMessage.cpp:SerializeParams:112] m_offset, 460800
[m[1;33m1970-01-01 07:04:38.864|W|132501644|lpUCM [RemoteSails.cpp:SendWithRetry:185] Successfully wrote 1052 bytes
[m[0;32;32m1970-01-01 07:04:38.867|I|132501644|lpUCM [RemoteSails.cpp:HandleResponse:149] HandleResponse started, buffer size: 1048
[m[0;32;32m1970-01-01 07:04:38.867|I|132501644|lpUCM [RemoteSails.cpp:HandleResponse:158] Successfully deserialized response, status: 0, result code: 0
[m[0;32;31m1970-01-01 07:04:38.867|E|132501644|lpUCM [IpccProtoMessage.cpp:SerializeParams:112] m_offset, 461824
[m[1;33m1970-01-01 07:04:38.867|W|132501644|lpUCM [RemoteSails.cpp:SendWithRetry:185] Successfully wrote 1052 bytes
[m[0;32;32m1970-01-01 07:04:38.873|I|132501644|lpUCM [RemoteSails.cpp:HandleResponse:149] HandleResponse started, buffer size: 1048
[m[0;32;32m1970-01-01 07:04:38.873|I|132501644|lpUCM [RemoteSails.cpp:HandleResponse:158] Successfully deserialized response, status: 0, result code: 0
[m[0;32;31m1970-01-01 07:04:38.873|E|132501644|lpUCM [IpccProtoMessage.cpp:SerializeParams:112] m_offset, 462848
[m[1;33m1970-01-01 07:04:38.873|W|132501644|lpUCM [RemoteSails.cpp:SendWithRetry:185] Successfully wrote 1052 bytes
[m[0;32;32m1970-01-01 07:04:38.902|I|132501644|lpUCM [RemoteSails.cpp:HandleResponse:149] HandleResponse started, buffer size: 1048
[m[0;32;32m1970-01-01 07:04:38.902|I|132501644|lpUCM [RemoteSails.cpp:HandleResponse:158] Successfully deserialized response, status: 0, result code: 0
[m[0;32;31m1970-01-01 07:04:38.902|E|132501644|lpUCM [IpccProtoMessage.cpp:SerializeParams:112] m_offset, 463872
[m[1;33m1970-01-01 07:04:38.902|W|132501644|lpUCM [RemoteSails.cpp:SendWithRetry:185] Successfully wrote 1052 bytes
[m[0;32;32m1970-01-01 07:04:38.905|I|132501644|lpUCM [RemoteSails.cpp:HandleResponse:149] HandleResponse started, buffer size: 1048
[m[0;32;32m1970-01-01 07:04:38.905|I|132501644|lpUCM [RemoteSails.cpp:HandleResponse:158] Successfully deserialized response, status: 0, result code: 0
[m[0;32;31m1970-01-01 07:04:38.905|E|132501644|lpUCM [IpccProtoMessage.cpp:SerializeParams:112] m_offset, 464896
[m[1;33m1970-01-01 07:04:38.905|W|132501644|lpUCM [RemoteSails.cpp:SendWithRetry:185] Successfully wrote 1052 bytes
[m[0;32;32m1970-01-01 07:04:38.909|I|132501644|lpUCM [RemoteSails.cpp:HandleResponse:149] HandleResponse started, buffer size: 1048
[m[0;32;32m1970-01-01 07:04:38.909|I|132501644|lpUCM [RemoteSails.cpp:HandleResponse:158] Successfully deserialized response, status: 0, result code: 0
[m[0;32;31m1970-01-01 07:04:38.909|E|132501644|lpUCM [IpccProtoMessage.cpp:SerializeParams:112] m_offset, 465920
[m[1;33m1970-01-01 07:04:38.909|W|132501644|lpUCM [RemoteSails.cpp:SendWithRetry:185] Successfully wrote 1052 bytes
[m[0;32;32m1970-01-01 07:04:38.912|I|132501644|lpUCM [RemoteSails.cpp:HandleResponse:149] HandleResponse started, buffer size: 1048
[m[0;32;32m1970-01-01 07:04:38.912|I|132501644|lpUCM [RemoteSails.cpp:HandleResponse:158] Successfully deserialized response, status: 0, result code: 0
[m[0;32;31m1970-01-01 07:04:38.912|E|132501644|lpUCM [IpccProtoMessage.cpp:SerializeParams:112] m_offset, 466944
[m[1;33m1970-01-01 07:04:38.912|W|132501644|lpUCM [RemoteSails.cpp:SendWithRetry:185] Successfully wrote 1052 bytes
[m[0;32;32m1970-01-01 07:04:38.944|I|132501644|lpUCM [RemoteSails.cpp:HandleResponse:149] HandleResponse started, buffer size: 1048
[m[0;32;32m1970-01-01 07:04:38.944|I|132501644|lpUCM [RemoteSails.cpp:HandleResponse:158] Successfully deserialized response, status: 0, result code: 0
[m[0;32;31m1970-01-01 07:04:38.944|E|132501644|lpUCM [IpccProtoMessage.cpp:SerializeParams:112] m_offset, 467968
[m[1;33m1970-01-01 07:04:38.944|W|132501644|lpUCM [RemoteSails.cpp:SendWithRetry:185] Successfully wrote 1052 bytes
[m[0;32;32m1970-01-01 07:04:38.947|I|132501644|lpUCM [RemoteSails.cpp:HandleResponse:149] HandleResponse started, buffer size: 1048
[m[0;32;32m1970-01-01 07:04:38.947|I|132501644|lpUCM [RemoteSails.cpp:HandleResponse:158] Successfully deserialized response, status: 0, result code: 0
[m[0;32;31m1970-01-01 07:04:38.947|E|132501644|lpUCM [IpccProtoMessage.cpp:SerializeParams:112] m_offset, 468992
[m[1;33m1970-01-01 07:04:38.947|W|132501644|lpUCM [RemoteSails.cpp:SendWithRetry:185] Successfully wrote 1052 bytes
[m[0;32;32m1970-01-01 07:04:38.953|I|132501644|lpUCM [RemoteSails.cpp:HandleResponse:149] HandleResponse started, buffer size: 1048
[m[0;32;32m1970-01-01 07:04:38.953|I|132501644|lpUCM [RemoteSails.cpp:HandleResponse:158] Successfully deserialized response, status: 0, result code: 0
[m[0;32;31m1970-01-01 07:04:38.953|E|132501644|lpUCM [IpccProtoMessage.cpp:SerializeParams:112] m_offset, 470016
[m[1;33m1970-01-01 07:04:38.953|W|132501644|lpUCM [RemoteSails.cpp:SendWithRetry:185] Successfully wrote 1052 bytes
[m[0;32;32m1970-01-01 07:04:38.957|I|132501644|lpUCM [RemoteSails.cpp:HandleResponse:149] HandleResponse started, buffer size: 1048
[m[0;32;32m1970-01-01 07:04:38.957|I|132501644|lpUCM [RemoteSails.cpp:HandleResponse:158] Successfully deserialized response, status: 0, result code: 0
[m[0;32;31m1970-01-01 07:04:38.957|E|132501644|lpUCM [IpccProtoMessage.cpp:SerializeParams:112] m_offset, 471040
[m[1;33m1970-01-01 07:04:38.957|W|132501644|lpUCM [RemoteSails.cpp:SendWithRetry:185] Successfully wrote 1052 bytes
[m[0;32;32m1970-01-01 07:04:38.986|I|132501644|lpUCM [RemoteSails.cpp:HandleResponse:149] HandleResponse started, buffer size: 1048
[m[0;32;32m1970-01-01 07:04:38.986|I|132501644|lpUCM [RemoteSails.cpp:HandleResponse:158] Successfully deserialized response, status: 0, result code: 0
[m[0;32;31m1970-01-01 07:04:38.986|E|132501644|lpUCM [IpccProtoMessage.cpp:SerializeParams:112] m_offset, 472064
[m[1;33m1970-01-01 07:04:38.986|W|132501644|lpUCM [RemoteSails.cpp:SendWithRetry:185] Successfully wrote 1052 bytes
[m[0;32;32m1970-01-01 07:04:38.989|I|132501644|lpUCM [RemoteSails.cpp:HandleResponse:149] HandleResponse started, buffer size: 1048
[m[0;32;32m1970-01-01 07:04:38.989|I|132501644|lpUCM [RemoteSails.cpp:HandleResponse:158] Successfully deserialized response, status: 0, result code: 0
[m[0;32;31m1970-01-01 07:04:38.989|E|132501644|lpUCM [IpccProtoMessage.cpp:SerializeParams:112] m_offset, 473088
[m[1;33m1970-01-01 07:04:38.989|W|132501644|lpUCM [RemoteSails.cpp:SendWithRetry:185] Successfully wrote 1052 bytes
[m[0;32;32m1970-01-01 07:04:38.992|I|132501644|lpUCM [RemoteSails.cpp:HandleResponse:149] HandleResponse started, buffer size: 1048
[m[0;32;32m1970-01-01 07:04:38.992|I|132501644|lpUCM [RemoteSails.cpp:HandleResponse:158] Successfully deserialized response, status: 0, result code: 0
[m[0;32;31m1970-01-01 07:04:38.992|E|132501644|lpUCM [IpccProtoMessage.cpp:SerializeParams:112] m_offset, 474112
[m[1;33m1970-01-01 07:04:38.992|W|132501644|lpUCM [RemoteSails.cpp:SendWithRetry:185] Successfully wrote 1052 bytes
[m[0;32;32m1970-01-01 07:04:38.995|I|132501644|lpUCM [RemoteSails.cpp:HandleResponse:149] HandleResponse started, buffer size: 1048
[m[0;32;32m1970-01-01 07:04:38.995|I|132501644|lpUCM [RemoteSails.cpp:HandleResponse:158] Successfully deserialized response, status: 0, result code: 0
[m[0;32;32m1970-01-01 07:04:38.995|I|132501644|lpUCM [RemoteSails.cpp:SailWriteData:272] All data already trans size 16384
[m[0;32;32m1970-01-01 07:04:38.995|I|132501644|lpUCM [fds.cpp:FDS_OnLocalUpgProgress:248] total: 23, curr:23, percent:43, rop:97%
[m[0;32;32m1970-01-01 07:04:38.995|I|132501644|lpUCM [RemoteSails.cpp:SailWriteData:254] total data is 16384
[m[0;32;31m1970-01-01 07:04:38.995|E|132501644|lpUCM [IpccProtoMessage.cpp:SerializeParams:112] m_offset, 475136
[m[1;33m1970-01-01 07:04:38.995|W|132501644|lpUCM [RemoteSails.cpp:SendWithRetry:185] Successfully wrote 1052 bytes
[m[0;32;32m1970-01-01 07:04:39.25|I|132501644|lpUCM [RemoteSails.cpp:HandleResponse:149] HandleResponse started, buffer size: 1048
[m[0;32;32m1970-01-01 07:04:39.25|I|132501644|lpUCM [RemoteSails.cpp:HandleResponse:158] Successfully deserialized response, status: 0, result code: 0
[m[0;32;31m1970-01-01 07:04:39.25|E|132501644|lpUCM [IpccProtoMessage.cpp:SerializeParams:112] m_offset, 476160
[m[1;33m1970-01-01 07:04:39.25|W|132501644|lpUCM [RemoteSails.cpp:SendWithRetry:185] Successfully wrote 1052 bytes
[m[0;32;32m1970-01-01 07:04:39.28|I|132501644|lpUCM [RemoteSails.cpp:HandleResponse:149] HandleResponse started, buffer size: 1048
[m[0;32;32m1970-01-01 07:04:39.28|I|132501644|lpUCM [RemoteSails.cpp:HandleResponse:158] Successfully deserialized response, status: 0, result code: 0
[m[0;32;31m1970-01-01 07:04:39.28|E|132501644|lpUCM [IpccProtoMessage.cpp:SerializeParams:112] m_offset, 477184
[m[1;33m1970-01-01 07:04:39.28|W|132501644|lpUCM [RemoteSails.cpp:SendWithRetry:185] Successfully wrote 1052 bytes
[m[0;32;32m1970-01-01 07:04:39.34|I|132501644|lpUCM [RemoteSails.cpp:HandleResponse:149] HandleResponse started, buffer size: 1048
[m[0;32;32m1970-01-01 07:04:39.34|I|132501644|lpUCM [RemoteSails.cpp:HandleResponse:158] Successfully deserialized response, status: 0, result code: 0
[m[0;32;31m1970-01-01 07:04:39.34|E|132501644|lpUCM [IpccProtoMessage.cpp:SerializeParams:112] m_offset, 478208
[m[1;33m1970-01-01 07:04:39.34|W|132501644|lpUCM [RemoteSails.cpp:SendWithRetry:185] Successfully wrote 1052 bytes
[m[0;32;32m1970-01-01 07:04:39.37|I|132501644|lpUCM [RemoteSails.cpp:HandleResponse:149] HandleResponse started, buffer size: 1048
[m[0;32;32m1970-01-01 07:04:39.37|I|132501644|lpUCM [RemoteSails.cpp:HandleResponse:158] Successfully deserialized response, status: 0, result code: 0
[m[0;32;31m1970-01-01 07:04:39.37|E|132501644|lpUCM [IpccProtoMessage.cpp:SerializeParams:112] m_offset, 479232
[m[1;33m1970-01-01 07:04:39.37|W|132501644|lpUCM [RemoteSails.cpp:SendWithRetry:185] Successfully wrote 1052 bytes
[m[0;32;32m1970-01-01 07:04:39.67|I|132501644|lpUCM [RemoteSails.cpp:HandleResponse:149] HandleResponse started, buffer size: 1048
[m[0;32;32m1970-01-01 07:04:39.67|I|132501644|lpUCM [RemoteSails.cpp:HandleResponse:158] Successfully deserialized response, status: 0, result code: 0
[m[0;32;31m1970-01-01 07:04:39.67|E|132501644|lpUCM [IpccProtoMessage.cpp:SerializeParams:112] m_offset, 480256
[m[1;33m1970-01-01 07:04:39.67|W|132501644|lpUCM [RemoteSails.cpp:SendWithRetry:185] Successfully wrote 1052 bytes
[m[0;32;32m1970-01-01 07:04:39.73|I|132501644|lpUCM [RemoteSails.cpp:HandleResponse:149] HandleResponse started, buffer size: 1048
[m[0;32;32m1970-01-01 07:04:39.73|I|132501644|lpUCM [RemoteSails.cpp:HandleResponse:158] Successfully deserialized response, status: 0, result code: 0
[m[0;32;31m1970-01-01 07:04:39.73|E|132501644|lpUCM [IpccProtoMessage.cpp:SerializeParams:112] m_offset, 481280
[m[1;33m1970-01-01 07:04:39.73|W|132501644|lpUCM [RemoteSails.cpp:SendWithRetry:185] Successfully wrote 1052 bytes
[m[0;32;32m1970-01-01 07:04:39.76|I|132501644|lpUCM [RemoteSails.cpp:HandleResponse:149] HandleResponse started, buffer size: 1048
[m[0;32;32m1970-01-01 07:04:39.76|I|132501644|lpUCM [RemoteSails.cpp:HandleResponse:158] Successfully deserialized response, status: 0, result code: 0
[m[0;32;31m1970-01-01 07:04:39.76|E|132501644|lpUCM [IpccProtoMessage.cpp:SerializeParams:112] m_offset, 482304
[m[1;33m1970-01-01 07:04:39.76|W|132501644|lpUCM [RemoteSails.cpp:SendWithRetry:185] Successfully wrote 1052 bytes
[m[0;32;32m1970-01-01 07:04:39.79|I|132501644|lpUCM [RemoteSails.cpp:HandleResponse:149] HandleResponse started, buffer size: 1048
[m[0;32;32m1970-01-01 07:04:39.79|I|132501644|lpUCM [RemoteSails.cpp:HandleResponse:158] Successfully deserialized response, status: 0, result code: 0
[m[0;32;31m1970-01-01 07:04:39.79|E|132501644|lpUCM [IpccProtoMessage.cpp:SerializeParams:112] m_offset, 483328
[m[1;33m1970-01-01 07:04:39.79|W|132501644|lpUCM [RemoteSails.cpp:SendWithRetry:185] Successfully wrote 1052 bytes
[m[0;32;32m1970-01-01 07:04:39.110|I|132501644|lpUCM [RemoteSails.cpp:HandleResponse:149] HandleResponse started, buffer size: 1048
[m[0;32;32m1970-01-01 07:04:39.110|I|132501644|lpUCM [RemoteSails.cpp:HandleResponse:158] Successfully deserialized response, status: 0, result code: 0
[m[0;32;31m1970-01-01 07:04:39.110|E|132501644|lpUCM [IpccProtoMessage.cpp:SerializeParams:112] m_offset, 484352
[m[1;33m1970-01-01 07:04:39.110|W|132501644|lpUCM [RemoteSails.cpp:SendWithRetry:185] Successfully wrote 1052 bytes
[m[0;32;32m1970-01-01 07:04:39.114|I|132501644|lpUCM [RemoteSails.cpp:HandleResponse:149] HandleResponse started, buffer size: 1048
[m[0;32;32m1970-01-01 07:04:39.114|I|132501644|lpUCM [RemoteSails.cpp:HandleResponse:158] Successfully deserialized response, status: 0, result code: 0
[m[0;32;31m1970-01-01 07:04:39.114|E|132501644|lpUCM [IpccProtoMessage.cpp:SerializeParams:112] m_offset, 485376
[m[1;33m1970-01-01 07:04:39.114|W|132501644|lpUCM [RemoteSails.cpp:SendWithRetry:185] Successfully wrote 1052 bytes
[m[0;32;32m1970-01-01 07:04:39.118|I|132501644|lpUCM [RemoteSails.cpp:HandleResponse:149] HandleResponse started, buffer size: 1048
[m[0;32;32m1970-01-01 07:04:39.118|I|132501644|lpUCM [RemoteSails.cpp:HandleResponse:158] Successfully deserialized response, status: 0, result code: 0
[m[0;32;31m1970-01-01 07:04:39.118|E|132501644|lpUCM [IpccProtoMessage.cpp:SerializeParams:112] m_offset, 486400
[m[1;33m1970-01-01 07:04:39.118|W|132501644|lpUCM [RemoteSails.cpp:SendWithRetry:185] Successfully wrote 1052 bytes
[m[0;32;32m1970-01-01 07:04:39.125|I|132501644|lpUCM [RemoteSails.cpp:HandleResponse:149] HandleResponse started, buffer size: 1048
[m[0;32;32m1970-01-01 07:04:39.125|I|132501644|lpUCM [RemoteSails.cpp:HandleResponse:158] Successfully deserialized response, status: 0, result code: 0
[m[0;32;31m1970-01-01 07:04:39.125|E|132501644|lpUCM [IpccProtoMessage.cpp:SerializeParams:112] m_offset, 487424
[m[1;33m1970-01-01 07:04:39.125|W|132501644|lpUCM [RemoteSails.cpp:SendWithRetry:185] Successfully wrote 1052 bytes
[m[0;32;32m1970-01-01 07:04:39.155|I|132501644|lpUCM [RemoteSails.cpp:HandleResponse:149] HandleResponse started, buffer size: 1048
[m[0;32;32m1970-01-01 07:04:39.155|I|132501644|lpUCM [RemoteSails.cpp:HandleResponse:158] Successfully deserialized response, status: 0, result code: 0
[m[0;32;31m1970-01-01 07:04:39.155|E|132501644|lpUCM [IpccProtoMessage.cpp:SerializeParams:112] m_offset, 488448
[m[1;33m1970-01-01 07:04:39.155|W|132501644|lpUCM [RemoteSails.cpp:SendWithRetry:185] Successfully wrote 1052 bytes
[m[0;32;32m1970-01-01 07:04:39.159|I|132501644|lpUCM [RemoteSails.cpp:HandleResponse:149] HandleResponse started, buffer size: 1048
[m[0;32;32m1970-01-01 07:04:39.159|I|132501644|lpUCM [RemoteSails.cpp:HandleResponse:158] Successfully deserialized response, status: 0, result code: 0
[m[0;32;31m1970-01-01 07:04:39.159|E|132501644|lpUCM [IpccProtoMessage.cpp:SerializeParams:112] m_offset, 489472
[m[1;33m1970-01-01 07:04:39.159|W|132501644|lpUCM [RemoteSails.cpp:SendWithRetry:185] Successfully wrote 1052 bytes
[m[0;32;32m1970-01-01 07:04:39.163|I|132501644|lpUCM [RemoteSails.cpp:HandleResponse:149] HandleResponse started, buffer size: 1048
[m[0;32;32m1970-01-01 07:04:39.163|I|132501644|lpUCM [RemoteSails.cpp:HandleResponse:158] Successfully deserialized response, status: 0, result code: 0
[m[0;32;31m1970-01-01 07:04:39.163|E|132501644|lpUCM [IpccProtoMessage.cpp:SerializeParams:112] m_offset, 490496
[m[1;33m1970-01-01 07:04:39.163|W|132501644|lpUCM [RemoteSails.cpp:SendWithRetry:185] Successfully wrote 1052 bytes
[m[0;32;32m1970-01-01 07:04:39.167|I|132501644|lpUCM [RemoteSails.cpp:HandleResponse:149] HandleResponse started, buffer size: 1048
[m[0;32;32m1970-01-01 07:04:39.167|I|132501644|lpUCM [RemoteSails.cpp:HandleResponse:158] Successfully deserialized response, status: 0, result code: 0
[m[0;32;32m1970-01-01 07:04:39.167|I|132501644|lpUCM [RemoteSails.cpp:SailWriteData:272] All data already trans size 16384
[m[0;32;32m1970-01-01 07:04:39.167|I|132501644|lpUCM [fds.cpp:FDS_OnLocalUpgProgress:248] total: 23, curr:23, percent:44, rop:97%
[m[0;32;32m1970-01-01 07:04:39.167|I|132501644|lpUCM [RemoteSails.cpp:SailWriteData:254] total data is 16384
[m[0;32;31m1970-01-01 07:04:39.167|E|132501644|lpUCM [IpccProtoMessage.cpp:SerializeParams:112] m_offset, 491520
[m[1;33m1970-01-01 07:04:39.167|W|132501644|lpUCM [RemoteSails.cpp:SendWithRetry:185] Successfully wrote 1052 bytes
[m[0;32;32m1970-01-01 07:04:39.197|I|132501644|lpUCM [RemoteSails.cpp:HandleResponse:149] HandleResponse started, buffer size: 1048
[m[0;32;32m1970-01-01 07:04:39.197|I|132501644|lpUCM [RemoteSails.cpp:HandleResponse:158] Successfully deserialized response, status: 0, result code: 0
[m[0;32;31m1970-01-01 07:04:39.197|E|132501644|lpUCM [IpccProtoMessage.cpp:SerializeParams:112] m_offset, 492544
[m[1;33m1970-01-01 07:04:39.197|W|132501644|lpUCM [RemoteSails.cpp:SendWithRetry:185] Successfully wrote 1052 bytes
[m[0;32;32m1970-01-01 07:04:39.203|I|132501644|lpUCM [RemoteSails.cpp:HandleResponse:149] HandleResponse started, buffer size: 1048
[m[0;32;32m1970-01-01 07:04:39.203|I|132501644|lpUCM [RemoteSails.cpp:HandleResponse:158] Successfully deserialized response, status: 0, result code: 0
[m[0;32;31m1970-01-01 07:04:39.203|E|132501644|lpUCM [IpccProtoMessage.cpp:SerializeParams:112] m_offset, 493568
[m[1;33m1970-01-01 07:04:39.203|W|132501644|lpUCM [RemoteSails.cpp:SendWithRetry:185] Successfully wrote 1052 bytes
[m[0;32;32m1970-01-01 07:04:39.206|I|132501644|lpUCM [RemoteSails.cpp:HandleResponse:149] HandleResponse started, buffer size: 1048
[m[0;32;32m1970-01-01 07:04:39.206|I|132501644|lpUCM [RemoteSails.cpp:HandleResponse:158] Successfully deserialized response, status: 0, result code: 0
[m[0;32;31m1970-01-01 07:04:39.206|E|132501644|lpUCM [IpccProtoMessage.cpp:SerializeParams:112] m_offset, 494592
[m[1;33m1970-01-01 07:04:39.206|W|132501644|lpUCM [RemoteSails.cpp:SendWithRetry:185] Successfully wrote 1052 bytes
[m[0;32;32m1970-01-01 07:04:39.209|I|132501644|lpUCM [RemoteSails.cpp:HandleResponse:149] HandleResponse started, buffer size: 1048
[m[0;32;32m1970-01-01 07:04:39.209|I|132501644|lpUCM [RemoteSails.cpp:HandleResponse:158] Successfully deserialized response, status: 0, result code: 0
[m[0;32;31m1970-01-01 07:04:39.209|E|132501644|lpUCM [IpccProtoMessage.cpp:SerializeParams:112] m_offset, 495616
[m[1;33m1970-01-01 07:04:39.209|W|132501644|lpUCM [RemoteSails.cpp:SendWithRetry:185] Successfully wrote 1052 bytes
[m[0;32;32m1970-01-01 07:04:39.240|I|132501644|lpUCM [RemoteSails.cpp:HandleResponse:149] HandleResponse started, buffer size: 1048
[m[0;32;32m1970-01-01 07:04:39.240|I|132501644|lpUCM [RemoteSails.cpp:HandleResponse:158] Successfully deserialized response, status: 0, result code: 0
[m[0;32;31m1970-01-01 07:04:39.240|E|132501644|lpUCM [IpccProtoMessage.cpp:SerializeParams:112] m_offset, 496640
[m[1;33m1970-01-01 07:04:39.240|W|132501644|lpUCM [RemoteSails.cpp:SendWithRetry:185] Successfully wrote 1052 bytes
[m[0;32;32m1970-01-01 07:04:39.243|I|132501644|lpUCM [RemoteSails.cpp:HandleResponse:149] HandleResponse started, buffer size: 1048
[m[0;32;32m1970-01-01 07:04:39.243|I|132501644|lpUCM [RemoteSails.cpp:HandleResponse:158] Successfully deserialized response, status: 0, result code: 0
[m[0;32;31m1970-01-01 07:04:39.243|E|132501644|lpUCM [IpccProtoMessage.cpp:SerializeParams:112] m_offset, 497664
[m[1;33m1970-01-01 07:04:39.243|W|132501644|lpUCM [RemoteSails.cpp:SendWithRetry:185] Successfully wrote 1052 bytes
[m[0;32;32m1970-01-01 07:04:39.247|I|132501644|lpUCM [RemoteSails.cpp:HandleResponse:149] HandleResponse started, buffer size: 1048
[m[0;32;32m1970-01-01 07:04:39.247|I|132501644|lpUCM [RemoteSails.cpp:HandleResponse:158] Successfully deserialized response, status: 0, result code: 0
[m[0;32;31m1970-01-01 07:04:39.247|E|132501644|lpUCM [IpccProtoMessage.cpp:SerializeParams:112] m_offset, 498688
[m[1;33m1970-01-01 07:04:39.247|W|132501644|lpUCM [RemoteSails.cpp:SendWithRetry:185] Successfully wrote 1052 bytes
[m[0;32;32m1970-01-01 07:04:39.251|I|132501644|lpUCM [RemoteSails.cpp:HandleResponse:149] HandleResponse started, buffer size: 1048
[m[0;32;32m1970-01-01 07:04:39.251|I|132501644|lpUCM [RemoteSails.cpp:HandleResponse:158] Successfully deserialized response, status: 0, result code: 0
[m[0;32;31m1970-01-01 07:04:39.251|E|132501644|lpUCM [IpccProtoMessage.cpp:SerializeParams:112] m_offset, 499712
[m[1;33m1970-01-01 07:04:39.251|W|132501644|lpUCM [RemoteSails.cpp:SendWithRetry:185] Successfully wrote 1052 bytes
[m[0;32;32m1970-01-01 07:04:39.280|I|132501644|lpUCM [RemoteSails.cpp:HandleResponse:149] HandleResponse started, buffer size: 1048
[m[0;32;32m1970-01-01 07:04:39.280|I|132501644|lpUCM [RemoteSails.cpp:HandleResponse:158] Successfully deserialized response, status: 0, result code: 0
[m[0;32;31m1970-01-01 07:04:39.280|E|132501644|lpUCM [IpccProtoMessage.cpp:SerializeParams:112] m_offset, 500736
[m[1;33m1970-01-01 07:04:39.280|W|132501644|lpUCM [RemoteSails.cpp:SendWithRetry:185] Successfully wrote 1052 bytes
[m[0;32;32m1970-01-01 07:04:39.284|I|132501644|lpUCM [RemoteSails.cpp:HandleResponse:149] HandleResponse started, buffer size: 1048
[m[0;32;32m1970-01-01 07:04:39.284|I|132501644|lpUCM [RemoteSails.cpp:HandleResponse:158] Successfully deserialized response, status: 0, result code: 0
[m[0;32;31m1970-01-01 07:04:39.284|E|132501644|lpUCM [IpccProtoMessage.cpp:SerializeParams:112] m_offset, 501760
[m[1;33m1970-01-01 07:04:39.284|W|132501644|lpUCM [RemoteSails.cpp:SendWithRetry:185] Successfully wrote 1052 bytes
[m[0;32;32m1970-01-01 07:04:39.287|I|132501644|lpUCM [RemoteSails.cpp:HandleResponse:149] HandleResponse started, buffer size: 1048
[m[0;32;32m1970-01-01 07:04:39.287|I|132501644|lpUCM [RemoteSails.cpp:HandleResponse:158] Successfully deserialized response, status: 0, result code: 0
[m[0;32;31m1970-01-01 07:04:39.287|E|132501644|lpUCM [IpccProtoMessage.cpp:SerializeParams:112] m_offset, 502784
[m[1;33m1970-01-01 07:04:39.287|W|132501644|lpUCM [RemoteSails.cpp:SendWithRetry:185] Successfully wrote 1052 bytes
[m[0;32;32m1970-01-01 07:04:39.294|I|132501644|lpUCM [RemoteSails.cpp:HandleResponse:149] HandleResponse started, buffer size: 1048
[m[0;32;32m1970-01-01 07:04:39.294|I|132501644|lpUCM [RemoteSails.cpp:HandleResponse:158] Successfully deserialized response, status: 0, result code: 0
[m[0;32;31m1970-01-01 07:04:39.294|E|132501644|lpUCM [IpccProtoMessage.cpp:SerializeParams:112] m_offset, 503808
[m[1;33m1970-01-01 07:04:39.294|W|132501644|lpUCM [RemoteSails.cpp:SendWithRetry:185] Successfully wrote 1052 bytes
[m[0;32;32m1970-01-01 07:04:39.324|I|132501644|lpUCM [RemoteSails.cpp:HandleResponse:149] HandleResponse started, buffer size: 1048
[m[0;32;32m1970-01-01 07:04:39.324|I|132501644|lpUCM [RemoteSails.cpp:HandleResponse:158] Successfully deserialized response, status: 0, result code: 0
[m[0;32;31m1970-01-01 07:04:39.324|E|132501644|lpUCM [IpccProtoMessage.cpp:SerializeParams:112] m_offset, 504832
[m[1;33m1970-01-01 07:04:39.324|W|132501644|lpUCM [RemoteSails.cpp:SendWithRetry:185] Successfully wrote 1052 bytes
[m[0;32;32m1970-01-01 07:04:39.327|I|132501644|lpUCM [RemoteSails.cpp:HandleResponse:149] HandleResponse started, buffer size: 1048
[m[0;32;32m1970-01-01 07:04:39.327|I|132501644|lpUCM [RemoteSails.cpp:HandleResponse:158] Successfully deserialized response, status: 0, result code: 0
[m[0;32;31m1970-01-01 07:04:39.327|E|132501644|lpUCM [IpccProtoMessage.cpp:SerializeParams:112] m_offset, 505856
[m[1;33m1970-01-01 07:04:39.327|W|132501644|lpUCM [RemoteSails.cpp:SendWithRetry:185] Successfully wrote 1052 bytes
[m[0;32;32m1970-01-01 07:04:39.331|I|132501644|lpUCM [RemoteSails.cpp:HandleResponse:149] HandleResponse started, buffer size: 1048
[m[0;32;32m1970-01-01 07:04:39.331|I|132501644|lpUCM [RemoteSails.cpp:HandleResponse:158] Successfully deserialized response, status: 0, result code: 0
[m[0;32;31m1970-01-01 07:04:39.331|E|132501644|lpUCM [IpccProtoMessage.cpp:SerializeParams:112] m_offset, 506880
[m[1;33m1970-01-01 07:04:39.331|W|132501644|lpUCM [RemoteSails.cpp:SendWithRetry:185] Successfully wrote 1052 bytes
[m[0;32;32m1970-01-01 07:04:39.334|I|132501644|lpUCM [RemoteSails.cpp:HandleResponse:149] HandleResponse started, buffer size: 1048
[m[0;32;32m1970-01-01 07:04:39.334|I|132501644|lpUCM [RemoteSails.cpp:HandleResponse:158] Successfully deserialized response, status: 0, result code: 0
[m[0;32;32m1970-01-01 07:04:39.334|I|132501644|lpUCM [RemoteSails.cpp:SailWriteData:272] All data already trans size 16384
[m[0;32;32m1970-01-01 07:04:39.334|I|132501644|lpUCM [fds.cpp:FDS_OnLocalUpgProgress:248] total: 23, curr:23, percent:45, rop:97%
[m[0;32;32m1970-01-01 07:04:39.334|I|132501644|lpUCM [RemoteSails.cpp:SailWriteData:254] total data is 16384
[m[0;32;31m1970-01-01 07:04:39.334|E|132501644|lpUCM [IpccProtoMessage.cpp:SerializeParams:112] m_offset, 507904
[m[1;33m1970-01-01 07:04:39.334|W|132501644|lpUCM [RemoteSails.cpp:SendWithRetry:185] Successfully wrote 1052 bytes
[m[0;32;32m1970-01-01 07:04:39.364|I|132501644|lpUCM [RemoteSails.cpp:HandleResponse:149] HandleResponse started, buffer size: 1048
[m[0;32;32m1970-01-01 07:04:39.364|I|132501644|lpUCM [RemoteSails.cpp:HandleResponse:158] Successfully deserialized response, status: 0, result code: 0
[m[0;32;31m1970-01-01 07:04:39.364|E|132501644|lpUCM [IpccProtoMessage.cpp:SerializeParams:112] m_offset, 508928
[m[1;33m1970-01-01 07:04:39.364|W|132501644|lpUCM [RemoteSails.cpp:SendWithRetry:185] Successfully wrote 1052 bytes
[m[0;32;32m1970-01-01 07:04:39.368|I|132501644|lpUCM [RemoteSails.cpp:HandleResponse:149] HandleResponse started, buffer size: 1048
[m[0;32;32m1970-01-01 07:04:39.368|I|132501644|lpUCM [RemoteSails.cpp:HandleResponse:158] Successfully deserialized response, status: 0, result code: 0
[m[0;32;31m1970-01-01 07:04:39.368|E|132501644|lpUCM [IpccProtoMessage.cpp:SerializeParams:112] m_offset, 509952
[m[1;33m1970-01-01 07:04:39.368|W|132501644|lpUCM [RemoteSails.cpp:SendWithRetry:185] Successfully wrote 1052 bytes
[m[0;32;32m1970-01-01 07:04:39.371|I|132501644|lpUCM [RemoteSails.cpp:HandleResponse:149] HandleResponse started, buffer size: 1048
[m[0;32;32m1970-01-01 07:04:39.371|I|132501644|lpUCM [RemoteSails.cpp:HandleResponse:158] Successfully deserialized response, status: 0, result code: 0
[m[0;32;31m1970-01-01 07:04:39.371|E|132501644|lpUCM [IpccProtoMessage.cpp:SerializeParams:112] m_offset, 510976
[m[1;33m1970-01-01 07:04:39.371|W|132501644|lpUCM [RemoteSails.cpp:SendWithRetry:185] Successfully wrote 1052 bytes
[m[0;32;32m1970-01-01 07:04:39.374|I|132501644|lpUCM [RemoteSails.cpp:HandleResponse:149] HandleResponse started, buffer size: 1048
[m[0;32;32m1970-01-01 07:04:39.374|I|132501644|lpUCM [RemoteSails.cpp:HandleResponse:158] Successfully deserialized response, status: 0, result code: 0
[m[0;32;31m1970-01-01 07:04:39.374|E|132501644|lpUCM [IpccProtoMessage.cpp:SerializeParams:112] m_offset, 512000
[m[1;33m1970-01-01 07:04:39.374|W|132501644|lpUCM [RemoteSails.cpp:SendWithRetry:185] Successfully wrote 1052 bytes
[m[0;32;32m1970-01-01 07:04:39.404|I|132501644|lpUCM [RemoteSails.cpp:HandleResponse:149] HandleResponse started, buffer size: 1048
[m[0;32;32m1970-01-01 07:04:39.404|I|132501644|lpUCM [RemoteSails.cpp:HandleResponse:158] Successfully deserialized response, status: 0, result code: 0
[m[0;32;31m1970-01-01 07:04:39.404|E|132501644|lpUCM [IpccProtoMessage.cpp:SerializeParams:112] m_offset, 513024
[m[1;33m1970-01-01 07:04:39.404|W|132501644|lpUCM [RemoteSails.cpp:SendWithRetry:185] Successfully wrote 1052 bytes
[m[0;32;32m1970-01-01 07:04:39.407|I|132501644|lpUCM [RemoteSails.cpp:HandleResponse:149] HandleResponse started, buffer size: 1048
[m[0;32;32m1970-01-01 07:04:39.407|I|132501644|lpUCM [RemoteSails.cpp:HandleResponse:158] Successfully deserialized response, status: 0, result code: 0
[m[0;32;31m1970-01-01 07:04:39.407|E|132501644|lpUCM [IpccProtoMessage.cpp:SerializeParams:112] m_offset, 514048
[m[1;33m1970-01-01 07:04:39.407|W|132501644|lpUCM [RemoteSails.cpp:SendWithRetry:185] Successfully wrote 1052 bytes
[m[0;32;32m1970-01-01 07:04:39.413|I|132501644|lpUCM [RemoteSails.cpp:HandleResponse:149] HandleResponse started, buffer size: 1048
[m[0;32;32m1970-01-01 07:04:39.413|I|132501644|lpUCM [RemoteSails.cpp:HandleResponse:158] Successfully deserialized response, status: 0, result code: 0
[m[0;32;31m1970-01-01 07:04:39.413|E|132501644|lpUCM [IpccProtoMessage.cpp:SerializeParams:112] m_offset, 515072
[m[1;33m1970-01-01 07:04:39.413|W|132501644|lpUCM [RemoteSails.cpp:SendWithRetry:185] Successfully wrote 1052 bytes
[m[0;32;32m1970-01-01 07:04:39.416|I|132501644|lpUCM [RemoteSails.cpp:HandleResponse:149] HandleResponse started, buffer size: 1048
[m[0;32;32m1970-01-01 07:04:39.416|I|132501644|lpUCM [RemoteSails.cpp:HandleResponse:158] Successfully deserialized response, status: 0, result code: 0
[m[0;32;31m1970-01-01 07:04:39.416|E|132501644|lpUCM [IpccProtoMessage.cpp:SerializeParams:112] m_offset, 516096
[m[1;33m1970-01-01 07:04:39.416|W|132501644|lpUCM [RemoteSails.cpp:SendWithRetry:185] Successfully wrote 1052 bytes
[m[0;32;32m1970-01-01 07:04:39.446|I|132501644|lpUCM [RemoteSails.cpp:HandleResponse:149] HandleResponse started, buffer size: 1048
[m[0;32;32m1970-01-01 07:04:39.446|I|132501644|lpUCM [RemoteSails.cpp:HandleResponse:158] Successfully deserialized response, status: 0, result code: 0
[m[0;32;31m1970-01-01 07:04:39.446|E|132501644|lpUCM [IpccProtoMessage.cpp:SerializeParams:112] m_offset, 517120
[m[1;33m1970-01-01 07:04:39.446|W|132501644|lpUCM [RemoteSails.cpp:SendWithRetry:185] Successfully wrote 1052 bytes
[m[0;32;32m1970-01-01 07:04:39.449|I|132501644|lpUCM [RemoteSails.cpp:HandleResponse:149] HandleResponse started, buffer size: 1048
[m[0;32;32m1970-01-01 07:04:39.449|I|132501644|lpUCM [RemoteSails.cpp:HandleResponse:158] Successfully deserialized response, status: 0, result code: 0
[m[0;32;31m1970-01-01 07:04:39.449|E|132501644|lpUCM [IpccProtoMessage.cpp:SerializeParams:112] m_offset, 518144
[m[1;33m1970-01-01 07:04:39.449|W|132501644|lpUCM [RemoteSails.cpp:SendWithRetry:185] Successfully wrote 1052 bytes
[m[0;32;32m1970-01-01 07:04:39.452|I|132501644|lpUCM [RemoteSails.cpp:HandleResponse:149] HandleResponse started, buffer size: 1048
[m[0;32;32m1970-01-01 07:04:39.452|I|132501644|lpUCM [RemoteSails.cpp:HandleResponse:158] Successfully deserialized response, status: 0, result code: 0
[m[0;32;31m1970-01-01 07:04:39.452|E|132501644|lpUCM [IpccProtoMessage.cpp:SerializeParams:112] m_offset, 519168
[m[1;33m1970-01-01 07:04:39.452|W|132501644|lpUCM [RemoteSails.cpp:SendWithRetry:185] Successfully wrote 1052 bytes
[m[0;32;32m1970-01-01 07:04:39.455|I|132501644|lpUCM [RemoteSails.cpp:HandleResponse:149] HandleResponse started, buffer size: 1048
[m[0;32;32m1970-01-01 07:04:39.455|I|132501644|lpUCM [RemoteSails.cpp:HandleResponse:158] Successfully deserialized response, status: 0, result code: 0
[m[0;32;31m1970-01-01 07:04:39.455|E|132501644|lpUCM [IpccProtoMessage.cpp:SerializeParams:112] m_offset, 520192
[m[1;33m1970-01-01 07:04:39.455|W|132501644|lpUCM [RemoteSails.cpp:SendWithRetry:185] Successfully wrote 1052 bytes
[m[0;32;32m1970-01-01 07:04:39.485|I|132501644|lpUCM [RemoteSails.cpp:HandleResponse:149] HandleResponse started, buffer size: 1048
[m[0;32;32m1970-01-01 07:04:39.485|I|132501644|lpUCM [RemoteSails.cpp:HandleResponse:158] Successfully deserialized response, status: 0, result code: 0
[m[0;32;31m1970-01-01 07:04:39.485|E|132501644|lpUCM [IpccProtoMessage.cpp:SerializeParams:112] m_offset, 521216
[m[1;33m1970-01-01 07:04:39.485|W|132501644|lpUCM [RemoteSails.cpp:SendWithRetry:185] Successfully wrote 1052 bytes
[m[0;32;32m1970-01-01 07:04:39.488|I|132501644|lpUCM [RemoteSails.cpp:HandleResponse:149] HandleResponse started, buffer size: 1048
[m[0;32;32m1970-01-01 07:04:39.488|I|132501644|lpUCM [RemoteSails.cpp:HandleResponse:158] Successfully deserialized response, status: 0, result code: 0
[m[0;32;31m1970-01-01 07:04:39.488|E|132501644|lpUCM [IpccProtoMessage.cpp:SerializeParams:112] m_offset, 522240
[m[1;33m1970-01-01 07:04:39.488|W|132501644|lpUCM [RemoteSails.cpp:SendWithRetry:185] Successfully wrote 1052 bytes
[m[0;32;32m1970-01-01 07:04:39.494|I|132501644|lpUCM [RemoteSails.cpp:HandleResponse:149] HandleResponse started, buffer size: 1048
[m[0;32;32m1970-01-01 07:04:39.494|I|132501644|lpUCM [RemoteSails.cpp:HandleResponse:158] Successfully deserialized response, status: 0, result code: 0
[m[0;32;31m1970-01-01 07:04:39.494|E|132501644|lpUCM [IpccProtoMessage.cpp:SerializeParams:112] m_offset, 523264
[m[1;33m1970-01-01 07:04:39.494|W|132501644|lpUCM [RemoteSails.cpp:SendWithRetry:185] Successfully wrote 1052 bytes
[m[0;32;32m1970-01-01 07:04:39.497|I|132501644|lpUCM [RemoteSails.cpp:HandleResponse:149] HandleResponse started, buffer size: 1048
[m[0;32;32m1970-01-01 07:04:39.497|I|132501644|lpUCM [RemoteSails.cpp:HandleResponse:158] Successfully deserialized response, status: 0, result code: 0
[m[0;32;32m1970-01-01 07:04:39.497|I|132501644|lpUCM [RemoteSails.cpp:SailWriteData:272] All data already trans size 16384
[m[0;32;32m1970-01-01 07:04:39.497|I|132501644|lpUCM [fds.cpp:FDS_OnLocalUpgProgress:248] total: 23, curr:23, percent:46, rop:97%
[m[0;32;32m1970-01-01 07:04:39.497|I|132501644|lpUCM [RemoteSails.cpp:SailWriteData:254] total data is 16384
[m[0;32;31m1970-01-01 07:04:39.497|E|132501644|lpUCM [IpccProtoMessage.cpp:SerializeParams:112] m_offset, 524288
[m[1;33m1970-01-01 07:04:39.497|W|132501644|lpUCM [RemoteSails.cpp:SendWithRetry:185] Successfully wrote 1052 bytes
[m[0;32;32m1970-01-01 07:04:39.527|I|132501644|lpUCM [RemoteSails.cpp:HandleResponse:149] HandleResponse started, buffer size: 1048
[m[0;32;32m1970-01-01 07:04:39.527|I|132501644|lpUCM [RemoteSails.cpp:HandleResponse:158] Successfully deserialized response, status: 0, result code: 0
[m[0;32;31m1970-01-01 07:04:39.527|E|132501644|lpUCM [IpccProtoMessage.cpp:SerializeParams:112] m_offset, 525312
[m[1;33m1970-01-01 07:04:39.527|W|132501644|lpUCM [RemoteSails.cpp:SendWithRetry:185] Successfully wrote 1052 bytes
[m[0;32;32m1970-01-01 07:04:39.533|I|132501644|lpUCM [RemoteSails.cpp:HandleResponse:149] HandleResponse started, buffer size: 1048
[m[0;32;32m1970-01-01 07:04:39.533|I|132501644|lpUCM [RemoteSails.cpp:HandleResponse:158] Successfully deserialized response, status: 0, result code: 0
[m[0;32;31m1970-01-01 07:04:39.533|E|132501644|lpUCM [IpccProtoMessage.cpp:SerializeParams:112] m_offset, 526336
[m[1;33m1970-01-01 07:04:39.533|W|132501644|lpUCM [RemoteSails.cpp:SendWithRetry:185] Successfully wrote 1052 bytes
[m[0;32;32m1970-01-01 07:04:39.537|I|132501644|lpUCM [RemoteSails.cpp:HandleResponse:149] HandleResponse started, buffer size: 1048
[m[0;32;32m1970-01-01 07:04:39.537|I|132501644|lpUCM [RemoteSails.cpp:HandleResponse:158] Successfully deserialized response, status: 0, result code: 0
[m[0;32;31m1970-01-01 07:04:39.537|E|132501644|lpUCM [IpccProtoMessage.cpp:SerializeParams:112] m_offset, 527360
[m[1;33m1970-01-01 07:04:39.537|W|132501644|lpUCM [RemoteSails.cpp:SendWithRetry:185] Successfully wrote 1052 bytes
[m[0;32;32m1970-01-01 07:04:39.543|I|132501644|lpUCM [RemoteSails.cpp:HandleResponse:149] HandleResponse started, buffer size: 1048
[m[0;32;32m1970-01-01 07:04:39.543|I|132501644|lpUCM [RemoteSails.cpp:HandleResponse:158] Successfully deserialized response, status: 0, result code: 0
[m[0;32;31m1970-01-01 07:04:39.543|E|132501644|lpUCM [IpccProtoMessage.cpp:SerializeParams:112] m_offset, 528384
[m[1;33m1970-01-01 07:04:39.543|W|132501644|lpUCM [RemoteSails.cpp:SendWithRetry:185] Successfully wrote 1052 bytes
[m[0;32;32m1970-01-01 07:04:39.574|I|132501644|lpUCM [RemoteSails.cpp:HandleResponse:149] HandleResponse started, buffer size: 1048
[m[0;32;32m1970-01-01 07:04:39.574|I|132501644|lpUCM [RemoteSails.cpp:HandleResponse:158] Successfully deserialized response, status: 0, result code: 0
[m[0;32;31m1970-01-01 07:04:39.574|E|132501644|lpUCM [IpccProtoMessage.cpp:SerializeParams:112] m_offset, 529408
[m[1;33m1970-01-01 07:04:39.574|W|132501644|lpUCM [RemoteSails.cpp:SendWithRetry:185] Successfully wrote 1052 bytes
[m[0;32;32m1970-01-01 07:04:39.577|I|132501644|lpUCM [RemoteSails.cpp:HandleResponse:149] HandleResponse started, buffer size: 1048
[m[0;32;32m1970-01-01 07:04:39.577|I|132501644|lpUCM [RemoteSails.cpp:HandleResponse:158] Successfully deserialized response, status: 0, result code: 0
[m[0;32;31m1970-01-01 07:04:39.577|E|132501644|lpUCM [IpccProtoMessage.cpp:SerializeParams:112] m_offset, 530432
[m[1;33m1970-01-01 07:04:39.577|W|132501644|lpUCM [RemoteSails.cpp:SendWithRetry:185] Successfully wrote 1052 bytes
[m[0;32;32m1970-01-01 07:04:39.583|I|132501644|lpUCM [RemoteSails.cpp:HandleResponse:149] HandleResponse started, buffer size: 1048
[m[0;32;32m1970-01-01 07:04:39.583|I|132501644|lpUCM [RemoteSails.cpp:HandleResponse:158] Successfully deserialized response, status: 0, result code: 0
[m[0;32;31m1970-01-01 07:04:39.583|E|132501644|lpUCM [IpccProtoMessage.cpp:SerializeParams:112] m_offset, 531456
[m[1;33m1970-01-01 07:04:39.583|W|132501644|lpUCM [RemoteSails.cpp:SendWithRetry:185] Successfully wrote 1052 bytes
[m[0;32;32m1970-01-01 07:04:39.586|I|132501644|lpUCM [RemoteSails.cpp:HandleResponse:149] HandleResponse started, buffer size: 1048
[m[0;32;32m1970-01-01 07:04:39.586|I|132501644|lpUCM [RemoteSails.cpp:HandleResponse:158] Successfully deserialized response, status: 0, result code: 0
[m[0;32;31m1970-01-01 07:04:39.586|E|132501644|lpUCM [IpccProtoMessage.cpp:SerializeParams:112] m_offset, 532480
[m[1;33m1970-01-01 07:04:39.586|W|132501644|lpUCM [RemoteSails.cpp:SendWithRetry:185] Successfully wrote 1052 bytes
[m[0;32;32m1970-01-01 07:04:39.616|I|132501644|lpUCM [RemoteSails.cpp:HandleResponse:149] HandleResponse started, buffer size: 1048
[m[0;32;32m1970-01-01 07:04:39.616|I|132501644|lpUCM [RemoteSails.cpp:HandleResponse:158] Successfully deserialized response, status: 0, result code: 0
[m[0;32;31m1970-01-01 07:04:39.616|E|132501644|lpUCM [IpccProtoMessage.cpp:SerializeParams:112] m_offset, 533504
[m[1;33m1970-01-01 07:04:39.616|W|132501644|lpUCM [RemoteSails.cpp:SendWithRetry:185] Successfully wrote 1052 bytes
[m[0;32;32m1970-01-01 07:04:39.622|I|132501644|lpUCM [RemoteSails.cpp:HandleResponse:149] HandleResponse started, buffer size: 1048
[m[0;32;32m1970-01-01 07:04:39.622|I|132501644|lpUCM [RemoteSails.cpp:HandleResponse:158] Successfully deserialized response, status: 0, result code: 0
[m[0;32;31m1970-01-01 07:04:39.622|E|132501644|lpUCM [IpccProtoMessage.cpp:SerializeParams:112] m_offset, 534528
[m[1;33m1970-01-01 07:04:39.622|W|132501644|lpUCM [RemoteSails.cpp:SendWithRetry:185] Successfully wrote 1052 bytes
[m[0;32;32m1970-01-01 07:04:39.625|I|132501644|lpUCM [RemoteSails.cpp:HandleResponse:149] HandleResponse started, buffer size: 1048
[m[0;32;32m1970-01-01 07:04:39.625|I|132501644|lpUCM [RemoteSails.cpp:HandleResponse:158] Successfully deserialized response, status: 0, result code: 0
[m[0;32;31m1970-01-01 07:04:39.625|E|132501644|lpUCM [IpccProtoMessage.cpp:SerializeParams:112] m_offset, 535552
[m[1;33m1970-01-01 07:04:39.625|W|132501644|lpUCM [RemoteSails.cpp:SendWithRetry:185] Successfully wrote 1052 bytes
[m[0;32;32m1970-01-01 07:04:39.628|I|132501644|lpUCM [RemoteSails.cpp:HandleResponse:149] HandleResponse started, buffer size: 1048
[m[0;32;32m1970-01-01 07:04:39.628|I|132501644|lpUCM [RemoteSails.cpp:HandleResponse:158] Successfully deserialized response, status: 0, result code: 0
[m[0;32;31m1970-01-01 07:04:39.628|E|132501644|lpUCM [IpccProtoMessage.cpp:SerializeParams:112] m_offset, 536576
[m[1;33m1970-01-01 07:04:39.628|W|132501644|lpUCM [RemoteSails.cpp:SendWithRetry:185] Successfully wrote 1052 bytes
[m[0;32;32m1970-01-01 07:04:39.658|I|132501644|lpUCM [RemoteSails.cpp:HandleResponse:149] HandleResponse started, buffer size: 1048
[m[0;32;32m1970-01-01 07:04:39.658|I|132501644|lpUCM [RemoteSails.cpp:HandleResponse:158] Successfully deserialized response, status: 0, result code: 0
[m[0;32;31m1970-01-01 07:04:39.658|E|132501644|lpUCM [IpccProtoMessage.cpp:SerializeParams:112] m_offset, 537600
[m[1;33m1970-01-01 07:04:39.658|W|132501644|lpUCM [RemoteSails.cpp:SendWithRetry:185] Successfully wrote 1052 bytes
[m[0;32;32m1970-01-01 07:04:39.664|I|132501644|lpUCM [RemoteSails.cpp:HandleResponse:149] HandleResponse started, buffer size: 1048
[m[0;32;32m1970-01-01 07:04:39.664|I|132501644|lpUCM [RemoteSails.cpp:HandleResponse:158] Successfully deserialized response, status: 0, result code: 0
[m[0;32;31m1970-01-01 07:04:39.664|E|132501644|lpUCM [IpccProtoMessage.cpp:SerializeParams:112] m_offset, 538624
[m[1;33m1970-01-01 07:04:39.664|W|132501644|lpUCM [RemoteSails.cpp:SendWithRetry:185] Successfully wrote 1052 bytes
[m[0;32;32m1970-01-01 07:04:39.667|I|132501644|lpUCM [RemoteSails.cpp:HandleResponse:149] HandleResponse started, buffer size: 1048
[m[0;32;32m1970-01-01 07:04:39.667|I|132501644|lpUCM [RemoteSails.cpp:HandleResponse:158] Successfully deserialized response, status: 0, result code: 0
[m[0;32;31m1970-01-01 07:04:39.667|E|132501644|lpUCM [IpccProtoMessage.cpp:SerializeParams:112] m_offset, 539648
[m[1;33m1970-01-01 07:04:39.667|W|132501644|lpUCM [RemoteSails.cpp:SendWithRetry:185] Successfully wrote 1052 bytes
[m[0;32;32m1970-01-01 07:04:39.674|I|132501644|lpUCM [RemoteSails.cpp:HandleResponse:149] HandleResponse started, buffer size: 1048
[m[0;32;32m1970-01-01 07:04:39.674|I|132501644|lpUCM [RemoteSails.cpp:HandleResponse:158] Successfully deserialized response, status: 0, result code: 0
[m[0;32;32m1970-01-01 07:04:39.674|I|132501644|lpUCM [RemoteSails.cpp:SailWriteData:272] All data already trans size 16384
[m[0;32;32m1970-01-01 07:04:39.674|I|132501644|lpUCM [fds.cpp:FDS_OnLocalUpgProgress:248] total: 23, curr:23, percent:47, rop:97%
[m[0;32;32m1970-01-01 07:04:39.674|I|132501644|lpUCM [RemoteSails.cpp:SailWriteData:254] total data is 16384
[m[0;32;31m1970-01-01 07:04:39.674|E|132501644|lpUCM [IpccProtoMessage.cpp:SerializeParams:112] m_offset, 540672
[m[1;33m1970-01-01 07:04:39.674|W|132501644|lpUCM [RemoteSails.cpp:SendWithRetry:185] Successfully wrote 1052 bytes
[m[0;32;32m1970-01-01 07:04:39.705|I|132501644|lpUCM [RemoteSails.cpp:HandleResponse:149] HandleResponse started, buffer size: 1048
[m[0;32;32m1970-01-01 07:04:39.705|I|132501644|lpUCM [RemoteSails.cpp:HandleResponse:158] Successfully deserialized response, status: 0, result code: 0
[m[0;32;31m1970-01-01 07:04:39.705|E|132501644|lpUCM [IpccProtoMessage.cpp:SerializeParams:112] m_offset, 541696
[m[1;33m1970-01-01 07:04:39.705|W|132501644|lpUCM [RemoteSails.cpp:SendWithRetry:185] Successfully wrote 1052 bytes
[m[0;32;32m1970-01-01 07:04:39.709|I|132501644|lpUCM [RemoteSails.cpp:HandleResponse:149] HandleResponse started, buffer size: 1048
[m[0;32;32m1970-01-01 07:04:39.709|I|132501644|lpUCM [RemoteSails.cpp:HandleResponse:158] Successfully deserialized response, status: 0, result code: 0
[m[0;32;31m1970-01-01 07:04:39.709|E|132501644|lpUCM [IpccProtoMessage.cpp:SerializeParams:112] m_offset, 542720
[m[1;33m1970-01-01 07:04:39.709|W|132501644|lpUCM [RemoteSails.cpp:SendWithRetry:185] Successfully wrote 1052 bytes
[m[0;32;32m1970-01-01 07:04:39.712|I|132501644|lpUCM [RemoteSails.cpp:HandleResponse:149] HandleResponse started, buffer size: 1048
[m[0;32;32m1970-01-01 07:04:39.712|I|132501644|lpUCM [RemoteSails.cpp:HandleResponse:158] Successfully deserialized response, status: 0, result code: 0
[m[0;32;31m1970-01-01 07:04:39.712|E|132501644|lpUCM [IpccProtoMessage.cpp:SerializeParams:112] m_offset, 543744
[m[1;33m1970-01-01 07:04:39.712|W|132501644|lpUCM [RemoteSails.cpp:SendWithRetry:185] Successfully wrote 1052 bytes
[m[0;32;32m1970-01-01 07:04:39.715|I|132501644|lpUCM [RemoteSails.cpp:HandleResponse:149] HandleResponse started, buffer size: 1048
[m[0;32;32m1970-01-01 07:04:39.715|I|132501644|lpUCM [RemoteSails.cpp:HandleResponse:158] Successfully deserialized response, status: 0, result code: 0
[m[0;32;31m1970-01-01 07:04:39.715|E|132501644|lpUCM [IpccProtoMessage.cpp:SerializeParams:112] m_offset, 544768
[m[1;33m1970-01-01 07:04:39.715|W|132501644|lpUCM [RemoteSails.cpp:SendWithRetry:185] Successfully wrote 1052 bytes
[m[0;32;32m1970-01-01 07:04:39.746|I|132501644|lpUCM [RemoteSails.cpp:HandleResponse:149] HandleResponse started, buffer size: 1048
[m[0;32;32m1970-01-01 07:04:39.746|I|132501644|lpUCM [RemoteSails.cpp:HandleResponse:158] Successfully deserialized response, status: 0, result code: 0
[m[0;32;31m1970-01-01 07:04:39.746|E|132501644|lpUCM [IpccProtoMessage.cpp:SerializeParams:112] m_offset, 545792
[m[1;33m1970-01-01 07:04:39.746|W|132501644|lpUCM [RemoteSails.cpp:SendWithRetry:185] Successfully wrote 1052 bytes
[m[0;32;32m1970-01-01 07:04:39.752|I|132501644|lpUCM [RemoteSails.cpp:HandleResponse:149] HandleResponse started, buffer size: 1048
[m[0;32;32m1970-01-01 07:04:39.752|I|132501644|lpUCM [RemoteSails.cpp:HandleResponse:158] Successfully deserialized response, status: 0, result code: 0
[m[0;32;31m1970-01-01 07:04:39.752|E|132501644|lpUCM [IpccProtoMessage.cpp:SerializeParams:112] m_offset, 546816
[m[1;33m1970-01-01 07:04:39.752|W|132501644|lpUCM [RemoteSails.cpp:SendWithRetry:185] Successfully wrote 1052 bytes
[m[0;32;32m1970-01-01 07:04:39.756|I|132501644|lpUCM [RemoteSails.cpp:HandleResponse:149] HandleResponse started, buffer size: 1048
[m[0;32;32m1970-01-01 07:04:39.756|I|132501644|lpUCM [RemoteSails.cpp:HandleResponse:158] Successfully deserialized response, status: 0, result code: 0
[m[0;32;31m1970-01-01 07:04:39.756|E|132501644|lpUCM [IpccProtoMessage.cpp:SerializeParams:112] m_offset, 547840
[m[1;33m1970-01-01 07:04:39.756|W|132501644|lpUCM [RemoteSails.cpp:SendWithRetry:185] Successfully wrote 1052 bytes
[m[0;32;32m1970-01-01 07:04:39.762|I|132501644|lpUCM [RemoteSails.cpp:HandleResponse:149] HandleResponse started, buffer size: 1048
[m[0;32;32m1970-01-01 07:04:39.762|I|132501644|lpUCM [RemoteSails.cpp:HandleResponse:158] Successfully deserialized response, status: 0, result code: 0
[m[0;32;31m1970-01-01 07:04:39.762|E|132501644|lpUCM [IpccProtoMessage.cpp:SerializeParams:112] m_offset, 548864
[m[1;33m1970-01-01 07:04:39.762|W|132501644|lpUCM [RemoteSails.cpp:SendWithRetry:185] Successfully wrote 1052 bytes
[m[0;32;32m1970-01-01 07:04:39.793|I|132501644|lpUCM [RemoteSails.cpp:HandleResponse:149] HandleResponse started, buffer size: 1048
[m[0;32;32m1970-01-01 07:04:39.793|I|132501644|lpUCM [RemoteSails.cpp:HandleResponse:158] Successfully deserialized response, status: 0, result code: 0
[m[0;32;31m1970-01-01 07:04:39.793|E|132501644|lpUCM [IpccProtoMessage.cpp:SerializeParams:112] m_offset, 549888
[m[1;33m1970-01-01 07:04:39.793|W|132501644|lpUCM [RemoteSails.cpp:SendWithRetry:185] Successfully wrote 1052 bytes
[m[0;32;32m1970-01-01 07:04:39.796|I|132501644|lpUCM [RemoteSails.cpp:HandleResponse:149] HandleResponse started, buffer size: 1048
[m[0;32;32m1970-01-01 07:04:39.796|I|132501644|lpUCM [RemoteSails.cpp:HandleResponse:158] Successfully deserialized response, status: 0, result code: 0
[m[0;32;31m1970-01-01 07:04:39.796|E|132501644|lpUCM [IpccProtoMessage.cpp:SerializeParams:112] m_offset, 550912
[m[1;33m1970-01-01 07:04:39.796|W|132501644|lpUCM [RemoteSails.cpp:SendWithRetry:185] Successfully wrote 1052 bytes
[m[0;32;32m1970-01-01 07:04:39.802|I|132501644|lpUCM [RemoteSails.cpp:HandleResponse:149] HandleResponse started, buffer size: 1048
[m[0;32;32m1970-01-01 07:04:39.802|I|132501644|lpUCM [RemoteSails.cpp:HandleResponse:158] Successfully deserialized response, status: 0, result code: 0
[m[0;32;31m1970-01-01 07:04:39.802|E|132501644|lpUCM [IpccProtoMessage.cpp:SerializeParams:112] m_offset, 551936
[m[1;33m1970-01-01 07:04:39.802|W|132501644|lpUCM [RemoteSails.cpp:SendWithRetry:185] Successfully wrote 1052 bytes
[m[0;32;32m1970-01-01 07:04:39.805|I|132501644|lpUCM [RemoteSails.cpp:HandleResponse:149] HandleResponse started, buffer size: 1048
[m[0;32;32m1970-01-01 07:04:39.805|I|132501644|lpUCM [RemoteSails.cpp:HandleResponse:158] Successfully deserialized response, status: 0, result code: 0
[m[0;32;31m1970-01-01 07:04:39.805|E|132501644|lpUCM [IpccProtoMessage.cpp:SerializeParams:112] m_offset, 552960
[m[1;33m1970-01-01 07:04:39.805|W|132501644|lpUCM [RemoteSails.cpp:SendWithRetry:185] Successfully wrote 1052 bytes
[m[0;32;32m1970-01-01 07:04:39.835|I|132501644|lpUCM [RemoteSails.cpp:HandleResponse:149] HandleResponse started, buffer size: 1048
[m[0;32;32m1970-01-01 07:04:39.835|I|132501644|lpUCM [RemoteSails.cpp:HandleResponse:158] Successfully deserialized response, status: 0, result code: 0
[m[0;32;31m1970-01-01 07:04:39.835|E|132501644|lpUCM [IpccProtoMessage.cpp:SerializeParams:112] m_offset, 553984
[m[1;33m1970-01-01 07:04:39.835|W|132501644|lpUCM [RemoteSails.cpp:SendWithRetry:185] Successfully wrote 1052 bytes
[m[0;32;32m1970-01-01 07:04:39.838|I|132501644|lpUCM [RemoteSails.cpp:HandleResponse:149] HandleResponse started, buffer size: 1048
[m[0;32;32m1970-01-01 07:04:39.838|I|132501644|lpUCM [RemoteSails.cpp:HandleResponse:158] Successfully deserialized response, status: 0, result code: 0
[m[0;32;31m1970-01-01 07:04:39.838|E|132501644|lpUCM [IpccProtoMessage.cpp:SerializeParams:112] m_offset, 555008
[m[1;33m1970-01-01 07:04:39.838|W|132501644|lpUCM [RemoteSails.cpp:SendWithRetry:185] Successfully wrote 1052 bytes
[m[0;32;32m1970-01-01 07:04:39.841|I|132501644|lpUCM [RemoteSails.cpp:HandleResponse:149] HandleResponse started, buffer size: 1048
[m[0;32;32m1970-01-01 07:04:39.841|I|132501644|lpUCM [RemoteSails.cpp:HandleResponse:158] Successfully deserialized response, status: 0, result code: 0
[m[0;32;31m1970-01-01 07:04:39.841|E|132501644|lpUCM [IpccProtoMessage.cpp:SerializeParams:112] m_offset, 556032
[m[1;33m1970-01-01 07:04:39.841|W|132501644|lpUCM [RemoteSails.cpp:SendWithRetry:185] Successfully wrote 1052 bytes
[m[0;32;32m1970-01-01 07:04:39.844|I|132501644|lpUCM [RemoteSails.cpp:HandleResponse:149] HandleResponse started, buffer size: 1048
[m[0;32;32m1970-01-01 07:04:39.844|I|132501644|lpUCM [RemoteSails.cpp:HandleResponse:158] Successfully deserialized response, status: 0, result code: 0
[m[0;32;32m1970-01-01 07:04:39.844|I|132501644|lpUCM [RemoteSails.cpp:SailWriteData:272] All data already trans size 16384
[m[0;32;32m1970-01-01 07:04:39.844|I|132501644|lpUCM [fds.cpp:FDS_OnLocalUpgProgress:248] total: 23, curr:23, percent:48, rop:97%
[m[0;32;32m1970-01-01 07:04:39.844|I|132501644|lpUCM [RemoteSails.cpp:SailWriteData:254] total data is 16384
[m[0;32;31m1970-01-01 07:04:39.844|E|132501644|lpUCM [IpccProtoMessage.cpp:SerializeParams:112] m_offset, 557056
[m[1;33m1970-01-01 07:04:39.844|W|132501644|lpUCM [RemoteSails.cpp:SendWithRetry:185] Successfully wrote 1052 bytes
[m[0;32;32m1970-01-01 07:04:39.877|I|132501644|lpUCM [RemoteSails.cpp:HandleResponse:149] HandleResponse started, buffer size: 1048
[m[0;32;32m1970-01-01 07:04:39.877|I|132501644|lpUCM [RemoteSails.cpp:HandleResponse:158] Successfully deserialized response, status: 0, result code: 0
[m[0;32;31m1970-01-01 07:04:39.877|E|132501644|lpUCM [IpccProtoMessage.cpp:SerializeParams:112] m_offset, 558080
[m[1;33m1970-01-01 07:04:39.877|W|132501644|lpUCM [RemoteSails.cpp:SendWithRetry:185] Successfully wrote 1052 bytes
[m[0;32;32m1970-01-01 07:04:39.883|I|132501644|lpUCM [RemoteSails.cpp:HandleResponse:149] HandleResponse started, buffer size: 1048
[m[0;32;32m1970-01-01 07:04:39.883|I|132501644|lpUCM [RemoteSails.cpp:HandleResponse:158] Successfully deserialized response, status: 0, result code: 0
[m[0;32;31m1970-01-01 07:04:39.883|E|132501644|lpUCM [IpccProtoMessage.cpp:SerializeParams:112] m_offset, 559104
[m[1;33m1970-01-01 07:04:39.883|W|132501644|lpUCM [RemoteSails.cpp:SendWithRetry:185] Successfully wrote 1052 bytes
[m[0;32;32m1970-01-01 07:04:39.886|I|132501644|lpUCM [RemoteSails.cpp:HandleResponse:149] HandleResponse started, buffer size: 1048
[m[0;32;32m1970-01-01 07:04:39.886|I|132501644|lpUCM [RemoteSails.cpp:HandleResponse:158] Successfully deserialized response, status: 0, result code: 0
[m[0;32;31m1970-01-01 07:04:39.886|E|132501644|lpUCM [IpccProtoMessage.cpp:SerializeParams:112] m_offset, 560128
[m[1;33m1970-01-01 07:04:39.886|W|132501644|lpUCM [RemoteSails.cpp:SendWithRetry:185] Successfully wrote 1052 bytes
[m[0;32;32m1970-01-01 07:04:39.892|I|132501644|lpUCM [RemoteSails.cpp:HandleResponse:149] HandleResponse started, buffer size: 1048
[m[0;32;32m1970-01-01 07:04:39.892|I|132501644|lpUCM [RemoteSails.cpp:HandleResponse:158] Successfully deserialized response, status: 0, result code: 0
[m[0;32;31m1970-01-01 07:04:39.892|E|132501644|lpUCM [IpccProtoMessage.cpp:SerializeParams:112] m_offset, 561152
[m[1;33m1970-01-01 07:04:39.892|W|132501644|lpUCM [RemoteSails.cpp:SendWithRetry:185] Successfully wrote 1052 bytes
[m[0;32;32m1970-01-01 07:04:39.925|I|132501644|lpUCM [RemoteSails.cpp:HandleResponse:149] HandleResponse started, buffer size: 1048
[m[0;32;32m1970-01-01 07:04:39.925|I|132501644|lpUCM [RemoteSails.cpp:HandleResponse:158] Successfully deserialized response, status: 0, result code: 0
[m[0;32;31m1970-01-01 07:04:39.925|E|132501644|lpUCM [IpccProtoMessage.cpp:SerializeParams:112] m_offset, 562176
[m[1;33m1970-01-01 07:04:39.925|W|132501644|lpUCM [RemoteSails.cpp:SendWithRetry:185] Successfully wrote 1052 bytes
[m[0;32;32m1970-01-01 07:04:39.929|I|132501644|lpUCM [RemoteSails.cpp:HandleResponse:149] HandleResponse started, buffer size: 1048
[m[0;32;32m1970-01-01 07:04:39.929|I|132501644|lpUCM [RemoteSails.cpp:HandleResponse:158] Successfully deserialized response, status: 0, result code: 0
[m[0;32;31m1970-01-01 07:04:39.929|E|132501644|lpUCM [IpccProtoMessage.cpp:SerializeParams:112] m_offset, 563200
[m[1;33m1970-01-01 07:04:39.929|W|132501644|lpUCM [RemoteSails.cpp:SendWithRetry:185] Successfully wrote 1052 bytes
[m[0;32;32m1970-01-01 07:04:39.932|I|132501644|lpUCM [RemoteSails.cpp:HandleResponse:149] HandleResponse started, buffer size: 1048
[m[0;32;32m1970-01-01 07:04:39.932|I|132501644|lpUCM [RemoteSails.cpp:HandleResponse:158] Successfully deserialized response, status: 0, result code: 0
[m[0;32;31m1970-01-01 07:04:39.932|E|132501644|lpUCM [IpccProtoMessage.cpp:SerializeParams:112] m_offset, 564224
[m[1;33m1970-01-01 07:04:39.932|W|132501644|lpUCM [RemoteSails.cpp:SendWithRetry:185] Successfully wrote 1052 bytes
[m[0;32;32m1970-01-01 07:04:39.935|I|132501644|lpUCM [RemoteSails.cpp:HandleResponse:149] HandleResponse started, buffer size: 1048
[m[0;32;32m1970-01-01 07:04:39.935|I|132501644|lpUCM [RemoteSails.cpp:HandleResponse:158] Successfully deserialized response, status: 0, result code: 0
[m[0;32;31m1970-01-01 07:04:39.935|E|132501644|lpUCM [IpccProtoMessage.cpp:SerializeParams:112] m_offset, 565248
[m[1;33m1970-01-01 07:04:39.935|W|132501644|lpUCM [RemoteSails.cpp:SendWithRetry:185] Successfully wrote 1052 bytes
[m[0;32;32m1970-01-01 07:04:39.966|I|132501644|lpUCM [RemoteSails.cpp:HandleResponse:149] HandleResponse started, buffer size: 1048
[m[0;32;32m1970-01-01 07:04:39.966|I|132501644|lpUCM [RemoteSails.cpp:HandleResponse:158] Successfully deserialized response, status: 0, result code: 0
[m[0;32;31m1970-01-01 07:04:39.966|E|132501644|lpUCM [IpccProtoMessage.cpp:SerializeParams:112] m_offset, 566272
[m[1;33m1970-01-01 07:04:39.966|W|132501644|lpUCM [RemoteSails.cpp:SendWithRetry:185] Successfully wrote 1052 bytes
[m[0;32;32m1970-01-01 07:04:39.972|I|132501644|lpUCM [RemoteSails.cpp:HandleResponse:149] HandleResponse started, buffer size: 1048
[m[0;32;32m1970-01-01 07:04:39.972|I|132501644|lpUCM [RemoteSails.cpp:HandleResponse:158] Successfully deserialized response, status: 0, result code: 0
[m[0;32;31m1970-01-01 07:04:39.972|E|132501644|lpUCM [IpccProtoMessage.cpp:SerializeParams:112] m_offset, 567296
[m[1;33m1970-01-01 07:04:39.972|W|132501644|lpUCM [RemoteSails.cpp:SendWithRetry:185] Successfully wrote 1052 bytes
[m[0;32;32m1970-01-01 07:04:39.975|I|132501644|lpUCM [RemoteSails.cpp:HandleResponse:149] HandleResponse started, buffer size: 1048
[m[0;32;32m1970-01-01 07:04:39.975|I|132501644|lpUCM [RemoteSails.cpp:HandleResponse:158] Successfully deserialized response, status: 0, result code: 0
[m[0;32;31m1970-01-01 07:04:39.975|E|132501644|lpUCM [IpccProtoMessage.cpp:SerializeParams:112] m_offset, 568320
[m[1;33m1970-01-01 07:04:39.975|W|132501644|lpUCM [RemoteSails.cpp:SendWithRetry:185] Successfully wrote 1052 bytes
[m[0;32;32m1970-01-01 07:04:39.978|I|132501644|lpUCM [RemoteSails.cpp:HandleResponse:149] HandleResponse started, buffer size: 1048
[m[0;32;32m1970-01-01 07:04:39.978|I|132501644|lpUCM [RemoteSails.cpp:HandleResponse:158] Successfully deserialized response, status: 0, result code: 0
[m[0;32;31m1970-01-01 07:04:39.978|E|132501644|lpUCM [IpccProtoMessage.cpp:SerializeParams:112] m_offset, 569344
[m[1;33m1970-01-01 07:04:39.978|W|132501644|lpUCM [RemoteSails.cpp:SendWithRetry:185] Successfully wrote 1052 bytes
[m[0;32;32m1970-01-01 07:04:40.8|I|132501644|lpUCM [RemoteSails.cpp:HandleResponse:149] HandleResponse started, buffer size: 1048
[m[0;32;32m1970-01-01 07:04:40.8|I|132501644|lpUCM [RemoteSails.cpp:HandleResponse:158] Successfully deserialized response, status: 0, result code: 0
[m[0;32;31m1970-01-01 07:04:40.8|E|132501644|lpUCM [IpccProtoMessage.cpp:SerializeParams:112] m_offset, 570368
[m[1;33m1970-01-01 07:04:40.8|W|132501644|lpUCM [RemoteSails.cpp:SendWithRetry:185] Successfully wrote 1052 bytes
[m[0;32;32m1970-01-01 07:04:40.14|I|132501644|lpUCM [RemoteSails.cpp:HandleResponse:149] HandleResponse started, buffer size: 1048
[m[0;32;32m1970-01-01 07:04:40.14|I|132501644|lpUCM [RemoteSails.cpp:HandleResponse:158] Successfully deserialized response, status: 0, result code: 0
[m[0;32;31m1970-01-01 07:04:40.14|E|132501644|lpUCM [IpccProtoMessage.cpp:SerializeParams:112] m_offset, 571392
[m[1;33m1970-01-01 07:04:40.14|W|132501644|lpUCM [RemoteSails.cpp:SendWithRetry:185] Successfully wrote 1052 bytes
[m[0;32;32m1970-01-01 07:04:40.17|I|132501644|lpUCM [RemoteSails.cpp:HandleResponse:149] HandleResponse started, buffer size: 1048
[m[0;32;32m1970-01-01 07:04:40.17|I|132501644|lpUCM [RemoteSails.cpp:HandleResponse:158] Successfully deserialized response, status: 0, result code: 0
[m[0;32;31m1970-01-01 07:04:40.17|E|132501644|lpUCM [IpccProtoMessage.cpp:SerializeParams:112] m_offset, 572416
[m[1;33m1970-01-01 07:04:40.17|W|132501644|lpUCM [RemoteSails.cpp:SendWithRetry:185] Successfully wrote 1052 bytes
[m[0;32;32m1970-01-01 07:04:40.23|I|132501644|lpUCM [RemoteSails.cpp:HandleResponse:149] HandleResponse started, buffer size: 1048
[m[0;32;32m1970-01-01 07:04:40.23|I|132501644|lpUCM [RemoteSails.cpp:HandleResponse:158] Successfully deserialized response, status: 0, result code: 0
[m[0;32;32m1970-01-01 07:04:40.23|I|132501644|lpUCM [RemoteSails.cpp:SailWriteData:272] All data already trans size 16384
[m[0;32;32m1970-01-01 07:04:40.23|I|132501644|lpUCM [fds.cpp:FDS_OnLocalUpgProgress:248] total: 23, curr:23, percent:49, rop:97%
[m[0;32;32m1970-01-01 07:04:40.23|I|132501644|lpUCM [RemoteSails.cpp:SailWriteData:254] total data is 16384
[m[0;32;31m1970-01-01 07:04:40.23|E|132501644|lpUCM [IpccProtoMessage.cpp:SerializeParams:112] m_offset, 573440
[m[1;33m1970-01-01 07:04:40.23|W|132501644|lpUCM [RemoteSails.cpp:SendWithRetry:185] Successfully wrote 1052 bytes
[m[0;32;32m1970-01-01 07:04:40.53|I|132501644|lpUCM [RemoteSails.cpp:HandleResponse:149] HandleResponse started, buffer size: 1048
[m[0;32;32m1970-01-01 07:04:40.53|I|132501644|lpUCM [RemoteSails.cpp:HandleResponse:158] Successfully deserialized response, status: 0, result code: 0
[m[0;32;31m1970-01-01 07:04:40.53|E|132501644|lpUCM [IpccProtoMessage.cpp:SerializeParams:112] m_offset, 574464
[m[1;33m1970-01-01 07:04:40.53|W|132501644|lpUCM [RemoteSails.cpp:SendWithRetry:185] Successfully wrote 1052 bytes
[m[0;32;32m1970-01-01 07:04:40.56|I|132501644|lpUCM [RemoteSails.cpp:HandleResponse:149] HandleResponse started, buffer size: 1048
[m[0;32;32m1970-01-01 07:04:40.56|I|132501644|lpUCM [RemoteSails.cpp:HandleResponse:158] Successfully deserialized response, status: 0, result code: 0
[m[0;32;31m1970-01-01 07:04:40.56|E|132501644|lpUCM [IpccProtoMessage.cpp:SerializeParams:112] m_offset, 575488
[m[1;33m1970-01-01 07:04:40.56|W|132501644|lpUCM [RemoteSails.cpp:SendWithRetry:185] Successfully wrote 1052 bytes
[m[0;32;32m1970-01-01 07:04:40.59|I|132501644|lpUCM [RemoteSails.cpp:HandleResponse:149] HandleResponse started, buffer size: 1048
[m[0;32;32m1970-01-01 07:04:40.59|I|132501644|lpUCM [RemoteSails.cpp:HandleResponse:158] Successfully deserialized response, status: 0, result code: 0
[m[0;32;31m1970-01-01 07:04:40.59|E|132501644|lpUCM [IpccProtoMessage.cpp:SerializeParams:112] m_offset, 576512
[m[1;33m1970-01-01 07:04:40.59|W|132501644|lpUCM [RemoteSails.cpp:SendWithRetry:185] Successfully wrote 1052 bytes
[m[0;32;32m1970-01-01 07:04:40.62|I|132501644|lpUCM [RemoteSails.cpp:HandleResponse:149] HandleResponse started, buffer size: 1048
[m[0;32;32m1970-01-01 07:04:40.62|I|132501644|lpUCM [RemoteSails.cpp:HandleResponse:158] Successfully deserialized response, status: 0, result code: 0
[m[0;32;31m1970-01-01 07:04:40.62|E|132501644|lpUCM [IpccProtoMessage.cpp:SerializeParams:112] m_offset, 577536
[m[1;33m1970-01-01 07:04:40.62|W|132501644|lpUCM [RemoteSails.cpp:SendWithRetry:185] Successfully wrote 1052 bytes
[m[0;32;32m1970-01-01 07:04:40.93|I|132501644|lpUCM [RemoteSails.cpp:HandleResponse:149] HandleResponse started, buffer size: 1048
[m[0;32;32m1970-01-01 07:04:40.93|I|132501644|lpUCM [RemoteSails.cpp:HandleResponse:158] Successfully deserialized response, status: 0, result code: 0
[m[0;32;31m1970-01-01 07:04:40.93|E|132501644|lpUCM [IpccProtoMessage.cpp:SerializeParams:112] m_offset, 578560
[m[1;33m1970-01-01 07:04:40.93|W|132501644|lpUCM [RemoteSails.cpp:SendWithRetry:185] Successfully wrote 1052 bytes
[m[0;32;32m1970-01-01 07:04:40.97|I|132501644|lpUCM [RemoteSails.cpp:HandleResponse:149] HandleResponse started, buffer size: 1048
[m[0;32;32m1970-01-01 07:04:40.97|I|132501644|lpUCM [RemoteSails.cpp:HandleResponse:158] Successfully deserialized response, status: 0, result code: 0
[m[0;32;31m1970-01-01 07:04:40.97|E|132501644|lpUCM [IpccProtoMessage.cpp:SerializeParams:112] m_offset, 579584
[m[1;33m1970-01-01 07:04:40.97|W|132501644|lpUCM [RemoteSails.cpp:SendWithRetry:185] Successfully wrote 1052 bytes
[m[0;32;32m1970-01-01 07:04:40.104|I|132501644|lpUCM [RemoteSails.cpp:HandleResponse:149] HandleResponse started, buffer size: 1048
[m[0;32;32m1970-01-01 07:04:40.104|I|132501644|lpUCM [RemoteSails.cpp:HandleResponse:158] Successfully deserialized response, status: 0, result code: 0
[m[0;32;31m1970-01-01 07:04:40.104|E|132501644|lpUCM [IpccProtoMessage.cpp:SerializeParams:112] m_offset, 580608
[m[1;33m1970-01-01 07:04:40.104|W|132501644|lpUCM [RemoteSails.cpp:SendWithRetry:185] Successfully wrote 1052 bytes
[m[0;32;32m1970-01-01 07:04:40.108|I|132501644|lpUCM [RemoteSails.cpp:HandleResponse:149] HandleResponse started, buffer size: 1048
[m[0;32;32m1970-01-01 07:04:40.108|I|132501644|lpUCM [RemoteSails.cpp:HandleResponse:158] Successfully deserialized response, status: 0, result code: 0
[m[0;32;31m1970-01-01 07:04:40.108|E|132501644|lpUCM [IpccProtoMessage.cpp:SerializeParams:112] m_offset, 581632
[m[1;33m1970-01-01 07:04:40.108|W|132501644|lpUCM [RemoteSails.cpp:SendWithRetry:185] Successfully wrote 1052 bytes
[m[0;32;32m1970-01-01 07:04:40.140|I|132501644|lpUCM [RemoteSails.cpp:HandleResponse:149] HandleResponse started, buffer size: 1048
[m[0;32;32m1970-01-01 07:04:40.140|I|132501644|lpUCM [RemoteSails.cpp:HandleResponse:158] Successfully deserialized response, status: 0, result code: 0
[m[0;32;31m1970-01-01 07:04:40.140|E|132501644|lpUCM [IpccProtoMessage.cpp:SerializeParams:112] m_offset, 582656
[m[1;33m1970-01-01 07:04:40.140|W|132501644|lpUCM [RemoteSails.cpp:SendWithRetry:185] Successfully wrote 1052 bytes
[m[0;32;32m1970-01-01 07:04:40.144|I|132501644|lpUCM [RemoteSails.cpp:HandleResponse:149] HandleResponse started, buffer size: 1048
[m[0;32;32m1970-01-01 07:04:40.144|I|132501644|lpUCM [RemoteSails.cpp:HandleResponse:158] Successfully deserialized response, status: 0, result code: 0
[m[0;32;31m1970-01-01 07:04:40.144|E|132501644|lpUCM [IpccProtoMessage.cpp:SerializeParams:112] m_offset, 583680
[m[1;33m1970-01-01 07:04:40.144|W|132501644|lpUCM [RemoteSails.cpp:SendWithRetry:185] Successfully wrote 1052 bytes
[m[0;32;32m1970-01-01 07:04:40.147|I|132501644|lpUCM [RemoteSails.cpp:HandleResponse:149] HandleResponse started, buffer size: 1048
[m[0;32;32m1970-01-01 07:04:40.147|I|132501644|lpUCM [RemoteSails.cpp:HandleResponse:158] Successfully deserialized response, status: 0, result code: 0
[m[0;32;31m1970-01-01 07:04:40.147|E|132501644|lpUCM [IpccProtoMessage.cpp:SerializeParams:112] m_offset, 584704
[m[1;33m1970-01-01 07:04:40.147|W|132501644|lpUCM [RemoteSails.cpp:SendWithRetry:185] Successfully wrote 1052 bytes
[m[0;32;32m1970-01-01 07:04:40.153|I|132501644|lpUCM [RemoteSails.cpp:HandleResponse:149] HandleResponse started, buffer size: 1048
[m[0;32;32m1970-01-01 07:04:40.153|I|132501644|lpUCM [RemoteSails.cpp:HandleResponse:158] Successfully deserialized response, status: 0, result code: 0
[m[0;32;31m1970-01-01 07:04:40.153|E|132501644|lpUCM [IpccProtoMessage.cpp:SerializeParams:112] m_offset, 585728
[m[1;33m1970-01-01 07:04:40.153|W|132501644|lpUCM [RemoteSails.cpp:SendWithRetry:185] Successfully wrote 1052 bytes
[m[0;32;32m1970-01-01 07:04:40.183|I|132501644|lpUCM [RemoteSails.cpp:HandleResponse:149] HandleResponse started, buffer size: 1048
[m[0;32;32m1970-01-01 07:04:40.183|I|132501644|lpUCM [RemoteSails.cpp:HandleResponse:158] Successfully deserialized response, status: 0, result code: 0
[m[0;32;31m1970-01-01 07:04:40.183|E|132501644|lpUCM [IpccProtoMessage.cpp:SerializeParams:112] m_offset, 586752
[m[1;33m1970-01-01 07:04:40.183|W|132501644|lpUCM [RemoteSails.cpp:SendWithRetry:185] Successfully wrote 1052 bytes
[m[0;32;32m1970-01-01 07:04:40.186|I|132501644|lpUCM [RemoteSails.cpp:HandleResponse:149] HandleResponse started, buffer size: 1048
[m[0;32;32m1970-01-01 07:04:40.186|I|132501644|lpUCM [RemoteSails.cpp:HandleResponse:158] Successfully deserialized response, status: 0, result code: 0
[m[0;32;31m1970-01-01 07:04:40.186|E|132501644|lpUCM [IpccProtoMessage.cpp:SerializeParams:112] m_offset, 587776
[m[1;33m1970-01-01 07:04:40.186|W|132501644|lpUCM [RemoteSails.cpp:SendWithRetry:185] Successfully wrote 1052 bytes
[m[0;32;32m1970-01-01 07:04:40.189|I|132501644|lpUCM [RemoteSails.cpp:HandleResponse:149] HandleResponse started, buffer size: 1048
[m[0;32;32m1970-01-01 07:04:40.189|I|132501644|lpUCM [RemoteSails.cpp:HandleResponse:158] Successfully deserialized response, status: 0, result code: 0
[m[0;32;31m1970-01-01 07:04:40.189|E|132501644|lpUCM [IpccProtoMessage.cpp:SerializeParams:112] m_offset, 588800
[m[1;33m1970-01-01 07:04:40.189|W|132501644|lpUCM [RemoteSails.cpp:SendWithRetry:185] Successfully wrote 1052 bytes
[m[0;32;32m1970-01-01 07:04:40.192|I|132501644|lpUCM [RemoteSails.cpp:HandleResponse:149] HandleResponse started, buffer size: 1048
[m[0;32;32m1970-01-01 07:04:40.192|I|132501644|lpUCM [RemoteSails.cpp:HandleResponse:158] Successfully deserialized response, status: 0, result code: 0
[m[0;32;32m1970-01-01 07:04:40.192|I|132501644|lpUCM [RemoteSails.cpp:SailWriteData:272] All data already trans size 16384
[m[0;32;32m1970-01-01 07:04:40.192|I|132501644|lpUCM [fds.cpp:FDS_OnLocalUpgProgress:248] total: 23, curr:23, percent:51, rop:97%
[m[0;32;32m1970-01-01 07:04:40.192|I|132501644|lpUCM [RemoteSails.cpp:SailWriteData:254] total data is 16384
[m[0;32;31m1970-01-01 07:04:40.192|E|132501644|lpUCM [IpccProtoMessage.cpp:SerializeParams:112] m_offset, 589824
[m[1;33m1970-01-01 07:04:40.192|W|132501644|lpUCM [RemoteSails.cpp:SendWithRetry:185] Successfully wrote 1052 bytes
[m[0;32;32m1970-01-01 07:04:40.222|I|132501644|lpUCM [RemoteSails.cpp:HandleResponse:149] HandleResponse started, buffer size: 1048
[m[0;32;32m1970-01-01 07:04:40.222|I|132501644|lpUCM [RemoteSails.cpp:HandleResponse:158] Successfully deserialized response, status: 0, result code: 0
[m[0;32;31m1970-01-01 07:04:40.222|E|132501644|lpUCM [IpccProtoMessage.cpp:SerializeParams:112] m_offset, 590848
[m[1;33m1970-01-01 07:04:40.222|W|132501644|lpUCM [RemoteSails.cpp:SendWithRetry:185] Successfully wrote 1052 bytes
[m[0;32;32m1970-01-01 07:04:40.225|I|132501644|lpUCM [RemoteSails.cpp:HandleResponse:149] HandleResponse started, buffer size: 1048
[m[0;32;32m1970-01-01 07:04:40.225|I|132501644|lpUCM [RemoteSails.cpp:HandleResponse:158] Successfully deserialized response, status: 0, result code: 0
[m[0;32;31m1970-01-01 07:04:40.225|E|132501644|lpUCM [IpccProtoMessage.cpp:SerializeParams:112] m_offset, 591872
[m[1;33m1970-01-01 07:04:40.225|W|132501644|lpUCM [RemoteSails.cpp:SendWithRetry:185] Successfully wrote 1052 bytes
[m[0;32;32m1970-01-01 07:04:40.228|I|132501644|lpUCM [RemoteSails.cpp:HandleResponse:149] HandleResponse started, buffer size: 1048
[m[0;32;32m1970-01-01 07:04:40.228|I|132501644|lpUCM [RemoteSails.cpp:HandleResponse:158] Successfully deserialized response, status: 0, result code: 0
[m[0;32;31m1970-01-01 07:04:40.228|E|132501644|lpUCM [IpccProtoMessage.cpp:SerializeParams:112] m_offset, 592896
[m[1;33m1970-01-01 07:04:40.228|W|132501644|lpUCM [RemoteSails.cpp:SendWithRetry:185] Successfully wrote 1052 bytes
[m[0;32;32m1970-01-01 07:04:40.234|I|132501644|lpUCM [RemoteSails.cpp:HandleResponse:149] HandleResponse started, buffer size: 1048
[m[0;32;32m1970-01-01 07:04:40.234|I|132501644|lpUCM [RemoteSails.cpp:HandleResponse:158] Successfully deserialized response, status: 0, result code: 0
[m[0;32;31m1970-01-01 07:04:40.234|E|132501644|lpUCM [IpccProtoMessage.cpp:SerializeParams:112] m_offset, 593920
[m[1;33m1970-01-01 07:04:40.234|W|132501644|lpUCM [RemoteSails.cpp:SendWithRetry:185] Successfully wrote 1052 bytes
[m[0;32;32m1970-01-01 07:04:40.262|I|132501644|lpUCM [RemoteSails.cpp:HandleResponse:149] HandleResponse started, buffer size: 1048
[m[0;32;32m1970-01-01 07:04:40.262|I|132501644|lpUCM [RemoteSails.cpp:HandleResponse:158] Successfully deserialized response, status: 0, result code: 0
[m[0;32;31m1970-01-01 07:04:40.262|E|132501644|lpUCM [IpccProtoMessage.cpp:SerializeParams:112] m_offset, 594944
[m[1;33m1970-01-01 07:04:40.262|W|132501644|lpUCM [RemoteSails.cpp:SendWithRetry:185] Successfully wrote 1052 bytes
[m[0;32;32m1970-01-01 07:04:40.265|I|132501644|lpUCM [RemoteSails.cpp:HandleResponse:149] HandleResponse started, buffer size: 1048
[m[0;32;32m1970-01-01 07:04:40.265|I|132501644|lpUCM [RemoteSails.cpp:HandleResponse:158] Successfully deserialized response, status: 0, result code: 0
[m[0;32;31m1970-01-01 07:04:40.265|E|132501644|lpUCM [IpccProtoMessage.cpp:SerializeParams:112] m_offset, 595968
[m[1;33m1970-01-01 07:04:40.265|W|132501644|lpUCM [RemoteSails.cpp:SendWithRetry:185] Successfully wrote 1052 bytes
[m[0;32;32m1970-01-01 07:04:40.269|I|132501644|lpUCM [RemoteSails.cpp:HandleResponse:149] HandleResponse started, buffer size: 1048
[m[0;32;32m1970-01-01 07:04:40.269|I|132501644|lpUCM [RemoteSails.cpp:HandleResponse:158] Successfully deserialized response, status: 0, result code: 0
[m[0;32;31m1970-01-01 07:04:40.269|E|132501644|lpUCM [IpccProtoMessage.cpp:SerializeParams:112] m_offset, 596992
[m[1;33m1970-01-01 07:04:40.269|W|132501644|lpUCM [RemoteSails.cpp:SendWithRetry:185] Successfully wrote 1052 bytes
[m[0;32;32m1970-01-01 07:04:40.273|I|132501644|lpUCM [RemoteSails.cpp:HandleResponse:149] HandleResponse started, buffer size: 1048
[m[0;32;32m1970-01-01 07:04:40.273|I|132501644|lpUCM [RemoteSails.cpp:HandleResponse:158] Successfully deserialized response, status: 0, result code: 0
[m[0;32;31m1970-01-01 07:04:40.273|E|132501644|lpUCM [IpccProtoMessage.cpp:SerializeParams:112] m_offset, 598016
[m[1;33m1970-01-01 07:04:40.273|W|132501644|lpUCM [RemoteSails.cpp:SendWithRetry:185] Successfully wrote 1052 bytes
[m[0;32;32m1970-01-01 07:04:40.303|I|132501644|lpUCM [RemoteSails.cpp:HandleResponse:149] HandleResponse started, buffer size: 1048
[m[0;32;32m1970-01-01 07:04:40.303|I|132501644|lpUCM [RemoteSails.cpp:HandleResponse:158] Successfully deserialized response, status: 0, result code: 0
[m[0;32;31m1970-01-01 07:04:40.303|E|132501644|lpUCM [IpccProtoMessage.cpp:SerializeParams:112] m_offset, 599040
[m[1;33m1970-01-01 