Could not chdir to home directory /root: No such file or directory
[m[0;32;32m2024-10-01 16:15:49.49|I|2244757|lpHids [idslib] [module_process] 0058 --- abnormal_cmd_alarm_callback >>> [info] cmd:/ifs/bin/grep UCM not match
[m[1;33m2024-10-01 16:15:50.803|W|120893611|lpUCM [fds.cpp:FDS_printVerInfo:64] Compiled on: Nov 25 2025 at 05:11:53
[m[1;33m2024-10-01 16:15:50.803|W|120893611|lpUCM [fds.cpp:FDS_printVerInfo:66] ********************VERSION*******************
[m[1;33m2024-10-01 16:15:50.803|W|120893611|lpUCM [fds.cpp:FDS_printVerInfo:67] Branch     : 
[m[1;33m2024-10-01 16:15:50.803|W|120893611|lpUCM [fds.cpp:FDS_printVerInfo:68] Commit Hash: 76d79c5d3b6493c60600d043289aee2226e35ed3
[m[1;33m2024-10-01 16:15:50.803|W|120893611|lpUCM [fds.cpp:FDS_printVerInfo:69] Commit Time: 2025-11-24 20:17:07 +0800
[m[1;33m2024-10-01 16:15:50.803|W|120893611|lpUCM [fds.cpp:FDS_printVerInfo:70] **********************************************
[m[0;32;32m2024-10-01 16:15:50.803|I|120893611|lpUCM [8295_handler.c:FDS_idhGetDescTable:64] descTable is 35384e1800, g_idhTbl is 4a970c7380, size = 9
[m[1;33m2024-10-01 16:15:50.803|W|120893611|lpUCM [bootChain.c:FDS_bcInit:28] [bc_Init] Starting interopt_select_os
[m[1;33m2024-10-01 16:15:50.803|W|120893611|lpUCM [bootChain.c:FDS_bcInit:30] [bc_Init] Completed interopt_select_os
[m[1;33m2024-10-01 16:15:50.803|W|120893611|lpUCM [bootChain.c:FDS_bcInit:32] [bc_Init] Starting drvr_select_devb
[m[1;33m2024-10-01 16:15:50.803|W|120893611|lpUCM [bootChain.c:FDS_bcInit:34] [bc_Init] Completed drvr_select_devb
[m[1;33m2024-10-01 16:15:50.803|W|120893611|lpUCM [bootChain.c:FDS_bcInit:36] [bc_Init] Starting drvr_select_swdl_lun
[m[1;33m2024-10-01 16:15:50.803|W|120893611|lpUCM [bootChain.c:FDS_bcInit:38] [bc_Init] Completed drvr_select_swdl_lun
[m[1;33m2024-10-01 16:15:50.803|W|120893611|lpUCM [bootChain.c:FDS_bcInit:40] [bc_Init] Starting swdl_init
[m[1;33m2024-10-01 16:15:50.814|W|120893611|lpUCM [bootChain.c:FDS_bcInit:47] swdl_utils: WARN swdl misc checksum fail, err=26
[m[1;33m2024-10-01 16:15:50.814|W|120893611|lpUCM [bootChain.c:FDS_bcInit:55] [bc_Init] Completed swdl_init
[m[0;32;32m2024-10-01 16:15:50.814|I|120893611|lpUCM [fds.cpp:main:99] start upgrade by local file: /opt/data/fota/LP-ICHS046-AA_V1.04.0002_D_20251202.icsw
[m[0;32;32m2024-10-01 16:15:50.814|I|120893611|lpUCM [upa.c:FDS_upaSetSilenceMode:236] FDS_upaSetSilenceMode
[m[0;32;32m2024-10-01 16:15:50.815|I|120893611|lpUCM IpcKeyValueClient construct
[m[1;33m2024-10-01 16:15:50.826|W|120893611|lpUCM IpcClientChannel open suc, retries: 0 
[m[0;32;32m2024-10-01 16:15:50.826|I|120893611|lpUCM IpcKeyValueClient::init ipcclient suc
[m[0;32;32m2024-10-01 16:15:50.826|I|120893611|lpUCM DbKeyValueStorage construct.
[m[0;32;32m2024-10-01 16:15:50.826|I|120893611|lpUCM DbKeyValueStorage::Init filename:/opt/data/config/appData.db, filebackname:/opt/data/config/appData.dbbak
[m[0;32;31m2024-10-01 16:15:50.831|E|120893611|lpUCM getvalue uselast sqlite3_step err:101
[m[0;32;31m2024-10-01 16:15:50.831|E|120893611|lpUCM getvalue uselast sqlite3_step err:101
[m[0;32;32m2024-10-01 16:15:50.831|I|120893611|lpUCM db backup thread begin.
[m[0;32;32m2024-10-01 16:15:50.831|I|120893611|lpUCM DbKeyValueStorage init succ.
[m[0;32;32m2024-10-01 16:15:50.833|I|120893611|lpUCM PER_storageCreate create success
[m[1;33m2024-10-01 16:15:50.833|W|1904684|lpPer DbAdapter::SetValue setvalue key: CAL_NOFEELUP_VALIDFLAG, value: 0x00 , authority: lpUCM
[m[0;32;32m2024-10-01 16:15:50.834|I|120893611|lpUCM IpcKeyValueClient deconstruct
[m[0;32;32m2024-10-01 16:15:51.832|I|120893611|lpUCM db backup thread end.
[m[0;32;32m2024-10-01 16:15:51.833|I|120893611|lpUCM DbKeyValueStorage deconstruct.
[m[0;32;32m2024-10-01 16:15:51.833|I|120893611|lpUCM PerClient deconstruct
[m[0;32;32m2024-10-01 16:15:51.833|I|120893611|lpUCM [file.c:FDS_fileMkDir:274] Directory /opt/data/fota/ already exists
[m[0;32;31m2024-10-01 16:15:51.834|E|120893611|lpUCM [img.c:FDS_imgGetVal:37] [scripts] FDS_cfgGetSubNodeByName fail 
[m[1;33m2024-10-01 16:15:51.834|W|120893611|lpUCM [dum.c:FDS_dumConvertSwtchAB:151] STUB !!!
[m[0;32;32m2024-10-01 16:15:51.834|I|120893611|lpUCM [scm.c:FDS_scmOnHandleFile:926] offset:8868
[m[1;33m2024-10-01 16:15:51.834|W|120893611|lpUCM [dum.c:FDS_dumGetProduct:98] STUB !!!
[m[1;33m2024-10-01 16:15:51.834|W|120893611|lpUCM [dum.c:FDS_dumGetProduct:141] product:LP-ICHS046-AA
[m[0;32;32m2024-10-01 16:15:51.834|I|120893611|lpUCM IpcKeyValueClient construct
[m[1;33m2024-10-01 16:15:51.834|W|120893611|lpUCM IpcClientChannel open suc, retries: 0 
[m[0;32;32m2024-10-01 16:15:51.834|I|120893611|lpUCM IpcKeyValueClient::init ipcclient suc
[m[0;32;32m2024-10-01 16:15:51.834|I|120893611|lpUCM DbKeyValueStorage construct.
[m[0;32;32m2024-10-01 16:15:51.834|I|120893611|lpUCM DbKeyValueStorage::Init filename:/opt/data/config/appData.db, filebackname:/opt/data/config/appData.dbbak
[m[0;32;31m2024-10-01 16:15:51.839|E|120893611|lpUCM getvalue uselast sqlite3_step err:101
[m[0;32;31m2024-10-01 16:15:51.839|E|120893611|lpUCM getvalue uselast sqlite3_step err:101
[m[0;32;32m2024-10-01 16:15:51.839|I|120893611|lpUCM db backup thread begin.
[m[0;32;32m2024-10-01 16:15:51.839|I|120893611|lpUCM DbKeyValueStorage init succ.
[m[0;32;32m2024-10-01 16:15:51.840|I|120893611|lpUCM PER_storageCreate create success
[m[0;32;32m2024-10-01 16:15:51.840|I|120893611|lpUCM [upa.c:FDS_upaCmpSwVersion:51] FDS_upaCmpSwVersion throuth pia 1.03.0002
[m[1;33m2024-10-01 16:15:51.840|W|120893611|lpUCM [upa.c:FDS_upaCmpSwVersion:64] packect_version 1.04.0002 curversion 1.03.0002 
[m[0;32;32m2024-10-01 16:15:51.840|I|120893611|lpUCM IpcKeyValueClient deconstruct
[m[0;32;32m2024-10-01 16:15:52.840|I|120893611|lpUCM db backup thread end.
[m[0;32;32m2024-10-01 16:15:52.840|I|120893611|lpUCM DbKeyValueStorage deconstruct.
[m[0;32;32m2024-10-01 16:15:52.840|I|120893611|lpUCM PerClient deconstruct
[m[0;32;32m2024-10-01 16:15:52.841|I|120893611|lpUCM [csm.c:FDS_csmX509ParseValueLength:397] first:0x82, bytes:2, length:0x3b5
[m[0;32;32m2024-10-01 16:15:52.841|I|120893611|lpUCM [csm.c:FDS_csmX509ParseBreadth:462] [0] T:0x30, L:0x3b5, V:1467fdc6d4
[m[0;32;32m2024-10-01 16:15:52.841|I|120893611|lpUCM [csm.c:FDS_csmX509ParseValueLength:397] first:0x82, bytes:2, length:0x29d
[m[0;32;32m2024-10-01 16:15:52.841|I|120893611|lpUCM [csm.c:FDS_csmX509ParseValueLength:397] first:0x82, bytes:2, length:0x101
[m[0;32;32m2024-10-01 16:15:52.841|I|120893611|lpUCM [csm.c:FDS_csmX509ParseBreadth:462] [0] T:0x30, L:0x29d, V:1467fdc6d8
[m[0;32;32m2024-10-01 16:15:52.841|I|120893611|lpUCM [csm.c:FDS_csmX509ParseBreadth:462] [1] T:0x30, L:0xd, V:1467fdc977
[m[0;32;32m2024-10-01 16:15:52.841|I|120893611|lpUCM [csm.c:FDS_csmX509ParseBreadth:462] [2] T:0x03, L:0x101, V:1467fdc988
[m[0;32;32m2024-10-01 16:15:52.841|I|120893611|lpUCM [csm.c:FDS_csmX509ParseValueLength:397] first:0x81, bytes:1, length:0x93
[m[0;32;32m2024-10-01 16:15:52.841|I|120893611|lpUCM [csm.c:FDS_csmX509ParseValueLength:397] first:0x82, bytes:2, length:0x122
[m[0;32;32m2024-10-01 16:15:52.841|I|120893611|lpUCM [csm.c:FDS_csmX509ParseBreadth:462] [0] T:0xa0, L:0x3, V:1467fdc6da
[m[0;32;32m2024-10-01 16:15:52.841|I|120893611|lpUCM [csm.c:FDS_csmX509ParseBreadth:462] [1] T:0x02, L:0x6, V:1467fdc6df
[m[0;32;32m2024-10-01 16:15:52.841|I|120893611|lpUCM [csm.c:FDS_csmX509ParseBreadth:462] [2] T:0x30, L:0xd, V:1467fdc6e7
[m[0;32;32m2024-10-01 16:15:52.841|I|120893611|lpUCM [csm.c:FDS_csmX509ParseBreadth:462] [3] T:0x30, L:0x6f, V:1467fdc6f6
[m[0;32;32m2024-10-01 16:15:52.841|I|120893611|lpUCM [csm.c:FDS_csmX509ParseBreadth:462] [4] T:0x30, L:0x1e, V:1467fdc767
[m[0;32;32m2024-10-01 16:15:52.841|I|120893611|lpUCM [csm.c:FDS_csmX509ParseBreadth:462] [5] T:0x30, L:0x93, V:1467fdc788
[m[0;32;32m2024-10-01 16:15:52.841|I|120893611|lpUCM [csm.c:FDS_csmX509ParseBreadth:462] [6] T:0x30, L:0x122, V:1467fdc81f
[m[0;32;32m2024-10-01 16:15:52.841|I|120893611|lpUCM [verify.c:FDS_verifyX509Certificate:155] signature length:51
[m[0;32;32m2024-10-01 16:15:52.841|I|120893611|lpUCM [csm.c:FDS_csmX509ParseBreadth:462] [0] T:0x30, L:0x31, V:35384dffaa
[m[0;32;32m2024-10-01 16:15:52.841|I|120893611|lpUCM [csm.c:FDS_csmX509ParseBreadth:462] [0] T:0x30, L:0xd, V:35384dffac
[m[0;32;32m2024-10-01 16:15:52.841|I|120893611|lpUCM [csm.c:FDS_csmX509ParseBreadth:462] [1] T:0x04, L:0x20, V:35384dffbb
[m[0;32;32m2024-10-01 16:15:52.841|I|120893611|lpUCM [csm.c:FDS_csmGetHashFromSignature:131] outSize:32
[m[0;32;32m2024-10-01 16:15:52.841|I|120893611|lpUCM [csm.c:FDS_csmCalcCertSha256:175] size:32
[m[0;32;32m2024-10-01 16:15:52.841|I|120893611|lpUCM [verify.c:FDS_verifyX509Certificate:179] x509 certificate pass
[m[0;32;32m2024-10-01 16:15:52.841|I|120893611|lpUCM [csm.c:FDS_csmX509ParseValueLength:397] first:0x82, bytes:2, length:0x10f
[m[0;32;32m2024-10-01 16:15:52.841|I|120893611|lpUCM [csm.c:FDS_csmX509ParseBreadth:462] [0] T:0x30, L:0xd, V:1467fdc821
[m[0;32;32m2024-10-01 16:15:52.841|I|120893611|lpUCM [csm.c:FDS_csmX509ParseBreadth:462] [1] T:0x03, L:0x10f, V:1467fdc832
[m[0;32;32m2024-10-01 16:15:52.841|I|120893611|lpUCM [csm.c:FDS_csmGetX509SubjectPublicKey:307] validBuffSize: 0x10e
[m[0;32;32m2024-10-01 16:15:52.841|I|120893611|lpUCM [csm.c:FDS_csmX509ParseValueLength:397] first:0x82, bytes:2, length:0x10a
[m[0;32;32m2024-10-01 16:15:52.841|I|120893611|lpUCM [csm.c:FDS_csmX509ParseBreadth:462] [0] T:0x30, L:0x10a, V:35384df1ac
[m[0;32;32m2024-10-01 16:15:52.841|I|120893611|lpUCM [csm.c:FDS_csmX509ParseValueLength:397] first:0x82, bytes:2, length:0x101
[m[0;32;32m2024-10-01 16:15:52.841|I|120893611|lpUCM [csm.c:FDS_csmX509ParseBreadth:462] [0] T:0x02, L:0x101, V:35384df1b0
[m[0;32;32m2024-10-01 16:15:52.841|I|120893611|lpUCM [csm.c:FDS_csmX509ParseBreadth:462] [1] T:0x02, L:0x3, V:35384df2b3
[m[0;32;32m2024-10-01 16:15:52.842|I|120893611|lpUCM [csm.c:FDS_csmX509ParseBreadth:462] [0] T:0x30, L:0x31, V:35384dffaa
[m[0;32;32m2024-10-01 16:15:52.842|I|120893611|lpUCM [csm.c:FDS_csmX509ParseBreadth:462] [0] T:0x30, L:0xd, V:35384dffac
[m[0;32;32m2024-10-01 16:15:52.842|I|120893611|lpUCM [csm.c:FDS_csmX509ParseBreadth:462] [1] T:0x04, L:0x20, V:35384dffbb
[m[0;32;32m2024-10-01 16:15:52.842|I|120893611|lpUCM [csm.c:FDS_csmGetHashFromSignature:131] outSize:32
[m[0;32;32m2024-10-01 16:15:52.842|I|120893611|lpUCM [verify.c:FDS_verifyFirmwareSignature:242] firmware signature pass!!!
[m[0;32;32m2024-10-01 16:15:52.842|I|120893611|lpUCM [verify.c:FDS_verifyFirmwareHash:258] descFileName:/opt/data/fota/sw-description
[m[1;33m2024-10-01 16:15:52.842|W|120893611|lpUCM [verify.c:FDS_verifyFirmwareHash:303] sw-description verify success !!!
[m[1;33m2024-10-01 16:15:52.842|W|120893611|lpUCM [verify.c:FDS_verifyContext:355] verify context success !!!
[m[0;32;32m2024-10-01 16:15:52.842|I|120893611|lpUCM [scm.c:FDS_scmOnHandleFile:936] offset:8868
[m[1;33m2024-10-01 16:15:52.842|W|120893611|lpUCM [scm.c:FDS_scmScanAndVerify:395] cpucp.elf.rawgz:28731, find
[m[1;33m2024-10-01 16:15:52.843|W|120893611|lpUCM [scm.c:FDS_scmScanAndVerify:395] BTFM.bin.rawgz:458079, find
[m[1;33m2024-10-01 16:15:52.846|W|120893611|lpUCM [scm.c:FDS_scmScanAndVerify:395] dspso.bin.rawgz:10827467, find
[m[1;33m2024-10-01 16:15:52.920|W|120893611|lpUCM [scm.c:FDS_scmScanAndVerify:395] NON-HLOS.bin.rawgz:16570570, find
[m[1;33m2024-10-01 16:15:53.31|W|120893611|lpUCM [scm.c:FDS_scmScanAndVerify:395] xbl.elf.rawgz:2516797, find
[m[1;33m2024-10-01 16:15:53.48|W|120893611|lpUCM [scm.c:FDS_scmScanAndVerify:395] xbl_back.elf.rawgz:2516802, find
[m[1;33m2024-10-01 16:15:53.65|W|120893611|lpUCM [scm.c:FDS_scmScanAndVerify:395] xbl_config.elf.rawgz:19142, find
[m[1;33m2024-10-01 16:15:53.66|W|120893611|lpUCM [scm.c:FDS_scmScanAndVerify:395] aop.mbn.rawgz:95764, find
[m[1;33m2024-10-01 16:15:53.66|W|120893611|lpUCM [scm.c:FDS_scmScanAndVerify:395] tz.mbn.rawgz:1539064, find
[m[1;33m2024-10-01 16:15:53.77|W|120893611|lpUCM [scm.c:FDS_scmScanAndVerify:395] abl_fastboot.elf.rawgz:82320, find
[m[1;33m2024-10-01 16:15:53.79|W|120893611|lpUCM [scm.c:FDS_scmScanAndVerify:395] host_vbmeta_la.bin.rawgz:2805, find
[m[1;33m2024-10-01 16:15:53.79|W|120893611|lpUCM [scm.c:FDS_scmScanAndVerify:395] smss.elf.rawgz:116927, find
[m[1;33m2024-10-01 16:15:53.80|W|120893611|lpUCM [scm.c:FDS_scmScanAndVerify:395] boot_la.bin.rawgz:2121145, find
[m[1;33m2024-10-01 16:15:53.93|W|120893611|lpUCM [scm.c:FDS_scmScanAndVerify:395] devcfg_auto.mbn.rawgz:19712, find
[m[1;33m2024-10-01 16:15:53.93|W|120893611|lpUCM [scm.c:FDS_scmScanAndVerify:395] multi_image.mbn.rawgz:2213, find
[m[1;33m2024-10-01 16:15:53.93|W|120893611|lpUCM [scm.c:FDS_scmScanAndVerify:395] imagefv.elf.rawgz:9028, find
[m[1;33m2024-10-01 16:15:53.93|W|120893611|lpUCM [scm.c:FDS_scmScanAndVerify:395] shrm.elf.rawgz:21383, find
[m[1;33m2024-10-01 16:15:53.94|W|120893611|lpUCM [scm.c:FDS_scmScanAndVerify:395] mifs_hyp_la.ifs.sign.gz:2478859, find
[m[1;33m2024-10-01 16:15:53.113|W|120893611|lpUCM [scm.c:FDS_scmScanAndVerify:395] oem.xfs.gz:449069339, find
[m[1;33m2024-10-01 16:15:56.187|W|120893611|lpUCM [scm.c:FDS_scmScanAndVerify:395] system.xfs.gz:311569343, find
[m[1;33m2024-10-01 16:15:58.328|W|120893611|lpUCM [scm.c:FDS_scmScanAndVerify:395] ifs2_la.ifs.gz:83963138, find
[m[1;33m2024-10-01 16:15:58.899|W|120893611|lpUCM [scm.c:FDS_scmScanAndVerify:395] boot.bin.rawgz:29122878, find
[m[1;33m2024-10-01 16:15:59.92|W|120893611|lpUCM [scm.c:FDS_scmScanAndVerify:395] vendor_boot.bin.rawgz:600043, find
[m[1;33m2024-10-01 16:15:59.96|W|120893611|lpUCM [scm.c:FDS_scmScanAndVerify:395] super.android.gz:4177999898, find
[m[1;33m2024-10-01 16:16:27.915|W|120893611|lpUCM [scm.c:FDS_scmScanAndVerify:395] vbmeta.bin.rawgz:2741, find
[m[1;33m2024-10-01 16:16:27.915|W|120893611|lpUCM [scm.c:FDS_scmScanAndVerify:395] fw_config_9071CL_VB.bin.rawgz:63649, find
[m[1;33m2024-10-01 16:16:27.916|W|120893611|lpUCM [scm.c:FDS_scmScanAndVerify:395] fw_config_9068CL_VB.bin.rawgz:63379, find
[m[1;33m2024-10-01 16:16:27.916|W|120893611|lpUCM [scm.c:FDS_scmScanAndVerify:388] cpio end !!!
[m[1;33m2024-10-01 16:16:27.916|W|120893611|lpUCM [1] fname: cpucp.elf.rawgz
[m[1;33m2024-10-01 16:16:27.916|W|120893611|lpUCM 	provided: 1, compress:2
[m[1;33m2024-10-01 16:16:27.916|W|120893611|lpUCM 	offset: 8996,size:28731
[m[1;33m2024-10-01 16:16:27.916|W|120893611|lpUCM 	checksum: 0
[m[1;33m2024-10-01 16:16:27.916|W|120893611|lpUCM 	handlerName: raw
[m[1;33m2024-10-01 16:16:27.916|W|120893611|lpUCM 	installedPath: /
[m[1;33m2024-10-01 16:16:27.916|W|120893611|lpUCM seek: 0 splits: 0 
[m[1;33m2024-10-01 16:16:27.916|W|120893611|lpUCM 
[m[1;33m2024-10-01 16:16:27.916|W|120893611|lpUCM [2] fname: BTFM.bin.rawgz
[m[1;33m2024-10-01 16:16:27.916|W|120893611|lpUCM 	provided: 1, compress:2
[m[1;33m2024-10-01 16:16:27.916|W|120893611|lpUCM 	offset: 37856,size:458079
[m[1;33m2024-10-01 16:16:27.916|W|120893611|lpUCM 	checksum: 0
[m[1;33m2024-10-01 16:16:27.916|W|120893611|lpUCM 	handlerName: raw
[m[1;33m2024-10-01 16:16:27.916|W|120893611|lpUCM 	installedPath: /
[m[1;33m2024-10-01 16:16:27.916|W|120893611|lpUCM seek: 0 splits: 0 
[m[1;33m2024-10-01 16:16:27.916|W|120893611|lpUCM 
[m[1;33m2024-10-01 16:16:27.916|W|120893611|lpUCM [3] fname: dspso.bin.rawgz
[m[1;33m2024-10-01 16:16:27.916|W|120893611|lpUCM 	provided: 1, compress:2
[m[1;33m2024-10-01 16:16:27.916|W|120893611|lpUCM 	offset: 496064,size:10827467
[m[1;33m2024-10-01 16:16:27.916|W|120893611|lpUCM 	checksum: 0
[m[1;33m2024-10-01 16:16:27.916|W|120893611|lpUCM 	handlerName: raw
[m[1;33m2024-10-01 16:16:27.916|W|120893611|lpUCM 	installedPath: /
[m[1;33m2024-10-01 16:16:27.916|W|120893611|lpUCM seek: 0 splits: 0 
[m[1;33m2024-10-01 16:16:27.916|W|120893611|lpUCM 
[m[1;33m2024-10-01 16:16:27.916|W|120893611|lpUCM [4] fname: NON-HLOS.bin.rawgz
[m[1;33m2024-10-01 16:16:27.916|W|120893611|lpUCM 	provided: 1, compress:2
[m[1;33m2024-10-01 16:16:27.916|W|120893611|lpUCM 	offset: 11323664,size:16570570
[m[1;33m2024-10-01 16:16:27.916|W|120893611|lpUCM 	checksum: 0
[m[1;33m2024-10-01 16:16:27.916|W|120893611|lpUCM 	handlerName: raw
[m[1;33m2024-10-01 16:16:27.916|W|120893611|lpUCM 	installedPath: /
[m[1;33m2024-10-01 16:16:27.916|W|120893611|lpUCM seek: 0 splits: 0 
[m[1;33m2024-10-01 16:16:27.916|W|120893611|lpUCM 
[m[1;33m2024-10-01 16:16:27.916|W|120893611|lpUCM [5] fname: xbl.elf.rawgz
[m[1;33m2024-10-01 16:16:27.916|W|120893611|lpUCM 	provided: 1, compress:2
[m[1;33m2024-10-01 16:16:27.916|W|120893611|lpUCM 	offset: 27894360,size:2516797
[m[1;33m2024-10-01 16:16:27.916|W|120893611|lpUCM 	checksum: 0
[m[1;33m2024-10-01 16:16:27.916|W|120893611|lpUCM 	handlerName: raw
[m[1;33m2024-10-01 16:16:27.916|W|120893611|lpUCM 	installedPath: /
[m[1;33m2024-10-01 16:16:27.916|W|120893611|lpUCM seek: 0 splits: 0 
[m[1;33m2024-10-01 16:16:27.916|W|120893611|lpUCM 
[m[1;33m2024-10-01 16:16:27.916|W|120893611|lpUCM [6] fname: xbl_back.elf.rawgz
[m[1;33m2024-10-01 16:16:27.916|W|120893611|lpUCM 	provided: 1, compress:2
[m[1;33m2024-10-01 16:16:27.916|W|120893611|lpUCM 	offset: 30411292,size:2516802
[m[1;33m2024-10-01 16:16:27.916|W|120893611|lpUCM 	checksum: 0
[m[1;33m2024-10-01 16:16:27.916|W|120893611|lpUCM 	handlerName: raw
[m[1;33m2024-10-01 16:16:27.916|W|120893611|lpUCM 	installedPath: /
[m[1;33m2024-10-01 16:16:27.916|W|120893611|lpUCM seek: 0 splits: 0 
[m[1;33m2024-10-01 16:16:27.916|W|120893611|lpUCM 
[m[1;33m2024-10-01 16:16:27.916|W|120893611|lpUCM [7] fname: xbl_config.elf.rawgz
[m[1;33m2024-10-01 16:16:27.916|W|120893611|lpUCM 	provided: 1, compress:2
[m[1;33m2024-10-01 16:16:27.916|W|120893611|lpUCM 	offset: 32928228,size:19142
[m[1;33m2024-10-01 16:16:27.916|W|120893611|lpUCM 	checksum: 0
[m[1;33m2024-10-01 16:16:27.916|W|120893611|lpUCM 	handlerName: raw
[m[1;33m2024-10-01 16:16:27.916|W|120893611|lpUCM 	installedPath: /
[m[1;33m2024-10-01 16:16:27.916|W|120893611|lpUCM seek: 0 splits: 0 
[m[1;33m2024-10-01 16:16:27.916|W|120893611|lpUCM 
[m[1;33m2024-10-01 16:16:27.916|W|120893611|lpUCM [8] fname: aop.mbn.rawgz
[m[1;33m2024-10-01 16:16:27.916|W|120893611|lpUCM 	provided: 1, compress:2
[m[1;33m2024-10-01 16:16:27.916|W|120893611|lpUCM 	offset: 32947496,size:95764
[m[1;33m2024-10-01 16:16:27.916|W|120893611|lpUCM 	checksum: 0
[m[1;33m2024-10-01 16:16:27.916|W|120893611|lpUCM 	handlerName: raw
[m[1;33m2024-10-01 16:16:27.916|W|120893611|lpUCM 	installedPath: /
[m[1;33m2024-10-01 16:16:27.916|W|120893611|lpUCM seek: 0 splits: 0 
[m[1;33m2024-10-01 16:16:27.916|W|120893611|lpUCM 
[m[1;33m2024-10-01 16:16:27.916|W|120893611|lpUCM [9] fname: tz.mbn.rawgz
[m[1;33m2024-10-01 16:16:27.916|W|120893611|lpUCM 	provided: 1, compress:2
[m[1;33m2024-10-01 16:16:27.916|W|120893611|lpUCM 	offset: 33043384,size:1539064
[m[1;33m2024-10-01 16:16:27.916|W|120893611|lpUCM 	checksum: 0
[m[1;33m2024-10-01 16:16:27.916|W|120893611|lpUCM 	handlerName: raw
[m[1;33m2024-10-01 16:16:27.916|W|120893611|lpUCM 	installedPath: /
[m[1;33m2024-10-01 16:16:27.916|W|120893611|lpUCM seek: 0 splits: 0 
[m[1;33m2024-10-01 16:16:27.916|W|120893611|lpUCM 
[m[1;33m2024-10-01 16:16:27.916|W|120893611|lpUCM [10] fname: abl_fastboot.elf.rawgz
[m[1;33m2024-10-01 16:16:27.916|W|120893611|lpUCM 	provided: 1, compress:2
[m[1;33m2024-10-01 16:16:27.916|W|120893611|lpUCM 	offset: 34582584,size:82320
[m[1;33m2024-10-01 16:16:27.916|W|120893611|lpUCM 	checksum: 0
[m[1;33m2024-10-01 16:16:27.916|W|120893611|lpUCM 	handlerName: raw
[m[1;33m2024-10-01 16:16:27.916|W|120893611|lpUCM 	installedPath: /
[m[1;33m2024-10-01 16:16:27.916|W|120893611|lpUCM seek: 0 splits: 0 
[m[1;33m2024-10-01 16:16:27.916|W|120893611|lpUCM 
[m[1;33m2024-10-01 16:16:27.916|W|120893611|lpUCM [11] fname: host_vbmeta_la.bin.rawgz
[m[1;33m2024-10-01 16:16:27.916|W|120893611|lpUCM 	provided: 1, compress:2
[m[1;33m2024-10-01 16:16:27.916|W|120893611|lpUCM 	offset: 34665040,size:2805
[m[1;33m2024-10-01 16:16:27.916|W|120893611|lpUCM 	checksum: 0
[m[1;33m2024-10-01 16:16:27.916|W|120893611|lpUCM 	handlerName: raw
[m[1;33m2024-10-01 16:16:27.916|W|120893611|lpUCM 	installedPath: /
[m[1;33m2024-10-01 16:16:27.916|W|120893611|lpUCM seek: 0 splits: 0 
[m[1;33m2024-10-01 16:16:27.916|W|120893611|lpUCM 
[m[1;33m2024-10-01 16:16:27.916|W|120893611|lpUCM [12] fname: smss.elf.rawgz
[m[1;33m2024-10-01 16:16:27.916|W|120893611|lpUCM 	provided: 1, compress:2
[m[1;33m2024-10-01 16:16:27.916|W|120893611|lpUCM 	offset: 34667976,size:116927
[m[1;33m2024-10-01 16:16:27.916|W|120893611|lpUCM 	checksum: 0
[m[1;33m2024-10-01 16:16:27.916|W|120893611|lpUCM 	handlerName: raw
[m[1;33m2024-10-01 16:16:27.916|W|120893611|lpUCM 	installedPath: /
[m[1;33m2024-10-01 16:16:27.916|W|120893611|lpUCM seek: 0 splits: 0 
[m[1;33m2024-10-01 16:16:27.916|W|120893611|lpUCM 
[m[1;33m2024-10-01 16:16:27.916|W|120893611|lpUCM [13] fname: boot_la.bin.rawgz
[m[1;33m2024-10-01 16:16:27.916|W|120893611|lpUCM 	provided: 1, compress:2
[m[1;33m2024-10-01 16:16:27.916|W|120893611|lpUCM 	offset: 34785032,size:2121145
[m[1;33m2024-10-01 16:16:27.916|W|120893611|lpUCM 	checksum: 0
[m[1;33m2024-10-01 16:16:27.916|W|120893611|lpUCM 	handlerName: raw
[m[1;33m2024-10-01 16:16:27.916|W|120893611|lpUCM 	installedPath: /
[m[1;33m2024-10-01 16:16:27.916|W|120893611|lpUCM seek: 0 splits: 0 
[m[1;33m2024-10-01 16:16:27.916|W|120893611|lpUCM 
[m[1;33m2024-10-01 16:16:27.916|W|120893611|lpUCM [14] fname: devcfg_auto.mbn.rawgz
[m[1;33m2024-10-01 16:16:27.916|W|120893611|lpUCM 	provided: 1, compress:2
[m[1;33m2024-10-01 16:16:27.916|W|120893611|lpUCM 	offset: 36906312,size:19712
[m[1;33m2024-10-01 16:16:27.916|W|120893611|lpUCM 	checksum: 0
[m[1;33m2024-10-01 16:16:27.916|W|120893611|lpUCM 	handlerName: raw
[m[1;33m2024-10-01 16:16:27.916|W|120893611|lpUCM 	installedPath: /
[m[1;33m2024-10-01 16:16:27.916|W|120893611|lpUCM seek: 0 splits: 0 
[m[1;33m2024-10-01 16:16:27.916|W|120893611|lpUCM 
[m[1;33m2024-10-01 16:16:27.916|W|120893611|lpUCM [15] fname: multi_image.mbn.rawgz
[m[1;33m2024-10-01 16:16:27.916|W|120893611|lpUCM 	provided: 1, compress:2
[m[1;33m2024-10-01 16:16:27.916|W|120893611|lpUCM 	offset: 36926156,size:2213
[m[1;33m2024-10-01 16:16:27.916|W|120893611|lpUCM 	checksum: 0
[m[1;33m2024-10-01 16:16:27.916|W|120893611|lpUCM 	handlerName: raw
[m[1;33m2024-10-01 16:16:27.916|W|120893611|lpUCM 	installedPath: /
[m[1;33m2024-10-01 16:16:27.916|W|120893611|lpUCM seek: 0 splits: 0 
[m[1;33m2024-10-01 16:16:27.916|W|120893611|lpUCM 
[m[1;33m2024-10-01 16:16:27.916|W|120893611|lpUCM [16] fname: imagefv.elf.rawgz
[m[1;33m2024-10-01 16:16:27.916|W|120893611|lpUCM 	provided: 1, compress:2
[m[1;33m2024-10-01 16:16:27.916|W|120893611|lpUCM 	offset: 36928500,size:9028
[m[1;33m2024-10-01 16:16:27.916|W|120893611|lpUCM 	checksum: 0
[m[1;33m2024-10-01 16:16:27.916|W|120893611|lpUCM 	handlerName: raw
[m[1;33m2024-10-01 16:16:27.916|W|120893611|lpUCM 	installedPath: /
[m[1;33m2024-10-01 16:16:27.916|W|120893611|lpUCM seek: 0 splits: 0 
[m[1;33m2024-10-01 16:16:27.916|W|120893611|lpUCM 
[m[1;33m2024-10-01 16:16:27.916|W|120893611|lpUCM [17] fname: shrm.elf.rawgz
[m[1;33m2024-10-01 16:16:27.916|W|120893611|lpUCM 	provided: 1, compress:2
[m[1;33m2024-10-01 16:16:27.916|W|120893611|lpUCM 	offset: 36937656,size:21383
[m[1;33m2024-10-01 16:16:27.916|W|120893611|lpUCM 	checksum: 0
[m[1;33m2024-10-01 16:16:27.916|W|120893611|lpUCM 	handlerName: raw
[m[1;33m2024-10-01 16:16:27.916|W|120893611|lpUCM 	installedPath: /
[m[1;33m2024-10-01 16:16:27.916|W|120893611|lpUCM seek: 0 splits: 0 
[m[1;33m2024-10-01 16:16:27.916|W|120893611|lpUCM 
[m[1;33m2024-10-01 16:16:27.916|W|120893611|lpUCM [18] fname: mifs_hyp_la.ifs.sign.gz
[m[1;33m2024-10-01 16:16:27.916|W|120893611|lpUCM 	provided: 1, compress:2
[m[1;33m2024-10-01 16:16:27.916|W|120893611|lpUCM 	offset: 36959176,size:2478859
[m[1;33m2024-10-01 16:16:27.916|W|120893611|lpUCM 	checksum: 0
[m[1;33m2024-10-01 16:16:27.916|W|120893611|lpUCM 	handlerName: raw
[m[1;33m2024-10-01 16:16:27.916|W|120893611|lpUCM 	installedPath: /
[m[1;33m2024-10-01 16:16:27.916|W|120893611|lpUCM seek: 0 splits: 0 
[m[1;33m2024-10-01 16:16:27.916|W|120893611|lpUCM 
[m[1;33m2024-10-01 16:16:27.916|W|120893611|lpUCM [19] fname: oem.xfs.gz
[m[1;33m2024-10-01 16:16:27.916|W|120893611|lpUCM 	provided: 1, compress:2
[m[1;33m2024-10-01 16:16:27.916|W|120893611|lpUCM 	offset: 39438160,size:449069339
[m[1;33m2024-10-01 16:16:27.916|W|120893611|lpUCM 	checksum: 0
[m[1;33m2024-10-01 16:16:27.916|W|120893611|lpUCM 	handlerName: raw
[m[1;33m2024-10-01 16:16:27.916|W|120893611|lpUCM 	installedPath: /
[m[1;33m2024-10-01 16:16:27.916|W|120893611|lpUCM seek: 0 splits: 0 
[m[1;33m2024-10-01 16:16:27.916|W|120893611|lpUCM 
[m[1;33m2024-10-01 16:16:27.916|W|120893611|lpUCM [20] fname: system.xfs.gz
[m[1;33m2024-10-01 16:16:27.916|W|120893611|lpUCM 	provided: 1, compress:2
[m[1;33m2024-10-01 16:16:27.916|W|120893611|lpUCM 	offset: 488507624,size:311569343
[m[1;33m2024-10-01 16:16:27.916|W|120893611|lpUCM 	checksum: 0
[m[1;33m2024-10-01 16:16:27.916|W|120893611|lpUCM 	handlerName: raw
[m[1;33m2024-10-01 16:16:27.916|W|120893611|lpUCM 	installedPath: /
[m[1;33m2024-10-01 16:16:27.916|W|120893611|lpUCM seek: 0 splits: 0 
[m[1;33m2024-10-01 16:16:27.916|W|120893611|lpUCM 
[m[1;33m2024-10-01 16:16:27.916|W|120893611|lpUCM [21] fname: ifs2_la.ifs.gz
[m[1;33m2024-10-01 16:16:27.916|W|120893611|lpUCM 	provided: 1, compress:2
[m[1;33m2024-10-01 16:16:27.916|W|120893611|lpUCM 	offset: 800077096,size:83963138
[m[1;33m2024-10-01 16:16:27.916|W|120893611|lpUCM 	checksum: 0
[m[1;33m2024-10-01 16:16:27.916|W|120893611|lpUCM 	handlerName: raw
[m[1;33m2024-10-01 16:16:27.916|W|120893611|lpUCM 	installedPath: /
[m[1;33m2024-10-01 16:16:27.916|W|120893611|lpUCM seek: 0 splits: 0 
[m[1;33m2024-10-01 16:16:27.916|W|120893611|lpUCM 
[m[1;33m2024-10-01 16:16:27.916|W|120893611|lpUCM [22] fname: boot.bin.rawgz
[m[1;33m2024-10-01 16:16:27.916|W|120893611|lpUCM 	provided: 1, compress:2
[m[1;33m2024-10-01 16:16:27.916|W|120893611|lpUCM 	offset: 884040364,size:29122878
[m[1;33m2024-10-01 16:16:27.916|W|120893611|lpUCM 	checksum: 0
[m[1;33m2024-10-01 16:16:27.916|W|120893611|lpUCM 	handlerName: raw
[m[1;33m2024-10-01 16:16:27.916|W|120893611|lpUCM 	installedPath: /
[m[1;33m2024-10-01 16:16:27.916|W|120893611|lpUCM seek: 0 splits: 0 
[m[1;33m2024-10-01 16:16:27.916|W|120893611|lpUCM 
[m[1;33m2024-10-01 16:16:27.916|W|120893611|lpUCM [23] fname: vendor_boot.bin.rawgz
[m[1;33m2024-10-01 16:16:27.916|W|120893611|lpUCM 	provided: 1, compress:2
[m[1;33m2024-10-01 16:16:27.916|W|120893611|lpUCM 	offset: 913163376,size:600043
[m[1;33m2024-10-01 16:16:27.916|W|120893611|lpUCM 	checksum: 0
[m[1;33m2024-10-01 16:16:27.916|W|120893611|lpUCM 	handlerName: raw
[m[1;33m2024-10-01 16:16:27.916|W|120893611|lpUCM 	installedPath: /
[m[1;33m2024-10-01 16:16:27.916|W|120893611|lpUCM seek: 0 splits: 0 
[m[1;33m2024-10-01 16:16:27.916|W|120893611|lpUCM 
[m[1;33m2024-10-01 16:16:27.916|W|120893611|lpUCM [24] fname: super.android.gz
[m[1;33m2024-10-01 16:16:27.916|W|120893611|lpUCM 	provided: 1, compress:2
[m[1;33m2024-10-01 16:16:27.916|W|120893611|lpUCM 	offset: 913763548,size:4177999898
[m[1;33m2024-10-01 16:16:27.916|W|120893611|lpUCM 	checksum: 0
[m[1;33m2024-10-01 16:16:27.916|W|120893611|lpUCM 	handlerName: raw
[m[1;33m2024-10-01 16:16:27.916|W|120893611|lpUCM 	installedPath: /
[m[1;33m2024-10-01 16:16:27.916|W|120893611|lpUCM seek: 0 splits: 0 
[m[1;33m2024-10-01 16:16:27.916|W|120893611|lpUCM 
[m[1;33m2024-10-01 16:16:27.916|W|120893611|lpUCM [25] fname: vbmeta.bin.rawgz
[m[1;33m2024-10-01 16:16:27.916|W|120893611|lpUCM 	provided: 1, compress:2
[m[1;33m2024-10-01 16:16:27.916|W|120893611|lpUCM 	offset: 5091763576,size:2741
[m[1;33m2024-10-01 16:16:27.916|W|120893611|lpUCM 	checksum: 0
[m[1;33m2024-10-01 16:16:27.916|W|120893611|lpUCM 	handlerName: raw
[m[1;33m2024-10-01 16:16:27.916|W|120893611|lpUCM 	installedPath: /
[m[1;33m2024-10-01 16:16:27.916|W|120893611|lpUCM seek: 0 splits: 0 
[m[1;33m2024-10-01 16:16:27.916|W|120893611|lpUCM 
[m[1;33m2024-10-01 16:16:27.916|W|120893611|lpUCM [26] fname: fw_config_9071CL_VB.bin.rawgz
[m[1;33m2024-10-01 16:16:27.916|W|120893611|lpUCM 	provided: 1, compress:2
[m[1;33m2024-10-01 16:16:27.916|W|120893611|lpUCM 	offset: 5091766460,size:63649
[m[1;33m2024-10-01 16:16:27.916|W|120893611|lpUCM 	checksum: 0
[m[1;33m2024-10-01 16:16:27.916|W|120893611|lpUCM 	handlerName: switch
[m[1;33m2024-10-01 16:16:27.916|W|120893611|lpUCM 	installedPath: /opt/data/fota/fw_config_9071CL_VB.bin
[m[1;33m2024-10-01 16:16:27.916|W|120893611|lpUCM seek: 0 splits: 0 
[m[1;33m2024-10-01 16:16:27.916|W|120893611|lpUCM 
[m[1;33m2024-10-01 16:16:27.916|W|120893611|lpUCM [27] fname: fw_config_9068CL_VB.bin.rawgz
[m[1;33m2024-10-01 16:16:27.916|W|120893611|lpUCM 	provided: 1, compress:2
[m[1;33m2024-10-01 16:16:27.916|W|120893611|lpUCM 	offset: 5091830252,size:63379
[m[1;33m2024-10-01 16:16:27.916|W|120893611|lpUCM 	checksum: 0
[m[1;33m2024-10-01 16:16:27.916|W|120893611|lpUCM 	handlerName: switch
[m[1;33m2024-10-01 16:16:27.916|W|120893611|lpUCM 	installedPath: /opt/data/fota/fw_config_9068CL_VB.bin
[m[1;33m2024-10-01 16:16:27.916|W|120893611|lpUCM seek: 0 splits: 0 
[m[1;33m2024-10-01 16:16:27.916|W|120893611|lpUCM 
[m[1;33m2024-10-01 16:16:27.916|W|120893611|lpUCM [bootChain.c:FDS_bcDiskCorrection:119] diskpart  is no label
[m[1;33m2024-10-01 16:16:27.916|W|120893611|lpUCM [bootChain.c:FDS_bcDiskCorrection:119] diskpart  is no label
[m[0;32;32m2024-10-01 16:16:27.916|I|120893611|lpUCM [scm.c:FDS_scmSaveTmpVersion:823] switchAB:1,
[m[0;32;32m2024-10-01 16:16:27.916|I|120893611|lpUCM [upa.c:FDS_upaWriteTemporaryVersion:271] FDS_upaWriteTemporaryVersion
[m[0;32;32m2024-10-01 16:16:27.916|I|120893611|lpUCM IpcKeyValueClient construct
[m[1;33m2024-10-01 16:16:27.917|W|120893611|lpUCM IpcClientChannel open suc, retries: 0 
[m[0;32;32m2024-10-01 16:16:27.917|I|120893611|lpUCM IpcKeyValueClient::init ipcclient suc
[m[0;32;32m2024-10-01 16:16:27.917|I|120893611|lpUCM DbKeyValueStorage construct.
[m[0;32;32m2024-10-01 16:16:27.917|I|120893611|lpUCM DbKeyValueStorage::Init filename:/opt/data/config/appData.db, filebackname:/opt/data/config/appData.dbbak
[m[0;32;31m2024-10-01 16:16:27.920|E|120893611|lpUCM getvalue uselast sqlite3_step err:101
[m[0;32;31m2024-10-01 16:16:27.920|E|120893611|lpUCM getvalue uselast sqlite3_step err:101
[m[0;32;32m2024-10-01 16:16:27.920|I|120893611|lpUCM DbKeyValueStorage init succ.
[m[0;32;32m2024-10-01 16:16:27.920|I|120893611|lpUCM db backup thread begin.
[m[0;32;32m2024-10-01 16:16:27.922|I|120893611|lpUCM PER_storageCreate create success
[m[1;33m2024-10-01 16:16:27.922|W|1904684|lpPer DbAdapter::SetValue setvalue key: CAL_NOFEELUP_ECUSOFNUM, value: 0x31 2e 30 34 2e 30 30 30 32 00 , authority: lpUCM
[m[1;33m2024-10-01 16:16:27.922|W|1904684|lpPer DbAdapter::SetValue setvalue key: CAL_NOFEELUP_SYSSOFNUM, value: 0x31 2e 30 34 2e 30 30 30 32 00 , authority: lpUCM
[m[0;32;32m2024-10-01 16:16:27.924|I|120893611|lpUCM IpcKeyValueClient deconstruct
[m[0;32;32m2024-10-01 16:16:28.921|I|120893611|lpUCM db backup thread end.
[m[0;32;32m2024-10-01 16:16:28.921|I|120893611|lpUCM DbKeyValueStorage deconstruct.
[m[0;32;32m2024-10-01 16:16:28.921|I|120893611|lpUCM PerClient deconstruct
[m[1;33m2024-10-01 16:16:28.921|W|120893611|lpUCM [scm.c:FDS_scmDeployImages:435] start [1st] deploy:cpucp.elf.rawgz
[m[0;32;32m2024-10-01 16:16:28.921|I|120893611|lpUCM [fds.cpp:FDS_OnLocalUpgProgress:246] total: 27, curr:1, percent:0, rop:0%
[m[0;32;32m2024-10-01 16:16:28.921|I|120893611|lpUCM [handler.c:FDS_idhFindDesc:79] find time 1, name raw, handler_name = raw
[m[0;32;32m2024-10-01 16:16:28.921|I|120893611|lpUCM [handler.c:FDS_idhFindDesc:94] find handler raw, type = 0
[m[0;32;32m2024-10-01 16:16:28.921|I|120893611|lpUCM [handler.c:FDS_idhFindDesc:79] find time 1, name raw, handler_name = raw
[m[0;32;32m2024-10-01 16:16:28.921|I|120893611|lpUCM [handler.c:FDS_idhFindDesc:94] find handler raw, type = 0
[m[0;32;32m2024-10-01 16:16:28.922|I|120893611|lpUCM [fds.cpp:FDS_OnLocalUpgProgress:246] total: 27, curr:1, percent:28, rop:1%
[m[0;32;32m2024-10-01 16:16:28.923|I|120893611|lpUCM [fds.cpp:FDS_OnLocalUpgProgress:246] total: 27, curr:1, percent:50, rop:1%
[m[0;32;32m2024-10-01 16:16:28.924|I|120893611|lpUCM [handler.c:FDS_idhExtractFile:234] CPIO extract success
[m[0;32;32m2024-10-01 16:16:28.924|I|120893611|lpUCM [fds.cpp:FDS_OnLocalUpgProgress:246] total: 27, curr:1, percent:100, rop:3%
[m[1;33m2024-10-01 16:16:28.924|W|120893611|lpUCM [scm.c:FDS_scmDeployImages:443] deploy [1st] success:cpucp.elf.rawgz
[m[1;33m2024-10-01 16:16:28.924|W|120893611|lpUCM [scm.c:FDS_scmDeployImages:435] start [2st] deploy:BTFM.bin.rawgz
[m[0;32;32m2024-10-01 16:16:28.924|I|120893611|lpUCM [fds.cpp:FDS_OnLocalUpgProgress:246] total: 27, curr:2, percent:0, rop:3%
[m[0;32;32m2024-10-01 16:16:28.924|I|120893611|lpUCM [handler.c:FDS_idhFindDesc:79] find time 1, name raw, handler_name = raw
[m[0;32;32m2024-10-01 16:16:28.924|I|120893611|lpUCM [handler.c:FDS_idhFindDesc:94] find handler raw, type = 0
[m[0;32;32m2024-10-01 16:16:28.924|I|120893611|lpUCM [handler.c:FDS_idhFindDesc:79] find time 1, name raw, handler_name = raw
[m[0;32;32m2024-10-01 16:16:28.924|I|120893611|lpUCM [handler.c:FDS_idhFindDesc:94] find handler raw, type = 0
[m[0;32;32m2024-10-01 16:16:28.925|I|120893611|lpUCM [fds.cpp:FDS_OnLocalUpgProgress:246] total: 27, curr:2, percent:1, rop:3%
[m[0;32;32m2024-10-01 16:16:28.926|I|120893611|lpUCM [fds.cpp:FDS_OnLocalUpgProgress:246] total: 27, curr:2, percent:3, rop:3%
[m[0;32;32m2024-10-01 16:16:28.927|I|120893611|lpUCM [fds.cpp:FDS_OnLocalUpgProgress:246] total: 27, curr:2, percent:5, rop:3%
[m[0;32;32m2024-10-01 16:16:28.927|I|120893611|lpUCM [fds.cpp:FDS_OnLocalUpgProgress:246] total: 27, curr:2, percent:7, rop:3%
[m[0;32;32m2024-10-01 16:16:28.928|I|120893611|lpUCM [fds.cpp:FDS_OnLocalUpgProgress:246] total: 27, curr:2, percent:8, rop:4%
[m[0;32;32m2024-10-01 16:16:28.929|I|120893611|lpUCM [fds.cpp:FDS_OnLocalUpgProgress:246] total: 27, curr:2, percent:10, rop:4%
[m[0;32;32m2024-10-01 16:16:28.930|I|120893611|lpUCM [fds.cpp:FDS_OnLocalUpgProgress:246] total: 27, curr:2, percent:12, rop:4%
[m[0;32;32m2024-10-01 16:16:28.931|I|120893611|lpUCM [fds.cpp:FDS_OnLocalUpgProgress:246] total: 27, curr:2, percent:14, rop:4%
[m[0;32;32m2024-10-01 16:16:28.932|I|120893611|lpUCM [fds.cpp:FDS_OnLocalUpgProgress:246] total: 27, curr:2, percent:16, rop:4%
[m[0;32;32m2024-10-01 16:16:28.933|I|120893611|lpUCM [fds.cpp:FDS_OnLocalUpgProgress:246] total: 27, curr:2, percent:17, rop:4%
[m[0;32;32m2024-10-01 16:16:28.934|I|120893611|lpUCM [fds.cpp:FDS_OnLocalUpgProgress:246] total: 27, curr:2, percent:19, rop:4%
[m[0;32;32m2024-10-01 16:16:28.934|I|120893611|lpUCM [fds.cpp:FDS_OnLocalUpgProgress:246] total: 27, curr:2, percent:21, rop:4%
[m[0;32;32m2024-10-01 16:16:28.934|I|120893611|lpUCM [fds.cpp:FDS_OnLocalUpgProgress:246] total: 27, curr:2, percent:23, rop:4%
[m[0;32;32m2024-10-01 16:16:28.934|I|120893611|lpUCM [fds.cpp:FDS_OnLocalUpgProgress:246] total: 27, curr:2, percent:25, rop:4%
[m[0;32;32m2024-10-01 16:16:28.936|I|120893611|lpUCM [fds.cpp:FDS_OnLocalUpgProgress:246] total: 27, curr:2, percent:26, rop:4%
[m[0;32;32m2024-10-01 16:16:28.936|I|120893611|lpUCM [fds.cpp:FDS_OnLocalUpgProgress:246] total: 27, curr:2, percent:28, rop:4%
[m[0;32;32m2024-10-01 16:16:28.939|I|120893611|lpUCM [fds.cpp:FDS_OnLocalUpgProgress:246] total: 27, curr:2, percent:30, rop:4%
[m[0;32;32m2024-10-01 16:16:28.939|I|120893611|lpUCM [fds.cpp:FDS_OnLocalUpgProgress:246] total: 27, curr:2, percent:32, rop:4%
[m[0;32;32m2024-10-01 16:16:28.940|I|120893611|lpUCM [fds.cpp:FDS_OnLocalUpgProgress:246] total: 27, curr:2, percent:33, rop:4%
[m[0;32;32m2024-10-01 16:16:28.940|I|120893611|lpUCM [fds.cpp:FDS_OnLocalUpgProgress:246] total: 27, curr:2, percent:35, rop:5%
[m[0;32;32m2024-10-01 16:16:28.941|I|120893611|lpUCM [fds.cpp:FDS_OnLocalUpgProgress:246] total: 27, curr:2, percent:37, rop:5%
[m[0;32;32m2024-10-01 16:16:28.942|I|120893611|lpUCM [fds.cpp:FDS_OnLocalUpgProgress:246] total: 27, curr:2, percent:39, rop:5%
[m[0;32;32m2024-10-01 16:16:28.942|I|120893611|lpUCM [fds.cpp:FDS_OnLocalUpgProgress:246] total: 27, curr:2, percent:41, rop:5%
[m[0;32;32m2024-10-01 16:16:28.943|I|120893611|lpUCM [fds.cpp:FDS_OnLocalUpgProgress:246] total: 27, curr:2, percent:42, rop:5%
[m[0;32;32m2024-10-01 16:16:28.943|I|120893611|lpUCM [fds.cpp:FDS_OnLocalUpgProgress:246] total: 27, curr:2, percent:44, rop:5%
[m[0;32;32m2024-10-01 16:16:28.944|I|120893611|lpUCM [fds.cpp:FDS_OnLocalUpgProgress:246] total: 27, curr:2, percent:46, rop:5%
[m[0;32;32m2024-10-01 16:16:28.944|I|120893611|lpUCM [fds.cpp:FDS_OnLocalUpgProgress:246] total: 27, curr:2, percent:48, rop:5%
[m[0;32;32m2024-10-01 16:16:28.945|I|120893611|lpUCM [fds.cpp:FDS_OnLocalUpgProgress:246] total: 27, curr:2, percent:50, rop:5%
[m[0;32;32m2024-10-01 16:16:28.946|I|120893611|lpUCM [handler.c:FDS_idhExtractFile:234] CPIO extract success
[m[0;32;32m2024-10-01 16:16:28.946|I|120893611|lpUCM [fds.cpp:FDS_OnLocalUpgProgress:246] total: 27, curr:2, percent:100, rop:7%
[m[1;33m2024-10-01 16:16:28.946|W|120893611|lpUCM [scm.c:FDS_scmDeployImages:443] deploy [2st] success:BTFM.bin.rawgz
[m[1;33m2024-10-01 16:16:28.946|W|120893611|lpUCM [scm.c:FDS_scmDeployImages:435] start [3st] deploy:dspso.bin.rawgz
[m[0;32;32m2024-10-01 16:16:28.946|I|120893611|lpUCM [fds.cpp:FDS_OnLocalUpgProgress:246] total: 27, curr:3, percent:0, rop:7%
[m[0;32;32m2024-10-01 16:16:28.946|I|120893611|lpUCM [handler.c:FDS_idhFindDesc:79] find time 1, name raw, handler_name = raw
[m[0;32;32m2024-10-01 16:16:28.946|I|120893611|lpUCM [handler.c:FDS_idhFindDesc:94] find handler raw, type = 0
[m[0;32;32m2024-10-01 16:16:28.946|I|120893611|lpUCM [handler.c:FDS_idhFindDesc:79] find time 1, name raw, handler_name = raw
[m[0;32;32m2024-10-01 16:16:28.946|I|120893611|lpUCM [handler.c:FDS_idhFindDesc:94] find handler raw, type = 0
[m[0;32;32m2024-10-01 16:16:28.984|I|120893611|lpUCM [fds.cpp:FDS_OnLocalUpgProgress:246] total: 27, curr:3, percent:1, rop:7%
[m[0;32;32m2024-10-01 16:16:28.991|I|120893611|lpUCM [fds.cpp:FDS_OnLocalUpgProgress:246] total: 27, curr:3, percent:2, rop:7%
[m[0;32;32m2024-10-01 16:16:28.998|I|120893611|lpUCM [fds.cpp:FDS_OnLocalUpgProgress:246] total: 27, curr:3, percent:3, rop:7%
[m[0;32;32m2024-10-01 16:16:29.7|I|120893611|lpUCM [fds.cpp:FDS_OnLocalUpgProgress:246] total: 27, curr:3, percent:4, rop:7%
[m[0;32;32m2024-10-01 16:16:29.15|I|120893611|lpUCM [fds.cpp:FDS_OnLocalUpgProgress:246] total: 27, curr:3, percent:5, rop:7%
[m[0;32;32m2024-10-01 16:16:29.47|I|120893611|lpUCM [fds.cpp:FDS_OnLocalUpgProgress:246] total: 27, curr:3, percent:6, rop:7%
[m[0;32;32m2024-10-01 16:16:29.54|I|120893611|lpUCM [fds.cpp:FDS_OnLocalUpgProgress:246] total: 27, curr:3, percent:7, rop:7%
[m[0;32;32m2024-10-01 16:16:29.61|I|120893611|lpUCM [fds.cpp:FDS_OnLocalUpgProgress:246] total: 27, curr:3, percent:8, rop:7%
[m[0;32;32m2024-10-01 16:16:29.67|I|120893611|lpUCM [fds.cpp:FDS_OnLocalUpgProgress:246] total: 27, curr:3, percent:9, rop:7%
[m[0;32;32m2024-10-01 16:16:29.75|I|120893611|lpUCM [fds.cpp:FDS_OnLocalUpgProgress:246] total: 27, curr:3, percent:10, rop:7%
[m[0;32;32m2024-10-01 16:16:29.82|I|120893611|lpUCM [fds.cpp:FDS_OnLocalUpgProgress:246] total: 27, curr:3, percent:11, rop:7%
[m[0;32;32m2024-10-01 16:16:29.89|I|120893611|lpUCM [fds.cpp:FDS_OnLocalUpgProgress:246] total: 27, curr:3, percent:12, rop:7%
[m[0;32;32m2024-10-01 16:16:29.124|I|120893611|lpUCM [fds.cpp:FDS_OnLocalUpgProgress:246] total: 27, curr:3, percent:13, rop:7%
[m[0;32;32m2024-10-01 16:16:29.139|I|120893611|lpUCM [fds.cpp:FDS_OnLocalUpgProgress:246] total: 27, curr:3, percent:14, rop:7%
[m[0;32;32m2024-10-01 16:16:29.146|I|120893611|lpUCM [fds.cpp:FDS_OnLocalUpgProgress:246] total: 27, curr:3, percent:15, rop:7%
[m[0;32;32m2024-10-01 16:16:29.152|I|120893611|lpUCM [fds.cpp:FDS_OnLocalUpgProgress:246] total: 27, curr:3, percent:16, rop:8%
[m[0;32;32m2024-10-01 16:16:29.154|I|120893611|lpUCM [fds.cpp:FDS_OnLocalUpgProgress:246] total: 27, curr:3, percent:17, rop:8%
[m[0;32;32m2024-10-01 16:16:29.157|I|120893611|lpUCM [fds.cpp:FDS_OnLocalUpgProgress:246] total: 27, curr:3, percent:18, rop:8%
[m[0;32;32m2024-10-01 16:16:29.159|I|120893611|lpUCM [fds.cpp:FDS_OnLocalUpgProgress:246] total: 27, curr:3, percent:19, rop:8%
[m[0;32;32m2024-10-01 16:16:29.162|I|120893611|lpUCM [fds.cpp:FDS_OnLocalUpgProgress:246] total: 27, curr:3, percent:20, rop:8%
[m[0;32;32m2024-10-01 16:16:29.164|I|120893611|lpUCM [fds.cpp:FDS_OnLocalUpgProgress:246] total: 27, curr:3, percent:21, rop:8%
[m[0;32;32m2024-10-01 16:16:29.167|I|120893611|lpUCM [fds.cpp:FDS_OnLocalUpgProgress:246] total: 27, curr:3, percent:22, rop:8%
[m[0;32;32m2024-10-01 16:16:29.169|I|120893611|lpUCM [fds.cpp:FDS_OnLocalUpgProgress:246] total: 27, curr:3, percent:23, rop:8%
[m[0;32;32m2024-10-01 16:16:29.174|I|120893611|lpUCM [fds.cpp:FDS_OnLocalUpgProgress:246] total: 27, curr:3, percent:24, rop:8%
[m[0;32;32m2024-10-01 16:16:29.177|I|120893611|lpUCM [fds.cpp:FDS_OnLocalUpgProgress:246] total: 27, curr:3, percent:25, rop:8%
[m[0;32;32m2024-10-01 16:16:29.210|I|120893611|lpUCM [fds.cpp:FDS_OnLocalUpgProgress:246] total: 27, curr:3, percent:26, rop:8%
[m[0;32;32m2024-10-01 16:16:29.217|I|120893611|lpUCM [fds.cpp:FDS_OnLocalUpgProgress:246] total: 27, curr:3, percent:27, rop:8%
[m[0;32;32m2024-10-01 16:16:29.219|I|120893611|lpUCM [fds.cpp:FDS_OnLocalUpgProgress:246] total: 27, curr:3, percent:28, rop:8%
[m[0;32;32m2024-10-01 16:16:29.229|I|120893611|lpUCM [fds.cpp:FDS_OnLocalUpgProgress:246] total: 27, curr:3, percent:29, rop:8%
[m[0;32;32m2024-10-01 16:16:29.232|I|120893611|lpUCM [fds.cpp:FDS_OnLocalUpgProgress:246] total: 27, curr:3, percent:30, rop:8%
[m[0;32;32m2024-10-01 16:16:29.235|I|120893611|lpUCM [fds.cpp:FDS_OnLocalUpgProgress:246] total: 27, curr:3, percent:31, rop:8%
[m[0;32;32m2024-10-01 16:16:29.239|I|120893611|lpUCM [fds.cpp:FDS_OnLocalUpgProgress:246] total: 27, curr:3, percent:32, rop:8%
[m[0;32;32m2024-10-01 16:16:29.242|I|120893611|lpUCM [fds.cpp:FDS_OnLocalUpgProgress:246] total: 27, curr:3, percent:33, rop:8%
[m[0;32;32m2024-10-01 16:16:29.245|I|120893611|lpUCM [fds.cpp:FDS_OnLocalUpgProgress:246] total: 27, curr:3, percent:34, rop:8%
[m[0;32;32m2024-10-01 16:16:29.248|I|120893611|lpUCM [fds.cpp:FDS_OnLocalUpgProgress:246] total: 27, curr:3, percent:35, rop:8%
[m[0;32;32m2024-10-01 16:16:29.250|I|120893611|lpUCM [fds.cpp:FDS_OnLocalUpgProgress:246] total: 27, curr:3, percent:36, rop:8%
[m[0;32;32m2024-10-01 16:16:29.255|I|120893611|lpUCM [fds.cpp:FDS_OnLocalUpgProgress:246] total: 27, curr:3, percent:37, rop:8%
[m[0;32;32m2024-10-01 16:16:29.258|I|120893611|lpUCM [fds.cpp:FDS_OnLocalUpgProgress:246] total: 27, curr:3, percent:38, rop:8%
[m[0;32;32m2024-10-01 16:16:29.261|I|120893611|lpUCM [fds.cpp:FDS_OnLocalUpgProgress:246] total: 27, curr:3, percent:39, rop:8%
[m[0;32;32m2024-10-01 16:16:29.263|I|120893611|lpUCM [fds.cpp:FDS_OnLocalUpgProgress:246] total: 27, curr:3, percent:40, rop:8%
[m[0;32;32m2024-10-01 16:16:29.288|I|120893611|lpUCM [fds.cpp:FDS_OnLocalUpgProgress:246] total: 27, curr:3, percent:41, rop:8%
[m[0;32;32m2024-10-01 16:16:29.292|I|120893611|lpUCM [fds.cpp:FDS_OnLocalUpgProgress:246] total: 27, curr:3, percent:42, rop:8%
[m[0;32;32m2024-10-01 16:16:29.298|I|120893611|lpUCM [fds.cpp:FDS_OnLocalUpgProgress:246] total: 27, curr:3, percent:43, rop:9%
[m[0;32;32m2024-10-01 16:16:29.301|I|120893611|lpUCM [fds.cpp:FDS_OnLocalUpgProgress:246] total: 27, curr:3, percent:44, rop:9%
[m[0;32;32m2024-10-01 16:16:29.305|I|120893611|lpUCM [fds.cpp:FDS_OnLocalUpgProgress:246] total: 27, curr:3, percent:45, rop:9%
[m[0;32;32m2024-10-01 16:16:29.308|I|120893611|lpUCM [fds.cpp:FDS_OnLocalUpgProgress:246] total: 27, curr:3, percent:46, rop:9%
[m[0;32;32m2024-10-01 16:16:29.315|I|120893611|lpUCM [fds.cpp:FDS_OnLocalUpgProgress:246] total: 27, curr:3, percent:47, rop:9%
[m[0;32;32m2024-10-01 16:16:29.322|I|120893611|lpUCM [fds.cpp:FDS_OnLocalUpgProgress:246] total: 27, curr:3, percent:48, rop:9%
[m[0;32;32m2024-10-01 16:16:29.330|I|120893611|lpUCM [fds.cpp:FDS_OnLocalUpgProgress:246] total: 27, curr:3, percent:49, rop:9%
[m[0;32;32m2024-10-01 16:16:29.988|I|120893611|lpUCM [fds.cpp:FDS_OnLocalUpgProgress:246] total: 27, curr:3, percent:50, rop:9%
[m[0;32;32m2024-10-01 16:16:30.305|I|120893611|lpUCM [handler.c:FDS_idhExtractFile:234] CPIO extract success
[m[0;32;32m2024-10-01 16:16:30.305|I|120893611|lpUCM [fds.cpp:FDS_OnLocalUpgProgress:246] total: 27, curr:3, percent:100, rop:11%
[m[1;33m2024-10-01 16:16:30.305|W|120893611|lpUCM [scm.c:FDS_scmDeployImages:443] deploy [3st] success:dspso.bin.rawgz
[m[1;33m2024-10-01 16:16:30.305|W|120893611|lpUCM [scm.c:FDS_scmDeployImages:435] start [4st] deploy:NON-HLOS.bin.rawgz
[m[0;32;32m2024-10-01 16:16:30.305|I|120893611|lpUCM [fds.cpp:FDS_OnLocalUpgProgress:246] total: 27, curr:4, percent:0, rop:11%
[m[0;32;32m2024-10-01 16:16:30.305|I|120893611|lpUCM [handler.c:FDS_idhFindDesc:79] find time 1, name raw, handler_name = raw
[m[0;32;32m2024-10-01 16:16:30.305|I|120893611|lpUCM [handler.c:FDS_idhFindDesc:94] find handler raw, type = 0
[m[0;32;32m2024-10-01 16:16:30.305|I|120893611|lpUCM [handler.c:FDS_idhFindDesc:79] find time 1, name raw, handler_name = raw
[m[0;32;32m2024-10-01 16:16:30.305|I|120893611|lpUCM [handler.c:FDS_idhFindDesc:94] find handler raw, type = 0
[m[0;32;32m2024-10-01 16:16:30.343|I|120893611|lpUCM [fds.cpp:FDS_OnLocalUpgProgress:246] total: 27, curr:4, percent:1, rop:11%
[m[0;32;32m2024-10-01 16:16:30.354|I|120893611|lpUCM [fds.cpp:FDS_OnLocalUpgProgress:246] total: 27, curr:4, percent:2, rop:11%
[m[0;32;32m2024-10-01 16:16:30.364|I|120893611|lpUCM [fds.cpp:FDS_OnLocalUpgProgress:246] total: 27, curr:4, percent:3, rop:11%
[m[0;32;32m2024-10-01 16:16:30.416|I|120893611|lpUCM [fds.cpp:FDS_OnLocalUpgProgress:246] total: 27, curr:4, percent:4, rop:11%
[m[0;32;32m2024-10-01 16:16:30.432|I|120893611|lpUCM [fds.cpp:FDS_OnLocalUpgProgress:246] total: 27, curr:4, percent:5, rop:11%
[m[0;32;32m2024-10-01 16:16:30.450|I|120893611|lpUCM [fds.cpp:FDS_OnLocalUpgProgress:246] total: 27, curr:4, percent:6, rop:11%
[m[0;32;32m2024-10-01 16:16:30.460|I|120893611|lpUCM [fds.cpp:FDS_OnLocalUpgProgress:246] total: 27, curr:4, percent:7, rop:11%
[m[0;32;32m2024-10-01 16:16:30.474|I|120893611|lpUCM [fds.cpp:FDS_OnLocalUpgProgress:246] total: 27, curr:4, percent:8, rop:11%
[m[0;32;32m2024-10-01 16:16:30.485|I|120893611|lpUCM [fds.cpp:FDS_OnLocalUpgProgress:246] total: 27, curr:4, percent:9, rop:11%
[m[0;32;32m2024-10-01 16:16:30.497|I|120893611|lpUCM [fds.cpp:FDS_OnLocalUpgProgress:246] total: 27, curr:4, percent:10, rop:11%
[m[0;32;32m2024-10-01 16:16:30.547|I|120893611|lpUCM [fds.cpp:FDS_OnLocalUpgProgress:246] total: 27, curr:4, percent:11, rop:11%
[m[0;32;32m2024-10-01 16:16:30.586|I|120893611|lpUCM [fds.cpp:FDS_OnLocalUpgProgress:246] total: 27, curr:4, percent:12, rop:11%
[m[0;32;32m2024-10-01 16:16:30.625|I|120893611|lpUCM [fds.cpp:FDS_OnLocalUpgProgress:246] total: 27, curr:4, percent:13, rop:11%
[m[0;32;32m2024-10-01 16:16:30.661|I|120893611|lpUCM [fds.cpp:FDS_OnLocalUpgProgress:246] total: 27, curr:4, percent:14, rop:11%
[m[0;32;32m2024-10-01 16:16:30.687|I|120893611|lpUCM [fds.cpp:FDS_OnLocalUpgProgress:246] total: 27, curr:4, percent:15, rop:11%
[m[0;32;32m2024-10-01 16:16:30.697|I|120893611|lpUCM [fds.cpp:FDS_OnLocalUpgProgress:246] total: 27, curr:4, percent:16, rop:11%
[m[0;32;32m2024-10-01 16:16:30.710|I|120893611|lpUCM [fds.cpp:FDS_OnLocalUpgProgress:246] total: 27, curr:4, percent:17, rop:11%
[m[0;32;32m2024-10-01 16:16:30.721|I|120893611|lpUCM [fds.cpp:FDS_OnLocalUpgProgress:246] total: 27, curr:4, percent:18, rop:11%
[m[0;32;32m2024-10-01 16:16:30.762|I|120893611|lpUCM [fds.cpp:FDS_OnLocalUpgProgress:246] total: 27, curr:4, percent:19, rop:11%
[m[0;32;32m2024-10-01 16:16:30.777|I|120893611|lpUCM [fds.cpp:FDS_OnLocalUpgProgress:246] total: 27, curr:4, percent:20, rop:11%
[m[0;32;32m2024-10-01 16:16:30.795|I|120893611|lpUCM [fds.cpp:FDS_OnLocalUpgProgress:246] total: 27, curr:4, percent:21, rop:11%
[m[0;32;32m2024-10-01 16:16:30.814|I|120893611|lpUCM [fds.cpp:FDS_OnLocalUpgProgress:246] total: 27, curr:4, percent:22, rop:11%
[m[0;32;32m2024-10-01 16:16:30.902|I|120893611|lpUCM [fds.cpp:FDS_OnLocalUpgProgress:246] total: 27, curr:4, percent:23, rop:11%
[m[0;32;32m2024-10-01 16:16:30.924|I|120893611|lpUCM [fds.cpp:FDS_OnLocalUpgProgress:246] total: 27, curr:4, percent:24, rop:12%
[m[0;32;32m2024-10-01 16:16:30.941|I|120893611|lpUCM [fds.cpp:FDS_OnLocalUpgProgress:246] total: 27, curr:4, percent:25, rop:12%
[m[0;32;32m2024-10-01 16:16:30.952|I|120893611|lpUCM [fds.cpp:FDS_OnLocalUpgProgress:246] total: 27, curr:4, percent:26, rop:12%
[m[0;32;32m2024-10-01 16:16:30.966|I|120893611|lpUCM [fds.cpp:FDS_OnLocalUpgProgress:246] total: 27, curr:4, percent:27, rop:12%
[m[0;32;32m2024-10-01 16:16:30.978|I|120893611|lpUCM [fds.cpp:FDS_OnLocalUpgProgress:246] total: 27, curr:4, percent:28, rop:12%
[m[0;32;32m2024-10-01 16:16:31.16|I|120893611|lpUCM [fds.cpp:FDS_OnLocalUpgProgress:246] total: 27, curr:4, percent:29, rop:12%
[m[0;32;32m2024-10-01 16:16:31.53|I|120893611|lpUCM [fds.cpp:FDS_OnLocalUpgProgress:246] total: 27, curr:4, percent:30, rop:12%
[m[0;32;32m2024-10-01 16:16:31.67|I|120893611|lpUCM [fds.cpp:FDS_OnLocalUpgProgress:246] total: 27, curr:4, percent:31, rop:12%
[m[0;32;32m2024-10-01 16:16:31.78|I|120893611|lpUCM [fds.cpp:FDS_OnLocalUpgProgress:246] total: 27, curr:4, percent:32, rop:12%
[m[0;32;32m2024-10-01 16:16:31.90|I|120893611|lpUCM [fds.cpp:FDS_OnLocalUpgProgress:246] total: 27, curr:4, percent:33, rop:12%
[m[0;32;32m2024-10-01 16:16:31.100|I|120893611|lpUCM [fds.cpp:FDS_OnLocalUpgProgress:246] total: 27, curr:4, percent:34, rop:12%
[m[0;32;32m2024-10-01 16:16:31.135|I|120893611|lpUCM [fds.cpp:FDS_OnLocalUpgProgress:246] total: 27, curr:4, percent:35, rop:12%
[m[0;32;32m2024-10-01 16:16:31.172|I|120893611|lpUCM [fds.cpp:FDS_OnLocalUpgProgress:246] total: 27, curr:4, percent:36, rop:12%
[m[0;32;32m2024-10-01 16:16:31.191|I|120893611|lpUCM [fds.cpp:FDS_OnLocalUpgProgress:246] total: 27, curr:4, percent:37, rop:12%
[m[0;32;32m2024-10-01 16:16:31.206|I|120893611|lpUCM [fds.cpp:FDS_OnLocalUpgProgress:246] total: 27, curr:4, percent:38, rop:12%
[m[0;32;32m2024-10-01 16:16:31.217|I|120893611|lpUCM [fds.cpp:FDS_OnLocalUpgProgress:246] total: 27, curr:4, percent:39, rop:12%
[m[0;32;32m2024-10-01 16:16:31.229|I|120893611|lpUCM [fds.cpp:FDS_OnLocalUpgProgress:246] total: 27, curr:4, percent:40, rop:12%
[m[0;32;32m2024-10-01 16:16:31.268|I|120893611|lpUCM [fds.cpp:FDS_OnLocalUpgProgress:246] total: 27, curr:4, percent:41, rop:12%
[m[0;32;32m2024-10-01 16:16:31.282|I|120893611|lpUCM [fds.cpp:FDS_OnLocalUpgProgress:246] total: 27, curr:4, percent:42, rop:12%
[m[0;32;32m2024-10-01 16:16:31.293|I|120893611|lpUCM [fds.cpp:FDS_OnLocalUpgProgress:246] total: 27, curr:4, percent:43, rop:12%
[m[0;32;32m2024-10-01 16:16:31.308|I|120893611|lpUCM [fds.cpp:FDS_OnLocalUpgProgress:246] total: 27, curr:4, percent:44, rop:12%
[m[0;32;32m2024-10-01 16:16:31.353|I|120893611|lpUCM [fds.cpp:FDS_OnLocalUpgProgress:246] total: 27, curr:4, percent:45, rop:12%
[m[0;32;32m2024-10-01 16:16:31.409|I|120893611|lpUCM [fds.cpp:FDS_OnLocalUpgProgress:246] total: 27, curr:4, percent:46, rop:12%
[m[0;32;32m2024-10-01 16:16:31.424|I|120893611|lpUCM [fds.cpp:FDS_OnLocalUpgProgress:246] total: 27, curr:4, percent:47, rop:12%
[m[0;32;32m2024-10-01 16:16:31.436|I|120893611|lpUCM [fds.cpp:FDS_OnLocalUpgProgress:246] total: 27, curr:4, percent:48, rop:12%
[m[0;32;32m2024-10-01 16:16:31.468|I|120893611|lpUCM [fds.cpp:FDS_OnLocalUpgProgress:246] total: 27, curr:4, percent:49, rop:12%
[m[0;32;32m2024-10-01 16:16:31.481|I|120893611|lpUCM [fds.cpp:FDS_OnLocalUpgProgress:246] total: 27, curr:4, percent:50, rop:12%
[m[0;32;32m2024-10-01 16:16:31.482|I|120893611|lpUCM [handler.c:FDS_idhExtractFile:234] CPIO extract success
[m[0;32;32m2024-10-01 16:16:31.482|I|120893611|lpUCM [fds.cpp:FDS_OnLocalUpgProgress:246] total: 27, curr:4, percent:100, rop:14%
[m[1;33m2024-10-01 16:16:31.482|W|120893611|lpUCM [scm.c:FDS_scmDeployImages:443] deploy [4st] success:NON-HLOS.bin.rawgz
[m[1;33m2024-10-01 16:16:31.482|W|120893611|lpUCM [scm.c:FDS_scmDeployImages:435] start [5st] deploy:xbl.elf.rawgz
[m[0;32;32m2024-10-01 16:16:31.482|I|120893611|lpUCM [fds.cpp:FDS_OnLocalUpgProgress:246] total: 27, curr:5, percent:0, rop:14%
[m[0;32;32m2024-10-01 16:16:31.482|I|120893611|lpUCM [handler.c:FDS_idhFindDesc:79] find time 1, name raw, handler_name = raw
[m[0;32;32m2024-10-01 16:16:31.482|I|120893611|lpUCM [handler.c:FDS_idhFindDesc:94] find handler raw, type = 0
[m[0;32;32m2024-10-01 16:16:31.482|I|120893611|lpUCM [handler.c:FDS_idhFindDesc:79] find time 1, name raw, handler_name = raw
[m[0;32;32m2024-10-01 16:16:31.482|I|120893611|lpUCM [handler.c:FDS_idhFindDesc:94] find handler raw, type = 0
[m[0;32;32m2024-10-01 16:16:31.488|I|120893611|lpUCM [fds.cpp:FDS_OnLocalUpgProgress:246] total: 27, curr:5, percent:1, rop:14%
[m[0;32;32m2024-10-01 16:16:31.489|I|120893611|lpUCM [fds.cpp:FDS_OnLocalUpgProgress:246] total: 27, curr:5, percent:2, rop:14%
[m[0;32;32m2024-10-01 16:16:31.491|I|120893611|lpUCM [fds.cpp:FDS_OnLocalUpgProgress:246] total: 27, curr:5, percent:3, rop:14%
[m[0;32;32m2024-10-01 16:16:31.493|I|120893611|lpUCM [fds.cpp:FDS_OnLocalUpgProgress:246] total: 27, curr:5, percent:4, rop:14%
[m[0;32;32m2024-10-01 16:16:31.494|I|120893611|lpUCM [fds.cpp:FDS_OnLocalUpgProgress:246] total: 27, curr:5, percent:5, rop:15%
[m[0;32;32m2024-10-01 16:16:31.497|I|120893611|lpUCM [fds.cpp:FDS_OnLocalUpgProgress:246] total: 27, curr:5, percent:6, rop:15%
[m[0;32;32m2024-10-01 16:16:31.498|I|120893611|lpUCM [fds.cpp:FDS_OnLocalUpgProgress:246] total: 27, curr:5, percent:7, rop:15%
[m[0;32;32m2024-10-01 16:16:31.499|I|120893611|lpUCM [fds.cpp:FDS_OnLocalUpgProgress:246] total: 27, curr:5, percent:8, rop:15%
[m[0;32;32m2024-10-01 16:16:31.501|I|120893611|lpUCM [fds.cpp:FDS_OnLocalUpgProgress:246] total: 27, curr:5, percent:9, rop:15%
[m[0;32;32m2024-10-01 16:16:31.532|I|120893611|lpUCM [fds.cpp:FDS_OnLocalUpgProgress:246] total: 27, curr:5, percent:10, rop:15%
[m[0;32;32m2024-10-01 16:16:31.533|I|120893611|lpUCM [fds.cpp:FDS_OnLocalUpgProgress:246] total: 27, curr:5, percent:11, rop:15%
[m[0;32;32m2024-10-01 16:16:31.534|I|120893611|lpUCM [fds.cpp:FDS_OnLocalUpgProgress:246] total: 27, curr:5, percent:12, rop:15%
[m[0;32;32m2024-10-01 16:16:31.535|I|120893611|lpUCM [fds.cpp:FDS_OnLocalUpgProgress:246] total: 27, curr:5, percent:13, rop:15%
[m[0;32;32m2024-10-01 16:16:31.536|I|120893611|lpUCM [fds.cpp:FDS_OnLocalUpgProgress:246] total: 27, curr:5, percent:14, rop:15%
[m[0;32;32m2024-10-01 16:16:31.539|I|120893611|lpUCM [fds.cpp:FDS_OnLocalUpgProgress:246] total: 27, curr:5, percent:15, rop:15%
[m[0;32;32m2024-10-01 16:16:31.539|I|120893611|lpUCM [fds.cpp:FDS_OnLocalUpgProgress:246] total: 27, curr:5, percent:16, rop:15%
[m[0;32;32m2024-10-01 16:16:31.540|I|120893611|lpUCM [fds.cpp:FDS_OnLocalUpgProgress:246] total: 27, curr:5, percent:17, rop:15%
[m[0;32;32m2024-10-01 16:16:31.542|I|120893611|lpUCM [fds.cpp:FDS_OnLocalUpgProgress:246] total: 27, curr:5, percent:18, rop:15%
[m[0;32;32m2024-10-01 16:16:31.542|I|120893611|lpUCM [fds.cpp:FDS_OnLocalUpgProgress:246] total: 27, curr:5, percent:19, rop:15%
[m[0;32;32m2024-10-01 16:16:31.543|I|120893611|lpUCM [fds.cpp:FDS_OnLocalUpgProgress:246] total: 27, curr:5, percent:20, rop:15%
[m[0;32;32m2024-10-01 16:16:31.544|I|120893611|lpUCM [fds.cpp:FDS_OnLocalUpgProgress:246] total: 27, curr:5, percent:21, rop:15%
[m[0;32;32m2024-10-01 16:16:31.544|I|120893611|lpUCM [fds.cpp:FDS_OnLocalUpgProgress:246] total: 27, curr:5, percent:22, rop:15%
[m[0;32;32m2024-10-01 16:16:31.545|I|120893611|lpUCM [fds.cpp:FDS_OnLocalUpgProgress:246] total: 27, curr:5, percent:23, rop:15%
[m[0;32;32m2024-10-01 16:16:31.546|I|120893611|lpUCM [fds.cpp:FDS_OnLocalUpgProgress:246] total: 27, curr:5, percent:24, rop:15%
[m[0;32;32m2024-10-01 16:16:31.547|I|120893611|lpUCM [fds.cpp:FDS_OnLocalUpgProgress:246] total: 27, curr:5, percent:25, rop:15%
[m[0;32;32m2024-10-01 16:16:31.547|I|120893611|lpUCM [fds.cpp:FDS_OnLocalUpgProgress:246] total: 27, curr:5, percent:26, rop:15%
[m[0;32;32m2024-10-01 16:16:31.549|I|120893611|lpUCM [fds.cpp:FDS_OnLocalUpgProgress:246] total: 27, curr:5, percent:27, rop:15%
[m[0;32;32m2024-10-01 16:16:31.550|I|120893611|lpUCM [fds.cpp:FDS_OnLocalUpgProgress:246] total: 27, curr:5, percent:28, rop:15%
[m[0;32;32m2024-10-01 16:16:31.550|I|120893611|lpUCM [fds.cpp:FDS_OnLocalUpgProgress:246] total: 27, curr:5, percent:29, rop:15%
[m[0;32;32m2024-10-01 16:16:31.551|I|120893611|lpUCM [fds.cpp:FDS_OnLocalUpgProgress:246] total: 27, curr:5, percent:30, rop:15%
[m[0;32;32m2024-10-01 16:16:31.552|I|120893611|lpUCM [fds.cpp:FDS_OnLocalUpgProgress:246] total: 27, curr:5, percent:31, rop:15%
[m[0;32;32m2024-10-01 16:16:31.553|I|120893611|lpUCM [fds.cpp:FDS_OnLocalUpgProgress:246] total: 27, curr:5, percent:32, rop:16%
[m[0;32;32m2024-10-01 16:16:31.553|I|120893611|lpUCM [fds.cpp:FDS_OnLocalUpgProgress:246] total: 27, curr:5, percent:33, rop:16%
[m[0;32;32m2024-10-01 16:16:31.554|I|120893611|lpUCM [fds.cpp:FDS_OnLocalUpgProgress:246] total: 27, curr:5, percent:34, rop:16%
[m[0;32;32m2024-10-01 16:16:31.555|I|120893611|lpUCM [fds.cpp:FDS_OnLocalUpgProgress:246] total: 27, curr:5, percent:35, rop:16%
[m[0;32;32m2024-10-01 16:16:31.555|I|120893611|lpUCM [fds.cpp:FDS_OnLocalUpgProgress:246] total: 27, curr:5, percent:36, rop:16%
[m[0;32;32m2024-10-01 16:16:31.556|I|120893611|lpUCM [fds.cpp:FDS_OnLocalUpgProgress:246] total: 27, curr:5, percent:37, rop:16%
[m[0;32;32m2024-10-01 16:16:31.556|I|120893611|lpUCM [fds.cpp:FDS_OnLocalUpgProgress:246] total: 27, curr:5, percent:38, rop:16%
[m[0;32;32m2024-10-01 16:16:31.557|I|120893611|lpUCM [fds.cpp:FDS_OnLocalUpgProgress:246] total: 27, curr:5, percent:39, rop:16%
[m[0;32;32m2024-10-01 16:16:31.558|I|120893611|lpUCM [fds.cpp:FDS_OnLocalUpgProgress:246] total: 27, curr:5, percent:40, rop:16%
[m[0;32;32m2024-10-01 16:16:31.558|I|120893611|lpUCM [fds.cpp:FDS_OnLocalUpgProgress:246] total: 27, curr:5, percent:41, rop:16%
[m[0;32;32m2024-10-01 16:16:31.559|I|120893611|lpUCM [fds.cpp:FDS_OnLocalUpgProgress:246] total: 27, curr:5, percent:42, rop:16%
[m[0;32;32m2024-10-01 16:16:31.560|I|120893611|lpUCM [fds.cpp:FDS_OnLocalUpgProgress:246] total: 27, curr:5, percent:43, rop:16%
[m[0;32;32m2024-10-01 16:16:31.561|I|120893611|lpUCM [fds.cpp:FDS_OnLocalUpgProgress:246] total: 27, curr:5, percent:44, rop:16%
[m[0;32;32m2024-10-01 16:16:31.561|I|120893611|lpUCM [fds.cpp:FDS_OnLocalUpgProgress:246] total: 27, curr:5, percent:45, rop:16%
[m[0;32;32m2024-10-01 16:16:31.566|I|120893611|lpUCM [fds.cpp:FDS_OnLocalUpgProgress:246] total: 27, curr:5, percent:46, rop:16%
[m[0;32;32m2024-10-01 16:16:31.569|I|120893611|lpUCM [fds.cpp:FDS_OnLocalUpgProgress:246] total: 27, curr:5, percent:47, rop:16%
[m[0;32;32m2024-10-01 16:16:31.572|I|120893611|lpUCM [fds.cpp:FDS_OnLocalUpgProgress:246] total: 27, curr:5, percent:48, rop:16%
[m[0;32;32m2024-10-01 16:16:31.573|I|120893611|lpUCM [fds.cpp:FDS_OnLocalUpgProgress:246] total: 27, curr:5, percent:49, rop:16%
[m[0;32;32m2024-10-01 16:16:31.576|I|120893611|lpUCM [fds.cpp:FDS_OnLocalUpgProgress:246] total: 27, curr:5, percent:50, rop:16%
[m[0;32;32m2024-10-01 16:16:31.576|I|120893611|lpUCM [handler.c:FDS_idhExtractFile:234] CPIO extract success
[m[0;32;32m2024-10-01 16:16:31.576|I|120893611|lpUCM [fds.cpp:FDS_OnLocalUpgProgress:246] total: 27, curr:5, percent:100, rop:18%
[m[1;33m2024-10-01 16:16:31.576|W|120893611|lpUCM [scm.c:FDS_scmDeployImages:443] deploy [5st] success:xbl.elf.rawgz
[m[1;33m2024-10-01 16:16:31.576|W|120893611|lpUCM [scm.c:FDS_scmDeployImages:435] start [6st] deploy:xbl_back.elf.rawgz
[m[0;32;32m2024-10-01 16:16:31.576|I|120893611|lpUCM [fds.cpp:FDS_OnLocalUpgProgress:246] total: 27, curr:6, percent:0, rop:18%
[m[0;32;32m2024-10-01 16:16:31.576|I|120893611|lpUCM [handler.c:FDS_idhFindDesc:79] find time 1, name raw, handler_name = raw
[m[0;32;32m2024-10-01 16:16:31.576|I|120893611|lpUCM [handler.c:FDS_idhFindDesc:94] find handler raw, type = 0
[m[0;32;32m2024-10-01 16:16:31.576|I|120893611|lpUCM [handler.c:FDS_idhFindDesc:79] find time 1, name raw, handler_name = raw
[m[0;32;32m2024-10-01 16:16:31.576|I|120893611|lpUCM [handler.c:FDS_idhFindDesc:94] find handler raw, type = 0
[m[0;32;32m2024-10-01 16:16:31.578|I|120893611|lpUCM [fds.cpp:FDS_OnLocalUpgProgress:246] total: 27, curr:6, percent:1, rop:18%
[m[0;32;32m2024-10-01 16:16:31.579|I|120893611|lpUCM [fds.cpp:FDS_OnLocalUpgProgress:246] total: 27, curr:6, percent:2, rop:18%
[m[0;32;32m2024-10-01 16:16:31.580|I|120893611|lpUCM [fds.cpp:FDS_OnLocalUpgProgress:246] total: 27, curr:6, percent:3, rop:18%
[m[0;32;32m2024-10-01 16:16:31.582|I|120893611|lpUCM [fds.cpp:FDS_OnLocalUpgProgress:246] total: 27, curr:6, percent:4, rop:18%
[m[0;32;32m2024-10-01 16:16:31.583|I|120893611|lpUCM [fds.cpp:FDS_OnLocalUpgProgress:246] total: 27, curr:6, percent:5, rop:18%
[m[0;32;32m2024-10-01 16:16:31.585|I|120893611|lpUCM [fds.cpp:FDS_OnLocalUpgProgress:246] total: 27, curr:6, percent:6, rop:18%
[m[0;32;32m2024-10-01 16:16:31.587|I|120893611|lpUCM [fds.cpp:FDS_OnLocalUpgProgress:246] total: 27, curr:6, percent:7, rop:18%
[m[0;32;32m2024-10-01 16:16:31.589|I|120893611|lpUCM [fds.cpp:FDS_OnLocalUpgProgress:246] total: 27, curr:6, percent:8, rop:18%
[m[0;32;32m2024-10-01 16:16:31.590|I|120893611|lpUCM [fds.cpp:FDS_OnLocalUpgProgress:246] total: 27, curr:6, percent:9, rop:18%
[m[0;32;32m2024-10-01 16:16:31.591|I|120893611|lpUCM [fds.cpp:FDS_OnLocalUpgProgress:246] total: 27, curr:6, percent:10, rop:18%
[m[0;32;32m2024-10-01 16:16:31.592|I|120893611|lpUCM [fds.cpp:FDS_OnLocalUpgProgress:246] total: 27, curr:6, percent:11, rop:18%
[m[0;32;32m2024-10-01 16:16:31.592|I|120893611|lpUCM [fds.cpp:FDS_OnLocalUpgProgress:246] total: 27, curr:6, percent:12, rop:18%
[m[0;32;32m2024-10-01 16:16:31.593|I|120893611|lpUCM [fds.cpp:FDS_OnLocalUpgProgress:246] total: 27, curr:6, percent:13, rop:19%
[m[0;32;32m2024-10-01 16:16:31.594|I|120893611|lpUCM [fds.cpp:FDS_OnLocalUpgProgress:246] total: 27, curr:6, percent:14, rop:19%
[m[0;32;32m2024-10-01 16:16:31.628|I|120893611|lpUCM [fds.cpp:FDS_OnLocalUpgProgress:246] total: 27, curr:6, percent:15, rop:19%
[m[0;32;32m2024-10-01 16:16:31.628|I|120893611|lpUCM [fds.cpp:FDS_OnLocalUpgProgress:246] total: 27, curr:6, percent:16, rop:19%
[m[0;32;32m2024-10-01 16:16:31.628|I|120893611|lpUCM [fds.cpp:FDS_OnLocalUpgProgress:246] total: 27, curr:6, percent:17, rop:19%
[m[0;32;32m2024-10-01 16:16:31.630|I|120893611|lpUCM [fds.cpp:FDS_OnLocalUpgProgress:246] total: 27, curr:6, percent:18, rop:19%
[m[0;32;32m2024-10-01 16:16:31.631|I|120893611|lpUCM [fds.cpp:FDS_OnLocalUpgProgress:246] total: 27, curr:6, percent:19, rop:19%
[m[0;32;32m2024-10-01 16:16:31.632|I|120893611|lpUCM [fds.cpp:FDS_OnLocalUpgProgress:246] total: 27, curr:6, percent:20, rop:19%
[m[0;32;32m2024-10-01 16:16:31.632|I|120893611|lpUCM [fds.cpp:FDS_OnLocalUpgProgress:246] total: 27, curr:6, percent:21, rop:19%
[m[0;32;32m2024-10-01 16:16:31.633|I|120893611|lpUCM [fds.cpp:FDS_OnLocalUpgProgress:246] total: 27, curr:6, percent:22, rop:19%
[m[0;32;32m2024-10-01 16:16:31.634|I|120893611|lpUCM [fds.cpp:FDS_OnLocalUpgProgress:246] total: 27, curr:6, percent:23, rop:19%
[m[0;32;32m2024-10-01 16:16:31.635|I|120893611|lpUCM [fds.cpp:FDS_OnLocalUpgProgress:246] total: 27, curr:6, percent:24, rop:19%
[m[0;32;32m2024-10-01 16:16:31.636|I|120893611|lpUCM [fds.cpp:FDS_OnLocalUpgProgress:246] total: 27, curr:6, percent:25, rop:19%
[m[0;32;32m2024-10-01 16:16:31.636|I|120893611|lpUCM [fds.cpp:FDS_OnLocalUpgProgress:246] total: 27, curr:6, percent:26, rop:19%
[m[0;32;32m2024-10-01 16:16:31.639|I|120893611|lpUCM [fds.cpp:FDS_OnLocalUpgProgress:246] total: 27, curr:6, percent:27, rop:19%
[m[0;32;32m2024-10-01 16:16:31.640|I|120893611|lpUCM [fds.cpp:FDS_OnLocalUpgProgress:246] total: 27, curr:6, percent:28, rop:19%
[m[0;32;32m2024-10-01 16:16:31.641|I|120893611|lpUCM [fds.cpp:FDS_OnLocalUpgProgress:246] total: 27, curr:6, percent:29, rop:19%
[m[0;32;32m2024-10-01 16:16:31.642|I|120893611|lpUCM [fds.cpp:FDS_OnLocalUpgProgress:246] total: 27, curr:6, percent:30, rop:19%
[m[0;32;32m2024-10-01 16:16:31.642|I|120893611|lpUCM [fds.cpp:FDS_OnLocalUpgProgress:246] total: 27, curr:6, percent:31, rop:19%
[m[0;32;32m2024-10-01 16:16:31.644|I|120893611|lpUCM [fds.cpp:FDS_OnLocalUpgProgress:246] total: 27, curr:6, percent:32, rop:19%
[m[0;32;32m2024-10-01 16:16:31.644|I|120893611|lpUCM [fds.cpp:FDS_OnLocalUpgProgress:246] total: 27, curr:6, percent:33, rop:19%
[m[0;32;32m2024-10-01 16:16:31.645|I|120893611|lpUCM [fds.cpp:FDS_OnLocalUpgProgress:246] total: 27, curr:6, percent:34, rop:19%
[m[0;32;32m2024-10-01 16:16:31.646|I|120893611|lpUCM [fds.cpp:FDS_OnLocalUpgProgress:246] total: 27, curr:6, percent:35, rop:19%
[m[0;32;32m2024-10-01 16:16:31.647|I|120893611|lpUCM [fds.cpp:FDS_OnLocalUpgProgress:246] total: 27, curr:6, percent:36, rop:19%
[m[0;32;32m2024-10-01 16:16:31.648|I|120893611|lpUCM [fds.cpp:FDS_OnLocalUpgProgress:246] total: 27, curr:6, percent:37, rop:19%
[m[0;32;32m2024-10-01 16:16:31.648|I|120893611|lpUCM [fds.cpp:FDS_OnLocalUpgProgress:246] total: 27, curr:6, percent:38, rop:19%
[m[0;32;32m2024-10-01 16:16:31.649|I|120893611|lpUCM [fds.cpp:FDS_OnLocalUpgProgress:246] total: 27, curr:6, percent:39, rop:19%
[m[0;32;32m2024-10-01 16:16:31.650|I|120893611|lpUCM [fds.cpp:FDS_OnLocalUpgProgress:246] total: 27, curr:6, percent:40, rop:20%
[m[0;32;32m2024-10-01 16:16:31.650|I|120893611|lpUCM [fds.cpp:FDS_OnLocalUpgProgress:246] total: 27, curr:6, percent:41, rop:20%
[m[0;32;32m2024-10-01 16:16:31.652|I|120893611|lpUCM [fds.cpp:FDS_OnLocalUpgProgress:246] total: 27, curr:6, percent:42, rop:20%
[m[0;32;32m2024-10-01 16:16:31.652|I|120893611|lpUCM [fds.cpp:FDS_OnLocalUpgProgress:246] total: 27, curr:6, percent:43, rop:20%
[m[0;32;32m2024-10-01 16:16:31.653|I|120893611|lpUCM [fds.cpp:FDS_OnLocalUpgProgress:246] total: 27, curr:6, percent:44, rop:20%
[m[0;32;32m2024-10-01 16:16:31.653|I|120893611|lpUCM [fds.cpp:FDS_OnLocalUpgProgress:246] total: 27, curr:6, percent:45, rop:20%
[m[0;32;32m2024-10-01 16:16:31.662|I|120893611|lpUCM [fds.cpp:FDS_OnLocalUpgProgress:246] total: 27, curr:6, percent:46, rop:20%
[m[0;32;32m2024-10-01 16:16:31.665|I|120893611|lpUCM [fds.cpp:FDS_OnLocalUpgProgress:246] total: 27, curr:6, percent:47, rop:20%
[m[0;32;32m2024-10-01 16:16:31.666|I|120893611|lpUCM [fds.cpp:FDS_OnLocalUpgProgress:246] total: 27, curr:6, percent:48, rop:20%
[m[0;32;32m2024-10-01 16:16:31.668|I|120893611|lpUCM [fds.cpp:FDS_OnLocalUpgProgress:246] total: 27, curr:6, percent:49, rop:20%
[m[0;32;32m2024-10-01 16:16:31.670|I|120893611|lpUCM [fds.cpp:FDS_OnLocalUpgProgress:246] total: 27, curr:6, percent:50, rop:20%
[m[0;32;32m2024-10-01 16:16:31.672|I|120893611|lpUCM [handler.c:FDS_idhExtractFile:234] CPIO extract success
[m[0;32;32m2024-10-01 16:16:31.672|I|120893611|lpUCM [fds.cpp:FDS_OnLocalUpgProgress:246] total: 27, curr:6, percent:100, rop:22%
[m[1;33m2024-10-01 16:16:31.672|W|120893611|lpUCM [scm.c:FDS_scmDeployImages:443] deploy [6st] success:xbl_back.elf.rawgz
[m[1;33m2024-10-01 16:16:31.672|W|120893611|lpUCM [scm.c:FDS_scmDeployImages:435] start [7st] deploy:xbl_config.elf.rawgz
[m[0;32;32m2024-10-01 16:16:31.672|I|120893611|lpUCM [fds.cpp:FDS_OnLocalUpgProgress:246] total: 27, curr:7, percent:0, rop:22%
[m[0;32;32m2024-10-01 16:16:31.672|I|120893611|lpUCM [handler.c:FDS_idhFindDesc:79] find time 1, name raw, handler_name = raw
[m[0;32;32m2024-10-01 16:16:31.672|I|120893611|lpUCM [handler.c:FDS_idhFindDesc:94] find handler raw, type = 0
[m[0;32;32m2024-10-01 16:16:31.672|I|120893611|lpUCM [handler.c:FDS_idhFindDesc:79] find time 1, name raw, handler_name = raw
[m[0;32;32m2024-10-01 16:16:31.672|I|120893611|lpUCM [handler.c:FDS_idhFindDesc:94] find handler raw, type = 0
[m[0;32;32m2024-10-01 16:16:31.672|I|120893611|lpUCM [fds.cpp:FDS_OnLocalUpgProgress:246] total: 27, curr:7, percent:42, rop:23%
[m[0;32;32m2024-10-01 16:16:31.676|I|120893611|lpUCM [fds.cpp:FDS_OnLocalUpgProgress:246] total: 27, curr:7, percent:50, rop:24%
[m[0;32;32m2024-10-01 16:16:31.676|I|120893611|lpUCM [handler.c:FDS_idhExtractFile:234] CPIO extract success
[m[0;32;32m2024-10-01 16:16:31.676|I|120893611|lpUCM [fds.cpp:FDS_OnLocalUpgProgress:246] total: 27, curr:7, percent:100, rop:25%
[m[1;33m2024-10-01 16:16:31.676|W|120893611|lpUCM [scm.c:FDS_scmDeployImages:443] deploy [7st] success:xbl_config.elf.rawgz
[m[1;33m2024-10-01 16:16:31.676|W|120893611|lpUCM [scm.c:FDS_scmDeployImages:435] start [8st] deploy:aop.mbn.rawgz
[m[0;32;32m2024-10-01 16:16:31.676|I|120893611|lpUCM [fds.cpp:FDS_OnLocalUpgProgress:246] total: 27, curr:8, percent:0, rop:25%
[m[0;32;32m2024-10-01 16:16:31.676|I|120893611|lpUCM [handler.c:FDS_idhFindDesc:79] find time 1, name raw, handler_name = raw
[m[0;32;32m2024-10-01 16:16:31.676|I|120893611|lpUCM [handler.c:FDS_idhFindDesc:94] find handler raw, type = 0
[m[0;32;32m2024-10-01 16:16:31.676|I|120893611|lpUCM [handler.c:FDS_idhFindDesc:79] find time 1, name raw, handler_name = raw
[m[0;32;32m2024-10-01 16:16:31.676|I|120893611|lpUCM [handler.c:FDS_idhFindDesc:94] find handler raw, type = 0
[m[0;32;32m2024-10-01 16:16:31.676|I|120893611|lpUCM [fds.cpp:FDS_OnLocalUpgProgress:246] total: 27, curr:8, percent:8, rop:26%
[m[0;32;32m2024-10-01 16:16:31.677|I|120893611|lpUCM [fds.cpp:FDS_OnLocalUpgProgress:246] total: 27, curr:8, percent:17, rop:26%
[m[0;32;32m2024-10-01 16:16:31.677|I|120893611|lpUCM [fds.cpp:FDS_OnLocalUpgProgress:246] total: 27, curr:8, percent:25, rop:26%
[m[0;32;32m2024-10-01 16:16:31.677|I|120893611|lpUCM [fds.cpp:FDS_OnLocalUpgProgress:246] total: 27, curr:8, percent:34, rop:27%
[m[0;32;32m2024-10-01 16:16:31.678|I|120893611|lpUCM [fds.cpp:FDS_OnLocalUpgProgress:246] total: 27, curr:8, percent:42, rop:27%
[m[0;32;32m2024-10-01 16:16:31.680|I|120893611|lpUCM [fds.cpp:FDS_OnLocalUpgProgress:246] total: 27, curr:8, percent:50, rop:27%
[m[0;32;32m2024-10-01 16:16:31.680|I|120893611|lpUCM [handler.c:FDS_idhExtractFile:234] CPIO extract success
[m[0;32;32m2024-10-01 16:16:31.680|I|120893611|lpUCM [fds.cpp:FDS_OnLocalUpgProgress:246] total: 27, curr:8, percent:100, rop:29%
[m[1;33m2024-10-01 16:16:31.680|W|120893611|lpUCM [scm.c:FDS_scmDeployImages:443] deploy [8st] success:aop.mbn.rawgz
[m[1;33m2024-10-01 16:16:31.680|W|120893611|lpUCM [scm.c:FDS_scmDeployImages:435] start [9st] deploy:tz.mbn.rawgz
[m[0;32;32m2024-10-01 16:16:31.680|I|120893611|lpUCM [fds.cpp:FDS_OnLocalUpgProgress:246] total: 27, curr:9, percent:0, rop:29%
[m[0;32;32m2024-10-01 16:16:31.680|I|120893611|lpUCM [handler.c:FDS_idhFindDesc:79] find time 1, name raw, handler_name = raw
[m[0;32;32m2024-10-01 16:16:31.680|I|120893611|lpUCM [handler.c:FDS_idhFindDesc:94] find handler raw, type = 0
[m[0;32;32m2024-10-01 16:16:31.680|I|120893611|lpUCM [handler.c:FDS_idhFindDesc:79] find time 1, name raw, handler_name = raw
[m[0;32;32m2024-10-01 16:16:31.680|I|120893611|lpUCM [handler.c:FDS_idhFindDesc:94] find handler raw, type = 0
[m[0;32;32m2024-10-01 16:16:31.681|I|120893611|lpUCM [fds.cpp:FDS_OnLocalUpgProgress:246] total: 27, curr:9, percent:1, rop:29%
[m[0;32;32m2024-10-01 16:16:31.683|I|120893611|lpUCM [fds.cpp:FDS_OnLocalUpgProgress:246] total: 27, curr:9, percent:2, rop:29%
[m[0;32;32m2024-10-01 16:16:31.685|I|120893611|lpUCM [fds.cpp:FDS_OnLocalUpgProgress:246] total: 27, curr:9, percent:3, rop:29%
[m[0;32;32m2024-10-01 16:16:31.686|I|120893611|lpUCM [fds.cpp:FDS_OnLocalUpgProgress:246] total: 27, curr:9, percent:4, rop:29%
[m[0;32;32m2024-10-01 16:16:31.687|I|120893611|lpUCM [fds.cpp:FDS_OnLocalUpgProgress:246] total: 27, curr:9, percent:5, rop:29%
[m[0;32;32m2024-10-01 16:16:31.689|I|120893611|lpUCM [fds.cpp:FDS_OnLocalUpgProgress:246] total: 27, curr:9, percent:6, rop:29%
[m[0;32;32m2024-10-01 16:16:31.690|I|120893611|lpUCM [fds.cpp:FDS_OnLocalUpgProgress:246] total: 27, curr:9, percent:7, rop:29%
[m[0;32;32m2024-10-01 16:16:31.691|I|120893611|lpUCM [fds.cpp:FDS_OnLocalUpgProgress:246] total: 27, curr:9, percent:8, rop:29%
[m[0;32;32m2024-10-01 16:16:31.692|I|120893611|lpUCM [fds.cpp:FDS_OnLocalUpgProgress:246] total: 27, curr:9, percent:9, rop:29%
[m[0;32;32m2024-10-01 16:16:31.692|I|120893611|lpUCM [fds.cpp:FDS_OnLocalUpgProgress:246] total: 27, curr:9, percent:10, rop:30%
[m[0;32;32m2024-10-01 16:16:31.694|I|120893611|lpUCM [fds.cpp:FDS_OnLocalUpgProgress:246] total: 27, curr:9, percent:11, rop:30%
[m[0;32;32m2024-10-01 16:16:31.695|I|120893611|lpUCM [fds.cpp:FDS_OnLocalUpgProgress:246] total: 27, curr:9, percent:12, rop:30%
[m[0;32;32m2024-10-01 16:16:31.696|I|120893611|lpUCM [fds.cpp:FDS_OnLocalUpgProgress:246] total: 27, curr:9, percent:13, rop:30%
[m[0;32;32m2024-10-01 16:16:31.697|I|120893611|lpUCM [fds.cpp:FDS_OnLocalUpgProgress:246] total: 27, curr:9, percent:14, rop:30%
[m[0;32;32m2024-10-01 16:16:31.698|I|120893611|lpUCM [fds.cpp:FDS_OnLocalUpgProgress:246] total: 27, curr:9, percent:15, rop:30%
[m[0;32;32m2024-10-01 16:16:31.699|I|120893611|lpUCM [fds.cpp:FDS_OnLocalUpgProgress:246] total: 27, curr:9, percent:16, rop:30%
[m[0;32;32m2024-10-01 16:16:31.699|I|120893611|lpUCM [fds.cpp:FDS_OnLocalUpgProgress:246] total: 27, curr:9, percent:17, rop:30%
[m[0;32;32m2024-10-01 16:16:31.700|I|120893611|lpUCM [fds.cpp:FDS_OnLocalUpgProgress:246] total: 27, curr:9, percent:18, rop:30%
[m[0;32;32m2024-10-01 16:16:31.701|I|120893611|lpUCM [fds.cpp:FDS_OnLocalUpgProgress:246] total: 27, curr:9, percent:19, rop:30%
[m[0;32;32m2024-10-01 16:16:31.702|I|120893611|lpUCM [fds.cpp:FDS_OnLocalUpgProgress:246] total: 27, curr:9, percent:20, rop:30%
[m[0;32;32m2024-10-01 16:16:31.714|I|120893611|lpUCM [fds.cpp:FDS_OnLocalUpgProgress:246] total: 27, curr:9, percent:21, rop:30%
[m[0;32;32m2024-10-01 16:16:31.718|I|120893611|lpUCM [fds.cpp:FDS_OnLocalUpgProgress:246] total: 27, curr:9, percent:22, rop:30%
[m[0;32;32m2024-10-01 16:16:31.721|I|120893611|lpUCM [fds.cpp:FDS_OnLocalUpgProgress:246] total: 27, curr:9, percent:23, rop:30%
[m[0;32;32m2024-10-01 16:16:31.732|I|120893611|lpUCM [fds.cpp:FDS_OnLocalUpgProgress:246] total: 27, curr:9, percent:24, rop:30%
[m[0;32;32m2024-10-01 16:16:31.734|I|120893611|lpUCM [fds.cpp:FDS_OnLocalUpgProgress:246] total: 27, curr:9, percent:25, rop:30%
[m[0;32;32m2024-10-01 16:16:31.736|I|120893611|lpUCM [fds.cpp:FDS_OnLocalUpgProgress:246] total: 27, curr:9, percent:26, rop:30%
[m[0;32;32m2024-10-01 16:16:31.739|I|120893611|lpUCM [fds.cpp:FDS_OnLocalUpgProgress:246] total: 27, curr:9, percent:27, rop:30%
[m[0;32;32m2024-10-01 16:16:31.740|I|120893611|lpUCM [fds.cpp:FDS_OnLocalUpgProgress:246] total: 27, curr:9, percent:28, rop:30%
[m[0;32;32m2024-10-01 16:16:31.742|I|120893611|lpUCM [fds.cpp:FDS_OnLocalUpgProgress:246] total: 27, curr:9, percent:29, rop:30%
[m[0;32;32m2024-10-01 16:16:31.743|I|120893611|lpUCM [fds.cpp:FDS_OnLocalUpgProgress:246] total: 27, curr:9, percent:30, rop:30%
[m[0;32;32m2024-10-01 16:16:31.744|I|120893611|lpUCM [fds.cpp:FDS_OnLocalUpgProgress:246] total: 27, curr:9, percent:31, rop:30%
[m[0;32;32m2024-10-01 16:16:31.745|I|120893611|lpUCM [fds.cpp:FDS_OnLocalUpgProgress:246] total: 27, curr:9, percent:32, rop:30%
[m[0;32;32m2024-10-01 16:16:31.745|I|120893611|lpUCM [fds.cpp:FDS_OnLocalUpgProgress:246] total: 27, curr:9, percent:33, rop:30%
[m[0;32;32m2024-10-01 16:16:31.746|I|120893611|lpUCM [fds.cpp:FDS_OnLocalUpgProgress:246] total: 27, curr:9, percent:34, rop:30%
[m[0;32;32m2024-10-01 16:16:31.748|I|120893611|lpUCM [fds.cpp:FDS_OnLocalUpgProgress:246] total: 27, curr:9, percent:35, rop:30%
[m[0;32;32m2024-10-01 16:16:31.749|I|120893611|lpUCM [fds.cpp:FDS_OnLocalUpgProgress:246] total: 27, curr:9, percent:36, rop:30%
[m[0;32;32m2024-10-01 16:16:31.750|I|120893611|lpUCM [fds.cpp:FDS_OnLocalUpgProgress:246] total: 27, curr:9, percent:37, rop:31%
[m[0;32;32m2024-10-01 16:16:31.752|I|120893611|lpUCM [fds.cpp:FDS_OnLocalUpgProgress:246] total: 27, curr:9, percent:38, rop:31%
[m[0;32;32m2024-10-01 16:16:31.753|I|120893611|lpUCM [fds.cpp:FDS_OnLocalUpgProgress:246] total: 27, curr:9, percent:39, rop:31%
[m[0;32;32m2024-10-01 16:16:31.754|I|120893611|lpUCM [fds.cpp:FDS_OnLocalUpgProgress:246] total: 27, curr:9, percent:40, rop:31%
[m[0;32;32m2024-10-01 16:16:31.755|I|120893611|lpUCM [fds.cpp:FDS_OnLocalUpgProgress:246] total: 27, curr:9, percent:41, rop:31%
[m[0;32;32m2024-10-01 16:16:31.756|I|120893611|lpUCM [fds.cpp:FDS_OnLocalUpgProgress:246] total: 27, curr:9, percent:42, rop:31%
[m[0;32;32m2024-10-01 16:16:31.757|I|120893611|lpUCM [fds.cpp:FDS_OnLocalUpgProgress:246] total: 27, curr:9, percent:43, rop:31%
[m[0;32;32m2024-10-01 16:16:31.758|I|120893611|lpUCM [fds.cpp:FDS_OnLocalUpgProgress:246] total: 27, curr:9, percent:44, rop:31%
[m[0;32;32m2024-10-01 16:16:31.759|I|120893611|lpUCM [fds.cpp:FDS_OnLocalUpgProgress:246] total: 27, curr:9, percent:45, rop:31%
[m[0;32;32m2024-10-01 16:16:31.761|I|120893611|lpUCM [fds.cpp:FDS_OnLocalUpgProgress:246] total: 27, curr:9, percent:46, rop:31%
[m[0;32;32m2024-10-01 16:16:31.762|I|120893611|lpUCM [fds.cpp:FDS_OnLocalUpgProgress:246] total: 27, curr:9, percent:47, rop:31%
[m[0;32;32m2024-10-01 16:16:31.763|I|120893611|lpUCM [fds.cpp:FDS_OnLocalUpgProgress:246] total: 27, curr:9, percent:48, rop:31%
[m[0;32;32m2024-10-01 16:16:31.764|I|120893611|lpUCM [fds.cpp:FDS_OnLocalUpgProgress:246] total: 27, curr:9, percent:49, rop:31%
[m[0;32;32m2024-10-01 16:16:31.765|I|120893611|lpUCM [fds.cpp:FDS_OnLocalUpgProgress:246] total: 27, curr:9, percent:50, rop:31%
[m[0;32;32m2024-10-01 16:16:31.766|I|120893611|lpUCM [handler.c:FDS_idhExtractFile:234] CPIO extract success
[m[0;32;32m2024-10-01 16:16:31.766|I|120893611|lpUCM [fds.cpp:FDS_OnLocalUpgProgress:246] total: 27, curr:9, percent:100, rop:33%
[m[1;33m2024-10-01 16:16:31.766|W|120893611|lpUCM [scm.c:FDS_scmDeployImages:443] deploy [9st] success:tz.mbn.rawgz
[m[1;33m2024-10-01 16:16:31.766|W|120893611|lpUCM [scm.c:FDS_scmDeployImages:435] start [10st] deploy:abl_fastboot.elf.rawgz
[m[0;32;32m2024-10-01 16:16:31.766|I|120893611|lpUCM [fds.cpp:FDS_OnLocalUpgProgress:246] total: 27, curr:10, percent:0, rop:33%
[m[0;32;32m2024-10-01 16:16:31.766|I|120893611|lpUCM [handler.c:FDS_idhFindDesc:79] find time 1, name raw, handler_name = raw
[m[0;32;32m2024-10-01 16:16:31.766|I|120893611|lpUCM [handler.c:FDS_idhFindDesc:94] find handler raw, type = 0
[m[0;32;32m2024-10-01 16:16:31.766|I|120893611|lpUCM [handler.c:FDS_idhFindDesc:79] find time 1, name raw, handler_name = raw
[m[0;32;32m2024-10-01 16:16:31.766|I|120893611|lpUCM [handler.c:FDS_idhFindDesc:94] find handler raw, type = 0
[m[0;32;32m2024-10-01 16:16:31.767|I|120893611|lpUCM [fds.cpp:FDS_OnLocalUpgProgress:246] total: 27, curr:10, percent:9, rop:33%
[m[0;32;32m2024-10-01 16:16:31.767|I|120893611|lpUCM [fds.cpp:FDS_OnLocalUpgProgress:246] total: 27, curr:10, percent:19, rop:34%
[m[0;32;32m2024-10-01 16:16:31.767|I|120893611|lpUCM [fds.cpp:FDS_OnLocalUpgProgress:246] total: 27, curr:10, percent:29, rop:34%
[m[0;32;32m2024-10-01 16:16:31.768|I|120893611|lpUCM [fds.cpp:FDS_OnLocalUpgProgress:246] total: 27, curr:10, percent:39, rop:34%
[m[0;32;32m2024-10-01 16:16:31.768|I|120893611|lpUCM [fds.cpp:FDS_OnLocalUpgProgress:246] total: 27, curr:10, percent:49, rop:35%
[m[0;32;32m2024-10-01 16:16:31.768|I|120893611|lpUCM [fds.cpp:FDS_OnLocalUpgProgress:246] total: 27, curr:10, percent:50, rop:35%
[m[0;32;32m2024-10-01 16:16:31.769|I|120893611|lpUCM [handler.c:FDS_idhExtractFile:234] CPIO extract success
[m[0;32;32m2024-10-01 16:16:31.769|I|120893611|lpUCM [fds.cpp:FDS_OnLocalUpgProgress:246] total: 27, curr:10, percent:100, rop:37%
[m[1;33m2024-10-01 16:16:31.769|W|120893611|lpUCM [scm.c:FDS_scmDeployImages:443] deploy [10st] success:abl_fastboot.elf.rawgz
[m[1;33m2024-10-01 16:16:31.769|W|120893611|lpUCM [scm.c:FDS_scmDeployImages:435] start [11st] deploy:host_vbmeta_la.bin.rawgz
[m[0;32;32m2024-10-01 16:16:31.769|I|120893611|lpUCM [fds.cpp:FDS_OnLocalUpgProgress:246] total: 27, curr:11, percent:0, rop:37%
[m[0;32;32m2024-10-01 16:16:31.769|I|120893611|lpUCM [handler.c:FDS_idhFindDesc:79] find time 1, name raw, handler_name = raw
[m[0;32;32m2024-10-01 16:16:31.769|I|120893611|lpUCM [handler.c:FDS_idhFindDesc:94] find handler raw, type = 0
[m[0;32;32m2024-10-01 16:16:31.769|I|120893611|lpUCM [handler.c:FDS_idhFindDesc:79] find time 1, name raw, handler_name = raw
[m[0;32;32m2024-10-01 16:16:31.769|I|120893611|lpUCM [handler.c:FDS_idhFindDesc:94] find handler raw, type = 0
[m[0;32;32m2024-10-01 16:16:31.769|I|120893611|lpUCM [fds.cpp:FDS_OnLocalUpgProgress:246] total: 27, curr:11, percent:50, rop:38%
[m[0;32;32m2024-10-01 16:16:31.769|I|120893611|lpUCM [handler.c:FDS_idhExtractFile:234] CPIO extract success
[m[0;32;32m2024-10-01 16:16:31.769|I|120893611|lpUCM [fds.cpp:FDS_OnLocalUpgProgress:246] total: 27, curr:11, percent:100, rop:40%
[m[1;33m2024-10-01 16:16:31.769|W|120893611|lpUCM [scm.c:FDS_scmDeployImages:443] deploy [11st] success:host_vbmeta_la.bin.rawgz
[m[1;33m2024-10-01 16:16:31.769|W|120893611|lpUCM [scm.c:FDS_scmDeployImages:435] start [12st] deploy:smss.elf.rawgz
[m[0;32;32m2024-10-01 16:16:31.769|I|120893611|lpUCM [fds.cpp:FDS_OnLocalUpgProgress:246] total: 27, curr:12, percent:0, rop:40%
[m[0;32;32m2024-10-01 16:16:31.769|I|120893611|lpUCM [handler.c:FDS_idhFindDesc:79] find time 1, name raw, handler_name = raw
[m[0;32;32m2024-10-01 16:16:31.769|I|120893611|lpUCM [handler.c:FDS_idhFindDesc:94] find handler raw, type = 0
[m[0;32;32m2024-10-01 16:16:31.769|I|120893611|lpUCM [handler.c:FDS_idhFindDesc:79] find time 1, name raw, handler_name = raw
[m[0;32;32m2024-10-01 16:16:31.769|I|120893611|lpUCM [handler.c:FDS_idhFindDesc:94] find handler raw, type = 0
[m[0;32;32m2024-10-01 16:16:31.769|I|120893611|lpUCM [fds.cpp:FDS_OnLocalUpgProgress:246] total: 27, curr:12, percent:7, rop:41%
[m[0;32;32m2024-10-01 16:16:31.770|I|120893611|lpUCM [fds.cpp:FDS_OnLocalUpgProgress:246] total: 27, curr:12, percent:14, rop:41%
[m[0;32;32m2024-10-01 16:16:31.772|I|120893611|lpUCM [fds.cpp:FDS_OnLocalUpgProgress:246] total: 27, curr:12, percent:21, rop:41%
[m[0;32;32m2024-10-01 16:16:31.772|I|120893611|lpUCM [fds.cpp:FDS_OnLocalUpgProgress:246] total: 27, curr:12, percent:28, rop:41%
[m[0;32;32m2024-10-01 16:16:31.773|I|120893611|lpUCM [fds.cpp:FDS_OnLocalUpgProgress:246] total: 27, curr:12, percent:35, rop:42%
[m[0;32;32m2024-10-01 16:16:31.773|I|120893611|lpUCM [fds.cpp:FDS_OnLocalUpgProgress:246] total: 27, curr:12, percent:42, rop:42%
[m[0;32;32m2024-10-01 16:16:31.777|I|120893611|lpUCM [fds.cpp:FDS_OnLocalUpgProgress:246] total: 27, curr:12, percent:49, rop:42%
[m[0;32;32m2024-10-01 16:16:31.778|I|120893611|lpUCM [fds.cpp:FDS_OnLocalUpgProgress:246] total: 27, curr:12, percent:50, rop:42%
[m[0;32;32m2024-10-01 16:16:31.778|I|120893611|lpUCM [handler.c:FDS_idhExtractFile:234] CPIO extract success
[m[0;32;32m2024-10-01 16:16:31.778|I|120893611|lpUCM [fds.cpp:FDS_OnLocalUpgProgress:246] total: 27, curr:12, percent:100, rop:44%
[m[1;33m2024-10-01 16:16:31.778|W|120893611|lpUCM [scm.c:FDS_scmDeployImages:443] deploy [12st] success:smss.elf.rawgz
[m[1;33m2024-10-01 16:16:31.778|W|120893611|lpUCM [scm.c:FDS_scmDeployImages:435] start [13st] deploy:boot_la.bin.rawgz
[m[0;32;32m2024-10-01 16:16:31.778|I|120893611|lpUCM [fds.cpp:FDS_OnLocalUpgProgress:246] total: 27, curr:13, percent:0, rop:44%
[m[0;32;32m2024-10-01 16:16:31.778|I|120893611|lpUCM [handler.c:FDS_idhFindDesc:79] find time 1, name raw, handler_name = raw
[m[0;32;32m2024-10-01 16:16:31.778|I|120893611|lpUCM [handler.c:FDS_idhFindDesc:94] find handler raw, type = 0
[m[0;32;32m2024-10-01 16:16:31.778|I|120893611|lpUCM [handler.c:FDS_idhFindDesc:79] find time 1, name raw, handler_name = raw
[m[0;32;32m2024-10-01 16:16:31.778|I|120893611|lpUCM [handler.c:FDS_idhFindDesc:94] find handler raw, type = 0
[m[0;32;32m2024-10-01 16:16:31.779|I|120893611|lpUCM [fds.cpp:FDS_OnLocalUpgProgress:246] total: 27, curr:13, percent:1, rop:44%
[m[0;32;32m2024-10-01 16:16:31.780|I|120893611|lpUCM [fds.cpp:FDS_OnLocalUpgProgress:246] total: 27, curr:13, percent:2, rop:44%
[m[0;32;32m2024-10-01 16:16:31.780|I|120893611|lpUCM [fds.cpp:FDS_OnLocalUpgProgress:246] total: 27, curr:13, percent:3, rop:44%
[m[0;32;32m2024-10-01 16:16:31.781|I|120893611|lpUCM [fds.cpp:FDS_OnLocalUpgProgress:246] total: 27, curr:13, percent:4, rop:44%
[m[0;32;32m2024-10-01 16:16:31.782|I|120893611|lpUCM [fds.cpp:FDS_OnLocalUpgProgress:246] total: 27, curr:13, percent:5, rop:44%
[m[0;32;32m2024-10-01 16:16:31.783|I|120893611|lpUCM [fds.cpp:FDS_OnLocalUpgProgress:246] total: 27, curr:13, percent:6, rop:44%
[m[0;32;32m2024-10-01 16:16:31.784|I|120893611|lpUCM [fds.cpp:FDS_OnLocalUpgProgress:246] total: 27, curr:13, percent:7, rop:44%
[m[0;32;32m2024-10-01 16:16:31.784|I|120893611|lpUCM [fds.cpp:FDS_OnLocalUpgProgress:246] total: 27, curr:13, percent:8, rop:44%
[m[0;32;32m2024-10-01 16:16:31.785|I|120893611|lpUCM [fds.cpp:FDS_OnLocalUpgProgress:246] total: 27, curr:13, percent:9, rop:44%
[m[0;32;32m2024-10-01 16:16:31.785|I|120893611|lpUCM [fds.cpp:FDS_OnLocalUpgProgress:246] total: 27, curr:13, percent:10, rop:44%
[m[0;32;32m2024-10-01 16:16:31.786|I|120893611|lpUCM [fds.cpp:FDS_OnLocalUpgProgress:246] total: 27, curr:13, percent:11, rop:44%
[m[0;32;32m2024-10-01 16:16:31.787|I|120893611|lpUCM [fds.cpp:FDS_OnLocalUpgProgress:246] total: 27, curr:13, percent:12, rop:44%
[m[0;32;32m2024-10-01 16:16:31.788|I|120893611|lpUCM [fds.cpp:FDS_OnLocalUpgProgress:246] total: 27, curr:13, percent:13, rop:44%
[m[0;32;32m2024-10-01 16:16:31.788|I|120893611|lpUCM [fds.cpp:FDS_OnLocalUpgProgress:246] total: 27, curr:13, percent:14, rop:44%
[m[0;32;32m2024-10-01 16:16:31.789|I|120893611|lpUCM [fds.cpp:FDS_OnLocalUpgProgress:246] total: 27, curr:13, percent:15, rop:45%
[m[0;32;32m2024-10-01 16:16:31.790|I|120893611|lpUCM [fds.cpp:FDS_OnLocalUpgProgress:246] total: 27, curr:13, percent:16, rop:45%
[m[0;32;32m2024-10-01 16:16:31.791|I|120893611|lpUCM [fds.cpp:FDS_OnLocalUpgProgress:246] total: 27, curr:13, percent:17, rop:45%
[m[0;32;32m2024-10-01 16:16:31.791|I|120893611|lpUCM [fds.cpp:FDS_OnLocalUpgProgress:246] total: 27, curr:13, percent:18, rop:45%
[m[0;32;32m2024-10-01 16:16:31.792|I|120893611|lpUCM [fds.cpp:FDS_OnLocalUpgProgress:246] total: 27, curr:13, percent:19, rop:45%
[m[0;32;32m2024-10-01 16:16:31.793|I|120893611|lpUCM [fds.cpp:FDS_OnLocalUpgProgress:246] total: 27, curr:13, percent:20, rop:45%
[m[0;32;32m2024-10-01 16:16:31.793|I|120893611|lpUCM [fds.cpp:FDS_OnLocalUpgProgress:246] total: 27, curr:13, percent:21, rop:45%
[m[0;32;32m2024-10-01 16:16:31.794|I|120893611|lpUCM [fds.cpp:FDS_OnLocalUpgProgress:246] total: 27, curr:13, percent:22, rop:45%
[m[0;32;32m2024-10-01 16:16:31.795|I|120893611|lpUCM [fds.cpp:FDS_OnLocalUpgProgress:246] total: 27, curr:13, percent:23, rop:45%
[m[0;32;32m2024-10-01 16:16:31.795|I|120893611|lpUCM [fds.cpp:FDS_OnLocalUpgProgress:246] total: 27, curr:13, percent:24, rop:45%
[m[0;32;32m2024-10-01 16:16:31.796|I|120893611|lpUCM [fds.cpp:FDS_OnLocalUpgProgress:246] total: 27, curr:13, percent:25, rop:45%
[m[0;32;32m2024-10-01 16:16:31.796|I|120893611|lpUCM [fds.cpp:FDS_OnLocalUpgProgress:246] total: 27, curr:13, percent:26, rop:45%
[m[0;32;32m2024-10-01 16:16:31.797|I|120893611|lpUCM [fds.cpp:FDS_OnLocalUpgProgress:246] total: 27, curr:13, percent:27, rop:45%
[m[0;32;32m2024-10-01 16:16:31.798|I|120893611|lpUCM [fds.cpp:FDS_OnLocalUpgProgress:246] total: 27, curr:13, percent:28, rop:45%
[m[0;32;32m2024-10-01 16:16:31.818|I|120893611|lpUCM [fds.cpp:FDS_OnLocalUpgProgress:246] total: 27, curr:13, percent:29, rop:45%
[m[0;32;32m2024-10-01 16:16:31.820|I|120893611|lpUCM [fds.cpp:FDS_OnLocalUpgProgress:246] total: 27, curr:13, percent:30, rop:45%
[m[0;32;32m2024-10-01 16:16:31.832|I|120893611|lpUCM [fds.cpp:FDS_OnLocalUpgProgress:246] total: 27, curr:13, percent:31, rop:45%
[m[0;32;32m2024-10-01 16:16:31.833|I|120893611|lpUCM [fds.cpp:FDS_OnLocalUpgProgress:246] total: 27, curr:13, percent:32, rop:45%
[m[0;32;32m2024-10-01 16:16:31.834|I|120893611|lpUCM [fds.cpp:FDS_OnLocalUpgProgress:246] total: 27, curr:13, percent:33, rop:45%
[m[0;32;32m2024-10-01 16:16:31.835|I|120893611|lpUCM [fds.cpp:FDS_OnLocalUpgProgress:246] total: 27, curr:13, percent:34, rop:45%
[m[0;32;32m2024-10-01 16:16:31.835|I|120893611|lpUCM [fds.cpp:FDS_OnLocalUpgProgress:246] total: 27, curr:13, percent:35, rop:45%
[m[0;32;32m2024-10-01 16:16:31.836|I|120893611|lpUCM [fds.cpp:FDS_OnLocalUpgProgress:246] total: 27, curr:13, percent:36, rop:45%
[m[0;32;32m2024-10-01 16:16:31.838|I|120893611|lpUCM [fds.cpp:FDS_OnLocalUpgProgress:246] total: 27, curr:13, percent:37, rop:45%
[m[0;32;32m2024-10-01 16:16:31.840|I|120893611|lpUCM [fds.cpp:FDS_OnLocalUpgProgress:246] total: 27, curr:13, percent:38, rop:45%
[m[0;32;32m2024-10-01 16:16:31.841|I|120893611|lpUCM [fds.cpp:FDS_OnLocalUpgProgress:246] total: 27, curr:13, percent:39, rop:45%
[m[0;32;32m2024-10-01 16:16:31.842|I|120893611|lpUCM [fds.cpp:FDS_OnLocalUpgProgress:246] total: 27, curr:13, percent:40, rop:45%
[m[0;32;32m2024-10-01 16:16:31.843|I|120893611|lpUCM [fds.cpp:FDS_OnLocalUpgProgress:246] total: 27, curr:13, percent:41, rop:45%
[m[0;32;32m2024-10-01 16:16:31.844|I|120893611|lpUCM [fds.cpp:FDS_OnLocalUpgProgress:246] total: 27, curr:13, percent:42, rop:46%
[m[0;32;32m2024-10-01 16:16:31.845|I|120893611|lpUCM [fds.cpp:FDS_OnLocalUpgProgress:246] total: 27, curr:13, percent:43, rop:46%
[m[0;32;32m2024-10-01 16:16:31.846|I|120893611|lpUCM [fds.cpp:FDS_OnLocalUpgProgress:246] total: 27, curr:13, percent:44, rop:46%
[m[0;32;32m2024-10-01 16:16:31.846|I|120893611|lpUCM [fds.cpp:FDS_OnLocalUpgProgress:246] total: 27, curr:13, percent:45, rop:46%
[m[0;32;32m2024-10-01 16:16:31.848|I|120893611|lpUCM [fds.cpp:FDS_OnLocalUpgProgress:246] total: 27, curr:13, percent:46, rop:46%
[m[0;32;32m2024-10-01 16:16:31.848|I|120893611|lpUCM [fds.cpp:FDS_OnLocalUpgProgress:246] total: 27, curr:13, percent:47, rop:46%
[m[0;32;32m2024-10-01 16:16:31.849|I|120893611|lpUCM [fds.cpp:FDS_OnLocalUpgProgress:246] total: 27, curr:13, percent:48, rop:46%
[m[0;32;32m2024-10-01 16:16:31.850|I|120893611|lpUCM [fds.cpp:FDS_OnLocalUpgProgress:246] total: 27, curr:13, percent:49, rop:46%
[m[0;32;32m2024-10-01 16:16:31.851|I|120893611|lpUCM [fds.cpp:FDS_OnLocalUpgProgress:246] total: 27, curr:13, percent:50, rop:46%
[m[0;32;32m2024-10-01 16:16:31.851|I|120893611|lpUCM [handler.c:FDS_idhExtractFile:234] CPIO extract success
[m[0;32;32m2024-10-01 16:16:31.851|I|120893611|lpUCM [fds.cpp:FDS_OnLocalUpgProgress:246] total: 27, curr:13, percent:100, rop:48%
[m[1;33m2024-10-01 16:16:31.851|W|120893611|lpUCM [scm.c:FDS_scmDeployImages:443] deploy [13st] success:boot_la.bin.rawgz
[m[1;33m2024-10-01 16:16:31.851|W|120893611|lpUCM [scm.c:FDS_scmDeployImages:435] start [14st] deploy:devcfg_auto.mbn.rawgz
[m[0;32;32m2024-10-01 16:16:31.851|I|120893611|lpUCM [fds.cpp:FDS_OnLocalUpgProgress:246] total: 27, curr:14, percent:0, rop:48%
[m[0;32;32m2024-10-01 16:16:31.851|I|120893611|lpUCM [handler.c:FDS_idhFindDesc:79] find time 1, name raw, handler_name = raw
[m[0;32;32m2024-10-01 16:16:31.851|I|120893611|lpUCM [handler.c:FDS_idhFindDesc:94] find handler raw, type = 0
[m[0;32;32m2024-10-01 16:16:31.851|I|120893611|lpUCM [handler.c:FDS_idhFindDesc:79] find time 1, name raw, handler_name = raw
[m[0;32;32m2024-10-01 16:16:31.851|I|120893611|lpUCM [handler.c:FDS_idhFindDesc:94] find handler raw, type = 0
[m[0;32;32m2024-10-01 16:16:31.851|I|120893611|lpUCM [fds.cpp:FDS_OnLocalUpgProgress:246] total: 27, curr:14, percent:41, rop:49%
[m[0;32;32m2024-10-01 16:16:31.852|I|120893611|lpUCM [fds.cpp:FDS_OnLocalUpgProgress:246] total: 27, curr:14, percent:50, rop:50%
[m[0;32;32m2024-10-01 16:16:31.852|I|120893611|lpUCM [handler.c:FDS_idhExtractFile:234] CPIO extract success
[m[0;32;32m2024-10-01 16:16:31.852|I|120893611|lpUCM [fds.cpp:FDS_OnLocalUpgProgress:246] total: 27, curr:14, percent:100, rop:51%
[m[1;33m2024-10-01 16:16:31.852|W|120893611|lpUCM [scm.c:FDS_scmDeployImages:443] deploy [14st] success:devcfg_auto.mbn.rawgz
[m[1;33m2024-10-01 16:16:31.852|W|120893611|lpUCM [scm.c:FDS_scmDeployImages:435] start [15st] deploy:multi_image.mbn.rawgz
[m[0;32;32m2024-10-01 16:16:31.852|I|120893611|lpUCM [fds.cpp:FDS_OnLocalUpgProgress:246] total: 27, curr:15, percent:0, rop:51%
[m[0;32;32m2024-10-01 16:16:31.852|I|120893611|lpUCM [handler.c:FDS_idhFindDesc:79] find time 1, name raw, handler_name = raw
[m[0;32;32m2024-10-01 16:16:31.852|I|120893611|lpUCM [handler.c:FDS_idhFindDesc:94] find handler raw, type = 0
[m[0;32;32m2024-10-01 16:16:31.852|I|120893611|lpUCM [handler.c:FDS_idhFindDesc:79] find time 1, name raw, handler_name = raw
[m[0;32;32m2024-10-01 16:16:31.852|I|120893611|lpUCM [handler.c:FDS_idhFindDesc:94] find handler raw, type = 0
[m[0;32;32m2024-10-01 16:16:31.853|I|120893611|lpUCM [fds.cpp:FDS_OnLocalUpgProgress:246] total: 27, curr:15, percent:50, rop:53%
[m[0;32;32m2024-10-01 16:16:31.853|I|120893611|lpUCM [handler.c:FDS_idhExtractFile:234] CPIO extract success
[m[0;32;32m2024-10-01 16:16:31.853|I|120893611|lpUCM [fds.cpp:FDS_OnLocalUpgProgress:246] total: 27, curr:15, percent:100, rop:55%
[m[1;33m2024-10-01 16:16:31.853|W|120893611|lpUCM [scm.c:FDS_scmDeployImages:443] deploy [15st] success:multi_image.mbn.rawgz
[m[1;33m2024-10-01 16:16:31.853|W|120893611|lpUCM [scm.c:FDS_scmDeployImages:435] start [16st] deploy:imagefv.elf.rawgz
[m[0;32;32m2024-10-01 16:16:31.853|I|120893611|lpUCM [fds.cpp:FDS_OnLocalUpgProgress:246] total: 27, curr:16, percent:0, rop:55%
[m[0;32;32m2024-10-01 16:16:31.853|I|120893611|lpUCM [handler.c:FDS_idhFindDesc:79] find time 1, name raw, handler_name = raw
[m[0;32;32m2024-10-01 16:16:31.853|I|120893611|lpUCM [handler.c:FDS_idhFindDesc:94] find handler raw, type = 0
[m[0;32;32m2024-10-01 16:16:31.853|I|120893611|lpUCM [handler.c:FDS_idhFindDesc:79] find time 1, name raw, handler_name = raw
[m[0;32;32m2024-10-01 16:16:31.853|I|120893611|lpUCM [handler.c:FDS_idhFindDesc:94] find handler raw, type = 0
[m[0;32;32m2024-10-01 16:16:31.853|I|120893611|lpUCM [fds.cpp:FDS_OnLocalUpgProgress:246] total: 27, curr:16, percent:50, rop:57%
[m[0;32;32m2024-10-01 16:16:31.853|I|120893611|lpUCM [handler.c:FDS_idhExtractFile:234] CPIO extract success
[m[0;32;32m2024-10-01 16:16:31.853|I|120893611|lpUCM [fds.cpp:FDS_OnLocalUpgProgress:246] total: 27, curr:16, percent:100, rop:59%
[m[1;33m2024-10-01 16:16:31.853|W|120893611|lpUCM [scm.c:FDS_scmDeployImages:443] deploy [16st] success:imagefv.elf.rawgz
[m[1;33m2024-10-01 16:16:31.853|W|120893611|lpUCM [scm.c:FDS_scmDeployImages:435] start [17st] deploy:shrm.elf.rawgz
[m[0;32;32m2024-10-01 16:16:31.853|I|120893611|lpUCM [fds.cpp:FDS_OnLocalUpgProgress:246] total: 27, curr:17, percent:0, rop:59%
[m[0;32;32m2024-10-01 16:16:31.853|I|120893611|lpUCM [handler.c:FDS_idhFindDesc:79] find time 1, name raw, handler_name = raw
[m[0;32;32m2024-10-01 16:16:31.853|I|120893611|lpUCM [handler.c:FDS_idhFindDesc:94] find handler raw, type = 0
[m[0;32;32m2024-10-01 16:16:31.853|I|120893611|lpUCM [handler.c:FDS_idhFindDesc:79] find time 1, name raw, handler_name = raw
[m[0;32;32m2024-10-01 16:16:31.853|I|120893611|lpUCM [handler.c:FDS_idhFindDesc:94] find handler raw, type = 0
[m[0;32;32m2024-10-01 16:16:31.853|I|120893611|lpUCM [fds.cpp:FDS_OnLocalUpgProgress:246] total: 27, curr:17, percent:38, rop:60%
[m[0;32;32m2024-10-01 16:16:31.853|I|120893611|lpUCM [fds.cpp:FDS_OnLocalUpgProgress:246] total: 27, curr:17, percent:50, rop:61%
[m[0;32;32m2024-10-01 16:16:31.853|I|120893611|lpUCM [handler.c:FDS_idhExtractFile:234] CPIO extract success
[m[0;32;32m2024-10-01 16:16:31.853|I|120893611|lpUCM [fds.cpp:FDS_OnLocalUpgProgress:246] total: 27, curr:17, percent:100, rop:62%
[m[1;33m2024-10-01 16:16:31.853|W|120893611|lpUCM [scm.c:FDS_scmDeployImages:443] deploy [17st] success:shrm.elf.rawgz
[m[1;33m2024-10-01 16:16:31.853|W|120893611|lpUCM [scm.c:FDS_scmDeployImages:435] start [18st] deploy:mifs_hyp_la.ifs.sign.gz
[m[0;32;32m2024-10-01 16:16:31.853|I|120893611|lpUCM [fds.cpp:FDS_OnLocalUpgProgress:246] total: 27, curr:18, percent:0, rop:62%
[m[0;32;32m2024-10-01 16:16:31.853|I|120893611|lpUCM [handler.c:FDS_idhFindDesc:79] find time 1, name raw, handler_name = raw
[m[0;32;32m2024-10-01 16:16:31.853|I|120893611|lpUCM [handler.c:FDS_idhFindDesc:94] find handler raw, type = 0
[m[0;32;32m2024-10-01 16:16:31.853|I|120893611|lpUCM [handler.c:FDS_idhFindDesc:79] find time 1, name raw, handler_name = raw
[m[0;32;32m2024-10-01 16:16:31.853|I|120893611|lpUCM [handler.c:FDS_idhFindDesc:94] find handler raw, type = 0
[m[0;32;32m2024-10-01 16:16:31.856|I|120893611|lpUCM [fds.cpp:FDS_OnLocalUpgProgress:246] total: 27, curr:18, percent:1, rop:63%
[m[0;32;32m2024-10-01 16:16:31.858|I|120893611|lpUCM [fds.cpp:FDS_OnLocalUpgProgress:246] total: 27, curr:18, percent:2, rop:63%
[m[0;32;32m2024-10-01 16:16:31.862|I|120893611|lpUCM [fds.cpp:FDS_OnLocalUpgProgress:246] total: 27, curr:18, percent:3, rop:63%
[m[0;32;32m2024-10-01 16:16:31.865|I|120893611|lpUCM [fds.cpp:FDS_OnLocalUpgProgress:246] total: 27, curr:18, percent:4, rop:63%
[m[0;32;32m2024-10-01 16:16:31.867|I|120893611|lpUCM [fds.cpp:FDS_OnLocalUpgProgress:246] total: 27, curr:18, percent:5, rop:63%
[m[0;32;32m2024-10-01 16:16:31.868|I|120893611|lpUCM [fds.cpp:FDS_OnLocalUpgProgress:246] total: 27, curr:18, percent:6, rop:63%
[m[0;32;32m2024-10-01 16:16:31.872|I|120893611|lpUCM [fds.cpp:FDS_OnLocalUpgProgress:246] total: 27, curr:18, percent:7, rop:63%
[m[0;32;32m2024-10-01 16:16:31.874|I|120893611|lpUCM [fds.cpp:FDS_OnLocalUpgProgress:246] total: 27, curr:18, percent:8, rop:63%
[m[0;32;32m2024-10-01 16:16:31.882|I|120893611|lpUCM [fds.cpp:FDS_OnLocalUpgProgress:246] total: 27, curr:18, percent:9, rop:63%
[m[0;32;32m2024-10-01 16:16:31.883|I|120893611|lpUCM [fds.cpp:FDS_OnLocalUpgProgress:246] total: 27, curr:18, percent:10, rop:63%
[m[0;32;32m2024-10-01 16:16:31.885|I|120893611|lpUCM [fds.cpp:FDS_OnLocalUpgProgress:246] total: 27, curr:18, percent:11, rop:63%
[m[0;32;32m2024-10-01 16:16:31.887|I|120893611|lpUCM [fds.cpp:FDS_OnLocalUpgProgress:246] total: 27, curr:18, percent:12, rop:63%
[m[0;32;32m2024-10-01 16:16:31.891|I|120893611|lpUCM [fds.cpp:FDS_OnLocalUpgProgress:246] total: 27, curr:18, percent:13, rop:63%
[m[0;32;32m2024-10-01 16:16:31.893|I|120893611|lpUCM [fds.cpp:FDS_OnLocalUpgProgress:246] total: 27, curr:18, percent:14, rop:63%
[m[0;32;32m2024-10-01 16:16:31.895|I|120893611|lpUCM [fds.cpp:FDS_OnLocalUpgProgress:246] total: 27, curr:18, percent:15, rop:63%
[m[0;32;32m2024-10-01 16:16:31.897|I|120893611|lpUCM [fds.cpp:FDS_OnLocalUpgProgress:246] total: 27, curr:18, percent:16, rop:63%
[m[0;32;32m2024-10-01 16:16:31.898|I|120893611|lpUCM [fds.cpp:FDS_OnLocalUpgProgress:246] total: 27, curr:18, percent:17, rop:63%
[m[0;32;32m2024-10-01 16:16:31.900|I|120893611|lpUCM [fds.cpp:FDS_OnLocalUpgProgress:246] total: 27, curr:18, percent:18, rop:63%
[m[0;32;32m2024-10-01 16:16:31.901|I|120893611|lpUCM [fds.cpp:FDS_OnLocalUpgProgress:246] total: 27, curr:18, percent:19, rop:63%
[m[0;32;32m2024-10-01 16:16:31.903|I|120893611|lpUCM [fds.cpp:FDS_OnLocalUpgProgress:246] total: 27, curr:18, percent:20, rop:63%
[m[0;32;32m2024-10-01 16:16:31.907|I|120893611|lpUCM [fds.cpp:FDS_OnLocalUpgProgress:246] total: 27, curr:18, percent:21, rop:63%
[m[0;32;32m2024-10-01 16:16:31.909|I|120893611|lpUCM [fds.cpp:FDS_OnLocalUpgProgress:246] total: 27, curr:18, percent:22, rop:63%
[m[0;32;32m2024-10-01 16:16:31.912|I|120893611|lpUCM [fds.cpp:FDS_OnLocalUpgProgress:246] total: 27, curr:18, percent:23, rop:63%
[m[0;32;32m2024-10-01 16:16:31.914|I|120893611|lpUCM [fds.cpp:FDS_OnLocalUpgProgress:246] total: 27, curr:18, percent:24, rop:63%
[m[0;32;32m2024-10-01 16:16:31.916|I|120893611|lpUCM [fds.cpp:FDS_OnLocalUpgProgress:246] total: 27, curr:18, percent:25, rop:63%
[m[0;32;32m2024-10-01 16:16:31.918|I|120893611|lpUCM [fds.cpp:FDS_OnLocalUpgProgress:246] total: 27, curr:18, percent:26, rop:63%
[m[0;32;32m2024-10-01 16:16:31.920|I|120893611|lpUCM [fds.cpp:FDS_OnLocalUpgProgress:246] total: 27, curr:18, percent:27, rop:63%
[m[0;32;32m2024-10-01 16:16:31.922|I|120893611|lpUCM [fds.cpp:FDS_OnLocalUpgProgress:246] total: 27, curr:18, percent:28, rop:64%
[m[0;32;32m2024-10-01 16:16:31.925|I|120893611|lpUCM [fds.cpp:FDS_OnLocalUpgProgress:246] total: 27, curr:18, percent:29, rop:64%
[m[0;32;32m2024-10-01 16:16:31.948|I|120893611|lpUCM [fds.cpp:FDS_OnLocalUpgProgress:246] total: 27, curr:18, percent:30, rop:64%
[m[0;32;32m2024-10-01 16:16:31.950|I|120893611|lpUCM [fds.cpp:FDS_OnLocalUpgProgress:246] total: 27, curr:18, percent:31, rop:64%
[m[0;32;32m2024-10-01 16:16:31.953|I|120893611|lpUCM [fds.cpp:FDS_OnLocalUpgProgress:246] total: 27, curr:18, percent:32, rop:64%
[m[0;32;32m2024-10-01 16:16:31.958|I|120893611|lpUCM [fds.cpp:FDS_OnLocalUpgProgress:246] total: 27, curr:18, percent:33, rop:64%
[m[0;32;32m2024-10-01 16:16:31.969|I|120893611|lpUCM [fds.cpp:FDS_OnLocalUpgProgress:246] total: 27, curr:18, percent:34, rop:64%
[m[0;32;32m2024-10-01 16:16:31.975|I|120893611|lpUCM [fds.cpp:FDS_OnLocalUpgProgress:246] total: 27, curr:18, percent:35, rop:64%
[m[0;32;32m2024-10-01 16:16:31.979|I|120893611|lpUCM [fds.cpp:FDS_OnLocalUpgProgress:246] total: 27, curr:18, percent:36, rop:64%
[m[0;32;32m2024-10-01 16:16:31.984|I|120893611|lpUCM [fds.cpp:FDS_OnLocalUpgProgress:246] total: 27, curr:18, percent:37, rop:64%
[m[0;32;32m2024-10-01 16:16:31.988|I|120893611|lpUCM [fds.cpp:FDS_OnLocalUpgProgress:246] total: 27, curr:18, percent:38, rop:64%
[m[0;32;32m2024-10-01 16:16:31.991|I|120893611|lpUCM [fds.cpp:FDS_OnLocalUpgProgress:246] total: 27, curr:18, percent:39, rop:64%
[m[0;32;32m2024-10-01 16:16:31.993|I|120893611|lpUCM [fds.cpp:FDS_OnLocalUpgProgress:246] total: 27, curr:18, percent:40, rop:64%
[m[0;32;32m2024-10-01 16:16:31.995|I|120893611|lpUCM [fds.cpp:FDS_OnLocalUpgProgress:246] total: 27, curr:18, percent:41, rop:64%
[m[0;32;32m2024-10-01 16:16:31.998|I|120893611|lpUCM [fds.cpp:FDS_OnLocalUpgProgress:246] total: 27, curr:18, percent:42, rop:64%
[m[0;32;32m2024-10-01 16:16:32.0|I|120893611|lpUCM [fds.cpp:FDS_OnLocalUpgProgress:246] total: 27, curr:18, percent:43, rop:64%
[m[0;32;32m2024-10-01 16:16:32.2|I|120893611|lpUCM [fds.cpp:FDS_OnLocalUpgProgress:246] total: 27, curr:18, percent:44, rop:64%
[m[0;32;32m2024-10-01 16:16:32.5|I|120893611|lpUCM [fds.cpp:FDS_OnLocalUpgProgress:246] total: 27, curr:18, percent:45, rop:64%
[m[0;32;32m2024-10-01 16:16:32.7|I|120893611|lpUCM [fds.cpp:FDS_OnLocalUpgProgress:246] total: 27, curr:18, percent:46, rop:64%
[m[0;32;32m2024-10-01 16:16:32.9|I|120893611|lpUCM [fds.cpp:FDS_OnLocalUpgProgress:246] total: 27, curr:18, percent:47, rop:64%
[m[0;32;32m2024-10-01 16:16:32.12|I|120893611|lpUCM [fds.cpp:FDS_OnLocalUpgProgress:246] total: 27, curr:18, percent:48, rop:64%
[m[0;32;32m2024-10-01 16:16:32.14|I|120893611|lpUCM [fds.cpp:FDS_OnLocalUpgProgress:246] total: 27, curr:18, percent:49, rop:64%
[m[0;32;32m2024-10-01 16:16:32.20|I|120893611|lpUCM [fds.cpp:FDS_OnLocalUpgProgress:246] total: 27, curr:18, percent:50, rop:64%
[m[0;32;32m2024-10-01 16:16:32.20|I|120893611|lpUCM [handler.c:FDS_idhExtractFile:234] CPIO extract success
[m[0;32;32m2024-10-01 16:16:32.20|I|120893611|lpUCM [fds.cpp:FDS_OnLocalUpgProgress:246] total: 27, curr:18, percent:100, rop:66%
[m[1;33m2024-10-01 16:16:32.20|W|120893611|lpUCM [scm.c:FDS_scmDeployImages:443] deploy [18st] success:mifs_hyp_la.ifs.sign.gz
[m[1;33m2024-10-01 16:16:32.20|W|120893611|lpUCM [scm.c:FDS_scmDeployImages:435] start [19st] deploy:oem.xfs.gz
[m[0;32;32m2024-10-01 16:16:32.20|I|120893611|lpUCM [fds.cpp:FDS_OnLocalUpgProgress:246] total: 27, curr:19, percent:0, rop:66%
[m[0;32;32m2024-10-01 16:16:32.20|I|120893611|lpUCM [handler.c:FDS_idhFindDesc:79] find time 1, name raw, handler_name = raw
[m[0;32;32m2024-10-01 16:16:32.20|I|120893611|lpUCM [handler.c:FDS_idhFindDesc:94] find handler raw, type = 0
[m[0;32;32m2024-10-01 16:16:32.20|I|120893611|lpUCM [handler.c:FDS_idhFindDesc:79] find time 1, name raw, handler_name = raw
[m[0;32;32m2024-10-01 16:16:32.20|I|120893611|lpUCM [handler.c:FDS_idhFindDesc:94] find handler raw, type = 0
[m[0;32;32m2024-10-01 16:16:32.535|I|120893611|lpUCM [fds.cpp:FDS_OnLocalUpgProgress:246] total: 27, curr:19, percent:1, rop:66%
[m[0;32;32m2024-10-01 16:16:32.809|I|120893611|lpUCM [fds.cpp:FDS_OnLocalUpgProgress:246] total: 27, curr:19, percent:2, rop:66%
[m[0;32;32m2024-10-01 16:16:33.91|I|120893611|lpUCM [fds.cpp:FDS_OnLocalUpgProgress:246] total: 27, curr:19, percent:3, rop:66%
[m[0;32;32m2024-10-01 16:16:33.374|I|120893611|lpUCM [fds.cpp:FDS_OnLocalUpgProgress:246] total: 27, curr:19, percent:4, rop:66%
[m[0;32;32m2024-10-01 16:16:33.675|I|120893611|lpUCM [fds.cpp:FDS_OnLocalUpgProgress:246] total: 27, curr:19, percent:5, rop:66%
[m[0;32;32m2024-10-01 16:16:33.947|I|120893611|lpUCM [fds.cpp:FDS_OnLocalUpgProgress:246] total: 27, curr:19, percent:6, rop:66%
[m[0;32;32m2024-10-01 16:16:34.295|I|120893611|lpUCM [fds.cpp:FDS_OnLocalUpgProgress:246] total: 27, curr:19, percent:7, rop:66%
[m[0;32;32m2024-10-01 16:16:34.631|I|120893611|lpUCM [fds.cpp:FDS_OnLocalUpgProgress:246] total: 27, curr:19, percent:8, rop:66%
[m[0;32;32m2024-10-01 16:16:35.35|I|120893611|lpUCM [fds.cpp:FDS_OnLocalUpgProgress:246] total: 27, curr:19, percent:9, rop:67%
[m[0;32;32m2024-10-01 16:16:35.743|I|120893611|lpUCM [fds.cpp:FDS_OnLocalUpgProgress:246] total: 27, curr:19, percent:10, rop:67%
[m[0;32;32m2024-10-01 16:16:36.385|I|120893611|lpUCM [fds.cpp:FDS_OnLocalUpgProgress:246] total: 27, curr:19, percent:11, rop:67%
[m[0;32;32m2024-10-01 16:16:36.884|I|120893611|lpUCM [fds.cpp:FDS_OnLocalUpgProgress:246] total: 27, curr:19, percent:12, rop:67%
[m[0;32;32m2024-10-01 16:16:37.593|I|120893611|lpUCM [fds.cpp:FDS_OnLocalUpgProgress:246] total: 27, curr:19, percent:13, rop:67%
[m[0;32;32m2024-10-01 16:16:38.340|I|120893611|lpUCM [fds.cpp:FDS_OnLocalUpgProgress:246] total: 27, curr:19, percent:14, rop:67%
[m[0;32;32m2024-10-01 16:16:39.16|I|120893611|lpUCM [fds.cpp:FDS_OnLocalUpgProgress:246] total: 27, curr:19, percent:15, rop:67%
[m[0;32;32m2024-10-01 16:16:39.193|I|120893611|lpUCM [fds.cpp:FDS_OnLocalUpgProgress:246] total: 27, curr:19, percent:16, rop:67%
[m[0;32;32m2024-10-01 16:16:39.454|I|120893611|lpUCM [fds.cpp:FDS_OnLocalUpgProgress:246] total: 27, curr:19, percent:17, rop:67%
[m[0;32;32m2024-10-01 16:16:39.756|I|120893611|lpUCM [fds.cpp:FDS_OnLocalUpgProgress:246] total: 27, curr:19, percent:18, rop:67%
[m[0;32;32m2024-10-01 16:16:40.556|I|120893611|lpUCM [fds.cpp:FDS_OnLocalUpgProgress:246] total: 27, curr:19, percent:19, rop:67%
[m[0;32;32m2024-10-01 16:16:41.166|I|120893611|lpUCM [fds.cpp:FDS_OnLocalUpgProgress:246] total: 27, curr:19, percent:20, rop:67%
[m[0;32;32m2024-10-01 16:16:41.700|I|120893611|lpUCM [fds.cpp:FDS_OnLocalUpgProgress:246] total: 27, curr:19, percent:21, rop:67%
[m[0;32;32m2024-10-01 16:16:42.307|I|120893611|lpUCM [fds.cpp:FDS_OnLocalUpgProgress:246] total: 27, curr:19, percent:22, rop:67%
[m[0;32;32m2024-10-01 16:16:42.935|I|120893611|lpUCM [fds.cpp:FDS_OnLocalUpgProgress:246] total: 27, curr:19, percent:23, rop:67%
[m[0;32;32m2024-10-01 16:16:43.588|I|120893611|lpUCM [fds.cpp:FDS_OnLocalUpgProgress:246] total: 27, curr:19, percent:24, rop:67%
[m[0;32;32m2024-10-01 16:16:44.321|I|120893611|lpUCM [fds.cpp:FDS_OnLocalUpgProgress:246] total: 27, curr:19, percent:25, rop:67%
[m[0;32;32m2024-10-01 16:16:45.7|I|120893611|lpUCM [fds.cpp:FDS_OnLocalUpgProgress:246] total: 27, curr:19, percent:26, rop:67%
[m[0;32;32m2024-10-01 16:16:45.674|I|120893611|lpUCM [fds.cpp:FDS_OnLocalUpgProgress:246] total: 27, curr:19, percent:27, rop:67%
[m[0;32;32m2024-10-01 16:16:46.283|I|120893611|lpUCM [fds.cpp:FDS_OnLocalUpgProgress:246] total: 27, curr:19, percent:28, rop:67%
[m[0;32;32m2024-10-01 16:16:46.945|I|120893611|lpUCM [fds.cpp:FDS_OnLocalUpgProgress:246] total: 27, curr:19, percent:29, rop:67%
[m[0;32;32m2024-10-01 16:16:47.292|I|120893611|lpUCM [fds.cpp:FDS_OnLocalUpgProgress:246] total: 27, curr:19, percent:30, rop:67%
[m[0;32;32m2024-10-01 16:16:47.574|I|120893611|lpUCM [fds.cpp:FDS_OnLocalUpgProgress:246] total: 27, curr:19, percent:31, rop:67%
[m[0;32;32m2024-10-01 16:16:48.41|I|120893611|lpUCM [fds.cpp:FDS_OnLocalUpgProgress:246] total: 27, curr:19, percent:32, rop:67%
[m[0;32;32m2024-10-01 16:16:48.550|I|120893611|lpUCM [fds.cpp:FDS_OnLocalUpgProgress:246] total: 27, curr:19, percent:33, rop:67%
[m[0;32;32m2024-10-01 16:16:49.52|I|120893611|lpUCM [fds.cpp:FDS_OnLocalUpgProgress:246] total: 27, curr:19, percent:34, rop:67%
[m[0;32;32m2024-10-01 16:16:49.395|I|120893611|lpUCM [fds.cpp:FDS_OnLocalUpgProgress:246] total: 27, curr:19, percent:35, rop:67%
[m[0;32;32m2024-10-01 16:16:49.654|I|120893611|lpUCM [fds.cpp:FDS_OnLocalUpgProgress:246] total: 27, curr:19, percent:36, rop:68%
[m[0;32;32m2024-10-01 16:16:50.24|I|120893611|lpUCM [fds.cpp:FDS_OnLocalUpgProgress:246] total: 27, curr:19, percent:37, rop:68%
[m[0;32;32m2024-10-01 16:16:50.202|I|120893611|lpUCM [fds.cpp:FDS_OnLocalUpgProgress:246] total: 27, curr:19, percent:38, rop:68%
[m[0;32;32m2024-10-01 16:16:50.519|I|120893611|lpUCM [fds.cpp:FDS_OnLocalUpgProgress:246] total: 27, curr:19, percent:39, rop:68%
[m[0;32;31m2024-10-01 16:16:50.732|E|1917037|LpLoglpCluster 120893611               /opt/usr/bin/lpUCM   225   2%  22%   1672k   0%
[m[0;32;32m2024-10-01 16:16:50.890|I|120893611|lpUCM [fds.cpp:FDS_OnLocalUpgProgress:246] total: 27, curr:19, percent:40, rop:68%
[m[0;32;32m2024-10-01 16:16:51.198|I|120893611|lpUCM [fds.cpp:FDS_OnLocalUpgProgress:246] total: 27, curr:19, percent:41, rop:68%
[m[0;32;32m2024-10-01 16:16:51.480|I|120893611|lpUCM [fds.cpp:FDS_OnLocalUpgProgress:246] total: 27, curr:19, percent:42, rop:68%
[m[0;32;32m2024-10-01 16:16:51.780|I|120893611|lpUCM [fds.cpp:FDS_OnLocalUpgProgress:246] total: 27, curr:19, percent:43, rop:68%
[m[0;32;32m2024-10-01 16:16:52.144|I|120893611|lpUCM [fds.cpp:FDS_OnLocalUpgProgress:246] total: 27, curr:19, percent:44, rop:68%
[m[0;32;32m2024-10-01 16:16:52.491|I|120893611|lpUCM [fds.cpp:FDS_OnLocalUpgProgress:246] total: 27, curr:19, percent:45, rop:68%
[m[0;32;32m2024-10-01 16:16:52.886|I|120893611|lpUCM [fds.cpp:FDS_OnLocalUpgProgress:246] total: 27, curr:19, percent:46, rop:68%
[m[0;32;32m2024-10-01 16:16:53.211|I|120893611|lpUCM [fds.cpp:FDS_OnLocalUpgProgress:246] total: 27, curr:19, percent:47, rop:68%
[m[0;32;32m2024-10-01 16:16:53.650|I|120893611|lpUCM [fds.cpp:FDS_OnLocalUpgProgress:246] total: 27, curr:19, percent:48, rop:68%
[m[0;32;32m2024-10-01 16:16:54.42|I|120893611|lpUCM [fds.cpp:FDS_OnLocalUpgProgress:246] total: 27, curr:19, percent:49, rop:68%
[m[0;32;32m2024-10-01 16:17:19.700|I|120893611|lpUCM [fds.cpp:FDS_OnLocalUpgProgress:246] total: 27, curr:19, percent:50, rop:68%
[m[0;32;32m2024-10-01 16:17:19.700|I|120893611|lpUCM [handler.c:FDS_idhExtractFile:234] CPIO extract success
[m[0;32;32m2024-10-01 16:17:19.700|I|120893611|lpUCM [fds.cpp:FDS_OnLocalUpgProgress:246] total: 27, curr:19, percent:100, rop:70%
[m[1;33m2024-10-01 16:17:19.700|W|120893611|lpUCM [scm.c:FDS_scmDeployImages:443] deploy [19st] success:oem.xfs.gz
[m[1;33m2024-10-01 16:17:19.700|W|120893611|lpUCM [scm.c:FDS_scmDeployImages:435] start [20st] deploy:system.xfs.gz
[m[0;32;32m2024-10-01 16:17:19.700|I|120893611|lpUCM [fds.cpp:FDS_OnLocalUpgProgress:246] total: 27, curr:20, percent:0, rop:70%
[m[0;32;32m2024-10-01 16:17:19.700|I|120893611|lpUCM [handler.c:FDS_idhFindDesc:79] find time 1, name raw, handler_name = raw
[m[0;32;32m2024-10-01 16:17:19.701|I|120893611|lpUCM [handler.c:FDS_idhFindDesc:94] find handler raw, type = 0
[m[0;32;32m2024-10-01 16:17:19.701|I|120893611|lpUCM [handler.c:FDS_idhFindDesc:79] find time 1, name raw, handler_name = raw
[m[0;32;32m2024-10-01 16:17:19.701|I|120893611|lpUCM [handler.c:FDS_idhFindDesc:94] find handler raw, type = 0
[m[0;32;32m2024-10-01 16:17:19.998|I|120893611|lpUCM [fds.cpp:FDS_OnLocalUpgProgress:246] total: 27, curr:20, percent:1, rop:70%
[m[0;32;32m2024-10-01 16:17:20.176|I|120893611|lpUCM [fds.cpp:FDS_OnLocalUpgProgress:246] total: 27, curr:20, percent:2, rop:70%
[m[0;32;32m2024-10-01 16:17:20.632|I|120893611|lpUCM [fds.cpp:FDS_OnLocalUpgProgress:246] total: 27, curr:20, percent:3, rop:70%
[m[0;32;32m2024-10-01 16:17:20.882|I|120893611|lpUCM [fds.cpp:FDS_OnLocalUpgProgress:246] total: 27, curr:20, percent:4, rop:70%
[m[0;32;32m2024-10-01 16:17:21.148|I|120893611|lpUCM [fds.cpp:FDS_OnLocalUpgProgress:246] total: 27, curr:20, percent:5, rop:70%
[m[0;32;32m2024-10-01 16:17:21.488|I|120893611|lpUCM [fds.cpp:FDS_OnLocalUpgProgress:246] total: 27, curr:20, percent:6, rop:70%
[m[0;32;32m2024-10-01 16:17:21.901|I|120893611|lpUCM [fds.cpp:FDS_OnLocalUpgProgress:246] total: 27, curr:20, percent:7, rop:70%
[m[0;32;32m2024-10-01 16:17:22.414|I|120893611|lpUCM [fds.cpp:FDS_OnLocalUpgProgress:246] total: 27, curr:20, percent:8, rop:70%
[m[0;32;32m2024-10-01 16:17:22.936|I|120893611|lpUCM [fds.cpp:FDS_OnLocalUpgProgress:246] total: 27, curr:20, percent:9, rop:70%
[m[0;32;32m2024-10-01 16:17:23.315|I|120893611|lpUCM [fds.cpp:FDS_OnLocalUpgProgress:246] total: 27, curr:20, percent:10, rop:70%
[m[0;32;32m2024-10-01 16:17:23.890|I|120893611|lpUCM [fds.cpp:FDS_OnLocalUpgProgress:246] total: 27, curr:20, percent:11, rop:70%
[m[0;32;32m2024-10-01 16:17:24.517|I|120893611|lpUCM [fds.cpp:FDS_OnLocalUpgProgress:246] total: 27, curr:20, percent:12, rop:70%
[m[0;32;32m2024-10-01 16:17:25.80|I|120893611|lpUCM [fds.cpp:FDS_OnLocalUpgProgress:246] total: 27, curr:20, percent:13, rop:70%
[m[0;32;32m2024-10-01 16:17:25.492|I|120893611|lpUCM [fds.cpp:FDS_OnLocalUpgProgress:246] total: 27, curr:20, percent:14, rop:70%
[m[0;32;32m2024-10-01 16:17:25.955|I|120893611|lpUCM [fds.cpp:FDS_OnLocalUpgProgress:246] total: 27, curr:20, percent:15, rop:70%
[m[0;32;32m2024-10-01 16:17:26.394|I|120893611|lpUCM [fds.cpp:FDS_OnLocalUpgProgress:246] total: 27, curr:20, percent:16, rop:70%
[m[0;32;32m2024-10-01 16:17:26.756|I|120893611|lpUCM [fds.cpp:FDS_OnLocalUpgProgress:246] total: 27, curr:20, percent:17, rop:71%
[m[0;32;32m2024-10-01 16:17:27.71|I|120893611|lpUCM [fds.cpp:FDS_OnLocalUpgProgress:246] total: 27, curr:20, percent:18, rop:71%
[m[0;32;32m2024-10-01 16:17:27.521|I|120893611|lpUCM [fds.cpp:FDS_OnLocalUpgProgress:246] total: 27, curr:20, percent:19, rop:71%
[m[0;32;32m2024-10-01 16:17:27.851|I|120893611|lpUCM [fds.cpp:FDS_OnLocalUpgProgress:246] total: 27, curr:20, percent:20, rop:71%
[m[0;32;32m2024-10-01 16:17:28.252|I|120893611|lpUCM [fds.cpp:FDS_OnLocalUpgProgress:246] total: 27, curr:20, percent:21, rop:71%
[m[0;32;32m2024-10-01 16:17:28.767|I|120893611|lpUCM [fds.cpp:FDS_OnLocalUpgProgress:246] total: 27, curr:20, percent:22, rop:71%
[m[0;32;32m2024-10-01 16:17:28.908|I|120893611|lpUCM [fds.cpp:FDS_OnLocalUpgProgress:246] total: 27, curr:20, percent:23, rop:71%
[m[0;32;32m2024-10-01 16:17:29.45|I|120893611|lpUCM [fds.cpp:FDS_OnLocalUpgProgress:246] total: 27, curr:20, percent:24, rop:71%
[m[0;32;32m2024-10-01 16:17:29.196|I|120893611|lpUCM [fds.cpp:FDS_OnLocalUpgProgress:246] total: 27, curr:20, percent:25, rop:71%
[m[0;32;32m2024-10-01 16:17:29.316|I|120893611|lpUCM [fds.cpp:FDS_OnLocalUpgProgress:246] total: 27, curr:20, percent:26, rop:71%
[m[0;32;32m2024-10-01 16:17:29.431|I|120893611|lpUCM [fds.cpp:FDS_OnLocalUpgProgress:246] total: 27, curr:20, percent:27, rop:71%
[m[0;32;32m2024-10-01 16:17:29.561|I|120893611|lpUCM [fds.cpp:FDS_OnLocalUpgProgress:246] total: 27, curr:20, percent:28, rop:71%
[m[0;32;32m2024-10-01 16:17:29.683|I|120893611|lpUCM [fds.cpp:FDS_OnLocalUpgProgress:246] total: 27, curr:20, percent:29, rop:71%
[m[0;32;32m2024-10-01 16:17:29.814|I|120893611|lpUCM [fds.cpp:FDS_OnLocalUpgProgress:246] total: 27, curr:20, percent:30, rop:71%
[m[0;32;32m2024-10-01 16:17:29.913|I|120893611|lpUCM [fds.cpp:FDS_OnLocalUpgProgress:246] total: 27, curr:20, percent:31, rop:71%
[m[0;32;32m2024-10-01 16:17:30.45|I|120893611|lpUCM [fds.cpp:FDS_OnLocalUpgProgress:246] total: 27, curr:20, percent:32, rop:71%
[m[0;32;32m2024-10-01 16:17:30.168|I|120893611|lpUCM [fds.cpp:FDS_OnLocalUpgProgress:246] total: 27, curr:20, percent:33, rop:71%
[m[0;32;32m2024-10-01 16:17:30.301|I|120893611|lpUCM [fds.cpp:FDS_OnLocalUpgProgress:246] total: 27, curr:20, percent:34, rop:71%
[m[0;32;32m2024-10-01 16:17:30.434|I|120893611|lpUCM [fds.cpp:FDS_OnLocalUpgProgress:246] total: 27, curr:20, percent:35, rop:71%
[m[0;32;32m2024-10-01 16:17:30.571|I|120893611|lpUCM [fds.cpp:FDS_OnLocalUpgProgress:246] total: 27, curr:20, percent:36, rop:71%
[m[0;32;32m2024-10-01 16:17:30.685|I|120893611|lpUCM [fds.cpp:FDS_OnLocalUpgProgress:246] total: 27, curr:20, percent:37, rop:71%
[m[0;32;32m2024-10-01 16:17:30.822|I|120893611|lpUCM [fds.cpp:FDS_OnLocalUpgProgress:246] total: 27, curr:20, percent:38, rop:71%
[m[0;32;32m2024-10-01 16:17:30.957|I|120893611|lpUCM [fds.cpp:FDS_OnLocalUpgProgress:246] total: 27, curr:20, percent:39, rop:71%
[m[0;32;32m2024-10-01 16:17:31.87|I|120893611|lpUCM [fds.cpp:FDS_OnLocalUpgProgress:246] total: 27, curr:20, percent:40, rop:71%
[m[0;32;32m2024-10-01 16:17:31.342|I|120893611|lpUCM [fds.cpp:FDS_OnLocalUpgProgress:246] total: 27, curr:20, percent:41, rop:71%
[m[0;32;32m2024-10-01 16:17:31.756|I|120893611|lpUCM [fds.cpp:FDS_OnLocalUpgProgress:246] total: 27, curr:20, percent:42, rop:71%
[m[0;32;32m2024-10-01 16:17:32.55|I|120893611|lpUCM [fds.cpp:FDS_OnLocalUpgProgress:246] total: 27, curr:20, percent:43, rop:71%
[m[0;32;32m2024-10-01 16:17:32.315|I|120893611|lpUCM [fds.cpp:FDS_OnLocalUpgProgress:246] total: 27, curr:20, percent:44, rop:72%
[m[0;32;32m2024-10-01 16:17:32.660|I|120893611|lpUCM [fds.cpp:FDS_OnLocalUpgProgress:246] total: 27, curr:20, percent:45, rop:72%
[m[0;32;32m2024-10-01 16:17:32.880|I|120893611|lpUCM [fds.cpp:FDS_OnLocalUpgProgress:246] total: 27, curr:20, percent:46, rop:72%
[m[0;32;32m2024-10-01 16:17:33.252|I|120893611|lpUCM [fds.cpp:FDS_OnLocalUpgProgress:246] total: 27, curr:20, percent:47, rop:72%
[m[0;32;32m2024-10-01 16:17:33.749|I|120893611|lpUCM [fds.cpp:FDS_OnLocalUpgProgress:246] total: 27, curr:20, percent:48, rop:72%
[m[0;32;32m2024-10-01 16:17:34.119|I|120893611|lpUCM [fds.cpp:FDS_OnLocalUpgProgress:246] total: 27, curr:20, percent:49, rop:72%
[m[0;32;31m2024-10-01 16:17:53.828|E|1917037|LpLoglpCluster 120893611               /opt/usr/bin/lpUCM   216   2%  21%   1672k   0%
[m[0;32;32m2024-10-01 16:17:53.963|I|120893611|lpUCM [fds.cpp:FDS_OnLocalUpgProgress:246] total: 27, curr:20, percent:50, rop:72%
[m[0;32;32m2024-10-01 16:17:54.13|I|120893611|lpUCM [handler.c:FDS_idhExtractFile:234] CPIO extract success
[m[0;32;32m2024-10-01 16:17:54.13|I|120893611|lpUCM [fds.cpp:FDS_OnLocalUpgProgress:246] total: 27, curr:20, percent:100, rop:74%
[m[1;33m2024-10-01 16:17:54.13|W|120893611|lpUCM [scm.c:FDS_scmDeployImages:443] deploy [20st] success:system.xfs.gz
[m[1;33m2024-10-01 16:17:54.13|W|120893611|lpUCM [scm.c:FDS_scmDeployImages:435] start [21st] deploy:ifs2_la.ifs.gz
[m[0;32;32m2024-10-01 16:17:54.13|I|120893611|lpUCM [fds.cpp:FDS_OnLocalUpgProgress:246] total: 27, curr:21, percent:0, rop:74%
[m[0;32;32m2024-10-01 16:17:54.13|I|120893611|lpUCM [handler.c:FDS_idhFindDesc:79] find time 1, name raw, handler_name = raw
[m[0;32;32m2024-10-01 16:17:54.13|I|120893611|lpUCM [handler.c:FDS_idhFindDesc:94] find handler raw, type = 0
[m[0;32;32m2024-10-01 16:17:54.13|I|120893611|lpUCM [handler.c:FDS_idhFindDesc:79] find time 1, name raw, handler_name = raw
[m[0;32;32m2024-10-01 16:17:54.13|I|120893611|lpUCM [handler.c:FDS_idhFindDesc:94] find handler raw, type = 0
[m[0;32;32m2024-10-01 16:17:54.131|I|120893611|lpUCM [fds.cpp:FDS_OnLocalUpgProgress:246] total: 27, curr:21, percent:1, rop:74%
[m[0;32;32m2024-10-01 16:17:54.232|I|120893611|lpUCM [fds.cpp:FDS_OnLocalUpgProgress:246] total: 27, curr:21, percent:2, rop:74%
[m[0;32;32m2024-10-01 16:17:54.347|I|120893611|lpUCM [fds.cpp:FDS_OnLocalUpgProgress:246] total: 27, curr:21, percent:3, rop:74%
[m[0;32;32m2024-10-01 16:17:54.455|I|120893611|lpUCM [fds.cpp:FDS_OnLocalUpgProgress:246] total: 27, curr:21, percent:4, rop:74%
[m[0;32;32m2024-10-01 16:17:54.561|I|120893611|lpUCM [fds.cpp:FDS_OnLocalUpgProgress:246] total: 27, curr:21, percent:5, rop:74%
[m[0;32;32m2024-10-01 16:17:54.635|I|120893611|lpUCM [fds.cpp:FDS_OnLocalUpgProgress:246] total: 27, curr:21, percent:6, rop:74%
[m[0;32;32m2024-10-01 16:17:54.817|I|120893611|lpUCM [fds.cpp:FDS_OnLocalUpgProgress:246] total: 27, curr:21, percent:7, rop:74%
[m[0;32;32m2024-10-01 16:17:54.956|I|120893611|lpUCM [fds.cpp:FDS_OnLocalUpgProgress:246] total: 27, curr:21, percent:8, rop:74%
[m[0;32;32m2024-10-01 16:17:55.45|I|120893611|lpUCM [fds.cpp:FDS_OnLocalUpgProgress:246] total: 27, curr:21, percent:9, rop:74%
[m[0;32;32m2024-10-01 16:17:55.171|I|120893611|lpUCM [fds.cpp:FDS_OnLocalUpgProgress:246] total: 27, curr:21, percent:10, rop:74%
[m[0;32;32m2024-10-01 16:17:55.267|I|120893611|lpUCM [fds.cpp:FDS_OnLocalUpgProgress:246] total: 27, curr:21, percent:11, rop:74%
[m[0;32;32m2024-10-01 16:17:55.322|I|120893611|lpUCM [fds.cpp:FDS_OnLocalUpgProgress:246] total: 27, curr:21, percent:12, rop:74%
[m[0;32;32m2024-10-01 16:17:55.384|I|120893611|lpUCM [fds.cpp:FDS_OnLocalUpgProgress:246] total: 27, curr:21, percent:13, rop:74%
[m[0;32;32m2024-10-01 16:17:55.485|I|120893611|lpUCM [fds.cpp:FDS_OnLocalUpgProgress:246] total: 27, curr:21, percent:14, rop:74%
[m[0;32;32m2024-10-01 16:17:55.594|I|120893611|lpUCM [fds.cpp:FDS_OnLocalUpgProgress:246] total: 27, curr:21, percent:15, rop:74%
[m[0;32;32m2024-10-01 16:17:55.716|I|120893611|lpUCM [fds.cpp:FDS_OnLocalUpgProgress:246] total: 27, curr:21, percent:16, rop:74%
[m[0;32;32m2024-10-01 16:17:55.815|I|120893611|lpUCM [fds.cpp:FDS_OnLocalUpgProgress:246] total: 27, curr:21, percent:17, rop:74%
[m[0;32;32m2024-10-01 16:17:55.934|I|120893611|lpUCM [fds.cpp:FDS_OnLocalUpgProgress:246] total: 27, curr:21, percent:18, rop:74%
[m[0;32;32m2024-10-01 16:17:56.51|I|120893611|lpUCM [fds.cpp:FDS_OnLocalUpgProgress:246] total: 27, curr:21, percent:19, rop:74%
[m[0;32;32m2024-10-01 16:17:56.159|I|120893611|lpUCM [fds.cpp:FDS_OnLocalUpgProgress:246] total: 27, curr:21, percent:20, rop:74%
[m[0;32;32m2024-10-01 16:17:56.288|I|120893611|lpUCM [fds.cpp:FDS_OnLocalUpgProgress:246] total: 27, curr:21, percent:21, rop:74%
[m[0;32;32m2024-10-01 16:17:56.392|I|120893611|lpUCM [fds.cpp:FDS_OnLocalUpgProgress:246] total: 27, curr:21, percent:22, rop:74%
[m[0;32;32m2024-10-01 16:17:56.483|I|120893611|lpUCM [fds.cpp:FDS_OnLocalUpgProgress:246] total: 27, curr:21, percent:23, rop:74%
[m[0;32;32m2024-10-01 16:17:56.557|I|120893611|lpUCM [fds.cpp:FDS_OnLocalUpgProgress:246] total: 27, curr:21, percent:24, rop:74%
[m[0;32;32m2024-10-01 16:17:56.646|I|120893611|lpUCM [fds.cpp:FDS_OnLocalUpgProgress:246] total: 27, curr:21, percent:25, rop:75%
[m[0;32;32m2024-10-01 16:17:56.746|I|120893611|lpUCM [fds.cpp:FDS_OnLocalUpgProgress:246] total: 27, curr:21, percent:26, rop:75%
[m[0;32;32m2024-10-01 16:17:56.850|I|120893611|lpUCM [fds.cpp:FDS_OnLocalUpgProgress:246] total: 27, curr:21, percent:27, rop:75%
[m[0;32;32m2024-10-01 16:17:56.951|I|120893611|lpUCM [fds.cpp:FDS_OnLocalUpgProgress:246] total: 27, curr:21, percent:28, rop:75%
[m[0;32;32m2024-10-01 16:17:57.91|I|120893611|lpUCM [fds.cpp:FDS_OnLocalUpgProgress:246] total: 27, curr:21, percent:29, rop:75%
[m[0;32;32m2024-10-01 16:17:57.182|I|120893611|lpUCM [fds.cpp:FDS_OnLocalUpgProgress:246] total: 27, curr:21, percent:30, rop:75%
[m[0;32;32m2024-10-01 16:17:57.295|I|120893611|lpUCM [fds.cpp:FDS_OnLocalUpgProgress:246] total: 27, curr:21, percent:31, rop:75%
[m[0;32;32m2024-10-01 16:17:57.401|I|120893611|lpUCM [fds.cpp:FDS_OnLocalUpgProgress:246] total: 27, curr:21, percent:32, rop:75%
[m[0;32;32m2024-10-01 16:17:57.504|I|120893611|lpUCM [fds.cpp:FDS_OnLocalUpgProgress:246] total: 27, curr:21, percent:33, rop:75%
[m[0;32;32m2024-10-01 16:17:57.615|I|120893611|lpUCM [fds.cpp:FDS_OnLocalUpgProgress:246] total: 27, curr:21, percent:34, rop:75%
[m[0;32;32m2024-10-01 16:17:57.688|I|120893611|lpUCM [fds.cpp:FDS_OnLocalUpgProgress:246] total: 27, curr:21, percent:35, rop:75%
[m[0;32;32m2024-10-01 16:17:57.803|I|120893611|lpUCM [fds.cpp:FDS_OnLocalUpgProgress:246] total: 27, curr:21, percent:36, rop:75%
[m[0;32;32m2024-10-01 16:17:57.903|I|120893611|lpUCM [fds.cpp:FDS_OnLocalUpgProgress:246] total: 27, curr:21, percent:37, rop:75%
[m[0;32;32m2024-10-01 16:17:58.21|I|120893611|lpUCM [fds.cpp:FDS_OnLocalUpgProgress:246] total: 27, curr:21, percent:38, rop:75%
[m[0;32;32m2024-10-01 16:17:58.145|I|120893611|lpUCM [fds.cpp:FDS_OnLocalUpgProgress:246] total: 27, curr:21, percent:39, rop:75%
[m[0;32;32m2024-10-01 16:17:58.262|I|120893611|lpUCM [fds.cpp:FDS_OnLocalUpgProgress:246] total: 27, curr:21, percent:40, rop:75%
[m[0;32;32m2024-10-01 16:17:58.402|I|120893611|lpUCM [fds.cpp:FDS_OnLocalUpgProgress:246] total: 27, curr:21, percent:41, rop:75%
[m[0;32;32m2024-10-01 16:17:58.472|I|120893611|lpUCM [fds.cpp:FDS_OnLocalUpgProgress:246] total: 27, curr:21, percent:42, rop:75%
[m[0;32;32m2024-10-01 16:17:58.495|I|120893611|lpUCM [fds.cpp:FDS_OnLocalUpgProgress:246] total: 27, curr:21, percent:43, rop:75%
[m[0;32;32m2024-10-01 16:17:58.555|I|120893611|lpUCM [fds.cpp:FDS_OnLocalUpgProgress:246] total: 27, curr:21, percent:44, rop:75%
[m[0;32;32m2024-10-01 16:17:58.580|I|120893611|lpUCM [fds.cpp:FDS_OnLocalUpgProgress:246] total: 27, curr:21, percent:45, rop:75%
[m[0;32;32m2024-10-01 16:17:58.625|I|120893611|lpUCM [fds.cpp:FDS_OnLocalUpgProgress:246] total: 27, curr:21, percent:46, rop:75%
[m[0;32;32m2024-10-01 16:17:58.715|I|120893611|lpUCM [fds.cpp:FDS_OnLocalUpgProgress:246] total: 27, curr:21, percent:47, rop:75%
[m[0;32;32m2024-10-01 16:17:58.773|I|120893611|lpUCM [fds.cpp:FDS_OnLocalUpgProgress:246] total: 27, curr:21, percent:48, rop:75%
[m[0;32;32m2024-10-01 16:17:58.845|I|120893611|lpUCM [fds.cpp:FDS_OnLocalUpgProgress:246] total: 27, curr:21, percent:49, rop:75%
[m[0;32;32m2024-10-01 16:17:58.938|I|120893611|lpUCM [fds.cpp:FDS_OnLocalUpgProgress:246] total: 27, curr:21, percent:50, rop:75%
[m[0;32;32m2024-10-01 16:17:58.938|I|120893611|lpUCM [handler.c:FDS_idhExtractFile:234] CPIO extract success
[m[0;32;32m2024-10-01 16:17:58.938|I|120893611|lpUCM [fds.cpp:FDS_OnLocalUpgProgress:246] total: 27, curr:21, percent:100, rop:77%
[m[1;33m2024-10-01 16:17:58.938|W|120893611|lpUCM [scm.c:FDS_scmDeployImages:443] deploy [21st] success:ifs2_la.ifs.gz
[m[1;33m2024-10-01 16:17:58.938|W|120893611|lpUCM [scm.c:FDS_scmDeployImages:435] start [22st] deploy:boot.bin.rawgz
[m[0;32;32m2024-10-01 16:17:58.938|I|120893611|lpUCM [fds.cpp:FDS_OnLocalUpgProgress:246] total: 27, curr:22, percent:0, rop:77%
[m[0;32;32m2024-10-01 16:17:58.938|I|120893611|lpUCM [handler.c:FDS_idhFindDesc:79] find time 1, name raw, handler_name = raw
[m[0;32;32m2024-10-01 16:17:58.938|I|120893611|lpUCM [handler.c:FDS_idhFindDesc:94] find handler raw, type = 0
[m[0;32;32m2024-10-01 16:17:58.938|I|120893611|lpUCM [handler.c:FDS_idhFindDesc:79] find time 1, name raw, handler_name = raw
[m[0;32;32m2024-10-01 16:17:58.938|I|120893611|lpUCM [handler.c:FDS_idhFindDesc:94] find handler raw, type = 0
[m[0;32;32m2024-10-01 16:17:58.965|I|120893611|lpUCM [fds.cpp:FDS_OnLocalUpgProgress:246] total: 27, curr:22, percent:1, rop:77%
[m[0;32;32m2024-10-01 16:17:58.995|I|120893611|lpUCM [fds.cpp:FDS_OnLocalUpgProgress:246] total: 27, curr:22, percent:2, rop:77%
[m[0;32;32m2024-10-01 16:17:59.39|I|120893611|lpUCM [fds.cpp:FDS_OnLocalUpgProgress:246] total: 27, curr:22, percent:3, rop:77%
[m[0;32;32m2024-10-01 16:17:59.71|I|120893611|lpUCM [fds.cpp:FDS_OnLocalUpgProgress:246] total: 27, curr:22, percent:4, rop:77%
[m[0;32;32m2024-10-01 16:17:59.93|I|120893611|lpUCM [fds.cpp:FDS_OnLocalUpgProgress:246] total: 27, curr:22, percent:5, rop:77%
[m[0;32;32m2024-10-01 16:17:59.129|I|120893611|lpUCM [fds.cpp:FDS_OnLocalUpgProgress:246] total: 27, curr:22, percent:6, rop:78%
[m[0;32;32m2024-10-01 16:17:59.157|I|120893611|lpUCM [fds.cpp:FDS_OnLocalUpgProgress:246] total: 27, curr:22, percent:7, rop:78%
[m[0;32;32m2024-10-01 16:17:59.185|I|120893611|lpUCM [fds.cpp:FDS_OnLocalUpgProgress:246] total: 27, curr:22, percent:8, rop:78%
[m[0;32;32m2024-10-01 16:17:59.210|I|120893611|lpUCM [fds.cpp:FDS_OnLocalUpgProgress:246] total: 27, curr:22, percent:9, rop:78%
[m[0;32;32m2024-10-01 16:17:59.262|I|120893611|lpUCM [fds.cpp:FDS_OnLocalUpgProgress:246] total: 27, curr:22, percent:10, rop:78%
[m[0;32;32m2024-10-01 16:17:59.288|I|120893611|lpUCM [fds.cpp:FDS_OnLocalUpgProgress:246] total: 27, curr:22, percent:11, rop:78%
[m[0;32;32m2024-10-01 16:17:59.312|I|120893611|lpUCM [fds.cpp:FDS_OnLocalUpgProgress:246] total: 27, curr:22, percent:12, rop:78%
[m[0;32;32m2024-10-01 16:17:59.339|I|120893611|lpUCM [fds.cpp:FDS_OnLocalUpgProgress:246] total: 27, curr:22, percent:13, rop:78%
[m[0;32;32m2024-10-01 16:17:59.392|I|120893611|lpUCM [fds.cpp:FDS_OnLocalUpgProgress:246] total: 27, curr:22, percent:14, rop:78%
[m[0;32;32m2024-10-01 16:17:59.426|I|120893611|lpUCM [fds.cpp:FDS_OnLocalUpgProgress:246] total: 27, curr:22, percent:15, rop:78%
[m[0;32;32m2024-10-01 16:17:59.453|I|120893611|lpUCM [fds.cpp:FDS_OnLocalUpgProgress:246] total: 27, curr:22, percent:16, rop:78%
[m[0;32;32m2024-10-01 16:17:59.471|I|120893611|lpUCM [fds.cpp:FDS_OnLocalUpgProgress:246] total: 27, curr:22, percent:17, rop:78%
[m[0;32;32m2024-10-01 16:17:59.510|I|120893611|lpUCM [fds.cpp:FDS_OnLocalUpgProgress:246] total: 27, curr:22, percent:18, rop:78%
[m[0;32;32m2024-10-01 16:17:59.528|I|120893611|lpUCM [fds.cpp:FDS_OnLocalUpgProgress:246] total: 27, curr:22, percent:19, rop:78%
[m[0;32;32m2024-10-01 16:17:59.536|I|120893611|lpUCM [fds.cpp:FDS_OnLocalUpgProgress:246] total: 27, curr:22, percent:20, rop:78%
[m[0;32;32m2024-10-01 16:17:59.544|I|120893611|lpUCM [fds.cpp:FDS_OnLocalUpgProgress:246] total: 27, curr:22, percent:21, rop:78%
[m[0;32;32m2024-10-01 16:17:59.552|I|120893611|lpUCM [fds.cpp:FDS_OnLocalUpgProgress:246] total: 27, curr:22, percent:22, rop:78%
[m[0;32;32m2024-10-01 16:17:59.582|I|120893611|lpUCM [fds.cpp:FDS_OnLocalUpgProgress:246] total: 27, curr:22, percent:23, rop:78%
[m[0;32;32m2024-10-01 16:17:59.611|I|120893611|lpUCM [fds.cpp:FDS_OnLocalUpgProgress:246] total: 27, curr:22, percent:24, rop:78%
[m[0;32;32m2024-10-01 16:17:59.643|I|120893611|lpUCM [fds.cpp:FDS_OnLocalUpgProgress:246] total: 27, curr:22, percent:25, rop:78%
[m[0;32;32m2024-10-01 16:17:59.670|I|120893611|lpUCM [fds.cpp:FDS_OnLocalUpgProgress:246] total: 27, curr:22, percent:26, rop:78%
[m[0;32;32m2024-10-01 16:17:59.727|I|120893611|lpUCM [fds.cpp:FDS_OnLocalUpgProgress:246] total: 27, curr:22, percent:27, rop:78%
[m[0;32;32m2024-10-01 16:17:59.780|I|120893611|lpUCM [fds.cpp:FDS_OnLocalUpgProgress:246] total: 27, curr:22, percent:28, rop:78%
[m[0;32;32m2024-10-01 16:17:59.844|I|120893611|lpUCM [fds.cpp:FDS_OnLocalUpgProgress:246] total: 27, curr:22, percent:29, rop:78%
[m[0;32;32m2024-10-01 16:17:59.915|I|120893611|lpUCM [fds.cpp:FDS_OnLocalUpgProgress:246] total: 27, curr:22, percent:30, rop:78%
[m[0;32;32m2024-10-01 16:18:00.16|I|120893611|lpUCM [fds.cpp:FDS_OnLocalUpgProgress:246] total: 27, curr:22, percent:31, rop:78%
[m[0;32;32m2024-10-01 16:18:00.24|I|120893611|lpUCM [fds.cpp:FDS_OnLocalUpgProgress:246] total: 27, curr:22, percent:32, rop:78%
[m[0;32;32m2024-10-01 16:18:00.30|I|120893611|lpUCM [fds.cpp:FDS_OnLocalUpgProgress:246] total: 27, curr:22, percent:33, rop:79%
[m[0;32;32m2024-10-01 16:18:00.69|I|120893611|lpUCM [fds.cpp:FDS_OnLocalUpgProgress:246] total: 27, curr:22, percent:34, rop:79%
[m[0;32;32m2024-10-01 16:18:00.88|I|120893611|lpUCM [fds.cpp:FDS_OnLocalUpgProgress:246] total: 27, curr:22, percent:35, rop:79%
[m[0;32;32m2024-10-01 16:18:00.96|I|120893611|lpUCM [fds.cpp:FDS_OnLocalUpgProgress:246] total: 27, curr:22, percent:36, rop:79%
[m[0;32;32m2024-10-01 16:18:00.105|I|120893611|lpUCM [fds.cpp:FDS_OnLocalUpgProgress:246] total: 27, curr:22, percent:37, rop:79%
[m[0;32;32m2024-10-01 16:18:00.115|I|120893611|lpUCM [fds.cpp:FDS_OnLocalUpgProgress:246] total: 27, curr:22, percent:38, rop:79%
[m[0;32;32m2024-10-01 16:18:00.125|I|120893611|lpUCM [fds.cpp:FDS_OnLocalUpgProgress:246] total: 27, curr:22, percent:39, rop:79%
[m[0;32;32m2024-10-01 16:18:00.151|I|120893611|lpUCM [fds.cpp:FDS_OnLocalUpgProgress:246] total: 27, curr:22, percent:40, rop:79%
[m[0;32;32m2024-10-01 16:18:00.166|I|120893611|lpUCM [fds.cpp:FDS_OnLocalUpgProgress:246] total: 27, curr:22, percent:41, rop:79%
[m[0;32;32m2024-10-01 16:18:00.178|I|120893611|lpUCM [fds.cpp:FDS_OnLocalUpgProgress:246] total: 27, curr:22, percent:42, rop:79%
[m[0;32;32m2024-10-01 16:18:00.188|I|120893611|lpUCM [fds.cpp:FDS_OnLocalUpgProgress:246] total: 27, curr:22, percent:43, rop:79%
[m[0;32;32m2024-10-01 16:18:00.198|I|120893611|lpUCM [fds.cpp:FDS_OnLocalUpgProgress:246] total: 27, curr:22, percent:44, rop:79%
[m[0;32;32m2024-10-01 16:18:00.206|I|120893611|lpUCM [fds.cpp:FDS_OnLocalUpgProgress:246] total: 27, curr:22, percent:45, rop:79%
[m[0;32;32m2024-10-01 16:18:00.237|I|120893611|lpUCM [fds.cpp:FDS_OnLocalUpgProgress:246] total: 27, curr:22, percent:46, rop:79%
[m[0;32;32m2024-10-01 16:18:00.253|I|120893611|lpUCM [fds.cpp:FDS_OnLocalUpgProgress:246] total: 27, curr:22, percent:47, rop:79%
[m[0;32;32m2024-10-01 16:18:00.265|I|120893611|lpUCM [fds.cpp:FDS_OnLocalUpgProgress:246] total: 27, curr:22, percent:48, rop:79%
[m[0;32;32m2024-10-01 16:18:00.276|I|120893611|lpUCM [fds.cpp:FDS_OnLocalUpgProgress:246] total: 27, curr:22, percent:49, rop:79%
[m[0;32;32m2024-10-01 16:18:00.366|I|120893611|lpUCM [fds.cpp:FDS_OnLocalUpgProgress:246] total: 27, curr:22, percent:50, rop:79%
[m[0;32;32m2024-10-01 16:18:00.546|I|120893611|lpUCM [handler.c:FDS_idhExtractFile:234] CPIO extract success
[m[0;32;32m2024-10-01 16:18:00.546|I|120893611|lpUCM [fds.cpp:FDS_OnLocalUpgProgress:246] total: 27, curr:22, percent:100, rop:81%
[m[1;33m2024-10-01 16:18:00.546|W|120893611|lpUCM [scm.c:FDS_scmDeployImages:443] deploy [22st] success:boot.bin.rawgz
[m[1;33m2024-10-01 16:18:00.546|W|120893611|lpUCM [scm.c:FDS_scmDeployImages:435] start [23st] deploy:vendor_boot.bin.rawgz
[m[0;32;32m2024-10-01 16:18:00.546|I|120893611|lpUCM [fds.cpp:FDS_OnLocalUpgProgress:246] total: 27, curr:23, percent:0, rop:81%
[m[0;32;32m2024-10-01 16:18:00.546|I|120893611|lpUCM [handler.c:FDS_idhFindDesc:79] find time 1, name raw, handler_name = raw
[m[0;32;32m2024-10-01 16:18:00.546|I|120893611|lpUCM [handler.c:FDS_idhFindDesc:94] find handler raw, type = 0
[m[0;32;32m2024-10-01 16:18:00.546|I|120893611|lpUCM [handler.c:FDS_idhFindDesc:79] find time 1, name raw, handler_name = raw
[m[0;32;32m2024-10-01 16:18:00.546|I|120893611|lpUCM [handler.c:FDS_idhFindDesc:94] find handler raw, type = 0
[m[0;32;32m2024-10-01 16:18:00.546|I|120893611|lpUCM [fds.cpp:FDS_OnLocalUpgProgress:246] total: 27, curr:23, percent:1, rop:81%
[m[0;32;32m2024-10-01 16:18:00.548|I|120893611|lpUCM [fds.cpp:FDS_OnLocalUpgProgress:246] total: 27, curr:23, percent:2, rop:81%
[m[0;32;32m2024-10-01 16:18:00.550|I|120893611|lpUCM [fds.cpp:FDS_OnLocalUpgProgress:246] total: 27, curr:23, percent:4, rop:81%
[m[0;32;32m2024-10-01 16:18:00.551|I|120893611|lpUCM [fds.cpp:FDS_OnLocalUpgProgress:246] total: 27, curr:23, percent:5, rop:81%
[m[0;32;32m2024-10-01 16:18:00.552|I|120893611|lpUCM [fds.cpp:FDS_OnLocalUpgProgress:246] total: 27, curr:23, percent:6, rop:81%
[m[0;32;32m2024-10-01 16:18:00.554|I|120893611|lpUCM [fds.cpp:FDS_OnLocalUpgProgress:246] total: 27, curr:23, percent:8, rop:81%
[m[0;32;32m2024-10-01 16:18:00.555|I|120893611|lpUCM [fds.cpp:FDS_OnLocalUpgProgress:246] total: 27, curr:23, percent:9, rop:81%
[m[0;32;32m2024-10-01 16:18:00.557|I|120893611|lpUCM [fds.cpp:FDS_OnLocalUpgProgress:246] total: 27, curr:23, percent:10, rop:81%
[m[0;32;32m2024-10-01 16:18:00.558|I|120893611|lpUCM [fds.cpp:FDS_OnLocalUpgProgress:246] total: 27, curr:23, percent:12, rop:81%
[m[0;32;32m2024-10-01 16:18:00.559|I|120893611|lpUCM [fds.cpp:FDS_OnLocalUpgProgress:246] total: 27, curr:23, percent:13, rop:81%
[m[0;32;32m2024-10-01 16:18:00.561|I|120893611|lpUCM [fds.cpp:FDS_OnLocalUpgProgress:246] total: 27, curr:23, percent:15, rop:82%
[m[0;32;32m2024-10-01 16:18:00.562|I|120893611|lpUCM [fds.cpp:FDS_OnLocalUpgProgress:246] total: 27, curr:23, percent:16, rop:82%
[m[0;32;32m2024-10-01 16:18:00.564|I|120893611|lpUCM [fds.cpp:FDS_OnLocalUpgProgress:246] total: 27, curr:23, percent:17, rop:82%
[m[0;32;32m2024-10-01 16:18:00.565|I|120893611|lpUCM [fds.cpp:FDS_OnLocalUpgProgress:246] total: 27, curr:23, percent:19, rop:82%
[m[0;32;32m2024-10-01 16:18:00.566|I|120893611|lpUCM [fds.cpp:FDS_OnLocalUpgProgress:246] total: 27, curr:23, percent:20, rop:82%
[m[0;32;32m2024-10-01 16:18:00.568|I|120893611|lpUCM [fds.cpp:FDS_OnLocalUpgProgress:246] total: 27, curr:23, percent:21, rop:82%
[m[0;32;32m2024-10-01 16:18:00.569|I|120893611|lpUCM [fds.cpp:FDS_OnLocalUpgProgress:246] total: 27, curr:23, percent:23, rop:82%
[m[0;32;32m2024-10-01 16:18:00.570|I|120893611|lpUCM [fds.cpp:FDS_OnLocalUpgProgress:246] total: 27, curr:23, percent:24, rop:82%
[m[0;32;32m2024-10-01 16:18:00.571|I|120893611|lpUCM [fds.cpp:FDS_OnLocalUpgProgress:246] total: 27, curr:23, percent:25, rop:82%
[m[0;32;32m2024-10-01 16:18:00.573|I|120893611|lpUCM [fds.cpp:FDS_OnLocalUpgProgress:246] total: 27, curr:23, percent:27, rop:82%
[m[0;32;32m2024-10-01 16:18:00.576|I|120893611|lpUCM [fds.cpp:FDS_OnLocalUpgProgress:246] total: 27, curr:23, percent:28, rop:82%
[m[0;32;32m2024-10-01 16:18:00.596|I|120893611|lpUCM [fds.cpp:FDS_OnLocalUpgProgress:246] total: 27, curr:23, percent:30, rop:82%
[m[0;32;32m2024-10-01 16:18:00.602|I|120893611|lpUCM [fds.cpp:FDS_OnLocalUpgProgress:246] total: 27, curr:23, percent:31, rop:82%
[m[0;32;32m2024-10-01 16:18:00.614|I|120893611|lpUCM [fds.cpp:FDS_OnLocalUpgProgress:246] total: 27, curr:23, percent:32, rop:82%
[m[0;32;32m2024-10-01 16:18:00.617|I|120893611|lpUCM [fds.cpp:FDS_OnLocalUpgProgress:246] total: 27, curr:23, percent:34, rop:82%
[m[0;32;32m2024-10-01 16:18:00.619|I|120893611|lpUCM [fds.cpp:FDS_OnLocalUpgProgress:246] total: 27, curr:23, percent:35, rop:82%
[m[0;32;32m2024-10-01 16:18:00.620|I|120893611|lpUCM [fds.cpp:FDS_OnLocalUpgProgress:246] total: 27, curr:23, percent:36, rop:82%
[m[0;32;32m2024-10-01 16:18:00.622|I|120893611|lpUCM [fds.cpp:FDS_OnLocalUpgProgress:246] total: 27, curr:23, percent:38, rop:82%
[m[0;32;32m2024-10-01 16:18:00.624|I|120893611|lpUCM [fds.cpp:FDS_OnLocalUpgProgress:246] total: 27, curr:23, percent:39, rop:82%
[m[0;32;32m2024-10-01 16:18:00.625|I|120893611|lpUCM [fds.cpp:FDS_OnLocalUpgProgress:246] total: 27, curr:23, percent:40, rop:82%
[m[0;32;32m2024-10-01 16:18:00.627|I|120893611|lpUCM [fds.cpp:FDS_OnLocalUpgProgress:246] total: 27, curr:23, percent:42, rop:83%
[m[0;32;32m2024-10-01 16:18:00.628|I|120893611|lpUCM [fds.cpp:FDS_OnLocalUpgProgress:246] total: 27, curr:23, percent:43, rop:83%
[m[0;32;32m2024-10-01 16:18:00.629|I|120893611|lpUCM [fds.cpp:FDS_OnLocalUpgProgress:246] total: 27, curr:23, percent:45, rop:83%
[m[0;32;32m2024-10-01 16:18:00.678|I|120893611|lpUCM [fds.cpp:FDS_OnLocalUpgProgress:246] total: 27, curr:23, percent:46, rop:83%
[m[0;32;32m2024-10-01 16:18:01.12|I|120893611|lpUCM [fds.cpp:FDS_OnLocalUpgProgress:246] total: 27, curr:23, percent:47, rop:83%
[m[0;32;32m2024-10-01 16:18:01.327|I|120893611|lpUCM [fds.cpp:FDS_OnLocalUpgProgress:246] total: 27, curr:23, percent:49, rop:83%
[m[0;32;32m2024-10-01 16:18:01.659|I|120893611|lpUCM [fds.cpp:FDS_OnLocalUpgProgress:246] total: 27, curr:23, percent:50, rop:83%
[m[0;32;32m2024-10-01 16:18:01.838|I|120893611|lpUCM [handler.c:FDS_idhExtractFile:234] CPIO extract success
[m[0;32;32m2024-10-01 16:18:01.838|I|120893611|lpUCM [fds.cpp:FDS_OnLocalUpgProgress:246] total: 27, curr:23, percent:100, rop:85%
[m[1;33m2024-10-01 16:18:01.838|W|120893611|lpUCM [scm.c:FDS_scmDeployImages:443] deploy [23st] success:vendor_boot.bin.rawgz
[m[1;33m2024-10-01 16:18:01.838|W|120893611|lpUCM [scm.c:FDS_scmDeployImages:435] start [24st] deploy:super.android.gz
[m[0;32;32m2024-10-01 16:18:01.838|I|120893611|lpUCM [fds.cpp:FDS_OnLocalUpgProgress:246] total: 27, curr:24, percent:0, rop:85%
[m[0;32;32m2024-10-01 16:18:01.838|I|120893611|lpUCM [handler.c:FDS_idhFindDesc:79] find time 1, name raw, handler_name = raw
[m[0;32;32m2024-10-01 16:18:01.838|I|120893611|lpUCM [handler.c:FDS_idhFindDesc:94] find handler raw, type = 0
[m[0;32;32m2024-10-01 16:18:01.838|I|120893611|lpUCM [handler.c:FDS_idhFindDesc:79] find time 1, name raw, handler_name = raw
[m[0;32;32m2024-10-01 16:18:01.838|I|120893611|lpUCM [handler.c:FDS_idhFindDesc:94] find handler raw, type = 0
[m[0;32;32m2024-10-01 16:18:06.764|I|120893611|lpUCM [fds.cpp:FDS_OnLocalUpgProgress:246] total: 27, curr:24, percent:1, rop:85%
[m[0;32;32m2024-10-01 16:18:11.568|I|120893611|lpUCM [fds.cpp:FDS_OnLocalUpgProgress:246] total: 27, curr:24, percent:2, rop:85%
[m[0;32;32m2024-10-01 16:18:16.167|I|120893611|lpUCM [fds.cpp:FDS_OnLocalUpgProgress:246] total: 27, curr:24, percent:3, rop:85%
[m[0;32;32m2024-10-01 16:18:20.199|I|120893611|lpUCM [fds.cpp:FDS_OnLocalUpgProgress:246] total: 27, curr:24, percent:4, rop:85%
[m[0;32;32m2024-10-01 16:18:24.526|I|120893611|lpUCM [fds.cpp:FDS_OnLocalUpgProgress:246] total: 27, curr:24, percent:5, rop:85%
[m[0;32;32m2024-10-01 16:18:29.530|I|120893611|lpUCM [fds.cpp:FDS_OnLocalUpgProgress:246] total: 27, curr:24, percent:6, rop:85%
[m[0;32;32m2024-10-01 16:18:35.79|I|120893611|lpUCM [fds.cpp:FDS_OnLocalUpgProgress:246] total: 27, curr:24, percent:7, rop:85%
[m[0;32;32m2024-10-01 16:18:39.912|I|120893611|lpUCM [fds.cpp:FDS_OnLocalUpgProgress:246] total: 27, curr:24, percent:8, rop:85%
[m[0;32;32m2024-10-01 16:18:44.423|I|120893611|lpUCM [fds.cpp:FDS_OnLocalUpgProgress:246] total: 27, curr:24, percent:9, rop:85%
[m[0;32;32m2024-10-01 16:18:50.168|I|120893611|lpUCM [fds.cpp:FDS_OnLocalUpgProgress:246] total: 27, curr:24, percent:10, rop:85%
[m[0;32;32m2024-10-01 16:18:55.358|I|120893611|lpUCM [fds.cpp:FDS_OnLocalUpgProgress:246] total: 27, curr:24, percent:11, rop:85%
[m[0;32;31m2024-10-01 16:18:56.918|E|1917037|LpLoglpCluster 120893611               /opt/usr/bin/lpUCM   246   3%  24%   1672k   0%
[m[0;32;32m2024-10-01 16:19:00.873|I|120893611|lpUCM [fds.cpp:FDS_OnLocalUpgProgress:246] total: 27, curr:24, percent:12, rop:85%
[m[0;32;32m2024-10-01 16:19:05.507|I|120893611|lpUCM [fds.cpp:FDS_OnLocalUpgProgress:246] total: 27, curr:24, percent:13, rop:85%
[m[0;32;32m2024-10-01 16:19:09.838|I|120893611|lpUCM [fds.cpp:FDS_OnLocalUpgProgress:246] total: 27, curr:24, percent:14, rop:85%
[m[0;32;32m2024-10-01 16:19:12.617|I|120893611|lpUCM [fds.cpp:FDS_OnLocalUpgProgress:246] total: 27, curr:24, percent:15, rop:85%
[m[0;32;32m2024-10-01 16:19:15.720|I|120893611|lpUCM [fds.cpp:FDS_OnLocalUpgProgress:246] total: 27, curr:24, percent:16, rop:85%
[m[0;32;32m2024-10-01 16:19:19.960|I|120893611|lpUCM [fds.cpp:FDS_OnLocalUpgProgress:246] total: 27, curr:24, percent:17, rop:85%
[m[0;32;32m2024-10-01 16:19:23.398|I|120893611|lpUCM [fds.cpp:FDS_OnLocalUpgProgress:246] total: 27, curr:24, percent:18, rop:85%
[m[0;32;32m2024-10-01 16:19:25.625|I|120893611|lpUCM [fds.cpp:FDS_OnLocalUpgProgress:246] total: 27, curr:24, percent:19, rop:85%
[m[0;32;32m2024-10-01 16:19:28.537|I|120893611|lpUCM [fds.cpp:FDS_OnLocalUpgProgress:246] total: 27, curr:24, percent:20, rop:85%
[m[0;32;32m2024-10-01 16:19:32.8|I|120893611|lpUCM [fds.cpp:FDS_OnLocalUpgProgress:246] total: 27, curr:24, percent:21, rop:85%
[m[0;32;32m2024-10-01 16:19:35.153|I|120893611|lpUCM [fds.cpp:FDS_OnLocalUpgProgress:246] total: 27, curr:24, percent:22, rop:86%
[m[0;32;32m2024-10-01 16:19:38.103|I|120893611|lpUCM [fds.cpp:FDS_OnLocalUpgProgress:246] total: 27, curr:24, percent:23, rop:86%
[m[0;32;32m2024-10-01 16:19:42.77|I|120893611|lpUCM [fds.cpp:FDS_OnLocalUpgProgress:246] total: 27, curr:24, percent:24, rop:86%
[m[0;32;32m2024-10-01 16:19:47.673|I|120893611|lpUCM [fds.cpp:FDS_OnLocalUpgProgress:246] total: 27, curr:24, percent:25, rop:86%
[m[0;32;32m2024-10-01 16:19:49.859|I|120893611|lpUCM [fds.cpp:FDS_OnLocalUpgProgress:246] total: 27, curr:24, percent:26, rop:86%
[m[0;32;32m2024-10-01 16:19:53.346|I|120893611|lpUCM [fds.cpp:FDS_OnLocalUpgProgress:246] total: 27, curr:24, percent:27, rop:86%
[m[0;32;32m2024-10-01 16:19:56.601|I|120893611|lpUCM [fds.cpp:FDS_OnLocalUpgProgress:246] total: 27, curr:24, percent:28, rop:86%
[m[0;32;31m2024-10-01 16:20:00.8|E|1917037|LpLoglpCluster 120893611               /opt/usr/bin/lpUCM   273   3%  27%   1672k   0%
[m[0;32;32m2024-10-01 16:20:00.321|I|120893611|lpUCM [fds.cpp:FDS_OnLocalUpgProgress:246] total: 27, curr:24, percent:29, rop:86%
[m[0;32;32m2024-10-01 16:20:02.925|I|120893611|lpUCM [fds.cpp:FDS_OnLocalUpgProgress:246] total: 27, curr:24, percent:30, rop:86%
[m[0;32;32m2024-10-01 16:20:05.647|I|120893611|lpUCM [fds.cpp:FDS_OnLocalUpgProgress:246] total: 27, curr:24, percent:31, rop:86%
[m[0;32;32m2024-10-01 16:20:07.999|I|120893611|lpUCM [fds.cpp:FDS_OnLocalUpgProgress:246] total: 27, curr:24, percent:32, rop:86%
[m[0;32;32m2024-10-01 16:20:09.893|I|120893611|lpUCM [fds.cpp:FDS_OnLocalUpgProgress:246] total: 27, curr:24, percent:33, rop:86%
[m[0;32;32m2024-10-01 16:20:11.694|I|120893611|lpUCM [fds.cpp:FDS_OnLocalUpgProgress:246] total: 27, curr:24, percent:34, rop:86%
[m[0;32;32m2024-10-01 16:20:13.506|I|120893611|lpUCM [fds.cpp:FDS_OnLocalUpgProgress:246] total: 27, curr:24, percent:35, rop:86%
[m[0;32;32m2024-10-01 16:20:15.367|I|120893611|lpUCM [fds.cpp:FDS_OnLocalUpgProgress:246] total: 27, curr:24, percent:36, rop:86%
[m[0;32;32m2024-10-01 16:20:18.256|I|120893611|lpUCM [fds.cpp:FDS_OnLocalUpgProgress:246] total: 27, curr:24, percent:37, rop:86%
[m[0;32;32m2024-10-01 16:20:20.65|I|120893611|lpUCM [fds.cpp:FDS_OnLocalUpgProgress:246] total: 27, curr:24, percent:38, rop:86%
[m[0;32;32m2024-10-01 16:20:21.882|I|120893611|lpUCM [fds.cpp:FDS_OnLocalUpgProgress:246] total: 27, curr:24, percent:39, rop:86%
[m[0;32;32m2024-10-01 16:20:23.622|I|120893611|lpUCM [fds.cpp:FDS_OnLocalUpgProgress:246] total: 27, curr:24, percent:40, rop:86%
[m[0;32;32m2024-10-01 16:20:25.334|I|120893611|lpUCM [fds.cpp:FDS_OnLocalUpgProgress:246] total: 27, curr:24, percent:41, rop:86%
[m[0;32;32m2024-10-01 16:20:27.187|I|120893611|lpUCM [fds.cpp:FDS_OnLocalUpgProgress:246] total: 27, curr:24, percent:42, rop:86%
[m[0;32;32m2024-10-01 16:20:28.897|I|120893611|lpUCM [fds.cpp:FDS_OnLocalUpgProgress:246] total: 27, curr:24, percent:43, rop:86%
[m[0;32;32m2024-10-01 16:20:30.677|I|120893611|lpUCM [fds.cpp:FDS_OnLocalUpgProgress:246] total: 27, curr:24, percent:44, rop:86%
[m[0;32;32m2024-10-01 16:20:36.188|I|120893611|lpUCM [fds.cpp:FDS_OnLocalUpgProgress:246] total: 27, curr:24, percent:45, rop:86%
[m[0;32;32m2024-10-01 16:20:38.572|I|120893611|lpUCM [fds.cpp:FDS_OnLocalUpgProgress:246] total: 27, curr:24, percent:46, rop:86%
[m[0;32;32m2024-10-01 16:20:40.318|I|120893611|lpUCM [fds.cpp:FDS_OnLocalUpgProgress:246] total: 27, curr:24, percent:47, rop:86%
[m[0;32;32m2024-10-01 16:20:43.513|I|120893611|lpUCM [fds.cpp:FDS_OnLocalUpgProgress:246] total: 27, curr:24, percent:48, rop:86%
[m[0;32;32m2024-10-01 16:20:47.990|I|120893611|lpUCM [fds.cpp:FDS_OnLocalUpgProgress:246] total: 27, curr:24, percent:49, rop:87%
[m[0;32;32m2024-10-01 16:20:50.75|I|120893611|lpUCM [fds.cpp:FDS_OnLocalUpgProgress:246] total: 27, curr:24, percent:50, rop:87%
[m[0;32;32m2024-10-01 16:20:50.84|I|120893611|lpUCM [handler.c:FDS_idhExtractFile:234] CPIO extract success
[m[0;32;32m2024-10-01 16:20:50.84|I|120893611|lpUCM [fds.cpp:FDS_OnLocalUpgProgress:246] total: 27, curr:24, percent:100, rop:88%
[m[1;33m2024-10-01 16:20:50.84|W|120893611|lpUCM [scm.c:FDS_scmDeployImages:443] deploy [24st] success:super.android.gz
[m[1;33m2024-10-01 16:20:50.84|W|120893611|lpUCM [scm.c:FDS_scmDeployImages:435] start [25st] deploy:vbmeta.bin.rawgz
[m[0;32;32m2024-10-01 16:20:50.84|I|120893611|lpUCM [fds.cpp:FDS_OnLocalUpgProgress:246] total: 27, curr:25, percent:0, rop:88%
[m[0;32;32m2024-10-01 16:20:50.84|I|120893611|lpUCM [handler.c:FDS_idhFindDesc:79] find time 1, name raw, handler_name = raw
[m[0;32;32m2024-10-01 16:20:50.84|I|120893611|lpUCM [handler.c:FDS_idhFindDesc:94] find handler raw, type = 0
[m[0;32;32m2024-10-01 16:20:50.84|I|120893611|lpUCM [handler.c:FDS_idhFindDesc:79] find time 1, name raw, handler_name = raw
[m[0;32;32m2024-10-01 16:20:50.84|I|120893611|lpUCM [handler.c:FDS_idhFindDesc:94] find handler raw, type = 0
[m[0;32;32m2024-10-01 16:20:50.84|I|120893611|lpUCM [fds.cpp:FDS_OnLocalUpgProgress:246] total: 27, curr:25, percent:50, rop:90%
[m[0;32;32m2024-10-01 16:20:50.84|I|120893611|lpUCM [handler.c:FDS_idhExtractFile:234] CPIO extract success
[m[0;32;32m2024-10-01 16:20:50.84|I|120893611|lpUCM [fds.cpp:FDS_OnLocalUpgProgress:246] total: 27, curr:25, percent:100, rop:92%
[m[1;33m2024-10-01 16:20:50.84|W|120893611|lpUCM [scm.c:FDS_scmDeployImages:443] deploy [25st] success:vbmeta.bin.rawgz
[m[1;33m2024-10-01 16:20:50.84|W|120893611|lpUCM [scm.c:FDS_scmDeployImages:435] start [26st] deploy:fw_config_9071CL_VB.bin.rawgz
[m[0;32;32m2024-10-01 16:20:50.84|I|120893611|lpUCM [fds.cpp:FDS_OnLocalUpgProgress:246] total: 27, curr:26, percent:0, rop:92%
[m[0;32;32m2024-10-01 16:20:50.84|I|120893611|lpUCM [handler.c:FDS_idhFindDesc:79] find time 1, name switch, handler_name = raw
[m[0;32;32m2024-10-01 16:20:50.84|I|120893611|lpUCM [handler.c:FDS_idhFindDesc:79] find time 2, name switch, handler_name = rdiff_image
[m[0;32;32m2024-10-01 16:20:50.84|I|120893611|lpUCM [handler.c:FDS_idhFindDesc:79] find time 3, name switch, handler_name = rdiff_file
[m[0;32;32m2024-10-01 16:20:50.84|I|120893611|lpUCM [handler.c:FDS_idhFindDesc:79] find time 4, name switch, handler_name = remote_camera
[m[0;32;32m2024-10-01 16:20:50.84|I|120893611|lpUCM [handler.c:FDS_idhFindDesc:79] find time 5, name switch, handler_name = lidar
[m[0;32;32m2024-10-01 16:20:50.84|I|120893611|lpUCM [handler.c:FDS_idhFindDesc:79] find time 6, name switch, handler_name = switch
[m[0;32;32m2024-10-01 16:20:50.84|I|120893611|lpUCM [handler.c:FDS_idhFindDesc:94] find handler switch, type = 1
[m[0;32;32m2024-10-01 16:20:50.84|I|120893611|lpUCM [handler.c:FDS_idhFindDesc:79] find time 1, name switch, handler_name = raw
[m[0;32;32m2024-10-01 16:20:50.84|I|120893611|lpUCM [handler.c:FDS_idhFindDesc:79] find time 2, name switch, handler_name = rdiff_image
[m[0;32;32m2024-10-01 16:20:50.84|I|120893611|lpUCM [handler.c:FDS_idhFindDesc:79] find time 3, name switch, handler_name = rdiff_file
[m[0;32;32m2024-10-01 16:20:50.84|I|120893611|lpUCM [handler.c:FDS_idhFindDesc:79] find time 4, name switch, handler_name = remote_camera
[m[0;32;32m2024-10-01 16:20:50.84|I|120893611|lpUCM [handler.c:FDS_idhFindDesc:79] find time 5, name switch, handler_name = lidar
[m[0;32;32m2024-10-01 16:20:50.84|I|120893611|lpUCM [handler.c:FDS_idhFindDesc:79] find time 6, name switch, handler_name = switch
[m[0;32;32m2024-10-01 16:20:50.84|I|120893611|lpUCM [handler.c:FDS_idhFindDesc:94] find handler switch, type = 1
[m[0;32;32m2024-10-01 16:20:50.85|I|120893611|lpUCM [fds.cpp:FDS_OnLocalUpgProgress:246] total: 27, curr:26, percent:12, rop:93%
[m[0;32;32m2024-10-01 16:20:50.85|I|120893611|lpUCM [fds.cpp:FDS_OnLocalUpgProgress:246] total: 27, curr:26, percent:25, rop:93%
[m[0;32;32m2024-10-01 16:20:50.86|I|120893611|lpUCM [fds.cpp:FDS_OnLocalUpgProgress:246] total: 27, curr:26, percent:38, rop:94%
[m[0;32;32m2024-10-01 16:20:50.86|I|120893611|lpUCM [fds.cpp:FDS_OnLocalUpgProgress:246] total: 27, curr:26, percent:50, rop:94%
[m[0;32;32m2024-10-01 16:20:50.88|I|120893611|lpUCM [handler.c:FDS_idhExtractFile:234] CPIO extract success
[m[1;33m2024-10-01 16:20:50.89|W|120893611|lpUCM [switch_rtl9071_handler.c:FDS_idhSwitchIchs:58] cur version 0x71160006, update fw version 0x71160006, updateVersion 0x71160006
[m[1;33m2024-10-01 16:20:50.89|W|120893611|lpUCM [switch_rtl9071_handler.c:FDS_idhSwitchIchs:62] Same version number, no upgrade required!!!
[m[1;33m2024-10-01 16:20:50.89|W|120893611|lpUCM [scm.c:FDS_scmDeployImages:443] deploy [26st] success:fw_config_9071CL_VB.bin.rawgz
[m[1;33m2024-10-01 16:20:50.89|W|120893611|lpUCM [scm.c:FDS_scmDeployImages:435] start [27st] deploy:fw_config_9068CL_VB.bin.rawgz
[m[0;32;32m2024-10-01 16:20:50.89|I|120893611|lpUCM [fds.cpp:FDS_OnLocalUpgProgress:246] total: 27, curr:27, percent:0, rop:96%
[m[0;32;32m2024-10-01 16:20:50.89|I|120893611|lpUCM [handler.c:FDS_idhFindDesc:79] find time 1, name switch, handler_name = raw
[m[0;32;32m2024-10-01 16:20:50.89|I|120893611|lpUCM [handler.c:FDS_idhFindDesc:79] find time 2, name switch, handler_name = rdiff_image
[m[0;32;32m2024-10-01 16:20:50.89|I|120893611|lpUCM [handler.c:FDS_idhFindDesc:79] find time 3, name switch, handler_name = rdiff_file
[m[0;32;32m2024-10-01 16:20:50.89|I|120893611|lpUCM [handler.c:FDS_idhFindDesc:79] find time 4, name switch, handler_name = remote_camera
[m[0;32;32m2024-10-01 16:20:50.89|I|120893611|lpUCM [handler.c:FDS_idhFindDesc:79] find time 5, name switch, handler_name = lidar
[m[0;32;32m2024-10-01 16:20:50.89|I|120893611|lpUCM [handler.c:FDS_idhFindDesc:79] find time 6, name switch, handler_name = switch
[m[0;32;32m2024-10-01 16:20:50.89|I|120893611|lpUCM [handler.c:FDS_idhFindDesc:94] find handler switch, type = 1
[m[0;32;32m2024-10-01 16:20:50.89|I|120893611|lpUCM [handler.c:FDS_idhFindDesc:79] find time 1, name switch, handler_name = raw
[m[0;32;32m2024-10-01 16:20:50.89|I|120893611|lpUCM [handler.c:FDS_idhFindDesc:79] find time 2, name switch, handler_name = rdiff_image
[m[0;32;32m2024-10-01 16:20:50.89|I|120893611|lpUCM [handler.c:FDS_idhFindDesc:79] find time 3, name switch, handler_name = rdiff_file
[m[0;32;32m2024-10-01 16:20:50.89|I|120893611|lpUCM [handler.c:FDS_idhFindDesc:79] find time 4, name switch, handler_name = remote_camera
[m[0;32;32m2024-10-01 16:20:50.89|I|120893611|lpUCM [handler.c:FDS_idhFindDesc:79] find time 5, name switch, handler_name = lidar
[m[0;32;32m2024-10-01 16:20:50.89|I|120893611|lpUCM [handler.c:FDS_idhFindDesc:79] find time 6, name switch, handler_name = switch
[m[0;32;32m2024-10-01 16:20:50.89|I|120893611|lpUCM [handler.c:FDS_idhFindDesc:94] find handler switch, type = 1
[m[0;32;32m2024-10-01 16:20:50.90|I|120893611|lpUCM [fds.cpp:FDS_OnLocalUpgProgress:246] total: 27, curr:27, percent:12, rop:96%
[m[0;32;32m2024-10-01 16:20:50.90|I|120893611|lpUCM [fds.cpp:FDS_OnLocalUpgProgress:246] total: 27, curr:27, percent:25, rop:97%
[m[0;32;32m2024-10-01 16:20:50.90|I|120893611|lpUCM [fds.cpp:FDS_OnLocalUpgProgress:246] total: 27, curr:27, percent:38, rop:97%
[m[0;32;32m2024-10-01 16:20:50.91|I|120893611|lpUCM [fds.cpp:FDS_OnLocalUpgProgress:246] total: 27, curr:27, percent:50, rop:98%
[m[0;32;32m2024-10-01 16:20:50.92|I|120893611|lpUCM [handler.c:FDS_idhExtractFile:234] CPIO extract success
[m[1;33m2024-10-01 16:20:50.93|W|120893611|lpUCM [switch_rtl9071_handler.c:FDS_idhSwitchIchs:58] cur version 0x71160006, update fw version 0x68100002, updateVersion 0x68100002
[m[1;33m2024-10-01 16:20:50.98|W|120893611|lpUCM [switch_rtl9071_handler.c:FDS_idhSwitchIchs:73] cur switch device_id id:0xe1-ver:VB packDeviceId id:0xe3-ver:VB
[m[1;33m2024-10-01 16:20:50.98|W|120893611|lpUCM [switch_rtl9071_handler.c:FDS_idhSwitchIchs:76] Inconsistent chip models, no upgrade required!!!
[m[1;33m2024-10-01 16:20:50.98|W|120893611|lpUCM [scm.c:FDS_scmDeployImages:443] deploy [27st] success:fw_config_9068CL_VB.bin.rawgz
[m[0;32;32m2024-10-01 16:20:50.98|I|120893611|lpUCM [fds.cpp:FDS_OnLocalUpgProgress:246] total: 27, curr:28, percent:0, rop:100%
[m[1;33m2024-10-01 16:20:50.98|W|120893611|lpUCM [scm.c:FDS_scmOnHandleFile:969] upgMode: 0, switchAB:1,
[m[1;33m2024-10-01 16:20:50.100|W|120893611|lpUCM [bootChain.c:FDS_bcSwitchChain:87] swdl_utils: WARN swdl misc checksum fail, err=26
[m[0;32;32m2024-10-01 16:20:50.129|I|120893611|lpUCM IpcKeyValueClient construct
[m[1;33m2024-10-01 16:20:50.129|W|120893611|lpUCM IpcClientChannel open suc, retries: 0 
[m[0;32;32m2024-10-01 16:20:50.129|I|120893611|lpUCM IpcKeyValueClient::init ipcclient suc
[m[0;32;32m2024-10-01 16:20:50.130|I|120893611|lpUCM DbKeyValueStorage construct.
[m[0;32;32m2024-10-01 16:20:50.130|I|120893611|lpUCM DbKeyValueStorage::Init filename:/opt/data/config/appData.db, filebackname:/opt/data/config/appData.dbbak
[m[0;32;31m2024-10-01 16:20:50.135|E|120893611|lpUCM getvalue uselast sqlite3_step err:101
[m[0;32;31m2024-10-01 16:20:50.135|E|120893611|lpUCM getvalue uselast sqlite3_step err:101
[m[0;32;32m2024-10-01 16:20:50.135|I|120893611|lpUCM db backup thread begin.
[m[0;32;32m2024-10-01 16:20:50.135|I|120893611|lpUCM DbKeyValueStorage init succ.
[m[0;32;32m2024-10-01 16:20:50.135|I|120893611|lpUCM PER_storageCreate create success
[m[1;33m2024-10-01 16:20:50.137|W|120893611|lpUCM [upa.c:FDS_upaWriteVersion:104] last version info: version: 1.03.0002, date : 2024103.
[m[0;32;32m2024-10-01 16:20:50.138|I|120893611|lpUCM [strUtil.cpp:FDS_strToBCD:290] Get date: 2024101
[m[1;33m2024-10-01 16:20:50.138|W|120893611|lpUCM [upa.c:FDS_upaWriteVersion:120] new version info: version: 1.04.0002, date:2024101.
[m[1;33m2024-10-01 16:20:50.138|W|1904684|lpPer DbAdapter::SetValue setvalue key: EOL_CARFACTORY_ECU_SOFTWARE_VERSION, value: 0x31 2e 30 34 2e 30 30 30 32 00 , authority: lpUCM
[m[1;33m2024-10-01 16:20:50.143|W|120893611|lpUCM [upa.c:FDS_upaWriteVersion:131] new version info:1.04.0002 date : 2024101, has been successfully updated.
[m[1;33m2024-10-01 16:20:50.144|W|1904684|lpPer DbAdapter::SetValue setvalue key: EOL_SUPPLIER_ECU_SOFTWARE_VERSION, value: 0x31 2e 30 34 2e 30 30 30 32 00 , authority: lpUCM
[m[1;33m2024-10-01 16:20:50.145|W|1904684|lpPer DbAdapter::SetValue setvalue key: EOL_PROGRAMMING_DATA, value: 0x20 24 10 01 , authority: lpUCM
[m[0;32;32m2024-10-01 16:20:50.149|I|120893611|lpUCM [upa.c:FDS_upaWriteVersion:166] programTimes 2
[m[1;33m2024-10-01 16:20:50.150|W|1904684|lpPer DbAdapter::SetValue setvalue key: EOL_PROGRAMMING_TIMES, value: 0x02 00 , authority: lpUCM
[m[1;33m2024-10-01 16:20:50.152|W|120893611|lpUCM [upa.c:FDS_upaWriteVersion:175] new supplier version 1.04.0002 update count 2 
[m[1;33m2024-10-01 16:20:50.152|W|1904684|lpPer DbAdapter::SetValue setvalue key: EOL_TRY_PROGRAMMING_TIMES, value: 0x00 , authority: lpUCM
[m[1;33m2024-10-01 16:20:50.153|W|120893611|lpUCM [upa.c:FDS_upaWriteVersion:187] update ver:1.04.0002, supplier:1.04.0002, date:2024103, program times:2.
[m[0;32;32m2024-10-01 16:20:50.153|I|120893611|lpUCM IpcKeyValueClient deconstruct
[m[0;32;32m2024-10-01 16:20:51.136|I|120893611|lpUCM db backup thread end.
[m[0;32;32m2024-10-01 16:20:51.137|I|120893611|lpUCM DbKeyValueStorage deconstruct.
[m[0;32;32m2024-10-01 16:20:51.137|I|120893611|lpUCM PerClient deconstruct
[m[0;32;32m2024-10-01 16:20:51.137|I|120893611|lpUCM [scm.c:FDS_scmUpgradeFromFile:1017] handle file result:0