Could not chdir to home directory /root: No such file or directory
[m[0;32;32m1970-01-04 05:06:42.695|I|2166906|lpHids [idslib] [module_process] 0058 --- abnormal_cmd_alarm_callback >>> [info] cmd:/ifs/bin/grep UCM not match
[m[1;33m1970-01-04 05:06:44.24|W|1184141422|lpUCM [fds.cpp:FDS_printVerInfo:66] Compiled on: Dec 10 2025 at 05:41:34
[m[1;33m1970-01-04 05:06:44.24|W|1184141422|lpUCM [fds.cpp:FDS_printVerInfo:68] ********************VERSION*******************
[m[1;33m1970-01-04 05:06:44.24|W|1184141422|lpUCM [fds.cpp:FDS_printVerInfo:69] Branch     : 
[m[1;33m1970-01-04 05:06:44.24|W|1184141422|lpUCM [fds.cpp:FDS_printVerInfo:70] Commit Hash: 800e5370fd7e3b16f6a04f842190f2b4841fc3d6
[m[1;33m1970-01-04 05:06:44.24|W|1184141422|lpUCM [fds.cpp:FDS_printVerInfo:71] Commit Time: 2025-12-09 19:37:35 +0800
[m[1;33m1970-01-04 05:06:44.24|W|1184141422|lpUCM [fds.cpp:FDS_printVerInfo:72] **********************************************
[m[0;32;32m1970-01-04 05:06:44.24|I|1184141422|lpUCM [8650_handler.c:FDS_idhGetDescTable:44] descTable is 100be9a0, g_idhTbl is 1011f0e0, size = 5
[m[0;32;32m1970-01-04 05:06:44.32|I|1184141422|lpUCM [fds.cpp:main:101] start upgrade by local file: /opt/data/fota/LP-ADDC050-AA_V1.01.0072_D_20251214.icsw
[m[0;32;32m1970-01-04 05:06:44.32|I|1184141422|lpUCM [upa.c:FDS_upaSetSilenceMode:236] FDS_upaSetSilenceMode
[m[0;32;32m1970-01-04 05:06:44.32|I|1184141422|lpUCM IpcKeyValueClient construct
[m[1;33m1970-01-04 05:06:44.43|W|1184141422|lpUCM IpcClientChannel open suc, retries: 0 
[m[0;32;32m1970-01-04 05:06:44.43|I|1184141422|lpUCM IpcKeyValueClient::init ipcclient suc
[m[0;32;32m1970-01-04 05:06:44.43|I|1184141422|lpUCM DbKeyValueStorage construct.
[m[0;32;32m1970-01-04 05:06:44.43|I|1184141422|lpUCM DbKeyValueStorage::Init filename:/opt/data/config/appData.db, filebackname:/opt/data/config/appData.dbbak
[m[0;32;31m1970-01-04 05:06:44.45|E|1184141422|lpUCM getvalue uselast sqlite3_step err:101
[m[0;32;31m1970-01-04 05:06:44.45|E|1184141422|lpUCM getvalue uselast sqlite3_step err:101
[m[0;32;32m1970-01-04 05:06:44.45|I|1184141422|lpUCM db backup thread begin.
[m[0;32;32m1970-01-04 05:06:44.45|I|1184141422|lpUCM DbKeyValueStorage init succ.
[m[0;32;32m1970-01-04 05:06:44.45|I|1184141422|lpUCM PER_storageCreate create success
[m[1;33m1970-01-04 05:06:44.45|W|2097248|lpPer DbAdapter::SetValue setvalue key: CAL_NOFEELUP_VALIDFLAG, value: 0x00 , authority: lpUCM
[m[0;32;32m1970-01-04 05:06:44.47|I|1184141422|lpUCM IpcKeyValueClient deconstruct
[m[0;32;32m1970-01-04 05:06:45.47|I|1184141422|lpUCM db backup thread end.
[m[0;32;32m1970-01-04 05:06:45.47|I|1184141422|lpUCM DbKeyValueStorage deconstruct.
[m[0;32;32m1970-01-04 05:06:45.47|I|1184141422|lpUCM PerClient deconstruct
[m[0;32;32m1970-01-04 05:06:45.48|I|1184141422|lpUCM [file.c:FDS_fileMkDir:274] Directory /opt/data/fota/ already exists
[m[0;32;31m1970-01-04 05:06:45.50|E|1184141422|lpUCM [img.c:FDS_imgGetVal:37] [scripts] FDS_cfgGetSubNodeByName fail 
[m[1;33m1970-01-04 05:06:45.50|W|1184141422|lpUCM [dum.c:FDS_dumConvertSwtchAB:151] STUB !!!
[m[0;32;32m1970-01-04 05:06:45.50|I|1184141422|lpUCM [scm.c:FDS_scmOnHandleFile:926] offset:7380
[m[1;33m1970-01-04 05:06:45.50|W|1184141422|lpUCM [dum.c:FDS_dumGetProduct:98] STUB !!!
[m[1;33m1970-01-04 05:06:45.50|W|1184141422|lpUCM [dum.c:FDS_dumGetProduct:141] product:LP-ADDC050-AA
[m[0;32;32m1970-01-04 05:06:45.50|I|1184141422|lpUCM IpcKeyValueClient construct
[m[1;33m1970-01-04 05:06:45.50|W|1184141422|lpUCM IpcClientChannel open suc, retries: 0 
[m[0;32;32m1970-01-04 05:06:45.50|I|1184141422|lpUCM IpcKeyValueClient::init ipcclient suc
[m[0;32;32m1970-01-04 05:06:45.50|I|1184141422|lpUCM DbKeyValueStorage construct.
[m[0;32;32m1970-01-04 05:06:45.50|I|1184141422|lpUCM DbKeyValueStorage::Init filename:/opt/data/config/appData.db, filebackname:/opt/data/config/appData.dbbak
[m[0;32;31m1970-01-04 05:06:45.52|E|1184141422|lpUCM getvalue uselast sqlite3_step err:101
[m[0;32;31m1970-01-04 05:06:45.52|E|1184141422|lpUCM getvalue uselast sqlite3_step err:101
[m[0;32;32m1970-01-04 05:06:45.52|I|1184141422|lpUCM db backup thread begin.
[m[0;32;32m1970-01-04 05:06:45.52|I|1184141422|lpUCM DbKeyValueStorage init succ.
[m[0;32;32m1970-01-04 05:06:45.53|I|1184141422|lpUCM PER_storageCreate create success
[m[0;32;32m1970-01-04 05:06:45.53|I|1184141422|lpUCM [upa.c:FDS_upaCmpSwVersion:51] FDS_upaCmpSwVersion throuth pia 1.01.0072
[m[1;33m1970-01-04 05:06:45.53|W|1184141422|lpUCM [upa.c:FDS_upaCmpSwVersion:64] packect_version 1.01.0072 curversion 1.01.0072 
[m[0;32;32m1970-01-04 05:06:45.53|I|1184141422|lpUCM IpcKeyValueClient deconstruct
[m[0;32;32m1970-01-04 05:06:46.53|I|1184141422|lpUCM db backup thread end.
[m[0;32;32m1970-01-04 05:06:46.53|I|1184141422|lpUCM DbKeyValueStorage deconstruct.
[m[0;32;32m1970-01-04 05:06:46.53|I|1184141422|lpUCM PerClient deconstruct
[m[0;32;32m1970-01-04 05:06:46.53|I|1184141422|lpUCM [csm.c:FDS_csmX509ParseValueLength:397] first:0x82, bytes:2, length:0x3b5
[m[0;32;32m1970-01-04 05:06:46.53|I|1184141422|lpUCM [csm.c:FDS_csmX509ParseBreadth:462] [0] T:0x30, L:0x3b5, V:111a2044
[m[0;32;32m1970-01-04 05:06:46.53|I|1184141422|lpUCM [csm.c:FDS_csmX509ParseValueLength:397] first:0x82, bytes:2, length:0x29d
[m[0;32;32m1970-01-04 05:06:46.53|I|1184141422|lpUCM [csm.c:FDS_csmX509ParseValueLength:397] first:0x82, bytes:2, length:0x101
[m[0;32;32m1970-01-04 05:06:46.53|I|1184141422|lpUCM [csm.c:FDS_csmX509ParseBreadth:462] [0] T:0x30, L:0x29d, V:111a2048
[m[0;32;32m1970-01-04 05:06:46.53|I|1184141422|lpUCM [csm.c:FDS_csmX509ParseBreadth:462] [1] T:0x30, L:0xd, V:111a22e7
[m[0;32;32m1970-01-04 05:06:46.53|I|1184141422|lpUCM [csm.c:FDS_csmX509ParseBreadth:462] [2] T:0x03, L:0x101, V:111a22f8
[m[0;32;32m1970-01-04 05:06:46.53|I|1184141422|lpUCM [csm.c:FDS_csmX509ParseValueLength:397] first:0x81, bytes:1, length:0x93
[m[0;32;32m1970-01-04 05:06:46.53|I|1184141422|lpUCM [csm.c:FDS_csmX509ParseValueLength:397] first:0x82, bytes:2, length:0x122
[m[0;32;32m1970-01-04 05:06:46.53|I|1184141422|lpUCM [csm.c:FDS_csmX509ParseBreadth:462] [0] T:0xa0, L:0x3, V:111a204a
[m[0;32;32m1970-01-04 05:06:46.53|I|1184141422|lpUCM [csm.c:FDS_csmX509ParseBreadth:462] [1] T:0x02, L:0x6, V:111a204f
[m[0;32;32m1970-01-04 05:06:46.53|I|1184141422|lpUCM [csm.c:FDS_csmX509ParseBreadth:462] [2] T:0x30, L:0xd, V:111a2057
[m[0;32;32m1970-01-04 05:06:46.53|I|1184141422|lpUCM [csm.c:FDS_csmX509ParseBreadth:462] [3] T:0x30, L:0x6f, V:111a2066
[m[0;32;32m1970-01-04 05:06:46.53|I|1184141422|lpUCM [csm.c:FDS_csmX509ParseBreadth:462] [4] T:0x30, L:0x1e, V:111a20d7
[m[0;32;32m1970-01-04 05:06:46.53|I|1184141422|lpUCM [csm.c:FDS_csmX509ParseBreadth:462] [5] T:0x30, L:0x93, V:111a20f8
[m[0;32;32m1970-01-04 05:06:46.53|I|1184141422|lpUCM [csm.c:FDS_csmX509ParseBreadth:462] [6] T:0x30, L:0x122, V:111a218f
[m[0;32;32m1970-01-04 05:06:46.54|I|1184141422|lpUCM [verify.c:FDS_verifyX509Certificate:155] signature length:51
[m[0;32;32m1970-01-04 05:06:46.54|I|1184141422|lpUCM [csm.c:FDS_csmX509ParseBreadth:462] [0] T:0x30, L:0x31, V:100bd14a
[m[0;32;32m1970-01-04 05:06:46.54|I|1184141422|lpUCM [csm.c:FDS_csmX509ParseBreadth:462] [0] T:0x30, L:0xd, V:100bd14c
[m[0;32;32m1970-01-04 05:06:46.54|I|1184141422|lpUCM [csm.c:FDS_csmX509ParseBreadth:462] [1] T:0x04, L:0x20, V:100bd15b
[m[0;32;32m1970-01-04 05:06:46.54|I|1184141422|lpUCM [csm.c:FDS_csmGetHashFromSignature:131] outSize:32
[m[0;32;32m1970-01-04 05:06:46.54|I|1184141422|lpUCM [csm.c:FDS_csmCalcCertSha256:175] size:32
[m[0;32;32m1970-01-04 05:06:46.54|I|1184141422|lpUCM [verify.c:FDS_verifyX509Certificate:179] x509 certificate pass
[m[0;32;32m1970-01-04 05:06:46.54|I|1184141422|lpUCM [csm.c:FDS_csmX509ParseValueLength:397] first:0x82, bytes:2, length:0x10f
[m[0;32;32m1970-01-04 05:06:46.54|I|1184141422|lpUCM [csm.c:FDS_csmX509ParseBreadth:462] [0] T:0x30, L:0xd, V:111a2191
[m[0;32;32m1970-01-04 05:06:46.54|I|1184141422|lpUCM [csm.c:FDS_csmX509ParseBreadth:462] [1] T:0x03, L:0x10f, V:111a21a2
[m[0;32;32m1970-01-04 05:06:46.54|I|1184141422|lpUCM [csm.c:FDS_csmGetX509SubjectPublicKey:307] validBuffSize: 0x10e
[m[0;32;32m1970-01-04 05:06:46.54|I|1184141422|lpUCM [csm.c:FDS_csmX509ParseValueLength:397] first:0x82, bytes:2, length:0x10a
[m[0;32;32m1970-01-04 05:06:46.54|I|1184141422|lpUCM [csm.c:FDS_csmX509ParseBreadth:462] [0] T:0x30, L:0x10a, V:100bc34c
[m[0;32;32m1970-01-04 05:06:46.54|I|1184141422|lpUCM [csm.c:FDS_csmX509ParseValueLength:397] first:0x82, bytes:2, length:0x101
[m[0;32;32m1970-01-04 05:06:46.54|I|1184141422|lpUCM [csm.c:FDS_csmX509ParseBreadth:462] [0] T:0x02, L:0x101, V:100bc350
[m[0;32;32m1970-01-04 05:06:46.54|I|1184141422|lpUCM [csm.c:FDS_csmX509ParseBreadth:462] [1] T:0x02, L:0x3, V:100bc453
[m[0;32;32m1970-01-04 05:06:46.54|I|1184141422|lpUCM [csm.c:FDS_csmX509ParseBreadth:462] [0] T:0x30, L:0x31, V:100bd14a
[m[0;32;32m1970-01-04 05:06:46.54|I|1184141422|lpUCM [csm.c:FDS_csmX509ParseBreadth:462] [0] T:0x30, L:0xd, V:100bd14c
[m[0;32;32m1970-01-04 05:06:46.54|I|1184141422|lpUCM [csm.c:FDS_csmX509ParseBreadth:462] [1] T:0x04, L:0x20, V:100bd15b
[m[0;32;32m1970-01-04 05:06:46.54|I|1184141422|lpUCM [csm.c:FDS_csmGetHashFromSignature:131] outSize:32
[m[0;32;32m1970-01-04 05:06:46.54|I|1184141422|lpUCM [verify.c:FDS_verifyFirmwareSignature:242] firmware signature pass!!!
[m[0;32;32m1970-01-04 05:06:46.54|I|1184141422|lpUCM [verify.c:FDS_verifyFirmwareHash:258] descFileName:/opt/data/fota/sw-description
[m[1;33m1970-01-04 05:06:46.54|W|1184141422|lpUCM [verify.c:FDS_verifyFirmwareHash:303] sw-description verify success !!!
[m[1;33m1970-01-04 05:06:46.54|W|1184141422|lpUCM [verify.c:FDS_verifyContext:355] verify context success !!!
[m[0;32;32m1970-01-04 05:06:46.54|I|1184141422|lpUCM [scm.c:FDS_scmOnHandleFile:936] offset:7380
[m[1;33m1970-01-04 05:06:46.54|W|1184141422|lpUCM [scm.c:FDS_scmScanAndVerify:395] cpucp.elf.rawgz:27881, find
[m[1;33m1970-01-04 05:06:46.55|W|1184141422|lpUCM [scm.c:FDS_scmScanAndVerify:395] dspfusafw.bin.rawgz:2551637, find
[m[1;33m1970-01-04 05:06:46.69|W|1184141422|lpUCM [scm.c:FDS_scmScanAndVerify:395] dspfusalib.bin.rawgz:23607954, find
[m[1;33m1970-01-04 05:06:46.202|W|1184141422|lpUCM [scm.c:FDS_scmScanAndVerify:395] NON-HLOS.bin.rawgz:3926094, find
[m[1;33m1970-01-04 05:06:46.224|W|1184141422|lpUCM [scm.c:FDS_scmScanAndVerify:395] xbl.elf.rawgz:2836262, find
[m[1;33m1970-01-04 05:06:46.239|W|1184141422|lpUCM [scm.c:FDS_scmScanAndVerify:395] xbl_back.elf.rawgz:2836267, find
[m[1;33m1970-01-04 05:06:46.255|W|1184141422|lpUCM [scm.c:FDS_scmScanAndVerify:395] xbl_config.elf.rawgz:61135, find
[m[1;33m1970-01-04 05:06:46.255|W|1184141422|lpUCM [scm.c:FDS_scmScanAndVerify:395] aop.mbn.rawgz:97346, find
[m[1;33m1970-01-04 05:06:46.256|W|1184141422|lpUCM [scm.c:FDS_scmScanAndVerify:395] tz.mbn.rawgz:1479427, find
[m[1;33m1970-01-04 05:06:46.264|W|1184141422|lpUCM [scm.c:FDS_scmScanAndVerify:395] abl.elf.rawgz:132472, find
[m[1;33m1970-01-04 05:06:46.265|W|1184141422|lpUCM [scm.c:FDS_scmScanAndVerify:395] keymint.mbn.rawgz:169353, find
[m[1;33m1970-01-04 05:06:46.266|W|1184141422|lpUCM [scm.c:FDS_scmScanAndVerify:395] boot_qdrive_iosock.bin.rawgz:2917003, find
[m[1;33m1970-01-04 05:06:46.282|W|1184141422|lpUCM [scm.c:FDS_scmScanAndVerify:395] devcfg_auto.mbn.rawgz:19269, find
[m[1;33m1970-01-04 05:06:46.282|W|1184141422|lpUCM [scm.c:FDS_scmScanAndVerify:395] multi_image.mbn.rawgz:1996, find
[m[1;33m1970-01-04 05:06:46.282|W|1184141422|lpUCM [scm.c:FDS_scmScanAndVerify:395] multi_image_qti.mbn.rawgz:1680, find
[m[1;33m1970-01-04 05:06:46.282|W|1184141422|lpUCM [scm.c:FDS_scmScanAndVerify:395] imagefv.elf.rawgz:9015, find
[m[1;33m1970-01-04 05:06:46.283|W|1184141422|lpUCM [scm.c:FDS_scmScanAndVerify:395] shrm.elf.rawgz:24692, find
[m[1;33m1970-01-04 05:06:46.283|W|1184141422|lpUCM [scm.c:FDS_scmScanAndVerify:395] mifs_hyp_qdrive_iosock.ifs.sign.gz:3009780, find
[m[1;33m1970-01-04 05:06:46.299|W|1184141422|lpUCM [scm.c:FDS_scmScanAndVerify:395] ifs2_qdrive_iosock.ifs.gz:56084577, find
[m[1;33m1970-01-04 05:06:46.610|W|1184141422|lpUCM [scm.c:FDS_scmScanAndVerify:395] oem.xfs.gz:1059339496, find
[m[1;33m1970-01-04 05:06:52.485|W|1184141422|lpUCM [scm.c:FDS_scmScanAndVerify:395] system.xfs.gz:173614263, find
[m[1;33m1970-01-04 05:06:53.447|W|1184141422|lpUCM [scm.c:FDS_scmScanAndVerify:395] autosarsailsw1.elf:788448, find
[m[0;32;32m1970-01-04 05:06:53.454|I|1184141422|lpUCM [scm.c:FDS_scmVerifyImage:344] file [autosarsailsw1.elf] calculate finalCrc :0x333CC877
[m[1;33m1970-01-04 05:06:53.454|W|1184141422|lpUCM [scm.c:FDS_scmScanAndVerify:395] sailhyp.elf:755008, find
[m[0;32;32m1970-01-04 05:06:53.460|I|1184141422|lpUCM [scm.c:FDS_scmVerifyImage:344] file [sailhyp.elf] calculate finalCrc :0x61B2179D
[m[1;33m1970-01-04 05:06:53.460|W|1184141422|lpUCM [scm.c:FDS_scmScanAndVerify:388] cpio end !!!
[m[1;33m1970-01-04 05:06:53.460|W|1184141422|lpUCM [1] fname: cpucp.elf.rawgz
[m[1;33m1970-01-04 05:06:53.460|W|1184141422|lpUCM 	provided: 1, compress:2
[m[1;33m1970-01-04 05:06:53.460|W|1184141422|lpUCM 	offset: 7508,size:27881
[m[1;33m1970-01-04 05:06:53.460|W|1184141422|lpUCM 	checksum: 0
[m[1;33m1970-01-04 05:06:53.460|W|1184141422|lpUCM 	handlerName: raw
[m[1;33m1970-01-04 05:06:53.460|W|1184141422|lpUCM 	installedPath: /
[m[1;33m1970-01-04 05:06:53.460|W|1184141422|lpUCM seek: 0 splits: 0 
[m[1;33m1970-01-04 05:06:53.460|W|1184141422|lpUCM 
[m[1;33m1970-01-04 05:06:53.460|W|1184141422|lpUCM [2] fname: dspfusafw.bin.rawgz
[m[1;33m1970-01-04 05:06:53.460|W|1184141422|lpUCM 	provided: 1, compress:2
[m[1;33m1970-01-04 05:06:53.460|W|1184141422|lpUCM 	offset: 35524,size:2551637
[m[1;33m1970-01-04 05:06:53.460|W|1184141422|lpUCM 	checksum: 0
[m[1;33m1970-01-04 05:06:53.460|W|1184141422|lpUCM 	handlerName: raw
[m[1;33m1970-01-04 05:06:53.460|W|1184141422|lpUCM 	installedPath: /
[m[1;33m1970-01-04 05:06:53.460|W|1184141422|lpUCM seek: 0 splits: 0 
[m[1;33m1970-01-04 05:06:53.460|W|1184141422|lpUCM 
[m[1;33m1970-01-04 05:06:53.460|W|1184141422|lpUCM [3] fname: dspfusalib.bin.rawgz
[m[1;33m1970-01-04 05:06:53.460|W|1184141422|lpUCM 	provided: 1, compress:2
[m[1;33m1970-01-04 05:06:53.460|W|1184141422|lpUCM 	offset: 2587296,size:23607954
[m[1;33m1970-01-04 05:06:53.460|W|1184141422|lpUCM 	checksum: 0
[m[1;33m1970-01-04 05:06:53.460|W|1184141422|lpUCM 	handlerName: raw
[m[1;33m1970-01-04 05:06:53.460|W|1184141422|lpUCM 	installedPath: /
[m[1;33m1970-01-04 05:06:53.460|W|1184141422|lpUCM seek: 0 splits: 0 
[m[1;33m1970-01-04 05:06:53.460|W|1184141422|lpUCM 
[m[1;33m1970-01-04 05:06:53.460|W|1184141422|lpUCM [4] fname: NON-HLOS.bin.rawgz
[m[1;33m1970-01-04 05:06:53.460|W|1184141422|lpUCM 	provided: 1, compress:2
[m[1;33m1970-01-04 05:06:53.460|W|1184141422|lpUCM 	offset: 26195384,size:3926094
[m[1;33m1970-01-04 05:06:53.460|W|1184141422|lpUCM 	checksum: 0
[m[1;33m1970-01-04 05:06:53.460|W|1184141422|lpUCM 	handlerName: raw
[m[1;33m1970-01-04 05:06:53.460|W|1184141422|lpUCM 	installedPath: /
[m[1;33m1970-01-04 05:06:53.460|W|1184141422|lpUCM seek: 0 splits: 0 
[m[1;33m1970-01-04 05:06:53.460|W|1184141422|lpUCM 
[m[1;33m1970-01-04 05:06:53.460|W|1184141422|lpUCM [5] fname: xbl.elf.rawgz
[m[1;33m1970-01-04 05:06:53.460|W|1184141422|lpUCM 	provided: 1, compress:2
[m[1;33m1970-01-04 05:06:53.460|W|1184141422|lpUCM 	offset: 30121604,size:2836262
[m[1;33m1970-01-04 05:06:53.460|W|1184141422|lpUCM 	checksum: 0
[m[1;33m1970-01-04 05:06:53.460|W|1184141422|lpUCM 	handlerName: raw
[m[1;33m1970-01-04 05:06:53.460|W|1184141422|lpUCM 	installedPath: /
[m[1;33m1970-01-04 05:06:53.460|W|1184141422|lpUCM seek: 0 splits: 0 
[m[1;33m1970-01-04 05:06:53.460|W|1184141422|lpUCM 
[m[1;33m1970-01-04 05:06:53.460|W|1184141422|lpUCM [6] fname: xbl_back.elf.rawgz
[m[1;33m1970-01-04 05:06:53.460|W|1184141422|lpUCM 	provided: 1, compress:2
[m[1;33m1970-01-04 05:06:53.460|W|1184141422|lpUCM 	offset: 32958000,size:2836267
[m[1;33m1970-01-04 05:06:53.460|W|1184141422|lpUCM 	checksum: 0
[m[1;33m1970-01-04 05:06:53.460|W|1184141422|lpUCM 	handlerName: raw
[m[1;33m1970-01-04 05:06:53.460|W|1184141422|lpUCM 	installedPath: /
[m[1;33m1970-01-04 05:06:53.460|W|1184141422|lpUCM seek: 0 splits: 0 
[m[1;33m1970-01-04 05:06:53.460|W|1184141422|lpUCM 
[m[1;33m1970-01-04 05:06:53.460|W|1184141422|lpUCM [7] fname: xbl_config.elf.rawgz
[m[1;33m1970-01-04 05:06:53.460|W|1184141422|lpUCM 	provided: 1, compress:2
[m[1;33m1970-01-04 05:06:53.460|W|1184141422|lpUCM 	offset: 35794400,size:61135
[m[1;33m1970-01-04 05:06:53.460|W|1184141422|lpUCM 	checksum: 0
[m[1;33m1970-01-04 05:06:53.460|W|1184141422|lpUCM 	handlerName: raw
[m[1;33m1970-01-04 05:06:53.460|W|1184141422|lpUCM 	installedPath: /
[m[1;33m1970-01-04 05:06:53.460|W|1184141422|lpUCM seek: 0 splits: 0 
[m[1;33m1970-01-04 05:06:53.460|W|1184141422|lpUCM 
[m[1;33m1970-01-04 05:06:53.460|W|1184141422|lpUCM [8] fname: aop.mbn.rawgz
[m[1;33m1970-01-04 05:06:53.460|W|1184141422|lpUCM 	provided: 1, compress:2
[m[1;33m1970-01-04 05:06:53.460|W|1184141422|lpUCM 	offset: 35855660,size:97346
[m[1;33m1970-01-04 05:06:53.460|W|1184141422|lpUCM 	checksum: 0
[m[1;33m1970-01-04 05:06:53.460|W|1184141422|lpUCM 	handlerName: raw
[m[1;33m1970-01-04 05:06:53.460|W|1184141422|lpUCM 	installedPath: /
[m[1;33m1970-01-04 05:06:53.460|W|1184141422|lpUCM seek: 0 splits: 0 
[m[1;33m1970-01-04 05:06:53.460|W|1184141422|lpUCM 
[m[1;33m1970-01-04 05:06:53.460|W|1184141422|lpUCM [9] fname: tz.mbn.rawgz
[m[1;33m1970-01-04 05:06:53.460|W|1184141422|lpUCM 	provided: 1, compress:2
[m[1;33m1970-01-04 05:06:53.460|W|1184141422|lpUCM 	offset: 35953132,size:1479427
[m[1;33m1970-01-04 05:06:53.460|W|1184141422|lpUCM 	checksum: 0
[m[1;33m1970-01-04 05:06:53.460|W|1184141422|lpUCM 	handlerName: raw
[m[1;33m1970-01-04 05:06:53.460|W|1184141422|lpUCM 	installedPath: /
[m[1;33m1970-01-04 05:06:53.460|W|1184141422|lpUCM seek: 0 splits: 0 
[m[1;33m1970-01-04 05:06:53.460|W|1184141422|lpUCM 
[m[1;33m1970-01-04 05:06:53.460|W|1184141422|lpUCM [10] fname: abl.elf.rawgz
[m[1;33m1970-01-04 05:06:53.460|W|1184141422|lpUCM 	provided: 1, compress:2
[m[1;33m1970-01-04 05:06:53.460|W|1184141422|lpUCM 	offset: 37432684,size:132472
[m[1;33m1970-01-04 05:06:53.460|W|1184141422|lpUCM 	checksum: 0
[m[1;33m1970-01-04 05:06:53.460|W|1184141422|lpUCM 	handlerName: raw
[m[1;33m1970-01-04 05:06:53.460|W|1184141422|lpUCM 	installedPath: /
[m[1;33m1970-01-04 05:06:53.460|W|1184141422|lpUCM seek: 0 splits: 0 
[m[1;33m1970-01-04 05:06:53.460|W|1184141422|lpUCM 
[m[1;33m1970-01-04 05:06:53.460|W|1184141422|lpUCM [11] fname: keymint.mbn.rawgz
[m[1;33m1970-01-04 05:06:53.460|W|1184141422|lpUCM 	provided: 1, compress:2
[m[1;33m1970-01-04 05:06:53.460|W|1184141422|lpUCM 	offset: 37565284,size:169353
[m[1;33m1970-01-04 05:06:53.460|W|1184141422|lpUCM 	checksum: 0
[m[1;33m1970-01-04 05:06:53.460|W|1184141422|lpUCM 	handlerName: raw
[m[1;33m1970-01-04 05:06:53.460|W|1184141422|lpUCM 	installedPath: /
[m[1;33m1970-01-04 05:06:53.460|W|1184141422|lpUCM seek: 0 splits: 0 
[m[1;33m1970-01-04 05:06:53.460|W|1184141422|lpUCM 
[m[1;33m1970-01-04 05:06:53.460|W|1184141422|lpUCM [12] fname: boot_qdrive_iosock.bin.rawgz
[m[1;33m1970-01-04 05:06:53.460|W|1184141422|lpUCM 	provided: 1, compress:2
[m[1;33m1970-01-04 05:06:53.460|W|1184141422|lpUCM 	offset: 37734780,size:2917003
[m[1;33m1970-01-04 05:06:53.460|W|1184141422|lpUCM 	checksum: 0
[m[1;33m1970-01-04 05:06:53.460|W|1184141422|lpUCM 	handlerName: raw
[m[1;33m1970-01-04 05:06:53.460|W|1184141422|lpUCM 	installedPath: /
[m[1;33m1970-01-04 05:06:53.460|W|1184141422|lpUCM seek: 0 splits: 0 
[m[1;33m1970-01-04 05:06:53.460|W|1184141422|lpUCM 
[m[1;33m1970-01-04 05:06:53.460|W|1184141422|lpUCM [13] fname: devcfg_auto.mbn.rawgz
[m[1;33m1970-01-04 05:06:53.460|W|1184141422|lpUCM 	provided: 1, compress:2
[m[1;33m1970-01-04 05:06:53.460|W|1184141422|lpUCM 	offset: 40651916,size:19269
[m[1;33m1970-01-04 05:06:53.460|W|1184141422|lpUCM 	checksum: 0
[m[1;33m1970-01-04 05:06:53.460|W|1184141422|lpUCM 	handlerName: raw
[m[1;33m1970-01-04 05:06:53.460|W|1184141422|lpUCM 	installedPath: /
[m[1;33m1970-01-04 05:06:53.460|W|1184141422|lpUCM seek: 0 splits: 0 
[m[1;33m1970-01-04 05:06:53.460|W|1184141422|lpUCM 
[m[1;33m1970-01-04 05:06:53.460|W|1184141422|lpUCM [14] fname: multi_image.mbn.rawgz
[m[1;33m1970-01-04 05:06:53.460|W|1184141422|lpUCM 	provided: 1, compress:2
[m[1;33m1970-01-04 05:06:53.460|W|1184141422|lpUCM 	offset: 40671320,size:1996
[m[1;33m1970-01-04 05:06:53.460|W|1184141422|lpUCM 	checksum: 0
[m[1;33m1970-01-04 05:06:53.460|W|1184141422|lpUCM 	handlerName: raw
[m[1;33m1970-01-04 05:06:53.460|W|1184141422|lpUCM 	installedPath: /
[m[1;33m1970-01-04 05:06:53.460|W|1184141422|lpUCM seek: 0 splits: 0 
[m[1;33m1970-01-04 05:06:53.460|W|1184141422|lpUCM 
[m[1;33m1970-01-04 05:06:53.460|W|1184141422|lpUCM [15] fname: multi_image_qti.mbn.rawgz
[m[1;33m1970-01-04 05:06:53.460|W|1184141422|lpUCM 	provided: 1, compress:2
[m[1;33m1970-01-04 05:06:53.460|W|1184141422|lpUCM 	offset: 40673452,size:1680
[m[1;33m1970-01-04 05:06:53.460|W|1184141422|lpUCM 	checksum: 0
[m[1;33m1970-01-04 05:06:53.460|W|1184141422|lpUCM 	handlerName: raw
[m[1;33m1970-01-04 05:06:53.460|W|1184141422|lpUCM 	installedPath: /
[m[1;33m1970-01-04 05:06:53.460|W|1184141422|lpUCM seek: 0 splits: 0 
[m[1;33m1970-01-04 05:06:53.460|W|1184141422|lpUCM 
[m[1;33m1970-01-04 05:06:53.460|W|1184141422|lpUCM [16] fname: imagefv.elf.rawgz
[m[1;33m1970-01-04 05:06:53.460|W|1184141422|lpUCM 	provided: 1, compress:2
[m[1;33m1970-01-04 05:06:53.460|W|1184141422|lpUCM 	offset: 40675260,size:9015
[m[1;33m1970-01-04 05:06:53.460|W|1184141422|lpUCM 	checksum: 0
[m[1;33m1970-01-04 05:06:53.460|W|1184141422|lpUCM 	handlerName: raw
[m[1;33m1970-01-04 05:06:53.460|W|1184141422|lpUCM 	installedPath: /
[m[1;33m1970-01-04 05:06:53.460|W|1184141422|lpUCM seek: 0 splits: 0 
[m[1;33m1970-01-04 05:06:53.460|W|1184141422|lpUCM 
[m[1;33m1970-01-04 05:06:53.460|W|1184141422|lpUCM [17] fname: shrm.elf.rawgz
[m[1;33m1970-01-04 05:06:53.460|W|1184141422|lpUCM 	provided: 1, compress:2
[m[1;33m1970-01-04 05:06:53.460|W|1184141422|lpUCM 	offset: 40684404,size:24692
[m[1;33m1970-01-04 05:06:53.460|W|1184141422|lpUCM 	checksum: 0
[m[1;33m1970-01-04 05:06:53.460|W|1184141422|lpUCM 	handlerName: raw
[m[1;33m1970-01-04 05:06:53.460|W|1184141422|lpUCM 	installedPath: /
[m[1;33m1970-01-04 05:06:53.460|W|1184141422|lpUCM seek: 0 splits: 0 
[m[1;33m1970-01-04 05:06:53.460|W|1184141422|lpUCM 
[m[1;33m1970-01-04 05:06:53.460|W|1184141422|lpUCM [18] fname: mifs_hyp_qdrive_iosock.ifs.sign.gz
[m[1;33m1970-01-04 05:06:53.460|W|1184141422|lpUCM 	provided: 1, compress:2
[m[1;33m1970-01-04 05:06:53.460|W|1184141422|lpUCM 	offset: 40709244,size:3009780
[m[1;33m1970-01-04 05:06:53.460|W|1184141422|lpUCM 	checksum: 0
[m[1;33m1970-01-04 05:06:53.460|W|1184141422|lpUCM 	handlerName: raw
[m[1;33m1970-01-04 05:06:53.460|W|1184141422|lpUCM 	installedPath: /
[m[1;33m1970-01-04 05:06:53.460|W|1184141422|lpUCM seek: 0 splits: 0 
[m[1;33m1970-01-04 05:06:53.460|W|1184141422|lpUCM 
[m[1;33m1970-01-04 05:06:53.460|W|1184141422|lpUCM [19] fname: ifs2_qdrive_iosock.ifs.gz
[m[1;33m1970-01-04 05:06:53.460|W|1184141422|lpUCM 	provided: 1, compress:2
[m[1;33m1970-01-04 05:06:53.460|W|1184141422|lpUCM 	offset: 43719160,size:56084577
[m[1;33m1970-01-04 05:06:53.460|W|1184141422|lpUCM 	checksum: 0
[m[1;33m1970-01-04 05:06:53.460|W|1184141422|lpUCM 	handlerName: raw
[m[1;33m1970-01-04 05:06:53.460|W|1184141422|lpUCM 	installedPath: /
[m[1;33m1970-01-04 05:06:53.460|W|1184141422|lpUCM seek: 0 splits: 0 
[m[1;33m1970-01-04 05:06:53.460|W|1184141422|lpUCM 
[m[1;33m1970-01-04 05:06:53.460|W|1184141422|lpUCM [20] fname: oem.xfs.gz
[m[1;33m1970-01-04 05:06:53.460|W|1184141422|lpUCM 	provided: 1, compress:2
[m[1;33m1970-01-04 05:06:53.460|W|1184141422|lpUCM 	offset: 99803864,size:1059339496
[m[1;33m1970-01-04 05:06:53.460|W|1184141422|lpUCM 	checksum: 0
[m[1;33m1970-01-04 05:06:53.460|W|1184141422|lpUCM 	handlerName: raw
[m[1;33m1970-01-04 05:06:53.460|W|1184141422|lpUCM 	installedPath: /
[m[1;33m1970-01-04 05:06:53.460|W|1184141422|lpUCM seek: 0 splits: 0 
[m[1;33m1970-01-04 05:06:53.460|W|1184141422|lpUCM 
[m[1;33m1970-01-04 05:06:53.460|W|1184141422|lpUCM [21] fname: system.xfs.gz
[m[1;33m1970-01-04 05:06:53.460|W|1184141422|lpUCM 	provided: 1, compress:2
[m[1;33m1970-01-04 05:06:53.460|W|1184141422|lpUCM 	offset: 1159143484,size:173614263
[m[1;33m1970-01-04 05:06:53.460|W|1184141422|lpUCM 	checksum: 0
[m[1;33m1970-01-04 05:06:53.460|W|1184141422|lpUCM 	handlerName: raw
[m[1;33m1970-01-04 05:06:53.460|W|1184141422|lpUCM 	installedPath: /
[m[1;33m1970-01-04 05:06:53.460|W|1184141422|lpUCM seek: 0 splits: 0 
[m[1;33m1970-01-04 05:06:53.460|W|1184141422|lpUCM 
[m[1;33m1970-01-04 05:06:53.460|W|1184141422|lpUCM [22] fname: autosarsailsw1.elf
[m[1;33m1970-01-04 05:06:53.460|W|1184141422|lpUCM 	provided: 1, compress:0
[m[1;33m1970-01-04 05:06:53.460|W|1184141422|lpUCM 	offset: 1332757880,size:788448
[m[1;33m1970-01-04 05:06:53.460|W|1184141422|lpUCM 	checksum: 0
[m[1;33m1970-01-04 05:06:53.460|W|1184141422|lpUCM 	handlerName: sail_sw
[m[1;33m1970-01-04 05:06:53.460|W|1184141422|lpUCM 	installedPath: /opt/data/fota/
[m[1;33m1970-01-04 05:06:53.460|W|1184141422|lpUCM seek: 0 splits: 0 
[m[1;33m1970-01-04 05:06:53.460|W|1184141422|lpUCM 
[m[1;33m1970-01-04 05:06:53.460|W|1184141422|lpUCM [23] fname: sailhyp.elf
[m[1;33m1970-01-04 05:06:53.460|W|1184141422|lpUCM 	provided: 1, compress:0
[m[1;33m1970-01-04 05:06:53.460|W|1184141422|lpUCM 	offset: 1333546452,size:755008
[m[1;33m1970-01-04 05:06:53.460|W|1184141422|lpUCM 	checksum: 0
[m[1;33m1970-01-04 05:06:53.460|W|1184141422|lpUCM 	handlerName: sail_hyp
[m[1;33m1970-01-04 05:06:53.460|W|1184141422|lpUCM 	installedPath: /opt/data/fota/
[m[1;33m1970-01-04 05:06:53.460|W|1184141422|lpUCM seek: 0 splits: 0 
[m[1;33m1970-01-04 05:06:53.460|W|1184141422|lpUCM 
[m[1;33m1970-01-04 05:06:53.460|W|1184141422|lpUCM [bootChain.c:FDS_bcDiskCorrection:138] diskpart  is no label
[m[1;33m1970-01-04 05:06:53.460|W|1184141422|lpUCM [bootChain.c:FDS_bcDiskCorrection:138] diskpart  is no label
[m[0;32;32m1970-01-04 05:06:53.460|I|1184141422|lpUCM [scm.c:FDS_scmSaveTmpVersion:823] switchAB:1,
[m[0;32;32m1970-01-04 05:06:53.460|I|1184141422|lpUCM [upa.c:FDS_upaWriteTemporaryVersion:271] FDS_upaWriteTemporaryVersion
[m[0;32;32m1970-01-04 05:06:53.460|I|1184141422|lpUCM IpcKeyValueClient construct
[m[1;33m1970-01-04 05:06:53.460|W|1184141422|lpUCM IpcClientChannel open suc, retries: 0 
[m[0;32;32m1970-01-04 05:06:53.460|I|1184141422|lpUCM IpcKeyValueClient::init ipcclient suc
[m[0;32;32m1970-01-04 05:06:53.460|I|1184141422|lpUCM DbKeyValueStorage construct.
[m[0;32;32m1970-01-04 05:06:53.461|I|1184141422|lpUCM DbKeyValueStorage::Init filename:/opt/data/config/appData.db, filebackname:/opt/data/config/appData.dbbak
[m[0;32;31m1970-01-04 05:06:53.463|E|1184141422|lpUCM getvalue uselast sqlite3_step err:101
[m[0;32;31m1970-01-04 05:06:53.463|E|1184141422|lpUCM getvalue uselast sqlite3_step err:101
[m[0;32;32m1970-01-04 05:06:53.463|I|1184141422|lpUCM db backup thread begin.
[m[0;32;32m1970-01-04 05:06:53.463|I|1184141422|lpUCM DbKeyValueStorage init succ.
[m[0;32;32m1970-01-04 05:06:53.463|I|1184141422|lpUCM PER_storageCreate create success
[m[1;33m1970-01-04 05:06:53.463|W|2097248|lpPer DbAdapter::SetValue setvalue key: CAL_NOFEELUP_ECUSOFNUM, value: 0x31 2e 30 31 2e 30 30 37 32 00 , authority: lpUCM
[m[1;33m1970-01-04 05:06:53.465|W|2097248|lpPer DbAdapter::SetValue setvalue key: CAL_NOFEELUP_SYSSOFNUM, value: 0x31 2e 30 31 2e 30 30 37 32 00 , authority: lpUCM
[m[0;32;32m1970-01-04 05:06:53.466|I|1184141422|lpUCM IpcKeyValueClient deconstruct
[m[0;32;32m1970-01-04 05:06:54.465|I|1184141422|lpUCM db backup thread end.
[m[0;32;32m1970-01-04 05:06:54.465|I|1184141422|lpUCM DbKeyValueStorage deconstruct.
[m[0;32;32m1970-01-04 05:06:54.465|I|1184141422|lpUCM PerClient deconstruct
[m[1;33m1970-01-04 05:06:54.465|W|1184141422|lpUCM [scm.c:FDS_scmDeployImages:435] start [1st] deploy:cpucp.elf.rawgz
[m[0;32;32m1970-01-04 05:06:54.465|I|1184141422|lpUCM [fds.cpp:FDS_OnLocalUpgProgress:248] total: 23, curr:1, percent:0, rop:0%
[m[0;32;32m1970-01-04 05:06:54.465|I|1184141422|lpUCM [handler.c:FDS_idhFindDesc:79] find time 1, name raw, handler_name = raw
[m[0;32;32m1970-01-04 05:06:54.465|I|1184141422|lpUCM [handler.c:FDS_idhFindDesc:94] find handler raw, type = 0
[m[0;32;32m1970-01-04 05:06:54.465|I|1184141422|lpUCM [handler.c:FDS_idhFindDesc:79] find time 1, name raw, handler_name = raw
[m[0;32;32m1970-01-04 05:06:54.465|I|1184141422|lpUCM [handler.c:FDS_idhFindDesc:94] find handler raw, type = 0
[m[0;32;32m1970-01-04 05:06:54.465|I|1184141422|lpUCM [fds.cpp:FDS_OnLocalUpgProgress:248] total: 23, curr:1, percent:29, rop:1%
[m[0;32;32m1970-01-04 05:06:54.467|I|1184141422|lpUCM [fds.cpp:FDS_OnLocalUpgProgress:248] total: 23, curr:1, percent:50, rop:2%
[m[0;32;32m1970-01-04 05:06:54.468|I|1184141422|lpUCM [handler.c:FDS_idhExtractFile:234] CPIO extract success
[m[0;32;32m1970-01-04 05:06:54.468|I|1184141422|lpUCM [fds.cpp:FDS_OnLocalUpgProgress:248] total: 23, curr:1, percent:100, rop:4%
[m[1;33m1970-01-04 05:06:54.468|W|1184141422|lpUCM [scm.c:FDS_scmDeployImages:443] deploy [1st] success:cpucp.elf.rawgz
[m[1;33m1970-01-04 05:06:54.468|W|1184141422|lpUCM [scm.c:FDS_scmDeployImages:435] start [2st] deploy:dspfusafw.bin.rawgz
[m[0;32;32m1970-01-04 05:06:54.468|I|1184141422|lpUCM [fds.cpp:FDS_OnLocalUpgProgress:248] total: 23, curr:2, percent:0, rop:4%
[m[0;32;32m1970-01-04 05:06:54.468|I|1184141422|lpUCM [handler.c:FDS_idhFindDesc:79] find time 1, name raw, handler_name = raw
[m[0;32;32m1970-01-04 05:06:54.468|I|1184141422|lpUCM [handler.c:FDS_idhFindDesc:94] find handler raw, type = 0
[m[0;32;32m1970-01-04 05:06:54.468|I|1184141422|lpUCM [handler.c:FDS_idhFindDesc:79] find time 1, name raw, handler_name = raw
[m[0;32;32m1970-01-04 05:06:54.468|I|1184141422|lpUCM [handler.c:FDS_idhFindDesc:94] find handler raw, type = 0
[m[0;32;32m1970-01-04 05:06:54.472|I|1184141422|lpUCM [fds.cpp:FDS_OnLocalUpgProgress:248] total: 23, curr:2, percent:1, rop:4%
[m[0;32;32m1970-01-04 05:06:54.473|I|1184141422|lpUCM [fds.cpp:FDS_OnLocalUpgProgress:248] total: 23, curr:2, percent:2, rop:4%
[m[0;32;32m1970-01-04 05:06:54.475|I|1184141422|lpUCM [fds.cpp:FDS_OnLocalUpgProgress:248] total: 23, curr:2, percent:3, rop:4%
[m[0;32;32m1970-01-04 05:06:54.482|I|1184141422|lpUCM [fds.cpp:FDS_OnLocalUpgProgress:248] total: 23, curr:2, percent:4, rop:4%
[m[0;32;32m1970-01-04 05:06:54.483|I|1184141422|lpUCM [fds.cpp:FDS_OnLocalUpgProgress:248] total: 23, curr:2, percent:5, rop:4%
[m[0;32;32m1970-01-04 05:06:54.484|I|1184141422|lpUCM [fds.cpp:FDS_OnLocalUpgProgress:248] total: 23, curr:2, percent:6, rop:4%
[m[0;32;32m1970-01-04 05:06:54.486|I|1184141422|lpUCM [fds.cpp:FDS_OnLocalUpgProgress:248] total: 23, curr:2, percent:7, rop:4%
[m[0;32;32m1970-01-04 05:06:54.487|I|1184141422|lpUCM [fds.cpp:FDS_OnLocalUpgProgress:248] total: 23, curr:2, percent:8, rop:4%
[m[0;32;32m1970-01-04 05:06:54.489|I|1184141422|lpUCM [fds.cpp:FDS_OnLocalUpgProgress:248] total: 23, curr:2, percent:9, rop:4%
[m[0;32;32m1970-01-04 05:06:54.490|I|1184141422|lpUCM [fds.cpp:FDS_OnLocalUpgProgress:248] total: 23, curr:2, percent:10, rop:4%
[m[0;32;32m1970-01-04 05:06:54.491|I|1184141422|lpUCM [fds.cpp:FDS_OnLocalUpgProgress:248] total: 23, curr:2, percent:11, rop:4%
[m[0;32;32m1970-01-04 05:06:54.493|I|1184141422|lpUCM [fds.cpp:FDS_OnLocalUpgProgress:248] total: 23, curr:2, percent:12, rop:4%
[m[0;32;32m1970-01-04 05:06:54.494|I|1184141422|lpUCM [fds.cpp:FDS_OnLocalUpgProgress:248] total: 23, curr:2, percent:13, rop:4%
[m[0;32;32m1970-01-04 05:06:54.495|I|1184141422|lpUCM [fds.cpp:FDS_OnLocalUpgProgress:248] total: 23, curr:2, percent:14, rop:4%
[m[0;32;32m1970-01-04 05:06:54.496|I|1184141422|lpUCM [fds.cpp:FDS_OnLocalUpgProgress:248] total: 23, curr:2, percent:15, rop:5%
[m[0;32;32m1970-01-04 05:06:54.498|I|1184141422|lpUCM [fds.cpp:FDS_OnLocalUpgProgress:248] total: 23, curr:2, percent:16, rop:5%
[m[0;32;32m1970-01-04 05:06:54.499|I|1184141422|lpUCM [fds.cpp:FDS_OnLocalUpgProgress:248] total: 23, curr:2, percent:17, rop:5%
[m[0;32;32m1970-01-04 05:06:54.504|I|1184141422|lpUCM [fds.cpp:FDS_OnLocalUpgProgress:248] total: 23, curr:2, percent:18, rop:5%
[m[0;32;32m1970-01-04 05:06:54.505|I|1184141422|lpUCM [fds.cpp:FDS_OnLocalUpgProgress:248] total: 23, curr:2, percent:19, rop:5%
[m[0;32;32m1970-01-04 05:06:54.507|I|1184141422|lpUCM [fds.cpp:FDS_OnLocalUpgProgress:248] total: 23, curr:2, percent:20, rop:5%
[m[0;32;32m1970-01-04 05:06:54.509|I|1184141422|lpUCM [fds.cpp:FDS_OnLocalUpgProgress:248] total: 23, curr:2, percent:21, rop:5%
[m[0;32;32m1970-01-04 05:06:54.516|I|1184141422|lpUCM [fds.cpp:FDS_OnLocalUpgProgress:248] total: 23, curr:2, percent:22, rop:5%
[m[0;32;32m1970-01-04 05:06:54.518|I|1184141422|lpUCM [fds.cpp:FDS_OnLocalUpgProgress:248] total: 23, curr:2, percent:23, rop:5%
[m[0;32;32m1970-01-04 05:06:54.523|I|1184141422|lpUCM [fds.cpp:FDS_OnLocalUpgProgress:248] total: 23, curr:2, percent:24, rop:5%
[m[0;32;32m1970-01-04 05:06:54.525|I|1184141422|lpUCM [fds.cpp:FDS_OnLocalUpgProgress:248] total: 23, curr:2, percent:25, rop:5%
[m[0;32;32m1970-01-04 05:06:54.529|I|1184141422|lpUCM [fds.cpp:FDS_OnLocalUpgProgress:248] total: 23, curr:2, percent:26, rop:5%
[m[0;32;32m1970-01-04 05:06:54.531|I|1184141422|lpUCM [fds.cpp:FDS_OnLocalUpgProgress:248] total: 23, curr:2, percent:27, rop:5%
[m[0;32;32m1970-01-04 05:06:54.533|I|1184141422|lpUCM [fds.cpp:FDS_OnLocalUpgProgress:248] total: 23, curr:2, percent:28, rop:5%
[m[0;32;32m1970-01-04 05:06:54.535|I|1184141422|lpUCM [fds.cpp:FDS_OnLocalUpgProgress:248] total: 23, curr:2, percent:29, rop:5%
[m[0;32;32m1970-01-04 05:06:54.537|I|1184141422|lpUCM [fds.cpp:FDS_OnLocalUpgProgress:248] total: 23, curr:2, percent:30, rop:5%
[m[0;32;32m1970-01-04 05:06:54.539|I|1184141422|lpUCM [fds.cpp:FDS_OnLocalUpgProgress:248] total: 23, curr:2, percent:31, rop:5%
[m[0;32;32m1970-01-04 05:06:54.541|I|1184141422|lpUCM [fds.cpp:FDS_OnLocalUpgProgress:248] total: 23, curr:2, percent:32, rop:5%
[m[0;32;32m1970-01-04 05:06:54.542|I|1184141422|lpUCM [fds.cpp:FDS_OnLocalUpgProgress:248] total: 23, curr:2, percent:33, rop:5%
[m[0;32;32m1970-01-04 05:06:54.544|I|1184141422|lpUCM [fds.cpp:FDS_OnLocalUpgProgress:248] total: 23, curr:2, percent:34, rop:5%
[m[0;32;32m1970-01-04 05:06:54.546|I|1184141422|lpUCM [fds.cpp:FDS_OnLocalUpgProgress:248] total: 23, curr:2, percent:35, rop:5%
[m[0;32;32m1970-01-04 05:06:54.548|I|1184141422|lpUCM [fds.cpp:FDS_OnLocalUpgProgress:248] total: 23, curr:2, percent:36, rop:5%
[m[0;32;32m1970-01-04 05:06:54.550|I|1184141422|lpUCM [fds.cpp:FDS_OnLocalUpgProgress:248] total: 23, curr:2, percent:37, rop:5%
[m[0;32;32m1970-01-04 05:06:54.551|I|1184141422|lpUCM [fds.cpp:FDS_OnLocalUpgProgress:248] total: 23, curr:2, percent:38, rop:6%
[m[0;32;32m1970-01-04 05:06:54.553|I|1184141422|lpUCM [fds.cpp:FDS_OnLocalUpgProgress:248] total: 23, curr:2, percent:39, rop:6%
[m[0;32;32m1970-01-04 05:06:54.554|I|1184141422|lpUCM [fds.cpp:FDS_OnLocalUpgProgress:248] total: 23, curr:2, percent:40, rop:6%
[m[0;32;32m1970-01-04 05:06:54.556|I|1184141422|lpUCM [fds.cpp:FDS_OnLocalUpgProgress:248] total: 23, curr:2, percent:41, rop:6%
[m[0;32;32m1970-01-04 05:06:54.564|I|1184141422|lpUCM [fds.cpp:FDS_OnLocalUpgProgress:248] total: 23, curr:2, percent:42, rop:6%
[m[0;32;32m1970-01-04 05:06:54.566|I|1184141422|lpUCM [fds.cpp:FDS_OnLocalUpgProgress:248] total: 23, curr:2, percent:43, rop:6%
[m[0;32;32m1970-01-04 05:06:54.568|I|1184141422|lpUCM [fds.cpp:FDS_OnLocalUpgProgress:248] total: 23, curr:2, percent:44, rop:6%
[m[0;32;32m1970-01-04 05:06:54.569|I|1184141422|lpUCM [fds.cpp:FDS_OnLocalUpgProgress:248] total: 23, curr:2, percent:45, rop:6%
[m[0;32;32m1970-01-04 05:06:54.572|I|1184141422|lpUCM [fds.cpp:FDS_OnLocalUpgProgress:248] total: 23, curr:2, percent:46, rop:6%
[m[0;32;32m1970-01-04 05:06:54.574|I|1184141422|lpUCM [fds.cpp:FDS_OnLocalUpgProgress:248] total: 23, curr:2, percent:47, rop:6%
[m[0;32;32m1970-01-04 05:06:54.576|I|1184141422|lpUCM [fds.cpp:FDS_OnLocalUpgProgress:248] total: 23, curr:2, percent:48, rop:6%
[m[0;32;32m1970-01-04 05:06:54.580|I|1184141422|lpUCM [fds.cpp:FDS_OnLocalUpgProgress:248] total: 23, curr:2, percent:49, rop:6%
[m[0;32;32m1970-01-04 05:06:54.581|I|1184141422|lpUCM [fds.cpp:FDS_OnLocalUpgProgress:248] total: 23, curr:2, percent:50, rop:6%
[m[0;32;32m1970-01-04 05:06:54.581|I|1184141422|lpUCM [handler.c:FDS_idhExtractFile:234] CPIO extract success
[m[0;32;32m1970-01-04 05:06:54.581|I|1184141422|lpUCM [fds.cpp:FDS_OnLocalUpgProgress:248] total: 23, curr:2, percent:100, rop:8%
[m[1;33m1970-01-04 05:06:54.581|W|1184141422|lpUCM [scm.c:FDS_scmDeployImages:443] deploy [2st] success:dspfusafw.bin.rawgz
[m[1;33m1970-01-04 05:06:54.581|W|1184141422|lpUCM [scm.c:FDS_scmDeployImages:435] start [3st] deploy:dspfusalib.bin.rawgz
[m[0;32;32m1970-01-04 05:06:54.581|I|1184141422|lpUCM [fds.cpp:FDS_OnLocalUpgProgress:248] total: 23, curr:3, percent:0, rop:8%
[m[0;32;32m1970-01-04 05:06:54.581|I|1184141422|lpUCM [handler.c:FDS_idhFindDesc:79] find time 1, name raw, handler_name = raw
[m[0;32;32m1970-01-04 05:06:54.581|I|1184141422|lpUCM [handler.c:FDS_idhFindDesc:94] find handler raw, type = 0
[m[0;32;32m1970-01-04 05:06:54.581|I|1184141422|lpUCM [handler.c:FDS_idhFindDesc:79] find time 1, name raw, handler_name = raw
[m[0;32;32m1970-01-04 05:06:54.581|I|1184141422|lpUCM [handler.c:FDS_idhFindDesc:94] find handler raw, type = 0
[m[0;32;32m1970-01-04 05:06:54.605|I|1184141422|lpUCM [fds.cpp:FDS_OnLocalUpgProgress:248] total: 23, curr:3, percent:1, rop:8%
[m[0;32;32m1970-01-04 05:06:54.619|I|1184141422|lpUCM [fds.cpp:FDS_OnLocalUpgProgress:248] total: 23, curr:3, percent:2, rop:8%
[m[0;32;32m1970-01-04 05:06:54.633|I|1184141422|lpUCM [fds.cpp:FDS_OnLocalUpgProgress:248] total: 23, curr:3, percent:3, rop:8%
[m[0;32;32m1970-01-04 05:06:54.641|I|1184141422|lpUCM [fds.cpp:FDS_OnLocalUpgProgress:248] total: 23, curr:3, percent:4, rop:8%
[m[0;32;32m1970-01-04 05:06:54.655|I|1184141422|lpUCM [fds.cpp:FDS_OnLocalUpgProgress:248] total: 23, curr:3, percent:5, rop:8%
[m[0;32;32m1970-01-04 05:06:54.664|I|1184141422|lpUCM [fds.cpp:FDS_OnLocalUpgProgress:248] total: 23, curr:3, percent:6, rop:8%
[m[0;32;32m1970-01-04 05:06:54.669|I|1184141422|lpUCM [fds.cpp:FDS_OnLocalUpgProgress:248] total: 23, curr:3, percent:7, rop:9%
[m[0;32;32m1970-01-04 05:06:54.677|I|1184141422|lpUCM [fds.cpp:FDS_OnLocalUpgProgress:248] total: 23, curr:3, percent:8, rop:9%
[m[0;32;32m1970-01-04 05:06:54.690|I|1184141422|lpUCM [fds.cpp:FDS_OnLocalUpgProgress:248] total: 23, curr:3, percent:9, rop:9%
[m[0;32;32m1970-01-04 05:06:54.695|I|1184141422|lpUCM [fds.cpp:FDS_OnLocalUpgProgress:248] total: 23, curr:3, percent:10, rop:9%
[m[0;32;32m1970-01-04 05:06:54.703|I|1184141422|lpUCM [fds.cpp:FDS_OnLocalUpgProgress:248] total: 23, curr:3, percent:11, rop:9%
[m[0;32;32m1970-01-04 05:06:54.715|I|1184141422|lpUCM [fds.cpp:FDS_OnLocalUpgProgress:248] total: 23, curr:3, percent:12, rop:9%
[m[0;32;32m1970-01-04 05:06:54.732|I|1184141422|lpUCM [fds.cpp:FDS_OnLocalUpgProgress:248] total: 23, curr:3, percent:13, rop:9%
[m[0;32;32m1970-01-04 05:06:54.769|I|1184141422|lpUCM [fds.cpp:FDS_OnLocalUpgProgress:248] total: 23, curr:3, percent:14, rop:9%
[m[0;32;32m1970-01-04 05:06:54.784|I|1184141422|lpUCM [fds.cpp:FDS_OnLocalUpgProgress:248] total: 23, curr:3, percent:15, rop:9%
[m[0;32;32m1970-01-04 05:06:54.791|I|1184141422|lpUCM [fds.cpp:FDS_OnLocalUpgProgress:248] total: 23, curr:3, percent:16, rop:9%
[m[0;32;32m1970-01-04 05:06:54.799|I|1184141422|lpUCM [fds.cpp:FDS_OnLocalUpgProgress:248] total: 23, curr:3, percent:17, rop:9%
[m[0;32;32m1970-01-04 05:06:54.814|I|1184141422|lpUCM [fds.cpp:FDS_OnLocalUpgProgress:248] total: 23, curr:3, percent:18, rop:9%
[m[0;32;32m1970-01-04 05:06:54.823|I|1184141422|lpUCM [fds.cpp:FDS_OnLocalUpgProgress:248] total: 23, curr:3, percent:19, rop:9%
[m[0;32;32m1970-01-04 05:06:54.830|I|1184141422|lpUCM [fds.cpp:FDS_OnLocalUpgProgress:248] total: 23, curr:3, percent:20, rop:9%
[m[0;32;32m1970-01-04 05:06:54.837|I|1184141422|lpUCM [fds.cpp:FDS_OnLocalUpgProgress:248] total: 23, curr:3, percent:21, rop:9%
[m[0;32;32m1970-01-04 05:06:54.854|I|1184141422|lpUCM [fds.cpp:FDS_OnLocalUpgProgress:248] total: 23, curr:3, percent:22, rop:9%
[m[0;32;32m1970-01-04 05:06:54.879|I|1184141422|lpUCM [fds.cpp:FDS_OnLocalUpgProgress:248] total: 23, curr:3, percent:23, rop:9%
[m[0;32;32m1970-01-04 05:06:54.912|I|1184141422|lpUCM [fds.cpp:FDS_OnLocalUpgProgress:248] total: 23, curr:3, percent:24, rop:9%
[m[0;32;32m1970-01-04 05:06:54.929|I|1184141422|lpUCM [fds.cpp:FDS_OnLocalUpgProgress:248] total: 23, curr:3, percent:25, rop:9%
[m[0;32;32m1970-01-04 05:06:54.946|I|1184141422|lpUCM [fds.cpp:FDS_OnLocalUpgProgress:248] total: 23, curr:3, percent:26, rop:9%
[m[0;32;32m1970-01-04 05:06:54.980|I|1184141422|lpUCM [fds.cpp:FDS_OnLocalUpgProgress:248] total: 23, curr:3, percent:27, rop:9%
[m[0;32;32m1970-01-04 05:06:54.988|I|1184141422|lpUCM [fds.cpp:FDS_OnLocalUpgProgress:248] total: 23, curr:3, percent:28, rop:9%
[m[0;32;32m1970-01-04 05:06:54.997|I|1184141422|lpUCM [fds.cpp:FDS_OnLocalUpgProgress:248] total: 23, curr:3, percent:29, rop:9%
[m[0;32;32m1970-01-04 05:06:55.1|I|1184141422|lpUCM [fds.cpp:FDS_OnLocalUpgProgress:248] total: 23, curr:3, percent:30, rop:10%
[m[0;32;32m1970-01-04 05:06:55.4|I|1184141422|lpUCM [fds.cpp:FDS_OnLocalUpgProgress:248] total: 23, curr:3, percent:31, rop:10%
[m[0;32;32m1970-01-04 05:06:55.15|I|1184141422|lpUCM [fds.cpp:FDS_OnLocalUpgProgress:248] total: 23, curr:3, percent:32, rop:10%
[m[0;32;32m1970-01-04 05:06:55.20|I|1184141422|lpUCM [fds.cpp:FDS_OnLocalUpgProgress:248] total: 23, curr:3, percent:33, rop:10%
[m[0;32;32m1970-01-04 05:06:55.33|I|1184141422|lpUCM [fds.cpp:FDS_OnLocalUpgProgress:248] total: 23, curr:3, percent:34, rop:10%
[m[0;32;32m1970-01-04 05:06:55.42|I|1184141422|lpUCM [fds.cpp:FDS_OnLocalUpgProgress:248] total: 23, curr:3, percent:35, rop:10%
[m[0;32;32m1970-01-04 05:06:55.46|I|1184141422|lpUCM [fds.cpp:FDS_OnLocalUpgProgress:248] total: 23, curr:3, percent:36, rop:10%
[m[0;32;32m1970-01-04 05:06:55.63|I|1184141422|lpUCM [fds.cpp:FDS_OnLocalUpgProgress:248] total: 23, curr:3, percent:37, rop:10%
[m[0;32;32m1970-01-04 05:06:55.88|I|1184141422|lpUCM [fds.cpp:FDS_OnLocalUpgProgress:248] total: 23, curr:3, percent:38, rop:10%
[m[0;32;32m1970-01-04 05:06:55.123|I|1184141422|lpUCM [fds.cpp:FDS_OnLocalUpgProgress:248] total: 23, curr:3, percent:39, rop:10%
[m[0;32;32m1970-01-04 05:06:55.143|I|1184141422|lpUCM [fds.cpp:FDS_OnLocalUpgProgress:248] total: 23, curr:3, percent:40, rop:10%
[m[0;32;32m1970-01-04 05:06:55.150|I|1184141422|lpUCM [fds.cpp:FDS_OnLocalUpgProgress:248] total: 23, curr:3, percent:41, rop:10%
[m[0;32;32m1970-01-04 05:06:55.158|I|1184141422|lpUCM [fds.cpp:FDS_OnLocalUpgProgress:248] total: 23, curr:3, percent:42, rop:10%
[m[0;32;32m1970-01-04 05:06:55.172|I|1184141422|lpUCM [fds.cpp:FDS_OnLocalUpgProgress:248] total: 23, curr:3, percent:43, rop:10%
[m[0;32;32m1970-01-04 05:06:55.183|I|1184141422|lpUCM [fds.cpp:FDS_OnLocalUpgProgress:248] total: 23, curr:3, percent:44, rop:10%
[m[0;32;32m1970-01-04 05:06:55.191|I|1184141422|lpUCM [fds.cpp:FDS_OnLocalUpgProgress:248] total: 23, curr:3, percent:45, rop:10%
[m[0;32;32m1970-01-04 05:06:55.197|I|1184141422|lpUCM [fds.cpp:FDS_OnLocalUpgProgress:248] total: 23, curr:3, percent:46, rop:10%
[m[0;32;32m1970-01-04 05:06:55.218|I|1184141422|lpUCM [fds.cpp:FDS_OnLocalUpgProgress:248] total: 23, curr:3, percent:47, rop:10%
[m[0;32;32m1970-01-04 05:06:55.246|I|1184141422|lpUCM [fds.cpp:FDS_OnLocalUpgProgress:248] total: 23, curr:3, percent:48, rop:10%
[m[0;32;32m1970-01-04 05:06:55.274|I|1184141422|lpUCM [fds.cpp:FDS_OnLocalUpgProgress:248] total: 23, curr:3, percent:49, rop:10%
[m[0;32;32m1970-01-04 05:06:57.143|I|1184141422|lpUCM [fds.cpp:FDS_OnLocalUpgProgress:248] total: 23, curr:3, percent:50, rop:10%
[m[0;32;32m1970-01-04 05:06:57.153|I|1184141422|lpUCM [handler.c:FDS_idhExtractFile:234] CPIO extract success
[m[0;32;32m1970-01-04 05:06:57.153|I|1184141422|lpUCM [fds.cpp:FDS_OnLocalUpgProgress:248] total: 23, curr:3, percent:100, rop:13%
[m[1;33m1970-01-04 05:06:57.153|W|1184141422|lpUCM [scm.c:FDS_scmDeployImages:443] deploy [3st] success:dspfusalib.bin.rawgz
[m[1;33m1970-01-04 05:06:57.153|W|1184141422|lpUCM [scm.c:FDS_scmDeployImages:435] start [4st] deploy:NON-HLOS.bin.rawgz
[m[0;32;32m1970-01-04 05:06:57.153|I|1184141422|lpUCM [fds.cpp:FDS_OnLocalUpgProgress:248] total: 23, curr:4, percent:0, rop:13%
[m[0;32;32m1970-01-04 05:06:57.153|I|1184141422|lpUCM [handler.c:FDS_idhFindDesc:79] find time 1, name raw, handler_name = raw
[m[0;32;32m1970-01-04 05:06:57.153|I|1184141422|lpUCM [handler.c:FDS_idhFindDesc:94] find handler raw, type = 0
[m[0;32;32m1970-01-04 05:06:57.153|I|1184141422|lpUCM [handler.c:FDS_idhFindDesc:79] find time 1, name raw, handler_name = raw
[m[0;32;32m1970-01-04 05:06:57.153|I|1184141422|lpUCM [handler.c:FDS_idhFindDesc:94] find handler raw, type = 0
[m[0;32;32m1970-01-04 05:06:57.168|I|1184141422|lpUCM [fds.cpp:FDS_OnLocalUpgProgress:248] total: 23, curr:4, percent:1, rop:13%
[m[0;32;32m1970-01-04 05:06:57.171|I|1184141422|lpUCM [fds.cpp:FDS_OnLocalUpgProgress:248] total: 23, curr:4, percent:2, rop:13%
[m[0;32;32m1970-01-04 05:06:57.178|I|1184141422|lpUCM [fds.cpp:FDS_OnLocalUpgProgress:248] total: 23, curr:4, percent:3, rop:13%
[m[0;32;32m1970-01-04 05:06:57.180|I|1184141422|lpUCM [fds.cpp:FDS_OnLocalUpgProgress:248] total: 23, curr:4, percent:4, rop:13%
[m[0;32;32m1970-01-04 05:06:57.182|I|1184141422|lpUCM [fds.cpp:FDS_OnLocalUpgProgress:248] total: 23, curr:4, percent:5, rop:13%
[m[0;32;32m1970-01-04 05:06:57.184|I|1184141422|lpUCM [fds.cpp:FDS_OnLocalUpgProgress:248] total: 23, curr:4, percent:6, rop:13%
[m[0;32;32m1970-01-04 05:06:57.187|I|1184141422|lpUCM [fds.cpp:FDS_OnLocalUpgProgress:248] total: 23, curr:4, percent:7, rop:13%
[m[0;32;32m1970-01-04 05:06:57.189|I|1184141422|lpUCM [fds.cpp:FDS_OnLocalUpgProgress:248] total: 23, curr:4, percent:8, rop:13%
[m[0;32;32m1970-01-04 05:06:57.191|I|1184141422|lpUCM [fds.cpp:FDS_OnLocalUpgProgress:248] total: 23, curr:4, percent:9, rop:13%
[m[0;32;32m1970-01-04 05:06:57.196|I|1184141422|lpUCM [fds.cpp:FDS_OnLocalUpgProgress:248] total: 23, curr:4, percent:10, rop:13%
[m[0;32;32m1970-01-04 05:06:57.198|I|1184141422|lpUCM [fds.cpp:FDS_OnLocalUpgProgress:248] total: 23, curr:4, percent:11, rop:13%
[m[0;32;32m1970-01-04 05:06:57.200|I|1184141422|lpUCM [fds.cpp:FDS_OnLocalUpgProgress:248] total: 23, curr:4, percent:12, rop:13%
[m[0;32;32m1970-01-04 05:06:57.202|I|1184141422|lpUCM [fds.cpp:FDS_OnLocalUpgProgress:248] total: 23, curr:4, percent:13, rop:13%
[m[0;32;32m1970-01-04 05:06:57.210|I|1184141422|lpUCM [fds.cpp:FDS_OnLocalUpgProgress:248] total: 23, curr:4, percent:14, rop:13%
[m[0;32;32m1970-01-04 05:06:57.214|I|1184141422|lpUCM [fds.cpp:FDS_OnLocalUpgProgress:248] total: 23, curr:4, percent:15, rop:13%
[m[0;32;32m1970-01-04 05:06:57.224|I|1184141422|lpUCM [fds.cpp:FDS_OnLocalUpgProgress:248] total: 23, curr:4, percent:16, rop:13%
[m[0;32;32m1970-01-04 05:06:57.228|I|1184141422|lpUCM [fds.cpp:FDS_OnLocalUpgProgress:248] total: 23, curr:4, percent:17, rop:13%
[m[0;32;32m1970-01-04 05:06:57.231|I|1184141422|lpUCM [fds.cpp:FDS_OnLocalUpgProgress:248] total: 23, curr:4, percent:18, rop:13%
[m[0;32;32m1970-01-04 05:06:57.234|I|1184141422|lpUCM [fds.cpp:FDS_OnLocalUpgProgress:248] total: 23, curr:4, percent:19, rop:13%
[m[0;32;32m1970-01-04 05:06:57.236|I|1184141422|lpUCM [fds.cpp:FDS_OnLocalUpgProgress:248] total: 23, curr:4, percent:20, rop:13%
[m[0;32;32m1970-01-04 05:06:57.239|I|1184141422|lpUCM [fds.cpp:FDS_OnLocalUpgProgress:248] total: 23, curr:4, percent:21, rop:13%
[m[0;32;32m1970-01-04 05:06:57.242|I|1184141422|lpUCM [fds.cpp:FDS_OnLocalUpgProgress:248] total: 23, curr:4, percent:22, rop:14%
[m[0;32;32m1970-01-04 05:06:57.245|I|1184141422|lpUCM [fds.cpp:FDS_OnLocalUpgProgress:248] total: 23, curr:4, percent:23, rop:14%
[m[0;32;32m1970-01-04 05:06:57.248|I|1184141422|lpUCM [fds.cpp:FDS_OnLocalUpgProgress:248] total: 23, curr:4, percent:24, rop:14%
[m[0;32;32m1970-01-04 05:06:57.250|I|1184141422|lpUCM [fds.cpp:FDS_OnLocalUpgProgress:248] total: 23, curr:4, percent:25, rop:14%
[m[0;32;32m1970-01-04 05:06:57.252|I|1184141422|lpUCM [fds.cpp:FDS_OnLocalUpgProgress:248] total: 23, curr:4, percent:26, rop:14%
[m[0;32;32m1970-01-04 05:06:57.261|I|1184141422|lpUCM [fds.cpp:FDS_OnLocalUpgProgress:248] total: 23, curr:4, percent:27, rop:14%
[m[0;32;32m1970-01-04 05:06:57.263|I|1184141422|lpUCM [fds.cpp:FDS_OnLocalUpgProgress:248] total: 23, curr:4, percent:28, rop:14%
[m[0;32;32m1970-01-04 05:06:57.265|I|1184141422|lpUCM [fds.cpp:FDS_OnLocalUpgProgress:248] total: 23, curr:4, percent:29, rop:14%
[m[0;32;32m1970-01-04 05:06:57.268|I|1184141422|lpUCM [fds.cpp:FDS_OnLocalUpgProgress:248] total: 23, curr:4, percent:30, rop:14%
[m[0;32;32m1970-01-04 05:06:57.272|I|1184141422|lpUCM [fds.cpp:FDS_OnLocalUpgProgress:248] total: 23, curr:4, percent:31, rop:14%
[m[0;32;32m1970-01-04 05:06:57.277|I|1184141422|lpUCM [fds.cpp:FDS_OnLocalUpgProgress:248] total: 23, curr:4, percent:32, rop:14%
[m[0;32;32m1970-01-04 05:06:57.280|I|1184141422|lpUCM [fds.cpp:FDS_OnLocalUpgProgress:248] total: 23, curr:4, percent:33, rop:14%
[m[0;32;32m1970-01-04 05:06:57.286|I|1184141422|lpUCM [fds.cpp:FDS_OnLocalUpgProgress:248] total: 23, curr:4, percent:34, rop:14%
[m[0;32;32m1970-01-04 05:06:57.292|I|1184141422|lpUCM [fds.cpp:FDS_OnLocalUpgProgress:248] total: 23, curr:4, percent:35, rop:14%
[m[0;32;32m1970-01-04 05:06:57.297|I|1184141422|lpUCM [fds.cpp:FDS_OnLocalUpgProgress:248] total: 23, curr:4, percent:36, rop:14%
[m[0;32;32m1970-01-04 05:06:57.300|I|1184141422|lpUCM [fds.cpp:FDS_OnLocalUpgProgress:248] total: 23, curr:4, percent:37, rop:14%
[m[0;32;32m1970-01-04 05:06:57.306|I|1184141422|lpUCM [fds.cpp:FDS_OnLocalUpgProgress:248] total: 23, curr:4, percent:38, rop:14%
[m[0;32;32m1970-01-04 05:06:57.314|I|1184141422|lpUCM [fds.cpp:FDS_OnLocalUpgProgress:248] total: 23, curr:4, percent:39, rop:14%
[m[0;32;32m1970-01-04 05:06:57.317|I|1184141422|lpUCM [fds.cpp:FDS_OnLocalUpgProgress:248] total: 23, curr:4, percent:40, rop:14%
[m[0;32;32m1970-01-04 05:06:57.329|I|1184141422|lpUCM [fds.cpp:FDS_OnLocalUpgProgress:248] total: 23, curr:4, percent:41, rop:14%
[m[0;32;32m1970-01-04 05:06:57.335|I|1184141422|lpUCM [fds.cpp:FDS_OnLocalUpgProgress:248] total: 23, curr:4, percent:42, rop:14%
[m[0;32;32m1970-01-04 05:06:57.344|I|1184141422|lpUCM [fds.cpp:FDS_OnLocalUpgProgress:248] total: 23, curr:4, percent:43, rop:14%
[m[0;32;32m1970-01-04 05:06:57.347|I|1184141422|lpUCM [fds.cpp:FDS_OnLocalUpgProgress:248] total: 23, curr:4, percent:44, rop:14%
[m[0;32;32m1970-01-04 05:06:57.365|I|1184141422|lpUCM [fds.cpp:FDS_OnLocalUpgProgress:248] total: 23, curr:4, percent:45, rop:15%
[m[0;32;32m1970-01-04 05:06:57.368|I|1184141422|lpUCM [fds.cpp:FDS_OnLocalUpgProgress:248] total: 23, curr:4, percent:46, rop:15%
[m[0;32;32m1970-01-04 05:06:57.372|I|1184141422|lpUCM [fds.cpp:FDS_OnLocalUpgProgress:248] total: 23, curr:4, percent:47, rop:15%
[m[0;32;32m1970-01-04 05:06:57.389|I|1184141422|lpUCM [fds.cpp:FDS_OnLocalUpgProgress:248] total: 23, curr:4, percent:48, rop:15%
[m[0;32;32m1970-01-04 05:06:57.393|I|1184141422|lpUCM [fds.cpp:FDS_OnLocalUpgProgress:248] total: 23, curr:4, percent:49, rop:15%
[m[0;32;32m1970-01-04 05:06:57.397|I|1184141422|lpUCM [fds.cpp:FDS_OnLocalUpgProgress:248] total: 23, curr:4, percent:50, rop:15%
[m[0;32;32m1970-01-04 05:06:57.398|I|1184141422|lpUCM [handler.c:FDS_idhExtractFile:234] CPIO extract success
[m[0;32;32m1970-01-04 05:06:57.398|I|1184141422|lpUCM [fds.cpp:FDS_OnLocalUpgProgress:248] total: 23, curr:4, percent:100, rop:17%
[m[1;33m1970-01-04 05:06:57.398|W|1184141422|lpUCM [scm.c:FDS_scmDeployImages:443] deploy [4st] success:NON-HLOS.bin.rawgz
[m[1;33m1970-01-04 05:06:57.398|W|1184141422|lpUCM [scm.c:FDS_scmDeployImages:435] start [5st] deploy:xbl.elf.rawgz
[m[0;32;32m1970-01-04 05:06:57.398|I|1184141422|lpUCM [fds.cpp:FDS_OnLocalUpgProgress:248] total: 23, curr:5, percent:0, rop:17%
[m[0;32;32m1970-01-04 05:06:57.398|I|1184141422|lpUCM [handler.c:FDS_idhFindDesc:79] find time 1, name raw, handler_name = raw
[m[0;32;32m1970-01-04 05:06:57.398|I|1184141422|lpUCM [handler.c:FDS_idhFindDesc:94] find handler raw, type = 0
[m[0;32;32m1970-01-04 05:06:57.398|I|1184141422|lpUCM [handler.c:FDS_idhFindDesc:79] find time 1, name raw, handler_name = raw
[m[0;32;32m1970-01-04 05:06:57.398|I|1184141422|lpUCM [handler.c:FDS_idhFindDesc:94] find handler raw, type = 0
[m[0;32;32m1970-01-04 05:06:57.414|I|1184141422|lpUCM [fds.cpp:FDS_OnLocalUpgProgress:248] total: 23, curr:5, percent:1, rop:17%
[m[0;32;32m1970-01-04 05:06:57.416|I|1184141422|lpUCM [fds.cpp:FDS_OnLocalUpgProgress:248] total: 23, curr:5, percent:2, rop:17%
[m[0;32;32m1970-01-04 05:06:57.418|I|1184141422|lpUCM [fds.cpp:FDS_OnLocalUpgProgress:248] total: 23, curr:5, percent:3, rop:17%
[m[0;32;32m1970-01-04 05:06:57.420|I|1184141422|lpUCM [fds.cpp:FDS_OnLocalUpgProgress:248] total: 23, curr:5, percent:4, rop:17%
[m[0;32;32m1970-01-04 05:06:57.426|I|1184141422|lpUCM [fds.cpp:FDS_OnLocalUpgProgress:248] total: 23, curr:5, percent:5, rop:17%
[m[0;32;32m1970-01-04 05:06:57.428|I|1184141422|lpUCM [fds.cpp:FDS_OnLocalUpgProgress:248] total: 23, curr:5, percent:6, rop:17%
[m[0;32;32m1970-01-04 05:06:57.429|I|1184141422|lpUCM [fds.cpp:FDS_OnLocalUpgProgress:248] total: 23, curr:5, percent:7, rop:17%
[m[0;32;32m1970-01-04 05:06:57.431|I|1184141422|lpUCM [fds.cpp:FDS_OnLocalUpgProgress:248] total: 23, curr:5, percent:8, rop:17%
[m[0;32;32m1970-01-04 05:06:57.432|I|1184141422|lpUCM [fds.cpp:FDS_OnLocalUpgProgress:248] total: 23, curr:5, percent:9, rop:17%
[m[0;32;32m1970-01-04 05:06:57.432|I|1184141422|lpUCM [fds.cpp:FDS_OnLocalUpgProgress:248] total: 23, curr:5, percent:10, rop:17%
[m[0;32;32m1970-01-04 05:06:57.433|I|1184141422|lpUCM [fds.cpp:FDS_OnLocalUpgProgress:248] total: 23, curr:5, percent:11, rop:17%
[m[0;32;32m1970-01-04 05:06:57.434|I|1184141422|lpUCM [fds.cpp:FDS_OnLocalUpgProgress:248] total: 23, curr:5, percent:12, rop:17%
[m[0;32;32m1970-01-04 05:06:57.435|I|1184141422|lpUCM [fds.cpp:FDS_OnLocalUpgProgress:248] total: 23, curr:5, percent:13, rop:17%
[m[0;32;32m1970-01-04 05:06:57.435|I|1184141422|lpUCM [fds.cpp:FDS_OnLocalUpgProgress:248] total: 23, curr:5, percent:14, rop:18%
[m[0;32;32m1970-01-04 05:06:57.436|I|1184141422|lpUCM [fds.cpp:FDS_OnLocalUpgProgress:248] total: 23, curr:5, percent:15, rop:18%
[m[0;32;32m1970-01-04 05:06:57.436|I|1184141422|lpUCM [fds.cpp:FDS_OnLocalUpgProgress:248] total: 23, curr:5, percent:16, rop:18%
[m[0;32;32m1970-01-04 05:06:57.437|I|1184141422|lpUCM [fds.cpp:FDS_OnLocalUpgProgress:248] total: 23, curr:5, percent:17, rop:18%
[m[0;32;32m1970-01-04 05:06:57.438|I|1184141422|lpUCM [fds.cpp:FDS_OnLocalUpgProgress:248] total: 23, curr:5, percent:18, rop:18%
[m[0;32;32m1970-01-04 05:06:57.438|I|1184141422|lpUCM [fds.cpp:FDS_OnLocalUpgProgress:248] total: 23, curr:5, percent:19, rop:18%
[m[0;32;32m1970-01-04 05:06:57.439|I|1184141422|lpUCM [fds.cpp:FDS_OnLocalUpgProgress:248] total: 23, curr:5, percent:20, rop:18%
[m[0;32;32m1970-01-04 05:06:57.440|I|1184141422|lpUCM [fds.cpp:FDS_OnLocalUpgProgress:248] total: 23, curr:5, percent:21, rop:18%
[m[0;32;32m1970-01-04 05:06:57.440|I|1184141422|lpUCM [fds.cpp:FDS_OnLocalUpgProgress:248] total: 23, curr:5, percent:22, rop:18%
[m[0;32;32m1970-01-04 05:06:57.441|I|1184141422|lpUCM [fds.cpp:FDS_OnLocalUpgProgress:248] total: 23, curr:5, percent:23, rop:18%
[m[0;32;32m1970-01-04 05:06:57.442|I|1184141422|lpUCM [fds.cpp:FDS_OnLocalUpgProgress:248] total: 23, curr:5, percent:24, rop:18%
[m[0;32;32m1970-01-04 05:06:57.455|I|1184141422|lpUCM [fds.cpp:FDS_OnLocalUpgProgress:248] total: 23, curr:5, percent:25, rop:18%
[m[0;32;32m1970-01-04 05:06:57.456|I|1184141422|lpUCM [fds.cpp:FDS_OnLocalUpgProgress:248] total: 23, curr:5, percent:26, rop:18%
[m[0;32;32m1970-01-04 05:06:57.457|I|1184141422|lpUCM [fds.cpp:FDS_OnLocalUpgProgress:248] total: 23, curr:5, percent:27, rop:18%
[m[0;32;32m1970-01-04 05:06:57.458|I|1184141422|lpUCM [fds.cpp:FDS_OnLocalUpgProgress:248] total: 23, curr:5, percent:28, rop:18%
[m[0;32;32m1970-01-04 05:06:57.459|I|1184141422|lpUCM [fds.cpp:FDS_OnLocalUpgProgress:248] total: 23, curr:5, percent:29, rop:18%
[m[0;32;32m1970-01-04 05:06:57.460|I|1184141422|lpUCM [fds.cpp:FDS_OnLocalUpgProgress:248] total: 23, curr:5, percent:30, rop:18%
[m[0;32;32m1970-01-04 05:06:57.462|I|1184141422|lpUCM [fds.cpp:FDS_OnLocalUpgProgress:248] total: 23, curr:5, percent:31, rop:18%
[m[0;32;32m1970-01-04 05:06:57.463|I|1184141422|lpUCM [fds.cpp:FDS_OnLocalUpgProgress:248] total: 23, curr:5, percent:32, rop:18%
[m[0;32;32m1970-01-04 05:06:57.465|I|1184141422|lpUCM [fds.cpp:FDS_OnLocalUpgProgress:248] total: 23, curr:5, percent:33, rop:18%
[m[0;32;32m1970-01-04 05:06:57.466|I|1184141422|lpUCM [fds.cpp:FDS_OnLocalUpgProgress:248] total: 23, curr:5, percent:34, rop:18%
[m[0;32;32m1970-01-04 05:06:57.467|I|1184141422|lpUCM [fds.cpp:FDS_OnLocalUpgProgress:248] total: 23, curr:5, percent:35, rop:18%
[m[0;32;32m1970-01-04 05:06:57.468|I|1184141422|lpUCM [fds.cpp:FDS_OnLocalUpgProgress:248] total: 23, curr:5, percent:36, rop:18%
[m[0;32;32m1970-01-04 05:06:57.469|I|1184141422|lpUCM [fds.cpp:FDS_OnLocalUpgProgress:248] total: 23, curr:5, percent:37, rop:19%
[m[0;32;32m1970-01-04 05:06:57.477|I|1184141422|lpUCM [fds.cpp:FDS_OnLocalUpgProgress:248] total: 23, curr:5, percent:38, rop:19%
[m[0;32;32m1970-01-04 05:06:57.478|I|1184141422|lpUCM [fds.cpp:FDS_OnLocalUpgProgress:248] total: 23, curr:5, percent:39, rop:19%
[m[0;32;32m1970-01-04 05:06:57.479|I|1184141422|lpUCM [fds.cpp:FDS_OnLocalUpgProgress:248] total: 23, curr:5, percent:40, rop:19%
[m[0;32;32m1970-01-04 05:06:57.479|I|1184141422|lpUCM [fds.cpp:FDS_OnLocalUpgProgress:248] total: 23, curr:5, percent:41, rop:19%
[m[0;32;32m1970-01-04 05:06:57.480|I|1184141422|lpUCM [fds.cpp:FDS_OnLocalUpgProgress:248] total: 23, curr:5, percent:42, rop:19%
[m[0;32;32m1970-01-04 05:06:57.481|I|1184141422|lpUCM [fds.cpp:FDS_OnLocalUpgProgress:248] total: 23, curr:5, percent:43, rop:19%
[m[0;32;32m1970-01-04 05:06:57.482|I|1184141422|lpUCM [fds.cpp:FDS_OnLocalUpgProgress:248] total: 23, curr:5, percent:44, rop:19%
[m[0;32;32m1970-01-04 05:06:57.482|I|1184141422|lpUCM [fds.cpp:FDS_OnLocalUpgProgress:248] total: 23, curr:5, percent:45, rop:19%
[m[0;32;32m1970-01-04 05:06:57.486|I|1184141422|lpUCM [fds.cpp:FDS_OnLocalUpgProgress:248] total: 23, curr:5, percent:46, rop:19%
[m[0;32;32m1970-01-04 05:06:57.488|I|1184141422|lpUCM [fds.cpp:FDS_OnLocalUpgProgress:248] total: 23, curr:5, percent:47, rop:19%
[m[0;32;32m1970-01-04 05:06:57.490|I|1184141422|lpUCM [fds.cpp:FDS_OnLocalUpgProgress:248] total: 23, curr:5, percent:48, rop:19%
[m[0;32;32m1970-01-04 05:06:57.491|I|1184141422|lpUCM [fds.cpp:FDS_OnLocalUpgProgress:248] total: 23, curr:5, percent:49, rop:19%
[m[0;32;32m1970-01-04 05:06:57.493|I|1184141422|lpUCM [fds.cpp:FDS_OnLocalUpgProgress:248] total: 23, curr:5, percent:50, rop:19%
[m[0;32;32m1970-01-04 05:06:57.493|I|1184141422|lpUCM [handler.c:FDS_idhExtractFile:234] CPIO extract success
[m[0;32;32m1970-01-04 05:06:57.493|I|1184141422|lpUCM [fds.cpp:FDS_OnLocalUpgProgress:248] total: 23, curr:5, percent:100, rop:21%
[m[1;33m1970-01-04 05:06:57.493|W|1184141422|lpUCM [scm.c:FDS_scmDeployImages:443] deploy [5st] success:xbl.elf.rawgz
[m[1;33m1970-01-04 05:06:57.493|W|1184141422|lpUCM [scm.c:FDS_scmDeployImages:435] start [6st] deploy:xbl_back.elf.rawgz
[m[0;32;32m1970-01-04 05:06:57.493|I|1184141422|lpUCM [fds.cpp:FDS_OnLocalUpgProgress:248] total: 23, curr:6, percent:0, rop:21%
[m[0;32;32m1970-01-04 05:06:57.493|I|1184141422|lpUCM [handler.c:FDS_idhFindDesc:79] find time 1, name raw, handler_name = raw
[m[0;32;32m1970-01-04 05:06:57.493|I|1184141422|lpUCM [handler.c:FDS_idhFindDesc:94] find handler raw, type = 0
[m[0;32;32m1970-01-04 05:06:57.493|I|1184141422|lpUCM [handler.c:FDS_idhFindDesc:79] find time 1, name raw, handler_name = raw
[m[0;32;32m1970-01-04 05:06:57.493|I|1184141422|lpUCM [handler.c:FDS_idhFindDesc:94] find handler raw, type = 0
[m[0;32;32m1970-01-04 05:06:57.505|I|1184141422|lpUCM [fds.cpp:FDS_OnLocalUpgProgress:248] total: 23, curr:6, percent:1, rop:21%
[m[0;32;32m1970-01-04 05:06:57.506|I|1184141422|lpUCM [fds.cpp:FDS_OnLocalUpgProgress:248] total: 23, curr:6, percent:2, rop:21%
[m[0;32;32m1970-01-04 05:06:57.508|I|1184141422|lpUCM [fds.cpp:FDS_OnLocalUpgProgress:248] total: 23, curr:6, percent:3, rop:21%
[m[0;32;32m1970-01-04 05:06:57.509|I|1184141422|lpUCM [fds.cpp:FDS_OnLocalUpgProgress:248] total: 23, curr:6, percent:4, rop:21%
[m[0;32;32m1970-01-04 05:06:57.511|I|1184141422|lpUCM [fds.cpp:FDS_OnLocalUpgProgress:248] total: 23, curr:6, percent:5, rop:21%
[m[0;32;32m1970-01-04 05:06:57.513|I|1184141422|lpUCM [fds.cpp:FDS_OnLocalUpgProgress:248] total: 23, curr:6, percent:6, rop:22%
[m[0;32;32m1970-01-04 05:06:57.514|I|1184141422|lpUCM [fds.cpp:FDS_OnLocalUpgProgress:248] total: 23, curr:6, percent:7, rop:22%
[m[0;32;32m1970-01-04 05:06:57.516|I|1184141422|lpUCM [fds.cpp:FDS_OnLocalUpgProgress:248] total: 23, curr:6, percent:8, rop:22%
[m[0;32;32m1970-01-04 05:06:57.517|I|1184141422|lpUCM [fds.cpp:FDS_OnLocalUpgProgress:248] total: 23, curr:6, percent:9, rop:22%
[m[0;32;32m1970-01-04 05:06:57.517|I|1184141422|lpUCM [fds.cpp:FDS_OnLocalUpgProgress:248] total: 23, curr:6, percent:10, rop:22%
[m[0;32;32m1970-01-04 05:06:57.518|I|1184141422|lpUCM [fds.cpp:FDS_OnLocalUpgProgress:248] total: 23, curr:6, percent:11, rop:22%
[m[0;32;32m1970-01-04 05:06:57.519|I|1184141422|lpUCM [fds.cpp:FDS_OnLocalUpgProgress:248] total: 23, curr:6, percent:12, rop:22%
[m[0;32;32m1970-01-04 05:06:57.520|I|1184141422|lpUCM [fds.cpp:FDS_OnLocalUpgProgress:248] total: 23, curr:6, percent:13, rop:22%
[m[0;32;32m1970-01-04 05:06:57.520|I|1184141422|lpUCM [fds.cpp:FDS_OnLocalUpgProgress:248] total: 23, curr:6, percent:14, rop:22%
[m[0;32;32m1970-01-04 05:06:57.520|I|1184141422|lpUCM [fds.cpp:FDS_OnLocalUpgProgress:248] total: 23, curr:6, percent:15, rop:22%
[m[0;32;32m1970-01-04 05:06:57.521|I|1184141422|lpUCM [fds.cpp:FDS_OnLocalUpgProgress:248] total: 23, curr:6, percent:16, rop:22%
[m[0;32;32m1970-01-04 05:06:57.522|I|1184141422|lpUCM [fds.cpp:FDS_OnLocalUpgProgress:248] total: 23, curr:6, percent:17, rop:22%
[m[0;32;32m1970-01-04 05:06:57.523|I|1184141422|lpUCM [fds.cpp:FDS_OnLocalUpgProgress:248] total: 23, curr:6, percent:18, rop:22%
[m[0;32;32m1970-01-04 05:06:57.524|I|1184141422|lpUCM [fds.cpp:FDS_OnLocalUpgProgress:248] total: 23, curr:6, percent:19, rop:22%
[m[0;32;32m1970-01-04 05:06:57.524|I|1184141422|lpUCM [fds.cpp:FDS_OnLocalUpgProgress:248] total: 23, curr:6, percent:20, rop:22%
[m[0;32;32m1970-01-04 05:06:57.525|I|1184141422|lpUCM [fds.cpp:FDS_OnLocalUpgProgress:248] total: 23, curr:6, percent:21, rop:22%
[m[0;32;32m1970-01-04 05:06:57.526|I|1184141422|lpUCM [fds.cpp:FDS_OnLocalUpgProgress:248] total: 23, curr:6, percent:22, rop:22%
[m[0;32;32m1970-01-04 05:06:57.526|I|1184141422|lpUCM [fds.cpp:FDS_OnLocalUpgProgress:248] total: 23, curr:6, percent:23, rop:22%
[m[0;32;32m1970-01-04 05:06:57.527|I|1184141422|lpUCM [fds.cpp:FDS_OnLocalUpgProgress:248] total: 23, curr:6, percent:24, rop:22%
[m[0;32;32m1970-01-04 05:06:57.527|I|1184141422|lpUCM [fds.cpp:FDS_OnLocalUpgProgress:248] total: 23, curr:6, percent:25, rop:22%
[m[0;32;32m1970-01-04 05:06:57.528|I|1184141422|lpUCM [fds.cpp:FDS_OnLocalUpgProgress:248] total: 23, curr:6, percent:26, rop:22%
[m[0;32;32m1970-01-04 05:06:57.528|I|1184141422|lpUCM [fds.cpp:FDS_OnLocalUpgProgress:248] total: 23, curr:6, percent:27, rop:22%
[m[0;32;32m1970-01-04 05:06:57.529|I|1184141422|lpUCM [fds.cpp:FDS_OnLocalUpgProgress:248] total: 23, curr:6, percent:28, rop:22%
[m[0;32;32m1970-01-04 05:06:57.530|I|1184141422|lpUCM [fds.cpp:FDS_OnLocalUpgProgress:248] total: 23, curr:6, percent:29, rop:23%
[m[0;32;32m1970-01-04 05:06:57.530|I|1184141422|lpUCM [fds.cpp:FDS_OnLocalUpgProgress:248] total: 23, curr:6, percent:30, rop:23%
[m[0;32;32m1970-01-04 05:06:57.531|I|1184141422|lpUCM [fds.cpp:FDS_OnLocalUpgProgress:248] total: 23, curr:6, percent:31, rop:23%
[m[0;32;32m1970-01-04 05:06:57.532|I|1184141422|lpUCM [fds.cpp:FDS_OnLocalUpgProgress:248] total: 23, curr:6, percent:32, rop:23%
[m[0;32;32m1970-01-04 05:06:57.532|I|1184141422|lpUCM [fds.cpp:FDS_OnLocalUpgProgress:248] total: 23, curr:6, percent:33, rop:23%
[m[0;32;32m1970-01-04 05:06:57.533|I|1184141422|lpUCM [fds.cpp:FDS_OnLocalUpgProgress:248] total: 23, curr:6, percent:34, rop:23%
[m[0;32;32m1970-01-04 05:06:57.534|I|1184141422|lpUCM [fds.cpp:FDS_OnLocalUpgProgress:248] total: 23, curr:6, percent:35, rop:23%
[m[0;32;32m1970-01-04 05:06:57.534|I|1184141422|lpUCM [fds.cpp:FDS_OnLocalUpgProgress:248] total: 23, curr:6, percent:36, rop:23%
[m[0;32;32m1970-01-04 05:06:57.535|I|1184141422|lpUCM [fds.cpp:FDS_OnLocalUpgProgress:248] total: 23, curr:6, percent:37, rop:23%
[m[0;32;32m1970-01-04 05:06:57.549|I|1184141422|lpUCM [fds.cpp:FDS_OnLocalUpgProgress:248] total: 23, curr:6, percent:38, rop:23%
[m[0;32;32m1970-01-04 05:06:57.550|I|1184141422|lpUCM [fds.cpp:FDS_OnLocalUpgProgress:248] total: 23, curr:6, percent:39, rop:23%
[m[0;32;32m1970-01-04 05:06:57.551|I|1184141422|lpUCM [fds.cpp:FDS_OnLocalUpgProgress:248] total: 23, curr:6, percent:40, rop:23%
[m[0;32;32m1970-01-04 05:06:57.551|I|1184141422|lpUCM [fds.cpp:FDS_OnLocalUpgProgress:248] total: 23, curr:6, percent:41, rop:23%
[m[0;32;32m1970-01-04 05:06:57.552|I|1184141422|lpUCM [fds.cpp:FDS_OnLocalUpgProgress:248] total: 23, curr:6, percent:42, rop:23%
[m[0;32;32m1970-01-04 05:06:57.553|I|1184141422|lpUCM [fds.cpp:FDS_OnLocalUpgProgress:248] total: 23, curr:6, percent:43, rop:23%
[m[0;32;32m1970-01-04 05:06:57.554|I|1184141422|lpUCM [fds.cpp:FDS_OnLocalUpgProgress:248] total: 23, curr:6, percent:44, rop:23%
[m[0;32;32m1970-01-04 05:06:57.554|I|1184141422|lpUCM [fds.cpp:FDS_OnLocalUpgProgress:248] total: 23, curr:6, percent:45, rop:23%
[m[0;32;32m1970-01-04 05:06:57.558|I|1184141422|lpUCM [fds.cpp:FDS_OnLocalUpgProgress:248] total: 23, curr:6, percent:46, rop:23%
[m[0;32;32m1970-01-04 05:06:57.560|I|1184141422|lpUCM [fds.cpp:FDS_OnLocalUpgProgress:248] total: 23, curr:6, percent:47, rop:23%
[m[0;32;32m1970-01-04 05:06:57.561|I|1184141422|lpUCM [fds.cpp:FDS_OnLocalUpgProgress:248] total: 23, curr:6, percent:48, rop:23%
[m[0;32;32m1970-01-04 05:06:57.563|I|1184141422|lpUCM [fds.cpp:FDS_OnLocalUpgProgress:248] total: 23, curr:6, percent:49, rop:23%
[m[0;32;32m1970-01-04 05:06:57.565|I|1184141422|lpUCM [fds.cpp:FDS_OnLocalUpgProgress:248] total: 23, curr:6, percent:50, rop:23%
[m[0;32;32m1970-01-04 05:06:57.565|I|1184141422|lpUCM [handler.c:FDS_idhExtractFile:234] CPIO extract success
[m[0;32;32m1970-01-04 05:06:57.565|I|1184141422|lpUCM [fds.cpp:FDS_OnLocalUpgProgress:248] total: 23, curr:6, percent:100, rop:26%
[m[1;33m1970-01-04 05:06:57.565|W|1184141422|lpUCM [scm.c:FDS_scmDeployImages:443] deploy [6st] success:xbl_back.elf.rawgz
[m[1;33m1970-01-04 05:06:57.565|W|1184141422|lpUCM [scm.c:FDS_scmDeployImages:435] start [7st] deploy:xbl_config.elf.rawgz
[m[0;32;32m1970-01-04 05:06:57.565|I|1184141422|lpUCM [fds.cpp:FDS_OnLocalUpgProgress:248] total: 23, curr:7, percent:0, rop:26%
[m[0;32;32m1970-01-04 05:06:57.565|I|1184141422|lpUCM [handler.c:FDS_idhFindDesc:79] find time 1, name raw, handler_name = raw
[m[0;32;32m1970-01-04 05:06:57.565|I|1184141422|lpUCM [handler.c:FDS_idhFindDesc:94] find handler raw, type = 0
[m[0;32;32m1970-01-04 05:06:57.565|I|1184141422|lpUCM [handler.c:FDS_idhFindDesc:79] find time 1, name raw, handler_name = raw
[m[0;32;32m1970-01-04 05:06:57.565|I|1184141422|lpUCM [handler.c:FDS_idhFindDesc:94] find handler raw, type = 0
[m[0;32;32m1970-01-04 05:06:57.565|I|1184141422|lpUCM [fds.cpp:FDS_OnLocalUpgProgress:248] total: 23, curr:7, percent:13, rop:26%
[m[0;32;32m1970-01-04 05:06:57.566|I|1184141422|lpUCM [fds.cpp:FDS_OnLocalUpgProgress:248] total: 23, curr:7, percent:26, rop:27%
[m[0;32;32m1970-01-04 05:06:57.575|I|1184141422|lpUCM [fds.cpp:FDS_OnLocalUpgProgress:248] total: 23, curr:7, percent:40, rop:27%
[m[0;32;32m1970-01-04 05:06:57.577|I|1184141422|lpUCM [fds.cpp:FDS_OnLocalUpgProgress:248] total: 23, curr:7, percent:50, rop:28%
[m[0;32;32m1970-01-04 05:06:57.578|I|1184141422|lpUCM [handler.c:FDS_idhExtractFile:234] CPIO extract success
[m[0;32;32m1970-01-04 05:06:57.578|I|1184141422|lpUCM [fds.cpp:FDS_OnLocalUpgProgress:248] total: 23, curr:7, percent:100, rop:30%
[m[1;33m1970-01-04 05:06:57.578|W|1184141422|lpUCM [scm.c:FDS_scmDeployImages:443] deploy [7st] success:xbl_config.elf.rawgz
[m[1;33m1970-01-04 05:06:57.578|W|1184141422|lpUCM [scm.c:FDS_scmDeployImages:435] start [8st] deploy:aop.mbn.rawgz
[m[0;32;32m1970-01-04 05:06:57.578|I|1184141422|lpUCM [fds.cpp:FDS_OnLocalUpgProgress:248] total: 23, curr:8, percent:0, rop:30%
[m[0;32;32m1970-01-04 05:06:57.578|I|1184141422|lpUCM [handler.c:FDS_idhFindDesc:79] find time 1, name raw, handler_name = raw
[m[0;32;32m1970-01-04 05:06:57.578|I|1184141422|lpUCM [handler.c:FDS_idhFindDesc:94] find handler raw, type = 0
[m[0;32;32m1970-01-04 05:06:57.578|I|1184141422|lpUCM [handler.c:FDS_idhFindDesc:79] find time 1, name raw, handler_name = raw
[m[0;32;32m1970-01-04 05:06:57.578|I|1184141422|lpUCM [handler.c:FDS_idhFindDesc:94] find handler raw, type = 0
[m[0;32;32m1970-01-04 05:06:57.579|I|1184141422|lpUCM [fds.cpp:FDS_OnLocalUpgProgress:248] total: 23, curr:8, percent:8, rop:30%
[m[0;32;32m1970-01-04 05:06:57.579|I|1184141422|lpUCM [fds.cpp:FDS_OnLocalUpgProgress:248] total: 23, curr:8, percent:16, rop:31%
[m[0;32;32m1970-01-04 05:06:57.580|I|1184141422|lpUCM [fds.cpp:FDS_OnLocalUpgProgress:248] total: 23, curr:8, percent:25, rop:31%
[m[0;32;32m1970-01-04 05:06:57.581|I|1184141422|lpUCM [fds.cpp:FDS_OnLocalUpgProgress:248] total: 23, curr:8, percent:33, rop:31%
[m[0;32;32m1970-01-04 05:06:57.581|I|1184141422|lpUCM [fds.cpp:FDS_OnLocalUpgProgress:248] total: 23, curr:8, percent:42, rop:32%
[m[0;32;32m1970-01-04 05:06:57.582|I|1184141422|lpUCM [fds.cpp:FDS_OnLocalUpgProgress:248] total: 23, curr:8, percent:50, rop:32%
[m[0;32;32m1970-01-04 05:06:57.582|I|1184141422|lpUCM [handler.c:FDS_idhExtractFile:234] CPIO extract success
[m[0;32;32m1970-01-04 05:06:57.582|I|1184141422|lpUCM [fds.cpp:FDS_OnLocalUpgProgress:248] total: 23, curr:8, percent:100, rop:34%
[m[1;33m1970-01-04 05:06:57.582|W|1184141422|lpUCM [scm.c:FDS_scmDeployImages:443] deploy [8st] success:aop.mbn.rawgz
[m[1;33m1970-01-04 05:06:57.582|W|1184141422|lpUCM [scm.c:FDS_scmDeployImages:435] start [9st] deploy:tz.mbn.rawgz
[m[0;32;32m1970-01-04 05:06:57.582|I|1184141422|lpUCM [fds.cpp:FDS_OnLocalUpgProgress:248] total: 23, curr:9, percent:0, rop:34%
[m[0;32;32m1970-01-04 05:06:57.582|I|1184141422|lpUCM [handler.c:FDS_idhFindDesc:79] find time 1, name raw, handler_name = raw
[m[0;32;32m1970-01-04 05:06:57.582|I|1184141422|lpUCM [handler.c:FDS_idhFindDesc:94] find handler raw, type = 0
[m[0;32;32m1970-01-04 05:06:57.582|I|1184141422|lpUCM [handler.c:FDS_idhFindDesc:79] find time 1, name raw, handler_name = raw
[m[0;32;32m1970-01-04 05:06:57.582|I|1184141422|lpUCM [handler.c:FDS_idhFindDesc:94] find handler raw, type = 0
[m[0;32;32m1970-01-04 05:06:57.583|I|1184141422|lpUCM [fds.cpp:FDS_OnLocalUpgProgress:248] total: 23, curr:9, percent:1, rop:34%
[m[0;32;32m1970-01-04 05:06:57.584|I|1184141422|lpUCM [fds.cpp:FDS_OnLocalUpgProgress:248] total: 23, curr:9, percent:2, rop:34%
[m[0;32;32m1970-01-04 05:06:57.586|I|1184141422|lpUCM [fds.cpp:FDS_OnLocalUpgProgress:248] total: 23, curr:9, percent:3, rop:34%
[m[0;32;32m1970-01-04 05:06:57.587|I|1184141422|lpUCM [fds.cpp:FDS_OnLocalUpgProgress:248] total: 23, curr:9, percent:4, rop:34%
[m[0;32;32m1970-01-04 05:06:57.588|I|1184141422|lpUCM [fds.cpp:FDS_OnLocalUpgProgress:248] total: 23, curr:9, percent:5, rop:35%
[m[0;32;32m1970-01-04 05:06:57.589|I|1184141422|lpUCM [fds.cpp:FDS_OnLocalUpgProgress:248] total: 23, curr:9, percent:6, rop:35%
[m[0;32;32m1970-01-04 05:06:57.590|I|1184141422|lpUCM [fds.cpp:FDS_OnLocalUpgProgress:248] total: 23, curr:9, percent:7, rop:35%
[m[0;32;32m1970-01-04 05:06:57.591|I|1184141422|lpUCM [fds.cpp:FDS_OnLocalUpgProgress:248] total: 23, curr:9, percent:8, rop:35%
[m[0;32;32m1970-01-04 05:06:57.592|I|1184141422|lpUCM [fds.cpp:FDS_OnLocalUpgProgress:248] total: 23, curr:9, percent:9, rop:35%
[m[0;32;32m1970-01-04 05:06:57.593|I|1184141422|lpUCM [fds.cpp:FDS_OnLocalUpgProgress:248] total: 23, curr:9, percent:10, rop:35%
[m[0;32;32m1970-01-04 05:06:57.593|I|1184141422|lpUCM [fds.cpp:FDS_OnLocalUpgProgress:248] total: 23, curr:9, percent:11, rop:35%
[m[0;32;32m1970-01-04 05:06:57.594|I|1184141422|lpUCM [fds.cpp:FDS_OnLocalUpgProgress:248] total: 23, curr:9, percent:12, rop:35%
[m[0;32;32m1970-01-04 05:06:57.595|I|1184141422|lpUCM [fds.cpp:FDS_OnLocalUpgProgress:248] total: 23, curr:9, percent:13, rop:35%
[m[0;32;32m1970-01-04 05:06:57.600|I|1184141422|lpUCM [fds.cpp:FDS_OnLocalUpgProgress:248] total: 23, curr:9, percent:14, rop:35%
[m[0;32;32m1970-01-04 05:06:57.602|I|1184141422|lpUCM [fds.cpp:FDS_OnLocalUpgProgress:248] total: 23, curr:9, percent:15, rop:35%
[m[0;32;32m1970-01-04 05:06:57.602|I|1184141422|lpUCM [fds.cpp:FDS_OnLocalUpgProgress:248] total: 23, curr:9, percent:16, rop:35%
[m[0;32;32m1970-01-04 05:06:57.603|I|1184141422|lpUCM [fds.cpp:FDS_OnLocalUpgProgress:248] total: 23, curr:9, percent:17, rop:35%
[m[0;32;32m1970-01-04 05:06:57.604|I|1184141422|lpUCM [fds.cpp:FDS_OnLocalUpgProgress:248] total: 23, curr:9, percent:18, rop:35%
[m[0;32;32m1970-01-04 05:06:57.605|I|1184141422|lpUCM [fds.cpp:FDS_OnLocalUpgProgress:248] total: 23, curr:9, percent:19, rop:35%
[m[0;32;32m1970-01-04 05:06:57.606|I|1184141422|lpUCM [fds.cpp:FDS_OnLocalUpgProgress:248] total: 23, curr:9, percent:20, rop:35%
[m[0;32;32m1970-01-04 05:06:57.607|I|1184141422|lpUCM [fds.cpp:FDS_OnLocalUpgProgress:248] total: 23, curr:9, percent:21, rop:35%
[m[0;32;32m1970-01-04 05:06:57.608|I|1184141422|lpUCM [fds.cpp:FDS_OnLocalUpgProgress:248] total: 23, curr:9, percent:22, rop:35%
[m[0;32;32m1970-01-04 05:06:57.609|I|1184141422|lpUCM [fds.cpp:FDS_OnLocalUpgProgress:248] total: 23, curr:9, percent:23, rop:35%
[m[0;32;32m1970-01-04 05:06:57.610|I|1184141422|lpUCM [fds.cpp:FDS_OnLocalUpgProgress:248] total: 23, curr:9, percent:24, rop:35%
[m[0;32;32m1970-01-04 05:06:57.611|I|1184141422|lpUCM [fds.cpp:FDS_OnLocalUpgProgress:248] total: 23, curr:9, percent:25, rop:35%
[m[0;32;32m1970-01-04 05:06:57.612|I|1184141422|lpUCM [fds.cpp:FDS_OnLocalUpgProgress:248] total: 23, curr:9, percent:26, rop:35%
[m[0;32;32m1970-01-04 05:06:57.615|I|1184141422|lpUCM [fds.cpp:FDS_OnLocalUpgProgress:248] total: 23, curr:9, percent:27, rop:35%
[m[0;32;32m1970-01-04 05:06:57.626|I|1184141422|lpUCM [fds.cpp:FDS_OnLocalUpgProgress:248] total: 23, curr:9, percent:28, rop:36%
[m[0;32;32m1970-01-04 05:06:57.627|I|1184141422|lpUCM [fds.cpp:FDS_OnLocalUpgProgress:248] total: 23, curr:9, percent:29, rop:36%
[m[0;32;32m1970-01-04 05:06:57.628|I|1184141422|lpUCM [fds.cpp:FDS_OnLocalUpgProgress:248] total: 23, curr:9, percent:30, rop:36%
[m[0;32;32m1970-01-04 05:06:57.629|I|1184141422|lpUCM [fds.cpp:FDS_OnLocalUpgProgress:248] total: 23, curr:9, percent:31, rop:36%
[m[0;32;32m1970-01-04 05:06:57.630|I|1184141422|lpUCM [fds.cpp:FDS_OnLocalUpgProgress:248] total: 23, curr:9, percent:32, rop:36%
[m[0;32;32m1970-01-04 05:06:57.631|I|1184141422|lpUCM [fds.cpp:FDS_OnLocalUpgProgress:248] total: 23, curr:9, percent:33, rop:36%
[m[0;32;32m1970-01-04 05:06:57.632|I|1184141422|lpUCM [fds.cpp:FDS_OnLocalUpgProgress:248] total: 23, curr:9, percent:34, rop:36%
[m[0;32;32m1970-01-04 05:06:57.633|I|1184141422|lpUCM [fds.cpp:FDS_OnLocalUpgProgress:248] total: 23, curr:9, percent:35, rop:36%
[m[0;32;32m1970-01-04 05:06:57.635|I|1184141422|lpUCM [fds.cpp:FDS_OnLocalUpgProgress:248] total: 23, curr:9, percent:36, rop:36%
[m[0;32;32m1970-01-04 05:06:57.635|I|1184141422|lpUCM [fds.cpp:FDS_OnLocalUpgProgress:248] total: 23, curr:9, percent:37, rop:36%
[m[0;32;32m1970-01-04 05:06:57.636|I|1184141422|lpUCM [fds.cpp:FDS_OnLocalUpgProgress:248] total: 23, curr:9, percent:38, rop:36%
[m[0;32;32m1970-01-04 05:06:57.638|I|1184141422|lpUCM [fds.cpp:FDS_OnLocalUpgProgress:248] total: 23, curr:9, percent:39, rop:36%
[m[0;32;32m1970-01-04 05:06:57.639|I|1184141422|lpUCM [fds.cpp:FDS_OnLocalUpgProgress:248] total: 23, curr:9, percent:40, rop:36%
[m[0;32;32m1970-01-04 05:06:57.640|I|1184141422|lpUCM [fds.cpp:FDS_OnLocalUpgProgress:248] total: 23, curr:9, percent:41, rop:36%
[m[0;32;32m1970-01-04 05:06:57.641|I|1184141422|lpUCM [fds.cpp:FDS_OnLocalUpgProgress:248] total: 23, curr:9, percent:42, rop:36%
[m[0;32;32m1970-01-04 05:06:57.642|I|1184141422|lpUCM [fds.cpp:FDS_OnLocalUpgProgress:248] total: 23, curr:9, percent:43, rop:36%
[m[0;32;32m1970-01-04 05:06:57.643|I|1184141422|lpUCM [fds.cpp:FDS_OnLocalUpgProgress:248] total: 23, curr:9, percent:44, rop:36%
[m[0;32;32m1970-01-04 05:06:57.644|I|1184141422|lpUCM [fds.cpp:FDS_OnLocalUpgProgress:248] total: 23, curr:9, percent:45, rop:36%
[m[0;32;32m1970-01-04 05:06:57.645|I|1184141422|lpUCM [fds.cpp:FDS_OnLocalUpgProgress:248] total: 23, curr:9, percent:46, rop:36%
[m[0;32;32m1970-01-04 05:06:57.646|I|1184141422|lpUCM [fds.cpp:FDS_OnLocalUpgProgress:248] total: 23, curr:9, percent:47, rop:36%
[m[0;32;32m1970-01-04 05:06:57.647|I|1184141422|lpUCM [fds.cpp:FDS_OnLocalUpgProgress:248] total: 23, curr:9, percent:48, rop:36%
[m[0;32;32m1970-01-04 05:06:57.648|I|1184141422|lpUCM [fds.cpp:FDS_OnLocalUpgProgress:248] total: 23, curr:9, percent:49, rop:36%
[m[0;32;32m1970-01-04 05:06:57.649|I|1184141422|lpUCM [fds.cpp:FDS_OnLocalUpgProgress:248] total: 23, curr:9, percent:50, rop:36%
[m[0;32;32m1970-01-04 05:06:57.650|I|1184141422|lpUCM [handler.c:FDS_idhExtractFile:234] CPIO extract success
[m[0;32;32m1970-01-04 05:06:57.650|I|1184141422|lpUCM [fds.cpp:FDS_OnLocalUpgProgress:248] total: 23, curr:9, percent:100, rop:39%
[m[1;33m1970-01-04 05:06:57.650|W|1184141422|lpUCM [scm.c:FDS_scmDeployImages:443] deploy [9st] success:tz.mbn.rawgz
[m[1;33m1970-01-04 05:06:57.650|W|1184141422|lpUCM [scm.c:FDS_scmDeployImages:435] start [10st] deploy:abl.elf.rawgz
[m[0;32;32m1970-01-04 05:06:57.650|I|1184141422|lpUCM [fds.cpp:FDS_OnLocalUpgProgress:248] total: 23, curr:10, percent:0, rop:39%
[m[0;32;32m1970-01-04 05:06:57.650|I|1184141422|lpUCM [handler.c:FDS_idhFindDesc:79] find time 1, name raw, handler_name = raw
[m[0;32;32m1970-01-04 05:06:57.650|I|1184141422|lpUCM [handler.c:FDS_idhFindDesc:94] find handler raw, type = 0
[m[0;32;32m1970-01-04 05:06:57.650|I|1184141422|lpUCM [handler.c:FDS_idhFindDesc:79] find time 1, name raw, handler_name = raw
[m[0;32;32m1970-01-04 05:06:57.650|I|1184141422|lpUCM [handler.c:FDS_idhFindDesc:94] find handler raw, type = 0
[m[0;32;32m1970-01-04 05:06:57.650|I|1184141422|lpUCM [fds.cpp:FDS_OnLocalUpgProgress:248] total: 23, curr:10, percent:6, rop:39%
[m[0;32;32m1970-01-04 05:06:57.651|I|1184141422|lpUCM [fds.cpp:FDS_OnLocalUpgProgress:248] total: 23, curr:10, percent:12, rop:39%
[m[0;32;32m1970-01-04 05:06:57.658|I|1184141422|lpUCM [fds.cpp:FDS_OnLocalUpgProgress:248] total: 23, curr:10, percent:18, rop:39%
[m[0;32;32m1970-01-04 05:06:57.658|I|1184141422|lpUCM [fds.cpp:FDS_OnLocalUpgProgress:248] total: 23, curr:10, percent:24, rop:40%
[m[0;32;32m1970-01-04 05:06:57.658|I|1184141422|lpUCM [fds.cpp:FDS_OnLocalUpgProgress:248] total: 23, curr:10, percent:30, rop:40%
[m[0;32;32m1970-01-04 05:06:57.658|I|1184141422|lpUCM [fds.cpp:FDS_OnLocalUpgProgress:248] total: 23, curr:10, percent:37, rop:40%
[m[0;32;32m1970-01-04 05:06:57.658|I|1184141422|lpUCM [fds.cpp:FDS_OnLocalUpgProgress:248] total: 23, curr:10, percent:43, rop:41%
[m[0;32;32m1970-01-04 05:06:57.659|I|1184141422|lpUCM [fds.cpp:FDS_OnLocalUpgProgress:248] total: 23, curr:10, percent:49, rop:41%
[m[0;32;32m1970-01-04 05:06:57.659|I|1184141422|lpUCM [fds.cpp:FDS_OnLocalUpgProgress:248] total: 23, curr:10, percent:50, rop:41%
[m[0;32;32m1970-01-04 05:06:57.660|I|1184141422|lpUCM [handler.c:FDS_idhExtractFile:234] CPIO extract success
[m[0;32;32m1970-01-04 05:06:57.660|I|1184141422|lpUCM [fds.cpp:FDS_OnLocalUpgProgress:248] total: 23, curr:10, percent:100, rop:43%
[m[1;33m1970-01-04 05:06:57.660|W|1184141422|lpUCM [scm.c:FDS_scmDeployImages:443] deploy [10st] success:abl.elf.rawgz
[m[1;33m1970-01-04 05:06:57.660|W|1184141422|lpUCM [scm.c:FDS_scmDeployImages:435] start [11st] deploy:keymint.mbn.rawgz
[m[0;32;32m1970-01-04 05:06:57.660|I|1184141422|lpUCM [fds.cpp:FDS_OnLocalUpgProgress:248] total: 23, curr:11, percent:0, rop:43%
[m[0;32;32m1970-01-04 05:06:57.660|I|1184141422|lpUCM [handler.c:FDS_idhFindDesc:79] find time 1, name raw, handler_name = raw
[m[0;32;32m1970-01-04 05:06:57.660|I|1184141422|lpUCM [handler.c:FDS_idhFindDesc:94] find handler raw, type = 0
[m[0;32;32m1970-01-04 05:06:57.660|I|1184141422|lpUCM [handler.c:FDS_idhFindDesc:79] find time 1, name raw, handler_name = raw
[m[0;32;32m1970-01-04 05:06:57.660|I|1184141422|lpUCM [handler.c:FDS_idhFindDesc:94] find handler raw, type = 0
[m[0;32;32m1970-01-04 05:06:57.660|I|1184141422|lpUCM [fds.cpp:FDS_OnLocalUpgProgress:248] total: 23, curr:11, percent:4, rop:43%
[m[0;32;32m1970-01-04 05:06:57.660|I|1184141422|lpUCM [fds.cpp:FDS_OnLocalUpgProgress:248] total: 23, curr:11, percent:9, rop:43%
[m[0;32;32m1970-01-04 05:06:57.662|I|1184141422|lpUCM [fds.cpp:FDS_OnLocalUpgProgress:248] total: 23, curr:11, percent:14, rop:44%
[m[0;32;32m1970-01-04 05:06:57.663|I|1184141422|lpUCM [fds.cpp:FDS_OnLocalUpgProgress:248] total: 23, curr:11, percent:19, rop:44%
[m[0;32;32m1970-01-04 05:06:57.663|I|1184141422|lpUCM [fds.cpp:FDS_OnLocalUpgProgress:248] total: 23, curr:11, percent:24, rop:44%
[m[0;32;32m1970-01-04 05:06:57.664|I|1184141422|lpUCM [fds.cpp:FDS_OnLocalUpgProgress:248] total: 23, curr:11, percent:29, rop:44%
[m[0;32;32m1970-01-04 05:06:57.664|I|1184141422|lpUCM [fds.cpp:FDS_OnLocalUpgProgress:248] total: 23, curr:11, percent:33, rop:44%
[m[0;32;32m1970-01-04 05:06:57.665|I|1184141422|lpUCM [fds.cpp:FDS_OnLocalUpgProgress:248] total: 23, curr:11, percent:38, rop:45%
[m[0;32;32m1970-01-04 05:06:57.665|I|1184141422|lpUCM [fds.cpp:FDS_OnLocalUpgProgress:248] total: 23, curr:11, percent:43, rop:45%
[m[0;32;32m1970-01-04 05:06:57.666|I|1184141422|lpUCM [fds.cpp:FDS_OnLocalUpgProgress:248] total: 23, curr:11, percent:48, rop:45%
[m[0;32;32m1970-01-04 05:06:57.667|I|1184141422|lpUCM [fds.cpp:FDS_OnLocalUpgProgress:248] total: 23, curr:11, percent:50, rop:45%
[m[0;32;32m1970-01-04 05:06:57.668|I|1184141422|lpUCM [handler.c:FDS_idhExtractFile:234] CPIO extract success
[m[0;32;32m1970-01-04 05:06:57.668|I|1184141422|lpUCM [fds.cpp:FDS_OnLocalUpgProgress:248] total: 23, curr:11, percent:100, rop:47%
[m[1;33m1970-01-04 05:06:57.668|W|1184141422|lpUCM [scm.c:FDS_scmDeployImages:443] deploy [11st] success:keymint.mbn.rawgz
[m[1;33m1970-01-04 05:06:57.668|W|1184141422|lpUCM [scm.c:FDS_scmDeployImages:435] start [12st] deploy:boot_qdrive_iosock.bin.rawgz
[m[0;32;32m1970-01-04 05:06:57.668|I|1184141422|lpUCM [fds.cpp:FDS_OnLocalUpgProgress:248] total: 23, curr:12, percent:0, rop:47%
[m[0;32;32m1970-01-04 05:06:57.668|I|1184141422|lpUCM [handler.c:FDS_idhFindDesc:79] find time 1, name raw, handler_name = raw
[m[0;32;32m1970-01-04 05:06:57.668|I|1184141422|lpUCM [handler.c:FDS_idhFindDesc:94] find handler raw, type = 0
[m[0;32;32m1970-01-04 05:06:57.668|I|1184141422|lpUCM [handler.c:FDS_idhFindDesc:79] find time 1, name raw, handler_name = raw
[m[0;32;32m1970-01-04 05:06:57.668|I|1184141422|lpUCM [handler.c:FDS_idhFindDesc:94] find handler raw, type = 0
[m[0;32;32m1970-01-04 05:06:57.669|I|1184141422|lpUCM [fds.cpp:FDS_OnLocalUpgProgress:248] total: 23, curr:12, percent:1, rop:47%
[m[0;32;32m1970-01-04 05:06:57.670|I|1184141422|lpUCM [fds.cpp:FDS_OnLocalUpgProgress:248] total: 23, curr:12, percent:2, rop:47%
[m[0;32;32m1970-01-04 05:06:57.671|I|1184141422|lpUCM [fds.cpp:FDS_OnLocalUpgProgress:248] total: 23, curr:12, percent:3, rop:47%
[m[0;32;32m1970-01-04 05:06:57.671|I|1184141422|lpUCM [fds.cpp:FDS_OnLocalUpgProgress:248] total: 23, curr:12, percent:4, rop:48%
[m[0;32;32m1970-01-04 05:06:57.672|I|1184141422|lpUCM [fds.cpp:FDS_OnLocalUpgProgress:248] total: 23, curr:12, percent:5, rop:48%
[m[0;32;32m1970-01-04 05:06:57.673|I|1184141422|lpUCM [fds.cpp:FDS_OnLocalUpgProgress:248] total: 23, curr:12, percent:6, rop:48%
[m[0;32;32m1970-01-04 05:06:57.674|I|1184141422|lpUCM [fds.cpp:FDS_OnLocalUpgProgress:248] total: 23, curr:12, percent:7, rop:48%
[m[0;32;32m1970-01-04 05:06:57.678|I|1184141422|lpUCM [fds.cpp:FDS_OnLocalUpgProgress:248] total: 23, curr:12, percent:8, rop:48%
[m[0;32;32m1970-01-04 05:06:57.679|I|1184141422|lpUCM [fds.cpp:FDS_OnLocalUpgProgress:248] total: 23, curr:12, percent:9, rop:48%
[m[0;32;32m1970-01-04 05:06:57.680|I|1184141422|lpUCM [fds.cpp:FDS_OnLocalUpgProgress:248] total: 23, curr:12, percent:10, rop:48%
[m[0;32;32m1970-01-04 05:06:57.681|I|1184141422|lpUCM [fds.cpp:FDS_OnLocalUpgProgress:248] total: 23, curr:12, percent:11, rop:48%
[m[0;32;32m1970-01-04 05:06:57.681|I|1184141422|lpUCM [fds.cpp:FDS_OnLocalUpgProgress:248] total: 23, curr:12, percent:12, rop:48%
[m[0;32;32m1970-01-04 05:06:57.683|I|1184141422|lpUCM [fds.cpp:FDS_OnLocalUpgProgress:248] total: 23, curr:12, percent:13, rop:48%
[m[0;32;32m1970-01-04 05:06:57.685|I|1184141422|lpUCM [fds.cpp:FDS_OnLocalUpgProgress:248] total: 23, curr:12, percent:14, rop:48%
[m[0;32;32m1970-01-04 05:06:57.686|I|1184141422|lpUCM [fds.cpp:FDS_OnLocalUpgProgress:248] total: 23, curr:12, percent:15, rop:48%
[m[0;32;32m1970-01-04 05:06:57.687|I|1184141422|lpUCM [fds.cpp:FDS_OnLocalUpgProgress:248] total: 23, curr:12, percent:16, rop:48%
[m[0;32;32m1970-01-04 05:06:57.688|I|1184141422|lpUCM [fds.cpp:FDS_OnLocalUpgProgress:248] total: 23, curr:12, percent:17, rop:48%
[m[0;32;32m1970-01-04 05:06:57.689|I|1184141422|lpUCM [fds.cpp:FDS_OnLocalUpgProgress:248] total: 23, curr:12, percent:18, rop:48%
[m[0;32;32m1970-01-04 05:06:57.689|I|1184141422|lpUCM [fds.cpp:FDS_OnLocalUpgProgress:248] total: 23, curr:12, percent:19, rop:48%
[m[0;32;32m1970-01-04 05:06:57.691|I|1184141422|lpUCM [fds.cpp:FDS_OnLocalUpgProgress:248] total: 23, curr:12, percent:20, rop:48%
[m[0;32;32m1970-01-04 05:06:57.691|I|1184141422|lpUCM [fds.cpp:FDS_OnLocalUpgProgress:248] total: 23, curr:12, percent:21, rop:48%
[m[0;32;32m1970-01-04 05:06:57.692|I|1184141422|lpUCM [fds.cpp:FDS_OnLocalUpgProgress:248] total: 23, curr:12, percent:22, rop:48%
[m[0;32;32m1970-01-04 05:06:57.693|I|1184141422|lpUCM [fds.cpp:FDS_OnLocalUpgProgress:248] total: 23, curr:12, percent:23, rop:48%
[m[0;32;32m1970-01-04 05:06:57.694|I|1184141422|lpUCM [fds.cpp:FDS_OnLocalUpgProgress:248] total: 23, curr:12, percent:24, rop:48%
[m[0;32;32m1970-01-04 05:06:57.695|I|1184141422|lpUCM [fds.cpp:FDS_OnLocalUpgProgress:248] total: 23, curr:12, percent:25, rop:48%
[m[0;32;32m1970-01-04 05:06:57.695|I|1184141422|lpUCM [fds.cpp:FDS_OnLocalUpgProgress:248] total: 23, curr:12, percent:26, rop:48%
[m[0;32;32m1970-01-04 05:06:57.697|I|1184141422|lpUCM [fds.cpp:FDS_OnLocalUpgProgress:248] total: 23, curr:12, percent:27, rop:49%
[m[0;32;32m1970-01-04 05:06:57.697|I|1184141422|lpUCM [fds.cpp:FDS_OnLocalUpgProgress:248] total: 23, curr:12, percent:28, rop:49%
[m[0;32;32m1970-01-04 05:06:57.698|I|1184141422|lpUCM [fds.cpp:FDS_OnLocalUpgProgress:248] total: 23, curr:12, percent:29, rop:49%
[m[0;32;32m1970-01-04 05:06:57.699|I|1184141422|lpUCM [fds.cpp:FDS_OnLocalUpgProgress:248] total: 23, curr:12, percent:30, rop:49%
[m[0;32;32m1970-01-04 05:06:57.701|I|1184141422|lpUCM [fds.cpp:FDS_OnLocalUpgProgress:248] total: 23, curr:12, percent:31, rop:49%
[m[0;32;32m1970-01-04 05:06:57.702|I|1184141422|lpUCM [fds.cpp:FDS_OnLocalUpgProgress:248] total: 23, curr:12, percent:32, rop:49%
[m[0;32;32m1970-01-04 05:06:57.703|I|1184141422|lpUCM [fds.cpp:FDS_OnLocalUpgProgress:248] total: 23, curr:12, percent:33, rop:49%
[m[0;32;32m1970-01-04 05:06:57.704|I|1184141422|lpUCM [fds.cpp:FDS_OnLocalUpgProgress:248] total: 23, curr:12, percent:34, rop:49%
[m[0;32;32m1970-01-04 05:06:57.705|I|1184141422|lpUCM [fds.cpp:FDS_OnLocalUpgProgress:248] total: 23, curr:12, percent:35, rop:49%
[m[0;32;32m1970-01-04 05:06:57.707|I|1184141422|lpUCM [fds.cpp:FDS_OnLocalUpgProgress:248] total: 23, curr:12, percent:36, rop:49%
[m[0;32;32m1970-01-04 05:06:57.711|I|1184141422|lpUCM [fds.cpp:FDS_OnLocalUpgProgress:248] total: 23, curr:12, percent:37, rop:49%
[m[0;32;32m1970-01-04 05:06:57.712|I|1184141422|lpUCM [fds.cpp:FDS_OnLocalUpgProgress:248] total: 23, curr:12, percent:38, rop:49%
[m[0;32;32m1970-01-04 05:06:57.713|I|1184141422|lpUCM [fds.cpp:FDS_OnLocalUpgProgress:248] total: 23, curr:12, percent:39, rop:49%
[m[0;32;32m1970-01-04 05:06:57.714|I|1184141422|lpUCM [fds.cpp:FDS_OnLocalUpgProgress:248] total: 23, curr:12, percent:40, rop:49%
[m[0;32;32m1970-01-04 05:06:57.715|I|1184141422|lpUCM [fds.cpp:FDS_OnLocalUpgProgress:248] total: 23, curr:12, percent:41, rop:49%
[m[0;32;32m1970-01-04 05:06:57.716|I|1184141422|lpUCM [fds.cpp:FDS_OnLocalUpgProgress:248] total: 23, curr:12, percent:42, rop:49%
[m[0;32;32m1970-01-04 05:06:57.717|I|1184141422|lpUCM [fds.cpp:FDS_OnLocalUpgProgress:248] total: 23, curr:12, percent:43, rop:49%
[m[0;32;32m1970-01-04 05:06:57.718|I|1184141422|lpUCM [fds.cpp:FDS_OnLocalUpgProgress:248] total: 23, curr:12, percent:44, rop:49%
[m[0;32;32m1970-01-04 05:06:57.719|I|1184141422|lpUCM [fds.cpp:FDS_OnLocalUpgProgress:248] total: 23, curr:12, percent:45, rop:49%
[m[0;32;32m1970-01-04 05:06:57.719|I|1184141422|lpUCM [fds.cpp:FDS_OnLocalUpgProgress:248] total: 23, curr:12, percent:46, rop:49%
[m[0;32;32m1970-01-04 05:06:57.726|I|1184141422|lpUCM [fds.cpp:FDS_OnLocalUpgProgress:248] total: 23, curr:12, percent:47, rop:49%
[m[0;32;32m1970-01-04 05:06:57.726|I|1184141422|lpUCM [fds.cpp:FDS_OnLocalUpgProgress:248] total: 23, curr:12, percent:48, rop:49%
[m[0;32;32m1970-01-04 05:06:57.727|I|1184141422|lpUCM [fds.cpp:FDS_OnLocalUpgProgress:248] total: 23, curr:12, percent:49, rop:49%
[m[0;32;32m1970-01-04 05:06:57.728|I|1184141422|lpUCM [fds.cpp:FDS_OnLocalUpgProgress:248] total: 23, curr:12, percent:50, rop:50%
[m[0;32;32m1970-01-04 05:06:57.728|I|1184141422|lpUCM [handler.c:FDS_idhExtractFile:234] CPIO extract success
[m[0;32;32m1970-01-04 05:06:57.728|I|1184141422|lpUCM [fds.cpp:FDS_OnLocalUpgProgress:248] total: 23, curr:12, percent:100, rop:52%
[m[1;33m1970-01-04 05:06:57.728|W|1184141422|lpUCM [scm.c:FDS_scmDeployImages:443] deploy [12st] success:boot_qdrive_iosock.bin.rawgz
[m[1;33m1970-01-04 05:06:57.728|W|1184141422|lpUCM [scm.c:FDS_scmDeployImages:435] start [13st] deploy:devcfg_auto.mbn.rawgz
[m[0;32;32m1970-01-04 05:06:57.728|I|1184141422|lpUCM [fds.cpp:FDS_OnLocalUpgProgress:248] total: 23, curr:13, percent:0, rop:52%
[m[0;32;32m1970-01-04 05:06:57.728|I|1184141422|lpUCM [handler.c:FDS_idhFindDesc:79] find time 1, name raw, handler_name = raw
[m[0;32;32m1970-01-04 05:06:57.728|I|1184141422|lpUCM [handler.c:FDS_idhFindDesc:94] find handler raw, type = 0
[m[0;32;32m1970-01-04 05:06:57.728|I|1184141422|lpUCM [handler.c:FDS_idhFindDesc:79] find time 1, name raw, handler_name = raw
[m[0;32;32m1970-01-04 05:06:57.728|I|1184141422|lpUCM [handler.c:FDS_idhFindDesc:94] find handler raw, type = 0
[m[0;32;32m1970-01-04 05:06:57.728|I|1184141422|lpUCM [fds.cpp:FDS_OnLocalUpgProgress:248] total: 23, curr:13, percent:42, rop:54%
[m[0;32;32m1970-01-04 05:06:57.729|I|1184141422|lpUCM [fds.cpp:FDS_OnLocalUpgProgress:248] total: 23, curr:13, percent:50, rop:54%
[m[0;32;32m1970-01-04 05:06:57.729|I|1184141422|lpUCM [handler.c:FDS_idhExtractFile:234] CPIO extract success
[m[0;32;32m1970-01-04 05:06:57.729|I|1184141422|lpUCM [fds.cpp:FDS_OnLocalUpgProgress:248] total: 23, curr:13, percent:100, rop:56%
[m[1;33m1970-01-04 05:06:57.729|W|1184141422|lpUCM [scm.c:FDS_scmDeployImages:443] deploy [13st] success:devcfg_auto.mbn.rawgz
[m[1;33m1970-01-04 05:06:57.729|W|1184141422|lpUCM [scm.c:FDS_scmDeployImages:435] start [14st] deploy:multi_image.mbn.rawgz
[m[0;32;32m1970-01-04 05:06:57.729|I|1184141422|lpUCM [fds.cpp:FDS_OnLocalUpgProgress:248] total: 23, curr:14, percent:0, rop:56%
[m[0;32;32m1970-01-04 05:06:57.729|I|1184141422|lpUCM [handler.c:FDS_idhFindDesc:79] find time 1, name raw, handler_name = raw
[m[0;32;32m1970-01-04 05:06:57.729|I|1184141422|lpUCM [handler.c:FDS_idhFindDesc:94] find handler raw, type = 0
[m[0;32;32m1970-01-04 05:06:57.729|I|1184141422|lpUCM [handler.c:FDS_idhFindDesc:79] find time 1, name raw, handler_name = raw
[m[0;32;32m1970-01-04 05:06:57.729|I|1184141422|lpUCM [handler.c:FDS_idhFindDesc:94] find handler raw, type = 0
[m[0;32;32m1970-01-04 05:06:57.729|I|1184141422|lpUCM [fds.cpp:FDS_OnLocalUpgProgress:248] total: 23, curr:14, percent:50, rop:58%
[m[0;32;32m1970-01-04 05:06:57.729|I|1184141422|lpUCM [handler.c:FDS_idhExtractFile:234] CPIO extract success
[m[0;32;32m1970-01-04 05:06:57.729|I|1184141422|lpUCM [fds.cpp:FDS_OnLocalUpgProgress:248] total: 23, curr:14, percent:100, rop:60%
[m[1;33m1970-01-04 05:06:57.729|W|1184141422|lpUCM [scm.c:FDS_scmDeployImages:443] deploy [14st] success:multi_image.mbn.rawgz
[m[1;33m1970-01-04 05:06:57.729|W|1184141422|lpUCM [scm.c:FDS_scmDeployImages:435] start [15st] deploy:multi_image_qti.mbn.rawgz
[m[0;32;32m1970-01-04 05:06:57.729|I|1184141422|lpUCM [fds.cpp:FDS_OnLocalUpgProgress:248] total: 23, curr:15, percent:0, rop:60%
[m[0;32;32m1970-01-04 05:06:57.729|I|1184141422|lpUCM [handler.c:FDS_idhFindDesc:79] find time 1, name raw, handler_name = raw
[m[0;32;32m1970-01-04 05:06:57.729|I|1184141422|lpUCM [handler.c:FDS_idhFindDesc:94] find handler raw, type = 0
[m[0;32;32m1970-01-04 05:06:57.729|I|1184141422|lpUCM [handler.c:FDS_idhFindDesc:79] find time 1, name raw, handler_name = raw
[m[0;32;32m1970-01-04 05:06:57.729|I|1184141422|lpUCM [handler.c:FDS_idhFindDesc:94] find handler raw, type = 0
[m[0;32;32m1970-01-04 05:06:57.729|I|1184141422|lpUCM [fds.cpp:FDS_OnLocalUpgProgress:248] total: 23, curr:15, percent:50, rop:63%
[m[0;32;32m1970-01-04 05:06:57.729|I|1184141422|lpUCM [handler.c:FDS_idhExtractFile:234] CPIO extract success
[m[0;32;32m1970-01-04 05:06:57.729|I|1184141422|lpUCM [fds.cpp:FDS_OnLocalUpgProgress:248] total: 23, curr:15, percent:100, rop:65%
[m[1;33m1970-01-04 05:06:57.729|W|1184141422|lpUCM [scm.c:FDS_scmDeployImages:443] deploy [15st] success:multi_image_qti.mbn.rawgz
[m[1;33m1970-01-04 05:06:57.729|W|1184141422|lpUCM [scm.c:FDS_scmDeployImages:435] start [16st] deploy:imagefv.elf.rawgz
[m[0;32;32m1970-01-04 05:06:57.729|I|1184141422|lpUCM [fds.cpp:FDS_OnLocalUpgProgress:248] total: 23, curr:16, percent:0, rop:65%
[m[0;32;32m1970-01-04 05:06:57.729|I|1184141422|lpUCM [handler.c:FDS_idhFindDesc:79] find time 1, name raw, handler_name = raw
[m[0;32;32m1970-01-04 05:06:57.729|I|1184141422|lpUCM [handler.c:FDS_idhFindDesc:94] find handler raw, type = 0
[m[0;32;32m1970-01-04 05:06:57.729|I|1184141422|lpUCM [handler.c:FDS_idhFindDesc:79] find time 1, name raw, handler_name = raw
[m[0;32;32m1970-01-04 05:06:57.729|I|1184141422|lpUCM [handler.c:FDS_idhFindDesc:94] find handler raw, type = 0
[m[0;32;32m1970-01-04 05:06:57.729|I|1184141422|lpUCM [fds.cpp:FDS_OnLocalUpgProgress:248] total: 23, curr:16, percent:50, rop:67%
[m[0;32;32m1970-01-04 05:06:57.730|I|1184141422|lpUCM [handler.c:FDS_idhExtractFile:234] CPIO extract success
[m[0;32;32m1970-01-04 05:06:57.730|I|1184141422|lpUCM [fds.cpp:FDS_OnLocalUpgProgress:248] total: 23, curr:16, percent:100, rop:69%
[m[1;33m1970-01-04 05:06:57.730|W|1184141422|lpUCM [scm.c:FDS_scmDeployImages:443] deploy [16st] success:imagefv.elf.rawgz
[m[1;33m1970-01-04 05:06:57.730|W|1184141422|lpUCM [scm.c:FDS_scmDeployImages:435] start [17st] deploy:shrm.elf.rawgz
[m[0;32;32m1970-01-04 05:06:57.730|I|1184141422|lpUCM [fds.cpp:FDS_OnLocalUpgProgress:248] total: 23, curr:17, percent:0, rop:69%
[m[0;32;32m1970-01-04 05:06:57.730|I|1184141422|lpUCM [handler.c:FDS_idhFindDesc:79] find time 1, name raw, handler_name = raw
[m[0;32;32m1970-01-04 05:06:57.730|I|1184141422|lpUCM [handler.c:FDS_idhFindDesc:94] find handler raw, type = 0
[m[0;32;32m1970-01-04 05:06:57.730|I|1184141422|lpUCM [handler.c:FDS_idhFindDesc:79] find time 1, name raw, handler_name = raw
[m[0;32;32m1970-01-04 05:06:57.730|I|1184141422|lpUCM [handler.c:FDS_idhFindDesc:94] find handler raw, type = 0
[m[0;32;32m1970-01-04 05:06:57.730|I|1184141422|lpUCM [fds.cpp:FDS_OnLocalUpgProgress:248] total: 23, curr:17, percent:33, rop:71%
[m[0;32;32m1970-01-04 05:06:57.730|I|1184141422|lpUCM [fds.cpp:FDS_OnLocalUpgProgress:248] total: 23, curr:17, percent:50, rop:71%
[m[0;32;32m1970-01-04 05:06:57.730|I|1184141422|lpUCM [handler.c:FDS_idhExtractFile:234] CPIO extract success
[m[0;32;32m1970-01-04 05:06:57.730|I|1184141422|lpUCM [fds.cpp:FDS_OnLocalUpgProgress:248] total: 23, curr:17, percent:100, rop:73%
[m[1;33m1970-01-04 05:06:57.730|W|1184141422|lpUCM [scm.c:FDS_scmDeployImages:443] deploy [17st] success:shrm.elf.rawgz
[m[1;33m1970-01-04 05:06:57.730|W|1184141422|lpUCM [scm.c:FDS_scmDeployImages:435] start [18st] deploy:mifs_hyp_qdrive_iosock.ifs.sign.gz
[m[0;32;32m1970-01-04 05:06:57.730|I|1184141422|lpUCM [fds.cpp:FDS_OnLocalUpgProgress:248] total: 23, curr:18, percent:0, rop:73%
[m[0;32;32m1970-01-04 05:06:57.730|I|1184141422|lpUCM [handler.c:FDS_idhFindDesc:79] find time 1, name raw, handler_name = raw
[m[0;32;32m1970-01-04 05:06:57.730|I|1184141422|lpUCM [handler.c:FDS_idhFindDesc:94] find handler raw, type = 0
[m[0;32;32m1970-01-04 05:06:57.730|I|1184141422|lpUCM [handler.c:FDS_idhFindDesc:79] find time 1, name raw, handler_name = raw
[m[0;32;32m1970-01-04 05:06:57.730|I|1184141422|lpUCM [handler.c:FDS_idhFindDesc:94] find handler raw, type = 0
[m[0;32;32m1970-01-04 05:06:57.732|I|1184141422|lpUCM [fds.cpp:FDS_OnLocalUpgProgress:248] total: 23, curr:18, percent:1, rop:73%
[m[0;32;32m1970-01-04 05:06:57.734|I|1184141422|lpUCM [fds.cpp:FDS_OnLocalUpgProgress:248] total: 23, curr:18, percent:2, rop:74%
[m[0;32;32m1970-01-04 05:06:57.747|I|1184141422|lpUCM [fds.cpp:FDS_OnLocalUpgProgress:248] total: 23, curr:18, percent:3, rop:74%
[m[0;32;32m1970-01-04 05:06:57.749|I|1184141422|lpUCM [fds.cpp:FDS_OnLocalUpgProgress:248] total: 23, curr:18, percent:4, rop:74%
[m[0;32;32m1970-01-04 05:06:57.751|I|1184141422|lpUCM [fds.cpp:FDS_OnLocalUpgProgress:248] total: 23, curr:18, percent:5, rop:74%
[m[0;32;32m1970-01-04 05:06:57.753|I|1184141422|lpUCM [fds.cpp:FDS_OnLocalUpgProgress:248] total: 23, curr:18, percent:6, rop:74%
[m[0;32;32m1970-01-04 05:06:57.754|I|1184141422|lpUCM [fds.cpp:FDS_OnLocalUpgProgress:248] total: 23, curr:18, percent:7, rop:74%
[m[0;32;32m1970-01-04 05:06:57.756|I|1184141422|lpUCM [fds.cpp:FDS_OnLocalUpgProgress:248] total: 23, curr:18, percent:8, rop:74%
[m[0;32;32m1970-01-04 05:06:57.758|I|1184141422|lpUCM [fds.cpp:FDS_OnLocalUpgProgress:248] total: 23, curr:18, percent:9, rop:74%
[m[0;32;32m1970-01-04 05:06:57.760|I|1184141422|lpUCM [fds.cpp:FDS_OnLocalUpgProgress:248] total: 23, curr:18, percent:10, rop:74%
[m[0;32;32m1970-01-04 05:06:57.763|I|1184141422|lpUCM [fds.cpp:FDS_OnLocalUpgProgress:248] total: 23, curr:18, percent:11, rop:74%
[m[0;32;32m1970-01-04 05:06:57.766|I|1184141422|lpUCM [fds.cpp:FDS_OnLocalUpgProgress:248] total: 23, curr:18, percent:12, rop:74%
[m[0;32;32m1970-01-04 05:06:57.769|I|1184141422|lpUCM [fds.cpp:FDS_OnLocalUpgProgress:248] total: 23, curr:18, percent:13, rop:74%
[m[0;32;32m1970-01-04 05:06:57.772|I|1184141422|lpUCM [fds.cpp:FDS_OnLocalUpgProgress:248] total: 23, curr:18, percent:14, rop:74%
[m[0;32;32m1970-01-04 05:06:57.778|I|1184141422|lpUCM [fds.cpp:FDS_OnLocalUpgProgress:248] total: 23, curr:18, percent:15, rop:74%
[m[0;32;32m1970-01-04 05:06:57.779|I|1184141422|lpUCM [fds.cpp:FDS_OnLocalUpgProgress:248] total: 23, curr:18, percent:16, rop:74%
[m[0;32;32m1970-01-04 05:06:57.781|I|1184141422|lpUCM [fds.cpp:FDS_OnLocalUpgProgress:248] total: 23, curr:18, percent:17, rop:74%
[m[0;32;32m1970-01-04 05:06:57.783|I|1184141422|lpUCM [fds.cpp:FDS_OnLocalUpgProgress:248] total: 23, curr:18, percent:18, rop:74%
[m[0;32;32m1970-01-04 05:06:57.784|I|1184141422|lpUCM [fds.cpp:FDS_OnLocalUpgProgress:248] total: 23, curr:18, percent:19, rop:74%
[m[0;32;32m1970-01-04 05:06:57.786|I|1184141422|lpUCM [fds.cpp:FDS_OnLocalUpgProgress:248] total: 23, curr:18, percent:20, rop:74%
[m[0;32;32m1970-01-04 05:06:57.789|I|1184141422|lpUCM [fds.cpp:FDS_OnLocalUpgProgress:248] total: 23, curr:18, percent:21, rop:74%
[m[0;32;32m1970-01-04 05:06:57.790|I|1184141422|lpUCM [fds.cpp:FDS_OnLocalUpgProgress:248] total: 23, curr:18, percent:22, rop:74%
[m[0;32;32m1970-01-04 05:06:57.792|I|1184141422|lpUCM [fds.cpp:FDS_OnLocalUpgProgress:248] total: 23, curr:18, percent:23, rop:74%
[m[0;32;32m1970-01-04 05:06:57.794|I|1184141422|lpUCM [fds.cpp:FDS_OnLocalUpgProgress:248] total: 23, curr:18, percent:24, rop:74%
[m[0;32;32m1970-01-04 05:06:57.796|I|1184141422|lpUCM [fds.cpp:FDS_OnLocalUpgProgress:248] total: 23, curr:18, percent:25, rop:75%
[m[0;32;32m1970-01-04 05:06:57.799|I|1184141422|lpUCM [fds.cpp:FDS_OnLocalUpgProgress:248] total: 23, curr:18, percent:26, rop:75%
[m[0;32;32m1970-01-04 05:06:57.802|I|1184141422|lpUCM [fds.cpp:FDS_OnLocalUpgProgress:248] total: 23, curr:18, percent:27, rop:75%
[m[0;32;32m1970-01-04 05:06:57.805|I|1184141422|lpUCM [fds.cpp:FDS_OnLocalUpgProgress:248] total: 23, curr:18, percent:28, rop:75%
[m[0;32;32m1970-01-04 05:06:57.808|I|1184141422|lpUCM [fds.cpp:FDS_OnLocalUpgProgress:248] total: 23, curr:18, percent:29, rop:75%
[m[0;32;32m1970-01-04 05:06:57.813|I|1184141422|lpUCM [fds.cpp:FDS_OnLocalUpgProgress:248] total: 23, curr:18, percent:30, rop:75%
[m[0;32;32m1970-01-04 05:06:57.817|I|1184141422|lpUCM [fds.cpp:FDS_OnLocalUpgProgress:248] total: 23, curr:18, percent:31, rop:75%
[m[0;32;32m1970-01-04 05:06:57.831|I|1184141422|lpUCM [fds.cpp:FDS_OnLocalUpgProgress:248] total: 23, curr:18, percent:32, rop:75%
[m[0;32;32m1970-01-04 05:06:57.837|I|1184141422|lpUCM [fds.cpp:FDS_OnLocalUpgProgress:248] total: 23, curr:18, percent:33, rop:75%
[m[0;32;32m1970-01-04 05:06:57.845|I|1184141422|lpUCM [fds.cpp:FDS_OnLocalUpgProgress:248] total: 23, curr:18, percent:34, rop:75%
[m[0;32;32m1970-01-04 05:06:57.850|I|1184141422|lpUCM [fds.cpp:FDS_OnLocalUpgProgress:248] total: 23, curr:18, percent:35, rop:75%
[m[0;32;32m1970-01-04 05:06:57.854|I|1184141422|lpUCM [fds.cpp:FDS_OnLocalUpgProgress:248] total: 23, curr:18, percent:36, rop:75%
[m[0;32;32m1970-01-04 05:06:57.858|I|1184141422|lpUCM [fds.cpp:FDS_OnLocalUpgProgress:248] total: 23, curr:18, percent:37, rop:75%
[m[0;32;32m1970-01-04 05:06:57.861|I|1184141422|lpUCM [fds.cpp:FDS_OnLocalUpgProgress:248] total: 23, curr:18, percent:38, rop:75%
[m[0;32;32m1970-01-04 05:06:57.865|I|1184141422|lpUCM [fds.cpp:FDS_OnLocalUpgProgress:248] total: 23, curr:18, percent:39, rop:75%
[m[0;32;32m1970-01-04 05:06:57.868|I|1184141422|lpUCM [fds.cpp:FDS_OnLocalUpgProgress:248] total: 23, curr:18, percent:40, rop:75%
[m[0;32;32m1970-01-04 05:06:57.871|I|1184141422|lpUCM [fds.cpp:FDS_OnLocalUpgProgress:248] total: 23, curr:18, percent:41, rop:75%
[m[0;32;32m1970-01-04 05:06:57.873|I|1184141422|lpUCM [fds.cpp:FDS_OnLocalUpgProgress:248] total: 23, curr:18, percent:42, rop:75%
[m[0;32;32m1970-01-04 05:06:57.875|I|1184141422|lpUCM [fds.cpp:FDS_OnLocalUpgProgress:248] total: 23, curr:18, percent:43, rop:75%
[m[0;32;32m1970-01-04 05:06:57.878|I|1184141422|lpUCM [fds.cpp:FDS_OnLocalUpgProgress:248] total: 23, curr:18, percent:44, rop:75%
[m[0;32;32m1970-01-04 05:06:57.880|I|1184141422|lpUCM [fds.cpp:FDS_OnLocalUpgProgress:248] total: 23, curr:18, percent:45, rop:75%
[m[0;32;32m1970-01-04 05:06:57.884|I|1184141422|lpUCM [fds.cpp:FDS_OnLocalUpgProgress:248] total: 23, curr:18, percent:46, rop:75%
[m[0;32;32m1970-01-04 05:06:57.886|I|1184141422|lpUCM [fds.cpp:FDS_OnLocalUpgProgress:248] total: 23, curr:18, percent:47, rop:75%
[m[0;32;32m1970-01-04 05:06:57.890|I|1184141422|lpUCM [fds.cpp:FDS_OnLocalUpgProgress:248] total: 23, curr:18, percent:48, rop:76%
[m[0;32;32m1970-01-04 05:06:57.893|I|1184141422|lpUCM [fds.cpp:FDS_OnLocalUpgProgress:248] total: 23, curr:18, percent:49, rop:76%
[m[0;32;32m1970-01-04 05:06:57.895|I|1184141422|lpUCM [fds.cpp:FDS_OnLocalUpgProgress:248] total: 23, curr:18, percent:50, rop:76%
[m[0;32;32m1970-01-04 05:06:57.895|I|1184141422|lpUCM [handler.c:FDS_idhExtractFile:234] CPIO extract success
[m[0;32;32m1970-01-04 05:06:57.895|I|1184141422|lpUCM [fds.cpp:FDS_OnLocalUpgProgress:248] total: 23, curr:18, percent:100, rop:78%
[m[1;33m1970-01-04 05:06:57.895|W|1184141422|lpUCM [scm.c:FDS_scmDeployImages:443] deploy [18st] success:mifs_hyp_qdrive_iosock.ifs.sign.gz
[m[1;33m1970-01-04 05:06:57.895|W|1184141422|lpUCM [scm.c:FDS_scmDeployImages:435] start [19st] deploy:ifs2_qdrive_iosock.ifs.gz
[m[0;32;32m1970-01-04 05:06:57.895|I|1184141422|lpUCM [fds.cpp:FDS_OnLocalUpgProgress:248] total: 23, curr:19, percent:0, rop:78%
[m[0;32;32m1970-01-04 05:06:57.895|I|1184141422|lpUCM [handler.c:FDS_idhFindDesc:79] find time 1, name raw, handler_name = raw
[m[0;32;32m1970-01-04 05:06:57.895|I|1184141422|lpUCM [handler.c:FDS_idhFindDesc:94] find handler raw, type = 0
[m[0;32;32m1970-01-04 05:06:57.895|I|1184141422|lpUCM [handler.c:FDS_idhFindDesc:79] find time 1, name raw, handler_name = raw
[m[0;32;32m1970-01-04 05:06:57.895|I|1184141422|lpUCM [handler.c:FDS_idhFindDesc:94] find handler raw, type = 0
[m[0;32;32m1970-01-04 05:06:57.951|I|1184141422|lpUCM [fds.cpp:FDS_OnLocalUpgProgress:248] total: 23, curr:19, percent:1, rop:78%
[m[0;32;32m1970-01-04 05:06:57.998|I|1184141422|lpUCM [fds.cpp:FDS_OnLocalUpgProgress:248] total: 23, curr:19, percent:2, rop:78%
[m[0;32;32m1970-01-04 05:06:58.36|I|1184141422|lpUCM [fds.cpp:FDS_OnLocalUpgProgress:248] total: 23, curr:19, percent:3, rop:78%
[m[0;32;32m1970-01-04 05:06:58.72|I|1184141422|lpUCM [fds.cpp:FDS_OnLocalUpgProgress:248] total: 23, curr:19, percent:4, rop:78%
[m[0;32;32m1970-01-04 05:06:58.131|I|1184141422|lpUCM [fds.cpp:FDS_OnLocalUpgProgress:248] total: 23, curr:19, percent:5, rop:78%
[m[0;32;32m1970-01-04 05:06:58.173|I|1184141422|lpUCM [fds.cpp:FDS_OnLocalUpgProgress:248] total: 23, curr:19, percent:6, rop:78%
[m[0;32;32m1970-01-04 05:06:58.222|I|1184141422|lpUCM [fds.cpp:FDS_OnLocalUpgProgress:248] total: 23, curr:19, percent:7, rop:78%
[m[0;32;32m1970-01-04 05:06:58.278|I|1184141422|lpUCM [fds.cpp:FDS_OnLocalUpgProgress:248] total: 23, curr:19, percent:8, rop:78%
[m[0;32;32m1970-01-04 05:06:58.352|I|1184141422|lpUCM [fds.cpp:FDS_OnLocalUpgProgress:248] total: 23, curr:19, percent:9, rop:78%
[m[0;32;32m1970-01-04 05:06:58.405|I|1184141422|lpUCM [fds.cpp:FDS_OnLocalUpgProgress:248] total: 23, curr:19, percent:10, rop:78%
[m[0;32;32m1970-01-04 05:06:58.511|I|1184141422|lpUCM [fds.cpp:FDS_OnLocalUpgProgress:248] total: 23, curr:19, percent:11, rop:78%
[m[0;32;32m1970-01-04 05:06:58.576|I|1184141422|lpUCM [fds.cpp:FDS_OnLocalUpgProgress:248] total: 23, curr:19, percent:12, rop:78%
[m[0;32;32m1970-01-04 05:06:58.629|I|1184141422|lpUCM [fds.cpp:FDS_OnLocalUpgProgress:248] total: 23, curr:19, percent:13, rop:78%
[m[0;32;32m1970-01-04 05:06:58.687|I|1184141422|lpUCM [fds.cpp:FDS_OnLocalUpgProgress:248] total: 23, curr:19, percent:14, rop:78%
[m[0;32;32m1970-01-04 05:06:58.756|I|1184141422|lpUCM [fds.cpp:FDS_OnLocalUpgProgress:248] total: 23, curr:19, percent:15, rop:78%
[m[0;32;32m1970-01-04 05:06:58.825|I|1184141422|lpUCM [fds.cpp:FDS_OnLocalUpgProgress:248] total: 23, curr:19, percent:16, rop:78%
[m[0;32;32m1970-01-04 05:06:58.899|I|1184141422|lpUCM [fds.cpp:FDS_OnLocalUpgProgress:248] total: 23, curr:19, percent:17, rop:79%
[m[0;32;32m1970-01-04 05:06:58.948|I|1184141422|lpUCM [fds.cpp:FDS_OnLocalUpgProgress:248] total: 23, curr:19, percent:18, rop:79%
[m[0;32;32m1970-01-04 05:06:58.998|I|1184141422|lpUCM [fds.cpp:FDS_OnLocalUpgProgress:248] total: 23, curr:19, percent:19, rop:79%
[m[0;32;32m1970-01-04 05:06:59.43|I|1184141422|lpUCM [fds.cpp:FDS_OnLocalUpgProgress:248] total: 23, curr:19, percent:20, rop:79%
[m[0;32;32m1970-01-04 05:06:59.101|I|1184141422|lpUCM [fds.cpp:FDS_OnLocalUpgProgress:248] total: 23, curr:19, percent:21, rop:79%
[m[0;32;32m1970-01-04 05:06:59.169|I|1184141422|lpUCM [fds.cpp:FDS_OnLocalUpgProgress:248] total: 23, curr:19, percent:22, rop:79%
[m[0;32;32m1970-01-04 05:06:59.235|I|1184141422|lpUCM [fds.cpp:FDS_OnLocalUpgProgress:248] total: 23, curr:19, percent:23, rop:79%
[m[0;32;32m1970-01-04 05:06:59.299|I|1184141422|lpUCM [fds.cpp:FDS_OnLocalUpgProgress:248] total: 23, curr:19, percent:24, rop:79%
[m[0;32;32m1970-01-04 05:06:59.345|I|1184141422|lpUCM [fds.cpp:FDS_OnLocalUpgProgress:248] total: 23, curr:19, percent:25, rop:79%
[m[0;32;32m1970-01-04 05:06:59.393|I|1184141422|lpUCM [fds.cpp:FDS_OnLocalUpgProgress:248] total: 23, curr:19, percent:26, rop:79%
[m[0;32;32m1970-01-04 05:06:59.424|I|1184141422|lpUCM [fds.cpp:FDS_OnLocalUpgProgress:248] total: 23, curr:19, percent:27, rop:79%
[m[0;32;32m1970-01-04 05:06:59.475|I|1184141422|lpUCM [fds.cpp:FDS_OnLocalUpgProgress:248] total: 23, curr:19, percent:28, rop:79%
[m[0;32;32m1970-01-04 05:06:59.530|I|1184141422|lpUCM [fds.cpp:FDS_OnLocalUpgProgress:248] total: 23, curr:19, percent:29, rop:79%
[m[0;32;32m1970-01-04 05:06:59.575|I|1184141422|lpUCM [fds.cpp:FDS_OnLocalUpgProgress:248] total: 23, curr:19, percent:30, rop:79%
[m[0;32;32m1970-01-04 05:06:59.632|I|1184141422|lpUCM [fds.cpp:FDS_OnLocalUpgProgress:248] total: 23, curr:19, percent:31, rop:79%
[m[0;32;32m1970-01-04 05:06:59.690|I|1184141422|lpUCM [fds.cpp:FDS_OnLocalUpgProgress:248] total: 23, curr:19, percent:32, rop:79%
[m[0;32;32m1970-01-04 05:06:59.763|I|1184141422|lpUCM [fds.cpp:FDS_OnLocalUpgProgress:248] total: 23, curr:19, percent:33, rop:79%
[m[0;32;32m1970-01-04 05:06:59.820|I|1184141422|lpUCM [fds.cpp:FDS_OnLocalUpgProgress:248] total: 23, curr:19, percent:34, rop:79%
[m[0;32;32m1970-01-04 05:06:59.897|I|1184141422|lpUCM [fds.cpp:FDS_OnLocalUpgProgress:248] total: 23, curr:19, percent:35, rop:79%
[m[0;32;32m1970-01-04 05:06:59.932|I|1184141422|lpUCM [fds.cpp:FDS_OnLocalUpgProgress:248] total: 23, curr:19, percent:36, rop:79%
[m[0;32;32m1970-01-04 05:06:59.990|I|1184141422|lpUCM [fds.cpp:FDS_OnLocalUpgProgress:248] total: 23, curr:19, percent:37, rop:79%
[m[0;32;32m1970-01-04 05:07:00.38|I|1184141422|lpUCM [fds.cpp:FDS_OnLocalUpgProgress:248] total: 23, curr:19, percent:38, rop:79%
[m[0;32;32m1970-01-04 05:07:00.86|I|1184141422|lpUCM [fds.cpp:FDS_OnLocalUpgProgress:248] total: 23, curr:19, percent:39, rop:79%
[m[0;32;32m1970-01-04 05:07:00.122|I|1184141422|lpUCM [fds.cpp:FDS_OnLocalUpgProgress:248] total: 23, curr:19, percent:40, rop:80%
[m[0;32;32m1970-01-04 05:07:00.189|I|1184141422|lpUCM [fds.cpp:FDS_OnLocalUpgProgress:248] total: 23, curr:19, percent:41, rop:80%
[m[0;32;32m1970-01-04 05:07:00.248|I|1184141422|lpUCM [fds.cpp:FDS_OnLocalUpgProgress:248] total: 23, curr:19, percent:42, rop:80%
[m[0;32;32m1970-01-04 05:07:00.307|I|1184141422|lpUCM [fds.cpp:FDS_OnLocalUpgProgress:248] total: 23, curr:19, percent:43, rop:80%
[m[0;32;32m1970-01-04 05:07:00.364|I|1184141422|lpUCM [fds.cpp:FDS_OnLocalUpgProgress:248] total: 23, curr:19, percent:44, rop:80%
[m[0;32;32m1970-01-04 05:07:00.405|I|1184141422|lpUCM [fds.cpp:FDS_OnLocalUpgProgress:248] total: 23, curr:19, percent:45, rop:80%
[m[0;32;32m1970-01-04 05:07:00.469|I|1184141422|lpUCM [fds.cpp:FDS_OnLocalUpgProgress:248] total: 23, curr:19, percent:46, rop:80%
[m[0;32;32m1970-01-04 05:07:00.505|I|1184141422|lpUCM [fds.cpp:FDS_OnLocalUpgProgress:248] total: 23, curr:19, percent:47, rop:80%
[m[0;32;32m1970-01-04 05:07:00.555|I|1184141422|lpUCM [fds.cpp:FDS_OnLocalUpgProgress:248] total: 23, curr:19, percent:48, rop:80%
[m[0;32;32m1970-01-04 05:07:00.600|I|1184141422|lpUCM [fds.cpp:FDS_OnLocalUpgProgress:248] total: 23, curr:19, percent:49, rop:80%
[m[0;32;32m1970-01-04 05:07:00.704|I|1184141422|lpUCM [fds.cpp:FDS_OnLocalUpgProgress:248] total: 23, curr:19, percent:50, rop:80%
[m[0;32;32m1970-01-04 05:07:00.704|I|1184141422|lpUCM [handler.c:FDS_idhExtractFile:234] CPIO extract success
[m[0;32;32m1970-01-04 05:07:00.704|I|1184141422|lpUCM [fds.cpp:FDS_OnLocalUpgProgress:248] total: 23, curr:19, percent:100, rop:82%
[m[1;33m1970-01-04 05:07:00.704|W|1184141422|lpUCM [scm.c:FDS_scmDeployImages:443] deploy [19st] success:ifs2_qdrive_iosock.ifs.gz
[m[1;33m1970-01-04 05:07:00.704|W|1184141422|lpUCM [scm.c:FDS_scmDeployImages:435] start [20st] deploy:oem.xfs.gz
[m[0;32;32m1970-01-04 05:07:00.704|I|1184141422|lpUCM [fds.cpp:FDS_OnLocalUpgProgress:248] total: 23, curr:20, percent:0, rop:82%
[m[0;32;32m1970-01-04 05:07:00.704|I|1184141422|lpUCM [handler.c:FDS_idhFindDesc:79] find time 1, name raw, handler_name = raw
[m[0;32;32m1970-01-04 05:07:00.704|I|1184141422|lpUCM [handler.c:FDS_idhFindDesc:94] find handler raw, type = 0
[m[0;32;32m1970-01-04 05:07:00.704|I|1184141422|lpUCM [handler.c:FDS_idhFindDesc:79] find time 1, name raw, handler_name = raw
[m[0;32;32m1970-01-04 05:07:00.704|I|1184141422|lpUCM [handler.c:FDS_idhFindDesc:94] find handler raw, type = 0
[m[0;32;32m1970-01-04 05:07:02.177|I|1184141422|lpUCM [fds.cpp:FDS_OnLocalUpgProgress:248] total: 23, curr:20, percent:1, rop:82%
[m[0;32;32m1970-01-04 05:07:03.245|I|1184141422|lpUCM [fds.cpp:FDS_OnLocalUpgProgress:248] total: 23, curr:20, percent:2, rop:82%
[m[0;32;32m1970-01-04 05:07:04.313|I|1184141422|lpUCM [fds.cpp:FDS_OnLocalUpgProgress:248] total: 23, curr:20, percent:3, rop:82%
[m[0;32;32m1970-01-04 05:07:05.531|I|1184141422|lpUCM [fds.cpp:FDS_OnLocalUpgProgress:248] total: 23, curr:20, percent:4, rop:82%
[m[0;32;32m1970-01-04 05:07:06.663|I|1184141422|lpUCM [fds.cpp:FDS_OnLocalUpgProgress:248] total: 23, curr:20, percent:5, rop:82%
[m[0;32;32m1970-01-04 05:07:07.225|I|1184141422|lpUCM [fds.cpp:FDS_OnLocalUpgProgress:248] total: 23, curr:20, percent:6, rop:82%
[m[0;32;32m1970-01-04 05:07:07.695|I|1184141422|lpUCM [fds.cpp:FDS_OnLocalUpgProgress:248] total: 23, curr:20, percent:7, rop:82%
[m[0;32;32m1970-01-04 05:07:08.187|I|1184141422|lpUCM [fds.cpp:FDS_OnLocalUpgProgress:248] total: 23, curr:20, percent:8, rop:82%
[m[0;32;32m1970-01-04 05:07:08.673|I|1184141422|lpUCM [fds.cpp:FDS_OnLocalUpgProgress:248] total: 23, curr:20, percent:9, rop:83%
[m[0;32;32m1970-01-04 05:07:09.154|I|1184141422|lpUCM [fds.cpp:FDS_OnLocalUpgProgress:248] total: 23, curr:20, percent:10, rop:83%
[m[0;32;32m1970-01-04 05:07:09.789|I|1184141422|lpUCM [fds.cpp:FDS_OnLocalUpgProgress:248] total: 23, curr:20, percent:11, rop:83%
[m[0;32;32m1970-01-04 05:07:10.356|I|1184141422|lpUCM [fds.cpp:FDS_OnLocalUpgProgress:248] total: 23, curr:20, percent:12, rop:83%
[m[0;32;32m1970-01-04 05:07:10.834|I|1184141422|lpUCM [fds.cpp:FDS_OnLocalUpgProgress:248] total: 23, curr:20, percent:13, rop:83%
[m[0;32;32m1970-01-04 05:07:11.433|I|1184141422|lpUCM [fds.cpp:FDS_OnLocalUpgProgress:248] total: 23, curr:20, percent:14, rop:83%
[m[0;32;32m1970-01-04 05:07:12.8|I|1184141422|lpUCM [fds.cpp:FDS_OnLocalUpgProgress:248] total: 23, curr:20, percent:15, rop:83%
[m[0;32;32m1970-01-04 05:07:12.630|I|1184141422|lpUCM [fds.cpp:FDS_OnLocalUpgProgress:248] total: 23, curr:20, percent:16, rop:83%
[m[0;32;32m1970-01-04 05:07:13.262|I|1184141422|lpUCM [fds.cpp:FDS_OnLocalUpgProgress:248] total: 23, curr:20, percent:17, rop:83%
[m[0;32;32m1970-01-04 05:07:13.785|I|1184141422|lpUCM [fds.cpp:FDS_OnLocalUpgProgress:248] total: 23, curr:20, percent:18, rop:83%
[m[0;32;32m1970-01-04 05:07:14.380|I|1184141422|lpUCM [fds.cpp:FDS_OnLocalUpgProgress:248] total: 23, curr:20, percent:19, rop:83%
[m[0;32;32m1970-01-04 05:07:16.531|I|1184141422|lpUCM [fds.cpp:FDS_OnLocalUpgProgress:248] total: 23, curr:20, percent:20, rop:83%
[m[0;32;32m1970-01-04 05:07:17.32|I|1184141422|lpUCM [fds.cpp:FDS_OnLocalUpgProgress:248] total: 23, curr:20, percent:21, rop:83%
[m[0;32;32m1970-01-04 05:07:17.574|I|1184141422|lpUCM [fds.cpp:FDS_OnLocalUpgProgress:248] total: 23, curr:20, percent:22, rop:83%
[m[0;32;32m1970-01-04 05:07:18.236|I|1184141422|lpUCM [fds.cpp:FDS_OnLocalUpgProgress:248] total: 23, curr:20, percent:23, rop:83%
[m[0;32;32m1970-01-04 05:07:18.931|I|1184141422|lpUCM [fds.cpp:FDS_OnLocalUpgProgress:248] total: 23, curr:20, percent:24, rop:83%
[m[0;32;32m1970-01-04 05:07:19.707|I|1184141422|lpUCM [fds.cpp:FDS_OnLocalUpgProgress:248] total: 23, curr:20, percent:25, rop:83%
[m[0;32;32m1970-01-04 05:07:20.434|I|1184141422|lpUCM [fds.cpp:FDS_OnLocalUpgProgress:248] total: 23, curr:20, percent:26, rop:83%
[m[0;32;32m1970-01-04 05:07:23.131|I|1184141422|lpUCM [fds.cpp:FDS_OnLocalUpgProgress:248] total: 23, curr:20, percent:27, rop:83%
[m[0;32;32m1970-01-04 05:07:23.704|I|1184141422|lpUCM [fds.cpp:FDS_OnLocalUpgProgress:248] total: 23, curr:20, percent:28, rop:83%
[m[0;32;32m1970-01-04 05:07:24.328|I|1184141422|lpUCM [fds.cpp:FDS_OnLocalUpgProgress:248] total: 23, curr:20, percent:29, rop:83%
[m[0;32;32m1970-01-04 05:07:25.311|I|1184141422|lpUCM [fds.cpp:FDS_OnLocalUpgProgress:248] total: 23, curr:20, percent:30, rop:83%
[m[0;32;32m1970-01-04 05:07:26.309|I|1184141422|lpUCM [fds.cpp:FDS_OnLocalUpgProgress:248] total: 23, curr:20, percent:31, rop:83%
[m[0;32;32m1970-01-04 05:07:27.227|I|1184141422|lpUCM [fds.cpp:FDS_OnLocalUpgProgress:248] total: 23, curr:20, percent:32, rop:84%
[m[0;32;32m1970-01-04 05:07:28.312|I|1184141422|lpUCM [fds.cpp:FDS_OnLocalUpgProgress:248] total: 23, curr:20, percent:33, rop:84%
[m[0;32;32m1970-01-04 05:07:29.348|I|1184141422|lpUCM [fds.cpp:FDS_OnLocalUpgProgress:248] total: 23, curr:20, percent:34, rop:84%
[m[0;32;32m1970-01-04 05:07:30.304|I|1184141422|lpUCM [fds.cpp:FDS_OnLocalUpgProgress:248] total: 23, curr:20, percent:35, rop:84%
[m[0;32;32m1970-01-04 05:07:31.300|I|1184141422|lpUCM [fds.cpp:FDS_OnLocalUpgProgress:248] total: 23, curr:20, percent:36, rop:84%
[m[0;32;32m1970-01-04 05:07:32.301|I|1184141422|lpUCM [fds.cpp:FDS_OnLocalUpgProgress:248] total: 23, curr:20, percent:37, rop:84%
[m[0;32;32m1970-01-04 05:07:33.266|I|1184141422|lpUCM [fds.cpp:FDS_OnLocalUpgProgress:248] total: 23, curr:20, percent:38, rop:84%
[m[0;32;32m1970-01-04 05:07:34.258|I|1184141422|lpUCM [fds.cpp:FDS_OnLocalUpgProgress:248] total: 23, curr:20, percent:39, rop:84%
[m[0;32;32m1970-01-04 05:07:35.201|I|1184141422|lpUCM [fds.cpp:FDS_OnLocalUpgProgress:248] total: 23, curr:20, percent:40, rop:84%
[m[0;32;32m1970-01-04 05:07:36.238|I|1184141422|lpUCM [fds.cpp:FDS_OnLocalUpgProgress:248] total: 23, curr:20, percent:41, rop:84%
[m[0;32;32m1970-01-04 05:07:37.269|I|1184141422|lpUCM [fds.cpp:FDS_OnLocalUpgProgress:248] total: 23, curr:20, percent:42, rop:84%
[m[0;32;32m1970-01-04 05:07:38.216|I|1184141422|lpUCM [fds.cpp:FDS_OnLocalUpgProgress:248] total: 23, curr:20, percent:43, rop:84%
[m[0;32;32m1970-01-04 05:07:39.381|I|1184141422|lpUCM [fds.cpp:FDS_OnLocalUpgProgress:248] total: 23, curr:20, percent:44, rop:84%
[m[0;32;32m1970-01-04 05:07:40.821|I|1184141422|lpUCM [fds.cpp:FDS_OnLocalUpgProgress:248] total: 23, curr:20, percent:45, rop:84%
[m[0;32;32m1970-01-04 05:07:41.745|I|1184141422|lpUCM [fds.cpp:FDS_OnLocalUpgProgress:248] total: 23, curr:20, percent:46, rop:84%
[m[0;32;32m1970-01-04 05:07:42.701|I|1184141422|lpUCM [fds.cpp:FDS_OnLocalUpgProgress:248] total: 23, curr:20, percent:47, rop:84%
[m[0;32;32m1970-01-04 05:07:43.668|I|1184141422|lpUCM [fds.cpp:FDS_OnLocalUpgProgress:248] total: 23, curr:20, percent:48, rop:84%
[m[0;32;32m1970-01-04 05:07:44.491|I|1184141422|lpUCM [fds.cpp:FDS_OnLocalUpgProgress:248] total: 23, curr:20, percent:49, rop:84%
[m[0;32;32m1970-01-04 05:08:35.432|I|1184141422|lpUCM [fds.cpp:FDS_OnLocalUpgProgress:248] total: 23, curr:20, percent:50, rop:84%
[m[0;32;32m1970-01-04 05:08:35.676|I|1184141422|lpUCM [handler.c:FDS_idhExtractFile:234] CPIO extract success
[m[0;32;32m1970-01-04 05:08:35.676|I|1184141422|lpUCM [fds.cpp:FDS_OnLocalUpgProgress:248] total: 23, curr:20, percent:100, rop:86%
[m[1;33m1970-01-04 05:08:35.676|W|1184141422|lpUCM [scm.c:FDS_scmDeployImages:443] deploy [20st] success:oem.xfs.gz
[m[1;33m1970-01-04 05:08:35.676|W|1184141422|lpUCM [scm.c:FDS_scmDeployImages:435] start [21st] deploy:system.xfs.gz
[m[0;32;32m1970-01-04 05:08:35.676|I|1184141422|lpUCM [fds.cpp:FDS_OnLocalUpgProgress:248] total: 23, curr:21, percent:0, rop:86%
[m[0;32;32m1970-01-04 05:08:35.676|I|1184141422|lpUCM [handler.c:FDS_idhFindDesc:79] find time 1, name raw, handler_name = raw
[m[0;32;32m1970-01-04 05:08:35.676|I|1184141422|lpUCM [handler.c:FDS_idhFindDesc:94] find handler raw, type = 0
[m[0;32;32m1970-01-04 05:08:35.676|I|1184141422|lpUCM [handler.c:FDS_idhFindDesc:79] find time 1, name raw, handler_name = raw
[m[0;32;32m1970-01-04 05:08:35.676|I|1184141422|lpUCM [handler.c:FDS_idhFindDesc:94] find handler raw, type = 0
[m[0;32;32m1970-01-04 05:08:35.950|I|1184141422|lpUCM [fds.cpp:FDS_OnLocalUpgProgress:248] total: 23, curr:21, percent:1, rop:87%
[m[0;32;32m1970-01-04 05:08:36.167|I|1184141422|lpUCM [fds.cpp:FDS_OnLocalUpgProgress:248] total: 23, curr:21, percent:2, rop:87%
[m[0;32;32m1970-01-04 05:08:36.311|I|1184141422|lpUCM [fds.cpp:FDS_OnLocalUpgProgress:248] total: 23, curr:21, percent:3, rop:87%
[m[0;32;32m1970-01-04 05:08:36.498|I|1184141422|lpUCM [fds.cpp:FDS_OnLocalUpgProgress:248] total: 23, curr:21, percent:4, rop:87%
[m[0;32;32m1970-01-04 05:08:36.651|I|1184141422|lpUCM [fds.cpp:FDS_OnLocalUpgProgress:248] total: 23, curr:21, percent:5, rop:87%
[m[0;32;32m1970-01-04 05:08:36.800|I|1184141422|lpUCM [fds.cpp:FDS_OnLocalUpgProgress:248] total: 23, curr:21, percent:6, rop:87%
[m[0;32;32m1970-01-04 05:08:36.973|I|1184141422|lpUCM [fds.cpp:FDS_OnLocalUpgProgress:248] total: 23, curr:21, percent:7, rop:87%
[m[0;32;32m1970-01-04 05:08:37.214|I|1184141422|lpUCM [fds.cpp:FDS_OnLocalUpgProgress:248] total: 23, curr:21, percent:8, rop:87%
[m[0;32;32m1970-01-04 05:08:37.352|I|1184141422|lpUCM [fds.cpp:FDS_OnLocalUpgProgress:248] total: 23, curr:21, percent:9, rop:87%
[m[0;32;32m1970-01-04 05:08:37.545|I|1184141422|lpUCM [fds.cpp:FDS_OnLocalUpgProgress:248] total: 23, curr:21, percent:10, rop:87%
[m[0;32;32m1970-01-04 05:08:37.658|I|1184141422|lpUCM [fds.cpp:FDS_OnLocalUpgProgress:248] total: 23, curr:21, percent:11, rop:87%
[m[0;32;32m1970-01-04 05:08:37.836|I|1184141422|lpUCM [fds.cpp:FDS_OnLocalUpgProgress:248] total: 23, curr:21, percent:12, rop:87%
[m[0;32;32m1970-01-04 05:08:37.990|I|1184141422|lpUCM [fds.cpp:FDS_OnLocalUpgProgress:248] total: 23, curr:21, percent:13, rop:87%
[m[0;32;32m1970-01-04 05:08:38.152|I|1184141422|lpUCM [fds.cpp:FDS_OnLocalUpgProgress:248] total: 23, curr:21, percent:14, rop:87%
[m[0;32;32m1970-01-04 05:08:38.354|I|1184141422|lpUCM [fds.cpp:FDS_OnLocalUpgProgress:248] total: 23, curr:21, percent:15, rop:87%
[m[0;32;32m1970-01-04 05:08:38.518|I|1184141422|lpUCM [fds.cpp:FDS_OnLocalUpgProgress:248] total: 23, curr:21, percent:16, rop:87%
[m[0;32;32m1970-01-04 05:08:38.628|I|1184141422|lpUCM [fds.cpp:FDS_OnLocalUpgProgress:248] total: 23, curr:21, percent:17, rop:87%
[m[0;32;32m1970-01-04 05:08:38.792|I|1184141422|lpUCM [fds.cpp:FDS_OnLocalUpgProgress:248] total: 23, curr:21, percent:18, rop:87%
[m[0;32;32m1970-01-04 05:08:38.947|I|1184141422|lpUCM [fds.cpp:FDS_OnLocalUpgProgress:248] total: 23, curr:21, percent:19, rop:87%
[m[0;32;32m1970-01-04 05:08:39.119|I|1184141422|lpUCM [fds.cpp:FDS_OnLocalUpgProgress:248] total: 23, curr:21, percent:20, rop:87%
[m[0;32;32m1970-01-04 05:08:39.626|I|1184141422|lpUCM [fds.cpp:FDS_OnLocalUpgProgress:248] total: 23, curr:21, percent:21, rop:87%
[m[0;32;32m1970-01-04 05:08:39.888|I|1184141422|lpUCM [fds.cpp:FDS_OnLocalUpgProgress:248] total: 23, curr:21, percent:22, rop:87%
[m[0;32;32m1970-01-04 05:08:40.88|I|1184141422|lpUCM [fds.cpp:FDS_OnLocalUpgProgress:248] total: 23, curr:21, percent:23, rop:87%
[m[0;32;32m1970-01-04 05:08:40.371|I|1184141422|lpUCM [fds.cpp:FDS_OnLocalUpgProgress:248] total: 23, curr:21, percent:24, rop:88%
[m[0;32;32m1970-01-04 05:08:40.436|I|1184141422|lpUCM [fds.cpp:FDS_OnLocalUpgProgress:248] total: 23, curr:21, percent:25, rop:88%
[m[0;32;32m1970-01-04 05:08:40.560|I|1184141422|lpUCM [fds.cpp:FDS_OnLocalUpgProgress:248] total: 23, curr:21, percent:26, rop:88%
[m[0;32;32m1970-01-04 05:08:40.785|I|1184141422|lpUCM [fds.cpp:FDS_OnLocalUpgProgress:248] total: 23, curr:21, percent:27, rop:88%
[m[0;32;32m1970-01-04 05:08:41.8|I|1184141422|lpUCM [fds.cpp:FDS_OnLocalUpgProgress:248] total: 23, curr:21, percent:28, rop:88%
[m[0;32;32m1970-01-04 05:08:41.202|I|1184141422|lpUCM [fds.cpp:FDS_OnLocalUpgProgress:248] total: 23, curr:21, percent:29, rop:88%
[m[0;32;32m1970-01-04 05:08:41.381|I|1184141422|lpUCM [fds.cpp:FDS_OnLocalUpgProgress:248] total: 23, curr:21, percent:30, rop:88%
[m[0;32;32m1970-01-04 05:08:41.567|I|1184141422|lpUCM [fds.cpp:FDS_OnLocalUpgProgress:248] total: 23, curr:21, percent:31, rop:88%
[m[0;32;32m1970-01-04 05:08:41.798|I|1184141422|lpUCM [fds.cpp:FDS_OnLocalUpgProgress:248] total: 23, curr:21, percent:32, rop:88%
[m[0;32;32m1970-01-04 05:08:42.112|I|1184141422|lpUCM [fds.cpp:FDS_OnLocalUpgProgress:248] total: 23, curr:21, percent:33, rop:88%
[m[0;32;32m1970-01-04 05:08:42.367|I|1184141422|lpUCM [fds.cpp:FDS_OnLocalUpgProgress:248] total: 23, curr:21, percent:34, rop:88%
[m[0;32;32m1970-01-04 05:08:42.578|I|1184141422|lpUCM [fds.cpp:FDS_OnLocalUpgProgress:248] total: 23, curr:21, percent:35, rop:88%
[m[0;32;32m1970-01-04 05:08:42.809|I|1184141422|lpUCM [fds.cpp:FDS_OnLocalUpgProgress:248] total: 23, curr:21, percent:36, rop:88%
[m[0;32;32m1970-01-04 05:08:42.993|I|1184141422|lpUCM [fds.cpp:FDS_OnLocalUpgProgress:248] total: 23, curr:21, percent:37, rop:88%
[m[0;32;32m1970-01-04 05:08:43.210|I|1184141422|lpUCM [fds.cpp:FDS_OnLocalUpgProgress:248] total: 23, curr:21, percent:38, rop:88%
[m[0;32;32m1970-01-04 05:08:43.418|I|1184141422|lpUCM [fds.cpp:FDS_OnLocalUpgProgress:248] total: 23, curr:21, percent:39, rop:88%
[m[0;32;32m1970-01-04 05:08:43.634|I|1184141422|lpUCM [fds.cpp:FDS_OnLocalUpgProgress:248] total: 23, curr:21, percent:40, rop:88%
[m[0;32;32m1970-01-04 05:08:43.866|I|1184141422|lpUCM [fds.cpp:FDS_OnLocalUpgProgress:248] total: 23, curr:21, percent:41, rop:88%
[m[0;32;32m1970-01-04 05:08:44.120|I|1184141422|lpUCM [fds.cpp:FDS_OnLocalUpgProgress:248] total: 23, curr:21, percent:42, rop:88%
[m[0;32;32m1970-01-04 05:08:44.290|I|1184141422|lpUCM [fds.cpp:FDS_OnLocalUpgProgress:248] total: 23, curr:21, percent:43, rop:88%
[m[0;32;32m1970-01-04 05:08:44.500|I|1184141422|lpUCM [fds.cpp:FDS_OnLocalUpgProgress:248] total: 23, curr:21, percent:44, rop:88%
[m[0;32;32m1970-01-04 05:08:44.743|I|1184141422|lpUCM [fds.cpp:FDS_OnLocalUpgProgress:248] total: 23, curr:21, percent:45, rop:88%
[m[0;32;32m1970-01-04 05:08:45.0|I|1184141422|lpUCM [fds.cpp:FDS_OnLocalUpgProgress:248] total: 23, curr:21, percent:46, rop:88%
[m[0;32;32m1970-01-04 05:08:45.206|I|1184141422|lpUCM [fds.cpp:FDS_OnLocalUpgProgress:248] total: 23, curr:21, percent:47, rop:89%
[m[0;32;32m1970-01-04 05:08:45.376|I|1184141422|lpUCM [fds.cpp:FDS_OnLocalUpgProgress:248] total: 23, curr:21, percent:48, rop:89%
[m[0;32;32m1970-01-04 05:08:45.594|I|1184141422|lpUCM [fds.cpp:FDS_OnLocalUpgProgress:248] total: 23, curr:21, percent:49, rop:89%
[m[0;32;32m1970-01-04 05:09:12.460|I|1184141422|lpUCM [fds.cpp:FDS_OnLocalUpgProgress:248] total: 23, curr:21, percent:50, rop:89%
[m[0;32;32m1970-01-04 05:09:12.588|I|1184141422|lpUCM [handler.c:FDS_idhExtractFile:234] CPIO extract success
[m[0;32;32m1970-01-04 05:09:12.588|I|1184141422|lpUCM [fds.cpp:FDS_OnLocalUpgProgress:248] total: 23, curr:21, percent:100, rop:91%
[m[1;33m1970-01-04 05:09:12.588|W|1184141422|lpUCM [scm.c:FDS_scmDeployImages:443] deploy [21st] success:system.xfs.gz
[m[1;33m1970-01-04 05:09:12.588|W|1184141422|lpUCM [scm.c:FDS_scmDeployImages:435] start [22st] deploy:autosarsailsw1.elf
[m[0;32;32m1970-01-04 05:09:12.588|I|1184141422|lpUCM [fds.cpp:FDS_OnLocalUpgProgress:248] total: 23, curr:22, percent:0, rop:91%
[m[0;32;32m1970-01-04 05:09:12.588|I|1184141422|lpUCM [handler.c:FDS_idhFindDesc:79] find time 1, name sail_sw, handler_name = raw
[m[0;32;32m1970-01-04 05:09:12.588|I|1184141422|lpUCM [handler.c:FDS_idhFindDesc:79] find time 2, name sail_sw, handler_name = sail_sw
[m[0;32;32m1970-01-04 05:09:12.588|I|1184141422|lpUCM [handler.c:FDS_idhFindDesc:94] find handler sail_sw, type = 0
[m[0;32;32m1970-01-04 05:09:12.588|I|1184141422|lpUCM [handler.c:FDS_idhFindDesc:79] find time 1, name sail_sw, handler_name = raw
[m[0;32;32m1970-01-04 05:09:12.588|I|1184141422|lpUCM [handler.c:FDS_idhFindDesc:79] find time 2, name sail_sw, handler_name = sail_sw
[m[0;32;32m1970-01-04 05:09:12.588|I|1184141422|lpUCM [handler.c:FDS_idhFindDesc:94] find handler sail_sw, type = 0
[m[1;33m1970-01-04 05:09:12.588|W|1184141422|lpUCM [RemoteSails.cpp:FDS_idhSail:304] StartRCoreUpgrade
[m[1;33m1970-01-04 05:09:12.588|W|1184141422|lpUCM [RemoteSails.cpp:SendWithRetry:185] Successfully wrote 33 bytes
[m[0;32;32m1970-01-04 05:09:12.591|I|1184141422|lpUCM [RemoteSails.cpp:HandleResponse:149] HandleResponse started, buffer size: 1048
[m[0;32;32m1970-01-04 05:09:12.591|I|1184141422|lpUCM [RemoteSails.cpp:HandleResponse:158] Successfully deserialized response, status: 0, result code: 0
[m[0;32;32m1970-01-04 05:09:12.591|I|1184141422|lpUCM [fds.cpp:FDS_OnLocalUpgProgress:248] total: 23, curr:22, percent:12, rop:91%
[m[1;33m1970-01-04 05:09:12.591|W|1184141422|lpUCM [RemoteSails.cpp:FDS_idhSail:314] SailWriteData
[m[0;32;32m1970-01-04 05:09:12.591|I|1184141422|lpUCM [RemoteSails.cpp:SailWriteData:254] total data is 16384
[m[0;32;31m1970-01-04 05:09:12.591|E|1184141422|lpUCM [IpccProtoMessage.cpp:SerializeParams:112] m_offset, 0
[m[1;33m1970-01-04 05:09:12.591|W|1184141422|lpUCM [RemoteSails.cpp:SendWithRetry:185] Successfully wrote 1052 bytes
[m[0;32;32m1970-01-04 05:09:12.624|I|1184141422|lpUCM [RemoteSails.cpp:HandleResponse:149] HandleResponse started, buffer size: 1048
[m[0;32;32m1970-01-04 05:09:12.624|I|1184141422|lpUCM [RemoteSails.cpp:HandleResponse:158] Successfully deserialized response, status: 0, result code: 0
[m[0;32;31m1970-01-04 05:09:12.624|E|1184141422|lpUCM [IpccProtoMessage.cpp:SerializeParams:112] m_offset, 1024
[m[1;33m1970-01-04 05:09:12.624|W|1184141422|lpUCM [RemoteSails.cpp:SendWithRetry:185] Successfully wrote 1052 bytes
[m[0;32;32m1970-01-04 05:09:12.627|I|1184141422|lpUCM [RemoteSails.cpp:HandleResponse:149] HandleResponse started, buffer size: 1048
[m[0;32;32m1970-01-04 05:09:12.627|I|1184141422|lpUCM [RemoteSails.cpp:HandleResponse:158] Successfully deserialized response, status: 0, result code: 0
[m[0;32;31m1970-01-04 05:09:12.627|E|1184141422|lpUCM [IpccProtoMessage.cpp:SerializeParams:112] m_offset, 2048
[m[1;33m1970-01-04 05:09:12.627|W|1184141422|lpUCM [RemoteSails.cpp:SendWithRetry:185] Successfully wrote 1052 bytes
[m[0;32;32m1970-01-04 05:09:12.630|I|1184141422|lpUCM [RemoteSails.cpp:HandleResponse:149] HandleResponse started, buffer size: 1048
[m[0;32;32m1970-01-04 05:09:12.630|I|1184141422|lpUCM [RemoteSails.cpp:HandleResponse:158] Successfully deserialized response, status: 0, result code: 0
[m[0;32;31m1970-01-04 05:09:12.630|E|1184141422|lpUCM [IpccProtoMessage.cpp:SerializeParams:112] m_offset, 3072
[m[1;33m1970-01-04 05:09:12.630|W|1184141422|lpUCM [RemoteSails.cpp:SendWithRetry:185] Successfully wrote 1052 bytes
[m[0;32;32m1970-01-04 05:09:12.633|I|1184141422|lpUCM [RemoteSails.cpp:HandleResponse:149] HandleResponse started, buffer size: 1048
[m[0;32;32m1970-01-04 05:09:12.633|I|1184141422|lpUCM [RemoteSails.cpp:HandleResponse:158] Successfully deserialized response, status: 0, result code: 0
[m[0;32;31m1970-01-04 05:09:12.633|E|1184141422|lpUCM [IpccProtoMessage.cpp:SerializeParams:112] m_offset, 4096
[m[1;33m1970-01-04 05:09:12.633|W|1184141422|lpUCM [RemoteSails.cpp:SendWithRetry:185] Successfully wrote 1052 bytes
[m[0;32;32m1970-01-04 05:09:12.669|I|1184141422|lpUCM [RemoteSails.cpp:HandleResponse:149] HandleResponse started, buffer size: 1048
[m[0;32;32m1970-01-04 05:09:12.669|I|1184141422|lpUCM [RemoteSails.cpp:HandleResponse:158] Successfully deserialized response, status: 0, result code: 0
[m[0;32;31m1970-01-04 05:09:12.669|E|1184141422|lpUCM [IpccProtoMessage.cpp:SerializeParams:112] m_offset, 5120
[m[1;33m1970-01-04 05:09:12.669|W|1184141422|lpUCM [RemoteSails.cpp:SendWithRetry:185] Successfully wrote 1052 bytes
[m[0;32;32m1970-01-04 05:09:12.675|I|1184141422|lpUCM [RemoteSails.cpp:HandleResponse:149] HandleResponse started, buffer size: 1048
[m[0;32;32m1970-01-04 05:09:12.675|I|1184141422|lpUCM [RemoteSails.cpp:HandleResponse:158] Successfully deserialized response, status: 0, result code: 0
[m[0;32;31m1970-01-04 05:09:12.675|E|1184141422|lpUCM [IpccProtoMessage.cpp:SerializeParams:112] m_offset, 6144
[m[1;33m1970-01-04 05:09:12.675|W|1184141422|lpUCM [RemoteSails.cpp:SendWithRetry:185] Successfully wrote 1052 bytes
[m[0;32;32m1970-01-04 05:09:12.678|I|1184141422|lpUCM [RemoteSails.cpp:HandleResponse:149] HandleResponse started, buffer size: 1048
[m[0;32;32m1970-01-04 05:09:12.678|I|1184141422|lpUCM [RemoteSails.cpp:HandleResponse:158] Successfully deserialized response, status: 0, result code: 0
[m[0;32;31m1970-01-04 05:09:12.678|E|1184141422|lpUCM [IpccProtoMessage.cpp:SerializeParams:112] m_offset, 7168
[m[1;33m1970-01-04 05:09:12.678|W|1184141422|lpUCM [RemoteSails.cpp:SendWithRetry:185] Successfully wrote 1052 bytes
[m[0;32;32m1970-01-04 05:09:12.684|I|1184141422|lpUCM [RemoteSails.cpp:HandleResponse:149] HandleResponse started, buffer size: 1048
[m[0;32;32m1970-01-04 05:09:12.684|I|1184141422|lpUCM [RemoteSails.cpp:HandleResponse:158] Successfully deserialized response, status: 0, result code: 0
[m[0;32;31m1970-01-04 05:09:12.684|E|1184141422|lpUCM [IpccProtoMessage.cpp:SerializeParams:112] m_offset, 8192
[m[1;33m1970-01-04 05:09:12.684|W|1184141422|lpUCM [RemoteSails.cpp:SendWithRetry:185] Successfully wrote 1052 bytes
[m[0;32;32m1970-01-04 05:09:12.721|I|1184141422|lpUCM [RemoteSails.cpp:HandleResponse:149] HandleResponse started, buffer size: 1048
[m[0;32;32m1970-01-04 05:09:12.721|I|1184141422|lpUCM [RemoteSails.cpp:HandleResponse:158] Successfully deserialized response, status: 0, result code: 0
[m[0;32;31m1970-01-04 05:09:12.721|E|1184141422|lpUCM [IpccProtoMessage.cpp:SerializeParams:112] m_offset, 9216
[m[1;33m1970-01-04 05:09:12.721|W|1184141422|lpUCM [RemoteSails.cpp:SendWithRetry:185] Successfully wrote 1052 bytes
[m[0;32;32m1970-01-04 05:09:12.725|I|1184141422|lpUCM [RemoteSails.cpp:HandleResponse:149] HandleResponse started, buffer size: 1048
[m[0;32;32m1970-01-04 05:09:12.725|I|1184141422|lpUCM [RemoteSails.cpp:HandleResponse:158] Successfully deserialized response, status: 0, result code: 0
[m[0;32;31m1970-01-04 05:09:12.725|E|1184141422|lpUCM [IpccProtoMessage.cpp:SerializeParams:112] m_offset, 10240
[m[1;33m1970-01-04 05:09:12.725|W|1184141422|lpUCM [RemoteSails.cpp:SendWithRetry:185] Successfully wrote 1052 bytes
[m[0;32;32m1970-01-04 05:09:12.729|I|1184141422|lpUCM [RemoteSails.cpp:HandleResponse:149] HandleResponse started, buffer size: 1048
[m[0;32;32m1970-01-04 05:09:12.729|I|1184141422|lpUCM [RemoteSails.cpp:HandleResponse:158] Successfully deserialized response, status: 0, result code: 0
[m[0;32;31m1970-01-04 05:09:12.729|E|1184141422|lpUCM [IpccProtoMessage.cpp:SerializeParams:112] m_offset, 11264
[m[1;33m1970-01-04 05:09:12.729|W|1184141422|lpUCM [RemoteSails.cpp:SendWithRetry:185] Successfully wrote 1052 bytes
[m[0;32;32m1970-01-04 05:09:12.733|I|1184141422|lpUCM [RemoteSails.cpp:HandleResponse:149] HandleResponse started, buffer size: 1048
[m[0;32;32m1970-01-04 05:09:12.733|I|1184141422|lpUCM [RemoteSails.cpp:HandleResponse:158] Successfully deserialized response, status: 0, result code: 0
[m[0;32;31m1970-01-04 05:09:12.733|E|1184141422|lpUCM [IpccProtoMessage.cpp:SerializeParams:112] m_offset, 12288
[m[1;33m1970-01-04 05:09:12.733|W|1184141422|lpUCM [RemoteSails.cpp:SendWithRetry:185] Successfully wrote 1052 bytes
[m[0;32;32m1970-01-04 05:09:12.765|I|1184141422|lpUCM [RemoteSails.cpp:HandleResponse:149] HandleResponse started, buffer size: 1048
[m[0;32;32m1970-01-04 05:09:12.765|I|1184141422|lpUCM [RemoteSails.cpp:HandleResponse:158] Successfully deserialized response, status: 0, result code: 0
[m[0;32;31m1970-01-04 05:09:12.765|E|1184141422|lpUCM [IpccProtoMessage.cpp:SerializeParams:112] m_offset, 13312
[m[1;33m1970-01-04 05:09:12.765|W|1184141422|lpUCM [RemoteSails.cpp:SendWithRetry:185] Successfully wrote 1052 bytes
[m[0;32;32m1970-01-04 05:09:12.768|I|1184141422|lpUCM [RemoteSails.cpp:HandleResponse:149] HandleResponse started, buffer size: 1048
[m[0;32;32m1970-01-04 05:09:12.768|I|1184141422|lpUCM [RemoteSails.cpp:HandleResponse:158] Successfully deserialized response, status: 0, result code: 0
[m[0;32;31m1970-01-04 05:09:12.768|E|1184141422|lpUCM [IpccProtoMessage.cpp:SerializeParams:112] m_offset, 14336
[m[1;33m1970-01-04 05:09:12.768|W|1184141422|lpUCM [RemoteSails.cpp:SendWithRetry:185] Successfully wrote 1052 bytes
[m[0;32;32m1970-01-04 05:09:12.775|I|1184141422|lpUCM [RemoteSails.cpp:HandleResponse:149] HandleResponse started, buffer size: 1048
[m[0;32;32m1970-01-04 05:09:12.775|I|1184141422|lpUCM [RemoteSails.cpp:HandleResponse:158] Successfully deserialized response, status: 0, result code: 0
[m[0;32;31m1970-01-04 05:09:12.775|E|1184141422|lpUCM [IpccProtoMessage.cpp:SerializeParams:112] m_offset, 15360
[m[1;33m1970-01-04 05:09:12.775|W|1184141422|lpUCM [RemoteSails.cpp:SendWithRetry:185] Successfully wrote 1052 bytes
[m[0;32;32m1970-01-04 05:09:12.778|I|1184141422|lpUCM [RemoteSails.cpp:HandleResponse:149] HandleResponse started, buffer size: 1048
[m[0;32;32m1970-01-04 05:09:12.778|I|1184141422|lpUCM [RemoteSails.cpp:HandleResponse:158] Successfully deserialized response, status: 0, result code: 0
[m[0;32;32m1970-01-04 05:09:12.778|I|1184141422|lpUCM [RemoteSails.cpp:SailWriteData:272] All data already trans size 16384
[m[0;32;32m1970-01-04 05:09:12.778|I|1184141422|lpUCM [fds.cpp:FDS_OnLocalUpgProgress:248] total: 23, curr:22, percent:13, rop:91%
[m[0;32;32m1970-01-04 05:09:12.779|I|1184141422|lpUCM [RemoteSails.cpp:SailWriteData:254] total data is 16384
[m[0;32;31m1970-01-04 05:09:12.779|E|1184141422|lpUCM [IpccProtoMessage.cpp:SerializeParams:112] m_offset, 16384
[m[1;33m1970-01-04 05:09:12.779|W|1184141422|lpUCM [RemoteSails.cpp:SendWithRetry:185] Successfully wrote 1052 bytes
[m[0;32;32m1970-01-04 05:09:12.813|I|1184141422|lpUCM [RemoteSails.cpp:HandleResponse:149] HandleResponse started, buffer size: 1048
[m[0;32;32m1970-01-04 05:09:12.813|I|1184141422|lpUCM [RemoteSails.cpp:HandleResponse:158] Successfully deserialized response, status: 0, result code: 0
[m[0;32;31m1970-01-04 05:09:12.813|E|1184141422|lpUCM [IpccProtoMessage.cpp:SerializeParams:112] m_offset, 17408
[m[1;33m1970-01-04 05:09:12.813|W|1184141422|lpUCM [RemoteSails.cpp:SendWithRetry:185] Successfully wrote 1052 bytes
[m[0;32;32m1970-01-04 05:09:12.816|I|1184141422|lpUCM [RemoteSails.cpp:HandleResponse:149] HandleResponse started, buffer size: 1048
[m[0;32;32m1970-01-04 05:09:12.816|I|1184141422|lpUCM [RemoteSails.cpp:HandleResponse:158] Successfully deserialized response, status: 0, result code: 0
[m[0;32;31m1970-01-04 05:09:12.816|E|1184141422|lpUCM [IpccProtoMessage.cpp:SerializeParams:112] m_offset, 18432
[m[1;33m1970-01-04 05:09:12.816|W|1184141422|lpUCM [RemoteSails.cpp:SendWithRetry:185] Successfully wrote 1052 bytes
[m[0;32;32m1970-01-04 05:09:12.819|I|1184141422|lpUCM [RemoteSails.cpp:HandleResponse:149] HandleResponse started, buffer size: 1048
[m[0;32;32m1970-01-04 05:09:12.819|I|1184141422|lpUCM [RemoteSails.cpp:HandleResponse:158] Successfully deserialized response, status: 0, result code: 0
[m[0;32;31m1970-01-04 05:09:12.819|E|1184141422|lpUCM [IpccProtoMessage.cpp:SerializeParams:112] m_offset, 19456
[m[1;33m1970-01-04 05:09:12.819|W|1184141422|lpUCM [RemoteSails.cpp:SendWithRetry:185] Successfully wrote 1052 bytes
[m[0;32;32m1970-01-04 05:09:12.825|I|1184141422|lpUCM [RemoteSails.cpp:HandleResponse:149] HandleResponse started, buffer size: 1048
[m[0;32;32m1970-01-04 05:09:12.825|I|1184141422|lpUCM [RemoteSails.cpp:HandleResponse:158] Successfully deserialized response, status: 0, result code: 0
[m[0;32;31m1970-01-04 05:09:12.825|E|1184141422|lpUCM [IpccProtoMessage.cpp:SerializeParams:112] m_offset, 20480
[m[1;33m1970-01-04 05:09:12.825|W|1184141422|lpUCM [RemoteSails.cpp:SendWithRetry:185] Successfully wrote 1052 bytes
[m[0;32;32m1970-01-04 05:09:12.858|I|1184141422|lpUCM [RemoteSails.cpp:HandleResponse:149] HandleResponse started, buffer size: 1048
[m[0;32;32m1970-01-04 05:09:12.858|I|1184141422|lpUCM [RemoteSails.cpp:HandleResponse:158] Successfully deserialized response, status: 0, result code: 0
[m[0;32;31m1970-01-04 05:09:12.858|E|1184141422|lpUCM [IpccProtoMessage.cpp:SerializeParams:112] m_offset, 21504
[m[1;33m1970-01-04 05:09:12.858|W|1184141422|lpUCM [RemoteSails.cpp:SendWithRetry:185] Successfully wrote 1052 bytes
[m[0;32;32m1970-01-04 05:09:12.864|I|1184141422|lpUCM [RemoteSails.cpp:HandleResponse:149] HandleResponse started, buffer size: 1048
[m[0;32;32m1970-01-04 05:09:12.864|I|1184141422|lpUCM [RemoteSails.cpp:HandleResponse:158] Successfully deserialized response, status: 0, result code: 0
[m[0;32;31m1970-01-04 05:09:12.864|E|1184141422|lpUCM [IpccProtoMessage.cpp:SerializeParams:112] m_offset, 22528
[m[1;33m1970-01-04 05:09:12.864|W|1184141422|lpUCM [RemoteSails.cpp:SendWithRetry:185] Successfully wrote 1052 bytes
[m[0;32;32m1970-01-04 05:09:12.867|I|1184141422|lpUCM [RemoteSails.cpp:HandleResponse:149] HandleResponse started, buffer size: 1048
[m[0;32;32m1970-01-04 05:09:12.867|I|1184141422|lpUCM [RemoteSails.cpp:HandleResponse:158] Successfully deserialized response, status: 0, result code: 0
[m[0;32;31m1970-01-04 05:09:12.867|E|1184141422|lpUCM [IpccProtoMessage.cpp:SerializeParams:112] m_offset, 23552
[m[1;33m1970-01-04 05:09:12.867|W|1184141422|lpUCM [RemoteSails.cpp:SendWithRetry:185] Successfully wrote 1052 bytes
[m[0;32;32m1970-01-04 05:09:12.870|I|1184141422|lpUCM [RemoteSails.cpp:HandleResponse:149] HandleResponse started, buffer size: 1048
[m[0;32;32m1970-01-04 05:09:12.870|I|1184141422|lpUCM [RemoteSails.cpp:HandleResponse:158] Successfully deserialized response, status: 0, result code: 0
[m[0;32;31m1970-01-04 05:09:12.870|E|1184141422|lpUCM [IpccProtoMessage.cpp:SerializeParams:112] m_offset, 24576
[m[1;33m1970-01-04 05:09:12.870|W|1184141422|lpUCM [RemoteSails.cpp:SendWithRetry:185] Successfully wrote 1052 bytes
[m[0;32;32m1970-01-04 05:09:12.906|I|1184141422|lpUCM [RemoteSails.cpp:HandleResponse:149] HandleResponse started, buffer size: 1048
[m[0;32;32m1970-01-04 05:09:12.906|I|1184141422|lpUCM [RemoteSails.cpp:HandleResponse:158] Successfully deserialized response, status: 0, result code: 0
[m[0;32;31m1970-01-04 05:09:12.906|E|1184141422|lpUCM [IpccProtoMessage.cpp:SerializeParams:112] m_offset, 25600
[m[1;33m1970-01-04 05:09:12.906|W|1184141422|lpUCM [RemoteSails.cpp:SendWithRetry:185] Successfully wrote 1052 bytes
[m[0;32;32m1970-01-04 05:09:12.909|I|1184141422|lpUCM [RemoteSails.cpp:HandleResponse:149] HandleResponse started, buffer size: 1048
[m[0;32;32m1970-01-04 05:09:12.909|I|1184141422|lpUCM [RemoteSails.cpp:HandleResponse:158] Successfully deserialized response, status: 0, result code: 0
[m[0;32;31m1970-01-04 05:09:12.909|E|1184141422|lpUCM [IpccProtoMessage.cpp:SerializeParams:112] m_offset, 26624
[m[1;33m1970-01-04 05:09:12.909|W|1184141422|lpUCM [RemoteSails.cpp:SendWithRetry:185] Successfully wrote 1052 bytes
[m[0;32;32m1970-01-04 05:09:12.915|I|1184141422|lpUCM [RemoteSails.cpp:HandleResponse:149] HandleResponse started, buffer size: 1048
[m[0;32;32m1970-01-04 05:09:12.915|I|1184141422|lpUCM [RemoteSails.cpp:HandleResponse:158] Successfully deserialized response, status: 0, result code: 0
[m[0;32;31m1970-01-04 05:09:12.915|E|1184141422|lpUCM [IpccProtoMessage.cpp:SerializeParams:112] m_offset, 27648
[m[1;33m1970-01-04 05:09:12.915|W|1184141422|lpUCM [RemoteSails.cpp:SendWithRetry:185] Successfully wrote 1052 bytes
[m[0;32;32m1970-01-04 05:09:12.919|I|1184141422|lpUCM [RemoteSails.cpp:HandleResponse:149] HandleResponse started, buffer size: 1048
[m[0;32;32m1970-01-04 05:09:12.919|I|1184141422|lpUCM [RemoteSails.cpp:HandleResponse:158] Successfully deserialized response, status: 0, result code: 0
[m[0;32;31m1970-01-04 05:09:12.919|E|1184141422|lpUCM [IpccProtoMessage.cpp:SerializeParams:112] m_offset, 28672
[m[1;33m1970-01-04 05:09:12.919|W|1184141422|lpUCM [RemoteSails.cpp:SendWithRetry:185] Successfully wrote 1052 bytes
[m[0;32;32m1970-01-04 05:09:12.954|I|1184141422|lpUCM [RemoteSails.cpp:HandleResponse:149] HandleResponse started, buffer size: 1048
[m[0;32;32m1970-01-04 05:09:12.954|I|1184141422|lpUCM [RemoteSails.cpp:HandleResponse:158] Successfully deserialized response, status: 0, result code: 0
[m[0;32;31m1970-01-04 05:09:12.954|E|1184141422|lpUCM [IpccProtoMessage.cpp:SerializeParams:112] m_offset, 29696
[m[1;33m1970-01-04 05:09:12.954|W|1184141422|lpUCM [RemoteSails.cpp:SendWithRetry:185] Successfully wrote 1052 bytes
[m[0;32;32m1970-01-04 05:09:12.957|I|1184141422|lpUCM [RemoteSails.cpp:HandleResponse:149] HandleResponse started, buffer size: 1048
[m[0;32;32m1970-01-04 05:09:12.957|I|1184141422|lpUCM [RemoteSails.cpp:HandleResponse:158] Successfully deserialized response, status: 0, result code: 0
[m[0;32;31m1970-01-04 05:09:12.957|E|1184141422|lpUCM [IpccProtoMessage.cpp:SerializeParams:112] m_offset, 30720
[m[1;33m1970-01-04 05:09:12.957|W|1184141422|lpUCM [RemoteSails.cpp:SendWithRetry:185] Successfully wrote 1052 bytes
[m[0;32;32m1970-01-04 05:09:12.961|I|1184141422|lpUCM [RemoteSails.cpp:HandleResponse:149] HandleResponse started, buffer size: 1048
[m[0;32;32m1970-01-04 05:09:12.961|I|1184141422|lpUCM [RemoteSails.cpp:HandleResponse:158] Successfully deserialized response, status: 0, result code: 0
[m[0;32;31m1970-01-04 05:09:12.961|E|1184141422|lpUCM [IpccProtoMessage.cpp:SerializeParams:112] m_offset, 31744
[m[1;33m1970-01-04 05:09:12.961|W|1184141422|lpUCM [RemoteSails.cpp:SendWithRetry:185] Successfully wrote 1052 bytes
[m[0;32;32m1970-01-04 05:09:12.964|I|1184141422|lpUCM [RemoteSails.cpp:HandleResponse:149] HandleResponse started, buffer size: 1048
[m[0;32;32m1970-01-04 05:09:12.964|I|1184141422|lpUCM [RemoteSails.cpp:HandleResponse:158] Successfully deserialized response, status: 0, result code: 0
[m[0;32;32m1970-01-04 05:09:12.964|I|1184141422|lpUCM [RemoteSails.cpp:SailWriteData:272] All data already trans size 16384
[m[0;32;32m1970-01-04 05:09:12.964|I|1184141422|lpUCM [fds.cpp:FDS_OnLocalUpgProgress:248] total: 23, curr:22, percent:14, rop:91%
[m[0;32;32m1970-01-04 05:09:12.964|I|1184141422|lpUCM [RemoteSails.cpp:SailWriteData:254] total data is 16384
[m[0;32;31m1970-01-04 05:09:12.964|E|1184141422|lpUCM [IpccProtoMessage.cpp:SerializeParams:112] m_offset, 32768
[m[1;33m1970-01-04 05:09:12.964|W|1184141422|lpUCM [RemoteSails.cpp:SendWithRetry:185] Successfully wrote 1052 bytes
[m[0;32;32m1970-01-04 05:09:12.997|I|1184141422|lpUCM [RemoteSails.cpp:HandleResponse:149] HandleResponse started, buffer size: 1048
[m[0;32;32m1970-01-04 05:09:12.997|I|1184141422|lpUCM [RemoteSails.cpp:HandleResponse:158] Successfully deserialized response, status: 0, result code: 0
[m[0;32;31m1970-01-04 05:09:12.997|E|1184141422|lpUCM [IpccProtoMessage.cpp:SerializeParams:112] m_offset, 33792
[m[1;33m1970-01-04 05:09:12.997|W|1184141422|lpUCM [RemoteSails.cpp:SendWithRetry:185] Successfully wrote 1052 bytes
[m[0;32;32m1970-01-04 05:09:13.3|I|1184141422|lpUCM [RemoteSails.cpp:HandleResponse:149] HandleResponse started, buffer size: 1048
[m[0;32;32m1970-01-04 05:09:13.3|I|1184141422|lpUCM [RemoteSails.cpp:HandleResponse:158] Successfully deserialized response, status: 0, result code: 0
[m[0;32;31m1970-01-04 05:09:13.3|E|1184141422|lpUCM [IpccProtoMessage.cpp:SerializeParams:112] m_offset, 34816
[m[1;33m1970-01-04 05:09:13.3|W|1184141422|lpUCM [RemoteSails.cpp:SendWithRetry:185] Successfully wrote 1052 bytes
[m[0;32;32m1970-01-04 05:09:13.6|I|1184141422|lpUCM [RemoteSails.cpp:HandleResponse:149] HandleResponse started, buffer size: 1048
[m[0;32;32m1970-01-04 05:09:13.6|I|1184141422|lpUCM [RemoteSails.cpp:HandleResponse:158] Successfully deserialized response, status: 0, result code: 0
[m[0;32;31m1970-01-04 05:09:13.6|E|1184141422|lpUCM [IpccProtoMessage.cpp:SerializeParams:112] m_offset, 35840
[m[1;33m1970-01-04 05:09:13.6|W|1184141422|lpUCM [RemoteSails.cpp:SendWithRetry:185] Successfully wrote 1052 bytes
[m[0;32;32m1970-01-04 05:09:13.9|I|1184141422|lpUCM [RemoteSails.cpp:HandleResponse:149] HandleResponse started, buffer size: 1048
[m[0;32;32m1970-01-04 05:09:13.9|I|1184141422|lpUCM [RemoteSails.cpp:HandleResponse:158] Successfully deserialized response, status: 0, result code: 0
[m[0;32;31m1970-01-04 05:09:13.9|E|1184141422|lpUCM [IpccProtoMessage.cpp:SerializeParams:112] m_offset, 36864
[m[1;33m1970-01-04 05:09:13.9|W|1184141422|lpUCM [RemoteSails.cpp:SendWithRetry:185] Successfully wrote 1052 bytes
[m[0;32;32m1970-01-04 05:09:13.42|I|1184141422|lpUCM [RemoteSails.cpp:HandleResponse:149] HandleResponse started, buffer size: 1048
[m[0;32;32m1970-01-04 05:09:13.42|I|1184141422|lpUCM [RemoteSails.cpp:HandleResponse:158] Successfully deserialized response, status: 0, result code: 0
[m[0;32;31m1970-01-04 05:09:13.42|E|1184141422|lpUCM [IpccProtoMessage.cpp:SerializeParams:112] m_offset, 37888
[m[1;33m1970-01-04 05:09:13.42|W|1184141422|lpUCM [RemoteSails.cpp:SendWithRetry:185] Successfully wrote 1052 bytes
[m[0;32;32m1970-01-04 05:09:13.45|I|1184141422|lpUCM [RemoteSails.cpp:HandleResponse:149] HandleResponse started, buffer size: 1048
[m[0;32;32m1970-01-04 05:09:13.45|I|1184141422|lpUCM [RemoteSails.cpp:HandleResponse:158] Successfully deserialized response, status: 0, result code: 0
[m[0;32;31m1970-01-04 05:09:13.45|E|1184141422|lpUCM [IpccProtoMessage.cpp:SerializeParams:112] m_offset, 38912
[m[1;33m1970-01-04 05:09:13.45|W|1184141422|lpUCM [RemoteSails.cpp:SendWithRetry:185] Successfully wrote 1052 bytes
[m[0;32;32m1970-01-04 05:09:13.48|I|1184141422|lpUCM [RemoteSails.cpp:HandleResponse:149] HandleResponse started, buffer size: 1048
[m[0;32;32m1970-01-04 05:09:13.48|I|1184141422|lpUCM [RemoteSails.cpp:HandleResponse:158] Successfully deserialized response, status: 0, result code: 0
[m[0;32;31m1970-01-04 05:09:13.48|E|1184141422|lpUCM [IpccProtoMessage.cpp:SerializeParams:112] m_offset, 39936
[m[1;33m1970-01-04 05:09:13.48|W|1184141422|lpUCM [RemoteSails.cpp:SendWithRetry:185] Successfully wrote 1052 bytes
[m[0;32;32m1970-01-04 05:09:13.54|I|1184141422|lpUCM [RemoteSails.cpp:HandleResponse:149] HandleResponse started, buffer size: 1048
[m[0;32;32m1970-01-04 05:09:13.54|I|1184141422|lpUCM [RemoteSails.cpp:HandleResponse:158] Successfully deserialized response, status: 0, result code: 0
[m[0;32;31m1970-01-04 05:09:13.54|E|1184141422|lpUCM [IpccProtoMessage.cpp:SerializeParams:112] m_offset, 40960
[m[1;33m1970-01-04 05:09:13.54|W|1184141422|lpUCM [RemoteSails.cpp:SendWithRetry:185] Successfully wrote 1052 bytes
[m[0;32;32m1970-01-04 05:09:13.87|I|1184141422|lpUCM [RemoteSails.cpp:HandleResponse:149] HandleResponse started, buffer size: 1048
[m[0;32;32m1970-01-04 05:09:13.87|I|1184141422|lpUCM [RemoteSails.cpp:HandleResponse:158] Successfully deserialized response, status: 0, result code: 0
[m[0;32;31m1970-01-04 05:09:13.87|E|1184141422|lpUCM [IpccProtoMessage.cpp:SerializeParams:112] m_offset, 41984
[m[1;33m1970-01-04 05:09:13.87|W|1184141422|lpUCM [RemoteSails.cpp:SendWithRetry:185] Successfully wrote 1052 bytes
[m[0;32;32m1970-01-04 05:09:13.90|I|1184141422|lpUCM [RemoteSails.cpp:HandleResponse:149] HandleResponse started, buffer size: 1048
[m[0;32;32m1970-01-04 05:09:13.90|I|1184141422|lpUCM [RemoteSails.cpp:HandleResponse:158] Successfully deserialized response, status: 0, result code: 0
[m[0;32;31m1970-01-04 05:09:13.90|E|1184141422|lpUCM [IpccProtoMessage.cpp:SerializeParams:112] m_offset, 43008
[m[1;33m1970-01-04 05:09:13.90|W|1184141422|lpUCM [RemoteSails.cpp:SendWithRetry:185] Successfully wrote 1052 bytes
[m[0;32;32m1970-01-04 05:09:13.93|I|1184141422|lpUCM [RemoteSails.cpp:HandleResponse:149] HandleResponse started, buffer size: 1048
[m[0;32;32m1970-01-04 05:09:13.93|I|1184141422|lpUCM [RemoteSails.cpp:HandleResponse:158] Successfully deserialized response, status: 0, result code: 0
[m[0;32;31m1970-01-04 05:09:13.93|E|1184141422|lpUCM [IpccProtoMessage.cpp:SerializeParams:112] m_offset, 44032
[m[1;33m1970-01-04 05:09:13.93|W|1184141422|lpUCM [RemoteSails.cpp:SendWithRetry:185] Successfully wrote 1052 bytes
[m[0;32;32m1970-01-04 05:09:13.96|I|1184141422|lpUCM [RemoteSails.cpp:HandleResponse:149] HandleResponse started, buffer size: 1048
[m[0;32;32m1970-01-04 05:09:13.96|I|1184141422|lpUCM [RemoteSails.cpp:HandleResponse:158] Successfully deserialized response, status: 0, result code: 0
[m[0;32;31m1970-01-04 05:09:13.96|E|1184141422|lpUCM [IpccProtoMessage.cpp:SerializeParams:112] m_offset, 45056
[m[1;33m1970-01-04 05:09:13.96|W|1184141422|lpUCM [RemoteSails.cpp:SendWithRetry:185] Successfully wrote 1052 bytes
[m[0;32;32m1970-01-04 05:09:13.131|I|1184141422|lpUCM [RemoteSails.cpp:HandleResponse:149] HandleResponse started, buffer size: 1048
[m[0;32;32m1970-01-04 05:09:13.131|I|1184141422|lpUCM [RemoteSails.cpp:HandleResponse:158] Successfully deserialized response, status: 0, result code: 0
[m[0;32;31m1970-01-04 05:09:13.131|E|1184141422|lpUCM [IpccProtoMessage.cpp:SerializeParams:112] m_offset, 46080
[m[1;33m1970-01-04 05:09:13.131|W|1184141422|lpUCM [RemoteSails.cpp:SendWithRetry:185] Successfully wrote 1052 bytes
[m[0;32;32m1970-01-04 05:09:13.135|I|1184141422|lpUCM [RemoteSails.cpp:HandleResponse:149] HandleResponse started, buffer size: 1048
[m[0;32;32m1970-01-04 05:09:13.135|I|1184141422|lpUCM [RemoteSails.cpp:HandleResponse:158] Successfully deserialized response, status: 0, result code: 0
[m[0;32;31m1970-01-04 05:09:13.135|E|1184141422|lpUCM [IpccProtoMessage.cpp:SerializeParams:112] m_offset, 47104
[m[1;33m1970-01-04 05:09:13.135|W|1184141422|lpUCM [RemoteSails.cpp:SendWithRetry:185] Successfully wrote 1052 bytes
[m[0;32;32m1970-01-04 05:09:13.138|I|1184141422|lpUCM [RemoteSails.cpp:HandleResponse:149] HandleResponse started, buffer size: 1048
[m[0;32;32m1970-01-04 05:09:13.138|I|1184141422|lpUCM [RemoteSails.cpp:HandleResponse:158] Successfully deserialized response, status: 0, result code: 0
[m[0;32;31m1970-01-04 05:09:13.138|E|1184141422|lpUCM [IpccProtoMessage.cpp:SerializeParams:112] m_offset, 48128
[m[1;33m1970-01-04 05:09:13.138|W|1184141422|lpUCM [RemoteSails.cpp:SendWithRetry:185] Successfully wrote 1052 bytes
[m[0;32;32m1970-01-04 05:09:13.142|I|1184141422|lpUCM [RemoteSails.cpp:HandleResponse:149] HandleResponse started, buffer size: 1048
[m[0;32;32m1970-01-04 05:09:13.142|I|1184141422|lpUCM [RemoteSails.cpp:HandleResponse:158] Successfully deserialized response, status: 0, result code: 0
[m[0;32;32m1970-01-04 05:09:13.142|I|1184141422|lpUCM [RemoteSails.cpp:SailWriteData:272] All data already trans size 16384
[m[0;32;32m1970-01-04 05:09:13.142|I|1184141422|lpUCM [fds.cpp:FDS_OnLocalUpgProgress:248] total: 23, curr:22, percent:15, rop:91%
[m[0;32;32m1970-01-04 05:09:13.142|I|1184141422|lpUCM [RemoteSails.cpp:SailWriteData:254] total data is 16384
[m[0;32;31m1970-01-04 05:09:13.142|E|1184141422|lpUCM [IpccProtoMessage.cpp:SerializeParams:112] m_offset, 49152
[m[1;33m1970-01-04 05:09:13.142|W|1184141422|lpUCM [RemoteSails.cpp:SendWithRetry:185] Successfully wrote 1052 bytes
[m[0;32;32m1970-01-04 05:09:13.176|I|1184141422|lpUCM [RemoteSails.cpp:HandleResponse:149] HandleResponse started, buffer size: 1048
[m[0;32;32m1970-01-04 05:09:13.176|I|1184141422|lpUCM [RemoteSails.cpp:HandleResponse:158] Successfully deserialized response, status: 0, result code: 0
[m[0;32;31m1970-01-04 05:09:13.176|E|1184141422|lpUCM [IpccProtoMessage.cpp:SerializeParams:112] m_offset, 50176
[m[1;33m1970-01-04 05:09:13.176|W|1184141422|lpUCM [RemoteSails.cpp:SendWithRetry:185] Successfully wrote 1052 bytes
[m[0;32;32m1970-01-04 05:09:13.179|I|1184141422|lpUCM [RemoteSails.cpp:HandleResponse:149] HandleResponse started, buffer size: 1048
[m[0;32;32m1970-01-04 05:09:13.179|I|1184141422|lpUCM [RemoteSails.cpp:HandleResponse:158] Successfully deserialized response, status: 0, result code: 0
[m[0;32;31m1970-01-04 05:09:13.179|E|1184141422|lpUCM [IpccProtoMessage.cpp:SerializeParams:112] m_offset, 51200
[m[1;33m1970-01-04 05:09:13.179|W|1184141422|lpUCM [RemoteSails.cpp:SendWithRetry:185] Successfully wrote 1052 bytes
[m[0;32;32m1970-01-04 05:09:13.185|I|1184141422|lpUCM [RemoteSails.cpp:HandleResponse:149] HandleResponse started, buffer size: 1048
[m[0;32;32m1970-01-04 05:09:13.185|I|1184141422|lpUCM [RemoteSails.cpp:HandleResponse:158] Successfully deserialized response, status: 0, result code: 0
[m[0;32;31m1970-01-04 05:09:13.185|E|1184141422|lpUCM [IpccProtoMessage.cpp:SerializeParams:112] m_offset, 52224
[m[1;33m1970-01-04 05:09:13.185|W|1184141422|lpUCM [RemoteSails.cpp:SendWithRetry:185] Successfully wrote 1052 bytes
[m[0;32;32m1970-01-04 05:09:13.188|I|1184141422|lpUCM [RemoteSails.cpp:HandleResponse:149] HandleResponse started, buffer size: 1048
[m[0;32;32m1970-01-04 05:09:13.188|I|1184141422|lpUCM [RemoteSails.cpp:HandleResponse:158] Successfully deserialized response, status: 0, result code: 0
[m[0;32;31m1970-01-04 05:09:13.188|E|1184141422|lpUCM [IpccProtoMessage.cpp:SerializeParams:112] m_offset, 53248
[m[1;33m1970-01-04 05:09:13.188|W|1184141422|lpUCM [RemoteSails.cpp:SendWithRetry:185] Successfully wrote 1052 bytes
[m[0;32;32m1970-01-04 05:09:13.221|I|1184141422|lpUCM [RemoteSails.cpp:HandleResponse:149] HandleResponse started, buffer size: 1048
[m[0;32;32m1970-01-04 05:09:13.221|I|1184141422|lpUCM [RemoteSails.cpp:HandleResponse:158] Successfully deserialized response, status: 0, result code: 0
[m[0;32;31m1970-01-04 05:09:13.221|E|1184141422|lpUCM [IpccProtoMessage.cpp:SerializeParams:112] m_offset, 54272
[m[1;33m1970-01-04 05:09:13.221|W|1184141422|lpUCM [RemoteSails.cpp:SendWithRetry:185] Successfully wrote 1052 bytes
[m[0;32;32m1970-01-04 05:09:13.224|I|1184141422|lpUCM [RemoteSails.cpp:HandleResponse:149] HandleResponse started, buffer size: 1048
[m[0;32;32m1970-01-04 05:09:13.224|I|1184141422|lpUCM [RemoteSails.cpp:HandleResponse:158] Successfully deserialized response, status: 0, result code: 0
[m[0;32;31m1970-01-04 05:09:13.224|E|1184141422|lpUCM [IpccProtoMessage.cpp:SerializeParams:112] m_offset, 55296
[m[1;33m1970-01-04 05:09:13.224|W|1184141422|lpUCM [RemoteSails.cpp:SendWithRetry:185] Successfully wrote 1052 bytes
[m[0;32;32m1970-01-04 05:09:13.227|I|1184141422|lpUCM [RemoteSails.cpp:HandleResponse:149] HandleResponse started, buffer size: 1048
[m[0;32;32m1970-01-04 05:09:13.227|I|1184141422|lpUCM [RemoteSails.cpp:HandleResponse:158] Successfully deserialized response, status: 0, result code: 0
[m[0;32;31m1970-01-04 05:09:13.227|E|1184141422|lpUCM [IpccProtoMessage.cpp:SerializeParams:112] m_offset, 56320
[m[1;33m1970-01-04 05:09:13.227|W|1184141422|lpUCM [RemoteSails.cpp:SendWithRetry:185] Successfully wrote 1052 bytes
[m[0;32;32m1970-01-04 05:09:13.230|I|1184141422|lpUCM [RemoteSails.cpp:HandleResponse:149] HandleResponse started, buffer size: 1048
[m[0;32;32m1970-01-04 05:09:13.230|I|1184141422|lpUCM [RemoteSails.cpp:HandleResponse:158] Successfully deserialized response, status: 0, result code: 0
[m[0;32;31m1970-01-04 05:09:13.230|E|1184141422|lpUCM [IpccProtoMessage.cpp:SerializeParams:112] m_offset, 57344
[m[1;33m1970-01-04 05:09:13.230|W|1184141422|lpUCM [RemoteSails.cpp:SendWithRetry:185] Successfully wrote 1052 bytes
[m[0;32;32m1970-01-04 05:09:13.267|I|1184141422|lpUCM [RemoteSails.cpp:HandleResponse:149] HandleResponse started, buffer size: 1048
[m[0;32;32m1970-01-04 05:09:13.267|I|1184141422|lpUCM [RemoteSails.cpp:HandleResponse:158] Successfully deserialized response, status: 0, result code: 0
[m[0;32;31m1970-01-04 05:09:13.267|E|1184141422|lpUCM [IpccProtoMessage.cpp:SerializeParams:112] m_offset, 58368
[m[1;33m1970-01-04 05:09:13.267|W|1184141422|lpUCM [RemoteSails.cpp:SendWithRetry:185] Successfully wrote 1052 bytes
[m[0;32;32m1970-01-04 05:09:13.270|I|1184141422|lpUCM [RemoteSails.cpp:HandleResponse:149] HandleResponse started, buffer size: 1048
[m[0;32;32m1970-01-04 05:09:13.270|I|1184141422|lpUCM [RemoteSails.cpp:HandleResponse:158] Successfully deserialized response, status: 0, result code: 0
[m[0;32;31m1970-01-04 05:09:13.270|E|1184141422|lpUCM [IpccProtoMessage.cpp:SerializeParams:112] m_offset, 59392
[m[1;33m1970-01-04 05:09:13.270|W|1184141422|lpUCM [RemoteSails.cpp:SendWithRetry:185] Successfully wrote 1052 bytes
[m[0;32;32m1970-01-04 05:09:13.273|I|1184141422|lpUCM [RemoteSails.cpp:HandleResponse:149] HandleResponse started, buffer size: 1048
[m[0;32;32m1970-01-04 05:09:13.273|I|1184141422|lpUCM [RemoteSails.cpp:HandleResponse:158] Successfully deserialized response, status: 0, result code: 0
[m[0;32;31m1970-01-04 05:09:13.273|E|1184141422|lpUCM [IpccProtoMessage.cpp:SerializeParams:112] m_offset, 60416
[m[1;33m1970-01-04 05:09:13.273|W|1184141422|lpUCM [RemoteSails.cpp:SendWithRetry:185] Successfully wrote 1052 bytes
[m[0;32;32m1970-01-04 05:09:13.277|I|1184141422|lpUCM [RemoteSails.cpp:HandleResponse:149] HandleResponse started, buffer size: 1048
[m[0;32;32m1970-01-04 05:09:13.277|I|1184141422|lpUCM [RemoteSails.cpp:HandleResponse:158] Successfully deserialized response, status: 0, result code: 0
[m[0;32;31m1970-01-04 05:09:13.277|E|1184141422|lpUCM [IpccProtoMessage.cpp:SerializeParams:112] m_offset, 61440
[m[1;33m1970-01-04 05:09:13.277|W|1184141422|lpUCM [RemoteSails.cpp:SendWithRetry:185] Successfully wrote 1052 bytes
[m[0;32;32m1970-01-04 05:09:13.311|I|1184141422|lpUCM [RemoteSails.cpp:HandleResponse:149] HandleResponse started, buffer size: 1048
[m[0;32;32m1970-01-04 05:09:13.311|I|1184141422|lpUCM [RemoteSails.cpp:HandleResponse:158] Successfully deserialized response, status: 0, result code: 0
[m[0;32;31m1970-01-04 05:09:13.311|E|1184141422|lpUCM [IpccProtoMessage.cpp:SerializeParams:112] m_offset, 62464
[m[1;33m1970-01-04 05:09:13.311|W|1184141422|lpUCM [RemoteSails.cpp:SendWithRetry:185] Successfully wrote 1052 bytes
[m[0;32;32m1970-01-04 05:09:13.314|I|1184141422|lpUCM [RemoteSails.cpp:HandleResponse:149] HandleResponse started, buffer size: 1048
[m[0;32;32m1970-01-04 05:09:13.314|I|1184141422|lpUCM [RemoteSails.cpp:HandleResponse:158] Successfully deserialized response, status: 0, result code: 0
[m[0;32;31m1970-01-04 05:09:13.314|E|1184141422|lpUCM [IpccProtoMessage.cpp:SerializeParams:112] m_offset, 63488
[m[1;33m1970-01-04 05:09:13.314|W|1184141422|lpUCM [RemoteSails.cpp:SendWithRetry:185] Successfully wrote 1052 bytes
[m[0;32;32m1970-01-04 05:09:13.317|I|1184141422|lpUCM [RemoteSails.cpp:HandleResponse:149] HandleResponse started, buffer size: 1048
[m[0;32;32m1970-01-04 05:09:13.317|I|1184141422|lpUCM [RemoteSails.cpp:HandleResponse:158] Successfully deserialized response, status: 0, result code: 0
[m[0;32;31m1970-01-04 05:09:13.317|E|1184141422|lpUCM [IpccProtoMessage.cpp:SerializeParams:112] m_offset, 64512
[m[1;33m1970-01-04 05:09:13.317|W|1184141422|lpUCM [RemoteSails.cpp:SendWithRetry:185] Successfully wrote 1052 bytes
[m[0;32;32m1970-01-04 05:09:13.321|I|1184141422|lpUCM [RemoteSails.cpp:HandleResponse:149] HandleResponse started, buffer size: 1048
[m[0;32;32m1970-01-04 05:09:13.321|I|1184141422|lpUCM [RemoteSails.cpp:HandleResponse:158] Successfully deserialized response, status: 0, result code: 0
[m[0;32;32m1970-01-04 05:09:13.321|I|1184141422|lpUCM [RemoteSails.cpp:SailWriteData:272] All data already trans size 16384
[m[0;32;32m1970-01-04 05:09:13.321|I|1184141422|lpUCM [fds.cpp:FDS_OnLocalUpgProgress:248] total: 23, curr:22, percent:16, rop:92%
[m[0;32;32m1970-01-04 05:09:13.321|I|1184141422|lpUCM [RemoteSails.cpp:SailWriteData:254] total data is 16384
[m[0;32;31m1970-01-04 05:09:13.321|E|1184141422|lpUCM [IpccProtoMessage.cpp:SerializeParams:112] m_offset, 65536
[m[1;33m1970-01-04 05:09:13.321|W|1184141422|lpUCM [RemoteSails.cpp:SendWithRetry:185] Successfully wrote 1052 bytes
[m[0;32;32m1970-01-04 05:09:13.353|I|1184141422|lpUCM [RemoteSails.cpp:HandleResponse:149] HandleResponse started, buffer size: 1048
[m[0;32;32m1970-01-04 05:09:13.353|I|1184141422|lpUCM [RemoteSails.cpp:HandleResponse:158] Successfully deserialized response, status: 0, result code: 0
[m[0;32;31m1970-01-04 05:09:13.353|E|1184141422|lpUCM [IpccProtoMessage.cpp:SerializeParams:112] m_offset, 66560
[m[1;33m1970-01-04 05:09:13.353|W|1184141422|lpUCM [RemoteSails.cpp:SendWithRetry:185] Successfully wrote 1052 bytes
[m[0;32;32m1970-01-04 05:09:13.357|I|1184141422|lpUCM [RemoteSails.cpp:HandleResponse:149] HandleResponse started, buffer size: 1048
[m[0;32;32m1970-01-04 05:09:13.357|I|1184141422|lpUCM [RemoteSails.cpp:HandleResponse:158] Successfully deserialized response, status: 0, result code: 0
[m[0;32;31m1970-01-04 05:09:13.357|E|1184141422|lpUCM [IpccProtoMessage.cpp:SerializeParams:112] m_offset, 67584
[m[1;33m1970-01-04 05:09:13.357|W|1184141422|lpUCM [RemoteSails.cpp:SendWithRetry:185] Successfully wrote 1052 bytes
[m[0;32;32m1970-01-04 05:09:13.361|I|1184141422|lpUCM [RemoteSails.cpp:HandleResponse:149] HandleResponse started, buffer size: 1048
[m[0;32;32m1970-01-04 05:09:13.361|I|1184141422|lpUCM [RemoteSails.cpp:HandleResponse:158] Successfully deserialized response, status: 0, result code: 0
[m[0;32;31m1970-01-04 05:09:13.361|E|1184141422|lpUCM [IpccProtoMessage.cpp:SerializeParams:112] m_offset, 68608
[m[1;33m1970-01-04 05:09:13.361|W|1184141422|lpUCM [RemoteSails.cpp:SendWithRetry:185] Successfully wrote 1052 bytes
[m[0;32;32m1970-01-04 05:09:13.364|I|1184141422|lpUCM [RemoteSails.cpp:HandleResponse:149] HandleResponse started, buffer size: 1048
[m[0;32;32m1970-01-04 05:09:13.364|I|1184141422|lpUCM [RemoteSails.cpp:HandleResponse:158] Successfully deserialized response, status: 0, result code: 0
[m[0;32;31m1970-01-04 05:09:13.364|E|1184141422|lpUCM [IpccProtoMessage.cpp:SerializeParams:112] m_offset, 69632
[m[1;33m1970-01-04 05:09:13.364|W|1184141422|lpUCM [RemoteSails.cpp:SendWithRetry:185] Successfully wrote 1052 bytes
[m[0;32;32m1970-01-04 05:09:13.397|I|1184141422|lpUCM [RemoteSails.cpp:HandleResponse:149] HandleResponse started, buffer size: 1048
[m[0;32;32m1970-01-04 05:09:13.397|I|1184141422|lpUCM [RemoteSails.cpp:HandleResponse:158] Successfully deserialized response, status: 0, result code: 0
[m[0;32;31m1970-01-04 05:09:13.397|E|1184141422|lpUCM [IpccProtoMessage.cpp:SerializeParams:112] m_offset, 70656
[m[1;33m1970-01-04 05:09:13.397|W|1184141422|lpUCM [RemoteSails.cpp:SendWithRetry:185] Successfully wrote 1052 bytes
[m[0;32;32m1970-01-04 05:09:13.400|I|1184141422|lpUCM [RemoteSails.cpp:HandleResponse:149] HandleResponse started, buffer size: 1048
[m[0;32;32m1970-01-04 05:09:13.400|I|1184141422|lpUCM [RemoteSails.cpp:HandleResponse:158] Successfully deserialized response, status: 0, result code: 0
[m[0;32;31m1970-01-04 05:09:13.400|E|1184141422|lpUCM [IpccProtoMessage.cpp:SerializeParams:112] m_offset, 71680
[m[1;33m1970-01-04 05:09:13.400|W|1184141422|lpUCM [RemoteSails.cpp:SendWithRetry:185] Successfully wrote 1052 bytes
[m[0;32;32m1970-01-04 05:09:13.406|I|1184141422|lpUCM [RemoteSails.cpp:HandleResponse:149] HandleResponse started, buffer size: 1048
[m[0;32;32m1970-01-04 05:09:13.406|I|1184141422|lpUCM [RemoteSails.cpp:HandleResponse:158] Successfully deserialized response, status: 0, result code: 0
[m[0;32;31m1970-01-04 05:09:13.406|E|1184141422|lpUCM [IpccProtoMessage.cpp:SerializeParams:112] m_offset, 72704
[m[1;33m1970-01-04 05:09:13.406|W|1184141422|lpUCM [RemoteSails.cpp:SendWithRetry:185] Successfully wrote 1052 bytes
[m[0;32;32m1970-01-04 05:09:13.409|I|1184141422|lpUCM [RemoteSails.cpp:HandleResponse:149] HandleResponse started, buffer size: 1048
[m[0;32;32m1970-01-04 05:09:13.409|I|1184141422|lpUCM [RemoteSails.cpp:HandleResponse:158] Successfully deserialized response, status: 0, result code: 0
[m[0;32;31m1970-01-04 05:09:13.409|E|1184141422|lpUCM [IpccProtoMessage.cpp:SerializeParams:112] m_offset, 73728
[m[1;33m1970-01-04 05:09:13.409|W|1184141422|lpUCM [RemoteSails.cpp:SendWithRetry:185] Successfully wrote 1052 bytes
[m[0;32;32m1970-01-04 05:09:13.445|I|1184141422|lpUCM [RemoteSails.cpp:HandleResponse:149] HandleResponse started, buffer size: 1048
[m[0;32;32m1970-01-04 05:09:13.445|I|1184141422|lpUCM [RemoteSails.cpp:HandleResponse:158] Successfully deserialized response, status: 0, result code: 0
[m[0;32;31m1970-01-04 05:09:13.445|E|1184141422|lpUCM [IpccProtoMessage.cpp:SerializeParams:112] m_offset, 74752
[m[1;33m1970-01-04 05:09:13.445|W|1184141422|lpUCM [RemoteSails.cpp:SendWithRetry:185] Successfully wrote 1052 bytes
[m[0;32;32m1970-01-04 05:09:13.448|I|1184141422|lpUCM [RemoteSails.cpp:HandleResponse:149] HandleResponse started, buffer size: 1048
[m[0;32;32m1970-01-04 05:09:13.448|I|1184141422|lpUCM [RemoteSails.cpp:HandleResponse:158] Successfully deserialized response, status: 0, result code: 0
[m[0;32;31m1970-01-04 05:09:13.448|E|1184141422|lpUCM [IpccProtoMessage.cpp:SerializeParams:112] m_offset, 75776
[m[1;33m1970-01-04 05:09:13.448|W|1184141422|lpUCM [RemoteSails.cpp:SendWithRetry:185] Successfully wrote 1052 bytes
[m[0;32;32m1970-01-04 05:09:13.454|I|1184141422|lpUCM [RemoteSails.cpp:HandleResponse:149] HandleResponse started, buffer size: 1048
[m[0;32;32m1970-01-04 05:09:13.454|I|1184141422|lpUCM [RemoteSails.cpp:HandleResponse:158] Successfully deserialized response, status: 0, result code: 0
[m[0;32;31m1970-01-04 05:09:13.454|E|1184141422|lpUCM [IpccProtoMessage.cpp:SerializeParams:112] m_offset, 76800
[m[1;33m1970-01-04 05:09:13.454|W|1184141422|lpUCM [RemoteSails.cpp:SendWithRetry:185] Successfully wrote 1052 bytes
[m[0;32;32m1970-01-04 05:09:13.457|I|1184141422|lpUCM [RemoteSails.cpp:HandleResponse:149] HandleResponse started, buffer size: 1048
[m[0;32;32m1970-01-04 05:09:13.457|I|1184141422|lpUCM [RemoteSails.cpp:HandleResponse:158] Successfully deserialized response, status: 0, result code: 0
[m[0;32;31m1970-01-04 05:09:13.457|E|1184141422|lpUCM [IpccProtoMessage.cpp:SerializeParams:112] m_offset, 77824
[m[1;33m1970-01-04 05:09:13.457|W|1184141422|lpUCM [RemoteSails.cpp:SendWithRetry:185] Successfully wrote 1052 bytes
[m[0;32;32m1970-01-04 05:09:13.490|I|1184141422|lpUCM [RemoteSails.cpp:HandleResponse:149] HandleResponse started, buffer size: 1048
[m[0;32;32m1970-01-04 05:09:13.490|I|1184141422|lpUCM [RemoteSails.cpp:HandleResponse:158] Successfully deserialized response, status: 0, result code: 0
[m[0;32;31m1970-01-04 05:09:13.490|E|1184141422|lpUCM [IpccProtoMessage.cpp:SerializeParams:112] m_offset, 78848
[m[1;33m1970-01-04 05:09:13.490|W|1184141422|lpUCM [RemoteSails.cpp:SendWithRetry:185] Successfully wrote 1052 bytes
[m[0;32;32m1970-01-04 05:09:13.493|I|1184141422|lpUCM [RemoteSails.cpp:HandleResponse:149] HandleResponse started, buffer size: 1048
[m[0;32;32m1970-01-04 05:09:13.493|I|1184141422|lpUCM [RemoteSails.cpp:HandleResponse:158] Successfully deserialized response, status: 0, result code: 0
[m[0;32;31m1970-01-04 05:09:13.493|E|1184141422|lpUCM [IpccProtoMessage.cpp:SerializeParams:112] m_offset, 79872
[m[1;33m1970-01-04 05:09:13.493|W|1184141422|lpUCM [RemoteSails.cpp:SendWithRetry:185] Successfully wrote 1052 bytes
[m[0;32;32m1970-01-04 05:09:13.496|I|1184141422|lpUCM [RemoteSails.cpp:HandleResponse:149] HandleResponse started, buffer size: 1048
[m[0;32;32m1970-01-04 05:09:13.496|I|1184141422|lpUCM [RemoteSails.cpp:HandleResponse:158] Successfully deserialized response, status: 0, result code: 0
[m[0;32;31m1970-01-04 05:09:13.496|E|1184141422|lpUCM [IpccProtoMessage.cpp:SerializeParams:112] m_offset, 80896
[m[1;33m1970-01-04 05:09:13.496|W|1184141422|lpUCM [RemoteSails.cpp:SendWithRetry:185] Successfully wrote 1052 bytes
[m[0;32;32m1970-01-04 05:09:13.499|I|1184141422|lpUCM [RemoteSails.cpp:HandleResponse:149] HandleResponse started, buffer size: 1048
[m[0;32;32m1970-01-04 05:09:13.499|I|1184141422|lpUCM [RemoteSails.cpp:HandleResponse:158] Successfully deserialized response, status: 0, result code: 0
[m[0;32;32m1970-01-04 05:09:13.499|I|1184141422|lpUCM [RemoteSails.cpp:SailWriteData:272] All data already trans size 16384
[m[0;32;32m1970-01-04 05:09:13.499|I|1184141422|lpUCM [fds.cpp:FDS_OnLocalUpgProgress:248] total: 23, curr:22, percent:17, rop:92%
[m[0;32;32m1970-01-04 05:09:13.499|I|1184141422|lpUCM [RemoteSails.cpp:SailWriteData:254] total data is 16384
[m[0;32;31m1970-01-04 05:09:13.499|E|1184141422|lpUCM [IpccProtoMessage.cpp:SerializeParams:112] m_offset, 81920
[m[1;33m1970-01-04 05:09:13.499|W|1184141422|lpUCM [RemoteSails.cpp:SendWithRetry:185] Successfully wrote 1052 bytes
[m[0;32;32m1970-01-04 05:09:13.537|I|1184141422|lpUCM [RemoteSails.cpp:HandleResponse:149] HandleResponse started, buffer size: 1048
[m[0;32;32m1970-01-04 05:09:13.537|I|1184141422|lpUCM [RemoteSails.cpp:HandleResponse:158] Successfully deserialized response, status: 0, result code: 0
[m[0;32;31m1970-01-04 05:09:13.537|E|1184141422|lpUCM [IpccProtoMessage.cpp:SerializeParams:112] m_offset, 82944
[m[1;33m1970-01-04 05:09:13.537|W|1184141422|lpUCM [RemoteSails.cpp:SendWithRetry:185] Successfully wrote 1052 bytes
[m[0;32;32m1970-01-04 05:09:13.540|I|1184141422|lpUCM [RemoteSails.cpp:HandleResponse:149] HandleResponse started, buffer size: 1048
[m[0;32;32m1970-01-04 05:09:13.540|I|1184141422|lpUCM [RemoteSails.cpp:HandleResponse:158] Successfully deserialized response, status: 0, result code: 0
[m[0;32;31m1970-01-04 05:09:13.540|E|1184141422|lpUCM [IpccProtoMessage.cpp:SerializeParams:112] m_offset, 83968
[m[1;33m1970-01-04 05:09:13.540|W|1184141422|lpUCM [RemoteSails.cpp:SendWithRetry:185] Successfully wrote 1052 bytes
[m[0;32;32m1970-01-04 05:09:13.544|I|1184141422|lpUCM [RemoteSails.cpp:HandleResponse:149] HandleResponse started, buffer size: 1048
[m[0;32;32m1970-01-04 05:09:13.544|I|1184141422|lpUCM [RemoteSails.cpp:HandleResponse:158] Successfully deserialized response, status: 0, result code: 0
[m[0;32;31m1970-01-04 05:09:13.544|E|1184141422|lpUCM [IpccProtoMessage.cpp:SerializeParams:112] m_offset, 84992
[m[1;33m1970-01-04 05:09:13.544|W|1184141422|lpUCM [RemoteSails.cpp:SendWithRetry:185] Successfully wrote 1052 bytes
[m[0;32;32m1970-01-04 05:09:13.548|I|1184141422|lpUCM [RemoteSails.cpp:HandleResponse:149] HandleResponse started, buffer size: 1048
[m[0;32;32m1970-01-04 05:09:13.548|I|1184141422|lpUCM [RemoteSails.cpp:HandleResponse:158] Successfully deserialized response, status: 0, result code: 0
[m[0;32;31m1970-01-04 05:09:13.548|E|1184141422|lpUCM [IpccProtoMessage.cpp:SerializeParams:112] m_offset, 86016
[m[1;33m1970-01-04 05:09:13.548|W|1184141422|lpUCM [RemoteSails.cpp:SendWithRetry:185] Successfully wrote 1052 bytes
[m[0;32;32m1970-01-04 05:09:13.581|I|1184141422|lpUCM [RemoteSails.cpp:HandleResponse:149] HandleResponse started, buffer size: 1048
[m[0;32;32m1970-01-04 05:09:13.581|I|1184141422|lpUCM [RemoteSails.cpp:HandleResponse:158] Successfully deserialized response, status: 0, result code: 0
[m[0;32;31m1970-01-04 05:09:13.581|E|1184141422|lpUCM [IpccProtoMessage.cpp:SerializeParams:112] m_offset, 87040
[m[1;33m1970-01-04 05:09:13.581|W|1184141422|lpUCM [RemoteSails.cpp:SendWithRetry:185] Successfully wrote 1052 bytes
[m[0;32;32m1970-01-04 05:09:13.584|I|1184141422|lpUCM [RemoteSails.cpp:HandleResponse:149] HandleResponse started, buffer size: 1048
[m[0;32;32m1970-01-04 05:09:13.584|I|1184141422|lpUCM [RemoteSails.cpp:HandleResponse:158] Successfully deserialized response, status: 0, result code: 0
[m[0;32;31m1970-01-04 05:09:13.584|E|1184141422|lpUCM [IpccProtoMessage.cpp:SerializeParams:112] m_offset, 88064
[m[1;33m1970-01-04 05:09:13.584|W|1184141422|lpUCM [RemoteSails.cpp:SendWithRetry:185] Successfully wrote 1052 bytes
[m[0;32;32m1970-01-04 05:09:13.587|I|1184141422|lpUCM [RemoteSails.cpp:HandleResponse:149] HandleResponse started, buffer size: 1048
[m[0;32;32m1970-01-04 05:09:13.587|I|1184141422|lpUCM [RemoteSails.cpp:HandleResponse:158] Successfully deserialized response, status: 0, result code: 0
[m[0;32;31m1970-01-04 05:09:13.587|E|1184141422|lpUCM [IpccProtoMessage.cpp:SerializeParams:112] m_offset, 89088
[m[1;33m1970-01-04 05:09:13.587|W|1184141422|lpUCM [RemoteSails.cpp:SendWithRetry:185] Successfully wrote 1052 bytes
[m[0;32;32m1970-01-04 05:09:13.590|I|1184141422|lpUCM [RemoteSails.cpp:HandleResponse:149] HandleResponse started, buffer size: 1048
[m[0;32;32m1970-01-04 05:09:13.590|I|1184141422|lpUCM [RemoteSails.cpp:HandleResponse:158] Successfully deserialized response, status: 0, result code: 0
[m[0;32;31m1970-01-04 05:09:13.590|E|1184141422|lpUCM [IpccProtoMessage.cpp:SerializeParams:112] m_offset, 90112
[m[1;33m1970-01-04 05:09:13.590|W|1184141422|lpUCM [RemoteSails.cpp:SendWithRetry:185] Successfully wrote 1052 bytes
[m[0;32;32m1970-01-04 05:09:13.623|I|1184141422|lpUCM [RemoteSails.cpp:HandleResponse:149] HandleResponse started, buffer size: 1048
[m[0;32;32m1970-01-04 05:09:13.623|I|1184141422|lpUCM [RemoteSails.cpp:HandleResponse:158] Successfully deserialized response, status: 0, result code: 0
[m[0;32;31m1970-01-04 05:09:13.623|E|1184141422|lpUCM [IpccProtoMessage.cpp:SerializeParams:112] m_offset, 91136
[m[1;33m1970-01-04 05:09:13.623|W|1184141422|lpUCM [RemoteSails.cpp:SendWithRetry:185] Successfully wrote 1052 bytes
[m[0;32;32m1970-01-04 05:09:13.626|I|1184141422|lpUCM [RemoteSails.cpp:HandleResponse:149] HandleResponse started, buffer size: 1048
[m[0;32;32m1970-01-04 05:09:13.626|I|1184141422|lpUCM [RemoteSails.cpp:HandleResponse:158] Successfully deserialized response, status: 0, result code: 0
[m[0;32;31m1970-01-04 05:09:13.626|E|1184141422|lpUCM [IpccProtoMessage.cpp:SerializeParams:112] m_offset, 92160
[m[1;33m1970-01-04 05:09:13.626|W|1184141422|lpUCM [RemoteSails.cpp:SendWithRetry:185] Successfully wrote 1052 bytes
[m[0;32;32m1970-01-04 05:09:13.629|I|1184141422|lpUCM [RemoteSails.cpp:HandleResponse:149] HandleResponse started, buffer size: 1048
[m[0;32;32m1970-01-04 05:09:13.629|I|1184141422|lpUCM [RemoteSails.cpp:HandleResponse:158] Successfully deserialized response, status: 0, result code: 0
[m[0;32;31m1970-01-04 05:09:13.629|E|1184141422|lpUCM [IpccProtoMessage.cpp:SerializeParams:112] m_offset, 93184
[m[1;33m1970-01-04 05:09:13.629|W|1184141422|lpUCM [RemoteSails.cpp:SendWithRetry:185] Successfully wrote 1052 bytes
[m[0;32;32m1970-01-04 05:09:13.635|I|1184141422|lpUCM [RemoteSails.cpp:HandleResponse:149] HandleResponse started, buffer size: 1048
[m[0;32;32m1970-01-04 05:09:13.635|I|1184141422|lpUCM [RemoteSails.cpp:HandleResponse:158] Successfully deserialized response, status: 0, result code: 0
[m[0;32;31m1970-01-04 05:09:13.635|E|1184141422|lpUCM [IpccProtoMessage.cpp:SerializeParams:112] m_offset, 94208
[m[1;33m1970-01-04 05:09:13.635|W|1184141422|lpUCM [RemoteSails.cpp:SendWithRetry:185] Successfully wrote 1052 bytes
[m[0;32;32m1970-01-04 05:09:13.669|I|1184141422|lpUCM [RemoteSails.cpp:HandleResponse:149] HandleResponse started, buffer size: 1048
[m[0;32;32m1970-01-04 05:09:13.669|I|1184141422|lpUCM [RemoteSails.cpp:HandleResponse:158] Successfully deserialized response, status: 0, result code: 0
[m[0;32;31m1970-01-04 05:09:13.669|E|1184141422|lpUCM [IpccProtoMessage.cpp:SerializeParams:112] m_offset, 95232
[m[1;33m1970-01-04 05:09:13.669|W|1184141422|lpUCM [RemoteSails.cpp:SendWithRetry:185] Successfully wrote 1052 bytes
[m[0;32;32m1970-01-04 05:09:13.676|I|1184141422|lpUCM [RemoteSails.cpp:HandleResponse:149] HandleResponse started, buffer size: 1048
[m[0;32;32m1970-01-04 05:09:13.676|I|1184141422|lpUCM [RemoteSails.cpp:HandleResponse:158] Successfully deserialized response, status: 0, result code: 0
[m[0;32;31m1970-01-04 05:09:13.676|E|1184141422|lpUCM [IpccProtoMessage.cpp:SerializeParams:112] m_offset, 96256
[m[1;33m1970-01-04 05:09:13.676|W|1184141422|lpUCM [RemoteSails.cpp:SendWithRetry:185] Successfully wrote 1052 bytes
[m[0;32;32m1970-01-04 05:09:13.680|I|1184141422|lpUCM [RemoteSails.cpp:HandleResponse:149] HandleResponse started, buffer size: 1048
[m[0;32;32m1970-01-04 05:09:13.680|I|1184141422|lpUCM [RemoteSails.cpp:HandleResponse:158] Successfully deserialized response, status: 0, result code: 0
[m[0;32;31m1970-01-04 05:09:13.680|E|1184141422|lpUCM [IpccProtoMessage.cpp:SerializeParams:112] m_offset, 97280
[m[1;33m1970-01-04 05:09:13.680|W|1184141422|lpUCM [RemoteSails.cpp:SendWithRetry:185] Successfully wrote 1052 bytes
[m[0;32;32m1970-01-04 05:09:13.683|I|1184141422|lpUCM [RemoteSails.cpp:HandleResponse:149] HandleResponse started, buffer size: 1048
[m[0;32;32m1970-01-04 05:09:13.683|I|1184141422|lpUCM [RemoteSails.cpp:HandleResponse:158] Successfully deserialized response, status: 0, result code: 0
[m[0;32;32m1970-01-04 05:09:13.683|I|1184141422|lpUCM [RemoteSails.cpp:SailWriteData:272] All data already trans size 16384
[m[0;32;32m1970-01-04 05:09:13.683|I|1184141422|lpUCM [fds.cpp:FDS_OnLocalUpgProgress:248] total: 23, curr:22, percent:18, rop:92%
[m[0;32;32m1970-01-04 05:09:13.683|I|1184141422|lpUCM [RemoteSails.cpp:SailWriteData:254] total data is 16384
[m[0;32;31m1970-01-04 05:09:13.683|E|1184141422|lpUCM [IpccProtoMessage.cpp:SerializeParams:112] m_offset, 98304
[m[1;33m1970-01-04 05:09:13.683|W|1184141422|lpUCM [RemoteSails.cpp:SendWithRetry:185] Successfully wrote 1052 bytes
[m[0;32;32m1970-01-04 05:09:13.716|I|1184141422|lpUCM [RemoteSails.cpp:HandleResponse:149] HandleResponse started, buffer size: 1048
[m[0;32;32m1970-01-04 05:09:13.716|I|1184141422|lpUCM [RemoteSails.cpp:HandleResponse:158] Successfully deserialized response, status: 0, result code: 0
[m[0;32;31m1970-01-04 05:09:13.716|E|1184141422|lpUCM [IpccProtoMessage.cpp:SerializeParams:112] m_offset, 99328
[m[1;33m1970-01-04 05:09:13.716|W|1184141422|lpUCM [RemoteSails.cpp:SendWithRetry:185] Successfully wrote 1052 bytes
[m[0;32;32m1970-01-04 05:09:13.719|I|1184141422|lpUCM [RemoteSails.cpp:HandleResponse:149] HandleResponse started, buffer size: 1048
[m[0;32;32m1970-01-04 05:09:13.719|I|1184141422|lpUCM [RemoteSails.cpp:HandleResponse:158] Successfully deserialized response, status: 0, result code: 0
[m[0;32;31m1970-01-04 05:09:13.719|E|1184141422|lpUCM [IpccProtoMessage.cpp:SerializeParams:112] m_offset, 100352
[m[1;33m1970-01-04 05:09:13.719|W|1184141422|lpUCM [RemoteSails.cpp:SendWithRetry:185] Successfully wrote 1052 bytes
[m[0;32;32m1970-01-04 05:09:13.725|I|1184141422|lpUCM [RemoteSails.cpp:HandleResponse:149] HandleResponse started, buffer size: 1048
[m[0;32;32m1970-01-04 05:09:13.725|I|1184141422|lpUCM [RemoteSails.cpp:HandleResponse:158] Successfully deserialized response, status: 0, result code: 0
[m[0;32;31m1970-01-04 05:09:13.725|E|1184141422|lpUCM [IpccProtoMessage.cpp:SerializeParams:112] m_offset, 101376
[m[1;33m1970-01-04 05:09:13.725|W|1184141422|lpUCM [RemoteSails.cpp:SendWithRetry:185] Successfully wrote 1052 bytes
[m[0;32;32m1970-01-04 05:09:13.728|I|1184141422|lpUCM [RemoteSails.cpp:HandleResponse:149] HandleResponse started, buffer size: 1048
[m[0;32;32m1970-01-04 05:09:13.728|I|1184141422|lpUCM [RemoteSails.cpp:HandleResponse:158] Successfully deserialized response, status: 0, result code: 0
[m[0;32;31m1970-01-04 05:09:13.728|E|1184141422|lpUCM [IpccProtoMessage.cpp:SerializeParams:112] m_offset, 102400
[m[1;33m1970-01-04 05:09:13.728|W|1184141422|lpUCM [RemoteSails.cpp:SendWithRetry:185] Successfully wrote 1052 bytes
[m[0;32;32m1970-01-04 05:09:13.764|I|1184141422|lpUCM [RemoteSails.cpp:HandleResponse:149] HandleResponse started, buffer size: 1048
[m[0;32;32m1970-01-04 05:09:13.764|I|1184141422|lpUCM [RemoteSails.cpp:HandleResponse:158] Successfully deserialized response, status: 0, result code: 0
[m[0;32;31m1970-01-04 05:09:13.764|E|1184141422|lpUCM [IpccProtoMessage.cpp:SerializeParams:112] m_offset, 103424
[m[1;33m1970-01-04 05:09:13.764|W|1184141422|lpUCM [RemoteSails.cpp:SendWithRetry:185] Successfully wrote 1052 bytes
[m[0;32;32m1970-01-04 05:09:13.768|I|1184141422|lpUCM [RemoteSails.cpp:HandleResponse:149] HandleResponse started, buffer size: 1048
[m[0;32;32m1970-01-04 05:09:13.768|I|1184141422|lpUCM [RemoteSails.cpp:HandleResponse:158] Successfully deserialized response, status: 0, result code: 0
[m[0;32;31m1970-01-04 05:09:13.768|E|1184141422|lpUCM [IpccProtoMessage.cpp:SerializeParams:112] m_offset, 104448
[m[1;33m1970-01-04 05:09:13.768|W|1184141422|lpUCM [RemoteSails.cpp:SendWithRetry:185] Successfully wrote 1052 bytes
[m[0;32;32m1970-01-04 05:09:13.772|I|1184141422|lpUCM [RemoteSails.cpp:HandleResponse:149] HandleResponse started, buffer size: 1048
[m[0;32;32m1970-01-04 05:09:13.772|I|1184141422|lpUCM [RemoteSails.cpp:HandleResponse:158] Successfully deserialized response, status: 0, result code: 0
[m[0;32;31m1970-01-04 05:09:13.772|E|1184141422|lpUCM [IpccProtoMessage.cpp:SerializeParams:112] m_offset, 105472
[m[1;33m1970-01-04 05:09:13.772|W|1184141422|lpUCM [RemoteSails.cpp:SendWithRetry:185] Successfully wrote 1052 bytes
[m[0;32;32m1970-01-04 05:09:13.776|I|1184141422|lpUCM [RemoteSails.cpp:HandleResponse:149] HandleResponse started, buffer size: 1048
[m[0;32;32m1970-01-04 05:09:13.776|I|1184141422|lpUCM [RemoteSails.cpp:HandleResponse:158] Successfully deserialized response, status: 0, result code: 0
[m[0;32;31m1970-01-04 05:09:13.776|E|1184141422|lpUCM [IpccProtoMessage.cpp:SerializeParams:112] m_offset, 106496
[m[1;33m1970-01-04 05:09:13.776|W|1184141422|lpUCM [RemoteSails.cpp:SendWithRetry:185] Successfully wrote 1052 bytes
[m[0;32;32m1970-01-04 05:09:13.807|I|1184141422|lpUCM [RemoteSails.cpp:HandleResponse:149] HandleResponse started, buffer size: 1048
[m[0;32;32m1970-01-04 05:09:13.807|I|1184141422|lpUCM [RemoteSails.cpp:HandleResponse:158] Successfully deserialized response, status: 0, result code: 0
[m[0;32;31m1970-01-04 05:09:13.807|E|1184141422|lpUCM [IpccProtoMessage.cpp:SerializeParams:112] m_offset, 107520
[m[1;33m1970-01-04 05:09:13.807|W|1184141422|lpUCM [RemoteSails.cpp:SendWithRetry:185] Successfully wrote 1052 bytes
[m[0;32;32m1970-01-04 05:09:13.813|I|1184141422|lpUCM [RemoteSails.cpp:HandleResponse:149] HandleResponse started, buffer size: 1048
[m[0;32;32m1970-01-04 05:09:13.813|I|1184141422|lpUCM [RemoteSails.cpp:HandleResponse:158] Successfully deserialized response, status: 0, result code: 0
[m[0;32;31m1970-01-04 05:09:13.813|E|1184141422|lpUCM [IpccProtoMessage.cpp:SerializeParams:112] m_offset, 108544
[m[1;33m1970-01-04 05:09:13.813|W|1184141422|lpUCM [RemoteSails.cpp:SendWithRetry:185] Successfully wrote 1052 bytes
[m[0;32;32m1970-01-04 05:09:13.816|I|1184141422|lpUCM [RemoteSails.cpp:HandleResponse:149] HandleResponse started, buffer size: 1048
[m[0;32;32m1970-01-04 05:09:13.816|I|1184141422|lpUCM [RemoteSails.cpp:HandleResponse:158] Successfully deserialized response, status: 0, result code: 0
[m[0;32;31m1970-01-04 05:09:13.816|E|1184141422|lpUCM [IpccProtoMessage.cpp:SerializeParams:112] m_offset, 109568
[m[1;33m1970-01-04 05:09:13.816|W|1184141422|lpUCM [RemoteSails.cpp:SendWithRetry:185] Successfully wrote 1052 bytes
[m[0;32;32m1970-01-04 05:09:13.819|I|1184141422|lpUCM [RemoteSails.cpp:HandleResponse:149] HandleResponse started, buffer size: 1048
[m[0;32;32m1970-01-04 05:09:13.819|I|1184141422|lpUCM [RemoteSails.cpp:HandleResponse:158] Successfully deserialized response, status: 0, result code: 0
[m[0;32;31m1970-01-04 05:09:13.819|E|1184141422|lpUCM [IpccProtoMessage.cpp:SerializeParams:112] m_offset, 110592
[m[1;33m1970-01-04 05:09:13.819|W|1184141422|lpUCM [RemoteSails.cpp:SendWithRetry:185] Successfully wrote 1052 bytes
[m[0;32;32m1970-01-04 05:09:13.852|I|1184141422|lpUCM [RemoteSails.cpp:HandleResponse:149] HandleResponse started, buffer size: 1048
[m[0;32;32m1970-01-04 05:09:13.852|I|1184141422|lpUCM [RemoteSails.cpp:HandleResponse:158] Successfully deserialized response, status: 0, result code: 0
[m[0;32;31m1970-01-04 05:09:13.852|E|1184141422|lpUCM [IpccProtoMessage.cpp:SerializeParams:112] m_offset, 111616
[m[1;33m1970-01-04 05:09:13.852|W|1184141422|lpUCM [RemoteSails.cpp:SendWithRetry:185] Successfully wrote 1052 bytes
[m[0;32;32m1970-01-04 05:09:13.855|I|1184141422|lpUCM [RemoteSails.cpp:HandleResponse:149] HandleResponse started, buffer size: 1048
[m[0;32;32m1970-01-04 05:09:13.855|I|1184141422|lpUCM [RemoteSails.cpp:HandleResponse:158] Successfully deserialized response, status: 0, result code: 0
[m[0;32;31m1970-01-04 05:09:13.855|E|1184141422|lpUCM [IpccProtoMessage.cpp:SerializeParams:112] m_offset, 112640
[m[1;33m1970-01-04 05:09:13.855|W|1184141422|lpUCM [RemoteSails.cpp:SendWithRetry:185] Successfully wrote 1052 bytes
[m[0;32;32m1970-01-04 05:09:13.858|I|1184141422|lpUCM [RemoteSails.cpp:HandleResponse:149] HandleResponse started, buffer size: 1048
[m[0;32;32m1970-01-04 05:09:13.858|I|1184141422|lpUCM [RemoteSails.cpp:HandleResponse:158] Successfully deserialized response, status: 0, result code: 0
[m[0;32;31m1970-01-04 05:09:13.858|E|1184141422|lpUCM [IpccProtoMessage.cpp:SerializeParams:112] m_offset, 113664
[m[1;33m1970-01-04 05:09:13.858|W|1184141422|lpUCM [RemoteSails.cpp:SendWithRetry:185] Successfully wrote 1052 bytes
[m[0;32;32m1970-01-04 05:09:13.864|I|1184141422|lpUCM [RemoteSails.cpp:HandleResponse:149] HandleResponse started, buffer size: 1048
[m[0;32;32m1970-01-04 05:09:13.864|I|1184141422|lpUCM [RemoteSails.cpp:HandleResponse:158] Successfully deserialized response, status: 0, result code: 0
[m[0;32;32m1970-01-04 05:09:13.864|I|1184141422|lpUCM [RemoteSails.cpp:SailWriteData:272] All data already trans size 16384
[m[0;32;32m1970-01-04 05:09:13.864|I|1184141422|lpUCM [fds.cpp:FDS_OnLocalUpgProgress:248] total: 23, curr:22, percent:19, rop:92%
[m[0;32;32m1970-01-04 05:09:13.864|I|1184141422|lpUCM [RemoteSails.cpp:SailWriteData:254] total data is 16384
[m[0;32;31m1970-01-04 05:09:13.864|E|1184141422|lpUCM [IpccProtoMessage.cpp:SerializeParams:112] m_offset, 114688
[m[1;33m1970-01-04 05:09:13.864|W|1184141422|lpUCM [RemoteSails.cpp:SendWithRetry:185] Successfully wrote 1052 bytes
[m[0;32;32m1970-01-04 05:09:13.894|I|1184141422|lpUCM [RemoteSails.cpp:HandleResponse:149] HandleResponse started, buffer size: 1048
[m[0;32;32m1970-01-04 05:09:13.894|I|1184141422|lpUCM [RemoteSails.cpp:HandleResponse:158] Successfully deserialized response, status: 0, result code: 0
[m[0;32;31m1970-01-04 05:09:13.894|E|1184141422|lpUCM [IpccProtoMessage.cpp:SerializeParams:112] m_offset, 115712
[m[1;33m1970-01-04 05:09:13.894|W|1184141422|lpUCM [RemoteSails.cpp:SendWithRetry:185] Successfully wrote 1052 bytes
[m[0;32;32m1970-01-04 05:09:13.897|I|1184141422|lpUCM [RemoteSails.cpp:HandleResponse:149] HandleResponse started, buffer size: 1048
[m[0;32;32m1970-01-04 05:09:13.897|I|1184141422|lpUCM [RemoteSails.cpp:HandleResponse:158] Successfully deserialized response, status: 0, result code: 0
[m[0;32;31m1970-01-04 05:09:13.897|E|1184141422|lpUCM [IpccProtoMessage.cpp:SerializeParams:112] m_offset, 116736
[m[1;33m1970-01-04 05:09:13.897|W|1184141422|lpUCM [RemoteSails.cpp:SendWithRetry:185] Successfully wrote 1052 bytes
[m[0;32;32m1970-01-04 05:09:13.900|I|1184141422|lpUCM [RemoteSails.cpp:HandleResponse:149] HandleResponse started, buffer size: 1048
[m[0;32;32m1970-01-04 05:09:13.900|I|1184141422|lpUCM [RemoteSails.cpp:HandleResponse:158] Successfully deserialized response, status: 0, result code: 0
[m[0;32;31m1970-01-04 05:09:13.900|E|1184141422|lpUCM [IpccProtoMessage.cpp:SerializeParams:112] m_offset, 117760
[m[1;33m1970-01-04 05:09:13.900|W|1184141422|lpUCM [RemoteSails.cpp:SendWithRetry:185] Successfully wrote 1052 bytes
[m[0;32;32m1970-01-04 05:09:13.906|I|1184141422|lpUCM [RemoteSails.cpp:HandleResponse:149] HandleResponse started, buffer size: 1048
[m[0;32;32m1970-01-04 05:09:13.906|I|1184141422|lpUCM [RemoteSails.cpp:HandleResponse:158] Successfully deserialized response, status: 0, result code: 0
[m[0;32;31m1970-01-04 05:09:13.906|E|1184141422|lpUCM [IpccProtoMessage.cpp:SerializeParams:112] m_offset, 118784
[m[1;33m1970-01-04 05:09:13.906|W|1184141422|lpUCM [RemoteSails.cpp:SendWithRetry:185] Successfully wrote 1052 bytes
[m[0;32;32m1970-01-04 05:09:13.935|I|1184141422|lpUCM [RemoteSails.cpp:HandleResponse:149] HandleResponse started, buffer size: 1048
[m[0;32;32m1970-01-04 05:09:13.935|I|1184141422|lpUCM [RemoteSails.cpp:HandleResponse:158] Successfully deserialized response, status: 0, result code: 0
[m[0;32;31m1970-01-04 05:09:13.935|E|1184141422|lpUCM [IpccProtoMessage.cpp:SerializeParams:112] m_offset, 119808
[m[1;33m1970-01-04 05:09:13.935|W|1184141422|lpUCM [RemoteSails.cpp:SendWithRetry:185] Successfully wrote 1052 bytes
[m[0;32;32m1970-01-04 05:09:13.938|I|1184141422|lpUCM [RemoteSails.cpp:HandleResponse:149] HandleResponse started, buffer size: 1048
[m[0;32;32m1970-01-04 05:09:13.938|I|1184141422|lpUCM [RemoteSails.cpp:HandleResponse:158] Successfully deserialized response, status: 0, result code: 0
[m[0;32;31m1970-01-04 05:09:13.938|E|1184141422|lpUCM [IpccProtoMessage.cpp:SerializeParams:112] m_offset, 120832
[m[1;33m1970-01-04 05:09:13.938|W|1184141422|lpUCM [RemoteSails.cpp:SendWithRetry:185] Successfully wrote 1052 bytes
[m[0;32;32m1970-01-04 05:09:13.942|I|1184141422|lpUCM [RemoteSails.cpp:HandleResponse:149] HandleResponse started, buffer size: 1048
[m[0;32;32m1970-01-04 05:09:13.942|I|1184141422|lpUCM [RemoteSails.cpp:HandleResponse:158] Successfully deserialized response, status: 0, result code: 0
[m[0;32;31m1970-01-04 05:09:13.942|E|1184141422|lpUCM [IpccProtoMessage.cpp:SerializeParams:112] m_offset, 121856
[m[1;33m1970-01-04 05:09:13.942|W|1184141422|lpUCM [RemoteSails.cpp:SendWithRetry:185] Successfully wrote 1052 bytes
[m[0;32;32m1970-01-04 05:09:13.945|I|1184141422|lpUCM [RemoteSails.cpp:HandleResponse:149] HandleResponse started, buffer size: 1048
[m[0;32;32m1970-01-04 05:09:13.945|I|1184141422|lpUCM [RemoteSails.cpp:HandleResponse:158] Successfully deserialized response, status: 0, result code: 0
[m[0;32;31m1970-01-04 05:09:13.945|E|1184141422|lpUCM [IpccProtoMessage.cpp:SerializeParams:112] m_offset, 122880
[m[1;33m1970-01-04 05:09:13.945|W|1184141422|lpUCM [RemoteSails.cpp:SendWithRetry:185] Successfully wrote 1052 bytes
[m[0;32;32m1970-01-04 05:09:13.975|I|1184141422|lpUCM [RemoteSails.cpp:HandleResponse:149] HandleResponse started, buffer size: 1048
[m[0;32;32m1970-01-04 05:09:13.975|I|1184141422|lpUCM [RemoteSails.cpp:HandleResponse:158] Successfully deserialized response, status: 0, result code: 0
[m[0;32;31m1970-01-04 05:09:13.975|E|1184141422|lpUCM [IpccProtoMessage.cpp:SerializeParams:112] m_offset, 123904
[m[1;33m1970-01-04 05:09:13.975|W|1184141422|lpUCM [RemoteSails.cpp:SendWithRetry:185] Successfully wrote 1052 bytes
[m[0;32;32m1970-01-04 05:09:13.978|I|1184141422|lpUCM [RemoteSails.cpp:HandleResponse:149] HandleResponse started, buffer size: 1048
[m[0;32;32m1970-01-04 05:09:13.978|I|1184141422|lpUCM [RemoteSails.cpp:HandleResponse:158] Successfully deserialized response, status: 0, result code: 0
[m[0;32;31m1970-01-04 05:09:13.978|E|1184141422|lpUCM [IpccProtoMessage.cpp:SerializeParams:112] m_offset, 124928
[m[1;33m1970-01-04 05:09:13.978|W|1184141422|lpUCM [RemoteSails.cpp:SendWithRetry:185] Successfully wrote 1052 bytes
[m[0;32;32m1970-01-04 05:09:13.984|I|1184141422|lpUCM [RemoteSails.cpp:HandleResponse:149] HandleResponse started, buffer size: 1048
[m[0;32;32m1970-01-04 05:09:13.984|I|1184141422|lpUCM [RemoteSails.cpp:HandleResponse:158] Successfully deserialized response, status: 0, result code: 0
[m[0;32;31m1970-01-04 05:09:13.984|E|1184141422|lpUCM [IpccProtoMessage.cpp:SerializeParams:112] m_offset, 125952
[m[1;33m1970-01-04 05:09:13.984|W|1184141422|lpUCM [RemoteSails.cpp:SendWithRetry:185] Successfully wrote 1052 bytes
[m[0;32;32m1970-01-04 05:09:13.987|I|1184141422|lpUCM [RemoteSails.cpp:HandleResponse:149] HandleResponse started, buffer size: 1048
[m[0;32;32m1970-01-04 05:09:13.987|I|1184141422|lpUCM [RemoteSails.cpp:HandleResponse:158] Successfully deserialized response, status: 0, result code: 0
[m[0;32;31m1970-01-04 05:09:13.987|E|1184141422|lpUCM [IpccProtoMessage.cpp:SerializeParams:112] m_offset, 126976
[m[1;33m1970-01-04 05:09:13.987|W|1184141422|lpUCM [RemoteSails.cpp:SendWithRetry:185] Successfully wrote 1052 bytes
[m[0;32;32m1970-01-04 05:09:14.23|I|1184141422|lpUCM [RemoteSails.cpp:HandleResponse:149] HandleResponse started, buffer size: 1048
[m[0;32;32m1970-01-04 05:09:14.23|I|1184141422|lpUCM [RemoteSails.cpp:HandleResponse:158] Successfully deserialized response, status: 0, result code: 0
[m[0;32;31m1970-01-04 05:09:14.23|E|1184141422|lpUCM [IpccProtoMessage.cpp:SerializeParams:112] m_offset, 128000
[m[1;33m1970-01-04 05:09:14.23|W|1184141422|lpUCM [RemoteSails.cpp:SendWithRetry:185] Successfully wrote 1052 bytes
[m[0;32;32m1970-01-04 05:09:14.26|I|1184141422|lpUCM [RemoteSails.cpp:HandleResponse:149] HandleResponse started, buffer size: 1048
[m[0;32;32m1970-01-04 05:09:14.26|I|1184141422|lpUCM [RemoteSails.cpp:HandleResponse:158] Successfully deserialized response, status: 0, result code: 0
[m[0;32;31m1970-01-04 05:09:14.26|E|1184141422|lpUCM [IpccProtoMessage.cpp:SerializeParams:112] m_offset, 129024
[m[1;33m1970-01-04 05:09:14.26|W|1184141422|lpUCM [RemoteSails.cpp:SendWithRetry:185] Successfully wrote 1052 bytes
[m[0;32;32m1970-01-04 05:09:14.29|I|1184141422|lpUCM [RemoteSails.cpp:HandleResponse:149] HandleResponse started, buffer size: 1048
[m[0;32;32m1970-01-04 05:09:14.29|I|1184141422|lpUCM [RemoteSails.cpp:HandleResponse:158] Successfully deserialized response, status: 0, result code: 0
[m[0;32;31m1970-01-04 05:09:14.29|E|1184141422|lpUCM [IpccProtoMessage.cpp:SerializeParams:112] m_offset, 130048
[m[1;33m1970-01-04 05:09:14.29|W|1184141422|lpUCM [RemoteSails.cpp:SendWithRetry:185] Successfully wrote 1052 bytes
[m[0;32;32m1970-01-04 05:09:14.35|I|1184141422|lpUCM [RemoteSails.cpp:HandleResponse:149] HandleResponse started, buffer size: 1048
[m[0;32;32m1970-01-04 05:09:14.35|I|1184141422|lpUCM [RemoteSails.cpp:HandleResponse:158] Successfully deserialized response, status: 0, result code: 0
[m[0;32;32m1970-01-04 05:09:14.35|I|1184141422|lpUCM [RemoteSails.cpp:SailWriteData:272] All data already trans size 16384
[m[0;32;32m1970-01-04 05:09:14.35|I|1184141422|lpUCM [fds.cpp:FDS_OnLocalUpgProgress:248] total: 23, curr:22, percent:20, rop:92%
[m[0;32;32m1970-01-04 05:09:14.35|I|1184141422|lpUCM [RemoteSails.cpp:SailWriteData:254] total data is 16384
[m[0;32;31m1970-01-04 05:09:14.35|E|1184141422|lpUCM [IpccProtoMessage.cpp:SerializeParams:112] m_offset, 131072
[m[1;33m1970-01-04 05:09:14.35|W|1184141422|lpUCM [RemoteSails.cpp:SendWithRetry:185] Successfully wrote 1052 bytes
[m[0;32;32m1970-01-04 05:09:14.69|I|1184141422|lpUCM [RemoteSails.cpp:HandleResponse:149] HandleResponse started, buffer size: 1048
[m[0;32;32m1970-01-04 05:09:14.69|I|1184141422|lpUCM [RemoteSails.cpp:HandleResponse:158] Successfully deserialized response, status: 0, result code: 0
[m[0;32;31m1970-01-04 05:09:14.69|E|1184141422|lpUCM [IpccProtoMessage.cpp:SerializeParams:112] m_offset, 132096
[m[1;33m1970-01-04 05:09:14.69|W|1184141422|lpUCM [RemoteSails.cpp:SendWithRetry:185] Successfully wrote 1052 bytes
[m[0;32;32m1970-01-04 05:09:14.76|I|1184141422|lpUCM [RemoteSails.cpp:HandleResponse:149] HandleResponse started, buffer size: 1048
[m[0;32;32m1970-01-04 05:09:14.76|I|1184141422|lpUCM [RemoteSails.cpp:HandleResponse:158] Successfully deserialized response, status: 0, result code: 0
[m[0;32;31m1970-01-04 05:09:14.76|E|1184141422|lpUCM [IpccProtoMessage.cpp:SerializeParams:112] m_offset, 133120
[m[1;33m1970-01-04 05:09:14.76|W|1184141422|lpUCM [RemoteSails.cpp:SendWithRetry:185] Successfully wrote 1052 bytes
[m[0;32;32m1970-01-04 05:09:14.80|I|1184141422|lpUCM [RemoteSails.cpp:HandleResponse:149] HandleResponse started, buffer size: 1048
[m[0;32;32m1970-01-04 05:09:14.80|I|1184141422|lpUCM [RemoteSails.cpp:HandleResponse:158] Successfully deserialized response, status: 0, result code: 0
[m[0;32;31m1970-01-04 05:09:14.80|E|1184141422|lpUCM [IpccProtoMessage.cpp:SerializeParams:112] m_offset, 134144
[m[1;33m1970-01-04 05:09:14.80|W|1184141422|lpUCM [RemoteSails.cpp:SendWithRetry:185] Successfully wrote 1052 bytes
[m[0;32;32m1970-01-04 05:09:14.84|I|1184141422|lpUCM [RemoteSails.cpp:HandleResponse:149] HandleResponse started, buffer size: 1048
[m[0;32;32m1970-01-04 05:09:14.84|I|1184141422|lpUCM [RemoteSails.cpp:HandleResponse:158] Successfully deserialized response, status: 0, result code: 0
[m[0;32;31m1970-01-04 05:09:14.84|E|1184141422|lpUCM [IpccProtoMessage.cpp:SerializeParams:112] m_offset, 135168
[m[1;33m1970-01-04 05:09:14.84|W|1184141422|lpUCM [RemoteSails.cpp:SendWithRetry:185] Successfully wrote 1052 bytes
[m[0;32;32m1970-01-04 05:09:14.118|I|1184141422|lpUCM [RemoteSails.cpp:HandleResponse:149] HandleResponse started, buffer size: 1048
[m[0;32;32m1970-01-04 05:09:14.118|I|1184141422|lpUCM [RemoteSails.cpp:HandleResponse:158] Successfully deserialized response, status: 0, result code: 0
[m[0;32;31m1970-01-04 05:09:14.118|E|1184141422|lpUCM [IpccProtoMessage.cpp:SerializeParams:112] m_offset, 136192
[m[1;33m1970-01-04 05:09:14.118|W|1184141422|lpUCM [RemoteSails.cpp:SendWithRetry:185] Successfully wrote 1052 bytes
[m[0;32;32m1970-01-04 05:09:14.122|I|1184141422|lpUCM [RemoteSails.cpp:HandleResponse:149] HandleResponse started, buffer size: 1048
[m[0;32;32m1970-01-04 05:09:14.122|I|1184141422|lpUCM [RemoteSails.cpp:HandleResponse:158] Successfully deserialized response, status: 0, result code: 0
[m[0;32;31m1970-01-04 05:09:14.122|E|1184141422|lpUCM [IpccProtoMessage.cpp:SerializeParams:112] m_offset, 137216
[m[1;33m1970-01-04 05:09:14.122|W|1184141422|lpUCM [RemoteSails.cpp:SendWithRetry:185] Successfully wrote 1052 bytes
[m[0;32;32m1970-01-04 05:09:14.125|I|1184141422|lpUCM [RemoteSails.cpp:HandleResponse:149] HandleResponse started, buffer size: 1048
[m[0;32;32m1970-01-04 05:09:14.125|I|1184141422|lpUCM [RemoteSails.cpp:HandleResponse:158] Successfully deserialized response, status: 0, result code: 0
[m[0;32;31m1970-01-04 05:09:14.125|E|1184141422|lpUCM [IpccProtoMessage.cpp:SerializeParams:112] m_offset, 138240
[m[1;33m1970-01-04 05:09:14.125|W|1184141422|lpUCM [RemoteSails.cpp:SendWithRetry:185] Successfully wrote 1052 bytes
[m[0;32;32m1970-01-04 05:09:14.129|I|1184141422|lpUCM [RemoteSails.cpp:HandleResponse:149] HandleResponse started, buffer size: 1048
[m[0;32;32m1970-01-04 05:09:14.129|I|1184141422|lpUCM [RemoteSails.cpp:HandleResponse:158] Successfully deserialized response, status: 0, result code: 0
[m[0;32;31m1970-01-04 05:09:14.129|E|1184141422|lpUCM [IpccProtoMessage.cpp:SerializeParams:112] m_offset, 139264
[m[1;33m1970-01-04 05:09:14.129|W|1184141422|lpUCM [RemoteSails.cpp:SendWithRetry:185] Successfully wrote 1052 bytes
[m[0;32;32m1970-01-04 05:09:14.164|I|1184141422|lpUCM [RemoteSails.cpp:HandleResponse:149] HandleResponse started, buffer size: 1048
[m[0;32;32m1970-01-04 05:09:14.164|I|1184141422|lpUCM [RemoteSails.cpp:HandleResponse:158] Successfully deserialized response, status: 0, result code: 0
[m[0;32;31m1970-01-04 05:09:14.164|E|1184141422|lpUCM [IpccProtoMessage.cpp:SerializeParams:112] m_offset, 140288
[m[1;33m1970-01-04 05:09:14.164|W|1184141422|lpUCM [RemoteSails.cpp:SendWithRetry:185] Successfully wrote 1052 bytes
[m[0;32;32m1970-01-04 05:09:14.167|I|1184141422|lpUCM [RemoteSails.cpp:HandleResponse:149] HandleResponse started, buffer size: 1048
[m[0;32;32m1970-01-04 05:09:14.167|I|1184141422|lpUCM [RemoteSails.cpp:HandleResponse:158] Successfully deserialized response, status: 0, result code: 0
[m[0;32;31m1970-01-04 05:09:14.167|E|1184141422|lpUCM [IpccProtoMessage.cpp:SerializeParams:112] m_offset, 141312
[m[1;33m1970-01-04 05:09:14.167|W|1184141422|lpUCM [RemoteSails.cpp:SendWithRetry:185] Successfully wrote 1052 bytes
[m[0;32;32m1970-01-04 05:09:14.170|I|1184141422|lpUCM [RemoteSails.cpp:HandleResponse:149] HandleResponse started, buffer size: 1048
[m[0;32;32m1970-01-04 05:09:14.170|I|1184141422|lpUCM [RemoteSails.cpp:HandleResponse:158] Successfully deserialized response, status: 0, result code: 0
[m[0;32;31m1970-01-04 05:09:14.170|E|1184141422|lpUCM [IpccProtoMessage.cpp:SerializeParams:112] m_offset, 142336
[m[1;33m1970-01-04 05:09:14.170|W|1184141422|lpUCM [RemoteSails.cpp:SendWithRetry:185] Successfully wrote 1052 bytes
[m[0;32;32m1970-01-04 05:09:14.173|I|1184141422|lpUCM [RemoteSails.cpp:HandleResponse:149] HandleResponse started, buffer size: 1048
[m[0;32;32m1970-01-04 05:09:14.173|I|1184141422|lpUCM [RemoteSails.cpp:HandleResponse:158] Successfully deserialized response, status: 0, result code: 0
[m[0;32;31m1970-01-04 05:09:14.173|E|1184141422|lpUCM [IpccProtoMessage.cpp:SerializeParams:112] m_offset, 143360
[m[1;33m1970-01-04 05:09:14.173|W|1184141422|lpUCM [RemoteSails.cpp:SendWithRetry:185] Successfully wrote 1052 bytes
[m[0;32;32m1970-01-04 05:09:14.206|I|1184141422|lpUCM [RemoteSails.cpp:HandleResponse:149] HandleResponse started, buffer size: 1048
[m[0;32;32m1970-01-04 05:09:14.206|I|1184141422|lpUCM [RemoteSails.cpp:HandleResponse:158] Successfully deserialized response, status: 0, result code: 0
[m[0;32;31m1970-01-04 05:09:14.206|E|1184141422|lpUCM [IpccProtoMessage.cpp:SerializeParams:112] m_offset, 144384
[m[1;33m1970-01-04 05:09:14.206|W|1184141422|lpUCM [RemoteSails.cpp:SendWithRetry:185] Successfully wrote 1052 bytes
[m[0;32;32m1970-01-04 05:09:14.209|I|1184141422|lpUCM [RemoteSails.cpp:HandleResponse:149] HandleResponse started, buffer size: 1048
[m[0;32;32m1970-01-04 05:09:14.209|I|1184141422|lpUCM [RemoteSails.cpp:HandleResponse:158] Successfully deserialized response, status: 0, result code: 0
[m[0;32;31m1970-01-04 05:09:14.209|E|1184141422|lpUCM [IpccProtoMessage.cpp:SerializeParams:112] m_offset, 145408
[m[1;33m1970-01-04 05:09:14.209|W|1184141422|lpUCM [RemoteSails.cpp:SendWithRetry:185] Successfully wrote 1052 bytes
[m[0;32;32m1970-01-04 05:09:14.215|I|1184141422|lpUCM [RemoteSails.cpp:HandleResponse:149] HandleResponse started, buffer size: 1048
[m[0;32;32m1970-01-04 05:09:14.215|I|1184141422|lpUCM [RemoteSails.cpp:HandleResponse:158] Successfully deserialized response, status: 0, result code: 0
[m[0;32;31m1970-01-04 05:09:14.215|E|1184141422|lpUCM [IpccProtoMessage.cpp:SerializeParams:112] m_offset, 146432
[m[1;33m1970-01-04 05:09:14.215|W|1184141422|lpUCM [RemoteSails.cpp:SendWithRetry:185] Successfully wrote 1052 bytes
[m[0;32;32m1970-01-04 05:09:14.218|I|1184141422|lpUCM [RemoteSails.cpp:HandleResponse:149] HandleResponse started, buffer size: 1048
[m[0;32;32m1970-01-04 05:09:14.218|I|1184141422|lpUCM [RemoteSails.cpp:HandleResponse:158] Successfully deserialized response, status: 0, result code: 0
[m[0;32;32m1970-01-04 05:09:14.218|I|1184141422|lpUCM [RemoteSails.cpp:SailWriteData:272] All data already trans size 16384
[m[0;32;32m1970-01-04 05:09:14.218|I|1184141422|lpUCM [fds.cpp:FDS_OnLocalUpgProgress:248] total: 23, curr:22, percent:21, rop:92%
[m[0;32;32m1970-01-04 05:09:14.218|I|1184141422|lpUCM [RemoteSails.cpp:SailWriteData:254] total data is 16384
[m[0;32;31m1970-01-04 05:09:14.218|E|1184141422|lpUCM [IpccProtoMessage.cpp:SerializeParams:112] m_offset, 147456
[m[1;33m1970-01-04 05:09:14.218|W|1184141422|lpUCM [RemoteSails.cpp:SendWithRetry:185] Successfully wrote 1052 bytes
[m[0;32;32m1970-01-04 05:09:14.248|I|1184141422|lpUCM [RemoteSails.cpp:HandleResponse:149] HandleResponse started, buffer size: 1048
[m[0;32;32m1970-01-04 05:09:14.248|I|1184141422|lpUCM [RemoteSails.cpp:HandleResponse:158] Successfully deserialized response, status: 0, result code: 0
[m[0;32;31m1970-01-04 05:09:14.248|E|1184141422|lpUCM [IpccProtoMessage.cpp:SerializeParams:112] m_offset, 148480
[m[1;33m1970-01-04 05:09:14.248|W|1184141422|lpUCM [RemoteSails.cpp:SendWithRetry:185] Successfully wrote 1052 bytes
[m[0;32;32m1970-01-04 05:09:14.255|I|1184141422|lpUCM [RemoteSails.cpp:HandleResponse:149] HandleResponse started, buffer size: 1048
[m[0;32;32m1970-01-04 05:09:14.255|I|1184141422|lpUCM [RemoteSails.cpp:HandleResponse:158] Successfully deserialized response, status: 0, result code: 0
[m[0;32;31m1970-01-04 05:09:14.255|E|1184141422|lpUCM [IpccProtoMessage.cpp:SerializeParams:112] m_offset, 149504
[m[1;33m1970-01-04 05:09:14.255|W|1184141422|lpUCM [RemoteSails.cpp:SendWithRetry:185] Successfully wrote 1052 bytes
[m[0;32;32m1970-01-04 05:09:14.258|I|1184141422|lpUCM [RemoteSails.cpp:HandleResponse:149] HandleResponse started, buffer size: 1048
[m[0;32;32m1970-01-04 05:09:14.258|I|1184141422|lpUCM [RemoteSails.cpp:HandleResponse:158] Successfully deserialized response, status: 0, result code: 0
[m[0;32;31m1970-01-04 05:09:14.258|E|1184141422|lpUCM [IpccProtoMessage.cpp:SerializeParams:112] m_offset, 150528
[m[1;33m1970-01-04 05:09:14.258|W|1184141422|lpUCM [RemoteSails.cpp:SendWithRetry:185] Successfully wrote 1052 bytes
[m[0;32;32m1970-01-04 05:09:14.265|I|1184141422|lpUCM [RemoteSails.cpp:HandleResponse:149] HandleResponse started, buffer size: 1048
[m[0;32;32m1970-01-04 05:09:14.265|I|1184141422|lpUCM [RemoteSails.cpp:HandleResponse:158] Successfully deserialized response, status: 0, result code: 0
[m[0;32;31m1970-01-04 05:09:14.265|E|1184141422|lpUCM [IpccProtoMessage.cpp:SerializeParams:112] m_offset, 151552
[m[1;33m1970-01-04 05:09:14.265|W|1184141422|lpUCM [RemoteSails.cpp:SendWithRetry:185] Successfully wrote 1052 bytes
[m[0;32;32m1970-01-04 05:09:14.300|I|1184141422|lpUCM [RemoteSails.cpp:HandleResponse:149] HandleResponse started, buffer size: 1048
[m[0;32;32m1970-01-04 05:09:14.300|I|1184141422|lpUCM [RemoteSails.cpp:HandleResponse:158] Successfully deserialized response, status: 0, result code: 0
[m[0;32;31m1970-01-04 05:09:14.300|E|1184141422|lpUCM [IpccProtoMessage.cpp:SerializeParams:112] m_offset, 152576
[m[1;33m1970-01-04 05:09:14.300|W|1184141422|lpUCM [RemoteSails.cpp:SendWithRetry:185] Successfully wrote 1052 bytes
[m[0;32;32m1970-01-04 05:09:14.306|I|1184141422|lpUCM [RemoteSails.cpp:HandleResponse:149] HandleResponse started, buffer size: 1048
[m[0;32;32m1970-01-04 05:09:14.306|I|1184141422|lpUCM [RemoteSails.cpp:HandleResponse:158] Successfully deserialized response, status: 0, result code: 0
[m[0;32;31m1970-01-04 05:09:14.306|E|1184141422|lpUCM [IpccProtoMessage.cpp:SerializeParams:112] m_offset, 153600
[m[1;33m1970-01-04 05:09:14.306|W|1184141422|lpUCM [RemoteSails.cpp:SendWithRetry:185] Successfully wrote 1052 bytes
[m[0;32;32m1970-01-04 05:09:14.309|I|1184141422|lpUCM [RemoteSails.cpp:HandleResponse:149] HandleResponse started, buffer size: 1048
[m[0;32;32m1970-01-04 05:09:14.309|I|1184141422|lpUCM [RemoteSails.cpp:HandleResponse:158] Successfully deserialized response, status: 0, result code: 0
[m[0;32;31m1970-01-04 05:09:14.309|E|1184141422|lpUCM [IpccProtoMessage.cpp:SerializeParams:112] m_offset, 154624
[m[1;33m1970-01-04 05:09:14.309|W|1184141422|lpUCM [RemoteSails.cpp:SendWithRetry:185] Successfully wrote 1052 bytes
[m[0;32;32m1970-01-04 05:09:14.315|I|1184141422|lpUCM [RemoteSails.cpp:HandleResponse:149] HandleResponse started, buffer size: 1048
[m[0;32;32m1970-01-04 05:09:14.315|I|1184141422|lpUCM [RemoteSails.cpp:HandleResponse:158] Successfully deserialized response, status: 0, result code: 0
[m[0;32;31m1970-01-04 05:09:14.315|E|1184141422|lpUCM [IpccProtoMessage.cpp:SerializeParams:112] m_offset, 155648
[m[1;33m1970-01-04 05:09:14.315|W|1184141422|lpUCM [RemoteSails.cpp:SendWithRetry:185] Successfully wrote 1052 bytes
[m[0;32;32m1970-01-04 05:09:14.349|I|1184141422|lpUCM [RemoteSails.cpp:HandleResponse:149] HandleResponse started, buffer size: 1048
[m[0;32;32m1970-01-04 05:09:14.349|I|1184141422|lpUCM [RemoteSails.cpp:HandleResponse:158] Successfully deserialized response, status: 0, result code: 0
[m[0;32;31m1970-01-04 05:09:14.349|E|1184141422|lpUCM [IpccProtoMessage.cpp:SerializeParams:112] m_offset, 156672
[m[1;33m1970-01-04 05:09:14.349|W|1184141422|lpUCM [RemoteSails.cpp:SendWithRetry:185] Successfully wrote 1052 bytes
[m[0;32;32m1970-01-04 05:09:14.356|I|1184141422|lpUCM [RemoteSails.cpp:HandleResponse:149] HandleResponse started, buffer size: 1048
[m[0;32;32m1970-01-04 05:09:14.356|I|1184141422|lpUCM [RemoteSails.cpp:HandleResponse:158] Successfully deserialized response, status: 0, result code: 0
[m[0;32;31m1970-01-04 05:09:14.356|E|1184141422|lpUCM [IpccProtoMessage.cpp:SerializeParams:112] m_offset, 157696
[m[1;33m1970-01-04 05:09:14.356|W|1184141422|lpUCM [RemoteSails.cpp:SendWithRetry:185] Successfully wrote 1052 bytes
[m[0;32;32m1970-01-04 05:09:14.360|I|1184141422|lpUCM [RemoteSails.cpp:HandleResponse:149] HandleResponse started, buffer size: 1048
[m[0;32;32m1970-01-04 05:09:14.360|I|1184141422|lpUCM [RemoteSails.cpp:HandleResponse:158] Successfully deserialized response, status: 0, result code: 0
[m[0;32;31m1970-01-04 05:09:14.360|E|1184141422|lpUCM [IpccProtoMessage.cpp:SerializeParams:112] m_offset, 158720
[m[1;33m1970-01-04 05:09:14.360|W|1184141422|lpUCM [RemoteSails.cpp:SendWithRetry:185] Successfully wrote 1052 bytes
[m[0;32;32m1970-01-04 05:09:14.363|I|1184141422|lpUCM [RemoteSails.cpp:HandleResponse:149] HandleResponse started, buffer size: 1048
[m[0;32;32m1970-01-04 05:09:14.363|I|1184141422|lpUCM [RemoteSails.cpp:HandleResponse:158] Successfully deserialized response, status: 0, result code: 0
[m[0;32;31m1970-01-04 05:09:14.363|E|1184141422|lpUCM [IpccProtoMessage.cpp:SerializeParams:112] m_offset, 159744
[m[1;33m1970-01-04 05:09:14.363|W|1184141422|lpUCM [RemoteSails.cpp:SendWithRetry:185] Successfully wrote 1052 bytes
[m[0;32;32m1970-01-04 05:09:14.394|I|1184141422|lpUCM [RemoteSails.cpp:HandleResponse:149] HandleResponse started, buffer size: 1048
[m[0;32;32m1970-01-04 05:09:14.394|I|1184141422|lpUCM [RemoteSails.cpp:HandleResponse:158] Successfully deserialized response, status: 0, result code: 0
[m[0;32;31m1970-01-04 05:09:14.394|E|1184141422|lpUCM [IpccProtoMessage.cpp:SerializeParams:112] m_offset, 160768
[m[1;33m1970-01-04 05:09:14.394|W|1184141422|lpUCM [RemoteSails.cpp:SendWithRetry:185] Successfully wrote 1052 bytes
[m[0;32;32m1970-01-04 05:09:14.397|I|1184141422|lpUCM [RemoteSails.cpp:HandleResponse:149] HandleResponse started, buffer size: 1048
[m[0;32;32m1970-01-04 05:09:14.397|I|1184141422|lpUCM [RemoteSails.cpp:HandleResponse:158] Successfully deserialized response, status: 0, result code: 0
[m[0;32;31m1970-01-04 05:09:14.397|E|1184141422|lpUCM [IpccProtoMessage.cpp:SerializeParams:112] m_offset, 161792
[m[1;33m1970-01-04 05:09:14.397|W|1184141422|lpUCM [RemoteSails.cpp:SendWithRetry:185] Successfully wrote 1052 bytes
[m[0;32;32m1970-01-04 05:09:14.400|I|1184141422|lpUCM [RemoteSails.cpp:HandleResponse:149] HandleResponse started, buffer size: 1048
[m[0;32;32m1970-01-04 05:09:14.400|I|1184141422|lpUCM [RemoteSails.cpp:HandleResponse:158] Successfully deserialized response, status: 0, result code: 0
[m[0;32;31m1970-01-04 05:09:14.400|E|1184141422|lpUCM [IpccProtoMessage.cpp:SerializeParams:112] m_offset, 162816
[m[1;33m1970-01-04 05:09:14.400|W|1184141422|lpUCM [RemoteSails.cpp:SendWithRetry:185] Successfully wrote 1052 bytes
[m[0;32;32m1970-01-04 05:09:14.403|I|1184141422|lpUCM [RemoteSails.cpp:HandleResponse:149] HandleResponse started, buffer size: 1048
[m[0;32;32m1970-01-04 05:09:14.403|I|1184141422|lpUCM [RemoteSails.cpp:HandleResponse:158] Successfully deserialized response, status: 0, result code: 0
[m[0;32;32m1970-01-04 05:09:14.403|I|1184141422|lpUCM [RemoteSails.cpp:SailWriteData:272] All data already trans size 16384
[m[0;32;32m1970-01-04 05:09:14.403|I|1184141422|lpUCM [fds.cpp:FDS_OnLocalUpgProgress:248] total: 23, curr:22, percent:22, rop:92%
[m[0;32;32m1970-01-04 05:09:14.403|I|1184141422|lpUCM [RemoteSails.cpp:SailWriteData:254] total data is 16384
[m[0;32;31m1970-01-04 05:09:14.403|E|1184141422|lpUCM [IpccProtoMessage.cpp:SerializeParams:112] m_offset, 163840
[m[1;33m1970-01-04 05:09:14.403|W|1184141422|lpUCM [RemoteSails.cpp:SendWithRetry:185] Successfully wrote 1052 bytes
[m[0;32;32m1970-01-04 05:09:14.436|I|1184141422|lpUCM [RemoteSails.cpp:HandleResponse:149] HandleResponse started, buffer size: 1048
[m[0;32;32m1970-01-04 05:09:14.436|I|1184141422|lpUCM [RemoteSails.cpp:HandleResponse:158] Successfully deserialized response, status: 0, result code: 0
[m[0;32;31m1970-01-04 05:09:14.436|E|1184141422|lpUCM [IpccProtoMessage.cpp:SerializeParams:112] m_offset, 164864
[m[1;33m1970-01-04 05:09:14.436|W|1184141422|lpUCM [RemoteSails.cpp:SendWithRetry:185] Successfully wrote 1052 bytes
[m[0;32;32m1970-01-04 05:09:14.439|I|1184141422|lpUCM [RemoteSails.cpp:HandleResponse:149] HandleResponse started, buffer size: 1048
[m[0;32;32m1970-01-04 05:09:14.439|I|1184141422|lpUCM [RemoteSails.cpp:HandleResponse:158] Successfully deserialized response, status: 0, result code: 0
[m[0;32;31m1970-01-04 05:09:14.439|E|1184141422|lpUCM [IpccProtoMessage.cpp:SerializeParams:112] m_offset, 165888
[m[1;33m1970-01-04 05:09:14.439|W|1184141422|lpUCM [RemoteSails.cpp:SendWithRetry:185] Successfully wrote 1052 bytes
[m[0;32;32m1970-01-04 05:09:14.445|I|1184141422|lpUCM [RemoteSails.cpp:HandleResponse:149] HandleResponse started, buffer size: 1048
[m[0;32;32m1970-01-04 05:09:14.445|I|1184141422|lpUCM [RemoteSails.cpp:HandleResponse:158] Successfully deserialized response, status: 0, result code: 0
[m[0;32;31m1970-01-04 05:09:14.445|E|1184141422|lpUCM [IpccProtoMessage.cpp:SerializeParams:112] m_offset, 166912
[m[1;33m1970-01-04 05:09:14.445|W|1184141422|lpUCM [RemoteSails.cpp:SendWithRetry:185] Successfully wrote 1052 bytes
[m[0;32;32m1970-01-04 05:09:14.448|I|1184141422|lpUCM [RemoteSails.cpp:HandleResponse:149] HandleResponse started, buffer size: 1048
[m[0;32;32m1970-01-04 05:09:14.448|I|1184141422|lpUCM [RemoteSails.cpp:HandleResponse:158] Successfully deserialized response, status: 0, result code: 0
[m[0;32;31m1970-01-04 05:09:14.448|E|1184141422|lpUCM [IpccProtoMessage.cpp:SerializeParams:112] m_offset, 167936
[m[1;33m1970-01-04 05:09:14.448|W|1184141422|lpUCM [RemoteSails.cpp:SendWithRetry:185] Successfully wrote 1052 bytes
[m[0;32;32m1970-01-04 05:09:14.481|I|1184141422|lpUCM [RemoteSails.cpp:HandleResponse:149] HandleResponse started, buffer size: 1048
[m[0;32;32m1970-01-04 05:09:14.481|I|1184141422|lpUCM [RemoteSails.cpp:HandleResponse:158] Successfully deserialized response, status: 0, result code: 0
[m[0;32;31m1970-01-04 05:09:14.481|E|1184141422|lpUCM [IpccProtoMessage.cpp:SerializeParams:112] m_offset, 168960
[m[1;33m1970-01-04 05:09:14.481|W|1184141422|lpUCM [RemoteSails.cpp:SendWithRetry:185] Successfully wrote 1052 bytes
[m[0;32;32m1970-01-04 05:09:14.485|I|1184141422|lpUCM [RemoteSails.cpp:HandleResponse:149] HandleResponse started, buffer size: 1048
[m[0;32;32m1970-01-04 05:09:14.485|I|1184141422|lpUCM [RemoteSails.cpp:HandleResponse:158] Successfully deserialized response, status: 0, result code: 0
[m[0;32;31m1970-01-04 05:09:14.485|E|1184141422|lpUCM [IpccProtoMessage.cpp:SerializeParams:112] m_offset, 169984
[m[1;33m1970-01-04 05:09:14.485|W|1184141422|lpUCM [RemoteSails.cpp:SendWithRetry:185] Successfully wrote 1052 bytes
[m[0;32;32m1970-01-04 05:09:14.489|I|1184141422|lpUCM [RemoteSails.cpp:HandleResponse:149] HandleResponse started, buffer size: 1048
[m[0;32;32m1970-01-04 05:09:14.489|I|1184141422|lpUCM [RemoteSails.cpp:HandleResponse:158] Successfully deserialized response, status: 0, result code: 0
[m[0;32;31m1970-01-04 05:09:14.489|E|1184141422|lpUCM [IpccProtoMessage.cpp:SerializeParams:112] m_offset, 171008
[m[1;33m1970-01-04 05:09:14.489|W|1184141422|lpUCM [RemoteSails.cpp:SendWithRetry:185] Successfully wrote 1052 bytes
[m[0;32;32m1970-01-04 05:09:14.496|I|1184141422|lpUCM [RemoteSails.cpp:HandleResponse:149] HandleResponse started, buffer size: 1048
[m[0;32;32m1970-01-04 05:09:14.496|I|1184141422|lpUCM [RemoteSails.cpp:HandleResponse:158] Successfully deserialized response, status: 0, result code: 0
[m[0;32;31m1970-01-04 05:09:14.496|E|1184141422|lpUCM [IpccProtoMessage.cpp:SerializeParams:112] m_offset, 172032
[m[1;33m1970-01-04 05:09:14.496|W|1184141422|lpUCM [RemoteSails.cpp:SendWithRetry:185] Successfully wrote 1052 bytes
[m[0;32;32m1970-01-04 05:09:14.527|I|1184141422|lpUCM [RemoteSails.cpp:HandleResponse:149] HandleResponse started, buffer size: 1048
[m[0;32;32m1970-01-04 05:09:14.527|I|1184141422|lpUCM [RemoteSails.cpp:HandleResponse:158] Successfully deserialized response, status: 0, result code: 0
[m[0;32;31m1970-01-04 05:09:14.527|E|1184141422|lpUCM [IpccProtoMessage.cpp:SerializeParams:112] m_offset, 173056
[m[1;33m1970-01-04 05:09:14.527|W|1184141422|lpUCM [RemoteSails.cpp:SendWithRetry:185] Successfully wrote 1052 bytes
[m[0;32;32m1970-01-04 05:09:14.531|I|1184141422|lpUCM [RemoteSails.cpp:HandleResponse:149] HandleResponse started, buffer size: 1048
[m[0;32;32m1970-01-04 05:09:14.531|I|1184141422|lpUCM [RemoteSails.cpp:HandleResponse:158] Successfully deserialized response, status: 0, result code: 0
[m[0;32;31m1970-01-04 05:09:14.531|E|1184141422|lpUCM [IpccProtoMessage.cpp:SerializeParams:112] m_offset, 174080
[m[1;33m1970-01-04 05:09:14.531|W|1184141422|lpUCM [RemoteSails.cpp:SendWithRetry:185] Successfully wrote 1052 bytes
[m[0;32;32m1970-01-04 05:09:14.535|I|1184141422|lpUCM [RemoteSails.cpp:HandleResponse:149] HandleResponse started, buffer size: 1048
[m[0;32;32m1970-01-04 05:09:14.535|I|1184141422|lpUCM [RemoteSails.cpp:HandleResponse:158] Successfully deserialized response, status: 0, result code: 0
[m[0;32;31m1970-01-04 05:09:14.535|E|1184141422|lpUCM [IpccProtoMessage.cpp:SerializeParams:112] m_offset, 175104
[m[1;33m1970-01-04 05:09:14.535|W|1184141422|lpUCM [RemoteSails.cpp:SendWithRetry:185] Successfully wrote 1052 bytes
[m[0;32;32m1970-01-04 05:09:14.538|I|1184141422|lpUCM [RemoteSails.cpp:HandleResponse:149] HandleResponse started, buffer size: 1048
[m[0;32;32m1970-01-04 05:09:14.538|I|1184141422|lpUCM [RemoteSails.cpp:HandleResponse:158] Successfully deserialized response, status: 0, result code: 0
[m[0;32;31m1970-01-04 05:09:14.538|E|1184141422|lpUCM [IpccProtoMessage.cpp:SerializeParams:112] m_offset, 176128
[m[1;33m1970-01-04 05:09:14.538|W|1184141422|lpUCM [RemoteSails.cpp:SendWithRetry:185] Successfully wrote 1052 bytes
[m[0;32;32m1970-01-04 05:09:14.568|I|1184141422|lpUCM [RemoteSails.cpp:HandleResponse:149] HandleResponse started, buffer size: 1048
[m[0;32;32m1970-01-04 05:09:14.568|I|1184141422|lpUCM [RemoteSails.cpp:HandleResponse:158] Successfully deserialized response, status: 0, result code: 0
[m[0;32;31m1970-01-04 05:09:14.568|E|1184141422|lpUCM [IpccProtoMessage.cpp:SerializeParams:112] m_offset, 177152
[m[1;33m1970-01-04 05:09:14.568|W|1184141422|lpUCM [RemoteSails.cpp:SendWithRetry:185] Successfully wrote 1052 bytes
[m[0;32;32m1970-01-04 05:09:14.571|I|1184141422|lpUCM [RemoteSails.cpp:HandleResponse:149] HandleResponse started, buffer size: 1048
[m[0;32;32m1970-01-04 05:09:14.571|I|1184141422|lpUCM [RemoteSails.cpp:HandleResponse:158] Successfully deserialized response, status: 0, result code: 0
[m[0;32;31m1970-01-04 05:09:14.571|E|1184141422|lpUCM [IpccProtoMessage.cpp:SerializeParams:112] m_offset, 178176
[m[1;33m1970-01-04 05:09:14.571|W|1184141422|lpUCM [RemoteSails.cpp:SendWithRetry:185] Successfully wrote 1052 bytes
[m[0;32;32m1970-01-04 05:09:14.574|I|1184141422|lpUCM [RemoteSails.cpp:HandleResponse:149] HandleResponse started, buffer size: 1048
[m[0;32;32m1970-01-04 05:09:14.574|I|1184141422|lpUCM [RemoteSails.cpp:HandleResponse:158] Successfully deserialized response, status: 0, result code: 0
[m[0;32;31m1970-01-04 05:09:14.574|E|1184141422|lpUCM [IpccProtoMessage.cpp:SerializeParams:112] m_offset, 179200
[m[1;33m1970-01-04 05:09:14.574|W|1184141422|lpUCM [RemoteSails.cpp:SendWithRetry:185] Successfully wrote 1052 bytes
[m[0;32;32m1970-01-04 05:09:14.577|I|1184141422|lpUCM [RemoteSails.cpp:HandleResponse:149] HandleResponse started, buffer size: 1048
[m[0;32;32m1970-01-04 05:09:14.577|I|1184141422|lpUCM [RemoteSails.cpp:HandleResponse:158] Successfully deserialized response, status: 0, result code: 0
[m[0;32;32m1970-01-04 05:09:14.577|I|1184141422|lpUCM [RemoteSails.cpp:SailWriteData:272] All data already trans size 16384
[m[0;32;32m1970-01-04 05:09:14.577|I|1184141422|lpUCM [fds.cpp:FDS_OnLocalUpgProgress:248] total: 23, curr:22, percent:23, rop:92%
[m[0;32;32m1970-01-04 05:09:14.577|I|1184141422|lpUCM [RemoteSails.cpp:SailWriteData:254] total data is 16384
[m[0;32;31m1970-01-04 05:09:14.577|E|1184141422|lpUCM [IpccProtoMessage.cpp:SerializeParams:112] m_offset, 180224
[m[1;33m1970-01-04 05:09:14.577|W|1184141422|lpUCM [RemoteSails.cpp:SendWithRetry:185] Successfully wrote 1052 bytes
[m[0;32;32m1970-01-04 05:09:14.607|I|1184141422|lpUCM [RemoteSails.cpp:HandleResponse:149] HandleResponse started, buffer size: 1048
[m[0;32;32m1970-01-04 05:09:14.607|I|1184141422|lpUCM [RemoteSails.cpp:HandleResponse:158] Successfully deserialized response, status: 0, result code: 0
[m[0;32;31m1970-01-04 05:09:14.607|E|1184141422|lpUCM [IpccProtoMessage.cpp:SerializeParams:112] m_offset, 181248
[m[1;33m1970-01-04 05:09:14.607|W|1184141422|lpUCM [RemoteSails.cpp:SendWithRetry:185] Successfully wrote 1052 bytes
[m[0;32;32m1970-01-04 05:09:14.613|I|1184141422|lpUCM [RemoteSails.cpp:HandleResponse:149] HandleResponse started, buffer size: 1048
[m[0;32;32m1970-01-04 05:09:14.613|I|1184141422|lpUCM [RemoteSails.cpp:HandleResponse:158] Successfully deserialized response, status: 0, result code: 0
[m[0;32;31m1970-01-04 05:09:14.613|E|1184141422|lpUCM [IpccProtoMessage.cpp:SerializeParams:112] m_offset, 182272
[m[1;33m1970-01-04 05:09:14.613|W|1184141422|lpUCM [RemoteSails.cpp:SendWithRetry:185] Successfully wrote 1052 bytes
[m[0;32;32m1970-01-04 05:09:14.616|I|1184141422|lpUCM [RemoteSails.cpp:HandleResponse:149] HandleResponse started, buffer size: 1048
[m[0;32;32m1970-01-04 05:09:14.616|I|1184141422|lpUCM [RemoteSails.cpp:HandleResponse:158] Successfully deserialized response, status: 0, result code: 0
[m[0;32;31m1970-01-04 05:09:14.616|E|1184141422|lpUCM [IpccProtoMessage.cpp:SerializeParams:112] m_offset, 183296
[m[1;33m1970-01-04 05:09:14.616|W|1184141422|lpUCM [RemoteSails.cpp:SendWithRetry:185] Successfully wrote 1052 bytes
[m[0;32;32m1970-01-04 05:09:14.619|I|1184141422|lpUCM [RemoteSails.cpp:HandleResponse:149] HandleResponse started, buffer size: 1048
[m[0;32;32m1970-01-04 05:09:14.619|I|1184141422|lpUCM [RemoteSails.cpp:HandleResponse:158] Successfully deserialized response, status: 0, result code: 0
[m[0;32;31m1970-01-04 05:09:14.619|E|1184141422|lpUCM [IpccProtoMessage.cpp:SerializeParams:112] m_offset, 184320
[m[1;33m1970-01-04 05:09:14.619|W|1184141422|lpUCM [RemoteSails.cpp:SendWithRetry:185] Successfully wrote 1052 bytes
[m[0;32;32m1970-01-04 05:09:14.649|I|1184141422|lpUCM [RemoteSails.cpp:HandleResponse:149] HandleResponse started, buffer size: 1048
[m[0;32;32m1970-01-04 05:09:14.649|I|1184141422|lpUCM [RemoteSails.cpp:HandleResponse:158] Successfully deserialized response, status: 0, result code: 0
[m[0;32;31m1970-01-04 05:09:14.649|E|1184141422|lpUCM [IpccProtoMessage.cpp:SerializeParams:112] m_offset, 185344
[m[1;33m1970-01-04 05:09:14.649|W|1184141422|lpUCM [RemoteSails.cpp:SendWithRetry:185] Successfully wrote 1052 bytes
[m[0;32;32m1970-01-04 05:09:14.655|I|1184141422|lpUCM [RemoteSails.cpp:HandleResponse:149] HandleResponse started, buffer size: 1048
[m[0;32;32m1970-01-04 05:09:14.655|I|1184141422|lpUCM [RemoteSails.cpp:HandleResponse:158] Successfully deserialized response, status: 0, result code: 0
[m[0;32;31m1970-01-04 05:09:14.655|E|1184141422|lpUCM [IpccProtoMessage.cpp:SerializeParams:112] m_offset, 186368
[m[1;33m1970-01-04 05:09:14.655|W|1184141422|lpUCM [RemoteSails.cpp:SendWithRetry:185] Successfully wrote 1052 bytes
[m[0;32;32m1970-01-04 05:09:14.658|I|1184141422|lpUCM [RemoteSails.cpp:HandleResponse:149] HandleResponse started, buffer size: 1048
[m[0;32;32m1970-01-04 05:09:14.658|I|1184141422|lpUCM [RemoteSails.cpp:HandleResponse:158] Successfully deserialized response, status: 0, result code: 0
[m[0;32;31m1970-01-04 05:09:14.658|E|1184141422|lpUCM [IpccProtoMessage.cpp:SerializeParams:112] m_offset, 187392
[m[1;33m1970-01-04 05:09:14.658|W|1184141422|lpUCM [RemoteSails.cpp:SendWithRetry:185] Successfully wrote 1052 bytes
[m[0;32;32m1970-01-04 05:09:14.664|I|1184141422|lpUCM [RemoteSails.cpp:HandleResponse:149] HandleResponse started, buffer size: 1048
[m[0;32;32m1970-01-04 05:09:14.664|I|1184141422|lpUCM [RemoteSails.cpp:HandleResponse:158] Successfully deserialized response, status: 0, result code: 0
[m[0;32;31m1970-01-04 05:09:14.664|E|1184141422|lpUCM [IpccProtoMessage.cpp:SerializeParams:112] m_offset, 188416
[m[1;33m1970-01-04 05:09:14.664|W|1184141422|lpUCM [RemoteSails.cpp:SendWithRetry:185] Successfully wrote 1052 bytes
[m[0;32;32m1970-01-04 05:09:14.697|I|1184141422|lpUCM [RemoteSails.cpp:HandleResponse:149] HandleResponse started, buffer size: 1048
[m[0;32;32m1970-01-04 05:09:14.697|I|1184141422|lpUCM [RemoteSails.cpp:HandleResponse:158] Successfully deserialized response, status: 0, result code: 0
[m[0;32;31m1970-01-04 05:09:14.697|E|1184141422|lpUCM [IpccProtoMessage.cpp:SerializeParams:112] m_offset, 189440
[m[1;33m1970-01-04 05:09:14.697|W|1184141422|lpUCM [RemoteSails.cpp:SendWithRetry:185] Successfully wrote 1052 bytes
[m[0;32;32m1970-01-04 05:09:14.700|I|1184141422|lpUCM [RemoteSails.cpp:HandleResponse:149] HandleResponse started, buffer size: 1048
[m[0;32;32m1970-01-04 05:09:14.700|I|1184141422|lpUCM [RemoteSails.cpp:HandleResponse:158] Successfully deserialized response, status: 0, result code: 0
[m[0;32;31m1970-01-04 05:09:14.700|E|1184141422|lpUCM [IpccProtoMessage.cpp:SerializeParams:112] m_offset, 190464
[m[1;33m1970-01-04 05:09:14.700|W|1184141422|lpUCM [RemoteSails.cpp:SendWithRetry:185] Successfully wrote 1052 bytes
[m[0;32;32m1970-01-04 05:09:14.707|I|1184141422|lpUCM [RemoteSails.cpp:HandleResponse:149] HandleResponse started, buffer size: 1048
[m[0;32;32m1970-01-04 05:09:14.707|I|1184141422|lpUCM [RemoteSails.cpp:HandleResponse:158] Successfully deserialized response, status: 0, result code: 0
[m[0;32;31m1970-01-04 05:09:14.707|E|1184141422|lpUCM [IpccProtoMessage.cpp:SerializeParams:112] m_offset, 191488
[m[1;33m1970-01-04 05:09:14.707|W|1184141422|lpUCM [RemoteSails.cpp:SendWithRetry:185] Successfully wrote 1052 bytes
[m[0;32;32m1970-01-04 05:09:14.711|I|1184141422|lpUCM [RemoteSails.cpp:HandleResponse:149] HandleResponse started, buffer size: 1048
[m[0;32;32m1970-01-04 05:09:14.711|I|1184141422|lpUCM [RemoteSails.cpp:HandleResponse:158] Successfully deserialized response, status: 0, result code: 0
[m[0;32;31m1970-01-04 05:09:14.711|E|1184141422|lpUCM [IpccProtoMessage.cpp:SerializeParams:112] m_offset, 192512
[m[1;33m1970-01-04 05:09:14.711|W|1184141422|lpUCM [RemoteSails.cpp:SendWithRetry:185] Successfully wrote 1052 bytes
[m[0;32;32m1970-01-04 05:09:14.741|I|1184141422|lpUCM [RemoteSails.cpp:HandleResponse:149] HandleResponse started, buffer size: 1048
[m[0;32;32m1970-01-04 05:09:14.741|I|1184141422|lpUCM [RemoteSails.cpp:HandleResponse:158] Successfully deserialized response, status: 0, result code: 0
[m[0;32;31m1970-01-04 05:09:14.741|E|1184141422|lpUCM [IpccProtoMessage.cpp:SerializeParams:112] m_offset, 193536
[m[1;33m1970-01-04 05:09:14.741|W|1184141422|lpUCM [RemoteSails.cpp:SendWithRetry:185] Successfully wrote 1052 bytes
[m[0;32;32m1970-01-04 05:09:14.745|I|1184141422|lpUCM [RemoteSails.cpp:HandleResponse:149] HandleResponse started, buffer size: 1048
[m[0;32;32m1970-01-04 05:09:14.745|I|1184141422|lpUCM [RemoteSails.cpp:HandleResponse:158] Successfully deserialized response, status: 0, result code: 0
[m[0;32;31m1970-01-04 05:09:14.745|E|1184141422|lpUCM [IpccProtoMessage.cpp:SerializeParams:112] m_offset, 194560
[m[1;33m1970-01-04 05:09:14.745|W|1184141422|lpUCM [RemoteSails.cpp:SendWithRetry:185] Successfully wrote 1052 bytes
[m[0;32;32m1970-01-04 05:09:14.748|I|1184141422|lpUCM [RemoteSails.cpp:HandleResponse:149] HandleResponse started, buffer size: 1048
[m[0;32;32m1970-01-04 05:09:14.748|I|1184141422|lpUCM [RemoteSails.cpp:HandleResponse:158] Successfully deserialized response, status: 0, result code: 0
[m[0;32;31m1970-01-04 05:09:14.748|E|1184141422|lpUCM [IpccProtoMessage.cpp:SerializeParams:112] m_offset, 195584
[m[1;33m1970-01-04 05:09:14.748|W|1184141422|lpUCM [RemoteSails.cpp:SendWithRetry:185] Successfully wrote 1052 bytes
[m[0;32;32m1970-01-04 05:09:14.752|I|1184141422|lpUCM [RemoteSails.cpp:HandleResponse:149] HandleResponse started, buffer size: 1048
[m[0;32;32m1970-01-04 05:09:14.752|I|1184141422|lpUCM [RemoteSails.cpp:HandleResponse:158] Successfully deserialized response, status: 0, result code: 0
[m[0;32;32m1970-01-04 05:09:14.752|I|1184141422|lpUCM [RemoteSails.cpp:SailWriteData:272] All data already trans size 16384
[m[0;32;32m1970-01-04 05:09:14.752|I|1184141422|lpUCM [fds.cpp:FDS_OnLocalUpgProgress:248] total: 23, curr:22, percent:24, rop:92%
[m[0;32;32m1970-01-04 05:09:14.752|I|1184141422|lpUCM [RemoteSails.cpp:SailWriteData:254] total data is 16384
[m[0;32;31m1970-01-04 05:09:14.752|E|1184141422|lpUCM [IpccProtoMessage.cpp:SerializeParams:112] m_offset, 196608
[m[1;33m1970-01-04 05:09:14.752|W|1184141422|lpUCM [RemoteSails.cpp:SendWithRetry:185] Successfully wrote 1052 bytes
[m[0;32;32m1970-01-04 05:09:14.787|I|1184141422|lpUCM [RemoteSails.cpp:HandleResponse:149] HandleResponse started, buffer size: 1048
[m[0;32;32m1970-01-04 05:09:14.787|I|1184141422|lpUCM [RemoteSails.cpp:HandleResponse:158] Successfully deserialized response, status: 0, result code: 0
[m[0;32;31m1970-01-04 05:09:14.787|E|1184141422|lpUCM [IpccProtoMessage.cpp:SerializeParams:112] m_offset, 197632
[m[1;33m1970-01-04 05:09:14.787|W|1184141422|lpUCM [RemoteSails.cpp:SendWithRetry:185] Successfully wrote 1052 bytes
[m[0;32;32m1970-01-04 05:09:14.790|I|1184141422|lpUCM [RemoteSails.cpp:HandleResponse:149] HandleResponse started, buffer size: 1048
[m[0;32;32m1970-01-04 05:09:14.790|I|1184141422|lpUCM [RemoteSails.cpp:HandleResponse:158] Successfully deserialized response, status: 0, result code: 0
[m[0;32;31m1970-01-04 05:09:14.790|E|1184141422|lpUCM [IpccProtoMessage.cpp:SerializeParams:112] m_offset, 198656
[m[1;33m1970-01-04 05:09:14.790|W|1184141422|lpUCM [RemoteSails.cpp:SendWithRetry:185] Successfully wrote 1052 bytes
[m[0;32;32m1970-01-04 05:09:14.794|I|1184141422|lpUCM [RemoteSails.cpp:HandleResponse:149] HandleResponse started, buffer size: 1048
[m[0;32;32m1970-01-04 05:09:14.794|I|1184141422|lpUCM [RemoteSails.cpp:HandleResponse:158] Successfully deserialized response, status: 0, result code: 0
[m[0;32;31m1970-01-04 05:09:14.794|E|1184141422|lpUCM [IpccProtoMessage.cpp:SerializeParams:112] m_offset, 199680
[m[1;33m1970-01-04 05:09:14.794|W|1184141422|lpUCM [RemoteSails.cpp:SendWithRetry:185] Successfully wrote 1052 bytes
[m[0;32;32m1970-01-04 05:09:14.797|I|1184141422|lpUCM [RemoteSails.cpp:HandleResponse:149] HandleResponse started, buffer size: 1048
[m[0;32;32m1970-01-04 05:09:14.797|I|1184141422|lpUCM [RemoteSails.cpp:HandleResponse:158] Successfully deserialized response, status: 0, result code: 0
[m[0;32;31m1970-01-04 05:09:14.797|E|1184141422|lpUCM [IpccProtoMessage.cpp:SerializeParams:112] m_offset, 200704
[m[1;33m1970-01-04 05:09:14.797|W|1184141422|lpUCM [RemoteSails.cpp:SendWithRetry:185] Successfully wrote 1052 bytes
[m[0;32;32m1970-01-04 05:09:14.830|I|1184141422|lpUCM [RemoteSails.cpp:HandleResponse:149] HandleResponse started, buffer size: 1048
[m[0;32;32m1970-01-04 05:09:14.830|I|1184141422|lpUCM [RemoteSails.cpp:HandleResponse:158] Successfully deserialized response, status: 0, result code: 0
[m[0;32;31m1970-01-04 05:09:14.830|E|1184141422|lpUCM [IpccProtoMessage.cpp:SerializeParams:112] m_offset, 201728
[m[1;33m1970-01-04 05:09:14.830|W|1184141422|lpUCM [RemoteSails.cpp:SendWithRetry:185] Successfully wrote 1052 bytes
[m[0;32;32m1970-01-04 05:09:14.833|I|1184141422|lpUCM [RemoteSails.cpp:HandleResponse:149] HandleResponse started, buffer size: 1048
[m[0;32;32m1970-01-04 05:09:14.833|I|1184141422|lpUCM [RemoteSails.cpp:HandleResponse:158] Successfully deserialized response, status: 0, result code: 0
[m[0;32;31m1970-01-04 05:09:14.833|E|1184141422|lpUCM [IpccProtoMessage.cpp:SerializeParams:112] m_offset, 202752
[m[1;33m1970-01-04 05:09:14.833|W|1184141422|lpUCM [RemoteSails.cpp:SendWithRetry:185] Successfully wrote 1052 bytes
[m[0;32;32m1970-01-04 05:09:14.836|I|1184141422|lpUCM [RemoteSails.cpp:HandleResponse:149] HandleResponse started, buffer size: 1048
[m[0;32;32m1970-01-04 05:09:14.836|I|1184141422|lpUCM [RemoteSails.cpp:HandleResponse:158] Successfully deserialized response, status: 0, result code: 0
[m[0;32;31m1970-01-04 05:09:14.836|E|1184141422|lpUCM [IpccProtoMessage.cpp:SerializeParams:112] m_offset, 203776
[m[1;33m1970-01-04 05:09:14.836|W|1184141422|lpUCM [RemoteSails.cpp:SendWithRetry:185] Successfully wrote 1052 bytes
[m[0;32;32m1970-01-04 05:09:14.839|I|1184141422|lpUCM [RemoteSails.cpp:HandleResponse:149] HandleResponse started, buffer size: 1048
[m[0;32;32m1970-01-04 05:09:14.839|I|1184141422|lpUCM [RemoteSails.cpp:HandleResponse:158] Successfully deserialized response, status: 0, result code: 0
[m[0;32;31m1970-01-04 05:09:14.839|E|1184141422|lpUCM [IpccProtoMessage.cpp:SerializeParams:112] m_offset, 204800
[m[1;33m1970-01-04 05:09:14.839|W|1184141422|lpUCM [RemoteSails.cpp:SendWithRetry:185] Successfully wrote 1052 bytes
[m[0;32;32m1970-01-04 05:09:14.869|I|1184141422|lpUCM [RemoteSails.cpp:HandleResponse:149] HandleResponse started, buffer size: 1048
[m[0;32;32m1970-01-04 05:09:14.869|I|1184141422|lpUCM [RemoteSails.cpp:HandleResponse:158] Successfully deserialized response, status: 0, result code: 0
[m[0;32;31m1970-01-04 05:09:14.869|E|1184141422|lpUCM [IpccProtoMessage.cpp:SerializeParams:112] m_offset, 205824
[m[1;33m1970-01-04 05:09:14.869|W|1184141422|lpUCM [RemoteSails.cpp:SendWithRetry:185] Successfully wrote 1052 bytes
[m[0;32;32m1970-01-04 05:09:14.873|I|1184141422|lpUCM [RemoteSails.cpp:HandleResponse:149] HandleResponse started, buffer size: 1048
[m[0;32;32m1970-01-04 05:09:14.873|I|1184141422|lpUCM [RemoteSails.cpp:HandleResponse:158] Successfully deserialized response, status: 0, result code: 0
[m[0;32;31m1970-01-04 05:09:14.873|E|1184141422|lpUCM [IpccProtoMessage.cpp:SerializeParams:112] m_offset, 206848
[m[1;33m1970-01-04 05:09:14.873|W|1184141422|lpUCM [RemoteSails.cpp:SendWithRetry:185] Successfully wrote 1052 bytes
[m[0;32;32m1970-01-04 05:09:14.876|I|1184141422|lpUCM [RemoteSails.cpp:HandleResponse:149] HandleResponse started, buffer size: 1048
[m[0;32;32m1970-01-04 05:09:14.876|I|1184141422|lpUCM [RemoteSails.cpp:HandleResponse:158] Successfully deserialized response, status: 0, result code: 0
[m[0;32;31m1970-01-04 05:09:14.876|E|1184141422|lpUCM [IpccProtoMessage.cpp:SerializeParams:112] m_offset, 207872
[m[1;33m1970-01-04 05:09:14.876|W|1184141422|lpUCM [RemoteSails.cpp:SendWithRetry:185] Successfully wrote 1052 bytes
[m[0;32;32m1970-01-04 05:09:14.880|I|1184141422|lpUCM [RemoteSails.cpp:HandleResponse:149] HandleResponse started, buffer size: 1048
[m[0;32;32m1970-01-04 05:09:14.880|I|1184141422|lpUCM [RemoteSails.cpp:HandleResponse:158] Successfully deserialized response, status: 0, result code: 0
[m[0;32;31m1970-01-04 05:09:14.880|E|1184141422|lpUCM [IpccProtoMessage.cpp:SerializeParams:112] m_offset, 208896
[m[1;33m1970-01-04 05:09:14.880|W|1184141422|lpUCM [RemoteSails.cpp:SendWithRetry:185] Successfully wrote 1052 bytes
[m[0;32;32m1970-01-04 05:09:14.914|I|1184141422|lpUCM [RemoteSails.cpp:HandleResponse:149] HandleResponse started, buffer size: 1048
[m[0;32;32m1970-01-04 05:09:14.914|I|1184141422|lpUCM [RemoteSails.cpp:HandleResponse:158] Successfully deserialized response, status: 0, result code: 0
[m[0;32;31m1970-01-04 05:09:14.914|E|1184141422|lpUCM [IpccProtoMessage.cpp:SerializeParams:112] m_offset, 209920
[m[1;33m1970-01-04 05:09:14.914|W|1184141422|lpUCM [RemoteSails.cpp:SendWithRetry:185] Successfully wrote 1052 bytes
[m[0;32;32m1970-01-04 05:09:14.918|I|1184141422|lpUCM [RemoteSails.cpp:HandleResponse:149] HandleResponse started, buffer size: 1048
[m[0;32;32m1970-01-04 05:09:14.918|I|1184141422|lpUCM [RemoteSails.cpp:HandleResponse:158] Successfully deserialized response, status: 0, result code: 0
[m[0;32;31m1970-01-04 05:09:14.918|E|1184141422|lpUCM [IpccProtoMessage.cpp:SerializeParams:112] m_offset, 210944
[m[1;33m1970-01-04 05:09:14.918|W|1184141422|lpUCM [RemoteSails.cpp:SendWithRetry:185] Successfully wrote 1052 bytes
[m[0;32;32m1970-01-04 05:09:14.925|I|1184141422|lpUCM [RemoteSails.cpp:HandleResponse:149] HandleResponse started, buffer size: 1048
[m[0;32;32m1970-01-04 05:09:14.925|I|1184141422|lpUCM [RemoteSails.cpp:HandleResponse:158] Successfully deserialized response, status: 0, result code: 0
[m[0;32;31m1970-01-04 05:09:14.925|E|1184141422|lpUCM [IpccProtoMessage.cpp:SerializeParams:112] m_offset, 211968
[m[1;33m1970-01-04 05:09:14.925|W|1184141422|lpUCM [RemoteSails.cpp:SendWithRetry:185] Successfully wrote 1052 bytes
[m[0;32;32m1970-01-04 05:09:14.928|I|1184141422|lpUCM [RemoteSails.cpp:HandleResponse:149] HandleResponse started, buffer size: 1048
[m[0;32;32m1970-01-04 05:09:14.928|I|1184141422|lpUCM [RemoteSails.cpp:HandleResponse:158] Successfully deserialized response, status: 0, result code: 0
[m[0;32;32m1970-01-04 05:09:14.928|I|1184141422|lpUCM [RemoteSails.cpp:SailWriteData:272] All data already trans size 16384
[m[0;32;32m1970-01-04 05:09:14.928|I|1184141422|lpUCM [fds.cpp:FDS_OnLocalUpgProgress:248] total: 23, curr:22, percent:25, rop:92%
[m[0;32;32m1970-01-04 05:09:14.928|I|1184141422|lpUCM [RemoteSails.cpp:SailWriteData:254] total data is 16384
[m[0;32;31m1970-01-04 05:09:14.928|E|1184141422|lpUCM [IpccProtoMessage.cpp:SerializeParams:112] m_offset, 212992
[m[1;33m1970-01-04 05:09:14.928|W|1184141422|lpUCM [RemoteSails.cpp:SendWithRetry:185] Successfully wrote 1052 bytes
[m[0;32;32m1970-01-04 05:09:14.959|I|1184141422|lpUCM [RemoteSails.cpp:HandleResponse:149] HandleResponse started, buffer size: 1048
[m[0;32;32m1970-01-04 05:09:14.959|I|1184141422|lpUCM [RemoteSails.cpp:HandleResponse:158] Successfully deserialized response, status: 0, result code: 0
[m[0;32;31m1970-01-04 05:09:14.959|E|1184141422|lpUCM [IpccProtoMessage.cpp:SerializeParams:112] m_offset, 214016
[m[1;33m1970-01-04 05:09:14.959|W|1184141422|lpUCM [RemoteSails.cpp:SendWithRetry:185] Successfully wrote 1052 bytes
[m[0;32;32m1970-01-04 05:09:14.963|I|1184141422|lpUCM [RemoteSails.cpp:HandleResponse:149] HandleResponse started, buffer size: 1048
[m[0;32;32m1970-01-04 05:09:14.963|I|1184141422|lpUCM [RemoteSails.cpp:HandleResponse:158] Successfully deserialized response, status: 0, result code: 0
[m[0;32;31m1970-01-04 05:09:14.963|E|1184141422|lpUCM [IpccProtoMessage.cpp:SerializeParams:112] m_offset, 215040
[m[1;33m1970-01-04 05:09:14.963|W|1184141422|lpUCM [RemoteSails.cpp:SendWithRetry:185] Successfully wrote 1052 bytes
[m[0;32;32m1970-01-04 05:09:14.967|I|1184141422|lpUCM [RemoteSails.cpp:HandleResponse:149] HandleResponse started, buffer size: 1048
[m[0;32;32m1970-01-04 05:09:14.967|I|1184141422|lpUCM [RemoteSails.cpp:HandleResponse:158] Successfully deserialized response, status: 0, result code: 0
[m[0;32;31m1970-01-04 05:09:14.967|E|1184141422|lpUCM [IpccProtoMessage.cpp:SerializeParams:112] m_offset, 216064
[m[1;33m1970-01-04 05:09:14.967|W|1184141422|lpUCM [RemoteSails.cpp:SendWithRetry:185] Successfully wrote 1052 bytes
[m[0;32;32m1970-01-04 05:09:14.970|I|1184141422|lpUCM [RemoteSails.cpp:HandleResponse:149] HandleResponse started, buffer size: 1048
[m[0;32;32m1970-01-04 05:09:14.970|I|1184141422|lpUCM [RemoteSails.cpp:HandleResponse:158] Successfully deserialized response, status: 0, result code: 0
[m[0;32;31m1970-01-04 05:09:14.970|E|1184141422|lpUCM [IpccProtoMessage.cpp:SerializeParams:112] m_offset, 217088
[m[1;33m1970-01-04 05:09:14.970|W|1184141422|lpUCM [RemoteSails.cpp:SendWithRetry:185] Successfully wrote 1052 bytes
[m[0;32;32m1970-01-04 05:09:15.0|I|1184141422|lpUCM [RemoteSails.cpp:HandleResponse:149] HandleResponse started, buffer size: 1048
[m[0;32;32m1970-01-04 05:09:15.0|I|1184141422|lpUCM [RemoteSails.cpp:HandleResponse:158] Successfully deserialized response, status: 0, result code: 0
[m[0;32;31m1970-01-04 05:09:15.0|E|1184141422|lpUCM [IpccProtoMessage.cpp:SerializeParams:112] m_offset, 218112
[m[1;33m1970-01-04 05:09:15.0|W|1184141422|lpUCM [RemoteSails.cpp:SendWithRetry:185] Successfully wrote 1052 bytes
[m[0;32;32m1970-01-04 05:09:15.3|I|1184141422|lpUCM [RemoteSails.cpp:HandleResponse:149] HandleResponse started, buffer size: 1048
[m[0;32;32m1970-01-04 05:09:15.3|I|1184141422|lpUCM [RemoteSails.cpp:HandleResponse:158] Successfully deserialized response, status: 0, result code: 0
[m[0;32;31m1970-01-04 05:09:15.3|E|1184141422|lpUCM [IpccProtoMessage.cpp:SerializeParams:112] m_offset, 219136
[m[1;33m1970-01-04 05:09:15.3|W|1184141422|lpUCM [RemoteSails.cpp:SendWithRetry:185] Successfully wrote 1052 bytes
[m[0;32;32m1970-01-04 05:09:15.6|I|1184141422|lpUCM [RemoteSails.cpp:HandleResponse:149] HandleResponse started, buffer size: 1048
[m[0;32;32m1970-01-04 05:09:15.6|I|1184141422|lpUCM [RemoteSails.cpp:HandleResponse:158] Successfully deserialized response, status: 0, result code: 0
[m[0;32;31m1970-01-04 05:09:15.6|E|1184141422|lpUCM [IpccProtoMessage.cpp:SerializeParams:112] m_offset, 220160
[m[1;33m1970-01-04 05:09:15.6|W|1184141422|lpUCM [RemoteSails.cpp:SendWithRetry:185] Successfully wrote 1052 bytes
[m[0;32;32m1970-01-04 05:09:15.9|I|1184141422|lpUCM [RemoteSails.cpp:HandleResponse:149] HandleResponse started, buffer size: 1048
[m[0;32;32m1970-01-04 05:09:15.9|I|1184141422|lpUCM [RemoteSails.cpp:HandleResponse:158] Successfully deserialized response, status: 0, result code: 0
[m[0;32;31m1970-01-04 05:09:15.9|E|1184141422|lpUCM [IpccProtoMessage.cpp:SerializeParams:112] m_offset, 221184
[m[1;33m1970-01-04 05:09:15.9|W|1184141422|lpUCM [RemoteSails.cpp:SendWithRetry:185] Successfully wrote 1052 bytes
[m[0;32;32m1970-01-04 05:09:15.42|I|1184141422|lpUCM [RemoteSails.cpp:HandleResponse:149] HandleResponse started, buffer size: 1048
[m[0;32;32m1970-01-04 05:09:15.42|I|1184141422|lpUCM [RemoteSails.cpp:HandleResponse:158] Successfully deserialized response, status: 0, result code: 0
[m[0;32;31m1970-01-04 05:09:15.42|E|1184141422|lpUCM [IpccProtoMessage.cpp:SerializeParams:112] m_offset, 222208
[m[1;33m1970-01-04 05:09:15.42|W|1184141422|lpUCM [RemoteSails.cpp:SendWithRetry:185] Successfully wrote 1052 bytes
[m[0;32;32m1970-01-04 05:09:15.45|I|1184141422|lpUCM [RemoteSails.cpp:HandleResponse:149] HandleResponse started, buffer size: 1048
[m[0;32;32m1970-01-04 05:09:15.45|I|1184141422|lpUCM [RemoteSails.cpp:HandleResponse:158] Successfully deserialized response, status: 0, result code: 0
[m[0;32;31m1970-01-04 05:09:15.45|E|1184141422|lpUCM [IpccProtoMessage.cpp:SerializeParams:112] m_offset, 223232
[m[1;33m1970-01-04 05:09:15.45|W|1184141422|lpUCM [RemoteSails.cpp:SendWithRetry:185] Successfully wrote 1052 bytes
[m[0;32;32m1970-01-04 05:09:15.48|I|1184141422|lpUCM [RemoteSails.cpp:HandleResponse:149] HandleResponse started, buffer size: 1048
[m[0;32;32m1970-01-04 05:09:15.48|I|1184141422|lpUCM [RemoteSails.cpp:HandleResponse:158] Successfully deserialized response, status: 0, result code: 0
[m[0;32;31m1970-01-04 05:09:15.48|E|1184141422|lpUCM [IpccProtoMessage.cpp:SerializeParams:112] m_offset, 224256
[m[1;33m1970-01-04 05:09:15.48|W|1184141422|lpUCM [RemoteSails.cpp:SendWithRetry:185] Successfully wrote 1052 bytes
[m[0;32;32m1970-01-04 05:09:15.54|I|1184141422|lpUCM [RemoteSails.cpp:HandleResponse:149] HandleResponse started, buffer size: 1048
[m[0;32;32m1970-01-04 05:09:15.54|I|1184141422|lpUCM [RemoteSails.cpp:HandleResponse:158] Successfully deserialized response, status: 0, result code: 0
[m[0;32;31m1970-01-04 05:09:15.54|E|1184141422|lpUCM [IpccProtoMessage.cpp:SerializeParams:112] m_offset, 225280
[m[1;33m1970-01-04 05:09:15.54|W|1184141422|lpUCM [RemoteSails.cpp:SendWithRetry:185] Successfully wrote 1052 bytes
[m[0;32;32m1970-01-04 05:09:15.87|I|1184141422|lpUCM [RemoteSails.cpp:HandleResponse:149] HandleResponse started, buffer size: 1048
[m[0;32;32m1970-01-04 05:09:15.87|I|1184141422|lpUCM [RemoteSails.cpp:HandleResponse:158] Successfully deserialized response, status: 0, result code: 0
[m[0;32;31m1970-01-04 05:09:15.87|E|1184141422|lpUCM [IpccProtoMessage.cpp:SerializeParams:112] m_offset, 226304
[m[1;33m1970-01-04 05:09:15.87|W|1184141422|lpUCM [RemoteSails.cpp:SendWithRetry:185] Successfully wrote 1052 bytes
[m[0;32;32m1970-01-04 05:09:15.90|I|1184141422|lpUCM [RemoteSails.cpp:HandleResponse:149] HandleResponse started, buffer size: 1048
[m[0;32;32m1970-01-04 05:09:15.90|I|1184141422|lpUCM [RemoteSails.cpp:HandleResponse:158] Successfully deserialized response, status: 0, result code: 0
[m[0;32;31m1970-01-04 05:09:15.90|E|1184141422|lpUCM [IpccProtoMessage.cpp:SerializeParams:112] m_offset, 227328
[m[1;33m1970-01-04 05:09:15.90|W|1184141422|lpUCM [RemoteSails.cpp:SendWithRetry:185] Successfully wrote 1052 bytes
[m[0;32;32m1970-01-04 05:09:15.93|I|1184141422|lpUCM [RemoteSails.cpp:HandleResponse:149] HandleResponse started, buffer size: 1048
[m[0;32;32m1970-01-04 05:09:15.93|I|1184141422|lpUCM [RemoteSails.cpp:HandleResponse:158] Successfully deserialized response, status: 0, result code: 0
[m[0;32;31m1970-01-04 05:09:15.93|E|1184141422|lpUCM [IpccProtoMessage.cpp:SerializeParams:112] m_offset, 228352
[m[1;33m1970-01-04 05:09:15.93|W|1184141422|lpUCM [RemoteSails.cpp:SendWithRetry:185] Successfully wrote 1052 bytes
[m[0;32;32m1970-01-04 05:09:15.96|I|1184141422|lpUCM [RemoteSails.cpp:HandleResponse:149] HandleResponse started, buffer size: 1048
[m[0;32;32m1970-01-04 05:09:15.96|I|1184141422|lpUCM [RemoteSails.cpp:HandleResponse:158] Successfully deserialized response, status: 0, result code: 0
[m[0;32;32m1970-01-04 05:09:15.96|I|1184141422|lpUCM [RemoteSails.cpp:SailWriteData:272] All data already trans size 16384
[m[0;32;32m1970-01-04 05:09:15.96|I|1184141422|lpUCM [fds.cpp:FDS_OnLocalUpgProgress:248] total: 23, curr:22, percent:26, rop:92%
[m[0;32;32m1970-01-04 05:09:15.96|I|1184141422|lpUCM [RemoteSails.cpp:SailWriteData:254] total data is 16384
[m[0;32;31m1970-01-04 05:09:15.96|E|1184141422|lpUCM [IpccProtoMessage.cpp:SerializeParams:112] m_offset, 229376
[m[1;33m1970-01-04 05:09:15.96|W|1184141422|lpUCM [RemoteSails.cpp:SendWithRetry:185] Successfully wrote 1052 bytes
[m[0;32;32m1970-01-04 05:09:15.128|I|1184141422|lpUCM [RemoteSails.cpp:HandleResponse:149] HandleResponse started, buffer size: 1048
[m[0;32;32m1970-01-04 05:09:15.128|I|1184141422|lpUCM [RemoteSails.cpp:HandleResponse:158] Successfully deserialized response, status: 0, result code: 0
[m[0;32;31m1970-01-04 05:09:15.128|E|1184141422|lpUCM [IpccProtoMessage.cpp:SerializeParams:112] m_offset, 230400
[m[1;33m1970-01-04 05:09:15.128|W|1184141422|lpUCM [RemoteSails.cpp:SendWithRetry:185] Successfully wrote 1052 bytes
[m[0;32;32m1970-01-04 05:09:15.135|I|1184141422|lpUCM [RemoteSails.cpp:HandleResponse:149] HandleResponse started, buffer size: 1048
[m[0;32;32m1970-01-04 05:09:15.135|I|1184141422|lpUCM [RemoteSails.cpp:HandleResponse:158] Successfully deserialized response, status: 0, result code: 0
[m[0;32;31m1970-01-04 05:09:15.135|E|1184141422|lpUCM [IpccProtoMessage.cpp:SerializeParams:112] m_offset, 231424
[m[1;33m1970-01-04 05:09:15.135|W|1184141422|lpUCM [RemoteSails.cpp:SendWithRetry:185] Successfully wrote 1052 bytes
[m[0;32;32m1970-01-04 05:09:15.138|I|1184141422|lpUCM [RemoteSails.cpp:HandleResponse:149] HandleResponse started, buffer size: 1048
[m[0;32;32m1970-01-04 05:09:15.138|I|1184141422|lpUCM [RemoteSails.cpp:HandleResponse:158] Successfully deserialized response, status: 0, result code: 0
[m[0;32;31m1970-01-04 05:09:15.138|E|1184141422|lpUCM [IpccProtoMessage.cpp:SerializeParams:112] m_offset, 232448
[m[1;33m1970-01-04 05:09:15.138|W|1184141422|lpUCM [RemoteSails.cpp:SendWithRetry:185] Successfully wrote 1052 bytes
[m[0;32;32m1970-01-04 05:09:15.145|I|1184141422|lpUCM [RemoteSails.cpp:HandleResponse:149] HandleResponse started, buffer size: 1048
[m[0;32;32m1970-01-04 05:09:15.145|I|1184141422|lpUCM [RemoteSails.cpp:HandleResponse:158] Successfully deserialized response, status: 0, result code: 0
[m[0;32;31m1970-01-04 05:09:15.145|E|1184141422|lpUCM [IpccProtoMessage.cpp:SerializeParams:112] m_offset, 233472
[m[1;33m1970-01-04 05:09:15.145|W|1184141422|lpUCM [RemoteSails.cpp:SendWithRetry:185] Successfully wrote 1052 bytes
[m[0;32;32m1970-01-04 05:09:15.180|I|1184141422|lpUCM [RemoteSails.cpp:HandleResponse:149] HandleResponse started, buffer size: 1048
[m[0;32;32m1970-01-04 05:09:15.180|I|1184141422|lpUCM [RemoteSails.cpp:HandleResponse:158] Successfully deserialized response, status: 0, result code: 0
[m[0;32;31m1970-01-04 05:09:15.180|E|1184141422|lpUCM [IpccProtoMessage.cpp:SerializeParams:112] m_offset, 234496
[m[1;33m1970-01-04 05:09:15.180|W|1184141422|lpUCM [RemoteSails.cpp:SendWithRetry:185] Successfully wrote 1052 bytes
[m[0;32;32m1970-01-04 05:09:15.183|I|1184141422|lpUCM [RemoteSails.cpp:HandleResponse:149] HandleResponse started, buffer size: 1048
[m[0;32;32m1970-01-04 05:09:15.183|I|1184141422|lpUCM [RemoteSails.cpp:HandleResponse:158] Successfully deserialized response, status: 0, result code: 0
[m[0;32;31m1970-01-04 05:09:15.183|E|1184141422|lpUCM [IpccProtoMessage.cpp:SerializeParams:112] m_offset, 235520
[m[1;33m1970-01-04 05:09:15.183|W|1184141422|lpUCM [RemoteSails.cpp:SendWithRetry:185] Successfully wrote 1052 bytes
[m[0;32;32m1970-01-04 05:09:15.186|I|1184141422|lpUCM [RemoteSails.cpp:HandleResponse:149] HandleResponse started, buffer size: 1048
[m[0;32;32m1970-01-04 05:09:15.186|I|1184141422|lpUCM [RemoteSails.cpp:HandleResponse:158] Successfully deserialized response, status: 0, result code: 0
[m[0;32;31m1970-01-04 05:09:15.186|E|1184141422|lpUCM [IpccProtoMessage.cpp:SerializeParams:112] m_offset, 236544
[m[1;33m1970-01-04 05:09:15.186|W|1184141422|lpUCM [RemoteSails.cpp:SendWithRetry:185] Successfully wrote 1052 bytes
[m[0;32;32m1970-01-04 05:09:15.189|I|1184141422|lpUCM [RemoteSails.cpp:HandleResponse:149] HandleResponse started, buffer size: 1048
[m[0;32;32m1970-01-04 05:09:15.189|I|1184141422|lpUCM [RemoteSails.cpp:HandleResponse:158] Successfully deserialized response, status: 0, result code: 0
[m[0;32;31m1970-01-04 05:09:15.189|E|1184141422|lpUCM [IpccProtoMessage.cpp:SerializeParams:112] m_offset, 237568
[m[1;33m1970-01-04 05:09:15.189|W|1184141422|lpUCM [RemoteSails.cpp:SendWithRetry:185] Successfully wrote 1052 bytes
[m[0;32;32m1970-01-04 05:09:15.222|I|1184141422|lpUCM [RemoteSails.cpp:HandleResponse:149] HandleResponse started, buffer size: 1048
[m[0;32;32m1970-01-04 05:09:15.222|I|1184141422|lpUCM [RemoteSails.cpp:HandleResponse:158] Successfully deserialized response, status: 0, result code: 0
[m[0;32;31m1970-01-04 05:09:15.222|E|1184141422|lpUCM [IpccProtoMessage.cpp:SerializeParams:112] m_offset, 238592
[m[1;33m1970-01-04 05:09:15.222|W|1184141422|lpUCM [RemoteSails.cpp:SendWithRetry:185] Successfully wrote 1052 bytes
[m[0;32;32m1970-01-04 05:09:15.225|I|1184141422|lpUCM [RemoteSails.cpp:HandleResponse:149] HandleResponse started, buffer size: 1048
[m[0;32;32m1970-01-04 05:09:15.225|I|1184141422|lpUCM [RemoteSails.cpp:HandleResponse:158] Successfully deserialized response, status: 0, result code: 0
[m[0;32;31m1970-01-04 05:09:15.225|E|1184141422|lpUCM [IpccProtoMessage.cpp:SerializeParams:112] m_offset, 239616
[m[1;33m1970-01-04 05:09:15.225|W|1184141422|lpUCM [RemoteSails.cpp:SendWithRetry:185] Successfully wrote 1052 bytes
[m[0;32;32m1970-01-04 05:09:15.228|I|1184141422|lpUCM [RemoteSails.cpp:HandleResponse:149] HandleResponse started, buffer size: 1048
[m[0;32;32m1970-01-04 05:09:15.228|I|1184141422|lpUCM [RemoteSails.cpp:HandleResponse:158] Successfully deserialized response, status: 0, result code: 0
[m[0;32;31m1970-01-04 05:09:15.228|E|1184141422|lpUCM [IpccProtoMessage.cpp:SerializeParams:112] m_offset, 240640
[m[1;33m1970-01-04 05:09:15.228|W|1184141422|lpUCM [RemoteSails.cpp:SendWithRetry:185] Successfully wrote 1052 bytes
[m[0;32;32m1970-01-04 05:09:15.235|I|1184141422|lpUCM [RemoteSails.cpp:HandleResponse:149] HandleResponse started, buffer size: 1048
[m[0;32;32m1970-01-04 05:09:15.235|I|1184141422|lpUCM [RemoteSails.cpp:HandleResponse:158] Successfully deserialized response, status: 0, result code: 0
[m[0;32;31m1970-01-04 05:09:15.235|E|1184141422|lpUCM [IpccProtoMessage.cpp:SerializeParams:112] m_offset, 241664
[m[1;33m1970-01-04 05:09:15.235|W|1184141422|lpUCM [RemoteSails.cpp:SendWithRetry:185] Successfully wrote 1052 bytes
[m[0;32;32m1970-01-04 05:09:15.267|I|1184141422|lpUCM [RemoteSails.cpp:HandleResponse:149] HandleResponse started, buffer size: 1048
[m[0;32;32m1970-01-04 05:09:15.267|I|1184141422|lpUCM [RemoteSails.cpp:HandleResponse:158] Successfully deserialized response, status: 0, result code: 0
[m[0;32;31m1970-01-04 05:09:15.267|E|1184141422|lpUCM [IpccProtoMessage.cpp:SerializeParams:112] m_offset, 242688
[m[1;33m1970-01-04 05:09:15.267|W|1184141422|lpUCM [RemoteSails.cpp:SendWithRetry:185] Successfully wrote 1052 bytes
[m[0;32;32m1970-01-04 05:09:15.270|I|1184141422|lpUCM [RemoteSails.cpp:HandleResponse:149] HandleResponse started, buffer size: 1048
[m[0;32;32m1970-01-04 05:09:15.270|I|1184141422|lpUCM [RemoteSails.cpp:HandleResponse:158] Successfully deserialized response, status: 0, result code: 0
[m[0;32;31m1970-01-04 05:09:15.270|E|1184141422|lpUCM [IpccProtoMessage.cpp:SerializeParams:112] m_offset, 243712
[m[1;33m1970-01-04 05:09:15.270|W|1184141422|lpUCM [RemoteSails.cpp:SendWithRetry:185] Successfully wrote 1052 bytes
[m[0;32;32m1970-01-04 05:09:15.274|I|1184141422|lpUCM [RemoteSails.cpp:HandleResponse:149] HandleResponse started, buffer size: 1048
[m[0;32;32m1970-01-04 05:09:15.274|I|1184141422|lpUCM [RemoteSails.cpp:HandleResponse:158] Successfully deserialized response, status: 0, result code: 0
[m[0;32;31m1970-01-04 05:09:15.274|E|1184141422|lpUCM [IpccProtoMessage.cpp:SerializeParams:112] m_offset, 244736
[m[1;33m1970-01-04 05:09:15.274|W|1184141422|lpUCM [RemoteSails.cpp:SendWithRetry:185] Successfully wrote 1052 bytes
[m[0;32;32m1970-01-04 05:09:15.277|I|1184141422|lpUCM [RemoteSails.cpp:HandleResponse:149] HandleResponse started, buffer size: 1048
[m[0;32;32m1970-01-04 05:09:15.277|I|1184141422|lpUCM [RemoteSails.cpp:HandleResponse:158] Successfully deserialized response, status: 0, result code: 0
[m[0;32;32m1970-01-04 05:09:15.277|I|1184141422|lpUCM [RemoteSails.cpp:SailWriteData:272] All data already trans size 16384
[m[0;32;32m1970-01-04 05:09:15.277|I|1184141422|lpUCM [fds.cpp:FDS_OnLocalUpgProgress:248] total: 23, curr:22, percent:27, rop:92%
[m[0;32;32m1970-01-04 05:09:15.277|I|1184141422|lpUCM [RemoteSails.cpp:SailWriteData:254] total data is 16384
[m[0;32;31m1970-01-04 05:09:15.277|E|1184141422|lpUCM [IpccProtoMessage.cpp:SerializeParams:112] m_offset, 245760
[m[1;33m1970-01-04 05:09:15.277|W|1184141422|lpUCM [RemoteSails.cpp:SendWithRetry:185] Successfully wrote 1052 bytes
[m[0;32;32m1970-01-04 05:09:15.308|I|1184141422|lpUCM [RemoteSails.cpp:HandleResponse:149] HandleResponse started, buffer size: 1048
[m[0;32;32m1970-01-04 05:09:15.308|I|1184141422|lpUCM [RemoteSails.cpp:HandleResponse:158] Successfully deserialized response, status: 0, result code: 0
[m[0;32;31m1970-01-04 05:09:15.308|E|1184141422|lpUCM [IpccProtoMessage.cpp:SerializeParams:112] m_offset, 246784
[m[1;33m1970-01-04 05:09:15.308|W|1184141422|lpUCM [RemoteSails.cpp:SendWithRetry:185] Successfully wrote 1052 bytes
[m[0;32;32m1970-01-04 05:09:15.312|I|1184141422|lpUCM [RemoteSails.cpp:HandleResponse:149] HandleResponse started, buffer size: 1048
[m[0;32;32m1970-01-04 05:09:15.312|I|1184141422|lpUCM [RemoteSails.cpp:HandleResponse:158] Successfully deserialized response, status: 0, result code: 0
[m[0;32;31m1970-01-04 05:09:15.312|E|1184141422|lpUCM [IpccProtoMessage.cpp:SerializeParams:112] m_offset, 247808
[m[1;33m1970-01-04 05:09:15.312|W|1184141422|lpUCM [RemoteSails.cpp:SendWithRetry:185] Successfully wrote 1052 bytes
[m[0;32;32m1970-01-04 05:09:15.315|I|1184141422|lpUCM [RemoteSails.cpp:HandleResponse:149] HandleResponse started, buffer size: 1048
[m[0;32;32m1970-01-04 05:09:15.315|I|1184141422|lpUCM [RemoteSails.cpp:HandleResponse:158] Successfully deserialized response, status: 0, result code: 0
[m[0;32;31m1970-01-04 05:09:15.315|E|1184141422|lpUCM [IpccProtoMessage.cpp:SerializeParams:112] m_offset, 248832
[m[1;33m1970-01-04 05:09:15.315|W|1184141422|lpUCM [RemoteSails.cpp:SendWithRetry:185] Successfully wrote 1052 bytes
[m[0;32;32m1970-01-04 05:09:15.319|I|1184141422|lpUCM [RemoteSails.cpp:HandleResponse:149] HandleResponse started, buffer size: 1048
[m[0;32;32m1970-01-04 05:09:15.319|I|1184141422|lpUCM [RemoteSails.cpp:HandleResponse:158] Successfully deserialized response, status: 0, result code: 0
[m[0;32;31m1970-01-04 05:09:15.319|E|1184141422|lpUCM [IpccProtoMessage.cpp:SerializeParams:112] m_offset, 249856
[m[1;33m1970-01-04 05:09:15.319|W|1184141422|lpUCM [RemoteSails.cpp:SendWithRetry:185] Successfully wrote 1052 bytes
[m[0;32;32m1970-01-04 05:09:15.355|I|1184141422|lpUCM [RemoteSails.cpp:HandleResponse:149] HandleResponse started, buffer size: 1048
[m[0;32;32m1970-01-04 05:09:15.355|I|1184141422|lpUCM [RemoteSails.cpp:HandleResponse:158] Successfully deserialized response, status: 0, result code: 0
[m[0;32;31m1970-01-04 05:09:15.355|E|1184141422|lpUCM [IpccProtoMessage.cpp:SerializeParams:112] m_offset, 250880
[m[1;33m1970-01-04 05:09:15.355|W|1184141422|lpUCM [RemoteSails.cpp:SendWithRetry:185] Successfully wrote 1052 bytes
[m[0;32;32m1970-01-04 05:09:15.359|I|1184141422|lpUCM [RemoteSails.cpp:HandleResponse:149] HandleResponse started, buffer size: 1048
[m[0;32;32m1970-01-04 05:09:15.359|I|1184141422|lpUCM [RemoteSails.cpp:HandleResponse:158] Successfully deserialized response, status: 0, result code: 0
[m[0;32;31m1970-01-04 05:09:15.359|E|1184141422|lpUCM [IpccProtoMessage.cpp:SerializeParams:112] m_offset, 251904
[m[1;33m1970-01-04 05:09:15.359|W|1184141422|lpUCM [RemoteSails.cpp:SendWithRetry:185] Successfully wrote 1052 bytes
[m[0;32;32m1970-01-04 05:09:15.363|I|1184141422|lpUCM [RemoteSails.cpp:HandleResponse:149] HandleResponse started, buffer size: 1048
[m[0;32;32m1970-01-04 05:09:15.363|I|1184141422|lpUCM [RemoteSails.cpp:HandleResponse:158] Successfully deserialized response, status: 0, result code: 0
[m[0;32;31m1970-01-04 05:09:15.363|E|1184141422|lpUCM [IpccProtoMessage.cpp:SerializeParams:112] m_offset, 252928
[m[1;33m1970-01-04 05:09:15.363|W|1184141422|lpUCM [RemoteSails.cpp:SendWithRetry:185] Successfully wrote 1052 bytes
[m[0;32;32m1970-01-04 05:09:15.366|I|1184141422|lpUCM [RemoteSails.cpp:HandleResponse:149] HandleResponse started, buffer size: 1048
[m[0;32;32m1970-01-04 05:09:15.366|I|1184141422|lpUCM [RemoteSails.cpp:HandleResponse:158] Successfully deserialized response, status: 0, result code: 0
[m[0;32;31m1970-01-04 05:09:15.366|E|1184141422|lpUCM [IpccProtoMessage.cpp:SerializeParams:112] m_offset, 253952
[m[1;33m1970-01-04 05:09:15.366|W|1184141422|lpUCM [RemoteSails.cpp:SendWithRetry:185] Successfully wrote 1052 bytes
[m[0;32;32m1970-01-04 05:09:15.396|I|1184141422|lpUCM [RemoteSails.cpp:HandleResponse:149] HandleResponse started, buffer size: 1048
[m[0;32;32m1970-01-04 05:09:15.396|I|1184141422|lpUCM [RemoteSails.cpp:HandleResponse:158] Successfully deserialized response, status: 0, result code: 0
[m[0;32;31m1970-01-04 05:09:15.396|E|1184141422|lpUCM [IpccProtoMessage.cpp:SerializeParams:112] m_offset, 254976
[m[1;33m1970-01-04 05:09:15.396|W|1184141422|lpUCM [RemoteSails.cpp:SendWithRetry:185] Successfully wrote 1052 bytes
[m[0;32;32m1970-01-04 05:09:15.399|I|1184141422|lpUCM [RemoteSails.cpp:HandleResponse:149] HandleResponse started, buffer size: 1048
[m[0;32;32m1970-01-04 05:09:15.399|I|1184141422|lpUCM [RemoteSails.cpp:HandleResponse:158] Successfully deserialized response, status: 0, result code: 0
[m[0;32;31m1970-01-04 05:09:15.399|E|1184141422|lpUCM [IpccProtoMessage.cpp:SerializeParams:112] m_offset, 256000
[m[1;33m1970-01-04 05:09:15.399|W|1184141422|lpUCM [RemoteSails.cpp:SendWithRetry:185] Successfully wrote 1052 bytes
[m[0;32;32m1970-01-04 05:09:15.405|I|1184141422|lpUCM [RemoteSails.cpp:HandleResponse:149] HandleResponse started, buffer size: 1048
[m[0;32;32m1970-01-04 05:09:15.405|I|1184141422|lpUCM [RemoteSails.cpp:HandleResponse:158] Successfully deserialized response, status: 0, result code: 0
[m[0;32;31m1970-01-04 05:09:15.405|E|1184141422|lpUCM [IpccProtoMessage.cpp:SerializeParams:112] m_offset, 257024
[m[1;33m1970-01-04 05:09:15.405|W|1184141422|lpUCM [RemoteSails.cpp:SendWithRetry:185] Successfully wrote 1052 bytes
[m[0;32;32m1970-01-04 05:09:15.408|I|1184141422|lpUCM [RemoteSails.cpp:HandleResponse:149] HandleResponse started, buffer size: 1048
[m[0;32;32m1970-01-04 05:09:15.408|I|1184141422|lpUCM [RemoteSails.cpp:HandleResponse:158] Successfully deserialized response, status: 0, result code: 0
[m[0;32;31m1970-01-04 05:09:15.408|E|1184141422|lpUCM [IpccProtoMessage.cpp:SerializeParams:112] m_offset, 258048
[m[1;33m1970-01-04 05:09:15.408|W|1184141422|lpUCM [RemoteSails.cpp:SendWithRetry:185] Successfully wrote 1052 bytes
[m[0;32;32m1970-01-04 05:09:15.441|I|1184141422|lpUCM [RemoteSails.cpp:HandleResponse:149] HandleResponse started, buffer size: 1048
[m[0;32;32m1970-01-04 05:09:15.441|I|1184141422|lpUCM [RemoteSails.cpp:HandleResponse:158] Successfully deserialized response, status: 0, result code: 0
[m[0;32;31m1970-01-04 05:09:15.441|E|1184141422|lpUCM [IpccProtoMessage.cpp:SerializeParams:112] m_offset, 259072
[m[1;33m1970-01-04 05:09:15.441|W|1184141422|lpUCM [RemoteSails.cpp:SendWithRetry:185] Successfully wrote 1052 bytes
[m[0;32;32m1970-01-04 05:09:15.444|I|1184141422|lpUCM [RemoteSails.cpp:HandleResponse:149] HandleResponse started, buffer size: 1048
[m[0;32;32m1970-01-04 05:09:15.444|I|1184141422|lpUCM [RemoteSails.cpp:HandleResponse:158] Successfully deserialized response, status: 0, result code: 0
[m[0;32;31m1970-01-04 05:09:15.444|E|1184141422|lpUCM [IpccProtoMessage.cpp:SerializeParams:112] m_offset, 260096
[m[1;33m1970-01-04 05:09:15.444|W|1184141422|lpUCM [RemoteSails.cpp:SendWithRetry:185] Successfully wrote 1052 bytes
[m[0;32;32m1970-01-04 05:09:15.447|I|1184141422|lpUCM [RemoteSails.cpp:HandleResponse:149] HandleResponse started, buffer size: 1048
[m[0;32;32m1970-01-04 05:09:15.447|I|1184141422|lpUCM [RemoteSails.cpp:HandleResponse:158] Successfully deserialized response, status: 0, result code: 0
[m[0;32;31m1970-01-04 05:09:15.447|E|1184141422|lpUCM [IpccProtoMessage.cpp:SerializeParams:112] m_offset, 261120
[m[1;33m1970-01-04 05:09:15.447|W|1184141422|lpUCM [RemoteSails.cpp:SendWithRetry:185] Successfully wrote 1052 bytes
[m[0;32;32m1970-01-04 05:09:15.450|I|1184141422|lpUCM [RemoteSails.cpp:HandleResponse:149] HandleResponse started, buffer size: 1048
[m[0;32;32m1970-01-04 05:09:15.450|I|1184141422|lpUCM [RemoteSails.cpp:HandleResponse:158] Successfully deserialized response, status: 0, result code: 0
[m[0;32;32m1970-01-04 05:09:15.450|I|1184141422|lpUCM [RemoteSails.cpp:SailWriteData:272] All data already trans size 16384
[m[0;32;32m1970-01-04 05:09:15.450|I|1184141422|lpUCM [fds.cpp:FDS_OnLocalUpgProgress:248] total: 23, curr:22, percent:28, rop:92%
[m[0;32;32m1970-01-04 05:09:15.450|I|1184141422|lpUCM [RemoteSails.cpp:SailWriteData:254] total data is 16384
[m[0;32;31m1970-01-04 05:09:15.450|E|1184141422|lpUCM [IpccProtoMessage.cpp:SerializeParams:112] m_offset, 262144
[m[1;33m1970-01-04 05:09:15.450|W|1184141422|lpUCM [RemoteSails.cpp:SendWithRetry:185] Successfully wrote 1052 bytes
[m[0;32;32m1970-01-04 05:09:15.483|I|1184141422|lpUCM [RemoteSails.cpp:HandleResponse:149] HandleResponse started, buffer size: 1048
[m[0;32;32m1970-01-04 05:09:15.483|I|1184141422|lpUCM [RemoteSails.cpp:HandleResponse:158] Successfully deserialized response, status: 0, result code: 0
[m[0;32;31m1970-01-04 05:09:15.483|E|1184141422|lpUCM [IpccProtoMessage.cpp:SerializeParams:112] m_offset, 263168
[m[1;33m1970-01-04 05:09:15.483|W|1184141422|lpUCM [RemoteSails.cpp:SendWithRetry:185] Successfully wrote 1052 bytes
[m[0;32;32m1970-01-04 05:09:15.486|I|1184141422|lpUCM [RemoteSails.cpp:HandleResponse:149] HandleResponse started, buffer size: 1048
[m[0;32;32m1970-01-04 05:09:15.486|I|1184141422|lpUCM [RemoteSails.cpp:HandleResponse:158] Successfully deserialized response, status: 0, result code: 0
[m[0;32;31m1970-01-04 05:09:15.486|E|1184141422|lpUCM [IpccProtoMessage.cpp:SerializeParams:112] m_offset, 264192
[m[1;33m1970-01-04 05:09:15.486|W|1184141422|lpUCM [RemoteSails.cpp:SendWithRetry:185] Successfully wrote 1052 bytes
[m[0;32;32m1970-01-04 05:09:15.489|I|1184141422|lpUCM [RemoteSails.cpp:HandleResponse:149] HandleResponse started, buffer size: 1048
[m[0;32;32m1970-01-04 05:09:15.489|I|1184141422|lpUCM [RemoteSails.cpp:HandleResponse:158] Successfully deserialized response, status: 0, result code: 0
[m[0;32;31m1970-01-04 05:09:15.489|E|1184141422|lpUCM [IpccProtoMessage.cpp:SerializeParams:112] m_offset, 265216
[m[1;33m1970-01-04 05:09:15.489|W|1184141422|lpUCM [RemoteSails.cpp:SendWithRetry:185] Successfully wrote 1052 bytes
[m[0;32;32m1970-01-04 05:09:15.495|I|1184141422|lpUCM [RemoteSails.cpp:HandleResponse:149] HandleResponse started, buffer size: 1048
[m[0;32;32m1970-01-04 05:09:15.495|I|1184141422|lpUCM [RemoteSails.cpp:HandleResponse:158] Successfully deserialized response, status: 0, result code: 0
[m[0;32;31m1970-01-04 05:09:15.495|E|1184141422|lpUCM [IpccProtoMessage.cpp:SerializeParams:112] m_offset, 266240
[m[1;33m1970-01-04 05:09:15.495|W|1184141422|lpUCM [RemoteSails.cpp:SendWithRetry:185] Successfully wrote 1052 bytes
[m[0;32;32m1970-01-04 05:09:15.525|I|1184141422|lpUCM [RemoteSails.cpp:HandleResponse:149] HandleResponse started, buffer size: 1048
[m[0;32;32m1970-01-04 05:09:15.525|I|1184141422|lpUCM [RemoteSails.cpp:HandleResponse:158] Successfully deserialized response, status: 0, result code: 0
[m[0;32;31m1970-01-04 05:09:15.525|E|1184141422|lpUCM [IpccProtoMessage.cpp:SerializeParams:112] m_offset, 267264
[m[1;33m1970-01-04 05:09:15.525|W|1184141422|lpUCM [RemoteSails.cpp:SendWithRetry:185] Successfully wrote 1052 bytes
[m[0;32;32m1970-01-04 05:09:15.529|I|1184141422|lpUCM [RemoteSails.cpp:HandleResponse:149] HandleResponse started, buffer size: 1048
[m[0;32;32m1970-01-04 05:09:15.529|I|1184141422|lpUCM [RemoteSails.cpp:HandleResponse:158] Successfully deserialized response, status: 0, result code: 0
[m[0;32;31m1970-01-04 05:09:15.529|E|1184141422|lpUCM [IpccProtoMessage.cpp:SerializeParams:112] m_offset, 268288
[m[1;33m1970-01-04 05:09:15.529|W|1184141422|lpUCM [RemoteSails.cpp:SendWithRetry:185] Successfully wrote 1052 bytes
[m[0;32;32m1970-01-04 05:09:15.536|I|1184141422|lpUCM [RemoteSails.cpp:HandleResponse:149] HandleResponse started, buffer size: 1048
[m[0;32;32m1970-01-04 05:09:15.536|I|1184141422|lpUCM [RemoteSails.cpp:HandleResponse:158] Successfully deserialized response, status: 0, result code: 0
[m[0;32;31m1970-01-04 05:09:15.536|E|1184141422|lpUCM [IpccProtoMessage.cpp:SerializeParams:112] m_offset, 269312
[m[1;33m1970-01-04 05:09:15.536|W|1184141422|lpUCM [RemoteSails.cpp:SendWithRetry:185] Successfully wrote 1052 bytes
[m[0;32;32m1970-01-04 05:09:15.540|I|1184141422|lpUCM [RemoteSails.cpp:HandleResponse:149] HandleResponse started, buffer size: 1048
[m[0;32;32m1970-01-04 05:09:15.540|I|1184141422|lpUCM [RemoteSails.cpp:HandleResponse:158] Successfully deserialized response, status: 0, result code: 0
[m[0;32;31m1970-01-04 05:09:15.540|E|1184141422|lpUCM [IpccProtoMessage.cpp:SerializeParams:112] m_offset, 270336
[m[1;33m1970-01-04 05:09:15.540|W|1184141422|lpUCM [RemoteSails.cpp:SendWithRetry:185] Successfully wrote 1052 bytes
[m[0;32;32m1970-01-04 05:09:15.573|I|1184141422|lpUCM [RemoteSails.cpp:HandleResponse:149] HandleResponse started, buffer size: 1048
[m[0;32;32m1970-01-04 05:09:15.573|I|1184141422|lpUCM [RemoteSails.cpp:HandleResponse:158] Successfully deserialized response, status: 0, result code: 0
[m[0;32;31m1970-01-04 05:09:15.573|E|1184141422|lpUCM [IpccProtoMessage.cpp:SerializeParams:112] m_offset, 271360
[m[1;33m1970-01-04 05:09:15.573|W|1184141422|lpUCM [RemoteSails.cpp:SendWithRetry:185] Successfully wrote 1052 bytes
[m[0;32;32m1970-01-04 05:09:15.576|I|1184141422|lpUCM [RemoteSails.cpp:HandleResponse:149] HandleResponse started, buffer size: 1048
[m[0;32;32m1970-01-04 05:09:15.576|I|1184141422|lpUCM [RemoteSails.cpp:HandleResponse:158] Successfully deserialized response, status: 0, result code: 0
[m[0;32;31m1970-01-04 05:09:15.576|E|1184141422|lpUCM [IpccProtoMessage.cpp:SerializeParams:112] m_offset, 272384
[m[1;33m1970-01-04 05:09:15.576|W|1184141422|lpUCM [RemoteSails.cpp:SendWithRetry:185] Successfully wrote 1052 bytes
[m[0;32;32m1970-01-04 05:09:15.579|I|1184141422|lpUCM [RemoteSails.cpp:HandleResponse:149] HandleResponse started, buffer size: 1048
[m[0;32;32m1970-01-04 05:09:15.579|I|1184141422|lpUCM [RemoteSails.cpp:HandleResponse:158] Successfully deserialized response, status: 0, result code: 0
[m[0;32;31m1970-01-04 05:09:15.579|E|1184141422|lpUCM [IpccProtoMessage.cpp:SerializeParams:112] m_offset, 273408
[m[1;33m1970-01-04 05:09:15.579|W|1184141422|lpUCM [RemoteSails.cpp:SendWithRetry:185] Successfully wrote 1052 bytes
[m[0;32;32m1970-01-04 05:09:15.585|I|1184141422|lpUCM [RemoteSails.cpp:HandleResponse:149] HandleResponse started, buffer size: 1048
[m[0;32;32m1970-01-04 05:09:15.585|I|1184141422|lpUCM [RemoteSails.cpp:HandleResponse:158] Successfully deserialized response, status: 0, result code: 0
[m[0;32;31m1970-01-04 05:09:15.585|E|1184141422|lpUCM [IpccProtoMessage.cpp:SerializeParams:112] m_offset, 274432
[m[1;33m1970-01-04 05:09:15.585|W|1184141422|lpUCM [RemoteSails.cpp:SendWithRetry:185] Successfully wrote 1052 bytes
[m[0;32;32m1970-01-04 05:09:15.618|I|1184141422|lpUCM [RemoteSails.cpp:HandleResponse:149] HandleResponse started, buffer size: 1048
[m[0;32;32m1970-01-04 05:09:15.618|I|1184141422|lpUCM [RemoteSails.cpp:HandleResponse:158] Successfully deserialized response, status: 0, result code: 0
[m[0;32;31m1970-01-04 05:09:15.618|E|1184141422|lpUCM [IpccProtoMessage.cpp:SerializeParams:112] m_offset, 275456
[m[1;33m1970-01-04 05:09:15.618|W|1184141422|lpUCM [RemoteSails.cpp:SendWithRetry:185] Successfully wrote 1052 bytes
[m[0;32;32m1970-01-04 05:09:15.624|I|1184141422|lpUCM [RemoteSails.cpp:HandleResponse:149] HandleResponse started, buffer size: 1048
[m[0;32;32m1970-01-04 05:09:15.624|I|1184141422|lpUCM [RemoteSails.cpp:HandleResponse:158] Successfully deserialized response, status: 0, result code: 0
[m[0;32;31m1970-01-04 05:09:15.624|E|1184141422|lpUCM [IpccProtoMessage.cpp:SerializeParams:112] m_offset, 276480
[m[1;33m1970-01-04 05:09:15.624|W|1184141422|lpUCM [RemoteSails.cpp:SendWithRetry:185] Successfully wrote 1052 bytes
[m[0;32;32m1970-01-04 05:09:15.627|I|1184141422|lpUCM [RemoteSails.cpp:HandleResponse:149] HandleResponse started, buffer size: 1048
[m[0;32;32m1970-01-04 05:09:15.627|I|1184141422|lpUCM [RemoteSails.cpp:HandleResponse:158] Successfully deserialized response, status: 0, result code: 0
[m[0;32;31m1970-01-04 05:09:15.627|E|1184141422|lpUCM [IpccProtoMessage.cpp:SerializeParams:112] m_offset, 277504
[m[1;33m1970-01-04 05:09:15.627|W|1184141422|lpUCM [RemoteSails.cpp:SendWithRetry:185] Successfully wrote 1052 bytes
[m[0;32;32m1970-01-04 05:09:15.630|I|1184141422|lpUCM [RemoteSails.cpp:HandleResponse:149] HandleResponse started, buffer size: 1048
[m[0;32;32m1970-01-04 05:09:15.630|I|1184141422|lpUCM [RemoteSails.cpp:HandleResponse:158] Successfully deserialized response, status: 0, result code: 0
[m[0;32;32m1970-01-04 05:09:15.630|I|1184141422|lpUCM [RemoteSails.cpp:SailWriteData:272] All data already trans size 16384
[m[0;32;32m1970-01-04 05:09:15.630|I|1184141422|lpUCM [fds.cpp:FDS_OnLocalUpgProgress:248] total: 23, curr:22, percent:29, rop:92%
[m[0;32;32m1970-01-04 05:09:15.630|I|1184141422|lpUCM [RemoteSails.cpp:SailWriteData:254] total data is 16384
[m[0;32;31m1970-01-04 05:09:15.630|E|1184141422|lpUCM [IpccProtoMessage.cpp:SerializeParams:112] m_offset, 278528
[m[1;33m1970-01-04 05:09:15.630|W|1184141422|lpUCM [RemoteSails.cpp:SendWithRetry:185] Successfully wrote 1052 bytes
[m[0;32;32m1970-01-04 05:09:15.663|I|1184141422|lpUCM [RemoteSails.cpp:HandleResponse:149] HandleResponse started, buffer size: 1048
[m[0;32;32m1970-01-04 05:09:15.663|I|1184141422|lpUCM [RemoteSails.cpp:HandleResponse:158] Successfully deserialized response, status: 0, result code: 0
[m[0;32;31m1970-01-04 05:09:15.663|E|1184141422|lpUCM [IpccProtoMessage.cpp:SerializeParams:112] m_offset, 279552
[m[1;33m1970-01-04 05:09:15.663|W|1184141422|lpUCM [RemoteSails.cpp:SendWithRetry:185] Successfully wrote 1052 bytes
[m[0;32;32m1970-01-04 05:09:15.666|I|1184141422|lpUCM [RemoteSails.cpp:HandleResponse:149] HandleResponse started, buffer size: 1048
[m[0;32;32m1970-01-04 05:09:15.666|I|1184141422|lpUCM [RemoteSails.cpp:HandleResponse:158] Successfully deserialized response, status: 0, result code: 0
[m[0;32;31m1970-01-04 05:09:15.666|E|1184141422|lpUCM [IpccProtoMessage.cpp:SerializeParams:112] m_offset, 280576
[m[1;33m1970-01-04 05:09:15.666|W|1184141422|lpUCM [RemoteSails.cpp:SendWithRetry:185] Successfully wrote 1052 bytes
[m[0;32;32m1970-01-04 05:09:15.670|I|1184141422|lpUCM [RemoteSails.cpp:HandleResponse:149] HandleResponse started, buffer size: 1048
[m[0;32;32m1970-01-04 05:09:15.670|I|1184141422|lpUCM [RemoteSails.cpp:HandleResponse:158] Successfully deserialized response, status: 0, result code: 0
[m[0;32;31m1970-01-04 05:09:15.670|E|1184141422|lpUCM [IpccProtoMessage.cpp:SerializeParams:112] m_offset, 281600
[m[1;33m1970-01-04 05:09:15.670|W|1184141422|lpUCM [RemoteSails.cpp:SendWithRetry:185] Successfully wrote 1052 bytes
[m[0;32;32m1970-01-04 05:09:15.673|I|1184141422|lpUCM [RemoteSails.cpp:HandleResponse:149] HandleResponse started, buffer size: 1048
[m[0;32;32m1970-01-04 05:09:15.673|I|1184141422|lpUCM [RemoteSails.cpp:HandleResponse:158] Successfully deserialized response, status: 0, result code: 0
[m[0;32;31m1970-01-04 05:09:15.673|E|1184141422|lpUCM [IpccProtoMessage.cpp:SerializeParams:112] m_offset, 282624
[m[1;33m1970-01-04 05:09:15.673|W|1184141422|lpUCM [RemoteSails.cpp:SendWithRetry:185] Successfully wrote 1052 bytes
[m[0;32;32m1970-01-04 05:09:15.704|I|1184141422|lpUCM [RemoteSails.cpp:HandleResponse:149] HandleResponse started, buffer size: 1048
[m[0;32;32m1970-01-04 05:09:15.704|I|1184141422|lpUCM [RemoteSails.cpp:HandleResponse:158] Successfully deserialized response, status: 0, result code: 0
[m[0;32;31m1970-01-04 05:09:15.704|E|1184141422|lpUCM [IpccProtoMessage.cpp:SerializeParams:112] m_offset, 283648
[m[1;33m1970-01-04 05:09:15.704|W|1184141422|lpUCM [RemoteSails.cpp:SendWithRetry:185] Successfully wrote 1052 bytes
[m[0;32;32m1970-01-04 05:09:15.707|I|1184141422|lpUCM [RemoteSails.cpp:HandleResponse:149] HandleResponse started, buffer size: 1048
[m[0;32;32m1970-01-04 05:09:15.707|I|1184141422|lpUCM [RemoteSails.cpp:HandleResponse:158] Successfully deserialized response, status: 0, result code: 0
[m[0;32;31m1970-01-04 05:09:15.707|E|1184141422|lpUCM [IpccProtoMessage.cpp:SerializeParams:112] m_offset, 284672
[m[1;33m1970-01-04 05:09:15.707|W|1184141422|lpUCM [RemoteSails.cpp:SendWithRetry:185] Successfully wrote 1052 bytes
[m[0;32;32m1970-01-04 05:09:15.714|I|1184141422|lpUCM [RemoteSails.cpp:HandleResponse:149] HandleResponse started, buffer size: 1048
[m[0;32;32m1970-01-04 05:09:15.714|I|1184141422|lpUCM [RemoteSails.cpp:HandleResponse:158] Successfully deserialized response, status: 0, result code: 0
[m[0;32;31m1970-01-04 05:09:15.714|E|1184141422|lpUCM [IpccProtoMessage.cpp:SerializeParams:112] m_offset, 285696
[m[1;33m1970-01-04 05:09:15.714|W|1184141422|lpUCM [RemoteSails.cpp:SendWithRetry:185] Successfully wrote 1052 bytes
[m[0;32;32m1970-01-04 05:09:15.717|I|1184141422|lpUCM [RemoteSails.cpp:HandleResponse:149] HandleResponse started, buffer size: 1048
[m[0;32;32m1970-01-04 05:09:15.717|I|1184141422|lpUCM [RemoteSails.cpp:HandleResponse:158] Successfully deserialized response, status: 0, result code: 0
[m[0;32;31m1970-01-04 05:09:15.717|E|1184141422|lpUCM [IpccProtoMessage.cpp:SerializeParams:112] m_offset, 286720
[m[1;33m1970-01-04 05:09:15.717|W|1184141422|lpUCM [RemoteSails.cpp:SendWithRetry:185] Successfully wrote 1052 bytes
[m[0;32;32m1970-01-04 05:09:15.748|I|1184141422|lpUCM [RemoteSails.cpp:HandleResponse:149] HandleResponse started, buffer size: 1048
[m[0;32;32m1970-01-04 05:09:15.748|I|1184141422|lpUCM [RemoteSails.cpp:HandleResponse:158] Successfully deserialized response, status: 0, result code: 0
[m[0;32;31m1970-01-04 05:09:15.748|E|1184141422|lpUCM [IpccProtoMessage.cpp:SerializeParams:112] m_offset, 287744
[m[1;33m1970-01-04 05:09:15.748|W|1184141422|lpUCM [RemoteSails.cpp:SendWithRetry:185] Successfully wrote 1052 bytes
[m[0;32;32m1970-01-04 05:09:15.755|I|1184141422|lpUCM [RemoteSails.cpp:HandleResponse:149] HandleResponse started, buffer size: 1048
[m[0;32;32m1970-01-04 05:09:15.755|I|1184141422|lpUCM [RemoteSails.cpp:HandleResponse:158] Successfully deserialized response, status: 0, result code: 0
[m[0;32;31m1970-01-04 05:09:15.755|E|1184141422|lpUCM [IpccProtoMessage.cpp:SerializeParams:112] m_offset, 288768
[m[1;33m1970-01-04 05:09:15.755|W|1184141422|lpUCM [RemoteSails.cpp:SendWithRetry:185] Successfully wrote 1052 bytes
[m[0;32;32m1970-01-04 05:09:15.758|I|1184141422|lpUCM [RemoteSails.cpp:HandleResponse:149] HandleResponse started, buffer size: 1048
[m[0;32;32m1970-01-04 05:09:15.758|I|1184141422|lpUCM [RemoteSails.cpp:HandleResponse:158] Successfully deserialized response, status: 0, result code: 0
[m[0;32;31m1970-01-04 05:09:15.758|E|1184141422|lpUCM [IpccProtoMessage.cpp:SerializeParams:112] m_offset, 289792
[m[1;33m1970-01-04 05:09:15.758|W|1184141422|lpUCM [RemoteSails.cpp:SendWithRetry:185] Successfully wrote 1052 bytes
[m[0;32;32m1970-01-04 05:09:15.762|I|1184141422|lpUCM [RemoteSails.cpp:HandleResponse:149] HandleResponse started, buffer size: 1048
[m[0;32;32m1970-01-04 05:09:15.762|I|1184141422|lpUCM [RemoteSails.cpp:HandleResponse:158] Successfully deserialized response, status: 0, result code: 0
[m[0;32;31m1970-01-04 05:09:15.762|E|1184141422|lpUCM [IpccProtoMessage.cpp:SerializeParams:112] m_offset, 290816
[m[1;33m1970-01-04 05:09:15.762|W|1184141422|lpUCM [RemoteSails.cpp:SendWithRetry:185] Successfully wrote 1052 bytes
[m[0;32;32m1970-01-04 05:09:15.796|I|1184141422|lpUCM [RemoteSails.cpp:HandleResponse:149] HandleResponse started, buffer size: 1048
[m[0;32;32m1970-01-04 05:09:15.796|I|1184141422|lpUCM [RemoteSails.cpp:HandleResponse:158] Successfully deserialized response, status: 0, result code: 0
[m[0;32;31m1970-01-04 05:09:15.796|E|1184141422|lpUCM [IpccProtoMessage.cpp:SerializeParams:112] m_offset, 291840
[m[1;33m1970-01-04 05:09:15.796|W|1184141422|lpUCM [RemoteSails.cpp:SendWithRetry:185] Successfully wrote 1052 bytes
[m[0;32;32m1970-01-04 05:09:15.799|I|1184141422|lpUCM [RemoteSails.cpp:HandleResponse:149] HandleResponse started, buffer size: 1048
[m[0;32;32m1970-01-04 05:09:15.799|I|1184141422|lpUCM [RemoteSails.cpp:HandleResponse:158] Successfully deserialized response, status: 0, result code: 0
[m[0;32;31m1970-01-04 05:09:15.799|E|1184141422|lpUCM [IpccProtoMessage.cpp:SerializeParams:112] m_offset, 292864
[m[1;33m1970-01-04 05:09:15.799|W|1184141422|lpUCM [RemoteSails.cpp:SendWithRetry:185] Successfully wrote 1052 bytes
[m[0;32;32m1970-01-04 05:09:15.805|I|1184141422|lpUCM [RemoteSails.cpp:HandleResponse:149] HandleResponse started, buffer size: 1048
[m[0;32;32m1970-01-04 05:09:15.805|I|1184141422|lpUCM [RemoteSails.cpp:HandleResponse:158] Successfully deserialized response, status: 0, result code: 0
[m[0;32;31m1970-01-04 05:09:15.805|E|1184141422|lpUCM [IpccProtoMessage.cpp:SerializeParams:112] m_offset, 293888
[m[1;33m1970-01-04 05:09:15.805|W|1184141422|lpUCM [RemoteSails.cpp:SendWithRetry:185] Successfully wrote 1052 bytes
[m[0;32;32m1970-01-04 05:09:15.808|I|1184141422|lpUCM [RemoteSails.cpp:HandleResponse:149] HandleResponse started, buffer size: 1048
[m[0;32;32m1970-01-04 05:09:15.808|I|1184141422|lpUCM [RemoteSails.cpp:HandleResponse:158] Successfully deserialized response, status: 0, result code: 0
[m[0;32;32m1970-01-04 05:09:15.808|I|1184141422|lpUCM [RemoteSails.cpp:SailWriteData:272] All data already trans size 16384
[m[0;32;32m1970-01-04 05:09:15.808|I|1184141422|lpUCM [fds.cpp:FDS_OnLocalUpgProgress:248] total: 23, curr:22, percent:30, rop:92%
[m[0;32;32m1970-01-04 05:09:15.808|I|1184141422|lpUCM [RemoteSails.cpp:SailWriteData:254] total data is 16384
[m[0;32;31m1970-01-04 05:09:15.808|E|1184141422|lpUCM [IpccProtoMessage.cpp:SerializeParams:112] m_offset, 294912
[m[1;33m1970-01-04 05:09:15.808|W|1184141422|lpUCM [RemoteSails.cpp:SendWithRetry:185] Successfully wrote 1052 bytes
[m[0;32;32m1970-01-04 05:09:15.838|I|1184141422|lpUCM [RemoteSails.cpp:HandleResponse:149] HandleResponse started, buffer size: 1048
[m[0;32;32m1970-01-04 05:09:15.838|I|1184141422|lpUCM [RemoteSails.cpp:HandleResponse:158] Successfully deserialized response, status: 0, result code: 0
[m[0;32;31m1970-01-04 05:09:15.838|E|1184141422|lpUCM [IpccProtoMessage.cpp:SerializeParams:112] m_offset, 295936
[m[1;33m1970-01-04 05:09:15.838|W|1184141422|lpUCM [RemoteSails.cpp:SendWithRetry:185] Successfully wrote 1052 bytes
[m[0;32;32m1970-01-04 05:09:15.844|I|1184141422|lpUCM [RemoteSails.cpp:HandleResponse:149] HandleResponse started, buffer size: 1048
[m[0;32;32m1970-01-04 05:09:15.844|I|1184141422|lpUCM [RemoteSails.cpp:HandleResponse:158] Successfully deserialized response, status: 0, result code: 0
[m[0;32;31m1970-01-04 05:09:15.844|E|1184141422|lpUCM [IpccProtoMessage.cpp:SerializeParams:112] m_offset, 296960
[m[1;33m1970-01-04 05:09:15.844|W|1184141422|lpUCM [RemoteSails.cpp:SendWithRetry:185] Successfully wrote 1052 bytes
[m[0;32;32m1970-01-04 05:09:15.847|I|1184141422|lpUCM [RemoteSails.cpp:HandleResponse:149] HandleResponse started, buffer size: 1048
[m[0;32;32m1970-01-04 05:09:15.847|I|1184141422|lpUCM [RemoteSails.cpp:HandleResponse:158] Successfully deserialized response, status: 0, result code: 0
[m[0;32;31m1970-01-04 05:09:15.847|E|1184141422|lpUCM [IpccProtoMessage.cpp:SerializeParams:112] m_offset, 297984
[m[1;33m1970-01-04 05:09:15.847|W|1184141422|lpUCM [RemoteSails.cpp:SendWithRetry:185] Successfully wrote 1052 bytes
[m[0;32;32m1970-01-04 05:09:15.850|I|1184141422|lpUCM [RemoteSails.cpp:HandleResponse:149] HandleResponse started, buffer size: 1048
[m[0;32;32m1970-01-04 05:09:15.850|I|1184141422|lpUCM [RemoteSails.cpp:HandleResponse:158] Successfully deserialized response, status: 0, result code: 0
[m[0;32;31m1970-01-04 05:09:15.850|E|1184141422|lpUCM [IpccProtoMessage.cpp:SerializeParams:112] m_offset, 299008
[m[1;33m1970-01-04 05:09:15.850|W|1184141422|lpUCM [RemoteSails.cpp:SendWithRetry:185] Successfully wrote 1052 bytes
[m[0;32;32m1970-01-04 05:09:15.886|I|1184141422|lpUCM [RemoteSails.cpp:HandleResponse:149] HandleResponse started, buffer size: 1048
[m[0;32;32m1970-01-04 05:09:15.886|I|1184141422|lpUCM [RemoteSails.cpp:HandleResponse:158] Successfully deserialized response, status: 0, result code: 0
[m[0;32;31m1970-01-04 05:09:15.886|E|1184141422|lpUCM [IpccProtoMessage.cpp:SerializeParams:112] m_offset, 300032
[m[1;33m1970-01-04 05:09:15.886|W|1184141422|lpUCM [RemoteSails.cpp:SendWithRetry:185] Successfully wrote 1052 bytes
[m[0;32;32m1970-01-04 05:09:15.889|I|1184141422|lpUCM [RemoteSails.cpp:HandleResponse:149] HandleResponse started, buffer size: 1048
[m[0;32;32m1970-01-04 05:09:15.889|I|1184141422|lpUCM [RemoteSails.cpp:HandleResponse:158] Successfully deserialized response, status: 0, result code: 0
[m[0;32;31m1970-01-04 05:09:15.889|E|1184141422|lpUCM [IpccProtoMessage.cpp:SerializeParams:112] m_offset, 301056
[m[1;33m1970-01-04 05:09:15.889|W|1184141422|lpUCM [RemoteSails.cpp:SendWithRetry:185] Successfully wrote 1052 bytes
[m[0;32;32m1970-01-04 05:09:15.895|I|1184141422|lpUCM [RemoteSails.cpp:HandleResponse:149] HandleResponse started, buffer size: 1048
[m[0;32;32m1970-01-04 05:09:15.895|I|1184141422|lpUCM [RemoteSails.cpp:HandleResponse:158] Successfully deserialized response, status: 0, result code: 0
[m[0;32;31m1970-01-04 05:09:15.895|E|1184141422|lpUCM [IpccProtoMessage.cpp:SerializeParams:112] m_offset, 302080
[m[1;33m1970-01-04 05:09:15.895|W|1184141422|lpUCM [RemoteSails.cpp:SendWithRetry:185] Successfully wrote 1052 bytes
[m[0;32;32m1970-01-04 05:09:15.898|I|1184141422|lpUCM [RemoteSails.cpp:HandleResponse:149] HandleResponse started, buffer size: 1048
[m[0;32;32m1970-01-04 05:09:15.898|I|1184141422|lpUCM [RemoteSails.cpp:HandleResponse:158] Successfully deserialized response, status: 0, result code: 0
[m[0;32;31m1970-01-04 05:09:15.898|E|1184141422|lpUCM [IpccProtoMessage.cpp:SerializeParams:112] m_offset, 303104
[m[1;33m1970-01-04 05:09:15.898|W|1184141422|lpUCM [RemoteSails.cpp:SendWithRetry:185] Successfully wrote 1052 bytes
[m[0;32;32m1970-01-04 05:09:15.929|I|1184141422|lpUCM [RemoteSails.cpp:HandleResponse:149] HandleResponse started, buffer size: 1048
[m[0;32;32m1970-01-04 05:09:15.929|I|1184141422|lpUCM [RemoteSails.cpp:HandleResponse:158] Successfully deserialized response, status: 0, result code: 0
[m[0;32;31m1970-01-04 05:09:15.929|E|1184141422|lpUCM [IpccProtoMessage.cpp:SerializeParams:112] m_offset, 304128
[m[1;33m1970-01-04 05:09:15.929|W|1184141422|lpUCM [RemoteSails.cpp:SendWithRetry:185] Successfully wrote 1052 bytes
[m[0;32;32m1970-01-04 05:09:15.933|I|1184141422|lpUCM [RemoteSails.cpp:HandleResponse:149] HandleResponse started, buffer size: 1048
[m[0;32;32m1970-01-04 05:09:15.933|I|1184141422|lpUCM [RemoteSails.cpp:HandleResponse:158] Successfully deserialized response, status: 0, result code: 0
[m[0;32;31m1970-01-04 05:09:15.933|E|1184141422|lpUCM [IpccProtoMessage.cpp:SerializeParams:112] m_offset, 305152
[m[1;33m1970-01-04 05:09:15.933|W|1184141422|lpUCM [RemoteSails.cpp:SendWithRetry:185] Successfully wrote 1052 bytes
[m[0;32;32m1970-01-04 05:09:15.936|I|1184141422|lpUCM [RemoteSails.cpp:HandleResponse:149] HandleResponse started, buffer size: 1048
[m[0;32;32m1970-01-04 05:09:15.936|I|1184141422|lpUCM [RemoteSails.cpp:HandleResponse:158] Successfully deserialized response, status: 0, result code: 0
[m[0;32;31m1970-01-04 05:09:15.936|E|1184141422|lpUCM [IpccProtoMessage.cpp:SerializeParams:112] m_offset, 306176
[m[1;33m1970-01-04 05:09:15.936|W|1184141422|lpUCM [RemoteSails.cpp:SendWithRetry:185] Successfully wrote 1052 bytes
[m[0;32;32m1970-01-04 05:09:15.940|I|1184141422|lpUCM [RemoteSails.cpp:HandleResponse:149] HandleResponse started, buffer size: 1048
[m[0;32;32m1970-01-04 05:09:15.940|I|1184141422|lpUCM [RemoteSails.cpp:HandleResponse:158] Successfully deserialized response, status: 0, result code: 0
[m[0;32;31m1970-01-04 05:09:15.940|E|1184141422|lpUCM [IpccProtoMessage.cpp:SerializeParams:112] m_offset, 307200
[m[1;33m1970-01-04 05:09:15.940|W|1184141422|lpUCM [RemoteSails.cpp:SendWithRetry:185] Successfully wrote 1052 bytes
[m[0;32;32m1970-01-04 05:09:15.972|I|1184141422|lpUCM [RemoteSails.cpp:HandleResponse:149] HandleResponse started, buffer size: 1048
[m[0;32;32m1970-01-04 05:09:15.972|I|1184141422|lpUCM [RemoteSails.cpp:HandleResponse:158] Successfully deserialized response, status: 0, result code: 0
[m[0;32;31m1970-01-04 05:09:15.972|E|1184141422|lpUCM [IpccProtoMessage.cpp:SerializeParams:112] m_offset, 308224
[m[1;33m1970-01-04 05:09:15.972|W|1184141422|lpUCM [RemoteSails.cpp:SendWithRetry:185] Successfully wrote 1052 bytes
[m[0;32;32m1970-01-04 05:09:15.975|I|1184141422|lpUCM [RemoteSails.cpp:HandleResponse:149] HandleResponse started, buffer size: 1048
[m[0;32;32m1970-01-04 05:09:15.975|I|1184141422|lpUCM [RemoteSails.cpp:HandleResponse:158] Successfully deserialized response, status: 0, result code: 0
[m[0;32;31m1970-01-04 05:09:15.975|E|1184141422|lpUCM [IpccProtoMessage.cpp:SerializeParams:112] m_offset, 309248
[m[1;33m1970-01-04 05:09:15.975|W|1184141422|lpUCM [RemoteSails.cpp:SendWithRetry:185] Successfully wrote 1052 bytes
[m[0;32;32m1970-01-04 05:09:15.978|I|1184141422|lpUCM [RemoteSails.cpp:HandleResponse:149] HandleResponse started, buffer size: 1048
[m[0;32;32m1970-01-04 05:09:15.978|I|1184141422|lpUCM [RemoteSails.cpp:HandleResponse:158] Successfully deserialized response, status: 0, result code: 0
[m[0;32;31m1970-01-04 05:09:15.978|E|1184141422|lpUCM [IpccProtoMessage.cpp:SerializeParams:112] m_offset, 310272
[m[1;33m1970-01-04 05:09:15.978|W|1184141422|lpUCM [RemoteSails.cpp:SendWithRetry:185] Successfully wrote 1052 bytes
[m[0;32;32m1970-01-04 05:09:15.984|I|1184141422|lpUCM [RemoteSails.cpp:HandleResponse:149] HandleResponse started, buffer size: 1048
[m[0;32;32m1970-01-04 05:09:15.984|I|1184141422|lpUCM [RemoteSails.cpp:HandleResponse:158] Successfully deserialized response, status: 0, result code: 0
[m[0;32;32m1970-01-04 05:09:15.984|I|1184141422|lpUCM [RemoteSails.cpp:SailWriteData:272] All data already trans size 16384
[m[0;32;32m1970-01-04 05:09:15.984|I|1184141422|lpUCM [fds.cpp:FDS_OnLocalUpgProgress:248] total: 23, curr:22, percent:31, rop:92%
[m[0;32;32m1970-01-04 05:09:15.984|I|1184141422|lpUCM [RemoteSails.cpp:SailWriteData:254] total data is 16384
[m[0;32;31m1970-01-04 05:09:15.984|E|1184141422|lpUCM [IpccProtoMessage.cpp:SerializeParams:112] m_offset, 311296
[m[1;33m1970-01-04 05:09:15.984|W|1184141422|lpUCM [RemoteSails.cpp:SendWithRetry:185] Successfully wrote 1052 bytes
[m[0;32;32m1970-01-04 05:09:16.14|I|1184141422|lpUCM [RemoteSails.cpp:HandleResponse:149] HandleResponse started, buffer size: 1048
[m[0;32;32m1970-01-04 05:09:16.14|I|1184141422|lpUCM [RemoteSails.cpp:HandleResponse:158] Successfully deserialized response, status: 0, result code: 0
[m[0;32;31m1970-01-04 05:09:16.14|E|1184141422|lpUCM [IpccProtoMessage.cpp:SerializeParams:112] m_offset, 312320
[m[1;33m1970-01-04 05:09:16.14|W|1184141422|lpUCM [RemoteSails.cpp:SendWithRetry:185] Successfully wrote 1052 bytes
[m[0;32;32m1970-01-04 05:09:16.17|I|1184141422|lpUCM [RemoteSails.cpp:HandleResponse:149] HandleResponse started, buffer size: 1048
[m[0;32;32m1970-01-04 05:09:16.17|I|1184141422|lpUCM [RemoteSails.cpp:HandleResponse:158] Successfully deserialized response, status: 0, result code: 0
[m[0;32;31m1970-01-04 05:09:16.17|E|1184141422|lpUCM [IpccProtoMessage.cpp:SerializeParams:112] m_offset, 313344
[m[1;33m1970-01-04 05:09:16.17|W|1184141422|lpUCM [RemoteSails.cpp:SendWithRetry:185] Successfully wrote 1052 bytes
[m[0;32;32m1970-01-04 05:09:16.20|I|1184141422|lpUCM [RemoteSails.cpp:HandleResponse:149] HandleResponse started, buffer size: 1048
[m[0;32;32m1970-01-04 05:09:16.20|I|1184141422|lpUCM [RemoteSails.cpp:HandleResponse:158] Successfully deserialized response, status: 0, result code: 0
[m[0;32;31m1970-01-04 05:09:16.20|E|1184141422|lpUCM [IpccProtoMessage.cpp:SerializeParams:112] m_offset, 314368
[m[1;33m1970-01-04 05:09:16.20|W|1184141422|lpUCM [RemoteSails.cpp:SendWithRetry:185] Successfully wrote 1052 bytes
[m[0;32;32m1970-01-04 05:09:16.23|I|1184141422|lpUCM [RemoteSails.cpp:HandleResponse:149] HandleResponse started, buffer size: 1048
[m[0;32;32m1970-01-04 05:09:16.23|I|1184141422|lpUCM [RemoteSails.cpp:HandleResponse:158] Successfully deserialized response, status: 0, result code: 0
[m[0;32;31m1970-01-04 05:09:16.23|E|1184141422|lpUCM [IpccProtoMessage.cpp:SerializeParams:112] m_offset, 315392
[m[1;33m1970-01-04 05:09:16.23|W|1184141422|lpUCM [RemoteSails.cpp:SendWithRetry:185] Successfully wrote 1052 bytes
[m[0;32;32m1970-01-04 05:09:16.56|I|1184141422|lpUCM [RemoteSails.cpp:HandleResponse:149] HandleResponse started, buffer size: 1048
[m[0;32;32m1970-01-04 05:09:16.56|I|1184141422|lpUCM [RemoteSails.cpp:HandleResponse:158] Successfully deserialized response, status: 0, result code: 0
[m[0;32;31m1970-01-04 05:09:16.56|E|1184141422|lpUCM [IpccProtoMessage.cpp:SerializeParams:112] m_offset, 316416
[m[1;33m1970-01-04 05:09:16.56|W|1184141422|lpUCM [RemoteSails.cpp:SendWithRetry:185] Successfully wrote 1052 bytes
[m[0;32;32m1970-01-04 05:09:16.59|I|1184141422|lpUCM [RemoteSails.cpp:HandleResponse:149] HandleResponse started, buffer size: 1048
[m[0;32;32m1970-01-04 05:09:16.59|I|1184141422|lpUCM [RemoteSails.cpp:HandleResponse:158] Successfully deserialized response, status: 0, result code: 0
[m[0;32;31m1970-01-04 05:09:16.59|E|1184141422|lpUCM [IpccProtoMessage.cpp:SerializeParams:112] m_offset, 317440
[m[1;33m1970-01-04 05:09:16.59|W|1184141422|lpUCM [RemoteSails.cpp:SendWithRetry:185] Successfully wrote 1052 bytes
[m[0;32;32m1970-01-04 05:09:16.65|I|1184141422|lpUCM [RemoteSails.cpp:HandleResponse:149] HandleResponse started, buffer size: 1048
[m[0;32;32m1970-01-04 05:09:16.65|I|1184141422|lpUCM [RemoteSails.cpp:HandleResponse:158] Successfully deserialized response, status: 0, result code: 0
[m[0;32;31m1970-01-04 05:09:16.65|E|1184141422|lpUCM [IpccProtoMessage.cpp:SerializeParams:112] m_offset, 318464
[m[1;33m1970-01-04 05:09:16.65|W|1184141422|lpUCM [RemoteSails.cpp:SendWithRetry:185] Successfully wrote 1052 bytes
[m[0;32;32m1970-01-04 05:09:16.69|I|1184141422|lpUCM [RemoteSails.cpp:HandleResponse:149] HandleResponse started, buffer size: 1048
[m[0;32;32m1970-01-04 05:09:16.69|I|1184141422|lpUCM [RemoteSails.cpp:HandleResponse:158] Successfully deserialized response, status: 0, result code: 0
[m[0;32;31m1970-01-04 05:09:16.69|E|1184141422|lpUCM [IpccProtoMessage.cpp:SerializeParams:112] m_offset, 319488
[m[1;33m1970-01-04 05:09:16.69|W|1184141422|lpUCM [RemoteSails.cpp:SendWithRetry:185] Successfully wrote 1052 bytes
[m[0;32;32m1970-01-04 05:09:16.103|I|1184141422|lpUCM [RemoteSails.cpp:HandleResponse:149] HandleResponse started, buffer size: 1048
[m[0;32;32m1970-01-04 05:09:16.103|I|1184141422|lpUCM [RemoteSails.cpp:HandleResponse:158] Successfully deserialized response, status: 0, result code: 0
[m[0;32;31m1970-01-04 05:09:16.103|E|1184141422|lpUCM [IpccProtoMessage.cpp:SerializeParams:112] m_offset, 320512
[m[1;33m1970-01-04 05:09:16.103|W|1184141422|lpUCM [RemoteSails.cpp:SendWithRetry:185] Successfully wrote 1052 bytes
[m[0;32;32m1970-01-04 05:09:16.106|I|1184141422|lpUCM [RemoteSails.cpp:HandleResponse:149] HandleResponse started, buffer size: 1048
[m[0;32;32m1970-01-04 05:09:16.106|I|1184141422|lpUCM [RemoteSails.cpp:HandleResponse:158] Successfully deserialized response, status: 0, result code: 0
[m[0;32;31m1970-01-04 05:09:16.106|E|1184141422|lpUCM [IpccProtoMessage.cpp:SerializeParams:112] m_offset, 321536
[m[1;33m1970-01-04 05:09:16.106|W|1184141422|lpUCM [RemoteSails.cpp:SendWithRetry:185] Successfully wrote 1052 bytes
[m[0;32;32m1970-01-04 05:09:16.109|I|1184141422|lpUCM [RemoteSails.cpp:HandleResponse:149] HandleResponse started, buffer size: 1048
[m[0;32;32m1970-01-04 05:09:16.109|I|1184141422|lpUCM [RemoteSails.cpp:HandleResponse:158] Successfully deserialized response, status: 0, result code: 0
[m[0;32;31m1970-01-04 05:09:16.109|E|1184141422|lpUCM [IpccProtoMessage.cpp:SerializeParams:112] m_offset, 322560
[m[1;33m1970-01-04 05:09:16.109|W|1184141422|lpUCM [RemoteSails.cpp:SendWithRetry:185] Successfully wrote 1052 bytes
[m[0;32;32m1970-01-04 05:09:16.115|I|1184141422|lpUCM [RemoteSails.cpp:HandleResponse:149] HandleResponse started, buffer size: 1048
[m[0;32;32m1970-01-04 05:09:16.115|I|1184141422|lpUCM [RemoteSails.cpp:HandleResponse:158] Successfully deserialized response, status: 0, result code: 0
[m[0;32;31m1970-01-04 05:09:16.115|E|1184141422|lpUCM [IpccProtoMessage.cpp:SerializeParams:112] m_offset, 323584
[m[1;33m1970-01-04 05:09:16.115|W|1184141422|lpUCM [RemoteSails.cpp:SendWithRetry:185] Successfully wrote 1052 bytes
[m[0;32;32m1970-01-04 05:09:16.146|I|1184141422|lpUCM [RemoteSails.cpp:HandleResponse:149] HandleResponse started, buffer size: 1048
[m[0;32;32m1970-01-04 05:09:16.146|I|1184141422|lpUCM [RemoteSails.cpp:HandleResponse:158] Successfully deserialized response, status: 0, result code: 0
[m[0;32;31m1970-01-04 05:09:16.146|E|1184141422|lpUCM [IpccProtoMessage.cpp:SerializeParams:112] m_offset, 324608
[m[1;33m1970-01-04 05:09:16.146|W|1184141422|lpUCM [RemoteSails.cpp:SendWithRetry:185] Successfully wrote 1052 bytes
[m[0;32;32m1970-01-04 05:09:16.150|I|1184141422|lpUCM [RemoteSails.cpp:HandleResponse:149] HandleResponse started, buffer size: 1048
[m[0;32;32m1970-01-04 05:09:16.150|I|1184141422|lpUCM [RemoteSails.cpp:HandleResponse:158] Successfully deserialized response, status: 0, result code: 0
[m[0;32;31m1970-01-04 05:09:16.150|E|1184141422|lpUCM [IpccProtoMessage.cpp:SerializeParams:112] m_offset, 325632
[m[1;33m1970-01-04 05:09:16.150|W|1184141422|lpUCM [RemoteSails.cpp:SendWithRetry:185] Successfully wrote 1052 bytes
[m[0;32;32m1970-01-04 05:09:16.154|I|1184141422|lpUCM [RemoteSails.cpp:HandleResponse:149] HandleResponse started, buffer size: 1048
[m[0;32;32m1970-01-04 05:09:16.154|I|1184141422|lpUCM [RemoteSails.cpp:HandleResponse:158] Successfully deserialized response, status: 0, result code: 0
[m[0;32;31m1970-01-04 05:09:16.154|E|1184141422|lpUCM [IpccProtoMessage.cpp:SerializeParams:112] m_offset, 326656
[m[1;33m1970-01-04 05:09:16.154|W|1184141422|lpUCM [RemoteSails.cpp:SendWithRetry:185] Successfully wrote 1052 bytes
[m[0;32;32m1970-01-04 05:09:16.157|I|1184141422|lpUCM [RemoteSails.cpp:HandleResponse:149] HandleResponse started, buffer size: 1048
[m[0;32;32m1970-01-04 05:09:16.157|I|1184141422|lpUCM [RemoteSails.cpp:HandleResponse:158] Successfully deserialized response, status: 0, result code: 0
[m[0;32;32m1970-01-04 05:09:16.157|I|1184141422|lpUCM [RemoteSails.cpp:SailWriteData:272] All data already trans size 16384
[m[0;32;32m1970-01-04 05:09:16.157|I|1184141422|lpUCM [fds.cpp:FDS_OnLocalUpgProgress:248] total: 23, curr:22, percent:32, rop:92%
[m[0;32;32m1970-01-04 05:09:16.157|I|1184141422|lpUCM [RemoteSails.cpp:SailWriteData:254] total data is 16384
[m[0;32;31m1970-01-04 05:09:16.157|E|1184141422|lpUCM [IpccProtoMessage.cpp:SerializeParams:112] m_offset, 327680
[m[1;33m1970-01-04 05:09:16.157|W|1184141422|lpUCM [RemoteSails.cpp:SendWithRetry:185] Successfully wrote 1052 bytes
[m[0;32;32m1970-01-04 05:09:16.190|I|1184141422|lpUCM [RemoteSails.cpp:HandleResponse:149] HandleResponse started, buffer size: 1048
[m[0;32;32m1970-01-04 05:09:16.190|I|1184141422|lpUCM [RemoteSails.cpp:HandleResponse:158] Successfully deserialized response, status: 0, result code: 0
[m[0;32;31m1970-01-04 05:09:16.190|E|1184141422|lpUCM [IpccProtoMessage.cpp:SerializeParams:112] m_offset, 328704
[m[1;33m1970-01-04 05:09:16.190|W|1184141422|lpUCM [RemoteSails.cpp:SendWithRetry:185] Successfully wrote 1052 bytes
[m[0;32;32m1970-01-04 05:09:16.193|I|1184141422|lpUCM [RemoteSails.cpp:HandleResponse:149] HandleResponse started, buffer size: 1048
[m[0;32;32m1970-01-04 05:09:16.193|I|1184141422|lpUCM [RemoteSails.cpp:HandleResponse:158] Successfully deserialized response, status: 0, result code: 0
[m[0;32;31m1970-01-04 05:09:16.193|E|1184141422|lpUCM [IpccProtoMessage.cpp:SerializeParams:112] m_offset, 329728
[m[1;33m1970-01-04 05:09:16.193|W|1184141422|lpUCM [RemoteSails.cpp:SendWithRetry:185] Successfully wrote 1052 bytes
[m[0;32;32m1970-01-04 05:09:16.196|I|1184141422|lpUCM [RemoteSails.cpp:HandleResponse:149] HandleResponse started, buffer size: 1048
[m[0;32;32m1970-01-04 05:09:16.196|I|1184141422|lpUCM [RemoteSails.cpp:HandleResponse:158] Successfully deserialized response, status: 0, result code: 0
[m[0;32;31m1970-01-04 05:09:16.196|E|1184141422|lpUCM [IpccProtoMessage.cpp:SerializeParams:112] m_offset, 330752
[m[1;33m1970-01-04 05:09:16.196|W|1184141422|lpUCM [RemoteSails.cpp:SendWithRetry:185] Successfully wrote 1052 bytes
[m[0;32;32m1970-01-04 05:09:16.199|I|1184141422|lpUCM [RemoteSails.cpp:HandleResponse:149] HandleResponse started, buffer size: 1048
[m[0;32;32m1970-01-04 05:09:16.199|I|1184141422|lpUCM [RemoteSails.cpp:HandleResponse:158] Successfully deserialized response, status: 0, result code: 0
[m[0;32;31m1970-01-04 05:09:16.199|E|1184141422|lpUCM [IpccProtoMessage.cpp:SerializeParams:112] m_offset, 331776
[m[1;33m1970-01-04 05:09:16.199|W|1184141422|lpUCM [RemoteSails.cpp:SendWithRetry:185] Successfully wrote 1052 bytes
[m[0;32;32m1970-01-04 05:09:16.232|I|1184141422|lpUCM [RemoteSails.cpp:HandleResponse:149] HandleResponse started, buffer size: 1048
[m[0;32;32m1970-01-04 05:09:16.232|I|1184141422|lpUCM [RemoteSails.cpp:HandleResponse:158] Successfully deserialized response, status: 0, result code: 0
[m[0;32;31m1970-01-04 05:09:16.232|E|1184141422|lpUCM [IpccProtoMessage.cpp:SerializeParams:112] m_offset, 332800
[m[1;33m1970-01-04 05:09:16.232|W|1184141422|lpUCM [RemoteSails.cpp:SendWithRetry:185] Successfully wrote 1052 bytes
[m[0;32;32m1970-01-04 05:09:16.236|I|1184141422|lpUCM [RemoteSails.cpp:HandleResponse:149] HandleResponse started, buffer size: 1048
[m[0;32;32m1970-01-04 05:09:16.236|I|1184141422|lpUCM [RemoteSails.cpp:HandleResponse:158] Successfully deserialized response, status: 0, result code: 0
[m[0;32;31m1970-01-04 05:09:16.236|E|1184141422|lpUCM [IpccProtoMessage.cpp:SerializeParams:112] m_offset, 333824
[m[1;33m1970-01-04 05:09:16.236|W|1184141422|lpUCM [RemoteSails.cpp:SendWithRetry:185] Successfully wrote 1052 bytes
[m[0;32;32m1970-01-04 05:09:16.240|I|1184141422|lpUCM [RemoteSails.cpp:HandleResponse:149] HandleResponse started, buffer size: 1048
[m[0;32;32m1970-01-04 05:09:16.240|I|1184141422|lpUCM [RemoteSails.cpp:HandleResponse:158] Successfully deserialized response, status: 0, result code: 0
[m[0;32;31m1970-01-04 05:09:16.240|E|1184141422|lpUCM [IpccProtoMessage.cpp:SerializeParams:112] m_offset, 334848
[m[1;33m1970-01-04 05:09:16.240|W|1184141422|lpUCM [RemoteSails.cpp:SendWithRetry:185] Successfully wrote 1052 bytes
[m[0;32;32m1970-01-04 05:09:16.243|I|1184141422|lpUCM [RemoteSails.cpp:HandleResponse:149] HandleResponse started, buffer size: 1048
[m[0;32;32m1970-01-04 05:09:16.243|I|1184141422|lpUCM [RemoteSails.cpp:HandleResponse:158] Successfully deserialized response, status: 0, result code: 0
[m[0;32;31m1970-01-04 05:09:16.243|E|1184141422|lpUCM [IpccProtoMessage.cpp:SerializeParams:112] m_offset, 335872
[m[1;33m1970-01-04 05:09:16.243|W|1184141422|lpUCM [RemoteSails.cpp:SendWithRetry:185] Successfully wrote 1052 bytes
[m[0;32;32m1970-01-04 05:09:16.277|I|1184141422|lpUCM [RemoteSails.cpp:HandleResponse:149] HandleResponse started, buffer size: 1048
[m[0;32;32m1970-01-04 05:09:16.277|I|1184141422|lpUCM [RemoteSails.cpp:HandleResponse:158] Successfully deserialized response, status: 0, result code: 0
[m[0;32;31m1970-01-04 05:09:16.277|E|1184141422|lpUCM [IpccProtoMessage.cpp:SerializeParams:112] m_offset, 336896
[m[1;33m1970-01-04 05:09:16.277|W|1184141422|lpUCM [RemoteSails.cpp:SendWithRetry:185] Successfully wrote 1052 bytes
[m[0;32;32m1970-01-04 05:09:16.280|I|1184141422|lpUCM [RemoteSails.cpp:HandleResponse:149] HandleResponse started, buffer size: 1048
[m[0;32;32m1970-01-04 05:09:16.280|I|1184141422|lpUCM [RemoteSails.cpp:HandleResponse:158] Successfully deserialized response, status: 0, result code: 0
[m[0;32;31m1970-01-04 05:09:16.280|E|1184141422|lpUCM [IpccProtoMessage.cpp:SerializeParams:112] m_offset, 337920
[m[1;33m1970-01-04 05:09:16.280|W|1184141422|lpUCM [RemoteSails.cpp:SendWithRetry:185] Successfully wrote 1052 bytes
[m[0;32;32m1970-01-04 05:09:16.284|I|1184141422|lpUCM [RemoteSails.cpp:HandleResponse:149] HandleResponse started, buffer size: 1048
[m[0;32;32m1970-01-04 05:09:16.284|I|1184141422|lpUCM [RemoteSails.cpp:HandleResponse:158] Successfully deserialized response, status: 0, result code: 0
[m[0;32;31m1970-01-04 05:09:16.284|E|1184141422|lpUCM [IpccProtoMessage.cpp:SerializeParams:112] m_offset, 338944
[m[1;33m1970-01-04 05:09:16.284|W|1184141422|lpUCM [RemoteSails.cpp:SendWithRetry:185] Successfully wrote 1052 bytes
[m[0;32;32m1970-01-04 05:09:16.288|I|1184141422|lpUCM [RemoteSails.cpp:HandleResponse:149] HandleResponse started, buffer size: 1048
[m[0;32;32m1970-01-04 05:09:16.288|I|1184141422|lpUCM [RemoteSails.cpp:HandleResponse:158] Successfully deserialized response, status: 0, result code: 0
[m[0;32;31m1970-01-04 05:09:16.288|E|1184141422|lpUCM [IpccProtoMessage.cpp:SerializeParams:112] m_offset, 339968
[m[1;33m1970-01-04 05:09:16.288|W|1184141422|lpUCM [RemoteSails.cpp:SendWithRetry:185] Successfully wrote 1052 bytes
[m[0;32;32m1970-01-04 05:09:16.319|I|1184141422|lpUCM [RemoteSails.cpp:HandleResponse:149] HandleResponse started, buffer size: 1048
[m[0;32;32m1970-01-04 05:09:16.319|I|1184141422|lpUCM [RemoteSails.cpp:HandleResponse:158] Successfully deserialized response, status: 0, result code: 0
[m[0;32;31m1970-01-04 05:09:16.319|E|1184141422|lpUCM [IpccProtoMessage.cpp:SerializeParams:112] m_offset, 340992
[m[1;33m1970-01-04 05:09:16.319|W|1184141422|lpUCM [RemoteSails.cpp:SendWithRetry:185] Successfully wrote 1052 bytes
[m[0;32;32m1970-01-04 05:09:16.323|I|1184141422|lpUCM [RemoteSails.cpp:HandleResponse:149] HandleResponse started, buffer size: 1048
[m[0;32;32m1970-01-04 05:09:16.323|I|1184141422|lpUCM [RemoteSails.cpp:HandleResponse:158] Successfully deserialized response, status: 0, result code: 0
[m[0;32;31m1970-01-04 05:09:16.323|E|1184141422|lpUCM [IpccProtoMessage.cpp:SerializeParams:112] m_offset, 342016
[m[1;33m1970-01-04 05:09:16.323|W|1184141422|lpUCM [RemoteSails.cpp:SendWithRetry:185] Successfully wrote 1052 bytes
[m[0;32;32m1970-01-04 05:09:16.326|I|1184141422|lpUCM [RemoteSails.cpp:HandleResponse:149] HandleResponse started, buffer size: 1048
[m[0;32;32m1970-01-04 05:09:16.326|I|1184141422|lpUCM [RemoteSails.cpp:HandleResponse:158] Successfully deserialized response, status: 0, result code: 0
[m[0;32;31m1970-01-04 05:09:16.326|E|1184141422|lpUCM [IpccProtoMessage.cpp:SerializeParams:112] m_offset, 343040
[m[1;33m1970-01-04 05:09:16.326|W|1184141422|lpUCM [RemoteSails.cpp:SendWithRetry:185] Successfully wrote 1052 bytes
[m[0;32;32m1970-01-04 05:09:16.330|I|1184141422|lpUCM [RemoteSails.cpp:HandleResponse:149] HandleResponse started, buffer size: 1048
[m[0;32;32m1970-01-04 05:09:16.330|I|1184141422|lpUCM [RemoteSails.cpp:HandleResponse:158] Successfully deserialized response, status: 0, result code: 0
[m[0;32;32m1970-01-04 05:09:16.330|I|1184141422|lpUCM [RemoteSails.cpp:SailWriteData:272] All data already trans size 16384
[m[0;32;32m1970-01-04 05:09:16.330|I|1184141422|lpUCM [fds.cpp:FDS_OnLocalUpgProgress:248] total: 23, curr:22, percent:33, rop:92%
[m[0;32;32m1970-01-04 05:09:16.330|I|1184141422|lpUCM [RemoteSails.cpp:SailWriteData:254] total data is 16384
[m[0;32;31m1970-01-04 05:09:16.330|E|1184141422|lpUCM [IpccProtoMessage.cpp:SerializeParams:112] m_offset, 344064
[m[1;33m1970-01-04 05:09:16.330|W|1184141422|lpUCM [RemoteSails.cpp:SendWithRetry:185] Successfully wrote 1052 bytes
[m[0;32;32m1970-01-04 05:09:16.366|I|1184141422|lpUCM [RemoteSails.cpp:HandleResponse:149] HandleResponse started, buffer size: 1048
[m[0;32;32m1970-01-04 05:09:16.366|I|1184141422|lpUCM [RemoteSails.cpp:HandleResponse:158] Successfully deserialized response, status: 0, result code: 0
[m[0;32;31m1970-01-04 05:09:16.366|E|1184141422|lpUCM [IpccProtoMessage.cpp:SerializeParams:112] m_offset, 345088
[m[1;33m1970-01-04 05:09:16.366|W|1184141422|lpUCM [RemoteSails.cpp:SendWithRetry:185] Successfully wrote 1052 bytes
[m[0;32;32m1970-01-04 05:09:16.369|I|1184141422|lpUCM [RemoteSails.cpp:HandleResponse:149] HandleResponse started, buffer size: 1048
[m[0;32;32m1970-01-04 05:09:16.369|I|1184141422|lpUCM [RemoteSails.cpp:HandleResponse:158] Successfully deserialized response, status: 0, result code: 0
[m[0;32;31m1970-01-04 05:09:16.369|E|1184141422|lpUCM [IpccProtoMessage.cpp:SerializeParams:112] m_offset, 346112
[m[1;33m1970-01-04 05:09:16.369|W|1184141422|lpUCM [RemoteSails.cpp:SendWithRetry:185] Successfully wrote 1052 bytes
[m[0;32;32m1970-01-04 05:09:16.375|I|1184141422|lpUCM [RemoteSails.cpp:HandleResponse:149] HandleResponse started, buffer size: 1048
[m[0;32;32m1970-01-04 05:09:16.375|I|1184141422|lpUCM [RemoteSails.cpp:HandleResponse:158] Successfully deserialized response, status: 0, result code: 0
[m[0;32;31m1970-01-04 05:09:16.375|E|1184141422|lpUCM [IpccProtoMessage.cpp:SerializeParams:112] m_offset, 347136
[m[1;33m1970-01-04 05:09:16.375|W|1184141422|lpUCM [RemoteSails.cpp:SendWithRetry:185] Successfully wrote 1052 bytes
[m[0;32;32m1970-01-04 05:09:16.378|I|1184141422|lpUCM [RemoteSails.cpp:HandleResponse:149] HandleResponse started, buffer size: 1048
[m[0;32;32m1970-01-04 05:09:16.378|I|1184141422|lpUCM [RemoteSails.cpp:HandleResponse:158] Successfully deserialized response, status: 0, result code: 0
[m[0;32;31m1970-01-04 05:09:16.378|E|1184141422|lpUCM [IpccProtoMessage.cpp:SerializeParams:112] m_offset, 348160
[m[1;33m1970-01-04 05:09:16.378|W|1184141422|lpUCM [RemoteSails.cpp:SendWithRetry:185] Successfully wrote 1052 bytes
[m[0;32;32m1970-01-04 05:09:16.411|I|1184141422|lpUCM [RemoteSails.cpp:HandleResponse:149] HandleResponse started, buffer size: 1048
[m[0;32;32m1970-01-04 05:09:16.411|I|1184141422|lpUCM [RemoteSails.cpp:HandleResponse:158] Successfully deserialized response, status: 0, result code: 0
[m[0;32;31m1970-01-04 05:09:16.411|E|1184141422|lpUCM [IpccProtoMessage.cpp:SerializeParams:112] m_offset, 349184
[m[1;33m1970-01-04 05:09:16.411|W|1184141422|lpUCM [RemoteSails.cpp:SendWithRetry:185] Successfully wrote 1052 bytes
[m[0;32;32m1970-01-04 05:09:16.414|I|1184141422|lpUCM [RemoteSails.cpp:HandleResponse:149] HandleResponse started, buffer size: 1048
[m[0;32;32m1970-01-04 05:09:16.414|I|1184141422|lpUCM [RemoteSails.cpp:HandleResponse:158] Successfully deserialized response, status: 0, result code: 0
[m[0;32;31m1970-01-04 05:09:16.414|E|1184141422|lpUCM [IpccProtoMessage.cpp:SerializeParams:112] m_offset, 350208
[m[1;33m1970-01-04 05:09:16.414|W|1184141422|lpUCM [RemoteSails.cpp:SendWithRetry:185] Successfully wrote 1052 bytes
[m[0;32;32m1970-01-04 05:09:16.417|I|1184141422|lpUCM [RemoteSails.cpp:HandleResponse:149] HandleResponse started, buffer size: 1048
[m[0;32;32m1970-01-04 05:09:16.417|I|1184141422|lpUCM [RemoteSails.cpp:HandleResponse:158] Successfully deserialized response, status: 0, result code: 0
[m[0;32;31m1970-01-04 05:09:16.417|E|1184141422|lpUCM [IpccProtoMessage.cpp:SerializeParams:112] m_offset, 351232
[m[1;33m1970-01-04 05:09:16.417|W|1184141422|lpUCM [RemoteSails.cpp:SendWithRetry:185] Successfully wrote 1052 bytes
[m[0;32;32m1970-01-04 05:09:16.420|I|1184141422|lpUCM [RemoteSails.cpp:HandleResponse:149] HandleResponse started, buffer size: 1048
[m[0;32;32m1970-01-04 05:09:16.420|I|1184141422|lpUCM [RemoteSails.cpp:HandleResponse:158] Successfully deserialized response, status: 0, result code: 0
[m[0;32;31m1970-01-04 05:09:16.420|E|1184141422|lpUCM [IpccProtoMessage.cpp:SerializeParams:112] m_offset, 352256
[m[1;33m1970-01-04 05:09:16.420|W|1184141422|lpUCM [RemoteSails.cpp:SendWithRetry:185] Successfully wrote 1052 bytes
[m[0;32;32m1970-01-04 05:09:16.453|I|1184141422|lpUCM [RemoteSails.cpp:HandleResponse:149] HandleResponse started, buffer size: 1048
[m[0;32;32m1970-01-04 05:09:16.453|I|1184141422|lpUCM [RemoteSails.cpp:HandleResponse:158] Successfully deserialized response, status: 0, result code: 0
[m[0;32;31m1970-01-04 05:09:16.453|E|1184141422|lpUCM [IpccProtoMessage.cpp:SerializeParams:112] m_offset, 353280
[m[1;33m1970-01-04 05:09:16.453|W|1184141422|lpUCM [RemoteSails.cpp:SendWithRetry:185] Successfully wrote 1052 bytes
[m[0;32;32m1970-01-04 05:09:16.456|I|1184141422|lpUCM [RemoteSails.cpp:HandleResponse:149] HandleResponse started, buffer size: 1048
[m[0;32;32m1970-01-04 05:09:16.456|I|1184141422|lpUCM [RemoteSails.cpp:HandleResponse:158] Successfully deserialized response, status: 0, result code: 0
[m[0;32;31m1970-01-04 05:09:16.456|E|1184141422|lpUCM [IpccProtoMessage.cpp:SerializeParams:112] m_offset, 354304
[m[1;33m1970-01-04 05:09:16.456|W|1184141422|lpUCM [RemoteSails.cpp:SendWithRetry:185] Successfully wrote 1052 bytes
[m[0;32;32m1970-01-04 05:09:16.459|I|1184141422|lpUCM [RemoteSails.cpp:HandleResponse:149] HandleResponse started, buffer size: 1048
[m[0;32;32m1970-01-04 05:09:16.459|I|1184141422|lpUCM [RemoteSails.cpp:HandleResponse:158] Successfully deserialized response, status: 0, result code: 0
[m[0;32;31m1970-01-04 05:09:16.459|E|1184141422|lpUCM [IpccProtoMessage.cpp:SerializeParams:112] m_offset, 355328
[m[1;33m1970-01-04 05:09:16.459|W|1184141422|lpUCM [RemoteSails.cpp:SendWithRetry:185] Successfully wrote 1052 bytes
[m[0;32;32m1970-01-04 05:09:16.465|I|1184141422|lpUCM [RemoteSails.cpp:HandleResponse:149] HandleResponse started, buffer size: 1048
[m[0;32;32m1970-01-04 05:09:16.465|I|1184141422|lpUCM [RemoteSails.cpp:HandleResponse:158] Successfully deserialized response, status: 0, result code: 0
[m[0;32;31m1970-01-04 05:09:16.465|E|1184141422|lpUCM [IpccProtoMessage.cpp:SerializeParams:112] m_offset, 356352
[m[1;33m1970-01-04 05:09:16.465|W|1184141422|lpUCM [RemoteSails.cpp:SendWithRetry:185] Successfully wrote 1052 bytes
[m[0;32;32m1970-01-04 05:09:16.498|I|1184141422|lpUCM [RemoteSails.cpp:HandleResponse:149] HandleResponse started, buffer size: 1048
[m[0;32;32m1970-01-04 05:09:16.498|I|1184141422|lpUCM [RemoteSails.cpp:HandleResponse:158] Successfully deserialized response, status: 0, result code: 0
[m[0;32;31m1970-01-04 05:09:16.498|E|1184141422|lpUCM [IpccProtoMessage.cpp:SerializeParams:112] m_offset, 357376
[m[1;33m1970-01-04 05:09:16.498|W|1184141422|lpUCM [RemoteSails.cpp:SendWithRetry:185] Successfully wrote 1052 bytes
[m[0;32;32m1970-01-04 05:09:16.505|I|1184141422|lpUCM [RemoteSails.cpp:HandleResponse:149] HandleResponse started, buffer size: 1048
[m[0;32;32m1970-01-04 05:09:16.505|I|1184141422|lpUCM [RemoteSails.cpp:HandleResponse:158] Successfully deserialized response, status: 0, result code: 0
[m[0;32;31m1970-01-04 05:09:16.505|E|1184141422|lpUCM [IpccProtoMessage.cpp:SerializeParams:112] m_offset, 358400
[m[1;33m1970-01-04 05:09:16.505|W|1184141422|lpUCM [RemoteSails.cpp:SendWithRetry:185] Successfully wrote 1052 bytes
[m[0;32;32m1970-01-04 05:09:16.508|I|1184141422|lpUCM [RemoteSails.cpp:HandleResponse:149] HandleResponse started, buffer size: 1048
[m[0;32;32m1970-01-04 05:09:16.508|I|1184141422|lpUCM [RemoteSails.cpp:HandleResponse:158] Successfully deserialized response, status: 0, result code: 0
[m[0;32;31m1970-01-04 05:09:16.508|E|1184141422|lpUCM [IpccProtoMessage.cpp:SerializeParams:112] m_offset, 359424
[m[1;33m1970-01-04 05:09:16.508|W|1184141422|lpUCM [RemoteSails.cpp:SendWithRetry:185] Successfully wrote 1052 bytes
[m[0;32;32m1970-01-04 05:09:16.515|I|1184141422|lpUCM [RemoteSails.cpp:HandleResponse:149] HandleResponse started, buffer size: 1048
[m[0;32;32m1970-01-04 05:09:16.515|I|1184141422|lpUCM [RemoteSails.cpp:HandleResponse:158] Successfully deserialized response, status: 0, result code: 0
[m[0;32;32m1970-01-04 05:09:16.515|I|1184141422|lpUCM [RemoteSails.cpp:SailWriteData:272] All data already trans size 16384
[m[0;32;32m1970-01-04 05:09:16.515|I|1184141422|lpUCM [fds.cpp:FDS_OnLocalUpgProgress:248] total: 23, curr:22, percent:34, rop:92%
[m[0;32;32m1970-01-04 05:09:16.515|I|1184141422|lpUCM [RemoteSails.cpp:SailWriteData:254] total data is 16384
[m[0;32;31m1970-01-04 05:09:16.515|E|1184141422|lpUCM [IpccProtoMessage.cpp:SerializeParams:112] m_offset, 360448
[m[1;33m1970-01-04 05:09:16.515|W|1184141422|lpUCM [RemoteSails.cpp:SendWithRetry:185] Successfully wrote 1052 bytes
[m[0;32;32m1970-01-04 05:09:16.551|I|1184141422|lpUCM [RemoteSails.cpp:HandleResponse:149] HandleResponse started, buffer size: 1048
[m[0;32;32m1970-01-04 05:09:16.551|I|1184141422|lpUCM [RemoteSails.cpp:HandleResponse:158] Successfully deserialized response, status: 0, result code: 0
[m[0;32;31m1970-01-04 05:09:16.551|E|1184141422|lpUCM [IpccProtoMessage.cpp:SerializeParams:112] m_offset, 361472
[m[1;33m1970-01-04 05:09:16.551|W|1184141422|lpUCM [RemoteSails.cpp:SendWithRetry:185] Successfully wrote 1052 bytes
[m[0;32;32m1970-01-04 05:09:16.555|I|1184141422|lpUCM [RemoteSails.cpp:HandleResponse:149] HandleResponse started, buffer size: 1048
[m[0;32;32m1970-01-04 05:09:16.555|I|1184141422|lpUCM [RemoteSails.cpp:HandleResponse:158] Successfully deserialized response, status: 0, result code: 0
[m[0;32;31m1970-01-04 05:09:16.555|E|1184141422|lpUCM [IpccProtoMessage.cpp:SerializeParams:112] m_offset, 362496
[m[1;33m1970-01-04 05:09:16.555|W|1184141422|lpUCM [RemoteSails.cpp:SendWithRetry:185] Successfully wrote 1052 bytes
[m[0;32;32m1970-01-04 05:09:16.559|I|1184141422|lpUCM [RemoteSails.cpp:HandleResponse:149] HandleResponse started, buffer size: 1048
[m[0;32;32m1970-01-04 05:09:16.559|I|1184141422|lpUCM [RemoteSails.cpp:HandleResponse:158] Successfully deserialized response, status: 0, result code: 0
[m[0;32;31m1970-01-04 05:09:16.559|E|1184141422|lpUCM [IpccProtoMessage.cpp:SerializeParams:112] m_offset, 363520
[m[1;33m1970-01-04 05:09:16.559|W|1184141422|lpUCM [RemoteSails.cpp:SendWithRetry:185] Successfully wrote 1052 bytes
[m[0;32;32m1970-01-04 05:09:16.563|I|1184141422|lpUCM [RemoteSails.cpp:HandleResponse:149] HandleResponse started, buffer size: 1048
[m[0;32;32m1970-01-04 05:09:16.563|I|1184141422|lpUCM [RemoteSails.cpp:HandleResponse:158] Successfully deserialized response, status: 0, result code: 0
[m[0;32;31m1970-01-04 05:09:16.563|E|1184141422|lpUCM [IpccProtoMessage.cpp:SerializeParams:112] m_offset, 364544
[m[1;33m1970-01-04 05:09:16.563|W|1184141422|lpUCM [RemoteSails.cpp:SendWithRetry:185] Successfully wrote 1052 bytes
[m[0;32;32m1970-01-04 05:09:16.593|I|1184141422|lpUCM [RemoteSails.cpp:HandleResponse:149] HandleResponse started, buffer size: 1048
[m[0;32;32m1970-01-04 05:09:16.593|I|1184141422|lpUCM [RemoteSails.cpp:HandleResponse:158] Successfully deserialized response, status: 0, result code: 0
[m[0;32;31m1970-01-04 05:09:16.593|E|1184141422|lpUCM [IpccProtoMessage.cpp:SerializeParams:112] m_offset, 365568
[m[1;33m1970-01-04 05:09:16.593|W|1184141422|lpUCM [RemoteSails.cpp:SendWithRetry:185] Successfully wrote 1052 bytes
[m[0;32;32m1970-01-04 05:09:16.596|I|1184141422|lpUCM [RemoteSails.cpp:HandleResponse:149] HandleResponse started, buffer size: 1048
[m[0;32;32m1970-01-04 05:09:16.596|I|1184141422|lpUCM [RemoteSails.cpp:HandleResponse:158] Successfully deserialized response, status: 0, result code: 0
[m[0;32;31m1970-01-04 05:09:16.596|E|1184141422|lpUCM [IpccProtoMessage.cpp:SerializeParams:112] m_offset, 366592
[m[1;33m1970-01-04 05:09:16.596|W|1184141422|lpUCM [RemoteSails.cpp:SendWithRetry:185] Successfully wrote 1052 bytes
[m[0;32;32m1970-01-04 05:09:16.599|I|1184141422|lpUCM [RemoteSails.cpp:HandleResponse:149] HandleResponse started, buffer size: 1048
[m[0;32;32m1970-01-04 05:09:16.599|I|1184141422|lpUCM [RemoteSails.cpp:HandleResponse:158] Successfully deserialized response, status: 0, result code: 0
[m[0;32;31m1970-01-04 05:09:16.599|E|1184141422|lpUCM [IpccProtoMessage.cpp:SerializeParams:112] m_offset, 367616
[m[1;33m1970-01-04 05:09:16.599|W|1184141422|lpUCM [RemoteSails.cpp:SendWithRetry:185] Successfully wrote 1052 bytes
[m[0;32;32m1970-01-04 05:09:16.605|I|1184141422|lpUCM [RemoteSails.cpp:HandleResponse:149] HandleResponse started, buffer size: 1048
[m[0;32;32m1970-01-04 05:09:16.605|I|1184141422|lpUCM [RemoteSails.cpp:HandleResponse:158] Successfully deserialized response, status: 0, result code: 0
[m[0;32;31m1970-01-04 05:09:16.605|E|1184141422|lpUCM [IpccProtoMessage.cpp:SerializeParams:112] m_offset, 368640
[m[1;33m1970-01-04 05:09:16.605|W|1184141422|lpUCM [RemoteSails.cpp:SendWithRetry:185] Successfully wrote 1052 bytes
[m[0;32;32m1970-01-04 05:09:16.638|I|1184141422|lpUCM [RemoteSails.cpp:HandleResponse:149] HandleResponse started, buffer size: 1048
[m[0;32;32m1970-01-04 05:09:16.638|I|1184141422|lpUCM [RemoteSails.cpp:HandleResponse:158] Successfully deserialized response, status: 0, result code: 0
[m[0;32;31m1970-01-04 05:09:16.638|E|1184141422|lpUCM [IpccProtoMessage.cpp:SerializeParams:112] m_offset, 369664
[m[1;33m1970-01-04 05:09:16.638|W|1184141422|lpUCM [RemoteSails.cpp:SendWithRetry:185] Successfully wrote 1052 bytes
[m[0;32;32m1970-01-04 05:09:16.644|I|1184141422|lpUCM [RemoteSails.cpp:HandleResponse:149] HandleResponse started, buffer size: 1048
[m[0;32;32m1970-01-04 05:09:16.644|I|1184141422|lpUCM [RemoteSails.cpp:HandleResponse:158] Successfully deserialized response, status: 0, result code: 0
[m[0;32;31m1970-01-04 05:09:16.644|E|1184141422|lpUCM [IpccProtoMessage.cpp:SerializeParams:112] m_offset, 370688
[m[1;33m1970-01-04 05:09:16.644|W|1184141422|lpUCM [RemoteSails.cpp:SendWithRetry:185] Successfully wrote 1052 bytes
[m[0;32;32m1970-01-04 05:09:16.647|I|1184141422|lpUCM [RemoteSails.cpp:HandleResponse:149] HandleResponse started, buffer size: 1048
[m[0;32;32m1970-01-04 05:09:16.647|I|1184141422|lpUCM [RemoteSails.cpp:HandleResponse:158] Successfully deserialized response, status: 0, result code: 0
[m[0;32;31m1970-01-04 05:09:16.647|E|1184141422|lpUCM [IpccProtoMessage.cpp:SerializeParams:112] m_offset, 371712
[m[1;33m1970-01-04 05:09:16.647|W|1184141422|lpUCM [RemoteSails.cpp:SendWithRetry:185] Successfully wrote 1052 bytes
[m[0;32;32m1970-01-04 05:09:16.650|I|1184141422|lpUCM [RemoteSails.cpp:HandleResponse:149] HandleResponse started, buffer size: 1048
[m[0;32;32m1970-01-04 05:09:16.650|I|1184141422|lpUCM [RemoteSails.cpp:HandleResponse:158] Successfully deserialized response, status: 0, result code: 0
[m[0;32;31m1970-01-04 05:09:16.650|E|1184141422|lpUCM [IpccProtoMessage.cpp:SerializeParams:112] m_offset, 372736
[m[1;33m1970-01-04 05:09:16.650|W|1184141422|lpUCM [RemoteSails.cpp:SendWithRetry:185] Successfully wrote 1052 bytes
[m[0;32;32m1970-01-04 05:09:16.683|I|1184141422|lpUCM [RemoteSails.cpp:HandleResponse:149] HandleResponse started, buffer size: 1048
[m[0;32;32m1970-01-04 05:09:16.683|I|1184141422|lpUCM [RemoteSails.cpp:HandleResponse:158] Successfully deserialized response, status: 0, result code: 0
[m[0;32;31m1970-01-04 05:09:16.683|E|1184141422|lpUCM [IpccProtoMessage.cpp:SerializeParams:112] m_offset, 373760
[m[1;33m1970-01-04 05:09:16.683|W|1184141422|lpUCM [RemoteSails.cpp:SendWithRetry:185] Successfully wrote 1052 bytes
[m[0;32;32m1970-01-04 05:09:16.686|I|1184141422|lpUCM [RemoteSails.cpp:HandleResponse:149] HandleResponse started, buffer size: 1048
[m[0;32;32m1970-01-04 05:09:16.686|I|1184141422|lpUCM [RemoteSails.cpp:HandleResponse:158] Successfully deserialized response, status: 0, result code: 0
[m[0;32;31m1970-01-04 05:09:16.686|E|1184141422|lpUCM [IpccProtoMessage.cpp:SerializeParams:112] m_offset, 374784
[m[1;33m1970-01-04 05:09:16.686|W|1184141422|lpUCM [RemoteSails.cpp:SendWithRetry:185] Successfully wrote 1052 bytes
[m[0;32;32m1970-01-04 05:09:16.689|I|1184141422|lpUCM [RemoteSails.cpp:HandleResponse:149] HandleResponse started, buffer size: 1048
[m[0;32;32m1970-01-04 05:09:16.689|I|1184141422|lpUCM [RemoteSails.cpp:HandleResponse:158] Successfully deserialized response, status: 0, result code: 0
[m[0;32;31m1970-01-04 05:09:16.689|E|1184141422|lpUCM [IpccProtoMessage.cpp:SerializeParams:112] m_offset, 375808
[m[1;33m1970-01-04 05:09:16.689|W|1184141422|lpUCM [RemoteSails.cpp:SendWithRetry:185] Successfully wrote 1052 bytes
[m[0;32;32m1970-01-04 05:09:16.695|I|1184141422|lpUCM [RemoteSails.cpp:HandleResponse:149] HandleResponse started, buffer size: 1048
[m[0;32;32m1970-01-04 05:09:16.695|I|1184141422|lpUCM [RemoteSails.cpp:HandleResponse:158] Successfully deserialized response, status: 0, result code: 0
[m[0;32;32m1970-01-04 05:09:16.695|I|1184141422|lpUCM [RemoteSails.cpp:SailWriteData:272] All data already trans size 16384
[m[0;32;32m1970-01-04 05:09:16.695|I|1184141422|lpUCM [fds.cpp:FDS_OnLocalUpgProgress:248] total: 23, curr:22, percent:35, rop:92%
[m[0;32;32m1970-01-04 05:09:16.695|I|1184141422|lpUCM [RemoteSails.cpp:SailWriteData:254] total data is 16384
[m[0;32;31m1970-01-04 05:09:16.695|E|1184141422|lpUCM [IpccProtoMessage.cpp:SerializeParams:112] m_offset, 376832
[m[1;33m1970-01-04 05:09:16.695|W|1184141422|lpUCM [RemoteSails.cpp:SendWithRetry:185] Successfully wrote 1052 bytes
[m[0;32;32m1970-01-04 05:09:16.732|I|1184141422|lpUCM [RemoteSails.cpp:HandleResponse:149] HandleResponse started, buffer size: 1048
[m[0;32;32m1970-01-04 05:09:16.732|I|1184141422|lpUCM [RemoteSails.cpp:HandleResponse:158] Successfully deserialized response, status: 0, result code: 0
[m[0;32;31m1970-01-04 05:09:16.732|E|1184141422|lpUCM [IpccProtoMessage.cpp:SerializeParams:112] m_offset, 377856
[m[1;33m1970-01-04 05:09:16.732|W|1184141422|lpUCM [RemoteSails.cpp:SendWithRetry:185] Successfully wrote 1052 bytes
[m[0;32;32m1970-01-04 05:09:16.736|I|1184141422|lpUCM [RemoteSails.cpp:HandleResponse:149] HandleResponse started, buffer size: 1048
[m[0;32;32m1970-01-04 05:09:16.736|I|1184141422|lpUCM [RemoteSails.cpp:HandleResponse:158] Successfully deserialized response, status: 0, result code: 0
[m[0;32;31m1970-01-04 05:09:16.736|E|1184141422|lpUCM [IpccProtoMessage.cpp:SerializeParams:112] m_offset, 378880
[m[1;33m1970-01-04 05:09:16.736|W|1184141422|lpUCM [RemoteSails.cpp:SendWithRetry:185] Successfully wrote 1052 bytes
[m[0;32;32m1970-01-04 05:09:16.740|I|1184141422|lpUCM [RemoteSails.cpp:HandleResponse:149] HandleResponse started, buffer size: 1048
[m[0;32;32m1970-01-04 05:09:16.740|I|1184141422|lpUCM [RemoteSails.cpp:HandleResponse:158] Successfully deserialized response, status: 0, result code: 0
[m[0;32;31m1970-01-04 05:09:16.740|E|1184141422|lpUCM [IpccProtoMessage.cpp:SerializeParams:112] m_offset, 379904
[m[1;33m1970-01-04 05:09:16.740|W|1184141422|lpUCM [RemoteSails.cpp:SendWithRetry:185] Successfully wrote 1052 bytes
[m[0;32;32m1970-01-04 05:09:16.744|I|1184141422|lpUCM [RemoteSails.cpp:HandleResponse:149] HandleResponse started, buffer size: 1048
[m[0;32;32m1970-01-04 05:09:16.744|I|1184141422|lpUCM [RemoteSails.cpp:HandleResponse:158] Successfully deserialized response, status: 0, result code: 0
[m[0;32;31m1970-01-04 05:09:16.744|E|1184141422|lpUCM [IpccProtoMessage.cpp:SerializeParams:112] m_offset, 380928
[m[1;33m1970-01-04 05:09:16.744|W|1184141422|lpUCM [RemoteSails.cpp:SendWithRetry:185] Successfully wrote 1052 bytes
[m[0;32;32m1970-01-04 05:09:16.779|I|1184141422|lpUCM [RemoteSails.cpp:HandleResponse:149] HandleResponse started, buffer size: 1048
[m[0;32;32m1970-01-04 05:09:16.779|I|1184141422|lpUCM [RemoteSails.cpp:HandleResponse:158] Successfully deserialized response, status: 0, result code: 0
[m[0;32;31m1970-01-04 05:09:16.779|E|1184141422|lpUCM [IpccProtoMessage.cpp:SerializeParams:112] m_offset, 381952
[m[1;33m1970-01-04 05:09:16.779|W|1184141422|lpUCM [RemoteSails.cpp:SendWithRetry:185] Successfully wrote 1052 bytes
[m[0;32;32m1970-01-04 05:09:16.783|I|1184141422|lpUCM [RemoteSails.cpp:HandleResponse:149] HandleResponse started, buffer size: 1048
[m[0;32;32m1970-01-04 05:09:16.783|I|1184141422|lpUCM [RemoteSails.cpp:HandleResponse:158] Successfully deserialized response, status: 0, result code: 0
[m[0;32;31m1970-01-04 05:09:16.783|E|1184141422|lpUCM [IpccProtoMessage.cpp:SerializeParams:112] m_offset, 382976
[m[1;33m1970-01-04 05:09:16.783|W|1184141422|lpUCM [RemoteSails.cpp:SendWithRetry:185] Successfully wrote 1052 bytes
[m[0;32;32m1970-01-04 05:09:16.786|I|1184141422|lpUCM [RemoteSails.cpp:HandleResponse:149] HandleResponse started, buffer size: 1048
[m[0;32;32m1970-01-04 05:09:16.786|I|1184141422|lpUCM [RemoteSails.cpp:HandleResponse:158] Successfully deserialized response, status: 0, result code: 0
[m[0;32;31m1970-01-04 05:09:16.786|E|1184141422|lpUCM [IpccProtoMessage.cpp:SerializeParams:112] m_offset, 384000
[m[1;33m1970-01-04 05:09:16.786|W|1184141422|lpUCM [RemoteSails.cpp:SendWithRetry:185] Successfully wrote 1052 bytes
[m[0;32;32m1970-01-04 05:09:16.790|I|1184141422|lpUCM [RemoteSails.cpp:HandleResponse:149] HandleResponse started, buffer size: 1048
[m[0;32;32m1970-01-04 05:09:16.790|I|1184141422|lpUCM [RemoteSails.cpp:HandleResponse:158] Successfully deserialized response, status: 0, result code: 0
[m[0;32;31m1970-01-04 05:09:16.790|E|1184141422|lpUCM [IpccProtoMessage.cpp:SerializeParams:112] m_offset, 385024
[m[1;33m1970-01-04 05:09:16.790|W|1184141422|lpUCM [RemoteSails.cpp:SendWithRetry:185] Successfully wrote 1052 bytes
[m[0;32;32m1970-01-04 05:09:16.824|I|1184141422|lpUCM [RemoteSails.cpp:HandleResponse:149] HandleResponse started, buffer size: 1048
[m[0;32;32m1970-01-04 05:09:16.824|I|1184141422|lpUCM [RemoteSails.cpp:HandleResponse:158] Successfully deserialized response, status: 0, result code: 0
[m[0;32;31m1970-01-04 05:09:16.824|E|1184141422|lpUCM [IpccProtoMessage.cpp:SerializeParams:112] m_offset, 386048
[m[1;33m1970-01-04 05:09:16.824|W|1184141422|lpUCM [RemoteSails.cpp:SendWithRetry:185] Successfully wrote 1052 bytes
[m[0;32;32m1970-01-04 05:09:16.827|I|1184141422|lpUCM [RemoteSails.cpp:HandleResponse:149] HandleResponse started, buffer size: 1048
[m[0;32;32m1970-01-04 05:09:16.827|I|1184141422|lpUCM [RemoteSails.cpp:HandleResponse:158] Successfully deserialized response, status: 0, result code: 0
[m[0;32;31m1970-01-04 05:09:16.827|E|1184141422|lpUCM [IpccProtoMessage.cpp:SerializeParams:112] m_offset, 387072
[m[1;33m1970-01-04 05:09:16.827|W|1184141422|lpUCM [RemoteSails.cpp:SendWithRetry:185] Successfully wrote 1052 bytes
[m[0;32;32m1970-01-04 05:09:16.830|I|1184141422|lpUCM [RemoteSails.cpp:HandleResponse:149] HandleResponse started, buffer size: 1048
[m[0;32;32m1970-01-04 05:09:16.830|I|1184141422|lpUCM [RemoteSails.cpp:HandleResponse:158] Successfully deserialized response, status: 0, result code: 0
[m[0;32;31m1970-01-04 05:09:16.830|E|1184141422|lpUCM [IpccProtoMessage.cpp:SerializeParams:112] m_offset, 388096
[m[1;33m1970-01-04 05:09:16.830|W|1184141422|lpUCM [RemoteSails.cpp:SendWithRetry:185] Successfully wrote 1052 bytes
[m[0;32;32m1970-01-04 05:09:16.833|I|1184141422|lpUCM [RemoteSails.cpp:HandleResponse:149] HandleResponse started, buffer size: 1048
[m[0;32;32m1970-01-04 05:09:16.833|I|1184141422|lpUCM [RemoteSails.cpp:HandleResponse:158] Successfully deserialized response, status: 0, result code: 0
[m[0;32;31m1970-01-04 05:09:16.833|E|1184141422|lpUCM [IpccProtoMessage.cpp:SerializeParams:112] m_offset, 389120
[m[1;33m1970-01-04 05:09:16.833|W|1184141422|lpUCM [RemoteSails.cpp:SendWithRetry:185] Successfully wrote 1052 bytes
[m[0;32;32m1970-01-04 05:09:16.866|I|1184141422|lpUCM [RemoteSails.cpp:HandleResponse:149] HandleResponse started, buffer size: 1048
[m[0;32;32m1970-01-04 05:09:16.866|I|1184141422|lpUCM [RemoteSails.cpp:HandleResponse:158] Successfully deserialized response, status: 0, result code: 0
[m[0;32;31m1970-01-04 05:09:16.866|E|1184141422|lpUCM [IpccProtoMessage.cpp:SerializeParams:112] m_offset, 390144
[m[1;33m1970-01-04 05:09:16.866|W|1184141422|lpUCM [RemoteSails.cpp:SendWithRetry:185] Successfully wrote 1052 bytes
[m[0;32;32m1970-01-04 05:09:16.869|I|1184141422|lpUCM [RemoteSails.cpp:HandleResponse:149] HandleResponse started, buffer size: 1048
[m[0;32;32m1970-01-04 05:09:16.869|I|1184141422|lpUCM [RemoteSails.cpp:HandleResponse:158] Successfully deserialized response, status: 0, result code: 0
[m[0;32;31m1970-01-04 05:09:16.869|E|1184141422|lpUCM [IpccProtoMessage.cpp:SerializeParams:112] m_offset, 391168
[m[1;33m1970-01-04 05:09:16.869|W|1184141422|lpUCM [RemoteSails.cpp:SendWithRetry:185] Successfully wrote 1052 bytes
[m[0;32;32m1970-01-04 05:09:16.876|I|1184141422|lpUCM [RemoteSails.cpp:HandleResponse:149] HandleResponse started, buffer size: 1048
[m[0;32;32m1970-01-04 05:09:16.876|I|1184141422|lpUCM [RemoteSails.cpp:HandleResponse:158] Successfully deserialized response, status: 0, result code: 0
[m[0;32;31m1970-01-04 05:09:16.876|E|1184141422|lpUCM [IpccProtoMessage.cpp:SerializeParams:112] m_offset, 392192
[m[1;33m1970-01-04 05:09:16.876|W|1184141422|lpUCM [RemoteSails.cpp:SendWithRetry:185] Successfully wrote 1052 bytes
[m[0;32;32m1970-01-04 05:09:16.879|I|1184141422|lpUCM [RemoteSails.cpp:HandleResponse:149] HandleResponse started, buffer size: 1048
[m[0;32;32m1970-01-04 05:09:16.879|I|1184141422|lpUCM [RemoteSails.cpp:HandleResponse:158] Successfully deserialized response, status: 0, result code: 0
[m[0;32;32m1970-01-04 05:09:16.879|I|1184141422|lpUCM [RemoteSails.cpp:SailWriteData:272] All data already trans size 16384
[m[0;32;32m1970-01-04 05:09:16.879|I|1184141422|lpUCM [fds.cpp:FDS_OnLocalUpgProgress:248] total: 23, curr:22, percent:36, rop:92%
[m[0;32;32m1970-01-04 05:09:16.879|I|1184141422|lpUCM [RemoteSails.cpp:SailWriteData:254] total data is 16384
[m[0;32;31m1970-01-04 05:09:16.879|E|1184141422|lpUCM [IpccProtoMessage.cpp:SerializeParams:112] m_offset, 393216
[m[1;33m1970-01-04 05:09:16.879|W|1184141422|lpUCM [RemoteSails.cpp:SendWithRetry:185] Successfully wrote 1052 bytes
[m[0;32;32m1970-01-04 05:09:16.913|I|1184141422|lpUCM [RemoteSails.cpp:HandleResponse:149] HandleResponse started, buffer size: 1048
[m[0;32;32m1970-01-04 05:09:16.913|I|1184141422|lpUCM [RemoteSails.cpp:HandleResponse:158] Successfully deserialized response, status: 0, result code: 0
[m[0;32;31m1970-01-04 05:09:16.913|E|1184141422|lpUCM [IpccProtoMessage.cpp:SerializeParams:112] m_offset, 394240
[m[1;33m1970-01-04 05:09:16.913|W|1184141422|lpUCM [RemoteSails.cpp:SendWithRetry:185] Successfully wrote 1052 bytes
[m[0;32;32m1970-01-04 05:09:16.916|I|1184141422|lpUCM [RemoteSails.cpp:HandleResponse:149] HandleResponse started, buffer size: 1048
[m[0;32;32m1970-01-04 05:09:16.916|I|1184141422|lpUCM [RemoteSails.cpp:HandleResponse:158] Successfully deserialized response, status: 0, result code: 0
[m[0;32;31m1970-01-04 05:09:16.916|E|1184141422|lpUCM [IpccProtoMessage.cpp:SerializeParams:112] m_offset, 395264
[m[1;33m1970-01-04 05:09:16.916|W|1184141422|lpUCM [RemoteSails.cpp:SendWithRetry:185] Successfully wrote 1052 bytes
[m[0;32;32m1970-01-04 05:09:16.919|I|1184141422|lpUCM [RemoteSails.cpp:HandleResponse:149] HandleResponse started, buffer size: 1048
[m[0;32;32m1970-01-04 05:09:16.919|I|1184141422|lpUCM [RemoteSails.cpp:HandleResponse:158] Successfully deserialized response, status: 0, result code: 0
[m[0;32;31m1970-01-04 05:09:16.919|E|1184141422|lpUCM [IpccProtoMessage.cpp:SerializeParams:112] m_offset, 396288
[m[1;33m1970-01-04 05:09:16.919|W|1184141422|lpUCM [RemoteSails.cpp:SendWithRetry:185] Successfully wrote 1052 bytes
[m[0;32;32m1970-01-04 05:09:16.923|I|1184141422|lpUCM [RemoteSails.cpp:HandleResponse:149] HandleResponse started, buffer size: 1048
[m[0;32;32m1970-01-04 05:09:16.923|I|1184141422|lpUCM [RemoteSails.cpp:HandleResponse:158] Successfully deserialized response, status: 0, result code: 0
[m[0;32;31m1970-01-04 05:09:16.923|E|1184141422|lpUCM [IpccProtoMessage.cpp:SerializeParams:112] m_offset, 397312
[m[1;33m1970-01-04 05:09:16.923|W|1184141422|lpUCM [RemoteSails.cpp:SendWithRetry:185] Successfully wrote 1052 bytes
[m[0;32;32m1970-01-04 05:09:16.958|I|1184141422|lpUCM [RemoteSails.cpp:HandleResponse:149] HandleResponse started, buffer size: 1048
[m[0;32;32m1970-01-04 05:09:16.958|I|1184141422|lpUCM [RemoteSails.cpp:HandleResponse:158] Successfully deserialized response, status: 0, result code: 0
[m[0;32;31m1970-01-04 05:09:16.958|E|1184141422|lpUCM [IpccProtoMessage.cpp:SerializeParams:112] m_offset, 398336
[m[1;33m1970-01-04 05:09:16.958|W|1184141422|lpUCM [RemoteSails.cpp:SendWithRetry:185] Successfully wrote 1052 bytes
[m[0;32;32m1970-01-04 05:09:16.964|I|1184141422|lpUCM [RemoteSails.cpp:HandleResponse:149] HandleResponse started, buffer size: 1048
[m[0;32;32m1970-01-04 05:09:16.964|I|1184141422|lpUCM [RemoteSails.cpp:HandleResponse:158] Successfully deserialized response, status: 0, result code: 0
[m[0;32;31m1970-01-04 05:09:16.964|E|1184141422|lpUCM [IpccProtoMessage.cpp:SerializeParams:112] m_offset, 399360
[m[1;33m1970-01-04 05:09:16.964|W|1184141422|lpUCM [RemoteSails.cpp:SendWithRetry:185] Successfully wrote 1052 bytes
[m[0;32;32m1970-01-04 05:09:16.967|I|1184141422|lpUCM [RemoteSails.cpp:HandleResponse:149] HandleResponse started, buffer size: 1048
[m[0;32;32m1970-01-04 05:09:16.967|I|1184141422|lpUCM [RemoteSails.cpp:HandleResponse:158] Successfully deserialized response, status: 0, result code: 0
[m[0;32;31m1970-01-04 05:09:16.967|E|1184141422|lpUCM [IpccProtoMessage.cpp:SerializeParams:112] m_offset, 400384
[m[1;33m1970-01-04 05:09:16.967|W|1184141422|lpUCM [RemoteSails.cpp:SendWithRetry:185] Successfully wrote 1052 bytes
[m[0;32;32m1970-01-04 05:09:16.970|I|1184141422|lpUCM [RemoteSails.cpp:HandleResponse:149] HandleResponse started, buffer size: 1048
[m[0;32;32m1970-01-04 05:09:16.970|I|1184141422|lpUCM [RemoteSails.cpp:HandleResponse:158] Successfully deserialized response, status: 0, result code: 0
[m[0;32;31m1970-01-04 05:09:16.970|E|1184141422|lpUCM [IpccProtoMessage.cpp:SerializeParams:112] m_offset, 401408
[m[1;33m1970-01-04 05:09:16.970|W|1184141422|lpUCM [RemoteSails.cpp:SendWithRetry:185] Successfully wrote 1052 bytes
[m[0;32;32m1970-01-04 05:09:17.6|I|1184141422|lpUCM [RemoteSails.cpp:HandleResponse:149] HandleResponse started, buffer size: 1048
[m[0;32;32m1970-01-04 05:09:17.6|I|1184141422|lpUCM [RemoteSails.cpp:HandleResponse:158] Successfully deserialized response, status: 0, result code: 0
[m[0;32;31m1970-01-04 05:09:17.6|E|1184141422|lpUCM [IpccProtoMessage.cpp:SerializeParams:112] m_offset, 402432
[m[1;33m1970-01-04 05:09:17.6|W|1184141422|lpUCM [RemoteSails.cpp:SendWithRetry:185] Successfully wrote 1052 bytes
[m[0;32;32m1970-01-04 05:09:17.9|I|1184141422|lpUCM [RemoteSails.cpp:HandleResponse:149] HandleResponse started, buffer size: 1048
[m[0;32;32m1970-01-04 05:09:17.9|I|1184141422|lpUCM [RemoteSails.cpp:HandleResponse:158] Successfully deserialized response, status: 0, result code: 0
[m[0;32;31m1970-01-04 05:09:17.9|E|1184141422|lpUCM [IpccProtoMessage.cpp:SerializeParams:112] m_offset, 403456
[m[1;33m1970-01-04 05:09:17.9|W|1184141422|lpUCM [RemoteSails.cpp:SendWithRetry:185] Successfully wrote 1052 bytes
[m[0;32;32m1970-01-04 05:09:17.15|I|1184141422|lpUCM [RemoteSails.cpp:HandleResponse:149] HandleResponse started, buffer size: 1048
[m[0;32;32m1970-01-04 05:09:17.15|I|1184141422|lpUCM [RemoteSails.cpp:HandleResponse:158] Successfully deserialized response, status: 0, result code: 0
[m[0;32;31m1970-01-04 05:09:17.15|E|1184141422|lpUCM [IpccProtoMessage.cpp:SerializeParams:112] m_offset, 404480
[m[1;33m1970-01-04 05:09:17.15|W|1184141422|lpUCM [RemoteSails.cpp:SendWithRetry:185] Successfully wrote 1052 bytes
[m[0;32;32m1970-01-04 05:09:17.18|I|1184141422|lpUCM [RemoteSails.cpp:HandleResponse:149] HandleResponse started, buffer size: 1048
[m[0;32;32m1970-01-04 05:09:17.18|I|1184141422|lpUCM [RemoteSails.cpp:HandleResponse:158] Successfully deserialized response, status: 0, result code: 0
[m[0;32;31m1970-01-04 05:09:17.18|E|1184141422|lpUCM [IpccProtoMessage.cpp:SerializeParams:112] m_offset, 405504
[m[1;33m1970-01-04 05:09:17.18|W|1184141422|lpUCM [RemoteSails.cpp:SendWithRetry:185] Successfully wrote 1052 bytes
[m[0;32;32m1970-01-04 05:09:17.54|I|1184141422|lpUCM [RemoteSails.cpp:HandleResponse:149] HandleResponse started, buffer size: 1048
[m[0;32;32m1970-01-04 05:09:17.54|I|1184141422|lpUCM [RemoteSails.cpp:HandleResponse:158] Successfully deserialized response, status: 0, result code: 0
[m[0;32;31m1970-01-04 05:09:17.54|E|1184141422|lpUCM [IpccProtoMessage.cpp:SerializeParams:112] m_offset, 406528
[m[1;33m1970-01-04 05:09:17.54|W|1184141422|lpUCM [RemoteSails.cpp:SendWithRetry:185] Successfully wrote 1052 bytes
[m[0;32;32m1970-01-04 05:09:17.57|I|1184141422|lpUCM [RemoteSails.cpp:HandleResponse:149] HandleResponse started, buffer size: 1048
[m[0;32;32m1970-01-04 05:09:17.57|I|1184141422|lpUCM [RemoteSails.cpp:HandleResponse:158] Successfully deserialized response, status: 0, result code: 0
[m[0;32;31m1970-01-04 05:09:17.57|E|1184141422|lpUCM [IpccProtoMessage.cpp:SerializeParams:112] m_offset, 407552
[m[1;33m1970-01-04 05:09:17.57|W|1184141422|lpUCM [RemoteSails.cpp:SendWithRetry:185] Successfully wrote 1052 bytes
[m[0;32;32m1970-01-04 05:09:17.63|I|1184141422|lpUCM [RemoteSails.cpp:HandleResponse:149] HandleResponse started, buffer size: 1048
[m[0;32;32m1970-01-04 05:09:17.63|I|1184141422|lpUCM [RemoteSails.cpp:HandleResponse:158] Successfully deserialized response, status: 0, result code: 0
[m[0;32;31m1970-01-04 05:09:17.63|E|1184141422|lpUCM [IpccProtoMessage.cpp:SerializeParams:112] m_offset, 408576
[m[1;33m1970-01-04 05:09:17.63|W|1184141422|lpUCM [RemoteSails.cpp:SendWithRetry:185] Successfully wrote 1052 bytes
[m[0;32;32m1970-01-04 05:09:17.66|I|1184141422|lpUCM [RemoteSails.cpp:HandleResponse:149] HandleResponse started, buffer size: 1048
[m[0;32;32m1970-01-04 05:09:17.66|I|1184141422|lpUCM [RemoteSails.cpp:HandleResponse:158] Successfully deserialized response, status: 0, result code: 0
[m[0;32;32m1970-01-04 05:09:17.66|I|1184141422|lpUCM [RemoteSails.cpp:SailWriteData:272] All data already trans size 16384
[m[0;32;32m1970-01-04 05:09:17.66|I|1184141422|lpUCM [fds.cpp:FDS_OnLocalUpgProgress:248] total: 23, curr:22, percent:37, rop:92%
[m[0;32;32m1970-01-04 05:09:17.66|I|1184141422|lpUCM [RemoteSails.cpp:SailWriteData:254] total data is 16384
[m[0;32;31m1970-01-04 05:09:17.66|E|1184141422|lpUCM [IpccProtoMessage.cpp:SerializeParams:112] m_offset, 409600
[m[1;33m1970-01-04 05:09:17.66|W|1184141422|lpUCM [RemoteSails.cpp:SendWithRetry:185] Successfully wrote 1052 bytes
[m[0;32;32m1970-01-04 05:09:17.99|I|1184141422|lpUCM [RemoteSails.cpp:HandleResponse:149] HandleResponse started, buffer size: 1048
[m[0;32;32m1970-01-04 05:09:17.99|I|1184141422|lpUCM [RemoteSails.cpp:HandleResponse:158] Successfully deserialized response, status: 0, result code: 0
[m[0;32;31m1970-01-04 05:09:17.99|E|1184141422|lpUCM [IpccProtoMessage.cpp:SerializeParams:112] m_offset, 410624
[m[1;33m1970-01-04 05:09:17.99|W|1184141422|lpUCM [RemoteSails.cpp:SendWithRetry:185] Successfully wrote 1052 bytes
[m[0;32;32m1970-01-04 05:09:17.106|I|1184141422|lpUCM [RemoteSails.cpp:HandleResponse:149] HandleResponse started, buffer size: 1048
[m[0;32;32m1970-01-04 05:09:17.106|I|1184141422|lpUCM [RemoteSails.cpp:HandleResponse:158] Successfully deserialized response, status: 0, result code: 0
[m[0;32;31m1970-01-04 05:09:17.106|E|1184141422|lpUCM [IpccProtoMessage.cpp:SerializeParams:112] m_offset, 411648
[m[1;33m1970-01-04 05:09:17.106|W|1184141422|lpUCM [RemoteSails.cpp:SendWithRetry:185] Successfully wrote 1052 bytes
[m[0;32;32m1970-01-04 05:09:17.110|I|1184141422|lpUCM [RemoteSails.cpp:HandleResponse:149] HandleResponse started, buffer size: 1048
[m[0;32;32m1970-01-04 05:09:17.110|I|1184141422|lpUCM [RemoteSails.cpp:HandleResponse:158] Successfully deserialized response, status: 0, result code: 0
[m[0;32;31m1970-01-04 05:09:17.110|E|1184141422|lpUCM [IpccProtoMessage.cpp:SerializeParams:112] m_offset, 412672
[m[1;33m1970-01-04 05:09:17.110|W|1184141422|lpUCM [RemoteSails.cpp:SendWithRetry:185] Successfully wrote 1052 bytes
[m[0;32;32m1970-01-04 05:09:17.114|I|1184141422|lpUCM [RemoteSails.cpp:HandleResponse:149] HandleResponse started, buffer size: 1048
[m[0;32;32m1970-01-04 05:09:17.114|I|1184141422|lpUCM [RemoteSails.cpp:HandleResponse:158] Successfully deserialized response, status: 0, result code: 0
[m[0;32;31m1970-01-04 05:09:17.114|E|1184141422|lpUCM [IpccProtoMessage.cpp:SerializeParams:112] m_offset, 413696
[m[1;33m1970-01-04 05:09:17.114|W|1184141422|lpUCM [RemoteSails.cpp:SendWithRetry:185] Successfully wrote 1052 bytes
[m[0;32;32m1970-01-04 05:09:17.149|I|1184141422|lpUCM [RemoteSails.cpp:HandleResponse:149] HandleResponse started, buffer size: 1048
[m[0;32;32m1970-01-04 05:09:17.149|I|1184141422|lpUCM [RemoteSails.cpp:HandleResponse:158] Successfully deserialized response, status: 0, result code: 0
[m[0;32;31m1970-01-04 05:09:17.149|E|1184141422|lpUCM [IpccProtoMessage.cpp:SerializeParams:112] m_offset, 414720
[m[1;33m1970-01-04 05:09:17.149|W|1184141422|lpUCM [RemoteSails.cpp:SendWithRetry:185] Successfully wrote 1052 bytes
[m[0;32;32m1970-01-04 05:09:17.153|I|1184141422|lpUCM [RemoteSails.cpp:HandleResponse:149] HandleResponse started, buffer size: 1048
[m[0;32;32m1970-01-04 05:09:17.153|I|1184141422|lpUCM [RemoteSails.cpp:HandleResponse:158] Successfully deserialized response, status: 0, result code: 0
[m[0;32;31m1970-01-04 05:09:17.153|E|1184141422|lpUCM [IpccProtoMessage.cpp:SerializeParams:112] m_offset, 415744
[m[1;33m1970-01-04 05:09:17.153|W|1184141422|lpUCM [RemoteSails.cpp:SendWithRetry:185] Successfully wrote 1052 bytes
[m[0;32;32m1970-01-04 05:09:17.157|I|1184141422|lpUCM [RemoteSails.cpp:HandleResponse:149] HandleResponse started, buffer size: 1048
[m[0;32;32m1970-01-04 05:09:17.157|I|1184141422|lpUCM [RemoteSails.cpp:HandleResponse:158] Successfully deserialized response, status: 0, result code: 0
[m[0;32;31m1970-01-04 05:09:17.157|E|1184141422|lpUCM [IpccProtoMessage.cpp:SerializeParams:112] m_offset, 416768
[m[1;33m1970-01-04 05:09:17.157|W|1184141422|lpUCM [RemoteSails.cpp:SendWithRetry:185] Successfully wrote 1052 bytes
[m[0;32;32m1970-01-04 05:09:17.161|I|1184141422|lpUCM [RemoteSails.cpp:HandleResponse:149] HandleResponse started, buffer size: 1048
[m[0;32;32m1970-01-04 05:09:17.161|I|1184141422|lpUCM [RemoteSails.cpp:HandleResponse:158] Successfully deserialized response, status: 0, result code: 0
[m[0;32;31m1970-01-04 05:09:17.161|E|1184141422|lpUCM [IpccProtoMessage.cpp:SerializeParams:112] m_offset, 417792
[m[1;33m1970-01-04 05:09:17.161|W|1184141422|lpUCM [RemoteSails.cpp:SendWithRetry:185] Successfully wrote 1052 bytes
[m[0;32;32m1970-01-04 05:09:17.195|I|1184141422|lpUCM [RemoteSails.cpp:HandleResponse:149] HandleResponse started, buffer size: 1048
[m[0;32;32m1970-01-04 05:09:17.195|I|1184141422|lpUCM [RemoteSails.cpp:HandleResponse:158] Successfully deserialized response, status: 0, result code: 0
[m[0;32;31m1970-01-04 05:09:17.195|E|1184141422|lpUCM [IpccProtoMessage.cpp:SerializeParams:112] m_offset, 418816
[m[1;33m1970-01-04 05:09:17.195|W|1184141422|lpUCM [RemoteSails.cpp:SendWithRetry:185] Successfully wrote 1052 bytes
[m[0;32;32m1970-01-04 05:09:17.198|I|1184141422|lpUCM [RemoteSails.cpp:HandleResponse:149] HandleResponse started, buffer size: 1048
[m[0;32;32m1970-01-04 05:09:17.198|I|1184141422|lpUCM [RemoteSails.cpp:HandleResponse:158] Successfully deserialized response, status: 0, result code: 0
[m[0;32;31m1970-01-04 05:09:17.198|E|1184141422|lpUCM [IpccProtoMessage.cpp:SerializeParams:112] m_offset, 419840
[m[1;33m1970-01-04 05:09:17.198|W|1184141422|lpUCM [RemoteSails.cpp:SendWithRetry:185] Successfully wrote 1052 bytes
[m[0;32;32m1970-01-04 05:09:17.204|I|1184141422|lpUCM [RemoteSails.cpp:HandleResponse:149] HandleResponse started, buffer size: 1048
[m[0;32;32m1970-01-04 05:09:17.204|I|1184141422|lpUCM [RemoteSails.cpp:HandleResponse:158] Successfully deserialized response, status: 0, result code: 0
[m[0;32;31m1970-01-04 05:09:17.204|E|1184141422|lpUCM [IpccProtoMessage.cpp:SerializeParams:112] m_offset, 420864
[m[1;33m1970-01-04 05:09:17.204|W|1184141422|lpUCM [RemoteSails.cpp:SendWithRetry:185] Successfully wrote 1052 bytes
[m[0;32;32m1970-01-04 05:09:17.207|I|1184141422|lpUCM [RemoteSails.cpp:HandleResponse:149] HandleResponse started, buffer size: 1048
[m[0;32;32m1970-01-04 05:09:17.207|I|1184141422|lpUCM [RemoteSails.cpp:HandleResponse:158] Successfully deserialized response, status: 0, result code: 0
[m[0;32;31m1970-01-04 05:09:17.207|E|1184141422|lpUCM [IpccProtoMessage.cpp:SerializeParams:112] m_offset, 421888
[m[1;33m1970-01-04 05:09:17.207|W|1184141422|lpUCM [RemoteSails.cpp:SendWithRetry:185] Successfully wrote 1052 bytes
[m[0;32;32m1970-01-04 05:09:17.243|I|1184141422|lpUCM [RemoteSails.cpp:HandleResponse:149] HandleResponse started, buffer size: 1048
[m[0;32;32m1970-01-04 05:09:17.243|I|1184141422|lpUCM [RemoteSails.cpp:HandleResponse:158] Successfully deserialized response, status: 0, result code: 0
[m[0;32;31m1970-01-04 05:09:17.243|E|1184141422|lpUCM [IpccProtoMessage.cpp:SerializeParams:112] m_offset, 422912
[m[1;33m1970-01-04 05:09:17.243|W|1184141422|lpUCM [RemoteSails.cpp:SendWithRetry:185] Successfully wrote 1052 bytes
[m[0;32;32m1970-01-04 05:09:17.247|I|1184141422|lpUCM [RemoteSails.cpp:HandleResponse:149] HandleResponse started, buffer size: 1048
[m[0;32;32m1970-01-04 05:09:17.247|I|1184141422|lpUCM [RemoteSails.cpp:HandleResponse:158] Successfully deserialized response, status: 0, result code: 0
[m[0;32;31m1970-01-04 05:09:17.247|E|1184141422|lpUCM [IpccProtoMessage.cpp:SerializeParams:112] m_offset, 423936
[m[1;33m1970-01-04 05:09:17.247|W|1184141422|lpUCM [RemoteSails.cpp:SendWithRetry:185] Successfully wrote 1052 bytes
[m[0;32;32m1970-01-04 05:09:17.250|I|1184141422|lpUCM [RemoteSails.cpp:HandleResponse:149] HandleResponse started, buffer size: 1048
[m[0;32;32m1970-01-04 05:09:17.250|I|1184141422|lpUCM [RemoteSails.cpp:HandleResponse:158] Successfully deserialized response, status: 0, result code: 0
[m[0;32;31m1970-01-04 05:09:17.250|E|1184141422|lpUCM [IpccProtoMessage.cpp:SerializeParams:112] m_offset, 424960
[m[1;33m1970-01-04 05:09:17.250|W|1184141422|lpUCM [RemoteSails.cpp:SendWithRetry:185] Successfully wrote 1052 bytes
[m[0;32;32m1970-01-04 05:09:17.254|I|1184141422|lpUCM [RemoteSails.cpp:HandleResponse:149] HandleResponse started, buffer size: 1048
[m[0;32;32m1970-01-04 05:09:17.254|I|1184141422|lpUCM [RemoteSails.cpp:HandleResponse:158] Successfully deserialized response, status: 0, result code: 0
[m[0;32;32m1970-01-04 05:09:17.254|I|1184141422|lpUCM [RemoteSails.cpp:SailWriteData:272] All data already trans size 16384
[m[0;32;32m1970-01-04 05:09:17.254|I|1184141422|lpUCM [fds.cpp:FDS_OnLocalUpgProgress:248] total: 23, curr:22, percent:39, rop:93%
[m[0;32;32m1970-01-04 05:09:17.254|I|1184141422|lpUCM [RemoteSails.cpp:SailWriteData:254] total data is 16384
[m[0;32;31m1970-01-04 05:09:17.254|E|1184141422|lpUCM [IpccProtoMessage.cpp:SerializeParams:112] m_offset, 425984
[m[1;33m1970-01-04 05:09:17.254|W|1184141422|lpUCM [RemoteSails.cpp:SendWithRetry:185] Successfully wrote 1052 bytes
[m[0;32;32m1970-01-04 05:09:17.288|I|1184141422|lpUCM [RemoteSails.cpp:HandleResponse:149] HandleResponse started, buffer size: 1048
[m[0;32;32m1970-01-04 05:09:17.288|I|1184141422|lpUCM [RemoteSails.cpp:HandleResponse:158] Successfully deserialized response, status: 0, result code: 0
[m[0;32;31m1970-01-04 05:09:17.288|E|1184141422|lpUCM [IpccProtoMessage.cpp:SerializeParams:112] m_offset, 427008
[m[1;33m1970-01-04 05:09:17.288|W|1184141422|lpUCM [RemoteSails.cpp:SendWithRetry:185] Successfully wrote 1052 bytes
[m[0;32;32m1970-01-04 05:09:17.295|I|1184141422|lpUCM [RemoteSails.cpp:HandleResponse:149] HandleResponse started, buffer size: 1048
[m[0;32;32m1970-01-04 05:09:17.295|I|1184141422|lpUCM [RemoteSails.cpp:HandleResponse:158] Successfully deserialized response, status: 0, result code: 0
[m[0;32;31m1970-01-04 05:09:17.295|E|1184141422|lpUCM [IpccProtoMessage.cpp:SerializeParams:112] m_offset, 428032
[m[1;33m1970-01-04 05:09:17.295|W|1184141422|lpUCM [RemoteSails.cpp:SendWithRetry:185] Successfully wrote 1052 bytes
[m[0;32;32m1970-01-04 05:09:17.298|I|1184141422|lpUCM [RemoteSails.cpp:HandleResponse:149] HandleResponse started, buffer size: 1048
[m[0;32;32m1970-01-04 05:09:17.298|I|1184141422|lpUCM [RemoteSails.cpp:HandleResponse:158] Successfully deserialized response, status: 0, result code: 0
[m[0;32;31m1970-01-04 05:09:17.298|E|1184141422|lpUCM [IpccProtoMessage.cpp:SerializeParams:112] m_offset, 429056
[m[1;33m1970-01-04 05:09:17.298|W|1184141422|lpUCM [RemoteSails.cpp:SendWithRetry:185] Successfully wrote 1052 bytes
[m[0;32;32m1970-01-04 05:09:17.305|I|1184141422|lpUCM [RemoteSails.cpp:HandleResponse:149] HandleResponse started, buffer size: 1048
[m[0;32;32m1970-01-04 05:09:17.305|I|1184141422|lpUCM [RemoteSails.cpp:HandleResponse:158] Successfully deserialized response, status: 0, result code: 0
[m[0;32;31m1970-01-04 05:09:17.305|E|1184141422|lpUCM [IpccProtoMessage.cpp:SerializeParams:112] m_offset, 430080
[m[1;33m1970-01-04 05:09:17.305|W|1184141422|lpUCM [RemoteSails.cpp:SendWithRetry:185] Successfully wrote 1052 bytes
[m[0;32;32m1970-01-04 05:09:17.337|I|1184141422|lpUCM [RemoteSails.cpp:HandleResponse:149] HandleResponse started, buffer size: 1048
[m[0;32;32m1970-01-04 05:09:17.337|I|1184141422|lpUCM [RemoteSails.cpp:HandleResponse:158] Successfully deserialized response, status: 0, result code: 0
[m[0;32;31m1970-01-04 05:09:17.337|E|1184141422|lpUCM [IpccProtoMessage.cpp:SerializeParams:112] m_offset, 431104
[m[1;33m1970-01-04 05:09:17.337|W|1184141422|lpUCM [RemoteSails.cpp:SendWithRetry:185] Successfully wrote 1052 bytes
[m[0;32;32m1970-01-04 05:09:17.340|I|1184141422|lpUCM [RemoteSails.cpp:HandleResponse:149] HandleResponse started, buffer size: 1048
[m[0;32;32m1970-01-04 05:09:17.340|I|1184141422|lpUCM [RemoteSails.cpp:HandleResponse:158] Successfully deserialized response, status: 0, result code: 0
[m[0;32;31m1970-01-04 05:09:17.340|E|1184141422|lpUCM [IpccProtoMessage.cpp:SerializeParams:112] m_offset, 432128
[m[1;33m1970-01-04 05:09:17.340|W|1184141422|lpUCM [RemoteSails.cpp:SendWithRetry:185] Successfully wrote 1052 bytes
[m[0;32;32m1970-01-04 05:09:17.343|I|1184141422|lpUCM [RemoteSails.cpp:HandleResponse:149] HandleResponse started, buffer size: 1048
[m[0;32;32m1970-01-04 05:09:17.343|I|1184141422|lpUCM [RemoteSails.cpp:HandleResponse:158] Successfully deserialized response, status: 0, result code: 0
[m[0;32;31m1970-01-04 05:09:17.343|E|1184141422|lpUCM [IpccProtoMessage.cpp:SerializeParams:112] m_offset, 433152
[m[1;33m1970-01-04 05:09:17.343|W|1184141422|lpUCM [RemoteSails.cpp:SendWithRetry:185] Successfully wrote 1052 bytes
[m[0;32;32m1970-01-04 05:09:17.347|I|1184141422|lpUCM [RemoteSails.cpp:HandleResponse:149] HandleResponse started, buffer size: 1048
[m[0;32;32m1970-01-04 05:09:17.347|I|1184141422|lpUCM [RemoteSails.cpp:HandleResponse:158] Successfully deserialized response, status: 0, result code: 0
[m[0;32;31m1970-01-04 05:09:17.347|E|1184141422|lpUCM [IpccProtoMessage.cpp:SerializeParams:112] m_offset, 434176
[m[1;33m1970-01-04 05:09:17.347|W|1184141422|lpUCM [RemoteSails.cpp:SendWithRetry:185] Successfully wrote 1052 bytes
[m[0;32;32m1970-01-04 05:09:17.382|I|1184141422|lpUCM [RemoteSails.cpp:HandleResponse:149] HandleResponse started, buffer size: 1048
[m[0;32;32m1970-01-04 05:09:17.382|I|1184141422|lpUCM [RemoteSails.cpp:HandleResponse:158] Successfully deserialized response, status: 0, result code: 0
[m[0;32;31m1970-01-04 05:09:17.382|E|1184141422|lpUCM [IpccProtoMessage.cpp:SerializeParams:112] m_offset, 435200
[m[1;33m1970-01-04 05:09:17.382|W|1184141422|lpUCM [RemoteSails.cpp:SendWithRetry:185] Successfully wrote 1052 bytes
[m[0;32;32m1970-01-04 05:09:17.385|I|1184141422|lpUCM [RemoteSails.cpp:HandleResponse:149] HandleResponse started, buffer size: 1048
[m[0;32;32m1970-01-04 05:09:17.385|I|1184141422|lpUCM [RemoteSails.cpp:HandleResponse:158] Successfully deserialized response, status: 0, result code: 0
[m[0;32;31m1970-01-04 05:09:17.385|E|1184141422|lpUCM [IpccProtoMessage.cpp:SerializeParams:112] m_offset, 436224
[m[1;33m1970-01-04 05:09:17.385|W|1184141422|lpUCM [RemoteSails.cpp:SendWithRetry:185] Successfully wrote 1052 bytes
[m[0;32;32m1970-01-04 05:09:17.388|I|1184141422|lpUCM [RemoteSails.cpp:HandleResponse:149] HandleResponse started, buffer size: 1048
[m[0;32;32m1970-01-04 05:09:17.388|I|1184141422|lpUCM [RemoteSails.cpp:HandleResponse:158] Successfully deserialized response, status: 0, result code: 0
[m[0;32;31m1970-01-04 05:09:17.388|E|1184141422|lpUCM [IpccProtoMessage.cpp:SerializeParams:112] m_offset, 437248
[m[1;33m1970-01-04 05:09:17.388|W|1184141422|lpUCM [RemoteSails.cpp:SendWithRetry:185] Successfully wrote 1052 bytes
[m[0;32;32m1970-01-04 05:09:17.394|I|1184141422|lpUCM [RemoteSails.cpp:HandleResponse:149] HandleResponse started, buffer size: 1048
[m[0;32;32m1970-01-04 05:09:17.394|I|1184141422|lpUCM [RemoteSails.cpp:HandleResponse:158] Successfully deserialized response, status: 0, result code: 0
[m[0;32;31m1970-01-04 05:09:17.394|E|1184141422|lpUCM [IpccProtoMessage.cpp:SerializeParams:112] m_offset, 438272
[m[1;33m1970-01-04 05:09:17.394|W|1184141422|lpUCM [RemoteSails.cpp:SendWithRetry:185] Successfully wrote 1052 bytes
[m[0;32;32m1970-01-04 05:09:17.430|I|1184141422|lpUCM [RemoteSails.cpp:HandleResponse:149] HandleResponse started, buffer size: 1048
[m[0;32;32m1970-01-04 05:09:17.430|I|1184141422|lpUCM [RemoteSails.cpp:HandleResponse:158] Successfully deserialized response, status: 0, result code: 0
[m[0;32;31m1970-01-04 05:09:17.430|E|1184141422|lpUCM [IpccProtoMessage.cpp:SerializeParams:112] m_offset, 439296
[m[1;33m1970-01-04 05:09:17.430|W|1184141422|lpUCM [RemoteSails.cpp:SendWithRetry:185] Successfully wrote 1052 bytes
[m[0;32;32m1970-01-04 05:09:17.433|I|1184141422|lpUCM [RemoteSails.cpp:HandleResponse:149] HandleResponse started, buffer size: 1048
[m[0;32;32m1970-01-04 05:09:17.433|I|1184141422|lpUCM [RemoteSails.cpp:HandleResponse:158] Successfully deserialized response, status: 0, result code: 0
[m[0;32;31m1970-01-04 05:09:17.433|E|1184141422|lpUCM [IpccProtoMessage.cpp:SerializeParams:112] m_offset, 440320
[m[1;33m1970-01-04 05:09:17.433|W|1184141422|lpUCM [RemoteSails.cpp:SendWithRetry:185] Successfully wrote 1052 bytes
[m[0;32;32m1970-01-04 05:09:17.436|I|1184141422|lpUCM [RemoteSails.cpp:HandleResponse:149] HandleResponse started, buffer size: 1048
[m[0;32;32m1970-01-04 05:09:17.436|I|1184141422|lpUCM [RemoteSails.cpp:HandleResponse:158] Successfully deserialized response, status: 0, result code: 0
[m[0;32;31m1970-01-04 05:09:17.436|E|1184141422|lpUCM [IpccProtoMessage.cpp:SerializeParams:112] m_offset, 441344
[m[1;33m1970-01-04 05:09:17.436|W|1184141422|lpUCM [RemoteSails.cpp:SendWithRetry:185] Successfully wrote 1052 bytes
[m[0;32;32m1970-01-04 05:09:17.439|I|1184141422|lpUCM [RemoteSails.cpp:HandleResponse:149] HandleResponse started, buffer size: 1048
[m[0;32;32m1970-01-04 05:09:17.439|I|1184141422|lpUCM [RemoteSails.cpp:HandleResponse:158] Successfully deserialized response, status: 0, result code: 0
[m[0;32;32m1970-01-04 05:09:17.439|I|1184141422|lpUCM [RemoteSails.cpp:SailWriteData:272] All data already trans size 16384
[m[0;32;32m1970-01-04 05:09:17.439|I|1184141422|lpUCM [fds.cpp:FDS_OnLocalUpgProgress:248] total: 23, curr:22, percent:40, rop:93%
[m[0;32;32m1970-01-04 05:09:17.439|I|1184141422|lpUCM [RemoteSails.cpp:SailWriteData:254] total data is 16384
[m[0;32;31m1970-01-04 05:09:17.439|E|1184141422|lpUCM [IpccProtoMessage.cpp:SerializeParams:112] m_offset, 442368
[m[1;33m1970-01-04 05:09:17.439|W|1184141422|lpUCM [RemoteSails.cpp:SendWithRetry:185] Successfully wrote 1052 bytes
[m[0;32;32m1970-01-04 05:09:17.472|I|1184141422|lpUCM [RemoteSails.cpp:HandleResponse:149] HandleResponse started, buffer size: 1048
[m[0;32;32m1970-01-04 05:09:17.472|I|1184141422|lpUCM [RemoteSails.cpp:HandleResponse:158] Successfully deserialized response, status: 0, result code: 0
[m[0;32;31m1970-01-04 05:09:17.472|E|1184141422|lpUCM [IpccProtoMessage.cpp:SerializeParams:112] m_offset, 443392
[m[1;33m1970-01-04 05:09:17.472|W|1184141422|lpUCM [RemoteSails.cpp:SendWithRetry:185] Successfully wrote 1052 bytes
[m[0;32;32m1970-01-04 05:09:17.475|I|1184141422|lpUCM [RemoteSails.cpp:HandleResponse:149] HandleResponse started, buffer size: 1048
[m[0;32;32m1970-01-04 05:09:17.475|I|1184141422|lpUCM [RemoteSails.cpp:HandleResponse:158] Successfully deserialized response, status: 0, result code: 0
[m[0;32;31m1970-01-04 05:09:17.475|E|1184141422|lpUCM [IpccProtoMessage.cpp:SerializeParams:112] m_offset, 444416
[m[1;33m1970-01-04 05:09:17.475|W|1184141422|lpUCM [RemoteSails.cpp:SendWithRetry:185] Successfully wrote 1052 bytes
[m[0;32;32m1970-01-04 05:09:17.478|I|1184141422|lpUCM [RemoteSails.cpp:HandleResponse:149] HandleResponse started, buffer size: 1048
[m[0;32;32m1970-01-04 05:09:17.478|I|1184141422|lpUCM [RemoteSails.cpp:HandleResponse:158] Successfully deserialized response, status: 0, result code: 0
[m[0;32;31m1970-01-04 05:09:17.478|E|1184141422|lpUCM [IpccProtoMessage.cpp:SerializeParams:112] m_offset, 445440
[m[1;33m1970-01-04 05:09:17.478|W|1184141422|lpUCM [RemoteSails.cpp:SendWithRetry:185] Successfully wrote 1052 bytes
[m[0;32;32m1970-01-04 05:09:17.484|I|1184141422|lpUCM [RemoteSails.cpp:HandleResponse:149] HandleResponse started, buffer size: 1048
[m[0;32;32m1970-01-04 05:09:17.484|I|1184141422|lpUCM [RemoteSails.cpp:HandleResponse:158] Successfully deserialized response, status: 0, result code: 0
[m[0;32;31m1970-01-04 05:09:17.484|E|1184141422|lpUCM [IpccProtoMessage.cpp:SerializeParams:112] m_offset, 446464
[m[1;33m1970-01-04 05:09:17.484|W|1184141422|lpUCM [RemoteSails.cpp:SendWithRetry:185] Successfully wrote 1052 bytes
[m[0;32;32m1970-01-04 05:09:17.516|I|1184141422|lpUCM [RemoteSails.cpp:HandleResponse:149] HandleResponse started, buffer size: 1048
[m[0;32;32m1970-01-04 05:09:17.516|I|1184141422|lpUCM [RemoteSails.cpp:HandleResponse:158] Successfully deserialized response, status: 0, result code: 0
[m[0;32;31m1970-01-04 05:09:17.516|E|1184141422|lpUCM [IpccProtoMessage.cpp:SerializeParams:112] m_offset, 447488
[m[1;33m1970-01-04 05:09:17.516|W|1184141422|lpUCM [RemoteSails.cpp:SendWithRetry:185] Successfully wrote 1052 bytes
[m[0;32;32m1970-01-04 05:09:17.520|I|1184141422|lpUCM [RemoteSails.cpp:HandleResponse:149] HandleResponse started, buffer size: 1048
[m[0;32;32m1970-01-04 05:09:17.520|I|1184141422|lpUCM [RemoteSails.cpp:HandleResponse:158] Successfully deserialized response, status: 0, result code: 0
[m[0;32;31m1970-01-04 05:09:17.520|E|1184141422|lpUCM [IpccProtoMessage.cpp:SerializeParams:112] m_offset, 448512
[m[1;33m1970-01-04 05:09:17.520|W|1184141422|lpUCM [RemoteSails.cpp:SendWithRetry:185] Successfully wrote 1052 bytes
[m[0;32;32m1970-01-04 05:09:17.524|I|1184141422|lpUCM [RemoteSails.cpp:HandleResponse:149] HandleResponse started, buffer size: 1048
[m[0;32;32m1970-01-04 05:09:17.524|I|1184141422|lpUCM [RemoteSails.cpp:HandleResponse:158] Successfully deserialized response, status: 0, result code: 0
[m[0;32;31m1970-01-04 05:09:17.524|E|1184141422|lpUCM [IpccProtoMessage.cpp:SerializeParams:112] m_offset, 449536
[m[1;33m1970-01-04 05:09:17.524|W|1184141422|lpUCM [RemoteSails.cpp:SendWithRetry:185] Successfully wrote 1052 bytes
[m[0;32;32m1970-01-04 05:09:17.528|I|1184141422|lpUCM [RemoteSails.cpp:HandleResponse:149] HandleResponse started, buffer size: 1048
[m[0;32;32m1970-01-04 05:09:17.528|I|1184141422|lpUCM [RemoteSails.cpp:HandleResponse:158] Successfully deserialized response, status: 0, result code: 0
[m[0;32;31m1970-01-04 05:09:17.528|E|1184141422|lpUCM [IpccProtoMessage.cpp:SerializeParams:112] m_offset, 450560
[m[1;33m1970-01-04 05:09:17.528|W|1184141422|lpUCM [RemoteSails.cpp:SendWithRetry:185] Successfully wrote 1052 bytes
[m[0;32;32m1970-01-04 05:09:17.562|I|1184141422|lpUCM [RemoteSails.cpp:HandleResponse:149] HandleResponse started, buffer size: 1048
[m[0;32;32m1970-01-04 05:09:17.562|I|1184141422|lpUCM [RemoteSails.cpp:HandleResponse:158] Successfully deserialized response, status: 0, result code: 0
[m[0;32;31m1970-01-04 05:09:17.562|E|1184141422|lpUCM [IpccProtoMessage.cpp:SerializeParams:112] m_offset, 451584
[m[1;33m1970-01-04 05:09:17.562|W|1184141422|lpUCM [RemoteSails.cpp:SendWithRetry:185] Successfully wrote 1052 bytes
[m[0;32;32m1970-01-04 05:09:17.566|I|1184141422|lpUCM [RemoteSails.cpp:HandleResponse:149] HandleResponse started, buffer size: 1048
[m[0;32;32m1970-01-04 05:09:17.566|I|1184141422|lpUCM [RemoteSails.cpp:HandleResponse:158] Successfully deserialized response, status: 0, result code: 0
[m[0;32;31m1970-01-04 05:09:17.566|E|1184141422|lpUCM [IpccProtoMessage.cpp:SerializeParams:112] m_offset, 452608
[m[1;33m1970-01-04 05:09:17.566|W|1184141422|lpUCM [RemoteSails.cpp:SendWithRetry:185] Successfully wrote 1052 bytes
[m[0;32;32m1970-01-04 05:09:17.569|I|1184141422|lpUCM [RemoteSails.cpp:HandleResponse:149] HandleResponse started, buffer size: 1048
[m[0;32;32m1970-01-04 05:09:17.569|I|1184141422|lpUCM [RemoteSails.cpp:HandleResponse:158] Successfully deserialized response, status: 0, result code: 0
[m[0;32;31m1970-01-04 05:09:17.569|E|1184141422|lpUCM [IpccProtoMessage.cpp:SerializeParams:112] m_offset, 453632
[m[1;33m1970-01-04 05:09:17.569|W|1184141422|lpUCM [RemoteSails.cpp:SendWithRetry:185] Successfully wrote 1052 bytes
[m[0;32;32m1970-01-04 05:09:17.575|I|1184141422|lpUCM [RemoteSails.cpp:HandleResponse:149] HandleResponse started, buffer size: 1048
[m[0;32;32m1970-01-04 05:09:17.575|I|1184141422|lpUCM [RemoteSails.cpp:HandleResponse:158] Successfully deserialized response, status: 0, result code: 0
[m[0;32;31m1970-01-04 05:09:17.575|E|1184141422|lpUCM [IpccProtoMessage.cpp:SerializeParams:112] m_offset, 454656
[m[1;33m1970-01-04 05:09:17.575|W|1184141422|lpUCM [RemoteSails.cpp:SendWithRetry:185] Successfully wrote 1052 bytes
[m[0;32;32m1970-01-04 05:09:17.608|I|1184141422|lpUCM [RemoteSails.cpp:HandleResponse:149] HandleResponse started, buffer size: 1048
[m[0;32;32m1970-01-04 05:09:17.608|I|1184141422|lpUCM [RemoteSails.cpp:HandleResponse:158] Successfully deserialized response, status: 0, result code: 0
[m[0;32;31m1970-01-04 05:09:17.608|E|1184141422|lpUCM [IpccProtoMessage.cpp:SerializeParams:112] m_offset, 455680
[m[1;33m1970-01-04 05:09:17.608|W|1184141422|lpUCM [RemoteSails.cpp:SendWithRetry:185] Successfully wrote 1052 bytes
[m[0;32;32m1970-01-04 05:09:17.614|I|1184141422|lpUCM [RemoteSails.cpp:HandleResponse:149] HandleResponse started, buffer size: 1048
[m[0;32;32m1970-01-04 05:09:17.614|I|1184141422|lpUCM [RemoteSails.cpp:HandleResponse:158] Successfully deserialized response, status: 0, result code: 0
[m[0;32;31m1970-01-04 05:09:17.614|E|1184141422|lpUCM [IpccProtoMessage.cpp:SerializeParams:112] m_offset, 456704
[m[1;33m1970-01-04 05:09:17.614|W|1184141422|lpUCM [RemoteSails.cpp:SendWithRetry:185] Successfully wrote 1052 bytes
[m[0;32;32m1970-01-04 05:09:17.617|I|1184141422|lpUCM [RemoteSails.cpp:HandleResponse:149] HandleResponse started, buffer size: 1048
[m[0;32;32m1970-01-04 05:09:17.617|I|1184141422|lpUCM [RemoteSails.cpp:HandleResponse:158] Successfully deserialized response, status: 0, result code: 0
[m[0;32;31m1970-01-04 05:09:17.617|E|1184141422|lpUCM [IpccProtoMessage.cpp:SerializeParams:112] m_offset, 457728
[m[1;33m1970-01-04 05:09:17.617|W|1184141422|lpUCM [RemoteSails.cpp:SendWithRetry:185] Successfully wrote 1052 bytes
[m[0;32;32m1970-01-04 05:09:17.620|I|1184141422|lpUCM [RemoteSails.cpp:HandleResponse:149] HandleResponse started, buffer size: 1048
[m[0;32;32m1970-01-04 05:09:17.620|I|1184141422|lpUCM [RemoteSails.cpp:HandleResponse:158] Successfully deserialized response, status: 0, result code: 0
[m[0;32;32m1970-01-04 05:09:17.620|I|1184141422|lpUCM [RemoteSails.cpp:SailWriteData:272] All data already trans size 16384
[m[0;32;32m1970-01-04 05:09:17.620|I|1184141422|lpUCM [fds.cpp:FDS_OnLocalUpgProgress:248] total: 23, curr:22, percent:41, rop:93%
[m[0;32;32m1970-01-04 05:09:17.620|I|1184141422|lpUCM [RemoteSails.cpp:SailWriteData:254] total data is 16384
[m[0;32;31m1970-01-04 05:09:17.620|E|1184141422|lpUCM [IpccProtoMessage.cpp:SerializeParams:112] m_offset, 458752
[m[1;33m1970-01-04 05:09:17.620|W|1184141422|lpUCM [RemoteSails.cpp:SendWithRetry:185] Successfully wrote 1052 bytes
[m[0;32;32m1970-01-04 05:09:17.656|I|1184141422|lpUCM [RemoteSails.cpp:HandleResponse:149] HandleResponse started, buffer size: 1048
[m[0;32;32m1970-01-04 05:09:17.656|I|1184141422|lpUCM [RemoteSails.cpp:HandleResponse:158] Successfully deserialized response, status: 0, result code: 0
[m[0;32;31m1970-01-04 05:09:17.656|E|1184141422|lpUCM [IpccProtoMessage.cpp:SerializeParams:112] m_offset, 459776
[m[1;33m1970-01-04 05:09:17.656|W|1184141422|lpUCM [RemoteSails.cpp:SendWithRetry:185] Successfully wrote 1052 bytes
[m[0;32;32m1970-01-04 05:09:17.659|I|1184141422|lpUCM [RemoteSails.cpp:HandleResponse:149] HandleResponse started, buffer size: 1048
[m[0;32;32m1970-01-04 05:09:17.659|I|1184141422|lpUCM [RemoteSails.cpp:HandleResponse:158] Successfully deserialized response, status: 0, result code: 0
[m[0;32;31m1970-01-04 05:09:17.659|E|1184141422|lpUCM [IpccProtoMessage.cpp:SerializeParams:112] m_offset, 460800
[m[1;33m1970-01-04 05:09:17.659|W|1184141422|lpUCM [RemoteSails.cpp:SendWithRetry:185] Successfully wrote 1052 bytes
[m[0;32;32m1970-01-04 05:09:17.665|I|1184141422|lpUCM [RemoteSails.cpp:HandleResponse:149] HandleResponse started, buffer size: 1048
[m[0;32;32m1970-01-04 05:09:17.665|I|1184141422|lpUCM [RemoteSails.cpp:HandleResponse:158] Successfully deserialized response, status: 0, result code: 0
[m[0;32;31m1970-01-04 05:09:17.665|E|1184141422|lpUCM [IpccProtoMessage.cpp:SerializeParams:112] m_offset, 461824
[m[1;33m1970-01-04 05:09:17.665|W|1184141422|lpUCM [RemoteSails.cpp:SendWithRetry:185] Successfully wrote 1052 bytes
[m[0;32;32m1970-01-04 05:09:17.669|I|1184141422|lpUCM [RemoteSails.cpp:HandleResponse:149] HandleResponse started, buffer size: 1048
[m[0;32;32m1970-01-04 05:09:17.669|I|1184141422|lpUCM [RemoteSails.cpp:HandleResponse:158] Successfully deserialized response, status: 0, result code: 0
[m[0;32;31m1970-01-04 05:09:17.669|E|1184141422|lpUCM [IpccProtoMessage.cpp:SerializeParams:112] m_offset, 462848
[m[1;33m1970-01-04 05:09:17.669|W|1184141422|lpUCM [RemoteSails.cpp:SendWithRetry:185] Successfully wrote 1052 bytes
[m[0;32;32m1970-01-04 05:09:17.705|I|1184141422|lpUCM [RemoteSails.cpp:HandleResponse:149] HandleResponse started, buffer size: 1048
[m[0;32;32m1970-01-04 05:09:17.705|I|1184141422|lpUCM [RemoteSails.cpp:HandleResponse:158] Successfully deserialized response, status: 0, result code: 0
[m[0;32;31m1970-01-04 05:09:17.705|E|1184141422|lpUCM [IpccProtoMessage.cpp:SerializeParams:112] m_offset, 463872
[m[1;33m1970-01-04 05:09:17.705|W|1184141422|lpUCM [RemoteSails.cpp:SendWithRetry:185] Successfully wrote 1052 bytes
[m[0;32;32m1970-01-04 05:09:17.708|I|1184141422|lpUCM [RemoteSails.cpp:HandleResponse:149] HandleResponse started, buffer size: 1048
[m[0;32;32m1970-01-04 05:09:17.708|I|1184141422|lpUCM [RemoteSails.cpp:HandleResponse:158] Successfully deserialized response, status: 0, result code: 0
[m[0;32;31m1970-01-04 05:09:17.708|E|1184141422|lpUCM [IpccProtoMessage.cpp:SerializeParams:112] m_offset, 464896
[m[1;33m1970-01-04 05:09:17.708|W|1184141422|lpUCM [RemoteSails.cpp:SendWithRetry:185] Successfully wrote 1052 bytes
[m[0;32;32m1970-01-04 05:09:17.715|I|1184141422|lpUCM [RemoteSails.cpp:HandleResponse:149] HandleResponse started, buffer size: 1048
[m[0;32;32m1970-01-04 05:09:17.715|I|1184141422|lpUCM [RemoteSails.cpp:HandleResponse:158] Successfully deserialized response, status: 0, result code: 0
[m[0;32;31m1970-01-04 05:09:17.715|E|1184141422|lpUCM [IpccProtoMessage.cpp:SerializeParams:112] m_offset, 465920
[m[1;33m1970-01-04 05:09:17.715|W|1184141422|lpUCM [RemoteSails.cpp:SendWithRetry:185] Successfully wrote 1052 bytes
[m[0;32;32m1970-01-04 05:09:17.719|I|1184141422|lpUCM [RemoteSails.cpp:HandleResponse:149] HandleResponse started, buffer size: 1048
[m[0;32;32m1970-01-04 05:09:17.719|I|1184141422|lpUCM [RemoteSails.cpp:HandleResponse:158] Successfully deserialized response, status: 0, result code: 0
[m[0;32;31m1970-01-04 05:09:17.719|E|1184141422|lpUCM [IpccProtoMessage.cpp:SerializeParams:112] m_offset, 466944
[m[1;33m1970-01-04 05:09:17.719|W|1184141422|lpUCM [RemoteSails.cpp:SendWithRetry:185] Successfully wrote 1052 bytes
[m[0;32;32m1970-01-04 05:09:17.754|I|1184141422|lpUCM [RemoteSails.cpp:HandleResponse:149] HandleResponse started, buffer size: 1048
[m[0;32;32m1970-01-04 05:09:17.754|I|1184141422|lpUCM [RemoteSails.cpp:HandleResponse:158] Successfully deserialized response, status: 0, result code: 0
[m[0;32;31m1970-01-04 05:09:17.754|E|1184141422|lpUCM [IpccProtoMessage.cpp:SerializeParams:112] m_offset, 467968
[m[1;33m1970-01-04 05:09:17.754|W|1184141422|lpUCM [RemoteSails.cpp:SendWithRetry:185] Successfully wrote 1052 bytes
[m[0;32;32m1970-01-04 05:09:17.757|I|1184141422|lpUCM [RemoteSails.cpp:HandleResponse:149] HandleResponse started, buffer size: 1048
[m[0;32;32m1970-01-04 05:09:17.757|I|1184141422|lpUCM [RemoteSails.cpp:HandleResponse:158] Successfully deserialized response, status: 0, result code: 0
[m[0;32;31m1970-01-04 05:09:17.757|E|1184141422|lpUCM [IpccProtoMessage.cpp:SerializeParams:112] m_offset, 468992
[m[1;33m1970-01-04 05:09:17.757|W|1184141422|lpUCM [RemoteSails.cpp:SendWithRetry:185] Successfully wrote 1052 bytes
[m[0;32;32m1970-01-04 05:09:17.760|I|1184141422|lpUCM [RemoteSails.cpp:HandleResponse:149] HandleResponse started, buffer size: 1048
[m[0;32;32m1970-01-04 05:09:17.760|I|1184141422|lpUCM [RemoteSails.cpp:HandleResponse:158] Successfully deserialized response, status: 0, result code: 0
[m[0;32;31m1970-01-04 05:09:17.760|E|1184141422|lpUCM [IpccProtoMessage.cpp:SerializeParams:112] m_offset, 470016
[m[1;33m1970-01-04 05:09:17.760|W|1184141422|lpUCM [RemoteSails.cpp:SendWithRetry:185] Successfully wrote 1052 bytes
[m[0;32;32m1970-01-04 05:09:17.763|I|1184141422|lpUCM [RemoteSails.cpp:HandleResponse:149] HandleResponse started, buffer size: 1048
[m[0;32;32m1970-01-04 05:09:17.763|I|1184141422|lpUCM [RemoteSails.cpp:HandleResponse:158] Successfully deserialized response, status: 0, result code: 0
[m[0;32;31m1970-01-04 05:09:17.763|E|1184141422|lpUCM [IpccProtoMessage.cpp:SerializeParams:112] m_offset, 471040
[m[1;33m1970-01-04 05:09:17.763|W|1184141422|lpUCM [RemoteSails.cpp:SendWithRetry:185] Successfully wrote 1052 bytes
[m[0;32;32m1970-01-04 05:09:17.797|I|1184141422|lpUCM [RemoteSails.cpp:HandleResponse:149] HandleResponse started, buffer size: 1048
[m[0;32;32m1970-01-04 05:09:17.797|I|1184141422|lpUCM [RemoteSails.cpp:HandleResponse:158] Successfully deserialized response, status: 0, result code: 0
[m[0;32;31m1970-01-04 05:09:17.797|E|1184141422|lpUCM [IpccProtoMessage.cpp:SerializeParams:112] m_offset, 472064
[m[1;33m1970-01-04 05:09:17.797|W|1184141422|lpUCM [RemoteSails.cpp:SendWithRetry:185] Successfully wrote 1052 bytes
[m[0;32;32m1970-01-04 05:09:17.800|I|1184141422|lpUCM [RemoteSails.cpp:HandleResponse:149] HandleResponse started, buffer size: 1048
[m[0;32;32m1970-01-04 05:09:17.800|I|1184141422|lpUCM [RemoteSails.cpp:HandleResponse:158] Successfully deserialized response, status: 0, result code: 0
[m[0;32;31m1970-01-04 05:09:17.800|E|1184141422|lpUCM [IpccProtoMessage.cpp:SerializeParams:112] m_offset, 473088
[m[1;33m1970-01-04 05:09:17.800|W|1184141422|lpUCM [RemoteSails.cpp:SendWithRetry:185] Successfully wrote 1052 bytes
[m[0;32;32m1970-01-04 05:09:17.806|I|1184141422|lpUCM [RemoteSails.cpp:HandleResponse:149] HandleResponse started, buffer size: 1048
[m[0;32;32m1970-01-04 05:09:17.806|I|1184141422|lpUCM [RemoteSails.cpp:HandleResponse:158] Successfully deserialized response, status: 0, result code: 0
[m[0;32;31m1970-01-04 05:09:17.806|E|1184141422|lpUCM [IpccProtoMessage.cpp:SerializeParams:112] m_offset, 474112
[m[1;33m1970-01-04 05:09:17.806|W|1184141422|lpUCM [RemoteSails.cpp:SendWithRetry:185] Successfully wrote 1052 bytes
[m[0;32;32m1970-01-04 05:09:17.809|I|1184141422|lpUCM [RemoteSails.cpp:HandleResponse:149] HandleResponse started, buffer size: 1048
[m[0;32;32m1970-01-04 05:09:17.809|I|1184141422|lpUCM [RemoteSails.cpp:HandleResponse:158] Successfully deserialized response, status: 0, result code: 0
[m[0;32;32m1970-01-04 05:09:17.809|I|1184141422|lpUCM [RemoteSails.cpp:SailWriteData:272] All data already trans size 16384
[m[0;32;32m1970-01-04 05:09:17.809|I|1184141422|lpUCM [fds.cpp:FDS_OnLocalUpgProgress:248] total: 23, curr:22, percent:42, rop:93%
[m[0;32;32m1970-01-04 05:09:17.809|I|1184141422|lpUCM [RemoteSails.cpp:SailWriteData:254] total data is 16384
[m[0;32;31m1970-01-04 05:09:17.809|E|1184141422|lpUCM [IpccProtoMessage.cpp:SerializeParams:112] m_offset, 475136
[m[1;33m1970-01-04 05:09:17.809|W|1184141422|lpUCM [RemoteSails.cpp:SendWithRetry:185] Successfully wrote 1052 bytes
[m[0;32;32m1970-01-04 05:09:17.845|I|1184141422|lpUCM [RemoteSails.cpp:HandleResponse:149] HandleResponse started, buffer size: 1048
[m[0;32;32m1970-01-04 05:09:17.845|I|1184141422|lpUCM [RemoteSails.cpp:HandleResponse:158] Successfully deserialized response, status: 0, result code: 0
[m[0;32;31m1970-01-04 05:09:17.845|E|1184141422|lpUCM [IpccProtoMessage.cpp:SerializeParams:112] m_offset, 476160
[m[1;33m1970-01-04 05:09:17.845|W|1184141422|lpUCM [RemoteSails.cpp:SendWithRetry:185] Successfully wrote 1052 bytes
[m[0;32;32m1970-01-04 05:09:17.848|I|1184141422|lpUCM [RemoteSails.cpp:HandleResponse:149] HandleResponse started, buffer size: 1048
[m[0;32;32m1970-01-04 05:09:17.848|I|1184141422|lpUCM [RemoteSails.cpp:HandleResponse:158] Successfully deserialized response, status: 0, result code: 0
[m[0;32;31m1970-01-04 05:09:17.848|E|1184141422|lpUCM [IpccProtoMessage.cpp:SerializeParams:112] m_offset, 477184
[m[1;33m1970-01-04 05:09:17.848|W|1184141422|lpUCM [RemoteSails.cpp:SendWithRetry:185] Successfully wrote 1052 bytes
[m[0;32;32m1970-01-04 05:09:17.854|I|1184141422|lpUCM [RemoteSails.cpp:HandleResponse:149] HandleResponse started, buffer size: 1048
[m[0;32;32m1970-01-04 05:09:17.854|I|1184141422|lpUCM [RemoteSails.cpp:HandleResponse:158] Successfully deserialized response, status: 0, result code: 0
[m[0;32;31m1970-01-04 05:09:17.854|E|1184141422|lpUCM [IpccProtoMessage.cpp:SerializeParams:112] m_offset, 478208
[m[1;33m1970-01-04 05:09:17.854|W|1184141422|lpUCM [RemoteSails.cpp:SendWithRetry:185] Successfully wrote 1052 bytes
[m[0;32;32m1970-01-04 05:09:17.857|I|1184141422|lpUCM [RemoteSails.cpp:HandleResponse:149] HandleResponse started, buffer size: 1048
[m[0;32;32m1970-01-04 05:09:17.857|I|1184141422|lpUCM [RemoteSails.cpp:HandleResponse:158] Successfully deserialized response, status: 0, result code: 0
[m[0;32;31m1970-01-04 05:09:17.857|E|1184141422|lpUCM [IpccProtoMessage.cpp:SerializeParams:112] m_offset, 479232
[m[1;33m1970-01-04 05:09:17.857|W|1184141422|lpUCM [RemoteSails.cpp:SendWithRetry:185] Successfully wrote 1052 bytes
[m[0;32;32m1970-01-04 05:09:17.893|I|1184141422|lpUCM [RemoteSails.cpp:HandleResponse:149] HandleResponse started, buffer size: 1048
[m[0;32;32m1970-01-04 05:09:17.893|I|1184141422|lpUCM [RemoteSails.cpp:HandleResponse:158] Successfully deserialized response, status: 0, result code: 0
[m[0;32;31m1970-01-04 05:09:17.893|E|1184141422|lpUCM [IpccProtoMessage.cpp:SerializeParams:112] m_offset, 480256
[m[1;33m1970-01-04 05:09:17.893|W|1184141422|lpUCM [RemoteSails.cpp:SendWithRetry:185] Successfully wrote 1052 bytes
[m[0;32;32m1970-01-04 05:09:17.896|I|1184141422|lpUCM [RemoteSails.cpp:HandleResponse:149] HandleResponse started, buffer size: 1048
[m[0;32;32m1970-01-04 05:09:17.896|I|1184141422|lpUCM [RemoteSails.cpp:HandleResponse:158] Successfully deserialized response, status: 0, result code: 0
[m[0;32;31m1970-01-04 05:09:17.896|E|1184141422|lpUCM [IpccProtoMessage.cpp:SerializeParams:112] m_offset, 481280
[m[1;33m1970-01-04 05:09:17.896|W|1184141422|lpUCM [RemoteSails.cpp:SendWithRetry:185] Successfully wrote 1052 bytes
[m[0;32;32m1970-01-04 05:09:17.899|I|1184141422|lpUCM [RemoteSails.cpp:HandleResponse:149] HandleResponse started, buffer size: 1048
[m[0;32;32m1970-01-04 05:09:17.899|I|1184141422|lpUCM [RemoteSails.cpp:HandleResponse:158] Successfully deserialized response, status: 0, result code: 0
[m[0;32;31m1970-01-04 05:09:17.899|E|1184141422|lpUCM [IpccProtoMessage.cpp:SerializeParams:112] m_offset, 482304
[m[1;33m1970-01-04 05:09:17.899|W|1184141422|lpUCM [RemoteSails.cpp:SendWithRetry:185] Successfully wrote 1052 bytes
[m[0;32;32m1970-01-04 05:09:17.905|I|1184141422|lpUCM [RemoteSails.cpp:HandleResponse:149] HandleResponse started, buffer size: 1048
[m[0;32;32m1970-01-04 05:09:17.905|I|1184141422|lpUCM [RemoteSails.cpp:HandleResponse:158] Successfully deserialized response, status: 0, result code: 0
[m[0;32;31m1970-01-04 05:09:17.905|E|1184141422|lpUCM [IpccProtoMessage.cpp:SerializeParams:112] m_offset, 483328
[m[1;33m1970-01-04 05:09:17.905|W|1184141422|lpUCM [RemoteSails.cpp:SendWithRetry:185] Successfully wrote 1052 bytes
[m[0;32;32m1970-01-04 05:09:17.939|I|1184141422|lpUCM [RemoteSails.cpp:HandleResponse:149] HandleResponse started, buffer size: 1048
[m[0;32;32m1970-01-04 05:09:17.939|I|1184141422|lpUCM [RemoteSails.cpp:HandleResponse:158] Successfully deserialized response, status: 0, result code: 0
[m[0;32;31m1970-01-04 05:09:17.939|E|1184141422|lpUCM [IpccProtoMessage.cpp:SerializeParams:112] m_offset, 484352
[m[1;33m1970-01-04 05:09:17.939|W|1184141422|lpUCM [RemoteSails.cpp:SendWithRetry:185] Successfully wrote 1052 bytes
[m[0;32;32m1970-01-04 05:09:17.943|I|1184141422|lpUCM [RemoteSails.cpp:HandleResponse:149] HandleResponse started, buffer size: 1048
[m[0;32;32m1970-01-04 05:09:17.943|I|1184141422|lpUCM [RemoteSails.cpp:HandleResponse:158] Successfully deserialized response, status: 0, result code: 0
[m[0;32;31m1970-01-04 05:09:17.943|E|1184141422|lpUCM [IpccProtoMessage.cpp:SerializeParams:112] m_offset, 485376
[m[1;33m1970-01-04 05:09:17.943|W|1184141422|lpUCM [RemoteSails.cpp:SendWithRetry:185] Successfully wrote 1052 bytes
[m[0;32;32m1970-01-04 05:09:17.947|I|1184141422|lpUCM [RemoteSails.cpp:HandleResponse:149] HandleResponse started, buffer size: 1048
[m[0;32;32m1970-01-04 05:09:17.947|I|1184141422|lpUCM [RemoteSails.cpp:HandleResponse:158] Successfully deserialized response, status: 0, result code: 0
[m[0;32;31m1970-01-04 05:09:17.947|E|1184141422|lpUCM [IpccProtoMessage.cpp:SerializeParams:112] m_offset, 486400
[m[1;33m1970-01-04 05:09:17.947|W|1184141422|lpUCM [RemoteSails.cpp:SendWithRetry:185] Successfully wrote 1052 bytes
[m[0;32;32m1970-01-04 05:09:17.950|I|1184141422|lpUCM [RemoteSails.cpp:HandleResponse:149] HandleResponse started, buffer size: 1048
[m[0;32;32m1970-01-04 05:09:17.950|I|1184141422|lpUCM [RemoteSails.cpp:HandleResponse:158] Successfully deserialized response, status: 0, result code: 0
[m[0;32;31m1970-01-04 05:09:17.950|E|1184141422|lpUCM [IpccProtoMessage.cpp:SerializeParams:112] m_offset, 487424
[m[1;33m1970-01-04 05:09:17.950|W|1184141422|lpUCM [RemoteSails.cpp:SendWithRetry:185] Successfully wrote 1052 bytes
[m[0;32;32m1970-01-04 05:09:17.985|I|1184141422|lpUCM [RemoteSails.cpp:HandleResponse:149] HandleResponse started, buffer size: 1048
[m[0;32;32m1970-01-04 05:09:17.985|I|1184141422|lpUCM [RemoteSails.cpp:HandleResponse:158] Successfully deserialized response, status: 0, result code: 0
[m[0;32;31m1970-01-04 05:09:17.985|E|1184141422|lpUCM [IpccProtoMessage.cpp:SerializeParams:112] m_offset, 488448
[m[1;33m1970-01-04 05:09:17.985|W|1184141422|lpUCM [RemoteSails.cpp:SendWithRetry:185] Successfully wrote 1052 bytes
[m[0;32;32m1970-01-04 05:09:17.988|I|1184141422|lpUCM [RemoteSails.cpp:HandleResponse:149] HandleResponse started, buffer size: 1048
[m[0;32;32m1970-01-04 05:09:17.988|I|1184141422|lpUCM [RemoteSails.cpp:HandleResponse:158] Successfully deserialized response, status: 0, result code: 0
[m[0;32;31m1970-01-04 05:09:17.988|E|1184141422|lpUCM [IpccProtoMessage.cpp:SerializeParams:112] m_offset, 489472
[m[1;33m1970-01-04 05:09:17.988|W|1184141422|lpUCM [RemoteSails.cpp:SendWithRetry:185] Successfully wrote 1052 bytes
[m[0;32;32m1970-01-04 05:09:17.994|I|1184141422|lpUCM [RemoteSails.cpp:HandleResponse:149] HandleResponse started, buffer size: 1048
[m[0;32;32m1970-01-04 05:09:17.994|I|1184141422|lpUCM [RemoteSails.cpp:HandleResponse:158] Successfully deserialized response, status: 0, result code: 0
[m[0;32;31m1970-01-04 05:09:17.994|E|1184141422|lpUCM [IpccProtoMessage.cpp:SerializeParams:112] m_offset, 490496
[m[1;33m1970-01-04 05:09:17.994|W|1184141422|lpUCM [RemoteSails.cpp:SendWithRetry:185] Successfully wrote 1052 bytes
[m[0;32;32m1970-01-04 05:09:17.997|I|1184141422|lpUCM [RemoteSails.cpp:HandleResponse:149] HandleResponse started, buffer size: 1048
[m[0;32;32m1970-01-04 05:09:17.997|I|1184141422|lpUCM [RemoteSails.cpp:HandleResponse:158] Successfully deserialized response, status: 0, result code: 0
[m[0;32;32m1970-01-04 05:09:17.997|I|1184141422|lpUCM [RemoteSails.cpp:SailWriteData:272] All data already trans size 16384
[m[0;32;32m1970-01-04 05:09:17.997|I|1184141422|lpUCM [fds.cpp:FDS_OnLocalUpgProgress:248] total: 23, curr:22, percent:43, rop:93%
[m[0;32;32m1970-01-04 05:09:17.997|I|1184141422|lpUCM [RemoteSails.cpp:SailWriteData:254] total data is 16384
[m[0;32;31m1970-01-04 05:09:17.997|E|1184141422|lpUCM [IpccProtoMessage.cpp:SerializeParams:112] m_offset, 491520
[m[1;33m1970-01-04 05:09:17.997|W|1184141422|lpUCM [RemoteSails.cpp:SendWithRetry:185] Successfully wrote 1052 bytes
[m[0;32;32m1970-01-04 05:09:18.30|I|1184141422|lpUCM [RemoteSails.cpp:HandleResponse:149] HandleResponse started, buffer size: 1048
[m[0;32;32m1970-01-04 05:09:18.30|I|1184141422|lpUCM [RemoteSails.cpp:HandleResponse:158] Successfully deserialized response, status: 0, result code: 0
[m[0;32;31m1970-01-04 05:09:18.30|E|1184141422|lpUCM [IpccProtoMessage.cpp:SerializeParams:112] m_offset, 492544
[m[1;33m1970-01-04 05:09:18.30|W|1184141422|lpUCM [RemoteSails.cpp:SendWithRetry:185] Successfully wrote 1052 bytes
[m[0;32;32m1970-01-04 05:09:18.33|I|1184141422|lpUCM [RemoteSails.cpp:HandleResponse:149] HandleResponse started, buffer size: 1048
[m[0;32;32m1970-01-04 05:09:18.33|I|1184141422|lpUCM [RemoteSails.cpp:HandleResponse:158] Successfully deserialized response, status: 0, result code: 0
[m[0;32;31m1970-01-04 05:09:18.33|E|1184141422|lpUCM [IpccProtoMessage.cpp:SerializeParams:112] m_offset, 493568
[m[1;33m1970-01-04 05:09:18.33|W|1184141422|lpUCM [RemoteSails.cpp:SendWithRetry:185] Successfully wrote 1052 bytes
[m[0;32;32m1970-01-04 05:09:18.36|I|1184141422|lpUCM [RemoteSails.cpp:HandleResponse:149] HandleResponse started, buffer size: 1048
[m[0;32;32m1970-01-04 05:09:18.36|I|1184141422|lpUCM [RemoteSails.cpp:HandleResponse:158] Successfully deserialized response, status: 0, result code: 0
[m[0;32;31m1970-01-04 05:09:18.36|E|1184141422|lpUCM [IpccProtoMessage.cpp:SerializeParams:112] m_offset, 494592
[m[1;33m1970-01-04 05:09:18.36|W|1184141422|lpUCM [RemoteSails.cpp:SendWithRetry:185] Successfully wrote 1052 bytes
[m[0;32;32m1970-01-04 05:09:18.39|I|1184141422|lpUCM [RemoteSails.cpp:HandleResponse:149] HandleResponse started, buffer size: 1048
[m[0;32;32m1970-01-04 05:09:18.39|I|1184141422|lpUCM [RemoteSails.cpp:HandleResponse:158] Successfully deserialized response, status: 0, result code: 0
[m[0;32;31m1970-01-04 05:09:18.39|E|1184141422|lpUCM [IpccProtoMessage.cpp:SerializeParams:112] m_offset, 495616
[m[1;33m1970-01-04 05:09:18.39|W|1184141422|lpUCM [RemoteSails.cpp:SendWithRetry:185] Successfully wrote 1052 bytes
[m[0;32;32m1970-01-04 05:09:18.77|I|1184141422|lpUCM [RemoteSails.cpp:HandleResponse:149] HandleResponse started, buffer size: 1048
[m[0;32;32m1970-01-04 05:09:18.77|I|1184141422|lpUCM [RemoteSails.cpp:HandleResponse:158] Successfully deserialized response, status: 0, result code: 0
[m[0;32;31m1970-01-04 05:09:18.77|E|1184141422|lpUCM [IpccProtoMessage.cpp:SerializeParams:112] m_offset, 496640
[m[1;33m1970-01-04 05:09:18.77|W|1184141422|lpUCM [RemoteSails.cpp:SendWithRetry:185] Successfully wrote 1052 bytes
[m[0;32;32m1970-01-04 05:09:18.81|I|1184141422|lpUCM [RemoteSails.cpp:HandleResponse:149] HandleResponse started, buffer size: 1048
[m[0;32;32m1970-01-04 05:09:18.81|I|1184141422|lpUCM [RemoteSails.cpp:HandleResponse:158] Successfully deserialized response, status: 0, result code: 0
[m[0;32;31m1970-01-04 05:09:18.81|E|1184141422|lpUCM [IpccProtoMessage.cpp:SerializeParams:112] m_offset, 497664
[m[1;33m1970-01-04 05:09:18.81|W|1184141422|lpUCM [RemoteSails.cpp:SendWithRetry:185] Successfully wrote 1052 bytes
[m[0;32;32m1970-01-04 05:09:18.85|I|1184141422|lpUCM [RemoteSails.cpp:HandleResponse:149] HandleResponse started, buffer size: 1048
[m[0;32;32m1970-01-04 05:09:18.85|I|1184141422|lpUCM [RemoteSails.cpp:HandleResponse:158] Successfully deserialized response, status: 0, result code: 0
[m[0;32;31m1970-01-04 05:09:18.85|E|1184141422|lpUCM [IpccProtoMessage.cpp:SerializeParams:112] m_offset, 498688
[m[1;33m1970-01-04 05:09:18.85|W|1184141422|lpUCM [RemoteSails.cpp:SendWithRetry:185] Successfully wrote 1052 bytes
[m[0;32;32m1970-01-04 05:09:18.89|I|1184141422|lpUCM [RemoteSails.cpp:HandleResponse:149] HandleResponse started, buffer size: 1048
[m[0;32;32m1970-01-04 05:09:18.89|I|1184141422|lpUCM [RemoteSails.cpp:HandleResponse:158] Successfully deserialized response, status: 0, result code: 0
[m[0;32;31m1970-01-04 05:09:18.89|E|1184141422|lpUCM [IpccProtoMessage.cpp:SerializeParams:112] m_offset, 499712
[m[1;33m1970-01-04 05:09:18.89|W|1184141422|lpUCM [RemoteSails.cpp:SendWithRetry:185] Successfully wrote 1052 bytes
[m[0;32;32m1970-01-04 05:09:18.123|I|1184141422|lpUCM [RemoteSails.cpp:HandleResponse:149] HandleResponse started, buffer size: 1048
[m[0;32;32m1970-01-04 05:09:18.123|I|1184141422|lpUCM [RemoteSails.cpp:HandleResponse:158] Successfully deserialized response, status: 0, result code: 0
[m[0;32;31m1970-01-04 05:09:18.123|E|1184141422|lpUCM [IpccProtoMessage.cpp:SerializeParams:112] m_offset, 500736
[m[1;33m1970-01-04 05:09:18.123|W|1184141422|lpUCM [RemoteSails.cpp:SendWithRetry:185] Successfully wrote 1052 bytes
[m[0;32;32m1970-01-04 05:09:18.127|I|1184141422|lpUCM [RemoteSails.cpp:HandleResponse:149] HandleResponse started, buffer size: 1048
[m[0;32;32m1970-01-04 05:09:18.127|I|1184141422|lpUCM [RemoteSails.cpp:HandleResponse:158] Successfully deserialized response, status: 0, result code: 0
[m[0;32;31m1970-01-04 05:09:18.127|E|1184141422|lpUCM [IpccProtoMessage.cpp:SerializeParams:112] m_offset, 501760
[m[1;33m1970-01-04 05:09:18.127|W|1184141422|lpUCM [RemoteSails.cpp:SendWithRetry:185] Successfully wrote 1052 bytes
[m[0;32;32m1970-01-04 05:09:18.130|I|1184141422|lpUCM [RemoteSails.cpp:HandleResponse:149] HandleResponse started, buffer size: 1048
[m[0;32;32m1970-01-04 05:09:18.130|I|1184141422|lpUCM [RemoteSails.cpp:HandleResponse:158] Successfully deserialized response, status: 0, result code: 0
[m[0;32;31m1970-01-04 05:09:18.130|E|1184141422|lpUCM [IpccProtoMessage.cpp:SerializeParams:112] m_offset, 502784
[m[1;33m1970-01-04 05:09:18.130|W|1184141422|lpUCM [RemoteSails.cpp:SendWithRetry:185] Successfully wrote 1052 bytes
[m[0;32;32m1970-01-04 05:09:18.137|I|1184141422|lpUCM [RemoteSails.cpp:HandleResponse:149] HandleResponse started, buffer size: 1048
[m[0;32;32m1970-01-04 05:09:18.137|I|1184141422|lpUCM [RemoteSails.cpp:HandleResponse:158] Successfully deserialized response, status: 0, result code: 0
[m[0;32;31m1970-01-04 05:09:18.137|E|1184141422|lpUCM [IpccProtoMessage.cpp:SerializeParams:112] m_offset, 503808
[m[1;33m1970-01-04 05:09:18.137|W|1184141422|lpUCM [RemoteSails.cpp:SendWithRetry:185] Successfully wrote 1052 bytes
[m[0;32;32m1970-01-04 05:09:18.170|I|1184141422|lpUCM [RemoteSails.cpp:HandleResponse:149] HandleResponse started, buffer size: 1048
[m[0;32;32m1970-01-04 05:09:18.170|I|1184141422|lpUCM [RemoteSails.cpp:HandleResponse:158] Successfully deserialized response, status: 0, result code: 0
[m[0;32;31m1970-01-04 05:09:18.170|E|1184141422|lpUCM [IpccProtoMessage.cpp:SerializeParams:112] m_offset, 504832
[m[1;33m1970-01-04 05:09:18.170|W|1184141422|lpUCM [RemoteSails.cpp:SendWithRetry:185] Successfully wrote 1052 bytes
[m[0;32;32m1970-01-04 05:09:18.176|I|1184141422|lpUCM [RemoteSails.cpp:HandleResponse:149] HandleResponse started, buffer size: 1048
[m[0;32;32m1970-01-04 05:09:18.176|I|1184141422|lpUCM [RemoteSails.cpp:HandleResponse:158] Successfully deserialized response, status: 0, result code: 0
[m[0;32;31m1970-01-04 05:09:18.176|E|1184141422|lpUCM [IpccProtoMessage.cpp:SerializeParams:112] m_offset, 505856
[m[1;33m1970-01-04 05:09:18.176|W|1184141422|lpUCM [RemoteSails.cpp:SendWithRetry:185] Successfully wrote 1052 bytes
[m[0;32;32m1970-01-04 05:09:18.179|I|1184141422|lpUCM [RemoteSails.cpp:HandleResponse:149] HandleResponse started, buffer size: 1048
[m[0;32;32m1970-01-04 05:09:18.179|I|1184141422|lpUCM [RemoteSails.cpp:HandleResponse:158] Successfully deserialized response, status: 0, result code: 0
[m[0;32;31m1970-01-04 05:09:18.179|E|1184141422|lpUCM [IpccProtoMessage.cpp:SerializeParams:112] m_offset, 506880
[m[1;33m1970-01-04 05:09:18.179|W|1184141422|lpUCM [RemoteSails.cpp:SendWithRetry:185] Successfully wrote 1052 bytes
[m[0;32;32m1970-01-04 05:09:18.185|I|1184141422|lpUCM [RemoteSails.cpp:HandleResponse:149] HandleResponse started, buffer size: 1048
[m[0;32;32m1970-01-04 05:09:18.185|I|1184141422|lpUCM [RemoteSails.cpp:HandleResponse:158] Successfully deserialized response, status: 0, result code: 0
[m[0;32;32m1970-01-04 05:09:18.185|I|1184141422|lpUCM [RemoteSails.cpp:SailWriteData:272] All data already trans size 16384
[m[0;32;32m1970-01-04 05:09:18.185|I|1184141422|lpUCM [fds.cpp:FDS_OnLocalUpgProgress:248] total: 23, curr:22, percent:44, rop:93%
[m[0;32;32m1970-01-04 05:09:18.185|I|1184141422|lpUCM [RemoteSails.cpp:SailWriteData:254] total data is 16384
[m[0;32;31m1970-01-04 05:09:18.185|E|1184141422|lpUCM [IpccProtoMessage.cpp:SerializeParams:112] m_offset, 507904
[m[1;33m1970-01-04 05:09:18.185|W|1184141422|lpUCM [RemoteSails.cpp:SendWithRetry:185] Successfully wrote 1052 bytes
[m[0;32;32m1970-01-04 05:09:18.218|I|1184141422|lpUCM [RemoteSails.cpp:HandleResponse:149] HandleResponse started, buffer size: 1048
[m[0;32;32m1970-01-04 05:09:18.218|I|1184141422|lpUCM [RemoteSails.cpp:HandleResponse:158] Successfully deserialized response, status: 0, result code: 0
[m[0;32;31m1970-01-04 05:09:18.218|E|1184141422|lpUCM [IpccProtoMessage.cpp:SerializeParams:112] m_offset, 508928
[m[1;33m1970-01-04 05:09:18.218|W|1184141422|lpUCM [RemoteSails.cpp:SendWithRetry:185] Successfully wrote 1052 bytes
[m[0;32;32m1970-01-04 05:09:18.221|I|1184141422|lpUCM [RemoteSails.cpp:HandleResponse:149] HandleResponse started, buffer size: 1048
[m[0;32;32m1970-01-04 05:09:18.221|I|1184141422|lpUCM [RemoteSails.cpp:HandleResponse:158] Successfully deserialized response, status: 0, result code: 0
[m[0;32;31m1970-01-04 05:09:18.221|E|1184141422|lpUCM [IpccProtoMessage.cpp:SerializeParams:112] m_offset, 509952
[m[1;33m1970-01-04 05:09:18.221|W|1184141422|lpUCM [RemoteSails.cpp:SendWithRetry:185] Successfully wrote 1052 bytes
[m[0;32;32m1970-01-04 05:09:18.224|I|1184141422|lpUCM [RemoteSails.cpp:HandleResponse:149] HandleResponse started, buffer size: 1048
[m[0;32;32m1970-01-04 05:09:18.224|I|1184141422|lpUCM [RemoteSails.cpp:HandleResponse:158] Successfully deserialized response, status: 0, result code: 0
[m[0;32;31m1970-01-04 05:09:18.224|E|1184141422|lpUCM [IpccProtoMessage.cpp:SerializeParams:112] m_offset, 510976
[m[1;33m1970-01-04 05:09:18.224|W|1184141422|lpUCM [RemoteSails.cpp:SendWithRetry:185] Successfully wrote 1052 bytes
[m[0;32;32m1970-01-04 05:09:18.227|I|1184141422|lpUCM [RemoteSails.cpp:HandleResponse:149] HandleResponse started, buffer size: 1048
[m[0;32;32m1970-01-04 05:09:18.227|I|1184141422|lpUCM [RemoteSails.cpp:HandleResponse:158] Successfully deserialized response, status: 0, result code: 0
[m[0;32;31m1970-01-04 05:09:18.227|E|1184141422|lpUCM [IpccProtoMessage.cpp:SerializeParams:112] m_offset, 512000
[m[1;33m1970-01-04 05:09:18.227|W|1184141422|lpUCM [RemoteSails.cpp:SendWithRetry:185] Successfully wrote 1052 bytes
[m[0;32;32m1970-01-04 05:09:18.258|I|1184141422|lpUCM [RemoteSails.cpp:HandleResponse:149] HandleResponse started, buffer size: 1048
[m[0;32;32m1970-01-04 05:09:18.258|I|1184141422|lpUCM [RemoteSails.cpp:HandleResponse:158] Successfully deserialized response, status: 0, result code: 0
[m[0;32;31m1970-01-04 05:09:18.258|E|1184141422|lpUCM [IpccProtoMessage.cpp:SerializeParams:112] m_offset, 513024
[m[1;33m1970-01-04 05:09:18.258|W|1184141422|lpUCM [RemoteSails.cpp:SendWithRetry:185] Successfully wrote 1052 bytes
[m[0;32;32m1970-01-04 05:09:18.264|I|1184141422|lpUCM [RemoteSails.cpp:HandleResponse:149] HandleResponse started, buffer size: 1048
[m[0;32;32m1970-01-04 05:09:18.264|I|1184141422|lpUCM [RemoteSails.cpp:HandleResponse:158] Successfully deserialized response, status: 0, result code: 0
[m[0;32;31m1970-01-04 05:09:18.264|E|1184141422|lpUCM [IpccProtoMessage.cpp:SerializeParams:112] m_offset, 514048
[m[1;33m1970-01-04 05:09:18.264|W|1184141422|lpUCM [RemoteSails.cpp:SendWithRetry:185] Successfully wrote 1052 bytes
[m[0;32;32m1970-01-04 05:09:18.267|I|1184141422|lpUCM [RemoteSails.cpp:HandleResponse:149] HandleResponse started, buffer size: 1048
[m[0;32;32m1970-01-04 05:09:18.267|I|1184141422|lpUCM [RemoteSails.cpp:HandleResponse:158] Successfully deserialized response, status: 0, result code: 0
[m[0;32;31m1970-01-04 05:09:18.267|E|1184141422|lpUCM [IpccProtoMessage.cpp:SerializeParams:112] m_offset, 515072
[m[1;33m1970-01-04 05:09:18.267|W|1184141422|lpUCM [RemoteSails.cpp:SendWithRetry:185] Successfully wrote 1052 bytes
[m[0;32;32m1970-01-04 05:09:18.271|I|1184141422|lpUCM [RemoteSails.cpp:HandleResponse:149] HandleResponse started, buffer size: 1048
[m[0;32;32m1970-01-04 05:09:18.271|I|1184141422|lpUCM [RemoteSails.cpp:HandleResponse:158] Successfully deserialized response, status: 0, result code: 0
[m[0;32;31m1970-01-04 05:09:18.271|E|1184141422|lpUCM [IpccProtoMessage.cpp:SerializeParams:112] m_offset, 516096
[m[1;33m1970-01-04 05:09:18.271|W|1184141422|lpUCM [RemoteSails.cpp:SendWithRetry:185] Successfully wrote 1052 bytes
[m[0;32;32m1970-01-04 05:09:18.304|I|1184141422|lpUCM [RemoteSails.cpp:HandleResponse:149] HandleResponse started, buffer size: 1048
[m[0;32;32m1970-01-04 05:09:18.304|I|1184141422|lpUCM [RemoteSails.cpp:HandleResponse:158] Successfully deserialized response, status: 0, result code: 0
[m[0;32;31m1970-01-04 05:09:18.304|E|1184141422|lpUCM [IpccProtoMessage.cpp:SerializeParams:112] m_offset, 517120
[m[1;33m1970-01-04 05:09:18.304|W|1184141422|lpUCM [RemoteSails.cpp:SendWithRetry:185] Successfully wrote 1052 bytes
[m[0;32;32m1970-01-04 05:09:18.307|I|1184141422|lpUCM [RemoteSails.cpp:HandleResponse:149] HandleResponse started, buffer size: 1048
[m[0;32;32m1970-01-04 05:09:18.307|I|1184141422|lpUCM [RemoteSails.cpp:HandleResponse:158] Successfully deserialized response, status: 0, result code: 0
[m[0;32;31m1970-01-04 05:09:18.307|E|1184141422|lpUCM [IpccProtoMessage.cpp:SerializeParams:112] m_offset, 518144
[m[1;33m1970-01-04 05:09:18.307|W|1184141422|lpUCM [RemoteSails.cpp:SendWithRetry:185] Successfully wrote 1052 bytes
[m[0;32;32m1970-01-04 05:09:18.310|I|1184141422|lpUCM [RemoteSails.cpp:HandleResponse:149] HandleResponse started, buffer size: 1048
[m[0;32;32m1970-01-04 05:09:18.310|I|1184141422|lpUCM [RemoteSails.cpp:HandleResponse:158] Successfully deserialized response, status: 0, result code: 0
[m[0;32;31m1970-01-04 05:09:18.310|E|1184141422|lpUCM [IpccProtoMessage.cpp:SerializeParams:112] m_offset, 519168
[m[1;33m1970-01-04 05:09:18.310|W|1184141422|lpUCM [RemoteSails.cpp:SendWithRetry:185] Successfully wrote 1052 bytes
[m[0;32;32m1970-01-04 05:09:18.314|I|1184141422|lpUCM [RemoteSails.cpp:HandleResponse:149] HandleResponse started, buffer size: 1048
[m[0;32;32m1970-01-04 05:09:18.314|I|1184141422|lpUCM [RemoteSails.cpp:HandleResponse:158] Successfully deserialized response, status: 0, result code: 0
[m[0;32;31m1970-01-04 05:09:18.314|E|1184141422|lpUCM [IpccProtoMessage.cpp:SerializeParams:112] m_offset, 520192
[m[1;33m1970-01-04 05:09:18.314|W|1184141422|lpUCM [RemoteSails.cpp:SendWithRetry:185] Successfully wrote 1052 bytes
[m[0;32;32m1970-01-04 05:09:18.348|I|1184141422|lpUCM [RemoteSails.cpp:HandleResponse:149] HandleResponse started, buffer size: 1048
[m[0;32;32m1970-01-04 05:09:18.348|I|1184141422|lpUCM [RemoteSails.cpp:HandleResponse:158] Successfully deserialized response, status: 0, result code: 0
[m[0;32;31m1970-01-04 05:09:18.348|E|1184141422|lpUCM [IpccProtoMessage.cpp:SerializeParams:112] m_offset, 521216
[m[1;33m1970-01-04 05:09:18.348|W|1184141422|lpUCM [RemoteSails.cpp:SendWithRetry:185] Successfully wrote 1052 bytes
[m[0;32;32m1970-01-04 05:09:18.355|I|1184141422|lpUCM [RemoteSails.cpp:HandleResponse:149] HandleResponse started, buffer size: 1048
[m[0;32;32m1970-01-04 05:09:18.355|I|1184141422|lpUCM [RemoteSails.cpp:HandleResponse:158] Successfully deserialized response, status: 0, result code: 0
[m[0;32;31m1970-01-04 05:09:18.355|E|1184141422|lpUCM [IpccProtoMessage.cpp:SerializeParams:112] m_offset, 522240
[m[1;33m1970-01-04 05:09:18.355|W|1184141422|lpUCM [RemoteSails.cpp:SendWithRetry:185] Successfully wrote 1052 bytes
[m[0;32;32m1970-01-04 05:09:18.358|I|1184141422|lpUCM [RemoteSails.cpp:HandleResponse:149] HandleResponse started, buffer size: 1048
[m[0;32;32m1970-01-04 05:09:18.358|I|1184141422|lpUCM [RemoteSails.cpp:HandleResponse:158] Successfully deserialized response, status: 0, result code: 0
[m[0;32;31m1970-01-04 05:09:18.358|E|1184141422|lpUCM [IpccProtoMessage.cpp:SerializeParams:112] m_offset, 523264
[m[1;33m1970-01-04 05:09:18.358|W|1184141422|lpUCM [RemoteSails.cpp:SendWithRetry:185] Successfully wrote 1052 bytes
[m[0;32;32m1970-01-04 05:09:18.365|I|1184141422|lpUCM [RemoteSails.cpp:HandleResponse:149] HandleResponse started, buffer size: 1048
[m[0;32;32m1970-01-04 05:09:18.365|I|1184141422|lpUCM [RemoteSails.cpp:HandleResponse:158] Successfully deserialized response, status: 0, result code: 0
[m[0;32;32m1970-01-04 05:09:18.365|I|1184141422|lpUCM [RemoteSails.cpp:SailWriteData:272] All data already trans size 16384
[m[0;32;32m1970-01-04 05:09:18.365|I|1184141422|lpUCM [fds.cpp:FDS_OnLocalUpgProgress:248] total: 23, curr:22, percent:45, rop:93%
[m[0;32;32m1970-01-04 05:09:18.365|I|1184141422|lpUCM [RemoteSails.cpp:SailWriteData:254] total data is 16384
[m[0;32;31m1970-01-04 05:09:18.365|E|1184141422|lpUCM [IpccProtoMessage.cpp:SerializeParams:112] m_offset, 524288
[m[1;33m1970-01-04 05:09:18.365|W|1184141422|lpUCM [RemoteSails.cpp:SendWithRetry:185] Successfully wrote 1052 bytes
[m[0;32;32m1970-01-04 05:09:18.398|I|1184141422|lpUCM [RemoteSails.cpp:HandleResponse:149] HandleResponse started, buffer size: 1048
[m[0;32;32m1970-01-04 05:09:18.398|I|1184141422|lpUCM [RemoteSails.cpp:HandleResponse:158] Successfully deserialized response, status: 0, result code: 0
[m[0;32;31m1970-01-04 05:09:18.398|E|1184141422|lpUCM [IpccProtoMessage.cpp:SerializeParams:112] m_offset, 525312
[m[1;33m1970-01-04 05:09:18.398|W|1184141422|lpUCM [RemoteSails.cpp:SendWithRetry:185] Successfully wrote 1052 bytes
[m[0;32;32m1970-01-04 05:09:18.404|I|1184141422|lpUCM [RemoteSails.cpp:HandleResponse:149] HandleResponse started, buffer size: 1048
[m[0;32;32m1970-01-04 05:09:18.404|I|1184141422|lpUCM [RemoteSails.cpp:HandleResponse:158] Successfully deserialized response, status: 0, result code: 0
[m[0;32;31m1970-01-04 05:09:18.404|E|1184141422|lpUCM [IpccProtoMessage.cpp:SerializeParams:112] m_offset, 526336
[m[1;33m1970-01-04 05:09:18.404|W|1184141422|lpUCM [RemoteSails.cpp:SendWithRetry:185] Successfully wrote 1052 bytes
[m[0;32;32m1970-01-04 05:09:18.407|I|1184141422|lpUCM [RemoteSails.cpp:HandleResponse:149] HandleResponse started, buffer size: 1048
[m[0;32;32m1970-01-04 05:09:18.407|I|1184141422|lpUCM [RemoteSails.cpp:HandleResponse:158] Successfully deserialized response, status: 0, result code: 0
[m[0;32;31m1970-01-04 05:09:18.407|E|1184141422|lpUCM [IpccProtoMessage.cpp:SerializeParams:112] m_offset, 527360
[m[1;33m1970-01-04 05:09:18.407|W|1184141422|lpUCM [RemoteSails.cpp:SendWithRetry:185] Successfully wrote 1052 bytes
[m[0;32;32m1970-01-04 05:09:18.413|I|1184141422|lpUCM [RemoteSails.cpp:HandleResponse:149] HandleResponse started, buffer size: 1048
[m[0;32;32m1970-01-04 05:09:18.413|I|1184141422|lpUCM [RemoteSails.cpp:HandleResponse:158] Successfully deserialized response, status: 0, result code: 0
[m[0;32;31m1970-01-04 05:09:18.413|E|1184141422|lpUCM [IpccProtoMessage.cpp:SerializeParams:112] m_offset, 528384
[m[1;33m1970-01-04 05:09:18.413|W|1184141422|lpUCM [RemoteSails.cpp:SendWithRetry:185] Successfully wrote 1052 bytes
[m[0;32;32m1970-01-04 05:09:18.446|I|1184141422|lpUCM [RemoteSails.cpp:HandleResponse:149] HandleResponse started, buffer size: 1048
[m[0;32;32m1970-01-04 05:09:18.446|I|1184141422|lpUCM [RemoteSails.cpp:HandleResponse:158] Successfully deserialized response, status: 0, result code: 0
[m[0;32;31m1970-01-04 05:09:18.446|E|1184141422|lpUCM [IpccProtoMessage.cpp:SerializeParams:112] m_offset, 529408
[m[1;33m1970-01-04 05:09:18.446|W|1184141422|lpUCM [RemoteSails.cpp:SendWithRetry:185] Successfully wrote 1052 bytes
[m[0;32;32m1970-01-04 05:09:18.449|I|1184141422|lpUCM [RemoteSails.cpp:HandleResponse:149] HandleResponse started, buffer size: 1048
[m[0;32;32m1970-01-04 05:09:18.449|I|1184141422|lpUCM [RemoteSails.cpp:HandleResponse:158] Successfully deserialized response, status: 0, result code: 0
[m[0;32;31m1970-01-04 05:09:18.449|E|1184141422|lpUCM [IpccProtoMessage.cpp:SerializeParams:112] m_offset, 530432
[m[1;33m1970-01-04 05:09:18.449|W|1184141422|lpUCM [RemoteSails.cpp:SendWithRetry:185] Successfully wrote 1052 bytes
[m[0;32;32m1970-01-04 05:09:18.455|I|1184141422|lpUCM [RemoteSails.cpp:HandleResponse:149] HandleResponse started, buffer size: 1048
[m[0;32;32m1970-01-04 05:09:18.455|I|1184141422|lpUCM [RemoteSails.cpp:HandleResponse:158] Successfully deserialized response, status: 0, result code: 0
[m[0;32;31m1970-01-04 05:09:18.455|E|1184141422|lpUCM [IpccProtoMessage.cpp:SerializeParams:112] m_offset, 531456
[m[1;33m1970-01-04 05:09:18.455|W|1184141422|lpUCM [RemoteSails.cpp:SendWithRetry:185] Successfully wrote 1052 bytes
[m[0;32;32m1970-01-04 05:09:18.458|I|1184141422|lpUCM [RemoteSails.cpp:HandleResponse:149] HandleResponse started, buffer size: 1048
[m[0;32;32m1970-01-04 05:09:18.458|I|1184141422|lpUCM [RemoteSails.cpp:HandleResponse:158] Successfully deserialized response, status: 0, result code: 0
[m[0;32;31m1970-01-04 05:09:18.458|E|1184141422|lpUCM [IpccProtoMessage.cpp:SerializeParams:112] m_offset, 532480
[m[1;33m1970-01-04 05:09:18.458|W|1184141422|lpUCM [RemoteSails.cpp:SendWithRetry:185] Successfully wrote 1052 bytes
[m[0;32;32m1970-01-04 05:09:18.494|I|1184141422|lpUCM [RemoteSails.cpp:HandleResponse:149] HandleResponse started, buffer size: 1048
[m[0;32;32m1970-01-04 05:09:18.494|I|1184141422|lpUCM [RemoteSails.cpp:HandleResponse:158] Successfully deserialized response, status: 0, result code: 0
[m[0;32;31m1970-01-04 05:09:18.494|E|1184141422|lpUCM [IpccProtoMessage.cpp:SerializeParams:112] m_offset, 533504
[m[1;33m1970-01-04 05:09:18.494|W|1184141422|lpUCM [RemoteSails.cpp:SendWithRetry:185] Successfully wrote 1052 bytes
[m[0;32;32m1970-01-04 05:09:18.497|I|1184141422|lpUCM [RemoteSails.cpp:HandleResponse:149] HandleResponse started, buffer size: 1048
[m[0;32;32m1970-01-04 05:09:18.497|I|1184141422|lpUCM [RemoteSails.cpp:HandleResponse:158] Successfully deserialized response, status: 0, result code: 0
[m[0;32;31m1970-01-04 05:09:18.497|E|1184141422|lpUCM [IpccProtoMessage.cpp:SerializeParams:112] m_offset, 534528
[m[1;33m1970-01-04 05:09:18.497|W|1184141422|lpUCM [RemoteSails.cpp:SendWithRetry:185] Successfully wrote 1052 bytes
[m[0;32;32m1970-01-04 05:09:18.500|I|1184141422|lpUCM [RemoteSails.cpp:HandleResponse:149] HandleResponse started, buffer size: 1048
[m[0;32;32m1970-01-04 05:09:18.500|I|1184141422|lpUCM [RemoteSails.cpp:HandleResponse:158] Successfully deserialized response, status: 0, result code: 0
[m[0;32;31m1970-01-04 05:09:18.500|E|1184141422|lpUCM [IpccProtoMessage.cpp:SerializeParams:112] m_offset, 535552
[m[1;33m1970-01-04 05:09:18.500|W|1184141422|lpUCM [RemoteSails.cpp:SendWithRetry:185] Successfully wrote 1052 bytes
[m[0;32;32m1970-01-04 05:09:18.506|I|1184141422|lpUCM [RemoteSails.cpp:HandleResponse:149] HandleResponse started, buffer size: 1048
[m[0;32;32m1970-01-04 05:09:18.506|I|1184141422|lpUCM [RemoteSails.cpp:HandleResponse:158] Successfully deserialized response, status: 0, result code: 0
[m[0;32;31m1970-01-04 05:09:18.506|E|1184141422|lpUCM [IpccProtoMessage.cpp:SerializeParams:112] m_offset, 536576
[m[1;33m1970-01-04 05:09:18.506|W|1184141422|lpUCM [RemoteSails.cpp:SendWithRetry:185] Successfully wrote 1052 bytes
[m[0;32;32m1970-01-04 05:09:18.540|I|1184141422|lpUCM [RemoteSails.cpp:HandleResponse:149] HandleResponse started, buffer size: 1048
[m[0;32;32m1970-01-04 05:09:18.540|I|1184141422|lpUCM [RemoteSails.cpp:HandleResponse:158] Successfully deserialized response, status: 0, result code: 0
[m[0;32;31m1970-01-04 05:09:18.540|E|1184141422|lpUCM [IpccProtoMessage.cpp:SerializeParams:112] m_offset, 537600
[m[1;33m1970-01-04 05:09:18.540|W|1184141422|lpUCM [RemoteSails.cpp:SendWithRetry:185] Successfully wrote 1052 bytes
[m[0;32;32m1970-01-04 05:09:18.544|I|1184141422|lpUCM [RemoteSails.cpp:HandleResponse:149] HandleResponse started, buffer size: 1048
[m[0;32;32m1970-01-04 05:09:18.544|I|1184141422|lpUCM [RemoteSails.cpp:HandleResponse:158] Successfully deserialized response, status: 0, result code: 0
[m[0;32;31m1970-01-04 05:09:18.544|E|1184141422|lpUCM [IpccProtoMessage.cpp:SerializeParams:112] m_offset, 538624
[m[1;33m1970-01-04 05:09:18.544|W|1184141422|lpUCM [RemoteSails.cpp:SendWithRetry:185] Successfully wrote 1052 bytes
[m[0;32;32m1970-01-04 05:09:18.548|I|1184141422|lpUCM [RemoteSails.cpp:HandleResponse:149] HandleResponse started, buffer size: 1048
[m[0;32;32m1970-01-04 05:09:18.548|I|1184141422|lpUCM [RemoteSails.cpp:HandleResponse:158] Successfully deserialized response, status: 0, result code: 0
[m[0;32;31m1970-01-04 05:09:18.548|E|1184141422|lpUCM [IpccProtoMessage.cpp:SerializeParams:112] m_offset, 539648
[m[1;33m1970-01-04 05:09:18.548|W|1184141422|lpUCM [RemoteSails.cpp:SendWithRetry:185] Successfully wrote 1052 bytes
[m[0;32;32m1970-01-04 05:09:18.552|I|1184141422|lpUCM [RemoteSails.cpp:HandleResponse:149] HandleResponse started, buffer size: 1048
[m[0;32;32m1970-01-04 05:09:18.552|I|1184141422|lpUCM [RemoteSails.cpp:HandleResponse:158] Successfully deserialized response, status: 0, result code: 0
[m[0;32;32m1970-01-04 05:09:18.552|I|1184141422|lpUCM [RemoteSails.cpp:SailWriteData:272] All data already trans size 16384
[m[0;32;32m1970-01-04 05:09:18.552|I|1184141422|lpUCM [fds.cpp:FDS_OnLocalUpgProgress:248] total: 23, curr:22, percent:46, rop:93%
[m[0;32;32m1970-01-04 05:09:18.552|I|1184141422|lpUCM [RemoteSails.cpp:SailWriteData:254] total data is 16384
[m[0;32;31m1970-01-04 05:09:18.552|E|1184141422|lpUCM [IpccProtoMessage.cpp:SerializeParams:112] m_offset, 540672
[m[1;33m1970-01-04 05:09:18.552|W|1184141422|lpUCM [RemoteSails.cpp:SendWithRetry:185] Successfully wrote 1052 bytes
[m[0;32;32m1970-01-04 05:09:18.587|I|1184141422|lpUCM [RemoteSails.cpp:HandleResponse:149] HandleResponse started, buffer size: 1048
[m[0;32;32m1970-01-04 05:09:18.587|I|1184141422|lpUCM [RemoteSails.cpp:HandleResponse:158] Successfully deserialized response, status: 0, result code: 0
[m[0;32;31m1970-01-04 05:09:18.587|E|1184141422|lpUCM [IpccProtoMessage.cpp:SerializeParams:112] m_offset, 541696
[m[1;33m1970-01-04 05:09:18.587|W|1184141422|lpUCM [RemoteSails.cpp:SendWithRetry:185] Successfully wrote 1052 bytes
[m[0;32;32m1970-01-04 05:09:18.590|I|1184141422|lpUCM [RemoteSails.cpp:HandleResponse:149] HandleResponse started, buffer size: 1048
[m[0;32;32m1970-01-04 05:09:18.590|I|1184141422|lpUCM [RemoteSails.cpp:HandleResponse:158] Successfully deserialized response, status: 0, result code: 0
[m[0;32;31m1970-01-04 05:09:18.590|E|1184141422|lpUCM [IpccProtoMessage.cpp:SerializeParams:112] m_offset, 542720
[m[1;33m1970-01-04 05:09:18.590|W|1184141422|lpUCM [RemoteSails.cpp:SendWithRetry:185] Successfully wrote 1052 bytes
[m[0;32;32m1970-01-04 05:09:18.593|I|1184141422|lpUCM [RemoteSails.cpp:HandleResponse:149] HandleResponse started, buffer size: 1048
[m[0;32;32m1970-01-04 05:09:18.593|I|1184141422|lpUCM [RemoteSails.cpp:HandleResponse:158] Successfully deserialized response, status: 0, result code: 0
[m[0;32;31m1970-01-04 05:09:18.593|E|1184141422|lpUCM [IpccProtoMessage.cpp:SerializeParams:112] m_offset, 543744
[m[1;33m1970-01-04 05:09:18.593|W|1184141422|lpUCM [RemoteSails.cpp:SendWithRetry:185] Successfully wrote 1052 bytes
[m[0;32;32m1970-01-04 05:09:18.596|I|1184141422|lpUCM [RemoteSails.cpp:HandleResponse:149] HandleResponse started, buffer size: 1048
[m[0;32;32m1970-01-04 05:09:18.596|I|1184141422|lpUCM [RemoteSails.cpp:HandleResponse:158] Successfully deserialized response, status: 0, result code: 0
[m[0;32;31m1970-01-04 05:09:18.596|E|1184141422|lpUCM [IpccProtoMessage.cpp:SerializeParams:112] m_offset, 544768
[m[1;33m1970-01-04 05:09:18.596|W|1184141422|lpUCM [RemoteSails.cpp:SendWithRetry:185] Successfully wrote 1052 bytes
[m[0;32;32m1970-01-04 05:09:18.632|I|1184141422|lpUCM [RemoteSails.cpp:HandleResponse:149] HandleResponse started, buffer size: 1048
[m[0;32;32m1970-01-04 05:09:18.632|I|1184141422|lpUCM [RemoteSails.cpp:HandleResponse:158] Successfully deserialized response, status: 0, result code: 0
[m[0;32;31m1970-01-04 05:09:18.632|E|1184141422|lpUCM [IpccProtoMessage.cpp:SerializeParams:112] m_offset, 545792
[m[1;33m1970-01-04 05:09:18.632|W|1184141422|lpUCM [RemoteSails.cpp:SendWithRetry:185] Successfully wrote 1052 bytes
[m[0;32;32m1970-01-04 05:09:18.635|I|1184141422|lpUCM [RemoteSails.cpp:HandleResponse:149] HandleResponse started, buffer size: 1048
[m[0;32;32m1970-01-04 05:09:18.635|I|1184141422|lpUCM [RemoteSails.cpp:HandleResponse:158] Successfully deserialized response, status: 0, result code: 0
[m[0;32;31m1970-01-04 05:09:18.635|E|1184141422|lpUCM [IpccProtoMessage.cpp:SerializeParams:112] m_offset, 546816
[m[1;33m1970-01-04 05:09:18.635|W|1184141422|lpUCM [RemoteSails.cpp:SendWithRetry:185] Successfully wrote 1052 bytes
[m[0;32;32m1970-01-04 05:09:18.638|I|1184141422|lpUCM [RemoteSails.cpp:HandleResponse:149] HandleResponse started, buffer size: 1048
[m[0;32;32m1970-01-04 05:09:18.638|I|1184141422|lpUCM [RemoteSails.cpp:HandleResponse:158] Successfully deserialized response, status: 0, result code: 0
[m[0;32;31m1970-01-04 05:09:18.638|E|1184141422|lpUCM [IpccProtoMessage.cpp:SerializeParams:112] m_offset, 547840
[m[1;33m1970-01-04 05:09:18.638|W|1184141422|lpUCM [RemoteSails.cpp:SendWithRetry:185] Successfully wrote 1052 bytes
[m[0;32;32m1970-01-04 05:09:18.644|I|1184141422|lpUCM [RemoteSails.cpp:HandleResponse:149] HandleResponse started, buffer size: 1048
[m[0;32;32m1970-01-04 05:09:18.644|I|1184141422|lpUCM [RemoteSails.cpp:HandleResponse:158] Successfully deserialized response, status: 0, result code: 0
[m[0;32;31m1970-01-04 05:09:18.644|E|1184141422|lpUCM [IpccProtoMessage.cpp:SerializeParams:112] m_offset, 548864
[m[1;33m1970-01-04 05:09:18.644|W|1184141422|lpUCM [RemoteSails.cpp:SendWithRetry:185] Successfully wrote 1052 bytes
[m[0;32;32m1970-01-04 05:09:18.680|I|1184141422|lpUCM [RemoteSails.cpp:HandleResponse:149] HandleResponse started, buffer size: 1048
[m[0;32;32m1970-01-04 05:09:18.680|I|1184141422|lpUCM [RemoteSails.cpp:HandleResponse:158] Successfully deserialized response, status: 0, result code: 0
[m[0;32;31m1970-01-04 05:09:18.680|E|1184141422|lpUCM [IpccProtoMessage.cpp:SerializeParams:112] m_offset, 549888
[m[1;33m1970-01-04 05:09:18.680|W|1184141422|lpUCM [RemoteSails.cpp:SendWithRetry:185] Successfully wrote 1052 bytes
[m[0;32;32m1970-01-04 05:09:18.683|I|1184141422|lpUCM [RemoteSails.cpp:HandleResponse:149] HandleResponse started, buffer size: 1048
[m[0;32;32m1970-01-04 05:09:18.683|I|1184141422|lpUCM [RemoteSails.cpp:HandleResponse:158] Successfully deserialized response, status: 0, result code: 0
[m[0;32;31m1970-01-04 05:09:18.683|E|1184141422|lpUCM [IpccProtoMessage.cpp:SerializeParams:112] m_offset, 550912
[m[1;33m1970-01-04 05:09:18.683|W|1184141422|lpUCM [RemoteSails.cpp:SendWithRetry:185] Successfully wrote 1052 bytes
[m[0;32;32m1970-01-04 05:09:18.686|I|1184141422|lpUCM [RemoteSails.cpp:HandleResponse:149] HandleResponse started, buffer size: 1048
[m[0;32;32m1970-01-04 05:09:18.686|I|1184141422|lpUCM [RemoteSails.cpp:HandleResponse:158] Successfully deserialized response, status: 0, result code: 0
[m[0;32;31m1970-01-04 05:09:18.686|E|1184141422|lpUCM [IpccProtoMessage.cpp:SerializeParams:112] m_offset, 551936
[m[1;33m1970-01-04 05:09:18.686|W|1184141422|lpUCM [RemoteSails.cpp:SendWithRetry:185] Successfully wrote 1052 bytes
[m[0;32;32m1970-01-04 05:09:18.689|I|1184141422|lpUCM [RemoteSails.cpp:HandleResponse:149] HandleResponse started, buffer size: 1048
[m[0;32;32m1970-01-04 05:09:18.689|I|1184141422|lpUCM [RemoteSails.cpp:HandleResponse:158] Successfully deserialized response, status: 0, result code: 0
[m[0;32;31m1970-01-04 05:09:18.689|E|1184141422|lpUCM [IpccProtoMessage.cpp:SerializeParams:112] m_offset, 552960
[m[1;33m1970-01-04 05:09:18.689|W|1184141422|lpUCM [RemoteSails.cpp:SendWithRetry:185] Successfully wrote 1052 bytes
[m[0;32;32m1970-01-04 05:09:18.725|I|1184141422|lpUCM [RemoteSails.cpp:HandleResponse:149] HandleResponse started, buffer size: 1048
[m[0;32;32m1970-01-04 05:09:18.725|I|1184141422|lpUCM [RemoteSails.cpp:HandleResponse:158] Successfully deserialized response, status: 0, result code: 0
[m[0;32;31m1970-01-04 05:09:18.725|E|1184141422|lpUCM [IpccProtoMessage.cpp:SerializeParams:112] m_offset, 553984
[m[1;33m1970-01-04 05:09:18.725|W|1184141422|lpUCM [RemoteSails.cpp:SendWithRetry:185] Successfully wrote 1052 bytes
[m[0;32;32m1970-01-04 05:09:18.728|I|1184141422|lpUCM [RemoteSails.cpp:HandleResponse:149] HandleResponse started, buffer size: 1048
[m[0;32;32m1970-01-04 05:09:18.728|I|1184141422|lpUCM [RemoteSails.cpp:HandleResponse:158] Successfully deserialized response, status: 0, result code: 0
[m[0;32;31m1970-01-04 05:09:18.728|E|1184141422|lpUCM [IpccProtoMessage.cpp:SerializeParams:112] m_offset, 555008
[m[1;33m1970-01-04 05:09:18.728|W|1184141422|lpUCM [RemoteSails.cpp:SendWithRetry:185] Successfully wrote 1052 bytes
[m[0;32;32m1970-01-04 05:09:18.732|I|1184141422|lpUCM [RemoteSails.cpp:HandleResponse:149] HandleResponse started, buffer size: 1048
[m[0;32;32m1970-01-04 05:09:18.732|I|1184141422|lpUCM [RemoteSails.cpp:HandleResponse:158] Successfully deserialized response, status: 0, result code: 0
[m[0;32;31m1970-01-04 05:09:18.732|E|1184141422|lpUCM [IpccProtoMessage.cpp:SerializeParams:112] m_offset, 556032
[m[1;33m1970-01-04 05:09:18.732|W|1184141422|lpUCM [RemoteSails.cpp:SendWithRetry:185] Successfully wrote 1052 bytes
[m[0;32;32m1970-01-04 05:09:18.736|I|1184141422|lpUCM [RemoteSails.cpp:HandleResponse:149] HandleResponse started, buffer size: 1048
[m[0;32;32m1970-01-04 05:09:18.736|I|1184141422|lpUCM [RemoteSails.cpp:HandleResponse:158] Successfully deserialized response, status: 0, result code: 0
[m[0;32;32m1970-01-04 05:09:18.736|I|1184141422|lpUCM [RemoteSails.cpp:SailWriteData:272] All data already trans size 16384
[m[0;32;32m1970-01-04 05:09:18.736|I|1184141422|lpUCM [fds.cpp:FDS_OnLocalUpgProgress:248] total: 23, curr:22, percent:47, rop:93%
[m[0;32;32m1970-01-04 05:09:18.736|I|1184141422|lpUCM [RemoteSails.cpp:SailWriteData:254] total data is 16384
[m[0;32;31m1970-01-04 05:09:18.736|E|1184141422|lpUCM [IpccProtoMessage.cpp:SerializeParams:112] m_offset, 557056
[m[1;33m1970-01-04 05:09:18.736|W|1184141422|lpUCM [RemoteSails.cpp:SendWithRetry:185] Successfully wrote 1052 bytes
[m[0;32;32m1970-01-04 05:09:18.771|I|1184141422|lpUCM [RemoteSails.cpp:HandleResponse:149] HandleResponse started, buffer size: 1048
[m[0;32;32m1970-01-04 05:09:18.771|I|1184141422|lpUCM [RemoteSails.cpp:HandleResponse:158] Successfully deserialized response, status: 0, result code: 0
[m[0;32;31m1970-01-04 05:09:18.771|E|1184141422|lpUCM [IpccProtoMessage.cpp:SerializeParams:112] m_offset, 558080
[m[1;33m1970-01-04 05:09:18.771|W|1184141422|lpUCM [RemoteSails.cpp:SendWithRetry:185] Successfully wrote 1052 bytes
[m[0;32;32m1970-01-04 05:09:18.775|I|1184141422|lpUCM [RemoteSails.cpp:HandleResponse:149] HandleResponse started, buffer size: 1048
[m[0;32;32m1970-01-04 05:09:18.775|I|1184141422|lpUCM [RemoteSails.cpp:HandleResponse:158] Successfully deserialized response, status: 0, result code: 0
[m[0;32;31m1970-01-04 05:09:18.775|E|1184141422|lpUCM [IpccProtoMessage.cpp:SerializeParams:112] m_offset, 559104
[m[1;33m1970-01-04 05:09:18.775|W|1184141422|lpUCM [RemoteSails.cpp:SendWithRetry:185] Successfully wrote 1052 bytes
[m[0;32;32m1970-01-04 05:09:18.779|I|1184141422|lpUCM [RemoteSails.cpp:HandleResponse:149] HandleResponse started, buffer size: 1048
[m[0;32;32m1970-01-04 05:09:18.779|I|1184141422|lpUCM [RemoteSails.cpp:HandleResponse:158] Successfully deserialized response, status: 0, result code: 0
[m[0;32;31m1970-01-04 05:09:18.779|E|1184141422|lpUCM [IpccProtoMessage.cpp:SerializeParams:112] m_offset, 560128
[m[1;33m1970-01-04 05:09:18.779|W|1184141422|lpUCM [RemoteSails.cpp:SendWithRetry:185] Successfully wrote 1052 bytes
[m[0;32;32m1970-01-04 05:09:18.786|I|1184141422|lpUCM [RemoteSails.cpp:HandleResponse:149] HandleResponse started, buffer size: 1048
[m[0;32;32m1970-01-04 05:09:18.786|I|1184141422|lpUCM [RemoteSails.cpp:HandleResponse:158] Successfully deserialized response, status: 0, result code: 0
[m[0;32;31m1970-01-04 05:09:18.786|E|1184141422|lpUCM [IpccProtoMessage.cpp:SerializeParams:112] m_offset, 561152
[m[1;33m1970-01-04 05:09:18.786|W|1184141422|lpUCM [RemoteSails.cpp:SendWithRetry:185] Successfully wrote 1052 bytes
[m[0;32;32m1970-01-04 05:09:18.822|I|1184141422|lpUCM [RemoteSails.cpp:HandleResponse:149] HandleResponse started, buffer size: 1048
[m[0;32;32m1970-01-04 05:09:18.822|I|1184141422|lpUCM [RemoteSails.cpp:HandleResponse:158] Successfully deserialized response, status: 0, result code: 0
[m[0;32;31m1970-01-04 05:09:18.822|E|1184141422|lpUCM [IpccProtoMessage.cpp:SerializeParams:112] m_offset, 562176
[m[1;33m1970-01-04 05:09:18.822|W|1184141422|lpUCM [RemoteSails.cpp:SendWithRetry:185] Successfully wrote 1052 bytes
[m[0;32;32m1970-01-04 05:09:18.825|I|1184141422|lpUCM [RemoteSails.cpp:HandleResponse:149] HandleResponse started, buffer size: 1048
[m[0;32;32m1970-01-04 05:09:18.825|I|1184141422|lpUCM [RemoteSails.cpp:HandleResponse:158] Successfully deserialized response, status: 0, result code: 0
[m[0;32;31m1970-01-04 05:09:18.825|E|1184141422|lpUCM [IpccProtoMessage.cpp:SerializeParams:112] m_offset, 563200
[m[1;33m1970-01-04 05:09:18.825|W|1184141422|lpUCM [RemoteSails.cpp:SendWithRetry:185] Successfully wrote 1052 bytes
[m[0;32;32m1970-01-04 05:09:18.828|I|1184141422|lpUCM [RemoteSails.cpp:HandleResponse:149] HandleResponse started, buffer size: 1048
[m[0;32;32m1970-01-04 05:09:18.828|I|1184141422|lpUCM [RemoteSails.cpp:HandleResponse:158] Successfully deserialized response, status: 0, result code: 0
[m[0;32;31m1970-01-04 05:09:18.828|E|1184141422|lpUCM [IpccProtoMessage.cpp:SerializeParams:112] m_offset, 564224
[m[1;33m1970-01-04 05:09:18.828|W|1184141422|lpUCM [RemoteSails.cpp:SendWithRetry:185] Successfully wrote 1052 bytes
[m[0;32;32m1970-01-04 05:09:18.834|I|1184141422|lpUCM [RemoteSails.cpp:HandleResponse:149] HandleResponse started, buffer size: 1048
[m[0;32;32m1970-01-04 05:09:18.834|I|1184141422|lpUCM [RemoteSails.cpp:HandleResponse:158] Successfully deserialized response, status: 0, result code: 0
[m[0;32;31m1970-01-04 05:09:18.834|E|1184141422|lpUCM [IpccProtoMessage.cpp:SerializeParams:112] m_offset, 565248
[m[1;33m1970-01-04 05:09:18.834|W|1184141422|lpUCM [RemoteSails.cpp:SendWithRetry:185] Successfully wrote 1052 bytes
[m[0;32;32m1970-01-04 05:09:18.867|I|1184141422|lpUCM [RemoteSails.cpp:HandleResponse:149] HandleResponse started, buffer size: 1048
[m[0;32;32m1970-01-04 05:09:18.867|I|1184141422|lpUCM [RemoteSails.cpp:HandleResponse:158] Successfully deserialized response, status: 0, result code: 0
[m[0;32;31m1970-01-04 05:09:18.867|E|1184141422|lpUCM [IpccProtoMessage.cpp:SerializeParams:112] m_offset, 566272
[m[1;33m1970-01-04 05:09:18.867|W|1184141422|lpUCM [RemoteSails.cpp:SendWithRetry:185] Successfully wrote 1052 bytes
[m[0;32;32m1970-01-04 05:09:18.870|I|1184141422|lpUCM [RemoteSails.cpp:HandleResponse:149] HandleResponse started, buffer size: 1048
[m[0;32;32m1970-01-04 05:09:18.870|I|1184141422|lpUCM [RemoteSails.cpp:HandleResponse:158] Successfully deserialized response, status: 0, result code: 0
[m[0;32;31m1970-01-04 05:09:18.870|E|1184141422|lpUCM [IpccProtoMessage.cpp:SerializeParams:112] m_offset, 567296
[m[1;33m1970-01-04 05:09:18.870|W|1184141422|lpUCM [RemoteSails.cpp:SendWithRetry:185] Successfully wrote 1052 bytes
[m[0;32;32m1970-01-04 05:09:18.873|I|1184141422|lpUCM [RemoteSails.cpp:HandleResponse:149] HandleResponse started, buffer size: 1048
[m[0;32;32m1970-01-04 05:09:18.873|I|1184141422|lpUCM [RemoteSails.cpp:HandleResponse:158] Successfully deserialized response, status: 0, result code: 0
[m[0;32;31m1970-01-04 05:09:18.873|E|1184141422|lpUCM [IpccProtoMessage.cpp:SerializeParams:112] m_offset, 568320
[m[1;33m1970-01-04 05:09:18.873|W|1184141422|lpUCM [RemoteSails.cpp:SendWithRetry:185] Successfully wrote 1052 bytes
[m[0;32;32m1970-01-04 05:09:18.877|I|1184141422|lpUCM [RemoteSails.cpp:HandleResponse:149] HandleResponse started, buffer size: 1048
[m[0;32;32m1970-01-04 05:09:18.877|I|1184141422|lpUCM [RemoteSails.cpp:HandleResponse:158] Successfully deserialized response, status: 0, result code: 0
[m[0;32;31m1970-01-04 05:09:18.877|E|1184141422|lpUCM [IpccProtoMessage.cpp:SerializeParams:112] m_offset, 569344
[m[1;33m1970-01-04 05:09:18.877|W|1184141422|lpUCM [RemoteSails.cpp:SendWithRetry:185] Successfully wrote 1052 bytes
[m[0;32;32m1970-01-04 05:09:18.913|I|1184141422|lpUCM [RemoteSails.cpp:HandleResponse:149] HandleResponse started, buffer size: 1048
[m[0;32;32m1970-01-04 05:09:18.913|I|1184141422|lpUCM [RemoteSails.cpp:HandleResponse:158] Successfully deserialized response, status: 0, result code: 0
[m[0;32;31m1970-01-04 05:09:18.913|E|1184141422|lpUCM [IpccProtoMessage.cpp:SerializeParams:112] m_offset, 570368
[m[1;33m1970-01-04 05:09:18.913|W|1184141422|lpUCM [RemoteSails.cpp:SendWithRetry:185] Successfully wrote 1052 bytes
[m[0;32;32m1970-01-04 05:09:18.916|I|1184141422|lpUCM [RemoteSails.cpp:HandleResponse:149] HandleResponse started, buffer size: 1048
[m[0;32;32m1970-01-04 05:09:18.916|I|1184141422|lpUCM [RemoteSails.cpp:HandleResponse:158] Successfully deserialized response, status: 0, result code: 0
[m[0;32;31m1970-01-04 05:09:18.916|E|1184141422|lpUCM [IpccProtoMessage.cpp:SerializeParams:112] m_offset, 571392
[m[1;33m1970-01-04 05:09:18.916|W|1184141422|lpUCM [RemoteSails.cpp:SendWithRetry:185] Successfully wrote 1052 bytes
[m[0;32;32m1970-01-04 05:09:18.920|I|1184141422|lpUCM [RemoteSails.cpp:HandleResponse:149] HandleResponse started, buffer size: 1048
[m[0;32;32m1970-01-04 05:09:18.920|I|1184141422|lpUCM [RemoteSails.cpp:HandleResponse:158] Successfully deserialized response, status: 0, result code: 0
[m[0;32;31m1970-01-04 05:09:18.920|E|1184141422|lpUCM [IpccProtoMessage.cpp:SerializeParams:112] m_offset, 572416
[m[1;33m1970-01-04 05:09:18.920|W|1184141422|lpUCM [RemoteSails.cpp:SendWithRetry:185] Successfully wrote 1052 bytes
[m[0;32;32m1970-01-04 05:09:18.923|I|1184141422|lpUCM [RemoteSails.cpp:HandleResponse:149] HandleResponse started, buffer size: 1048
[m[0;32;32m1970-01-04 05:09:18.923|I|1184141422|lpUCM [RemoteSails.cpp:HandleResponse:158] Successfully deserialized response, status: 0, result code: 0
[m[0;32;32m1970-01-04 05:09:18.923|I|1184141422|lpUCM [RemoteSails.cpp:SailWriteData:272] All data already trans size 16384
[m[0;32;32m1970-01-04 05:09:18.923|I|1184141422|lpUCM [fds.cpp:FDS_OnLocalUpgProgress:248] total: 23, curr:22, percent:48, rop:93%
[m[0;32;32m1970-01-04 05:09:18.923|I|1184141422|lpUCM [RemoteSails.cpp:SailWriteData:254] total data is 16384
[m[0;32;31m1970-01-04 05:09:18.923|E|1184141422|lpUCM [IpccProtoMessage.cpp:SerializeParams:112] m_offset, 573440
[m[1;33m1970-01-04 05:09:18.923|W|1184141422|lpUCM [RemoteSails.cpp:SendWithRetry:185] Successfully wrote 1052 bytes
[m[0;32;32m1970-01-04 05:09:18.957|I|1184141422|lpUCM [RemoteSails.cpp:HandleResponse:149] HandleResponse started, buffer size: 1048
[m[0;32;32m1970-01-04 05:09:18.957|I|1184141422|lpUCM [RemoteSails.cpp:HandleResponse:158] Successfully deserialized response, status: 0, result code: 0
[m[0;32;31m1970-01-04 05:09:18.957|E|1184141422|lpUCM [IpccProtoMessage.cpp:SerializeParams:112] m_offset, 574464
[m[1;33m1970-01-04 05:09:18.957|W|1184141422|lpUCM [RemoteSails.cpp:SendWithRetry:185] Successfully wrote 1052 bytes
[m[0;32;32m1970-01-04 05:09:18.964|I|1184141422|lpUCM [RemoteSails.cpp:HandleResponse:149] HandleResponse started, buffer size: 1048
[m[0;32;32m1970-01-04 05:09:18.964|I|1184141422|lpUCM [RemoteSails.cpp:HandleResponse:158] Successfully deserialized response, status: 0, result code: 0
[m[0;32;31m1970-01-04 05:09:18.964|E|1184141422|lpUCM [IpccProtoMessage.cpp:SerializeParams:112] m_offset, 575488
[m[1;33m1970-01-04 05:09:18.964|W|1184141422|lpUCM [RemoteSails.cpp:SendWithRetry:185] Successfully wrote 1052 bytes
[m[0;32;32m1970-01-04 05:09:18.967|I|1184141422|lpUCM [RemoteSails.cpp:HandleResponse:149] HandleResponse started, buffer size: 1048
[m[0;32;32m1970-01-04 05:09:18.967|I|1184141422|lpUCM [RemoteSails.cpp:HandleResponse:158] Successfully deserialized response, status: 0, result code: 0
[m[0;32;31m1970-01-04 05:09:18.967|E|1184141422|lpUCM [IpccProtoMessage.cpp:SerializeParams:112] m_offset, 576512
[m[1;33m1970-01-04 05:09:18.967|W|1184141422|lpUCM [RemoteSails.cpp:SendWithRetry:185] Successfully wrote 1052 bytes
[m[0;32;32m1970-01-04 05:09:18.970|I|1184141422|lpUCM [RemoteSails.cpp:HandleResponse:149] HandleResponse started, buffer size: 1048
[m[0;32;32m1970-01-04 05:09:18.970|I|1184141422|lpUCM [RemoteSails.cpp:HandleResponse:158] Successfully deserialized response, status: 0, result code: 0
[m[0;32;31m1970-01-04 05:09:18.970|E|1184141422|lpUCM [IpccProtoMessage.cpp:SerializeParams:112] m_offset, 577536
[m[1;33m1970-01-04 05:09:18.970|W|1184141422|lpUCM [RemoteSails.cpp:SendWithRetry:185] Successfully wrote 1052 bytes
[m[0;32;32m1970-01-04 05:09:19.6|I|1184141422|lpUCM [RemoteSails.cpp:HandleResponse:149] HandleResponse started, buffer size: 1048
[m[0;32;32m1970-01-04 05:09:19.6|I|1184141422|lpUCM [RemoteSails.cpp:HandleResponse:158] Successfully deserialized response, status: 0, result code: 0
[m[0;32;31m1970-01-04 05:09:19.6|E|1184141422|lpUCM [IpccProtoMessage.cpp:SerializeParams:112] m_offset, 578560
[m[1;33m1970-01-04 05:09:19.6|W|1184141422|lpUCM [RemoteSails.cpp:SendWithRetry:185] Successfully wrote 1052 bytes
[m[0;32;32m1970-01-04 05:09:19.9|I|1184141422|lpUCM [RemoteSails.cpp:HandleResponse:149] HandleResponse started, buffer size: 1048
[m[0;32;32m1970-01-04 05:09:19.9|I|1184141422|lpUCM [RemoteSails.cpp:HandleResponse:158] Successfully deserialized response, status: 0, result code: 0
[m[0;32;31m1970-01-04 05:09:19.9|E|1184141422|lpUCM [IpccProtoMessage.cpp:SerializeParams:112] m_offset, 579584
[m[1;33m1970-01-04 05:09:19.9|W|1184141422|lpUCM [RemoteSails.cpp:SendWithRetry:185] Successfully wrote 1052 bytes
[m[0;32;32m1970-01-04 05:09:19.15|I|1184141422|lpUCM [RemoteSails.cpp:HandleResponse:149] HandleResponse started, buffer size: 1048
[m[0;32;32m1970-01-04 05:09:19.15|I|1184141422|lpUCM [RemoteSails.cpp:HandleResponse:158] Successfully deserialized response, status: 0, result code: 0
[m[0;32;31m1970-01-04 05:09:19.15|E|1184141422|lpUCM [IpccProtoMessage.cpp:SerializeParams:112] m_offset, 580608
[m[1;33m1970-01-04 05:09:19.15|W|1184141422|lpUCM [RemoteSails.cpp:SendWithRetry:185] Successfully wrote 1052 bytes
[m[0;32;32m1970-01-04 05:09:19.18|I|1184141422|lpUCM [RemoteSails.cpp:HandleResponse:149] HandleResponse started, buffer size: 1048
[m[0;32;32m1970-01-04 05:09:19.18|I|1184141422|lpUCM [RemoteSails.cpp:HandleResponse:158] Successfully deserialized response, status: 0, result code: 0
[m[0;32;31m1970-01-04 05:09:19.18|E|1184141422|lpUCM [IpccProtoMessage.cpp:SerializeParams:112] m_offset, 581632
[m[1;33m1970-01-04 05:09:19.18|W|1184141422|lpUCM [RemoteSails.cpp:SendWithRetry:185] Successfully wrote 1052 bytes
[m[0;32;32m1970-01-04 05:09:19.54|I|1184141422|lpUCM [RemoteSails.cpp:HandleResponse:149] HandleResponse started, buffer size: 1048
[m[0;32;32m1970-01-04 05:09:19.54|I|1184141422|lpUCM [RemoteSails.cpp:HandleResponse:158] Successfully deserialized response, status: 0, result code: 0
[m[0;32;31m1970-01-04 05:09:19.54|E|1184141422|lpUCM [IpccProtoMessage.cpp:SerializeParams:112] m_offset, 582656
[m[1;33m1970-01-04 05:09:19.54|W|1184141422|lpUCM [RemoteSails.cpp:SendWithRetry:185] Successfully wrote 1052 bytes
[m[0;32;32m1970-01-04 05:09:19.57|I|1184141422|lpUCM [RemoteSails.cpp:HandleResponse:149] HandleResponse started, buffer size: 1048
[m[0;32;32m1970-01-04 05:09:19.57|I|1184141422|lpUCM [RemoteSails.cpp:HandleResponse:158] Successfully deserialized response, status: 0, result code: 0
[m[0;32;31m1970-01-04 05:09:19.57|E|1184141422|lpUCM [IpccProtoMessage.cpp:SerializeParams:112] m_offset, 583680
[m[1;33m1970-01-04 05:09:19.57|W|1184141422|lpUCM [RemoteSails.cpp:SendWithRetry:185] Successfully wrote 1052 bytes
[m[0;32;32m1970-01-04 05:09:19.63|I|1184141422|lpUCM [RemoteSails.cpp:HandleResponse:149] HandleResponse started, buffer size: 1048
[m[0;32;32m1970-01-04 05:09:19.63|I|1184141422|lpUCM [RemoteSails.cpp:HandleResponse:158] Successfully deserialized response, status: 0, result code: 0
[m[0;32;31m1970-01-04 05:09:19.63|E|1184141422|lpUCM [IpccProtoMessage.cpp:SerializeParams:112] m_offset, 584704
[m[1;33m1970-01-04 05:09:19.63|W|1184141422|lpUCM [RemoteSails.cpp:SendWithRetry:185] Successfully wrote 1052 bytes
[m[0;32;32m1970-01-04 05:09:19.66|I|1184141422|lpUCM [RemoteSails.cpp:HandleResponse:149] HandleResponse started, buffer size: 1048
[m[0;32;32m1970-01-04 05:09:19.66|I|1184141422|lpUCM [RemoteSails.cpp:HandleResponse:158] Successfully deserialized response, status: 0, result code: 0
[m[0;32;31m1970-01-04 05:09:19.66|E|1184141422|lpUCM [IpccProtoMessage.cpp:SerializeParams:112] m_offset, 585728
[m[1;33m1970-01-04 05:09:19.66|W|1184141422|lpUCM [RemoteSails.cpp:SendWithRetry:185] Successfully wrote 1052 bytes
[m[0;32;32m1970-01-04 05:09:19.102|I|1184141422|lpUCM [RemoteSails.cpp:HandleResponse:149] HandleResponse started, buffer size: 1048
[m[0;32;32m1970-01-04 05:09:19.102|I|1184141422|lpUCM [RemoteSails.cpp:HandleResponse:158] Successfully deserialized response, status: 0, result code: 0
[m[0;32;31m1970-01-04 05:09:19.102|E|1184141422|lpUCM [IpccProtoMessage.cpp:SerializeParams:112] m_offset, 586752
[m[1;33m1970-01-04 05:09:19.102|W|1184141422|lpUCM [RemoteSails.cpp:SendWithRetry:185] Successfully wrote 1052 bytes
[m[0;32;32m1970-01-04 05:09:19.106|I|1184141422|lpUCM [RemoteSails.cpp:HandleResponse:149] HandleResponse started, buffer size: 1048
[m[0;32;32m1970-01-04 05:09:19.106|I|1184141422|lpUCM [RemoteSails.cpp:HandleResponse:158] Successfully deserialized response, status: 0, result code: 0
[m[0;32;31m1970-01-04 05:09:19.106|E|1184141422|lpUCM [IpccProtoMessage.cpp:SerializeParams:112] m_offset, 587776
[m[1;33m1970-01-04 05:09:19.106|W|1184141422|lpUCM [RemoteSails.cpp:SendWithRetry:185] Successfully wrote 1052 bytes
[m[0;32;32m1970-01-04 05:09:19.110|I|1184141422|lpUCM [RemoteSails.cpp:HandleResponse:149] HandleResponse started, buffer size: 1048
[m[0;32;32m1970-01-04 05:09:19.110|I|1184141422|lpUCM [RemoteSails.cpp:HandleResponse:158] Successfully deserialized response, status: 0, result code: 0
[m[0;32;31m1970-01-04 05:09:19.110|E|1184141422|lpUCM [IpccProtoMessage.cpp:SerializeParams:112] m_offset, 588800
[m[1;33m1970-01-04 05:09:19.110|W|1184141422|lpUCM [RemoteSails.cpp:SendWithRetry:185] Successfully wrote 1052 bytes
[m[0;32;32m1970-01-04 05:09:19.114|I|1184141422|lpUCM [RemoteSails.cpp:HandleResponse:149] HandleResponse started, buffer size: 1048
[m[0;32;32m1970-01-04 05:09:19.114|I|1184141422|lpUCM [RemoteSails.cpp:HandleResponse:158] Successfully deserialized response, status: 0, result code: 0
[m[0;32;32m1970-01-04 05:09:19.114|I|1184141422|lpUCM [RemoteSails.cpp:SailWriteData:272] All data already trans size 16384
[m[0;32;32m1970-01-04 05:09:19.114|I|1184141422|lpUCM [fds.cpp:FDS_OnLocalUpgProgress:248] total: 23, curr:22, percent:49, rop:93%
[m[0;32;32m1970-01-04 05:09:19.114|I|1184141422|lpUCM [RemoteSails.cpp:SailWriteData:254] total data is 16384
[m[0;32;31m1970-01-04 05:09:19.114|E|1184141422|lpUCM [IpccProtoMessage.cpp:SerializeParams:112] m_offset, 589824
[m[1;33m1970-01-04 05:09:19.114|W|1184141422|lpUCM [RemoteSails.cpp:SendWithRetry:185] Successfully wrote 1052 bytes
[m[0;32;32m1970-01-04 05:09:19.148|I|1184141422|lpUCM [RemoteSails.cpp:HandleResponse:149] HandleResponse started, buffer size: 1048
[m[0;32;32m1970-01-04 05:09:19.148|I|1184141422|lpUCM [RemoteSails.cpp:HandleResponse:158] Successfully deserialized response, status: 0, result code: 0
[m[0;32;31m1970-01-04 05:09:19.148|E|1184141422|lpUCM [IpccProtoMessage.cpp:SerializeParams:112] m_offset, 590848
[m[1;33m1970-01-04 05:09:19.148|W|1184141422|lpUCM [RemoteSails.cpp:SendWithRetry:185] Successfully wrote 1052 bytes
[m[0;32;32m1970-01-04 05:09:19.152|I|1184141422|lpUCM [RemoteSails.cpp:HandleResponse:149] HandleResponse started, buffer size: 1048
[m[0;32;32m1970-01-04 05:09:19.152|I|1184141422|lpUCM [RemoteSails.cpp:HandleResponse:158] Successfully deserialized response, status: 0, result code: 0
[m[0;32;31m1970-01-04 05:09:19.152|E|1184141422|lpUCM [IpccProtoMessage.cpp:SerializeParams:112] m_offset, 591872
[m[1;33m1970-01-04 05:09:19.152|W|1184141422|lpUCM [RemoteSails.cpp:SendWithRetry:185] Successfully wrote 1052 bytes
[m[0;32;32m1970-01-04 05:09:19.156|I|1184141422|lpUCM [RemoteSails.cpp:HandleResponse:149] HandleResponse started, buffer size: 1048
[m[0;32;32m1970-01-04 05:09:19.156|I|1184141422|lpUCM [RemoteSails.cpp:HandleResponse:158] Successfully deserialized response, status: 0, result code: 0
[m[0;32;31m1970-01-04 05:09:19.156|E|1184141422|lpUCM [IpccProtoMessage.cpp:SerializeParams:112] m_offset, 592896
[m[1;33m1970-01-04 05:09:19.156|W|1184141422|lpUCM [RemoteSails.cpp:SendWithRetry:185] Successfully wrote 1052 bytes
[m[0;32;32m1970-01-04 05:09:19.159|I|1184141422|lpUCM [RemoteSails.cpp:HandleResponse:149] HandleResponse started, buffer size: 1048
[m[0;32;32m1970-01-04 05:09:19.159|I|1184141422|lpUCM [RemoteSails.cpp:HandleResponse:158] Successfully deserialized response, status: 0, result code: 0
[m[0;32;31m1970-01-04 05:09:19.159|E|1184141422|lpUCM [IpccProtoMessage.cpp:SerializeParams:112] m_offset, 593920
[m[1;33m1970-01-04 05:09:19.159|W|1184141422|lpUCM [RemoteSails.cpp:SendWithRetry:185] Successfully wrote 1052 bytes
[m[0;32;32m1970-01-04 05:09:19.195|I|1184141422|lpUCM [RemoteSails.cpp:HandleResponse:149] HandleResponse started, buffer size: 1048
[m[0;32;32m1970-01-04 05:09:19.195|I|1184141422|lpUCM [RemoteSails.cpp:HandleResponse:158] Successfully deserialized response, status: 0, result code: 0
[m[0;32;31m1970-01-04 05:09:19.195|E|1184141422|lpUCM [IpccProtoMessage.cpp:SerializeParams:112] m_offset, 594944
[m[1;33m1970-01-04 05:09:19.195|W|1184141422|lpUCM [RemoteSails.cpp:SendWithRetry:185] Successfully wrote 1052 bytes
[m[0;32;32m1970-01-04 05:09:19.198|I|1184141422|lpUCM [RemoteSails.cpp:HandleResponse:149] HandleResponse started, buffer size: 1048
[m[0;32;32m1970-01-04 05:09:19.198|I|1184141422|lpUCM [RemoteSails.cpp:HandleResponse:158] Successfully deserialized response, status: 0, result code: 0
[m[0;32;31m1970-01-04 05:09:19.198|E|1184141422|lpUCM [IpccProtoMessage.cpp:SerializeParams:112] m_offset, 595968
[m[1;33m1970-01-04 05:09:19.198|W|1184141422|lpUCM [RemoteSails.cpp:SendWithRetry:185] Successfully wrote 1052 bytes
[m[0;32;32m1970-01-04 05:09:19.204|I|1184141422|lpUCM [RemoteSails.cpp:HandleResponse:149] HandleResponse started, buffer size: 1048
[m[0;32;32m1970-01-04 05:09:19.204|I|1184141422|lpUCM [RemoteSails.cpp:HandleResponse:158] Successfully deserialized response, status: 0, result code: 0
[m[0;32;31m1970-01-04 05:09:19.204|E|1184141422|lpUCM [IpccProtoMessage.cpp:SerializeParams:112] m_offset, 596992
[m[1;33m1970-01-04 05:09:19.204|W|1184141422|lpUCM [RemoteSails.cpp:SendWithRetry:185] Successfully wrote 1052 bytes
[m[0;32;32m1970-01-04 05:09:19.207|I|1184141422|lpUCM [RemoteSails.cpp:HandleResponse:149] HandleResponse started, buffer size: 1048
[m[0;32;32m1970-01-04 05:09:19.207|I|1184141422|lpUCM [RemoteSails.cpp:HandleResponse:158] Successfully deserialized response, status: 0, result code: 0
[m[0;32;31m1970-01-04 05:09:19.207|E|1184141422|lpUCM [IpccProtoMessage.cpp:SerializeParams:112] m_offset, 598016
[m[1;33m1970-01-04 05:09:19.207|W|1184141422|lpUCM [RemoteSails.cpp:SendWithRetry:185] Successfully wrote 1052 bytes
[m[0;32;32m1970-01-04 05:09:19.241|I|1184141422|lpUCM [RemoteSails.cpp:HandleResponse:149] HandleResponse started, buffer size: 1048
[m[0;32;32m1970-01-04 05:09:19.241|I|1184141422|lpUCM [RemoteSails.cpp:HandleResponse:158] Successfully deserialized response, status: 0, result code: 0
[m[0;32;31m1970-01-04 05:09:19.241|E|1184141422|lpUCM [IpccProtoMessage.cpp:SerializeParams:112] m_offset, 599040
[m[1;33m1970-01-04 05:09:19.241|W|1184141422|lpUCM [RemoteSails.cpp:SendWithRetry:185] Successfully wrote 1052 bytes
[m[0;32;32m1970-01-04 05:09:19.245|I|1184141422|lpUCM [RemoteSails.cpp:HandleResponse:149] HandleResponse started, buffer size: 1048
[m[0;32;32m1970-01-04 05:09:19.245|I|1184141422|lpUCM [RemoteSails.cpp:HandleResponse:158] Successfully deserialized response, status: 0, result code: 0
[m[0;32;31m1970-01-04 05:09:19.245|E|1184141422|lpUCM [IpccProtoMessage.cpp:SerializeParams:112] m_offset, 600064
[m[1;33m1970-01-04 05:09:19.245|W|1184141422|lpUCM [RemoteSails.cpp:SendWithRetry:185] Successfully wrote 1052 bytes
[m[0;32;32m1970-01-04 05:09:19.248|I|1184141422|lpUCM [RemoteSails.cpp:HandleResponse:149] HandleResponse started, buffer size: 1048
[m[0;32;32m1970-01-04 05:09:19.248|I|1184141422|lpUCM [RemoteSails.cpp:HandleResponse:158] Successfully deserialized response, status: 0, result code: 0
[m[0;32;31m1970-01-04 05:09:19.248|E|1184141422|lpUCM [IpccProtoMessage.cpp:SerializeParams:112] m_offset, 601088
[m[1;33m1970-01-04 05:09:19.248|W|1184141422|lpUCM [RemoteSails.cpp:SendWithRetry:185] Successfully wrote 1052 bytes
[m[0;32;32m1970-01-04 05:09:19.252|I|1184141422|lpUCM [RemoteSails.cpp:HandleResponse:149] HandleResponse started, buffer size: 1048
[m[0;32;32m1970-01-04 05:09:19.252|I|1184141422|lpUCM [RemoteSails.cpp:HandleResponse:158] Successfully deserialized response, status: 0, result code: 0
[m[0;32;31m1970-01-04 05:09:19.252|E|1184141422|lpUCM [IpccProtoMessage.cpp:SerializeParams:112] m_offset, 602112
[m[1;33m1970-01-04 05:09:19.252|W|1184141422|lpUCM [RemoteSails.cpp:SendWithRetry:185] Successfully wrote 1052 bytes
[m[0;32;32m1970-01-04 05:09:19.288|I|1184141422|lpUCM [RemoteSails.cpp:HandleResponse:149] HandleResponse started, buffer size: 1048
[m[0;32;32m1970-01-04 05:09:19.288|I|1184141422|lpUCM [RemoteSails.cpp:HandleResponse:158] Successfully deserialized response, status: 0, result code: 0
[m[0;32;31m1970-01-04 05:09:19.288|E|1184141422|lpUCM [IpccProtoMessage.cpp:SerializeParams:112] m_offset, 603136
[m[1;33m1970-01-04 05:09:19.288|W|1184141422|lpUCM [RemoteSails.cpp:SendWithRetry:185] Successfully wrote 1052 bytes
[m[0;32;32m1970-01-04 05:09:19.292|I|1184141422|lpUCM [RemoteSails.cpp:HandleResponse:149] HandleResponse started, buffer size: 1048
[m[0;32;32m1970-01-04 05:09:19.292|I|1184141422|lpUCM [RemoteSails.cpp:HandleResponse:158] Successfully deserialized response, status: 0, result code: 0
[m[0;32;31m1970-01-04 05:09:19.292|E|1184141422|lpUCM [IpccProtoMessage.cpp:SerializeParams:112] m_offset, 604160
[m[1;33m1970-01-04 05:09:19.292|W|1184141422|lpUCM [RemoteSails.cpp:SendWithRetry:185] Successfully wrote 1052 bytes
[m[0;32;32m1970-01-04 05:09:19.295|I|1184141422|lpUCM [RemoteSails.cpp:HandleResponse:149] HandleResponse started, buffer size: 1048
[m[0;32;32m1970-01-04 05:09:19.295|I|1184141422|lpUCM [RemoteSails.cpp:HandleResponse:158] Successfully deserialized response, status: 0, result code: 0
[m[0;32;31m1970-01-04 05:09:19.295|E|1184141422|lpUCM [IpccProtoMessage.cpp:SerializeParams:112] m_offset, 605184
[m[1;33m1970-01-04 05:09:19.295|W|1184141422|lpUCM [RemoteSails.cpp:SendWithRetry:185] Successfully wrote 1052 bytes
[m[0;32;32m1970-01-04 05:09:19.299|I|1184141422|lpUCM [RemoteSails.cpp:HandleResponse:149] HandleResponse started, buffer size: 1048
[m[0;32;32m1970-01-04 05:09:19.299|I|1184141422|lpUCM [RemoteSails.cpp:HandleResponse:158] Successfully deserialized response, status: 0, result code: 0
[m[0;32;32m1970-01-04 05:09:19.299|I|1184141422|lpUCM [RemoteSails.cpp:SailWriteData:272] All data already trans size 16384
[m[0;32;32m1970-01-04 05:09:19.299|I|1184141422|lpUCM [fds.cpp:FDS_OnLocalUpgProgress:248] total: 23, curr:22, percent:50, rop:93%
[m[0;32;32m1970-01-04 05:09:19.299|I|1184141422|lpUCM [RemoteSails.cpp:SailWriteData:254] total data is 16384
[m[0;32;31m1970-01-04 05:09:19.299|E|1184141422|lpUCM [IpccProtoMessage.cpp:SerializeParams:112] m_offset, 606208
[m[1;33m1970-01-04 05:09:19.299|W|1184141422|lpUCM [RemoteSails.cpp:SendWithRetry:185] Successfully wrote 1052 bytes
[m[0;32;32m1970-01-04 05:09:19.338|I|1184141422|lpUCM [RemoteSails.cpp:HandleResponse:149] HandleResponse started, buffer size: 1048
[m[0;32;32m1970-01-04 05:09:19.338|I|1184141422|lpUCM [RemoteSails.cpp:HandleResponse:158] Successfully deserialized response, status: 0, result code: 0
[m[0;32;31m1970-01-04 05:09:19.338|E|1184141422|lpUCM [IpccProtoMessage.cpp:SerializeParams:112] m_offset, 607232
[m[1;33m1970-01-04 05:09:19.338|W|1184141422|lpUCM [RemoteSails.cpp:SendWithRetry:185] Successfully wrote 1052 bytes
[m[0;32;32m1970-01-04 05:09:19.345|I|1184141422|lpUCM [RemoteSails.cpp:HandleResponse:149] HandleResponse started, buffer size: 1048
[m[0;32;32m1970-01-04 05:09:19.345|I|1184141422|lpUCM [RemoteSails.cpp:HandleResponse:158] Successfully deserialized response, status: 0, result code: 0
[m[0;32;31m1970-01-04 05:09:19.345|E|1184141422|lpUCM [IpccProtoMessage.cpp:SerializeParams:112] m_offset, 608256
[m[1;33m1970-01-04 05:09:19.345|W|1184141422|lpUCM [RemoteSails.cpp:SendWithRetry:185] Successfully wrote 1052 bytes
[m[0;32;32m1970-01-04 05:09:19.348|I|1184141422|lpUCM [RemoteSails.cpp:HandleResponse:149] HandleResponse started, buffer size: 1048
[m[0;32;32m1970-01-04 05:09:19.348|I|1184141422|lpUCM [RemoteSails.cpp:HandleResponse:158] Successfully deserialized response, status: 0, result code: 0
[m[0;32;31m1970-01-04 05:09:19.348|E|1184141422|lpUCM [IpccProtoMessage.cpp:SerializeParams:112] m_offset, 609280
[m[1;33m1970-01-04 05:09:19.348|W|1184141422|lpUCM [RemoteSails.cpp:SendWithRetry:185] Successfully wrote 1052 bytes
[m[0;32;32m1970-01-04 05:09:19.352|I|1184141422|lpUCM [RemoteSails.cpp:HandleResponse:149] HandleResponse started, buffer size: 1048
[m[0;32;32m1970-01-04 05:09:19.352|I|1184141422|lpUCM [RemoteSails.cpp:HandleResponse:158] Successfully deserialized response, status: 0, result code: 0
[m[0;32;31m1970-01-04 05:09:19.352|E|1184141422|lpUCM [IpccProtoMessage.cpp:SerializeParams:112] m_offset, 610304
[m[1;33m1970-01-04 05:09:19.352|W|1184141422|lpUCM [RemoteSails.cpp:SendWithRetry:185] Successfully wrote 1052 bytes
[m[0;32;32m1970-01-04 05:09:19.386|I|1184141422|lpUCM [RemoteSails.cpp:HandleResponse:149] HandleResponse started, buffer size: 1048
[m[0;32;32m1970-01-04 05:09:19.386|I|1184141422|lpUCM [RemoteSails.cpp:HandleResponse:158] Successfully deserialized response, status: 0, result code: 0
[m[0;32;31m1970-01-04 05:09:19.386|E|1184141422|lpUCM [IpccProtoMessage.cpp:SerializeParams:112] m_offset, 611328
[m[1;33m1970-01-04 05:09:19.386|W|1184141422|lpUCM [RemoteSails.cpp:SendWithRetry:185] Successfully wrote 1052 bytes
[m[0;32;32m1970-01-04 05:09:19.389|I|1184141422|lpUCM [RemoteSails.cpp:HandleResponse:149] HandleResponse started, buffer size: 1048
[m[0;32;32m1970-01-04 05:09:19.389|I|1184141422|lpUCM [RemoteSails.cpp:HandleResponse:158] Successfully deserialized response, status: 0, result code: 0
[m[0;32;31m1970-01-04 05:09:19.389|E|1184141422|lpUCM [IpccProtoMessage.cpp:SerializeParams:112] m_offset, 612352
[m[1;33m1970-01-04 05:09:19.389|W|1184141422|lpUCM [RemoteSails.cpp:SendWithRetry:185] Successfully wrote 1052 bytes
[m[0;32;32m1970-01-04 05:09:19.395|I|1184141422|lpUCM [RemoteSails.cpp:HandleResponse:149] HandleResponse started, buffer size: 1048
[m[0;32;32m1970-01-04 05:09:19.395|I|1184141422|lpUCM [RemoteSails.cpp:HandleResponse:158] Successfully deserialized response, status: 0, result code: 0
[m[0;32;31m1970-01-04 05:09:19.395|E|1184141422|lpUCM [IpccProtoMessage.cpp:SerializeParams:112] m_offset, 613376
[m[1;33m1970-01-04 05:09:19.395|W|1184141422|lpUCM [RemoteSails.cpp:SendWithRetry:185] Successfully wrote 1052 bytes
[m[0;32;32m1970-01-04 05:09:19.398|I|1184141422|lpUCM [RemoteSails.cpp:HandleResponse:149] HandleResponse started, buffer size: 1048
[m[0;32;32m1970-01-04 05:09:19.398|I|1184141422|lpUCM [RemoteSails.cpp:HandleResponse:158] Successfully deserialized response, status: 0, result code: 0
[m[0;32;31m1970-01-04 05:09:19.398|E|1184141422|lpUCM [IpccProtoMessage.cpp:SerializeParams:112] m_offset, 614400
[m[1;33m1970-01-04 05:09:19.398|W|1184141422|lpUCM [RemoteSails.cpp:SendWithRetry:185] Successfully wrote 1052 bytes
[m[0;32;32m1970-01-04 05:09:19.434|I|1184141422|lpUCM [RemoteSails.cpp:HandleResponse:149] HandleResponse started, buffer size: 1048
[m[0;32;32m1970-01-04 05:09:19.434|I|1184141422|lpUCM [RemoteSails.cpp:HandleResponse:158] Successfully deserialized response, status: 0, result code: 0
[m[0;32;31m1970-01-04 05:09:19.434|E|1184141422|lpUCM [IpccProtoMessage.cpp:SerializeParams:112] m_offset, 615424
[m[1;33m1970-01-04 05:09:19.434|W|1184141422|lpUCM [RemoteSails.cpp:SendWithRetry:185] Successfully wrote 1052 bytes
[m[0;32;32m1970-01-04 05:09:19.437|I|1184141422|lpUCM [RemoteSails.cpp:HandleResponse:149] HandleResponse started, buffer size: 1048
[m[0;32;32m1970-01-04 05:09:19.437|I|1184141422|lpUCM [RemoteSails.cpp:HandleResponse:158] Successfully deserialized response, status: 0, result code: 0
[m[0;32;31m1970-01-04 05:09:19.437|E|1184141422|lpUCM [IpccProtoMessage.cpp:SerializeParams:112] m_offset, 616448
[m[1;33m1970-01-04 05:09:19.437|W|1184141422|lpUCM [RemoteSails.cpp:SendWithRetry:185] Successfully wrote 1052 bytes
[m[0;32;32m1970-01-04 05:09:19.440|I|1184141422|lpUCM [RemoteSails.cpp:HandleResponse:149] HandleResponse started, buffer size: 1048
[m[0;32;32m1970-01-04 05:09:19.440|I|1184141422|lpUCM [RemoteSails.cpp:HandleResponse:158] Successfully deserialized response, status: 0, result code: 0
[m[0;32;31m1970-01-04 05:09:19.440|E|1184141422|lpUCM [IpccProtoMessage.cpp:SerializeParams:112] m_offset, 617472
[m[1;33m1970-01-04 05:09:19.440|W|1184141422|lpUCM [RemoteSails.cpp:SendWithRetry:185] Successfully wrote 1052 bytes
[m[0;32;32m1970-01-04 05:09:19.443|I|1184141422|lpUCM [RemoteSails.cpp:HandleResponse:149] HandleResponse started, buffer size: 1048
[m[0;32;32m1970-01-04 05:09:19.443|I|1184141422|lpUCM [RemoteSails.cpp:HandleResponse:158] Successfully deserialized response, status: 0, result code: 0
[m[0;32;31m1970-01-04 05:09:19.443|E|1184141422|lpUCM [IpccProtoMessage.cpp:SerializeParams:112] m_offset, 618496
[m[1;33m1970-01-04 05:09:19.443|W|1184141422|lpUCM [RemoteSails.cpp:SendWithRetry:185] Successfully wrote 1052 bytes
[m[0;32;32m1970-01-04 05:09:19.476|I|1184141422|lpUCM [RemoteSails.cpp:HandleResponse:149] HandleResponse started, buffer size: 1048
[m[0;32;32m1970-01-04 05:09:19.476|I|1184141422|lpUCM [RemoteSails.cpp:HandleResponse:158] Successfully deserialized response, status: 0, result code: 0
[m[0;32;31m1970-01-04 05:09:19.476|E|1184141422|lpUCM [IpccProtoMessage.cpp:SerializeParams:112] m_offset, 619520
[m[1;33m1970-01-04 05:09:19.476|W|1184141422|lpUCM [RemoteSails.cpp:SendWithRetry:185] Successfully wrote 1052 bytes
[m[0;32;32m1970-01-04 05:09:19.479|I|1184141422|lpUCM [RemoteSails.cpp:HandleResponse:149] HandleResponse started, buffer size: 1048
[m[0;32;32m1970-01-04 05:09:19.479|I|1184141422|lpUCM [RemoteSails.cpp:HandleResponse:158] Successfully deserialized response, status: 0, result code: 0
[m[0;32;31m1970-01-04 05:09:19.479|E|1184141422|lpUCM [IpccProtoMessage.cpp:SerializeParams:112] m_offset, 620544
[m[1;33m1970-01-04 05:09:19.479|W|1184141422|lpUCM [RemoteSails.cpp:SendWithRetry:185] Successfully wrote 1052 bytes
[m[0;32;32m1970-01-04 05:09:19.485|I|1184141422|lpUCM [RemoteSails.cpp:HandleResponse:149] HandleResponse started, buffer size: 1048
[m[0;32;32m1970-01-04 05:09:19.485|I|1184141422|lpUCM [RemoteSails.cpp:HandleResponse:158] Successfully deserialized response, status: 0, result code: 0
[m[0;32;31m1970-01-04 05:09:19.485|E|1184141422|lpUCM [IpccProtoMessage.cpp:SerializeParams:112] m_offset, 621568
[m[1;33m1970-01-04 05:09:19.485|W|1184141422|lpUCM [RemoteSails.cpp:SendWithRetry:185] Successfully wrote 1052 bytes
[m[0;32;32m1970-01-04 05:09:19.488|I|1184141422|lpUCM [RemoteSails.cpp:HandleResponse:149] HandleResponse started, buffer size: 1048
[m[0;32;32m1970-01-04 05:09:19.488|I|1184141422|lpUCM [RemoteSails.cpp:HandleResponse:158] Successfully deserialized response, status: 0, result code: 0
[m[0;32;32m1970-01-04 05:09:19.488|I|1184141422|lpUCM [RemoteSails.cpp:SailWriteData:272] All data already trans size 16384
[m[0;32;32m1970-01-04 05:09:19.488|I|1184141422|lpUCM [fds.cpp:FDS_OnLocalUpgProgress:248] total: 23, curr:22, percent:51, rop:93%
[m[0;32;32m1970-01-04 05:09:19.488|I|1184141422|lpUCM [RemoteSails.cpp:SailWriteData:254] total data is 16384
[m[0;32;31m1970-01-04 05:09:19.488|E|1184141422|lpUCM [IpccProtoMessage.cpp:SerializeParams:112] m_offset, 622592
[m[1;33m1970-01-04 05:09:19.488|W|1184141422|lpUCM [RemoteSails.cpp:SendWithRetry:185] Successfully wrote 1052 bytes
[m[0;32;32m1970-01-04 05:09:19.524|I|1184141422|lpUCM [RemoteSails.cpp:HandleResponse:149] HandleResponse started, buffer size: 1048
[m[0;32;32m1970-01-04 05:09:19.524|I|1184141422|lpUCM [RemoteSails.cpp:HandleResponse:158] Successfully deserialized response, status: 0, result code: 0
[m[0;32;31m1970-01-04 05:09:19.524|E|1184141422|lpUCM [IpccProtoMessage.cpp:SerializeParams:112] m_offset, 623616
[m[1;33m1970-01-04 05:09:19.524|W|1184141422|lpUCM [RemoteSails.cpp:SendWithRetry:185] Successfully wrote 1052 bytes
[m[0;32;32m1970-01-04 05:09:19.528|I|1184141422|lpUCM [RemoteSails.cpp:HandleResponse:149] HandleResponse started, buffer size: 1048
[m[0;32;32m1970-01-04 05:09:19.528|I|1184141422|lpUCM [RemoteSails.cpp:HandleResponse:158] Successfully deserialized response, status: 0, result code: 0
[m[0;32;31m1970-01-04 05:09:19.528|E|1184141422|lpUCM [IpccProtoMessage.cpp:SerializeParams:112] m_offset, 624640
[m[1;33m1970-01-04 05:09:19.528|W|1184141422|lpUCM [RemoteSails.cpp:SendWithRetry:185] Successfully wrote 1052 bytes
[m[0;32;32m1970-01-04 05:09:19.535|I|1184141422|lpUCM [RemoteSails.cpp:HandleResponse:149] HandleResponse started, buffer size: 1048
[m[0;32;32m1970-01-04 05:09:19.535|I|1184141422|lpUCM [RemoteSails.cpp:HandleResponse:158] Successfully deserialized response, status: 0, result code: 0
[m[0;32;31m1970-01-04 05:09:19.535|E|1184141422|lpUCM [IpccProtoMessage.cpp:SerializeParams:112] m_offset, 625664
[m[1;33m1970-01-04 05:09:19.535|W|1184141422|lpUCM [RemoteSails.cpp:SendWithRetry:185] Successfully wrote 1052 bytes
[m[0;32;32m1970-01-04 05:09:19.538|I|1184141422|lpUCM [RemoteSails.cpp:HandleResponse:149] HandleResponse started, buffer size: 1048
[m[0;32;32m1970-01-04 05:09:19.538|I|1184141422|lpUCM [RemoteSails.cpp:HandleResponse:158] Successfully deserialized response, status: 0, result code: 0
[m[0;32;31m1970-01-04 05:09:19.538|E|1184141422|lpUCM [IpccProtoMessage.cpp:SerializeParams:112] m_offset, 626688
[m[1;33m1970-01-04 05:09:19.538|W|1184141422|lpUCM [RemoteSails.cpp:SendWithRetry:185] Successfully wrote 1052 bytes
[m[0;32;32m1970-01-04 05:09:19.572|I|1184141422|lpUCM [RemoteSails.cpp:HandleResponse:149] HandleResponse started, buffer size: 1048
[m[0;32;32m1970-01-04 05:09:19.572|I|1184141422|lpUCM [RemoteSails.cpp:HandleResponse:158] Successfully deserialized response, status: 0, result code: 0
[m[0;32;31m1970-01-04 05:09:19.572|E|1184141422|lpUCM [IpccProtoMessage.cpp:SerializeParams:112] m_offset, 627712
[m[1;33m1970-01-04 05:09:19.572|W|1184141422|lpUCM [RemoteSails.cpp:SendWithRetry:185] Successfully wrote 1052 bytes
[m[0;32;32m1970-01-04 05:09:19.575|I|1184141422|lpUCM [RemoteSails.cpp:HandleResponse:149] HandleResponse started, buffer size: 1048
[m[0;32;32m1970-01-04 05:09:19.575|I|1184141422|lpUCM [RemoteSails.cpp:HandleResponse:158] Successfully deserialized response, status: 0, result code: 0
[m[0;32;31m1970-01-04 05:09:19.575|E|1184141422|lpUCM [IpccProtoMessage.cpp:SerializeParams:112] m_offset, 628736
[m[1;33m1970-01-04 05:09:19.575|W|1184141422|lpUCM [RemoteSails.cpp:SendWithRetry:185] Successfully wrote 1052 bytes
[m[0;32;32m1970-01-04 05:09:19.578|I|1184141422|lpUCM [RemoteSails.cpp:HandleResponse:149] HandleResponse started, buffer size: 1048
[m[0;32;32m1970-01-04 05:09:19.578|I|1184141422|lpUCM [RemoteSails.cpp:HandleResponse:158] Successfully deserialized response, status: 0, result code: 0
[m[0;32;31m1970-01-04 05:09:19.578|E|1184141422|lpUCM [IpccProtoMessage.cpp:SerializeParams:112] m_offset, 629760
[m[1;33m1970-01-04 05:09:19.578|W|1184141422|lpUCM [RemoteSails.cpp:SendWithRetry:185] Successfully wrote 1052 bytes
[m[0;32;32m1970-01-04 05:09:19.584|I|1184141422|lpUCM [RemoteSails.cpp:HandleResponse:149] HandleResponse started, buffer size: 1048
[m[0;32;32m1970-01-04 05:09:19.584|I|1184141422|lpUCM [RemoteSails.cpp:HandleResponse:158] Successfully deserialized response, status: 0, result code: 0
[m[0;32;31m1970-01-04 05:09:19.584|E|1184141422|lpUCM [IpccProtoMessage.cpp:SerializeParams:112] m_offset, 630784
[m[1;33m1970-01-04 05:09:19.584|W|1184141422|lpUCM [RemoteSails.cpp:SendWithRetry:185] Successfully wrote 1052 bytes
[m[0;32;32m1970-01-04 05:09:19.617|I|1184141422|lpUCM [RemoteSails.cpp:HandleResponse:149] HandleResponse started, buffer size: 1048
[m[0;32;32m1970-01-04 05:09:19.617|I|1184141422|lpUCM [RemoteSails.cpp:HandleResponse:158] Successfully deserialized response, status: 0, result code: 0
[m[0;32;31m1970-01-04 05:09:19.617|E|1184141422|lpUCM [IpccProtoMessage.cpp:SerializeParams:112] m_offset, 631808
[m[1;33m1970-01-04 05:09:19.617|W|1184141422|lpUCM [RemoteSails.cpp:SendWithRetry:185] Successfully wrote 1052 bytes
[m[0;32;32m1970-01-04 05:09:19.620|I|1184141422|lpUCM [RemoteSails.cpp:HandleResponse:149] HandleResponse started, buffer size: 1048
[m[0;32;32m1970-01-04 05:09:19.620|I|1184141422|lpUCM [RemoteSails.cpp:HandleResponse:158] Successfully deserialized response, status: 0, result code: 0
[m[0;32;31m1970-01-04 05:09:19.620|E|1184141422|lpUCM [IpccProtoMessage.cpp:SerializeParams:112] m_offset, 632832
[m[1;33m1970-01-04 05:09:19.620|W|1184141422|lpUCM [RemoteSails.cpp:SendWithRetry:185] Successfully wrote 1052 bytes
[m[0;32;32m1970-01-04 05:09:19.623|I|1184141422|lpUCM [RemoteSails.cpp:HandleResponse:149] HandleResponse started, buffer size: 1048
[m[0;32;32m1970-01-04 05:09:19.623|I|1184141422|lpUCM [RemoteSails.cpp:HandleResponse:158] Successfully deserialized response, status: 0, result code: 0
[m[0;32;31m1970-01-04 05:09:19.623|E|1184141422|lpUCM [IpccProtoMessage.cpp:SerializeParams:112] m_offset, 633856
[m[1;33m1970-01-04 05:09:19.623|W|1184141422|lpUCM [RemoteSails.cpp:SendWithRetry:185] Successfully wrote 1052 bytes
[m[0;32;32m1970-01-04 05:09:19.626|I|1184141422|lpUCM [RemoteSails.cpp:HandleResponse:149] HandleResponse started, buffer size: 1048
[m[0;32;32m1970-01-04 05:09:19.626|I|1184141422|lpUCM [RemoteSails.cpp:HandleResponse:158] Successfully deserialized response, status: 0, result code: 0
[m[0;32;31m1970-01-04 05:09:19.626|E|1184141422|lpUCM [IpccProtoMessage.cpp:SerializeParams:112] m_offset, 634880
[m[1;33m1970-01-04 05:09:19.626|W|1184141422|lpUCM [RemoteSails.cpp:SendWithRetry:185] Successfully wrote 1052 bytes
[m[0;32;32m1970-01-04 05:09:19.662|I|1184141422|lpUCM [RemoteSails.cpp:HandleResponse:149] HandleResponse started, buffer size: 1048
[m[0;32;32m1970-01-04 05:09:19.662|I|1184141422|lpUCM [RemoteSails.cpp:HandleResponse:158] Successfully deserialized response, status: 0, result code: 0
[m[0;32;31m1970-01-04 05:09:19.662|E|1184141422|lpUCM [IpccProtoMessage.cpp:SerializeParams:112] m_offset, 635904
[m[1;33m1970-01-04 05:09:19.662|W|1184141422|lpUCM [RemoteSails.cpp:SendWithRetry:185] Successfully wrote 1052 bytes
[m[0;32;32m1970-01-04 05:09:19.665|I|1184141422|lpUCM [RemoteSails.cpp:HandleResponse:149] HandleResponse started, buffer size: 1048
[m[0;32;32m1970-01-04 05:09:19.665|I|1184141422|lpUCM [RemoteSails.cpp:HandleResponse:158] Successfully deserialized response, status: 0, result code: 0
[m[0;32;31m1970-01-04 05:09:19.665|E|1184141422|lpUCM [IpccProtoMessage.cpp:SerializeParams:112] m_offset, 636928
[m[1;33m1970-01-04 05:09:19.665|W|1184141422|lpUCM [RemoteSails.cpp:SendWithRetry:185] Successfully wrote 1052 bytes
[m[0;32;32m1970-01-04 05:09:19.669|I|1184141422|lpUCM [RemoteSails.cpp:HandleResponse:149] HandleResponse started, buffer size: 1048
[m[0;32;32m1970-01-04 05:09:19.669|I|1184141422|lpUCM [RemoteSails.cpp:HandleResponse:158] Successfully deserialized response, status: 0, result code: 0
[m[0;32;31m1970-01-04 05:09:19.669|E|1184141422|lpUCM [IpccProtoMessage.cpp:SerializeParams:112] m_offset, 637952
[m[1;33m1970-01-04 05:09:19.669|W|1184141422|lpUCM [RemoteSails.cpp:SendWithRetry:185] Successfully wrote 1052 bytes
[m[0;32;32m1970-01-04 05:09:19.676|I|1184141422|lpUCM [RemoteSails.cpp:HandleResponse:149] HandleResponse started, buffer size: 1048
[m[0;32;32m1970-01-04 05:09:19.676|I|1184141422|lpUCM [RemoteSails.cpp:HandleResponse:158] Successfully deserialized response, status: 0, result code: 0
[m[0;32;32m1970-01-04 05:09:19.676|I|1184141422|lpUCM [RemoteSails.cpp:SailWriteData:272] All data already trans size 16384
[m[0;32;32m1970-01-04 05:09:19.676|I|1184141422|lpUCM [fds.cpp:FDS_OnLocalUpgProgress:248] total: 23, curr:22, percent:52, rop:93%
[m[0;32;32m1970-01-04 05:09:19.676|I|1184141422|lpUCM [RemoteSails.cpp:SailWriteData:254] total data is 16384
[m[0;32;31m1970-01-04 05:09:19.676|E|1184141422|lpUCM [IpccProtoMessage.cpp:SerializeParams:112] m_offset, 638976
[m[1;33m1970-01-04 05:09:19.676|W|1184141422|lpUCM [RemoteSails.cpp:SendWithRetry:185] Successfully wrote 1052 bytes
[m[0;32;32m1970-01-04 05:09:19.710|I|1184141422|lpUCM [RemoteSails.cpp:HandleResponse:149] HandleResponse started, buffer size: 1048
[m[0;32;32m1970-01-04 05:09:19.710|I|1184141422|lpUCM [RemoteSails.cpp:HandleResponse:158] Successfully deserialized response, status: 0, result code: 0
[m[0;32;31m1970-01-04 05:09:19.710|E|1184141422|lpUCM [IpccProtoMessage.cpp:SerializeParams:112] m_offset, 640000
[m[1;33m1970-01-04 05:09:19.710|W|1184141422|lpUCM [RemoteSails.cpp:SendWithRetry:185] Successfully wrote 1052 bytes
[m[0;32;32m1970-01-04 05:09:19.713|I|1184141422|lpUCM [RemoteSails.cpp:HandleResponse:149] HandleResponse started, buffer size: 1048
[m[0;32;32m1970-01-04 05:09:19.713|I|1184141422|lpUCM [RemoteSails.cpp:HandleResponse:158] Successfully deserialized response, status: 0, result code: 0
[m[0;32;31m1970-01-04 05:09:19.713|E|1184141422|lpUCM [IpccProtoMessage.cpp:SerializeParams:112] m_offset, 641024
[m[1;33m1970-01-04 05:09:19.713|W|1184141422|lpUCM [RemoteSails.cpp:SendWithRetry:185] Successfully wrote 1052 bytes
[m[0;32;32m1970-01-04 05:09:19.717|I|1184141422|lpUCM [RemoteSails.cpp:HandleResponse:149] HandleResponse started, buffer size: 1048
[m[0;32;32m1970-01-04 05:09:19.717|I|1184141422|lpUCM [RemoteSails.cpp:HandleResponse:158] Successfully deserialized response, status: 0, result code: 0
[m[0;32;31m1970-01-04 05:09:19.717|E|1184141422|lpUCM [IpccProtoMessage.cpp:SerializeParams:112] m_offset, 642048
[m[1;33m1970-01-04 05:09:19.717|W|1184141422|lpUCM [RemoteSails.cpp:SendWithRetry:185] Successfully wrote 1052 bytes
[m[0;32;32m1970-01-04 05:09:19.721|I|1184141422|lpUCM [RemoteSails.cpp:HandleResponse:149] HandleResponse started, buffer size: 1048
[m[0;32;32m1970-01-04 05:09:19.721|I|1184141422|lpUCM [RemoteSails.cpp:HandleResponse:158] Successfully deserialized response, status: 0, result code: 0
[m[0;32;31m1970-01-04 05:09:19.721|E|1184141422|lpUCM [IpccProtoMessage.cpp:SerializeParams:112] m_offset, 643072
[m[1;33m1970-01-04 05:09:19.721|W|1184141422|lpUCM [RemoteSails.cpp:SendWithRetry:185] Successfully wrote 1052 bytes
[m[0;32;32m1970-01-04 05:09:19.751|I|1184141422|lpUCM [RemoteSails.cpp:HandleResponse:149] HandleResponse started, buffer size: 1048
[m[0;32;32m1970-01-04 05:09:19.751|I|1184141422|lpUCM [RemoteSails.cpp:HandleResponse:158] Successfully deserialized response, status: 0, result code: 0
[m[0;32;31m1970-01-04 05:09:19.751|E|1184141422|lpUCM [IpccProtoMessage.cpp:SerializeParams:112] m_offset, 644096
[m[1;33m1970-01-04 05:09:19.751|W|1184141422|lpUCM [RemoteSails.cpp:SendWithRetry:185] Successfully wrote 1052 bytes
[m[0;32;32m1970-01-04 05:09:19.754|I|1184141422|lpUCM [RemoteSails.cpp:HandleResponse:149] HandleResponse started, buffer size: 1048
[m[0;32;32m1970-01-04 05:09:19.754|I|1184141422|lpUCM [RemoteSails.cpp:HandleResponse:158] Successfully deserialized response, status: 0, result code: 0
[m[0;32;31m1970-01-04 05:09:19.754|E|1184141422|lpUCM [IpccProtoMessage.cpp:SerializeParams:112] m_offset, 645120
[m[1;33m1970-01-04 05:09:19.754|W|1184141422|lpUCM [RemoteSails.cpp:SendWithRetry:185] Successfully wrote 1052 bytes
[m[0;32;32m1970-01-04 05:09:19.758|I|1184141422|lpUCM [RemoteSails.cpp:HandleResponse:149] HandleResponse started, buffer size: 1048
[m[0;32;32m1970-01-04 05:09:19.758|I|1184141422|lpUCM [RemoteSails.cpp:HandleResponse:158] Successfully deserialized response, status: 0, result code: 0
[m[0;32;31m1970-01-04 05:09:19.758|E|1184141422|lpUCM [IpccProtoMessage.cpp:SerializeParams:112] m_offset, 646144
[m[1;33m1970-01-04 05:09:19.758|W|1184141422|lpUCM [RemoteSails.cpp:SendWithRetry:185] Successfully wrote 1052 bytes
[m[0;32;32m1970-01-04 05:09:19.764|I|1184141422|lpUCM [RemoteSails.cpp:HandleResponse:149] HandleResponse started, buffer size: 1048
[m[0;32;32m1970-01-04 05:09:19.764|I|1184141422|lpUCM [RemoteSails.cpp:HandleResponse:158] Successfully deserialized response, status: 0, result code: 0
[m[0;32;31m1970-01-04 05:09:19.764|E|1184141422|lpUCM [IpccProtoMessage.cpp:SerializeParams:112] m_offset, 647168
[m[1;33m1970-01-04 05:09:19.764|W|1184141422|lpUCM [RemoteSails.cpp:SendWithRetry:185] Successfully wrote 1052 bytes
[m[0;32;32m1970-01-04 05:09:19.796|I|1184141422|lpUCM [RemoteSails.cpp:HandleResponse:149] HandleResponse started, buffer size: 1048
[m[0;32;32m1970-01-04 05:09:19.796|I|1184141422|lpUCM [RemoteSails.cpp:HandleResponse:158] Successfully deserialized response, status: 0, result code: 0
[m[0;32;31m1970-01-04 05:09:19.796|E|1184141422|lpUCM [IpccProtoMessage.cpp:SerializeParams:112] m_offset, 648192
[m[1;33m1970-01-04 05:09:19.796|W|1184141422|lpUCM [RemoteSails.cpp:SendWithRetry:185] Successfully wrote 1052 bytes
[m[0;32;32m1970-01-04 05:09:19.799|I|1184141422|lpUCM [RemoteSails.cpp:HandleResponse:149] HandleResponse started, buffer size: 1048
[m[0;32;32m1970-01-04 05:09:19.799|I|1184141422|lpUCM [RemoteSails.cpp:HandleResponse:158] Successfully deserialized response, status: 0, result code: 0
[m[0;32;31m1970-01-04 05:09:19.799|E|1184141422|lpUCM [IpccProtoMessage.cpp:SerializeParams:112] m_offset, 649216
[m[1;33m1970-01-04 05:09:19.799|W|1184141422|lpUCM [RemoteSails.cpp:SendWithRetry:185] Successfully wrote 1052 bytes
[m[0;32;32m1970-01-04 05:09:19.805|I|1184141422|lpUCM [RemoteSails.cpp:HandleResponse:149] HandleResponse started, buffer size: 1048
[m[0;32;32m1970-01-04 05:09:19.805|I|1184141422|lpUCM [RemoteSails.cpp:HandleResponse:158] Successfully deserialized response, status: 0, result code: 0
[m[0;32;31m1970-01-04 05:09:19.805|E|1184141422|lpUCM [IpccProtoMessage.cpp:SerializeParams:112] m_offset, 650240
[m[1;33m1970-01-04 05:09:19.805|W|1184141422|lpUCM [RemoteSails.cpp:SendWithRetry:185] Successfully wrote 1052 bytes
[m[0;32;32m1970-01-04 05:09:19.808|I|1184141422|lpUCM [RemoteSails.cpp:HandleResponse:149] HandleResponse started, buffer size: 1048
[m[0;32;32m1970-01-04 05:09:19.808|I|1184141422|lpUCM [RemoteSails.cpp:HandleResponse:158] Successfully deserialized response, status: 0, result code: 0
[m[0;32;31m1970-01-04 05:09:19.808|E|1184141422|lpUCM [IpccProtoMessage.cpp:SerializeParams:112] m_offset, 651264
[m[1;33m1970-01-04 05:09:19.808|W|1184141422|lpUCM [RemoteSails.cpp:SendWithRetry:185] Successfully wrote 1052 bytes
[m[0;32;32m1970-01-04 05:09:19.838|I|1184141422|lpUCM [RemoteSails.cpp:HandleResponse:149] HandleResponse started, buffer size: 1048
[m[0;32;32m1970-01-04 05:09:19.838|I|1184141422|lpUCM [RemoteSails.cpp:HandleResponse:158] Successfully deserialized response, status: 0, result code: 0
[m[0;32;31m1970-01-04 05:09:19.838|E|1184141422|lpUCM [IpccProtoMessage.cpp:SerializeParams:112] m_offset, 652288
[m[1;33m1970-01-04 05:09:19.838|W|1184141422|lpUCM [RemoteSails.cpp:SendWithRetry:185] Successfully wrote 1052 bytes
[m[0;32;32m1970-01-04 05:09:19.844|I|1184141422|lpUCM [RemoteSails.cpp:HandleResponse:149] HandleResponse started, buffer size: 1048
[m[0;32;32m1970-01-04 05:09:19.844|I|1184141422|lpUCM [RemoteSails.cpp:HandleResponse:158] Successfully deserialized response, status: 0, result code: 0
[m[0;32;31m1970-01-04 05:09:19.844|E|1184141422|lpUCM [IpccProtoMessage.cpp:SerializeParams:112] m_offset, 653312
[m[1;33m1970-01-04 05:09:19.844|W|1184141422|lpUCM [RemoteSails.cpp:SendWithRetry:185] Successfully wrote 1052 bytes
[m[0;32;32m1970-01-04 05:09:19.847|I|1184141422|lpUCM [RemoteSails.cpp:HandleResponse:149] HandleResponse started, buffer size: 1048
[m[0;32;32m1970-01-04 05:09:19.847|I|1184141422|lpUCM [RemoteSails.cpp:HandleResponse:158] Successfully deserialized response, status: 0, result code: 0
[m[0;32;31m1970-01-04 05:09:19.847|E|1184141422|lpUCM [IpccProtoMessage.cpp:SerializeParams:112] m_offset, 654336
[m[1;33m1970-01-04 05:09:19.847|W|1184141422|lpUCM [RemoteSails.cpp:SendWithRetry:185] Successfully wrote 1052 bytes
[m[0;32;32m1970-01-04 05:09:19.850|I|1184141422|lpUCM [RemoteSails.cpp:HandleResponse:149] HandleResponse started, buffer size: 1048
[m[0;32;32m1970-01-04 05:09:19.850|I|1184141422|lpUCM [RemoteSails.cpp:HandleResponse:158] Successfully deserialized response, status: 0, result code: 0
[m[0;32;32m1970-01-04 05:09:19.850|I|1184141422|lpUCM [RemoteSails.cpp:SailWriteData:272] All data already trans size 16384
[m[0;32;32m1970-01-04 05:09:19.850|I|1184141422|lpUCM [fds.cpp:FDS_OnLocalUpgProgress:248] total: 23, curr:22, percent:53, rop:93%
[m[0;32;32m1970-01-04 05:09:19.850|I|1184141422|lpUCM [RemoteSails.cpp:SailWriteData:254] total data is 16384
[m[0;32;31m1970-01-04 05:09:19.850|E|1184141422|lpUCM [IpccProtoMessage.cpp:SerializeParams:112] m_offset, 655360
[m[1;33m1970-01-04 05:09:19.850|W|1184141422|lpUCM [RemoteSails.cpp:SendWithRetry:185] Successfully wrote 1052 bytes
[m[0;32;32m1970-01-04 05:09:19.883|I|1184141422|lpUCM [RemoteSails.cpp:HandleResponse:149] HandleResponse started, buffer size: 1048
[m[0;32;32m1970-01-04 05:09:19.883|I|1184141422|lpUCM [RemoteSails.cpp:HandleResponse:158] Successfully deserialized response, status: 0, result code: 0
[m[0;32;31m1970-01-04 05:09:19.883|E|1184141422|lpUCM [IpccProtoMessage.cpp:SerializeParams:112] m_offset, 656384
[m[1;33m1970-01-04 05:09:19.883|W|1184141422|lpUCM [RemoteSails.cpp:SendWithRetry:185] Successfully wrote 1052 bytes
[m[0;32;32m1970-01-04 05:09:19.886|I|1184141422|lpUCM [RemoteSails.cpp:HandleResponse:149] HandleResponse started, buffer size: 1048
[m[0;32;32m1970-01-04 05:09:19.886|I|1184141422|lpUCM [RemoteSails.cpp:HandleResponse:158] Successfully deserialized response, status: 0, result code: 0
[m[0;32;31m1970-01-04 05:09:19.886|E|1184141422|lpUCM [IpccProtoMessage.cpp:SerializeParams:112] m_offset, 657408
[m[1;33m1970-01-04 05:09:19.886|W|1184141422|lpUCM [RemoteSails.cpp:SendWithRetry:185] Successfully wrote 1052 bytes
[m[0;32;32m1970-01-04 05:09:19.889|I|1184141422|lpUCM [RemoteSails.cpp:HandleResponse:149] HandleResponse started, buffer size: 1048
[m[0;32;32m1970-01-04 05:09:19.889|I|1184141422|lpUCM [RemoteSails.cpp:HandleResponse:158] Successfully deserialized response, status: 0, result code: 0
[m[0;32;31m1970-01-04 05:09:19.889|E|1184141422|lpUCM [IpccProtoMessage.cpp:SerializeParams:112] m_offset, 658432
[m[1;33m1970-01-04 05:09:19.889|W|1184141422|lpUCM [RemoteSails.cpp:SendWithRetry:185] Successfully wrote 1052 bytes
[m[0;32;32m1970-01-04 05:09:19.895|I|1184141422|lpUCM [RemoteSails.cpp:HandleResponse:149] HandleResponse started, buffer size: 1048
[m[0;32;32m1970-01-04 05:09:19.895|I|1184141422|lpUCM [RemoteSails.cpp:HandleResponse:158] Successfully deserialized response, status: 0, result code: 0
[m[0;32;31m1970-01-04 05:09:19.895|E|1184141422|lpUCM [IpccProtoMessage.cpp:SerializeParams:112] m_offset, 659456
[m[1;33m1970-01-04 05:09:19.895|W|1184141422|lpUCM [RemoteSails.cpp:SendWithRetry:185] Successfully wrote 1052 bytes
[m[0;32;32m1970-01-04 05:09:19.933|I|1184141422|lpUCM [RemoteSails.cpp:HandleResponse:149] HandleResponse started, buffer size: 1048
[m[0;32;32m1970-01-04 05:09:19.933|I|1184141422|lpUCM [RemoteSails.cpp:HandleResponse:158] Successfully deserialized response, status: 0, result code: 0
[m[0;32;31m1970-01-04 05:09:19.933|E|1184141422|lpUCM [IpccProtoMessage.cpp:SerializeParams:112] m_offset, 660480
[m[1;33m1970-01-04 05:09:19.933|W|1184141422|lpUCM [RemoteSails.cpp:SendWithRetry:185] Successfully wrote 1052 bytes
[m[0;32;32m1970-01-04 05:09:19.937|I|1184141422|lpUCM [RemoteSails.cpp:HandleResponse:149] HandleResponse started, buffer size: 1048
[m[0;32;32m1970-01-04 05:09:19.937|I|1184141422|lpUCM [RemoteSails.cpp:HandleResponse:158] Successfully deserialized response, status: 0, result code: 0
[m[0;32;31m1970-01-04 05:09:19.937|E|1184141422|lpUCM [IpccProtoMessage.cpp:SerializeParams:112] m_offset, 661504
[m[1;33m1970-01-04 05:09:19.937|W|1184141422|lpUCM [RemoteSails.cpp:SendWithRetry:185] Successfully wrote 1052 bytes
[m[0;32;32m1970-01-04 05:09:19.940|I|1184141422|lpUCM [RemoteSails.cpp:HandleResponse:149] HandleResponse started, buffer size: 1048
[m[0;32;32m1970-01-04 05:09:19.940|I|1184141422|lpUCM [RemoteSails.cpp:HandleResponse:158] Successfully deserialized response, status: 0, result code: 0
[m[0;32;31m1970-01-04 05:09:19.940|E|1184141422|lpUCM [IpccProtoMessage.cpp:SerializeParams:112] m_offset, 662528
[m[1;33m1970-01-04 05:09:19.940|W|1184141422|lpUCM [RemoteSails.cpp:SendWithRetry:185] Successfully wrote 1052 bytes
[m[0;32;32m1970-01-04 05:09:19.944|I|1184141422|lpUCM [RemoteSails.cpp:HandleResponse:149] HandleResponse started, buffer size: 1048
[m[0;32;32m1970-01-04 05:09:19.944|I|1184141422|lpUCM [RemoteSails.cpp:HandleResponse:158] Successfully deserialized response, status: 0, result code: 0
[m[0;32;31m1970-01-04 05:09:19.944|E|1184141422|lpUCM [IpccProtoMessage.cpp:SerializeParams:112] m_offset, 663552
[m[1;33m1970-01-04 05:09:19.944|W|1184141422|lpUCM [RemoteSails.cpp:SendWithRetry:185] Successfully wrote 1052 bytes
[m[0;32;32m1970-01-04 05:09:19.977|I|1184141422|lpUCM [RemoteSails.cpp:HandleResponse:149] HandleResponse started, buffer size: 1048
[m[0;32;32m1970-01-04 05:09:19.977|I|1184141422|lpUCM [RemoteSails.cpp:HandleResponse:158] Successfully deserialized response, status: 0, result code: 0
[m[0;32;31m1970-01-04 05:09:19.977|E|1184141422|lpUCM [IpccProtoMessage.cpp:SerializeParams:112] m_offset, 664576
[m[1;33m1970-01-04 05:09:19.977|W|1184141422|lpUCM [RemoteSails.cpp:SendWithRetry:185] Successfully wrote 1052 bytes
[m[0;32;32m1970-01-04 05:09:19.980|I|1184141422|lpUCM [RemoteSails.cpp:HandleResponse:149] HandleResponse started, buffer size: 1048
[m[0;32;32m1970-01-04 05:09:19.980|I|1184141422|lpUCM [RemoteSails.cpp:HandleResponse:158] Successfully deserialized response, status: 0, result code: 0
[m[0;32;31m1970-01-04 05:09:19.980|E|1184141422|lpUCM [IpccProtoMessage.cpp:SerializeParams:112] m_offset, 665600
[m[1;33m1970-01-04 05:09:19.980|W|1184141422|lpUCM [RemoteSails.cpp:SendWithRetry:185] Successfully wrote 1052 bytes
[m[0;32;32m1970-01-04 05:09:19.983|I|1184141422|lpUCM [RemoteSails.cpp:HandleResponse:149] HandleResponse started, buffer size: 1048
[m[0;32;32m1970-01-04 05:09:19.983|I|1184141422|lpUCM [RemoteSails.cpp:HandleResponse:158] Successfully deserialized response, status: 0, result code: 0
[m[0;32;31m1970-01-04 05:09:19.983|E|1184141422|lpUCM [IpccProtoMessage.cpp:SerializeParams:112] m_offset, 666624
[m[1;33m1970-01-04 05:09:19.983|W|1184141422|lpUCM [RemoteSails.cpp:SendWithRetry:185] Successfully wrote 1052 bytes
[m[0;32;32m1970-01-04 05:09:19.986|I|1184141422|lpUCM [RemoteSails.cpp:HandleResponse:149] HandleResponse started, buffer size: 1048
[m[0;32;32m1970-01-04 05:09:19.986|I|1184141422|lpUCM [RemoteSails.cpp:HandleResponse:158] Successfully deserialized response, status: 0, result code: 0
[m[0;32;31m1970-01-04 05:09:19.986|E|1184141422|lpUCM [IpccProtoMessage.cpp:SerializeParams:112] m_offset, 667648
[m[1;33m1970-01-04 05:09:19.986|W|1184141422|lpUCM [RemoteSails.cpp:SendWithRetry:185] Successfully wrote 1052 bytes
[m[0;32;32m1970-01-04 05:09:20.19|I|1184141422|lpUCM [RemoteSails.cpp:HandleResponse:149] HandleResponse started, buffer size: 1048
[m[0;32;32m1970-01-04 05:09:20.19|I|1184141422|lpUCM [RemoteSails.cpp:HandleResponse:158] Successfully deserialized response, status: 0, result code: 0
[m[0;32;31m1970-01-04 05:09:20.19|E|1184141422|lpUCM [IpccProtoMessage.cpp:SerializeParams:112] m_offset, 668672
[m[1;33m1970-01-04 05:09:20.19|W|1184141422|lpUCM [RemoteSails.cpp:SendWithRetry:185] Successfully wrote 1052 bytes
[m[0;32;32m1970-01-04 05:09:20.25|I|1184141422|lpUCM [RemoteSails.cpp:HandleResponse:149] HandleResponse started, buffer size: 1048
[m[0;32;32m1970-01-04 05:09:20.25|I|1184141422|lpUCM [RemoteSails.cpp:HandleResponse:158] Successfully deserialized response, status: 0, result code: 0
[m[0;32;31m1970-01-04 05:09:20.25|E|1184141422|lpUCM [IpccProtoMessage.cpp:SerializeParams:112] m_offset, 669696
[m[1;33m1970-01-04 05:09:20.25|W|1184141422|lpUCM [RemoteSails.cpp:SendWithRetry:185] Successfully wrote 1052 bytes
[m[0;32;32m1970-01-04 05:09:20.28|I|1184141422|lpUCM [RemoteSails.cpp:HandleResponse:149] HandleResponse started, buffer size: 1048
[m[0;32;32m1970-01-04 05:09:20.28|I|1184141422|lpUCM [RemoteSails.cpp:HandleResponse:158] Successfully deserialized response, status: 0, result code: 0
[m[0;32;31m1970-01-04 05:09:20.28|E|1184141422|lpUCM [IpccProtoMessage.cpp:SerializeParams:112] m_offset, 670720
[m[1;33m1970-01-04 05:09:20.28|W|1184141422|lpUCM [RemoteSails.cpp:SendWithRetry:185] Successfully wrote 1052 bytes
[m[0;32;32m1970-01-04 05:09:20.34|I|1184141422|lpUCM [RemoteSails.cpp:HandleResponse:149] HandleResponse started, buffer size: 1048
[m[0;32;32m1970-01-04 05:09:20.34|I|1184141422|lpUCM [RemoteSails.cpp:HandleResponse:158] Successfully deserialized response, status: 0, result code: 0
[m[0;32;32m1970-01-04 05:09:20.34|I|1184141422|lpUCM [RemoteSails.cpp:SailWriteData:272] All data already trans size 16384
[m[0;32;32m1970-01-04 05:09:20.34|I|1184141422|lpUCM [fds.cpp:FDS_OnLocalUpgProgress:248] total: 23, curr:22, percent:54, rop:93%
[m[0;32;32m1970-01-04 05:09:20.34|I|1184141422|lpUCM [RemoteSails.cpp:SailWriteData:254] total data is 16384
[m[0;32;31m1970-01-04 05:09:20.34|E|1184141422|lpUCM [IpccProtoMessage.cpp:SerializeParams:112] m_offset, 671744
[m[1;33m1970-01-04 05:09:20.34|W|1184141422|lpUCM [RemoteSails.cpp:SendWithRetry:185] Successfully wrote 1052 bytes
[m[0;32;32m1970-01-04 05:09:20.64|I|1184141422|lpUCM [RemoteSails.cpp:HandleResponse:149] HandleResponse started, buffer size: 1048
[m[0;32;32m1970-01-04 05:09:20.64|I|1184141422|lpUCM [RemoteSails.cpp:HandleResponse:158] Successfully deserialized response, status: 0, result code: 0
[m[0;32;31m1970-01-04 05:09:20.64|E|1184141422|lpUCM [IpccProtoMessage.cpp:SerializeParams:112] m_offset, 672768
[m[1;33m1970-01-04 05:09:20.64|W|1184141422|lpUCM [RemoteSails.cpp:SendWithRetry:185] Successfully wrote 1052 bytes
[m[0;32;32m1970-01-04 05:09:20.67|I|1184141422|lpUCM [RemoteSails.cpp:HandleResponse:149] HandleResponse started, buffer size: 1048
[m[0;32;32m1970-01-04 05:09:20.67|I|1184141422|lpUCM [RemoteSails.cpp:HandleResponse:158] Successfully deserialized response, status: 0, result code: 0
[m[0;32;31m1970-01-04 05:09:20.67|E|1184141422|lpUCM [IpccProtoMessage.cpp:SerializeParams:112] m_offset, 673792
[m[1;33m1970-01-04 05:09:20.67|W|1184141422|lpUCM [RemoteSails.cpp:SendWithRetry:185] Successfully wrote 1052 bytes
[m[0;32;32m1970-01-04 05:09:20.71|I|1184141422|lpUCM [RemoteSails.cpp:HandleResponse:149] HandleResponse started, buffer size: 1048
[m[0;32;32m1970-01-04 05:09:20.71|I|1184141422|lpUCM [RemoteSails.cpp:HandleResponse:158] Successfully deserialized response, status: 0, result code: 0
[m[0;32;31m1970-01-04 05:09:20.71|E|1184141422|lpUCM [IpccProtoMessage.cpp:SerializeParams:112] m_offset, 674816
[m[1;33m1970-01-04 05:09:20.71|W|1184141422|lpUCM [RemoteSails.cpp:SendWithRetry:185] Successfully wrote 1052 bytes
[m[0;32;32m1970-01-04 05:09:20.75|I|1184141422|lpUCM [RemoteSails.cpp:HandleResponse:149] HandleResponse started, buffer size: 1048
[m[0;32;32m1970-01-04 05:09:20.75|I|1184141422|lpUCM [RemoteSails.cpp:HandleResponse:158] Successfully deserialized response, status: 0, result code: 0
[m[0;32;31m1970-01-04 05:09:20.75|E|1184141422|lpUCM [IpccProtoMessage.cpp:SerializeParams:112] m_offset, 675840
[m[1;33m1970-01-04 05:09:20.75|W|1184141422|lpUCM [RemoteSails.cpp:SendWithRetry:185] Successfully wrote 1052 bytes
[m[0;32;32m1970-01-04 05:09:20.105|I|1184141422|lpUCM [RemoteSails.cpp:HandleResponse:149] HandleResponse started, buffer size: 1048
[m[0;32;32m1970-01-04 05:09:20.105|I|1184141422|lpUCM [RemoteSails.cpp:HandleResponse:158] Successfully deserialized response, status: 0, result code: 0
[m[0;32;31m1970-01-04 05:09:20.105|E|1184141422|lpUCM [IpccProtoMessage.cpp:SerializeParams:112] m_offset, 676864
[m[1;33m1970-01-04 05:09:20.105|W|1184141422|lpUCM [RemoteSails.cpp:SendWithRetry:185] Successfully wrote 1052 bytes
[m[0;32;32m1970-01-04 05:09:20.108|I|1184141422|lpUCM [RemoteSails.cpp:HandleResponse:149] HandleResponse started, buffer size: 1048
[m[0;32;32m1970-01-04 05:09:20.108|I|1184141422|lpUCM [RemoteSails.cpp:HandleResponse:158] Successfully deserialized response, status: 0, result code: 0
[m[0;32;31m1970-01-04 05:09:20.108|E|1184141422|lpUCM [IpccProtoMessage.cpp:SerializeParams:112] m_offset, 677888
[m[1;33m1970-01-04 05:09:20.108|W|1184141422|lpUCM [RemoteSails.cpp:SendWithRetry:185] Successfully wrote 1052 bytes
[m[0;32;32m1970-01-04 05:09:20.115|I|1184141422|lpUCM [RemoteSails.cpp:HandleResponse:149] HandleResponse started, buffer size: 1048
[m[0;32;32m1970-01-04 05:09:20.115|I|1184141422|lpUCM [RemoteSails.cpp:HandleResponse:158] Successfully deserialized response, status: 0, result code: 0
[m[0;32;31m1970-01-04 05:09:20.115|E|1184141422|lpUCM [IpccProtoMessage.cpp:SerializeParams:112] m_offset, 678912
[m[1;33m1970-01-04 05:09:20.115|W|1184141422|lpUCM [RemoteSails.cpp:SendWithRetry:185] Successfully wrote 1052 bytes
[m[0;32;32m1970-01-04 05:09:20.118|I|1184141422|lpUCM [RemoteSails.cpp:HandleResponse:149] HandleResponse started, buffer size: 1048
[m[0;32;32m1970-01-04 05:09:20.118|I|1184141422|lpUCM [RemoteSails.cpp:HandleResponse:158] Successfully deserialized response, status: 0, result code: 0
[m[0;32;31m1970-01-04 05:09:20.118|E|1184141422|lpUCM [IpccProtoMessage.cpp:SerializeParams:112] m_offset, 679936
[m[1;33m1970-01-04 05:09:20.118|W|1184141422|lpUCM [RemoteSails.cpp:SendWithRetry:185] Successfully wrote 1052 bytes
[m[0;32;32m1970-01-04 05:09:20.150|I|1184141422|lpUCM [RemoteSails.cpp:HandleResponse:149] HandleResponse started, buffer size: 1048
[m[0;32;32m1970-01-04 05:09:20.150|I|1184141422|lpUCM [RemoteSails.cpp:HandleResponse:158] Successfully deserialized response, status: 0, result code: 0
[m[0;32;31m1970-01-04 05:09:20.150|E|1184141422|lpUCM [IpccProtoMessage.cpp:SerializeParams:112] m_offset, 680960
[m[1;33m1970-01-04 05:09:20.150|W|1184141422|lpUCM [RemoteSails.cpp:SendWithRetry:185] Successfully wrote 1052 bytes
[m[0;32;32m1970-01-04 05:09:20.154|I|1184141422|lpUCM [RemoteSails.cpp:HandleResponse:149] HandleResponse started, buffer size: 1048
[m[0;32;32m1970-01-04 05:09:20.154|I|1184141422|lpUCM [RemoteSails.cpp:HandleResponse:158] Successfully deserialized response, status: 0, result code: 0
[m[0;32;31m1970-01-04 05:09:20.154|E|1184141422|lpUCM [IpccProtoMessage.cpp:SerializeParams:112] m_offset, 681984
[m[1;33m1970-01-04 05:09:20.154|W|1184141422|lpUCM [RemoteSails.cpp:SendWithRetry:185] Successfully wrote 1052 bytes
[m[0;32;32m1970-01-04 05:09:20.157|I|1184141422|lpUCM [RemoteSails.cpp:HandleResponse:149] HandleResponse started, buffer size: 1048
[m[0;32;32m1970-01-04 05:09:20.157|I|1184141422|lpUCM [RemoteSails.cpp:HandleResponse:158] Successfully deserialized response, status: 0, result code: 0
[m[0;32;31m1970-01-04 05:09:20.157|E|1184141422|lpUCM [IpccProtoMessage.cpp:SerializeParams:112] m_offset, 683008
[m[1;33m1970-01-04 05:09:20.157|W|1184141422|lpUCM [RemoteSails.cpp:SendWithRetry:185] Successfully wrote 1052 bytes
[m[0;32;32m1970-01-04 05:09:20.161|I|1184141422|lpUCM [RemoteSails.cpp:HandleResponse:149] HandleResponse started, buffer size: 1048
[m[0;32;32m1970-01-04 05:09:20.161|I|1184141422|lpUCM [RemoteSails.cpp:HandleResponse:158] Successfully deserialized response, status: 0, result code: 0
[m[0;32;31m1970-01-04 05:09:20.161|E|1184141422|lpUCM [IpccProtoMessage.cpp:SerializeParams:112] m_offset, 684032
[m[1;33m1970-01-04 05:09:20.161|W|1184141422|lpUCM [RemoteSails.cpp:SendWithRetry:185] Successfully wrote 1052 bytes
[m[0;32;32m1970-01-04 05:09:20.192|I|1184141422|lpUCM [RemoteSails.cpp:HandleResponse:149] HandleResponse started, buffer size: 1048
[m[0;32;32m1970-01-04 05:09:20.192|I|1184141422|lpUCM [RemoteSails.cpp:HandleResponse:158] Successfully deserialized response, status: 0, result code: 0
[m[0;32;31m1970-01-04 05:09:20.192|E|1184141422|lpUCM [IpccProtoMessage.cpp:SerializeParams:112] m_offset, 685056
[m[1;33m1970-01-04 05:09:20.192|W|1184141422|lpUCM [RemoteSails.cpp:SendWithRetry:185] Successfully wrote 1052 bytes
[m[0;32;32m1970-01-04 05:09:20.195|I|1184141422|lpUCM [RemoteSails.cpp:HandleResponse:149] HandleResponse started, buffer size: 1048
[m[0;32;32m1970-01-04 05:09:20.195|I|1184141422|lpUCM [RemoteSails.cpp:HandleResponse:158] Successfully deserialized response, status: 0, result code: 0
[m[0;32;31m1970-01-04 05:09:20.195|E|1184141422|lpUCM [IpccProtoMessage.cpp:SerializeParams:112] m_offset, 686080
[m[1;33m1970-01-04 05:09:20.195|W|1184141422|lpUCM [RemoteSails.cpp:SendWithRetry:185] Successfully wrote 1052 bytes
[m[0;32;32m1970-01-04 05:09:20.198|I|1184141422|lpUCM [RemoteSails.cpp:HandleResponse:149] HandleResponse started, buffer size: 1048
[m[0;32;32m1970-01-04 05:09:20.198|I|1184141422|lpUCM [RemoteSails.cpp:HandleResponse:158] Successfully deserialized response, status: 0, result code: 0
[m[0;32;31m1970-01-04 05:09:20.198|E|1184141422|lpUCM [IpccProtoMessage.cpp:SerializeParams:112] m_offset, 687104
[m[1;33m1970-01-04 05:09:20.198|W|1184141422|lpUCM [RemoteSails.cpp:SendWithRetry:185] Successfully wrote 1052 bytes
[m[0;32;32m1970-01-04 05:09:20.204|I|1184141422|lpUCM [RemoteSails.cpp:HandleResponse:149] HandleResponse started, buffer size: 1048
[m[0;32;32m1970-01-04 05:09:20.204|I|1184141422|lpUCM [RemoteSails.cpp:HandleResponse:158] Successfully deserialized response, status: 0, result code: 0
[m[0;32;32m1970-01-04 05:09:20.204|I|1184141422|lpUCM [RemoteSails.cpp:SailWriteData:272] All data already trans size 16384
[m[0;32;32m1970-01-04 05:09:20.204|I|1184141422|lpUCM [fds.cpp:FDS_OnLocalUpgProgress:248] total: 23, curr:22, percent:55, rop:93%
[m[0;32;32m1970-01-04 05:09:20.204|I|1184141422|lpUCM [RemoteSails.cpp:SailWriteData:254] total data is 16384
[m[0;32;31m1970-01-04 05:09:20.204|E|1184141422|lpUCM [IpccProtoMessage.cpp:SerializeParams:112] m_offset, 688128
[m[1;33m1970-01-04 05:09:20.204|W|1184141422|lpUCM [RemoteSails.cpp:SendWithRetry:185] Successfully wrote 1052 bytes
[m[0;32;32m1970-01-04 05:09:20.235|I|1184141422|lpUCM [RemoteSails.cpp:HandleResponse:149] HandleResponse started, buffer size: 1048
[m[0;32;32m1970-01-04 05:09:20.235|I|1184141422|lpUCM [RemoteSails.cpp:HandleResponse:158] Successfully deserialized response, status: 0, result code: 0
[m[0;32;31m1970-01-04 05:09:20.235|E|1184141422|lpUCM [IpccProtoMessage.cpp:SerializeParams:112] m_offset, 689152
[m[1;33m1970-01-04 05:09:20.235|W|1184141422|lpUCM [RemoteSails.cpp:SendWithRetry:185] Successfully wrote 1052 bytes
[m[0;32;32m1970-01-04 05:09:20.238|I|1184141422|lpUCM [RemoteSails.cpp:HandleResponse:149] HandleResponse started, buffer size: 1048
[m[0;32;32m1970-01-04 05:09:20.238|I|1184141422|lpUCM [RemoteSails.cpp:HandleResponse:158] Successfully deserialized response, status: 0, result code: 0
[m[0;32;31m1970-01-04 05:09:20.238|E|1184141422|lpUCM [IpccProtoMessage.cpp:SerializeParams:112] m_offset, 690176
[m[1;33m1970-01-04 05:09:20.238|W|1184141422|lpUCM [RemoteSails.cpp:SendWithRetry:185] Successfully wrote 1052 bytes
[m[0;32;32m1970-01-04 05:09:20.242|I|1184141422|lpUCM [RemoteSails.cpp:HandleResponse:149] HandleResponse started, buffer size: 1048
[m[0;32;32m1970-01-04 05:09:20.242|I|1184141422|lpUCM [RemoteSails.cpp:HandleResponse:158] Successfully deserialized response, status: 0, result code: 0
[m[0;32;31m1970-01-04 05:09:20.242|E|1184141422|lpUCM [IpccProtoMessage.cpp:SerializeParams:112] m_offset, 691200
[m[1;33m1970-01-04 05:09:20.242|W|1184141422|lpUCM [RemoteSails.cpp:SendWithRetry:185] Successfully wrote 1052 bytes
[m[0;32;32m1970-01-04 05:09:20.245|I|1184141422|lpUCM [RemoteSails.cpp:HandleResponse:149] HandleResponse started, buffer size: 1048
[m[0;32;32m1970-01-04 05:09:20.245|I|1184141422|lpUCM [RemoteSails.cpp:HandleResponse:158] Successfully deserialized response, status: 0, result code: 0
[m[0;32;31m1970-01-04 05:09:20.245|E|1184141422|lpUCM [IpccProtoMessage.cpp:SerializeParams:112] m_offset, 692224
[m[1;33m1970-01-04 05:09:20.245|W|1184141422|lpUCM [RemoteSails.cpp:SendWithRetry:185] Successfully wrote 1052 bytes
[m[0;32;32m1970-01-04 05:09:20.277|I|1184141422|lpUCM [RemoteSails.cpp:HandleResponse:149] HandleResponse started, buffer size: 1048
[m[0;32;32m1970-01-04 05:09:20.277|I|1184141422|lpUCM [RemoteSails.cpp:HandleResponse:158] Successfully deserialized response, status: 0, result code: 0
[m[0;32;31m1970-01-04 05:09:20.277|E|1184141422|lpUCM [IpccProtoMessage.cpp:SerializeParams:112] m_offset, 693248
[m[1;33m1970-01-04 05:09:20.277|W|1184141422|lpUCM [RemoteSails.cpp:SendWithRetry:185] Successfully wrote 1052 bytes
[m[0;32;32m1970-01-04 05:09:20.280|I|1184141422|lpUCM [RemoteSails.cpp:HandleResponse:149] HandleResponse started, buffer size: 1048
[m[0;32;32m1970-01-04 05:09:20.280|I|1184141422|lpUCM [RemoteSails.cpp:HandleResponse:158] Successfully deserialized response, status: 0, result code: 0
[m[0;32;31m1970-01-04 05:09:20.280|E|1184141422|lpUCM [IpccProtoMessage.cpp:SerializeParams:112] m_offset, 694272
[m[1;33m1970-01-04 05:09:20.280|W|1184141422|lpUCM [RemoteSails.cpp:SendWithRetry:185] Successfully wrote 1052 bytes
[m[0;32;32m1970-01-04 05:09:20.284|I|1184141422|lpUCM [RemoteSails.cpp:HandleResponse:149] HandleResponse started, buffer size: 1048
[m[0;32;32m1970-01-04 05:09:20.284|I|1184141422|lpUCM [RemoteSails.cpp:HandleResponse:158] Successfully deserialized response, status: 0, result code: 0
[m[0;32;31m1970-01-04 05:09:20.284|E|1184141422|lpUCM [IpccProtoMessage.cpp:SerializeParams:112] m_offset, 695296
[m[1;33m1970-01-04 05:09:20.284|W|1184141422|lpUCM [RemoteSails.cpp:SendWithRetry:185] Successfully wrote 1052 bytes
[m[0;32;32m1970-01-04 05:09:20.288|I|1184141422|lpUCM [RemoteSails.cpp:HandleResponse:149] HandleResponse started, buffer size: 1048
[m[0;32;32m1970-01-04 05:09:20.288|I|1184141422|lpUCM [RemoteSails.cpp:HandleResponse:158] Successfully deserialized response, status: 0, result code: 0
[m[0;32;31m1970-01-04 05:09:20.288|E|1184141422|lpUCM [IpccProtoMessage.cpp:SerializeParams:112] m_offset, 696320
[m[1;33m1970-01-04 05:09:20.288|W|1184141422|lpUCM [RemoteSails.cpp:SendWithRetry:185] Successfully wrote 1052 bytes
[m[0;32;32m1970-01-04 05:09:20.321|I|1184141422|lpUCM [RemoteSails.cpp:HandleResponse:149] HandleResponse started, buffer size: 1048
[m[0;32;32m1970-01-04 05:09:20.321|I|1184141422|lpUCM [RemoteSails.cpp:HandleResponse:158] Successfully deserialized response, status: 0, result code: 0
[m[0;32;31m1970-01-04 05:09:20.321|E|1184141422|lpUCM [IpccProtoMessage.cpp:SerializeParams:112] m_offset, 697344
[m[1;33m1970-01-04 05:09:20.321|W|1184141422|lpUCM [RemoteSails.cpp:SendWithRetry:185] Successfully wrote 1052 bytes
[m[0;32;32m1970-01-04 05:09:20.325|I|1184141422|lpUCM [RemoteSails.cpp:HandleResponse:149] HandleResponse started, buffer size: 1048
[m[0;32;32m1970-01-04 05:09:20.325|I|1184141422|lpUCM [RemoteSails.cpp:HandleResponse:158] Successfully deserialized response, status: 0, result code: 0
[m[0;32;31m1970-01-04 05:09:20.325|E|1184141422|lpUCM [IpccProtoMessage.cpp:SerializeParams:112] m_offset, 698368
[m[1;33m1970-01-04 05:09:20.325|W|1184141422|lpUCM [RemoteSails.cpp:SendWithRetry:185] Successfully wrote 1052 bytes
[m[0;32;32m1970-01-04 05:09:20.329|I|1184141422|lpUCM [RemoteSails.cpp:HandleResponse:149] HandleResponse started, buffer size: 1048
[m[0;32;32m1970-01-04 05:09:20.329|I|1184141422|lpUCM [RemoteSails.cpp:HandleResponse:158] Successfully deserialized response, status: 0, result code: 0
[m[0;32;31m1970-01-04 05:09:20.329|E|1184141422|lpUCM [IpccProtoMessage.cpp:SerializeParams:112] m_offset, 699392
[m[1;33m1970-01-04 05:09:20.329|W|1184141422|lpUCM [RemoteSails.cpp:SendWithRetry:185] Successfully wrote 1052 bytes
[m[0;32;32m1970-01-04 05:09:20.336|I|1184141422|lpUCM [RemoteSails.cpp:HandleResponse:149] HandleResponse started, buffer size: 1048
[m[0;32;32m1970-01-04 05:09:20.336|I|1184141422|lpUCM [RemoteSails.cpp:HandleResponse:158] Successfully deserialized response, status: 0, result code: 0
[m[0;32;31m1970-01-04 05:09:20.336|E|1184141422|lpUCM [IpccProtoMessage.cpp:SerializeParams:112] m_offset, 700416
[m[1;33m1970-01-04 05:09:20.336|W|1184141422|lpUCM [RemoteSails.cpp:SendWithRetry:185] Successfully wrote 1052 bytes
[m[0;32;32m1970-01-04 05:09:20.373|I|1184141422|lpUCM [RemoteSails.cpp:HandleResponse:149] HandleResponse started, buffer size: 1048
[m[0;32;32m1970-01-04 05:09:20.373|I|1184141422|lpUCM [RemoteSails.cpp:HandleResponse:158] Successfully deserialized response, status: 0, result code: 0
[m[0;32;31m1970-01-04 05:09:20.373|E|1184141422|lpUCM [IpccProtoMessage.cpp:SerializeParams:112] m_offset, 701440
[m[1;33m1970-01-04 05:09:20.373|W|1184141422|lpUCM [RemoteSails.cpp:SendWithRetry:185] Successfully wrote 1052 bytes
[m[0;32;32m1970-01-04 05:09:20.376|I|1184141422|lpUCM [RemoteSails.cpp:HandleResponse:149] HandleResponse started, buffer size: 1048
[m[0;32;32m1970-01-04 05:09:20.376|I|1184141422|lpUCM [RemoteSails.cpp:HandleResponse:158] Successfully deserialized response, status: 0, result code: 0
[m[0;32;31m1970-01-04 05:09:20.376|E|1184141422|lpUCM [IpccProtoMessage.cpp:SerializeParams:112] m_offset, 702464
[m[1;33m1970-01-04 05:09:20.376|W|1184141422|lpUCM [RemoteSails.cpp:SendWithRetry:185] Successfully wrote 1052 bytes
[m[0;32;32m1970-01-04 05:09:20.379|I|1184141422|lpUCM [RemoteSails.cpp:HandleResponse:149] HandleResponse started, buffer size: 1048
[m[0;32;32m1970-01-04 05:09:20.379|I|1184141422|lpUCM [RemoteSails.cpp:HandleResponse:158] Successfully deserialized response, status: 0, result code: 0
[m[0;32;31m1970-01-04 05:09:20.379|E|1184141422|lpUCM [IpccProtoMessage.cpp:SerializeParams:112] m_offset, 703488
[m[1;33m1970-01-04 05:09:20.379|W|1184141422|lpUCM [RemoteSails.cpp:SendWithRetry:185] Successfully wrote 1052 bytes
[m[0;32;32m1970-01-04 05:09:20.385|I|1184141422|lpUCM [RemoteSails.cpp:HandleResponse:149] HandleResponse started, buffer size: 1048
[m[0;32;32m1970-01-04 05:09:20.385|I|1184141422|lpUCM [RemoteSails.cpp:HandleResponse:158] Successfully deserialized response, status: 0, result code: 0
[m[0;32;32m1970-01-04 05:09:20.385|I|1184141422|lpUCM [RemoteSails.cpp:SailWriteData:272] All data already trans size 16384
[m[0;32;32m1970-01-04 05:09:20.385|I|1184141422|lpUCM [fds.cpp:FDS_OnLocalUpgProgress:248] total: 23, curr:22, percent:56, rop:93%
[m[0;32;32m1970-01-04 05:09:20.385|I|1184141422|lpUCM [RemoteSails.cpp:SailWriteData:254] total data is 16384
[m[0;32;31m1970-01-04 05:09:20.385|E|1184141422|lpUCM [IpccProtoMessage.cpp:SerializeParams:112] m_offset, 704512
[m[1;33m1970-01-04 05:09:20.385|W|1184141422|lpUCM [RemoteSails.cpp:SendWithRetry:185] Successfully wrote 1052 bytes
[m[0;32;32m1970-01-04 05:09:20.418|I|1184141422|lpUCM [RemoteSails.cpp:HandleResponse:149] HandleResponse started, buffer size: 1048
[m[0;32;32m1970-01-04 05:09:20.418|I|1184141422|lpUCM [RemoteSails.cpp:HandleResponse:158] Successfully deserialized response, status: 0, result code: 0
[m[0;32;31m1970-01-04 05:09:20.418|E|1184141422|lpUCM [IpccProtoMessage.cpp:SerializeParams:112] m_offset, 705536
[m[1;33m1970-01-04 05:09:20.418|W|1184141422|lpUCM [RemoteSails.cpp:SendWithRetry:185] Successfully wrote 1052 bytes
[m[0;32;32m1970-01-04 05:09:20.424|I|1184141422|lpUCM [RemoteSails.cpp:HandleResponse:149] HandleResponse started, buffer size: 1048
[m[0;32;32m1970-01-04 05:09:20.424|I|1184141422|lpUCM [RemoteSails.cpp:HandleResponse:158] Successfully deserialized response, status: 0, result code: 0
[m[0;32;31m1970-01-04 05:09:20.424|E|1184141422|lpUCM [IpccProtoMessage.cpp:SerializeParams:112] m_offset, 706560
[m[1;33m1970-01-04 05:09:20.424|W|1184141422|lpUCM [RemoteSails.cpp:SendWithRetry:185] Successfully wrote 1052 bytes
[m[0;32;32m1970-01-04 05:09:20.427|I|1184141422|lpUCM [RemoteSails.cpp:HandleResponse:149] HandleResponse started, buffer size: 1048
[m[0;32;32m1970-01-04 05:09:20.427|I|1184141422|lpUCM [RemoteSails.cpp:HandleResponse:158] Successfully deserialized response, status: 0, result code: 0
[m[0;32;31m1970-01-04 05:09:20.427|E|1184141422|lpUCM [IpccProtoMessage.cpp:SerializeParams:112] m_offset, 707584
[m[1;33m1970-01-04 05:09:20.427|W|1184141422|lpUCM [RemoteSails.cpp:SendWithRetry:185] Successfully wrote 1052 bytes
[m[0;32;32m1970-01-04 05:09:20.430|I|1184141422|lpUCM [RemoteSails.cpp:HandleResponse:149] HandleResponse started, buffer size: 1048
[m[0;32;32m1970-01-04 05:09:20.430|I|1184141422|lpUCM [RemoteSails.cpp:HandleResponse:158] Successfully deserialized response, status: 0, result code: 0
[m[0;32;31m1970-01-04 05:09:20.430|E|1184141422|lpUCM [IpccProtoMessage.cpp:SerializeParams:112] m_offset, 708608
[m[1;33m1970-01-04 05:09:20.430|W|1184141422|lpUCM [RemoteSails.cpp:SendWithRetry:185] Successfully wrote 1052 bytes
[m[0;32;32m1970-01-04 05:09:20.463|I|1184141422|lpUCM [RemoteSails.cpp:HandleResponse:149] HandleResponse started, buffer size: 1048
[m[0;32;32m1970-01-04 05:09:20.463|I|1184141422|lpUCM [RemoteSails.cpp:HandleResponse:158] Successfully deserialized response, status: 0, result code: 0
[m[0;32;31m1970-01-04 05:09:20.463|E|1184141422|lpUCM [IpccProtoMessage.cpp:SerializeParams:112] m_offset, 709632
[m[1;33m1970-01-04 05:09:20.463|W|1184141422|lpUCM [RemoteSails.cpp:SendWithRetry:185] Successfully wrote 1052 bytes
[m[0;32;32m1970-01-04 05:09:20.466|I|1184141422|lpUCM [RemoteSails.cpp:HandleResponse:149] HandleResponse started, buffer size: 1048
[m[0;32;32m1970-01-04 05:09:20.466|I|1184141422|lpUCM [RemoteSails.cpp:HandleResponse:158] Successfully deserialized response, status: 0, result code: 0
[m[0;32;31m1970-01-04 05:09:20.466|E|1184141422|lpUCM [IpccProtoMessage.cpp:SerializeParams:112] m_offset, 710656
[m[1;33m1970-01-04 05:09:20.466|W|1184141422|lpUCM [RemoteSails.cpp:SendWithRetry:185] Successfully wrote 1052 bytes
[m[0;32;32m1970-01-04 05:09:20.470|I|1184141422|lpUCM [RemoteSails.cpp:HandleResponse:149] HandleResponse started, buffer size: 1048
[m[0;32;32m1970-01-04 05:09:20.470|I|1184141422|lpUCM [RemoteSails.cpp:HandleResponse:158] Successfully deserialized response, status: 0, result code: 0
[m[0;32;31m1970-01-04 05:09:20.470|E|1184141422|lpUCM [IpccProtoMessage.cpp:SerializeParams:112] m_offset, 711680
[m[1;33m1970-01-04 05:09:20.470|W|1184141422|lpUCM [RemoteSails.cpp:SendWithRetry:185] Successfully wrote 1052 bytes
[m[0;32;32m1970-01-04 05:09:20.473|I|1184141422|lpUCM [RemoteSails.cpp:HandleResponse:149] HandleResponse started, buffer size: 1048
[m[0;32;32m1970-01-04 05:09:20.473|I|1184141422|lpUCM [RemoteSails.cpp:HandleResponse:158] Successfully deserialized response, status: 0, result code: 0
[m[0;32;31m1970-01-04 05:09:20.473|E|1184141422|lpUCM [IpccProtoMessage.cpp:SerializeParams:112] m_offset, 712704
[m[1;33m1970-01-04 05:09:20.473|W|1184141422|lpUCM [RemoteSails.cpp:SendWithRetry:185] Successfully wrote 1052 bytes
[m[0;32;32m1970-01-04 05:09:20.507|I|1184141422|lpUCM [RemoteSails.cpp:HandleResponse:149] HandleResponse started, buffer size: 1048
[m[0;32;32m1970-01-04 05:09:20.507|I|1184141422|lpUCM [RemoteSails.cpp:HandleResponse:158] Successfully deserialized response, status: 0, result code: 0
[m[0;32;31m1970-01-04 05:09:20.507|E|1184141422|lpUCM [IpccProtoMessage.cpp:SerializeParams:112] m_offset, 713728
[m[1;33m1970-01-04 05:09:20.507|W|1184141422|lpUCM [RemoteSails.cpp:SendWithRetry:185] Successfully wrote 1052 bytes
[m[0;32;32m1970-01-04 05:09:20.514|I|1184141422|lpUCM [RemoteSails.cpp:HandleResponse:149] HandleResponse started, buffer size: 1048
[m[0;32;32m1970-01-04 05:09:20.514|I|1184141422|lpUCM [RemoteSails.cpp:HandleResponse:158] Successfully deserialized response, status: 0, result code: 0
[m[0;32;31m1970-01-04 05:09:20.514|E|1184141422|lpUCM [IpccProtoMessage.cpp:SerializeParams:112] m_offset, 714752
[m[1;33m1970-01-04 05:09:20.514|W|1184141422|lpUCM [RemoteSails.cpp:SendWithRetry:185] Successfully wrote 1052 bytes
[m[0;32;32m1970-01-04 05:09:20.517|I|1184141422|lpUCM [RemoteSails.cpp:HandleResponse:149] HandleResponse started, buffer size: 1048
[m[0;32;32m1970-01-04 05:09:20.517|I|1184141422|lpUCM [RemoteSails.cpp:HandleResponse:158] Successfully deserialized response, status: 0, result code: 0
[m[0;32;31m1970-01-04 05:09:20.517|E|1184141422|lpUCM [IpccProtoMessage.cpp:SerializeParams:112] m_offset, 715776
[m[1;33m1970-01-04 05:09:20.517|W|1184141422|lpUCM [RemoteSails.cpp:SendWithRetry:185] Successfully wrote 1052 bytes
[m[0;32;32m1970-01-04 05:09:20.520|I|1184141422|lpUCM [RemoteSails.cpp:HandleResponse:149] HandleResponse started, buffer size: 1048
[m[0;32;32m1970-01-04 05:09:20.520|I|1184141422|lpUCM [RemoteSails.cpp:HandleResponse:158] Successfully deserialized response, status: 0, result code: 0
[m[0;32;31m1970-01-04 05:09:20.520|E|1184141422|lpUCM [IpccProtoMessage.cpp:SerializeParams:112] m_offset, 716800
[m[1;33m1970-01-04 05:09:20.520|W|1184141422|lpUCM [RemoteSails.cpp:SendWithRetry:185] Successfully wrote 1052 bytes
[m[0;32;32m1970-01-04 05:09:20.553|I|1184141422|lpUCM [RemoteSails.cpp:HandleResponse:149] HandleResponse started, buffer size: 1048
[m[0;32;32m1970-01-04 05:09:20.553|I|1184141422|lpUCM [RemoteSails.cpp:HandleResponse:158] Successfully deserialized response, status: 0, result code: 0
[m[0;32;31m1970-01-04 05:09:20.553|E|1184141422|lpUCM [IpccProtoMessage.cpp:SerializeParams:112] m_offset, 717824
[m[1;33m1970-01-04 05:09:20.553|W|1184141422|lpUCM [RemoteSails.cpp:SendWithRetry:185] Successfully wrote 1052 bytes
[m[0;32;32m1970-01-04 05:09:20.557|I|1184141422|lpUCM [RemoteSails.cpp:HandleResponse:149] HandleResponse started, buffer size: 1048
[m[0;32;32m1970-01-04 05:09:20.557|I|1184141422|lpUCM [RemoteSails.cpp:HandleResponse:158] Successfully deserialized response, status: 0, result code: 0
[m[0;32;31m1970-01-04 05:09:20.557|E|1184141422|lpUCM [IpccProtoMessage.cpp:SerializeParams:112] m_offset, 718848
[m[1;33m1970-01-04 05:09:20.557|W|1184141422|lpUCM [RemoteSails.cpp:SendWithRetry:185] Successfully wrote 1052 bytes
[m[0;32;32m1970-01-04 05:09:20.560|I|1184141422|lpUCM [RemoteSails.cpp:HandleResponse:149] HandleResponse started, buffer size: 1048
[m[0;32;32m1970-01-04 05:09:20.560|I|1184141422|lpUCM [RemoteSails.cpp:HandleResponse:158] Successfully deserialized response, status: 0, result code: 0
[m[0;32;31m1970-01-04 05:09:20.560|E|1184141422|lpUCM [IpccProtoMessage.cpp:SerializeParams:112] m_offset, 719872
[m[1;33m1970-01-04 05:09:20.560|W|1184141422|lpUCM [RemoteSails.cpp:SendWithRetry:185] Successfully wrote 1052 bytes
[m[0;32;32m1970-01-04 05:09:20.564|I|1184141422|lpUCM [RemoteSails.cpp:HandleResponse:149] HandleResponse started, buffer size: 1048
[m[0;32;32m1970-01-04 05:09:20.564|I|1184141422|lpUCM [RemoteSails.cpp:HandleResponse:158] Successfully deserialized response, status: 0, result code: 0
[m[0;32;32m1970-01-04 05:09:20.564|I|1184141422|lpUCM [RemoteSails.cpp:SailWriteData:272] All data already trans size 16384
[m[0;32;32m1970-01-04 05:09:20.564|I|1184141422|lpUCM [fds.cpp:FDS_OnLocalUpgProgress:248] total: 23, curr:22, percent:57, rop:93%
[m[0;32;32m1970-01-04 05:09:20.564|I|1184141422|lpUCM [RemoteSails.cpp:SailWriteData:254] total data is 16384
[m[0;32;31m1970-01-04 05:09:20.564|E|1184141422|lpUCM [IpccProtoMessage.cpp:SerializeParams:112] m_offset, 720896
[m[1;33m1970-01-04 05:09:20.564|W|1184141422|lpUCM [RemoteSails.cpp:SendWithRetry:185] Successfully wrote 1052 bytes
[m[0;32;32m1970-01-04 05:09:20.597|I|1184141422|lpUCM [RemoteSails.cpp:HandleResponse:149] HandleResponse started, buffer size: 1048
[m[0;32;32m1970-01-04 05:09:20.597|I|1184141422|lpUCM [RemoteSails.cpp:HandleResponse:158] Successfully deserialized response, status: 0, result code: 0
[m[0;32;31m1970-01-04 05:09:20.597|E|1184141422|lpUCM [IpccProtoMessage.cpp:SerializeParams:112] m_offset, 721920
[m[1;33m1970-01-04 05:09:20.597|W|1184141422|lpUCM [RemoteSails.cpp:SendWithRetry:185] Successfully wrote 1052 bytes
[m[0;32;32m1970-01-04 05:09:20.600|I|1184141422|lpUCM [RemoteSails.cpp:HandleResponse:149] HandleResponse started, buffer size: 1048
[m[0;32;32m1970-01-04 05:09:20.600|I|1184141422|lpUCM [RemoteSails.cpp:HandleResponse:158] Successfully deserialized response, status: 0, result code: 0
[m[0;32;31m1970-01-04 05:09:20.600|E|1184141422|lpUCM [IpccProtoMessage.cpp:SerializeParams:112] m_offset, 722944
[m[1;33m1970-01-04 05:09:20.600|W|1184141422|lpUCM [RemoteSails.cpp:SendWithRetry:185] Successfully wrote 1052 bytes
[m[0;32;32m1970-01-04 05:09:20.603|I|1184141422|lpUCM [RemoteSails.cpp:HandleResponse:149] HandleResponse started, buffer size: 1048
[m[0;32;32m1970-01-04 05:09:20.603|I|1184141422|lpUCM [RemoteSails.cpp:HandleResponse:158] Successfully deserialized response, status: 0, result code: 0
[m[0;32;31m1970-01-04 05:09:20.603|E|1184141422|lpUCM [IpccProtoMessage.cpp:SerializeParams:112] m_offset, 723968
[m[1;33m1970-01-04 05:09:20.603|W|1184141422|lpUCM [RemoteSails.cpp:SendWithRetry:185] Successfully wrote 1052 bytes
[m[0;32;32m1970-01-04 05:09:20.606|I|1184141422|lpUCM [RemoteSails.cpp:HandleResponse:149] HandleResponse started, buffer size: 1048
[m[0;32;32m1970-01-04 05:09:20.606|I|1184141422|lpUCM [RemoteSails.cpp:HandleResponse:158] Successfully deserialized response, status: 0, result code: 0
[m[0;32;31m1970-01-04 05:09:20.606|E|1184141422|lpUCM [IpccProtoMessage.cpp:SerializeParams:112] m_offset, 724992
[m[1;33m1970-01-04 05:09:20.606|W|1184141422|lpUCM [RemoteSails.cpp:SendWithRetry:185] Successfully wrote 1052 bytes
[m[0;32;32m1970-01-04 05:09:20.636|I|1184141422|lpUCM [RemoteSails.cpp:HandleResponse:149] HandleResponse started, buffer size: 1048
[m[0;32;32m1970-01-04 05:09:20.636|I|1184141422|lpUCM [RemoteSails.cpp:HandleResponse:158] Successfully deserialized response, status: 0, result code: 0
[m[0;32;31m1970-01-04 05:09:20.636|E|1184141422|lpUCM [IpccProtoMessage.cpp:SerializeParams:112] m_offset, 726016
[m[1;33m1970-01-04 05:09:20.636|W|1184141422|lpUCM [RemoteSails.cpp:SendWithRetry:185] Successfully wrote 1052 bytes
[m[0;32;32m1970-01-04 05:09:20.639|I|1184141422|lpUCM [RemoteSails.cpp:HandleResponse:149] HandleResponse started, buffer size: 1048
[m[0;32;32m1970-01-04 05:09:20.639|I|1184141422|lpUCM [RemoteSails.cpp:HandleResponse:158] Successfully deserialized response, status: 0, result code: 0
[m[0;32;31m1970-01-04 05:09:20.639|E|1184141422|lpUCM [IpccProtoMessage.cpp:SerializeParams:112] m_offset, 727040
[m[1;33m1970-01-04 05:09:20.639|W|1184141422|lpUCM [RemoteSails.cpp:SendWithRetry:185] Successfully wrote 1052 bytes
[m[0;32;32m1970-01-04 05:09:20.645|I|1184141422|lpUCM [RemoteSails.cpp:HandleResponse:149] HandleResponse started, buffer size: 1048
[m[0;32;32m1970-01-04 05:09:20.645|I|1184141422|lpUCM [RemoteSails.cpp:HandleResponse:158] Successfully deserialized response, status: 0, result code: 0
[m[0;32;31m1970-01-04 05:09:20.645|E|1184141422|lpUCM [IpccProtoMessage.cpp:SerializeParams:112] m_offset, 728064
[m[1;33m1970-01-04 05:09:20.645|W|1184141422|lpUCM [RemoteSails.cpp:SendWithRetry:185] Successfully wrote 1052 bytes
[m[0;32;32m1970-01-04 05:09:20.648|I|1184141422|lpUCM [RemoteSails.cpp:HandleResponse:149] HandleResponse started, buffer size: 1048
[m[0;32;32m1970-01-04 05:09:20.648|I|1184141422|lpUCM [RemoteSails.cpp:HandleResponse:158] Successfully deserialized response, status: 0, result code: 0
[m[0;32;31m1970-01-04 05:09:20.648|E|1184141422|lpUCM [IpccProtoMessage.cpp:SerializeParams:112] m_offset, 729088
[m[1;33m1970-01-04 05:09:20.648|W|1184141422|lpUCM [RemoteSails.cpp:SendWithRetry:185] Successfully wrote 1052 bytes
[m[0;32;32m1970-01-04 05:09:20.678|I|1184141422|lpUCM [RemoteSails.cpp:HandleResponse:149] HandleResponse started, buffer size: 1048
[m[0;32;32m1970-01-04 05:09:20.678|I|1184141422|lpUCM [RemoteSails.cpp:HandleResponse:158] Successfully deserialized response, status: 0, result code: 0
[m[0;32;31m1970-01-04 05:09:20.678|E|1184141422|lpUCM [IpccProtoMessage.cpp:SerializeParams:112] m_offset, 730112
[m[1;33m1970-01-04 05:09:20.678|W|1184141422|lpUCM [RemoteSails.cpp:SendWithRetry:185] Successfully wrote 1052 bytes
[m[0;32;32m1970-01-04 05:09:20.684|I|1184141422|lpUCM [RemoteSails.cpp:HandleResponse:149] HandleResponse started, buffer size: 1048
[m[0;32;32m1970-01-04 05:09:20.684|I|1184141422|lpUCM [RemoteSails.cpp:HandleResponse:158] Successfully deserialized response, status: 0, result code: 0
[m[0;32;31m1970-01-04 05:09:20.684|E|1184141422|lpUCM [IpccProtoMessage.cpp:SerializeParams:112] m_offset, 731136
[m[1;33m1970-01-04 05:09:20.684|W|1184141422|lpUCM [RemoteSails.cpp:SendWithRetry:185] Successfully wrote 1052 bytes
[m[0;32;32m1970-01-04 05:09:20.687|I|1184141422|lpUCM [RemoteSails.cpp:HandleResponse:149] HandleResponse started, buffer size: 1048
[m[0;32;32m1970-01-04 05:09:20.687|I|1184141422|lpUCM [RemoteSails.cpp:HandleResponse:158] Successfully deserialized response, status: 0, result code: 0
[m[0;32;31m1970-01-04 05:09:20.687|E|1184141422|lpUCM [IpccProtoMessage.cpp:SerializeParams:112] m_offset, 732160
[m[1;33m1970-01-04 05:09:20.687|W|1184141422|lpUCM [RemoteSails.cpp:SendWithRetry:185] Successfully wrote 1052 bytes
[m[0;32;32m1970-01-04 05:09:20.690|I|1184141422|lpUCM [RemoteSails.cpp:HandleResponse:149] HandleResponse started, buffer size: 1048
[m[0;32;32m1970-01-04 05:09:20.690|I|1184141422|lpUCM [RemoteSails.cpp:HandleResponse:158] Successfully deserialized response, status: 0, result code: 0
[m[0;32;31m1970-01-04 05:09:20.690|E|1184141422|lpUCM [IpccProtoMessage.cpp:SerializeParams:112] m_offset, 733184
[m[1;33m1970-01-04 05:09:20.690|W|1184141422|lpUCM [RemoteSails.cpp:SendWithRetry:185] Successfully wrote 1052 bytes
[m[0;32;32m1970-01-04 05:09:20.723|I|1184141422|lpUCM [RemoteSails.cpp:HandleResponse:149] HandleResponse started, buffer size: 1048
[m[0;32;32m1970-01-04 05:09:20.723|I|1184141422|lpUCM [RemoteSails.cpp:HandleResponse:158] Successfully deserialized response, status: 0, result code: 0
[m[0;32;31m1970-01-04 05:09:20.723|E|1184141422|lpUCM [IpccProtoMessage.cpp:SerializeParams:112] m_offset, 734208
[m[1;33m1970-01-04 05:09:20.723|W|1184141422|lpUCM [RemoteSails.cpp:SendWithRetry:185] Successfully wrote 1052 bytes
[m[0;32;32m1970-01-04 05:09:20.727|I|1184141422|lpUCM [RemoteSails.cpp:HandleResponse:149] HandleResponse started, buffer size: 1048
[m[0;32;32m1970-01-04 05:09:20.727|I|1184141422|lpUCM [RemoteSails.cpp:HandleResponse:158] Successfully deserialized response, status: 0, result code: 0
[m[0;32;31m1970-01-04 05:09:20.727|E|1184141422|lpUCM [IpccProtoMessage.cpp:SerializeParams:112] m_offset, 735232
[m[1;33m1970-01-04 05:09:20.727|W|1184141422|lpUCM [RemoteSails.cpp:SendWithRetry:185] Successfully wrote 1052 bytes
[m[0;32;32m1970-01-04 05:09:20.730|I|1184141422|lpUCM [RemoteSails.cpp:HandleResponse:149] HandleResponse started, buffer size: 1048
[m[0;32;32m1970-01-04 05:09:20.730|I|1184141422|lpUCM [RemoteSails.cpp:HandleResponse:158] Successfully deserialized response, status: 0, result code: 0
[m[0;32;31m1970-01-04 05:09:20.730|E|1184141422|lpUCM [IpccProtoMessage.cpp:SerializeParams:112] m_offset, 736256
[m[1;33m1970-01-04 05:09:20.730|W|1184141422|lpUCM [RemoteSails.cpp:SendWithRetry:185] Successfully wrote 1052 bytes
[m[0;32;32m1970-01-04 05:09:20.733|I|1184141422|lpUCM [RemoteSails.cpp:HandleResponse:149] HandleResponse started, buffer size: 1048
[m[0;32;32m1970-01-04 05:09:20.733|I|1184141422|lpUCM [RemoteSails.cpp:HandleResponse:158] Successfully deserialized response, status: 0, result code: 0
[m[0;32;32m1970-01-04 05:09:20.733|I|1184141422|lpUCM [RemoteSails.cpp:SailWriteData:272] All data already trans size 16384
[m[0;32;32m1970-01-04 05:09:20.733|I|1184141422|lpUCM [fds.cpp:FDS_OnLocalUpgProgress:248] total: 23, curr:22, percent:58, rop:93%
[m[0;32;32m1970-01-04 05:09:20.733|I|1184141422|lpUCM [RemoteSails.cpp:SailWriteData:254] total data is 16384
[m[0;32;31m1970-01-04 05:09:20.733|E|1184141422|lpUCM [IpccProtoMessage.cpp:SerializeParams:112] m_offset, 737280
[m[1;33m1970-01-04 05:09:20.733|W|1184141422|lpUCM [RemoteSails.cpp:SendWithRetry:185] Successfully wrote 1052 bytes
[m[0;32;32m1970-01-04 05:09:20.768|I|1184141422|lpUCM [RemoteSails.cpp:HandleResponse:149] HandleResponse started, buffer size: 1048
[m[0;32;32m1970-01-04 05:09:20.768|I|1184141422|lpUCM [RemoteSails.cpp:HandleResponse:158] Successfully deserialized response, status: 0, result code: 0
[m[0;32;31m1970-01-04 05:09:20.768|E|1184141422|lpUCM [IpccProtoMessage.cpp:SerializeParams:112] m_offset, 738304
[m[1;33m1970-01-04 05:09:20.768|W|1184141422|lpUCM [RemoteSails.cpp:SendWithRetry:185] Successfully wrote 1052 bytes
[m[0;32;32m1970-01-04 05:09:20.775|I|1184141422|lpUCM [RemoteSails.cpp:HandleResponse:149] HandleResponse started, buffer size: 1048
[m[0;32;32m1970-01-04 05:09:20.775|I|1184141422|lpUCM [RemoteSails.cpp:HandleResponse:158] Successfully deserialized response, status: 0, result code: 0
[m[0;32;31m1970-01-04 05:09:20.775|E|1184141422|lpUCM [IpccProtoMessage.cpp:SerializeParams:112] m_offset, 739328
[m[1;33m1970-01-04 05:09:20.775|W|1184141422|lpUCM [RemoteSails.cpp:SendWithRetry:185] Successfully wrote 1052 bytes
[m[0;32;32m1970-01-04 05:09:20.778|I|1184141422|lpUCM [RemoteSails.cpp:HandleResponse:149] HandleResponse started, buffer size: 1048
[m[0;32;32m1970-01-04 05:09:20.778|I|1184141422|lpUCM [RemoteSails.cpp:HandleResponse:158] Successfully deserialized response, status: 0, result code: 0
[m[0;32;31m1970-01-04 05:09:20.778|E|1184141422|lpUCM [IpccProtoMessage.cpp:SerializeParams:112] m_offset, 740352
[m[1;33m1970-01-04 05:09:20.778|W|1184141422|lpUCM [RemoteSails.cpp:SendWithRetry:185] Successfully wrote 1052 bytes
[m[0;32;32m1970-01-04 05:09:20.782|I|1184141422|lpUCM [RemoteSails.cpp:HandleResponse:149] HandleResponse started, buffer size: 1048
[m[0;32;32m1970-01-04 05:09:20.782|I|1184141422|lpUCM [RemoteSails.cpp:HandleResponse:158] Successfully deserialized response, status: 0, result code: 0
[m[0;32;31m1970-01-04 05:09:20.782|E|1184141422|lpUCM [IpccProtoMessage.cpp:SerializeParams:112] m_offset, 741376
[m[1;33m1970-01-04 05:09:20.782|W|1184141422|lpUCM [RemoteSails.cpp:SendWithRetry:185] Successfully wrote 1052 bytes
[m[0;32;32m1970-01-04 05:09:20.814|I|1184141422|lpUCM [RemoteSails.cpp:HandleResponse:149] HandleResponse started, buffer size: 1048
[m[0;32;32m1970-01-04 05:09:20.814|I|1184141422|lpUCM [RemoteSails.cpp:HandleResponse:158] Successfully deserialized response, status: 0, result code: 0
[m[0;32;31m1970-01-04 05:09:20.814|E|1184141422|lpUCM [IpccProtoMessage.cpp:SerializeParams:112] m_offset, 742400
[m[1;33m1970-01-04 05:09:20.814|W|1184141422|lpUCM [RemoteSails.cpp:SendWithRetry:185] Successfully wrote 1052 bytes
[m[0;32;32m1970-01-04 05:09:20.817|I|1184141422|lpUCM [RemoteSails.cpp:HandleResponse:149] HandleResponse started, buffer size: 1048
[m[0;32;32m1970-01-04 05:09:20.817|I|1184141422|lpUCM [RemoteSails.cpp:HandleResponse:158] Successfully deserialized response, status: 0, result code: 0
[m[0;32;31m1970-01-04 05:09:20.817|E|1184141422|lpUCM [IpccProtoMessage.cpp:SerializeParams:112] m_offset, 743424
[m[1;33m1970-01-04 05:09:20.817|W|1184141422|lpUCM [RemoteSails.cpp:SendWithRetry:185] Successfully wrote 1052 bytes
[m[0;32;32m1970-01-04 05:09:20.820|I|1184141422|lpUCM [RemoteSails.cpp:HandleResponse:149] HandleResponse started, buffer size: 1048
[m[0;32;32m1970-01-04 05:09:20.820|I|1184141422|lpUCM [RemoteSails.cpp:HandleResponse:158] Successfully deserialized response, status: 0, result code: 0
[m[0;32;31m1970-01-04 05:09:20.820|E|1184141422|lpUCM [IpccProtoMessage.cpp:SerializeParams:112] m_offset, 744448
[m[1;33m1970-01-04 05:09:20.820|W|1184141422|lpUCM [RemoteSails.cpp:SendWithRetry:185] Successfully wrote 1052 bytes
[m[0;32;32m1970-01-04 05:09:20.823|I|1184141422|lpUCM [RemoteSails.cpp:HandleResponse:149] HandleResponse started, buffer size: 1048
[m[0;32;32m1970-01-04 05:09:20.823|I|1184141422|lpUCM [RemoteSails.cpp:HandleResponse:158] Successfully deserialized response, status: 0, result code: 0
[m[0;32;31m1970-01-04 05:09:20.823|E|1184141422|lpUCM [IpccProtoMessage.cpp:SerializeParams:112] m_offset, 745472
[m[1;33m1970-01-04 05:09:20.823|W|1184141422|lpUCM [RemoteSails.cpp:SendWithRetry:185] Successfully wrote 1052 bytes
[m[0;32;32m1970-01-04 05:09:20.856|I|1184141422|lpUCM [RemoteSails.cpp:HandleResponse:149] HandleResponse started, buffer size: 1048
[m[0;32;32m1970-01-04 05:09:20.856|I|1184141422|lpUCM [RemoteSails.cpp:HandleResponse:158] Successfully deserialized response, status: 0, result code: 0
[m[0;32;31m1970-01-04 05:09:20.856|E|1184141422|lpUCM [IpccProtoMessage.cpp:SerializeParams:112] m_offset, 746496
[m[1;33m1970-01-04 05:09:20.856|W|1184141422|lpUCM [RemoteSails.cpp:SendWithRetry:185] Successfully wrote 1052 bytes
[m[0;32;32m1970-01-04 05:09:20.859|I|1184141422|lpUCM [RemoteSails.cpp:HandleResponse:149] HandleResponse started, buffer size: 1048
[m[0;32;32m1970-01-04 05:09:20.859|I|1184141422|lpUCM [RemoteSails.cpp:HandleResponse:158] Successfully deserialized response, status: 0, result code: 0
[m[0;32;31m1970-01-04 05:09:20.859|E|1184141422|lpUCM [IpccProtoMessage.cpp:SerializeParams:112] m_offset, 747520
[m[1;33m1970-01-04 05:09:20.859|W|1184141422|lpUCM [RemoteSails.cpp:SendWithRetry:185] Successfully wrote 1052 bytes
[m[0;32;32m1970-01-04 05:09:20.865|I|1184141422|lpUCM [RemoteSails.cpp:HandleResponse:149] HandleResponse started, buffer size: 1048
[m[0;32;32m1970-01-04 05:09:20.865|I|1184141422|lpUCM [RemoteSails.cpp:HandleResponse:158] Successfully deserialized response, status: 0, result code: 0
[m[0;32;31m1970-01-04 05:09:20.865|E|1184141422|lpUCM [IpccProtoMessage.cpp:SerializeParams:112] m_offset, 748544
[m[1;33m1970-01-04 05:09:20.865|W|1184141422|lpUCM [RemoteSails.cpp:SendWithRetry:185] Successfully wrote 1052 bytes
[m[0;32;32m1970-01-04 05:09:20.868|I|1184141422|lpUCM [RemoteSails.cpp:HandleResponse:149] HandleResponse started, buffer size: 1048
[m[0;32;32m1970-01-04 05:09:20.868|I|1184141422|lpUCM [RemoteSails.cpp:HandleResponse:158] Successfully deserialized response, status: 0, result code: 0
[m[0;32;31m1970-01-04 05:09:20.868|E|1184141422|lpUCM [IpccProtoMessage.cpp:SerializeParams:112] m_offset, 749568
[m[1;33m1970-01-04 05:09:20.868|W|1184141422|lpUCM [RemoteSails.cpp:SendWithRetry:185] Successfully wrote 1052 bytes
[m[0;32;32m1970-01-04 05:09:20.901|I|1184141422|lpUCM [RemoteSails.cpp:HandleResponse:149] HandleResponse started, buffer size: 1048
[m[0;32;32m1970-01-04 05:09:20.901|I|1184141422|lpUCM [RemoteSails.cpp:HandleResponse:158] Successfully deserialized response, status: 0, result code: 0
[m[0;32;31m1970-01-04 05:09:20.901|E|1184141422|lpUCM [IpccProtoMessage.cpp:SerializeParams:112] m_offset, 750592
[m[1;33m1970-01-04 05:09:20.901|W|1184141422|lpUCM [RemoteSails.cpp:SendWithRetry:185] Successfully wrote 1052 bytes
[m[0;32;32m1970-01-04 05:09:20.904|I|1184141422|lpUCM [RemoteSails.cpp:HandleResponse:149] HandleResponse started, buffer size: 1048
[m[0;32;32m1970-01-04 05:09:20.904|I|1184141422|lpUCM [RemoteSails.cpp:HandleResponse:158] Successfully deserialized response, status: 0, result code: 0
[m[0;32;31m1970-01-04 05:09:20.904|E|1184141422|lpUCM [IpccProtoMessage.cpp:SerializeParams:112] m_offset, 751616
[m[1;33m1970-01-04 05:09:20.904|W|1184141422|lpUCM [RemoteSails.cpp:SendWithRetry:185] Successfully wrote 1052 bytes
[m[0;32;32m1970-01-04 05:09:20.907|I|1184141422|lpUCM [RemoteSails.cpp:HandleResponse:149] HandleResponse started, buffer size: 1048
[m[0;32;32m1970-01-04 05:09:20.907|I|1184141422|lpUCM [RemoteSails.cpp:HandleResponse:158] Successfully deserialized response, status: 0, result code: 0
[m[0;32;31m1970-01-04 05:09:20.907|E|1184141422|lpUCM [IpccProtoMessage.cpp:SerializeParams:112] m_offset, 752640
[m[1;33m1970-01-04 05:09:20.907|W|1184141422|lpUCM [RemoteSails.cpp:SendWithRetry:185] Successfully wrote 1052 bytes
[m[0;32;32m1970-01-04 05:09:20.911|I|1184141422|lpUCM [RemoteSails.cpp:HandleResponse:149] HandleResponse started, buffer size: 1048
[m[0;32;32m1970-01-04 05:09:20.911|I|1184141422|lpUCM [RemoteSails.cpp:HandleResponse:158] Successfully deserialized response, status: 0, result code: 0
[m[0;32;32m1970-01-04 05:09:20.911|I|1184141422|lpUCM [RemoteSails.cpp:SailWriteData:272] All data already trans size 16384
[m[0;32;32m1970-01-04 05:09:20.911|I|1184141422|lpUCM [fds.cpp:FDS_OnLocalUpgProgress:248] total: 23, curr:22, percent:59, rop:93%
[m[0;32;32m1970-01-04 05:09:20.911|I|1184141422|lpUCM [RemoteSails.cpp:SailWriteData:254] total data is 16384
[m[0;32;31m1970-01-04 05:09:20.911|E|1184141422|lpUCM [IpccProtoMessage.cpp:SerializeParams:112] m_offset, 753664
[m[1;33m1970-01-04 05:09:20.911|W|1184141422|lpUCM [RemoteSails.cpp:SendWithRetry:185] Successfully wrote 1052 bytes
[m[0;32;32m1970-01-04 05:09:20.942|I|1184141422|lpUCM [RemoteSails.cpp:HandleResponse:149] HandleResponse started, buffer size: 1048
[m[0;32;32m1970-01-04 05:09:20.942|I|1184141422|lpUCM [RemoteSails.cpp:HandleResponse:158] Successfully deserialized response, status: 0, result code: 0
[m[0;32;31m1970-01-04 05:09:20.942|E|1184141422|lpUCM [IpccProtoMessage.cpp:SerializeParams:112] m_offset, 754688
[m[1;33m1970-01-04 05:09:20.942|W|1184141422|lpUCM [RemoteSails.cpp:SendWithRetry:185] Successfully wrote 1052 bytes
[m[0;32;32m1970-01-04 05:09:20.945|I|1184141422|lpUCM [RemoteSails.cpp:HandleResponse:149] HandleResponse started, buffer size: 1048
[m[0;32;32m1970-01-04 05:09:20.945|I|1184141422|lpUCM [RemoteSails.cpp:HandleResponse:158] Successfully deserialized response, status: 0, result code: 0
[m[0;32;31m1970-01-04 05:09:20.945|E|1184141422|lpUCM [IpccProtoMessage.cpp:SerializeParams:112] m_offset, 755712
[m[1;33m1970-01-04 05:09:20.945|W|1184141422|lpUCM [RemoteSails.cpp:SendWithRetry:185] Successfully wrote 1052 bytes
[m[0;32;32m1970-01-04 05:09:20.949|I|1184141422|lpUCM [RemoteSails.cpp:HandleResponse:149] HandleResponse started, buffer size: 1048
[m[0;32;32m1970-01-04 05:09:20.949|I|1184141422|lpUCM [RemoteSails.cpp:HandleResponse:158] Successfully deserialized response, status: 0, result code: 0
[m[0;32;31m1970-01-04 05:09:20.949|E|1184141422|lpUCM [IpccProtoMessage.cpp:SerializeParams:112] m_offset, 756736
[m[1;33m1970-01-04 05:09:20.949|W|1184141422|lpUCM [RemoteSails.cpp:SendWithRetry:185] Successfully wrote 1052 bytes
[m[0;32;32m1970-01-04 05:09:20.953|I|1184141422|lpUCM [RemoteSails.cpp:HandleResponse:149] HandleResponse started, buffer size: 1048
[m[0;32;32m1970-01-04 05:09:20.953|I|1184141422|lpUCM [RemoteSails.cpp:HandleResponse:158] Successfully deserialized response, status: 0, result code: 0
[m[0;32;31m1970-01-04 05:09:20.953|E|1184141422|lpUCM [IpccProtoMessage.cpp:SerializeParams:112] m_offset, 757760
[m[1;33m1970-01-04 05:09:20.953|W|1184141422|lpUCM [RemoteSails.cpp:SendWithRetry:185] Successfully wrote 1052 bytes
[m[0;32;32m1970-01-04 05:09:20.985|I|1184141422|lpUCM [RemoteSails.cpp:HandleResponse:149] HandleResponse started, buffer size: 1048
[m[0;32;32m1970-01-04 05:09:20.985|I|1184141422|lpUCM [RemoteSails.cpp:HandleResponse:158] Successfully deserialized response, status: 0, result code: 0
[m[0;32;31m1970-01-04 05:09:20.985|E|1184141422|lpUCM [IpccProtoMessage.cpp:SerializeParams:112] m_offset, 758784
[m[1;33m1970-01-04 05:09:20.985|W|1184141422|lpUCM [RemoteSails.cpp:SendWithRetry:185] Successfully wrote 1052 bytes
[m[0;32;32m1970-01-04 05:09:20.988|I|1184141422|lpUCM [RemoteSails.cpp:HandleResponse:149] HandleResponse started, buffer size: 1048
[m[0;32;32m1970-01-04 05:09:20.988|I|1184141422|lpUCM [RemoteSails.cpp:HandleResponse:158] Successfully deserialized response, status: 0, result code: 0
[m[0;32;31m1970-01-04 05:09:20.988|E|1184141422|lpUCM [IpccProtoMessage.cpp:SerializeParams:112] m_offset, 759808
[m[1;33m1970-01-04 05:09:20.988|W|1184141422|lpUCM [RemoteSails.cpp:SendWithRetry:185] Successfully wrote 1052 bytes
[m[0;32;32m1970-01-04 05:09:20.994|I|1184141422|lpUCM [RemoteSails.cpp:HandleResponse:149] HandleResponse started, buffer size: 1048
[m[0;32;32m1970-01-04 05:09:20.994|I|1184141422|lpUCM [RemoteSails.cpp:HandleResponse:158] Successfully deserialized response, status: 0, result code: 0
[m[0;32;31m1970-01-04 05:09:20.994|E|1184141422|lpUCM [IpccProtoMessage.cpp:SerializeParams:112] m_offset, 760832
[m[1;33m1970-01-04 05:09:20.994|W|1184141422|lpUCM [RemoteSails.cpp:SendWithRetry:185] Successfully wrote 1052 bytes
[m[0;32;32m1970-01-04 05:09:20.997|I|1184141422|lpUCM [RemoteSails.cpp:HandleResponse:149] HandleResponse started, buffer size: 1048
[m[0;32;32m1970-01-04 05:09:20.997|I|1184141422|lpUCM [RemoteSails.cpp:HandleResponse:158] Successfully deserialized response, status: 0, result code: 0
[m[0;32;31m1970-01-04 05:09:20.997|E|1184141422|lpUCM [IpccProtoMessage.cpp:SerializeParams:112] m_offset, 761856
[m[1;33m1970-01-04 05:09:20.997|W|1184141422|lpUCM [RemoteSails.cpp:SendWithRetry:185] Successfully wrote 1052 bytes
[m[0;32;32m1970-01-04 05:09:21.30|I|1184141422|lpUCM [RemoteSails.cpp:HandleResponse:149] HandleResponse started, buffer size: 1048
[m[0;32;32m1970-01-04 05:09:21.30|I|1184141422|lpUCM [RemoteSails.cpp:HandleResponse:158] Successfully deserialized response, status: 0, result code: 0
[m[0;32;31m1970-01-04 05:09:21.30|E|1184141422|lpUCM [IpccProtoMessage.cpp:SerializeParams:112] m_offset, 762880
[m[1;33m1970-01-04 05:09:21.30|W|1184141422|lpUCM [RemoteSails.cpp:SendWithRetry:185] Successfully wrote 1052 bytes
[m[0;32;32m1970-01-04 05:09:21.33|I|1184141422|lpUCM [RemoteSails.cpp:HandleResponse:149] HandleResponse started, buffer size: 1048
[m[0;32;32m1970-01-04 05:09:21.33|I|1184141422|lpUCM [RemoteSails.cpp:HandleResponse:158] Successfully deserialized response, status: 0, result code: 0
[m[0;32;31m1970-01-04 05:09:21.33|E|1184141422|lpUCM [IpccProtoMessage.cpp:SerializeParams:112] m_offset, 763904
[m[1;33m1970-01-04 05:09:21.33|W|1184141422|lpUCM [RemoteSails.cpp:SendWithRetry:185] Successfully wrote 1052 bytes
[m[0;32;32m1970-01-04 05:09:21.36|I|1184141422|lpUCM [RemoteSails.cpp:HandleResponse:149] HandleResponse started, buffer size: 1048
[m[0;32;32m1970-01-04 05:09:21.36|I|1184141422|lpUCM [RemoteSails.cpp:HandleResponse:158] Successfully deserialized response, status: 0, result code: 0
[m[0;32;31m1970-01-04 05:09:21.36|E|1184141422|lpUCM [IpccProtoMessage.cpp:SerializeParams:112] m_offset, 764928
[m[1;33m1970-01-04 05:09:21.36|W|1184141422|lpUCM [RemoteSails.cpp:SendWithRetry:185] Successfully wrote 1052 bytes
[m[0;32;32m1970-01-04 05:09:21.39|I|1184141422|lpUCM [RemoteSails.cpp:HandleResponse:149] HandleResponse started, buffer size: 1048
[m[0;32;32m1970-01-04 05:09:21.39|I|1184141422|lpUCM [RemoteSails.cpp:HandleResponse:158] Successfully deserialized response, status: 0, result code: 0
[m[0;32;31m1970-01-04 05:09:21.39|E|1184141422|lpUCM [IpccProtoMessage.cpp:SerializeParams:112] m_offset, 765952
[m[1;33m1970-01-04 05:09:21.39|W|1184141422|lpUCM [RemoteSails.cpp:SendWithRetry:185] Successfully wrote 1052 bytes
[m[0;32;32m1970-01-04 05:09:21.72|I|1184141422|lpUCM [RemoteSails.cpp:HandleResponse:149] HandleResponse started, buffer size: 1048
[m[0;32;32m1970-01-04 05:09:21.72|I|1184141422|lpUCM [RemoteSails.cpp:HandleResponse:158] Successfully deserialized response, status: 0, result code: 0
[m[0;32;31m1970-01-04 05:09:21.72|E|1184141422|lpUCM [IpccProtoMessage.cpp:SerializeParams:112] m_offset, 766976
[m[1;33m1970-01-04 05:09:21.72|W|1184141422|lpUCM [RemoteSails.cpp:SendWithRetry:185] Successfully wrote 1052 bytes
[m[0;32;32m1970-01-04 05:09:21.75|I|1184141422|lpUCM [RemoteSails.cpp:HandleResponse:149] HandleResponse started, buffer size: 1048
[m[0;32;32m1970-01-04 05:09:21.75|I|1184141422|lpUCM [RemoteSails.cpp:HandleResponse:158] Successfully deserialized response, status: 0, result code: 0
[m[0;32;31m1970-01-04 05:09:21.75|E|1184141422|lpUCM [IpccProtoMessage.cpp:SerializeParams:112] m_offset, 768000
[m[1;33m1970-01-04 05:09:21.75|W|1184141422|lpUCM [RemoteSails.cpp:SendWithRetry:185] Successfully wrote 1052 bytes
[m[0;32;32m1970-01-04 05:09:21.78|I|1184141422|lpUCM [RemoteSails.cpp:HandleResponse:149] HandleResponse started, buffer size: 1048
[m[0;32;32m1970-01-04 05:09:21.78|I|1184141422|lpUCM [RemoteSails.cpp:HandleResponse:158] Successfully deserialized response, status: 0, result code: 0
[m[0;32;31m1970-01-04 05:09:21.78|E|1184141422|lpUCM [IpccProtoMessage.cpp:SerializeParams:112] m_offset, 769024
[m[1;33m1970-01-04 05:09:21.78|W|1184141422|lpUCM [RemoteSails.cpp:SendWithRetry:185] Successfully wrote 1052 bytes
[m[0;32;32m1970-01-04 05:09:21.84|I|1184141422|lpUCM [RemoteSails.cpp:HandleResponse:149] HandleResponse started, buffer size: 1048
[m[0;32;32m1970-01-04 05:09:21.84|I|1184141422|lpUCM [RemoteSails.cpp:HandleResponse:158] Successfully deserialized response, status: 0, result code: 0
[m[0;32;32m1970-01-04 05:09:21.84|I|1184141422|lpUCM [RemoteSails.cpp:SailWriteData:272] All data already trans size 16384
[m[0;32;32m1970-01-04 05:09:21.84|I|1184141422|lpUCM [fds.cpp:FDS_OnLocalUpgProgress:248] total: 23, curr:22, percent:60, rop:93%
[m[0;32;32m1970-01-04 05:09:21.84|I|1184141422|lpUCM [RemoteSails.cpp:SailWriteData:254] total data is 16384
[m[0;32;31m1970-01-04 05:09:21.84|E|1184141422|lpUCM [IpccProtoMessage.cpp:SerializeParams:112] m_offset, 770048
[m[1;33m1970-01-04 05:09:21.84|W|1184141422|lpUCM [RemoteSails.cpp:SendWithRetry:185] Successfully wrote 1052 bytes
[m[0;32;32m1970-01-04 05:09:21.116|I|1184141422|lpUCM [RemoteSails.cpp:HandleResponse:149] HandleResponse started, buffer size: 1048
[m[0;32;32m1970-01-04 05:09:21.116|I|1184141422|lpUCM [RemoteSails.cpp:HandleResponse:158] Successfully deserialized response, status: 0, result code: 0
[m[0;32;31m1970-01-04 05:09:21.116|E|1184141422|lpUCM [IpccProtoMessage.cpp:SerializeParams:112] m_offset, 771072
[m[1;33m1970-01-04 05:09:21.116|W|1184141422|lpUCM [RemoteSails.cpp:SendWithRetry:185] Successfully wrote 1052 bytes
[m[0;32;32m1970-01-04 05:09:21.119|I|1184141422|lpUCM [RemoteSails.cpp:HandleResponse:149] HandleResponse started, buffer size: 1048
[m[0;32;32m1970-01-04 05:09:21.119|I|1184141422|lpUCM [RemoteSails.cpp:HandleResponse:158] Successfully deserialized response, status: 0, result code: 0
[m[0;32;31m1970-01-04 05:09:21.119|E|1184141422|lpUCM [IpccProtoMessage.cpp:SerializeParams:112] m_offset, 772096
[m[1;33m1970-01-04 05:09:21.119|W|1184141422|lpUCM [RemoteSails.cpp:SendWithRetry:185] Successfully wrote 1052 bytes
[m[0;32;32m1970-01-04 05:09:21.125|I|1184141422|lpUCM [RemoteSails.cpp:HandleResponse:149] HandleResponse started, buffer size: 1048
[m[0;32;32m1970-01-04 05:09:21.125|I|1184141422|lpUCM [RemoteSails.cpp:HandleResponse:158] Successfully deserialized response, status: 0, result code: 0
[m[0;32;31m1970-01-04 05:09:21.125|E|1184141422|lpUCM [IpccProtoMessage.cpp:SerializeParams:112] m_offset, 773120
[m[1;33m1970-01-04 05:09:21.125|W|1184141422|lpUCM [RemoteSails.cpp:SendWithRetry:185] Successfully wrote 1052 bytes
[m[0;32;32m1970-01-04 05:09:21.129|I|1184141422|lpUCM [RemoteSails.cpp:HandleResponse:149] HandleResponse started, buffer size: 1048
[m[0;32;32m1970-01-04 05:09:21.129|I|1184141422|lpUCM [RemoteSails.cpp:HandleResponse:158] Successfully deserialized response, status: 0, result code: 0
[m[0;32;31m1970-01-04 05:09:21.129|E|1184141422|lpUCM [IpccProtoMessage.cpp:SerializeParams:112] m_offset, 774144
[m[1;33m1970-01-04 05:09:21.129|W|1184141422|lpUCM [RemoteSails.cpp:SendWithRetry:185] Successfully wrote 1052 bytes
[m[0;32;32m1970-01-04 05:09:21.163|I|1184141422|lpUCM [RemoteSails.cpp:HandleResponse:149] HandleResponse started, buffer size: 1048
[m[0;32;32m1970-01-04 05:09:21.163|I|1184141422|lpUCM [RemoteSails.cpp:HandleResponse:158] Successfully deserialized response, status: 0, result code: 0
[m[0;32;31m1970-01-04 05:09:21.163|E|1184141422|lpUCM [IpccProtoMessage.cpp:SerializeParams:112] m_offset, 775168
[m[1;33m1970-01-04 05:09:21.163|W|1184141422|lpUCM [RemoteSails.cpp:SendWithRetry:185] Successfully wrote 1052 bytes
[m[0;32;32m1970-01-04 05:09:21.166|I|1184141422|lpUCM [RemoteSails.cpp:HandleResponse:149] HandleResponse started, buffer size: 1048
[m[0;32;32m1970-01-04 05:09:21.166|I|1184141422|lpUCM [RemoteSails.cpp:HandleResponse:158] Successfully deserialized response, status: 0, result code: 0
[m[0;32;31m1970-01-04 05:09:21.166|E|1184141422|lpUCM [IpccProtoMessage.cpp:SerializeParams:112] m_offset, 776192
[m[1;33m1970-01-04 05:09:21.166|W|1184141422|lpUCM [RemoteSails.cpp:SendWithRetry:185] Successfully wrote 1052 bytes
[m[0;32;32m1970-01-04 05:09:21.169|I|1184141422|lpUCM [RemoteSails.cpp:HandleResponse:149] HandleResponse started, buffer size: 1048
[m[0;32;32m1970-01-04 05:09:21.169|I|1184141422|lpUCM [RemoteSails.cpp:HandleResponse:158] Successfully deserialized response, status: 0, result code: 0
[m[0;32;31m1970-01-04 05:09:21.169|E|1184141422|lpUCM [IpccProtoMessage.cpp:SerializeParams:112] m_offset, 777216
[m[1;33m1970-01-04 05:09:21.169|W|1184141422|lpUCM [RemoteSails.cpp:SendWithRetry:185] Successfully wrote 1052 bytes
[m[0;32;32m1970-01-04 05:09:21.175|I|1184141422|lpUCM [RemoteSails.cpp:HandleResponse:149] HandleResponse started, buffer size: 1048
[m[0;32;32m1970-01-04 05:09:21.175|I|1184141422|lpUCM [RemoteSails.cpp:HandleResponse:158] Successfully deserialized response, status: 0, result code: 0
[m[0;32;31m1970-01-04 05:09:21.175|E|1184141422|lpUCM [IpccProtoMessage.cpp:SerializeParams:112] m_offset, 778240
[m[1;33m1970-01-04 05:09:21.175|W|1184141422|lpUCM [RemoteSails.cpp:SendWithRetry:185] Successfully wrote 1052 bytes
[m[0;32;32m1970-01-04 05:09:21.205|I|1184141422|lpUCM [RemoteSails.cpp:HandleResponse:149] HandleResponse started, buffer size: 1048
[m[0;32;32m1970-01-04 05:09:21.205|I|1184141422|lpUCM [RemoteSails.cpp:HandleResponse:158] Successfully deserialized response, status: 0, result code: 0
[m[0;32;31m1970-01-04 05:09:21.205|E|1184141422|lpUCM [IpccProtoMessage.cpp:SerializeParams:112] m_offset, 779264
[m[1;33m1970-01-04 05:09:21.205|W|1184141422|lpUCM [RemoteSails.cpp:SendWithRetry:185] Successfully wrote 1052 bytes
[m[0;32;32m1970-01-04 05:09:21.208|I|1184141422|lpUCM [RemoteSails.cpp:HandleResponse:149] HandleResponse started, buffer size: 1048
[m[0;32;32m1970-01-04 05:09:21.208|I|1184141422|lpUCM [RemoteSails.cpp:HandleResponse:158] Successfully deserialized response, status: 0, result code: 0
[m[0;32;31m1970-01-04 05:09:21.208|E|1184141422|lpUCM [IpccProtoMessage.cpp:SerializeParams:112] m_offset, 780288
[m[1;33m1970-01-04 05:09:21.208|W|1184141422|lpUCM [RemoteSails.cpp:SendWithRetry:185] Successfully wrote 1052 bytes
[m[0;32;32m1970-01-04 05:09:21.214|I|1184141422|lpUCM [RemoteSails.cpp:HandleResponse:149] HandleResponse started, buffer size: 1048
[m[0;32;32m1970-01-04 05:09:21.214|I|1184141422|lpUCM [RemoteSails.cpp:HandleResponse:158] Successfully deserialized response, status: 0, result code: 0
[m[0;32;31m1970-01-04 05:09:21.214|E|1184141422|lpUCM [IpccProtoMessage.cpp:SerializeParams:112] m_offset, 781312
[m[1;33m1970-01-04 05:09:21.214|W|1184141422|lpUCM [RemoteSails.cpp:SendWithRetry:185] Successfully wrote 1052 bytes
[m[0;32;32m1970-01-04 05:09:21.217|I|1184141422|lpUCM [RemoteSails.cpp:HandleResponse:149] HandleResponse started, buffer size: 1048
[m[0;32;32m1970-01-04 05:09:21.217|I|1184141422|lpUCM [RemoteSails.cpp:HandleResponse:158] Successfully deserialized response, status: 0, result code: 0
[m[0;32;31m1970-01-04 05:09:21.217|E|1184141422|lpUCM [IpccProtoMessage.cpp:SerializeParams:112] m_offset, 782336
[m[1;33m1970-01-04 05:09:21.217|W|1184141422|lpUCM [RemoteSails.cpp:SendWithRetry:185] Successfully wrote 1052 bytes
[m[0;32;32m1970-01-04 05:09:21.247|I|1184141422|lpUCM [RemoteSails.cpp:HandleResponse:149] HandleResponse started, buffer size: 1048
[m[0;32;32m1970-01-04 05:09:21.247|I|1184141422|lpUCM [RemoteSails.cpp:HandleResponse:158] Successfully deserialized response, status: 0, result code: 0
[m[0;32;31m1970-01-04 05:09:21.247|E|1184141422|lpUCM [IpccProtoMessage.cpp:SerializeParams:112] m_offset, 783360
[m[1;33m1970-01-04 05:09:21.247|W|1184141422|lpUCM [RemoteSails.cpp:SendWithRetry:185] Successfully wrote 1052 bytes
[m[0;32;32m1970-01-04 05:09:21.250|I|1184141422|lpUCM [RemoteSails.cpp:HandleResponse:149] HandleResponse started, buffer size: 1048
[m[0;32;32m1970-01-04 05:09:21.250|I|1184141422|lpUCM [RemoteSails.cpp:HandleResponse:158] Successfully deserialized response, status: 0, result code: 0
[m[0;32;31m1970-01-04 05:09:21.250|E|1184141422|lpUCM [IpccProtoMessage.cpp:SerializeParams:112] m_offset, 784384
[m[1;33m1970-01-04 05:09:21.250|W|1184141422|lpUCM [RemoteSails.cpp:SendWithRetry:185] Successfully wrote 1052 bytes
[m[0;32;32m1970-01-04 05:09:21.254|I|1184141422|lpUCM [RemoteSails.cpp:HandleResponse:149] HandleResponse started, buffer size: 1048
[m[0;32;32m1970-01-04 05:09:21.254|I|1184141422|lpUCM [RemoteSails.cpp:HandleResponse:158] Successfully deserialized response, status: 0, result code: 0
[m[0;32;31m1970-01-04 05:09:21.254|E|1184141422|lpUCM [IpccProtoMessage.cpp:SerializeParams:112] m_offset, 785408
[m[1;33m1970-01-04 05:09:21.254|W|1184141422|lpUCM [RemoteSails.cpp:SendWithRetry:185] Successfully wrote 1052 bytes
[m[0;32;32m1970-01-04 05:09:21.257|I|1184141422|lpUCM [RemoteSails.cpp:HandleResponse:149] HandleResponse started, buffer size: 1048
[m[0;32;32m1970-01-04 05:09:21.257|I|1184141422|lpUCM [RemoteSails.cpp:HandleResponse:158] Successfully deserialized response, status: 0, result code: 0
[m[0;32;32m1970-01-04 05:09:21.257|I|1184141422|lpUCM [RemoteSails.cpp:SailWriteData:272] All data already trans size 16384
[m[0;32;32m1970-01-04 05:09:21.257|I|1184141422|lpUCM [fds.cpp:FDS_OnLocalUpgProgress:248] total: 23, curr:22, percent:61, rop:93%
[m[0;32;32m1970-01-04 05:09:21.257|I|1184141422|lpUCM [RemoteSails.cpp:SailWriteData:254] total data is 2016
[m[0;32;31m1970-01-04 05:09:21.257|E|1184141422|lpUCM [IpccProtoMessage.cpp:SerializeParams:112] m_offset, 786432
[m[1;33m1970-01-04 05:09:21.257|W|1184141422|lpUCM [RemoteSails.cpp:SendWithRetry:185] Successfully wrote 1052 bytes
[m[0;32;32m1970-01-04 05:09:21.287|I|1184141422|lpUCM [RemoteSails.cpp:HandleResponse:149] HandleResponse started, buffer size: 1048
[m[0;32;32m1970-01-04 05:09:21.287|I|1184141422|lpUCM [RemoteSails.cpp:HandleResponse:158] Successfully deserialized response, status: 0, result code: 0
[m[0;32;31m1970-01-04 05:09:21.287|E|1184141422|lpUCM [IpccProtoMessage.cpp:SerializeParams:112] m_offset, 787456
[m[1;33m1970-01-04 05:09:21.287|W|1184141422|lpUCM [RemoteSails.cpp:SendWithRetry:185] Successfully wrote 1020 bytes
[m[0;32;32m1970-01-04 05:09:21.290|I|1184141422|lpUCM [RemoteSails.cpp:HandleResponse:149] HandleResponse started, buffer size: 1048
[m[0;32;32m1970-01-04 05:09:21.290|I|1184141422|lpUCM [RemoteSails.cpp:HandleResponse:158] Successfully deserialized response, status: 0, result code: 0
[m[0;32;32m1970-01-04 05:09:21.290|I|1184141422|lpUCM [RemoteSails.cpp:SailWriteData:272] All data already trans size 2048
[m[0;32;32m1970-01-04 05:09:21.290|I|1184141422|lpUCM [fds.cpp:FDS_OnLocalUpgProgress:248] total: 23, curr:22, percent:62, rop:94%
[m[0;32;31m1970-01-04 05:09:21.290|E|1184141422|lpUCM [RemoteSails.cpp:FDS_idhSail:324] SailWriteData Crc32Final hadl.m_crc32Ctx.crc is 0x333CC877, hadl.GetFileCrc() is 0x333CC877
[m[0;32;32m1970-01-04 05:09:21.290|I|1184141422|lpUCM [fds.cpp:FDS_OnLocalUpgProgress:248] total: 23, curr:22, percent:75, rop:94%
[m[1;33m1970-01-04 05:09:21.290|W|1184141422|lpUCM [RemoteSails.cpp:FDS_idhSail:332] EndRCoreUpgrade
[m[1;33m1970-01-04 05:09:21.290|W|1184141422|lpUCM [RemoteSails.cpp:SendWithRetry:185] Successfully wrote 24 bytes
[m[0;32;32m1970-01-04 05:09:21.378|I|1184141422|lpUCM [RemoteSails.cpp:HandleResponse:149] HandleResponse started, buffer size: 1048
[m[0;32;32m1970-01-04 05:09:21.378|I|1184141422|lpUCM [RemoteSails.cpp:HandleResponse:158] Successfully deserialized response, status: 0, result code: 0
[m[0;32;32m1970-01-04 05:09:21.378|I|1184141422|lpUCM [RemoteSails.cpp:FDS_idhSail:340] FDS_idhSailHyp ok
[m[0;32;32m1970-01-04 05:09:21.378|I|1184141422|lpUCM [fds.cpp:FDS_OnLocalUpgProgress:248] total: 23, curr:22, percent:100, rop:95%
[m[1;33m1970-01-04 05:09:21.378|W|1184141422|lpUCM [scm.c:FDS_scmDeployImages:443] deploy [22st] success:autosarsailsw1.elf
[m[1;33m1970-01-04 05:09:21.378|W|1184141422|lpUCM [scm.c:FDS_scmDeployImages:435] start [23st] deploy:sailhyp.elf
[m[0;32;32m1970-01-04 05:09:21.378|I|1184141422|lpUCM [fds.cpp:FDS_OnLocalUpgProgress:248] total: 23, curr:23, percent:0, rop:95%
[m[0;32;32m1970-01-04 05:09:21.378|I|1184141422|lpUCM [handler.c:FDS_idhFindDesc:79] find time 1, name sail_hyp, handler_name = raw
[m[0;32;32m1970-01-04 05:09:21.378|I|1184141422|lpUCM [handler.c:FDS_idhFindDesc:79] find time 2, name sail_hyp, handler_name = sail_sw
[m[0;32;32m1970-01-04 05:09:21.378|I|1184141422|lpUCM [handler.c:FDS_idhFindDesc:79] find time 3, name sail_hyp, handler_name = sail_hyp
[m[0;32;32m1970-01-04 05:09:21.378|I|1184141422|lpUCM [handler.c:FDS_idhFindDesc:94] find handler sail_hyp, type = 0
[m[0;32;32m1970-01-04 05:09:21.378|I|1184141422|lpUCM [handler.c:FDS_idhFindDesc:79] find time 1, name sail_hyp, handler_name = raw
[m[0;32;32m1970-01-04 05:09:21.378|I|1184141422|lpUCM [handler.c:FDS_idhFindDesc:79] find time 2, name sail_hyp, handler_name = sail_sw
[m[0;32;32m1970-01-04 05:09:21.378|I|1184141422|lpUCM [handler.c:FDS_idhFindDesc:79] find time 3, name sail_hyp, handler_name = sail_hyp
[m[0;32;32m1970-01-04 05:09:21.378|I|1184141422|lpUCM [handler.c:FDS_idhFindDesc:94] find handler sail_hyp, type = 0
[m[1;33m1970-01-04 05:09:21.378|W|1184141422|lpUCM [RemoteSails.cpp:FDS_idhSail:304] StartRCoreUpgrade
[m[1;33m1970-01-04 05:09:21.378|W|1184141422|lpUCM [RemoteSails.cpp:SendWithRetry:185] Successfully wrote 33 bytes
[m[0;32;32m1970-01-04 05:09:21.381|I|1184141422|lpUCM [RemoteSails.cpp:HandleResponse:149] HandleResponse started, buffer size: 1048
[m[0;32;32m1970-01-04 05:09:21.381|I|1184141422|lpUCM [RemoteSails.cpp:HandleResponse:158] Successfully deserialized response, status: 0, result code: 0
[m[0;32;32m1970-01-04 05:09:21.381|I|1184141422|lpUCM [fds.cpp:FDS_OnLocalUpgProgress:248] total: 23, curr:23, percent:12, rop:96%
[m[1;33m1970-01-04 05:09:21.381|W|1184141422|lpUCM [RemoteSails.cpp:FDS_idhSail:314] SailWriteData
[m[0;32;32m1970-01-04 05:09:21.381|I|1184141422|lpUCM [RemoteSails.cpp:SailWriteData:254] total data is 16384
[m[0;32;31m1970-01-04 05:09:21.381|E|1184141422|lpUCM [IpccProtoMessage.cpp:SerializeParams:112] m_offset, 0
[m[1;33m1970-01-04 05:09:21.381|W|1184141422|lpUCM [RemoteSails.cpp:SendWithRetry:185] Successfully wrote 1052 bytes
[m[0;32;32m1970-01-04 05:09:21.414|I|1184141422|lpUCM [RemoteSails.cpp:HandleResponse:149] HandleResponse started, buffer size: 1048
[m[0;32;32m1970-01-04 05:09:21.414|I|1184141422|lpUCM [RemoteSails.cpp:HandleResponse:158] Successfully deserialized response, status: 0, result code: 0
[m[0;32;31m1970-01-04 05:09:21.414|E|1184141422|lpUCM [IpccProtoMessage.cpp:SerializeParams:112] m_offset, 1024
[m[1;33m1970-01-04 05:09:21.414|W|1184141422|lpUCM [RemoteSails.cpp:SendWithRetry:185] Successfully wrote 1052 bytes
[m[0;32;32m1970-01-04 05:09:21.417|I|1184141422|lpUCM [RemoteSails.cpp:HandleResponse:149] HandleResponse started, buffer size: 1048
[m[0;32;32m1970-01-04 05:09:21.417|I|1184141422|lpUCM [RemoteSails.cpp:HandleResponse:158] Successfully deserialized response, status: 0, result code: 0
[m[0;32;31m1970-01-04 05:09:21.417|E|1184141422|lpUCM [IpccProtoMessage.cpp:SerializeParams:112] m_offset, 2048
[m[1;33m1970-01-04 05:09:21.417|W|1184141422|lpUCM [RemoteSails.cpp:SendWithRetry:185] Successfully wrote 1052 bytes
[m[0;32;32m1970-01-04 05:09:21.420|I|1184141422|lpUCM [RemoteSails.cpp:HandleResponse:149] HandleResponse started, buffer size: 1048
[m[0;32;32m1970-01-04 05:09:21.420|I|1184141422|lpUCM [RemoteSails.cpp:HandleResponse:158] Successfully deserialized response, status: 0, result code: 0
[m[0;32;31m1970-01-04 05:09:21.420|E|1184141422|lpUCM [IpccProtoMessage.cpp:SerializeParams:112] m_offset, 3072
[m[1;33m1970-01-04 05:09:21.420|W|1184141422|lpUCM [RemoteSails.cpp:SendWithRetry:185] Successfully wrote 1052 bytes
[m[0;32;32m1970-01-04 05:09:21.423|I|1184141422|lpUCM [RemoteSails.cpp:HandleResponse:149] HandleResponse started, buffer size: 1048
[m[0;32;32m1970-01-04 05:09:21.423|I|1184141422|lpUCM [RemoteSails.cpp:HandleResponse:158] Successfully deserialized response, status: 0, result code: 0
[m[0;32;31m1970-01-04 05:09:21.423|E|1184141422|lpUCM [IpccProtoMessage.cpp:SerializeParams:112] m_offset, 4096
[m[1;33m1970-01-04 05:09:21.423|W|1184141422|lpUCM [RemoteSails.cpp:SendWithRetry:185] Successfully wrote 1052 bytes
[m[0;32;32m1970-01-04 05:09:21.456|I|1184141422|lpUCM [RemoteSails.cpp:HandleResponse:149] HandleResponse started, buffer size: 1048
[m[0;32;32m1970-01-04 05:09:21.456|I|1184141422|lpUCM [RemoteSails.cpp:HandleResponse:158] Successfully deserialized response, status: 0, result code: 0
[m[0;32;31m1970-01-04 05:09:21.456|E|1184141422|lpUCM [IpccProtoMessage.cpp:SerializeParams:112] m_offset, 5120
[m[1;33m1970-01-04 05:09:21.456|W|1184141422|lpUCM [RemoteSails.cpp:SendWithRetry:185] Successfully wrote 1052 bytes
[m[0;32;32m1970-01-04 05:09:21.459|I|1184141422|lpUCM [RemoteSails.cpp:HandleResponse:149] HandleResponse started, buffer size: 1048
[m[0;32;32m1970-01-04 05:09:21.459|I|1184141422|lpUCM [RemoteSails.cpp:HandleResponse:158] Successfully deserialized response, status: 0, result code: 0
[m[0;32;31m1970-01-04 05:09:21.459|E|1184141422|lpUCM [IpccProtoMessage.cpp:SerializeParams:112] m_offset, 6144
[m[1;33m1970-01-04 05:09:21.459|W|1184141422|lpUCM [RemoteSails.cpp:SendWithRetry:185] Successfully wrote 1052 bytes
[m[0;32;32m1970-01-04 05:09:21.462|I|1184141422|lpUCM [RemoteSails.cpp:HandleResponse:149] HandleResponse started, buffer size: 1048
[m[0;32;32m1970-01-04 05:09:21.462|I|1184141422|lpUCM [RemoteSails.cpp:HandleResponse:158] Successfully deserialized response, status: 0, result code: 0
[m[0;32;31m1970-01-04 05:09:21.462|E|1184141422|lpUCM [IpccProtoMessage.cpp:SerializeParams:112] m_offset, 7168
[m[1;33m1970-01-04 05:09:21.462|W|1184141422|lpUCM [RemoteSails.cpp:SendWithRetry:185] Successfully wrote 1052 bytes
[m[0;32;32m1970-01-04 05:09:21.465|I|1184141422|lpUCM [RemoteSails.cpp:HandleResponse:149] HandleResponse started, buffer size: 1048
[m[0;32;32m1970-01-04 05:09:21.465|I|1184141422|lpUCM [RemoteSails.cpp:HandleResponse:158] Successfully deserialized response, status: 0, result code: 0
[m[0;32;31m1970-01-04 05:09:21.465|E|1184141422|lpUCM [IpccProtoMessage.cpp:SerializeParams:112] m_offset, 8192
[m[1;33m1970-01-04 05:09:21.465|W|1184141422|lpUCM [RemoteSails.cpp:SendWithRetry:185] Successfully wrote 1052 bytes
[m[0;32;32m1970-01-04 05:09:21.495|I|1184141422|lpUCM [RemoteSails.cpp:HandleResponse:149] HandleResponse started, buffer size: 1048
[m[0;32;32m1970-01-04 05:09:21.495|I|1184141422|lpUCM [RemoteSails.cpp:HandleResponse:158] Successfully deserialized response, status: 0, result code: 0
[m[0;32;31m1970-01-04 05:09:21.495|E|1184141422|lpUCM [IpccProtoMessage.cpp:SerializeParams:112] m_offset, 9216
[m[1;33m1970-01-04 05:09:21.495|W|1184141422|lpUCM [RemoteSails.cpp:SendWithRetry:185] Successfully wrote 1052 bytes
[m[0;32;32m1970-01-04 05:09:21.498|I|1184141422|lpUCM [RemoteSails.cpp:HandleResponse:149] HandleResponse started, buffer size: 1048
[m[0;32;32m1970-01-04 05:09:21.498|I|1184141422|lpUCM [RemoteSails.cpp:HandleResponse:158] Successfully deserialized response, status: 0, result code: 0
[m[0;32;31m1970-01-04 05:09:21.498|E|1184141422|lpUCM [IpccProtoMessage.cpp:SerializeParams:112] m_offset, 10240
[m[1;33m1970-01-04 05:09:21.498|W|1184141422|lpUCM [RemoteSails.cpp:SendWithRetry:185] Successfully wrote 1052 bytes
[m[0;32;32m1970-01-04 05:09:21.504|I|1184141422|lpUCM [RemoteSails.cpp:HandleResponse:149] HandleResponse started, buffer size: 1048
[m[0;32;32m1970-01-04 05:09:21.504|I|1184141422|lpUCM [RemoteSails.cpp:HandleResponse:158] Successfully deserialized response, status: 0, result code: 0
[m[0;32;31m1970-01-04 05:09:21.504|E|1184141422|lpUCM [IpccProtoMessage.cpp:SerializeParams:112] m_offset, 11264
[m[1;33m1970-01-04 05:09:21.504|W|1184141422|lpUCM [RemoteSails.cpp:SendWithRetry:185] Successfully wrote 1052 bytes
[m[0;32;32m1970-01-04 05:09:21.507|I|1184141422|lpUCM [RemoteSails.cpp:HandleResponse:149] HandleResponse started, buffer size: 1048
[m[0;32;32m1970-01-04 05:09:21.507|I|1184141422|lpUCM [RemoteSails.cpp:HandleResponse:158] Successfully deserialized response, status: 0, result code: 0
[m[0;32;31m1970-01-04 05:09:21.507|E|1184141422|lpUCM [IpccProtoMessage.cpp:SerializeParams:112] m_offset, 12288
[m[1;33m1970-01-04 05:09:21.507|W|1184141422|lpUCM [RemoteSails.cpp:SendWithRetry:185] Successfully wrote 1052 bytes
[m[0;32;32m1970-01-04 05:09:21.540|I|1184141422|lpUCM [RemoteSails.cpp:HandleResponse:149] HandleResponse started, buffer size: 1048
[m[0;32;32m1970-01-04 05:09:21.540|I|1184141422|lpUCM [RemoteSails.cpp:HandleResponse:158] Successfully deserialized response, status: 0, result code: 0
[m[0;32;31m1970-01-04 05:09:21.540|E|1184141422|lpUCM [IpccProtoMessage.cpp:SerializeParams:112] m_offset, 13312
[m[1;33m1970-01-04 05:09:21.540|W|1184141422|lpUCM [RemoteSails.cpp:SendWithRetry:185] Successfully wrote 1052 bytes
[m[0;32;32m1970-01-04 05:09:21.544|I|1184141422|lpUCM [RemoteSails.cpp:HandleResponse:149] HandleResponse started, buffer size: 1048
[m[0;32;32m1970-01-04 05:09:21.544|I|1184141422|lpUCM [RemoteSails.cpp:HandleResponse:158] Successfully deserialized response, status: 0, result code: 0
[m[0;32;31m1970-01-04 05:09:21.544|E|1184141422|lpUCM [IpccProtoMessage.cpp:SerializeParams:112] m_offset, 14336
[m[1;33m1970-01-04 05:09:21.544|W|1184141422|lpUCM [RemoteSails.cpp:SendWithRetry:185] Successfully wrote 1052 bytes
[m[0;32;32m1970-01-04 05:09:21.547|I|1184141422|lpUCM [RemoteSails.cpp:HandleResponse:149] HandleResponse started, buffer size: 1048
[m[0;32;32m1970-01-04 05:09:21.547|I|1184141422|lpUCM [RemoteSails.cpp:HandleResponse:158] Successfully deserialized response, status: 0, result code: 0
[m[0;32;31m1970-01-04 05:09:21.547|E|1184141422|lpUCM [IpccProtoMessage.cpp:SerializeParams:112] m_offset, 15360
[m[1;33m1970-01-04 05:09:21.547|W|1184141422|lpUCM [RemoteSails.cpp:SendWithRetry:185] Successfully wrote 1052 bytes
[m[0;32;32m1970-01-04 05:09:21.550|I|1184141422|lpUCM [RemoteSails.cpp:HandleResponse:149] HandleResponse started, buffer size: 1048
[m[0;32;32m1970-01-04 05:09:21.550|I|1184141422|lpUCM [RemoteSails.cpp:HandleResponse:158] Successfully deserialized response, status: 0, result code: 0
[m[0;32;32m1970-01-04 05:09:21.550|I|1184141422|lpUCM [RemoteSails.cpp:SailWriteData:272] All data already trans size 16384
[m[0;32;32m1970-01-04 05:09:21.550|I|1184141422|lpUCM [fds.cpp:FDS_OnLocalUpgProgress:248] total: 23, curr:23, percent:13, rop:96%
[m[0;32;32m1970-01-04 05:09:21.550|I|1184141422|lpUCM [RemoteSails.cpp:SailWriteData:254] total data is 16384
[m[0;32;31m1970-01-04 05:09:21.550|E|1184141422|lpUCM [IpccProtoMessage.cpp:SerializeParams:112] m_offset, 16384
[m[1;33m1970-01-04 05:09:21.550|W|1184141422|lpUCM [RemoteSails.cpp:SendWithRetry:185] Successfully wrote 1052 bytes
[m[0;32;32m1970-01-04 05:09:21.583|I|1184141422|lpUCM [RemoteSails.cpp:HandleResponse:149] HandleResponse started, buffer size: 1048
[m[0;32;32m1970-01-04 05:09:21.583|I|1184141422|lpUCM [RemoteSails.cpp:HandleResponse:158] Successfully deserialized response, status: 0, result code: 0
[m[0;32;31m1970-01-04 05:09:21.583|E|1184141422|lpUCM [IpccProtoMessage.cpp:SerializeParams:112] m_offset, 17408
[m[1;33m1970-01-04 05:09:21.583|W|1184141422|lpUCM [RemoteSails.cpp:SendWithRetry:185] Successfully wrote 1052 bytes
[m[0;32;32m1970-01-04 05:09:21.586|I|1184141422|lpUCM [RemoteSails.cpp:HandleResponse:149] HandleResponse started, buffer size: 1048
[m[0;32;32m1970-01-04 05:09:21.586|I|1184141422|lpUCM [RemoteSails.cpp:HandleResponse:158] Successfully deserialized response, status: 0, result code: 0
[m[0;32;31m1970-01-04 05:09:21.586|E|1184141422|lpUCM [IpccProtoMessage.cpp:SerializeParams:112] m_offset, 18432
[m[1;33m1970-01-04 05:09:21.586|W|1184141422|lpUCM [RemoteSails.cpp:SendWithRetry:185] Successfully wrote 1052 bytes
[m[0;32;32m1970-01-04 05:09:21.589|I|1184141422|lpUCM [RemoteSails.cpp:HandleResponse:149] HandleResponse started, buffer size: 1048
[m[0;32;32m1970-01-04 05:09:21.589|I|1184141422|lpUCM [RemoteSails.cpp:HandleResponse:158] Successfully deserialized response, status: 0, result code: 0
[m[0;32;31m1970-01-04 05:09:21.589|E|1184141422|lpUCM [IpccProtoMessage.cpp:SerializeParams:112] m_offset, 19456
[m[1;33m1970-01-04 05:09:21.589|W|1184141422|lpUCM [RemoteSails.cpp:SendWithRetry:185] Successfully wrote 1052 bytes
[m[0;32;32m1970-01-04 05:09:21.595|I|1184141422|lpUCM [RemoteSails.cpp:HandleResponse:149] HandleResponse started, buffer size: 1048
[m[0;32;32m1970-01-04 05:09:21.595|I|1184141422|lpUCM [RemoteSails.cpp:HandleResponse:158] Successfully deserialized response, status: 0, result code: 0
[m[0;32;31m1970-01-04 05:09:21.595|E|1184141422|lpUCM [IpccProtoMessage.cpp:SerializeParams:112] m_offset, 20480
[m[1;33m1970-01-04 05:09:21.595|W|1184141422|lpUCM [RemoteSails.cpp:SendWithRetry:185] Successfully wrote 1052 bytes
[m[0;32;32m1970-01-04 05:09:21.625|I|1184141422|lpUCM [RemoteSails.cpp:HandleResponse:149] HandleResponse started, buffer size: 1048
[m[0;32;32m1970-01-04 05:09:21.625|I|1184141422|lpUCM [RemoteSails.cpp:HandleResponse:158] Successfully deserialized response, status: 0, result code: 0
[m[0;32;31m1970-01-04 05:09:21.625|E|1184141422|lpUCM [IpccProtoMessage.cpp:SerializeParams:112] m_offset, 21504
[m[1;33m1970-01-04 05:09:21.625|W|1184141422|lpUCM [RemoteSails.cpp:SendWithRetry:185] Successfully wrote 1052 bytes
[m[0;32;32m1970-01-04 05:09:21.628|I|1184141422|lpUCM [RemoteSails.cpp:HandleResponse:149] HandleResponse started, buffer size: 1048
[m[0;32;32m1970-01-04 05:09:21.628|I|1184141422|lpUCM [RemoteSails.cpp:HandleResponse:158] Successfully deserialized response, status: 0, result code: 0
[m[0;32;31m1970-01-04 05:09:21.628|E|1184141422|lpUCM [IpccProtoMessage.cpp:SerializeParams:112] m_offset, 22528
[m[1;33m1970-01-04 05:09:21.628|W|1184141422|lpUCM [RemoteSails.cpp:SendWithRetry:185] Successfully wrote 1052 bytes
[m[0;32;32m1970-01-04 05:09:21.634|I|1184141422|lpUCM [RemoteSails.cpp:HandleResponse:149] HandleResponse started, buffer size: 1048
[m[0;32;32m1970-01-04 05:09:21.634|I|1184141422|lpUCM [RemoteSails.cpp:HandleResponse:158] Successfully deserialized response, status: 0, result code: 0
[m[0;32;31m1970-01-04 05:09:21.634|E|1184141422|lpUCM [IpccProtoMessage.cpp:SerializeParams:112] m_offset, 23552
[m[1;33m1970-01-04 05:09:21.634|W|1184141422|lpUCM [RemoteSails.cpp:SendWithRetry:185] Successfully wrote 1052 bytes
[m[0;32;32m1970-01-04 05:09:21.637|I|1184141422|lpUCM [RemoteSails.cpp:HandleResponse:149] HandleResponse started, buffer size: 1048
[m[0;32;32m1970-01-04 05:09:21.637|I|1184141422|lpUCM [RemoteSails.cpp:HandleResponse:158] Successfully deserialized response, status: 0, result code: 0
[m[0;32;31m1970-01-04 05:09:21.637|E|1184141422|lpUCM [IpccProtoMessage.cpp:SerializeParams:112] m_offset, 24576
[m[1;33m1970-01-04 05:09:21.637|W|1184141422|lpUCM [RemoteSails.cpp:SendWithRetry:185] Successfully wrote 1052 bytes
[m[0;32;32m1970-01-04 05:09:21.671|I|1184141422|lpUCM [RemoteSails.cpp:HandleResponse:149] HandleResponse started, buffer size: 1048
[m[0;32;32m1970-01-04 05:09:21.671|I|1184141422|lpUCM [RemoteSails.cpp:HandleResponse:158] Successfully deserialized response, status: 0, result code: 0
[m[0;32;31m1970-01-04 05:09:21.671|E|1184141422|lpUCM [IpccProtoMessage.cpp:SerializeParams:112] m_offset, 25600
[m[1;33m1970-01-04 05:09:21.671|W|1184141422|lpUCM [RemoteSails.cpp:SendWithRetry:185] Successfully wrote 1052 bytes
[m[0;32;32m1970-01-04 05:09:21.675|I|1184141422|lpUCM [RemoteSails.cpp:HandleResponse:149] HandleResponse started, buffer size: 1048
[m[0;32;32m1970-01-04 05:09:21.675|I|1184141422|lpUCM [RemoteSails.cpp:HandleResponse:158] Successfully deserialized response, status: 0, result code: 0
[m[0;32;31m1970-01-04 05:09:21.675|E|1184141422|lpUCM [IpccProtoMessage.cpp:SerializeParams:112] m_offset, 26624
[m[1;33m1970-01-04 05:09:21.675|W|1184141422|lpUCM [RemoteSails.cpp:SendWithRetry:185] Successfully wrote 1052 bytes
[m[0;32;32m1970-01-04 05:09:21.678|I|1184141422|lpUCM [RemoteSails.cpp:HandleResponse:149] HandleResponse started, buffer size: 1048
[m[0;32;32m1970-01-04 05:09:21.678|I|1184141422|lpUCM [RemoteSails.cpp:HandleResponse:158] Successfully deserialized response, status: 0, result code: 0
[m[0;32;31m1970-01-04 05:09:21.678|E|1184141422|lpUCM [IpccProtoMessage.cpp:SerializeParams:112] m_offset, 27648
[m[1;33m1970-01-04 05:09:21.678|W|1184141422|lpUCM [RemoteSails.cpp:SendWithRetry:185] Successfully wrote 1052 bytes
[m[0;32;32m1970-01-04 05:09:21.685|I|1184141422|lpUCM [RemoteSails.cpp:HandleResponse:149] HandleResponse started, buffer size: 1048
[m[0;32;32m1970-01-04 05:09:21.685|I|1184141422|lpUCM [RemoteSails.cpp:HandleResponse:158] Successfully deserialized response, status: 0, result code: 0
[m[0;32;31m1970-01-04 05:09:21.685|E|1184141422|lpUCM [IpccProtoMessage.cpp:SerializeParams:112] m_offset, 28672
[m[1;33m1970-01-04 05:09:21.685|W|1184141422|lpUCM [RemoteSails.cpp:SendWithRetry:185] Successfully wrote 1052 bytes
[m[0;32;32m1970-01-04 05:09:21.718|I|1184141422|lpUCM [RemoteSails.cpp:HandleResponse:149] HandleResponse started, buffer size: 1048
[m[0;32;32m1970-01-04 05:09:21.718|I|1184141422|lpUCM [RemoteSails.cpp:HandleResponse:158] Successfully deserialized response, status: 0, result code: 0
[m[0;32;31m1970-01-04 05:09:21.718|E|1184141422|lpUCM [IpccProtoMessage.cpp:SerializeParams:112] m_offset, 29696
[m[1;33m1970-01-04 05:09:21.718|W|1184141422|lpUCM [RemoteSails.cpp:SendWithRetry:185] Successfully wrote 1052 bytes
[m[0;32;32m1970-01-04 05:09:21.725|I|1184141422|lpUCM [RemoteSails.cpp:HandleResponse:149] HandleResponse started, buffer size: 1048
[m[0;32;32m1970-01-04 05:09:21.725|I|1184141422|lpUCM [RemoteSails.cpp:HandleResponse:158] Successfully deserialized response, status: 0, result code: 0
[m[0;32;31m1970-01-04 05:09:21.725|E|1184141422|lpUCM [IpccProtoMessage.cpp:SerializeParams:112] m_offset, 30720
[m[1;33m1970-01-04 05:09:21.725|W|1184141422|lpUCM [RemoteSails.cpp:SendWithRetry:185] Successfully wrote 1052 bytes
[m[0;32;32m1970-01-04 05:09:21.728|I|1184141422|lpUCM [RemoteSails.cpp:HandleResponse:149] HandleResponse started, buffer size: 1048
[m[0;32;32m1970-01-04 05:09:21.728|I|1184141422|lpUCM [RemoteSails.cpp:HandleResponse:158] Successfully deserialized response, status: 0, result code: 0
[m[0;32;31m1970-01-04 05:09:21.728|E|1184141422|lpUCM [IpccProtoMessage.cpp:SerializeParams:112] m_offset, 31744
[m[1;33m1970-01-04 05:09:21.728|W|1184141422|lpUCM [RemoteSails.cpp:SendWithRetry:185] Successfully wrote 1052 bytes
[m[0;32;32m1970-01-04 05:09:21.735|I|1184141422|lpUCM [RemoteSails.cpp:HandleResponse:149] HandleResponse started, buffer size: 1048
[m[0;32;32m1970-01-04 05:09:21.735|I|1184141422|lpUCM [RemoteSails.cpp:HandleResponse:158] Successfully deserialized response, status: 0, result code: 0
[m[0;32;32m1970-01-04 05:09:21.735|I|1184141422|lpUCM [RemoteSails.cpp:SailWriteData:272] All data already trans size 16384
[m[0;32;32m1970-01-04 05:09:21.735|I|1184141422|lpUCM [fds.cpp:FDS_OnLocalUpgProgress:248] total: 23, curr:23, percent:14, rop:96%
[m[0;32;32m1970-01-04 05:09:21.735|I|1184141422|lpUCM [RemoteSails.cpp:SailWriteData:254] total data is 16384
[m[0;32;31m1970-01-04 05:09:21.735|E|1184141422|lpUCM [IpccProtoMessage.cpp:SerializeParams:112] m_offset, 32768
[m[1;33m1970-01-04 05:09:21.735|W|1184141422|lpUCM [RemoteSails.cpp:SendWithRetry:185] Successfully wrote 1052 bytes
[m[0;32;32m1970-01-04 05:09:21.766|I|1184141422|lpUCM [RemoteSails.cpp:HandleResponse:149] HandleResponse started, buffer size: 1048
[m[0;32;32m1970-01-04 05:09:21.766|I|1184141422|lpUCM [RemoteSails.cpp:HandleResponse:158] Successfully deserialized response, status: 0, result code: 0
[m[0;32;31m1970-01-04 05:09:21.766|E|1184141422|lpUCM [IpccProtoMessage.cpp:SerializeParams:112] m_offset, 33792
[m[1;33m1970-01-04 05:09:21.766|W|1184141422|lpUCM [RemoteSails.cpp:SendWithRetry:185] Successfully wrote 1052 bytes
[m[0;32;32m1970-01-04 05:09:21.769|I|1184141422|lpUCM [RemoteSails.cpp:HandleResponse:149] HandleResponse started, buffer size: 1048
[m[0;32;32m1970-01-04 05:09:21.769|I|1184141422|lpUCM [RemoteSails.cpp:HandleResponse:158] Successfully deserialized response, status: 0, result code: 0
[m[0;32;31m1970-01-04 05:09:21.769|E|1184141422|lpUCM [IpccProtoMessage.cpp:SerializeParams:112] m_offset, 34816
[m[1;33m1970-01-04 05:09:21.769|W|1184141422|lpUCM [RemoteSails.cpp:SendWithRetry:185] Successfully wrote 1052 bytes
[m[0;32;32m1970-01-04 05:09:21.776|I|1184141422|lpUCM [RemoteSails.cpp:HandleResponse:149] HandleResponse started, buffer size: 1048
[m[0;32;32m1970-01-04 05:09:21.776|I|1184141422|lpUCM [RemoteSails.cpp:HandleResponse:158] Successfully deserialized response, status: 0, result code: 0
[m[0;32;31m1970-01-04 05:09:21.776|E|1184141422|lpUCM [IpccProtoMessage.cpp:SerializeParams:112] m_offset, 35840
[m[1;33m1970-01-04 05:09:21.776|W|1184141422|lpUCM [RemoteSails.cpp:SendWithRetry:185] Successfully wrote 1052 bytes
[m[0;32;32m1970-01-04 05:09:21.779|I|1184141422|lpUCM [RemoteSails.cpp:HandleResponse:149] HandleResponse started, buffer size: 1048
[m[0;32;32m1970-01-04 05:09:21.779|I|1184141422|lpUCM [RemoteSails.cpp:HandleResponse:158] Successfully deserialized response, status: 0, result code: 0
[m[0;32;31m1970-01-04 05:09:21.779|E|1184141422|lpUCM [IpccProtoMessage.cpp:SerializeParams:112] m_offset, 36864
[m[1;33m1970-01-04 05:09:21.779|W|1184141422|lpUCM [RemoteSails.cpp:SendWithRetry:185] Successfully wrote 1052 bytes
[m[0;32;32m1970-01-04 05:09:21.813|I|1184141422|lpUCM [RemoteSails.cpp:HandleResponse:149] HandleResponse started, buffer size: 1048
[m[0;32;32m1970-01-04 05:09:21.813|I|1184141422|lpUCM [RemoteSails.cpp:HandleResponse:158] Successfully deserialized response, status: 0, result code: 0
[m[0;32;31m1970-01-04 05:09:21.813|E|1184141422|lpUCM [IpccProtoMessage.cpp:SerializeParams:112] m_offset, 37888
[m[1;33m1970-01-04 05:09:21.813|W|1184141422|lpUCM [RemoteSails.cpp:SendWithRetry:185] Successfully wrote 1052 bytes
[m[0;32;32m1970-01-04 05:09:21.816|I|1184141422|lpUCM [RemoteSails.cpp:HandleResponse:149] HandleResponse started, buffer size: 1048
[m[0;32;32m1970-01-04 05:09:21.816|I|1184141422|lpUCM [RemoteSails.cpp:HandleResponse:158] Successfully deserialized response, status: 0, result code: 0
[m[0;32;31m1970-01-04 05:09:21.816|E|1184141422|lpUCM [IpccProtoMessage.cpp:SerializeParams:112] m_offset, 38912
[m[1;33m1970-01-04 05:09:21.816|W|1184141422|lpUCM [RemoteSails.cpp:SendWithRetry:185] Successfully wrote 1052 bytes
[m[0;32;32m1970-01-04 05:09:21.819|I|1184141422|lpUCM [RemoteSails.cpp:HandleResponse:149] HandleResponse started, buffer size: 1048
[m[0;32;32m1970-01-04 05:09:21.819|I|1184141422|lpUCM [RemoteSails.cpp:HandleResponse:158] Successfully deserialized response, status: 0, result code: 0
[m[0;32;31m1970-01-04 05:09:21.819|E|1184141422|lpUCM [IpccProtoMessage.cpp:SerializeParams:112] m_offset, 39936
[m[1;33m1970-01-04 05:09:21.819|W|1184141422|lpUCM [RemoteSails.cpp:SendWithRetry:185] Successfully wrote 1052 bytes
[m[0;32;32m1970-01-04 05:09:21.822|I|1184141422|lpUCM [RemoteSails.cpp:HandleResponse:149] HandleResponse started, buffer size: 1048
[m[0;32;32m1970-01-04 05:09:21.822|I|1184141422|lpUCM [RemoteSails.cpp:HandleResponse:158] Successfully deserialized response, status: 0, result code: 0
[m[0;32;31m1970-01-04 05:09:21.822|E|1184141422|lpUCM [IpccProtoMessage.cpp:SerializeParams:112] m_offset, 40960
[m[1;33m1970-01-04 05:09:21.822|W|1184141422|lpUCM [RemoteSails.cpp:SendWithRetry:185] Successfully wrote 1052 bytes
[m[0;32;32m1970-01-04 05:09:21.855|I|1184141422|lpUCM [RemoteSails.cpp:HandleResponse:149] HandleResponse started, buffer size: 1048
[m[0;32;32m1970-01-04 05:09:21.855|I|1184141422|lpUCM [RemoteSails.cpp:HandleResponse:158] Successfully deserialized response, status: 0, result code: 0
[m[0;32;31m1970-01-04 05:09:21.855|E|1184141422|lpUCM [IpccProtoMessage.cpp:SerializeParams:112] m_offset, 41984
[m[1;33m1970-01-04 05:09:21.855|W|1184141422|lpUCM [RemoteSails.cpp:SendWithRetry:185] Successfully wrote 1052 bytes
[m[0;32;32m1970-01-04 05:09:21.858|I|1184141422|lpUCM [RemoteSails.cpp:HandleResponse:149] HandleResponse started, buffer size: 1048
[m[0;32;32m1970-01-04 05:09:21.858|I|1184141422|lpUCM [RemoteSails.cpp:HandleResponse:158] Successfully deserialized response, status: 0, result code: 0
[m[0;32;31m1970-01-04 05:09:21.858|E|1184141422|lpUCM [IpccProtoMessage.cpp:SerializeParams:112] m_offset, 43008
[m[1;33m1970-01-04 05:09:21.858|W|1184141422|lpUCM [RemoteSails.cpp:SendWithRetry:185] Successfully wrote 1052 bytes
[m[0;32;32m1970-01-04 05:09:21.864|I|1184141422|lpUCM [RemoteSails.cpp:HandleResponse:149] HandleResponse started, buffer size: 1048
[m[0;32;32m1970-01-04 05:09:21.864|I|1184141422|lpUCM [RemoteSails.cpp:HandleResponse:158] Successfully deserialized response, status: 0, result code: 0
[m[0;32;31m1970-01-04 05:09:21.864|E|1184141422|lpUCM [IpccProtoMessage.cpp:SerializeParams:112] m_offset, 44032
[m[1;33m1970-01-04 05:09:21.864|W|1184141422|lpUCM [RemoteSails.cpp:SendWithRetry:185] Successfully wrote 1052 bytes
[m[0;32;32m1970-01-04 05:09:21.867|I|1184141422|lpUCM [RemoteSails.cpp:HandleResponse:149] HandleResponse started, buffer size: 1048
[m[0;32;32m1970-01-04 05:09:21.867|I|1184141422|lpUCM [RemoteSails.cpp:HandleResponse:158] Successfully deserialized response, status: 0, result code: 0
[m[0;32;31m1970-01-04 05:09:21.867|E|1184141422|lpUCM [IpccProtoMessage.cpp:SerializeParams:112] m_offset, 45056
[m[1;33m1970-01-04 05:09:21.867|W|1184141422|lpUCM [RemoteSails.cpp:SendWithRetry:185] Successfully wrote 1052 bytes
[m[0;32;32m1970-01-04 05:09:21.900|I|1184141422|lpUCM [RemoteSails.cpp:HandleResponse:149] HandleResponse started, buffer size: 1048
[m[0;32;32m1970-01-04 05:09:21.900|I|1184141422|lpUCM [RemoteSails.cpp:HandleResponse:158] Successfully deserialized response, status: 0, result code: 0
[m[0;32;31m1970-01-04 05:09:21.900|E|1184141422|lpUCM [IpccProtoMessage.cpp:SerializeParams:112] m_offset, 46080
[m[1;33m1970-01-04 05:09:21.900|W|1184141422|lpUCM [RemoteSails.cpp:SendWithRetry:185] Successfully wrote 1052 bytes
[m[0;32;32m1970-01-04 05:09:21.906|I|1184141422|lpUCM [RemoteSails.cpp:HandleResponse:149] HandleResponse started, buffer size: 1048
[m[0;32;32m1970-01-04 05:09:21.906|I|1184141422|lpUCM [RemoteSails.cpp:HandleResponse:158] Successfully deserialized response, status: 0, result code: 0
[m[0;32;31m1970-01-04 05:09:21.906|E|1184141422|lpUCM [IpccProtoMessage.cpp:SerializeParams:112] m_offset, 47104
[m[1;33m1970-01-04 05:09:21.906|W|1184141422|lpUCM [RemoteSails.cpp:SendWithRetry:185] Successfully wrote 1052 bytes
[m[0;32;32m1970-01-04 05:09:21.909|I|1184141422|lpUCM [RemoteSails.cpp:HandleResponse:149] HandleResponse started, buffer size: 1048
[m[0;32;32m1970-01-04 05:09:21.909|I|1184141422|lpUCM [RemoteSails.cpp:HandleResponse:158] Successfully deserialized response, status: 0, result code: 0
[m[0;32;31m1970-01-04 05:09:21.909|E|1184141422|lpUCM [IpccProtoMessage.cpp:SerializeParams:112] m_offset, 48128
[m[1;33m1970-01-04 05:09:21.909|W|1184141422|lpUCM [RemoteSails.cpp:SendWithRetry:185] Successfully wrote 1052 bytes
[m[0;32;32m1970-01-04 05:09:21.913|I|1184141422|lpUCM [RemoteSails.cpp:HandleResponse:149] HandleResponse started, buffer size: 1048
[m[0;32;32m1970-01-04 05:09:21.913|I|1184141422|lpUCM [RemoteSails.cpp:HandleResponse:158] Successfully deserialized response, status: 0, result code: 0
[m[0;32;32m1970-01-04 05:09:21.913|I|1184141422|lpUCM [RemoteSails.cpp:SailWriteData:272] All data already trans size 16384
[m[0;32;32m1970-01-04 05:09:21.913|I|1184141422|lpUCM [fds.cpp:FDS_OnLocalUpgProgress:248] total: 23, curr:23, percent:15, rop:96%
[m[0;32;32m1970-01-04 05:09:21.913|I|1184141422|lpUCM [RemoteSails.cpp:SailWriteData:254] total data is 16384
[m[0;32;31m1970-01-04 05:09:21.913|E|1184141422|lpUCM [IpccProtoMessage.cpp:SerializeParams:112] m_offset, 49152
[m[1;33m1970-01-04 05:09:21.913|W|1184141422|lpUCM [RemoteSails.cpp:SendWithRetry:185] Successfully wrote 1052 bytes
[m[0;32;32m1970-01-04 05:09:21.948|I|1184141422|lpUCM [RemoteSails.cpp:HandleResponse:149] HandleResponse started, buffer size: 1048
[m[0;32;32m1970-01-04 05:09:21.948|I|1184141422|lpUCM [RemoteSails.cpp:HandleResponse:158] Successfully deserialized response, status: 0, result code: 0
[m[0;32;31m1970-01-04 05:09:21.948|E|1184141422|lpUCM [IpccProtoMessage.cpp:SerializeParams:112] m_offset, 50176
[m[1;33m1970-01-04 05:09:21.948|W|1184141422|lpUCM [RemoteSails.cpp:SendWithRetry:185] Successfully wrote 1052 bytes
[m[0;32;32m1970-01-04 05:09:21.952|I|1184141422|lpUCM [RemoteSails.cpp:HandleResponse:149] HandleResponse started, buffer size: 1048
[m[0;32;32m1970-01-04 05:09:21.952|I|1184141422|lpUCM [RemoteSails.cpp:HandleResponse:158] Successfully deserialized response, status: 0, result code: 0
[m[0;32;31m1970-01-04 05:09:21.952|E|1184141422|lpUCM [IpccProtoMessage.cpp:SerializeParams:112] m_offset, 51200
[m[1;33m1970-01-04 05:09:21.952|W|1184141422|lpUCM [RemoteSails.cpp:SendWithRetry:185] Successfully wrote 1052 bytes
[m[0;32;32m1970-01-04 05:09:21.956|I|1184141422|lpUCM [RemoteSails.cpp:HandleResponse:149] HandleResponse started, buffer size: 1048
[m[0;32;32m1970-01-04 05:09:21.956|I|1184141422|lpUCM [RemoteSails.cpp:HandleResponse:158] Successfully deserialized response, status: 0, result code: 0
[m[0;32;31m1970-01-04 05:09:21.956|E|1184141422|lpUCM [IpccProtoMessage.cpp:SerializeParams:112] m_offset, 52224
[m[1;33m1970-01-04 05:09:21.956|W|1184141422|lpUCM [RemoteSails.cpp:SendWithRetry:185] Successfully wrote 1052 bytes
[m[0;32;32m1970-01-04 05:09:21.959|I|1184141422|lpUCM [RemoteSails.cpp:HandleResponse:149] HandleResponse started, buffer size: 1048
[m[0;32;32m1970-01-04 05:09:21.959|I|1184141422|lpUCM [RemoteSails.cpp:HandleResponse:158] Successfully deserialized response, status: 0, result code: 0
[m[0;32;31m1970-01-04 05:09:21.959|E|1184141422|lpUCM [IpccProtoMessage.cpp:SerializeParams:112] m_offset, 53248
[m[1;33m1970-01-04 05:09:21.959|W|1184141422|lpUCM [RemoteSails.cpp:SendWithRetry:185] Successfully wrote 1052 bytes
[m[0;32;32m1970-01-04 05:09:21.993|I|1184141422|lpUCM [RemoteSails.cpp:HandleResponse:149] HandleResponse started, buffer size: 1048
[m[0;32;32m1970-01-04 05:09:21.993|I|1184141422|lpUCM [RemoteSails.cpp:HandleResponse:158] Successfully deserialized response, status: 0, result code: 0
[m[0;32;31m1970-01-04 05:09:21.993|E|1184141422|lpUCM [IpccProtoMessage.cpp:SerializeParams:112] m_offset, 54272
[m[1;33m1970-01-04 05:09:21.993|W|1184141422|lpUCM [RemoteSails.cpp:SendWithRetry:185] Successfully wrote 1052 bytes
[m[0;32;32m1970-01-04 05:09:21.996|I|1184141422|lpUCM [RemoteSails.cpp:HandleResponse:149] HandleResponse started, buffer size: 1048
[m[0;32;32m1970-01-04 05:09:21.996|I|1184141422|lpUCM [RemoteSails.cpp:HandleResponse:158] Successfully deserialized response, status: 0, result code: 0
[m[0;32;31m1970-01-04 05:09:21.996|E|1184141422|lpUCM [IpccProtoMessage.cpp:SerializeParams:112] m_offset, 55296
[m[1;33m1970-01-04 05:09:21.996|W|1184141422|lpUCM [RemoteSails.cpp:SendWithRetry:185] Successfully wrote 1052 bytes
[m[0;32;32m1970-01-04 05:09:21.999|I|1184141422|lpUCM [RemoteSails.cpp:HandleResponse:149] HandleResponse started, buffer size: 1048
[m[0;32;32m1970-01-04 05:09:21.999|I|1184141422|lpUCM [RemoteSails.cpp:HandleResponse:158] Successfully deserialized response, status: 0, result code: 0
[m[0;32;31m1970-01-04 05:09:21.999|E|1184141422|lpUCM [IpccProtoMessage.cpp:SerializeParams:112] m_offset, 56320
[m[1;33m1970-01-04 05:09:21.999|W|1184141422|lpUCM [RemoteSails.cpp:SendWithRetry:185] Successfully wrote 1052 bytes
[m[0;32;32m1970-01-04 05:09:22.5|I|1184141422|lpUCM [RemoteSails.cpp:HandleResponse:149] HandleResponse started, buffer size: 1048
[m[0;32;32m1970-01-04 05:09:22.5|I|1184141422|lpUCM [RemoteSails.cpp:HandleResponse:158] Successfully deserialized response, status: 0, result code: 0
[m[0;32;31m1970-01-04 05:09:22.5|E|1184141422|lpUCM [IpccProtoMessage.cpp:SerializeParams:112] m_offset, 57344
[m[1;33m1970-01-04 05:09:22.5|W|1184141422|lpUCM [RemoteSails.cpp:SendWithRetry:185] Successfully wrote 1052 bytes
[m[0;32;32m1970-01-04 05:09:22.38|I|1184141422|lpUCM [RemoteSails.cpp:HandleResponse:149] HandleResponse started, buffer size: 1048
[m[0;32;32m1970-01-04 05:09:22.38|I|1184141422|lpUCM [RemoteSails.cpp:HandleResponse:158] Successfully deserialized response, status: 0, result code: 0
[m[0;32;31m1970-01-04 05:09:22.38|E|1184141422|lpUCM [IpccProtoMessage.cpp:SerializeParams:112] m_offset, 58368
[m[1;33m1970-01-04 05:09:22.38|W|1184141422|lpUCM [RemoteSails.cpp:SendWithRetry:185] Successfully wrote 1052 bytes
[m[0;32;32m1970-01-04 05:09:22.44|I|1184141422|lpUCM [RemoteSails.cpp:HandleResponse:149] HandleResponse started, buffer size: 1048
[m[0;32;32m1970-01-04 05:09:22.44|I|1184141422|lpUCM [RemoteSails.cpp:HandleResponse:158] Successfully deserialized response, status: 0, result code: 0
[m[0;32;31m1970-01-04 05:09:22.44|E|1184141422|lpUCM [IpccProtoMessage.cpp:SerializeParams:112] m_offset, 59392
[m[1;33m1970-01-04 05:09:22.44|W|1184141422|lpUCM [RemoteSails.cpp:SendWithRetry:185] Successfully wrote 1052 bytes
[m[0;32;32m1970-01-04 05:09:22.47|I|1184141422|lpUCM [RemoteSails.cpp:HandleResponse:149] HandleResponse started, buffer size: 1048
[m[0;32;32m1970-01-04 05:09:22.47|I|1184141422|lpUCM [RemoteSails.cpp:HandleResponse:158] Successfully deserialized response, status: 0, result code: 0
[m[0;32;31m1970-01-04 05:09:22.47|E|1184141422|lpUCM [IpccProtoMessage.cpp:SerializeParams:112] m_offset, 60416
[m[1;33m1970-01-04 05:09:22.47|W|1184141422|lpUCM [RemoteSails.cpp:SendWithRetry:185] Successfully wrote 1052 bytes
[m[0;32;32m1970-01-04 05:09:22.50|I|1184141422|lpUCM [RemoteSails.cpp:HandleResponse:149] HandleResponse started, buffer size: 1048
[m[0;32;32m1970-01-04 05:09:22.50|I|1184141422|lpUCM [RemoteSails.cpp:HandleResponse:158] Successfully deserialized response, status: 0, result code: 0
[m[0;32;31m1970-01-04 05:09:22.50|E|1184141422|lpUCM [IpccProtoMessage.cpp:SerializeParams:112] m_offset, 61440
[m[1;33m1970-01-04 05:09:22.50|W|1184141422|lpUCM [RemoteSails.cpp:SendWithRetry:185] Successfully wrote 1052 bytes
[m[0;32;32m1970-01-04 05:09:22.83|I|1184141422|lpUCM [RemoteSails.cpp:HandleResponse:149] HandleResponse started, buffer size: 1048
[m[0;32;32m1970-01-04 05:09:22.83|I|1184141422|lpUCM [RemoteSails.cpp:HandleResponse:158] Successfully deserialized response, status: 0, result code: 0
[m[0;32;31m1970-01-04 05:09:22.83|E|1184141422|lpUCM [IpccProtoMessage.cpp:SerializeParams:112] m_offset, 62464
[m[1;33m1970-01-04 05:09:22.83|W|1184141422|lpUCM [RemoteSails.cpp:SendWithRetry:185] Successfully wrote 1052 bytes
[m[0;32;32m1970-01-04 05:09:22.86|I|1184141422|lpUCM [RemoteSails.cpp:HandleResponse:149] HandleResponse started, buffer size: 1048
[m[0;32;32m1970-01-04 05:09:22.86|I|1184141422|lpUCM [RemoteSails.cpp:HandleResponse:158] Successfully deserialized response, status: 0, result code: 0
[m[0;32;31m1970-01-04 05:09:22.86|E|1184141422|lpUCM [IpccProtoMessage.cpp:SerializeParams:112] m_offset, 63488
[m[1;33m1970-01-04 05:09:22.86|W|1184141422|lpUCM [RemoteSails.cpp:SendWithRetry:185] Successfully wrote 1052 bytes
[m[0;32;32m1970-01-04 05:09:22.90|I|1184141422|lpUCM [RemoteSails.cpp:HandleResponse:149] HandleResponse started, buffer size: 1048
[m[0;32;32m1970-01-04 05:09:22.90|I|1184141422|lpUCM [RemoteSails.cpp:HandleResponse:158] Successfully deserialized response, status: 0, result code: 0
[m[0;32;31m1970-01-04 05:09:22.90|E|1184141422|lpUCM [IpccProtoMessage.cpp:SerializeParams:112] m_offset, 64512
[m[1;33m1970-01-04 05:09:22.90|W|1184141422|lpUCM [RemoteSails.cpp:SendWithRetry:185] Successfully wrote 1052 bytes
[m[0;32;32m1970-01-04 05:09:22.94|I|1184141422|lpUCM [RemoteSails.cpp:HandleResponse:149] HandleResponse started, buffer size: 1048
[m[0;32;32m1970-01-04 05:09:22.94|I|1184141422|lpUCM [RemoteSails.cpp:HandleResponse:158] Successfully deserialized response, status: 0, result code: 0
[m[0;32;32m1970-01-04 05:09:22.94|I|1184141422|lpUCM [RemoteSails.cpp:SailWriteData:272] All data already trans size 16384
[m[0;32;32m1970-01-04 05:09:22.94|I|1184141422|lpUCM [fds.cpp:FDS_OnLocalUpgProgress:248] total: 23, curr:23, percent:16, rop:96%
[m[0;32;32m1970-01-04 05:09:22.94|I|1184141422|lpUCM [RemoteSails.cpp:SailWriteData:254] total data is 16384
[m[0;32;31m1970-01-04 05:09:22.94|E|1184141422|lpUCM [IpccProtoMessage.cpp:SerializeParams:112] m_offset, 65536
[m[1;33m1970-01-04 05:09:22.94|W|1184141422|lpUCM [RemoteSails.cpp:SendWithRetry:185] Successfully wrote 1052 bytes
[m[0;32;32m1970-01-04 05:09:22.125|I|1184141422|lpUCM [RemoteSails.cpp:HandleResponse:149] HandleResponse started, buffer size: 1048
[m[0;32;32m1970-01-04 05:09:22.125|I|1184141422|lpUCM [RemoteSails.cpp:HandleResponse:158] Successfully deserialized response, status: 0, result code: 0
[m[0;32;31m1970-01-04 05:09:22.125|E|1184141422|lpUCM [IpccProtoMessage.cpp:SerializeParams:112] m_offset, 66560
[m[1;33m1970-01-04 05:09:22.125|W|1184141422|lpUCM [RemoteSails.cpp:SendWithRetry:185] Successfully wrote 1052 bytes
[m[0;32;32m1970-01-04 05:09:22.129|I|1184141422|lpUCM [RemoteSails.cpp:HandleResponse:149] HandleResponse started, buffer size: 1048
[m[0;32;32m1970-01-04 05:09:22.129|I|1184141422|lpUCM [RemoteSails.cpp:HandleResponse:158] Successfully deserialized response, status: 0, result code: 0
[m[0;32;31m1970-01-04 05:09:22.129|E|1184141422|lpUCM [IpccProtoMessage.cpp:SerializeParams:112] m_offset, 67584
[m[1;33m1970-01-04 05:09:22.129|W|1184141422|lpUCM [RemoteSails.cpp:SendWithRetry:185] Successfully wrote 1052 bytes
[m[0;32;32m1970-01-04 05:09:22.133|I|1184141422|lpUCM [RemoteSails.cpp:HandleResponse:149] HandleResponse started, buffer size: 1048
[m[0;32;32m1970-01-04 05:09:22.133|I|1184141422|lpUCM [RemoteSails.cpp:HandleResponse:158] Successfully deserialized response, status: 0, result code: 0
[m[0;32;31m1970-01-04 05:09:22.133|E|1184141422|lpUCM [IpccProtoMessage.cpp:SerializeParams:112] m_offset, 68608
[m[1;33m1970-01-04 05:09:22.133|W|1184141422|lpUCM [RemoteSails.cpp:SendWithRetry:185] Successfully wrote 1052 bytes
[m[0;32;32m1970-01-04 05:09:22.136|I|1184141422|lpUCM [RemoteSails.cpp:HandleResponse:149] HandleResponse started, buffer size: 1048
[m[0;32;32m1970-01-04 05:09:22.136|I|1184141422|lpUCM [RemoteSails.cpp:HandleResponse:158] Successfully deserialized response, status: 0, result code: 0
[m[0;32;31m1970-01-04 05:09:22.136|E|1184141422|lpUCM [IpccProtoMessage.cpp:SerializeParams:112] m_offset, 69632
[m[1;33m1970-01-04 05:09:22.136|W|1184141422|lpUCM [RemoteSails.cpp:SendWithRetry:185] Successfully wrote 1052 bytes
[m[0;32;32m1970-01-04 05:09:22.170|I|1184141422|lpUCM [RemoteSails.cpp:HandleResponse:149] HandleResponse started, buffer size: 1048
[m[0;32;32m1970-01-04 05:09:22.170|I|1184141422|lpUCM [RemoteSails.cpp:HandleResponse:158] Successfully deserialized response, status: 0, result code: 0
[m[0;32;31m1970-01-04 05:09:22.170|E|1184141422|lpUCM [IpccProtoMessage.cpp:SerializeParams:112] m_offset, 70656
[m[1;33m1970-01-04 05:09:22.170|W|1184141422|lpUCM [RemoteSails.cpp:SendWithRetry:185] Successfully wrote 1052 bytes
[m[0;32;32m1970-01-04 05:09:22.173|I|1184141422|lpUCM [RemoteSails.cpp:HandleResponse:149] HandleResponse started, buffer size: 1048
[m[0;32;32m1970-01-04 05:09:22.173|I|1184141422|lpUCM [RemoteSails.cpp:HandleResponse:158] Successfully deserialized response, status: 0, result code: 0
[m[0;32;31m1970-01-04 05:09:22.173|E|1184141422|lpUCM [IpccProtoMessage.cpp:SerializeParams:112] m_offset, 71680
[m[1;33m1970-01-04 05:09:22.173|W|1184141422|lpUCM [RemoteSails.cpp:SendWithRetry:185] Successfully wrote 1052 bytes
[m[0;32;32m1970-01-04 05:09:22.176|I|1184141422|lpUCM [RemoteSails.cpp:HandleResponse:149] HandleResponse started, buffer size: 1048
[m[0;32;32m1970-01-04 05:09:22.176|I|1184141422|lpUCM [RemoteSails.cpp:HandleResponse:158] Successfully deserialized response, status: 0, result code: 0
[m[0;32;31m1970-01-04 05:09:22.176|E|1184141422|lpUCM [IpccProtoMessage.cpp:SerializeParams:112] m_offset, 72704
[m[1;33m1970-01-04 05:09:22.176|W|1184141422|lpUCM [RemoteSails.cpp:SendWithRetry:185] Successfully wrote 1052 bytes
[m[0;32;32m1970-01-04 05:09:22.179|I|1184141422|lpUCM [RemoteSails.cpp:HandleResponse:149] HandleResponse started, buffer size: 1048
[m[0;32;32m1970-01-04 05:09:22.179|I|1184141422|lpUCM [RemoteSails.cpp:HandleResponse:158] Successfully deserialized response, status: 0, result code: 0
[m[0;32;31m1970-01-04 05:09:22.179|E|1184141422|lpUCM [IpccProtoMessage.cpp:SerializeParams:112] m_offset, 73728
[m[1;33m1970-01-04 05:09:22.179|W|1184141422|lpUCM [RemoteSails.cpp:SendWithRetry:185] Successfully wrote 1052 bytes
[m[0;32;32m1970-01-04 05:09:22.212|I|1184141422|lpUCM [RemoteSails.cpp:HandleResponse:149] HandleResponse started, buffer size: 1048
[m[0;32;32m1970-01-04 05:09:22.212|I|1184141422|lpUCM [RemoteSails.cpp:HandleResponse:158] Successfully deserialized response, status: 0, result code: 0
[m[0;32;31m1970-01-04 05:09:22.212|E|1184141422|lpUCM [IpccProtoMessage.cpp:SerializeParams:112] m_offset, 74752
[m[1;33m1970-01-04 05:09:22.212|W|1184141422|lpUCM [RemoteSails.cpp:SendWithRetry:185] Successfully wrote 1052 bytes
[m[0;32;32m1970-01-04 05:09:22.215|I|1184141422|lpUCM [RemoteSails.cpp:HandleResponse:149] HandleResponse started, buffer size: 1048
[m[0;32;32m1970-01-04 05:09:22.215|I|1184141422|lpUCM [RemoteSails.cpp:HandleResponse:158] Successfully deserialized response, status: 0, result code: 0
[m[0;32;31m1970-01-04 05:09:22.215|E|1184141422|lpUCM [IpccProtoMessage.cpp:SerializeParams:112] m_offset, 75776
[m[1;33m1970-01-04 05:09:22.215|W|1184141422|lpUCM [RemoteSails.cpp:SendWithRetry:185] Successfully wrote 1052 bytes
[m[0;32;32m1970-01-04 05:09:22.218|I|1184141422|lpUCM [RemoteSails.cpp:HandleResponse:149] HandleResponse started, buffer size: 1048
[m[0;32;32m1970-01-04 05:09:22.218|I|1184141422|lpUCM [RemoteSails.cpp:HandleResponse:158] Successfully deserialized response, status: 0, result code: 0
[m[0;32;31m1970-01-04 05:09:22.218|E|1184141422|lpUCM [IpccProtoMessage.cpp:SerializeParams:112] m_offset, 76800
[m[1;33m1970-01-04 05:09:22.218|W|1184141422|lpUCM [RemoteSails.cpp:SendWithRetry:185] Successfully wrote 1052 bytes
[m[0;32;32m1970-01-04 05:09:22.224|I|1184141422|lpUCM [RemoteSails.cpp:HandleResponse:149] HandleResponse started, buffer size: 1048
[m[0;32;32m1970-01-04 05:09:22.224|I|1184141422|lpUCM [RemoteSails.cpp:HandleResponse:158] Successfully deserialized response, status: 0, result code: 0
[m[0;32;31m1970-01-04 05:09:22.224|E|1184141422|lpUCM [IpccProtoMessage.cpp:SerializeParams:112] m_offset, 77824
[m[1;33m1970-01-04 05:09:22.224|W|1184141422|lpUCM [RemoteSails.cpp:SendWithRetry:185] Successfully wrote 1052 bytes
[m[0;32;32m1970-01-04 05:09:22.257|I|1184141422|lpUCM [RemoteSails.cpp:HandleResponse:149] HandleResponse started, buffer size: 1048
[m[0;32;32m1970-01-04 05:09:22.257|I|1184141422|lpUCM [RemoteSails.cpp:HandleResponse:158] Successfully deserialized response, status: 0, result code: 0
[m[0;32;31m1970-01-04 05:09:22.257|E|1184141422|lpUCM [IpccProtoMessage.cpp:SerializeParams:112] m_offset, 78848
[m[1;33m1970-01-04 05:09:22.257|W|1184141422|lpUCM [RemoteSails.cpp:SendWithRetry:185] Successfully wrote 1052 bytes
[m[0;32;32m1970-01-04 05:09:22.261|I|1184141422|lpUCM [RemoteSails.cpp:HandleResponse:149] HandleResponse started, buffer size: 1048
[m[0;32;32m1970-01-04 05:09:22.261|I|1184141422|lpUCM [RemoteSails.cpp:HandleResponse:158] Successfully deserialized response, status: 0, result code: 0
[m[0;32;31m1970-01-04 05:09:22.261|E|1184141422|lpUCM [IpccProtoMessage.cpp:SerializeParams:112] m_offset, 79872
[m[1;33m1970-01-04 05:09:22.261|W|1184141422|lpUCM [RemoteSails.cpp:SendWithRetry:185] Successfully wrote 1052 bytes
[m[0;32;32m1970-01-04 05:09:22.265|I|1184141422|lpUCM [RemoteSails.cpp:HandleResponse:149] HandleResponse started, buffer size: 1048
[m[0;32;32m1970-01-04 05:09:22.265|I|1184141422|lpUCM [RemoteSails.cpp:HandleResponse:158] Successfully deserialized response, status: 0, result code: 0
[m[0;32;31m1970-01-04 05:09:22.265|E|1184141422|lpUCM [IpccProtoMessage.cpp:SerializeParams:112] m_offset, 80896
[m[1;33m1970-01-04 05:09:22.265|W|1184141422|lpUCM [RemoteSails.cpp:SendWithRetry:185] Successfully wrote 1052 bytes
[m[0;32;32m1970-01-04 05:09:22.268|I|1184141422|lpUCM [RemoteSails.cpp:HandleResponse:149] HandleResponse started, buffer size: 1048
[m[0;32;32m1970-01-04 05:09:22.268|I|1184141422|lpUCM [RemoteSails.cpp:HandleResponse:158] Successfully deserialized response, status: 0, result code: 0
[m[0;32;32m1970-01-04 05:09:22.268|I|1184141422|lpUCM [RemoteSails.cpp:SailWriteData:272] All data already trans size 16384
[m[0;32;32m1970-01-04 05:09:22.268|I|1184141422|lpUCM [fds.cpp:FDS_OnLocalUpgProgress:248] total: 23, curr:23, percent:17, rop:96%
[m[0;32;32m1970-01-04 05:09:22.268|I|1184141422|lpUCM [RemoteSails.cpp:SailWriteData:254] total data is 16384
[m[0;32;31m1970-01-04 05:09:22.268|E|1184141422|lpUCM [IpccProtoMessage.cpp:SerializeParams:112] m_offset, 81920
[m[1;33m1970-01-04 05:09:22.268|W|1184141422|lpUCM [RemoteSails.cpp:SendWithRetry:185] Successfully wrote 1052 bytes
[m[0;32;32m1970-01-04 05:09:22.300|I|1184141422|lpUCM [RemoteSails.cpp:HandleResponse:149] HandleResponse started, buffer size: 1048
[m[0;32;32m1970-01-04 05:09:22.300|I|1184141422|lpUCM [RemoteSails.cpp:HandleResponse:158] Successfully deserialized response, status: 0, result code: 0
[m[0;32;31m1970-01-04 05:09:22.300|E|1184141422|lpUCM [IpccProtoMessage.cpp:SerializeParams:112] m_offset, 82944
[m[1;33m1970-01-04 05:09:22.300|W|1184141422|lpUCM [RemoteSails.cpp:SendWithRetry:185] Successfully wrote 1052 bytes
[m[0;32;32m1970-01-04 05:09:22.303|I|1184141422|lpUCM [RemoteSails.cpp:HandleResponse:149] HandleResponse started, buffer size: 1048
[m[0;32;32m1970-01-04 05:09:22.303|I|1184141422|lpUCM [RemoteSails.cpp:HandleResponse:158] Successfully deserialized response, status: 0, result code: 0
[m[0;32;31m1970-01-04 05:09:22.303|E|1184141422|lpUCM [IpccProtoMessage.cpp:SerializeParams:112] m_offset, 83968
[m[1;33m1970-01-04 05:09:22.303|W|1184141422|lpUCM [RemoteSails.cpp:SendWithRetry:185] Successfully wrote 1052 bytes
[m[0;32;32m1970-01-04 05:09:22.306|I|1184141422|lpUCM [RemoteSails.cpp:HandleResponse:149] HandleResponse started, buffer size: 1048
[m[0;32;32m1970-01-04 05:09:22.306|I|1184141422|lpUCM [RemoteSails.cpp:HandleResponse:158] Successfully deserialized response, status: 0, result code: 0
[m[0;32;31m1970-01-04 05:09:22.306|E|1184141422|lpUCM [IpccProtoMessage.cpp:SerializeParams:112] m_offset, 84992
[m[1;33m1970-01-04 05:09:22.306|W|1184141422|lpUCM [RemoteSails.cpp:SendWithRetry:185] Successfully wrote 1052 bytes
[m[0;32;32m1970-01-04 05:09:22.309|I|1184141422|lpUCM [RemoteSails.cpp:HandleResponse:149] HandleResponse started, buffer size: 1048
[m[0;32;32m1970-01-04 05:09:22.309|I|1184141422|lpUCM [RemoteSails.cpp:HandleResponse:158] Successfully deserialized response, status: 0, result code: 0
[m[0;32;31m1970-01-04 05:09:22.309|E|1184141422|lpUCM [IpccProtoMessage.cpp:SerializeParams:112] m_offset, 86016
[m[1;33m1970-01-04 05:09:22.309|W|1184141422|lpUCM [RemoteSails.cpp:SendWithRetry:185] Successfully wrote 1052 bytes
[m[0;32;32m1970-01-04 05:09:22.341|I|1184141422|lpUCM [RemoteSails.cpp:HandleResponse:149] HandleResponse started, buffer size: 1048
[m[0;32;32m1970-01-04 05:09:22.341|I|1184141422|lpUCM [RemoteSails.cpp:HandleResponse:158] Successfully deserialized response, status: 0, result code: 0
[m[0;32;31m1970-01-04 05:09:22.341|E|1184141422|lpUCM [IpccProtoMessage.cpp:SerializeParams:112] m_offset, 87040
[m[1;33m1970-01-04 05:09:22.341|W|1184141422|lpUCM [RemoteSails.cpp:SendWithRetry:185] Successfully wrote 1052 bytes
[m[0;32;32m1970-01-04 05:09:22.345|I|1184141422|lpUCM [RemoteSails.cpp:HandleResponse:149] HandleResponse started, buffer size: 1048
[m[0;32;32m1970-01-04 05:09:22.345|I|1184141422|lpUCM [RemoteSails.cpp:HandleResponse:158] Successfully deserialized response, status: 0, result code: 0
[m[0;32;31m1970-01-04 05:09:22.345|E|1184141422|lpUCM [IpccProtoMessage.cpp:SerializeParams:112] m_offset, 88064
[m[1;33m1970-01-04 05:09:22.345|W|1184141422|lpUCM [RemoteSails.cpp:SendWithRetry:185] Successfully wrote 1052 bytes
[m[0;32;32m1970-01-04 05:09:22.349|I|1184141422|lpUCM [RemoteSails.cpp:HandleResponse:149] HandleResponse started, buffer size: 1048
[m[0;32;32m1970-01-04 05:09:22.349|I|1184141422|lpUCM [RemoteSails.cpp:HandleResponse:158] Successfully deserialized response, status: 0, result code: 0
[m[0;32;31m1970-01-04 05:09:22.349|E|1184141422|lpUCM [IpccProtoMessage.cpp:SerializeParams:112] m_offset, 89088
[m[1;33m1970-01-04 05:09:22.349|W|1184141422|lpUCM [RemoteSails.cpp:SendWithRetry:185] Successfully wrote 1052 bytes
[m[0;32;32m1970-01-04 05:09:22.353|I|1184141422|lpUCM [RemoteSails.cpp:HandleResponse:149] HandleResponse started, buffer size: 1048
[m[0;32;32m1970-01-04 05:09:22.353|I|1184141422|lpUCM [RemoteSails.cpp:HandleResponse:158] Successfully deserialized response, status: 0, result code: 0
[m[0;32;31m1970-01-04 05:09:22.353|E|1184141422|lpUCM [IpccProtoMessage.cpp:SerializeParams:112] m_offset, 90112
[m[1;33m1970-01-04 05:09:22.353|W|1184141422|lpUCM [RemoteSails.cpp:SendWithRetry:185] Successfully wrote 1052 bytes
[m[0;32;32m1970-01-04 05:09:22.387|I|1184141422|lpUCM [RemoteSails.cpp:HandleResponse:149] HandleResponse started, buffer size: 1048
[m[0;32;32m1970-01-04 05:09:22.387|I|1184141422|lpUCM [RemoteSails.cpp:HandleResponse:158] Successfully deserialized response, status: 0, result code: 0
[m[0;32;31m1970-01-04 05:09:22.387|E|1184141422|lpUCM [IpccProtoMessage.cpp:SerializeParams:112] m_offset, 91136
[m[1;33m1970-01-04 05:09:22.387|W|1184141422|lpUCM [RemoteSails.cpp:SendWithRetry:185] Successfully wrote 1052 bytes
[m[0;32;32m1970-01-04 05:09:22.390|I|1184141422|lpUCM [RemoteSails.cpp:HandleResponse:149] HandleResponse started, buffer size: 1048
[m[0;32;32m1970-01-04 05:09:22.390|I|1184141422|lpUCM [RemoteSails.cpp:HandleResponse:158] Successfully deserialized response, status: 0, result code: 0
[m[0;32;31m1970-01-04 05:09:22.390|E|1184141422|lpUCM [IpccProtoMessage.cpp:SerializeParams:112] m_offset, 92160
[m[1;33m1970-01-04 05:09:22.390|W|1184141422|lpUCM [RemoteSails.cpp:SendWithRetry:185] Successfully wrote 1052 bytes
[m[0;32;32m1970-01-04 05:09:22.393|I|1184141422|lpUCM [RemoteSails.cpp:HandleResponse:149] HandleResponse started, buffer size: 1048
[m[0;32;32m1970-01-04 05:09:22.393|I|1184141422|lpUCM [RemoteSails.cpp:HandleResponse:158] Successfully deserialized response, status: 0, result code: 0
[m[0;32;31m1970-01-04 05:09:22.393|E|1184141422|lpUCM [IpccProtoMessage.cpp:SerializeParams:112] m_offset, 93184
[m[1;33m1970-01-04 05:09:22.393|W|1184141422|lpUCM [RemoteSails.cpp:SendWithRetry:185] Successfully wrote 1052 bytes
[m[0;32;32m1970-01-04 05:09:22.396|I|1184141422|lpUCM [RemoteSails.cpp:HandleResponse:149] HandleResponse started, buffer size: 1048
[m[0;32;32m1970-01-04 05:09:22.396|I|1184141422|lpUCM [RemoteSails.cpp:HandleResponse:158] Successfully deserialized response, status: 0, result code: 0
[m[0;32;31m1970-01-04 05:09:22.396|E|1184141422|lpUCM [IpccProtoMessage.cpp:SerializeParams:112] m_offset, 94208
[m[1;33m1970-01-04 05:09:22.396|W|1184141422|lpUCM [RemoteSails.cpp:SendWithRetry:185] Successfully wrote 1052 bytes
[m[0;32;32m1970-01-04 05:09:22.429|I|1184141422|lpUCM [RemoteSails.cpp:HandleResponse:149] HandleResponse started, buffer size: 1048
[m[0;32;32m1970-01-04 05:09:22.429|I|1184141422|lpUCM [RemoteSails.cpp:HandleResponse:158] Successfully deserialized response, status: 0, result code: 0
[m[0;32;31m1970-01-04 05:09:22.429|E|1184141422|lpUCM [IpccProtoMessage.cpp:SerializeParams:112] m_offset, 95232
[m[1;33m1970-01-04 05:09:22.429|W|1184141422|lpUCM [RemoteSails.cpp:SendWithRetry:185] Successfully wrote 1052 bytes
[m[0;32;32m1970-01-04 05:09:22.435|I|1184141422|lpUCM [RemoteSails.cpp:HandleResponse:149] HandleResponse started, buffer size: 1048
[m[0;32;32m1970-01-04 05:09:22.435|I|1184141422|lpUCM [RemoteSails.cpp:HandleResponse:158] Successfully deserialized response, status: 0, result code: 0
[m[0;32;31m1970-01-04 05:09:22.435|E|1184141422|lpUCM [IpccProtoMessage.cpp:SerializeParams:112] m_offset, 96256
[m[1;33m1970-01-04 05:09:22.435|W|1184141422|lpUCM [RemoteSails.cpp:SendWithRetry:185] Successfully wrote 1052 bytes
[m[0;32;32m1970-01-04 05:09:22.438|I|1184141422|lpUCM [RemoteSails.cpp:HandleResponse:149] HandleResponse started, buffer size: 1048
[m[0;32;32m1970-01-04 05:09:22.438|I|1184141422|lpUCM [RemoteSails.cpp:HandleResponse:158] Successfully deserialized response, status: 0, result code: 0
[m[0;32;31m1970-01-04 05:09:22.438|E|1184141422|lpUCM [IpccProtoMessage.cpp:SerializeParams:112] m_offset, 97280
[m[1;33m1970-01-04 05:09:22.438|W|1184141422|lpUCM [RemoteSails.cpp:SendWithRetry:185] Successfully wrote 1052 bytes
[m[0;32;32m1970-01-04 05:09:22.444|I|1184141422|lpUCM [RemoteSails.cpp:HandleResponse:149] HandleResponse started, buffer size: 1048
[m[0;32;32m1970-01-04 05:09:22.444|I|1184141422|lpUCM [RemoteSails.cpp:HandleResponse:158] Successfully deserialized response, status: 0, result code: 0
[m[0;32;32m1970-01-04 05:09:22.444|I|1184141422|lpUCM [RemoteSails.cpp:SailWriteData:272] All data already trans size 16384
[m[0;32;32m1970-01-04 05:09:22.444|I|1184141422|lpUCM [fds.cpp:FDS_OnLocalUpgProgress:248] total: 23, curr:23, percent:18, rop:96%
[m[0;32;32m1970-01-04 05:09:22.444|I|1184141422|lpUCM [RemoteSails.cpp:SailWriteData:254] total data is 16384
[m[0;32;31m1970-01-04 05:09:22.444|E|1184141422|lpUCM [IpccProtoMessage.cpp:SerializeParams:112] m_offset, 98304
[m[1;33m1970-01-04 05:09:22.444|W|1184141422|lpUCM [RemoteSails.cpp:SendWithRetry:185] Successfully wrote 1052 bytes
[m[0;32;32m1970-01-04 05:09:22.477|I|1184141422|lpUCM [RemoteSails.cpp:HandleResponse:149] HandleResponse started, buffer size: 1048
[m[0;32;32m1970-01-04 05:09:22.477|I|1184141422|lpUCM [RemoteSails.cpp:HandleResponse:158] Successfully deserialized response, status: 0, result code: 0
[m[0;32;31m1970-01-04 05:09:22.477|E|1184141422|lpUCM [IpccProtoMessage.cpp:SerializeParams:112] m_offset, 99328
[m[1;33m1970-01-04 05:09:22.477|W|1184141422|lpUCM [RemoteSails.cpp:SendWithRetry:185] Successfully wrote 1052 bytes
[m[0;32;32m1970-01-04 05:09:22.481|I|1184141422|lpUCM [RemoteSails.cpp:HandleResponse:149] HandleResponse started, buffer size: 1048
[m[0;32;32m1970-01-04 05:09:22.481|I|1184141422|lpUCM [RemoteSails.cpp:HandleResponse:158] Successfully deserialized response, status: 0, result code: 0
[m[0;32;31m1970-01-04 05:09:22.481|E|1184141422|lpUCM [IpccProtoMessage.cpp:SerializeParams:112] m_offset, 100352
[m[1;33m1970-01-04 05:09:22.481|W|1184141422|lpUCM [RemoteSails.cpp:SendWithRetry:185] Successfully wrote 1052 bytes
[m[0;32;32m1970-01-04 05:09:22.484|I|1184141422|lpUCM [RemoteSails.cpp:HandleResponse:149] HandleResponse started, buffer size: 1048
[m[0;32;32m1970-01-04 05:09:22.484|I|1184141422|lpUCM [RemoteSails.cpp:HandleResponse:158] Successfully deserialized response, status: 0, result code: 0
[m[0;32;31m1970-01-04 05:09:22.484|E|1184141422|lpUCM [IpccProtoMessage.cpp:SerializeParams:112] m_offset, 101376
[m[1;33m1970-01-04 05:09:22.484|W|1184141422|lpUCM [RemoteSails.cpp:SendWithRetry:185] Successfully wrote 1052 bytes
[m[0;32;32m1970-01-04 05:09:22.487|I|1184141422|lpUCM [RemoteSails.cpp:HandleResponse:149] HandleResponse started, buffer size: 1048
[m[0;32;32m1970-01-04 05:09:22.487|I|1184141422|lpUCM [RemoteSails.cpp:HandleResponse:158] Successfully deserialized response, status: 0, result code: 0
[m[0;32;31m1970-01-04 05:09:22.487|E|1184141422|lpUCM [IpccProtoMessage.cpp:SerializeParams:112] m_offset, 102400
[m[1;33m1970-01-04 05:09:22.487|W|1184141422|lpUCM [RemoteSails.cpp:SendWithRetry:185] Successfully wrote 1052 bytes
[m[0;32;32m1970-01-04 05:09:22.519|I|1184141422|lpUCM [RemoteSails.cpp:HandleResponse:149] HandleResponse started, buffer size: 1048
[m[0;32;32m1970-01-04 05:09:22.519|I|1184141422|lpUCM [RemoteSails.cpp:HandleResponse:158] Successfully deserialized response, status: 0, result code: 0
[m[0;32;31m1970-01-04 05:09:22.519|E|1184141422|lpUCM [IpccProtoMessage.cpp:SerializeParams:112] m_offset, 103424
[m[1;33m1970-01-04 05:09:22.519|W|1184141422|lpUCM [RemoteSails.cpp:SendWithRetry:185] Successfully wrote 1052 bytes
[m[0;32;32m1970-01-04 05:09:22.523|I|1184141422|lpUCM [RemoteSails.cpp:HandleResponse:149] HandleResponse started, buffer size: 1048
[m[0;32;32m1970-01-04 05:09:22.523|I|1184141422|lpUCM [RemoteSails.cpp:HandleResponse:158] Successfully deserialized response, status: 0, result code: 0
[m[0;32;31m1970-01-04 05:09:22.523|E|1184141422|lpUCM [IpccProtoMessage.cpp:SerializeParams:112] m_offset, 104448
[m[1;33m1970-01-04 05:09:22.523|W|1184141422|lpUCM [RemoteSails.cpp:SendWithRetry:185] Successfully wrote 1052 bytes
[m[0;32;32m1970-01-04 05:09:22.527|I|1184141422|lpUCM [RemoteSails.cpp:HandleResponse:149] HandleResponse started, buffer size: 1048
[m[0;32;32m1970-01-04 05:09:22.527|I|1184141422|lpUCM [RemoteSails.cpp:HandleResponse:158] Successfully deserialized response, status: 0, result code: 0
[m[0;32;31m1970-01-04 05:09:22.527|E|1184141422|lpUCM [IpccProtoMessage.cpp:SerializeParams:112] m_offset, 105472
[m[1;33m1970-01-04 05:09:22.527|W|1184141422|lpUCM [RemoteSails.cpp:SendWithRetry:185] Successfully wrote 1052 bytes
[m[0;32;32m1970-01-04 05:09:22.530|I|1184141422|lpUCM [RemoteSails.cpp:HandleResponse:149] HandleResponse started, buffer size: 1048
[m[0;32;32m1970-01-04 05:09:22.530|I|1184141422|lpUCM [RemoteSails.cpp:HandleResponse:158] Successfully deserialized response, status: 0, result code: 0
[m[0;32;31m1970-01-04 05:09:22.530|E|1184141422|lpUCM [IpccProtoMessage.cpp:SerializeParams:112] m_offset, 106496
[m[1;33m1970-01-04 05:09:22.530|W|1184141422|lpUCM [RemoteSails.cpp:SendWithRetry:185] Successfully wrote 1052 bytes
[m[0;32;32m1970-01-04 05:09:22.563|I|1184141422|lpUCM [RemoteSails.cpp:HandleResponse:149] HandleResponse started, buffer size: 1048
[m[0;32;32m1970-01-04 05:09:22.563|I|1184141422|lpUCM [RemoteSails.cpp:HandleResponse:158] Successfully deserialized response, status: 0, result code: 0
[m[0;32;31m1970-01-04 05:09:22.563|E|1184141422|lpUCM [IpccProtoMessage.cpp:SerializeParams:112] m_offset, 107520
[m[1;33m1970-01-04 05:09:22.563|W|1184141422|lpUCM [RemoteSails.cpp:SendWithRetry:185] Successfully wrote 1052 bytes
[m[0;32;32m1970-01-04 05:09:22.567|I|1184141422|lpUCM [RemoteSails.cpp:HandleResponse:149] HandleResponse started, buffer size: 1048
[m[0;32;32m1970-01-04 05:09:22.567|I|1184141422|lpUCM [RemoteSails.cpp:HandleResponse:158] Successfully deserialized response, status: 0, result code: 0
[m[0;32;31m1970-01-04 05:09:22.567|E|1184141422|lpUCM [IpccProtoMessage.cpp:SerializeParams:112] m_offset, 108544
[m[1;33m1970-01-04 05:09:22.567|W|1184141422|lpUCM [RemoteSails.cpp:SendWithRetry:185] Successfully wrote 1052 bytes
[m[0;32;32m1970-01-04 05:09:22.570|I|1184141422|lpUCM [RemoteSails.cpp:HandleResponse:149] HandleResponse started, buffer size: 1048
[m[0;32;32m1970-01-04 05:09:22.570|I|1184141422|lpUCM [RemoteSails.cpp:HandleResponse:158] Successfully deserialized response, status: 0, result code: 0
[m[0;32;31m1970-01-04 05:09:22.570|E|1184141422|lpUCM [IpccProtoMessage.cpp:SerializeParams:112] m_offset, 109568
[m[1;33m1970-01-04 05:09:22.570|W|1184141422|lpUCM [RemoteSails.cpp:SendWithRetry:185] Successfully wrote 1052 bytes
[m[0;32;32m1970-01-04 05:09:22.573|I|1184141422|lpUCM [RemoteSails.cpp:HandleResponse:149] HandleResponse started, buffer size: 1048
[m[0;32;32m1970-01-04 05:09:22.573|I|1184141422|lpUCM [RemoteSails.cpp:HandleResponse:158] Successfully deserialized response, status: 0, result code: 0
[m[0;32;31m1970-01-04 05:09:22.573|E|1184141422|lpUCM [IpccProtoMessage.cpp:SerializeParams:112] m_offset, 110592
[m[1;33m1970-01-04 05:09:22.573|W|1184141422|lpUCM [RemoteSails.cpp:SendWithRetry:185] Successfully wrote 1052 bytes
[m[0;32;32m1970-01-04 05:09:22.612|I|1184141422|lpUCM [RemoteSails.cpp:HandleResponse:149] HandleResponse started, buffer size: 1048
[m[0;32;32m1970-01-04 05:09:22.612|I|1184141422|lpUCM [RemoteSails.cpp:HandleResponse:158] Successfully deserialized response, status: 0, result code: 0
[m[0;32;31m1970-01-04 05:09:22.612|E|1184141422|lpUCM [IpccProtoMessage.cpp:SerializeParams:112] m_offset, 111616
[m[1;33m1970-01-04 05:09:22.612|W|1184141422|lpUCM [RemoteSails.cpp:SendWithRetry:185] Successfully wrote 1052 bytes
[m[0;32;32m1970-01-04 05:09:22.615|I|1184141422|lpUCM [RemoteSails.cpp:HandleResponse:149] HandleResponse started, buffer size: 1048
[m[0;32;32m1970-01-04 05:09:22.615|I|1184141422|lpUCM [RemoteSails.cpp:HandleResponse:158] Successfully deserialized response, status: 0, result code: 0
[m[0;32;31m1970-01-04 05:09:22.615|E|1184141422|lpUCM [IpccProtoMessage.cpp:SerializeParams:112] m_offset, 112640
[m[1;33m1970-01-04 05:09:22.615|W|1184141422|lpUCM [RemoteSails.cpp:SendWithRetry:185] Successfully wrote 1052 bytes
[m[0;32;32m1970-01-04 05:09:22.618|I|1184141422|lpUCM [RemoteSails.cpp:HandleResponse:149] HandleResponse started, buffer size: 1048
[m[0;32;32m1970-01-04 05:09:22.618|I|1184141422|lpUCM [RemoteSails.cpp:HandleResponse:158] Successfully deserialized response, status: 0, result code: 0
[m[0;32;31m1970-01-04 05:09:22.618|E|1184141422|lpUCM [IpccProtoMessage.cpp:SerializeParams:112] m_offset, 113664
[m[1;33m1970-01-04 05:09:22.618|W|1184141422|lpUCM [RemoteSails.cpp:SendWithRetry:185] Successfully wrote 1052 bytes
[m[0;32;32m1970-01-04 05:09:22.624|I|1184141422|lpUCM [RemoteSails.cpp:HandleResponse:149] HandleResponse started, buffer size: 1048
[m[0;32;32m1970-01-04 05:09:22.624|I|1184141422|lpUCM [RemoteSails.cpp:HandleResponse:158] Successfully deserialized response, status: 0, result code: 0
[m[0;32;32m1970-01-04 05:09:22.624|I|1184141422|lpUCM [RemoteSails.cpp:SailWriteData:272] All data already trans size 16384
[m[0;32;32m1970-01-04 05:09:22.624|I|1184141422|lpUCM [fds.cpp:FDS_OnLocalUpgProgress:248] total: 23, curr:23, percent:19, rop:96%
[m[0;32;32m1970-01-04 05:09:22.624|I|1184141422|lpUCM [RemoteSails.cpp:SailWriteData:254] total data is 16384
[m[0;32;31m1970-01-04 05:09:22.624|E|1184141422|lpUCM [IpccProtoMessage.cpp:SerializeParams:112] m_offset, 114688
[m[1;33m1970-01-04 05:09:22.624|W|1184141422|lpUCM [RemoteSails.cpp:SendWithRetry:185] Successfully wrote 1052 bytes
[m[0;32;32m1970-01-04 05:09:22.657|I|1184141422|lpUCM [RemoteSails.cpp:HandleResponse:149] HandleResponse started, buffer size: 1048
[m[0;32;32m1970-01-04 05:09:22.657|I|1184141422|lpUCM [RemoteSails.cpp:HandleResponse:158] Successfully deserialized response, status: 0, result code: 0
[m[0;32;31m1970-01-04 05:09:22.657|E|1184141422|lpUCM [IpccProtoMessage.cpp:SerializeParams:112] m_offset, 115712
[m[1;33m1970-01-04 05:09:22.657|W|1184141422|lpUCM [RemoteSails.cpp:SendWithRetry:185] Successfully wrote 1052 bytes
[m[0;32;32m1970-01-04 05:09:22.663|I|1184141422|lpUCM [RemoteSails.cpp:HandleResponse:149] HandleResponse started, buffer size: 1048
[m[0;32;32m1970-01-04 05:09:22.663|I|1184141422|lpUCM [RemoteSails.cpp:HandleResponse:158] Successfully deserialized response, status: 0, result code: 0
[m[0;32;31m1970-01-04 05:09:22.663|E|1184141422|lpUCM [IpccProtoMessage.cpp:SerializeParams:112] m_offset, 116736
[m[1;33m1970-01-04 05:09:22.663|W|1184141422|lpUCM [RemoteSails.cpp:SendWithRetry:185] Successfully wrote 1052 bytes
[m[0;32;32m1970-01-04 05:09:22.666|I|1184141422|lpUCM [RemoteSails.cpp:HandleResponse:149] HandleResponse started, buffer size: 1048
[m[0;32;32m1970-01-04 05:09:22.666|I|1184141422|lpUCM [RemoteSails.cpp:HandleResponse:158] Successfully deserialized response, status: 0, result code: 0
[m[0;32;31m1970-01-04 05:09:22.666|E|1184141422|lpUCM [IpccProtoMessage.cpp:SerializeParams:112] m_offset, 117760
[m[1;33m1970-01-04 05:09:22.666|W|1184141422|lpUCM [RemoteSails.cpp:SendWithRetry:185] Successfully wrote 1052 bytes
[m[0;32;32m1970-01-04 05:09:22.669|I|1184141422|lpUCM [RemoteSails.cpp:HandleResponse:149] HandleResponse started, buffer size: 1048
[m[0;32;32m1970-01-04 05:09:22.669|I|1184141422|lpUCM [RemoteSails.cpp:HandleResponse:158] Successfully deserialized response, status: 0, result code: 0
[m[0;32;31m1970-01-04 05:09:22.669|E|1184141422|lpUCM [IpccProtoMessage.cpp:SerializeParams:112] m_offset, 118784
[m[1;33m1970-01-04 05:09:22.669|W|1184141422|lpUCM [RemoteSails.cpp:SendWithRetry:185] Successfully wrote 1052 bytes
[m[0;32;32m1970-01-04 05:09:22.706|I|1184141422|lpUCM [RemoteSails.cpp:HandleResponse:149] HandleResponse started, buffer size: 1048
[m[0;32;32m1970-01-04 05:09:22.706|I|1184141422|lpUCM [RemoteSails.cpp:HandleResponse:158] Successfully deserialized response, status: 0, result code: 0
[m[0;32;31m1970-01-04 05:09:22.706|E|1184141422|lpUCM [IpccProtoMessage.cpp:SerializeParams:112] m_offset, 119808
[m[1;33m1970-01-04 05:09:22.706|W|1184141422|lpUCM [RemoteSails.cpp:SendWithRetry:185] Successfully wrote 1052 bytes
[m[0;32;32m1970-01-04 05:09:22.709|I|1184141422|lpUCM [RemoteSails.cpp:HandleResponse:149] HandleResponse started, buffer size: 1048
[m[0;32;32m1970-01-04 05:09:22.709|I|1184141422|lpUCM [RemoteSails.cpp:HandleResponse:158] Successfully deserialized response, status: 0, result code: 0
[m[0;32;31m1970-01-04 05:09:22.709|E|1184141422|lpUCM [IpccProtoMessage.cpp:SerializeParams:112] m_offset, 120832
[m[1;33m1970-01-04 05:09:22.709|W|1184141422|lpUCM [RemoteSails.cpp:SendWithRetry:185] Successfully wrote 1052 bytes
[m[0;32;32m1970-01-04 05:09:22.715|I|1184141422|lpUCM [RemoteSails.cpp:HandleResponse:149] HandleResponse started, buffer size: 1048
[m[0;32;32m1970-01-04 05:09:22.715|I|1184141422|lpUCM [RemoteSails.cpp:HandleResponse:158] Successfully deserialized response, status: 0, result code: 0
[m[0;32;31m1970-01-04 05:09:22.715|E|1184141422|lpUCM [IpccProtoMessage.cpp:SerializeParams:112] m_offset, 121856
[m[1;33m1970-01-04 05:09:22.715|W|1184141422|lpUCM [RemoteSails.cpp:SendWithRetry:185] Successfully wrote 1052 bytes
[m[0;32;32m1970-01-04 05:09:22.719|I|1184141422|lpUCM [RemoteSails.cpp:HandleResponse:149] HandleResponse started, buffer size: 1048
[m[0;32;32m1970-01-04 05:09:22.719|I|1184141422|lpUCM [RemoteSails.cpp:HandleResponse:158] Successfully deserialized response, status: 0, result code: 0
[m[0;32;31m1970-01-04 05:09:22.719|E|1184141422|lpUCM [IpccProtoMessage.cpp:SerializeParams:112] m_offset, 122880
[m[1;33m1970-01-04 05:09:22.719|W|1184141422|lpUCM [RemoteSails.cpp:SendWithRetry:185] Successfully wrote 1052 bytes
[m[0;32;32m1970-01-04 05:09:22.753|I|1184141422|lpUCM [RemoteSails.cpp:HandleResponse:149] HandleResponse started, buffer size: 1048
[m[0;32;32m1970-01-04 05:09:22.753|I|1184141422|lpUCM [RemoteSails.cpp:HandleResponse:158] Successfully deserialized response, status: 0, result code: 0
[m[0;32;31m1970-01-04 05:09:22.753|E|1184141422|lpUCM [IpccProtoMessage.cpp:SerializeParams:112] m_offset, 123904
[m[1;33m1970-01-04 05:09:22.753|W|1184141422|lpUCM [RemoteSails.cpp:SendWithRetry:185] Successfully wrote 1052 bytes
[m[0;32;32m1970-01-04 05:09:22.757|I|1184141422|lpUCM [RemoteSails.cpp:HandleResponse:149] HandleResponse started, buffer size: 1048
[m[0;32;32m1970-01-04 05:09:22.757|I|1184141422|lpUCM [RemoteSails.cpp:HandleResponse:158] Successfully deserialized response, status: 0, result code: 0
[m[0;32;31m1970-01-04 05:09:22.757|E|1184141422|lpUCM [IpccProtoMessage.cpp:SerializeParams:112] m_offset, 124928
[m[1;33m1970-01-04 05:09:22.757|W|1184141422|lpUCM [RemoteSails.cpp:SendWithRetry:185] Successfully wrote 1052 bytes
[m[0;32;32m1970-01-04 05:09:22.760|I|1184141422|lpUCM [RemoteSails.cpp:HandleResponse:149] HandleResponse started, buffer size: 1048
[m[0;32;32m1970-01-04 05:09:22.760|I|1184141422|lpUCM [RemoteSails.cpp:HandleResponse:158] Successfully deserialized response, status: 0, result code: 0
[m[0;32;31m1970-01-04 05:09:22.760|E|1184141422|lpUCM [IpccProtoMessage.cpp:SerializeParams:112] m_offset, 125952
[m[1;33m1970-01-04 05:09:22.760|W|1184141422|lpUCM [RemoteSails.cpp:SendWithRetry:185] Successfully wrote 1052 bytes
[m[0;32;32m1970-01-04 05:09:22.764|I|1184141422|lpUCM [RemoteSails.cpp:HandleResponse:149] HandleResponse started, buffer size: 1048
[m[0;32;32m1970-01-04 05:09:22.764|I|1184141422|lpUCM [RemoteSails.cpp:HandleResponse:158] Successfully deserialized response, status: 0, result code: 0
[m[0;32;31m1970-01-04 05:09:22.764|E|1184141422|lpUCM [IpccProtoMessage.cpp:SerializeParams:112] m_offset, 126976
[m[1;33m1970-01-04 05:09:22.764|W|1184141422|lpUCM [RemoteSails.cpp:SendWithRetry:185] Successfully wrote 1052 bytes
[m[0;32;32m1970-01-04 05:09:22.796|I|1184141422|lpUCM [RemoteSails.cpp:HandleResponse:149] HandleResponse started, buffer size: 1048
[m[0;32;32m1970-01-04 05:09:22.796|I|1184141422|lpUCM [RemoteSails.cpp:HandleResponse:158] Successfully deserialized response, status: 0, result code: 0
[m[0;32;31m1970-01-04 05:09:22.796|E|1184141422|lpUCM [IpccProtoMessage.cpp:SerializeParams:112] m_offset, 128000
[m[1;33m1970-01-04 05:09:22.796|W|1184141422|lpUCM [RemoteSails.cpp:SendWithRetry:185] Successfully wrote 1052 bytes
[m[0;32;32m1970-01-04 05:09:22.799|I|1184141422|lpUCM [RemoteSails.cpp:HandleResponse:149] HandleResponse started, buffer size: 1048
[m[0;32;32m1970-01-04 05:09:22.799|I|1184141422|lpUCM [RemoteSails.cpp:HandleResponse:158] Successfully deserialized response, status: 0, result code: 0
[m[0;32;31m1970-01-04 05:09:22.799|E|1184141422|lpUCM [IpccProtoMessage.cpp:SerializeParams:112] m_offset, 129024
[m[1;33m1970-01-04 05:09:22.799|W|1184141422|lpUCM [RemoteSails.cpp:SendWithRetry:185] Successfully wrote 1052 bytes
[m[0;32;32m1970-01-04 05:09:22.805|I|1184141422|lpUCM [RemoteSails.cpp:HandleResponse:149] HandleResponse started, buffer size: 1048
[m[0;32;32m1970-01-04 05:09:22.805|I|1184141422|lpUCM [RemoteSails.cpp:HandleResponse:158] Successfully deserialized response, status: 0, result code: 0
[m[0;32;31m1970-01-04 05:09:22.805|E|1184141422|lpUCM [IpccProtoMessage.cpp:SerializeParams:112] m_offset, 130048
[m[1;33m1970-01-04 05:09:22.805|W|1184141422|lpUCM [RemoteSails.cpp:SendWithRetry:185] Successfully wrote 1052 bytes
[m[0;32;32m1970-01-04 05:09:22.808|I|1184141422|lpUCM [RemoteSails.cpp:HandleResponse:149] HandleResponse started, buffer size: 1048
[m[0;32;32m1970-01-04 05:09:22.808|I|1184141422|lpUCM [RemoteSails.cpp:HandleResponse:158] Successfully deserialized response, status: 0, result code: 0
[m[0;32;32m1970-01-04 05:09:22.808|I|1184141422|lpUCM [RemoteSails.cpp:SailWriteData:272] All data already trans size 16384
[m[0;32;32m1970-01-04 05:09:22.808|I|1184141422|lpUCM [fds.cpp:FDS_OnLocalUpgProgress:248] total: 23, curr:23, percent:20, rop:96%
[m[0;32;32m1970-01-04 05:09:22.808|I|1184141422|lpUCM [RemoteSails.cpp:SailWriteData:254] total data is 16384
[m[0;32;31m1970-01-04 05:09:22.808|E|1184141422|lpUCM [IpccProtoMessage.cpp:SerializeParams:112] m_offset, 131072
[m[1;33m1970-01-04 05:09:22.808|W|1184141422|lpUCM [RemoteSails.cpp:SendWithRetry:185] Successfully wrote 1052 bytes
[m[0;32;32m1970-01-04 05:09:22.844|I|1184141422|lpUCM [RemoteSails.cpp:HandleResponse:149] HandleResponse started, buffer size: 1048
[m[0;32;32m1970-01-04 05:09:22.844|I|1184141422|lpUCM [RemoteSails.cpp:HandleResponse:158] Successfully deserialized response, status: 0, result code: 0
[m[0;32;31m1970-01-04 05:09:22.844|E|1184141422|lpUCM [IpccProtoMessage.cpp:SerializeParams:112] m_offset, 132096
[m[1;33m1970-01-04 05:09:22.844|W|1184141422|lpUCM [RemoteSails.cpp:SendWithRetry:185] Successfully wrote 1052 bytes
[m[0;32;32m1970-01-04 05:09:22.847|I|1184141422|lpUCM [RemoteSails.cpp:HandleResponse:149] HandleResponse started, buffer size: 1048
[m[0;32;32m1970-01-04 05:09:22.847|I|1184141422|lpUCM [RemoteSails.cpp:HandleResponse:158] Successfully deserialized response, status: 0, result code: 0
[m[0;32;31m1970-01-04 05:09:22.847|E|1184141422|lpUCM [IpccProtoMessage.cpp:SerializeParams:112] m_offset, 133120
[m[1;33m1970-01-04 05:09:22.847|W|1184141422|lpUCM [RemoteSails.cpp:SendWithRetry:185] Successfully wrote 1052 bytes
[m[0;32;32m1970-01-04 05:09:22.850|I|1184141422|lpUCM [RemoteSails.cpp:HandleResponse:149] HandleResponse started, buffer size: 1048
[m[0;32;32m1970-01-04 05:09:22.850|I|1184141422|lpUCM [RemoteSails.cpp:HandleResponse:158] Successfully deserialized response, status: 0, result code: 0
[m[0;32;31m1970-01-04 05:09:22.850|E|1184141422|lpUCM [IpccProtoMessage.cpp:SerializeParams:112] m_offset, 134144
[m[1;33m1970-01-04 05:09:22.850|W|1184141422|lpUCM [RemoteSails.cpp:SendWithRetry:185] Successfully wrote 1052 bytes
[m[0;32;32m1970-01-04 05:09:22.853|I|1184141422|lpUCM [RemoteSails.cpp:HandleResponse:149] HandleResponse started, buffer size: 1048
[m[0;32;32m1970-01-04 05:09:22.853|I|1184141422|lpUCM [RemoteSails.cpp:HandleResponse:158] Successfully deserialized response, status: 0, result code: 0
[m[0;32;31m1970-01-04 05:09:22.853|E|1184141422|lpUCM [IpccProtoMessage.cpp:SerializeParams:112] m_offset, 135168
[m[1;33m1970-01-04 05:09:22.853|W|1184141422|lpUCM [RemoteSails.cpp:SendWithRetry:185] Successfully wrote 1052 bytes
[m[0;32;32m1970-01-04 05:09:22.887|I|1184141422|lpUCM [RemoteSails.cpp:HandleResponse:149] HandleResponse started, buffer size: 1048
[m[0;32;32m1970-01-04 05:09:22.887|I|1184141422|lpUCM [RemoteSails.cpp:HandleResponse:158] Successfully deserialized response, status: 0, result code: 0
[m[0;32;31m1970-01-04 05:09:22.887|E|1184141422|lpUCM [IpccProtoMessage.cpp:SerializeParams:112] m_offset, 136192
[m[1;33m1970-01-04 05:09:22.887|W|1184141422|lpUCM [RemoteSails.cpp:SendWithRetry:185] Successfully wrote 1052 bytes
[m[0;32;32m1970-01-04 05:09:22.890|I|1184141422|lpUCM [RemoteSails.cpp:HandleResponse:149] HandleResponse started, buffer size: 1048
[m[0;32;32m1970-01-04 05:09:22.890|I|1184141422|lpUCM [RemoteSails.cpp:HandleResponse:158] Successfully deserialized response, status: 0, result code: 0
[m[0;32;31m1970-01-04 05:09:22.890|E|1184141422|lpUCM [IpccProtoMessage.cpp:SerializeParams:112] m_offset, 137216
[m[1;33m1970-01-04 05:09:22.890|W|1184141422|lpUCM [RemoteSails.cpp:SendWithRetry:185] Successfully wrote 1052 bytes
[m[0;32;32m1970-01-04 05:09:22.894|I|1184141422|lpUCM [RemoteSails.cpp:HandleResponse:149] HandleResponse started, buffer size: 1048
[m[0;32;32m1970-01-04 05:09:22.894|I|1184141422|lpUCM [RemoteSails.cpp:HandleResponse:158] Successfully deserialized response, status: 0, result code: 0
[m[0;32;31m1970-01-04 05:09:22.894|E|1184141422|lpUCM [IpccProtoMessage.cpp:SerializeParams:112] m_offset, 138240
[m[1;33m1970-01-04 05:09:22.894|W|1184141422|lpUCM [RemoteSails.cpp:SendWithRetry:185] Successfully wrote 1052 bytes
[m[0;32;32m1970-01-04 05:09:22.897|I|1184141422|lpUCM [RemoteSails.cpp:HandleResponse:149] HandleResponse started, buffer size: 1048
[m[0;32;32m1970-01-04 05:09:22.897|I|1184141422|lpUCM [RemoteSails.cpp:HandleResponse:158] Successfully deserialized response, status: 0, result code: 0
[m[0;32;31m1970-01-04 05:09:22.897|E|1184141422|lpUCM [IpccProtoMessage.cpp:SerializeParams:112] m_offset, 139264
[m[1;33m1970-01-04 05:09:22.897|W|1184141422|lpUCM [RemoteSails.cpp:SendWithRetry:185] Successfully wrote 1052 bytes
[m[0;32;32m1970-01-04 05:09:22.933|I|1184141422|lpUCM [RemoteSails.cpp:HandleResponse:149] HandleResponse started, buffer size: 1048
[m[0;32;32m1970-01-04 05:09:22.933|I|1184141422|lpUCM [RemoteSails.cpp:HandleResponse:158] Successfully deserialized response, status: 0, result code: 0
[m[0;32;31m1970-01-04 05:09:22.933|E|1184141422|lpUCM [IpccProtoMessage.cpp:SerializeParams:112] m_offset, 140288
[m[1;33m1970-01-04 05:09:22.933|W|1184141422|lpUCM [RemoteSails.cpp:SendWithRetry:185] Successfully wrote 1052 bytes
[m[0;32;32m1970-01-04 05:09:22.936|I|1184141422|lpUCM [RemoteSails.cpp:HandleResponse:149] HandleResponse started, buffer size: 1048
[m[0;32;32m1970-01-04 05:09:22.936|I|1184141422|lpUCM [RemoteSails.cpp:HandleResponse:158] Successfully deserialized response, status: 0, result code: 0
[m[0;32;31m1970-01-04 05:09:22.936|E|1184141422|lpUCM [IpccProtoMessage.cpp:SerializeParams:112] m_offset, 141312
[m[1;33m1970-01-04 05:09:22.936|W|1184141422|lpUCM [RemoteSails.cpp:SendWithRetry:185] Successfully wrote 1052 bytes
[m[0;32;32m1970-01-04 05:09:22.940|I|1184141422|lpUCM [RemoteSails.cpp:HandleResponse:149] HandleResponse started, buffer size: 1048
[m[0;32;32m1970-01-04 05:09:22.940|I|1184141422|lpUCM [RemoteSails.cpp:HandleResponse:158] Successfully deserialized response, status: 0, result code: 0
[m[0;32;31m1970-01-04 05:09:22.940|E|1184141422|lpUCM [IpccProtoMessage.cpp:SerializeParams:112] m_offset, 142336
[m[1;33m1970-01-04 05:09:22.940|W|1184141422|lpUCM [RemoteSails.cpp:SendWithRetry:185] Successfully wrote 1052 bytes
[m[0;32;32m1970-01-04 05:09:22.944|I|1184141422|lpUCM [RemoteSails.cpp:HandleResponse:149] HandleResponse started, buffer size: 1048
[m[0;32;32m1970-01-04 05:09:22.944|I|1184141422|lpUCM [RemoteSails.cpp:HandleResponse:158] Successfully deserialized response, status: 0, result code: 0
[m[0;32;31m1970-01-04 05:09:22.944|E|1184141422|lpUCM [IpccProtoMessage.cpp:SerializeParams:112] m_offset, 143360
[m[1;33m1970-01-04 05:09:22.944|W|1184141422|lpUCM [RemoteSails.cpp:SendWithRetry:185] Successfully wrote 1052 bytes
[m[0;32;32m1970-01-04 05:09:22.979|I|1184141422|lpUCM [RemoteSails.cpp:HandleResponse:149] HandleResponse started, buffer size: 1048
[m[0;32;32m1970-01-04 05:09:22.979|I|1184141422|lpUCM [RemoteSails.cpp:HandleResponse:158] Successfully deserialized response, status: 0, result code: 0
[m[0;32;31m1970-01-04 05:09:22.979|E|1184141422|lpUCM [IpccProtoMessage.cpp:SerializeParams:112] m_offset, 144384
[m[1;33m1970-01-04 05:09:22.979|W|1184141422|lpUCM [RemoteSails.cpp:SendWithRetry:185] Successfully wrote 1052 bytes
[m[0;32;32m1970-01-04 05:09:22.985|I|1184141422|lpUCM [RemoteSails.cpp:HandleResponse:149] HandleResponse started, buffer size: 1048
[m[0;32;32m1970-01-04 05:09:22.985|I|1184141422|lpUCM [RemoteSails.cpp:HandleResponse:158] Successfully deserialized response, status: 0, result code: 0
[m[0;32;31m1970-01-04 05:09:22.985|E|1184141422|lpUCM [IpccProtoMessage.cpp:SerializeParams:112] m_offset, 145408
[m[1;33m1970-01-04 05:09:22.985|W|1184141422|lpUCM [RemoteSails.cpp:SendWithRetry:185] Successfully wrote 1052 bytes
[m[0;32;32m1970-01-04 05:09:22.988|I|1184141422|lpUCM [RemoteSails.cpp:HandleResponse:149] HandleResponse started, buffer size: 1048
[m[0;32;32m1970-01-04 05:09:22.988|I|1184141422|lpUCM [RemoteSails.cpp:HandleResponse:158] Successfully deserialized response, status: 0, result code: 0
[m[0;32;31m1970-01-04 05:09:22.988|E|1184141422|lpUCM [IpccProtoMessage.cpp:SerializeParams:112] m_offset, 146432
[m[1;33m1970-01-04 05:09:22.988|W|1184141422|lpUCM [RemoteSails.cpp:SendWithRetry:185] Successfully wrote 1052 bytes
[m[0;32;32m1970-01-04 05:09:22.994|I|1184141422|lpUCM [RemoteSails.cpp:HandleResponse:149] HandleResponse started, buffer size: 1048
[m[0;32;32m1970-01-04 05:09:22.994|I|1184141422|lpUCM [RemoteSails.cpp:HandleResponse:158] Successfully deserialized response, status: 0, result code: 0
[m[0;32;32m1970-01-04 05:09:22.994|I|1184141422|lpUCM [RemoteSails.cpp:SailWriteData:272] All data already trans size 16384
[m[0;32;32m1970-01-04 05:09:22.994|I|1184141422|lpUCM [fds.cpp:FDS_OnLocalUpgProgress:248] total: 23, curr:23, percent:21, rop:96%
[m[0;32;32m1970-01-04 05:09:22.994|I|1184141422|lpUCM [RemoteSails.cpp:SailWriteData:254] total data is 16384
[m[0;32;31m1970-01-04 05:09:22.994|E|1184141422|lpUCM [IpccProtoMessage.cpp:SerializeParams:112] m_offset, 147456
[m[1;33m1970-01-04 05:09:22.994|W|1184141422|lpUCM [RemoteSails.cpp:SendWithRetry:185] Successfully wrote 1052 bytes
[m[0;32;32m1970-01-04 05:09:23.27|I|1184141422|lpUCM [RemoteSails.cpp:HandleResponse:149] HandleResponse started, buffer size: 1048
[m[0;32;32m1970-01-04 05:09:23.27|I|1184141422|lpUCM [RemoteSails.cpp:HandleResponse:158] Successfully deserialized response, status: 0, result code: 0
[m[0;32;31m1970-01-04 05:09:23.27|E|1184141422|lpUCM [IpccProtoMessage.cpp:SerializeParams:112] m_offset, 148480
[m[1;33m1970-01-04 05:09:23.27|W|1184141422|lpUCM [RemoteSails.cpp:SendWithRetry:185] Successfully wrote 1052 bytes
[m[0;32;32m1970-01-04 05:09:23.30|I|1184141422|lpUCM [RemoteSails.cpp:HandleResponse:149] HandleResponse started, buffer size: 1048
[m[0;32;32m1970-01-04 05:09:23.30|I|1184141422|lpUCM [RemoteSails.cpp:HandleResponse:158] Successfully deserialized response, status: 0, result code: 0
[m[0;32;31m1970-01-04 05:09:23.30|E|1184141422|lpUCM [IpccProtoMessage.cpp:SerializeParams:112] m_offset, 149504
[m[1;33m1970-01-04 05:09:23.30|W|1184141422|lpUCM [RemoteSails.cpp:SendWithRetry:185] Successfully wrote 1052 bytes
[m[0;32;32m1970-01-04 05:09:23.33|I|1184141422|lpUCM [RemoteSails.cpp:HandleResponse:149] HandleResponse started, buffer size: 1048
[m[0;32;32m1970-01-04 05:09:23.33|I|1184141422|lpUCM [RemoteSails.cpp:HandleResponse:158] Successfully deserialized response, status: 0, result code: 0
[m[0;32;31m1970-01-04 05:09:23.33|E|1184141422|lpUCM [IpccProtoMessage.cpp:SerializeParams:112] m_offset, 150528
[m[1;33m1970-01-04 05:09:23.33|W|1184141422|lpUCM [RemoteSails.cpp:SendWithRetry:185] Successfully wrote 1052 bytes
[m[0;32;32m1970-01-04 05:09:23.36|I|1184141422|lpUCM [RemoteSails.cpp:HandleResponse:149] HandleResponse started, buffer size: 1048
[m[0;32;32m1970-01-04 05:09:23.36|I|1184141422|lpUCM [RemoteSails.cpp:HandleResponse:158] Successfully deserialized response, status: 0, result code: 0
[m[0;32;31m1970-01-04 05:09:23.36|E|1184141422|lpUCM [IpccProtoMessage.cpp:SerializeParams:112] m_offset, 151552
[m[1;33m1970-01-04 05:09:23.36|W|1184141422|lpUCM [RemoteSails.cpp:SendWithRetry:185] Successfully wrote 1052 bytes
[m[0;32;32m1970-01-04 05:09:23.69|I|1184141422|lpUCM [RemoteSails.cpp:HandleResponse:149] HandleResponse started, buffer size: 1048
[m[0;32;32m1970-01-04 05:09:23.69|I|1184141422|lpUCM [RemoteSails.cpp:HandleResponse:158] Successfully deserialized response, status: 0, result code: 0
[m[0;32;31m1970-01-04 05:09:23.69|E|1184141422|lpUCM [IpccProtoMessage.cpp:SerializeParams:112] m_offset, 152576
[m[1;33m1970-01-04 05:09:23.69|W|1184141422|lpUCM [RemoteSails.cpp:SendWithRetry:185] Successfully wrote 1052 bytes
[m[0;32;32m1970-01-04 05:09:23.72|I|1184141422|lpUCM [RemoteSails.cpp:HandleResponse:149] HandleResponse started, buffer size: 1048
[m[0;32;32m1970-01-04 05:09:23.72|I|1184141422|lpUCM [RemoteSails.cpp:HandleResponse:158] Successfully deserialized response, status: 0, result code: 0
[m[0;32;31m1970-01-04 05:09:23.72|E|1184141422|lpUCM [IpccProtoMessage.cpp:SerializeParams:112] m_offset, 153600
[m[1;33m1970-01-04 05:09:23.72|W|1184141422|lpUCM [RemoteSails.cpp:SendWithRetry:185] Successfully wrote 1052 bytes
[m[0;32;32m1970-01-04 05:09:23.75|I|1184141422|lpUCM [RemoteSails.cpp:HandleResponse:149] HandleResponse started, buffer size: 1048
[m[0;32;32m1970-01-04 05:09:23.75|I|1184141422|lpUCM [RemoteSails.cpp:HandleResponse:158] Successfully deserialized response, status: 0, result code: 0
[m[0;32;31m1970-01-04 05:09:23.75|E|1184141422|lpUCM [IpccProtoMessage.cpp:SerializeParams:112] m_offset, 154624
[m[1;33m1970-01-04 05:09:23.75|W|1184141422|lpUCM [RemoteSails.cpp:SendWithRetry:185] Successfully wrote 1052 bytes
[m[0;32;32m1970-01-04 05:09:23.78|I|1184141422|lpUCM [RemoteSails.cpp:HandleResponse:149] HandleResponse started, buffer size: 1048
[m[0;32;32m1970-01-04 05:09:23.78|I|1184141422|lpUCM [RemoteSails.cpp:HandleResponse:158] Successfully deserialized response, status: 0, result code: 0
[m[0;32;31m1970-01-04 05:09:23.78|E|1184141422|lpUCM [IpccProtoMessage.cpp:SerializeParams:112] m_offset, 155648
[m[1;33m1970-01-04 05:09:23.78|W|1184141422|lpUCM [RemoteSails.cpp:SendWithRetry:185] Successfully wrote 1052 bytes
[m[0;32;32m1970-01-04 05:09:23.113|I|1184141422|lpUCM [RemoteSails.cpp:HandleResponse:149] HandleResponse started, buffer size: 1048
[m[0;32;32m1970-01-04 05:09:23.113|I|1184141422|lpUCM [RemoteSails.cpp:HandleResponse:158] Successfully deserialized response, status: 0, result code: 0
[m[0;32;31m1970-01-04 05:09:23.113|E|1184141422|lpUCM [IpccProtoMessage.cpp:SerializeParams:112] m_offset, 156672
[m[1;33m1970-01-04 05:09:23.113|W|1184141422|lpUCM [RemoteSails.cpp:SendWithRetry:185] Successfully wrote 1052 bytes
[m[0;32;32m1970-01-04 05:09:23.117|I|1184141422|lpUCM [RemoteSails.cpp:HandleResponse:149] HandleResponse started, buffer size: 1048
[m[0;32;32m1970-01-04 05:09:23.117|I|1184141422|lpUCM [RemoteSails.cpp:HandleResponse:158] Successfully deserialized response, status: 0, result code: 0
[m[0;32;31m1970-01-04 05:09:23.117|E|1184141422|lpUCM [IpccProtoMessage.cpp:SerializeParams:112] m_offset, 157696
[m[1;33m1970-01-04 05:09:23.117|W|1184141422|lpUCM [RemoteSails.cpp:SendWithRetry:185] Successfully wrote 1052 bytes
[m[0;32;32m1970-01-04 05:09:23.121|I|1184141422|lpUCM [RemoteSails.cpp:HandleResponse:149] HandleResponse started, buffer size: 1048
[m[0;32;32m1970-01-04 05:09:23.121|I|1184141422|lpUCM [RemoteSails.cpp:HandleResponse:158] Successfully deserialized response, status: 0, result code: 0
[m[0;32;31m1970-01-04 05:09:23.121|E|1184141422|lpUCM [IpccProtoMessage.cpp:SerializeParams:112] m_offset, 158720
[m[1;33m1970-01-04 05:09:23.121|W|1184141422|lpUCM [RemoteSails.cpp:SendWithRetry:185] Successfully wrote 1052 bytes
[m[0;32;32m1970-01-04 05:09:23.125|I|1184141422|lpUCM [RemoteSails.cpp:HandleResponse:149] HandleResponse started, buffer size: 1048
[m[0;32;32m1970-01-04 05:09:23.125|I|1184141422|lpUCM [RemoteSails.cpp:HandleResponse:158] Successfully deserialized response, status: 0, result code: 0
[m[0;32;31m1970-01-04 05:09:23.125|E|1184141422|lpUCM [IpccProtoMessage.cpp:SerializeParams:112] m_offset, 159744
[m[1;33m1970-01-04 05:09:23.125|W|1184141422|lpUCM [RemoteSails.cpp:SendWithRetry:185] Successfully wrote 1052 bytes
[m[0;32;32m1970-01-04 05:09:23.159|I|1184141422|lpUCM [RemoteSails.cpp:HandleResponse:149] HandleResponse started, buffer size: 1048
[m[0;32;32m1970-01-04 05:09:23.159|I|1184141422|lpUCM [RemoteSails.cpp:HandleResponse:158] Successfully deserialized response, status: 0, result code: 0
[m[0;32;31m1970-01-04 05:09:23.159|E|1184141422|lpUCM [IpccProtoMessage.cpp:SerializeParams:112] m_offset, 160768
[m[1;33m1970-01-04 05:09:23.159|W|1184141422|lpUCM [RemoteSails.cpp:SendWithRetry:185] Successfully wrote 1052 bytes
[m[0;32;32m1970-01-04 05:09:23.162|I|1184141422|lpUCM [RemoteSails.cpp:HandleResponse:149] HandleResponse started, buffer size: 1048
[m[0;32;32m1970-01-04 05:09:23.162|I|1184141422|lpUCM [RemoteSails.cpp:HandleResponse:158] Successfully deserialized response, status: 0, result code: 0
[m[0;32;31m1970-01-04 05:09:23.162|E|1184141422|lpUCM [IpccProtoMessage.cpp:SerializeParams:112] m_offset, 161792
[m[1;33m1970-01-04 05:09:23.162|W|1184141422|lpUCM [RemoteSails.cpp:SendWithRetry:185] Successfully wrote 1052 bytes
[m[0;32;32m1970-01-04 05:09:23.166|I|1184141422|lpUCM [RemoteSails.cpp:HandleResponse:149] HandleResponse started, buffer size: 1048
[m[0;32;32m1970-01-04 05:09:23.166|I|1184141422|lpUCM [RemoteSails.cpp:HandleResponse:158] Successfully deserialized response, status: 0, result code: 0
[m[0;32;31m1970-01-04 05:09:23.166|E|1184141422|lpUCM [IpccProtoMessage.cpp:SerializeParams:112] m_offset, 162816
[m[1;33m1970-01-04 05:09:23.166|W|1184141422|lpUCM [RemoteSails.cpp:SendWithRetry:185] Successfully wrote 1052 bytes
[m[0;32;32m1970-01-04 05:09:23.169|I|1184141422|lpUCM [RemoteSails.cpp:HandleResponse:149] HandleResponse started, buffer size: 1048
[m[0;32;32m1970-01-04 05:09:23.169|I|1184141422|lpUCM [RemoteSails.cpp:HandleResponse:158] Successfully deserialized response, status: 0, result code: 0
[m[0;32;32m1970-01-04 05:09:23.169|I|1184141422|lpUCM [RemoteSails.cpp:SailWriteData:272] All data already trans size 16384
[m[0;32;32m1970-01-04 05:09:23.169|I|1184141422|lpUCM [fds.cpp:FDS_OnLocalUpgProgress:248] total: 23, curr:23, percent:22, rop:96%
[m[0;32;32m1970-01-04 05:09:23.169|I|1184141422|lpUCM [RemoteSails.cpp:SailWriteData:254] total data is 16384
[m[0;32;31m1970-01-04 05:09:23.169|E|1184141422|lpUCM [IpccProtoMessage.cpp:SerializeParams:112] m_offset, 163840
[m[1;33m1970-01-04 05:09:23.169|W|1184141422|lpUCM [RemoteSails.cpp:SendWithRetry:185] Successfully wrote 1052 bytes
[m[0;32;32m1970-01-04 05:09:23.205|I|1184141422|lpUCM [RemoteSails.cpp:HandleResponse:149] HandleResponse started, buffer size: 1048
[m[0;32;32m1970-01-04 05:09:23.205|I|1184141422|lpUCM [RemoteSails.cpp:HandleResponse:158] Successfully deserialized response, status: 0, result code: 0
[m[0;32;31m1970-01-04 05:09:23.205|E|1184141422|lpUCM [IpccProtoMessage.cpp:SerializeParams:112] m_offset, 164864
[m[1;33m1970-01-04 05:09:23.205|W|1184141422|lpUCM [RemoteSails.cpp:SendWithRetry:185] Successfully wrote 1052 bytes
[m[0;32;32m1970-01-04 05:09:23.208|I|1184141422|lpUCM [RemoteSails.cpp:HandleResponse:149] HandleResponse started, buffer size: 1048
[m[0;32;32m1970-01-04 05:09:23.208|I|1184141422|lpUCM [RemoteSails.cpp:HandleResponse:158] Successfully deserialized response, status: 0, result code: 0
[m[0;32;31m1970-01-04 05:09:23.208|E|1184141422|lpUCM [IpccProtoMessage.cpp:SerializeParams:112] m_offset, 165888
[m[1;33m1970-01-04 05:09:23.208|W|1184141422|lpUCM [RemoteSails.cpp:SendWithRetry:185] Successfully wrote 1052 bytes
[m[0;32;32m1970-01-04 05:09:23.214|I|1184141422|lpUCM [RemoteSails.cpp:HandleResponse:149] HandleResponse started, buffer size: 1048
[m[0;32;32m1970-01-04 05:09:23.214|I|1184141422|lpUCM [RemoteSails.cpp:HandleResponse:158] Successfully deserialized response, status: 0, result code: 0
[m[0;32;31m1970-01-04 05:09:23.214|E|1184141422|lpUCM [IpccProtoMessage.cpp:SerializeParams:112] m_offset, 166912
[m[1;33m1970-01-04 05:09:23.214|W|1184141422|lpUCM [RemoteSails.cpp:SendWithRetry:185] Successfully wrote 1052 bytes
[m[0;32;32m1970-01-04 05:09:23.217|I|1184141422|lpUCM [RemoteSails.cpp:HandleResponse:149] HandleResponse started, buffer size: 1048
[m[0;32;32m1970-01-04 05:09:23.217|I|1184141422|lpUCM [RemoteSails.cpp:HandleResponse:158] Successfully deserialized response, status: 0, result code: 0
[m[0;32;31m1970-01-04 05:09:23.217|E|1184141422|lpUCM [IpccProtoMessage.cpp:SerializeParams:112] m_offset, 167936
[m[1;33m1970-01-04 05:09:23.217|W|1184141422|lpUCM [RemoteSails.cpp:SendWithRetry:185] Successfully wrote 1052 bytes
[m[0;32;32m1970-01-04 05:09:23.251|I|1184141422|lpUCM [RemoteSails.cpp:HandleResponse:149] HandleResponse started, buffer size: 1048
[m[0;32;32m1970-01-04 05:09:23.251|I|1184141422|lpUCM [RemoteSails.cpp:HandleResponse:158] Successfully deserialized response, status: 0, result code: 0
[m[0;32;31m1970-01-04 05:09:23.251|E|1184141422|lpUCM [IpccProtoMessage.cpp:SerializeParams:112] m_offset, 168960
[m[1;33m1970-01-04 05:09:23.251|W|1184141422|lpUCM [RemoteSails.cpp:SendWithRetry:185] Successfully wrote 1052 bytes
[m[0;32;32m1970-01-04 05:09:23.255|I|1184141422|lpUCM [RemoteSails.cpp:HandleResponse:149] HandleResponse started, buffer size: 1048
[m[0;32;32m1970-01-04 05:09:23.255|I|1184141422|lpUCM [RemoteSails.cpp:HandleResponse:158] Successfully deserialized response, status: 0, result code: 0
[m[0;32;31m1970-01-04 05:09:23.255|E|1184141422|lpUCM [IpccProtoMessage.cpp:SerializeParams:112] m_offset, 169984
[m[1;33m1970-01-04 05:09:23.255|W|1184141422|lpUCM [RemoteSails.cpp:SendWithRetry:185] Successfully wrote 1052 bytes
[m[0;32;32m1970-01-04 05:09:23.259|I|1184141422|lpUCM [RemoteSails.cpp:HandleResponse:149] HandleResponse started, buffer size: 1048
[m[0;32;32m1970-01-04 05:09:23.259|I|1184141422|lpUCM [RemoteSails.cpp:HandleResponse:158] Successfully deserialized response, status: 0, result code: 0
[m[0;32;31m1970-01-04 05:09:23.259|E|1184141422|lpUCM [IpccProtoMessage.cpp:SerializeParams:112] m_offset, 171008
[m[1;33m1970-01-04 05:09:23.259|W|1184141422|lpUCM [RemoteSails.cpp:SendWithRetry:185] Successfully wrote 1052 bytes
[m[0;32;32m1970-01-04 05:09:23.262|I|1184141422|lpUCM [RemoteSails.cpp:HandleResponse:149] HandleResponse started, buffer size: 1048
[m[0;32;32m1970-01-04 05:09:23.262|I|1184141422|lpUCM [RemoteSails.cpp:HandleResponse:158] Successfully deserialized response, status: 0, result code: 0
[m[0;32;31m1970-01-04 05:09:23.262|E|1184141422|lpUCM [IpccProtoMessage.cpp:SerializeParams:112] m_offset, 172032
[m[1;33m1970-01-04 05:09:23.262|W|1184141422|lpUCM [RemoteSails.cpp:SendWithRetry:185] Successfully wrote 1052 bytes
[m[0;32;32m1970-01-04 05:09:23.295|I|1184141422|lpUCM [RemoteSails.cpp:HandleResponse:149] HandleResponse started, buffer size: 1048
[m[0;32;32m1970-01-04 05:09:23.295|I|1184141422|lpUCM [RemoteSails.cpp:HandleResponse:158] Successfully deserialized response, status: 0, result code: 0
[m[0;32;31m1970-01-04 05:09:23.295|E|1184141422|lpUCM [IpccProtoMessage.cpp:SerializeParams:112] m_offset, 173056
[m[1;33m1970-01-04 05:09:23.295|W|1184141422|lpUCM [RemoteSails.cpp:SendWithRetry:185] Successfully wrote 1052 bytes
[m[0;32;32m1970-01-04 05:09:23.299|I|1184141422|lpUCM [RemoteSails.cpp:HandleResponse:149] HandleResponse started, buffer size: 1048
[m[0;32;32m1970-01-04 05:09:23.299|I|1184141422|lpUCM [RemoteSails.cpp:HandleResponse:158] Successfully deserialized response, status: 0, result code: 0
[m[0;32;31m1970-01-04 05:09:23.299|E|1184141422|lpUCM [IpccProtoMessage.cpp:SerializeParams:112] m_offset, 174080
[m[1;33m1970-01-04 05:09:23.299|W|1184141422|lpUCM [RemoteSails.cpp:SendWithRetry:185] Successfully wrote 1052 bytes
[m[0;32;32m1970-01-04 05:09:23.303|I|1184141422|lpUCM [RemoteSails.cpp:HandleResponse:149] HandleResponse started, buffer size: 1048
[m[0;32;32m1970-01-04 05:09:23.303|I|1184141422|lpUCM [RemoteSails.cpp:HandleResponse:158] Successfully deserialized response, status: 0, result code: 0
[m[0;32;31m1970-01-04 05:09:23.303|E|1184141422|lpUCM [IpccProtoMessage.cpp:SerializeParams:112] m_offset, 175104
[m[1;33m1970-01-04 05:09:23.303|W|1184141422|lpUCM [RemoteSails.cpp:SendWithRetry:185] Successfully wrote 1052 bytes
[m[0;32;32m1970-01-04 05:09:23.306|I|1184141422|lpUCM [RemoteSails.cpp:HandleResponse:149] HandleResponse started, buffer size: 1048
[m[0;32;32m1970-01-04 05:09:23.306|I|1184141422|lpUCM [RemoteSails.cpp:HandleResponse:158] Successfully deserialized response, status: 0, result code: 0
[m[0;32;31m1970-01-04 05:09:23.306|E|1184141422|lpUCM [IpccProtoMessage.cpp:SerializeParams:112] m_offset, 176128
[m[1;33m1970-01-04 05:09:23.306|W|1184141422|lpUCM [RemoteSails.cpp:SendWithRetry:185] Successfully wrote 1052 bytes
[m[0;32;32m1970-01-04 05:09:23.341|I|1184141422|lpUCM [RemoteSails.cpp:HandleResponse:149] HandleResponse started, buffer size: 1048
[m[0;32;32m1970-01-04 05:09:23.341|I|1184141422|lpUCM [RemoteSails.cpp:HandleResponse:158] Successfully deserialized response, status: 0, result code: 0
[m[0;32;31m1970-01-04 05:09:23.341|E|1184141422|lpUCM [IpccProtoMessage.cpp:SerializeParams:112] m_offset, 177152
[m[1;33m1970-01-04 05:09:23.341|W|1184141422|lpUCM [RemoteSails.cpp:SendWithRetry:185] Successfully wrote 1052 bytes
[m[0;32;32m1970-01-04 05:09:23.345|I|1184141422|lpUCM [RemoteSails.cpp:HandleResponse:149] HandleResponse started, buffer size: 1048
[m[0;32;32m1970-01-04 05:09:23.345|I|1184141422|lpUCM [RemoteSails.cpp:HandleResponse:158] Successfully deserialized response, status: 0, result code: 0
[m[0;32;31m1970-01-04 05:09:23.345|E|1184141422|lpUCM [IpccProtoMessage.cpp:SerializeParams:112] m_offset, 178176
[m[1;33m1970-01-04 05:09:23.345|W|1184141422|lpUCM [RemoteSails.cpp:SendWithRetry:185] Successfully wrote 1052 bytes
[m[0;32;32m1970-01-04 05:09:23.349|I|1184141422|lpUCM [RemoteSails.cpp:HandleResponse:149] HandleResponse started, buffer size: 1048
[m[0;32;32m1970-01-04 05:09:23.349|I|1184141422|lpUCM [RemoteSails.cpp:HandleResponse:158] Successfully deserialized response, status: 0, result code: 0
[m[0;32;31m1970-01-04 05:09:23.349|E|1184141422|lpUCM [IpccProtoMessage.cpp:SerializeParams:112] m_offset, 179200
[m[1;33m1970-01-04 05:09:23.349|W|1184141422|lpUCM [RemoteSails.cpp:SendWithRetry:185] Successfully wrote 1052 bytes
[m[0;32;32m1970-01-04 05:09:23.355|I|1184141422|lpUCM [RemoteSails.cpp:HandleResponse:149] HandleResponse started, buffer size: 1048
[m[0;32;32m1970-01-04 05:09:23.355|I|1184141422|lpUCM [RemoteSails.cpp:HandleResponse:158] Successfully deserialized response, status: 0, result code: 0
[m[0;32;32m1970-01-04 05:09:23.355|I|1184141422|lpUCM [RemoteSails.cpp:SailWriteData:272] All data already trans size 16384
[m[0;32;32m1970-01-04 05:09:23.355|I|1184141422|lpUCM [fds.cpp:FDS_OnLocalUpgProgress:248] total: 23, curr:23, percent:23, rop:96%
[m[0;32;32m1970-01-04 05:09:23.356|I|1184141422|lpUCM [RemoteSails.cpp:SailWriteData:254] total data is 16384
[m[0;32;31m1970-01-04 05:09:23.356|E|1184141422|lpUCM [IpccProtoMessage.cpp:SerializeParams:112] m_offset, 180224
[m[1;33m1970-01-04 05:09:23.356|W|1184141422|lpUCM [RemoteSails.cpp:SendWithRetry:185] Successfully wrote 1052 bytes
[m[0;32;32m1970-01-04 05:09:23.391|I|1184141422|lpUCM [RemoteSails.cpp:HandleResponse:149] HandleResponse started, buffer size: 1048
[m[0;32;32m1970-01-04 05:09:23.391|I|1184141422|lpUCM [RemoteSails.cpp:HandleResponse:158] Successfully deserialized response, status: 0, result code: 0
[m[0;32;31m1970-01-04 05:09:23.391|E|1184141422|lpUCM [IpccProtoMessage.cpp:SerializeParams:112] m_offset, 181248
[m[1;33m1970-01-04 05:09:23.391|W|1184141422|lpUCM [RemoteSails.cpp:SendWithRetry:185] Successfully wrote 1052 bytes
[m[0;32;32m1970-01-04 05:09:23.394|I|1184141422|lpUCM [RemoteSails.cpp:HandleResponse:149] HandleResponse started, buffer size: 1048
[m[0;32;32m1970-01-04 05:09:23.394|I|1184141422|lpUCM [RemoteSails.cpp:HandleResponse:158] Successfully deserialized response, status: 0, result code: 0
[m[0;32;31m1970-01-04 05:09:23.394|E|1184141422|lpUCM [IpccProtoMessage.cpp:SerializeParams:112] m_offset, 182272
[m[1;33m1970-01-04 05:09:23.394|W|1184141422|lpUCM [RemoteSails.cpp:SendWithRetry:185] Successfully wrote 1052 bytes
[m[0;32;32m1970-01-04 05:09:23.397|I|1184141422|lpUCM [RemoteSails.cpp:HandleResponse:149] HandleResponse started, buffer size: 1048
[m[0;32;32m1970-01-04 05:09:23.397|I|1184141422|lpUCM [RemoteSails.cpp:HandleResponse:158] Successfully deserialized response, status: 0, result code: 0
[m[0;32;31m1970-01-04 05:09:23.397|E|1184141422|lpUCM [IpccProtoMessage.cpp:SerializeParams:112] m_offset, 183296
[m[1;33m1970-01-04 05:09:23.397|W|1184141422|lpUCM [RemoteSails.cpp:SendWithRetry:185] Successfully wrote 1052 bytes
[m[0;32;32m1970-01-04 05:09:23.400|I|1184141422|lpUCM [RemoteSails.cpp:HandleResponse:149] HandleResponse started, buffer size: 1048
[m[0;32;32m1970-01-04 05:09:23.400|I|1184141422|lpUCM [RemoteSails.cpp:HandleResponse:158] Successfully deserialized response, status: 0, result code: 0
[m[0;32;31m1970-01-04 05:09:23.400|E|1184141422|lpUCM [IpccProtoMessage.cpp:SerializeParams:112] m_offset, 184320
[m[1;33m1970-01-04 05:09:23.400|W|1184141422|lpUCM [RemoteSails.cpp:SendWithRetry:185] Successfully wrote 1052 bytes
[m[0;32;32m1970-01-04 05:09:23.436|I|1184141422|lpUCM [RemoteSails.cpp:HandleResponse:149] HandleResponse started, buffer size: 1048
[m[0;32;32m1970-01-04 05:09:23.436|I|1184141422|lpUCM [RemoteSails.cpp:HandleResponse:158] Successfully deserialized response, status: 0, result code: 0
[m[0;32;31m1970-01-04 05:09:23.436|E|1184141422|lpUCM [IpccProtoMessage.cpp:SerializeParams:112] m_offset, 185344
[m[1;33m1970-01-04 05:09:23.436|W|1184141422|lpUCM [RemoteSails.cpp:SendWithRetry:185] Successfully wrote 1052 bytes
[m[0;32;32m1970-01-04 05:09:23.439|I|1184141422|lpUCM [RemoteSails.cpp:HandleResponse:149] HandleResponse started, buffer size: 1048
[m[0;32;32m1970-01-04 05:09:23.439|I|1184141422|lpUCM [RemoteSails.cpp:HandleResponse:158] Successfully deserialized response, status: 0, result code: 0
[m[0;32;31m1970-01-04 05:09:23.439|E|1184141422|lpUCM [IpccProtoMessage.cpp:SerializeParams:112] m_offset, 186368
[m[1;33m1970-01-04 05:09:23.439|W|1184141422|lpUCM [RemoteSails.cpp:SendWithRetry:185] Successfully wrote 1052 bytes
[m[0;32;32m1970-01-04 05:09:23.445|I|1184141422|lpUCM [RemoteSails.cpp:HandleResponse:149] HandleResponse started, buffer size: 1048
[m[0;32;32m1970-01-04 05:09:23.445|I|1184141422|lpUCM [RemoteSails.cpp:HandleResponse:158] Successfully deserialized response, status: 0, result code: 0
[m[0;32;31m1970-01-04 05:09:23.445|E|1184141422|lpUCM [IpccProtoMessage.cpp:SerializeParams:112] m_offset, 187392
[m[1;33m1970-01-04 05:09:23.445|W|1184141422|lpUCM [RemoteSails.cpp:SendWithRetry:185] Successfully wrote 1052 bytes
[m[0;32;32m1970-01-04 05:09:23.448|I|1184141422|lpUCM [RemoteSails.cpp:HandleResponse:149] HandleResponse started, buffer size: 1048
[m[0;32;32m1970-01-04 05:09:23.448|I|1184141422|lpUCM [RemoteSails.cpp:HandleResponse:158] Successfully deserialized response, status: 0, result code: 0
[m[0;32;31m1970-01-04 05:09:23.448|E|1184141422|lpUCM [IpccProtoMessage.cpp:SerializeParams:112] m_offset, 188416
[m[1;33m1970-01-04 05:09:23.448|W|1184141422|lpUCM [RemoteSails.cpp:SendWithRetry:185] Successfully wrote 1052 bytes
[m[0;32;32m1970-01-04 05:09:23.484|I|1184141422|lpUCM [RemoteSails.cpp:HandleResponse:149] HandleResponse started, buffer size: 1048
[m[0;32;32m1970-01-04 05:09:23.484|I|1184141422|lpUCM [RemoteSails.cpp:HandleResponse:158] Successfully deserialized response, status: 0, result code: 0
[m[0;32;31m1970-01-04 05:09:23.484|E|1184141422|lpUCM [IpccProtoMessage.cpp:SerializeParams:112] m_offset, 189440
[m[1;33m1970-01-04 05:09:23.484|W|1184141422|lpUCM [RemoteSails.cpp:SendWithRetry:185] Successfully wrote 1052 bytes
[m[0;32;32m1970-01-04 05:09:23.487|I|1184141422|lpUCM [RemoteSails.cpp:HandleResponse:149] HandleResponse started, buffer size: 1048
[m[0;32;32m1970-01-04 05:09:23.487|I|1184141422|lpUCM [RemoteSails.cpp:HandleResponse:158] Successfully deserialized response, status: 0, result code: 0
[m[0;32;31m1970-01-04 05:09:23.487|E|1184141422|lpUCM [IpccProtoMessage.cpp:SerializeParams:112] m_offset, 190464
[m[1;33m1970-01-04 05:09:23.487|W|1184141422|lpUCM [RemoteSails.cpp:SendWithRetry:185] Successfully wrote 1052 bytes
[m[0;32;32m1970-01-04 05:09:23.490|I|1184141422|lpUCM [RemoteSails.cpp:HandleResponse:149] HandleResponse started, buffer size: 1048
[m[0;32;32m1970-01-04 05:09:23.490|I|1184141422|lpUCM [RemoteSails.cpp:HandleResponse:158] Successfully deserialized response, status: 0, result code: 0
[m[0;32;31m1970-01-04 05:09:23.490|E|1184141422|lpUCM [IpccProtoMessage.cpp:SerializeParams:112] m_offset, 191488
[m[1;33m1970-01-04 05:09:23.490|W|1184141422|lpUCM [RemoteSails.cpp:SendWithRetry:185] Successfully wrote 1052 bytes
[m[0;32;32m1970-01-04 05:09:23.493|I|1184141422|lpUCM [RemoteSails.cpp:HandleResponse:149] HandleResponse started, buffer size: 1048
[m[0;32;32m1970-01-04 05:09:23.493|I|1184141422|lpUCM [RemoteSails.cpp:HandleResponse:158] Successfully deserialized response, status: 0, result code: 0
[m[0;32;31m1970-01-04 05:09:23.493|E|1184141422|lpUCM [IpccProtoMessage.cpp:SerializeParams:112] m_offset, 192512
[m[1;33m1970-01-04 05:09:23.493|W|1184141422|lpUCM [RemoteSails.cpp:SendWithRetry:185] Successfully wrote 1052 bytes
[m[0;32;32m1970-01-04 05:09:23.526|I|1184141422|lpUCM [RemoteSails.cpp:HandleResponse:149] HandleResponse started, buffer size: 1048
[m[0;32;32m1970-01-04 05:09:23.526|I|1184141422|lpUCM [RemoteSails.cpp:HandleResponse:158] Successfully deserialized response, status: 0, result code: 0
[m[0;32;31m1970-01-04 05:09:23.526|E|1184141422|lpUCM [IpccProtoMessage.cpp:SerializeParams:112] m_offset, 193536
[m[1;33m1970-01-04 05:09:23.526|W|1184141422|lpUCM [RemoteSails.cpp:SendWithRetry:185] Successfully wrote 1052 bytes
[m[0;32;32m1970-01-04 05:09:23.530|I|1184141422|lpUCM [RemoteSails.cpp:HandleResponse:149] HandleResponse started, buffer size: 1048
[m[0;32;32m1970-01-04 05:09:23.530|I|1184141422|lpUCM [RemoteSails.cpp:HandleResponse:158] Successfully deserialized response, status: 0, result code: 0
[m[0;32;31m1970-01-04 05:09:23.530|E|1184141422|lpUCM [IpccProtoMessage.cpp:SerializeParams:112] m_offset, 194560
[m[1;33m1970-01-04 05:09:23.530|W|1184141422|lpUCM [RemoteSails.cpp:SendWithRetry:185] Successfully wrote 1052 bytes
[m[0;32;32m1970-01-04 05:09:23.534|I|1184141422|lpUCM [RemoteSails.cpp:HandleResponse:149] HandleResponse started, buffer size: 1048
[m[0;32;32m1970-01-04 05:09:23.534|I|1184141422|lpUCM [RemoteSails.cpp:HandleResponse:158] Successfully deserialized response, status: 0, result code: 0
[m[0;32;31m1970-01-04 05:09:23.534|E|1184141422|lpUCM [IpccProtoMessage.cpp:SerializeParams:112] m_offset, 195584
[m[1;33m1970-01-04 05:09:23.534|W|1184141422|lpUCM [RemoteSails.cpp:SendWithRetry:185] Successfully wrote 1052 bytes
[m[0;32;32m1970-01-04 05:09:23.537|I|1184141422|lpUCM [RemoteSails.cpp:HandleResponse:149] HandleResponse started, buffer size: 1048
[m[0;32;32m1970-01-04 05:09:23.537|I|1184141422|lpUCM [RemoteSails.cpp:HandleResponse:158] Successfully deserialized response, status: 0, result code: 0
[m[0;32;32m1970-01-04 05:09:23.537|I|1184141422|lpUCM [RemoteSails.cpp:SailWriteData:272] All data already trans size 16384
[m[0;32;32m1970-01-04 05:09:23.537|I|1184141422|lpUCM [fds.cpp:FDS_OnLocalUpgProgress:248] total: 23, curr:23, percent:25, rop:96%
[m[0;32;32m1970-01-04 05:09:23.537|I|1184141422|lpUCM [RemoteSails.cpp:SailWriteData:254] total data is 16384
[m[0;32;31m1970-01-04 05:09:23.537|E|1184141422|lpUCM [IpccProtoMessage.cpp:SerializeParams:112] m_offset, 196608
[m[1;33m1970-01-04 05:09:23.537|W|1184141422|lpUCM [RemoteSails.cpp:SendWithRetry:185] Successfully wrote 1052 bytes
[m[0;32;32m1970-01-04 05:09:23.572|I|1184141422|lpUCM [RemoteSails.cpp:HandleResponse:149] HandleResponse started, buffer size: 1048
[m[0;32;32m1970-01-04 05:09:23.572|I|1184141422|lpUCM [RemoteSails.cpp:HandleResponse:158] Successfully deserialized response, status: 0, result code: 0
[m[0;32;31m1970-01-04 05:09:23.572|E|1184141422|lpUCM [IpccProtoMessage.cpp:SerializeParams:112] m_offset, 197632
[m[1;33m1970-01-04 05:09:23.572|W|1184141422|lpUCM [RemoteSails.cpp:SendWithRetry:185] Successfully wrote 1052 bytes
[m[0;32;32m1970-01-04 05:09:23.575|I|1184141422|lpUCM [RemoteSails.cpp:HandleResponse:149] HandleResponse started, buffer size: 1048
[m[0;32;32m1970-01-04 05:09:23.575|I|1184141422|lpUCM [RemoteSails.cpp:HandleResponse:158] Successfully deserialized response, status: 0, result code: 0
[m[0;32;31m1970-01-04 05:09:23.575|E|1184141422|lpUCM [IpccProtoMessage.cpp:SerializeParams:112] m_offset, 198656
[m[1;33m1970-01-04 05:09:23.575|W|1184141422|lpUCM [RemoteSails.cpp:SendWithRetry:185] Successfully wrote 1052 bytes
[m[0;32;32m1970-01-04 05:09:23.578|I|1184141422|lpUCM [RemoteSails.cpp:HandleResponse:149] HandleResponse started, buffer size: 1048
[m[0;32;32m1970-01-04 05:09:23.578|I|1184141422|lpUCM [RemoteSails.cpp:HandleResponse:158] Successfully deserialized response, status: 0, result code: 0
[m[0;32;31m1970-01-04 05:09:23.578|E|1184141422|lpUCM [IpccProtoMessage.cpp:SerializeParams:112] m_offset, 199680
[m[1;33m1970-01-04 05:09:23.578|W|1184141422|lpUCM [RemoteSails.cpp:SendWithRetry:185] Successfully wrote 1052 bytes
[m[0;32;32m1970-01-04 05:09:23.581|I|1184141422|lpUCM [RemoteSails.cpp:HandleResponse:149] HandleResponse started, buffer size: 1048
[m[0;32;32m1970-01-04 05:09:23.581|I|1184141422|lpUCM [RemoteSails.cpp:HandleResponse:158] Successfully deserialized response, status: 0, result code: 0
[m[0;32;31m1970-01-04 05:09:23.581|E|1184141422|lpUCM [IpccProtoMessage.cpp:SerializeParams:112] m_offset, 200704
[m[1;33m1970-01-04 05:09:23.581|W|1184141422|lpUCM [RemoteSails.cpp:SendWithRetry:185] Successfully wrote 1052 bytes
[m[0;32;32m1970-01-04 05:09:23.617|I|1184141422|lpUCM [RemoteSails.cpp:HandleResponse:149] HandleResponse started, buffer size: 1048
[m[0;32;32m1970-01-04 05:09:23.617|I|1184141422|lpUCM [RemoteSails.cpp:HandleResponse:158] Successfully deserialized response, status: 0, result code: 0
[m[0;32;31m1970-01-04 05:09:23.617|E|1184141422|lpUCM [IpccProtoMessage.cpp:SerializeParams:112] m_offset, 201728
[m[1;33m1970-01-04 05:09:23.617|W|1184141422|lpUCM [RemoteSails.cpp:SendWithRetry:185] Successfully wrote 1052 bytes
[m[0;32;32m1970-01-04 05:09:23.620|I|1184141422|lpUCM [RemoteSails.cpp:HandleResponse:149] HandleResponse started, buffer size: 1048
[m[0;32;32m1970-01-04 05:09:23.620|I|1184141422|lpUCM [RemoteSails.cpp:HandleResponse:158] Successfully deserialized response, status: 0, result code: 0
[m[0;32;31m1970-01-04 05:09:23.620|E|1184141422|lpUCM [IpccProtoMessage.cpp:SerializeParams:112] m_offset, 202752
[m[1;33m1970-01-04 05:09:23.620|W|1184141422|lpUCM [RemoteSails.cpp:SendWithRetry:185] Successfully wrote 1052 bytes
[m[0;32;32m1970-01-04 05:09:23.623|I|1184141422|lpUCM [RemoteSails.cpp:HandleResponse:149] HandleResponse started, buffer size: 1048
[m[0;32;32m1970-01-04 05:09:23.623|I|1184141422|lpUCM [RemoteSails.cpp:HandleResponse:158] Successfully deserialized response, status: 0, result code: 0
[m[0;32;31m1970-01-04 05:09:23.623|E|1184141422|lpUCM [IpccProtoMessage.cpp:SerializeParams:112] m_offset, 203776
[m[1;33m1970-01-04 05:09:23.623|W|1184141422|lpUCM [RemoteSails.cpp:SendWithRetry:185] Successfully wrote 1052 bytes
[m[0;32;32m1970-01-04 05:09:23.626|I|1184141422|lpUCM [RemoteSails.cpp:HandleResponse:149] HandleResponse started, buffer size: 1048
[m[0;32;32m1970-01-04 05:09:23.626|I|1184141422|lpUCM [RemoteSails.cpp:HandleResponse:158] Successfully deserialized response, status: 0, result code: 0
[m[0;32;31m1970-01-04 05:09:23.626|E|1184141422|lpUCM [IpccProtoMessage.cpp:SerializeParams:112] m_offset, 204800
[m[1;33m1970-01-04 05:09:23.626|W|1184141422|lpUCM [RemoteSails.cpp:SendWithRetry:185] Successfully wrote 1052 bytes
[m[0;32;32m1970-01-04 05:09:23.665|I|1184141422|lpUCM [RemoteSails.cpp:HandleResponse:149] HandleResponse started, buffer size: 1048
[m[0;32;32m1970-01-04 05:09:23.665|I|1184141422|lpUCM [RemoteSails.cpp:HandleResponse:158] Successfully deserialized response, status: 0, result code: 0
[m[0;32;31m1970-01-04 05:09:23.665|E|1184141422|lpUCM [IpccProtoMessage.cpp:SerializeParams:112] m_offset, 205824
[m[1;33m1970-01-04 05:09:23.665|W|1184141422|lpUCM [RemoteSails.cpp:SendWithRetry:185] Successfully wrote 1052 bytes
[m[0;32;32m1970-01-04 05:09:23.669|I|1184141422|lpUCM [RemoteSails.cpp:HandleResponse:149] HandleResponse started, buffer size: 1048
[m[0;32;32m1970-01-04 05:09:23.669|I|1184141422|lpUCM [RemoteSails.cpp:HandleResponse:158] Successfully deserialized response, status: 0, result code: 0
[m[0;32;31m1970-01-04 05:09:23.669|E|1184141422|lpUCM [IpccProtoMessage.cpp:SerializeParams:112] m_offset, 206848
[m[1;33m1970-01-04 05:09:23.669|W|1184141422|lpUCM [RemoteSails.cpp:SendWithRetry:185] Successfully wrote 1052 bytes
[m[0;32;32m1970-01-04 05:09:23.676|I|1184141422|lpUCM [RemoteSails.cpp:HandleResponse:149] HandleResponse started, buffer size: 1048
[m[0;32;32m1970-01-04 05:09:23.676|I|1184141422|lpUCM [RemoteSails.cpp:HandleResponse:158] Successfully deserialized response, status: 0, result code: 0
[m[0;32;31m1970-01-04 05:09:23.676|E|1184141422|lpUCM [IpccProtoMessage.cpp:SerializeParams:112] m_offset, 207872
[m[1;33m1970-01-04 05:09:23.676|W|1184141422|lpUCM [RemoteSails.cpp:SendWithRetry:185] Successfully wrote 1052 bytes
[m[0;32;32m1970-01-04 05:09:23.680|I|1184141422|lpUCM [RemoteSails.cpp:HandleResponse:149] HandleResponse started, buffer size: 1048
[m[0;32;32m1970-01-04 05:09:23.680|I|1184141422|lpUCM [RemoteSails.cpp:HandleResponse:158] Successfully deserialized response, status: 0, result code: 0
[m[0;32;31m1970-01-04 05:09:23.680|E|1184141422|lpUCM [IpccProtoMessage.cpp:SerializeParams:112] m_offset, 208896
[m[1;33m1970-01-04 05:09:23.680|W|1184141422|lpUCM [RemoteSails.cpp:SendWithRetry:185] Successfully wrote 1052 bytes
[m[0;32;32m1970-01-04 05:09:23.716|I|1184141422|lpUCM [RemoteSails.cpp:HandleResponse:149] HandleResponse started, buffer size: 1048
[m[0;32;32m1970-01-04 05:09:23.716|I|1184141422|lpUCM [RemoteSails.cpp:HandleResponse:158] Successfully deserialized response, status: 0, result code: 0
[m[0;32;31m1970-01-04 05:09:23.716|E|1184141422|lpUCM [IpccProtoMessage.cpp:SerializeParams:112] m_offset, 209920
[m[1;33m1970-01-04 05:09:23.716|W|1184141422|lpUCM [RemoteSails.cpp:SendWithRetry:185] Successfully wrote 1052 bytes
[m[0;32;32m1970-01-04 05:09:23.720|I|1184141422|lpUCM [RemoteSails.cpp:HandleResponse:149] HandleResponse started, buffer size: 1048
[m[0;32;32m1970-01-04 05:09:23.720|I|1184141422|lpUCM [RemoteSails.cpp:HandleResponse:158] Successfully deserialized response, status: 0, result code: 0
[m[0;32;31m1970-01-04 05:09:23.720|E|1184141422|lpUCM [IpccProtoMessage.cpp:SerializeParams:112] m_offset, 210944
[m[1;33m1970-01-04 05:09:23.720|W|1184141422|lpUCM [RemoteSails.cpp:SendWithRetry:185] Successfully wrote 1052 bytes
[m[0;32;32m1970-01-04 05:09:23.723|I|1184141422|lpUCM [RemoteSails.cpp:HandleResponse:149] HandleResponse started, buffer size: 1048
[m[0;32;32m1970-01-04 05:09:23.723|I|1184141422|lpUCM [RemoteSails.cpp:HandleResponse:158] Successfully deserialized response, status: 0, result code: 0
[m[0;32;31m1970-01-04 05:09:23.723|E|1184141422|lpUCM [IpccProtoMessage.cpp:SerializeParams:112] m_offset, 211968
[m[1;33m1970-01-04 05:09:23.723|W|1184141422|lpUCM [RemoteSails.cpp:SendWithRetry:185] Successfully wrote 1052 bytes
[m[0;32;32m1970-01-04 05:09:23.726|I|1184141422|lpUCM [RemoteSails.cpp:HandleResponse:149] HandleResponse started, buffer size: 1048
[m[0;32;32m1970-01-04 05:09:23.726|I|1184141422|lpUCM [RemoteSails.cpp:HandleResponse:158] Successfully deserialized response, status: 0, result code: 0
[m[0;32;32m1970-01-04 05:09:23.726|I|1184141422|lpUCM [RemoteSails.cpp:SailWriteData:272] All data already trans size 16384
[m[0;32;32m1970-01-04 05:09:23.726|I|1184141422|lpUCM [fds.cpp:FDS_OnLocalUpgProgress:248] total: 23, curr:23, percent:26, rop:96%
[m[0;32;32m1970-01-04 05:09:23.726|I|1184141422|lpUCM [RemoteSails.cpp:SailWriteData:254] total data is 16384
[m[0;32;31m1970-01-04 05:09:23.726|E|1184141422|lpUCM [IpccProtoMessage.cpp:SerializeParams:112] m_offset, 212992
[m[1;33m1970-01-04 05:09:23.726|W|1184141422|lpUCM [RemoteSails.cpp:SendWithRetry:185] Successfully wrote 1052 bytes
[m[0;32;32m1970-01-04 05:09:23.764|I|1184141422|lpUCM [RemoteSails.cpp:HandleResponse:149] HandleResponse started, buffer size: 1048
[m[0;32;32m1970-01-04 05:09:23.764|I|1184141422|lpUCM [RemoteSails.cpp:HandleResponse:158] Successfully deserialized response, status: 0, result code: 0
[m[0;32;31m1970-01-04 05:09:23.764|E|1184141422|lpUCM [IpccProtoMessage.cpp:SerializeParams:112] m_offset, 214016
[m[1;33m1970-01-04 05:09:23.764|W|1184141422|lpUCM [RemoteSails.cpp:SendWithRetry:185] Successfully wrote 1052 bytes
[m[0;32;32m1970-01-04 05:09:23.767|I|1184141422|lpUCM [RemoteSails.cpp:HandleResponse:149] HandleResponse started, buffer size: 1048
[m[0;32;32m1970-01-04 05:09:23.767|I|1184141422|lpUCM [RemoteSails.cpp:HandleResponse:158] Successfully deserialized response, status: 0, result code: 0
[m[0;32;31m1970-01-04 05:09:23.767|E|1184141422|lpUCM [IpccProtoMessage.cpp:SerializeParams:112] m_offset, 215040
[m[1;33m1970-01-04 05:09:23.767|W|1184141422|lpUCM [RemoteSails.cpp:SendWithRetry:185] Successfully wrote 1052 bytes
[m[0;32;32m1970-01-04 05:09:23.771|I|1184141422|lpUCM [RemoteSails.cpp:HandleResponse:149] HandleResponse started, buffer size: 1048
[m[0;32;32m1970-01-04 05:09:23.771|I|1184141422|lpUCM [RemoteSails.cpp:HandleResponse:158] Successfully deserialized response, status: 0, result code: 0
[m[0;32;31m1970-01-04 05:09:23.771|E|1184141422|lpUCM [IpccProtoMessage.cpp:SerializeParams:112] m_offset, 216064
[m[1;33m1970-01-04 05:09:23.771|W|1184141422|lpUCM [RemoteSails.cpp:SendWithRetry:185] Successfully wrote 1052 bytes
[m[0;32;32m1970-01-04 05:09:23.775|I|1184141422|lpUCM [RemoteSails.cpp:HandleResponse:149] HandleResponse started, buffer size: 1048
[m[0;32;32m1970-01-04 05:09:23.775|I|1184141422|lpUCM [RemoteSails.cpp:HandleResponse:158] Successfully deserialized response, status: 0, result code: 0
[m[0;32;31m1970-01-04 05:09:23.775|E|1184141422|lpUCM [IpccProtoMessage.cpp:SerializeParams:112] m_offset, 217088
[m[1;33m1970-01-04 05:09:23.775|W|1184141422|lpUCM [RemoteSails.cpp:SendWithRetry:185] Successfully wrote 1052 bytes
[m[0;32;32m1970-01-04 05:09:23.808|I|1184141422|lpUCM [RemoteSails.cpp:HandleResponse:149] HandleResponse started, buffer size: 1048
[m[0;32;32m1970-01-04 05:09:23.808|I|1184141422|lpUCM [RemoteSails.cpp:HandleResponse:158] Successfully deserialized response, status: 0, result code: 0
[m[0;32;31m1970-01-04 05:09:23.808|E|1184141422|lpUCM [IpccProtoMessage.cpp:SerializeParams:112] m_offset, 218112
[m[1;33m1970-01-04 05:09:23.808|W|1184141422|lpUCM [RemoteSails.cpp:SendWithRetry:185] Successfully wrote 1052 bytes
[m[0;32;32m1970-01-04 05:09:23.811|I|1184141422|lpUCM [RemoteSails.cpp:HandleResponse:149] HandleResponse started, buffer size: 1048
[m[0;32;32m1970-01-04 05:09:23.811|I|1184141422|lpUCM [RemoteSails.cpp:HandleResponse:158] Successfully deserialized response, status: 0, result code: 0
[m[0;32;31m1970-01-04 05:09:23.811|E|1184141422|lpUCM [IpccProtoMessage.cpp:SerializeParams:112] m_offset, 219136
[m[1;33m1970-01-04 05:09:23.811|W|1184141422|lpUCM [RemoteSails.cpp:SendWithRetry:185] Successfully wrote 1052 bytes
[m[0;32;32m1970-01-04 05:09:23.814|I|1184141422|lpUCM [RemoteSails.cpp:HandleResponse:149] HandleResponse started, buffer size: 1048
[m[0;32;32m1970-01-04 05:09:23.814|I|1184141422|lpUCM [RemoteSails.cpp:HandleResponse:158] Successfully deserialized response, status: 0, result code: 0
[m[0;32;31m1970-01-04 05:09:23.814|E|1184141422|lpUCM [IpccProtoMessage.cpp:SerializeParams:112] m_offset, 220160
[m[1;33m1970-01-04 05:09:23.814|W|1184141422|lpUCM [RemoteSails.cpp:SendWithRetry:185] Successfully wrote 1052 bytes
[m[0;32;32m1970-01-04 05:09:23.817|I|1184141422|lpUCM [RemoteSails.cpp:HandleResponse:149] HandleResponse started, buffer size: 1048
[m[0;32;32m1970-01-04 05:09:23.817|I|1184141422|lpUCM [RemoteSails.cpp:HandleResponse:158] Successfully deserialized response, status: 0, result code: 0
[m[0;32;31m1970-01-04 05:09:23.817|E|1184141422|lpUCM [IpccProtoMessage.cpp:SerializeParams:112] m_offset, 221184
[m[1;33m1970-01-04 05:09:23.817|W|1184141422|lpUCM [RemoteSails.cpp:SendWithRetry:185] Successfully wrote 1052 bytes
[m[0;32;32m1970-01-04 05:09:23.850|I|1184141422|lpUCM [RemoteSails.cpp:HandleResponse:149] HandleResponse started, buffer size: 1048
[m[0;32;32m1970-01-04 05:09:23.850|I|1184141422|lpUCM [RemoteSails.cpp:HandleResponse:158] Successfully deserialized response, status: 0, result code: 0
[m[0;32;31m1970-01-04 05:09:23.850|E|1184141422|lpUCM [IpccProtoMessage.cpp:SerializeParams:112] m_offset, 222208
[m[1;33m1970-01-04 05:09:23.850|W|1184141422|lpUCM [RemoteSails.cpp:SendWithRetry:185] Successfully wrote 1052 bytes
[m[0;32;32m1970-01-04 05:09:23.853|I|1184141422|lpUCM [RemoteSails.cpp:HandleResponse:149] HandleResponse started, buffer size: 1048
[m[0;32;32m1970-01-04 05:09:23.853|I|1184141422|lpUCM [RemoteSails.cpp:HandleResponse:158] Successfully deserialized response, status: 0, result code: 0
[m[0;32;31m1970-01-04 05:09:23.853|E|1184141422|lpUCM [IpccProtoMessage.cpp:SerializeParams:112] m_offset, 223232
[m[1;33m1970-01-04 05:09:23.853|W|1184141422|lpUCM [RemoteSails.cpp:SendWithRetry:185] Successfully wrote 1052 bytes
[m[0;32;32m1970-01-04 05:09:23.856|I|1184141422|lpUCM [RemoteSails.cpp:HandleResponse:149] HandleResponse started, buffer size: 1048
[m[0;32;32m1970-01-04 05:09:23.856|I|1184141422|lpUCM [RemoteSails.cpp:HandleResponse:158] Successfully deserialized response, status: 0, result code: 0
[m[0;32;31m1970-01-04 05:09:23.856|E|1184141422|lpUCM [IpccProtoMessage.cpp:SerializeParams:112] m_offset, 224256
[m[1;33m1970-01-04 05:09:23.856|W|1184141422|lpUCM [RemoteSails.cpp:SendWithRetry:185] Successfully wrote 1052 bytes
[m[0;32;32m1970-01-04 05:09:23.859|I|1184141422|lpUCM [RemoteSails.cpp:HandleResponse:149] HandleResponse started, buffer size: 1048
[m[0;32;32m1970-01-04 05:09:23.859|I|1184141422|lpUCM [RemoteSails.cpp:HandleResponse:158] Successfully deserialized response, status: 0, result code: 0
[m[0;32;31m1970-01-04 05:09:23.859|E|1184141422|lpUCM [IpccProtoMessage.cpp:SerializeParams:112] m_offset, 225280
[m[1;33m1970-01-04 05:09:23.859|W|1184141422|lpUCM [RemoteSails.cpp:SendWithRetry:185] Successfully wrote 1052 bytes
[m[0;32;32m1970-01-04 05:09:23.895|I|1184141422|lpUCM [RemoteSails.cpp:HandleResponse:149] HandleResponse started, buffer size: 1048
[m[0;32;32m1970-01-04 05:09:23.895|I|1184141422|lpUCM [RemoteSails.cpp:HandleResponse:158] Successfully deserialized response, status: 0, result code: 0
[m[0;32;31m1970-01-04 05:09:23.895|E|1184141422|lpUCM [IpccProtoMessage.cpp:SerializeParams:112] m_offset, 226304
[m[1;33m1970-01-04 05:09:23.895|W|1184141422|lpUCM [RemoteSails.cpp:SendWithRetry:185] Successfully wrote 1052 bytes
[m[0;32;32m1970-01-04 05:09:23.898|I|1184141422|lpUCM [RemoteSails.cpp:HandleResponse:149] HandleResponse started, buffer size: 1048
[m[0;32;32m1970-01-04 05:09:23.898|I|1184141422|lpUCM [RemoteSails.cpp:HandleResponse:158] Successfully deserialized response, status: 0, result code: 0
[m[0;32;31m1970-01-04 05:09:23.898|E|1184141422|lpUCM [IpccProtoMessage.cpp:SerializeParams:112] m_offset, 227328
[m[1;33m1970-01-04 05:09:23.898|W|1184141422|lpUCM [RemoteSails.cpp:SendWithRetry:185] Successfully wrote 1052 bytes
[m[0;32;32m1970-01-04 05:09:23.904|I|1184141422|lpUCM [RemoteSails.cpp:HandleResponse:149] HandleResponse started, buffer size: 1048
[m[0;32;32m1970-01-04 05:09:23.904|I|1184141422|lpUCM [RemoteSails.cpp:HandleResponse:158] Successfully deserialized response, status: 0, result code: 0
[m[0;32;31m1970-01-04 05:09:23.904|E|1184141422|lpUCM [IpccProtoMessage.cpp:SerializeParams:112] m_offset, 228352
[m[1;33m1970-01-04 05:09:23.904|W|1184141422|lpUCM [RemoteSails.cpp:SendWithRetry:185] Successfully wrote 1052 bytes
[m[0;32;32m1970-01-04 05:09:23.907|I|1184141422|lpUCM [RemoteSails.cpp:HandleResponse:149] HandleResponse started, buffer size: 1048
[m[0;32;32m1970-01-04 05:09:23.907|I|1184141422|lpUCM [RemoteSails.cpp:HandleResponse:158] Successfully deserialized response, status: 0, result code: 0
[m[0;32;32m1970-01-04 05:09:23.907|I|1184141422|lpUCM [RemoteSails.cpp:SailWriteData:272] All data already trans size 16384
[m[0;32;32m1970-01-04 05:09:23.907|I|1184141422|lpUCM [fds.cpp:FDS_OnLocalUpgProgress:248] total: 23, curr:23, percent:27, rop:96%
[m[0;32;32m1970-01-04 05:09:23.909|I|1184141422|lpUCM [RemoteSails.cpp:SailWriteData:254] total data is 16384
[m[0;32;31m1970-01-04 05:09:23.909|E|1184141422|lpUCM [IpccProtoMessage.cpp:SerializeParams:112] m_offset, 229376
[m[1;33m1970-01-04 05:09:23.909|W|1184141422|lpUCM [RemoteSails.cpp:SendWithRetry:185] Successfully wrote 1052 bytes
[m[0;32;32m1970-01-04 05:09:23.946|I|1184141422|lpUCM [RemoteSails.cpp:HandleResponse:149] HandleResponse started, buffer size: 1048
[m[0;32;32m1970-01-04 05:09:23.946|I|1184141422|lpUCM [RemoteSails.cpp:HandleResponse:158] Successfully deserialized response, status: 0, result code: 0
[m[0;32;31m1970-01-04 05:09:23.946|E|1184141422|lpUCM [IpccProtoMessage.cpp:SerializeParams:112] m_offset, 230400
[m[1;33m1970-01-04 05:09:23.946|W|1184141422|lpUCM [RemoteSails.cpp:SendWithRetry:185] Successfully wrote 1052 bytes
[m[0;32;32m1970-01-04 05:09:23.949|I|1184141422|lpUCM [RemoteSails.cpp:HandleResponse:149] HandleResponse started, buffer size: 1048
[m[0;32;32m1970-01-04 05:09:23.949|I|1184141422|lpUCM [RemoteSails.cpp:HandleResponse:158] Successfully deserialized response, status: 0, result code: 0
[m[0;32;31m1970-01-04 05:09:23.949|E|1184141422|lpUCM [IpccProtoMessage.cpp:SerializeParams:112] m_offset, 231424
[m[1;33m1970-01-04 05:09:23.949|W|1184141422|lpUCM [RemoteSails.cpp:SendWithRetry:185] Successfully wrote 1052 bytes
[m[0;32;32m1970-01-04 05:09:23.953|I|1184141422|lpUCM [RemoteSails.cpp:HandleResponse:149] HandleResponse started, buffer size: 1048
[m[0;32;32m1970-01-04 05:09:23.953|I|1184141422|lpUCM [RemoteSails.cpp:HandleResponse:158] Successfully deserialized response, status: 0, result code: 0
[m[0;32;31m1970-01-04 05:09:23.953|E|1184141422|lpUCM [IpccProtoMessage.cpp:SerializeParams:112] m_offset, 232448
[m[1;33m1970-01-04 05:09:23.953|W|1184141422|lpUCM [RemoteSails.cpp:SendWithRetry:185] Successfully wrote 1052 bytes
[m[0;32;32m1970-01-04 05:09:23.956|I|1184141422|lpUCM [RemoteSails.cpp:HandleResponse:149] HandleResponse started, buffer size: 1048
[m[0;32;32m1970-01-04 05:09:23.956|I|1184141422|lpUCM [RemoteSails.cpp:HandleResponse:158] Successfully deserialized response, status: 0, result code: 0
[m[0;32;31m1970-01-04 05:09:23.956|E|1184141422|lpUCM [IpccProtoMessage.cpp:SerializeParams:112] m_offset, 233472
[m[1;33m1970-01-04 05:09:23.956|W|1184141422|lpUCM [RemoteSails.cpp:SendWithRetry:185] Successfully wrote 1052 bytes
[m[0;32;32m1970-01-04 05:09:23.990|I|1184141422|lpUCM [RemoteSails.cpp:HandleResponse:149] HandleResponse started, buffer size: 1048
[m[0;32;32m1970-01-04 05:09:23.990|I|1184141422|lpUCM [RemoteSails.cpp:HandleResponse:158] Successfully deserialized response, status: 0, result code: 0
[m[0;32;31m1970-01-04 05:09:23.990|E|1184141422|lpUCM [IpccProtoMessage.cpp:SerializeParams:112] m_offset, 234496
[m[1;33m1970-01-04 05:09:23.990|W|1184141422|lpUCM [RemoteSails.cpp:SendWithRetry:185] Successfully wrote 1052 bytes
[m[0;32;32m1970-01-04 05:09:23.993|I|1184141422|lpUCM [RemoteSails.cpp:HandleResponse:149] HandleResponse started, buffer size: 1048
[m[0;32;32m1970-01-04 05:09:23.993|I|1184141422|lpUCM [RemoteSails.cpp:HandleResponse:158] Successfully deserialized response, status: 0, result code: 0
[m[0;32;31m1970-01-04 05:09:23.993|E|1184141422|lpUCM [IpccProtoMessage.cpp:SerializeParams:112] m_offset, 235520
[m[1;33m1970-01-04 05:09:23.993|W|1184141422|lpUCM [RemoteSails.cpp:SendWithRetry:185] Successfully wrote 1052 bytes
[m[0;32;32m1970-01-04 05:09:23.996|I|1184141422|lpUCM [RemoteSails.cpp:HandleResponse:149] HandleResponse started, buffer size: 1048
[m[0;32;32m1970-01-04 05:09:23.996|I|1184141422|lpUCM [RemoteSails.cpp:HandleResponse:158] Successfully deserialized response, status: 0, result code: 0
[m[0;32;31m1970-01-04 05:09:23.996|E|1184141422|lpUCM [IpccProtoMessage.cpp:SerializeParams:112] m_offset, 236544
[m[1;33m1970-01-04 05:09:23.996|W|1184141422|lpUCM [RemoteSails.cpp:SendWithRetry:185] Successfully wrote 1052 bytes
[m[0;32;32m1970-01-04 05:09:23.999|I|1184141422|lpUCM [RemoteSails.cpp:HandleResponse:149] HandleResponse started, buffer size: 1048
[m[0;32;32m1970-01-04 05:09:23.999|I|1184141422|lpUCM [RemoteSails.cpp:HandleResponse:158] Successfully deserialized response, status: 0, result code: 0
[m[0;32;31m1970-01-04 05:09:23.999|E|1184141422|lpUCM [IpccProtoMessage.cpp:SerializeParams:112] m_offset, 237568
[m[1;33m1970-01-04 05:09:23.999|W|1184141422|lpUCM [RemoteSails.cpp:SendWithRetry:185] Successfully wrote 1052 bytes
[m[0;32;32m1970-01-04 05:09:24.35|I|1184141422|lpUCM [RemoteSails.cpp:HandleResponse:149] HandleResponse started, buffer size: 1048
[m[0;32;32m1970-01-04 05:09:24.35|I|1184141422|lpUCM [RemoteSails.cpp:HandleResponse:158] Successfully deserialized response, status: 0, result code: 0
[m[0;32;31m1970-01-04 05:09:24.35|E|1184141422|lpUCM [IpccProtoMessage.cpp:SerializeParams:112] m_offset, 238592
[m[1;33m1970-01-04 05:09:24.35|W|1184141422|lpUCM [RemoteSails.cpp:SendWithRetry:185] Successfully wrote 1052 bytes
[m[0;32;32m1970-01-04 05:09:24.38|I|1184141422|lpUCM [RemoteSails.cpp:HandleResponse:149] HandleResponse started, buffer size: 1048
[m[0;32;32m1970-01-04 05:09:24.38|I|1184141422|lpUCM [RemoteSails.cpp:HandleResponse:158] Successfully deserialized response, status: 0, result code: 0
[m[0;32;31m1970-01-04 05:09:24.38|E|1184141422|lpUCM [IpccProtoMessage.cpp:SerializeParams:112] m_offset, 239616
[m[1;33m1970-01-04 05:09:24.38|W|1184141422|lpUCM [RemoteSails.cpp:SendWithRetry:185] Successfully wrote 1052 bytes
[m[0;32;32m1970-01-04 05:09:24.44|I|1184141422|lpUCM [RemoteSails.cpp:HandleResponse:149] HandleResponse started, buffer size: 1048
[m[0;32;32m1970-01-04 05:09:24.44|I|1184141422|lpUCM [RemoteSails.cpp:HandleResponse:158] Successfully deserialized response, status: 0, result code: 0
[m[0;32;31m1970-01-04 05:09:24.44|E|1184141422|lpUCM [IpccProtoMessage.cpp:SerializeParams:112] m_offset, 240640
[m[1;33m1970-01-04 05:09:24.44|W|1184141422|lpUCM [RemoteSails.cpp:SendWithRetry:185] Successfully wrote 1052 bytes
[m[0;32;32m1970-01-04 05:09:24.47|I|1184141422|lpUCM [RemoteSails.cpp:HandleResponse:149] HandleResponse started, buffer size: 1048
[m[0;32;32m1970-01-04 05:09:24.47|I|1184141422|lpUCM [RemoteSails.cpp:HandleResponse:158] Successfully deserialized response, status: 0, result code: 0
[m[0;32;31m1970-01-04 05:09:24.47|E|1184141422|lpUCM [IpccProtoMessage.cpp:SerializeParams:112] m_offset, 241664
[m[1;33m1970-01-04 05:09:24.47|W|1184141422|lpUCM [RemoteSails.cpp:SendWithRetry:185] Successfully wrote 1052 bytes
[m[0;32;32m1970-01-04 05:09:24.83|I|1184141422|lpUCM [RemoteSails.cpp:HandleResponse:149] HandleResponse started, buffer size: 1048
[m[0;32;32m1970-01-04 05:09:24.83|I|1184141422|lpUCM [RemoteSails.cpp:HandleResponse:158] Successfully deserialized response, status: 0, result code: 0
[m[0;32;31m1970-01-04 05:09:24.83|E|1184141422|lpUCM [IpccProtoMessage.cpp:SerializeParams:112] m_offset, 242688
[m[1;33m1970-01-04 05:09:24.83|W|1184141422|lpUCM [RemoteSails.cpp:SendWithRetry:185] Successfully wrote 1052 bytes
[m[0;32;32m1970-01-04 05:09:24.86|I|1184141422|lpUCM [RemoteSails.cpp:HandleResponse:149] HandleResponse started, buffer size: 1048
[m[0;32;32m1970-01-04 05:09:24.86|I|1184141422|lpUCM [RemoteSails.cpp:HandleResponse:158] Successfully deserialized response, status: 0, result code: 0
[m[0;32;31m1970-01-04 05:09:24.86|E|1184141422|lpUCM [IpccProtoMessage.cpp:SerializeParams:112] m_offset, 243712
[m[1;33m1970-01-04 05:09:24.86|W|1184141422|lpUCM [RemoteSails.cpp:SendWithRetry:185] Successfully wrote 1052 bytes
[m[0;32;32m1970-01-04 05:09:24.90|I|1184141422|lpUCM [RemoteSails.cpp:HandleResponse:149] HandleResponse started, buffer size: 1048
[m[0;32;32m1970-01-04 05:09:24.90|I|1184141422|lpUCM [RemoteSails.cpp:HandleResponse:158] Successfully deserialized response, status: 0, result code: 0
[m[0;32;31m1970-01-04 05:09:24.90|E|1184141422|lpUCM [IpccProtoMessage.cpp:SerializeParams:112] m_offset, 244736
[m[1;33m1970-01-04 05:09:24.90|W|1184141422|lpUCM [RemoteSails.cpp:SendWithRetry:185] Successfully wrote 1052 bytes
[m[0;32;32m1970-01-04 05:09:24.93|I|1184141422|lpUCM [RemoteSails.cpp:HandleResponse:149] HandleResponse started, buffer size: 1048
[m[0;32;32m1970-01-04 05:09:24.93|I|1184141422|lpUCM [RemoteSails.cpp:HandleResponse:158] Successfully deserialized response, status: 0, result code: 0
[m[0;32;32m1970-01-04 05:09:24.93|I|1184141422|lpUCM [RemoteSails.cpp:SailWriteData:272] All data already trans size 16384
[m[0;32;32m1970-01-04 05:09:24.93|I|1184141422|lpUCM [fds.cpp:FDS_OnLocalUpgProgress:248] total: 23, curr:23, percent:28, rop:96%
[m[0;32;32m1970-01-04 05:09:24.93|I|1184141422|lpUCM [RemoteSails.cpp:SailWriteData:254] total data is 16384
[m[0;32;31m1970-01-04 05:09:24.93|E|1184141422|lpUCM [IpccProtoMessage.cpp:SerializeParams:112] m_offset, 245760
[m[1;33m1970-01-04 05:09:24.93|W|1184141422|lpUCM [RemoteSails.cpp:SendWithRetry:185] Successfully wrote 1052 bytes
[m[0;32;32m1970-01-04 05:09:24.130|I|1184141422|lpUCM [RemoteSails.cpp:HandleResponse:149] HandleResponse started, buffer size: 1048
[m[0;32;32m1970-01-04 05:09:24.130|I|1184141422|lpUCM [RemoteSails.cpp:HandleResponse:158] Successfully deserialized response, status: 0, result code: 0
[m[0;32;31m1970-01-04 05:09:24.130|E|1184141422|lpUCM [IpccProtoMessage.cpp:SerializeParams:112] m_offset, 246784
[m[1;33m1970-01-04 05:09:24.130|W|1184141422|lpUCM [RemoteSails.cpp:SendWithRetry:185] Successfully wrote 1052 bytes
[m[0;32;32m1970-01-04 05:09:24.133|I|1184141422|lpUCM [RemoteSails.cpp:HandleResponse:149] HandleResponse started, buffer size: 1048
[m[0;32;32m1970-01-04 05:09:24.133|I|1184141422|lpUCM [RemoteSails.cpp:HandleResponse:158] Successfully deserialized response, status: 0, result code: 0
[m[0;32;31m1970-01-04 05:09:24.133|E|1184141422|lpUCM [IpccProtoMessage.cpp:SerializeParams:112] m_offset, 247808
[m[1;33m1970-01-04 05:09:24.133|W|1184141422|lpUCM [RemoteSails.cpp:SendWithRetry:185] Successfully wrote 1052 bytes
[m[0;32;32m1970-01-04 05:09:24.137|I|1184141422|lpUCM [RemoteSails.cpp:HandleResponse:149] HandleResponse started, buffer size: 1048
[m[0;32;32m1970-01-04 05:09:24.137|I|1184141422|lpUCM [RemoteSails.cpp:HandleResponse:158] Successfully deserialized response, status: 0, result code: 0
[m[0;32;31m1970-01-04 05:09:24.137|E|1184141422|lpUCM [IpccProtoMessage.cpp:SerializeParams:112] m_offset, 248832
[m[1;33m1970-01-04 05:09:24.137|W|1184141422|lpUCM [RemoteSails.cpp:SendWithRetry:185] Successfully wrote 1052 bytes
[m[0;32;32m1970-01-04 05:09:24.140|I|1184141422|lpUCM [RemoteSails.cpp:HandleResponse:149] HandleResponse started, buffer size: 1048
[m[0;32;32m1970-01-04 05:09:24.140|I|1184141422|lpUCM [RemoteSails.cpp:HandleResponse:158] Successfully deserialized response, status: 0, result code: 0
[m[0;32;31m1970-01-04 05:09:24.140|E|1184141422|lpUCM [IpccProtoMessage.cpp:SerializeParams:112] m_offset, 249856
[m[1;33m1970-01-04 05:09:24.140|W|1184141422|lpUCM [RemoteSails.cpp:SendWithRetry:185] Successfully wrote 1052 bytes
[m[0;32;32m1970-01-04 05:09:24.176|I|1184141422|lpUCM [RemoteSails.cpp:HandleResponse:149] HandleResponse started, buffer size: 1048
[m[0;32;32m1970-01-04 05:09:24.176|I|1184141422|lpUCM [RemoteSails.cpp:HandleResponse:158] Successfully deserialized response, status: 0, result code: 0
[m[0;32;31m1970-01-04 05:09:24.176|E|1184141422|lpUCM [IpccProtoMessage.cpp:SerializeParams:112] m_offset, 250880
[m[1;33m1970-01-04 05:09:24.176|W|1184141422|lpUCM [RemoteSails.cpp:SendWithRetry:185] Successfully wrote 1052 bytes
[m[0;32;32m1970-01-04 05:09:24.179|I|1184141422|lpUCM [RemoteSails.cpp:HandleResponse:149] HandleResponse started, buffer size: 1048
[m[0;32;32m1970-01-04 05:09:24.179|I|1184141422|lpUCM [RemoteSails.cpp:HandleResponse:158] Successfully deserialized response, status: 0, result code: 0
[m[0;32;31m1970-01-04 05:09:24.179|E|1184141422|lpUCM [IpccProtoMessage.cpp:SerializeParams:112] m_offset, 251904
[m[1;33m1970-01-04 05:09:24.179|W|1184141422|lpUCM [RemoteSails.cpp:SendWithRetry:185] Successfully wrote 1052 bytes
[m[0;32;32m1970-01-04 05:09:24.185|I|1184141422|lpUCM [RemoteSails.cpp:HandleResponse:149] HandleResponse started, buffer size: 1048
[m[0;32;32m1970-01-04 05:09:24.185|I|1184141422|lpUCM [RemoteSails.cpp:HandleResponse:158] Successfully deserialized response, status: 0, result code: 0
[m[0;32;31m1970-01-04 05:09:24.185|E|1184141422|lpUCM [IpccProtoMessage.cpp:SerializeParams:112] m_offset, 252928
[m[1;33m1970-01-04 05:09:24.185|W|1184141422|lpUCM [RemoteSails.cpp:SendWithRetry:185] Successfully wrote 1052 bytes
[m[0;32;32m1970-01-04 05:09:24.188|I|1184141422|lpUCM [RemoteSails.cpp:HandleResponse:149] HandleResponse started, buffer size: 1048
[m[0;32;32m1970-01-04 05:09:24.188|I|1184141422|lpUCM [RemoteSails.cpp:HandleResponse:158] Successfully deserialized response, status: 0, result code: 0
[m[0;32;31m1970-01-04 05:09:24.188|E|1184141422|lpUCM [IpccProtoMessage.cpp:SerializeParams:112] m_offset, 253952
[m[1;33m1970-01-04 05:09:24.188|W|1184141422|lpUCM [RemoteSails.cpp:SendWithRetry:185] Successfully wrote 1052 bytes
[m[0;32;32m1970-01-04 05:09:24.224|I|1184141422|lpUCM [RemoteSails.cpp:HandleResponse:149] HandleResponse started, buffer size: 1048
[m[0;32;32m1970-01-04 05:09:24.224|I|1184141422|lpUCM [RemoteSails.cpp:HandleResponse:158] Successfully deserialized response, status: 0, result code: 0
[m[0;32;31m1970-01-04 05:09:24.224|E|1184141422|lpUCM [IpccProtoMessage.cpp:SerializeParams:112] m_offset, 254976
[m[1;33m1970-01-04 05:09:24.224|W|1184141422|lpUCM [RemoteSails.cpp:SendWithRetry:185] Successfully wrote 1052 bytes
[m[0;32;32m1970-01-04 05:09:24.227|I|1184141422|lpUCM [RemoteSails.cpp:HandleResponse:149] HandleResponse started, buffer size: 1048
[m[0;32;32m1970-01-04 05:09:24.227|I|1184141422|lpUCM [RemoteSails.cpp:HandleResponse:158] Successfully deserialized response, status: 0, result code: 0
[m[0;32;31m1970-01-04 05:09:24.227|E|1184141422|lpUCM [IpccProtoMessage.cpp:SerializeParams:112] m_offset, 256000
[m[1;33m1970-01-04 05:09:24.227|W|1184141422|lpUCM [RemoteSails.cpp:SendWithRetry:185] Successfully wrote 1052 bytes
[m[0;32;32m1970-01-04 05:09:24.230|I|1184141422|lpUCM [RemoteSails.cpp:HandleResponse:149] HandleResponse started, buffer size: 1048
[m[0;32;32m1970-01-04 05:09:24.230|I|1184141422|lpUCM [RemoteSails.cpp:HandleResponse:158] Successfully deserialized response, status: 0, result code: 0
[m[0;32;31m1970-01-04 05:09:24.230|E|1184141422|lpUCM [IpccProtoMessage.cpp:SerializeParams:112] m_offset, 257024
[m[1;33m1970-01-04 05:09:24.230|W|1184141422|lpUCM [RemoteSails.cpp:SendWithRetry:185] Successfully wrote 1052 bytes
[m[0;32;32m1970-01-04 05:09:24.233|I|1184141422|lpUCM [RemoteSails.cpp:HandleResponse:149] HandleResponse started, buffer size: 1048
[m[0;32;32m1970-01-04 05:09:24.233|I|1184141422|lpUCM [RemoteSails.cpp:HandleResponse:158] Successfully deserialized response, status: 0, result code: 0
[m[0;32;31m1970-01-04 05:09:24.233|E|1184141422|lpUCM [IpccProtoMessage.cpp:SerializeParams:112] m_offset, 258048
[m[1;33m1970-01-04 05:09:24.233|W|1184141422|lpUCM [RemoteSails.cpp:SendWithRetry:185] Successfully wrote 1052 bytes
[m[0;32;32m1970-01-04 05:09:24.266|I|1184141422|lpUCM [RemoteSails.cpp:HandleResponse:149] HandleResponse started, buffer size: 1048
[m[0;32;32m1970-01-04 05:09:24.266|I|1184141422|lpUCM [RemoteSails.cpp:HandleResponse:158] Successfully deserialized response, status: 0, result code: 0
[m[0;32;31m1970-01-04 05:09:24.266|E|1184141422|lpUCM [IpccProtoMessage.cpp:SerializeParams:112] m_offset, 259072
[m[1;33m1970-01-04 05:09:24.266|W|1184141422|lpUCM [RemoteSails.cpp:SendWithRetry:185] Successfully wrote 1052 bytes
[m[0;32;32m1970-01-04 05:09:24.270|I|1184141422|lpUCM [RemoteSails.cpp:HandleResponse:149] HandleResponse started, buffer size: 1048
[m[0;32;32m1970-01-04 05:09:24.270|I|1184141422|lpUCM [RemoteSails.cpp:HandleResponse:158] Successfully deserialized response, status: 0, result code: 0
[m[0;32;31m1970-01-04 05:09:24.270|E|1184141422|lpUCM [IpccProtoMessage.cpp:SerializeParams:112] m_offset, 260096
[m[1;33m1970-01-04 05:09:24.270|W|1184141422|lpUCM [RemoteSails.cpp:SendWithRetry:185] Successfully wrote 1052 bytes
[m[0;32;32m1970-01-04 05:09:24.273|I|1184141422|lpUCM [RemoteSails.cpp:HandleResponse:149] HandleResponse started, buffer size: 1048
[m[0;32;32m1970-01-04 05:09:24.273|I|1184141422|lpUCM [RemoteSails.cpp:HandleResponse:158] Successfully deserialized response, status: 0, result code: 0
[m[0;32;31m1970-01-04 05:09:24.273|E|1184141422|lpUCM [IpccProtoMessage.cpp:SerializeParams:112] m_offset, 261120
[m[1;33m1970-01-04 05:09:24.273|W|1184141422|lpUCM [RemoteSails.cpp:SendWithRetry:185] Successfully wrote 1052 bytes
[m[0;32;32m1970-01-04 05:09:24.276|I|1184141422|lpUCM [RemoteSails.cpp:HandleResponse:149] HandleResponse started, buffer size: 1048
[m[0;32;32m1970-01-04 05:09:24.276|I|1184141422|lpUCM [RemoteSails.cpp:HandleResponse:158] Successfully deserialized response, status: 0, result code: 0
[m[0;32;32m1970-01-04 05:09:24.276|I|1184141422|lpUCM [RemoteSails.cpp:SailWriteData:272] All data already trans size 16384
[m[0;32;32m1970-01-04 05:09:24.276|I|1184141422|lpUCM [fds.cpp:FDS_OnLocalUpgProgress:248] total: 23, curr:23, percent:29, rop:96%
[m[0;32;32m1970-01-04 05:09:24.276|I|1184141422|lpUCM [RemoteSails.cpp:SailWriteData:254] total data is 16384
[m[0;32;31m1970-01-04 05:09:24.276|E|1184141422|lpUCM [IpccProtoMessage.cpp:SerializeParams:112] m_offset, 262144
[m[1;33m1970-01-04 05:09:24.276|W|1184141422|lpUCM [RemoteSails.cpp:SendWithRetry:185] Successfully wrote 1052 bytes
[m[0;32;32m1970-01-04 05:09:24.310|I|1184141422|lpUCM [RemoteSails.cpp:HandleResponse:149] HandleResponse started, buffer size: 1048
[m[0;32;32m1970-01-04 05:09:24.310|I|1184141422|lpUCM [RemoteSails.cpp:HandleResponse:158] Successfully deserialized response, status: 0, result code: 0
[m[0;32;31m1970-01-04 05:09:24.310|E|1184141422|lpUCM [IpccProtoMessage.cpp:SerializeParams:112] m_offset, 263168
[m[1;33m1970-01-04 05:09:24.310|W|1184141422|lpUCM [RemoteSails.cpp:SendWithRetry:185] Successfully wrote 1052 bytes
[m[0;32;32m1970-01-04 05:09:24.313|I|1184141422|lpUCM [RemoteSails.cpp:HandleResponse:149] HandleResponse started, buffer size: 1048
[m[0;32;32m1970-01-04 05:09:24.313|I|1184141422|lpUCM [RemoteSails.cpp:HandleResponse:158] Successfully deserialized response, status: 0, result code: 0
[m[0;32;31m1970-01-04 05:09:24.313|E|1184141422|lpUCM [IpccProtoMessage.cpp:SerializeParams:112] m_offset, 264192
[m[1;33m1970-01-04 05:09:24.313|W|1184141422|lpUCM [RemoteSails.cpp:SendWithRetry:185] Successfully wrote 1052 bytes
[m[0;32;32m1970-01-04 05:09:24.316|I|1184141422|lpUCM [RemoteSails.cpp:HandleResponse:149] HandleResponse started, buffer size: 1048
[m[0;32;32m1970-01-04 05:09:24.316|I|1184141422|lpUCM [RemoteSails.cpp:HandleResponse:158] Successfully deserialized response, status: 0, result code: 0
[m[0;32;31m1970-01-04 05:09:24.316|E|1184141422|lpUCM [IpccProtoMessage.cpp:SerializeParams:112] m_offset, 265216
[m[1;33m1970-01-04 05:09:24.316|W|1184141422|lpUCM [RemoteSails.cpp:SendWithRetry:185] Successfully wrote 1052 bytes
[m[0;32;32m1970-01-04 05:09:24.320|I|1184141422|lpUCM [RemoteSails.cpp:HandleResponse:149] HandleResponse started, buffer size: 1048
[m[0;32;32m1970-01-04 05:09:24.320|I|1184141422|lpUCM [RemoteSails.cpp:HandleResponse:158] Successfully deserialized response, status: 0, result code: 0
[m[0;32;31m1970-01-04 05:09:24.320|E|1184141422|lpUCM [IpccProtoMessage.cpp:SerializeParams:112] m_offset, 266240
[m[1;33m1970-01-04 05:09:24.320|W|1184141422|lpUCM [RemoteSails.cpp:SendWithRetry:185] Successfully wrote 1052 bytes
[m[0;32;32m1970-01-04 05:09:24.354|I|1184141422|lpUCM [RemoteSails.cpp:HandleResponse:149] HandleResponse started, buffer size: 1048
[m[0;32;32m1970-01-04 05:09:24.354|I|1184141422|lpUCM [RemoteSails.cpp:HandleResponse:158] Successfully deserialized response, status: 0, result code: 0
[m[0;32;31m1970-01-04 05:09:24.354|E|1184141422|lpUCM [IpccProtoMessage.cpp:SerializeParams:112] m_offset, 267264
[m[1;33m1970-01-04 05:09:24.354|W|1184141422|lpUCM [RemoteSails.cpp:SendWithRetry:185] Successfully wrote 1052 bytes
[m[0;32;32m1970-01-04 05:09:24.358|I|1184141422|lpUCM [RemoteSails.cpp:HandleResponse:149] HandleResponse started, buffer size: 1048
[m[0;32;32m1970-01-04 05:09:24.358|I|1184141422|lpUCM [RemoteSails.cpp:HandleResponse:158] Successfully deserialized response, status: 0, result code: 0
[m[0;32;31m1970-01-04 05:09:24.358|E|1184141422|lpUCM [IpccProtoMessage.cpp:SerializeParams:112] m_offset, 268288
[m[1;33m1970-01-04 05:09:24.358|W|1184141422|lpUCM [RemoteSails.cpp:SendWithRetry:185] Successfully wrote 1052 bytes
[m[0;32;32m1970-01-04 05:09:24.362|I|1184141422|lpUCM [RemoteSails.cpp:HandleResponse:149] HandleResponse started, buffer size: 1048
[m[0;32;32m1970-01-04 05:09:24.362|I|1184141422|lpUCM [RemoteSails.cpp:HandleResponse:158] Successfully deserialized response, status: 0, result code: 0
[m[0;32;31m1970-01-04 05:09:24.362|E|1184141422|lpUCM [IpccProtoMessage.cpp:SerializeParams:112] m_offset, 269312
[m[1;33m1970-01-04 05:09:24.362|W|1184141422|lpUCM [RemoteSails.cpp:SendWithRetry:185] Successfully wrote 1052 bytes
[m[0;32;32m1970-01-04 05:09:24.365|I|1184141422|lpUCM [RemoteSails.cpp:HandleResponse:149] HandleResponse started, buffer size: 1048
[m[0;32;32m1970-01-04 05:09:24.365|I|1184141422|lpUCM [RemoteSails.cpp:HandleResponse:158] Successfully deserialized response, status: 0, result code: 0
[m[0;32;31m1970-01-04 05:09:24.365|E|1184141422|lpUCM [IpccProtoMessage.cpp:SerializeParams:112] m_offset, 270336
[m[1;33m1970-01-04 05:09:24.365|W|1184141422|lpUCM [RemoteSails.cpp:SendWithRetry:185] Successfully wrote 1052 bytes
[m[0;32;32m1970-01-04 05:09:24.398|I|1184141422|lpUCM [RemoteSails.cpp:HandleResponse:149] HandleResponse started, buffer size: 1048
[m[0;32;32m1970-01-04 05:09:24.398|I|1184141422|lpUCM [RemoteSails.cpp:HandleResponse:158] Successfully deserialized response, status: 0, result code: 0
[m[0;32;31m1970-01-04 05:09:24.398|E|1184141422|lpUCM [IpccProtoMessage.cpp:SerializeParams:112] m_offset, 271360
[m[1;33m1970-01-04 05:09:24.398|W|1184141422|lpUCM [RemoteSails.cpp:SendWithRetry:185] Successfully wrote 1052 bytes
[m[0;32;32m1970-01-04 05:09:24.404|I|1184141422|lpUCM [RemoteSails.cpp:HandleResponse:149] HandleResponse started, buffer size: 1048
[m[0;32;32m1970-01-04 05:09:24.404|I|1184141422|lpUCM [RemoteSails.cpp:HandleResponse:158] Successfully deserialized response, status: 0, result code: 0
[m[0;32;31m1970-01-04 05:09:24.404|E|1184141422|lpUCM [IpccProtoMessage.cpp:SerializeParams:112] m_offset, 272384
[m[1;33m1970-01-04 05:09:24.404|W|1184141422|lpUCM [RemoteSails.cpp:SendWithRetry:185] Successfully wrote 1052 bytes
[m[0;32;32m1970-01-04 05:09:24.407|I|1184141422|lpUCM [RemoteSails.cpp:HandleResponse:149] HandleResponse started, buffer size: 1048
[m[0;32;32m1970-01-04 05:09:24.407|I|1184141422|lpUCM [RemoteSails.cpp:HandleResponse:158] Successfully deserialized response, status: 0, result code: 0
[m[0;32;31m1970-01-04 05:09:24.407|E|1184141422|lpUCM [IpccProtoMessage.cpp:SerializeParams:112] m_offset, 273408
[m[1;33m1970-01-04 05:09:24.407|W|1184141422|lpUCM [RemoteSails.cpp:SendWithRetry:185] Successfully wrote 1052 bytes
[m[0;32;32m1970-01-04 05:09:24.410|I|1184141422|lpUCM [RemoteSails.cpp:HandleResponse:149] HandleResponse started, buffer size: 1048
[m[0;32;32m1970-01-04 05:09:24.410|I|1184141422|lpUCM [RemoteSails.cpp:HandleResponse:158] Successfully deserialized response, status: 0, result code: 0
[m[0;32;31m1970-01-04 05:09:24.410|E|1184141422|lpUCM [IpccProtoMessage.cpp:SerializeParams:112] m_offset, 274432
[m[1;33m1970-01-04 05:09:24.410|W|1184141422|lpUCM [RemoteSails.cpp:SendWithRetry:185] Successfully wrote 1052 bytes
[m[0;32;32m1970-01-04 05:09:24.443|I|1184141422|lpUCM [RemoteSails.cpp:HandleResponse:149] HandleResponse started, buffer size: 1048
[m[0;32;32m1970-01-04 05:09:24.443|I|1184141422|lpUCM [RemoteSails.cpp:HandleResponse:158] Successfully deserialized response, status: 0, result code: 0
[m[0;32;31m1970-01-04 05:09:24.443|E|1184141422|lpUCM [IpccProtoMessage.cpp:SerializeParams:112] m_offset, 275456
[m[1;33m1970-01-04 05:09:24.443|W|1184141422|lpUCM [RemoteSails.cpp:SendWithRetry:185] Successfully wrote 1052 bytes
[m[0;32;32m1970-01-04 05:09:24.446|I|1184141422|lpUCM [RemoteSails.cpp:HandleResponse:149] HandleResponse started, buffer size: 1048
[m[0;32;32m1970-01-04 05:09:24.446|I|1184141422|lpUCM [RemoteSails.cpp:HandleResponse:158] Successfully deserialized response, status: 0, result code: 0
[m[0;32;31m1970-01-04 05:09:24.446|E|1184141422|lpUCM [IpccProtoMessage.cpp:SerializeParams:112] m_offset, 276480
[m[1;33m1970-01-04 05:09:24.446|W|1184141422|lpUCM [RemoteSails.cpp:SendWithRetry:185] Successfully wrote 1052 bytes
[m[0;32;32m1970-01-04 05:09:24.449|I|1184141422|lpUCM [RemoteSails.cpp:HandleResponse:149] HandleResponse started, buffer size: 1048
[m[0;32;32m1970-01-04 05:09:24.449|I|1184141422|lpUCM [RemoteSails.cpp:HandleResponse:158] Successfully deserialized response, status: 0, result code: 0
[m[0;32;31m1970-01-04 05:09:24.449|E|1184141422|lpUCM [IpccProtoMessage.cpp:SerializeParams:112] m_offset, 277504
[m[1;33m1970-01-04 05:09:24.449|W|1184141422|lpUCM [RemoteSails.cpp:SendWithRetry:185] Successfully wrote 1052 bytes
[m[0;32;32m1970-01-04 05:09:24.455|I|1184141422|lpUCM [RemoteSails.cpp:HandleResponse:149] HandleResponse started, buffer size: 1048
[m[0;32;32m1970-01-04 05:09:24.455|I|1184141422|lpUCM [RemoteSails.cpp:HandleResponse:158] Successfully deserialized response, status: 0, result code: 0
[m[0;32;32m1970-01-04 05:09:24.455|I|1184141422|lpUCM [RemoteSails.cpp:SailWriteData:272] All data already trans size 16384
[m[0;32;32m1970-01-04 05:09:24.455|I|1184141422|lpUCM [fds.cpp:FDS_OnLocalUpgProgress:248] total: 23, curr:23, percent:30, rop:96%
[m[0;32;32m1970-01-04 05:09:24.456|I|1184141422|lpUCM [RemoteSails.cpp:SailWriteData:254] total data is 16384
[m[0;32;31m1970-01-04 05:09:24.456|E|1184141422|lpUCM [IpccProtoMessage.cpp:SerializeParams:112] m_offset, 278528
[m[1;33m1970-01-04 05:09:24.456|W|1184141422|lpUCM [RemoteSails.cpp:SendWithRetry:185] Successfully wrote 1052 bytes
[m[0;32;32m1970-01-04 05:09:24.493|I|1184141422|lpUCM [RemoteSails.cpp:HandleResponse:149] HandleResponse started, buffer size: 1048
[m[0;32;32m1970-01-04 05:09:24.493|I|1184141422|lpUCM [RemoteSails.cpp:HandleResponse:158] Successfully deserialized response, status: 0, result code: 0
[m[0;32;31m1970-01-04 05:09:24.493|E|1184141422|lpUCM [IpccProtoMessage.cpp:SerializeParams:112] m_offset, 279552
[m[1;33m1970-01-04 05:09:24.493|W|1184141422|lpUCM [RemoteSails.cpp:SendWithRetry:185] Successfully wrote 1052 bytes
[m[0;32;32m1970-01-04 05:09:24.496|I|1184141422|lpUCM [RemoteSails.cpp:HandleResponse:149] HandleResponse started, buffer size: 1048
[m[0;32;32m1970-01-04 05:09:24.496|I|1184141422|lpUCM [RemoteSails.cpp:HandleResponse:158] Successfully deserialized response, status: 0, result code: 0
[m[0;32;31m1970-01-04 05:09:24.496|E|1184141422|lpUCM [IpccProtoMessage.cpp:SerializeParams:112] m_offset, 280576
[m[1;33m1970-01-04 05:09:24.496|W|1184141422|lpUCM [RemoteSails.cpp:SendWithRetry:185] Successfully wrote 1052 bytes
[m[0;32;32m1970-01-04 05:09:24.500|I|1184141422|lpUCM [RemoteSails.cpp:HandleResponse:149] HandleResponse started, buffer size: 1048
[m[0;32;32m1970-01-04 05:09:24.500|I|1184141422|lpUCM [RemoteSails.cpp:HandleResponse:158] Successfully deserialized response, status: 0, result code: 0
[m[0;32;31m1970-01-04 05:09:24.500|E|1184141422|lpUCM [IpccProtoMessage.cpp:SerializeParams:112] m_offset, 281600
[m[1;33m1970-01-04 05:09:24.500|W|1184141422|lpUCM [RemoteSails.cpp:SendWithRetry:185] Successfully wrote 1052 bytes
[m[0;32;32m1970-01-04 05:09:24.504|I|1184141422|lpUCM [RemoteSails.cpp:HandleResponse:149] HandleResponse started, buffer size: 1048
[m[0;32;32m1970-01-04 05:09:24.504|I|1184141422|lpUCM [RemoteSails.cpp:HandleResponse:158] Successfully deserialized response, status: 0, result code: 0
[m[0;32;31m1970-01-04 05:09:24.504|E|1184141422|lpUCM [IpccProtoMessage.cpp:SerializeParams:112] m_offset, 282624
[m[1;33m1970-01-04 05:09:24.504|W|1184141422|lpUCM [RemoteSails.cpp:SendWithRetry:185] Successfully wrote 1052 bytes
[m[0;32;32m1970-01-04 05:09:24.540|I|1184141422|lpUCM [RemoteSails.cpp:HandleResponse:149] HandleResponse started, buffer size: 1048
[m[0;32;32m1970-01-04 05:09:24.540|I|1184141422|lpUCM [RemoteSails.cpp:HandleResponse:158] Successfully deserialized response, status: 0, result code: 0
[m[0;32;31m1970-01-04 05:09:24.540|E|1184141422|lpUCM [IpccProtoMessage.cpp:SerializeParams:112] m_offset, 283648
[m[1;33m1970-01-04 05:09:24.540|W|1184141422|lpUCM [RemoteSails.cpp:SendWithRetry:185] Successfully wrote 1052 bytes
[m[0;32;32m1970-01-04 05:09:24.544|I|1184141422|lpUCM [RemoteSails.cpp:HandleResponse:149] HandleResponse started, buffer size: 1048
[m[0;32;32m1970-01-04 05:09:24.544|I|1184141422|lpUCM [RemoteSails.cpp:HandleResponse:158] Successfully deserialized response, status: 0, result code: 0
[m[0;32;31m1970-01-04 05:09:24.544|E|1184141422|lpUCM [IpccProtoMessage.cpp:SerializeParams:112] m_offset, 284672
[m[1;33m1970-01-04 05:09:24.544|W|1184141422|lpUCM [RemoteSails.cpp:SendWithRetry:185] Successfully wrote 1052 bytes
[m[0;32;32m1970-01-04 05:09:24.547|I|1184141422|lpUCM [RemoteSails.cpp:HandleResponse:149] HandleResponse started, buffer size: 1048
[m[0;32;32m1970-01-04 05:09:24.547|I|1184141422|lpUCM [RemoteSails.cpp:HandleResponse:158] Successfully deserialized response, status: 0, result code: 0
[m[0;32;31m1970-01-04 05:09:24.547|E|1184141422|lpUCM [IpccProtoMessage.cpp:SerializeParams:112] m_offset, 285696
[m[1;33m1970-01-04 05:09:24.547|W|1184141422|lpUCM [RemoteSails.cpp:SendWithRetry:185] Successfully wrote 1052 bytes
[m[0;32;32m1970-01-04 05:09:24.550|I|1184141422|lpUCM [RemoteSails.cpp:HandleResponse:149] HandleResponse started, buffer size: 1048
[m[0;32;32m1970-01-04 05:09:24.550|I|1184141422|lpUCM [RemoteSails.cpp:HandleResponse:158] Successfully deserialized response, status: 0, result code: 0
[m[0;32;31m1970-01-04 05:09:24.550|E|1184141422|lpUCM [IpccProtoMessage.cpp:SerializeParams:112] m_offset, 286720
[m[1;33m1970-01-04 05:09:24.550|W|1184141422|lpUCM [RemoteSails.cpp:SendWithRetry:185] Successfully wrote 1052 bytes
[m[0;32;32m1970-01-04 05:09:24.585|I|1184141422|lpUCM [RemoteSails.cpp:HandleResponse:149] HandleResponse started, buffer size: 1048
[m[0;32;32m1970-01-04 05:09:24.585|I|1184141422|lpUCM [RemoteSails.cpp:HandleResponse:158] Successfully deserialized response, status: 0, result code: 0
[m[0;32;31m1970-01-04 05:09:24.585|E|1184141422|lpUCM [IpccProtoMessage.cpp:SerializeParams:112] m_offset, 287744
[m[1;33m1970-01-04 05:09:24.585|W|1184141422|lpUCM [RemoteSails.cpp:SendWithRetry:185] Successfully wrote 1052 bytes
[m[0;32;32m1970-01-04 05:09:24.588|I|1184141422|lpUCM [RemoteSails.cpp:HandleResponse:149] HandleResponse started, buffer size: 1048
[m[0;32;32m1970-01-04 05:09:24.588|I|1184141422|lpUCM [RemoteSails.cpp:HandleResponse:158] Successfully deserialized response, status: 0, result code: 0
[m[0;32;31m1970-01-04 05:09:24.588|E|1184141422|lpUCM [IpccProtoMessage.cpp:SerializeParams:112] m_offset, 288768
[m[1;33m1970-01-04 05:09:24.588|W|1184141422|lpUCM [RemoteSails.cpp:SendWithRetry:185] Successfully wrote 1052 bytes
[m[0;32;32m1970-01-04 05:09:24.591|I|1184141422|lpUCM [RemoteSails.cpp:HandleResponse:149] HandleResponse started, buffer size: 1048
[m[0;32;32m1970-01-04 05:09:24.591|I|1184141422|lpUCM [RemoteSails.cpp:HandleResponse:158] Successfully deserialized response, status: 0, result code: 0
[m[0;32;31m1970-01-04 05:09:24.591|E|1184141422|lpUCM [IpccProtoMessage.cpp:SerializeParams:112] m_offset, 289792
[m[1;33m1970-01-04 05:09:24.591|W|1184141422|lpUCM [RemoteSails.cpp:SendWithRetry:185] Successfully wrote 1052 bytes
[m[0;32;32m1970-01-04 05:09:24.594|I|1184141422|lpUCM [RemoteSails.cpp:HandleResponse:149] HandleResponse started, buffer size: 1048
[m[0;32;32m1970-01-04 05:09:24.594|I|1184141422|lpUCM [RemoteSails.cpp:HandleResponse:158] Successfully deserialized response, status: 0, result code: 0
[m[0;32;31m1970-01-04 05:09:24.594|E|1184141422|lpUCM [IpccProtoMessage.cpp:SerializeParams:112] m_offset, 290816
[m[1;33m1970-01-04 05:09:24.594|W|1184141422|lpUCM [RemoteSails.cpp:SendWithRetry:185] Successfully wrote 1052 bytes
[m[0;32;32m1970-01-04 05:09:24.630|I|1184141422|lpUCM [RemoteSails.cpp:HandleResponse:149] HandleResponse started, buffer size: 1048
[m[0;32;32m1970-01-04 05:09:24.630|I|1184141422|lpUCM [RemoteSails.cpp:HandleResponse:158] Successfully deserialized response, status: 0, result code: 0
[m[0;32;31m1970-01-04 05:09:24.630|E|1184141422|lpUCM [IpccProtoMessage.cpp:SerializeParams:112] m_offset, 291840
[m[1;33m1970-01-04 05:09:24.630|W|1184141422|lpUCM [RemoteSails.cpp:SendWithRetry:185] Successfully wrote 1052 bytes
[m[0;32;32m1970-01-04 05:09:24.633|I|1184141422|lpUCM [RemoteSails.cpp:HandleResponse:149] HandleResponse started, buffer size: 1048
[m[0;32;32m1970-01-04 05:09:24.633|I|1184141422|lpUCM [RemoteSails.cpp:HandleResponse:158] Successfully deserialized response, status: 0, result code: 0
[m[0;32;31m1970-01-04 05:09:24.633|E|1184141422|lpUCM [IpccProtoMessage.cpp:SerializeParams:112] m_offset, 292864
[m[1;33m1970-01-04 05:09:24.633|W|1184141422|lpUCM [RemoteSails.cpp:SendWithRetry:185] Successfully wrote 1052 bytes
[m[0;32;32m1970-01-04 05:09:24.636|I|1184141422|lpUCM [RemoteSails.cpp:HandleResponse:149] HandleResponse started, buffer size: 1048
[m[0;32;32m1970-01-04 05:09:24.636|I|1184141422|lpUCM [RemoteSails.cpp:HandleResponse:158] Successfully deserialized response, status: 0, result code: 0
[m[0;32;31m1970-01-04 05:09:24.636|E|1184141422|lpUCM [IpccProtoMessage.cpp:SerializeParams:112] m_offset, 293888
[m[1;33m1970-01-04 05:09:24.636|W|1184141422|lpUCM [RemoteSails.cpp:SendWithRetry:185] Successfully wrote 1052 bytes
[m[0;32;32m1970-01-04 05:09:24.639|I|1184141422|lpUCM [RemoteSails.cpp:HandleResponse:149] HandleResponse started, buffer size: 1048
[m[0;32;32m1970-01-04 05:09:24.639|I|1184141422|lpUCM [RemoteSails.cpp:HandleResponse:158] Successfully deserialized response, status: 0, result code: 0
[m[0;32;32m1970-01-04 05:09:24.639|I|1184141422|lpUCM [RemoteSails.cpp:SailWriteData:272] All data already trans size 16384
[m[0;32;32m1970-01-04 05:09:24.639|I|1184141422|lpUCM [fds.cpp:FDS_OnLocalUpgProgress:248] total: 23, curr:23, percent:31, rop:97%
[m[0;32;32m1970-01-04 05:09:24.639|I|1184141422|lpUCM [RemoteSails.cpp:SailWriteData:254] total data is 16384
[m[0;32;31m1970-01-04 05:09:24.639|E|1184141422|lpUCM [IpccProtoMessage.cpp:SerializeParams:112] m_offset, 294912
[m[1;33m1970-01-04 05:09:24.639|W|1184141422|lpUCM [RemoteSails.cpp:SendWithRetry:185] Successfully wrote 1052 bytes
[m[0;32;32m1970-01-04 05:09:24.675|I|1184141422|lpUCM [RemoteSails.cpp:HandleResponse:149] HandleResponse started, buffer size: 1048
[m[0;32;32m1970-01-04 05:09:24.675|I|1184141422|lpUCM [RemoteSails.cpp:HandleResponse:158] Successfully deserialized response, status: 0, result code: 0
[m[0;32;31m1970-01-04 05:09:24.675|E|1184141422|lpUCM [IpccProtoMessage.cpp:SerializeParams:112] m_offset, 295936
[m[1;33m1970-01-04 05:09:24.675|W|1184141422|lpUCM [RemoteSails.cpp:SendWithRetry:185] Successfully wrote 1052 bytes
[m[0;32;32m1970-01-04 05:09:24.678|I|1184141422|lpUCM [RemoteSails.cpp:HandleResponse:149] HandleResponse started, buffer size: 1048
[m[0;32;32m1970-01-04 05:09:24.678|I|1184141422|lpUCM [RemoteSails.cpp:HandleResponse:158] Successfully deserialized response, status: 0, result code: 0
[m[0;32;31m1970-01-04 05:09:24.678|E|1184141422|lpUCM [IpccProtoMessage.cpp:SerializeParams:112] m_offset, 296960
[m[1;33m1970-01-04 05:09:24.678|W|1184141422|lpUCM [RemoteSails.cpp:SendWithRetry:185] Successfully wrote 1052 bytes
[m[0;32;32m1970-01-04 05:09:24.681|I|1184141422|lpUCM [RemoteSails.cpp:HandleResponse:149] HandleResponse started, buffer size: 1048
[m[0;32;32m1970-01-04 05:09:24.681|I|1184141422|lpUCM [RemoteSails.cpp:HandleResponse:158] Successfully deserialized response, status: 0, result code: 0
[m[0;32;31m1970-01-04 05:09:24.681|E|1184141422|lpUCM [IpccProtoMessage.cpp:SerializeParams:112] m_offset, 297984
[m[1;33m1970-01-04 05:09:24.681|W|1184141422|lpUCM [RemoteSails.cpp:SendWithRetry:185] Successfully wrote 1052 bytes
[m[0;32;32m1970-01-04 05:09:24.684|I|1184141422|lpUCM [RemoteSails.cpp:HandleResponse:149] HandleResponse started, buffer size: 1048
[m[0;32;32m1970-01-04 05:09:24.684|I|1184141422|lpUCM [RemoteSails.cpp:HandleResponse:158] Successfully deserialized response, status: 0, result code: 0
[m[0;32;31m1970-01-04 05:09:24.684|E|1184141422|lpUCM [IpccProtoMessage.cpp:SerializeParams:112] m_offset, 299008
[m[1;33m1970-01-04 05:09:24.684|W|1184141422|lpUCM [RemoteSails.cpp:SendWithRetry:185] Successfully wrote 1052 bytes
[m[0;32;32m1970-01-04 05:09:24.719|I|1184141422|lpUCM [RemoteSails.cpp:HandleResponse:149] HandleResponse started, buffer size: 1048
[m[0;32;32m1970-01-04 05:09:24.719|I|1184141422|lpUCM [RemoteSails.cpp:HandleResponse:158] Successfully deserialized response, status: 0, result code: 0
[m[0;32;31m1970-01-04 05:09:24.719|E|1184141422|lpUCM [IpccProtoMessage.cpp:SerializeParams:112] m_offset, 300032
[m[1;33m1970-01-04 05:09:24.719|W|1184141422|lpUCM [RemoteSails.cpp:SendWithRetry:185] Successfully wrote 1052 bytes
[m[0;32;32m1970-01-04 05:09:24.726|I|1184141422|lpUCM [RemoteSails.cpp:HandleResponse:149] HandleResponse started, buffer size: 1048
[m[0;32;32m1970-01-04 05:09:24.726|I|1184141422|lpUCM [RemoteSails.cpp:HandleResponse:158] Successfully deserialized response, status: 0, result code: 0
[m[0;32;31m1970-01-04 05:09:24.726|E|1184141422|lpUCM [IpccProtoMessage.cpp:SerializeParams:112] m_offset, 301056
[m[1;33m1970-01-04 05:09:24.726|W|1184141422|lpUCM [RemoteSails.cpp:SendWithRetry:185] Successfully wrote 1052 bytes
[m[0;32;32m1970-01-04 05:09:24.730|I|1184141422|lpUCM [RemoteSails.cpp:HandleResponse:149] HandleResponse started, buffer size: 1048
[m[0;32;32m1970-01-04 05:09:24.730|I|1184141422|lpUCM [RemoteSails.cpp:HandleResponse:158] Successfully deserialized response, status: 0, result code: 0
[m[0;32;31m1970-01-04 05:09:24.730|E|1184141422|lpUCM [IpccProtoMessage.cpp:SerializeParams:112] m_offset, 302080
[m[1;33m1970-01-04 05:09:24.730|W|1184141422|lpUCM [RemoteSails.cpp:SendWithRetry:185] Successfully wrote 1052 bytes
[m[0;32;32m1970-01-04 05:09:24.734|I|1184141422|lpUCM [RemoteSails.cpp:HandleResponse:149] HandleResponse started, buffer size: 1048
[m[0;32;32m1970-01-04 05:09:24.734|I|1184141422|lpUCM [RemoteSails.cpp:HandleResponse:158] Successfully deserialized response, status: 0, result code: 0
[m[0;32;31m1970-01-04 05:09:24.734|E|1184141422|lpUCM [IpccProtoMessage.cpp:SerializeParams:112] m_offset, 303104
[m[1;33m1970-01-04 05:09:24.734|W|1184141422|lpUCM [RemoteSails.cpp:SendWithRetry:185] Successfully wrote 1052 bytes
[m[0;32;32m1970-01-04 05:09:24.765|I|1184141422|lpUCM [RemoteSails.cpp:HandleResponse:149] HandleResponse started, buffer size: 1048
[m[0;32;32m1970-01-04 05:09:24.765|I|1184141422|lpUCM [RemoteSails.cpp:HandleResponse:158] Successfully deserialized response, status: 0, result code: 0
[m[0;32;31m1970-01-04 05:09:24.765|E|1184141422|lpUCM [IpccProtoMessage.cpp:SerializeParams:112] m_offset, 304128
[m[1;33m1970-01-04 05:09:24.765|W|1184141422|lpUCM [RemoteSails.cpp:SendWithRetry:185] Successfully wrote 1052 bytes
[m[0;32;32m1970-01-04 05:09:24.769|I|1184141422|lpUCM [RemoteSails.cpp:HandleResponse:149] HandleResponse started, buffer size: 1048
[m[0;32;32m1970-01-04 05:09:24.769|I|1184141422|lpUCM [RemoteSails.cpp:HandleResponse:158] Successfully deserialized response, status: 0, result code: 0
[m[0;32;31m1970-01-04 05:09:24.769|E|1184141422|lpUCM [IpccProtoMessage.cpp:SerializeParams:112] m_offset, 305152
[m[1;33m1970-01-04 05:09:24.769|W|1184141422|lpUCM [RemoteSails.cpp:SendWithRetry:185] Successfully wrote 1052 bytes
[m[0;32;32m1970-01-04 05:09:24.776|I|1184141422|lpUCM [RemoteSails.cpp:HandleResponse:149] HandleResponse started, buffer size: 1048
[m[0;32;32m1970-01-04 05:09:24.776|I|1184141422|lpUCM [RemoteSails.cpp:HandleResponse:158] Successfully deserialized response, status: 0, result code: 0
[m[0;32;31m1970-01-04 05:09:24.776|E|1184141422|lpUCM [IpccProtoMessage.cpp:SerializeParams:112] m_offset, 306176
[m[1;33m1970-01-04 05:09:24.776|W|1184141422|lpUCM [RemoteSails.cpp:SendWithRetry:185] Successfully wrote 1052 bytes
[m[0;32;32m1970-01-04 05:09:24.780|I|1184141422|lpUCM [RemoteSails.cpp:HandleResponse:149] HandleResponse started, buffer size: 1048
[m[0;32;32m1970-01-04 05:09:24.780|I|1184141422|lpUCM [RemoteSails.cpp:HandleResponse:158] Successfully deserialized response, status: 0, result code: 0
[m[0;32;31m1970-01-04 05:09:24.780|E|1184141422|lpUCM [IpccProtoMessage.cpp:SerializeParams:112] m_offset, 307200
[m[1;33m1970-01-04 05:09:24.780|W|1184141422|lpUCM [RemoteSails.cpp:SendWithRetry:185] Successfully wrote 1052 bytes
[m[0;32;32m1970-01-04 05:09:24.813|I|1184141422|lpUCM [RemoteSails.cpp:HandleResponse:149] HandleResponse started, buffer size: 1048
[m[0;32;32m1970-01-04 05:09:24.813|I|1184141422|lpUCM [RemoteSails.cpp:HandleResponse:158] Successfully deserialized response, status: 0, result code: 0
[m[0;32;31m1970-01-04 05:09:24.813|E|1184141422|lpUCM [IpccProtoMessage.cpp:SerializeParams:112] m_offset, 308224
[m[1;33m1970-01-04 05:09:24.813|W|1184141422|lpUCM [RemoteSails.cpp:SendWithRetry:185] Successfully wrote 1052 bytes
[m[0;32;32m1970-01-04 05:09:24.816|I|1184141422|lpUCM [RemoteSails.cpp:HandleResponse:149] HandleResponse started, buffer size: 1048
[m[0;32;32m1970-01-04 05:09:24.816|I|1184141422|lpUCM [RemoteSails.cpp:HandleResponse:158] Successfully deserialized response, status: 0, result code: 0
[m[0;32;31m1970-01-04 05:09:24.816|E|1184141422|lpUCM [IpccProtoMessage.cpp:SerializeParams:112] m_offset, 309248
[m[1;33m1970-01-04 05:09:24.816|W|1184141422|lpUCM [RemoteSails.cpp:SendWithRetry:185] Successfully wrote 1052 bytes
[m[0;32;32m1970-01-04 05:09:24.819|I|1184141422|lpUCM [RemoteSails.cpp:HandleResponse:149] HandleResponse started, buffer size: 1048
[m[0;32;32m1970-01-04 05:09:24.819|I|1184141422|lpUCM [RemoteSails.cpp:HandleResponse:158] Successfully deserialized response, status: 0, result code: 0
[m[0;32;31m1970-01-04 05:09:24.819|E|1184141422|lpUCM [IpccProtoMessage.cpp:SerializeParams:112] m_offset, 310272
[m[1;33m1970-01-04 05:09:24.819|W|1184141422|lpUCM [RemoteSails.cpp:SendWithRetry:185] Successfully wrote 1052 bytes
[m[0;32;32m1970-01-04 05:09:24.822|I|1184141422|lpUCM [RemoteSails.cpp:HandleResponse:149] HandleResponse started, buffer size: 1048
[m[0;32;32m1970-01-04 05:09:24.822|I|1184141422|lpUCM [RemoteSails.cpp:HandleResponse:158] Successfully deserialized response, status: 0, result code: 0
[m[0;32;32m1970-01-04 05:09:24.822|I|1184141422|lpUCM [RemoteSails.cpp:SailWriteData:272] All data already trans size 16384
[m[0;32;32m1970-01-04 05:09:24.822|I|1184141422|lpUCM [fds.cpp:FDS_OnLocalUpgProgress:248] total: 23, curr:23, percent:32, rop:97%
[m[0;32;32m1970-01-04 05:09:24.822|I|1184141422|lpUCM [RemoteSails.cpp:SailWriteData:254] total data is 16384
[m[0;32;31m1970-01-04 05:09:24.822|E|1184141422|lpUCM [IpccProtoMessage.cpp:SerializeParams:112] m_offset, 311296
[m[1;33m1970-01-04 05:09:24.822|W|1184141422|lpUCM [RemoteSails.cpp:SendWithRetry:185] Successfully wrote 1052 bytes
[m[0;32;32m1970-01-04 05:09:24.855|I|1184141422|lpUCM [RemoteSails.cpp:HandleResponse:149] HandleResponse started, buffer size: 1048
[m[0;32;32m1970-01-04 05:09:24.855|I|1184141422|lpUCM [RemoteSails.cpp:HandleResponse:158] Successfully deserialized response, status: 0, result code: 0
[m[0;32;31m1970-01-04 05:09:24.855|E|1184141422|lpUCM [IpccProtoMessage.cpp:SerializeParams:112] m_offset, 312320
[m[1;33m1970-01-04 05:09:24.855|W|1184141422|lpUCM [RemoteSails.cpp:SendWithRetry:185] Successfully wrote 1052 bytes
[m[0;32;32m1970-01-04 05:09:24.858|I|1184141422|lpUCM [RemoteSails.cpp:HandleResponse:149] HandleResponse started, buffer size: 1048
[m[0;32;32m1970-01-04 05:09:24.858|I|1184141422|lpUCM [RemoteSails.cpp:HandleResponse:158] Successfully deserialized response, status: 0, result code: 0
[m[0;32;31m1970-01-04 05:09:24.858|E|1184141422|lpUCM [IpccProtoMessage.cpp:SerializeParams:112] m_offset, 313344
[m[1;33m1970-01-04 05:09:24.858|W|1184141422|lpUCM [RemoteSails.cpp:SendWithRetry:185] Successfully wrote 1052 bytes
[m[0;32;32m1970-01-04 05:09:24.864|I|1184141422|lpUCM [RemoteSails.cpp:HandleResponse:149] HandleResponse started, buffer size: 1048
[m[0;32;32m1970-01-04 05:09:24.864|I|1184141422|lpUCM [RemoteSails.cpp:HandleResponse:158] Successfully deserialized response, status: 0, result code: 0
[m[0;32;31m1970-01-04 05:09:24.864|E|1184141422|lpUCM [IpccProtoMessage.cpp:SerializeParams:112] m_offset, 314368
[m[1;33m1970-01-04 05:09:24.864|W|1184141422|lpUCM [RemoteSails.cpp:SendWithRetry:185] Successfully wrote 1052 bytes
[m[0;32;32m1970-01-04 05:09:24.867|I|1184141422|lpUCM [RemoteSails.cpp:HandleResponse:149] HandleResponse started, buffer size: 1048
[m[0;32;32m1970-01-04 05:09:24.867|I|1184141422|lpUCM [RemoteSails.cpp:HandleResponse:158] Successfully deserialized response, status: 0, result code: 0
[m[0;32;31m1970-01-04 05:09:24.867|E|1184141422|lpUCM [IpccProtoMessage.cpp:SerializeParams:112] m_offset, 315392
[m[1;33m1970-01-04 05:09:24.867|W|1184141422|lpUCM [RemoteSails.cpp:SendWithRetry:185] Successfully wrote 1052 bytes
[m[0;32;32m1970-01-04 05:09:24.904|I|1184141422|lpUCM [RemoteSails.cpp:HandleResponse:149] HandleResponse started, buffer size: 1048
[m[0;32;32m1970-01-04 05:09:24.904|I|1184141422|lpUCM [RemoteSails.cpp:HandleResponse:158] Successfully deserialized response, status: 0, result code: 0
[m[0;32;31m1970-01-04 05:09:24.904|E|1184141422|lpUCM [IpccProtoMessage.cpp:SerializeParams:112] m_offset, 316416
[m[1;33m1970-01-04 05:09:24.904|W|1184141422|lpUCM [RemoteSails.cpp:SendWithRetry:185] Successfully wrote 1052 bytes
[m[0;32;32m1970-01-04 05:09:24.907|I|1184141422|lpUCM [RemoteSails.cpp:HandleResponse:149] HandleResponse started, buffer size: 1048
[m[0;32;32m1970-01-04 05:09:24.907|I|1184141422|lpUCM [RemoteSails.cpp:HandleResponse:158] Successfully deserialized response, status: 0, result code: 0
[m[0;32;31m1970-01-04 05:09:24.907|E|1184141422|lpUCM [IpccProtoMessage.cpp:SerializeParams:112] m_offset, 317440
[m[1;33m1970-01-04 05:09:24.907|W|1184141422|lpUCM [RemoteSails.cpp:SendWithRetry:185] Successfully wrote 1052 bytes
[m[0;32;32m1970-01-04 05:09:24.911|I|1184141422|lpUCM [RemoteSails.cpp:HandleResponse:149] HandleResponse started, buffer size: 1048
[m[0;32;32m1970-01-04 05:09:24.911|I|1184141422|lpUCM [RemoteSails.cpp:HandleResponse:158] Successfully deserialized response, status: 0, result code: 0
[m[0;32;31m1970-01-04 05:09:24.911|E|1184141422|lpUCM [IpccProtoMessage.cpp:SerializeParams:112] m_offset, 318464
[m[1;33m1970-01-04 05:09:24.911|W|1184141422|lpUCM [RemoteSails.cpp:SendWithRetry:185] Successfully wrote 1052 bytes
[m[0;32;32m1970-01-04 05:09:24.915|I|1184141422|lpUCM [RemoteSails.cpp:HandleResponse:149] HandleResponse started, buffer size: 1048
[m[0;32;32m1970-01-04 05:09:24.915|I|1184141422|lpUCM [RemoteSails.cpp:HandleResponse:158] Successfully deserialized response, status: 0, result code: 0
[m[0;32;31m1970-01-04 05:09:24.915|E|1184141422|lpUCM [IpccProtoMessage.cpp:SerializeParams:112] m_offset, 319488
[m[1;33m1970-01-04 05:09:24.915|W|1184141422|lpUCM [RemoteSails.cpp:SendWithRetry:185] Successfully wrote 1052 bytes
[m[0;32;32m1970-01-04 05:09:24.947|I|1184141422|lpUCM [RemoteSails.cpp:HandleResponse:149] HandleResponse started, buffer size: 1048
[m[0;32;32m1970-01-04 05:09:24.947|I|1184141422|lpUCM [RemoteSails.cpp:HandleResponse:158] Successfully deserialized response, status: 0, result code: 0
[m[0;32;31m1970-01-04 05:09:24.947|E|1184141422|lpUCM [IpccProtoMessage.cpp:SerializeParams:112] m_offset, 320512
[m[1;33m1970-01-04 05:09:24.947|W|1184141422|lpUCM [RemoteSails.cpp:SendWithRetry:185] Successfully wrote 1052 bytes
[m[0;32;32m1970-01-04 05:09:24.951|I|1184141422|lpUCM [RemoteSails.cpp:HandleResponse:149] HandleResponse started, buffer size: 1048
[m[0;32;32m1970-01-04 05:09:24.951|I|1184141422|lpUCM [RemoteSails.cpp:HandleResponse:158] Successfully deserialized response, status: 0, result code: 0
[m[0;32;31m1970-01-04 05:09:24.951|E|1184141422|lpUCM [IpccProtoMessage.cpp:SerializeParams:112] m_offset, 321536
[m[1;33m1970-01-04 05:09:24.951|W|1184141422|lpUCM [RemoteSails.cpp:SendWithRetry:185] Successfully wrote 1052 bytes
[m[0;32;32m1970-01-04 05:09:24.955|I|1184141422|lpUCM [RemoteSails.cpp:HandleResponse:149] HandleResponse started, buffer size: 1048
[m[0;32;32m1970-01-04 05:09:24.955|I|1184141422|lpUCM [RemoteSails.cpp:HandleResponse:158] Successfully deserialized response, status: 0, result code: 0
[m[0;32;31m1970-01-04 05:09:24.955|E|1184141422|lpUCM [IpccProtoMessage.cpp:SerializeParams:112] m_offset, 322560
[m[1;33m1970-01-04 05:09:24.955|W|1184141422|lpUCM [RemoteSails.cpp:SendWithRetry:185] Successfully wrote 1052 bytes
[m[0;32;32m1970-01-04 05:09:24.958|I|1184141422|lpUCM [RemoteSails.cpp:HandleResponse:149] HandleResponse started, buffer size: 1048
[m[0;32;32m1970-01-04 05:09:24.958|I|1184141422|lpUCM [RemoteSails.cpp:HandleResponse:158] Successfully deserialized response, status: 0, result code: 0
[m[0;32;31m1970-01-04 05:09:24.958|E|1184141422|lpUCM [IpccProtoMessage.cpp:SerializeParams:112] m_offset, 323584
[m[1;33m1970-01-04 05:09:24.958|W|1184141422|lpUCM [RemoteSails.cpp:SendWithRetry:185] Successfully wrote 1052 bytes
[m[0;32;32m1970-01-04 05:09:24.993|I|1184141422|lpUCM [RemoteSails.cpp:HandleResponse:149] HandleResponse started, buffer size: 1048
[m[0;32;32m1970-01-04 05:09:24.993|I|1184141422|lpUCM [RemoteSails.cpp:HandleResponse:158] Successfully deserialized response, status: 0, result code: 0
[m[0;32;31m1970-01-04 05:09:24.993|E|1184141422|lpUCM [IpccProtoMessage.cpp:SerializeParams:112] m_offset, 324608
[m[1;33m1970-01-04 05:09:24.993|W|1184141422|lpUCM [RemoteSails.cpp:SendWithRetry:185] Successfully wrote 1052 bytes
[m[0;32;32m1970-01-04 05:09:24.996|I|1184141422|lpUCM [RemoteSails.cpp:HandleResponse:149] HandleResponse started, buffer size: 1048
[m[0;32;32m1970-01-04 05:09:24.996|I|1184141422|lpUCM [RemoteSails.cpp:HandleResponse:158] Successfully deserialized response, status: 0, result code: 0
[m[0;32;31m1970-01-04 05:09:24.996|E|1184141422|lpUCM [IpccProtoMessage.cpp:SerializeParams:112] m_offset, 325632
[m[1;33m1970-01-04 05:09:24.996|W|1184141422|lpUCM [RemoteSails.cpp:SendWithRetry:185] Successfully wrote 1052 bytes
[m[0;32;32m1970-01-04 05:09:24.999|I|1184141422|lpUCM [RemoteSails.cpp:HandleResponse:149] HandleResponse started, buffer size: 1048
[m[0;32;32m1970-01-04 05:09:24.999|I|1184141422|lpUCM [RemoteSails.cpp:HandleResponse:158] Successfully deserialized response, status: 0, result code: 0
[m[0;32;31m1970-01-04 05:09:24.999|E|1184141422|lpUCM [IpccProtoMessage.cpp:SerializeParams:112] m_offset, 326656
[m[1;33m1970-01-04 05:09:24.999|W|1184141422|lpUCM [RemoteSails.cpp:SendWithRetry:185] Successfully wrote 1052 bytes
[m[0;32;32m1970-01-04 05:09:25.5|I|1184141422|lpUCM [RemoteSails.cpp:HandleResponse:149] HandleResponse started, buffer size: 1048
[m[0;32;32m1970-01-04 05:09:25.5|I|1184141422|lpUCM [RemoteSails.cpp:HandleResponse:158] Successfully deserialized response, status: 0, result code: 0
[m[0;32;32m1970-01-04 05:09:25.5|I|1184141422|lpUCM [RemoteSails.cpp:SailWriteData:272] All data already trans size 16384
[m[0;32;32m1970-01-04 05:09:25.5|I|1184141422|lpUCM [fds.cpp:FDS_OnLocalUpgProgress:248] total: 23, curr:23, percent:33, rop:97%
[m[0;32;32m1970-01-04 05:09:25.6|I|1184141422|lpUCM [RemoteSails.cpp:SailWriteData:254] total data is 16384
[m[0;32;31m1970-01-04 05:09:25.6|E|1184141422|lpUCM [IpccProtoMessage.cpp:SerializeParams:112] m_offset, 327680
[m[1;33m1970-01-04 05:09:25.6|W|1184141422|lpUCM [RemoteSails.cpp:SendWithRetry:185] Successfully wrote 1052 bytes
[m[0;32;32m1970-01-04 05:09:25.39|I|1184141422|lpUCM [RemoteSails.cpp:HandleResponse:149] HandleResponse started, buffer size: 1048
[m[0;32;32m1970-01-04 05:09:25.39|I|1184141422|lpUCM [RemoteSails.cpp:HandleResponse:158] Successfully deserialized response, status: 0, result code: 0
[m[0;32;31m1970-01-04 05:09:25.39|E|1184141422|lpUCM [IpccProtoMessage.cpp:SerializeParams:112] m_offset, 328704
[m[1;33m1970-01-04 05:09:25.39|W|1184141422|lpUCM [RemoteSails.cpp:SendWithRetry:185] Successfully wrote 1052 bytes
[m[0;32;32m1970-01-04 05:09:25.42|I|1184141422|lpUCM [RemoteSails.cpp:HandleResponse:149] HandleResponse started, buffer size: 1048
[m[0;32;32m1970-01-04 05:09:25.42|I|1184141422|lpUCM [RemoteSails.cpp:HandleResponse:158] Successfully deserialized response, status: 0, result code: 0
[m[0;32;31m1970-01-04 05:09:25.42|E|1184141422|lpUCM [IpccProtoMessage.cpp:SerializeParams:112] m_offset, 329728
[m[1;33m1970-01-04 05:09:25.42|W|1184141422|lpUCM [RemoteSails.cpp:SendWithRetry:185] Successfully wrote 1052 bytes
[m[0;32;32m1970-01-04 05:09:25.45|I|1184141422|lpUCM [RemoteSails.cpp:HandleResponse:149] HandleResponse started, buffer size: 1048
[m[0;32;32m1970-01-04 05:09:25.45|I|1184141422|lpUCM [RemoteSails.cpp:HandleResponse:158] Successfully deserialized response, status: 0, result code: 0
[m[0;32;31m1970-01-04 05:09:25.45|E|1184141422|lpUCM [IpccProtoMessage.cpp:SerializeParams:112] m_offset, 330752
[m[1;33m1970-01-04 05:09:25.45|W|1184141422|lpUCM [RemoteSails.cpp:SendWithRetry:185] Successfully wrote 1052 bytes
[m[0;32;32m1970-01-04 05:09:25.48|I|1184141422|lpUCM [RemoteSails.cpp:HandleResponse:149] HandleResponse started, buffer size: 1048
[m[0;32;32m1970-01-04 05:09:25.48|I|1184141422|lpUCM [RemoteSails.cpp:HandleResponse:158] Successfully deserialized response, status: 0, result code: 0
[m[0;32;31m1970-01-04 05:09:25.48|E|1184141422|lpUCM [IpccProtoMessage.cpp:SerializeParams:112] m_offset, 331776
[m[1;33m1970-01-04 05:09:25.48|W|1184141422|lpUCM [RemoteSails.cpp:SendWithRetry:185] Successfully wrote 1052 bytes
[m[0;32;32m1970-01-04 05:09:25.84|I|1184141422|lpUCM [RemoteSails.cpp:HandleResponse:149] HandleResponse started, buffer size: 1048
[m[0;32;32m1970-01-04 05:09:25.84|I|1184141422|lpUCM [RemoteSails.cpp:HandleResponse:158] Successfully deserialized response, status: 0, result code: 0
[m[0;32;31m1970-01-04 05:09:25.84|E|1184141422|lpUCM [IpccProtoMessage.cpp:SerializeParams:112] m_offset, 332800
[m[1;33m1970-01-04 05:09:25.84|W|1184141422|lpUCM [RemoteSails.cpp:SendWithRetry:185] Successfully wrote 1052 bytes
[m[0;32;32m1970-01-04 05:09:25.87|I|1184141422|lpUCM [RemoteSails.cpp:HandleResponse:149] HandleResponse started, buffer size: 1048
[m[0;32;32m1970-01-04 05:09:25.87|I|1184141422|lpUCM [RemoteSails.cpp:HandleResponse:158] Successfully deserialized response, status: 0, result code: 0
[m[0;32;31m1970-01-04 05:09:25.87|E|1184141422|lpUCM [IpccProtoMessage.cpp:SerializeParams:112] m_offset, 333824
[m[1;33m1970-01-04 05:09:25.87|W|1184141422|lpUCM [RemoteSails.cpp:SendWithRetry:185] Successfully wrote 1052 bytes
[m[0;32;32m1970-01-04 05:09:25.90|I|1184141422|lpUCM [RemoteSails.cpp:HandleResponse:149] HandleResponse started, buffer size: 1048
[m[0;32;32m1970-01-04 05:09:25.90|I|1184141422|lpUCM [RemoteSails.cpp:HandleResponse:158] Successfully deserialized response, status: 0, result code: 0
[m[0;32;31m1970-01-04 05:09:25.90|E|1184141422|lpUCM [IpccProtoMessage.cpp:SerializeParams:112] m_offset, 334848
[m[1;33m1970-01-04 05:09:25.90|W|1184141422|lpUCM [RemoteSails.cpp:SendWithRetry:185] Successfully wrote 1052 bytes
[m[0;32;32m1970-01-04 05:09:25.93|I|1184141422|lpUCM [RemoteSails.cpp:HandleResponse:149] HandleResponse started, buffer size: 1048
[m[0;32;32m1970-01-04 05:09:25.93|I|1184141422|lpUCM [RemoteSails.cpp:HandleResponse:158] Successfully deserialized response, status: 0, result code: 0
[m[0;32;31m1970-01-04 05:09:25.93|E|1184141422|lpUCM [IpccProtoMessage.cpp:SerializeParams:112] m_offset, 335872
[m[1;33m1970-01-04 05:09:25.93|W|1184141422|lpUCM [RemoteSails.cpp:SendWithRetry:185] Successfully wrote 1052 bytes
[m[0;32;32m1970-01-04 05:09:25.126|I|1184141422|lpUCM [RemoteSails.cpp:HandleResponse:149] HandleResponse started, buffer size: 1048
[m[0;32;32m1970-01-04 05:09:25.126|I|1184141422|lpUCM [RemoteSails.cpp:HandleResponse:158] Successfully deserialized response, status: 0, result code: 0
[m[0;32;31m1970-01-04 05:09:25.126|E|1184141422|lpUCM [IpccProtoMessage.cpp:SerializeParams:112] m_offset, 336896
[m[1;33m1970-01-04 05:09:25.126|W|1184141422|lpUCM [RemoteSails.cpp:SendWithRetry:185] Successfully wrote 1052 bytes
[m[0;32;32m1970-01-04 05:09:25.130|I|1184141422|lpUCM [RemoteSails.cpp:HandleResponse:149] HandleResponse started, buffer size: 1048
[m[0;32;32m1970-01-04 05:09:25.130|I|1184141422|lpUCM [RemoteSails.cpp:HandleResponse:158] Successfully deserialized response, status: 0, result code: 0
[m[0;32;31m1970-01-04 05:09:25.130|E|1184141422|lpUCM [IpccProtoMessage.cpp:SerializeParams:112] m_offset, 337920
[m[1;33m1970-01-04 05:09:25.130|W|1184141422|lpUCM [RemoteSails.cpp:SendWithRetry:185] Successfully wrote 1052 bytes
[m[0;32;32m1970-01-04 05:09:25.134|I|1184141422|lpUCM [RemoteSails.cpp:HandleResponse:149] HandleResponse started, buffer size: 1048
[m[0;32;32m1970-01-04 05:09:25.134|I|1184141422|lpUCM [RemoteSails.cpp:HandleResponse:158] Successfully deserialized response, status: 0, result code: 0
[m[0;32;31m1970-01-04 05:09:25.134|E|1184141422|lpUCM [IpccProtoMessage.cpp:SerializeParams:112] m_offset, 338944
[m[1;33m1970-01-04 05:09:25.134|W|1184141422|lpUCM [RemoteSails.cpp:SendWithRetry:185] Successfully wrote 1052 bytes
[m[0;32;32m1970-01-04 05:09:25.137|I|1184141422|lpUCM [RemoteSails.cpp:HandleResponse:149] HandleResponse started, buffer size: 1048
[m[0;32;32m1970-01-04 05:09:25.137|I|1184141422|lpUCM [RemoteSails.cpp:HandleResponse:158] Successfully deserialized response, status: 0, result code: 0
[m[0;32;31m1970-01-04 05:09:25.137|E|1184141422|lpUCM [IpccProtoMessage.cpp:SerializeParams:112] m_offset, 339968
[m[1;33m1970-01-04 05:09:25.137|W|1184141422|lpUCM [RemoteSails.cpp:SendWithRetry:185] Successfully wrote 1052 bytes
[m[0;32;32m1970-01-04 05:09:25.174|I|1184141422|lpUCM [RemoteSails.cpp:HandleResponse:149] HandleResponse started, buffer size: 1048
[m[0;32;32m1970-01-04 05:09:25.174|I|1184141422|lpUCM [RemoteSails.cpp:HandleResponse:158] Successfully deserialized response, status: 0, result code: 0
[m[0;32;31m1970-01-04 05:09:25.174|E|1184141422|lpUCM [IpccProtoMessage.cpp:SerializeParams:112] m_offset, 340992
[m[1;33m1970-01-04 05:09:25.174|W|1184141422|lpUCM [RemoteSails.cpp:SendWithRetry:185] Successfully wrote 1052 bytes
[m[0;32;32m1970-01-04 05:09:25.177|I|1184141422|lpUCM [RemoteSails.cpp:HandleResponse:149] HandleResponse started, buffer size: 1048
[m[0;32;32m1970-01-04 05:09:25.177|I|1184141422|lpUCM [RemoteSails.cpp:HandleResponse:158] Successfully deserialized response, status: 0, result code: 0
[m[0;32;31m1970-01-04 05:09:25.177|E|1184141422|lpUCM [IpccProtoMessage.cpp:SerializeParams:112] m_offset, 342016
[m[1;33m1970-01-04 05:09:25.177|W|1184141422|lpUCM [RemoteSails.cpp:SendWithRetry:185] Successfully wrote 1052 bytes
[m[0;32;32m1970-01-04 05:09:25.180|I|1184141422|lpUCM [RemoteSails.cpp:HandleResponse:149] HandleResponse started, buffer size: 1048
[m[0;32;32m1970-01-04 05:09:25.180|I|1184141422|lpUCM [RemoteSails.cpp:HandleResponse:158] Successfully deserialized response, status: 0, result code: 0
[m[0;32;31m1970-01-04 05:09:25.180|E|1184141422|lpUCM [IpccProtoMessage.cpp:SerializeParams:112] m_offset, 343040
[m[1;33m1970-01-04 05:09:25.180|W|1184141422|lpUCM [RemoteSails.cpp:SendWithRetry:185] Successfully wrote 1052 bytes
[m[0;32;32m1970-01-04 05:09:25.183|I|1184141422|lpUCM [RemoteSails.cpp:HandleResponse:149] HandleResponse started, buffer size: 1048
[m[0;32;32m1970-01-04 05:09:25.183|I|1184141422|lpUCM [RemoteSails.cpp:HandleResponse:158] Successfully deserialized response, status: 0, result code: 0
[m[0;32;32m1970-01-04 05:09:25.183|I|1184141422|lpUCM [RemoteSails.cpp:SailWriteData:272] All data already trans size 16384
[m[0;32;32m1970-01-04 05:09:25.183|I|1184141422|lpUCM [fds.cpp:FDS_OnLocalUpgProgress:248] total: 23, curr:23, percent:34, rop:97%
[m[0;32;32m1970-01-04 05:09:25.183|I|1184141422|lpUCM [RemoteSails.cpp:SailWriteData:254] total data is 16384
[m[0;32;31m1970-01-04 05:09:25.183|E|1184141422|lpUCM [IpccProtoMessage.cpp:SerializeParams:112] m_offset, 344064
[m[1;33m1970-01-04 05:09:25.183|W|1184141422|lpUCM [RemoteSails.cpp:SendWithRetry:185] Successfully wrote 1052 bytes
[m[0;32;32m1970-01-04 05:09:25.216|I|1184141422|lpUCM [RemoteSails.cpp:HandleResponse:149] HandleResponse started, buffer size: 1048
[m[0;32;32m1970-01-04 05:09:25.216|I|1184141422|lpUCM [RemoteSails.cpp:HandleResponse:158] Successfully deserialized response, status: 0, result code: 0
[m[0;32;31m1970-01-04 05:09:25.216|E|1184141422|lpUCM [IpccProtoMessage.cpp:SerializeParams:112] m_offset, 345088
[m[1;33m1970-01-04 05:09:25.216|W|1184141422|lpUCM [RemoteSails.cpp:SendWithRetry:185] Successfully wrote 1052 bytes
[m[0;32;32m1970-01-04 05:09:25.219|I|1184141422|lpUCM [RemoteSails.cpp:HandleResponse:149] HandleResponse started, buffer size: 1048
[m[0;32;32m1970-01-04 05:09:25.219|I|1184141422|lpUCM [RemoteSails.cpp:HandleResponse:158] Successfully deserialized response, status: 0, result code: 0
[m[0;32;31m1970-01-04 05:09:25.219|E|1184141422|lpUCM [IpccProtoMessage.cpp:SerializeParams:112] m_offset, 346112
[m[1;33m1970-01-04 05:09:25.219|W|1184141422|lpUCM [RemoteSails.cpp:SendWithRetry:185] Successfully wrote 1052 bytes
[m[0;32;32m1970-01-04 05:09:25.225|I|1184141422|lpUCM [RemoteSails.cpp:HandleResponse:149] HandleResponse started, buffer size: 1048
[m[0;32;32m1970-01-04 05:09:25.225|I|1184141422|lpUCM [RemoteSails.cpp:HandleResponse:158] Successfully deserialized response, status: 0, result code: 0
[m[0;32;31m1970-01-04 05:09:25.225|E|1184141422|lpUCM [IpccProtoMessage.cpp:SerializeParams:112] m_offset, 347136
[m[1;33m1970-01-04 05:09:25.225|W|1184141422|lpUCM [RemoteSails.cpp:SendWithRetry:185] Successfully wrote 1052 bytes
[m[0;32;32m1970-01-04 05:09:25.228|I|1184141422|lpUCM [RemoteSails.cpp:HandleResponse:149] HandleResponse started, buffer size: 1048
[m[0;32;32m1970-01-04 05:09:25.228|I|1184141422|lpUCM [RemoteSails.cpp:HandleResponse:158] Successfully deserialized response, status: 0, result code: 0
[m[0;32;31m1970-01-04 05:09:25.228|E|1184141422|lpUCM [IpccProtoMessage.cpp:SerializeParams:112] m_offset, 348160
[m[1;33m1970-01-04 05:09:25.228|W|1184141422|lpUCM [RemoteSails.cpp:SendWithRetry:185] Successfully wrote 1052 bytes
[m[0;32;32m1970-01-04 05:09:25.262|I|1184141422|lpUCM [RemoteSails.cpp:HandleResponse:149] HandleResponse started, buffer size: 1048
[m[0;32;32m1970-01-04 05:09:25.262|I|1184141422|lpUCM [RemoteSails.cpp:HandleResponse:158] Successfully deserialized response, status: 0, result code: 0
[m[0;32;31m1970-01-04 05:09:25.262|E|1184141422|lpUCM [IpccProtoMessage.cpp:SerializeParams:112] m_offset, 349184
[m[1;33m1970-01-04 05:09:25.262|W|1184141422|lpUCM [RemoteSails.cpp:SendWithRetry:185] Successfully wrote 1052 bytes
[m[0;32;32m1970-01-04 05:09:25.266|I|1184141422|lpUCM [RemoteSails.cpp:HandleResponse:149] HandleResponse started, buffer size: 1048
[m[0;32;32m1970-01-04 05:09:25.266|I|1184141422|lpUCM [RemoteSails.cpp:HandleResponse:158] Successfully deserialized response, status: 0, result code: 0
[m[0;32;31m1970-01-04 05:09:25.266|E|1184141422|lpUCM [IpccProtoMessage.cpp:SerializeParams:112] m_offset, 350208
[m[1;33m1970-01-04 05:09:25.266|W|1184141422|lpUCM [RemoteSails.cpp:SendWithRetry:185] Successfully wrote 1052 bytes
[m[0;32;32m1970-01-04 05:09:25.269|I|1184141422|lpUCM [RemoteSails.cpp:HandleResponse:149] HandleResponse started, buffer size: 1048
[m[0;32;32m1970-01-04 05:09:25.269|I|1184141422|lpUCM [RemoteSails.cpp:HandleResponse:158] Successfully deserialized response, status: 0, result code: 0
[m[0;32;31m1970-01-04 05:09:25.269|E|1184141422|lpUCM [IpccProtoMessage.cpp:SerializeParams:112] m_offset, 351232
[m[1;33m1970-01-04 05:09:25.269|W|1184141422|lpUCM [RemoteSails.cpp:SendWithRetry:185] Successfully wrote 1052 bytes
[m[0;32;32m1970-01-04 05:09:25.276|I|1184141422|lpUCM [RemoteSails.cpp:HandleResponse:149] HandleResponse started, buffer size: 1048
[m[0;32;32m1970-01-04 05:09:25.276|I|1184141422|lpUCM [RemoteSails.cpp:HandleResponse:158] Successfully deserialized response, status: 0, result code: 0
[m[0;32;31m1970-01-04 05:09:25.276|E|1184141422|lpUCM [IpccProtoMessage.cpp:SerializeParams:112] m_offset, 352256
[m[1;33m1970-01-04 05:09:25.276|W|1184141422|lpUCM [RemoteSails.cpp:SendWithRetry:185] Successfully wrote 1052 bytes
[m[0;32;32m1970-01-04 05:09:25.317|I|1184141422|lpUCM [RemoteSails.cpp:HandleResponse:149] HandleResponse started, buffer size: 1048
[m[0;32;32m1970-01-04 05:09:25.317|I|1184141422|lpUCM [RemoteSails.cpp:HandleResponse:158] Successfully deserialized response, status: 0, result code: 0
[m[0;32;31m1970-01-04 05:09:25.317|E|1184141422|lpUCM [IpccProtoMessage.cpp:SerializeParams:112] m_offset, 353280
[m[1;33m1970-01-04 05:09:25.317|W|1184141422|lpUCM [RemoteSails.cpp:SendWithRetry:185] Successfully wrote 1052 bytes
[m[0;32;32m1970-01-04 05:09:25.321|I|1184141422|lpUCM [RemoteSails.cpp:HandleResponse:149] HandleResponse started, buffer size: 1048
[m[0;32;32m1970-01-04 05:09:25.321|I|1184141422|lpUCM [RemoteSails.cpp:HandleResponse:158] Successfully deserialized response, status: 0, result code: 0
[m[0;32;31m1970-01-04 05:09:25.321|E|1184141422|lpUCM [IpccProtoMessage.cpp:SerializeParams:112] m_offset, 354304
[m[1;33m1970-01-04 05:09:25.321|W|1184141422|lpUCM [RemoteSails.cpp:SendWithRetry:185] Successfully wrote 1052 bytes
[m[0;32;32m1970-01-04 05:09:25.324|I|1184141422|lpUCM [RemoteSails.cpp:HandleResponse:149] HandleResponse started, buffer size: 1048
[m[0;32;32m1970-01-04 05:09:25.324|I|1184141422|lpUCM [RemoteSails.cpp:HandleResponse:158] Successfully deserialized response, status: 0, result code: 0
[m[0;32;31m1970-01-04 05:09:25.324|E|1184141422|lpUCM [IpccProtoMessage.cpp:SerializeParams:112] m_offset, 355328
[m[1;33m1970-01-04 05:09:25.324|W|1184141422|lpUCM [RemoteSails.cpp:SendWithRetry:185] Successfully wrote 1052 bytes
[m[0;32;32m1970-01-04 05:09:25.327|I|1184141422|lpUCM [RemoteSails.cpp:HandleResponse:149] HandleResponse started, buffer size: 1048
[m[0;32;32m1970-01-04 05:09:25.327|I|1184141422|lpUCM [RemoteSails.cpp:HandleResponse:158] Successfully deserialized response, status: 0, result code: 0
[m[0;32;31m1970-01-04 05:09:25.327|E|1184141422|lpUCM [IpccProtoMessage.cpp:SerializeParams:112] m_offset, 356352
[m[1;33m1970-01-04 05:09:25.327|W|1184141422|lpUCM [RemoteSails.cpp:SendWithRetry:185] Successfully wrote 1052 bytes
[m[0;32;32m1970-01-04 05:09:25.363|I|1184141422|lpUCM [RemoteSails.cpp:HandleResponse:149] HandleResponse started, buffer size: 1048
[m[0;32;32m1970-01-04 05:09:25.363|I|1184141422|lpUCM [RemoteSails.cpp:HandleResponse:158] Successfully deserialized response, status: 0, result code: 0
[m[0;32;31m1970-01-04 05:09:25.363|E|1184141422|lpUCM [IpccProtoMessage.cpp:SerializeParams:112] m_offset, 357376
[m[1;33m1970-01-04 05:09:25.363|W|1184141422|lpUCM [RemoteSails.cpp:SendWithRetry:185] Successfully wrote 1052 bytes
[m[0;32;32m1970-01-04 05:09:25.366|I|1184141422|lpUCM [RemoteSails.cpp:HandleResponse:149] HandleResponse started, buffer size: 1048
[m[0;32;32m1970-01-04 05:09:25.366|I|1184141422|lpUCM [RemoteSails.cpp:HandleResponse:158] Successfully deserialized response, status: 0, result code: 0
[m[0;32;31m1970-01-04 05:09:25.366|E|1184141422|lpUCM [IpccProtoMessage.cpp:SerializeParams:112] m_offset, 358400
[m[1;33m1970-01-04 05:09:25.366|W|1184141422|lpUCM [RemoteSails.cpp:SendWithRetry:185] Successfully wrote 1052 bytes
[m[0;32;32m1970-01-04 05:09:25.369|I|1184141422|lpUCM [RemoteSails.cpp:HandleResponse:149] HandleResponse started, buffer size: 1048
[m[0;32;32m1970-01-04 05:09:25.369|I|1184141422|lpUCM [RemoteSails.cpp:HandleResponse:158] Successfully deserialized response, status: 0, result code: 0
[m[0;32;31m1970-01-04 05:09:25.369|E|1184141422|lpUCM [IpccProtoMessage.cpp:SerializeParams:112] m_offset, 359424
[m[1;33m1970-01-04 05:09:25.369|W|1184141422|lpUCM [RemoteSails.cpp:SendWithRetry:185] Successfully wrote 1052 bytes
[m[0;32;32m1970-01-04 05:09:25.372|I|1184141422|lpUCM [RemoteSails.cpp:HandleResponse:149] HandleResponse started, buffer size: 1048
[m[0;32;32m1970-01-04 05:09:25.372|I|1184141422|lpUCM [RemoteSails.cpp:HandleResponse:158] Successfully deserialized response, status: 0, result code: 0
[m[0;32;32m1970-01-04 05:09:25.372|I|1184141422|lpUCM [RemoteSails.cpp:SailWriteData:272] All data already trans size 16384
[m[0;32;32m1970-01-04 05:09:25.372|I|1184141422|lpUCM [fds.cpp:FDS_OnLocalUpgProgress:248] total: 23, curr:23, percent:35, rop:97%
[m[0;32;32m1970-01-04 05:09:25.373|I|1184141422|lpUCM [RemoteSails.cpp:SailWriteData:254] total data is 16384
[m[0;32;31m1970-01-04 05:09:25.373|E|1184141422|lpUCM [IpccProtoMessage.cpp:SerializeParams:112] m_offset, 360448
[m[1;33m1970-01-04 05:09:25.373|W|1184141422|lpUCM [RemoteSails.cpp:SendWithRetry:185] Successfully wrote 1052 bytes
[m[0;32;32m1970-01-04 05:09:25.406|I|1184141422|lpUCM [RemoteSails.cpp:HandleResponse:149] HandleResponse started, buffer size: 1048
[m[0;32;32m1970-01-04 05:09:25.406|I|1184141422|lpUCM [RemoteSails.cpp:HandleResponse:158] Successfully deserialized response, status: 0, result code: 0
[m[0;32;31m1970-01-04 05:09:25.406|E|1184141422|lpUCM [IpccProtoMessage.cpp:SerializeParams:112] m_offset, 361472
[m[1;33m1970-01-04 05:09:25.406|W|1184141422|lpUCM [RemoteSails.cpp:SendWithRetry:185] Successfully wrote 1052 bytes
[m[0;32;32m1970-01-04 05:09:25.409|I|1184141422|lpUCM [RemoteSails.cpp:HandleResponse:149] HandleResponse started, buffer size: 1048
[m[0;32;32m1970-01-04 05:09:25.409|I|1184141422|lpUCM [RemoteSails.cpp:HandleResponse:158] Successfully deserialized response, status: 0, result code: 0
[m[0;32;31m1970-01-04 05:09:25.409|E|1184141422|lpUCM [IpccProtoMessage.cpp:SerializeParams:112] m_offset, 362496
[m[1;33m1970-01-04 05:09:25.409|W|1184141422|lpUCM [RemoteSails.cpp:SendWithRetry:185] Successfully wrote 1052 bytes
[m[0;32;32m1970-01-04 05:09:25.415|I|1184141422|lpUCM [RemoteSails.cpp:HandleResponse:149] HandleResponse started, buffer size: 1048
[m[0;32;32m1970-01-04 05:09:25.415|I|1184141422|lpUCM [RemoteSails.cpp:HandleResponse:158] Successfully deserialized response, status: 0, result code: 0
[m[0;32;31m1970-01-04 05:09:25.415|E|1184141422|lpUCM [IpccProtoMessage.cpp:SerializeParams:112] m_offset, 363520
[m[1;33m1970-01-04 05:09:25.415|W|1184141422|lpUCM [RemoteSails.cpp:SendWithRetry:185] Successfully wrote 1052 bytes
[m[0;32;32m1970-01-04 05:09:25.418|I|1184141422|lpUCM [RemoteSails.cpp:HandleResponse:149] HandleResponse started, buffer size: 1048
[m[0;32;32m1970-01-04 05:09:25.418|I|1184141422|lpUCM [RemoteSails.cpp:HandleResponse:158] Successfully deserialized response, status: 0, result code: 0
[m[0;32;31m1970-01-04 05:09:25.418|E|1184141422|lpUCM [IpccProtoMessage.cpp:SerializeParams:112] m_offset, 364544
[m[1;33m1970-01-04 05:09:25.418|W|1184141422|lpUCM [RemoteSails.cpp:SendWithRetry:185] Successfully wrote 1052 bytes
[m[0;32;32m1970-01-04 05:09:25.454|I|1184141422|lpUCM [RemoteSails.cpp:HandleResponse:149] HandleResponse started, buffer size: 1048
[m[0;32;32m1970-01-04 05:09:25.454|I|1184141422|lpUCM [RemoteSails.cpp:HandleResponse:158] Successfully deserialized response, status: 0, result code: 0
[m[0;32;31m1970-01-04 05:09:25.454|E|1184141422|lpUCM [IpccProtoMessage.cpp:SerializeParams:112] m_offset, 365568
[m[1;33m1970-01-04 05:09:25.454|W|1184141422|lpUCM [RemoteSails.cpp:SendWithRetry:185] Successfully wrote 1052 bytes
[m[0;32;32m1970-01-04 05:09:25.457|I|1184141422|lpUCM [RemoteSails.cpp:HandleResponse:149] HandleResponse started, buffer size: 1048
[m[0;32;32m1970-01-04 05:09:25.457|I|1184141422|lpUCM [RemoteSails.cpp:HandleResponse:158] Successfully deserialized response, status: 0, result code: 0
[m[0;32;31m1970-01-04 05:09:25.457|E|1184141422|lpUCM [IpccProtoMessage.cpp:SerializeParams:112] m_offset, 366592
[m[1;33m1970-01-04 05:09:25.457|W|1184141422|lpUCM [RemoteSails.cpp:SendWithRetry:185] Successfully wrote 1052 bytes
[m[0;32;32m1970-01-04 05:09:25.460|I|1184141422|lpUCM [RemoteSails.cpp:HandleResponse:149] HandleResponse started, buffer size: 1048
[m[0;32;32m1970-01-04 05:09:25.460|I|1184141422|lpUCM [RemoteSails.cpp:HandleResponse:158] Successfully deserialized response, status: 0, result code: 0
[m[0;32;31m1970-01-04 05:09:25.460|E|1184141422|lpUCM [IpccProtoMessage.cpp:SerializeParams:112] m_offset, 367616
[m[1;33m1970-01-04 05:09:25.460|W|1184141422|lpUCM [RemoteSails.cpp:SendWithRetry:185] Successfully wrote 1052 bytes
[m[0;32;32m1970-01-04 05:09:25.463|I|1184141422|lpUCM [RemoteSails.cpp:HandleResponse:149] HandleResponse started, buffer size: 1048
[m[0;32;32m1970-01-04 05:09:25.463|I|1184141422|lpUCM [RemoteSails.cpp:HandleResponse:158] Successfully deserialized response, status: 0, result code: 0
[m[0;32;31m1970-01-04 05:09:25.463|E|1184141422|lpUCM [IpccProtoMessage.cpp:SerializeParams:112] m_offset, 368640
[m[1;33m1970-01-04 05:09:25.463|W|1184141422|lpUCM [RemoteSails.cpp:SendWithRetry:185] Successfully wrote 1052 bytes
[m[0;32;32m1970-01-04 05:09:25.496|I|1184141422|lpUCM [RemoteSails.cpp:HandleResponse:149] HandleResponse started, buffer size: 1048
[m[0;32;32m1970-01-04 05:09:25.496|I|1184141422|lpUCM [RemoteSails.cpp:HandleResponse:158] Successfully deserialized response, status: 0, result code: 0
[m[0;32;31m1970-01-04 05:09:25.496|E|1184141422|lpUCM [IpccProtoMessage.cpp:SerializeParams:112] m_offset, 369664
[m[1;33m1970-01-04 05:09:25.496|W|1184141422|lpUCM [RemoteSails.cpp:SendWithRetry:185] Successfully wrote 1052 bytes
[m[0;32;32m1970-01-04 05:09:25.499|I|1184141422|lpUCM [RemoteSails.cpp:HandleResponse:149] HandleResponse started, buffer size: 1048
[m[0;32;32m1970-01-04 05:09:25.499|I|1184141422|lpUCM [RemoteSails.cpp:HandleResponse:158] Successfully deserialized response, status: 0, result code: 0
[m[0;32;31m1970-01-04 05:09:25.499|E|1184141422|lpUCM [IpccProtoMessage.cpp:SerializeParams:112] m_offset, 370688
[m[1;33m1970-01-04 05:09:25.499|W|1184141422|lpUCM [RemoteSails.cpp:SendWithRetry:185] Successfully wrote 1052 bytes
[m[0;32;32m1970-01-04 05:09:25.506|I|1184141422|lpUCM [RemoteSails.cpp:HandleResponse:149] HandleResponse started, buffer size: 1048
[m[0;32;32m1970-01-04 05:09:25.506|I|1184141422|lpUCM [RemoteSails.cpp:HandleResponse:158] Successfully deserialized response, status: 0, result code: 0
[m[0;32;31m1970-01-04 05:09:25.506|E|1184141422|lpUCM [IpccProtoMessage.cpp:SerializeParams:112] m_offset, 371712
[m[1;33m1970-01-04 05:09:25.506|W|1184141422|lpUCM [RemoteSails.cpp:SendWithRetry:185] Successfully wrote 1052 bytes
[m[0;32;32m1970-01-04 05:09:25.509|I|1184141422|lpUCM [RemoteSails.cpp:HandleResponse:149] HandleResponse started, buffer size: 1048
[m[0;32;32m1970-01-04 05:09:25.509|I|1184141422|lpUCM [RemoteSails.cpp:HandleResponse:158] Successfully deserialized response, status: 0, result code: 0
[m[0;32;31m1970-01-04 05:09:25.509|E|1184141422|lpUCM [IpccProtoMessage.cpp:SerializeParams:112] m_offset, 372736
[m[1;33m1970-01-04 05:09:25.509|W|1184141422|lpUCM [RemoteSails.cpp:SendWithRetry:185] Successfully wrote 1052 bytes
[m[0;32;32m1970-01-04 05:09:25.540|I|1184141422|lpUCM [RemoteSails.cpp:HandleResponse:149] HandleResponse started, buffer size: 1048
[m[0;32;32m1970-01-04 05:09:25.540|I|1184141422|lpUCM [RemoteSails.cpp:HandleResponse:158] Successfully deserialized response, status: 0, result code: 0
[m[0;32;31m1970-01-04 05:09:25.540|E|1184141422|lpUCM [IpccProtoMessage.cpp:SerializeParams:112] m_offset, 373760
[m[1;33m1970-01-04 05:09:25.540|W|1184141422|lpUCM [RemoteSails.cpp:SendWithRetry:185] Successfully wrote 1052 bytes
[m[0;32;32m1970-01-04 05:09:25.544|I|1184141422|lpUCM [RemoteSails.cpp:HandleResponse:149] HandleResponse started, buffer size: 1048
[m[0;32;32m1970-01-04 05:09:25.544|I|1184141422|lpUCM [RemoteSails.cpp:HandleResponse:158] Successfully deserialized response, status: 0, result code: 0
[m[0;32;31m1970-01-04 05:09:25.544|E|1184141422|lpUCM [IpccProtoMessage.cpp:SerializeParams:112] m_offset, 374784
[m[1;33m1970-01-04 05:09:25.544|W|1184141422|lpUCM [RemoteSails.cpp:SendWithRetry:185] Successfully wrote 1052 bytes
[m[0;32;32m1970-01-04 05:09:25.548|I|1184141422|lpUCM [RemoteSails.cpp:HandleResponse:149] HandleResponse started, buffer size: 1048
[m[0;32;32m1970-01-04 05:09:25.548|I|1184141422|lpUCM [RemoteSails.cpp:HandleResponse:158] Successfully deserialized response, status: 0, result code: 0
[m[0;32;31m1970-01-04 05:09:25.548|E|1184141422|lpUCM [IpccProtoMessage.cpp:SerializeParams:112] m_offset, 375808
[m[1;33m1970-01-04 05:09:25.548|W|1184141422|lpUCM [RemoteSails.cpp:SendWithRetry:185] Successfully wrote 1052 bytes
[m[0;32;32m1970-01-04 05:09:25.552|I|1184141422|lpUCM [RemoteSails.cpp:HandleResponse:149] HandleResponse started, buffer size: 1048
[m[0;32;32m1970-01-04 05:09:25.552|I|1184141422|lpUCM [RemoteSails.cpp:HandleResponse:158] Successfully deserialized response, status: 0, result code: 0
[m[0;32;32m1970-01-04 05:09:25.552|I|1184141422|lpUCM [RemoteSails.cpp:SailWriteData:272] All data already trans size 16384
[m[0;32;32m1970-01-04 05:09:25.552|I|1184141422|lpUCM [fds.cpp:FDS_OnLocalUpgProgress:248] total: 23, curr:23, percent:36, rop:97%
[m[0;32;32m1970-01-04 05:09:25.552|I|1184141422|lpUCM [RemoteSails.cpp:SailWriteData:254] total data is 16384
[m[0;32;31m1970-01-04 05:09:25.552|E|1184141422|lpUCM [IpccProtoMessage.cpp:SerializeParams:112] m_offset, 376832
[m[1;33m1970-01-04 05:09:25.552|W|1184141422|lpUCM [RemoteSails.cpp:SendWithRetry:185] Successfully wrote 1052 bytes
[m[0;32;32m1970-01-04 05:09:25.586|I|1184141422|lpUCM [RemoteSails.cpp:HandleResponse:149] HandleResponse started, buffer size: 1048
[m[0;32;32m1970-01-04 05:09:25.586|I|1184141422|lpUCM [RemoteSails.cpp:HandleResponse:158] Successfully deserialized response, status: 0, result code: 0
[m[0;32;31m1970-01-04 05:09:25.586|E|1184141422|lpUCM [IpccProtoMessage.cpp:SerializeParams:112] m_offset, 377856
[m[1;33m1970-01-04 05:09:25.586|W|1184141422|lpUCM [RemoteSails.cpp:SendWithRetry:185] Successfully wrote 1052 bytes
[m[0;32;32m1970-01-04 05:09:25.589|I|1184141422|lpUCM [RemoteSails.cpp:HandleResponse:149] HandleResponse started, buffer size: 1048
[m[0;32;32m1970-01-04 05:09:25.589|I|1184141422|lpUCM [RemoteSails.cpp:HandleResponse:158] Successfully deserialized response, status: 0, result code: 0
[m[0;32;31m1970-01-04 05:09:25.589|E|1184141422|lpUCM [IpccProtoMessage.cpp:SerializeParams:112] m_offset, 378880
[m[1;33m1970-01-04 05:09:25.589|W|1184141422|lpUCM [RemoteSails.cpp:SendWithRetry:185] Successfully wrote 1052 bytes
[m[0;32;32m1970-01-04 05:09:25.595|I|1184141422|lpUCM [RemoteSails.cpp:HandleResponse:149] HandleResponse started, buffer size: 1048
[m[0;32;32m1970-01-04 05:09:25.595|I|1184141422|lpUCM [RemoteSails.cpp:HandleResponse:158] Successfully deserialized response, status: 0, result code: 0
[m[0;32;31m1970-01-04 05:09:25.595|E|1184141422|lpUCM [IpccProtoMessage.cpp:SerializeParams:112] m_offset, 379904
[m[1;33m1970-01-04 05:09:25.595|W|1184141422|lpUCM [RemoteSails.cpp:SendWithRetry:185] Successfully wrote 1052 bytes
[m[0;32;32m1970-01-04 05:09:25.598|I|1184141422|lpUCM [RemoteSails.cpp:HandleResponse:149] HandleResponse started, buffer size: 1048
[m[0;32;32m1970-01-04 05:09:25.598|I|1184141422|lpUCM [RemoteSails.cpp:HandleResponse:158] Successfully deserialized response, status: 0, result code: 0
[m[0;32;31m1970-01-04 05:09:25.598|E|1184141422|lpUCM [IpccProtoMessage.cpp:SerializeParams:112] m_offset, 380928
[m[1;33m1970-01-04 05:09:25.598|W|1184141422|lpUCM [RemoteSails.cpp:SendWithRetry:185] Successfully wrote 1052 bytes
[m[0;32;32m1970-01-04 05:09:25.631|I|1184141422|lpUCM [RemoteSails.cpp:HandleResponse:149] HandleResponse started, buffer size: 1048
[m[0;32;32m1970-01-04 05:09:25.631|I|1184141422|lpUCM [RemoteSails.cpp:HandleResponse:158] Successfully deserialized response, status: 0, result code: 0
[m[0;32;31m1970-01-04 05:09:25.631|E|1184141422|lpUCM [IpccProtoMessage.cpp:SerializeParams:112] m_offset, 381952
[m[1;33m1970-01-04 05:09:25.631|W|1184141422|lpUCM [RemoteSails.cpp:SendWithRetry:185] Successfully wrote 1052 bytes
[m[0;32;32m1970-01-04 05:09:25.634|I|1184141422|lpUCM [RemoteSails.cpp:HandleResponse:149] HandleResponse started, buffer size: 1048
[m[0;32;32m1970-01-04 05:09:25.634|I|1184141422|lpUCM [RemoteSails.cpp:HandleResponse:158] Successfully deserialized response, status: 0, result code: 0
[m[0;32;31m1970-01-04 05:09:25.634|E|1184141422|lpUCM [IpccProtoMessage.cpp:SerializeParams:112] m_offset, 382976
[m[1;33m1970-01-04 05:09:25.634|W|1184141422|lpUCM [RemoteSails.cpp:SendWithRetry:185] Successfully wrote 1052 bytes
[m[0;32;32m1970-01-04 05:09:25.637|I|1184141422|lpUCM [RemoteSails.cpp:HandleResponse:149] HandleResponse started, buffer size: 1048
[m[0;32;32m1970-01-04 05:09:25.637|I|1184141422|lpUCM [RemoteSails.cpp:HandleResponse:158] Successfully deserialized response, status: 0, result code: 0
[m[0;32;31m1970-01-04 05:09:25.637|E|1184141422|lpUCM [IpccProtoMessage.cpp:SerializeParams:112] m_offset, 384000
[m[1;33m1970-01-04 05:09:25.637|W|1184141422|lpUCM [RemoteSails.cpp:SendWithRetry:185] Successfully wrote 1052 bytes
[m[0;32;32m1970-01-04 05:09:25.640|I|1184141422|lpUCM [RemoteSails.cpp:HandleResponse:149] HandleResponse started, buffer size: 1048
[m[0;32;32m1970-01-04 05:09:25.640|I|1184141422|lpUCM [RemoteSails.cpp:HandleResponse:158] Successfully deserialized response, status: 0, result code: 0
[m[0;32;31m1970-01-04 05:09:25.640|E|1184141422|lpUCM [IpccProtoMessage.cpp:SerializeParams:112] m_offset, 385024
[m[1;33m1970-01-04 05:09:25.640|W|1184141422|lpUCM [RemoteSails.cpp:SendWithRetry:185] Successfully wrote 1052 bytes
[m[0;32;32m1970-01-04 05:09:25.675|I|1184141422|lpUCM [RemoteSails.cpp:HandleResponse:149] HandleResponse started, buffer size: 1048
[m[0;32;32m1970-01-04 05:09:25.675|I|1184141422|lpUCM [RemoteSails.cpp:HandleResponse:158] Successfully deserialized response, status: 0, result code: 0
[m[0;32;31m1970-01-04 05:09:25.675|E|1184141422|lpUCM [IpccProtoMessage.cpp:SerializeParams:112] m_offset, 386048
[m[1;33m1970-01-04 05:09:25.675|W|1184141422|lpUCM [RemoteSails.cpp:SendWithRetry:185] Successfully wrote 1052 bytes
[m[0;32;32m1970-01-04 05:09:25.679|I|1184141422|lpUCM [RemoteSails.cpp:HandleResponse:149] HandleResponse started, buffer size: 1048
[m[0;32;32m1970-01-04 05:09:25.679|I|1184141422|lpUCM [RemoteSails.cpp:HandleResponse:158] Successfully deserialized response, status: 0, result code: 0
[m[0;32;31m1970-01-04 05:09:25.679|E|1184141422|lpUCM [IpccProtoMessage.cpp:SerializeParams:112] m_offset, 387072
[m[1;33m1970-01-04 05:09:25.679|W|1184141422|lpUCM [RemoteSails.cpp:SendWithRetry:185] Successfully wrote 1052 bytes
[m[0;32;32m1970-01-04 05:09:25.686|I|1184141422|lpUCM [RemoteSails.cpp:HandleResponse:149] HandleResponse started, buffer size: 1048
[m[0;32;32m1970-01-04 05:09:25.686|I|1184141422|lpUCM [RemoteSails.cpp:HandleResponse:158] Successfully deserialized response, status: 0, result code: 0
[m[0;32;31m1970-01-04 05:09:25.686|E|1184141422|lpUCM [IpccProtoMessage.cpp:SerializeParams:112] m_offset, 388096
[m[1;33m1970-01-04 05:09:25.686|W|1184141422|lpUCM [RemoteSails.cpp:SendWithRetry:185] Successfully wrote 1052 bytes
[m[0;32;32m1970-01-04 05:09:25.689|I|1184141422|lpUCM [RemoteSails.cpp:HandleResponse:149] HandleResponse started, buffer size: 1048
[m[0;32;32m1970-01-04 05:09:25.689|I|1184141422|lpUCM [RemoteSails.cpp:HandleResponse:158] Successfully deserialized response, status: 0, result code: 0
[m[0;32;31m1970-01-04 05:09:25.689|E|1184141422|lpUCM [IpccProtoMessage.cpp:SerializeParams:112] m_offset, 389120
[m[1;33m1970-01-04 05:09:25.689|W|1184141422|lpUCM [RemoteSails.cpp:SendWithRetry:185] Successfully wrote 1052 bytes
[m[0;32;32m1970-01-04 05:09:25.723|I|1184141422|lpUCM [RemoteSails.cpp:HandleResponse:149] HandleResponse started, buffer size: 1048
[m[0;32;32m1970-01-04 05:09:25.723|I|1184141422|lpUCM [RemoteSails.cpp:HandleResponse:158] Successfully deserialized response, status: 0, result code: 0
[m[0;32;31m1970-01-04 05:09:25.723|E|1184141422|lpUCM [IpccProtoMessage.cpp:SerializeParams:112] m_offset, 390144
[m[1;33m1970-01-04 05:09:25.723|W|1184141422|lpUCM [RemoteSails.cpp:SendWithRetry:185] Successfully wrote 1052 bytes
[m[0;32;32m1970-01-04 05:09:25.727|I|1184141422|lpUCM [RemoteSails.cpp:HandleResponse:149] HandleResponse started, buffer size: 1048
[m[0;32;32m1970-01-04 05:09:25.727|I|1184141422|lpUCM [RemoteSails.cpp:HandleResponse:158] Successfully deserialized response, status: 0, result code: 0
[m[0;32;31m1970-01-04 05:09:25.727|E|1184141422|lpUCM [IpccProtoMessage.cpp:SerializeParams:112] m_offset, 391168
[m[1;33m1970-01-04 05:09:25.727|W|1184141422|lpUCM [RemoteSails.cpp:SendWithRetry:185] Successfully wrote 1052 bytes
[m[0;32;32m1970-01-04 05:09:25.730|I|1184141422|lpUCM [RemoteSails.cpp:HandleResponse:149] HandleResponse started, buffer size: 1048
[m[0;32;32m1970-01-04 05:09:25.730|I|1184141422|lpUCM [RemoteSails.cpp:HandleResponse:158] Successfully deserialized response, status: 0, result code: 0
[m[0;32;31m1970-01-04 05:09:25.730|E|1184141422|lpUCM [IpccProtoMessage.cpp:SerializeParams:112] m_offset, 392192
[m[1;33m1970-01-04 05:09:25.730|W|1184141422|lpUCM [RemoteSails.cpp:SendWithRetry:185] Successfully wrote 1052 bytes
[m[0;32;32m1970-01-04 05:09:25.733|I|1184141422|lpUCM [RemoteSails.cpp:HandleResponse:149] HandleResponse started, buffer size: 1048
[m[0;32;32m1970-01-04 05:09:25.733|I|1184141422|lpUCM [RemoteSails.cpp:HandleResponse:158] Successfully deserialized response, status: 0, result code: 0
[m[0;32;32m1970-01-04 05:09:25.733|I|1184141422|lpUCM [RemoteSails.cpp:SailWriteData:272] All data already trans size 16384
[m[0;32;32m1970-01-04 05:09:25.733|I|1184141422|lpUCM [fds.cpp:FDS_OnLocalUpgProgress:248] total: 23, curr:23, percent:38, rop:97%
[m[0;32;32m1970-01-04 05:09:25.735|I|1184141422|lpUCM [RemoteSails.cpp:SailWriteData:254] total data is 16384
[m[0;32;31m1970-01-04 05:09:25.735|E|1184141422|lpUCM [IpccProtoMessage.cpp:SerializeParams:112] m_offset, 393216
[m[1;33m1970-01-04 05:09:25.735|W|1184141422|lpUCM [RemoteSails.cpp:SendWithRetry:185] Successfully wrote 1052 bytes
[m[0;32;32m1970-01-04 05:09:25.770|I|1184141422|lpUCM [RemoteSails.cpp:HandleResponse:149] HandleResponse started, buffer size: 1048
[m[0;32;32m1970-01-04 05:09:25.770|I|1184141422|lpUCM [RemoteSails.cpp:HandleResponse:158] Successfully deserialized response, status: 0, result code: 0
[m[0;32;31m1970-01-04 05:09:25.770|E|1184141422|lpUCM [IpccProtoMessage.cpp:SerializeParams:112] m_offset, 394240
[m[1;33m1970-01-04 05:09:25.770|W|1184141422|lpUCM [RemoteSails.cpp:SendWithRetry:185] Successfully wrote 1052 bytes
[m[0;32;32m1970-01-04 05:09:25.774|I|1184141422|lpUCM [RemoteSails.cpp:HandleResponse:149] HandleResponse started, buffer size: 1048
[m[0;32;32m1970-01-04 05:09:25.774|I|1184141422|lpUCM [RemoteSails.cpp:HandleResponse:158] Successfully deserialized response, status: 0, result code: 0
[m[0;32;31m1970-01-04 05:09:25.774|E|1184141422|lpUCM [IpccProtoMessage.cpp:SerializeParams:112] m_offset, 395264
[m[1;33m1970-01-04 05:09:25.774|W|1184141422|lpUCM [RemoteSails.cpp:SendWithRetry:185] Successfully wrote 1052 bytes
[m[0;32;32m1970-01-04 05:09:25.777|I|1184141422|lpUCM [RemoteSails.cpp:HandleResponse:149] HandleResponse started, buffer size: 1048
[m[0;32;32m1970-01-04 05:09:25.777|I|1184141422|lpUCM [RemoteSails.cpp:HandleResponse:158] Successfully deserialized response, status: 0, result code: 0
[m[0;32;31m1970-01-04 05:09:25.777|E|1184141422|lpUCM [IpccProtoMessage.cpp:SerializeParams:112] m_offset, 396288
[m[1;33m1970-01-04 05:09:25.777|W|1184141422|lpUCM [RemoteSails.cpp:SendWithRetry:185] Successfully wrote 1052 bytes
[m[0;32;32m1970-01-04 05:09:25.780|I|1184141422|lpUCM [RemoteSails.cpp:HandleResponse:149] HandleResponse started, buffer size: 1048
[m[0;32;32m1970-01-04 05:09:25.780|I|1184141422|lpUCM [RemoteSails.cpp:HandleResponse:158] Successfully deserialized response, status: 0, result code: 0
[m[0;32;31m1970-01-04 05:09:25.780|E|1184141422|lpUCM [IpccProtoMessage.cpp:SerializeParams:112] m_offset, 397312
[m[1;33m1970-01-04 05:09:25.780|W|1184141422|lpUCM [RemoteSails.cpp:SendWithRetry:185] Successfully wrote 1052 bytes
[m[0;32;32m1970-01-04 05:09:25.813|I|1184141422|lpUCM [RemoteSails.cpp:HandleResponse:149] HandleResponse started, buffer size: 1048
[m[0;32;32m1970-01-04 05:09:25.813|I|1184141422|lpUCM [RemoteSails.cpp:HandleResponse:158] Successfully deserialized response, status: 0, result code: 0
[m[0;32;31m1970-01-04 05:09:25.813|E|1184141422|lpUCM [IpccProtoMessage.cpp:SerializeParams:112] m_offset, 398336
[m[1;33m1970-01-04 05:09:25.813|W|1184141422|lpUCM [RemoteSails.cpp:SendWithRetry:185] Successfully wrote 1052 bytes
[m[0;32;32m1970-01-04 05:09:25.816|I|1184141422|lpUCM [RemoteSails.cpp:HandleResponse:149] HandleResponse started, buffer size: 1048
[m[0;32;32m1970-01-04 05:09:25.816|I|1184141422|lpUCM [RemoteSails.cpp:HandleResponse:158] Successfully deserialized response, status: 0, result code: 0
[m[0;32;31m1970-01-04 05:09:25.816|E|1184141422|lpUCM [IpccProtoMessage.cpp:SerializeParams:112] m_offset, 399360
[m[1;33m1970-01-04 05:09:25.816|W|1184141422|lpUCM [RemoteSails.cpp:SendWithRetry:185] Successfully wrote 1052 bytes
[m[0;32;32m1970-01-04 05:09:25.819|I|1184141422|lpUCM [RemoteSails.cpp:HandleResponse:149] HandleResponse started, buffer size: 1048
[m[0;32;32m1970-01-04 05:09:25.819|I|1184141422|lpUCM [RemoteSails.cpp:HandleResponse:158] Successfully deserialized response, status: 0, result code: 0
[m[0;32;31m1970-01-04 05:09:25.819|E|1184141422|lpUCM [IpccProtoMessage.cpp:SerializeParams:112] m_offset, 400384
[m[1;33m1970-01-04 05:09:25.819|W|1184141422|lpUCM [RemoteSails.cpp:SendWithRetry:185] Successfully wrote 1052 bytes
[m[0;32;32m1970-01-04 05:09:25.825|I|1184141422|lpUCM [RemoteSails.cpp:HandleResponse:149] HandleResponse started, buffer size: 1048
[m[0;32;32m1970-01-04 05:09:25.825|I|1184141422|lpUCM [RemoteSails.cpp:HandleResponse:158] Successfully deserialized response, status: 0, result code: 0
[m[0;32;31m1970-01-04 05:09:25.825|E|1184141422|lpUCM [IpccProtoMessage.cpp:SerializeParams:112] m_offset, 401408
[m[1;33m1970-01-04 05:09:25.825|W|1184141422|lpUCM [RemoteSails.cpp:SendWithRetry:185] Successfully wrote 1052 bytes
[m[0;32;32m1970-01-04 05:09:25.858|I|1184141422|lpUCM [RemoteSails.cpp:HandleResponse:149] HandleResponse started, buffer size: 1048
[m[0;32;32m1970-01-04 05:09:25.858|I|1184141422|lpUCM [RemoteSails.cpp:HandleResponse:158] Successfully deserialized response, status: 0, result code: 0
[m[0;32;31m1970-01-04 05:09:25.858|E|1184141422|lpUCM [IpccProtoMessage.cpp:SerializeParams:112] m_offset, 402432
[m[1;33m1970-01-04 05:09:25.858|W|1184141422|lpUCM [RemoteSails.cpp:SendWithRetry:185] Successfully wrote 1052 bytes
[m[0;32;32m1970-01-04 05:09:25.864|I|1184141422|lpUCM [RemoteSails.cpp:HandleResponse:149] HandleResponse started, buffer size: 1048
[m[0;32;32m1970-01-04 05:09:25.864|I|1184141422|lpUCM [RemoteSails.cpp:HandleResponse:158] Successfully deserialized response, status: 0, result code: 0
[m[0;32;31m1970-01-04 05:09:25.864|E|1184141422|lpUCM [IpccProtoMessage.cpp:SerializeParams:112] m_offset, 403456
[m[1;33m1970-01-04 05:09:25.864|W|1184141422|lpUCM [RemoteSails.cpp:SendWithRetry:185] Successfully wrote 1052 bytes
[m[0;32;32m1970-01-04 05:09:25.867|I|1184141422|lpUCM [RemoteSails.cpp:HandleResponse:149] HandleResponse started, buffer size: 1048
[m[0;32;32m1970-01-04 05:09:25.867|I|1184141422|lpUCM [RemoteSails.cpp:HandleResponse:158] Successfully deserialized response, status: 0, result code: 0
[m[0;32;31m1970-01-04 05:09:25.867|E|1184141422|lpUCM [IpccProtoMessage.cpp:SerializeParams:112] m_offset, 404480
[m[1;33m1970-01-04 05:09:25.867|W|1184141422|lpUCM [RemoteSails.cpp:SendWithRetry:185] Successfully wrote 1052 bytes
[m[0;32;32m1970-01-04 05:09:25.870|I|1184141422|lpUCM [RemoteSails.cpp:HandleResponse:149] HandleResponse started, buffer size: 1048
[m[0;32;32m1970-01-04 05:09:25.870|I|1184141422|lpUCM [RemoteSails.cpp:HandleResponse:158] Successfully deserialized response, status: 0, result code: 0
[m[0;32;31m1970-01-04 05:09:25.870|E|1184141422|lpUCM [IpccProtoMessage.cpp:SerializeParams:112] m_offset, 405504
[m[1;33m1970-01-04 05:09:25.870|W|1184141422|lpUCM [RemoteSails.cpp:SendWithRetry:185] Successfully wrote 1052 bytes
[m[0;32;32m1970-01-04 05:09:25.900|I|1184141422|lpUCM [RemoteSails.cpp:HandleResponse:149] HandleResponse started, buffer size: 1048
[m[0;32;32m1970-01-04 05:09:25.900|I|1184141422|lpUCM [RemoteSails.cpp:HandleResponse:158] Successfully deserialized response, status: 0, result code: 0
[m[0;32;31m1970-01-04 05:09:25.900|E|1184141422|lpUCM [IpccProtoMessage.cpp:SerializeParams:112] m_offset, 406528
[m[1;33m1970-01-04 05:09:25.900|W|1184141422|lpUCM [RemoteSails.cpp:SendWithRetry:185] Successfully wrote 1052 bytes
[m[0;32;32m1970-01-04 05:09:25.903|I|1184141422|lpUCM [RemoteSails.cpp:HandleResponse:149] HandleResponse started, buffer size: 1048
[m[0;32;32m1970-01-04 05:09:25.903|I|1184141422|lpUCM [RemoteSails.cpp:HandleResponse:158] Successfully deserialized response, status: 0, result code: 0
[m[0;32;31m1970-01-04 05:09:25.903|E|1184141422|lpUCM [IpccProtoMessage.cpp:SerializeParams:112] m_offset, 407552
[m[1;33m1970-01-04 05:09:25.903|W|1184141422|lpUCM [RemoteSails.cpp:SendWithRetry:185] Successfully wrote 1052 bytes
[m[0;32;32m1970-01-04 05:09:25.906|I|1184141422|lpUCM [RemoteSails.cpp:HandleResponse:149] HandleResponse started, buffer size: 1048
[m[0;32;32m1970-01-04 05:09:25.906|I|1184141422|lpUCM [RemoteSails.cpp:HandleResponse:158] Successfully deserialized response, status: 0, result code: 0
[m[0;32;31m1970-01-04 05:09:25.906|E|1184141422|lpUCM [IpccProtoMessage.cpp:SerializeParams:112] m_offset, 408576
[m[1;33m1970-01-04 05:09:25.906|W|1184141422|lpUCM [RemoteSails.cpp:SendWithRetry:185] Successfully wrote 1052 bytes
[m[0;32;32m1970-01-04 05:09:25.909|I|1184141422|lpUCM [RemoteSails.cpp:HandleResponse:149] HandleResponse started, buffer size: 1048
[m[0;32;32m1970-01-04 05:09:25.909|I|1184141422|lpUCM [RemoteSails.cpp:HandleResponse:158] Successfully deserialized response, status: 0, result code: 0
[m[0;32;32m1970-01-04 05:09:25.909|I|1184141422|lpUCM [RemoteSails.cpp:SailWriteData:272] All data already trans size 16384
[m[0;32;32m1970-01-04 05:09:25.909|I|1184141422|lpUCM [fds.cpp:FDS_OnLocalUpgProgress:248] total: 23, curr:23, percent:39, rop:97%
[m[0;32;32m1970-01-04 05:09:25.910|I|1184141422|lpUCM [RemoteSails.cpp:SailWriteData:254] total data is 16384
[m[0;32;31m1970-01-04 05:09:25.910|E|1184141422|lpUCM [IpccProtoMessage.cpp:SerializeParams:112] m_offset, 409600
[m[1;33m1970-01-04 05:09:25.910|W|1184141422|lpUCM [RemoteSails.cpp:SendWithRetry:185] Successfully wrote 1052 bytes
[m[0;32;32m1970-01-04 05:09:25.942|I|1184141422|lpUCM [RemoteSails.cpp:HandleResponse:149] HandleResponse started, buffer size: 1048
[m[0;32;32m1970-01-04 05:09:25.942|I|1184141422|lpUCM [RemoteSails.cpp:HandleResponse:158] Successfully deserialized response, status: 0, result code: 0
[m[0;32;31m1970-01-04 05:09:25.942|E|1184141422|lpUCM [IpccProtoMessage.cpp:SerializeParams:112] m_offset, 410624
[m[1;33m1970-01-04 05:09:25.942|W|1184141422|lpUCM [RemoteSails.cpp:SendWithRetry:185] Successfully wrote 1052 bytes
[m[0;32;32m1970-01-04 05:09:25.945|I|1184141422|lpUCM [RemoteSails.cpp:HandleResponse:149] HandleResponse started, buffer size: 1048
[m[0;32;32m1970-01-04 05:09:25.945|I|1184141422|lpUCM [RemoteSails.cpp:HandleResponse:158] Successfully deserialized response, status: 0, result code: 0
[m[0;32;31m1970-01-04 05:09:25.945|E|1184141422|lpUCM [IpccProtoMessage.cpp:SerializeParams:112] m_offset, 411648
[m[1;33m1970-01-04 05:09:25.945|W|1184141422|lpUCM [RemoteSails.cpp:SendWithRetry:185] Successfully wrote 1052 bytes
[m[0;32;32m1970-01-04 05:09:25.948|I|1184141422|lpUCM [RemoteSails.cpp:HandleResponse:149] HandleResponse started, buffer size: 1048
[m[0;32;32m1970-01-04 05:09:25.948|I|1184141422|lpUCM [RemoteSails.cpp:HandleResponse:158] Successfully deserialized response, status: 0, result code: 0
[m[0;32;31m1970-01-04 05:09:25.948|E|1184141422|lpUCM [IpccProtoMessage.cpp:SerializeParams:112] m_offset, 412672
[m[1;33m1970-01-04 05:09:25.948|W|1184141422|lpUCM [RemoteSails.cpp:SendWithRetry:185] Successfully wrote 1052 bytes
[m[0;32;32m1970-01-04 05:09:25.952|I|1184141422|lpUCM [RemoteSails.cpp:HandleResponse:149] HandleResponse started, buffer size: 1048
[m[0;32;32m1970-01-04 05:09:25.952|I|1184141422|lpUCM [RemoteSails.cpp:HandleResponse:158] Successfully deserialized response, status: 0, result code: 0
[m[0;32;31m1970-01-04 05:09:25.952|E|1184141422|lpUCM [IpccProtoMessage.cpp:SerializeParams:112] m_offset, 413696
[m[1;33m1970-01-04 05:09:25.952|W|1184141422|lpUCM [RemoteSails.cpp:SendWithRetry:185] Successfully wrote 1052 bytes
[m[0;32;32m1970-01-04 05:09:25.987|I|1184141422|lpUCM [RemoteSails.cpp:HandleResponse:149] HandleResponse started, buffer size: 1048
[m[0;32;32m1970-01-04 05:09:25.987|I|1184141422|lpUCM [RemoteSails.cpp:HandleResponse:158] Successfully deserialized response, status: 0, result code: 0
[m[0;32;31m1970-01-04 05:09:25.987|E|1184141422|lpUCM [IpccProtoMessage.cpp:SerializeParams:112] m_offset, 414720
[m[1;33m1970-01-04 05:09:25.987|W|1184141422|lpUCM [RemoteSails.cpp:SendWithRetry:185] Successfully wrote 1052 bytes
[m[0;32;32m1970-01-04 05:09:25.990|I|1184141422|lpUCM [RemoteSails.cpp:HandleResponse:149] HandleResponse started, buffer size: 1048
[m[0;32;32m1970-01-04 05:09:25.990|I|1184141422|lpUCM [RemoteSails.cpp:HandleResponse:158] Successfully deserialized response, status: 0, result code: 0
[m[0;32;31m1970-01-04 05:09:25.990|E|1184141422|lpUCM [IpccProtoMessage.cpp:SerializeParams:112] m_offset, 415744
[m[1;33m1970-01-04 05:09:25.990|W|1184141422|lpUCM [RemoteSails.cpp:SendWithRetry:185] Successfully wrote 1052 bytes
[m[0;32;32m1970-01-04 05:09:25.993|I|1184141422|lpUCM [RemoteSails.cpp:HandleResponse:149] HandleResponse started, buffer size: 1048
[m[0;32;32m1970-01-04 05:09:25.993|I|1184141422|lpUCM [RemoteSails.cpp:HandleResponse:158] Successfully deserialized response, status: 0, result code: 0
[m[0;32;31m1970-01-04 05:09:25.993|E|1184141422|lpUCM [IpccProtoMessage.cpp:SerializeParams:112] m_offset, 416768
[m[1;33m1970-01-04 05:09:25.993|W|1184141422|lpUCM [RemoteSails.cpp:SendWithRetry:185] Successfully wrote 1052 bytes
[m[0;32;32m1970-01-04 05:09:25.996|I|1184141422|lpUCM [RemoteSails.cpp:HandleResponse:149] HandleResponse started, buffer size: 1048
[m[0;32;32m1970-01-04 05:09:25.996|I|1184141422|lpUCM [RemoteSails.cpp:HandleResponse:158] Successfully deserialized response, status: 0, result code: 0
[m[0;32;31m1970-01-04 05:09:25.996|E|1184141422|lpUCM [IpccProtoMessage.cpp:SerializeParams:112] m_offset, 417792
[m[1;33m1970-01-04 05:09:25.996|W|1184141422|lpUCM [RemoteSails.cpp:SendWithRetry:185] Successfully wrote 1052 bytes
[m[0;32;32m1970-01-04 05:09:26.29|I|1184141422|lpUCM [RemoteSails.cpp:HandleResponse:149] HandleResponse started, buffer size: 1048
[m[0;32;32m1970-01-04 05:09:26.29|I|1184141422|lpUCM [RemoteSails.cpp:HandleResponse:158] Successfully deserialized response, status: 0, result code: 0
[m[0;32;31m1970-01-04 05:09:26.29|E|1184141422|lpUCM [IpccProtoMessage.cpp:SerializeParams:112] m_offset, 418816
[m[1;33m1970-01-04 05:09:26.29|W|1184141422|lpUCM [RemoteSails.cpp:SendWithRetry:185] Successfully wrote 1052 bytes
[m[0;32;32m1970-01-04 05:09:26.35|I|1184141422|lpUCM [RemoteSails.cpp:HandleResponse:149] HandleResponse started, buffer size: 1048
[m[0;32;32m1970-01-04 05:09:26.35|I|1184141422|lpUCM [RemoteSails.cpp:HandleResponse:158] Successfully deserialized response, status: 0, result code: 0
[m[0;32;31m1970-01-04 05:09:26.35|E|1184141422|lpUCM [IpccProtoMessage.cpp:SerializeParams:112] m_offset, 419840
[m[1;33m1970-01-04 05:09:26.35|W|1184141422|lpUCM [RemoteSails.cpp:SendWithRetry:185] Successfully wrote 1052 bytes
[m[0;32;32m1970-01-04 05:09:26.38|I|1184141422|lpUCM [RemoteSails.cpp:HandleResponse:149] HandleResponse started, buffer size: 1048
[m[0;32;32m1970-01-04 05:09:26.38|I|1184141422|lpUCM [RemoteSails.cpp:HandleResponse:158] Successfully deserialized response, status: 0, result code: 0
[m[0;32;31m1970-01-04 05:09:26.38|E|1184141422|lpUCM [IpccProtoMessage.cpp:SerializeParams:112] m_offset, 420864
[m[1;33m1970-01-04 05:09:26.38|W|1184141422|lpUCM [RemoteSails.cpp:SendWithRetry:185] Successfully wrote 1052 bytes
[m[0;32;32m1970-01-04 05:09:26.44|I|1184141422|lpUCM [RemoteSails.cpp:HandleResponse:149] HandleResponse started, buffer size: 1048
[m[0;32;32m1970-01-04 05:09:26.44|I|1184141422|lpUCM [RemoteSails.cpp:HandleResponse:158] Successfully deserialized response, status: 0, result code: 0
[m[0;32;31m1970-01-04 05:09:26.44|E|1184141422|lpUCM [IpccProtoMessage.cpp:SerializeParams:112] m_offset, 421888
[m[1;33m1970-01-04 05:09:26.44|W|1184141422|lpUCM [RemoteSails.cpp:SendWithRetry:185] Successfully wrote 1052 bytes
[m[0;32;32m1970-01-04 05:09:26.78|I|1184141422|lpUCM [RemoteSails.cpp:HandleResponse:149] HandleResponse started, buffer size: 1048
[m[0;32;32m1970-01-04 05:09:26.78|I|1184141422|lpUCM [RemoteSails.cpp:HandleResponse:158] Successfully deserialized response, status: 0, result code: 0
[m[0;32;31m1970-01-04 05:09:26.78|E|1184141422|lpUCM [IpccProtoMessage.cpp:SerializeParams:112] m_offset, 422912
[m[1;33m1970-01-04 05:09:26.78|W|1184141422|lpUCM [RemoteSails.cpp:SendWithRetry:185] Successfully wrote 1052 bytes
[m[0;32;32m1970-01-04 05:09:26.81|I|1184141422|lpUCM [RemoteSails.cpp:HandleResponse:149] HandleResponse started, buffer size: 1048
[m[0;32;32m1970-01-04 05:09:26.81|I|1184141422|lpUCM [RemoteSails.cpp:HandleResponse:158] Successfully deserialized response, status: 0, result code: 0
[m[0;32;31m1970-01-04 05:09:26.81|E|1184141422|lpUCM [IpccProtoMessage.cpp:SerializeParams:112] m_offset, 423936
[m[1;33m1970-01-04 05:09:26.81|W|1184141422|lpUCM [RemoteSails.cpp:SendWithRetry:185] Successfully wrote 1052 bytes
[m[0;32;32m1970-01-04 05:09:26.85|I|1184141422|lpUCM [RemoteSails.cpp:HandleResponse:149] HandleResponse started, buffer size: 1048
[m[0;32;32m1970-01-04 05:09:26.85|I|1184141422|lpUCM [RemoteSails.cpp:HandleResponse:158] Successfully deserialized response, status: 0, result code: 0
[m[0;32;31m1970-01-04 05:09:26.85|E|1184141422|lpUCM [IpccProtoMessage.cpp:SerializeParams:112] m_offset, 424960
[m[1;33m1970-01-04 05:09:26.85|W|1184141422|lpUCM [RemoteSails.cpp:SendWithRetry:185] Successfully wrote 1052 bytes
[m[0;32;32m1970-01-04 05:09:26.88|I|1184141422|lpUCM [RemoteSails.cpp:HandleResponse:149] HandleResponse started, buffer size: 1048
[m[0;32;32m1970-01-04 05:09:26.88|I|1184141422|lpUCM [RemoteSails.cpp:HandleResponse:158] Successfully deserialized response, status: 0, result code: 0
[m[0;32;32m1970-01-04 05:09:26.88|I|1184141422|lpUCM [RemoteSails.cpp:SailWriteData:272] All data already trans size 16384
[m[0;32;32m1970-01-04 05:09:26.88|I|1184141422|lpUCM [fds.cpp:FDS_OnLocalUpgProgress:248] total: 23, curr:23, percent:40, rop:97%
[m[0;32;32m1970-01-04 05:09:26.89|I|1184141422|lpUCM [RemoteSails.cpp:SailWriteData:254] total data is 16384
[m[0;32;31m1970-01-04 05:09:26.89|E|1184141422|lpUCM [IpccProtoMessage.cpp:SerializeParams:112] m_offset, 425984
[m[1;33m1970-01-04 05:09:26.89|W|1184141422|lpUCM [RemoteSails.cpp:SendWithRetry:185] Successfully wrote 1052 bytes
[m[0;32;32m1970-01-04 05:09:26.123|I|1184141422|lpUCM [RemoteSails.cpp:HandleResponse:149] HandleResponse started, buffer size: 1048
[m[0;32;32m1970-01-04 05:09:26.123|I|1184141422|lpUCM [RemoteSails.cpp:HandleResponse:158] Successfully deserialized response, status: 0, result code: 0
[m[0;32;31m1970-01-04 05:09:26.123|E|1184141422|lpUCM [IpccProtoMessage.cpp:SerializeParams:112] m_offset, 427008
[m[1;33m1970-01-04 05:09:26.123|W|1184141422|lpUCM [RemoteSails.cpp:SendWithRetry:185] Successfully wrote 1052 bytes
[m[0;32;32m1970-01-04 05:09:26.127|I|1184141422|lpUCM [RemoteSails.cpp:HandleResponse:149] HandleResponse started, buffer size: 1048
[m[0;32;32m1970-01-04 05:09:26.127|I|1184141422|lpUCM [RemoteSails.cpp:HandleResponse:158] Successfully deserialized response, status: 0, result code: 0
[m[0;32;31m1970-01-04 05:09:26.127|E|1184141422|lpUCM [IpccProtoMessage.cpp:SerializeParams:112] m_offset, 428032
[m[1;33m1970-01-04 05:09:26.127|W|1184141422|lpUCM [RemoteSails.cpp:SendWithRetry:185] Successfully wrote 1052 bytes
[m[0;32;32m1970-01-04 05:09:26.131|I|1184141422|lpUCM [RemoteSails.cpp:HandleResponse:149] HandleResponse started, buffer size: 1048
[m[0;32;32m1970-01-04 05:09:26.131|I|1184141422|lpUCM [RemoteSails.cpp:HandleResponse:158] Successfully deserialized response, status: 0, result code: 0
[m[0;32;31m1970-01-04 05:09:26.131|E|1184141422|lpUCM [IpccProtoMessage.cpp:SerializeParams:112] m_offset, 429056
[m[1;33m1970-01-04 05:09:26.131|W|1184141422|lpUCM [RemoteSails.cpp:SendWithRetry:185] Successfully wrote 1052 bytes
[m[0;32;32m1970-01-04 05:09:26.135|I|1184141422|lpUCM [RemoteSails.cpp:HandleResponse:149] HandleResponse started, buffer size: 1048
[m[0;32;32m1970-01-04 05:09:26.135|I|1184141422|lpUCM [RemoteSails.cpp:HandleResponse:158] Successfully deserialized response, status: 0, result code: 0
[m[0;32;31m1970-01-04 05:09:26.135|E|1184141422|lpUCM [IpccProtoMessage.cpp:SerializeParams:112] m_offset, 430080
[m[1;33m1970-01-04 05:09:26.135|W|1184141422|lpUCM [RemoteSails.cpp:SendWithRetry:185] Successfully wrote 1052 bytes
[m[0;32;32m1970-01-04 05:09:26.172|I|1184141422|lpUCM [RemoteSails.cpp:HandleResponse:149] HandleResponse started, buffer size: 1048
[m[0;32;32m1970-01-04 05:09:26.172|I|1184141422|lpUCM [RemoteSails.cpp:HandleResponse:158] Successfully deserialized response, status: 0, result code: 0
[m[0;32;31m1970-01-04 05:09:26.172|E|1184141422|lpUCM [IpccProtoMessage.cpp:SerializeParams:112] m_offset, 431104
[m[1;33m1970-01-04 05:09:26.172|W|1184141422|lpUCM [RemoteSails.cpp:SendWithRetry:185] Successfully wrote 1052 bytes
[m[0;32;32m1970-01-04 05:09:26.175|I|1184141422|lpUCM [RemoteSails.cpp:HandleResponse:149] HandleResponse started, buffer size: 1048
[m[0;32;32m1970-01-04 05:09:26.175|I|1184141422|lpUCM [RemoteSails.cpp:HandleResponse:158] Successfully deserialized response, status: 0, result code: 0
[m[0;32;31m1970-01-04 05:09:26.175|E|1184141422|lpUCM [IpccProtoMessage.cpp:SerializeParams:112] m_offset, 432128
[m[1;33m1970-01-04 05:09:26.175|W|1184141422|lpUCM [RemoteSails.cpp:SendWithRetry:185] Successfully wrote 1052 bytes
[m[0;32;32m1970-01-04 05:09:26.178|I|1184141422|lpUCM [RemoteSails.cpp:HandleResponse:149] HandleResponse started, buffer size: 1048
[m[0;32;32m1970-01-04 05:09:26.178|I|1184141422|lpUCM [RemoteSails.cpp:HandleResponse:158] Successfully deserialized response, status: 0, result code: 0
[m[0;32;31m1970-01-04 05:09:26.178|E|1184141422|lpUCM [IpccProtoMessage.cpp:SerializeParams:112] m_offset, 433152
[m[1;33m1970-01-04 05:09:26.178|W|1184141422|lpUCM [RemoteSails.cpp:SendWithRetry:185] Successfully wrote 1052 bytes
[m[0;32;32m1970-01-04 05:09:26.184|I|1184141422|lpUCM [RemoteSails.cpp:HandleResponse:149] HandleResponse started, buffer size: 1048
[m[0;32;32m1970-01-04 05:09:26.184|I|1184141422|lpUCM [RemoteSails.cpp:HandleResponse:158] Successfully deserialized response, status: 0, result code: 0
[m[0;32;31m1970-01-04 05:09:26.184|E|1184141422|lpUCM [IpccProtoMessage.cpp:SerializeParams:112] m_offset, 434176
[m[1;33m1970-01-04 05:09:26.184|W|1184141422|lpUCM [RemoteSails.cpp:SendWithRetry:185] Successfully wrote 1052 bytes
[m[0;32;32m1970-01-04 05:09:26.217|I|1184141422|lpUCM [RemoteSails.cpp:HandleResponse:149] HandleResponse started, buffer size: 1048
[m[0;32;32m1970-01-04 05:09:26.217|I|1184141422|lpUCM [RemoteSails.cpp:HandleResponse:158] Successfully deserialized response, status: 0, result code: 0
[m[0;32;31m1970-01-04 05:09:26.217|E|1184141422|lpUCM [IpccProtoMessage.cpp:SerializeParams:112] m_offset, 435200
[m[1;33m1970-01-04 05:09:26.217|W|1184141422|lpUCM [RemoteSails.cpp:SendWithRetry:185] Successfully wrote 1052 bytes
[m[0;32;32m1970-01-04 05:09:26.220|I|1184141422|lpUCM [RemoteSails.cpp:HandleResponse:149] HandleResponse started, buffer size: 1048
[m[0;32;32m1970-01-04 05:09:26.220|I|1184141422|lpUCM [RemoteSails.cpp:HandleResponse:158] Successfully deserialized response, status: 0, result code: 0
[m[0;32;31m1970-01-04 05:09:26.220|E|1184141422|lpUCM [IpccProtoMessage.cpp:SerializeParams:112] m_offset, 436224
[m[1;33m1970-01-04 05:09:26.220|W|1184141422|lpUCM [RemoteSails.cpp:SendWithRetry:185] Successfully wrote 1052 bytes
[m[0;32;32m1970-01-04 05:09:26.223|I|1184141422|lpUCM [RemoteSails.cpp:HandleResponse:149] HandleResponse started, buffer size: 1048
[m[0;32;32m1970-01-04 05:09:26.223|I|1184141422|lpUCM [RemoteSails.cpp:HandleResponse:158] Successfully deserialized response, status: 0, result code: 0
[m[0;32;31m1970-01-04 05:09:26.223|E|1184141422|lpUCM [IpccProtoMessage.cpp:SerializeParams:112] m_offset, 437248
[m[1;33m1970-01-04 05:09:26.223|W|1184141422|lpUCM [RemoteSails.cpp:SendWithRetry:185] Successfully wrote 1052 bytes
[m[0;32;32m1970-01-04 05:09:26.226|I|1184141422|lpUCM [RemoteSails.cpp:HandleResponse:149] HandleResponse started, buffer size: 1048
[m[0;32;32m1970-01-04 05:09:26.226|I|1184141422|lpUCM [RemoteSails.cpp:HandleResponse:158] Successfully deserialized response, status: 0, result code: 0
[m[0;32;31m1970-01-04 05:09:26.226|E|1184141422|lpUCM [IpccProtoMessage.cpp:SerializeParams:112] m_offset, 438272
[m[1;33m1970-01-04 05:09:26.226|W|1184141422|lpUCM [RemoteSails.cpp:SendWithRetry:185] Successfully wrote 1052 bytes
[m[0;32;32m1970-01-04 05:09:26.261|I|1184141422|lpUCM [RemoteSails.cpp:HandleResponse:149] HandleResponse started, buffer size: 1048
[m[0;32;32m1970-01-04 05:09:26.261|I|1184141422|lpUCM [RemoteSails.cpp:HandleResponse:158] Successfully deserialized response, status: 0, result code: 0
[m[0;32;31m1970-01-04 05:09:26.261|E|1184141422|lpUCM [IpccProtoMessage.cpp:SerializeParams:112] m_offset, 439296
[m[1;33m1970-01-04 05:09:26.261|W|1184141422|lpUCM [RemoteSails.cpp:SendWithRetry:185] Successfully wrote 1052 bytes
[m[0;32;32m1970-01-04 05:09:26.265|I|1184141422|lpUCM [RemoteSails.cpp:HandleResponse:149] HandleResponse started, buffer size: 1048
[m[0;32;32m1970-01-04 05:09:26.265|I|1184141422|lpUCM [RemoteSails.cpp:HandleResponse:158] Successfully deserialized response, status: 0, result code: 0
[m[0;32;31m1970-01-04 05:09:26.265|E|1184141422|lpUCM [IpccProtoMessage.cpp:SerializeParams:112] m_offset, 440320
[m[1;33m1970-01-04 05:09:26.265|W|1184141422|lpUCM [RemoteSails.cpp:SendWithRetry:185] Successfully wrote 1052 bytes
[m[0;32;32m1970-01-04 05:09:26.269|I|1184141422|lpUCM [RemoteSails.cpp:HandleResponse:149] HandleResponse started, buffer size: 1048
[m[0;32;32m1970-01-04 05:09:26.269|I|1184141422|lpUCM [RemoteSails.cpp:HandleResponse:158] Successfully deserialized response, status: 0, result code: 0
[m[0;32;31m1970-01-04 05:09:26.269|E|1184141422|lpUCM [IpccProtoMessage.cpp:SerializeParams:112] m_offset, 441344
[m[1;33m1970-01-04 05:09:26.269|W|1184141422|lpUCM [RemoteSails.cpp:SendWithRetry:185] Successfully wrote 1052 bytes
[m[0;32;32m1970-01-04 05:09:26.273|I|1184141422|lpUCM [RemoteSails.cpp:HandleResponse:149] HandleResponse started, buffer size: 1048
[m[0;32;32m1970-01-04 05:09:26.273|I|1184141422|lpUCM [RemoteSails.cpp:HandleResponse:158] Successfully deserialized response, status: 0, result code: 0
[m[0;32;32m1970-01-04 05:09:26.273|I|1184141422|lpUCM [RemoteSails.cpp:SailWriteData:272] All data already trans size 16384
[m[0;32;32m1970-01-04 05:09:26.273|I|1184141422|lpUCM [fds.cpp:FDS_OnLocalUpgProgress:248] total: 23, curr:23, percent:41, rop:97%
[m[0;32;32m1970-01-04 05:09:26.275|I|1184141422|lpUCM [RemoteSails.cpp:SailWriteData:254] total data is 16384
[m[0;32;31m1970-01-04 05:09:26.275|E|1184141422|lpUCM [IpccProtoMessage.cpp:SerializeParams:112] m_offset, 442368
[m[1;33m1970-01-04 05:09:26.275|W|1184141422|lpUCM [RemoteSails.cpp:SendWithRetry:185] Successfully wrote 1052 bytes
[m[0;32;32m1970-01-04 05:09:26.308|I|1184141422|lpUCM [RemoteSails.cpp:HandleResponse:149] HandleResponse started, buffer size: 1048
[m[0;32;32m1970-01-04 05:09:26.308|I|1184141422|lpUCM [RemoteSails.cpp:HandleResponse:158] Successfully deserialized response, status: 0, result code: 0
[m[0;32;31m1970-01-04 05:09:26.308|E|1184141422|lpUCM [IpccProtoMessage.cpp:SerializeParams:112] m_offset, 443392
[m[1;33m1970-01-04 05:09:26.308|W|1184141422|lpUCM [RemoteSails.cpp:SendWithRetry:185] Successfully wrote 1052 bytes
[m[0;32;32m1970-01-04 05:09:26.312|I|1184141422|lpUCM [RemoteSails.cpp:HandleResponse:149] HandleResponse started, buffer size: 1048
[m[0;32;32m1970-01-04 05:09:26.312|I|1184141422|lpUCM [RemoteSails.cpp:HandleResponse:158] Successfully deserialized response, status: 0, result code: 0
[m[0;32;31m1970-01-04 05:09:26.312|E|1184141422|lpUCM [IpccProtoMessage.cpp:SerializeParams:112] m_offset, 444416
[m[1;33m1970-01-04 05:09:26.312|W|1184141422|lpUCM [RemoteSails.cpp:SendWithRetry:185] Successfully wrote 1052 bytes
[m[0;32;32m1970-01-04 05:09:26.315|I|1184141422|lpUCM [RemoteSails.cpp:HandleResponse:149] HandleResponse started, buffer size: 1048
[m[0;32;32m1970-01-04 05:09:26.315|I|1184141422|lpUCM [RemoteSails.cpp:HandleResponse:158] Successfully deserialized response, status: 0, result code: 0
[m[0;32;31m1970-01-04 05:09:26.315|E|1184141422|lpUCM [IpccProtoMessage.cpp:SerializeParams:112] m_offset, 445440
[m[1;33m1970-01-04 05:09:26.315|W|1184141422|lpUCM [RemoteSails.cpp:SendWithRetry:185] Successfully wrote 1052 bytes
[m[0;32;32m1970-01-04 05:09:26.319|I|1184141422|lpUCM [RemoteSails.cpp:HandleResponse:149] HandleResponse started, buffer size: 1048
[m[0;32;32m1970-01-04 05:09:26.319|I|1184141422|lpUCM [RemoteSails.cpp:HandleResponse:158] Successfully deserialized response, status: 0, result code: 0
[m[0;32;31m1970-01-04 05:09:26.319|E|1184141422|lpUCM [IpccProtoMessage.cpp:SerializeParams:112] m_offset, 446464
[m[1;33m1970-01-04 05:09:26.319|W|1184141422|lpUCM [RemoteSails.cpp:SendWithRetry:185] Successfully wrote 1052 bytes
[m[0;32;32m1970-01-04 05:09:26.356|I|1184141422|lpUCM [RemoteSails.cpp:HandleResponse:149] HandleResponse started, buffer size: 1048
[m[0;32;32m1970-01-04 05:09:26.356|I|1184141422|lpUCM [RemoteSails.cpp:HandleResponse:158] Successfully deserialized response, status: 0, result code: 0
[m[0;32;31m1970-01-04 05:09:26.356|E|1184141422|lpUCM [IpccProtoMessage.cpp:SerializeParams:112] m_offset, 447488
[m[1;33m1970-01-04 05:09:26.356|W|1184141422|lpUCM [RemoteSails.cpp:SendWithRetry:185] Successfully wrote 1052 bytes
[m[0;32;32m1970-01-04 05:09:26.359|I|1184141422|lpUCM [RemoteSails.cpp:HandleResponse:149] HandleResponse started, buffer size: 1048
[m[0;32;32m1970-01-04 05:09:26.359|I|1184141422|lpUCM [RemoteSails.cpp:HandleResponse:158] Successfully deserialized response, status: 0, result code: 0
[m[0;32;31m1970-01-04 05:09:26.359|E|1184141422|lpUCM [IpccProtoMessage.cpp:SerializeParams:112] m_offset, 448512
[m[1;33m1970-01-04 05:09:26.359|W|1184141422|lpUCM [RemoteSails.cpp:SendWithRetry:185] Successfully wrote 1052 bytes
[m[0;32;32m1970-01-04 05:09:26.366|I|1184141422|lpUCM [RemoteSails.cpp:HandleResponse:149] HandleResponse started, buffer size: 1048
[m[0;32;32m1970-01-04 05:09:26.366|I|1184141422|lpUCM [RemoteSails.cpp:HandleResponse:158] Successfully deserialized response, status: 0, result code: 0
[m[0;32;31m1970-01-04 05:09:26.366|E|1184141422|lpUCM [IpccProtoMessage.cpp:SerializeParams:112] m_offset, 449536
[m[1;33m1970-01-04 05:09:26.366|W|1184141422|lpUCM [RemoteSails.cpp:SendWithRetry:185] Successfully wrote 1052 bytes
[m[0;32;32m1970-01-04 05:09:26.369|I|1184141422|lpUCM [RemoteSails.cpp:HandleResponse:149] HandleResponse started, buffer size: 1048
[m[0;32;32m1970-01-04 05:09:26.369|I|1184141422|lpUCM [RemoteSails.cpp:HandleResponse:158] Successfully deserialized response, status: 0, result code: 0
[m[0;32;31m1970-01-04 05:09:26.369|E|1184141422|lpUCM [IpccProtoMessage.cpp:SerializeParams:112] m_offset, 450560
[m[1;33m1970-01-04 05:09:26.369|W|1184141422|lpUCM [RemoteSails.cpp:SendWithRetry:185] Successfully wrote 1052 bytes
[m[0;32;32m1970-01-04 05:09:26.402|I|1184141422|lpUCM [RemoteSails.cpp:HandleResponse:149] HandleResponse started, buffer size: 1048
[m[0;32;32m1970-01-04 05:09:26.402|I|1184141422|lpUCM [RemoteSails.cpp:HandleResponse:158] Successfully deserialized response, status: 0, result code: 0
[m[0;32;31m1970-01-04 05:09:26.402|E|1184141422|lpUCM [IpccProtoMessage.cpp:SerializeParams:112] m_offset, 451584
[m[1;33m1970-01-04 05:09:26.402|W|1184141422|lpUCM [RemoteSails.cpp:SendWithRetry:185] Successfully wrote 1052 bytes
[m[0;32;32m1970-01-04 05:09:26.405|I|1184141422|lpUCM [RemoteSails.cpp:HandleResponse:149] HandleResponse started, buffer size: 1048
[m[0;32;32m1970-01-04 05:09:26.405|I|1184141422|lpUCM [RemoteSails.cpp:HandleResponse:158] Successfully deserialized response, status: 0, result code: 0
[m[0;32;31m1970-01-04 05:09:26.405|E|1184141422|lpUCM [IpccProtoMessage.cpp:SerializeParams:112] m_offset, 452608
[m[1;33m1970-01-04 05:09:26.405|W|1184141422|lpUCM [RemoteSails.cpp:SendWithRetry:185] Successfully wrote 1052 bytes
[m[0;32;32m1970-01-04 05:09:26.408|I|1184141422|lpUCM [RemoteSails.cpp:HandleResponse:149] HandleResponse started, buffer size: 1048
[m[0;32;32m1970-01-04 05:09:26.408|I|1184141422|lpUCM [RemoteSails.cpp:HandleResponse:158] Successfully deserialized response, status: 0, result code: 0
[m[0;32;31m1970-01-04 05:09:26.408|E|1184141422|lpUCM [IpccProtoMessage.cpp:SerializeParams:112] m_offset, 453632
[m[1;33m1970-01-04 05:09:26.408|W|1184141422|lpUCM [RemoteSails.cpp:SendWithRetry:185] Successfully wrote 1052 bytes
[m[0;32;32m1970-01-04 05:09:26.414|I|1184141422|lpUCM [RemoteSails.cpp:HandleResponse:149] HandleResponse started, buffer size: 1048
[m[0;32;32m1970-01-04 05:09:26.414|I|1184141422|lpUCM [RemoteSails.cpp:HandleResponse:158] Successfully deserialized response, status: 0, result code: 0
[m[0;32;31m1970-01-04 05:09:26.414|E|1184141422|lpUCM [IpccProtoMessage.cpp:SerializeParams:112] m_offset, 454656
[m[1;33m1970-01-04 05:09:26.414|W|1184141422|lpUCM [RemoteSails.cpp:SendWithRetry:185] Successfully wrote 1052 bytes
[m[0;32;32m1970-01-04 05:09:26.444|I|1184141422|lpUCM [RemoteSails.cpp:HandleResponse:149] HandleResponse started, buffer size: 1048
[m[0;32;32m1970-01-04 05:09:26.444|I|1184141422|lpUCM [RemoteSails.cpp:HandleResponse:158] Successfully deserialized response, status: 0, result code: 0
[m[0;32;31m1970-01-04 05:09:26.444|E|1184141422|lpUCM [IpccProtoMessage.cpp:SerializeParams:112] m_offset, 455680
[m[1;33m1970-01-04 05:09:26.444|W|1184141422|lpUCM [RemoteSails.cpp:SendWithRetry:185] Successfully wrote 1052 bytes
[m[0;32;32m1970-01-04 05:09:26.447|I|1184141422|lpUCM [RemoteSails.cpp:HandleResponse:149] HandleResponse started, buffer size: 1048
[m[0;32;32m1970-01-04 05:09:26.447|I|1184141422|lpUCM [RemoteSails.cpp:HandleResponse:158] Successfully deserialized response, status: 0, result code: 0
[m[0;32;31m1970-01-04 05:09:26.447|E|1184141422|lpUCM [IpccProtoMessage.cpp:SerializeParams:112] m_offset, 456704
[m[1;33m1970-01-04 05:09:26.447|W|1184141422|lpUCM [RemoteSails.cpp:SendWithRetry:185] Successfully wrote 1052 bytes
[m[0;32;32m1970-01-04 05:09:26.450|I|1184141422|lpUCM [RemoteSails.cpp:HandleResponse:149] HandleResponse started, buffer size: 1048
[m[0;32;32m1970-01-04 05:09:26.450|I|1184141422|lpUCM [RemoteSails.cpp:HandleResponse:158] Successfully deserialized response, status: 0, result code: 0
[m[0;32;31m1970-01-04 05:09:26.450|E|1184141422|lpUCM [IpccProtoMessage.cpp:SerializeParams:112] m_offset, 457728
[m[1;33m1970-01-04 05:09:26.450|W|1184141422|lpUCM [RemoteSails.cpp:SendWithRetry:185] Successfully wrote 1052 bytes
[m[0;32;32m1970-01-04 05:09:26.453|I|1184141422|lpUCM [RemoteSails.cpp:HandleResponse:149] HandleResponse started, buffer size: 1048
[m[0;32;32m1970-01-04 05:09:26.453|I|1184141422|lpUCM [RemoteSails.cpp:HandleResponse:158] Successfully deserialized response, status: 0, result code: 0
[m[0;32;32m1970-01-04 05:09:26.453|I|1184141422|lpUCM [RemoteSails.cpp:SailWriteData:272] All data already trans size 16384
[m[0;32;32m1970-01-04 05:09:26.453|I|1184141422|lpUCM [fds.cpp:FDS_OnLocalUpgProgress:248] total: 23, curr:23, percent:42, rop:97%
[m[0;32;32m1970-01-04 05:09:26.462|I|1184141422|lpUCM [RemoteSails.cpp:SailWriteData:254] total data is 16384
[m[0;32;31m1970-01-04 05:09:26.462|E|1184141422|lpUCM [IpccProtoMessage.cpp:SerializeParams:112] m_offset, 458752
[m[1;33m1970-01-04 05:09:26.462|W|1184141422|lpUCM [RemoteSails.cpp:SendWithRetry:185] Successfully wrote 1052 bytes
[m[0;32;32m1970-01-04 05:09:26.494|I|1184141422|lpUCM [RemoteSails.cpp:HandleResponse:149] HandleResponse started, buffer size: 1048
[m[0;32;32m1970-01-04 05:09:26.494|I|1184141422|lpUCM [RemoteSails.cpp:HandleResponse:158] Successfully deserialized response, status: 0, result code: 0
[m[0;32;31m1970-01-04 05:09:26.494|E|1184141422|lpUCM [IpccProtoMessage.cpp:SerializeParams:112] m_offset, 459776
[m[1;33m1970-01-04 05:09:26.494|W|1184141422|lpUCM [RemoteSails.cpp:SendWithRetry:185] Successfully wrote 1052 bytes
[m[0;32;32m1970-01-04 05:09:26.498|I|1184141422|lpUCM [RemoteSails.cpp:HandleResponse:149] HandleResponse started, buffer size: 1048
[m[0;32;32m1970-01-04 05:09:26.498|I|1184141422|lpUCM [RemoteSails.cpp:HandleResponse:158] Successfully deserialized response, status: 0, result code: 0
[m[0;32;31m1970-01-04 05:09:26.498|E|1184141422|lpUCM [IpccProtoMessage.cpp:SerializeParams:112] m_offset, 460800
[m[1;33m1970-01-04 05:09:26.498|W|1184141422|lpUCM [RemoteSails.cpp:SendWithRetry:185] Successfully wrote 1052 bytes
[m[0;32;32m1970-01-04 05:09:26.502|I|1184141422|lpUCM [RemoteSails.cpp:HandleResponse:149] HandleResponse started, buffer size: 1048
[m[0;32;32m1970-01-04 05:09:26.502|I|1184141422|lpUCM [RemoteSails.cpp:HandleResponse:158] Successfully deserialized response, status: 0, result code: 0
[m[0;32;31m1970-01-04 05:09:26.502|E|1184141422|lpUCM [IpccProtoMessage.cpp:SerializeParams:112] m_offset, 461824
[m[1;33m1970-01-04 05:09:26.502|W|1184141422|lpUCM [RemoteSails.cpp:SendWithRetry:185] Successfully wrote 1052 bytes
[m[0;32;32m1970-01-04 05:09:26.505|I|1184141422|lpUCM [RemoteSails.cpp:HandleResponse:149] HandleResponse started, buffer size: 1048
[m[0;32;32m1970-01-04 05:09:26.505|I|1184141422|lpUCM [RemoteSails.cpp:HandleResponse:158] Successfully deserialized response, status: 0, result code: 0
[m[0;32;31m1970-01-04 05:09:26.505|E|1184141422|lpUCM [IpccProtoMessage.cpp:SerializeParams:112] m_offset, 462848
[m[1;33m1970-01-04 05:09:26.505|W|1184141422|lpUCM [RemoteSails.cpp:SendWithRetry:185] Successfully wrote 1052 bytes
[m[0;32;32m1970-01-04 05:09:26.537|I|1184141422|lpUCM [RemoteSails.cpp:HandleResponse:149] HandleResponse started, buffer size: 1048
[m[0;32;32m1970-01-04 05:09:26.537|I|1184141422|lpUCM [RemoteSails.cpp:HandleResponse:158] Successfully deserialized response, status: 0, result code: 0
[m[0;32;31m1970-01-04 05:09:26.537|E|1184141422|lpUCM [IpccProtoMessage.cpp:SerializeParams:112] m_offset, 463872
[m[1;33m1970-01-04 05:09:26.537|W|1184141422|lpUCM [RemoteSails.cpp:SendWithRetry:185] Successfully wrote 1052 bytes
[m[0;32;32m1970-01-04 05:09:26.540|I|1184141422|lpUCM [RemoteSails.cpp:HandleResponse:149] HandleResponse started, buffer size: 1048
[m[0;32;32m1970-01-04 05:09:26.540|I|1184141422|lpUCM [RemoteSails.cpp:HandleResponse:158] Successfully deserialized response, status: 0, result code: 0
[m[0;32;31m1970-01-04 05:09:26.540|E|1184141422|lpUCM [IpccProtoMessage.cpp:SerializeParams:112] m_offset, 464896
[m[1;33m1970-01-04 05:09:26.540|W|1184141422|lpUCM [RemoteSails.cpp:SendWithRetry:185] Successfully wrote 1052 bytes
[m[0;32;32m1970-01-04 05:09:26.544|I|1184141422|lpUCM [RemoteSails.cpp:HandleResponse:149] HandleResponse started, buffer size: 1048
[m[0;32;32m1970-01-04 05:09:26.544|I|1184141422|lpUCM [RemoteSails.cpp:HandleResponse:158] Successfully deserialized response, status: 0, result code: 0
[m[0;32;31m1970-01-04 05:09:26.544|E|1184141422|lpUCM [IpccProtoMessage.cpp:SerializeParams:112] m_offset, 465920
[m[1;33m1970-01-04 05:09:26.544|W|1184141422|lpUCM [RemoteSails.cpp:SendWithRetry:185] Successfully wrote 1052 bytes
[m[0;32;32m1970-01-04 05:09:26.548|I|1184141422|lpUCM [RemoteSails.cpp:HandleResponse:149] HandleResponse started, buffer size: 1048
[m[0;32;32m1970-01-04 05:09:26.548|I|1184141422|lpUCM [RemoteSails.cpp:HandleResponse:158] Successfully deserialized response, status: 0, result code: 0
[m[0;32;31m1970-01-04 05:09:26.548|E|1184141422|lpUCM [IpccProtoMessage.cpp:SerializeParams:112] m_offset, 466944
[m[1;33m1970-01-04 05:09:26.548|W|1184141422|lpUCM [RemoteSails.cpp:SendWithRetry:185] Successfully wrote 1052 bytes
[m[0;32;32m1970-01-04 05:09:26.580|I|1184141422|lpUCM [RemoteSails.cpp:HandleResponse:149] HandleResponse started, buffer size: 1048
[m[0;32;32m1970-01-04 05:09:26.580|I|1184141422|lpUCM [RemoteSails.cpp:HandleResponse:158] Successfully deserialized response, status: 0, result code: 0
[m[0;32;31m1970-01-04 05:09:26.580|E|1184141422|lpUCM [IpccProtoMessage.cpp:SerializeParams:112] m_offset, 467968
[m[1;33m1970-01-04 05:09:26.580|W|1184141422|lpUCM [RemoteSails.cpp:SendWithRetry:185] Successfully wrote 1052 bytes
[m[0;32;32m1970-01-04 05:09:26.583|I|1184141422|lpUCM [RemoteSails.cpp:HandleResponse:149] HandleResponse started, buffer size: 1048
[m[0;32;32m1970-01-04 05:09:26.583|I|1184141422|lpUCM [RemoteSails.cpp:HandleResponse:158] Successfully deserialized response, status: 0, result code: 0
[m[0;32;31m1970-01-04 05:09:26.583|E|1184141422|lpUCM [IpccProtoMessage.cpp:SerializeParams:112] m_offset, 468992
[m[1;33m1970-01-04 05:09:26.583|W|1184141422|lpUCM [RemoteSails.cpp:SendWithRetry:185] Successfully wrote 1052 bytes
[m[0;32;32m1970-01-04 05:09:26.586|I|1184141422|lpUCM [RemoteSails.cpp:HandleResponse:149] HandleResponse started, buffer size: 1048
[m[0;32;32m1970-01-04 05:09:26.586|I|1184141422|lpUCM [RemoteSails.cpp:HandleResponse:158] Successfully deserialized response, status: 0, result code: 0
[m[0;32;31m1970-01-04 05:09:26.586|E|1184141422|lpUCM [IpccProtoMessage.cpp:SerializeParams:112] m_offset, 470016
[m[1;33m1970-01-04 05:09:26.586|W|1184141422|lpUCM [RemoteSails.cpp:SendWithRetry:185] Successfully wrote 1052 bytes
[m[0;32;32m1970-01-04 05:09:26.589|I|1184141422|lpUCM [RemoteSails.cpp:HandleResponse:149] HandleResponse started, buffer size: 1048
[m[0;32;32m1970-01-04 05:09:26.589|I|1184141422|lpUCM [RemoteSails.cpp:HandleResponse:158] Successfully deserialized response, status: 0, result code: 0
[m[0;32;31m1970-01-04 05:09:26.589|E|1184141422|lpUCM [IpccProtoMessage.cpp:SerializeParams:112] m_offset, 471040
[m[1;33m1970-01-04 05:09:26.589|W|1184141422|lpUCM [RemoteSails.cpp:SendWithRetry:185] Successfully wrote 1052 bytes
[m[0;32;32m1970-01-04 05:09:26.622|I|1184141422|lpUCM [RemoteSails.cpp:HandleResponse:149] HandleResponse started, buffer size: 1048
[m[0;32;32m1970-01-04 05:09:26.622|I|1184141422|lpUCM [RemoteSails.cpp:HandleResponse:158] Successfully deserialized response, status: 0, result code: 0
[m[0;32;31m1970-01-04 05:09:26.622|E|1184141422|lpUCM [IpccProtoMessage.cpp:SerializeParams:112] m_offset, 472064
[m[1;33m1970-01-04 05:09:26.622|W|1184141422|lpUCM [RemoteSails.cpp:SendWithRetry:185] Successfully wrote 1052 bytes
[m[0;32;32m1970-01-04 05:09:26.625|I|1184141422|lpUCM [RemoteSails.cpp:HandleResponse:149] HandleResponse started, buffer size: 1048
[m[0;32;32m1970-01-04 05:09:26.625|I|1184141422|lpUCM [RemoteSails.cpp:HandleResponse:158] Successfully deserialized response, status: 0, result code: 0
[m[0;32;31m1970-01-04 05:09:26.625|E|1184141422|lpUCM [IpccProtoMessage.cpp:SerializeParams:112] m_offset, 473088
[m[1;33m1970-01-04 05:09:26.625|W|1184141422|lpUCM [RemoteSails.cpp:SendWithRetry:185] Successfully wrote 1052 bytes
[m[0;32;32m1970-01-04 05:09:26.628|I|1184141422|lpUCM [RemoteSails.cpp:HandleResponse:149] HandleResponse started, buffer size: 1048
[m[0;32;32m1970-01-04 05:09:26.628|I|1184141422|lpUCM [RemoteSails.cpp:HandleResponse:158] Successfully deserialized response, status: 0, result code: 0
[m[0;32;31m1970-01-04 05:09:26.628|E|1184141422|lpUCM [IpccProtoMessage.cpp:SerializeParams:112] m_offset, 474112
[m[1;33m1970-01-04 05:09:26.628|W|1184141422|lpUCM [RemoteSails.cpp:SendWithRetry:185] Successfully wrote 1052 bytes
[m[0;32;32m1970-01-04 05:09:26.634|I|1184141422|lpUCM [RemoteSails.cpp:HandleResponse:149] HandleResponse started, buffer size: 1048
[m[0;32;32m1970-01-04 05:09:26.634|I|1184141422|lpUCM [RemoteSails.cpp:HandleResponse:158] Successfully deserialized response, status: 0, result code: 0
[m[0;32;32m1970-01-04 05:09:26.634|I|1184141422|lpUCM [RemoteSails.cpp:SailWriteData:272] All data already trans size 16384
[m[0;32;32m1970-01-04 05:09:26.634|I|1184141422|lpUCM [fds.cpp:FDS_OnLocalUpgProgress:248] total: 23, curr:23, percent:43, rop:97%
[m[0;32;32m1970-01-04 05:09:26.635|I|1184141422|lpUCM [RemoteSails.cpp:SailWriteData:254] total data is 16384
[m[0;32;31m1970-01-04 05:09:26.635|E|1184141422|lpUCM [IpccProtoMessage.cpp:SerializeParams:112] m_offset, 475136
[m[1;33m1970-01-04 05:09:26.635|W|1184141422|lpUCM [RemoteSails.cpp:SendWithRetry:185] Successfully wrote 1052 bytes
[m[0;32;32m1970-01-04 05:09:26.665|I|1184141422|lpUCM [RemoteSails.cpp:HandleResponse:149] HandleResponse started, buffer size: 1048
[m[0;32;32m1970-01-04 05:09:26.665|I|1184141422|lpUCM [RemoteSails.cpp:HandleResponse:158] Successfully deserialized response, status: 0, result code: 0
[m[0;32;31m1970-01-04 05:09:26.665|E|1184141422|lpUCM [IpccProtoMessage.cpp:SerializeParams:112] m_offset, 476160
[m[1;33m1970-01-04 05:09:26.665|W|1184141422|lpUCM [RemoteSails.cpp:SendWithRetry:185] Successfully wrote 1052 bytes
[m[0;32;32m1970-01-04 05:09:26.668|I|1184141422|lpUCM [RemoteSails.cpp:HandleResponse:149] HandleResponse started, buffer size: 1048
[m[0;32;32m1970-01-04 05:09:26.668|I|1184141422|lpUCM [RemoteSails.cpp:HandleResponse:158] Successfully deserialized response, status: 0, result code: 0
[m[0;32;31m1970-01-04 05:09:26.668|E|1184141422|lpUCM [IpccProtoMessage.cpp:SerializeParams:112] m_offset, 477184
[m[1;33m1970-01-04 05:09:26.668|W|1184141422|lpUCM [RemoteSails.cpp:SendWithRetry:185] Successfully wrote 1052 bytes
[m[0;32;32m1970-01-04 05:09:26.671|I|1184141422|lpUCM [RemoteSails.cpp:HandleResponse:149] HandleResponse started, buffer size: 1048
[m[0;32;32m1970-01-04 05:09:26.671|I|1184141422|lpUCM [RemoteSails.cpp:HandleResponse:158] Successfully deserialized response, status: 0, result code: 0
[m[0;32;31m1970-01-04 05:09:26.671|E|1184141422|lpUCM [IpccProtoMessage.cpp:SerializeParams:112] m_offset, 478208
[m[1;33m1970-01-04 05:09:26.671|W|1184141422|lpUCM [RemoteSails.cpp:SendWithRetry:185] Successfully wrote 1052 bytes
[m[0;32;32m1970-01-04 05:09:26.674|I|1184141422|lpUCM [RemoteSails.cpp:HandleResponse:149] HandleResponse started, buffer size: 1048
[m[0;32;32m1970-01-04 05:09:26.674|I|1184141422|lpUCM [RemoteSails.cpp:HandleResponse:158] Successfully deserialized response, status: 0, result code: 0
[m[0;32;31m1970-01-04 05:09:26.674|E|1184141422|lpUCM [IpccProtoMessage.cpp:SerializeParams:112] m_offset, 479232
[m[1;33m1970-01-04 05:09:26.674|W|1184141422|lpUCM [RemoteSails.cpp:SendWithRetry:185] Successfully wrote 1052 bytes
[m[0;32;32m1970-01-04 05:09:26.704|I|1184141422|lpUCM [RemoteSails.cpp:HandleResponse:149] HandleResponse started, buffer size: 1048
[m[0;32;32m1970-01-04 05:09:26.704|I|1184141422|lpUCM [RemoteSails.cpp:HandleResponse:158] Successfully deserialized response, status: 0, result code: 0
[m[0;32;31m1970-01-04 05:09:26.704|E|1184141422|lpUCM [IpccProtoMessage.cpp:SerializeParams:112] m_offset, 480256
[m[1;33m1970-01-04 05:09:26.704|W|1184141422|lpUCM [RemoteSails.cpp:SendWithRetry:185] Successfully wrote 1052 bytes
[m[0;32;32m1970-01-04 05:09:26.708|I|1184141422|lpUCM [RemoteSails.cpp:HandleResponse:149] HandleResponse started, buffer size: 1048
[m[0;32;32m1970-01-04 05:09:26.708|I|1184141422|lpUCM [RemoteSails.cpp:HandleResponse:158] Successfully deserialized response, status: 0, result code: 0
[m[0;32;31m1970-01-04 05:09:26.708|E|1184141422|lpUCM [IpccProtoMessage.cpp:SerializeParams:112] m_offset, 481280
[m[1;33m1970-01-04 05:09:26.708|W|1184141422|lpUCM [RemoteSails.cpp:SendWithRetry:185] Successfully wrote 1052 bytes
[m[0;32;32m1970-01-04 05:09:26.715|I|1184141422|lpUCM [RemoteSails.cpp:HandleResponse:149] HandleResponse started, buffer size: 1048
[m[0;32;32m1970-01-04 05:09:26.715|I|1184141422|lpUCM [RemoteSails.cpp:HandleResponse:158] Successfully deserialized response, status: 0, result code: 0
[m[0;32;31m1970-01-04 05:09:26.715|E|1184141422|lpUCM [IpccProtoMessage.cpp:SerializeParams:112] m_offset, 482304
[m[1;33m1970-01-04 05:09:26.715|W|1184141422|lpUCM [RemoteSails.cpp:SendWithRetry:185] Successfully wrote 1052 bytes
[m[0;32;32m1970-01-04 05:09:26.719|I|1184141422|lpUCM [RemoteSails.cpp:HandleResponse:149] HandleResponse started, buffer size: 1048
[m[0;32;32m1970-01-04 05:09:26.719|I|1184141422|lpUCM [RemoteSails.cpp:HandleResponse:158] Successfully deserialized response, status: 0, result code: 0
[m[0;32;31m1970-01-04 05:09:26.719|E|1184141422|lpUCM [IpccProtoMessage.cpp:SerializeParams:112] m_offset, 483328
[m[1;33m1970-01-04 05:09:26.719|W|1184141422|lpUCM [RemoteSails.cpp:SendWithRetry:185] Successfully wrote 1052 bytes
[m[0;32;32m1970-01-04 05:09:26.753|I|1184141422|lpUCM [RemoteSails.cpp:HandleResponse:149] HandleResponse started, buffer size: 1048
[m[0;32;32m1970-01-04 05:09:26.753|I|1184141422|lpUCM [RemoteSails.cpp:HandleResponse:158] Successfully deserialized response, status: 0, result code: 0
[m[0;32;31m1970-01-04 05:09:26.753|E|1184141422|lpUCM [IpccProtoMessage.cpp:SerializeParams:112] m_offset, 484352
[m[1;33m1970-01-04 05:09:26.753|W|1184141422|lpUCM [RemoteSails.cpp:SendWithRetry:185] Successfully wrote 1052 bytes
[m[0;32;32m1970-01-04 05:09:26.757|I|1184141422|lpUCM [RemoteSails.cpp:HandleResponse:149] HandleResponse started, buffer size: 1048
[m[0;32;32m1970-01-04 05:09:26.757|I|1184141422|lpUCM [RemoteSails.cpp:HandleResponse:158] Successfully deserialized response, status: 0, result code: 0
[m[0;32;31m1970-01-04 05:09:26.757|E|1184141422|lpUCM [IpccProtoMessage.cpp:SerializeParams:112] m_offset, 485376
[m[1;33m1970-01-04 05:09:26.757|W|1184141422|lpUCM [RemoteSails.cpp:SendWithRetry:185] Successfully wrote 1052 bytes
[m[0;32;32m1970-01-04 05:09:26.761|I|1184141422|lpUCM [RemoteSails.cpp:HandleResponse:149] HandleResponse started, buffer size: 1048
[m[0;32;32m1970-01-04 05:09:26.761|I|1184141422|lpUCM [RemoteSails.cpp:HandleResponse:158] Successfully deserialized response, status: 0, result code: 0
[m[0;32;31m1970-01-04 05:09:26.761|E|1184141422|lpUCM [IpccProtoMessage.cpp:SerializeParams:112] m_offset, 486400
[m[1;33m1970-01-04 05:09:26.761|W|1184141422|lpUCM [RemoteSails.cpp:SendWithRetry:185] Successfully wrote 1052 bytes
[m[0;32;32m1970-01-04 05:09:26.765|I|1184141422|lpUCM [RemoteSails.cpp:HandleResponse:149] HandleResponse started, buffer size: 1048
[m[0;32;32m1970-01-04 05:09:26.765|I|1184141422|lpUCM [RemoteSails.cpp:HandleResponse:158] Successfully deserialized response, status: 0, result code: 0
[m[0;32;31m1970-01-04 05:09:26.765|E|1184141422|lpUCM [IpccProtoMessage.cpp:SerializeParams:112] m_offset, 487424
[m[1;33m1970-01-04 05:09:26.765|W|1184141422|lpUCM [RemoteSails.cpp:SendWithRetry:185] Successfully wrote 1052 bytes
[m[0;32;32m1970-01-04 05:09:26.796|I|1184141422|lpUCM [RemoteSails.cpp:HandleResponse:149] HandleResponse started, buffer size: 1048
[m[0;32;32m1970-01-04 05:09:26.796|I|1184141422|lpUCM [RemoteSails.cpp:HandleResponse:158] Successfully deserialized response, status: 0, result code: 0
[m[0;32;31m1970-01-04 05:09:26.796|E|1184141422|lpUCM [IpccProtoMessage.cpp:SerializeParams:112] m_offset, 488448
[m[1;33m1970-01-04 05:09:26.796|W|1184141422|lpUCM [RemoteSails.cpp:SendWithRetry:185] Successfully wrote 1052 bytes
[m[0;32;32m1970-01-04 05:09:26.799|I|1184141422|lpUCM [RemoteSails.cpp:HandleResponse:149] HandleResponse started, buffer size: 1048
[m[0;32;32m1970-01-04 05:09:26.799|I|1184141422|lpUCM [RemoteSails.cpp:HandleResponse:158] Successfully deserialized response, status: 0, result code: 0
[m[0;32;31m1970-01-04 05:09:26.799|E|1184141422|lpUCM [IpccProtoMessage.cpp:SerializeParams:112] m_offset, 489472
[m[1;33m1970-01-04 05:09:26.799|W|1184141422|lpUCM [RemoteSails.cpp:SendWithRetry:185] Successfully wrote 1052 bytes
[m[0;32;32m1970-01-04 05:09:26.805|I|1184141422|lpUCM [RemoteSails.cpp:HandleResponse:149] HandleResponse started, buffer size: 1048
[m[0;32;32m1970-01-04 05:09:26.805|I|1184141422|lpUCM [RemoteSails.cpp:HandleResponse:158] Successfully deserialized response, status: 0, result code: 0
[m[0;32;31m1970-01-04 05:09:26.805|E|1184141422|lpUCM [IpccProtoMessage.cpp:SerializeParams:112] m_offset, 490496
[m[1;33m1970-01-04 05:09:26.805|W|1184141422|lpUCM [RemoteSails.cpp:SendWithRetry:185] Successfully wrote 1052 bytes
[m[0;32;32m1970-01-04 05:09:26.808|I|1184141422|lpUCM [RemoteSails.cpp:HandleResponse:149] HandleResponse started, buffer size: 1048
[m[0;32;32m1970-01-04 05:09:26.808|I|1184141422|lpUCM [RemoteSails.cpp:HandleResponse:158] Successfully deserialized response, status: 0, result code: 0
[m[0;32;32m1970-01-04 05:09:26.808|I|1184141422|lpUCM [RemoteSails.cpp:SailWriteData:272] All data already trans size 16384
[m[0;32;32m1970-01-04 05:09:26.808|I|1184141422|lpUCM [fds.cpp:FDS_OnLocalUpgProgress:248] total: 23, curr:23, percent:44, rop:97%
[m[0;32;32m1970-01-04 05:09:26.810|I|1184141422|lpUCM [RemoteSails.cpp:SailWriteData:254] total data is 16384
[m[0;32;31m1970-01-04 05:09:26.810|E|1184141422|lpUCM [IpccProtoMessage.cpp:SerializeParams:112] m_offset, 491520
[m[1;33m1970-01-04 05:09:26.810|W|1184141422|lpUCM [RemoteSails.cpp:SendWithRetry:185] Successfully wrote 1052 bytes
[m[0;32;32m1970-01-04 05:09:26.843|I|1184141422|lpUCM [RemoteSails.cpp:HandleResponse:149] HandleResponse started, buffer size: 1048
[m[0;32;32m1970-01-04 05:09:26.843|I|1184141422|lpUCM [RemoteSails.cpp:HandleResponse:158] Successfully deserialized response, status: 0, result code: 0
[m[0;32;31m1970-01-04 05:09:26.843|E|1184141422|lpUCM [IpccProtoMessage.cpp:SerializeParams:112] m_offset, 492544
[m[1;33m1970-01-04 05:09:26.843|W|1184141422|lpUCM [RemoteSails.cpp:SendWithRetry:185] Successfully wrote 1052 bytes
[m[0;32;32m1970-01-04 05:09:26.846|I|1184141422|lpUCM [RemoteSails.cpp:HandleResponse:149] HandleResponse started, buffer size: 1048
[m[0;32;32m1970-01-04 05:09:26.846|I|1184141422|lpUCM [RemoteSails.cpp:HandleResponse:158] Successfully deserialized response, status: 0, result code: 0
[m[0;32;31m1970-01-04 05:09:26.846|E|1184141422|lpUCM [IpccProtoMessage.cpp:SerializeParams:112] m_offset, 493568
[m[1;33m1970-01-04 05:09:26.846|W|1184141422|lpUCM [RemoteSails.cpp:SendWithRetry:185] Successfully wrote 1052 bytes
[m[0;32;32m1970-01-04 05:09:26.849|I|1184141422|lpUCM [RemoteSails.cpp:HandleResponse:149] HandleResponse started, buffer size: 1048
[m[0;32;32m1970-01-04 05:09:26.849|I|1184141422|lpUCM [RemoteSails.cpp:HandleResponse:158] Successfully deserialized response, status: 0, result code: 0
[m[0;32;31m1970-01-04 05:09:26.849|E|1184141422|lpUCM [IpccProtoMessage.cpp:SerializeParams:112] m_offset, 494592
[m[1;33m1970-01-04 05:09:26.849|W|1184141422|lpUCM [RemoteSails.cpp:SendWithRetry:185] Successfully wrote 1052 bytes
[m[0;32;32m1970-01-04 05:09:26.855|I|1184141422|lpUCM [RemoteSails.cpp:HandleResponse:149] HandleResponse started, buffer size: 1048
[m[0;32;32m1970-01-04 05:09:26.855|I|1184141422|lpUCM [RemoteSails.cpp:HandleResponse:158] Successfully deserialized response, status: 0, result code: 0
[m[0;32;31m1970-01-04 05:09:26.855|E|1184141422|lpUCM [IpccProtoMessage.cpp:SerializeParams:112] m_offset, 495616
[m[1;33m1970-01-04 05:09:26.855|W|1184141422|lpUCM [RemoteSails.cpp:SendWithRetry:185] Successfully wrote 1052 bytes
[m[0;32;32m1970-01-04 05:09:26.888|I|1184141422|lpUCM [RemoteSails.cpp:HandleResponse:149] HandleResponse started, buffer size: 1048
[m[0;32;32m1970-01-04 05:09:26.888|I|1184141422|lpUCM [RemoteSails.cpp:HandleResponse:158] Successfully deserialized response, status: 0, result code: 0
[m[0;32;31m1970-01-04 05:09:26.888|E|1184141422|lpUCM [IpccProtoMessage.cpp:SerializeParams:112] m_offset, 496640
[m[1;33m1970-01-04 05:09:26.888|W|1184141422|lpUCM [RemoteSails.cpp:SendWithRetry:185] Successfully wrote 1052 bytes
[m[0;32;32m1970-01-04 05:09:26.895|I|1184141422|lpUCM [RemoteSails.cpp:HandleResponse:149] HandleResponse started, buffer size: 1048
[m[0;32;32m1970-01-04 05:09:26.895|I|1184141422|lpUCM [RemoteSails.cpp:HandleResponse:158] Successfully deserialized response, status: 0, result code: 0
[m[0;32;31m1970-01-04 05:09:26.895|E|1184141422|lpUCM [IpccProtoMessage.cpp:SerializeParams:112] m_offset, 497664
[m[1;33m1970-01-04 05:09:26.895|W|1184141422|lpUCM [RemoteSails.cpp:SendWithRetry:185] Successfully wrote 1052 bytes
[m[0;32;32m1970-01-04 05:09:26.898|I|1184141422|lpUCM [RemoteSails.cpp:HandleResponse:149] HandleResponse started, buffer size: 1048
[m[0;32;32m1970-01-04 05:09:26.898|I|1184141422|lpUCM [RemoteSails.cpp:HandleResponse:158] Successfully deserialized response, status: 0, result code: 0
[m[0;32;31m1970-01-04 05:09:26.898|E|1184141422|lpUCM [IpccProtoMessage.cpp:SerializeParams:112] m_offset, 498688
[m[1;33m1970-01-04 05:09:26.898|W|1184141422|lpUCM [RemoteSails.cpp:SendWithRetry:185] Successfully wrote 1052 bytes
[m[0;32;32m1970-01-04 05:09:26.904|I|1184141422|lpUCM [RemoteSails.cpp:HandleResponse:149] HandleResponse started, buffer size: 1048
[m[0;32;32m1970-01-04 05:09:26.904|I|1184141422|lpUCM [RemoteSails.cpp:HandleResponse:158] Successfully deserialized response, status: 0, result code: 0
[m[0;32;31m1970-01-04 05:09:26.904|E|1184141422|lpUCM [IpccProtoMessage.cpp:SerializeParams:112] m_offset, 499712
[m[1;33m1970-01-04 05:09:26.904|W|1184141422|lpUCM [RemoteSails.cpp:SendWithRetry:185] Successfully wrote 1052 bytes
[m[0;32;32m1970-01-04 05:09:26.937|I|1184141422|lpUCM [RemoteSails.cpp:HandleResponse:149] HandleResponse started, buffer size: 1048
[m[0;32;32m1970-01-04 05:09:26.937|I|1184141422|lpUCM [RemoteSails.cpp:HandleResponse:158] Successfully deserialized response, status: 0, result code: 0
[m[0;32;31m1970-01-04 05:09:26.937|E|1184141422|lpUCM [IpccProtoMessage.cpp:SerializeParams:112] m_offset, 500736
[m[1;33m1970-01-04 05:09:26.937|W|1184141422|lpUCM [RemoteSails.cpp:SendWithRetry:185] Successfully wrote 1052 bytes
[m[0;32;32m1970-01-04 05:09:26.941|I|1184141422|lpUCM [RemoteSails.cpp:HandleResponse:149] HandleResponse started, buffer size: 1048
[m[0;32;32m1970-01-04 05:09:26.941|I|1184141422|lpUCM [RemoteSails.cpp:HandleResponse:158] Successfully deserialized response, status: 0, result code: 0
[m[0;32;31m1970-01-04 05:09:26.941|E|1184141422|lpUCM [IpccProtoMessage.cpp:SerializeParams:112] m_offset, 501760
[m[1;33m1970-01-04 05:09:26.941|W|1184141422|lpUCM [RemoteSails.cpp:SendWithRetry:185] Successfully wrote 1052 bytes
[m[0;32;32m1970-01-04 05:09:26.945|I|1184141422|lpUCM [RemoteSails.cpp:HandleResponse:149] HandleResponse started, buffer size: 1048
[m[0;32;32m1970-01-04 05:09:26.945|I|1184141422|lpUCM [RemoteSails.cpp:HandleResponse:158] Successfully deserialized response, status: 0, result code: 0
[m[0;32;31m1970-01-04 05:09:26.945|E|1184141422|lpUCM [IpccProtoMessage.cpp:SerializeParams:112] m_offset, 502784
[m[1;33m1970-01-04 05:09:26.945|W|1184141422|lpUCM [RemoteSails.cpp:SendWithRetry:185] Successfully wrote 1052 bytes
[m[0;32;32m1970-01-04 05:09:26.949|I|1184141422|lpUCM [RemoteSails.cpp:HandleResponse:149] HandleResponse started, buffer size: 1048
[m[0;32;32m1970-01-04 05:09:26.949|I|1184141422|lpUCM [RemoteSails.cpp:HandleResponse:158] Successfully deserialized response, status: 0, result code: 0
[m[0;32;31m1970-01-04 05:09:26.949|E|1184141422|lpUCM [IpccProtoMessage.cpp:SerializeParams:112] m_offset, 503808
[m[1;33m1970-01-04 05:09:26.949|W|1184141422|lpUCM [RemoteSails.cpp:SendWithRetry:185] Successfully wrote 1052 bytes
[m[0;32;32m1970-01-04 05:09:26.984|I|1184141422|lpUCM [RemoteSails.cpp:HandleResponse:149] HandleResponse started, buffer size: 1048
[m[0;32;32m1970-01-04 05:09:26.984|I|1184141422|lpUCM [RemoteSails.cpp:HandleResponse:158] Successfully deserialized response, status: 0, result code: 0
[m[0;32;31m1970-01-04 05:09:26.984|E|1184141422|lpUCM [IpccProtoMessage.cpp:SerializeParams:112] m_offset, 504832
[m[1;33m1970-01-04 05:09:26.984|W|1184141422|lpUCM [RemoteSails.cpp:SendWithRetry:185] Successfully wrote 1052 bytes
[m[0;32;32m1970-01-04 05:09:26.987|I|1184141422|lpUCM [RemoteSails.cpp:HandleResponse:149] HandleResponse started, buffer size: 1048
[m[0;32;32m1970-01-04 05:09:26.987|I|1184141422|lpUCM [RemoteSails.cpp:HandleResponse:158] Successfully deserialized response, status: 0, result code: 0
[m[0;32;31m1970-01-04 05:09:26.987|E|1184141422|lpUCM [IpccProtoMessage.cpp:SerializeParams:112] m_offset, 505856
[m[1;33m1970-01-04 05:09:26.987|W|1184141422|lpUCM [RemoteSails.cpp:SendWithRetry:185] Successfully wrote 1052 bytes
[m[0;32;32m1970-01-04 05:09:26.990|I|1184141422|lpUCM [RemoteSails.cpp:HandleResponse:149] HandleResponse started, buffer size: 1048
[m[0;32;32m1970-01-04 05:09:26.990|I|1184141422|lpUCM [RemoteSails.cpp:HandleResponse:158] Successfully deserialized response, status: 0, result code: 0
[m[0;32;31m1970-01-04 05:09:26.990|E|1184141422|lpUCM [IpccProtoMessage.cpp:SerializeParams:112] m_offset, 506880
[m[1;33m1970-01-04 05:09:26.990|W|1184141422|lpUCM [RemoteSails.cpp:SendWithRetry:185] Successfully wrote 1052 bytes
[m[0;32;32m1970-01-04 05:09:26.993|I|1184141422|lpUCM [RemoteSails.cpp:HandleResponse:149] HandleResponse started, buffer size: 1048
[m[0;32;32m1970-01-04 05:09:26.993|I|1184141422|lpUCM [RemoteSails.cpp:HandleResponse:158] Successfully deserialized response, status: 0, result code: 0
[m[0;32;32m1970-01-04 05:09:26.993|I|1184141422|lpUCM [RemoteSails.cpp:SailWriteData:272] All data already trans size 16384
[m[0;32;32m1970-01-04 05:09:26.993|I|1184141422|lpUCM [fds.cpp:FDS_OnLocalUpgProgress:248] total: 23, curr:23, percent:45, rop:97%
[m[0;32;32m1970-01-04 05:09:26.993|I|1184141422|lpUCM [RemoteSails.cpp:SailWriteData:254] total data is 16384
[m[0;32;31m1970-01-04 05:09:26.993|E|1184141422|lpUCM [IpccProtoMessage.cpp:SerializeParams:112] m_offset, 507904
[m[1;33m1970-01-04 05:09:26.993|W|1184141422|lpUCM [RemoteSails.cpp:SendWithRetry:185] Successfully wrote 1052 bytes
[m[0;32;32m1970-01-04 05:09:27.26|I|1184141422|lpUCM [RemoteSails.cpp:HandleResponse:149] HandleResponse started, buffer size: 1048
[m[0;32;32m1970-01-04 05:09:27.26|I|1184141422|lpUCM [RemoteSails.cpp:HandleResponse:158] Successfully deserialized response, status: 0, result code: 0
[m[0;32;31m1970-01-04 05:09:27.26|E|1184141422|lpUCM [IpccProtoMessage.cpp:SerializeParams:112] m_offset, 508928
[m[1;33m1970-01-04 05:09:27.26|W|1184141422|lpUCM [RemoteSails.cpp:SendWithRetry:185] Successfully wrote 1052 bytes
[m[0;32;32m1970-01-04 05:09:27.29|I|1184141422|lpUCM [RemoteSails.cpp:HandleResponse:149] HandleResponse started, buffer size: 1048
[m[0;32;32m1970-01-04 05:09:27.29|I|1184141422|lpUCM [RemoteSails.cpp:HandleResponse:158] Successfully deserialized response, status: 0, result code: 0
[m[0;32;31m1970-01-04 05:09:27.29|E|1184141422|lpUCM [IpccProtoMessage.cpp:SerializeParams:112] m_offset, 509952
[m[1;33m1970-01-04 05:09:27.29|W|1184141422|lpUCM [RemoteSails.cpp:SendWithRetry:185] Successfully wrote 1052 bytes
[m[0;32;32m1970-01-04 05:09:27.35|I|1184141422|lpUCM [RemoteSails.cpp:HandleResponse:149] HandleResponse started, buffer size: 1048
[m[0;32;32m1970-01-04 05:09:27.35|I|1184141422|lpUCM [RemoteSails.cpp:HandleResponse:158] Successfully deserialized response, status: 0, result code: 0
[m[0;32;31m1970-01-04 05:09:27.35|E|1184141422|lpUCM [IpccProtoMessage.cpp:SerializeParams:112] m_offset, 510976
[m[1;33m1970-01-04 05:09:27.35|W|1184141422|lpUCM [RemoteSails.cpp:SendWithRetry:185] Successfully wrote 1052 bytes
[m[0;32;32m1970-01-04 05:09:27.38|I|1184141422|lpUCM [RemoteSails.cpp:HandleResponse:149] HandleResponse started, buffer size: 1048
[m[0;32;32m1970-01-04 05:09:27.38|I|1184141422|lpUCM [RemoteSails.cpp:HandleResponse:158] Successfully deserialized response, status: 0, result code: 0
[m[0;32;31m1970-01-04 05:09:27.38|E|1184141422|lpUCM [IpccProtoMessage.cpp:SerializeParams:112] m_offset, 512000
[m[1;33m1970-01-04 05:09:27.38|W|1184141422|lpUCM [RemoteSails.cpp:SendWithRetry:185] Successfully wrote 1052 bytes
[m[0;32;32m1970-01-04 05:09:27.71|I|1184141422|lpUCM [RemoteSails.cpp:HandleResponse:149] HandleResponse started, buffer size: 1048
[m[0;32;32m1970-01-04 05:09:27.71|I|1184141422|lpUCM [RemoteSails.cpp:HandleResponse:158] Successfully deserialized response, status: 0, result code: 0
[m[0;32;31m1970-01-04 05:09:27.71|E|1184141422|lpUCM [IpccProtoMessage.cpp:SerializeParams:112] m_offset, 513024
[m[1;33m1970-01-04 05:09:27.71|W|1184141422|lpUCM [RemoteSails.cpp:SendWithRetry:185] Successfully wrote 1052 bytes
[m[0;32;32m1970-01-04 05:09:27.74|I|1184141422|lpUCM [RemoteSails.cpp:HandleResponse:149] HandleResponse started, buffer size: 1048
[m[0;32;32m1970-01-04 05:09:27.74|I|1184141422|lpUCM [RemoteSails.cpp:HandleResponse:158] Successfully deserialized response, status: 0, result code: 0
[m[0;32;31m1970-01-04 05:09:27.74|E|1184141422|lpUCM [IpccProtoMessage.cpp:SerializeParams:112] m_offset, 514048
[m[1;33m1970-01-04 05:09:27.74|W|1184141422|lpUCM [RemoteSails.cpp:SendWithRetry:185] Successfully wrote 1052 bytes
[m[0;32;32m1970-01-04 05:09:27.77|I|1184141422|lpUCM [RemoteSails.cpp:HandleResponse:149] HandleResponse started, buffer size: 1048
[m[0;32;32m1970-01-04 05:09:27.77|I|1184141422|lpUCM [RemoteSails.cpp:HandleResponse:158] Successfully deserialized response, status: 0, result code: 0
[m[0;32;31m1970-01-04 05:09:27.77|E|1184141422|lpUCM [IpccProtoMessage.cpp:SerializeParams:112] m_offset, 515072
[m[1;33m1970-01-04 05:09:27.77|W|1184141422|lpUCM [RemoteSails.cpp:SendWithRetry:185] Successfully wrote 1052 bytes
[m[0;32;32m1970-01-04 05:09:27.80|I|1184141422|lpUCM [RemoteSails.cpp:HandleResponse:149] HandleResponse started, buffer size: 1048
[m[0;32;32m1970-01-04 05:09:27.80|I|1184141422|lpUCM [RemoteSails.cpp:HandleResponse:158] Successfully deserialized response, status: 0, result code: 0
[m[0;32;31m1970-01-04 05:09:27.80|E|1184141422|lpUCM [IpccProtoMessage.cpp:SerializeParams:112] m_offset, 516096
[m[1;33m1970-01-04 05:09:27.80|W|1184141422|lpUCM [RemoteSails.cpp:SendWithRetry:185] Successfully wrote 1052 bytes
[m[0;32;32m1970-01-04 05:09:27.113|I|1184141422|lpUCM [RemoteSails.cpp:HandleResponse:149] HandleResponse started, buffer size: 1048
[m[0;32;32m1970-01-04 05:09:27.113|I|1184141422|lpUCM [RemoteSails.cpp:HandleResponse:158] Successfully deserialized response, status: 0, result code: 0
[m[0;32;31m1970-01-04 05:09:27.113|E|1184141422|lpUCM [IpccProtoMessage.cpp:SerializeParams:112] m_offset, 517120
[m[1;33m1970-01-04 05:09:27.113|W|1184141422|lpUCM [RemoteSails.cpp:SendWithRetry:185] Successfully wrote 1052 bytes
[m[0;32;32m1970-01-04 05:09:27.117|I|1184141422|lpUCM [RemoteSails.cpp:HandleResponse:149] HandleResponse started, buffer size: 1048
[m[0;32;32m1970-01-04 05:09:27.117|I|1184141422|lpUCM [RemoteSails.cpp:HandleResponse:158] Successfully deserialized response, status: 0, result code: 0
[m[0;32;31m1970-01-04 05:09:27.117|E|1184141422|lpUCM [IpccProtoMessage.cpp:SerializeParams:112] m_offset, 518144
[m[1;33m1970-01-04 05:09:27.117|W|1184141422|lpUCM [RemoteSails.cpp:SendWithRetry:185] Successfully wrote 1052 bytes
[m[0;32;32m1970-01-04 05:09:27.120|I|1184141422|lpUCM [RemoteSails.cpp:HandleResponse:149] HandleResponse started, buffer size: 1048
[m[0;32;32m1970-01-04 05:09:27.120|I|1184141422|lpUCM [RemoteSails.cpp:HandleResponse:158] Successfully deserialized response, status: 0, result code: 0
[m[0;32;31m1970-01-04 05:09:27.120|E|1184141422|lpUCM [IpccProtoMessage.cpp:SerializeParams:112] m_offset, 519168
[m[1;33m1970-01-04 05:09:27.120|W|1184141422|lpUCM [RemoteSails.cpp:SendWithRetry:185] Successfully wrote 1052 bytes
[m[0;32;32m1970-01-04 05:09:27.124|I|1184141422|lpUCM [RemoteSails.cpp:HandleResponse:149] HandleResponse started, buffer size: 1048
[m[0;32;32m1970-01-04 05:09:27.124|I|1184141422|lpUCM [RemoteSails.cpp:HandleResponse:158] Successfully deserialized response, status: 0, result code: 0
[m[0;32;31m1970-01-04 05:09:27.124|E|1184141422|lpUCM [IpccProtoMessage.cpp:SerializeParams:112] m_offset, 520192
[m[1;33m1970-01-04 05:09:27.124|W|1184141422|lpUCM [RemoteSails.cpp:SendWithRetry:185] Successfully wrote 1052 bytes
[m[0;32;32m1970-01-04 05:09:27.154|I|1184141422|lpUCM [RemoteSails.cpp:HandleResponse:149] HandleResponse started, buffer size: 1048
[m[0;32;32m1970-01-04 05:09:27.154|I|1184141422|lpUCM [RemoteSails.cpp:HandleResponse:158] Successfully deserialized response, status: 0, result code: 0
[m[0;32;31m1970-01-04 05:09:27.154|E|1184141422|lpUCM [IpccProtoMessage.cpp:SerializeParams:112] m_offset, 521216
[m[1;33m1970-01-04 05:09:27.154|W|1184141422|lpUCM [RemoteSails.cpp:SendWithRetry:185] Successfully wrote 1052 bytes
[m[0;32;32m1970-01-04 05:09:27.157|I|1184141422|lpUCM [RemoteSails.cpp:HandleResponse:149] HandleResponse started, buffer size: 1048
[m[0;32;32m1970-01-04 05:09:27.157|I|1184141422|lpUCM [RemoteSails.cpp:HandleResponse:158] Successfully deserialized response, status: 0, result code: 0
[m[0;32;31m1970-01-04 05:09:27.157|E|1184141422|lpUCM [IpccProtoMessage.cpp:SerializeParams:112] m_offset, 522240
[m[1;33m1970-01-04 05:09:27.157|W|1184141422|lpUCM [RemoteSails.cpp:SendWithRetry:185] Successfully wrote 1052 bytes
[m[0;32;32m1970-01-04 05:09:27.164|I|1184141422|lpUCM [RemoteSails.cpp:HandleResponse:149] HandleResponse started, buffer size: 1048
[m[0;32;32m1970-01-04 05:09:27.164|I|1184141422|lpUCM [RemoteSails.cpp:HandleResponse:158] Successfully deserialized response, status: 0, result code: 0
[m[0;32;31m1970-01-04 05:09:27.164|E|1184141422|lpUCM [IpccProtoMessage.cpp:SerializeParams:112] m_offset, 523264
[m[1;33m1970-01-04 05:09:27.164|W|1184141422|lpUCM [RemoteSails.cpp:SendWithRetry:185] Successfully wrote 1052 bytes
[m[0;32;32m1970-01-04 05:09:27.167|I|1184141422|lpUCM [RemoteSails.cpp:HandleResponse:149] HandleResponse started, buffer size: 1048
[m[0;32;32m1970-01-04 05:09:27.167|I|1184141422|lpUCM [RemoteSails.cpp:HandleResponse:158] Successfully deserialized response, status: 0, result code: 0
[m[0;32;32m1970-01-04 05:09:27.167|I|1184141422|lpUCM [RemoteSails.cpp:SailWriteData:272] All data already trans size 16384
[m[0;32;32m1970-01-04 05:09:27.167|I|1184141422|lpUCM [fds.cpp:FDS_OnLocalUpgProgress:248] total: 23, curr:23, percent:46, rop:97%
[m[0;32;32m1970-01-04 05:09:27.167|I|1184141422|lpUCM [RemoteSails.cpp:SailWriteData:254] total data is 16384
[m[0;32;31m1970-01-04 05:09:27.167|E|1184141422|lpUCM [IpccProtoMessage.cpp:SerializeParams:112] m_offset, 524288
[m[1;33m1970-01-04 05:09:27.167|W|1184141422|lpUCM [RemoteSails.cpp:SendWithRetry:185] Successfully wrote 1052 bytes
[m[0;32;32m1970-01-04 05:09:27.200|I|1184141422|lpUCM [RemoteSails.cpp:HandleResponse:149] HandleResponse started, buffer size: 1048
[m[0;32;32m1970-01-04 05:09:27.200|I|1184141422|lpUCM [RemoteSails.cpp:HandleResponse:158] Successfully deserialized response, status: 0, result code: 0
[m[0;32;31m1970-01-04 05:09:27.200|E|1184141422|lpUCM [IpccProtoMessage.cpp:SerializeParams:112] m_offset, 525312
[m[1;33m1970-01-04 05:09:27.200|W|1184141422|lpUCM [RemoteSails.cpp:SendWithRetry:185] Successfully wrote 1052 bytes
[m[0;32;32m1970-01-04 05:09:27.203|I|1184141422|lpUCM [RemoteSails.cpp:HandleResponse:149] HandleResponse started, buffer size: 1048
[m[0;32;32m1970-01-04 05:09:27.203|I|1184141422|lpUCM [RemoteSails.cpp:HandleResponse:158] Successfully deserialized response, status: 0, result code: 0
[m[0;32;31m1970-01-04 05:09:27.203|E|1184141422|lpUCM [IpccProtoMessage.cpp:SerializeParams:112] m_offset, 526336
[m[1;33m1970-01-04 05:09:27.203|W|1184141422|lpUCM [RemoteSails.cpp:SendWithRetry:185] Successfully wrote 1052 bytes
[m[0;32;32m1970-01-04 05:09:27.206|I|1184141422|lpUCM [RemoteSails.cpp:HandleResponse:149] HandleResponse started, buffer size: 1048
[m[0;32;32m1970-01-04 05:09:27.206|I|1184141422|lpUCM [RemoteSails.cpp:HandleResponse:158] Successfully deserialized response, status: 0, result code: 0
[m[0;32;31m1970-01-04 05:09:27.206|E|1184141422|lpUCM [IpccProtoMessage.cpp:SerializeParams:112] m_offset, 527360
[m[1;33m1970-01-04 05:09:27.206|W|1184141422|lpUCM [RemoteSails.cpp:SendWithRetry:185] Successfully wrote 1052 bytes
[m[0;32;32m1970-01-04 05:09:27.209|I|1184141422|lpUCM [RemoteSails.cpp:HandleResponse:149] HandleResponse started, buffer size: 1048
[m[0;32;32m1970-01-04 05:09:27.209|I|1184141422|lpUCM [RemoteSails.cpp:HandleResponse:158] Successfully deserialized response, status: 0, result code: 0
[m[0;32;31m1970-01-04 05:09:27.209|E|1184141422|lpUCM [IpccProtoMessage.cpp:SerializeParams:112] m_offset, 528384
[m[1;33m1970-01-04 05:09:27.209|W|1184141422|lpUCM [RemoteSails.cpp:SendWithRetry:185] Successfully wrote 1052 bytes
[m[0;32;32m1970-01-04 05:09:27.244|I|1184141422|lpUCM [RemoteSails.cpp:HandleResponse:149] HandleResponse started, buffer size: 1048
[m[0;32;32m1970-01-04 05:09:27.244|I|1184141422|lpUCM [RemoteSails.cpp:HandleResponse:158] Successfully deserialized response, status: 0, result code: 0
[m[0;32;31m1970-01-04 05:09:27.244|E|1184141422|lpUCM [IpccProtoMessage.cpp:SerializeParams:112] m_offset, 529408
[m[1;33m1970-01-04 05:09:27.244|W|1184141422|lpUCM [RemoteSails.cpp:SendWithRetry:185] Successfully wrote 1052 bytes
[m[0;32;32m1970-01-04 05:09:27.247|I|1184141422|lpUCM [RemoteSails.cpp:HandleResponse:149] HandleResponse started, buffer size: 1048
[m[0;32;32m1970-01-04 05:09:27.247|I|1184141422|lpUCM [RemoteSails.cpp:HandleResponse:158] Successfully deserialized response, status: 0, result code: 0
[m[0;32;31m1970-01-04 05:09:27.247|E|1184141422|lpUCM [IpccProtoMessage.cpp:SerializeParams:112] m_offset, 530432
[m[1;33m1970-01-04 05:09:27.247|W|1184141422|lpUCM [RemoteSails.cpp:SendWithRetry:185] Successfully wrote 1052 bytes
[m[0;32;32m1970-01-04 05:09:27.250|I|1184141422|lpUCM [RemoteSails.cpp:HandleResponse:149] HandleResponse started, buffer size: 1048
[m[0;32;32m1970-01-04 05:09:27.250|I|1184141422|lpUCM [RemoteSails.cpp:HandleResponse:158] Successfully deserialized response, status: 0, result code: 0
[m[0;32;31m1970-01-04 05:09:27.250|E|1184141422|lpUCM [IpccProtoMessage.cpp:SerializeParams:112] m_offset, 531456
[m[1;33m1970-01-04 05:09:27.250|W|1184141422|lpUCM [RemoteSails.cpp:SendWithRetry:185] Successfully wrote 1052 bytes
[m[0;32;32m1970-01-04 05:09:27.254|I|1184141422|lpUCM [RemoteSails.cpp:HandleResponse:149] HandleResponse started, buffer size: 1048
[m[0;32;32m1970-01-04 05:09:27.254|I|1184141422|lpUCM [RemoteSails.cpp:HandleResponse:158] Successfully deserialized response, status: 0, result code: 0
[m[0;32;31m1970-01-04 05:09:27.254|E|1184141422|lpUCM [IpccProtoMessage.cpp:SerializeParams:112] m_offset, 532480
[m[1;33m1970-01-04 05:09:27.254|W|1184141422|lpUCM [RemoteSails.cpp:SendWithRetry:185] Successfully wrote 1052 bytes
[m[0;32;32m1970-01-04 05:09:27.287|I|1184141422|lpUCM [RemoteSails.cpp:HandleResponse:149] HandleResponse started, buffer size: 1048
[m[0;32;32m1970-01-04 05:09:27.287|I|1184141422|lpUCM [RemoteSails.cpp:HandleResponse:158] Successfully deserialized response, status: 0, result code: 0
[m[0;32;31m1970-01-04 05:09:27.287|E|1184141422|lpUCM [IpccProtoMessage.cpp:SerializeParams:112] m_offset, 533504
[m[1;33m1970-01-04 05:09:27.287|W|1184141422|lpUCM [RemoteSails.cpp:SendWithRetry:185] Successfully wrote 1052 bytes
[m[0;32;32m1970-01-04 05:09:27.291|I|1184141422|lpUCM [RemoteSails.cpp:HandleResponse:149] HandleResponse started, buffer size: 1048
[m[0;32;32m1970-01-04 05:09:27.291|I|1184141422|lpUCM [RemoteSails.cpp:HandleResponse:158] Successfully deserialized response, status: 0, result code: 0
[m[0;32;31m1970-01-04 05:09:27.291|E|1184141422|lpUCM [IpccProtoMessage.cpp:SerializeParams:112] m_offset, 534528
[m[1;33m1970-01-04 05:09:27.291|W|1184141422|lpUCM [RemoteSails.cpp:SendWithRetry:185] Successfully wrote 1052 bytes
[m[0;32;32m1970-01-04 05:09:27.295|I|1184141422|lpUCM [RemoteSails.cpp:HandleResponse:149] HandleResponse started, buffer size: 1048
[m[0;32;32m1970-01-04 05:09:27.295|I|1184141422|lpUCM [RemoteSails.cpp:HandleResponse:158] Successfully deserialized response, status: 0, result code: 0
[m[0;32;31m1970-01-04 05:09:27.295|E|1184141422|lpUCM [IpccProtoMessage.cpp:SerializeParams:112] m_offset, 535552
[m[1;33m1970-01-04 05:09:27.295|W|1184141422|lpUCM [RemoteSails.cpp:SendWithRetry:185] Successfully wrote 1052 bytes
[m[0;32;32m1970-01-04 05:09:27.298|I|1184141422|lpUCM [RemoteSails.cpp:HandleResponse:149] HandleResponse started, buffer size: 1048
[m[0;32;32m1970-01-04 05:09:27.298|I|1184141422|lpUCM [RemoteSails.cpp:HandleResponse:158] Successfully deserialized response, status: 0, result code: 0
[m[0;32;31m1970-01-04 05:09:27.298|E|1184141422|lpUCM [IpccProtoMessage.cpp:SerializeParams:112] m_offset, 536576
[m[1;33m1970-01-04 05:09:27.298|W|1184141422|lpUCM [RemoteSails.cpp:SendWithRetry:185] Successfully wrote 1052 bytes
[m[0;32;32m1970-01-04 05:09:27.332|I|1184141422|lpUCM [RemoteSails.cpp:HandleResponse:149] HandleResponse started, buffer size: 1048
[m[0;32;32m1970-01-04 05:09:27.332|I|1184141422|lpUCM [RemoteSails.cpp:HandleResponse:158] Successfully deserialized response, status: 0, result code: 0
[m[0;32;31m1970-01-04 05:09:27.332|E|1184141422|lpUCM [IpccProtoMessage.cpp:SerializeParams:112] m_offset, 537600
[m[1;33m1970-01-04 05:09:27.332|W|1184141422|lpUCM [RemoteSails.cpp:SendWithRetry:185] Successfully wrote 1052 bytes
[m[0;32;32m1970-01-04 05:09:27.335|I|1184141422|lpUCM [RemoteSails.cpp:HandleResponse:149] HandleResponse started, buffer size: 1048
[m[0;32;32m1970-01-04 05:09:27.335|I|1184141422|lpUCM [RemoteSails.cpp:HandleResponse:158] Successfully deserialized response, status: 0, result code: 0
[m[0;32;31m1970-01-04 05:09:27.335|E|1184141422|lpUCM [IpccProtoMessage.cpp:SerializeParams:112] m_offset, 538624
[m[1;33m1970-01-04 05:09:27.335|W|1184141422|lpUCM [RemoteSails.cpp:SendWithRetry:185] Successfully wrote 1052 bytes
[m[0;32;32m1970-01-04 05:09:27.338|I|1184141422|lpUCM [RemoteSails.cpp:HandleResponse:149] HandleResponse started, buffer size: 1048
[m[0;32;32m1970-01-04 05:09:27.338|I|1184141422|lpUCM [RemoteSails.cpp:HandleResponse:158] Successfully deserialized response, status: 0, result code: 0
[m[0;32;31m1970-01-04 05:09:27.338|E|1184141422|lpUCM [IpccProtoMessage.cpp:SerializeParams:112] m_offset, 539648
[m[1;33m1970-01-04 05:09:27.338|W|1184141422|lpUCM [RemoteSails.cpp:SendWithRetry:185] Successfully wrote 1052 bytes
[m[0;32;32m1970-01-04 05:09:27.345|I|1184141422|lpUCM [RemoteSails.cpp:HandleResponse:149] HandleResponse started, buffer size: 1048
[m[0;32;32m1970-01-04 05:09:27.345|I|1184141422|lpUCM [RemoteSails.cpp:HandleResponse:158] Successfully deserialized response, status: 0, result code: 0
[m[0;32;32m1970-01-04 05:09:27.345|I|1184141422|lpUCM [RemoteSails.cpp:SailWriteData:272] All data already trans size 16384
[m[0;32;32m1970-01-04 05:09:27.345|I|1184141422|lpUCM [fds.cpp:FDS_OnLocalUpgProgress:248] total: 23, curr:23, percent:47, rop:97%
[m[0;32;32m1970-01-04 05:09:27.346|I|1184141422|lpUCM [RemoteSails.cpp:SailWriteData:254] total data is 16384
[m[0;32;31m1970-01-04 05:09:27.346|E|1184141422|lpUCM [IpccProtoMessage.cpp:SerializeParams:112] m_offset, 540672
[m[1;33m1970-01-04 05:09:27.346|W|1184141422|lpUCM [RemoteSails.cpp:SendWithRetry:185] Successfully wrote 1052 bytes
[m[0;32;32m1970-01-04 05:09:27.376|I|1184141422|lpUCM [RemoteSails.cpp:HandleResponse:149] HandleResponse started, buffer size: 1048
[m[0;32;32m1970-01-04 05:09:27.376|I|1184141422|lpUCM [RemoteSails.cpp:HandleResponse:158] Successfully deserialized response, status: 0, result code: 0
[m[0;32;31m1970-01-04 05:09:27.376|E|1184141422|lpUCM [IpccProtoMessage.cpp:SerializeParams:112] m_offset, 541696
[m[1;33m1970-01-04 05:09:27.376|W|1184141422|lpUCM [RemoteSails.cpp:SendWithRetry:185] Successfully wrote 1052 bytes
[m[0;32;32m1970-01-04 05:09:27.379|I|1184141422|lpUCM [RemoteSails.cpp:HandleResponse:149] HandleResponse started, buffer size: 1048
[m[0;32;32m1970-01-04 05:09:27.379|I|1184141422|lpUCM [RemoteSails.cpp:HandleResponse:158] Successfully deserialized response, status: 0, result code: 0
[m[0;32;31m1970-01-04 05:09:27.379|E|1184141422|lpUCM [IpccProtoMessage.cpp:SerializeParams:112] m_offset, 542720
[m[1;33m1970-01-04 05:09:27.379|W|1184141422|lpUCM [RemoteSails.cpp:SendWithRetry:185] Successfully wrote 1052 bytes
[m[0;32;32m1970-01-04 05:09:27.385|I|1184141422|lpUCM [RemoteSails.cpp:HandleResponse:149] HandleResponse started, buffer size: 1048
[m[0;32;32m1970-01-04 05:09:27.385|I|1184141422|lpUCM [RemoteSails.cpp:HandleResponse:158] Successfully deserialized response, status: 0, result code: 0
[m[0;32;31m1970-01-04 05:09:27.385|E|1184141422|lpUCM [IpccProtoMessage.cpp:SerializeParams:112] m_offset, 543744
[m[1;33m1970-01-04 05:09:27.385|W|1184141422|lpUCM [RemoteSails.cpp:SendWithRetry:185] Successfully wrote 1052 bytes
[m[0;32;32m1970-01-04 05:09:27.388|I|1184141422|lpUCM [RemoteSails.cpp:HandleResponse:149] HandleResponse started, buffer size: 1048
[m[0;32;32m1970-01-04 05:09:27.388|I|1184141422|lpUCM [RemoteSails.cpp:HandleResponse:158] Successfully deserialized response, status: 0, result code: 0
[m[0;32;31m1970-01-04 05:09:27.388|E|1184141422|lpUCM [IpccProtoMessage.cpp:SerializeParams:112] m_offset, 544768
[m[1;33m1970-01-04 05:09:27.388|W|1184141422|lpUCM [RemoteSails.cpp:SendWithRetry:185] Successfully wrote 1052 bytes
[m[0;32;32m1970-01-04 05:09:27.418|I|1184141422|lpUCM [RemoteSails.cpp:HandleResponse:149] HandleResponse started, buffer size: 1048
[m[0;32;32m1970-01-04 05:09:27.418|I|1184141422|lpUCM [RemoteSails.cpp:HandleResponse:158] Successfully deserialized response, status: 0, result code: 0
[m[0;32;31m1970-01-04 05:09:27.418|E|1184141422|lpUCM [IpccProtoMessage.cpp:SerializeParams:112] m_offset, 545792
[m[1;33m1970-01-04 05:09:27.418|W|1184141422|lpUCM [RemoteSails.cpp:SendWithRetry:185] Successfully wrote 1052 bytes
[m[0;32;32m1970-01-04 05:09:27.421|I|1184141422|lpUCM [RemoteSails.cpp:HandleResponse:149] HandleResponse started, buffer size: 1048
[m[0;32;32m1970-01-04 05:09:27.421|I|1184141422|lpUCM [RemoteSails.cpp:HandleResponse:158] Successfully deserialized response, status: 0, result code: 0
[m[0;32;31m1970-01-04 05:09:27.421|E|1184141422|lpUCM [IpccProtoMessage.cpp:SerializeParams:112] m_offset, 546816
[m[1;33m1970-01-04 05:09:27.421|W|1184141422|lpUCM [RemoteSails.cpp:SendWithRetry:185] Successfully wrote 1052 bytes
[m[0;32;32m1970-01-04 05:09:27.424|I|1184141422|lpUCM [RemoteSails.cpp:HandleResponse:149] HandleResponse started, buffer size: 1048
[m[0;32;32m1970-01-04 05:09:27.424|I|1184141422|lpUCM [RemoteSails.cpp:HandleResponse:158] Successfully deserialized response, status: 0, result code: 0
[m[0;32;31m1970-01-04 05:09:27.424|E|1184141422|lpUCM [IpccProtoMessage.cpp:SerializeParams:112] m_offset, 547840
[m[1;33m1970-01-04 05:09:27.424|W|1184141422|lpUCM [RemoteSails.cpp:SendWithRetry:185] Successfully wrote 1052 bytes
[m[0;32;32m1970-01-04 05:09:27.427|I|1184141422|lpUCM [RemoteSails.cpp:HandleResponse:149] HandleResponse started, buffer size: 1048
[m[0;32;32m1970-01-04 05:09:27.427|I|1184141422|lpUCM [RemoteSails.cpp:HandleResponse:158] Successfully deserialized response, status: 0, result code: 0
[m[0;32;31m1970-01-04 05:09:27.427|E|1184141422|lpUCM [IpccProtoMessage.cpp:SerializeParams:112] m_offset, 548864
[m[1;33m1970-01-04 05:09:27.427|W|1184141422|lpUCM [RemoteSails.cpp:SendWithRetry:185] Successfully wrote 1052 bytes
[m[0;32;32m1970-01-04 05:09:27.460|I|1184141422|lpUCM [RemoteSails.cpp:HandleResponse:149] HandleResponse started, buffer size: 1048
[m[0;32;32m1970-01-04 05:09:27.460|I|1184141422|lpUCM [RemoteSails.cpp:HandleResponse:158] Successfully deserialized response, status: 0, result code: 0
[m[0;32;31m1970-01-04 05:09:27.460|E|1184141422|lpUCM [IpccProtoMessage.cpp:SerializeParams:112] m_offset, 549888
[m[1;33m1970-01-04 05:09:27.460|W|1184141422|lpUCM [RemoteSails.cpp:SendWithRetry:185] Successfully wrote 1052 bytes
[m[0;32;32m1970-01-04 05:09:27.463|I|1184141422|lpUCM [RemoteSails.cpp:HandleResponse:149] HandleResponse started, buffer size: 1048
[m[0;32;32m1970-01-04 05:09:27.463|I|1184141422|lpUCM [RemoteSails.cpp:HandleResponse:158] Successfully deserialized response, status: 0, result code: 0
[m[0;32;31m1970-01-04 05:09:27.463|E|1184141422|lpUCM [IpccProtoMessage.cpp:SerializeParams:112] m_offset, 550912
[m[1;33m1970-01-04 05:09:27.463|W|1184141422|lpUCM [RemoteSails.cpp:SendWithRetry:185] Successfully wrote 1052 bytes
[m[0;32;32m1970-01-04 05:09:27.466|I|1184141422|lpUCM [RemoteSails.cpp:HandleResponse:149] HandleResponse started, buffer size: 1048
[m[0;32;32m1970-01-04 05:09:27.466|I|1184141422|lpUCM [RemoteSails.cpp:HandleResponse:158] Successfully deserialized response, status: 0, result code: 0
[m[0;32;31m1970-01-04 05:09:27.466|E|1184141422|lpUCM [IpccProtoMessage.cpp:SerializeParams:112] m_offset, 551936
[m[1;33m1970-01-04 05:09:27.466|W|1184141422|lpUCM [RemoteSails.cpp:SendWithRetry:185] Successfully wrote 1052 bytes
[m[0;32;32m1970-01-04 05:09:27.469|I|1184141422|lpUCM [RemoteSails.cpp:HandleResponse:149] HandleResponse started, buffer size: 1048
[m[0;32;32m1970-01-04 05:09:27.469|I|1184141422|lpUCM [RemoteSails.cpp:HandleResponse:158] Successfully deserialized response, status: 0, result code: 0
[m[0;32;31m1970-01-04 05:09:27.469|E|1184141422|lpUCM [IpccProtoMessage.cpp:SerializeParams:112] m_offset, 552960
[m[1;33m1970-01-04 05:09:27.469|W|1184141422|lpUCM [RemoteSails.cpp:SendWithRetry:185] Successfully wrote 1052 bytes
[m[0;32;32m1970-01-04 05:09:27.502|I|1184141422|lpUCM [RemoteSails.cpp:HandleResponse:149] HandleResponse started, buffer size: 1048
[m[0;32;32m1970-01-04 05:09:27.502|I|1184141422|lpUCM [RemoteSails.cpp:HandleResponse:158] Successfully deserialized response, status: 0, result code: 0
[m[0;32;31m1970-01-04 05:09:27.502|E|1184141422|lpUCM [IpccProtoMessage.cpp:SerializeParams:112] m_offset, 553984
[m[1;33m1970-01-04 05:09:27.502|W|1184141422|lpUCM [RemoteSails.cpp:SendWithRetry:185] Successfully wrote 1052 bytes
[m[0;32;32m1970-01-04 05:09:27.506|I|1184141422|lpUCM [RemoteSails.cpp:HandleResponse:149] HandleResponse started, buffer size: 1048
[m[0;32;32m1970-01-04 05:09:27.506|I|1184141422|lpUCM [RemoteSails.cpp:HandleResponse:158] Successfully deserialized response, status: 0, result code: 0
[m[0;32;31m1970-01-04 05:09:27.506|E|1184141422|lpUCM [IpccProtoMessage.cpp:SerializeParams:112] m_offset, 555008
[m[1;33m1970-01-04 05:09:27.506|W|1184141422|lpUCM [RemoteSails.cpp:SendWithRetry:185] Successfully wrote 1052 bytes
[m[0;32;32m1970-01-04 05:09:27.509|I|1184141422|lpUCM [RemoteSails.cpp:HandleResponse:149] HandleResponse started, buffer size: 1048
[m[0;32;32m1970-01-04 05:09:27.509|I|1184141422|lpUCM [RemoteSails.cpp:HandleResponse:158] Successfully deserialized response, status: 0, result code: 0
[m[0;32;31m1970-01-04 05:09:27.509|E|1184141422|lpUCM [IpccProtoMessage.cpp:SerializeParams:112] m_offset, 556032
[m[1;33m1970-01-04 05:09:27.509|W|1184141422|lpUCM [RemoteSails.cpp:SendWithRetry:185] Successfully wrote 1052 bytes
[m[0;32;32m1970-01-04 05:09:27.515|I|1184141422|lpUCM [RemoteSails.cpp:HandleResponse:149] HandleResponse started, buffer size: 1048
[m[0;32;32m1970-01-04 05:09:27.515|I|1184141422|lpUCM [RemoteSails.cpp:HandleResponse:158] Successfully deserialized response, status: 0, result code: 0
[m[0;32;32m1970-01-04 05:09:27.515|I|1184141422|lpUCM [RemoteSails.cpp:SailWriteData:272] All data already trans size 16384
[m[0;32;32m1970-01-04 05:09:27.515|I|1184141422|lpUCM [fds.cpp:FDS_OnLocalUpgProgress:248] total: 23, curr:23, percent:48, rop:97%
[m[0;32;32m1970-01-04 05:09:27.516|I|1184141422|lpUCM [RemoteSails.cpp:SailWriteData:254] total data is 16384
[m[0;32;31m1970-01-04 05:09:27.516|E|1184141422|lpUCM [IpccProtoMessage.cpp:SerializeParams:112] m_offset, 557056
[m[1;33m1970-01-04 05:09:27.516|W|1184141422|lpUCM [RemoteSails.cpp:SendWithRetry:185] Successfully wrote 1052 bytes
[m[0;32;32m1970-01-04 05:09:27.548|I|1184141422|lpUCM [RemoteSails.cpp:HandleResponse:149] HandleResponse started, buffer size: 1048
[m[0;32;32m1970-01-04 05:09:27.548|I|1184141422|lpUCM [RemoteSails.cpp:HandleResponse:158] Successfully deserialized response, status: 0, result code: 0
[m[0;32;31m1970-01-04 05:09:27.548|E|1184141422|lpUCM [IpccProtoMessage.cpp:SerializeParams:112] m_offset, 558080
[m[1;33m1970-01-04 05:09:27.548|W|1184141422|lpUCM [RemoteSails.cpp:SendWithRetry:185] Successfully wrote 1052 bytes
[m[0;32;32m1970-01-04 05:09:27.552|I|1184141422|lpUCM [RemoteSails.cpp:HandleResponse:149] HandleResponse started, buffer size: 1048
[m[0;32;32m1970-01-04 05:09:27.552|I|1184141422|lpUCM [RemoteSails.cpp:HandleResponse:158] Successfully deserialized response, status: 0, result code: 0
[m[0;32;31m1970-01-04 05:09:27.552|E|1184141422|lpUCM [IpccProtoMessage.cpp:SerializeParams:112] m_offset, 559104
[m[1;33m1970-01-04 05:09:27.552|W|1184141422|lpUCM [RemoteSails.cpp:SendWithRetry:185] Successfully wrote 1052 bytes
[m[0;32;32m1970-01-04 05:09:27.556|I|1184141422|lpUCM [RemoteSails.cpp:HandleResponse:149] HandleResponse started, buffer size: 1048
[m[0;32;32m1970-01-04 05:09:27.556|I|1184141422|lpUCM [RemoteSails.cpp:HandleResponse:158] Successfully deserialized response, status: 0, result code: 0
[m[0;32;31m1970-01-04 05:09:27.556|E|1184141422|lpUCM [IpccProtoMessage.cpp:SerializeParams:112] m_offset, 560128
[m[1;33m1970-01-04 05:09:27.556|W|1184141422|lpUCM [RemoteSails.cpp:SendWithRetry:185] Successfully wrote 1052 bytes
[m[0;32;32m1970-01-04 05:09:27.559|I|1184141422|lpUCM [RemoteSails.cpp:HandleResponse:149] HandleResponse started, buffer size: 1048
[m[0;32;32m1970-01-04 05:09:27.559|I|1184141422|lpUCM [RemoteSails.cpp:HandleResponse:158] Successfully deserialized response, status: 0, result code: 0
[m[0;32;31m1970-01-04 05:09:27.559|E|1184141422|lpUCM [IpccProtoMessage.cpp:SerializeParams:112] m_offset, 561152
[m[1;33m1970-01-04 05:09:27.559|W|1184141422|lpUCM [RemoteSails.cpp:SendWithRetry:185] Successfully wrote 1052 bytes
[m[0;32;32m1970-01-04 05:09:27.593|I|1184141422|lpUCM [RemoteSails.cpp:HandleResponse:149] HandleResponse started, buffer size: 1048
[m[0;32;32m1970-01-04 05:09:27.593|I|1184141422|lpUCM [RemoteSails.cpp:HandleResponse:158] Successfully deserialized response, status: 0, result code: 0
[m[0;32;31m1970-01-04 05:09:27.593|E|1184141422|lpUCM [IpccProtoMessage.cpp:SerializeParams:112] m_offset, 562176
[m[1;33m1970-01-04 05:09:27.593|W|1184141422|lpUCM [RemoteSails.cpp:SendWithRetry:185] Successfully wrote 1052 bytes
[m[0;32;32m1970-01-04 05:09:27.596|I|1184141422|lpUCM [RemoteSails.cpp:HandleResponse:149] HandleResponse started, buffer size: 1048
[m[0;32;32m1970-01-04 05:09:27.596|I|1184141422|lpUCM [RemoteSails.cpp:HandleResponse:158] Successfully deserialized response, status: 0, result code: 0
[m[0;32;31m1970-01-04 05:09:27.596|E|1184141422|lpUCM [IpccProtoMessage.cpp:SerializeParams:112] m_offset, 563200
[m[1;33m1970-01-04 05:09:27.596|W|1184141422|lpUCM [RemoteSails.cpp:SendWithRetry:185] Successfully wrote 1052 bytes
[m[0;32;32m1970-01-04 05:09:27.599|I|1184141422|lpUCM [RemoteSails.cpp:HandleResponse:149] HandleResponse started, buffer size: 1048
[m[0;32;32m1970-01-04 05:09:27.599|I|1184141422|lpUCM [RemoteSails.cpp:HandleResponse:158] Successfully deserialized response, status: 0, result code: 0
[m[0;32;31m1970-01-04 05:09:27.599|E|1184141422|lpUCM [IpccProtoMessage.cpp:SerializeParams:112] m_offset, 564224
[m[1;33m1970-01-04 05:09:27.599|W|1184141422|lpUCM [RemoteSails.cpp:SendWithRetry:185] Successfully wrote 1052 bytes
[m[0;32;32m1970-01-04 05:09:27.605|I|1184141422|lpUCM [RemoteSails.cpp:HandleResponse:149] HandleResponse started, buffer size: 1048
[m[0;32;32m1970-01-04 05:09:27.605|I|1184141422|lpUCM [RemoteSails.cpp:HandleResponse:158] Successfully deserialized response, status: 0, result code: 0
[m[0;32;31m1970-01-04 05:09:27.605|E|1184141422|lpUCM [IpccProtoMessage.cpp:SerializeParams:112] m_offset, 565248
[m[1;33m1970-01-04 05:09:27.605|W|1184141422|lpUCM [RemoteSails.cpp:SendWithRetry:185] Successfully wrote 1052 bytes
[m[0;32;32m1970-01-04 05:09:27.635|I|1184141422|lpUCM [RemoteSails.cpp:HandleResponse:149] HandleResponse started, buffer size: 1048
[m[0;32;32m1970-01-04 05:09:27.635|I|1184141422|lpUCM [RemoteSails.cpp:HandleResponse:158] Successfully deserialized response, status: 0, result code: 0
[m[0;32;31m1970-01-04 05:09:27.635|E|1184141422|lpUCM [IpccProtoMessage.cpp:SerializeParams:112] m_offset, 566272
[m[1;33m1970-01-04 05:09:27.635|W|1184141422|lpUCM [RemoteSails.cpp:SendWithRetry:185] Successfully wrote 1052 bytes
[m[0;32;32m1970-01-04 05:09:27.638|I|1184141422|lpUCM [RemoteSails.cpp:HandleResponse:149] HandleResponse started, buffer size: 1048
[m[0;32;32m1970-01-04 05:09:27.638|I|1184141422|lpUCM [RemoteSails.cpp:HandleResponse:158] Successfully deserialized response, status: 0, result code: 0
[m[0;32;31m1970-01-04 05:09:27.638|E|1184141422|lpUCM [IpccProtoMessage.cpp:SerializeParams:112] m_offset, 567296
[m[1;33m1970-01-04 05:09:27.638|W|1184141422|lpUCM [RemoteSails.cpp:SendWithRetry:185] Successfully wrote 1052 bytes
[m[0;32;32m1970-01-04 05:09:27.644|I|1184141422|lpUCM [RemoteSails.cpp:HandleResponse:149] HandleResponse started, buffer size: 1048
[m[0;32;32m1970-01-04 05:09:27.644|I|1184141422|lpUCM [RemoteSails.cpp:HandleResponse:158] Successfully deserialized response, status: 0, result code: 0
[m[0;32;31m1970-01-04 05:09:27.644|E|1184141422|lpUCM [IpccProtoMessage.cpp:SerializeParams:112] m_offset, 568320
[m[1;33m1970-01-04 05:09:27.644|W|1184141422|lpUCM [RemoteSails.cpp:SendWithRetry:185] Successfully wrote 1052 bytes
[m[0;32;32m1970-01-04 05:09:27.647|I|1184141422|lpUCM [RemoteSails.cpp:HandleResponse:149] HandleResponse started, buffer size: 1048
[m[0;32;32m1970-01-04 05:09:27.647|I|1184141422|lpUCM [RemoteSails.cpp:HandleResponse:158] Successfully deserialized response, status: 0, result code: 0
[m[0;32;31m1970-01-04 05:09:27.647|E|1184141422|lpUCM [IpccProtoMessage.cpp:SerializeParams:112] m_offset, 569344
[m[1;33m1970-01-04 05:09:27.647|W|1184141422|lpUCM [RemoteSails.cpp:SendWithRetry:185] Successfully wrote 1052 bytes
[m[0;32;32m1970-01-04 05:09:27.680|I|1184141422|lpUCM [RemoteSails.cpp:HandleResponse:149] HandleResponse started, buffer size: 1048
[m[0;32;32m1970-01-04 05:09:27.680|I|1184141422|lpUCM [RemoteSails.cpp:HandleResponse:158] Successfully deserialized response, status: 0, result code: 0
[m[0;32;31m1970-01-04 05:09:27.680|E|1184141422|lpUCM [IpccProtoMessage.cpp:SerializeParams:112] m_offset, 570368
[m[1;33m1970-01-04 05:09:27.680|W|1184141422|lpUCM [RemoteSails.cpp:SendWithRetry:185] Successfully wrote 1052 bytes
[m[0;32;32m1970-01-04 05:09:27.684|I|1184141422|lpUCM [RemoteSails.cpp:HandleResponse:149] HandleResponse started, buffer size: 1048
[m[0;32;32m1970-01-04 05:09:27.684|I|1184141422|lpUCM [RemoteSails.cpp:HandleResponse:158] Successfully deserialized response, status: 0, result code: 0
[m[0;32;31m1970-01-04 05:09:27.684|E|1184141422|lpUCM [IpccProtoMessage.cpp:SerializeParams:112] m_offset, 571392
[m[1;33m1970-01-04 05:09:27.684|W|1184141422|lpUCM [RemoteSails.cpp:SendWithRetry:185] Successfully wrote 1052 bytes
[m[0;32;32m1970-01-04 05:09:27.687|I|1184141422|lpUCM [RemoteSails.cpp:HandleResponse:149] HandleResponse started, buffer size: 1048
[m[0;32;32m1970-01-04 05:09:27.687|I|1184141422|lpUCM [RemoteSails.cpp:HandleResponse:158] Successfully deserialized response, status: 0, result code: 0
[m[0;32;31m1970-01-04 05:09:27.687|E|1184141422|lpUCM [IpccProtoMessage.cpp:SerializeParams:112] m_offset, 572416
[m[1;33m1970-01-04 05:09:27.687|W|1184141422|lpUCM [RemoteSails.cpp:SendWithRetry:185] Successfully wrote 1052 bytes
[m[0;32;32m1970-01-04 05:09:27.690|I|1184141422|lpUCM [RemoteSails.cpp:HandleResponse:149] HandleResponse started, buffer size: 1048
[m[0;32;32m1970-01-04 05:09:27.690|I|1184141422|lpUCM [RemoteSails.cpp:HandleResponse:158] Successfully deserialized response, status: 0, result code: 0
[m[0;32;32m1970-01-04 05:09:27.690|I|1184141422|lpUCM [RemoteSails.cpp:SailWriteData:272] All data already trans size 16384
[m[0;32;32m1970-01-04 05:09:27.690|I|1184141422|lpUCM [fds.cpp:FDS_OnLocalUpgProgress:248] total: 23, curr:23, percent:49, rop:97%
[m[0;32;32m1970-01-04 05:09:27.691|I|1184141422|lpUCM [RemoteSails.cpp:SailWriteData:254] total data is 16384
[m[0;32;31m1970-01-04 05:09:27.691|E|1184141422|lpUCM [IpccProtoMessage.cpp:SerializeParams:112] m_offset, 573440
[m[1;33m1970-01-04 05:09:27.691|W|1184141422|lpUCM [RemoteSails.cpp:SendWithRetry:185] Successfully wrote 1052 bytes
[m[0;32;32m1970-01-04 05:09:27.725|I|1184141422|lpUCM [RemoteSails.cpp:HandleResponse:149] HandleResponse started, buffer size: 1048
[m[0;32;32m1970-01-04 05:09:27.725|I|1184141422|lpUCM [RemoteSails.cpp:HandleResponse:158] Successfully deserialized response, status: 0, result code: 0
[m[0;32;31m1970-01-04 05:09:27.725|E|1184141422|lpUCM [IpccProtoMessage.cpp:SerializeParams:112] m_offset, 574464
[m[1;33m1970-01-04 05:09:27.725|W|1184141422|lpUCM [RemoteSails.cpp:SendWithRetry:185] Successfully wrote 1052 bytes
[m[0;32;32m1970-01-04 05:09:27.729|I|1184141422|lpUCM [RemoteSails.cpp:HandleResponse:149] HandleResponse started, buffer size: 1048
[m[0;32;32m1970-01-04 05:09:27.729|I|1184141422|lpUCM [RemoteSails.cpp:HandleResponse:158] Successfully deserialized response, status: 0, result code: 0
[m[0;32;31m1970-01-04 05:09:27.729|E|1184141422|lpUCM [IpccProtoMessage.cpp:SerializeParams:112] m_offset, 575488
[m[1;33m1970-01-04 05:09:27.729|W|1184141422|lpUCM [RemoteSails.cpp:SendWithRetry:185] Successfully wrote 1052 bytes
[m[0;32;32m1970-01-04 05:09:27.733|I|1184141422|lpUCM [RemoteSails.cpp:HandleResponse:149] HandleResponse started, buffer size: 1048
[m[0;32;32m1970-01-04 05:09:27.733|I|1184141422|lpUCM [RemoteSails.cpp:HandleResponse:158] Successfully deserialized response, status: 0, result code: 0
[m[0;32;31m1970-01-04 05:09:27.733|E|1184141422|lpUCM [IpccProtoMessage.cpp:SerializeParams:112] m_offset, 576512
[m[1;33m1970-01-04 05:09:27.733|W|1184141422|lpUCM [RemoteSails.cpp:SendWithRetry:185] Successfully wrote 1052 bytes
[m[0;32;32m1970-01-04 05:09:27.737|I|1184141422|lpUCM [RemoteSails.cpp:HandleResponse:149] HandleResponse started, buffer size: 1048
[m[0;32;32m1970-01-04 05:09:27.737|I|1184141422|lpUCM [RemoteSails.cpp:HandleResponse:158] Successfully deserialized response, status: 0, result code: 0
[m[0;32;31m1970-01-04 05:09:27.737|E|1184141422|lpUCM [IpccProtoMessage.cpp:SerializeParams:112] m_offset, 577536
[m[1;33m1970-01-04 05:09:27.737|W|1184141422|lpUCM [RemoteSails.cpp:SendWithRetry:185] Successfully wrote 1052 bytes
[m[0;32;32m1970-01-04 05:09:27.770|I|1184141422|lpUCM [RemoteSails.cpp:HandleResponse:149] HandleResponse started, buffer size: 1048
[m[0;32;32m1970-01-04 05:09:27.770|I|1184141422|lpUCM [RemoteSails.cpp:HandleResponse:158] Successfully deserialized response, status: 0, result code: 0
[m[0;32;31m1970-01-04 05:09:27.770|E|1184141422|lpUCM [IpccProtoMessage.cpp:SerializeParams:112] m_offset, 578560
[m[1;33m1970-01-04 05:09:27.770|W|1184141422|lpUCM [RemoteSails.cpp:SendWithRetry:185] Successfully wrote 1052 bytes
[m[0;32;32m1970-01-04 05:09:27.774|I|1184141422|lpUCM [RemoteSails.cpp:HandleResponse:149] HandleResponse started, buffer size: 1048
[m[0;32;32m1970-01-04 05:09:27.774|I|1184141422|lpUCM [RemoteSails.cpp:HandleResponse:158] Successfully deserialized response, status: 0, result code: 0
[m[0;32;31m1970-01-04 05:09:27.774|E|1184141422|lpUCM [IpccProtoMessage.cpp:SerializeParams:112] m_offset, 579584
[m[1;33m1970-01-04 05:09:27.774|W|1184141422|lpUCM [RemoteSails.cpp:SendWithRetry:185] Successfully wrote 1052 bytes
[m[0;32;32m1970-01-04 05:09:27.777|I|1184141422|lpUCM [RemoteSails.cpp:HandleResponse:149] HandleResponse started, buffer size: 1048
[m[0;32;32m1970-01-04 05:09:27.777|I|1184141422|lpUCM [RemoteSails.cpp:HandleResponse:158] Successfully deserialized response, status: 0, result code: 0
[m[0;32;31m1970-01-04 05:09:27.777|E|1184141422|lpUCM [IpccProtoMessage.cpp:SerializeParams:112] m_offset, 580608
[m[1;33m1970-01-04 05:09:27.777|W|1184141422|lpUCM [RemoteSails.cpp:SendWithRetry:185] Successfully wrote 1052 bytes
[m[0;32;32m1970-01-04 05:09:27.781|I|1184141422|lpUCM [RemoteSails.cpp:HandleResponse:149] HandleResponse started, buffer size: 1048
[m[0;32;32m1970-01-04 05:09:27.781|I|1184141422|lpUCM [RemoteSails.cpp:HandleResponse:158] Successfully deserialized response, status: 0, result code: 0
[m[0;32;31m1970-01-04 05:09:27.781|E|1184141422|lpUCM [IpccProtoMessage.cpp:SerializeParams:112] m_offset, 581632
[m[1;33m1970-01-04 05:09:27.781|W|1184141422|lpUCM [RemoteSails.cpp:SendWithRetry:185] Successfully wrote 1052 bytes
[m[0;32;32m1970-01-04 05:09:27.813|I|1184141422|lpUCM [RemoteSails.cpp:HandleResponse:149] HandleResponse started, buffer size: 1048
[m[0;32;32m1970-01-04 05:09:27.813|I|1184141422|lpUCM [RemoteSails.cpp:HandleResponse:158] Successfully deserialized response, status: 0, result code: 0
[m[0;32;31m1970-01-04 05:09:27.813|E|1184141422|lpUCM [IpccProtoMessage.cpp:SerializeParams:112] m_offset, 582656
[m[1;33m1970-01-04 05:09:27.813|W|1184141422|lpUCM [RemoteSails.cpp:SendWithRetry:185] Successfully wrote 1052 bytes
[m[0;32;32m1970-01-04 05:09:27.816|I|1184141422|lpUCM [RemoteSails.cpp:HandleResponse:149] HandleResponse started, buffer size: 1048
[m[0;32;32m1970-01-04 05:09:27.816|I|1184141422|lpUCM [RemoteSails.cpp:HandleResponse:158] Successfully deserialized response, status: 0, result code: 0
[m[0;32;31m1970-01-04 05:09:27.816|E|1184141422|lpUCM [IpccProtoMessage.cpp:SerializeParams:112] m_offset, 583680
[m[1;33m1970-01-04 05:09:27.816|W|1184141422|lpUCM [RemoteSails.cpp:SendWithRetry:185] Successfully wrote 1052 bytes
[m[0;32;32m1970-01-04 05:09:27.819|I|1184141422|lpUCM [RemoteSails.cpp:HandleResponse:149] HandleResponse started, buffer size: 1048
[m[0;32;32m1970-01-04 05:09:27.819|I|1184141422|lpUCM [RemoteSails.cpp:HandleResponse:158] Successfully deserialized response, status: 0, result code: 0
[m[0;32;31m1970-01-04 05:09:27.819|E|1184141422|lpUCM [IpccProtoMessage.cpp:SerializeParams:112] m_offset, 584704
[m[1;33m1970-01-04 05:09:27.819|W|1184141422|lpUCM [RemoteSails.cpp:SendWithRetry:185] Successfully wrote 1052 bytes
[m[0;32;32m1970-01-04 05:09:27.825|I|1184141422|lpUCM [RemoteSails.cpp:HandleResponse:149] HandleResponse started, buffer size: 1048
[m[0;32;32m1970-01-04 05:09:27.825|I|1184141422|lpUCM [RemoteSails.cpp:HandleResponse:158] Successfully deserialized response, status: 0, result code: 0
[m[0;32;31m1970-01-04 05:09:27.825|E|1184141422|lpUCM [IpccProtoMessage.cpp:SerializeParams:112] m_offset, 585728
[m[1;33m1970-01-04 05:09:27.825|W|1184141422|lpUCM [RemoteSails.cpp:SendWithRetry:185] Successfully wrote 1052 bytes
[m[0;32;32m1970-01-04 05:09:27.855|I|1184141422|lpUCM [RemoteSails.cpp:HandleResponse:149] HandleResponse started, buffer size: 1048
[m[0;32;32m1970-01-04 05:09:27.855|I|1184141422|lpUCM [RemoteSails.cpp:HandleResponse:158] Successfully deserialized response, status: 0, result code: 0
[m[0;32;31m1970-01-04 05:09:27.855|E|1184141422|lpUCM [IpccProtoMessage.cpp:SerializeParams:112] m_offset, 586752
[m[1;33m1970-01-04 05:09:27.855|W|1184141422|lpUCM [RemoteSails.cpp:SendWithRetry:185] Successfully wrote 1052 bytes
[m[0;32;32m1970-01-04 05:09:27.858|I|1184141422|lpUCM [RemoteSails.cpp:HandleResponse:149] HandleResponse started, buffer size: 1048
[m[0;32;32m1970-01-04 05:09:27.858|I|1184141422|lpUCM [RemoteSails.cpp:HandleResponse:158] Successfully deserialized response, status: 0, result code: 0
[m[0;32;31m1970-01-04 05:09:27.858|E|1184141422|lpUCM [IpccProtoMessage.cpp:SerializeParams:112] m_offset, 587776
[m[1;33m1970-01-04 05:09:27.858|W|1184141422|lpUCM [RemoteSails.cpp:SendWithRetry:185] Successfully wrote 1052 bytes
[m[0;32;32m1970-01-04 05:09:27.864|I|1184141422|lpUCM [RemoteSails.cpp:HandleResponse:149] HandleResponse started, buffer size: 1048
[m[0;32;32m1970-01-04 05:09:27.864|I|1184141422|lpUCM [RemoteSails.cpp:HandleResponse:158] Successfully deserialized response, status: 0, result code: 0
[m[0;32;31m1970-01-04 05:09:27.864|E|1184141422|lpUCM [IpccProtoMessage.cpp:SerializeParams:112] m_offset, 588800
[m[1;33m1970-01-04 05:09:27.864|W|1184141422|lpUCM [RemoteSails.cpp:SendWithRetry:185] Successfully wrote 1052 bytes
[m[0;32;32m1970-01-04 05:09:27.867|I|1184141422|lpUCM [RemoteSails.cpp:HandleResponse:149] HandleResponse started, buffer size: 1048
[m[0;32;32m1970-01-04 05:09:27.867|I|1184141422|lpUCM [RemoteSails.cpp:HandleResponse:158] Successfully deserialized response, status: 0, result code: 0
[m[0;32;32m1970-01-04 05:09:27.867|I|1184141422|lpUCM [RemoteSails.cpp:SailWriteData:272] All data already trans size 16384
[m[0;32;32m1970-01-04 05:09:27.867|I|1184141422|lpUCM [fds.cpp:FDS_OnLocalUpgProgress:248] total: 23, curr:23, percent:51, rop:97%
[m[0;32;32m1970-01-04 05:09:27.869|I|1184141422|lpUCM [RemoteSails.cpp:SailWriteData:254] total data is 16384
[m[0;32;31m1970-01-04 05:09:27.869|E|1184141422|lpUCM [IpccProtoMessage.cpp:SerializeParams:112] m_offset, 589824
[m[1;33m1970-01-04 05:09:27.869|W|1184141422|lpUCM [RemoteSails.cpp:SendWithRetry:185] Successfully wrote 1052 bytes
[m[0;32;32m1970-01-04 05:09:27.902|I|1184141422|lpUCM [RemoteSails.cpp:HandleResponse:149] HandleResponse started, buffer size: 1048
[m[0;32;32m1970-01-04 05:09:27.902|I|1184141422|lpUCM [RemoteSails.cpp:HandleResponse:158] Successfully deserialized response, status: 0, result code: 0
[m[0;32;31m1970-01-04 05:09:27.902|E|1184141422|lpUCM [IpccProtoMessage.cpp:SerializeParams:112] m_offset, 590848
[m[1;33m1970-01-04 05:09:27.902|W|1184141422|lpUCM [RemoteSails.cpp:SendWithRetry:185] Successfully wrote 1052 bytes
[m[0;32;32m1970-01-04 05:09:27.905|I|1184141422|lpUCM [RemoteSails.cpp:HandleResponse:149] HandleResponse started, buffer size: 1048
[m[0;32;32m1970-01-04 05:09:27.905|I|1184141422|lpUCM [RemoteSails.cpp:HandleResponse:158] Successfully deserialized response, status: 0, result code: 0
[m[0;32;31m1970-01-04 05:09:27.905|E|1184141422|lpUCM [IpccProtoMessage.cpp:SerializeParams:112] m_offset, 591872
[m[1;33m1970-01-04 05:09:27.905|W|1184141422|lpUCM [RemoteSails.cpp:SendWithRetry:185] Successfully wrote 1052 bytes
[m[0;32;32m1970-01-04 05:09:27.908|I|1184141422|lpUCM [RemoteSails.cpp:HandleResponse:149] HandleResponse started, buffer size: 1048
[m[0;32;32m1970-01-04 05:09:27.908|I|1184141422|lpUCM [RemoteSails.cpp:HandleResponse:158] Successfully deserialized response, status: 0, result code: 0
[m[0;32;31m1970-01-04 05:09:27.908|E|1184141422|lpUCM [IpccProtoMessage.cpp:SerializeParams:112] m_offset, 592896
[m[1;33m1970-01-04 05:09:27.908|W|1184141422|lpUCM [RemoteSails.cpp:SendWithRetry:185] Successfully wrote 1052 bytes
[m[0;32;32m1970-01-04 05:09:27.915|I|1184141422|lpUCM [RemoteSails.cpp:HandleResponse:149] HandleResponse started, buffer size: 1048
[m[0;32;32m1970-01-04 05:09:27.915|I|1184141422|lpUCM [RemoteSails.cpp:HandleResponse:158] Successfully deserialized response, status: 0, result code: 0
[m[0;32;31m1970-01-04 05:09:27.915|E|1184141422|lpUCM [IpccProtoMessage.cpp:SerializeParams:112] m_offset, 593920
[m[1;33m1970-01-04 05:09:27.915|W|1184141422|lpUCM [RemoteSails.cpp:SendWithRetry:185] Successfully wrote 1052 bytes
[m[0;32;32m1970-01-04 05:09:27.948|I|1184141422|lpUCM [RemoteSails.cpp:HandleResponse:149] HandleResponse started, buffer size: 1048
[m[0;32;32m1970-01-04 05:09:27.948|I|1184141422|lpUCM [RemoteSails.cpp:HandleResponse:158] Successfully deserialized response, status: 0, result code: 0
[m[0;32;31m1970-01-04 05:09:27.948|E|1184141422|lpUCM [IpccProtoMessage.cpp:SerializeParams:112] m_offset, 594944
[m[1;33m1970-01-04 05:09:27.948|W|1184141422|lpUCM [RemoteSails.cpp:SendWithRetry:185] Successfully wrote 1052 bytes
[m[0;32;32m1970-01-04 05:09:27.952|I|1184141422|lpUCM [RemoteSails.cpp:HandleResponse:149] HandleResponse started, buffer size: 1048
[m[0;32;32m1970-01-04 05:09:27.952|I|1184141422|lpUCM [RemoteSails.cpp:HandleResponse:158] Successfully deserialized response, status: 0, result code: 0
[m[0;32;31m1970-01-04 05:09:27.952|E|1184141422|lpUCM [IpccProtoMessage.cpp:SerializeParams:112] m_offset, 595968
[m[1;33m1970-01-04 05:09:27.952|W|1184141422|lpUCM [RemoteSails.cpp:SendWithRetry:185] Successfully wrote 1052 bytes
[m[0;32;32m1970-01-04 05:09:27.956|I|1184141422|lpUCM [RemoteSails.cpp:HandleResponse:149] HandleResponse started, buffer size: 1048
[m[0;32;32m1970-01-04 05:09:27.956|I|1184141422|lpUCM [RemoteSails.cpp:HandleResponse:158] Successfully deserialized response, status: 0, result code: 0
[m[0;32;31m1970-01-04 05:09:27.956|E|1184141422|lpUCM [IpccProtoMessage.cpp:SerializeParams:112] m_offset, 596992
[m[1;33m1970-01-04 05:09:27.956|W|1184141422|lpUCM [RemoteSails.cpp:SendWithRetry:185] Successfully wrote 1052 bytes
[m[0;32;32m1970-01-04 05:09:27.960|I|1184141422|lpUCM [RemoteSails.cpp:HandleResponse:149] HandleResponse started, buffer size: 1048
[m[0;32;32m1970-01-04 05:09:27.960|I|1184141422|lpUCM [RemoteSails.cpp:HandleResponse:158] Successfully deserialized response, status: 0, result code: 0
[m[0;32;31m1970-01-04 05:09:27.960|E|1184141422|lpUCM [IpccProtoMessage.cpp:SerializeParams:112] m_offset, 598016
[m[1;33m1970-01-04 05:09:27.960|W|1184141422|lpUCM [RemoteSails.cpp:SendWithRetry:185] Successfully wrote 1052 bytes
[m[0;32;32m1970-01-04 05:09:27.991|I|1184141422|lpUCM [RemoteSails.cpp:HandleResponse:149] HandleResponse started, buffer size: 1048
[m[0;32;32m1970-01-04 05:09:27.991|I|1184141422|lpUCM [RemoteSails.cpp:HandleResponse:158] Successfully deserialized response, status: 0, result code: 0
[m[0;32;31m1970-01-04 05:09:27.991|E|1184141422|lpUCM [IpccProtoMessage.cpp:SerializeParams:112] m_offset, 599040
[m[1;33m1970-01-04 05:09:27.991|W|1184141422|lpUCM [RemoteSails.cpp:SendWithRetry:185] Successfully wrote 1052 bytes
[m[0;32;32m1970-01-04 05:09:27.994|I|1184141422|lpUCM [RemoteSails.cpp:HandleResponse:149] HandleResponse started, buffer size: 1048
[m[0;32;32m1970-01-04 05:09:27.994|I|1184141422|lpUCM [RemoteSails.cpp:HandleResponse:158] Successfully deserialized response, status: 0, result code: 0
[m[0;32;31m1970-01-04 05:09:27.994|E|1184141422|lpUCM [IpccProtoMessage.cpp:SerializeParams:112] m_offset, 600064
[m[1;33m1970-01-04 05:09:27.994|W|1184141422|lpUCM [RemoteSails.cpp:SendWithRetry:185] Successfully wrote 1052 bytes
[m[0;32;32m1970-01-04 05:09:27.997|I|1184141422|lpUCM [RemoteSails.cpp:HandleResponse:149] HandleResponse started, buffer size: 1048
[m[0;32;32m1970-01-04 05:09:27.997|I|1184141422|lpUCM [RemoteSails.cpp:HandleResponse:158] Successfully deserialized response, status: 0, result code: 0
[m[0;32;31m1970-01-04 05:09:27.997|E|1184141422|lpUCM [IpccProtoMessage.cpp:SerializeParams:112] m_offset, 601088
[m[1;33m1970-01-04 05:09:27.997|W|1184141422|lpUCM [RemoteSails.cpp:SendWithRetry:185] Successfully wrote 1052 bytes
[m[0;32;32m1970-01-04 05:09:28.0|I|1184141422|lpUCM [RemoteSails.cpp:HandleResponse:149] HandleResponse started, buffer size: 1048
[m[0;32;32m1970-01-04 05:09:28.0|I|1184141422|lpUCM [RemoteSails.cpp:HandleResponse:158] Successfully deserialized response, status: 0, result code: 0
[m[0;32;31m1970-01-04 05:09:28.0|E|1184141422|lpUCM [IpccProtoMessage.cpp:SerializeParams:112] m_offset, 602112
[m[1;33m1970-01-04 05:09:28.0|W|1184141422|lpUCM [RemoteSails.cpp:SendWithRetry:185] Successfully wrote 1052 bytes
[m[0;32;32m1970-01-04 05:09:28.33|I|1184141422|lpUCM [RemoteSails.cpp:HandleResponse:149] HandleResponse started, buffer size: 1048
[m[0;32;32m1970-01-04 05:09:28.33|I|1184141422|lpUCM [RemoteSails.cpp:HandleResponse:158] Successfully deserialized response, status: 0, result code: 0
[m[0;32;31m1970-01-04 05:09:28.33|E|1184141422|lpUCM [IpccProtoMessage.cpp:SerializeParams:112] m_offset, 603136
[m[1;33m1970-01-04 05:09:28.33|W|1184141422|lpUCM [RemoteSails.cpp:SendWithRetry:185] Successfully wrote 1052 bytes
[m[0;32;32m1970-01-04 05:09:28.36|I|1184141422|lpUCM [RemoteSails.cpp:HandleResponse:149] HandleResponse started, buffer size: 1048
[m[0;32;32m1970-01-04 05:09:28.36|I|1184141422|lpUCM [RemoteSails.cpp:HandleResponse:158] Successfully deserialized response, status: 0, result code: 0
[m[0;32;31m1970-01-04 05:09:28.36|E|1184141422|lpUCM [IpccProtoMessage.cpp:SerializeParams:112] m_offset, 604160
[m[1;33m1970-01-04 05:09:28.36|W|1184141422|lpUCM [RemoteSails.cpp:SendWithRetry:185] Successfully wrote 1052 bytes
[m[0;32;32m1970-01-04 05:09:28.39|I|1184141422|lpUCM [RemoteSails.cpp:HandleResponse:149] HandleResponse started, buffer size: 1048
[m[0;32;32m1970-01-04 05:09:28.39|I|1184141422|lpUCM [RemoteSails.cpp:HandleResponse:158] Successfully deserialized response, status: 0, result code: 0
[m[0;32;31m1970-01-04 05:09:28.39|E|1184141422|lpUCM [IpccProtoMessage.cpp:SerializeParams:112] m_offset, 605184
[m[1;33m1970-01-04 05:09:28.39|W|1184141422|lpUCM [RemoteSails.cpp:SendWithRetry:185] Successfully wrote 1052 bytes
[m[0;32;32m1970-01-04 05:09:28.45|I|1184141422|lpUCM [RemoteSails.cpp:HandleResponse:149] HandleResponse started, buffer size: 1048
[m[0;32;32m1970-01-04 05:09:28.45|I|1184141422|lpUCM [RemoteSails.cpp:HandleResponse:158] Successfully deserialized response, status: 0, result code: 0
[m[0;32;32m1970-01-04 05:09:28.45|I|1184141422|lpUCM [RemoteSails.cpp:SailWriteData:272] All data already trans size 16384
[m[0;32;32m1970-01-04 05:09:28.45|I|1184141422|lpUCM [fds.cpp:FDS_OnLocalUpgProgress:248] total: 23, curr:23, percent:52, rop:97%
[m[0;32;32m1970-01-04 05:09:28.47|I|1184141422|lpUCM [RemoteSails.cpp:SailWriteData:254] total data is 16384
[m[0;32;31m1970-01-04 05:09:28.47|E|1184141422|lpUCM [IpccProtoMessage.cpp:SerializeParams:112] m_offset, 606208
[m[1;33m1970-01-04 05:09:28.47|W|1184141422|lpUCM [RemoteSails.cpp:SendWithRetry:185] Successfully wrote 1052 bytes
[m[0;32;32m1970-01-04 05:09:28.79|I|1184141422|lpUCM [RemoteSails.cpp:HandleResponse:149] HandleResponse started, buffer size: 1048
[m[0;32;32m1970-01-04 05:09:28.79|I|1184141422|lpUCM [RemoteSails.cpp:HandleResponse:158] Successfully deserialized response, status: 0, result code: 0
[m[0;32;31m1970-01-04 05:09:28.79|E|1184141422|lpUCM [IpccProtoMessage.cpp:SerializeParams:112] m_offset, 607232
[m[1;33m1970-01-04 05:09:28.79|W|1184141422|lpUCM [RemoteSails.cpp:SendWithRetry:185] Successfully wrote 1052 bytes
[m[0;32;32m1970-01-04 05:09:28.83|I|1184141422|lpUCM [RemoteSails.cpp:HandleResponse:149] HandleResponse started, buffer size: 1048
[m[0;32;32m1970-01-04 05:09:28.83|I|1184141422|lpUCM [RemoteSails.cpp:HandleResponse:158] Successfully deserialized response, status: 0, result code: 0
[m[0;32;31m1970-01-04 05:09:28.83|E|1184141422|lpUCM [IpccProtoMessage.cpp:SerializeParams:112] m_offset, 608256
[m[1;33m1970-01-04 05:09:28.83|W|1184141422|lpUCM [RemoteSails.cpp:SendWithRetry:185] Successfully wrote 1052 bytes
[m[0;32;32m1970-01-04 05:09:28.87|I|1184141422|lpUCM [RemoteSails.cpp:HandleResponse:149] HandleResponse started, buffer size: 1048
[m[0;32;32m1970-01-04 05:09:28.87|I|1184141422|lpUCM [RemoteSails.cpp:HandleResponse:158] Successfully deserialized response, status: 0, result code: 0
[m[0;32;31m1970-01-04 05:09:28.87|E|1184141422|lpUCM [IpccProtoMessage.cpp:SerializeParams:112] m_offset, 609280
[m[1;33m1970-01-04 05:09:28.87|W|1184141422|lpUCM [RemoteSails.cpp:SendWithRetry:185] Successfully wrote 1052 bytes
[m[0;32;32m1970-01-04 05:09:28.90|I|1184141422|lpUCM [RemoteSails.cpp:HandleResponse:149] HandleResponse started, buffer size: 1048
[m[0;32;32m1970-01-04 05:09:28.90|I|1184141422|lpUCM [RemoteSails.cpp:HandleResponse:158] Successfully deserialized response, status: 0, result code: 0
[m[0;32;31m1970-01-04 05:09:28.90|E|1184141422|lpUCM [IpccProtoMessage.cpp:SerializeParams:112] m_offset, 610304
[m[1;33m1970-01-04 05:09:28.90|W|1184141422|lpUCM [RemoteSails.cpp:SendWithRetry:185] Successfully wrote 1052 bytes
[m[0;32;32m1970-01-04 05:09:28.123|I|1184141422|lpUCM [RemoteSails.cpp:HandleResponse:149] HandleResponse started, buffer size: 1048
[m[0;32;32m1970-01-04 05:09:28.123|I|1184141422|lpUCM [RemoteSails.cpp:HandleResponse:158] Successfully deserialized response, status: 0, result code: 0
[m[0;32;31m1970-01-04 05:09:28.123|E|1184141422|lpUCM [IpccProtoMessage.cpp:SerializeParams:112] m_offset, 611328
[m[1;33m1970-01-04 05:09:28.123|W|1184141422|lpUCM [RemoteSails.cpp:SendWithRetry:185] Successfully wrote 1052 bytes
[m[0;32;32m1970-01-04 05:09:28.126|I|1184141422|lpUCM [RemoteSails.cpp:HandleResponse:149] HandleResponse started, buffer size: 1048
[m[0;32;32m1970-01-04 05:09:28.126|I|1184141422|lpUCM [RemoteSails.cpp:HandleResponse:158] Successfully deserialized response, status: 0, result code: 0
[m[0;32;31m1970-01-04 05:09:28.126|E|1184141422|lpUCM [IpccProtoMessage.cpp:SerializeParams:112] m_offset, 612352
[m[1;33m1970-01-04 05:09:28.126|W|1184141422|lpUCM [RemoteSails.cpp:SendWithRetry:185] Successfully wrote 1052 bytes
[m[0;32;32m1970-01-04 05:09:28.129|I|1184141422|lpUCM [RemoteSails.cpp:HandleResponse:149] HandleResponse started, buffer size: 1048
[m[0;32;32m1970-01-04 05:09:28.129|I|1184141422|lpUCM [RemoteSails.cpp:HandleResponse:158] Successfully deserialized response, status: 0, result code: 0
[m[0;32;31m1970-01-04 05:09:28.129|E|1184141422|lpUCM [IpccProtoMessage.cpp:SerializeParams:112] m_offset, 613376
[m[1;33m1970-01-04 05:09:28.129|W|1184141422|lpUCM [RemoteSails.cpp:SendWithRetry:185] Successfully wrote 1052 bytes
[m[0;32;32m1970-01-04 05:09:28.136|I|1184141422|lpUCM [RemoteSails.cpp:HandleResponse:149] HandleResponse started, buffer size: 1048
[m[0;32;32m1970-01-04 05:09:28.136|I|1184141422|lpUCM [RemoteSails.cpp:HandleResponse:158] Successfully deserialized response, status: 0, result code: 0
[m[0;32;31m1970-01-04 05:09:28.136|E|1184141422|lpUCM [IpccProtoMessage.cpp:SerializeParams:112] m_offset, 614400
[m[1;33m1970-01-04 05:09:28.136|W|1184141422|lpUCM [RemoteSails.cpp:SendWithRetry:185] Successfully wrote 1052 bytes
[m[0;32;32m1970-01-04 05:09:28.167|I|1184141422|lpUCM [RemoteSails.cpp:HandleResponse:149] HandleResponse started, buffer size: 1048
[m[0;32;32m1970-01-04 05:09:28.167|I|1184141422|lpUCM [RemoteSails.cpp:HandleResponse:158] Successfully deserialized response, status: 0, result code: 0
[m[0;32;31m1970-01-04 05:09:28.167|E|1184141422|lpUCM [IpccProtoMessage.cpp:SerializeParams:112] m_offset, 615424
[m[1;33m1970-01-04 05:09:28.167|W|1184141422|lpUCM [RemoteSails.cpp:SendWithRetry:185] Successfully wrote 1052 bytes
[m[0;32;32m1970-01-04 05:09:28.170|I|1184141422|lpUCM [RemoteSails.cpp:HandleResponse:149] HandleResponse started, buffer size: 1048
[m[0;32;32m1970-01-04 05:09:28.170|I|1184141422|lpUCM [RemoteSails.cpp:HandleResponse:158] Successfully deserialized response, status: 0, result code: 0
[m[0;32;31m1970-01-04 05:09:28.170|E|1184141422|lpUCM [IpccProtoMessage.cpp:SerializeParams:112] m_offset, 616448
[m[1;33m1970-01-04 05:09:28.170|W|1184141422|lpUCM [RemoteSails.cpp:SendWithRetry:185] Successfully wrote 1052 bytes
[m[0;32;32m1970-01-04 05:09:28.173|I|1184141422|lpUCM [RemoteSails.cpp:HandleResponse:149] HandleResponse started, buffer size: 1048
[m[0;32;32m1970-01-04 05:09:28.173|I|1184141422|lpUCM [RemoteSails.cpp:HandleResponse:158] Successfully deserialized response, status: 0, result code: 0
[m[0;32;31m1970-01-04 05:09:28.173|E|1184141422|lpUCM [IpccProtoMessage.cpp:SerializeParams:112] m_offset, 617472
[m[1;33m1970-01-04 05:09:28.173|W|1184141422|lpUCM [RemoteSails.cpp:SendWithRetry:185] Successfully wrote 1052 bytes
[m[0;32;32m1970-01-04 05:09:28.176|I|1184141422|lpUCM [RemoteSails.cpp:HandleResponse:149] HandleResponse started, buffer size: 1048
[m[0;32;32m1970-01-04 05:09:28.176|I|1184141422|lpUCM [RemoteSails.cpp:HandleResponse:158] Successfully deserialized response, status: 0, result code: 0
[m[0;32;31m1970-01-04 05:09:28.176|E|1184141422|lpUCM [IpccProtoMessage.cpp:SerializeParams:112] m_offset, 618496
[m[1;33m1970-01-04 05:09:28.176|W|1184141422|lpUCM [RemoteSails.cpp:SendWithRetry:185] Successfully wrote 1052 bytes
[m[0;32;32m1970-01-04 05:09:28.209|I|1184141422|lpUCM [RemoteSails.cpp:HandleResponse:149] HandleResponse started, buffer size: 1048
[m[0;32;32m1970-01-04 05:09:28.209|I|1184141422|lpUCM [RemoteSails.cpp:HandleResponse:158] Successfully deserialized response, status: 0, result code: 0
[m[0;32;31m1970-01-04 05:09:28.209|E|1184141422|lpUCM [IpccProtoMessage.cpp:SerializeParams:112] m_offset, 619520
[m[1;33m1970-01-04 05:09:28.209|W|1184141422|lpUCM [RemoteSails.cpp:SendWithRetry:185] Successfully wrote 1052 bytes
[m[0;32;32m1970-01-04 05:09:28.215|I|1184141422|lpUCM [RemoteSails.cpp:HandleResponse:149] HandleResponse started, buffer size: 1048
[m[0;32;32m1970-01-04 05:09:28.215|I|1184141422|lpUCM [RemoteSails.cpp:HandleResponse:158] Successfully deserialized response, status: 0, result code: 0
[m[0;32;31m1970-01-04 05:09:28.215|E|1184141422|lpUCM [IpccProtoMessage.cpp:SerializeParams:112] m_offset, 620544
[m[1;33m1970-01-04 05:09:28.215|W|1184141422|lpUCM [RemoteSails.cpp:SendWithRetry:185] Successfully wrote 1052 bytes
[m[0;32;32m1970-01-04 05:09:28.218|I|1184141422|lpUCM [RemoteSails.cpp:HandleResponse:149] HandleResponse started, buffer size: 1048
[m[0;32;32m1970-01-04 05:09:28.218|I|1184141422|lpUCM [RemoteSails.cpp:HandleResponse:158] Successfully deserialized response, status: 0, result code: 0
[m[0;32;31m1970-01-04 05:09:28.218|E|1184141422|lpUCM [IpccProtoMessage.cpp:SerializeParams:112] m_offset, 621568
[m[1;33m1970-01-04 05:09:28.218|W|1184141422|lpUCM [RemoteSails.cpp:SendWithRetry:185] Successfully wrote 1052 bytes
[m[0;32;32m1970-01-04 05:09:28.224|I|1184141422|lpUCM [RemoteSails.cpp:HandleResponse:149] HandleResponse started, buffer size: 1048
[m[0;32;32m1970-01-04 05:09:28.224|I|1184141422|lpUCM [RemoteSails.cpp:HandleResponse:158] Successfully deserialized response, status: 0, result code: 0
[m[0;32;32m1970-01-04 05:09:28.224|I|1184141422|lpUCM [RemoteSails.cpp:SailWriteData:272] All data already trans size 16384
[m[0;32;32m1970-01-04 05:09:28.224|I|1184141422|lpUCM [fds.cpp:FDS_OnLocalUpgProgress:248] total: 23, curr:23, percent:53, rop:97%
[m[0;32;32m1970-01-04 05:09:28.225|I|1184141422|lpUCM [RemoteSails.cpp:SailWriteData:254] total data is 16384
[m[0;32;31m1970-01-04 05:09:28.225|E|1184141422|lpUCM [IpccProtoMessage.cpp:SerializeParams:112] m_offset, 622592
[m[1;33m1970-01-04 05:09:28.225|W|1184141422|lpUCM [RemoteSails.cpp:SendWithRetry:185] Successfully wrote 1052 bytes
[m[0;32;32m1970-01-04 05:09:28.257|I|1184141422|lpUCM [RemoteSails.cpp:HandleResponse:149] HandleResponse started, buffer size: 1048
[m[0;32;32m1970-01-04 05:09:28.257|I|1184141422|lpUCM [RemoteSails.cpp:HandleResponse:158] Successfully deserialized response, status: 0, result code: 0
[m[0;32;31m1970-01-04 05:09:28.257|E|1184141422|lpUCM [IpccProtoMessage.cpp:SerializeParams:112] m_offset, 623616
[m[1;33m1970-01-04 05:09:28.257|W|1184141422|lpUCM [RemoteSails.cpp:SendWithRetry:185] Successfully wrote 1052 bytes
[m[0;32;32m1970-01-04 05:09:28.260|I|1184141422|lpUCM [RemoteSails.cpp:HandleResponse:149] HandleResponse started, buffer size: 1048
[m[0;32;32m1970-01-04 05:09:28.260|I|1184141422|lpUCM [RemoteSails.cpp:HandleResponse:158] Successfully deserialized response, status: 0, result code: 0
[m[0;32;31m1970-01-04 05:09:28.260|E|1184141422|lpUCM [IpccProtoMessage.cpp:SerializeParams:112] m_offset, 624640
[m[1;33m1970-01-04 05:09:28.260|W|1184141422|lpUCM [RemoteSails.cpp:SendWithRetry:185] Successfully wrote 1052 bytes
[m[0;32;32m1970-01-04 05:09:28.264|I|1184141422|lpUCM [RemoteSails.cpp:HandleResponse:149] HandleResponse started, buffer size: 1048
[m[0;32;32m1970-01-04 05:09:28.264|I|1184141422|lpUCM [RemoteSails.cpp:HandleResponse:158] Successfully deserialized response, status: 0, result code: 0
[m[0;32;31m1970-01-04 05:09:28.264|E|1184141422|lpUCM [IpccProtoMessage.cpp:SerializeParams:112] m_offset, 625664
[m[1;33m1970-01-04 05:09:28.264|W|1184141422|lpUCM [RemoteSails.cpp:SendWithRetry:185] Successfully wrote 1052 bytes
[m[0;32;32m1970-01-04 05:09:28.267|I|1184141422|lpUCM [RemoteSails.cpp:HandleResponse:149] HandleResponse started, buffer size: 1048
[m[0;32;32m1970-01-04 05:09:28.267|I|1184141422|lpUCM [RemoteSails.cpp:HandleResponse:158] Successfully deserialized response, status: 0, result code: 0
[m[0;32;31m1970-01-04 05:09:28.267|E|1184141422|lpUCM [IpccProtoMessage.cpp:SerializeParams:112] m_offset, 626688
[m[1;33m1970-01-04 05:09:28.267|W|1184141422|lpUCM [RemoteSails.cpp:SendWithRetry:185] Successfully wrote 1052 bytes
[m[0;32;32m1970-01-04 05:09:28.298|I|1184141422|lpUCM [RemoteSails.cpp:HandleResponse:149] HandleResponse started, buffer size: 1048
[m[0;32;32m1970-01-04 05:09:28.298|I|1184141422|lpUCM [RemoteSails.cpp:HandleResponse:158] Successfully deserialized response, status: 0, result code: 0
[m[0;32;31m1970-01-04 05:09:28.298|E|1184141422|lpUCM [IpccProtoMessage.cpp:SerializeParams:112] m_offset, 627712
[m[1;33m1970-01-04 05:09:28.298|W|1184141422|lpUCM [RemoteSails.cpp:SendWithRetry:185] Successfully wrote 1052 bytes
[m[0;32;32m1970-01-04 05:09:28.304|I|1184141422|lpUCM [RemoteSails.cpp:HandleResponse:149] HandleResponse started, buffer size: 1048
[m[0;32;32m1970-01-04 05:09:28.304|I|1184141422|lpUCM [RemoteSails.cpp:HandleResponse:158] Successfully deserialized response, status: 0, result code: 0
[m[0;32;31m1970-01-04 05:09:28.304|E|1184141422|lpUCM [IpccProtoMessage.cpp:SerializeParams:112] m_offset, 628736
[m[1;33m1970-01-04 05:09:28.304|W|1184141422|lpUCM [RemoteSails.cpp:SendWithRetry:185] Successfully wrote 1052 bytes
[m[0;32;32m1970-01-04 05:09:28.307|I|1184141422|lpUCM [RemoteSails.cpp:HandleResponse:149] HandleResponse started, buffer size: 1048
[m[0;32;32m1970-01-04 05:09:28.307|I|1184141422|lpUCM [RemoteSails.cpp:HandleResponse:158] Successfully deserialized response, status: 0, result code: 0
[m[0;32;31m1970-01-04 05:09:28.307|E|1184141422|lpUCM [IpccProtoMessage.cpp:SerializeParams:112] m_offset, 629760
[m[1;33m1970-01-04 05:09:28.307|W|1184141422|lpUCM [RemoteSails.cpp:SendWithRetry:185] Successfully wrote 1052 bytes
[m[0;32;32m1970-01-04 05:09:28.314|I|1184141422|lpUCM [RemoteSails.cpp:HandleResponse:149] HandleResponse started, buffer size: 1048
[m[0;32;32m1970-01-04 05:09:28.314|I|1184141422|lpUCM [RemoteSails.cpp:HandleResponse:158] Successfully deserialized response, status: 0, result code: 0
[m[0;32;31m1970-01-04 05:09:28.314|E|1184141422|lpUCM [IpccProtoMessage.cpp:SerializeParams:112] m_offset, 630784
[m[1;33m1970-01-04 05:09:28.314|W|1184141422|lpUCM [RemoteSails.cpp:SendWithRetry:185] Successfully wrote 1052 bytes
[m[0;32;32m1970-01-04 05:09:28.345|I|1184141422|lpUCM [RemoteSails.cpp:HandleResponse:149] HandleResponse started, buffer size: 1048
[m[0;32;32m1970-01-04 05:09:28.345|I|1184141422|lpUCM [RemoteSails.cpp:HandleResponse:158] Successfully deserialized response, status: 0, result code: 0
[m[0;32;31m1970-01-04 05:09:28.345|E|1184141422|lpUCM [IpccProtoMessage.cpp:SerializeParams:112] m_offset, 631808
[m[1;33m1970-01-04 05:09:28.345|W|1184141422|lpUCM [RemoteSails.cpp:SendWithRetry:185] Successfully wrote 1052 bytes
[m[0;32;32m1970-01-04 05:09:28.348|I|1184141422|lpUCM [RemoteSails.cpp:HandleResponse:149] HandleResponse started, buffer size: 1048
[m[0;32;32m1970-01-04 05:09:28.348|I|1184141422|lpUCM [RemoteSails.cpp:HandleResponse:158] Successfully deserialized response, status: 0, result code: 0
[m[0;32;31m1970-01-04 05:09:28.348|E|1184141422|lpUCM [IpccProtoMessage.cpp:SerializeParams:112] m_offset, 632832
[m[1;33m1970-01-04 05:09:28.348|W|1184141422|lpUCM [RemoteSails.cpp:SendWithRetry:185] Successfully wrote 1052 bytes
[m[0;32;32m1970-01-04 05:09:28.354|I|1184141422|lpUCM [RemoteSails.cpp:HandleResponse:149] HandleResponse started, buffer size: 1048
[m[0;32;32m1970-01-04 05:09:28.354|I|1184141422|lpUCM [RemoteSails.cpp:HandleResponse:158] Successfully deserialized response, status: 0, result code: 0
[m[0;32;31m1970-01-04 05:09:28.354|E|1184141422|lpUCM [IpccProtoMessage.cpp:SerializeParams:112] m_offset, 633856
[m[1;33m1970-01-04 05:09:28.354|W|1184141422|lpUCM [RemoteSails.cpp:SendWithRetry:185] Successfully wrote 1052 bytes
[m[0;32;32m1970-01-04 05:09:28.358|I|1184141422|lpUCM [RemoteSails.cpp:HandleResponse:149] HandleResponse started, buffer size: 1048
[m[0;32;32m1970-01-04 05:09:28.358|I|1184141422|lpUCM [RemoteSails.cpp:HandleResponse:158] Successfully deserialized response, status: 0, result code: 0
[m[0;32;31m1970-01-04 05:09:28.358|E|1184141422|lpUCM [IpccProtoMessage.cpp:SerializeParams:112] m_offset, 634880
[m[1;33m1970-01-04 05:09:28.358|W|1184141422|lpUCM [RemoteSails.cpp:SendWithRetry:185] Successfully wrote 1052 bytes
[m[0;32;32m1970-01-04 05:09:28.395|I|1184141422|lpUCM [RemoteSails.cpp:HandleResponse:149] HandleResponse started, buffer size: 1048
[m[0;32;32m1970-01-04 05:09:28.395|I|1184141422|lpUCM [RemoteSails.cpp:HandleResponse:158] Successfully deserialized response, status: 0, result code: 0
[m[0;32;31m1970-01-04 05:09:28.395|E|1184141422|lpUCM [IpccProtoMessage.cpp:SerializeParams:112] m_offset, 635904
[m[1;33m1970-01-04 05:09:28.395|W|1184141422|lpUCM [RemoteSails.cpp:SendWithRetry:185] Successfully wrote 1052 bytes
[m[0;32;32m1970-01-04 05:09:28.398|I|1184141422|lpUCM [RemoteSails.cpp:HandleResponse:149] HandleResponse started, buffer size: 1048
[m[0;32;32m1970-01-04 05:09:28.398|I|1184141422|lpUCM [RemoteSails.cpp:HandleResponse:158] Successfully deserialized response, status: 0, result code: 0
[m[0;32;31m1970-01-04 05:09:28.398|E|1184141422|lpUCM [IpccProtoMessage.cpp:SerializeParams:112] m_offset, 636928
[m[1;33m1970-01-04 05:09:28.398|W|1184141422|lpUCM [RemoteSails.cpp:SendWithRetry:185] Successfully wrote 1052 bytes
[m[0;32;32m1970-01-04 05:09:28.404|I|1184141422|lpUCM [RemoteSails.cpp:HandleResponse:149] HandleResponse started, buffer size: 1048
[m[0;32;32m1970-01-04 05:09:28.404|I|1184141422|lpUCM [RemoteSails.cpp:HandleResponse:158] Successfully deserialized response, status: 0, result code: 0
[m[0;32;31m1970-01-04 05:09:28.404|E|1184141422|lpUCM [IpccProtoMessage.cpp:SerializeParams:112] m_offset, 637952
[m[1;33m1970-01-04 05:09:28.404|W|1184141422|lpUCM [RemoteSails.cpp:SendWithRetry:185] Successfully wrote 1052 bytes
[m[0;32;32m1970-01-04 05:09:28.407|I|1184141422|lpUCM [RemoteSails.cpp:HandleResponse:149] HandleResponse started, buffer size: 1048
[m[0;32;32m1970-01-04 05:09:28.407|I|1184141422|lpUCM [RemoteSails.cpp:HandleResponse:158] Successfully deserialized response, status: 0, result code: 0
[m[0;32;32m1970-01-04 05:09:28.407|I|1184141422|lpUCM [RemoteSails.cpp:SailWriteData:272] All data already trans size 16384
[m[0;32;32m1970-01-04 05:09:28.407|I|1184141422|lpUCM [fds.cpp:FDS_OnLocalUpgProgress:248] total: 23, curr:23, percent:54, rop:98%
[m[0;32;32m1970-01-04 05:09:28.409|I|1184141422|lpUCM [RemoteSails.cpp:SailWriteData:254] total data is 16384
[m[0;32;31m1970-01-04 05:09:28.409|E|1184141422|lpUCM [IpccProtoMessage.cpp:SerializeParams:112] m_offset, 638976
[m[1;33m1970-01-04 05:09:28.409|W|1184141422|lpUCM [RemoteSails.cpp:SendWithRetry:185] Successfully wrote 1052 bytes
[m[0;32;32m1970-01-04 05:09:28.442|I|1184141422|lpUCM [RemoteSails.cpp:HandleResponse:149] HandleResponse started, buffer size: 1048
[m[0;32;32m1970-01-04 05:09:28.442|I|1184141422|lpUCM [RemoteSails.cpp:HandleResponse:158] Successfully deserialized response, status: 0, result code: 0
[m[0;32;31m1970-01-04 05:09:28.442|E|1184141422|lpUCM [IpccProtoMessage.cpp:SerializeParams:112] m_offset, 640000
[m[1;33m1970-01-04 05:09:28.442|W|1184141422|lpUCM [RemoteSails.cpp:SendWithRetry:185] Successfully wrote 1052 bytes
[m[0;32;32m1970-01-04 05:09:28.445|I|1184141422|lpUCM [RemoteSails.cpp:HandleResponse:149] HandleResponse started, buffer size: 1048
[m[0;32;32m1970-01-04 05:09:28.445|I|1184141422|lpUCM [RemoteSails.cpp:HandleResponse:158] Successfully deserialized response, status: 0, result code: 0
[m[0;32;31m1970-01-04 05:09:28.445|E|1184141422|lpUCM [IpccProtoMessage.cpp:SerializeParams:112] m_offset, 641024
[m[1;33m1970-01-04 05:09:28.445|W|1184141422|lpUCM [RemoteSails.cpp:SendWithRetry:185] Successfully wrote 1052 bytes
[m[0;32;32m1970-01-04 05:09:28.448|I|1184141422|lpUCM [RemoteSails.cpp:HandleResponse:149] HandleResponse started, buffer size: 1048
[m[0;32;32m1970-01-04 05:09:28.448|I|1184141422|lpUCM [RemoteSails.cpp:HandleResponse:158] Successfully deserialized response, status: 0, result code: 0
[m[0;32;31m1970-01-04 05:09:28.448|E|1184141422|lpUCM [IpccProtoMessage.cpp:SerializeParams:112] m_offset, 642048
[m[1;33m1970-01-04 05:09:28.448|W|1184141422|lpUCM [RemoteSails.cpp:SendWithRetry:185] Successfully wrote 1052 bytes
[m[0;32;32m1970-01-04 05:09:28.454|I|1184141422|lpUCM [RemoteSails.cpp:HandleResponse:149] HandleResponse started, buffer size: 1048
[m[0;32;32m1970-01-04 05:09:28.454|I|1184141422|lpUCM [RemoteSails.cpp:HandleResponse:158] Successfully deserialized response, status: 0, result code: 0
[m[0;32;31m1970-01-04 05:09:28.454|E|1184141422|lpUCM [IpccProtoMessage.cpp:SerializeParams:112] m_offset, 643072
[m[1;33m1970-01-04 05:09:28.454|W|1184141422|lpUCM [RemoteSails.cpp:SendWithRetry:185] Successfully wrote 1052 bytes
[m[0;32;32m1970-01-04 05:09:28.490|I|1184141422|lpUCM [RemoteSails.cpp:HandleResponse:149] HandleResponse started, buffer size: 1048
[m[0;32;32m1970-01-04 05:09:28.490|I|1184141422|lpUCM [RemoteSails.cpp:HandleResponse:158] Successfully deserialized response, status: 0, result code: 0
[m[0;32;31m1970-01-04 05:09:28.490|E|1184141422|lpUCM [IpccProtoMessage.cpp:SerializeParams:112] m_offset, 644096
[m[1;33m1970-01-04 05:09:28.490|W|1184141422|lpUCM [RemoteSails.cpp:SendWithRetry:185] Successfully wrote 1052 bytes
[m[0;32;32m1970-01-04 05:09:28.494|I|1184141422|lpUCM [RemoteSails.cpp:HandleResponse:149] HandleResponse started, buffer size: 1048
[m[0;32;32m1970-01-04 05:09:28.494|I|1184141422|lpUCM [RemoteSails.cpp:HandleResponse:158] Successfully deserialized response, status: 0, result code: 0
[m[0;32;31m1970-01-04 05:09:28.494|E|1184141422|lpUCM [IpccProtoMessage.cpp:SerializeParams:112] m_offset, 645120
[m[1;33m1970-01-04 05:09:28.494|W|1184141422|lpUCM [RemoteSails.cpp:SendWithRetry:185] Successfully wrote 1052 bytes
[m[0;32;32m1970-01-04 05:09:28.497|I|1184141422|lpUCM [RemoteSails.cpp:HandleResponse:149] HandleResponse started, buffer size: 1048
[m[0;32;32m1970-01-04 05:09:28.497|I|1184141422|lpUCM [RemoteSails.cpp:HandleResponse:158] Successfully deserialized response, status: 0, result code: 0
[m[0;32;31m1970-01-04 05:09:28.497|E|1184141422|lpUCM [IpccProtoMessage.cpp:SerializeParams:112] m_offset, 646144
[m[1;33m1970-01-04 05:09:28.497|W|1184141422|lpUCM [RemoteSails.cpp:SendWithRetry:185] Successfully wrote 1052 bytes
[m[0;32;32m1970-01-04 05:09:28.501|I|1184141422|lpUCM [RemoteSails.cpp:HandleResponse:149] HandleResponse started, buffer size: 1048
[m[0;32;32m1970-01-04 05:09:28.501|I|1184141422|lpUCM [RemoteSails.cpp:HandleResponse:158] Successfully deserialized response, status: 0, result code: 0
[m[0;32;31m1970-01-04 05:09:28.501|E|1184141422|lpUCM [IpccProtoMessage.cpp:SerializeParams:112] m_offset, 647168
[m[1;33m1970-01-04 05:09:28.501|W|1184141422|lpUCM [RemoteSails.cpp:SendWithRetry:185] Successfully wrote 1052 bytes
[m[0;32;32m1970-01-04 05:09:28.535|I|1184141422|lpUCM [RemoteSails.cpp:HandleResponse:149] HandleResponse started, buffer size: 1048
[m[0;32;32m1970-01-04 05:09:28.535|I|1184141422|lpUCM [RemoteSails.cpp:HandleResponse:158] Successfully deserialized response, status: 0, result code: 0
[m[0;32;31m1970-01-04 05:09:28.535|E|1184141422|lpUCM [IpccProtoMessage.cpp:SerializeParams:112] m_offset, 648192
[m[1;33m1970-01-04 05:09:28.535|W|1184141422|lpUCM [RemoteSails.cpp:SendWithRetry:185] Successfully wrote 1052 bytes
[m[0;32;32m1970-01-04 05:09:28.538|I|1184141422|lpUCM [RemoteSails.cpp:HandleResponse:149] HandleResponse started, buffer size: 1048
[m[0;32;32m1970-01-04 05:09:28.538|I|1184141422|lpUCM [RemoteSails.cpp:HandleResponse:158] Successfully deserialized response, status: 0, result code: 0
[m[0;32;31m1970-01-04 05:09:28.538|E|1184141422|lpUCM [IpccProtoMessage.cpp:SerializeParams:112] m_offset, 649216
[m[1;33m1970-01-04 05:09:28.538|W|1184141422|lpUCM [RemoteSails.cpp:SendWithRetry:185] Successfully wrote 1052 bytes
[m[0;32;32m1970-01-04 05:09:28.542|I|1184141422|lpUCM [RemoteSails.cpp:HandleResponse:149] HandleResponse started, buffer size: 1048
[m[0;32;32m1970-01-04 05:09:28.542|I|1184141422|lpUCM [RemoteSails.cpp:HandleResponse:158] Successfully deserialized response, status: 0, result code: 0
[m[0;32;31m1970-01-04 05:09:28.542|E|1184141422|lpUCM [IpccProtoMessage.cpp:SerializeParams:112] m_offset, 650240
[m[1;33m1970-01-04 05:09:28.542|W|1184141422|lpUCM [RemoteSails.cpp:SendWithRetry:185] Successfully wrote 1052 bytes
[m[0;32;32m1970-01-04 05:09:28.545|I|1184141422|lpUCM [RemoteSails.cpp:HandleResponse:149] HandleResponse started, buffer size: 1048
[m[0;32;32m1970-01-04 05:09:28.545|I|1184141422|lpUCM [RemoteSails.cpp:HandleResponse:158] Successfully deserialized response, status: 0, result code: 0
[m[0;32;31m1970-01-04 05:09:28.545|E|1184141422|lpUCM [IpccProtoMessage.cpp:SerializeParams:112] m_offset, 651264
[m[1;33m1970-01-04 05:09:28.545|W|1184141422|lpUCM [RemoteSails.cpp:SendWithRetry:185] Successfully wrote 1052 bytes
[m[0;32;32m1970-01-04 05:09:28.579|I|1184141422|lpUCM [RemoteSails.cpp:HandleResponse:149] HandleResponse started, buffer size: 1048
[m[0;32;32m1970-01-04 05:09:28.579|I|1184141422|lpUCM [RemoteSails.cpp:HandleResponse:158] Successfully deserialized response, status: 0, result code: 0
[m[0;32;31m1970-01-04 05:09:28.579|E|1184141422|lpUCM [IpccProtoMessage.cpp:SerializeParams:112] m_offset, 652288
[m[1;33m1970-01-04 05:09:28.579|W|1184141422|lpUCM [RemoteSails.cpp:SendWithRetry:185] Successfully wrote 1052 bytes
[m[0;32;32m1970-01-04 05:09:28.585|I|1184141422|lpUCM [RemoteSails.cpp:HandleResponse:149] HandleResponse started, buffer size: 1048
[m[0;32;32m1970-01-04 05:09:28.585|I|1184141422|lpUCM [RemoteSails.cpp:HandleResponse:158] Successfully deserialized response, status: 0, result code: 0
[m[0;32;31m1970-01-04 05:09:28.585|E|1184141422|lpUCM [IpccProtoMessage.cpp:SerializeParams:112] m_offset, 653312
[m[1;33m1970-01-04 05:09:28.585|W|1184141422|lpUCM [RemoteSails.cpp:SendWithRetry:185] Successfully wrote 1052 bytes
[m[0;32;32m1970-01-04 05:09:28.588|I|1184141422|lpUCM [RemoteSails.cpp:HandleResponse:149] HandleResponse started, buffer size: 1048
[m[0;32;32m1970-01-04 05:09:28.588|I|1184141422|lpUCM [RemoteSails.cpp:HandleResponse:158] Successfully deserialized response, status: 0, result code: 0
[m[0;32;31m1970-01-04 05:09:28.588|E|1184141422|lpUCM [IpccProtoMessage.cpp:SerializeParams:112] m_offset, 654336
[m[1;33m1970-01-04 05:09:28.588|W|1184141422|lpUCM [RemoteSails.cpp:SendWithRetry:185] Successfully wrote 1052 bytes
[m[0;32;32m1970-01-04 05:09:28.591|I|1184141422|lpUCM [RemoteSails.cpp:HandleResponse:149] HandleResponse started, buffer size: 1048
[m[0;32;32m1970-01-04 05:09:28.591|I|1184141422|lpUCM [RemoteSails.cpp:HandleResponse:158] Successfully deserialized response, status: 0, result code: 0
[m[0;32;32m1970-01-04 05:09:28.591|I|1184141422|lpUCM [RemoteSails.cpp:SailWriteData:272] All data already trans size 16384
[m[0;32;32m1970-01-04 05:09:28.591|I|1184141422|lpUCM [fds.cpp:FDS_OnLocalUpgProgress:248] total: 23, curr:23, percent:55, rop:98%
[m[0;32;32m1970-01-04 05:09:28.593|I|1184141422|lpUCM [RemoteSails.cpp:SailWriteData:254] total data is 16384
[m[0;32;31m1970-01-04 05:09:28.593|E|1184141422|lpUCM [IpccProtoMessage.cpp:SerializeParams:112] m_offset, 655360
[m[1;33m1970-01-04 05:09:28.593|W|1184141422|lpUCM [RemoteSails.cpp:SendWithRetry:185] Successfully wrote 1052 bytes
[m[0;32;32m1970-01-04 05:09:28.629|I|1184141422|lpUCM [RemoteSails.cpp:HandleResponse:149] HandleResponse started, buffer size: 1048
[m[0;32;32m1970-01-04 05:09:28.629|I|1184141422|lpUCM [RemoteSails.cpp:HandleResponse:158] Successfully deserialized response, status: 0, result code: 0
[m[0;32;31m1970-01-04 05:09:28.629|E|1184141422|lpUCM [IpccProtoMessage.cpp:SerializeParams:112] m_offset, 656384
[m[1;33m1970-01-04 05:09:28.629|W|1184141422|lpUCM [RemoteSails.cpp:SendWithRetry:185] Successfully wrote 1052 bytes
[m[0;32;32m1970-01-04 05:09:28.635|I|1184141422|lpUCM [RemoteSails.cpp:HandleResponse:149] HandleResponse started, buffer size: 1048
[m[0;32;32m1970-01-04 05:09:28.635|I|1184141422|lpUCM [RemoteSails.cpp:HandleResponse:158] Successfully deserialized response, status: 0, result code: 0
[m[0;32;31m1970-01-04 05:09:28.635|E|1184141422|lpUCM [IpccProtoMessage.cpp:SerializeParams:112] m_offset, 657408
[m[1;33m1970-01-04 05:09:28.635|W|1184141422|lpUCM [RemoteSails.cpp:SendWithRetry:185] Successfully wrote 1052 bytes
[m[0;32;32m1970-01-04 05:09:28.638|I|1184141422|lpUCM [RemoteSails.cpp:HandleResponse:149] HandleResponse started, buffer size: 1048
[m[0;32;32m1970-01-04 05:09:28.638|I|1184141422|lpUCM [RemoteSails.cpp:HandleResponse:158] Successfully deserialized response, status: 0, result code: 0
[m[0;32;31m1970-01-04 05:09:28.638|E|1184141422|lpUCM [IpccProtoMessage.cpp:SerializeParams:112] m_offset, 658432
[m[1;33m1970-01-04 05:09:28.638|W|1184141422|lpUCM [RemoteSails.cpp:SendWithRetry:185] Successfully wrote 1052 bytes
[m[0;32;32m1970-01-04 05:09:28.641|I|1184141422|lpUCM [RemoteSails.cpp:HandleResponse:149] HandleResponse started, buffer size: 1048
[m[0;32;32m1970-01-04 05:09:28.641|I|1184141422|lpUCM [RemoteSails.cpp:HandleResponse:158] Successfully deserialized response, status: 0, result code: 0
[m[0;32;31m1970-01-04 05:09:28.641|E|1184141422|lpUCM [IpccProtoMessage.cpp:SerializeParams:112] m_offset, 659456
[m[1;33m1970-01-04 05:09:28.641|W|1184141422|lpUCM [RemoteSails.cpp:SendWithRetry:185] Successfully wrote 1052 bytes
[m[0;32;32m1970-01-04 05:09:28.677|I|1184141422|lpUCM [RemoteSails.cpp:HandleResponse:149] HandleResponse started, buffer size: 1048
[m[0;32;32m1970-01-04 05:09:28.677|I|1184141422|lpUCM [RemoteSails.cpp:HandleResponse:158] Successfully deserialized response, status: 0, result code: 0
[m[0;32;31m1970-01-04 05:09:28.677|E|1184141422|lpUCM [IpccProtoMessage.cpp:SerializeParams:112] m_offset, 660480
[m[1;33m1970-01-04 05:09:28.677|W|1184141422|lpUCM [RemoteSails.cpp:SendWithRetry:185] Successfully wrote 1052 bytes
[m[0;32;32m1970-01-04 05:09:28.680|I|1184141422|lpUCM [RemoteSails.cpp:HandleResponse:149] HandleResponse started, buffer size: 1048
[m[0;32;32m1970-01-04 05:09:28.680|I|1184141422|lpUCM [RemoteSails.cpp:HandleResponse:158] Successfully deserialized response, status: 0, result code: 0
[m[0;32;31m1970-01-04 05:09:28.680|E|1184141422|lpUCM [IpccProtoMessage.cpp:SerializeParams:112] m_offset, 661504
[m[1;33m1970-01-04 05:09:28.680|W|1184141422|lpUCM [RemoteSails.cpp:SendWithRetry:185] Successfully wrote 1052 bytes
[m[0;32;32m1970-01-04 05:09:28.683|I|1184141422|lpUCM [RemoteSails.cpp:HandleResponse:149] HandleResponse started, buffer size: 1048
[m[0;32;32m1970-01-04 05:09:28.683|I|1184141422|lpUCM [RemoteSails.cpp:HandleResponse:158] Successfully deserialized response, status: 0, result code: 0
[m[0;32;31m1970-01-04 05:09:28.683|E|1184141422|lpUCM [IpccProtoMessage.cpp:SerializeParams:112] m_offset, 662528
[m[1;33m1970-01-04 05:09:28.683|W|1184141422|lpUCM [RemoteSails.cpp:SendWithRetry:185] Successfully wrote 1052 bytes
[m[0;32;32m1970-01-04 05:09:28.686|I|1184141422|lpUCM [RemoteSails.cpp:HandleResponse:149] HandleResponse started, buffer size: 1048
[m[0;32;32m1970-01-04 05:09:28.686|I|1184141422|lpUCM [RemoteSails.cpp:HandleResponse:158] Successfully deserialized response, status: 0, result code: 0
[m[0;32;31m1970-01-04 05:09:28.686|E|1184141422|lpUCM [IpccProtoMessage.cpp:SerializeParams:112] m_offset, 663552
[m[1;33m1970-01-04 05:09:28.686|W|1184141422|lpUCM [RemoteSails.cpp:SendWithRetry:185] Successfully wrote 1052 bytes
[m[0;32;32m1970-01-04 05:09:28.722|I|1184141422|lpUCM [RemoteSails.cpp:HandleResponse:149] HandleResponse started, buffer size: 1048
[m[0;32;32m1970-01-04 05:09:28.722|I|1184141422|lpUCM [RemoteSails.cpp:HandleResponse:158] Successfully deserialized response, status: 0, result code: 0
[m[0;32;31m1970-01-04 05:09:28.722|E|1184141422|lpUCM [IpccProtoMessage.cpp:SerializeParams:112] m_offset, 664576
[m[1;33m1970-01-04 05:09:28.722|W|1184141422|lpUCM [RemoteSails.cpp:SendWithRetry:185] Successfully wrote 1052 bytes
[m[0;32;32m1970-01-04 05:09:28.725|I|1184141422|lpUCM [RemoteSails.cpp:HandleResponse:149] HandleResponse started, buffer size: 1048
[m[0;32;32m1970-01-04 05:09:28.725|I|1184141422|lpUCM [RemoteSails.cpp:HandleResponse:158] Successfully deserialized response, status: 0, result code: 0
[m[0;32;31m1970-01-04 05:09:28.725|E|1184141422|lpUCM [IpccProtoMessage.cpp:SerializeParams:112] m_offset, 665600
[m[1;33m1970-01-04 05:09:28.725|W|1184141422|lpUCM [RemoteSails.cpp:SendWithRetry:185] Successfully wrote 1052 bytes
[m[0;32;32m1970-01-04 05:09:28.729|I|1184141422|lpUCM [RemoteSails.cpp:HandleResponse:149] HandleResponse started, buffer size: 1048
[m[0;32;32m1970-01-04 05:09:28.729|I|1184141422|lpUCM [RemoteSails.cpp:HandleResponse:158] Successfully deserialized response, status: 0, result code: 0
[m[0;32;31m1970-01-04 05:09:28.729|E|1184141422|lpUCM [IpccProtoMessage.cpp:SerializeParams:112] m_offset, 666624
[m[1;33m1970-01-04 05:09:28.729|W|1184141422|lpUCM [RemoteSails.cpp:SendWithRetry:185] Successfully wrote 1052 bytes
[m[0;32;32m1970-01-04 05:09:28.736|I|1184141422|lpUCM [RemoteSails.cpp:HandleResponse:149] HandleResponse started, buffer size: 1048
[m[0;32;32m1970-01-04 05:09:28.736|I|1184141422|lpUCM [RemoteSails.cpp:HandleResponse:158] Successfully deserialized response, status: 0, result code: 0
[m[0;32;31m1970-01-04 05:09:28.736|E|1184141422|lpUCM [IpccProtoMessage.cpp:SerializeParams:112] m_offset, 667648
[m[1;33m1970-01-04 05:09:28.736|W|1184141422|lpUCM [RemoteSails.cpp:SendWithRetry:185] Successfully wrote 1052 bytes
[m[0;32;32m1970-01-04 05:09:28.773|I|1184141422|lpUCM [RemoteSails.cpp:HandleResponse:149] HandleResponse started, buffer size: 1048
[m[0;32;32m1970-01-04 05:09:28.773|I|1184141422|lpUCM [RemoteSails.cpp:HandleResponse:158] Successfully deserialized response, status: 0, result code: 0
[m[0;32;31m1970-01-04 05:09:28.773|E|1184141422|lpUCM [IpccProtoMessage.cpp:SerializeParams:112] m_offset, 668672
[m[1;33m1970-01-04 05:09:28.773|W|1184141422|lpUCM [RemoteSails.cpp:SendWithRetry:185] Successfully wrote 1052 bytes
[m[0;32;32m1970-01-04 05:09:28.776|I|1184141422|lpUCM [RemoteSails.cpp:HandleResponse:149] HandleResponse started, buffer size: 1048
[m[0;32;32m1970-01-04 05:09:28.776|I|1184141422|lpUCM [RemoteSails.cpp:HandleResponse:158] Successfully deserialized response, status: 0, result code: 0
[m[0;32;31m1970-01-04 05:09:28.776|E|1184141422|lpUCM [IpccProtoMessage.cpp:SerializeParams:112] m_offset, 669696
[m[1;33m1970-01-04 05:09:28.776|W|1184141422|lpUCM [RemoteSails.cpp:SendWithRetry:185] Successfully wrote 1052 bytes
[m[0;32;32m1970-01-04 05:09:28.779|I|1184141422|lpUCM [RemoteSails.cpp:HandleResponse:149] HandleResponse started, buffer size: 1048
[m[0;32;32m1970-01-04 05:09:28.779|I|1184141422|lpUCM [RemoteSails.cpp:HandleResponse:158] Successfully deserialized response, status: 0, result code: 0
[m[0;32;31m1970-01-04 05:09:28.779|E|1184141422|lpUCM [IpccProtoMessage.cpp:SerializeParams:112] m_offset, 670720
[m[1;33m1970-01-04 05:09:28.779|W|1184141422|lpUCM [RemoteSails.cpp:SendWithRetry:185] Successfully wrote 1052 bytes
[m[0;32;32m1970-01-04 05:09:28.786|I|1184141422|lpUCM [RemoteSails.cpp:HandleResponse:149] HandleResponse started, buffer size: 1048
[m[0;32;32m1970-01-04 05:09:28.786|I|1184141422|lpUCM [RemoteSails.cpp:HandleResponse:158] Successfully deserialized response, status: 0, result code: 0
[m[0;32;32m1970-01-04 05:09:28.786|I|1184141422|lpUCM [RemoteSails.cpp:SailWriteData:272] All data already trans size 16384
[m[0;32;32m1970-01-04 05:09:28.786|I|1184141422|lpUCM [fds.cpp:FDS_OnLocalUpgProgress:248] total: 23, curr:23, percent:56, rop:98%
[m[0;32;32m1970-01-04 05:09:28.788|I|1184141422|lpUCM [RemoteSails.cpp:SailWriteData:254] total data is 16384
[m[0;32;31m1970-01-04 05:09:28.788|E|1184141422|lpUCM [IpccProtoMessage.cpp:SerializeParams:112] m_offset, 671744
[m[1;33m1970-01-04 05:09:28.788|W|1184141422|lpUCM [RemoteSails.cpp:SendWithRetry:185] Successfully wrote 1052 bytes
[m[0;32;32m1970-01-04 05:09:28.822|I|1184141422|lpUCM [RemoteSails.cpp:HandleResponse:149] HandleResponse started, buffer size: 1048
[m[0;32;32m1970-01-04 05:09:28.822|I|1184141422|lpUCM [RemoteSails.cpp:HandleResponse:158] Successfully deserialized response, status: 0, result code: 0
[m[0;32;31m1970-01-04 05:09:28.822|E|1184141422|lpUCM [IpccProtoMessage.cpp:SerializeParams:112] m_offset, 672768
[m[1;33m1970-01-04 05:09:28.822|W|1184141422|lpUCM [RemoteSails.cpp:SendWithRetry:185] Successfully wrote 1052 bytes
[m[0;32;32m1970-01-04 05:09:28.825|I|1184141422|lpUCM [RemoteSails.cpp:HandleResponse:149] HandleResponse started, buffer size: 1048
[m[0;32;32m1970-01-04 05:09:28.825|I|1184141422|lpUCM [RemoteSails.cpp:HandleResponse:158] Successfully deserialized response, status: 0, result code: 0
[m[0;32;31m1970-01-04 05:09:28.825|E|1184141422|lpUCM [IpccProtoMessage.cpp:SerializeParams:112] m_offset, 673792
[m[1;33m1970-01-04 05:09:28.825|W|1184141422|lpUCM [RemoteSails.cpp:SendWithRetry:185] Successfully wrote 1052 bytes
[m[0;32;32m1970-01-04 05:09:28.828|I|1184141422|lpUCM [RemoteSails.cpp:HandleResponse:149] HandleResponse started, buffer size: 1048
[m[0;32;32m1970-01-04 05:09:28.828|I|1184141422|lpUCM [RemoteSails.cpp:HandleResponse:158] Successfully deserialized response, status: 0, result code: 0
[m[0;32;31m1970-01-04 05:09:28.828|E|1184141422|lpUCM [IpccProtoMessage.cpp:SerializeParams:112] m_offset, 674816
[m[1;33m1970-01-04 05:09:28.828|W|1184141422|lpUCM [RemoteSails.cpp:SendWithRetry:185] Successfully wrote 1052 bytes
[m[0;32;32m1970-01-04 05:09:28.834|I|1184141422|lpUCM [RemoteSails.cpp:HandleResponse:149] HandleResponse started, buffer size: 1048
[m[0;32;32m1970-01-04 05:09:28.834|I|1184141422|lpUCM [RemoteSails.cpp:HandleResponse:158] Successfully deserialized response, status: 0, result code: 0
[m[0;32;31m1970-01-04 05:09:28.834|E|1184141422|lpUCM [IpccProtoMessage.cpp:SerializeParams:112] m_offset, 675840
[m[1;33m1970-01-04 05:09:28.834|W|1184141422|lpUCM [RemoteSails.cpp:SendWithRetry:185] Successfully wrote 1052 bytes
[m[0;32;32m1970-01-04 05:09:28.867|I|1184141422|lpUCM [RemoteSails.cpp:HandleResponse:149] HandleResponse started, buffer size: 1048
[m[0;32;32m1970-01-04 05:09:28.867|I|1184141422|lpUCM [RemoteSails.cpp:HandleResponse:158] Successfully deserialized response, status: 0, result code: 0
[m[0;32;31m1970-01-04 05:09:28.867|E|1184141422|lpUCM [IpccProtoMessage.cpp:SerializeParams:112] m_offset, 676864
[m[1;33m1970-01-04 05:09:28.867|W|1184141422|lpUCM [RemoteSails.cpp:SendWithRetry:185] Successfully wrote 1052 bytes
[m[0;32;32m1970-01-04 05:09:28.870|I|1184141422|lpUCM [RemoteSails.cpp:HandleResponse:149] HandleResponse started, buffer size: 1048
[m[0;32;32m1970-01-04 05:09:28.870|I|1184141422|lpUCM [RemoteSails.cpp:HandleResponse:158] Successfully deserialized response, status: 0, result code: 0
[m[0;32;31m1970-01-04 05:09:28.870|E|1184141422|lpUCM [IpccProtoMessage.cpp:SerializeParams:112] m_offset, 677888
[m[1;33m1970-01-04 05:09:28.870|W|1184141422|lpUCM [RemoteSails.cpp:SendWithRetry:185] Successfully wrote 1052 bytes
[m[0;32;32m1970-01-04 05:09:28.874|I|1184141422|lpUCM [RemoteSails.cpp:HandleResponse:149] HandleResponse started, buffer size: 1048
[m[0;32;32m1970-01-04 05:09:28.874|I|1184141422|lpUCM [RemoteSails.cpp:HandleResponse:158] Successfully deserialized response, status: 0, result code: 0
[m[0;32;31m1970-01-04 05:09:28.874|E|1184141422|lpUCM [IpccProtoMessage.cpp:SerializeParams:112] m_offset, 678912
[m[1;33m1970-01-04 05:09:28.874|W|1184141422|lpUCM [RemoteSails.cpp:SendWithRetry:185] Successfully wrote 1052 bytes
[m[0;32;32m1970-01-04 05:09:28.877|I|1184141422|lpUCM [RemoteSails.cpp:HandleResponse:149] HandleResponse started, buffer size: 1048
[m[0;32;32m1970-01-04 05:09:28.877|I|1184141422|lpUCM [RemoteSails.cpp:HandleResponse:158] Successfully deserialized response, status: 0, result code: 0
[m[0;32;31m1970-01-04 05:09:28.877|E|1184141422|lpUCM [IpccProtoMessage.cpp:SerializeParams:112] m_offset, 679936
[m[1;33m1970-01-04 05:09:28.877|W|1184141422|lpUCM [RemoteSails.cpp:SendWithRetry:185] Successfully wrote 1052 bytes
[m[0;32;32m1970-01-04 05:09:28.913|I|1184141422|lpUCM [RemoteSails.cpp:HandleResponse:149] HandleResponse started, buffer size: 1048
[m[0;32;32m1970-01-04 05:09:28.913|I|1184141422|lpUCM [RemoteSails.cpp:HandleResponse:158] Successfully deserialized response, status: 0, result code: 0
[m[0;32;31m1970-01-04 05:09:28.913|E|1184141422|lpUCM [IpccProtoMessage.cpp:SerializeParams:112] m_offset, 680960
[m[1;33m1970-01-04 05:09:28.913|W|1184141422|lpUCM [RemoteSails.cpp:SendWithRetry:185] Successfully wrote 1052 bytes
[m[0;32;32m1970-01-04 05:09:28.916|I|1184141422|lpUCM [RemoteSails.cpp:HandleResponse:149] HandleResponse started, buffer size: 1048
[m[0;32;32m1970-01-04 05:09:28.916|I|1184141422|lpUCM [RemoteSails.cpp:HandleResponse:158] Successfully deserialized response, status: 0, result code: 0
[m[0;32;31m1970-01-04 05:09:28.916|E|1184141422|lpUCM [IpccProtoMessage.cpp:SerializeParams:112] m_offset, 681984
[m[1;33m1970-01-04 05:09:28.916|W|1184141422|lpUCM [RemoteSails.cpp:SendWithRetry:185] Successfully wrote 1052 bytes
[m[0;32;32m1970-01-04 05:09:28.919|I|1184141422|lpUCM [RemoteSails.cpp:HandleResponse:149] HandleResponse started, buffer size: 1048
[m[0;32;32m1970-01-04 05:09:28.919|I|1184141422|lpUCM [RemoteSails.cpp:HandleResponse:158] Successfully deserialized response, status: 0, result code: 0
[m[0;32;31m1970-01-04 05:09:28.919|E|1184141422|lpUCM [IpccProtoMessage.cpp:SerializeParams:112] m_offset, 683008
[m[1;33m1970-01-04 05:09:28.919|W|1184141422|lpUCM [RemoteSails.cpp:SendWithRetry:185] Successfully wrote 1052 bytes
[m[0;32;32m1970-01-04 05:09:28.926|I|1184141422|lpUCM [RemoteSails.cpp:HandleResponse:149] HandleResponse started, buffer size: 1048
[m[0;32;32m1970-01-04 05:09:28.926|I|1184141422|lpUCM [RemoteSails.cpp:HandleResponse:158] Successfully deserialized response, status: 0, result code: 0
[m[0;32;31m1970-01-04 05:09:28.926|E|1184141422|lpUCM [IpccProtoMessage.cpp:SerializeParams:112] m_offset, 684032
[m[1;33m1970-01-04 05:09:28.926|W|1184141422|lpUCM [RemoteSails.cpp:SendWithRetry:185] Successfully wrote 1052 bytes
[m[0;32;32m1970-01-04 05:09:28.961|I|1184141422|lpUCM [RemoteSails.cpp:HandleResponse:149] HandleResponse started, buffer size: 1048
[m[0;32;32m1970-01-04 05:09:28.961|I|1184141422|lpUCM [RemoteSails.cpp:HandleResponse:158] Successfully deserialized response, status: 0, result code: 0
[m[0;32;31m1970-01-04 05:09:28.961|E|1184141422|lpUCM [IpccProtoMessage.cpp:SerializeParams:112] m_offset, 685056
[m[1;33m1970-01-04 05:09:28.961|W|1184141422|lpUCM [RemoteSails.cpp:SendWithRetry:185] Successfully wrote 1052 bytes
[m[0;32;32m1970-01-04 05:09:28.964|I|1184141422|lpUCM [RemoteSails.cpp:HandleResponse:149] HandleResponse started, buffer size: 1048
[m[0;32;32m1970-01-04 05:09:28.964|I|1184141422|lpUCM [RemoteSails.cpp:HandleResponse:158] Successfully deserialized response, status: 0, result code: 0
[m[0;32;31m1970-01-04 05:09:28.964|E|1184141422|lpUCM [IpccProtoMessage.cpp:SerializeParams:112] m_offset, 686080
[m[1;33m1970-01-04 05:09:28.964|W|1184141422|lpUCM [RemoteSails.cpp:SendWithRetry:185] Successfully wrote 1052 bytes
[m[0;32;32m1970-01-04 05:09:28.967|I|1184141422|lpUCM [RemoteSails.cpp:HandleResponse:149] HandleResponse started, buffer size: 1048
[m[0;32;32m1970-01-04 05:09:28.967|I|1184141422|lpUCM [RemoteSails.cpp:HandleResponse:158] Successfully deserialized response, status: 0, result code: 0
[m[0;32;31m1970-01-04 05:09:28.967|E|1184141422|lpUCM [IpccProtoMessage.cpp:SerializeParams:112] m_offset, 687104
[m[1;33m1970-01-04 05:09:28.967|W|1184141422|lpUCM [RemoteSails.cpp:SendWithRetry:185] Successfully wrote 1052 bytes
[m[0;32;32m1970-01-04 05:09:28.970|I|1184141422|lpUCM [RemoteSails.cpp:HandleResponse:149] HandleResponse started, buffer size: 1048
[m[0;32;32m1970-01-04 05:09:28.970|I|1184141422|lpUCM [RemoteSails.cpp:HandleResponse:158] Successfully deserialized response, status: 0, result code: 0
[m[0;32;32m1970-01-04 05:09:28.970|I|1184141422|lpUCM [RemoteSails.cpp:SailWriteData:272] All data already trans size 16384
[m[0;32;32m1970-01-04 05:09:28.970|I|1184141422|lpUCM [fds.cpp:FDS_OnLocalUpgProgress:248] total: 23, curr:23, percent:57, rop:98%
[m[0;32;32m1970-01-04 05:09:28.972|I|1184141422|lpUCM [RemoteSails.cpp:SailWriteData:254] total data is 16384
[m[0;32;31m1970-01-04 05:09:28.972|E|1184141422|lpUCM [IpccProtoMessage.cpp:SerializeParams:112] m_offset, 688128
[m[1;33m1970-01-04 05:09:28.972|W|1184141422|lpUCM [RemoteSails.cpp:SendWithRetry:185] Successfully wrote 1052 bytes
[m[0;32;32m1970-01-04 05:09:29.5|I|1184141422|lpUCM [RemoteSails.cpp:HandleResponse:149] HandleResponse started, buffer size: 1048
[m[0;32;32m1970-01-04 05:09:29.5|I|1184141422|lpUCM [RemoteSails.cpp:HandleResponse:158] Successfully deserialized response, status: 0, result code: 0
[m[0;32;31m1970-01-04 05:09:29.5|E|1184141422|lpUCM [IpccProtoMessage.cpp:SerializeParams:112] m_offset, 689152
[m[1;33m1970-01-04 05:09:29.5|W|1184141422|lpUCM [RemoteSails.cpp:SendWithRetry:185] Successfully wrote 1052 bytes
[m[0;32;32m1970-01-04 05:09:29.8|I|1184141422|lpUCM [RemoteSails.cpp:HandleResponse:149] HandleResponse started, buffer size: 1048
[m[0;32;32m1970-01-04 05:09:29.8|I|1184141422|lpUCM [RemoteSails.cpp:HandleResponse:158] Successfully deserialized response, status: 0, result code: 0
[m[0;32;31m1970-01-04 05:09:29.8|E|1184141422|lpUCM [IpccProtoMessage.cpp:SerializeParams:112] m_offset, 690176
[m[1;33m1970-01-04 05:09:29.8|W|1184141422|lpUCM [RemoteSails.cpp:SendWithRetry:185] Successfully wrote 1052 bytes
[m[0;32;32m1970-01-04 05:09:29.14|I|1184141422|lpUCM [RemoteSails.cpp:HandleResponse:149] HandleResponse started, buffer size: 1048
[m[0;32;32m1970-01-04 05:09:29.14|I|1184141422|lpUCM [RemoteSails.cpp:HandleResponse:158] Successfully deserialized response, status: 0, result code: 0
[m[0;32;31m1970-01-04 05:09:29.14|E|1184141422|lpUCM [IpccProtoMessage.cpp:SerializeParams:112] m_offset, 691200
[m[1;33m1970-01-04 05:09:29.14|W|1184141422|lpUCM [RemoteSails.cpp:SendWithRetry:185] Successfully wrote 1052 bytes
[m[0;32;32m1970-01-04 05:09:29.17|I|1184141422|lpUCM [RemoteSails.cpp:HandleResponse:149] HandleResponse started, buffer size: 1048
[m[0;32;32m1970-01-04 05:09:29.17|I|1184141422|lpUCM [RemoteSails.cpp:HandleResponse:158] Successfully deserialized response, status: 0, result code: 0
[m[0;32;31m1970-01-04 05:09:29.17|E|1184141422|lpUCM [IpccProtoMessage.cpp:SerializeParams:112] m_offset, 692224
[m[1;33m1970-01-04 05:09:29.17|W|1184141422|lpUCM [RemoteSails.cpp:SendWithRetry:185] Successfully wrote 1052 bytes
[m[0;32;32m1970-01-04 05:09:29.50|I|1184141422|lpUCM [RemoteSails.cpp:HandleResponse:149] HandleResponse started, buffer size: 1048
[m[0;32;32m1970-01-04 05:09:29.50|I|1184141422|lpUCM [RemoteSails.cpp:HandleResponse:158] Successfully deserialized response, status: 0, result code: 0
[m[0;32;31m1970-01-04 05:09:29.50|E|1184141422|lpUCM [IpccProtoMessage.cpp:SerializeParams:112] m_offset, 693248
[m[1;33m1970-01-04 05:09:29.50|W|1184141422|lpUCM [RemoteSails.cpp:SendWithRetry:185] Successfully wrote 1052 bytes
[m[0;32;32m1970-01-04 05:09:29.53|I|1184141422|lpUCM [RemoteSails.cpp:HandleResponse:149] HandleResponse started, buffer size: 1048
[m[0;32;32m1970-01-04 05:09:29.53|I|1184141422|lpUCM [RemoteSails.cpp:HandleResponse:158] Successfully deserialized response, status: 0, result code: 0
[m[0;32;31m1970-01-04 05:09:29.53|E|1184141422|lpUCM [IpccProtoMessage.cpp:SerializeParams:112] m_offset, 694272
[m[1;33m1970-01-04 05:09:29.53|W|1184141422|lpUCM [RemoteSails.cpp:SendWithRetry:185] Successfully wrote 1052 bytes
[m[0;32;32m1970-01-04 05:09:29.56|I|1184141422|lpUCM [RemoteSails.cpp:HandleResponse:149] HandleResponse started, buffer size: 1048
[m[0;32;32m1970-01-04 05:09:29.56|I|1184141422|lpUCM [RemoteSails.cpp:HandleResponse:158] Successfully deserialized response, status: 0, result code: 0
[m[0;32;31m1970-01-04 05:09:29.56|E|1184141422|lpUCM [IpccProtoMessage.cpp:SerializeParams:112] m_offset, 695296
[m[1;33m1970-01-04 05:09:29.56|W|1184141422|lpUCM [RemoteSails.cpp:SendWithRetry:185] Successfully wrote 1052 bytes
[m[0;32;32m1970-01-04 05:09:29.59|I|1184141422|lpUCM [RemoteSails.cpp:HandleResponse:149] HandleResponse started, buffer size: 1048
[m[0;32;32m1970-01-04 05:09:29.59|I|1184141422|lpUCM [RemoteSails.cpp:HandleResponse:158] Successfully deserialized response, status: 0, result code: 0
[m[0;32;31m1970-01-04 05:09:29.59|E|1184141422|lpUCM [IpccProtoMessage.cpp:SerializeParams:112] m_offset, 696320
[m[1;33m1970-01-04 05:09:29.59|W|1184141422|lpUCM [RemoteSails.cpp:SendWithRetry:185] Successfully wrote 1052 bytes
[m[0;32;32m1970-01-04 05:09:29.95|I|1184141422|lpUCM [RemoteSails.cpp:HandleResponse:149] HandleResponse started, buffer size: 1048
[m[0;32;32m1970-01-04 05:09:29.95|I|1184141422|lpUCM [RemoteSails.cpp:HandleResponse:158] Successfully deserialized response, status: 0, result code: 0
[m[0;32;31m1970-01-04 05:09:29.95|E|1184141422|lpUCM [IpccProtoMessage.cpp:SerializeParams:112] m_offset, 697344
[m[1;33m1970-01-04 05:09:29.95|W|1184141422|lpUCM [RemoteSails.cpp:SendWithRetry:185] Successfully wrote 1052 bytes
[m[0;32;32m1970-01-04 05:09:29.98|I|1184141422|lpUCM [RemoteSails.cpp:HandleResponse:149] HandleResponse started, buffer size: 1048
[m[0;32;32m1970-01-04 05:09:29.98|I|1184141422|lpUCM [RemoteSails.cpp:HandleResponse:158] Successfully deserialized response, status: 0, result code: 0
[m[0;32;31m1970-01-04 05:09:29.98|E|1184141422|lpUCM [IpccProtoMessage.cpp:SerializeParams:112] m_offset, 698368
[m[1;33m1970-01-04 05:09:29.98|W|1184141422|lpUCM [RemoteSails.cpp:SendWithRetry:185] Successfully wrote 1052 bytes
[m[0;32;32m1970-01-04 05:09:29.104|I|1184141422|lpUCM [RemoteSails.cpp:HandleResponse:149] HandleResponse started, buffer size: 1048
[m[0;32;32m1970-01-04 05:09:29.104|I|1184141422|lpUCM [RemoteSails.cpp:HandleResponse:158] Successfully deserialized response, status: 0, result code: 0
[m[0;32;31m1970-01-04 05:09:29.104|E|1184141422|lpUCM [IpccProtoMessage.cpp:SerializeParams:112] m_offset, 699392
[m[1;33m1970-01-04 05:09:29.104|W|1184141422|lpUCM [RemoteSails.cpp:SendWithRetry:185] Successfully wrote 1052 bytes
[m[0;32;32m1970-01-04 05:09:29.107|I|1184141422|lpUCM [RemoteSails.cpp:HandleResponse:149] HandleResponse started, buffer size: 1048
[m[0;32;32m1970-01-04 05:09:29.107|I|1184141422|lpUCM [RemoteSails.cpp:HandleResponse:158] Successfully deserialized response, status: 0, result code: 0
[m[0;32;31m1970-01-04 05:09:29.107|E|1184141422|lpUCM [IpccProtoMessage.cpp:SerializeParams:112] m_offset, 700416
[m[1;33m1970-01-04 05:09:29.107|W|1184141422|lpUCM [RemoteSails.cpp:SendWithRetry:185] Successfully wrote 1052 bytes
[m[0;32;32m1970-01-04 05:09:29.142|I|1184141422|lpUCM [RemoteSails.cpp:HandleResponse:149] HandleResponse started, buffer size: 1048
[m[0;32;32m1970-01-04 05:09:29.142|I|1184141422|lpUCM [RemoteSails.cpp:HandleResponse:158] Successfully deserialized response, status: 0, result code: 0
[m[0;32;31m1970-01-04 05:09:29.142|E|1184141422|lpUCM [IpccProtoMessage.cpp:SerializeParams:112] m_offset, 701440
[m[1;33m1970-01-04 05:09:29.142|W|1184141422|lpUCM [RemoteSails.cpp:SendWithRetry:185] Successfully wrote 1052 bytes
[m[0;32;32m1970-01-04 05:09:29.145|I|1184141422|lpUCM [RemoteSails.cpp:HandleResponse:149] HandleResponse started, buffer size: 1048
[m[0;32;32m1970-01-04 05:09:29.145|I|1184141422|lpUCM [RemoteSails.cpp:HandleResponse:158] Successfully deserialized response, status: 0, result code: 0
[m[0;32;31m1970-01-04 05:09:29.145|E|1184141422|lpUCM [IpccProtoMessage.cpp:SerializeParams:112] m_offset, 702464
[m[1;33m1970-01-04 05:09:29.145|W|1184141422|lpUCM [RemoteSails.cpp:SendWithRetry:185] Successfully wrote 1052 bytes
[m[0;32;32m1970-01-04 05:09:29.149|I|1184141422|lpUCM [RemoteSails.cpp:HandleResponse:149] HandleResponse started, buffer size: 1048
[m[0;32;32m1970-01-04 05:09:29.149|I|1184141422|lpUCM [RemoteSails.cpp:HandleResponse:158] Successfully deserialized response, status: 0, result code: 0
[m[0;32;31m1970-01-04 05:09:29.149|E|1184141422|lpUCM [IpccProtoMessage.cpp:SerializeParams:112] m_offset, 703488
[m[1;33m1970-01-04 05:09:29.149|W|1184141422|lpUCM [RemoteSails.cpp:SendWithRetry:185] Successfully wrote 1052 bytes
[m[0;32;32m1970-01-04 05:09:29.155|I|1184141422|lpUCM [RemoteSails.cpp:HandleResponse:149] HandleResponse started, buffer size: 1048
[m[0;32;32m1970-01-04 05:09:29.155|I|1184141422|lpUCM [RemoteSails.cpp:HandleResponse:158] Successfully deserialized response, status: 0, result code: 0
[m[0;32;32m1970-01-04 05:09:29.155|I|1184141422|lpUCM [RemoteSails.cpp:SailWriteData:272] All data already trans size 16384
[m[0;32;32m1970-01-04 05:09:29.155|I|1184141422|lpUCM [fds.cpp:FDS_OnLocalUpgProgress:248] total: 23, curr:23, percent:58, rop:98%
[m[0;32;32m1970-01-04 05:09:29.157|I|1184141422|lpUCM [RemoteSails.cpp:SailWriteData:254] total data is 16384
[m[0;32;31m1970-01-04 05:09:29.157|E|1184141422|lpUCM [IpccProtoMessage.cpp:SerializeParams:112] m_offset, 704512
[m[1;33m1970-01-04 05:09:29.157|W|1184141422|lpUCM [RemoteSails.cpp:SendWithRetry:185] Successfully wrote 1052 bytes
[m[0;32;32m1970-01-04 05:09:29.191|I|1184141422|lpUCM [RemoteSails.cpp:HandleResponse:149] HandleResponse started, buffer size: 1048
[m[0;32;32m1970-01-04 05:09:29.191|I|1184141422|lpUCM [RemoteSails.cpp:HandleResponse:158] Successfully deserialized response, status: 0, result code: 0
[m[0;32;31m1970-01-04 05:09:29.191|E|1184141422|lpUCM [IpccProtoMessage.cpp:SerializeParams:112] m_offset, 705536
[m[1;33m1970-01-04 05:09:29.191|W|1184141422|lpUCM [RemoteSails.cpp:SendWithRetry:185] Successfully wrote 1052 bytes
[m[0;32;32m1970-01-04 05:09:29.194|I|1184141422|lpUCM [RemoteSails.cpp:HandleResponse:149] HandleResponse started, buffer size: 1048
[m[0;32;32m1970-01-04 05:09:29.194|I|1184141422|lpUCM [RemoteSails.cpp:HandleResponse:158] Successfully deserialized response, status: 0, result code: 0
[m[0;32;31m1970-01-04 05:09:29.194|E|1184141422|lpUCM [IpccProtoMessage.cpp:SerializeParams:112] m_offset, 706560
[m[1;33m1970-01-04 05:09:29.194|W|1184141422|lpUCM [RemoteSails.cpp:SendWithRetry:185] Successfully wrote 1052 bytes
[m[0;32;32m1970-01-04 05:09:29.197|I|1184141422|lpUCM [RemoteSails.cpp:HandleResponse:149] HandleResponse started, buffer size: 1048
[m[0;32;32m1970-01-04 05:09:29.197|I|1184141422|lpUCM [RemoteSails.cpp:HandleResponse:158] Successfully deserialized response, status: 0, result code: 0
[m[0;32;31m1970-01-04 05:09:29.197|E|1184141422|lpUCM [IpccProtoMessage.cpp:SerializeParams:112] m_offset, 707584
[m[1;33m1970-01-04 05:09:29.197|W|1184141422|lpUCM [RemoteSails.cpp:SendWithRetry:185] Successfully wrote 1052 bytes
[m[0;32;32m1970-01-04 05:09:29.200|I|1184141422|lpUCM [RemoteSails.cpp:HandleResponse:149] HandleResponse started, buffer size: 1048
[m[0;32;32m1970-01-04 05:09:29.200|I|1184141422|lpUCM [RemoteSails.cpp:HandleResponse:158] Successfully deserialized response, status: 0, result code: 0
[m[0;32;31m1970-01-04 05:09:29.200|E|1184141422|lpUCM [IpccProtoMessage.cpp:SerializeParams:112] m_offset, 708608
[m[1;33m1970-01-04 05:09:29.200|W|1184141422|lpUCM [RemoteSails.cpp:SendWithRetry:185] Successfully wrote 1052 bytes
[m[0;32;32m1970-01-04 05:09:29.237|I|1184141422|lpUCM [RemoteSails.cpp:HandleResponse:149] HandleResponse started, buffer size: 1048
[m